date,combined_equity
2001-08-17 00:00:00,1.0
2001-08-20 00:00:00,1.0
2001-08-21 00:00:00,1.0
2001-08-22 00:00:00,1.0
2001-08-23 00:00:00,1.0
2001-08-24 00:00:00,1.0
2001-08-27 00:00:00,1.0
2001-08-28 00:00:00,1.0
2001-08-29 00:00:00,1.0
2001-08-30 00:00:00,1.0
2001-08-31 00:00:00,1.0
2001-09-04 00:00:00,1.0
2001-09-05 00:00:00,1.0
2001-09-06 00:00:00,1.0
2001-09-07 00:00:00,1.0
2001-09-10 00:00:00,1.0
2001-09-17 00:00:00,1.0
2001-09-18 00:00:00,1.0
2001-09-19 00:00:00,1.0
2001-09-20 00:00:00,1.0
2001-09-21 00:00:00,1.0
2001-09-24 00:00:00,1.0
2001-09-25 00:00:00,1.0
2001-09-26 00:00:00,1.0
2001-09-27 00:00:00,1.0
2001-09-28 00:00:00,1.0
2001-10-01 00:00:00,1.0
2001-10-02 00:00:00,1.0
2001-10-03 00:00:00,1.0
2001-10-04 00:00:00,1.0
2001-10-05 00:00:00,1.0
2001-10-08 00:00:00,1.0
2001-10-09 00:00:00,1.0
2001-10-10 00:00:00,1.0
2001-10-11 00:00:00,1.0
2001-10-12 00:00:00,1.0
2001-10-15 00:00:00,1.0
2001-10-16 00:00:00,1.0
2001-10-17 00:00:00,1.0
2001-10-18 00:00:00,1.0
2001-10-19 00:00:00,1.0
2001-10-22 00:00:00,1.0
2001-10-23 00:00:00,1.0
2001-10-24 00:00:00,1.0
2001-10-25 00:00:00,1.0
2001-10-26 00:00:00,1.0
2001-10-29 00:00:00,1.0
2001-10-30 00:00:00,1.0
2001-10-31 00:00:00,1.0
2001-11-01 00:00:00,1.0
2001-11-02 00:00:00,1.0
2001-11-05 00:00:00,1.0
2001-11-06 00:00:00,1.0
2001-11-07 00:00:00,1.0
2001-11-08 00:00:00,1.0
2001-11-09 00:00:00,1.0
2001-11-12 00:00:00,1.0
2001-11-13 00:00:00,1.0
2001-11-14 00:00:00,1.0
2001-11-15 00:00:00,1.0
2001-11-16 00:00:00,1.0
2001-11-19 00:00:00,1.0
2001-11-20 00:00:00,1.0
2001-11-21 00:00:00,1.0
2001-11-23 00:00:00,1.0
2001-11-26 00:00:00,1.0
2001-11-27 00:00:00,1.0
2001-11-28 00:00:00,1.0
2001-11-29 00:00:00,1.0
2001-11-30 00:00:00,1.0
2001-12-03 00:00:00,1.0
2001-12-04 00:00:00,1.0
2001-12-05 00:00:00,1.0
2001-12-06 00:00:00,1.0
2001-12-07 00:00:00,1.0
2001-12-10 00:00:00,1.0
2001-12-11 00:00:00,1.0
2001-12-12 00:00:00,1.0
2001-12-13 00:00:00,1.0
2001-12-14 00:00:00,1.0
2001-12-17 00:00:00,1.0
2001-12-18 00:00:00,1.0
2001-12-19 00:00:00,1.0
2001-12-20 00:00:00,1.0
2001-12-21 00:00:00,1.0
2001-12-24 00:00:00,1.0
2001-12-26 00:00:00,1.0
2001-12-27 00:00:00,1.0
2001-12-28 00:00:00,1.0
2001-12-31 00:00:00,1.0
2002-01-02 00:00:00,1.0
2002-01-03 00:00:00,1.0
2002-01-04 00:00:00,1.0
2002-01-07 00:00:00,1.0
2002-01-08 00:00:00,1.0
2002-01-09 00:00:00,1.0
2002-01-10 00:00:00,1.0
2002-01-11 00:00:00,1.0
2002-01-14 00:00:00,1.0
2002-01-15 00:00:00,1.0
2002-01-16 00:00:00,1.0
2002-01-17 00:00:00,1.0
2002-01-18 00:00:00,1.0
2002-01-22 00:00:00,1.0
2002-01-23 00:00:00,1.0
2002-01-24 00:00:00,1.0
2002-01-25 00:00:00,1.0
2002-01-28 00:00:00,1.0
2002-01-29 00:00:00,1.0
2002-01-30 00:00:00,1.0
2002-01-31 00:00:00,1.0
2002-02-01 00:00:00,1.0
2002-02-04 00:00:00,1.0
2002-02-05 00:00:00,1.0
2002-02-06 00:00:00,1.0
2002-02-07 00:00:00,1.0
2002-02-08 00:00:00,1.0
2002-02-11 00:00:00,1.0
2002-02-12 00:00:00,1.0
2002-02-13 00:00:00,1.0
2002-02-14 00:00:00,1.0
2002-02-15 00:00:00,1.0
2002-02-19 00:00:00,1.0
2002-02-20 00:00:00,1.0
2002-02-21 00:00:00,1.0
2002-02-22 00:00:00,1.0
2002-02-25 00:00:00,1.0
2002-02-26 00:00:00,1.0
2002-02-27 00:00:00,1.0
2002-02-28 00:00:00,1.0
2002-03-01 00:00:00,1.0
2002-03-04 00:00:00,1.0
2002-03-05 00:00:00,1.0
2002-03-06 00:00:00,1.0
2002-03-07 00:00:00,1.0
2002-03-08 00:00:00,1.0
2002-03-11 00:00:00,1.0
2002-03-12 00:00:00,1.0
2002-03-13 00:00:00,1.0
2002-03-14 00:00:00,1.0
2002-03-15 00:00:00,1.0
2002-03-18 00:00:00,1.0
2002-03-19 00:00:00,1.0
2002-03-20 00:00:00,1.0
2002-03-21 00:00:00,1.0
2002-03-22 00:00:00,1.0
2002-03-25 00:00:00,1.0
2002-03-26 00:00:00,1.0
2002-03-27 00:00:00,1.0
2002-03-28 00:00:00,1.0
2002-04-01 00:00:00,1.0
2002-04-02 00:00:00,1.0
2002-04-03 00:00:00,1.0
2002-04-04 00:00:00,1.0
2002-04-05 00:00:00,1.0
2002-04-08 00:00:00,1.0
2002-04-09 00:00:00,1.0
2002-04-10 00:00:00,1.0
2002-04-11 00:00:00,1.0
2002-04-12 00:00:00,1.0
2002-04-15 00:00:00,1.0
2002-04-16 00:00:00,1.0
2002-04-17 00:00:00,1.0
2002-04-18 00:00:00,1.0
2002-04-19 00:00:00,1.0
2002-04-22 00:00:00,1.0
2002-04-23 00:00:00,1.0
2002-04-24 00:00:00,1.0
2002-04-25 00:00:00,1.0
2002-04-26 00:00:00,1.0
2002-04-29 00:00:00,1.0
2002-04-30 00:00:00,1.0
2002-05-01 00:00:00,1.0
2002-05-02 00:00:00,1.0
2002-05-03 00:00:00,1.0
2002-05-06 00:00:00,1.0
2002-05-07 00:00:00,1.0
2002-05-08 00:00:00,1.0
2002-05-09 00:00:00,1.0
2002-05-10 00:00:00,1.0
2002-05-13 00:00:00,1.0
2002-05-14 00:00:00,1.0
2002-05-15 00:00:00,1.0
2002-05-16 00:00:00,1.0
2002-05-17 00:00:00,1.0
2002-05-20 00:00:00,1.0
2002-05-21 00:00:00,1.0
2002-05-22 00:00:00,1.0
2002-05-23 00:00:00,1.0
2002-05-24 00:00:00,1.0
2002-05-28 00:00:00,1.0
2002-05-29 00:00:00,1.0
2002-05-30 00:00:00,1.0
2002-05-31 00:00:00,1.0
2002-06-03 00:00:00,1.0
2002-06-04 00:00:00,1.0
2002-06-05 00:00:00,1.0
2002-06-06 00:00:00,1.0
2002-06-07 00:00:00,1.0
2002-06-10 00:00:00,1.0
2002-06-11 00:00:00,1.0
2002-06-12 00:00:00,1.0
2002-06-13 00:00:00,1.0
2002-06-14 00:00:00,1.0
2002-06-17 00:00:00,1.0
2002-06-18 00:00:00,1.0
2002-06-19 00:00:00,1.0
2002-06-20 00:00:00,1.0
2002-06-21 00:00:00,1.0
2002-06-24 00:00:00,1.0
2002-06-25 00:00:00,1.0
2002-06-26 00:00:00,1.0
2002-06-27 00:00:00,1.0
2002-06-28 00:00:00,1.0
2002-07-01 00:00:00,1.0
2002-07-02 00:00:00,1.0
2002-07-03 00:00:00,1.0
2002-07-05 00:00:00,1.0
2002-07-08 00:00:00,1.0
2002-07-09 00:00:00,1.0
2002-07-10 00:00:00,1.0
2002-07-11 00:00:00,1.0
2002-07-12 00:00:00,1.0
2002-07-15 00:00:00,1.0
2002-07-16 00:00:00,1.0
2002-07-17 00:00:00,1.0
2002-07-18 00:00:00,1.0
2002-07-19 00:00:00,1.0
2002-07-22 00:00:00,1.0
2002-07-23 00:00:00,1.0
2002-07-24 00:00:00,1.0
2002-07-25 00:00:00,1.0
2002-07-26 00:00:00,1.0
2002-07-29 00:00:00,1.0
2002-07-30 00:00:00,1.0
2002-07-31 00:00:00,1.0
2002-08-01 00:00:00,1.0
2002-08-02 00:00:00,1.0
2002-08-05 00:00:00,1.0
2002-08-06 00:00:00,1.0
2002-08-07 00:00:00,1.0
2002-08-08 00:00:00,1.0
2002-08-09 00:00:00,1.0
2002-08-12 00:00:00,1.0
2002-08-13 00:00:00,1.0
2002-08-14 00:00:00,1.0
2002-08-15 00:00:00,1.0
2002-08-16 00:00:00,1.0
2002-08-19 00:00:00,1.0
2002-08-20 00:00:00,1.0
2002-08-21 00:00:00,1.0
2002-08-22 00:00:00,1.0
2002-08-23 00:00:00,1.0
2002-08-26 00:00:00,1.0
2002-08-27 00:00:00,1.0
2002-08-28 00:00:00,1.0
2002-08-29 00:00:00,1.0
2002-08-30 00:00:00,1.0
2002-09-03 00:00:00,1.0
2002-09-04 00:00:00,1.0
2002-09-05 00:00:00,1.0
2002-09-06 00:00:00,1.0
2002-09-09 00:00:00,1.0
2002-09-10 00:00:00,1.0
2002-09-11 00:00:00,1.0
2002-09-12 00:00:00,1.0
2002-09-13 00:00:00,1.0
2002-09-16 00:00:00,1.0
2002-09-17 00:00:00,1.0
2002-09-18 00:00:00,1.0
2002-09-19 00:00:00,1.0
2002-09-20 00:00:00,1.0
2002-09-23 00:00:00,1.0
2002-09-24 00:00:00,1.0
2002-09-25 00:00:00,1.0
2002-09-26 00:00:00,1.0
2002-09-27 00:00:00,1.0
2002-09-30 00:00:00,1.0
2002-10-01 00:00:00,1.0
2002-10-02 00:00:00,1.0
2002-10-03 00:00:00,1.0
2002-10-04 00:00:00,1.0
2002-10-07 00:00:00,1.0
2002-10-08 00:00:00,1.0
2002-10-09 00:00:00,1.0
2002-10-10 00:00:00,1.0
2002-10-11 00:00:00,1.0
2002-10-14 00:00:00,1.0
2002-10-15 00:00:00,1.0
2002-10-16 00:00:00,1.0
2002-10-17 00:00:00,1.0
2002-10-18 00:00:00,1.0
2002-10-21 00:00:00,1.0
2002-10-22 00:00:00,1.0
2002-10-23 00:00:00,1.0
2002-10-24 00:00:00,1.0
2002-10-25 00:00:00,1.0
2002-10-28 00:00:00,1.0
2002-10-29 00:00:00,1.0
2002-10-30 00:00:00,1.0
2002-10-31 00:00:00,1.0
2002-11-01 00:00:00,1.0
2002-11-04 00:00:00,1.0
2002-11-05 00:00:00,1.0
2002-11-06 00:00:00,1.0
2002-11-07 00:00:00,1.0
2002-11-08 00:00:00,1.0
2002-11-11 00:00:00,1.0
2002-11-12 00:00:00,1.0
2002-11-13 00:00:00,1.0
2002-11-14 00:00:00,1.0
2002-11-15 00:00:00,1.0
2002-11-18 00:00:00,1.0
2002-11-19 00:00:00,1.0
2002-11-20 00:00:00,1.0
2002-11-21 00:00:00,1.0
2002-11-22 00:00:00,1.0
2002-11-25 00:00:00,1.0
2002-11-26 00:00:00,1.0
2002-11-27 00:00:00,1.0
2002-11-29 00:00:00,1.0
2002-12-02 00:00:00,1.0
2002-12-03 00:00:00,1.0
2002-12-04 00:00:00,1.0
2002-12-05 00:00:00,1.0
2002-12-06 00:00:00,1.0
2002-12-09 00:00:00,1.0
2002-12-10 00:00:00,1.0
2002-12-11 00:00:00,1.0
2002-12-12 00:00:00,1.0
2002-12-13 00:00:00,1.0
2002-12-16 00:00:00,1.0
2002-12-17 00:00:00,1.0
2002-12-18 00:00:00,1.0
2002-12-19 00:00:00,1.0
2002-12-20 00:00:00,1.0
2002-12-23 00:00:00,1.0
2002-12-24 00:00:00,1.0
2002-12-26 00:00:00,1.0
2002-12-27 00:00:00,1.0
2002-12-30 00:00:00,1.0
2002-12-31 00:00:00,1.0
2003-01-02 00:00:00,1.0
2003-01-03 00:00:00,1.0
2003-01-06 00:00:00,1.0
2003-01-07 00:00:00,1.0
2003-01-08 00:00:00,1.0
2003-01-09 00:00:00,1.0
2003-01-10 00:00:00,1.0
2003-01-13 00:00:00,1.0
2003-01-14 00:00:00,1.0
2003-01-15 00:00:00,1.0
2003-01-16 00:00:00,1.0
2003-01-17 00:00:00,1.0
2003-01-21 00:00:00,1.0
2003-01-22 00:00:00,1.0
2003-01-23 00:00:00,1.0
2003-01-24 00:00:00,1.0
2003-01-27 00:00:00,1.0
2003-01-28 00:00:00,1.0
2003-01-29 00:00:00,1.0
2003-01-30 00:00:00,1.0
2003-01-31 00:00:00,1.0
2003-02-03 00:00:00,1.0
2003-02-04 00:00:00,1.0
2003-02-05 00:00:00,1.0
2003-02-06 00:00:00,1.0
2003-02-07 00:00:00,1.0
2003-02-10 00:00:00,1.0
2003-02-11 00:00:00,1.0
2003-02-12 00:00:00,1.0
2003-02-13 00:00:00,1.0
2003-02-14 00:00:00,1.0
2003-02-18 00:00:00,1.0
2003-02-19 00:00:00,1.0
2003-02-20 00:00:00,1.0
2003-02-21 00:00:00,1.0
2003-02-24 00:00:00,1.0
2003-02-25 00:00:00,1.0
2003-02-26 00:00:00,1.0
2003-02-27 00:00:00,1.0
2003-02-28 00:00:00,1.0
2003-03-03 00:00:00,1.0
2003-03-04 00:00:00,1.0
2003-03-05 00:00:00,1.0
2003-03-06 00:00:00,1.0
2003-03-07 00:00:00,1.0
2003-03-10 00:00:00,1.0
2003-03-11 00:00:00,1.0
2003-03-12 00:00:00,1.0
2003-03-13 00:00:00,1.0
2003-03-14 00:00:00,1.0
2003-03-17 00:00:00,1.0
2003-03-18 00:00:00,1.0
2003-03-19 00:00:00,1.0
2003-03-20 00:00:00,1.0
2003-03-21 00:00:00,1.0
2003-03-24 00:00:00,1.0
2003-03-25 00:00:00,1.0
2003-03-26 00:00:00,1.0
2003-03-27 00:00:00,1.0
2003-03-28 00:00:00,1.0
2003-03-31 00:00:00,1.0
2003-04-01 00:00:00,1.0
2003-04-02 00:00:00,1.0
2003-04-03 00:00:00,1.0
2003-04-04 00:00:00,1.0
2003-04-07 00:00:00,1.0
2003-04-08 00:00:00,1.0
2003-04-09 00:00:00,1.0
2003-04-10 00:00:00,1.0
2003-04-11 00:00:00,1.0
2003-04-14 00:00:00,1.0
2003-04-15 00:00:00,1.0
2003-04-16 00:00:00,1.0
2003-04-17 00:00:00,1.0
2003-04-21 00:00:00,1.0
2003-04-22 00:00:00,1.0
2003-04-23 00:00:00,1.0
2003-04-24 00:00:00,1.0
2003-04-25 00:00:00,1.0
2003-04-28 00:00:00,1.0
2003-04-29 00:00:00,1.0
2003-04-30 00:00:00,1.0
2003-05-01 00:00:00,1.0
2003-05-02 00:00:00,1.0
2003-05-05 00:00:00,1.0
2003-05-06 00:00:00,1.0
2003-05-07 00:00:00,1.0
2003-05-08 00:00:00,1.0
2003-05-09 00:00:00,1.0
2003-05-12 00:00:00,1.0
2003-05-13 00:00:00,1.0
2003-05-14 00:00:00,1.0
2003-05-15 00:00:00,1.0
2003-05-16 00:00:00,1.0
2003-05-19 00:00:00,1.0
2003-05-20 00:00:00,1.0
2003-05-21 00:00:00,1.0
2003-05-22 00:00:00,1.0
2003-05-23 00:00:00,1.0
2003-05-27 00:00:00,1.0
2003-05-28 00:00:00,1.0
2003-05-29 00:00:00,1.0
2003-05-30 00:00:00,1.0
2003-06-02 00:00:00,1.0
2003-06-03 00:00:00,1.0
2003-06-04 00:00:00,1.0
2003-06-05 00:00:00,1.0
2003-06-06 00:00:00,1.0
2003-06-09 00:00:00,1.0
2003-06-10 00:00:00,1.0
2003-06-11 00:00:00,1.0
2003-06-12 00:00:00,1.0
2003-06-13 00:00:00,1.0
2003-06-16 00:00:00,1.0
2003-06-17 00:00:00,1.0
2003-06-18 00:00:00,1.0
2003-06-19 00:00:00,1.0
2003-06-20 00:00:00,1.0
2003-06-23 00:00:00,1.0
2003-06-24 00:00:00,1.0
2003-06-25 00:00:00,1.0
2003-06-26 00:00:00,1.0
2003-06-27 00:00:00,1.0
2003-06-30 00:00:00,1.0
2003-07-01 00:00:00,1.0
2003-07-02 00:00:00,1.0
2003-07-03 00:00:00,1.0
2003-07-07 00:00:00,1.0
2003-07-08 00:00:00,1.0
2003-07-09 00:00:00,1.0
2003-07-10 00:00:00,1.0
2003-07-11 00:00:00,1.0
2003-07-14 00:00:00,1.0
2003-07-15 00:00:00,1.0
2003-07-16 00:00:00,1.0
2003-07-17 00:00:00,1.0
2003-07-18 00:00:00,1.0
2003-07-21 00:00:00,1.0
2003-07-22 00:00:00,1.0
2003-07-23 00:00:00,1.0
2003-07-24 00:00:00,1.0
2003-07-25 00:00:00,1.0
2003-07-28 00:00:00,1.0
2003-07-29 00:00:00,0.9912226261193368
2003-07-30 00:00:00,0.9829772142920471
2003-07-31 00:00:00,0.9748204628069863
2003-08-01 00:00:00,0.9746431421225284
2003-08-04 00:00:00,0.977480273073854
2003-08-05 00:00:00,0.9683482578242751
2003-08-06 00:00:00,0.9668410320063835
2003-08-07 00:00:00,0.9726039542512633
2003-08-08 00:00:00,0.9756184058870467
2003-08-11 00:00:00,0.9850164021633121
2003-08-12 00:00:00,0.9891834382480714
2003-08-13 00:00:00,0.989892720985903
2003-08-14 00:00:00,1.0039897154003012
2003-08-15 00:00:00,1.0016845465023494
2003-08-18 00:00:00,1.01560422023229
2003-08-19 00:00:00,1.0133877116765668
2003-08-20 00:00:00,1.0115258444897597
2003-08-21 00:00:00,1.0133877116765668
2003-08-22 00:00:00,1.0075361290894582
2003-08-25 00:00:00,1.0034577533469278
2003-08-26 00:00:00,0.9982267931554215
2003-08-27 00:00:00,1.0
2003-08-28 00:00:00,1.0058515825871086
2003-08-29 00:00:00,1.0069155066938558
2003-09-02 00:00:00,1.0221650855572302
2003-09-03 00:00:00,1.0355527972337972
2003-09-04 00:00:00,1.0343115524425923
2003-09-05 00:00:00,1.0363507403138577
2003-09-08 00:00:00,1.0409610781097614
2003-09-09 00:00:00,1.0430002659810267
2003-09-10 00:00:00,1.0324496852557852
2003-09-11 00:00:00,1.0382126075006648
2003-09-12 00:00:00,1.042645624612111
2003-09-15 00:00:00,1.0456600762478943
2003-09-16 00:00:00,1.056033336288678
2003-09-17 00:00:00,1.0629488429825338
2003-09-18 00:00:00,1.074120046103378
2003-09-19 00:00:00,1.0701303307030765
2003-09-22 00:00:00,1.0580725241599431
2003-09-23 00:00:00,1.060466353400124
2003-09-24 00:00:00,1.0553240535508466
2003-09-25 00:00:00,1.0417590211898218
2003-09-26 00:00:00,1.0373260040783756
2003-09-29 00:00:00,1.0506250554127137
2003-09-30 00:00:00,1.0373260040783756
2003-10-01 00:00:00,1.0713715754942814
2003-10-02 00:00:00,1.0696870289919318
2003-10-03 00:00:00,1.0852912492242217
2003-10-06 00:00:00,1.0966397730295236
2003-10-07 00:00:00,1.0949552265271743
2003-10-08 00:00:00,1.0904335490734993
2003-10-09 00:00:00,1.0979696781629575
2003-10-10 00:00:00,1.1025800159588615
2003-10-13 00:00:00,1.113485238053019
2003-10-14 00:00:00,1.1193368206401275
2003-10-15 00:00:00,1.108697579572657
2003-10-16 00:00:00,1.115347105239826
2003-10-17 00:00:00,1.1095841829949462
2003-10-20 00:00:00,1.1214646688536216
2003-10-21 00:00:00,1.1176522741377781
2003-10-22 00:00:00,1.106747052043621
2003-10-23 00:00:00,1.0927387179714512
2003-10-24 00:00:00,1.0948665661849453
2003-10-27 00:00:00,1.0997428850075361
2003-10-28 00:00:00,1.1126872949729585
2003-10-29 00:00:00,1.1113573898395246
2003-10-30 00:00:00,1.1125986346307295
2003-10-31 00:00:00,1.1047078641723556
2003-11-03 00:00:00,1.1102934657327777
2003-11-04 00:00:00,1.1164110293465732
2003-11-05 00:00:00,1.1100274847060907
2003-11-06 00:00:00,1.1002748470609094
2003-11-07 00:00:00,1.1104707864172354
2003-11-10 00:00:00,1.1012501108254278
2003-11-11 00:00:00,1.0970830747406684
2003-11-12 00:00:00,1.11995744303573
2003-11-13 00:00:00,1.1263409876762125
2003-11-14 00:00:00,1.118716198244525
2003-11-17 00:00:00,1.0994769039808492
2003-11-18 00:00:00,1.1038212607500664
2003-11-19 00:00:00,1.106481071016934
2003-11-20 00:00:00,1.0993882436386202
2003-11-21 00:00:00,1.1112687294972958
2003-11-24 00:00:00,1.1196028016668143
2003-11-25 00:00:00,1.1213760085113929
2003-11-26 00:00:00,1.1308626651298872
2003-11-28 00:00:00,1.1326358719744658
2003-12-01 00:00:00,1.1550669385583827
2003-12-02 00:00:00,1.1578154091674793
2003-12-03 00:00:00,1.1601205780654311
2003-12-04 00:00:00,1.162780388332299
2003-12-05 00:00:00,1.1544463161627803
2003-12-08 00:00:00,1.1641102934657328
2003-12-09 00:00:00,1.159233974643142
2003-12-10 00:00:00,1.1508999024736235
2003-12-11 00:00:00,1.163666991754588
2003-12-12 00:00:00,1.1674793864704316
2003-12-15 00:00:00,1.1596772763542866
2003-12-16 00:00:00,1.1703165174217571
2003-12-17 00:00:00,1.1675680468126606
2003-12-18 00:00:00,1.184945473889529
2003-12-19 00:00:00,1.17829594822236
2003-12-22 00:00:00,1.1720897242663355
2003-12-23 00:00:00,1.174572213848745
2003-12-24 00:00:00,1.1774093448000709
2003-12-26 00:00:00,1.1752814965865768
2003-12-29 00:00:00,1.195052752903626
2003-12-30 00:00:00,1.197357921801578
2003-12-31 00:00:00,1.2126961610071814
2004-01-02 00:00:00,1.2159765936696514
2004-01-05 00:00:00,1.2393829240180867
2004-01-06 00:00:00,1.241244791204894
2004-01-07 00:00:00,1.228832343292845
2004-01-08 00:00:00,1.2464757513964004
2004-01-09 00:00:00,1.2385849809380263
2004-01-12 00:00:00,1.2382303395691105
2004-01-13 00:00:00,1.231048851848568
2004-01-14 00:00:00,1.2416880929160388
2004-01-15 00:00:00,1.23415196382658
2004-01-16 00:00:00,1.2297189467151342
2004-01-20 00:00:00,1.2430179980494722
2004-01-21 00:00:00,1.2580902562283889
2004-01-22 00:00:00,1.2588881993084493
2004-01-23 00:00:00,1.245411827289653
2004-01-26 00:00:00,1.2494015426899545
2004-01-27 00:00:00,1.2439046014717616
2004-01-28 00:00:00,1.2279457398705558
2004-01-29 00:00:00,1.2295416260306764
2004-01-30 00:00:00,1.2263498537104351
2004-02-02 00:00:00,1.2235127227591098
2004-02-03 00:00:00,1.2257292313148327
2004-02-04 00:00:00,1.2124301799804946
2004-02-05 00:00:00,1.217483819487543
2004-02-06 00:00:00,1.2404468481248336
2004-02-09 00:00:00,1.2482489582409786
2004-02-10 00:00:00,1.253657239116943
2004-02-11 00:00:00,1.2678428938735702
2004-02-12 00:00:00,1.256760351094955
2004-02-13 00:00:00,1.2551644649348346
2004-02-17 00:00:00,1.27936873836333
2004-02-18 00:00:00,1.2616366699175459
2004-02-19 00:00:00,1.2700594024292933
2004-02-20 00:00:00,1.2545438425392321
2004-02-23 00:00:00,1.2580902562283889
2004-02-24 00:00:00,1.2532139374057982
2004-02-25 00:00:00,1.2439046014717616
2004-02-26 00:00:00,1.2443479031829061
2004-02-27 00:00:00,1.2545438425392321
2004-03-01 00:00:00,1.2713893075627272
2004-03-02 00:00:00,1.2509974288500751
2004-03-03 00:00:00,1.2483376185832078
2004-03-04 00:00:00,1.252327333983509
2004-03-05 00:00:00,1.266956290451281
2004-03-08 00:00:00,1.25879953896622
2004-03-09 00:00:00,1.250110825427786
2004-03-10 00:00:00,1.2300735880840499
2004-03-11 00:00:00,1.2101250110825428
2004-03-12 00:00:00,1.2207642521500133
2004-03-15 00:00:00,1.2000177320684458
2004-03-16 00:00:00,1.2111002748470607
2004-03-17 00:00:00,1.2363684723823032
2004-03-18 00:00:00,1.2359251706711587
2004-03-19 00:00:00,1.2199663090699528
2004-03-22 00:00:00,1.204096107810976
2004-03-23 00:00:00,1.2133167834027838
2004-03-24 00:00:00,1.2085291249224221
2004-03-25 00:00:00,1.2314921535597128
2004-03-26 00:00:00,1.2261725330259774
2004-03-29 00:00:00,1.2439046014717616
2004-03-30 00:00:00,1.246564411738629
2004-03-31 00:00:00,1.2554304459615213
2004-04-01 00:00:00,1.2720985903005584
2004-04-02 00:00:00,1.275733664331944
2004-04-05 00:00:00,1.275733664331944
2004-04-06 00:00:00,1.2718326092738714
2004-04-07 00:00:00,1.2737831368029078
2004-04-08 00:00:00,1.2711233265360404
2004-04-12 00:00:00,1.27936873836333
2004-04-13 00:00:00,1.2629665750509795
2004-04-14 00:00:00,1.2499335047433282
2004-04-15 00:00:00,1.241244791204894
2004-04-16 00:00:00,1.2545438425392321
2004-04-19 00:00:00,1.255873747672666
2004-04-20 00:00:00,1.2385849809380263
2004-04-21 00:00:00,1.247007713449774
2004-04-22 00:00:00,1.255873747672666
2004-04-23 00:00:00,1.2541005408280874
2004-04-26 00:00:00,1.2537458994591717
2004-04-27 00:00:00,1.2549871442503768
2004-04-28 00:00:00,1.2318467949286283
2004-04-29 00:00:00,1.218636403936519
2004-04-30 00:00:00,1.2301168897951944
2004-05-03 00:00:00,1.2301168897951944
2004-05-04 00:00:00,1.2301168897951944
2004-05-05 00:00:00,1.2301168897951944
2004-05-06 00:00:00,1.2301168897951944
2004-05-07 00:00:00,1.2301168897951944
2004-05-10 00:00:00,1.2301168897951944
2004-05-11 00:00:00,1.2301168897951944
2004-05-12 00:00:00,1.2301168897951944
2004-05-13 00:00:00,1.2301168897951944
2004-05-14 00:00:00,1.2301168897951944
2004-05-17 00:00:00,1.2301168897951944
2004-05-18 00:00:00,1.2301168897951944
2004-05-19 00:00:00,1.2301168897951944
2004-05-20 00:00:00,1.2301168897951944
2004-05-21 00:00:00,1.2301168897951944
2004-05-24 00:00:00,1.2301168897951944
2004-05-25 00:00:00,1.2301168897951944
2004-05-26 00:00:00,1.2301168897951944
2004-05-27 00:00:00,1.2301168897951944
2004-05-28 00:00:00,1.2301168897951944
2004-06-01 00:00:00,1.2301168897951944
2004-06-02 00:00:00,1.2301168897951944
2004-06-03 00:00:00,1.2301168897951944
2004-06-04 00:00:00,1.2301168897951944
2004-06-07 00:00:00,1.2387239695951606
2004-06-08 00:00:00,1.231768753595188
2004-06-09 00:00:00,1.2106422849952705
2004-06-10 00:00:00,1.2249874179952145
2004-06-14 00:00:00,1.1955146901953293
2004-06-15 00:00:00,1.2167280989952465
2004-06-16 00:00:00,1.2162933979952482
2004-06-17 00:00:00,1.2241180159952179
2004-06-18 00:00:00,1.2262915209952094
2004-06-21 00:00:00,1.2219445109952263
2004-06-22 00:00:00,1.2224661521952245
2004-06-23 00:00:00,1.230203829995194
2004-06-24 00:00:00,1.2349855409951755
2004-06-25 00:00:00,1.230464650595193
2004-06-28 00:00:00,1.2380284479951633
2004-06-29 00:00:00,1.2354202419951736
2004-06-30 00:00:00,1.2432448599951431
2004-07-01 00:00:00,1.2275956239952042
2004-07-02 00:00:00,1.2344638997951773
2004-07-06 00:00:00,1.2141198929952568
2004-07-07 00:00:00,1.228465025995201
2004-07-08 00:00:00,1.2206404079952313
2004-07-09 00:00:00,1.2309862917951908
2004-07-12 00:00:00,1.2345508399951768
2004-07-13 00:00:00,1.228465025995201
2004-07-14 00:00:00,1.221509809995228
2004-07-15 00:00:00,1.2062952749952873
2004-07-16 00:00:00,1.2160325773952494
2004-07-19 00:00:00,1.2169889195952455
2004-07-20 00:00:00,1.2175975009952433
2004-07-21 00:00:00,1.1911676801953466
2004-07-22 00:00:00,1.1952538695953305
2004-07-23 00:00:00,1.1798418958829557
2004-07-26 00:00:00,1.1798418958829557
2004-07-27 00:00:00,1.1798418958829557
2004-07-28 00:00:00,1.1798418958829557
2004-07-29 00:00:00,1.1798418958829557
2004-07-30 00:00:00,1.1798418958829557
2004-08-02 00:00:00,1.1798418958829557
2004-08-03 00:00:00,1.1798418958829557
2004-08-04 00:00:00,1.1798418958829557
2004-08-05 00:00:00,1.1798418958829557
2004-08-06 00:00:00,1.1798418958829557
2004-08-09 00:00:00,1.1798418958829557
2004-08-10 00:00:00,1.1798418958829557
2004-08-11 00:00:00,1.1798418958829557
2004-08-12 00:00:00,1.1798418958829557
2004-08-13 00:00:00,1.1798418958829557
2004-08-16 00:00:00,1.1798418958829557
2004-08-17 00:00:00,1.1798418958829557
2004-08-18 00:00:00,1.1798418958829557
2004-08-19 00:00:00,1.1798418958829557
2004-08-20 00:00:00,1.1798418958829557
2004-08-23 00:00:00,1.1798418958829557
2004-08-24 00:00:00,1.1798418958829557
2004-08-25 00:00:00,1.1798418958829557
2004-08-26 00:00:00,1.1798418958829557
2004-08-27 00:00:00,1.1798418958829557
2004-08-30 00:00:00,1.1798418958829557
2004-08-31 00:00:00,1.1798418958829557
2004-09-01 00:00:00,1.1798418958829557
2004-09-02 00:00:00,1.192180667963953
2004-09-03 00:00:00,1.1763530017083288
2004-09-07 00:00:00,1.1927763328230356
2004-09-08 00:00:00,1.192180667963953
2004-09-09 00:00:00,1.1883513938698502
2004-09-10 00:00:00,1.1972863667560898
2004-09-13 00:00:00,1.201541115749537
2004-09-14 00:00:00,1.2045194400449506
2004-09-15 00:00:00,1.187245159131554
2004-09-16 00:00:00,1.1950738972794974
2004-09-17 00:00:00,1.1989882663534688
2004-09-20 00:00:00,1.1914999081250015
2004-09-21 00:00:00,1.210135708716301
2004-09-22 00:00:00,1.190478768366574
2004-09-23 00:00:00,1.187245159131554
2004-09-24 00:00:00,1.1887768687691949
2004-09-27 00:00:00,1.1828202201783689
2004-09-28 00:00:00,1.1943931374405456
2004-09-29 00:00:00,1.1989882663534688
2004-09-30 00:00:00,1.2032430153469165
2004-10-01 00:00:00,1.2219639109180847
2004-10-04 00:00:00,1.2238360004752014
2004-10-05 00:00:00,1.2245167603141531
2004-10-06 00:00:00,1.229111889227076
2004-10-07 00:00:00,1.22068748622005
2004-10-08 00:00:00,1.229196984206945
2004-10-11 00:00:00,1.2321753085023583
2004-10-12 00:00:00,1.2181346368239818
2004-10-13 00:00:00,1.2096251388370873
2004-10-14 00:00:00,1.2032430153469165
2004-10-15 00:00:00,1.2169433071058164
2004-10-18 00:00:00,1.2217937209583467
2004-10-19 00:00:00,1.2194110615220164
2004-10-20 00:00:00,1.2240912854148083
2004-10-21 00:00:00,1.2312392637237999
2004-10-22 00:00:00,1.2236658105154636
2004-10-25 00:00:00,1.2223893858174295
2004-10-26 00:00:00,1.229196984206945
2004-10-27 00:00:00,1.2419612311872872
2004-10-28 00:00:00,1.2453650303820452
2004-10-29 00:00:00,1.2453650303820452
2004-11-01 00:00:00,1.2474924048787688
2004-11-02 00:00:00,1.2571932325838289
2004-11-03 00:00:00,1.2720848540608947
2004-11-04 00:00:00,1.2898697048535048
2004-11-05 00:00:00,1.2959114484241998
2004-11-08 00:00:00,1.2868913805580913
2004-11-09 00:00:00,1.2836577713230712
2004-11-10 00:00:00,1.2811900169068722
2004-11-11 00:00:00,1.295145593605379
2004-11-12 00:00:00,1.3104626899817897
2004-11-15 00:00:00,1.311739114679824
2004-11-16 00:00:00,1.3006767672968609
2004-11-17 00:00:00,1.3172702883713059
2004-11-18 00:00:00,1.3142919640758923
2004-11-19 00:00:00,1.3057824660889976
2004-11-22 00:00:00,1.3096117401831004
2004-11-23 00:00:00,1.3121645895791687
2004-11-24 00:00:00,1.3181212381699952
2004-11-26 00:00:00,1.3257797863582004
2004-11-29 00:00:00,1.3300345353516476
2004-11-30 00:00:00,1.3210995624654083
2004-12-01 00:00:00,1.344075207030024
2004-12-02 00:00:00,1.3419478325333003
2004-12-03 00:00:00,1.3499467606409812
2004-12-06 00:00:00,1.3416925475936936
2004-12-07 00:00:00,1.334374379324964
2004-12-08 00:00:00,1.3334383345464054
2004-12-09 00:00:00,1.327907160854924
2004-12-10 00:00:00,1.3148876289349751
2004-12-13 00:00:00,1.33471475924444
2004-12-14 00:00:00,1.3351402341437846
2004-12-15 00:00:00,1.3432242572313347
2004-12-16 00:00:00,1.33471475924444
2004-12-17 00:00:00,1.3308854851503376
2004-12-20 00:00:00,1.343054067271597
2004-12-21 00:00:00,1.35249961003705
2004-12-22 00:00:00,1.3545418895539048
2004-12-23 00:00:00,1.34279878233199
2004-12-27 00:00:00,1.3533505598357394
2004-12-28 00:00:00,1.3623706277018477
2004-12-29 00:00:00,1.355818314251939
2004-12-30 00:00:00,1.3559885042116766
2004-12-31 00:00:00,1.363647052399882
2005-01-03 00:00:00,1.353861129714953
2005-01-04 00:00:00,1.327907160854924
2005-01-05 00:00:00,1.3270562110562345
2005-01-06 00:00:00,1.3270562110562345
2005-01-07 00:00:00,1.3210995624654083
2005-01-10 00:00:00,1.3270562110562345
2005-01-11 00:00:00,1.3245033616601662
2005-01-12 00:00:00,1.3351402341437846
2005-01-13 00:00:00,1.3236524118614768
2005-01-14 00:00:00,1.3300345353516476
2005-01-18 00:00:00,1.331055675110075
2005-01-19 00:00:00,1.3172702883713059
2005-01-20 00:00:00,1.308505505444804
2005-01-21 00:00:00,1.3136962992168097
2005-01-24 00:00:00,1.3159938636732713
2005-01-25 00:00:00,1.316419338572616
2005-01-26 00:00:00,1.3323320998081094
2005-01-27 00:00:00,1.3342892843450953
2005-01-28 00:00:00,1.3313109600496817
2005-01-31 00:00:00,1.337693083539853
2005-02-01 00:00:00,1.3460323915670098
2005-02-02 00:00:00,1.3479044811241265
2005-02-03 00:00:00,1.3410968827346108
2005-02-04 00:00:00,1.3474790062247817
2005-02-07 00:00:00,1.3389695082378872
2005-02-08 00:00:00,1.3389695082378872
2005-02-09 00:00:00,1.3355657090431292
2005-02-10 00:00:00,1.3494361907617678
2005-02-11 00:00:00,1.358796638547352
2005-02-14 00:00:00,1.3693484160511014
2005-02-15 00:00:00,1.3785386738769478
2005-02-16 00:00:00,1.3663700917556882
2005-02-17 00:00:00,1.3691782260913636
2005-02-18 00:00:00,1.3759858244808791
2005-02-22 00:00:00,1.372752215245859
2005-02-23 00:00:00,1.3734329750848109
2005-02-24 00:00:00,1.3755603495815345
2005-02-25 00:00:00,1.3915582057968967
2005-02-28 00:00:00,1.3883245965618767
2005-03-01 00:00:00,1.3959831447500821
2005-03-02 00:00:00,1.3855164622262013
2005-03-03 00:00:00,1.386197222065153
2005-03-04 00:00:00,1.410449291327803
2005-03-07 00:00:00,1.4044926427369768
2005-03-08 00:00:00,1.4083219168310792
2005-03-09 00:00:00,1.4019397933409083
2005-03-10 00:00:00,1.4065349222538315
2005-03-11 00:00:00,1.4061945423343556
2005-03-14 00:00:00,1.4016845084013014
2005-03-15 00:00:00,1.3930048204546686
2005-03-16 00:00:00,1.3946216250721788
2005-03-17 00:00:00,1.3930048204546686
2005-03-18 00:00:00,1.3901966861189936
2005-03-21 00:00:00,1.3807511433535404
2005-03-22 00:00:00,1.3649234770979162
2005-03-23 00:00:00,1.355818314251939
2005-03-24 00:00:00,1.355563029312332
2005-03-28 00:00:00,1.355563029312332
2005-03-29 00:00:00,1.3415223576339557
2005-03-30 00:00:00,1.35249961003705
2005-03-31 00:00:00,1.351903945177967
2005-04-01 00:00:00,1.3487554309228162
2005-04-04 00:00:00,1.3438585552112776
2005-04-05 00:00:00,1.3438585552112776
2005-04-06 00:00:00,1.3438585552112776
2005-04-07 00:00:00,1.3438585552112776
2005-04-08 00:00:00,1.3438585552112776
2005-04-11 00:00:00,1.3488823255111326
2005-04-12 00:00:00,1.3522315057110363
2005-04-13 00:00:00,1.3379974898614466
2005-04-14 00:00:00,1.320414293811953
2005-04-15 00:00:00,1.3084758140458717
2005-04-18 00:00:00,1.3084758140458717
2005-04-19 00:00:00,1.3084758140458717
2005-04-20 00:00:00,1.3084758140458717
2005-04-21 00:00:00,1.3084758140458717
2005-04-22 00:00:00,1.3084758140458717
2005-04-25 00:00:00,1.3084758140458717
2005-04-26 00:00:00,1.3084758140458717
2005-04-27 00:00:00,1.3084758140458717
2005-04-28 00:00:00,1.3084758140458717
2005-04-29 00:00:00,1.3084758140458717
2005-05-02 00:00:00,1.3084758140458717
2005-05-03 00:00:00,1.3084758140458717
2005-05-04 00:00:00,1.3084758140458717
2005-05-05 00:00:00,1.3084758140458717
2005-05-06 00:00:00,1.3084758140458717
2005-05-09 00:00:00,1.3084758140458717
2005-05-10 00:00:00,1.3084758140458717
2005-05-11 00:00:00,1.3084758140458717
2005-05-12 00:00:00,1.3084758140458717
2005-05-13 00:00:00,1.3084758140458717
2005-05-16 00:00:00,1.3084758140458717
2005-05-17 00:00:00,1.3084758140458717
2005-05-18 00:00:00,1.3084758140458717
2005-05-19 00:00:00,1.3084758140458717
2005-05-20 00:00:00,1.3084758140458717
2005-05-23 00:00:00,1.3084758140458717
2005-05-24 00:00:00,1.3084758140458717
2005-05-25 00:00:00,1.3084758140458717
2005-05-26 00:00:00,1.3084758140458717
2005-05-27 00:00:00,1.3084758140458717
2005-05-31 00:00:00,1.3084758140458717
2005-06-01 00:00:00,1.3084758140458717
2005-06-02 00:00:00,1.3084758140458717
2005-06-03 00:00:00,1.3084758140458717
2005-06-06 00:00:00,1.3084758140458717
2005-06-07 00:00:00,1.3084758140458717
2005-06-08 00:00:00,1.3084758140458717
2005-06-09 00:00:00,1.3084758140458717
2005-06-10 00:00:00,1.3084758140458717
2005-06-13 00:00:00,1.3084758140458717
2005-06-14 00:00:00,1.3084758140458717
2005-06-15 00:00:00,1.3084758140458717
2005-06-16 00:00:00,1.3084758140458717
2005-06-17 00:00:00,1.3084758140458717
2005-06-20 00:00:00,1.3084758140458717
2005-06-21 00:00:00,1.3084758140458717
2005-06-22 00:00:00,1.3084758140458717
2005-06-23 00:00:00,1.3084758140458717
2005-06-24 00:00:00,1.3084758140458717
2005-06-27 00:00:00,1.3084758140458717
2005-06-28 00:00:00,1.3084758140458717
2005-06-29 00:00:00,1.3084758140458717
2005-06-30 00:00:00,1.3084758140458717
2005-07-01 00:00:00,1.3084758140458717
2005-07-05 00:00:00,1.3084758140458717
2005-07-06 00:00:00,1.3084758140458717
2005-07-07 00:00:00,1.3084758140458717
2005-07-08 00:00:00,1.3084758140458717
2005-07-11 00:00:00,1.3084758140458717
2005-07-12 00:00:00,1.3084758140458717
2005-07-13 00:00:00,1.3084758140458717
2005-07-14 00:00:00,1.3084758140458717
2005-07-15 00:00:00,1.3084758140458717
2005-07-18 00:00:00,1.3084758140458717
2005-07-19 00:00:00,1.3144133106495968
2005-07-20 00:00:00,1.323319555555184
2005-07-21 00:00:00,1.3260409081652242
2005-07-22 00:00:00,1.3248039297061152
2005-07-25 00:00:00,1.321092994328787
2005-07-26 00:00:00,1.3171346632596372
2005-07-27 00:00:00,1.332225800460771
2005-07-28 00:00:00,1.3413794410581803
2005-07-29 00:00:00,1.3349471530708117
2005-08-01 00:00:00,1.3480591247373708
2005-08-02 00:00:00,1.357707556718424
2005-08-03 00:00:00,1.3678507800831203
2005-08-04 00:00:00,1.3567179739511364
2005-08-05 00:00:00,1.351770060114699
2005-08-08 00:00:00,1.3549862041083833
2005-08-09 00:00:00,1.3723039025359143
2005-08-10 00:00:00,1.3817049388251452
2005-08-11 00:00:00,1.4039705510891136
2005-08-12 00:00:00,1.395311701875348
2005-08-15 00:00:00,1.3977856587935669
2005-08-16 00:00:00,1.3826945215924327
2005-08-17 00:00:00,1.3792309819069266
2005-08-18 00:00:00,1.3643872403976143
2005-08-19 00:00:00,1.3710669240768047
2005-08-22 00:00:00,1.386158061277939
2005-08-23 00:00:00,1.3802205646742138
2005-08-24 00:00:00,1.3656242188567238
2005-08-25 00:00:00,1.3708195283849827
2005-08-26 00:00:00,1.3663664059321892
2005-08-29 00:00:00,1.3656242188567238
2005-08-30 00:00:00,1.3616658877875736
2005-08-31 00:00:00,1.386158061277939
2005-09-01 00:00:00,1.4027335726300043
2005-09-02 00:00:00,1.4076814864664415
2005-09-06 00:00:00,1.4249991848939725
2005-09-07 00:00:00,1.4210408538248225
2005-09-08 00:00:00,1.4101554433846604
2005-09-09 00:00:00,1.4287101202713006
2005-09-12 00:00:00,1.4175773141393162
2005-09-13 00:00:00,1.4079288821582634
2005-09-14 00:00:00,1.408918464925551
2005-09-15 00:00:00,1.4099080476928383
2005-09-16 00:00:00,1.425741371969438
2005-09-19 00:00:00,1.4163403356802071
2005-09-20 00:00:00,1.4111450261519478
2005-09-21 00:00:00,1.412629400302879
2005-09-22 00:00:00,1.4111450261519478
2005-09-23 00:00:00,1.4052075295482227
2005-09-26 00:00:00,1.420546062441179
2005-09-27 00:00:00,1.4151033572210978
2005-09-28 00:00:00,1.429699703038588
2005-09-29 00:00:00,1.4467700057742972
2005-09-30 00:00:00,1.437368969485066
2005-10-03 00:00:00,1.4324210556486285
2005-10-04 00:00:00,1.4230200193593978
2005-10-05 00:00:00,1.4106502347683043
2005-10-06 00:00:00,1.4039705510891136
2005-10-07 00:00:00,1.408918464925551
2005-10-10 00:00:00,1.4019913855545387
2005-10-11 00:00:00,1.4037231553972915
2005-10-12 00:00:00,1.3943221191080606
2005-10-13 00:00:00,1.391353370806198
2005-10-14 00:00:00,1.4044653424727576
2005-10-17 00:00:00,1.3903637880389108
2005-10-18 00:00:00,1.374283068070489
2005-10-19 00:00:00,1.3854158742024734
2005-10-20 00:00:00,1.353749225649274
2005-10-21 00:00:00,1.3606763050202864
2005-10-24 00:00:00,1.3809627517496796
2005-10-25 00:00:00,1.382447125900611
2005-10-26 00:00:00,1.3799731689823922
2005-10-27 00:00:00,1.3772518163723517
2005-10-28 00:00:00,1.3891268095798013
2005-10-31 00:00:00,1.3916007664980201
2005-11-01 00:00:00,1.4034757597054697
2005-11-02 00:00:00,1.4227726236675757
2005-11-03 00:00:00,1.42203043659211
2005-11-04 00:00:00,1.408918464925551
2005-11-07 00:00:00,1.4170825227556727
2005-11-08 00:00:00,1.4136189830701666
2005-11-09 00:00:00,1.412629400302879
2005-11-10 00:00:00,1.410897630460126
2005-11-11 00:00:00,1.4183195012147818
2005-11-14 00:00:00,1.4099080476928383
2005-11-15 00:00:00,1.4022387812463604
2005-11-16 00:00:00,1.3997648243281415
2005-11-17 00:00:00,1.423762206434863
2005-11-18 00:00:00,1.433658034107738
2005-11-21 00:00:00,1.435637199642313
2005-11-22 00:00:00,1.4403377177869285
2005-11-23 00:00:00,1.4472647971579407
2005-11-25 00:00:00,1.433410638415916
2005-11-28 00:00:00,1.4371215737932443
2005-11-29 00:00:00,1.4348950125668474
2005-11-30 00:00:00,1.423762206434863
2005-12-01 00:00:00,1.450480941151625
2005-12-02 00:00:00,1.4559236463717062
2005-12-05 00:00:00,1.462355934359075
2005-12-06 00:00:00,1.4668090568118686
2005-12-07 00:00:00,1.4571606248308155
2005-12-08 00:00:00,1.456913229138994
2005-12-09 00:00:00,1.4715095749564842
2005-12-12 00:00:00,1.4900642518431244
2005-12-13 00:00:00,1.4972387269059586
2005-12-14 00:00:00,1.496496539830493
2005-12-15 00:00:00,1.4826423810884684
2005-12-16 00:00:00,1.4942699786040963
2005-12-19 00:00:00,1.4915486259940556
2005-12-20 00:00:00,1.4917960216858774
2005-12-21 00:00:00,1.4989704967487119
2005-12-22 00:00:00,1.507629345962477
2005-12-23 00:00:00,1.479426237094784
2005-12-27 00:00:00,1.4658194740445811
2005-12-28 00:00:00,1.4764574887929216
2005-12-29 00:00:00,1.4769522801765653
2005-12-30 00:00:00,1.4702725964973749
2006-01-03 00:00:00,1.5195043391699268
2006-01-04 00:00:00,1.5321215194528424
2006-01-05 00:00:00,1.5244522530063644
2006-01-06 00:00:00,1.5449860954275798
2006-01-09 00:00:00,1.545728282503045
2006-01-10 00:00:00,1.5318741237610203
2006-01-11 00:00:00,1.5449860954275798
2006-01-12 00:00:00,1.532368915144664
2006-01-13 00:00:00,1.5383064117483891
2006-01-17 00:00:00,1.5190095477862833
2006-01-18 00:00:00,1.5029288278178619
2006-01-19 00:00:00,1.515546008100777
2006-01-20 00:00:00,1.492538208761343
2006-01-23 00:00:00,1.5133194468743802
2006-01-24 00:00:00,1.5209887133208582
2006-01-25 00:00:00,1.5261840228491172
2006-01-26 00:00:00,1.5442439083521138
2006-01-27 00:00:00,1.5524079661822356
2006-01-30 00:00:00,1.553644944641345
2006-01-31 00:00:00,1.5551293187922761
2006-02-01 00:00:00,1.5598298369368917
2006-02-02 00:00:00,1.5422647428175391
2006-02-03 00:00:00,1.5383064117483891
2006-02-06 00:00:00,1.5360798505219924
2006-02-07 00:00:00,1.5246996486981863
2006-02-08 00:00:00,1.5301423539182675
2006-02-09 00:00:00,1.53311110222013
2006-02-10 00:00:00,1.5296475625346235
2006-02-13 00:00:00,1.5190095477862833
2006-02-14 00:00:00,1.5358324548301703
2006-02-15 00:00:00,1.5219782960881456
2006-02-16 00:00:00,1.5365746419056359
2006-02-17 00:00:00,1.5321215194528424
2006-02-21 00:00:00,1.532368915144664
2006-02-22 00:00:00,1.543996512660292
2006-02-23 00:00:00,1.5479548437294421
2006-02-24 00:00:00,1.5531501532577012
2006-02-27 00:00:00,1.5585928584777826
2006-02-28 00:00:00,1.5442439083521138
2006-03-01 00:00:00,1.5600772326287138
2006-03-02 00:00:00,1.5571084843268512
2006-03-03 00:00:00,1.5506761963394826
2006-03-06 00:00:00,1.5447386997357575
2006-03-07 00:00:00,1.5259366271572956
2006-03-08 00:00:00,1.5311319366855547
2006-03-09 00:00:00,1.5294001668428017
2006-03-10 00:00:00,1.5526553618740575
2006-03-13 00:00:00,1.5655199378487947
2006-03-14 00:00:00,1.5820954492008603
2006-03-15 00:00:00,1.5877855501127633
2006-03-16 00:00:00,1.5929808596410227
2006-03-17 00:00:00,1.6006501260875003
2006-03-20 00:00:00,1.6038662700811845
2006-03-21 00:00:00,1.5872907587291194
2006-03-22 00:00:00,1.6021345002384317
2006-03-23 00:00:00,1.5828376362763255
2006-03-24 00:00:00,1.595454816559241
2006-03-27 00:00:00,1.5927334639492003
2006-03-28 00:00:00,1.5773949310562445
2006-03-29 00:00:00,1.5981761691692813
2006-03-30 00:00:00,1.6174730331313876
2006-03-31 00:00:00,1.6060928313075817
2006-04-03 00:00:00,1.6236579254269343
2006-04-04 00:00:00,1.6365225014016718
2006-04-05 00:00:00,1.641965206621753
2006-04-06 00:00:00,1.643449580772684
2006-04-07 00:00:00,1.6246475081942218
2006-04-10 00:00:00,1.6276162564960843
2006-04-11 00:00:00,1.6167308460559218
2006-04-12 00:00:00,1.608814183917622
2006-04-13 00:00:00,1.6130199106785938
2006-04-17 00:00:00,1.618710011590497
2006-04-18 00:00:00,1.6535928041373809
2006-04-19 00:00:00,1.6649730059611867
2006-04-20 00:00:00,1.6575511352065304
2006-04-21 00:00:00,1.6686839413385146
2006-04-24 00:00:00,1.6704157111812679
2006-04-25 00:00:00,1.6694261284139802
2006-04-26 00:00:00,1.679816747470499
2006-04-27 00:00:00,1.6827854957723614
2006-04-28 00:00:00,1.6830328914641832
2006-05-01 00:00:00,1.6822907043887176
2006-05-02 00:00:00,1.7080198563381923
2006-05-03 00:00:00,1.6978766329734953
2006-05-04 00:00:00,1.7109886046400544
2006-05-05 00:00:00,1.7372125479731728
2006-05-08 00:00:00,1.7357281738222414
2006-05-09 00:00:00,1.74611879287876
2006-05-10 00:00:00,1.7406760876586789
2006-05-11 00:00:00,1.723110993539326
2006-05-12 00:00:00,1.700845381275358
2006-05-15 00:00:00,1.6862490354578674
2006-05-16 00:00:00,1.6837750785396488
2006-05-17 00:00:00,1.630090213414303
2006-05-18 00:00:00,1.6251422995778655
2006-05-19 00:00:00,1.6333063574079871
2006-05-22 00:00:00,1.5974339820938157
2006-05-23 00:00:00,1.5979287734774599
2006-05-24 00:00:00,1.5969391907101722
2006-05-25 00:00:00,1.6184626158986752
2006-05-26 00:00:00,1.6315745875652343
2006-05-30 00:00:00,1.6068350183830473
2006-05-31 00:00:00,1.618710011590497
2006-06-01 00:00:00,1.6291006306470155
2006-06-02 00:00:00,1.6449339549236148
2006-06-05 00:00:00,1.6093089753012657
2006-06-06 00:00:00,1.5897647156473382
2006-06-07 00:00:00,1.5679938947670136
2006-06-08 00:00:00,1.5333584979119517
2006-06-09 00:00:00,1.536822037597458
2006-06-12 00:00:00,1.535309064504552
2006-06-13 00:00:00,1.535309064504552
2006-06-14 00:00:00,1.535309064504552
2006-06-15 00:00:00,1.535309064504552
2006-06-16 00:00:00,1.535309064504552
2006-06-19 00:00:00,1.535309064504552
2006-06-20 00:00:00,1.535309064504552
2006-06-21 00:00:00,1.535309064504552
2006-06-22 00:00:00,1.535309064504552
2006-06-23 00:00:00,1.535309064504552
2006-06-26 00:00:00,1.535309064504552
2006-06-27 00:00:00,1.535309064504552
2006-06-28 00:00:00,1.535309064504552
2006-06-29 00:00:00,1.535309064504552
2006-06-30 00:00:00,1.535309064504552
2006-07-03 00:00:00,1.535309064504552
2006-07-05 00:00:00,1.535309064504552
2006-07-06 00:00:00,1.535309064504552
2006-07-07 00:00:00,1.535309064504552
2006-07-10 00:00:00,1.535309064504552
2006-07-11 00:00:00,1.535309064504552
2006-07-12 00:00:00,1.535309064504552
2006-07-13 00:00:00,1.535309064504552
2006-07-14 00:00:00,1.535309064504552
2006-07-17 00:00:00,1.535309064504552
2006-07-18 00:00:00,1.535309064504552
2006-07-19 00:00:00,1.535309064504552
2006-07-20 00:00:00,1.535309064504552
2006-07-21 00:00:00,1.535309064504552
2006-07-24 00:00:00,1.535309064504552
2006-07-25 00:00:00,1.535309064504552
2006-07-26 00:00:00,1.535309064504552
2006-07-27 00:00:00,1.535309064504552
2006-07-28 00:00:00,1.535309064504552
2006-07-31 00:00:00,1.535309064504552
2006-08-01 00:00:00,1.535309064504552
2006-08-02 00:00:00,1.535309064504552
2006-08-03 00:00:00,1.535309064504552
2006-08-04 00:00:00,1.535309064504552
2006-08-07 00:00:00,1.535309064504552
2006-08-08 00:00:00,1.535309064504552
2006-08-09 00:00:00,1.535309064504552
2006-08-10 00:00:00,1.535309064504552
2006-08-11 00:00:00,1.535309064504552
2006-08-14 00:00:00,1.535309064504552
2006-08-15 00:00:00,1.535309064504552
2006-08-16 00:00:00,1.535309064504552
2006-08-17 00:00:00,1.535309064504552
2006-08-18 00:00:00,1.535309064504552
2006-08-21 00:00:00,1.535309064504552
2006-08-22 00:00:00,1.535309064504552
2006-08-23 00:00:00,1.535309064504552
2006-08-24 00:00:00,1.535309064504552
2006-08-25 00:00:00,1.535309064504552
2006-08-28 00:00:00,1.535309064504552
2006-08-29 00:00:00,1.535309064504552
2006-08-30 00:00:00,1.535309064504552
2006-08-31 00:00:00,1.535309064504552
2006-09-01 00:00:00,1.535309064504552
2006-09-05 00:00:00,1.535309064504552
2006-09-06 00:00:00,1.535309064504552
2006-09-07 00:00:00,1.535309064504552
2006-09-08 00:00:00,1.535309064504552
2006-09-11 00:00:00,1.535309064504552
2006-09-12 00:00:00,1.535309064504552
2006-09-13 00:00:00,1.535309064504552
2006-09-14 00:00:00,1.535309064504552
2006-09-15 00:00:00,1.535309064504552
2006-09-18 00:00:00,1.535309064504552
2006-09-19 00:00:00,1.535309064504552
2006-09-20 00:00:00,1.535309064504552
2006-09-21 00:00:00,1.535309064504552
2006-09-22 00:00:00,1.535309064504552
2006-09-25 00:00:00,1.535309064504552
2006-09-26 00:00:00,1.535309064504552
2006-09-27 00:00:00,1.535309064504552
2006-09-28 00:00:00,1.535309064504552
2006-09-29 00:00:00,1.535309064504552
2006-10-02 00:00:00,1.535309064504552
2006-10-03 00:00:00,1.535309064504552
2006-10-04 00:00:00,1.535309064504552
2006-10-05 00:00:00,1.535309064504552
2006-10-06 00:00:00,1.535309064504552
2006-10-09 00:00:00,1.535309064504552
2006-10-10 00:00:00,1.535309064504552
2006-10-11 00:00:00,1.535309064504552
2006-10-12 00:00:00,1.535309064504552
2006-10-13 00:00:00,1.535309064504552
2006-10-16 00:00:00,1.535309064504552
2006-10-17 00:00:00,1.535309064504552
2006-10-18 00:00:00,1.535309064504552
2006-10-19 00:00:00,1.535309064504552
2006-10-20 00:00:00,1.535309064504552
2006-10-23 00:00:00,1.535309064504552
2006-10-24 00:00:00,1.535309064504552
2006-10-25 00:00:00,1.535309064504552
2006-10-26 00:00:00,1.535309064504552
2006-10-27 00:00:00,1.535309064504552
2006-10-30 00:00:00,1.535309064504552
2006-10-31 00:00:00,1.535309064504552
2006-11-01 00:00:00,1.535309064504552
2006-11-02 00:00:00,1.535309064504552
2006-11-03 00:00:00,1.535309064504552
2006-11-06 00:00:00,1.535309064504552
2006-11-07 00:00:00,1.535309064504552
2006-11-08 00:00:00,1.535309064504552
2006-11-09 00:00:00,1.535309064504552
2006-11-10 00:00:00,1.535309064504552
2006-11-13 00:00:00,1.535309064504552
2006-11-14 00:00:00,1.535309064504552
2006-11-15 00:00:00,1.535309064504552
2006-11-16 00:00:00,1.535309064504552
2006-11-17 00:00:00,1.535309064504552
2006-11-20 00:00:00,1.535309064504552
2006-11-21 00:00:00,1.535309064504552
2006-11-22 00:00:00,1.535309064504552
2006-11-24 00:00:00,1.535309064504552
2006-11-27 00:00:00,1.535309064504552
2006-11-28 00:00:00,1.535309064504552
2006-11-29 00:00:00,1.535309064504552
2006-11-30 00:00:00,1.535309064504552
2006-12-01 00:00:00,1.535309064504552
2006-12-04 00:00:00,1.535309064504552
2006-12-05 00:00:00,1.535309064504552
2006-12-06 00:00:00,1.5380450505002419
2006-12-07 00:00:00,1.5433065620304154
2006-12-08 00:00:00,1.5395182737286908
2006-12-11 00:00:00,1.5458320875648983
2006-12-12 00:00:00,1.552145901401106
2006-12-13 00:00:00,1.5580387943149006
2006-12-14 00:00:00,1.564352608151108
2006-12-15 00:00:00,1.5580387943149006
2006-12-18 00:00:00,1.5557237292416242
2006-12-19 00:00:00,1.562668924461453
2006-12-20 00:00:00,1.559932938465763
2006-12-21 00:00:00,1.5268906460562748
2006-12-22 00:00:00,1.523312818215757
2006-12-26 00:00:00,1.522891897293343
2006-12-27 00:00:00,1.5416228783407597
2006-12-28 00:00:00,1.5426751806467944
2006-12-29 00:00:00,1.540991496957139
2007-01-03 00:00:00,1.54709485033214
2007-01-04 00:00:00,1.543096101569208
2007-01-05 00:00:00,1.5195245299140323
2007-01-08 00:00:00,1.5216291345261013
2007-01-09 00:00:00,1.5231023577545502
2007-01-10 00:00:00,1.5115270323881687
2007-01-11 00:00:00,1.5212082136036877
2007-01-12 00:00:00,1.5384659714226556
2007-01-16 00:00:00,1.5365718272717936
2007-01-17 00:00:00,1.537413669116621
2007-01-18 00:00:00,1.5321521575864478
2007-01-19 00:00:00,1.5508831386338644
2007-01-22 00:00:00,1.543096101569208
2007-01-23 00:00:00,1.5567760315476589
2007-01-24 00:00:00,1.5668781336855913
2007-01-25 00:00:00,1.541412417879553
2007-01-26 00:00:00,1.5443588643364496
2007-01-29 00:00:00,1.5460425480261053
2007-01-30 00:00:00,1.5565655710864514
2007-01-31 00:00:00,1.562458464000246
2007-02-01 00:00:00,1.5755070125950754
2007-02-02 00:00:00,1.5723501056769713
2007-02-05 00:00:00,1.5672990546080052
2007-02-06 00:00:00,1.579505761358007
2007-02-07 00:00:00,1.5839254310433528
2007-02-08 00:00:00,1.5776116172071446
2007-02-09 00:00:00,1.570876882448523
2007-02-12 00:00:00,1.5647735290735219
2007-02-13 00:00:00,1.58476727288818
2007-02-14 00:00:00,1.606234239931287
2007-02-15 00:00:00,1.6081283840821494
2007-02-16 00:00:00,1.6074970026985287
2007-02-20 00:00:00,1.609812067771805
2007-02-21 00:00:00,1.6016041097847347
2007-02-22 00:00:00,1.6087597654657704
2007-02-23 00:00:00,1.613810816534737
2007-02-26 00:00:00,1.6146526583795644
2007-02-27 00:00:00,1.549620375866623
2007-02-28 00:00:00,1.5611957012330042
2007-03-01 00:00:00,1.544569324797657
2007-03-02 00:00:00,1.52583834375024
2007-03-05 00:00:00,1.495157503098291
2007-03-06 00:00:00,1.5087798657714668
2007-03-07 00:00:00,1.5091926646403513
2007-03-08 00:00:00,1.5269430160023687
2007-03-09 00:00:00,1.5294198092156732
2007-03-12 00:00:00,1.53912058263445
2007-03-13 00:00:00,1.502587882738205
2007-03-14 00:00:00,1.5032070810415317
2007-03-15 00:00:00,1.5100182623781195
2007-03-16 00:00:00,1.511875857288098
2007-03-19 00:00:00,1.535198993380051
2007-03-20 00:00:00,1.548202157749901
2007-03-21 00:00:00,1.5812260672606309
2007-03-22 00:00:00,1.5752404836618108
2007-03-23 00:00:00,1.578955673481768
2007-03-26 00:00:00,1.5795748717850941
2007-03-27 00:00:00,1.5725572910140642
2007-03-28 00:00:00,1.5587285289064459
2007-03-29 00:00:00,1.5723508915796223
2007-03-30 00:00:00,1.5740020870551585
2007-04-02 00:00:00,1.578955673481768
2007-04-03 00:00:00,1.59216523728606
2007-04-04 00:00:00,1.5987700191882057
2007-04-05 00:00:00,1.6045492033525834
2007-04-09 00:00:00,1.6033108067459314
2007-04-10 00:00:00,1.615281973943571
2007-04-11 00:00:00,1.6074387954347724
2007-04-12 00:00:00,1.6181715660257596
2007-04-13 00:00:00,1.6235379513212531
2007-04-16 00:00:00,1.6406691043799442
2007-04-17 00:00:00,1.6408755038143865
2007-04-18 00:00:00,1.6402563055110604
2007-04-19 00:00:00,1.6340643224777984
2007-04-20 00:00:00,1.652846671012026
2007-04-23 00:00:00,1.6367475151255448
2007-04-24 00:00:00,1.6357155179533347
2007-04-25 00:00:00,1.6509890761020471
2007-04-26 00:00:00,1.6433522970276913
2007-04-27 00:00:00,1.639843506642176
2007-04-30 00:00:00,1.6338579230433563
2007-05-01 00:00:00,1.6322067275678198
2007-05-02 00:00:00,1.6445906936343435
2007-05-03 00:00:00,1.6468610874132064
2007-05-04 00:00:00,1.662341044996361
2007-05-07 00:00:00,1.6648178382096652
2007-05-08 00:00:00,1.6511954755364893
2007-05-09 00:00:00,1.66027705065194
2007-05-10 00:00:00,1.6274595405756525
2007-05-11 00:00:00,1.6549106653564465
2007-05-14 00:00:00,1.6487186823231845
2007-05-15 00:00:00,1.6516082744053733
2007-05-16 00:00:00,1.6540850676186782
2007-05-17 00:00:00,1.6456226908065537
2007-05-18 00:00:00,1.6584194557419614
2007-05-21 00:00:00,1.6505762772331631
2007-05-22 00:00:00,1.6520210732742577
2007-05-23 00:00:00,1.660483450086382
2007-05-24 00:00:00,1.6445906936343435
2007-05-25 00:00:00,1.6551170647908884
2007-05-29 00:00:00,1.6571810591353093
2007-05-30 00:00:00,1.664198639906339
2007-05-31 00:00:00,1.6724546172840218
2007-06-01 00:00:00,1.6833937873094509
2007-06-04 00:00:00,1.6879345748671764
2007-06-05 00:00:00,1.6792657986206097
2007-06-06 00:00:00,1.6551170647908884
2007-06-07 00:00:00,1.6268403422723259
2007-06-08 00:00:00,1.6445906936343435
2007-06-11 00:00:00,1.6501634783642793
2007-06-12 00:00:00,1.6208547586735063
2007-06-13 00:00:00,1.6419075009865964
2007-06-14 00:00:00,1.6540850676186782
2007-06-15 00:00:00,1.6675010308574123
2007-06-18 00:00:00,1.6767890054073047
2007-06-19 00:00:00,1.6784402008828414
2007-06-20 00:00:00,1.6693586257673907
2007-06-21 00:00:00,1.673693013890674
2007-06-22 00:00:00,1.6505762772331631
2007-06-25 00:00:00,1.6501634783642793
2007-06-26 00:00:00,1.6419075009865964
2007-06-27 00:00:00,1.6536722687497942
2007-06-28 00:00:00,1.6565618608319832
2007-06-29 00:00:00,1.667088231988528
2007-07-02 00:00:00,1.6912369658182493
2007-07-03 00:00:00,1.6992865437614897
2007-07-05 00:00:00,1.6908241669493653
2007-07-06 00:00:00,1.703001733581447
2007-07-09 00:00:00,1.7071297222702877
2007-07-10 00:00:00,1.6862833793916399
2007-07-11 00:00:00,1.7021761358436782
2007-07-12 00:00:00,1.7259120708045157
2007-07-13 00:00:00,1.7246736741978634
2007-07-16 00:00:00,1.7207520849434639
2007-07-17 00:00:00,1.7149729007790866
2007-07-18 00:00:00,1.7089873171802665
2007-07-19 00:00:00,1.7186880905990434
2007-07-20 00:00:00,1.700937739237026
2007-07-23 00:00:00,1.711257710959129
2007-07-24 00:00:00,1.6854577816538714
2007-07-25 00:00:00,1.6809169940961464
2007-07-26 00:00:00,1.6249827473623477
2007-07-27 00:00:00,1.6016596112703945
2007-07-30 00:00:00,1.6309683309611676
2007-07-31 00:00:00,1.6289043366167468
2007-08-01 00:00:00,1.6315875292644937
2007-08-02 00:00:00,1.6365411156911032
2007-08-03 00:00:00,1.6070259965658884
2007-08-06 00:00:00,1.6245699484934635
2007-08-07 00:00:00,1.612413517163469
2007-08-08 00:00:00,1.612413517163469
2007-08-09 00:00:00,1.612413517163469
2007-08-10 00:00:00,1.612413517163469
2007-08-13 00:00:00,1.612413517163469
2007-08-14 00:00:00,1.612413517163469
2007-08-15 00:00:00,1.612413517163469
2007-08-16 00:00:00,1.612413517163469
2007-08-17 00:00:00,1.612413517163469
2007-08-20 00:00:00,1.612413517163469
2007-08-21 00:00:00,1.612413517163469
2007-08-22 00:00:00,1.612413517163469
2007-08-23 00:00:00,1.612413517163469
2007-08-24 00:00:00,1.612413517163469
2007-08-27 00:00:00,1.612413517163469
2007-08-28 00:00:00,1.612413517163469
2007-08-29 00:00:00,1.612413517163469
2007-08-30 00:00:00,1.612413517163469
2007-08-31 00:00:00,1.612413517163469
2007-09-04 00:00:00,1.612413517163469
2007-09-05 00:00:00,1.612413517163469
2007-09-06 00:00:00,1.612413517163469
2007-09-07 00:00:00,1.612413517163469
2007-09-10 00:00:00,1.612413517163469
2007-09-11 00:00:00,1.612413517163469
2007-09-12 00:00:00,1.612413517163469
2007-09-13 00:00:00,1.612413517163469
2007-09-14 00:00:00,1.612413517163469
2007-09-17 00:00:00,1.612413517163469
2007-09-18 00:00:00,1.612413517163469
2007-09-19 00:00:00,1.612413517163469
2007-09-20 00:00:00,1.612413517163469
2007-09-21 00:00:00,1.612413517163469
2007-09-24 00:00:00,1.612413517163469
2007-09-25 00:00:00,1.612413517163469
2007-09-26 00:00:00,1.612413517163469
2007-09-27 00:00:00,1.612413517163469
2007-09-28 00:00:00,1.612413517163469
2007-10-01 00:00:00,1.612413517163469
2007-10-02 00:00:00,1.612413517163469
2007-10-03 00:00:00,1.612413517163469
2007-10-04 00:00:00,1.612413517163469
2007-10-05 00:00:00,1.612413517163469
2007-10-08 00:00:00,1.612413517163469
2007-10-09 00:00:00,1.612413517163469
2007-10-10 00:00:00,1.612413517163469
2007-10-11 00:00:00,1.612413517163469
2007-10-12 00:00:00,1.612413517163469
2007-10-15 00:00:00,1.612413517163469
2007-10-16 00:00:00,1.612413517163469
2007-10-17 00:00:00,1.612413517163469
2007-10-18 00:00:00,1.612413517163469
2007-10-19 00:00:00,1.612413517163469
2007-10-22 00:00:00,1.612413517163469
2007-10-23 00:00:00,1.612413517163469
2007-10-24 00:00:00,1.612413517163469
2007-10-25 00:00:00,1.612413517163469
2007-10-26 00:00:00,1.612413517163469
2007-10-29 00:00:00,1.612413517163469
2007-10-30 00:00:00,1.612413517163469
2007-10-31 00:00:00,1.612413517163469
2007-11-01 00:00:00,1.612413517163469
2007-11-02 00:00:00,1.612413517163469
2007-11-05 00:00:00,1.612413517163469
2007-11-06 00:00:00,1.612413517163469
2007-11-07 00:00:00,1.612413517163469
2007-11-08 00:00:00,1.612413517163469
2007-11-09 00:00:00,1.612413517163469
2007-11-12 00:00:00,1.612413517163469
2007-11-13 00:00:00,1.612413517163469
2007-11-14 00:00:00,1.612413517163469
2007-11-15 00:00:00,1.612413517163469
2007-11-16 00:00:00,1.612413517163469
2007-11-19 00:00:00,1.612413517163469
2007-11-20 00:00:00,1.612413517163469
2007-11-21 00:00:00,1.612413517163469
2007-11-23 00:00:00,1.612413517163469
2007-11-26 00:00:00,1.612413517163469
2007-11-27 00:00:00,1.612413517163469
2007-11-28 00:00:00,1.612413517163469
2007-11-29 00:00:00,1.612413517163469
2007-11-30 00:00:00,1.612413517163469
2007-12-03 00:00:00,1.612413517163469
2007-12-04 00:00:00,1.612413517163469
2007-12-05 00:00:00,1.612413517163469
2007-12-06 00:00:00,1.612413517163469
2007-12-07 00:00:00,1.612413517163469
2007-12-10 00:00:00,1.612413517163469
2007-12-11 00:00:00,1.612413517163469
2007-12-12 00:00:00,1.612413517163469
2007-12-13 00:00:00,1.612413517163469
2007-12-14 00:00:00,1.612413517163469
2007-12-17 00:00:00,1.612413517163469
2007-12-18 00:00:00,1.612413517163469
2007-12-19 00:00:00,1.612413517163469
2007-12-20 00:00:00,1.612413517163469
2007-12-21 00:00:00,1.612413517163469
2007-12-24 00:00:00,1.612413517163469
2007-12-26 00:00:00,1.612413517163469
2007-12-27 00:00:00,1.612413517163469
2007-12-28 00:00:00,1.612413517163469
2007-12-31 00:00:00,1.612413517163469
2008-01-02 00:00:00,1.612413517163469
2008-01-03 00:00:00,1.612413517163469
2008-01-04 00:00:00,1.612413517163469
2008-01-07 00:00:00,1.612413517163469
2008-01-08 00:00:00,1.612413517163469
2008-01-09 00:00:00,1.612413517163469
2008-01-10 00:00:00,1.612413517163469
2008-01-11 00:00:00,1.612413517163469
2008-01-14 00:00:00,1.612413517163469
2008-01-15 00:00:00,1.612413517163469
2008-01-16 00:00:00,1.612413517163469
2008-01-17 00:00:00,1.612413517163469
2008-01-18 00:00:00,1.612413517163469
2008-01-22 00:00:00,1.612413517163469
2008-01-23 00:00:00,1.612413517163469
2008-01-24 00:00:00,1.612413517163469
2008-01-25 00:00:00,1.612413517163469
2008-01-28 00:00:00,1.612413517163469
2008-01-29 00:00:00,1.612413517163469
2008-01-30 00:00:00,1.612413517163469
2008-01-31 00:00:00,1.612413517163469
2008-02-01 00:00:00,1.612413517163469
2008-02-04 00:00:00,1.612413517163469
2008-02-05 00:00:00,1.612413517163469
2008-02-06 00:00:00,1.612413517163469
2008-02-07 00:00:00,1.612413517163469
2008-02-08 00:00:00,1.612413517163469
2008-02-11 00:00:00,1.612413517163469
2008-02-12 00:00:00,1.612413517163469
2008-02-13 00:00:00,1.612413517163469
2008-02-14 00:00:00,1.612413517163469
2008-02-15 00:00:00,1.612413517163469
2008-02-19 00:00:00,1.612413517163469
2008-02-20 00:00:00,1.612413517163469
2008-02-21 00:00:00,1.612413517163469
2008-02-22 00:00:00,1.612413517163469
2008-02-25 00:00:00,1.612413517163469
2008-02-26 00:00:00,1.612413517163469
2008-02-27 00:00:00,1.612413517163469
2008-02-28 00:00:00,1.612413517163469
2008-02-29 00:00:00,1.612413517163469
2008-03-03 00:00:00,1.612413517163469
2008-03-04 00:00:00,1.612413517163469
2008-03-05 00:00:00,1.612413517163469
2008-03-06 00:00:00,1.612413517163469
2008-03-07 00:00:00,1.612413517163469
2008-03-10 00:00:00,1.612413517163469
2008-03-11 00:00:00,1.612413517163469
2008-03-12 00:00:00,1.612413517163469
2008-03-13 00:00:00,1.612413517163469
2008-03-14 00:00:00,1.612413517163469
2008-03-17 00:00:00,1.612413517163469
2008-03-18 00:00:00,1.612413517163469
2008-03-19 00:00:00,1.612413517163469
2008-03-20 00:00:00,1.612413517163469
2008-03-24 00:00:00,1.612413517163469
2008-03-25 00:00:00,1.612413517163469
2008-03-26 00:00:00,1.612413517163469
2008-03-27 00:00:00,1.612413517163469
2008-03-28 00:00:00,1.612413517163469
2008-03-31 00:00:00,1.612413517163469
2008-04-01 00:00:00,1.612413517163469
2008-04-02 00:00:00,1.612413517163469
2008-04-03 00:00:00,1.612413517163469
2008-04-04 00:00:00,1.612413517163469
2008-04-07 00:00:00,1.612413517163469
2008-04-08 00:00:00,1.612413517163469
2008-04-09 00:00:00,1.612413517163469
2008-04-10 00:00:00,1.612413517163469
2008-04-11 00:00:00,1.612413517163469
2008-04-14 00:00:00,1.612413517163469
2008-04-15 00:00:00,1.612413517163469
2008-04-16 00:00:00,1.612413517163469
2008-04-17 00:00:00,1.612413517163469
2008-04-18 00:00:00,1.612413517163469
2008-04-21 00:00:00,1.612413517163469
2008-04-22 00:00:00,1.612413517163469
2008-04-23 00:00:00,1.612413517163469
2008-04-24 00:00:00,1.612413517163469
2008-04-25 00:00:00,1.612413517163469
2008-04-28 00:00:00,1.612413517163469
2008-04-29 00:00:00,1.612413517163469
2008-04-30 00:00:00,1.612413517163469
2008-05-01 00:00:00,1.612413517163469
2008-05-02 00:00:00,1.612413517163469
2008-05-05 00:00:00,1.612413517163469
2008-05-06 00:00:00,1.612413517163469
2008-05-07 00:00:00,1.612413517163469
2008-05-08 00:00:00,1.612413517163469
2008-05-09 00:00:00,1.612413517163469
2008-05-12 00:00:00,1.612413517163469
2008-05-13 00:00:00,1.612413517163469
2008-05-14 00:00:00,1.612413517163469
2008-05-15 00:00:00,1.612413517163469
2008-05-16 00:00:00,1.612413517163469
2008-05-19 00:00:00,1.612413517163469
2008-05-20 00:00:00,1.612413517163469
2008-05-21 00:00:00,1.612413517163469
2008-05-22 00:00:00,1.612413517163469
2008-05-23 00:00:00,1.612413517163469
2008-05-27 00:00:00,1.612413517163469
2008-05-28 00:00:00,1.612413517163469
2008-05-29 00:00:00,1.612413517163469
2008-05-30 00:00:00,1.612413517163469
2008-06-02 00:00:00,1.612413517163469
2008-06-03 00:00:00,1.612413517163469
2008-06-04 00:00:00,1.612413517163469
2008-06-05 00:00:00,1.612413517163469
2008-06-06 00:00:00,1.612413517163469
2008-06-09 00:00:00,1.612413517163469
2008-06-10 00:00:00,1.612413517163469
2008-06-11 00:00:00,1.612413517163469
2008-06-12 00:00:00,1.612413517163469
2008-06-13 00:00:00,1.612413517163469
2008-06-16 00:00:00,1.612413517163469
2008-06-17 00:00:00,1.612413517163469
2008-06-18 00:00:00,1.612413517163469
2008-06-19 00:00:00,1.612413517163469
2008-06-20 00:00:00,1.612413517163469
2008-06-23 00:00:00,1.612413517163469
2008-06-24 00:00:00,1.612413517163469
2008-06-25 00:00:00,1.612413517163469
2008-06-26 00:00:00,1.612413517163469
2008-06-27 00:00:00,1.612413517163469
2008-06-30 00:00:00,1.612413517163469
2008-07-01 00:00:00,1.612413517163469
2008-07-02 00:00:00,1.612413517163469
2008-07-03 00:00:00,1.612413517163469
2008-07-07 00:00:00,1.612413517163469
2008-07-08 00:00:00,1.612413517163469
2008-07-09 00:00:00,1.612413517163469
2008-07-10 00:00:00,1.612413517163469
2008-07-11 00:00:00,1.612413517163469
2008-07-14 00:00:00,1.612413517163469
2008-07-15 00:00:00,1.612413517163469
2008-07-16 00:00:00,1.612413517163469
2008-07-17 00:00:00,1.612413517163469
2008-07-18 00:00:00,1.612413517163469
2008-07-21 00:00:00,1.612413517163469
2008-07-22 00:00:00,1.612413517163469
2008-07-23 00:00:00,1.612413517163469
2008-07-24 00:00:00,1.612413517163469
2008-07-25 00:00:00,1.612413517163469
2008-07-28 00:00:00,1.612413517163469
2008-07-29 00:00:00,1.612413517163469
2008-07-30 00:00:00,1.612413517163469
2008-07-31 00:00:00,1.612413517163469
2008-08-01 00:00:00,1.612413517163469
2008-08-04 00:00:00,1.612413517163469
2008-08-05 00:00:00,1.612413517163469
2008-08-06 00:00:00,1.612413517163469
2008-08-07 00:00:00,1.612413517163469
2008-08-08 00:00:00,1.612413517163469
2008-08-11 00:00:00,1.612413517163469
2008-08-12 00:00:00,1.612413517163469
2008-08-13 00:00:00,1.612413517163469
2008-08-14 00:00:00,1.612413517163469
2008-08-15 00:00:00,1.612413517163469
2008-08-18 00:00:00,1.612413517163469
2008-08-19 00:00:00,1.612413517163469
2008-08-20 00:00:00,1.612413517163469
2008-08-21 00:00:00,1.612413517163469
2008-08-22 00:00:00,1.612413517163469
2008-08-25 00:00:00,1.612413517163469
2008-08-26 00:00:00,1.612413517163469
2008-08-27 00:00:00,1.612413517163469
2008-08-28 00:00:00,1.612413517163469
2008-08-29 00:00:00,1.612413517163469
2008-09-02 00:00:00,1.612413517163469
2008-09-03 00:00:00,1.612413517163469
2008-09-04 00:00:00,1.612413517163469
2008-09-05 00:00:00,1.612413517163469
2008-09-08 00:00:00,1.612413517163469
2008-09-09 00:00:00,1.612413517163469
2008-09-10 00:00:00,1.612413517163469
2008-09-11 00:00:00,1.612413517163469
2008-09-12 00:00:00,1.612413517163469
2008-09-15 00:00:00,1.612413517163469
2008-09-16 00:00:00,1.612413517163469
2008-09-17 00:00:00,1.612413517163469
2008-09-18 00:00:00,1.612413517163469
2008-09-19 00:00:00,1.612413517163469
2008-09-22 00:00:00,1.612413517163469
2008-09-23 00:00:00,1.612413517163469
2008-09-24 00:00:00,1.612413517163469
2008-09-25 00:00:00,1.612413517163469
2008-09-26 00:00:00,1.612413517163469
2008-09-29 00:00:00,1.612413517163469
2008-09-30 00:00:00,1.612413517163469
2008-10-01 00:00:00,1.612413517163469
2008-10-02 00:00:00,1.612413517163469
2008-10-03 00:00:00,1.612413517163469
2008-10-06 00:00:00,1.612413517163469
2008-10-07 00:00:00,1.612413517163469
2008-10-08 00:00:00,1.612413517163469
2008-10-09 00:00:00,1.612413517163469
2008-10-10 00:00:00,1.612413517163469
2008-10-13 00:00:00,1.612413517163469
2008-10-14 00:00:00,1.612413517163469
2008-10-15 00:00:00,1.612413517163469
2008-10-16 00:00:00,1.612413517163469
2008-10-17 00:00:00,1.612413517163469
2008-10-20 00:00:00,1.612413517163469
2008-10-21 00:00:00,1.612413517163469
2008-10-22 00:00:00,1.612413517163469
2008-10-23 00:00:00,1.612413517163469
2008-10-24 00:00:00,1.612413517163469
2008-10-27 00:00:00,1.612413517163469
2008-10-28 00:00:00,1.612413517163469
2008-10-29 00:00:00,1.612413517163469
2008-10-30 00:00:00,1.612413517163469
2008-10-31 00:00:00,1.612413517163469
2008-11-03 00:00:00,1.612413517163469
2008-11-04 00:00:00,1.612413517163469
2008-11-05 00:00:00,1.612413517163469
2008-11-06 00:00:00,1.612413517163469
2008-11-07 00:00:00,1.612413517163469
2008-11-10 00:00:00,1.612413517163469
2008-11-11 00:00:00,1.612413517163469
2008-11-12 00:00:00,1.612413517163469
2008-11-13 00:00:00,1.612413517163469
2008-11-14 00:00:00,1.612413517163469
2008-11-17 00:00:00,1.612413517163469
2008-11-18 00:00:00,1.612413517163469
2008-11-19 00:00:00,1.612413517163469
2008-11-20 00:00:00,1.612413517163469
2008-11-21 00:00:00,1.612413517163469
2008-11-24 00:00:00,1.612413517163469
2008-11-25 00:00:00,1.612413517163469
2008-11-26 00:00:00,1.612413517163469
2008-11-28 00:00:00,1.612413517163469
2008-12-01 00:00:00,1.612413517163469
2008-12-02 00:00:00,1.612413517163469
2008-12-03 00:00:00,1.612413517163469
2008-12-04 00:00:00,1.612413517163469
2008-12-05 00:00:00,1.612413517163469
2008-12-08 00:00:00,1.612413517163469
2008-12-09 00:00:00,1.612413517163469
2008-12-10 00:00:00,1.612413517163469
2008-12-11 00:00:00,1.612413517163469
2008-12-12 00:00:00,1.612413517163469
2008-12-15 00:00:00,1.612413517163469
2008-12-16 00:00:00,1.612413517163469
2008-12-17 00:00:00,1.612413517163469
2008-12-18 00:00:00,1.612413517163469
2008-12-19 00:00:00,1.612413517163469
2008-12-22 00:00:00,1.612413517163469
2008-12-23 00:00:00,1.612413517163469
2008-12-24 00:00:00,1.612413517163469
2008-12-26 00:00:00,1.612413517163469
2008-12-29 00:00:00,1.612413517163469
2008-12-30 00:00:00,1.612413517163469
2008-12-31 00:00:00,1.612413517163469
2009-01-02 00:00:00,1.612413517163469
2009-01-05 00:00:00,1.612413517163469
2009-01-06 00:00:00,1.612413517163469
2009-01-07 00:00:00,1.612413517163469
2009-01-08 00:00:00,1.612413517163469
2009-01-09 00:00:00,1.612413517163469
2009-01-12 00:00:00,1.612413517163469
2009-01-13 00:00:00,1.612413517163469
2009-01-14 00:00:00,1.612413517163469
2009-01-15 00:00:00,1.612413517163469
2009-01-16 00:00:00,1.612413517163469
2009-01-20 00:00:00,1.612413517163469
2009-01-21 00:00:00,1.612413517163469
2009-01-22 00:00:00,1.612413517163469
2009-01-23 00:00:00,1.612413517163469
2009-01-26 00:00:00,1.612413517163469
2009-01-27 00:00:00,1.612413517163469
2009-01-28 00:00:00,1.612413517163469
2009-01-29 00:00:00,1.612413517163469
2009-01-30 00:00:00,1.612413517163469
2009-02-02 00:00:00,1.612413517163469
2009-02-03 00:00:00,1.612413517163469
2009-02-04 00:00:00,1.612413517163469
2009-02-05 00:00:00,1.612413517163469
2009-02-06 00:00:00,1.612413517163469
2009-02-09 00:00:00,1.612413517163469
2009-02-10 00:00:00,1.612413517163469
2009-02-11 00:00:00,1.612413517163469
2009-02-12 00:00:00,1.612413517163469
2009-02-13 00:00:00,1.612413517163469
2009-02-17 00:00:00,1.612413517163469
2009-02-18 00:00:00,1.612413517163469
2009-02-19 00:00:00,1.612413517163469
2009-02-20 00:00:00,1.612413517163469
2009-02-23 00:00:00,1.612413517163469
2009-02-24 00:00:00,1.612413517163469
2009-02-25 00:00:00,1.612413517163469
2009-02-26 00:00:00,1.612413517163469
2009-02-27 00:00:00,1.612413517163469
2009-03-02 00:00:00,1.612413517163469
2009-03-03 00:00:00,1.612413517163469
2009-03-04 00:00:00,1.612413517163469
2009-03-05 00:00:00,1.612413517163469
2009-03-06 00:00:00,1.612413517163469
2009-03-09 00:00:00,1.612413517163469
2009-03-10 00:00:00,1.612413517163469
2009-03-11 00:00:00,1.612413517163469
2009-03-12 00:00:00,1.612413517163469
2009-03-13 00:00:00,1.612413517163469
2009-03-16 00:00:00,1.612413517163469
2009-03-17 00:00:00,1.612413517163469
2009-03-18 00:00:00,1.612413517163469
2009-03-19 00:00:00,1.612413517163469
2009-03-20 00:00:00,1.612413517163469
2009-03-23 00:00:00,1.612413517163469
2009-03-24 00:00:00,1.612413517163469
2009-03-25 00:00:00,1.612413517163469
2009-03-26 00:00:00,1.612413517163469
2009-03-27 00:00:00,1.612413517163469
2009-03-30 00:00:00,1.612413517163469
2009-03-31 00:00:00,1.612413517163469
2009-04-01 00:00:00,1.612413517163469
2009-04-02 00:00:00,1.612413517163469
2009-04-03 00:00:00,1.612413517163469
2009-04-06 00:00:00,1.612413517163469
2009-04-07 00:00:00,1.612413517163469
2009-04-08 00:00:00,1.612413517163469
2009-04-09 00:00:00,1.612413517163469
2009-04-13 00:00:00,1.612413517163469
2009-04-14 00:00:00,1.612413517163469
2009-04-15 00:00:00,1.612413517163469
2009-04-16 00:00:00,1.612413517163469
2009-04-17 00:00:00,1.612413517163469
2009-04-20 00:00:00,1.612413517163469
2009-04-21 00:00:00,1.612413517163469
2009-04-22 00:00:00,1.612413517163469
2009-04-23 00:00:00,1.612413517163469
2009-04-24 00:00:00,1.612413517163469
2009-04-27 00:00:00,1.612413517163469
2009-04-28 00:00:00,1.612413517163469
2009-04-29 00:00:00,1.612413517163469
2009-04-30 00:00:00,1.612413517163469
2009-05-01 00:00:00,1.612413517163469
2009-05-04 00:00:00,1.612413517163469
2009-05-05 00:00:00,1.612413517163469
2009-05-06 00:00:00,1.612413517163469
2009-05-07 00:00:00,1.612413517163469
2009-05-08 00:00:00,1.612413517163469
2009-05-11 00:00:00,1.612413517163469
2009-05-12 00:00:00,1.612413517163469
2009-05-13 00:00:00,1.612413517163469
2009-05-14 00:00:00,1.612413517163469
2009-05-15 00:00:00,1.612413517163469
2009-05-18 00:00:00,1.612413517163469
2009-05-19 00:00:00,1.612413517163469
2009-05-20 00:00:00,1.609742332020384
2009-05-21 00:00:00,1.6025506797120779
2009-05-22 00:00:00,1.607893049998248
2009-05-26 00:00:00,1.6267968217800812
2009-05-27 00:00:00,1.6080985257784854
2009-05-28 00:00:00,1.6177558874496394
2009-05-29 00:00:00,1.6368651350117098
2009-06-01 00:00:00,1.6609058012994755
2009-06-02 00:00:00,1.669535784069443
2009-06-03 00:00:00,1.6395363201547946
2009-06-04 00:00:00,1.6457005935619142
2009-06-05 00:00:00,1.6335775225279126
2009-06-08 00:00:00,1.6315227647255393
2009-06-09 00:00:00,1.643440359979304
2009-06-10 00:00:00,1.6452896420014396
2009-06-11 00:00:00,1.6621386559808995
2009-06-12 00:00:00,1.6570017614749666
2009-06-15 00:00:00,1.6212489757136737
2009-06-16 00:00:00,1.6101532835808585
2009-06-17 00:00:00,1.6128244687239437
2009-06-18 00:00:00,1.6111806624820453
2009-06-19 00:00:00,1.6261803944393691
2009-06-22 00:00:00,1.5951535516235347
2009-06-23 00:00:00,1.5877564235349912
2009-06-24 00:00:00,1.5885783266559406
2009-06-25 00:00:00,1.6080985257784854
2009-06-26 00:00:00,1.6062492437563496
2009-06-29 00:00:00,1.614262799185605
2009-06-30 00:00:00,1.60316710705279
2009-07-01 00:00:00,1.6187832663508257
2009-07-02 00:00:00,1.5912495117990255
2009-07-06 00:00:00,1.5924823664804495
2009-07-07 00:00:00,1.5698800306543446
2009-07-08 00:00:00,1.5661814666100728
2009-07-09 00:00:00,1.577277158742888
2009-07-10 00:00:00,1.5665924181705477
2009-07-13 00:00:00,1.582414053248821
2009-07-14 00:00:00,1.5873454719745166
2009-07-15 00:00:00,1.6189887421310631
2009-07-16 00:00:00,1.6274132491207933
2009-07-17 00:00:00,1.6239201608567586
2009-07-20 00:00:00,1.6426184568583544
2009-07-21 00:00:00,1.648782730265474
2009-07-22 00:00:00,1.6512484396283218
2009-07-23 00:00:00,1.6678919778275443
2009-07-24 00:00:00,1.6740562512346637
2009-07-27 00:00:00,1.6750836301358503
2009-07-28 00:00:00,1.6707686387508667
2009-07-29 00:00:00,1.6625496075413742
2009-07-30 00:00:00,1.682069806663919
2009-07-31 00:00:00,1.697685965961955
2009-08-03 00:00:00,1.7217266322497211
2009-08-04 00:00:00,1.7200828260078227
2009-08-05 00:00:00,1.7157678346228389
2009-08-06 00:00:00,1.7091926096552448
2009-08-07 00:00:00,1.7081652307540582
2009-08-10 00:00:00,1.7017954815667016
2009-08-11 00:00:00,1.6958366839398193
2009-08-12 00:00:00,1.7075488034133464
2009-08-13 00:00:00,1.723575914271857
2009-08-14 00:00:00,1.7145349799414151
2009-08-17 00:00:00,1.6806314762022578
2009-08-18 00:00:00,1.6983023933026669
2009-08-19 00:00:00,1.7071378518528717
2009-08-20 00:00:00,1.7145349799414151
2009-08-21 00:00:00,1.7375482673279943
2009-08-24 00:00:00,1.7373427915477573
2009-08-25 00:00:00,1.7480275321200975
2009-08-26 00:00:00,1.7435070649548765
2009-08-27 00:00:00,1.751726096164369
2009-08-28 00:00:00,1.7523425235050814
2009-08-31 00:00:00,1.7443289680758258
2009-09-01 00:00:00,1.7174116408647375
2009-09-02 00:00:00,1.7161787861833135
2009-09-03 00:00:00,1.7243978173928063
2009-09-04 00:00:00,1.7406304040315541
2009-09-08 00:00:00,1.761999885176235
2009-09-09 00:00:00,1.775561286671898
2009-09-10 00:00:00,1.785424124123289
2009-09-11 00:00:00,1.783985793661628
2009-09-14 00:00:00,1.7862460272442382
2009-09-15 00:00:00,1.7864515030244756
2009-09-16 00:00:00,1.808642887290106
2009-09-17 00:00:00,1.8012457592015625
2009-09-18 00:00:00,1.8043278959051223
2009-09-21 00:00:00,1.7922048248711204
2009-09-22 00:00:00,1.8078209841691566
2009-09-23 00:00:00,1.7979581467177652
2009-09-24 00:00:00,1.7813146085185427
2009-09-25 00:00:00,1.7765886655730845
2009-09-28 00:00:00,1.7917938733106458
2009-09-29 00:00:00,1.7850131725628144
2009-09-30 00:00:00,1.785424124123289
2009-10-01 00:00:00,1.7560410875493528
2009-10-02 00:00:00,1.7439180165153512
2009-10-05 00:00:00,1.7595341758133873
2009-10-06 00:00:00,1.7780269960347457
2009-10-07 00:00:00,1.782136511639492
2009-10-08 00:00:00,1.79836909827824
2009-10-09 00:00:00,1.7954924373549175
2009-10-12 00:00:00,1.8022731381027488
2009-10-13 00:00:00,1.7998074287399013
2009-10-14 00:00:00,1.8271357075114643
2009-10-15 00:00:00,1.8324780777976344
2009-10-16 00:00:00,1.8148071606972254
2009-10-19 00:00:00,1.8332999809185837
2009-10-20 00:00:00,1.8271357075114643
2009-10-21 00:00:00,1.8232316676869553
2009-10-22 00:00:00,1.8345328356000075
2009-10-23 00:00:00,1.8160400153786491
2009-10-26 00:00:00,1.798574574058477
2009-10-27 00:00:00,1.7895336397280353
2009-10-28 00:00:00,1.7624108367367097
2009-10-29 00:00:00,1.7948760100142054
2009-10-30 00:00:00,1.7570684664505394
2009-11-02 00:00:00,1.7677532070228799
2009-11-03 00:00:00,1.7634382156378963
2009-11-04 00:00:00,1.7745339077707114
2009-11-05 00:00:00,1.7889172123873234
2009-11-06 00:00:00,1.7922048248711204
2009-11-09 00:00:00,1.8238480950276672
2009-11-10 00:00:00,1.8176838216205478
2009-11-11 00:00:00,1.8211358147285346
2009-11-12 00:00:00,1.8043278959051223
2009-11-13 00:00:00,1.8203550067636327
2009-11-16 00:00:00,1.838847826984991
2009-11-17 00:00:00,1.8310397473359732
2009-11-18 00:00:00,1.8273411832917015
2009-11-19 00:00:00,1.8053552748063086
2009-11-20 00:00:00,1.798985525618952
2009-11-23 00:00:00,1.8193276278624462
2009-11-24 00:00:00,1.814601684916988
2009-11-25 00:00:00,1.8300123684347867
2009-11-27 00:00:00,1.7963143404758668
2009-11-30 00:00:00,1.8000129045201383
2009-12-01 00:00:00,1.8312452231162104
2009-12-02 00:00:00,1.8330945051383463
2009-12-03 00:00:00,1.8304233199952613
2009-12-04 00:00:00,1.826313804390515
2009-12-07 00:00:00,1.819944055203158
2009-12-08 00:00:00,1.7998074287399013
2009-12-09 00:00:00,1.79836909827824
2009-12-10 00:00:00,1.8018621865422741
2009-12-11 00:00:00,1.8014512349817995
2009-12-14 00:00:00,1.8125469271146148
2009-12-15 00:00:00,1.7998074287399013
2009-12-16 00:00:00,1.8131633544553267
2009-12-17 00:00:00,1.786040551464001
2009-12-18 00:00:00,1.7887117366070862
2009-12-21 00:00:00,1.791999349090883
2009-12-22 00:00:00,1.7889172123873234
2009-12-23 00:00:00,1.7991910013991894
2009-12-24 00:00:00,1.80371146856441
2009-12-28 00:00:00,1.808642887290106
2009-12-29 00:00:00,1.8104921693122416
2009-12-30 00:00:00,1.8057662263667833
2009-12-31 00:00:00,1.797752670937528
2010-01-04 00:00:00,1.827546659071939
2010-01-05 00:00:00,1.8285740379731255
2010-01-06 00:00:00,1.833505456698821
2010-01-07 00:00:00,1.8289849895336001
2010-01-08 00:00:00,1.8382313996442792
2010-01-11 00:00:00,1.8478887613154331
2010-01-12 00:00:00,1.8339164082592956
2010-01-13 00:00:00,1.8437792457106867
2010-01-14 00:00:00,1.8528201800411286
2010-01-15 00:00:00,1.8341218840395328
2010-01-19 00:00:00,1.8456285277328226
2010-01-20 00:00:00,1.8154235880379372
2010-01-21 00:00:00,1.7907664944094592
2010-01-22 00:00:00,1.7687805859240664
2010-01-25 00:00:00,1.7823419874197293
2010-01-26 00:00:00,1.7759722382323726
2010-01-27 00:00:00,1.7747393835509486
2010-01-28 00:00:00,1.7560410875493528
2010-01-29 00:00:00,1.757099205627263
2010-02-01 00:00:00,1.757099205627263
2010-02-02 00:00:00,1.757099205627263
2010-02-03 00:00:00,1.757099205627263
2010-02-04 00:00:00,1.757099205627263
2010-02-05 00:00:00,1.757099205627263
2010-02-08 00:00:00,1.757099205627263
2010-02-09 00:00:00,1.757099205627263
2010-02-10 00:00:00,1.757099205627263
2010-02-11 00:00:00,1.757099205627263
2010-02-12 00:00:00,1.757099205627263
2010-02-16 00:00:00,1.757099205627263
2010-02-17 00:00:00,1.757099205627263
2010-02-18 00:00:00,1.757099205627263
2010-02-19 00:00:00,1.757099205627263
2010-02-22 00:00:00,1.757099205627263
2010-02-23 00:00:00,1.757099205627263
2010-02-24 00:00:00,1.757099205627263
2010-02-25 00:00:00,1.757099205627263
2010-02-26 00:00:00,1.757099205627263
2010-03-01 00:00:00,1.757099205627263
2010-03-02 00:00:00,1.757099205627263
2010-03-03 00:00:00,1.757099205627263
2010-03-04 00:00:00,1.757099205627263
2010-03-05 00:00:00,1.757099205627263
2010-03-08 00:00:00,1.757099205627263
2010-03-09 00:00:00,1.757099205627263
2010-03-10 00:00:00,1.757099205627263
2010-03-11 00:00:00,1.757099205627263
2010-03-12 00:00:00,1.757099205627263
2010-03-15 00:00:00,1.7590927247234591
2010-03-16 00:00:00,1.779027915685423
2010-03-17 00:00:00,1.7875715689548364
2010-03-18 00:00:00,1.7782447474690601
2010-03-19 00:00:00,1.7619406091465968
2010-03-22 00:00:00,1.7664972242236172
2010-03-23 00:00:00,1.7776039734738542
2010-03-24 00:00:00,1.7514034367809876
2010-03-25 00:00:00,1.7505490714540461
2010-03-26 00:00:00,1.7659276473389895
2010-03-29 00:00:00,1.7793127041277368
2010-03-30 00:00:00,1.7793127041277368
2010-03-31 00:00:00,1.7793127041277368
2010-04-01 00:00:00,1.8075067599168
2010-04-05 00:00:00,1.8092154905706825
2010-04-06 00:00:00,1.804658875493662
2010-04-07 00:00:00,1.7932673378011117
2010-04-08 00:00:00,1.791558607147229
2010-04-09 00:00:00,1.8126329518784479
2010-04-12 00:00:00,1.8177591438400955
2010-04-13 00:00:00,1.8163352016285268
2010-04-14 00:00:00,1.8379791232443734
2010-04-15 00:00:00,1.8368399694751183
2010-04-16 00:00:00,1.800387048858956
2010-04-19 00:00:00,1.7961152222242491
2010-04-20 00:00:00,1.8060828177052313
2010-04-21 00:00:00,1.7955456453396217
2010-04-22 00:00:00,1.7810214347816196
2010-04-23 00:00:00,1.7929825493587979
2010-04-26 00:00:00,1.7946912800126804
2010-04-27 00:00:00,1.7300443036074549
2010-04-28 00:00:00,1.7303290920497687
2010-04-29 00:00:00,1.7542513212041253
2010-04-30 00:00:00,1.734600918684475
2010-05-03 00:00:00,1.7457076679347119
2010-05-04 00:00:00,1.687293600189402
2010-05-05 00:00:00,1.687293600189402
2010-05-06 00:00:00,1.687293600189402
2010-05-07 00:00:00,1.687293600189402
2010-05-10 00:00:00,1.687293600189402
2010-05-11 00:00:00,1.687293600189402
2010-05-12 00:00:00,1.687293600189402
2010-05-13 00:00:00,1.687293600189402
2010-05-14 00:00:00,1.687293600189402
2010-05-17 00:00:00,1.687293600189402
2010-05-18 00:00:00,1.687293600189402
2010-05-19 00:00:00,1.687293600189402
2010-05-20 00:00:00,1.687293600189402
2010-05-21 00:00:00,1.687293600189402
2010-05-24 00:00:00,1.687293600189402
2010-05-25 00:00:00,1.687293600189402
2010-05-26 00:00:00,1.687293600189402
2010-05-27 00:00:00,1.687293600189402
2010-05-28 00:00:00,1.687293600189402
2010-06-01 00:00:00,1.687293600189402
2010-06-02 00:00:00,1.687293600189402
2010-06-03 00:00:00,1.687293600189402
2010-06-04 00:00:00,1.687293600189402
2010-06-07 00:00:00,1.687293600189402
2010-06-08 00:00:00,1.687293600189402
2010-06-09 00:00:00,1.687293600189402
2010-06-10 00:00:00,1.687293600189402
2010-06-11 00:00:00,1.687293600189402
2010-06-14 00:00:00,1.687293600189402
2010-06-15 00:00:00,1.687293600189402
2010-06-16 00:00:00,1.687293600189402
2010-06-17 00:00:00,1.687293600189402
2010-06-18 00:00:00,1.687293600189402
2010-06-21 00:00:00,1.687293600189402
2010-06-22 00:00:00,1.687293600189402
2010-06-23 00:00:00,1.687293600189402
2010-06-24 00:00:00,1.687293600189402
2010-06-25 00:00:00,1.687293600189402
2010-06-28 00:00:00,1.687293600189402
2010-06-29 00:00:00,1.687293600189402
2010-06-30 00:00:00,1.687293600189402
2010-07-01 00:00:00,1.687293600189402
2010-07-02 00:00:00,1.687293600189402
2010-07-06 00:00:00,1.687293600189402
2010-07-07 00:00:00,1.687293600189402
2010-07-08 00:00:00,1.687293600189402
2010-07-09 00:00:00,1.687293600189402
2010-07-12 00:00:00,1.687293600189402
2010-07-13 00:00:00,1.687293600189402
2010-07-14 00:00:00,1.687293600189402
2010-07-15 00:00:00,1.687293600189402
2010-07-16 00:00:00,1.687293600189402
2010-07-19 00:00:00,1.687293600189402
2010-07-20 00:00:00,1.687293600189402
2010-07-21 00:00:00,1.687293600189402
2010-07-22 00:00:00,1.687293600189402
2010-07-23 00:00:00,1.687293600189402
2010-07-26 00:00:00,1.687293600189402
2010-07-27 00:00:00,1.687293600189402
2010-07-28 00:00:00,1.687293600189402
2010-07-29 00:00:00,1.687293600189402
2010-07-30 00:00:00,1.687293600189402
2010-08-02 00:00:00,1.687293600189402
2010-08-03 00:00:00,1.687293600189402
2010-08-04 00:00:00,1.687293600189402
2010-08-05 00:00:00,1.6912366356068351
2010-08-06 00:00:00,1.695179671024268
2010-08-09 00:00:00,1.6966583093058054
2010-08-10 00:00:00,1.6860614016214543
2010-08-11 00:00:00,1.6261765512191924
2010-08-12 00:00:00,1.624697912937655
2010-08-13 00:00:00,1.620261998093043
2010-08-16 00:00:00,1.6303660263502147
2010-08-17 00:00:00,1.6444130900248193
2010-08-18 00:00:00,1.6439202105976403
2010-08-19 00:00:00,1.6234657143697073
2010-08-20 00:00:00,1.6096312788799876
2010-08-23 00:00:00,1.6096312788799876
2010-08-24 00:00:00,1.6096312788799876
2010-08-25 00:00:00,1.6096312788799876
2010-08-26 00:00:00,1.6096312788799876
2010-08-27 00:00:00,1.6096312788799876
2010-08-30 00:00:00,1.6096312788799876
2010-08-31 00:00:00,1.6096312788799876
2010-09-01 00:00:00,1.6096312788799876
2010-09-02 00:00:00,1.6096312788799876
2010-09-03 00:00:00,1.6096312788799876
2010-09-07 00:00:00,1.6096312788799876
2010-09-08 00:00:00,1.6096312788799876
2010-09-09 00:00:00,1.6096312788799876
2010-09-10 00:00:00,1.6096312788799876
2010-09-13 00:00:00,1.6096312788799876
2010-09-14 00:00:00,1.6096312788799876
2010-09-15 00:00:00,1.6096312788799876
2010-09-16 00:00:00,1.6096312788799876
2010-09-17 00:00:00,1.6096312788799876
2010-09-20 00:00:00,1.6096312788799876
2010-09-21 00:00:00,1.6096312788799876
2010-09-22 00:00:00,1.6096312788799876
2010-09-23 00:00:00,1.6096312788799876
2010-09-24 00:00:00,1.6096312788799876
2010-09-27 00:00:00,1.6096312788799876
2010-09-28 00:00:00,1.6096312788799876
2010-09-29 00:00:00,1.6096312788799876
2010-09-30 00:00:00,1.6096312788799876
2010-10-01 00:00:00,1.6096312788799876
2010-10-04 00:00:00,1.6096312788799876
2010-10-05 00:00:00,1.6096312788799876
2010-10-06 00:00:00,1.6096312788799876
2010-10-07 00:00:00,1.6096312788799876
2010-10-08 00:00:00,1.6096312788799876
2010-10-11 00:00:00,1.6096312788799876
2010-10-12 00:00:00,1.6096312788799876
2010-10-13 00:00:00,1.6096312788799876
2010-10-14 00:00:00,1.6096312788799876
2010-10-15 00:00:00,1.6096312788799876
2010-10-18 00:00:00,1.6096312788799876
2010-10-19 00:00:00,1.6096312788799876
2010-10-20 00:00:00,1.6096312788799876
2010-10-21 00:00:00,1.6096312788799876
2010-10-22 00:00:00,1.6096312788799876
2010-10-25 00:00:00,1.6096312788799876
2010-10-26 00:00:00,1.6167047156829406
2010-10-27 00:00:00,1.601143154716444
2010-10-28 00:00:00,1.6135924034896412
2010-10-29 00:00:00,1.6130265285454048
2010-11-01 00:00:00,1.6070848416309245
2010-11-02 00:00:00,1.6336809640100278
2010-11-03 00:00:00,1.6449984628947527
2010-11-04 00:00:00,1.6823462092143446
2010-11-05 00:00:00,1.6749898349392733
2010-11-08 00:00:00,1.6646626172069618
2010-11-09 00:00:00,1.6481673625824755
2010-11-10 00:00:00,1.6529207121140599
2010-11-11 00:00:00,1.6387738385081538
2010-11-12 00:00:00,1.625192839846484
2010-11-15 00:00:00,1.6240610899580117
2010-11-16 00:00:00,1.5858645312220654
2010-11-17 00:00:00,1.5945648584896976
2010-11-18 00:00:00,1.6345297764263824
2010-11-19 00:00:00,1.6345297764263824
2010-11-22 00:00:00,1.6169876531550587
2010-11-23 00:00:00,1.568322407950742
2010-11-24 00:00:00,1.5932209054971365
2010-11-26 00:00:00,1.566624783118033
2010-11-29 00:00:00,1.5359172112108723
2010-11-30 00:00:00,1.5462765922223118
2010-12-01 00:00:00,1.5882593468476196
2010-12-02 00:00:00,1.6171565675637405
2010-12-03 00:00:00,1.6321504085013505
2010-12-06 00:00:00,1.6250624109672078
2010-12-07 00:00:00,1.625880256836532
2010-12-08 00:00:00,1.6305147167627023
2010-12-09 00:00:00,1.6346039461093234
2010-12-10 00:00:00,1.638147944876395
2010-12-13 00:00:00,1.6550500928424277
2010-12-14 00:00:00,1.6575036304504003
2010-12-15 00:00:00,1.6365122531377463
2010-12-16 00:00:00,1.6452359424105374
2010-12-17 00:00:00,1.6365122531377463
2010-12-20 00:00:00,1.6400562519048179
2010-12-21 00:00:00,1.6384205601661694
2010-12-22 00:00:00,1.6414193283536915
2010-12-23 00:00:00,1.640601482484367
2010-12-27 00:00:00,1.6373300990070703
2010-12-28 00:00:00,1.6386931754559442
2010-12-29 00:00:00,1.6523239399446803
2010-12-30 00:00:00,1.644690711830988
2010-12-31 00:00:00,1.6542322469731034
2011-01-03 00:00:00,1.6673177808822905
2011-01-04 00:00:00,1.6624107056663455
2011-01-05 00:00:00,1.6555953234219773
2011-01-06 00:00:00,1.6373300990070703
2011-01-07 00:00:00,1.6310599473422516
2011-01-10 00:00:00,1.6283337944445047
2011-01-11 00:00:00,1.6389657907457187
2011-01-12 00:00:00,1.6735879325471092
2011-01-13 00:00:00,1.6779497771835046
2011-01-14 00:00:00,1.6877639276153948
2011-01-18 00:00:00,1.6983959239166093
2011-01-19 00:00:00,1.6872186970358454
2011-01-20 00:00:00,1.6733153172573343
2011-01-21 00:00:00,1.6820390065301258
2011-01-24 00:00:00,1.6992137697859333
2011-01-25 00:00:00,1.6959423863086367
2011-01-26 00:00:00,1.7063017673200764
2011-01-27 00:00:00,1.7101183813769227
2011-01-28 00:00:00,1.6735879325471092
2011-01-31 00:00:00,1.68749131232562
2011-02-01 00:00:00,1.7259300681838567
2011-02-02 00:00:00,1.7245669917349826
2011-02-03 00:00:00,1.7248396070247576
2011-02-04 00:00:00,1.724294376445208
2011-02-07 00:00:00,1.729474066950928
2011-02-08 00:00:00,1.740378678541917
2011-02-09 00:00:00,1.735471603325972
2011-02-10 00:00:00,1.7245669917349826
2011-02-11 00:00:00,1.7253848376043073
2011-02-14 00:00:00,1.7286562210816039
2011-02-15 00:00:00,1.7237491458656589
2011-02-16 00:00:00,1.7436500620192137
2011-02-17 00:00:00,1.749374983104483
2011-02-18 00:00:00,1.755168058012196
2011-02-22 00:00:00,1.7068469978996257
2011-02-23 00:00:00,1.7090279202178236
2011-02-24 00:00:00,1.7103909966666972
2011-02-25 00:00:00,1.7300192975304776
2011-02-28 00:00:00,1.7450131384680874
2011-03-01 00:00:00,1.721568223547461
2011-03-02 00:00:00,1.730291912820252
2011-03-03 00:00:00,1.7515559054226808
2011-03-04 00:00:00,1.7362894491952958
2011-03-07 00:00:00,1.7202051470985873
2011-03-08 00:00:00,1.7253848376043073
2011-03-09 00:00:00,1.7259300681838567
2011-03-10 00:00:00,1.684765159427873
2011-03-11 00:00:00,1.684765159427873
2011-03-14 00:00:00,1.6558679387117519
2011-03-15 00:00:00,1.6226088733592354
2011-03-16 00:00:00,1.5743559670691087
2011-03-17 00:00:00,1.6245171803876584
2011-03-18 00:00:00,1.6460265267508842
2011-03-21 00:00:00,1.68490146707276
2011-03-22 00:00:00,1.6804033147914772
2011-03-23 00:00:00,1.6823116218199003
2011-03-24 00:00:00,1.7038482297121036
2011-03-25 00:00:00,1.6858556205869717
2011-03-28 00:00:00,1.6850377747176475
2011-03-29 00:00:00,1.693488848700664
2011-03-30 00:00:00,1.7128445342746699
2011-03-31 00:00:00,1.7049386908712023
2011-04-01 00:00:00,1.7204777623883618
2011-04-04 00:00:00,1.7226586847065597
2011-04-05 00:00:00,1.7185694553599389
2011-04-06 00:00:00,1.732200219848675
2011-04-07 00:00:00,1.7240217611554334
2011-04-08 00:00:00,1.73765252564417
2011-04-11 00:00:00,1.734381142166873
2011-04-12 00:00:00,1.7188420706497138
2011-04-13 00:00:00,1.7237491458656589
2011-04-14 00:00:00,1.7311097586895763
2011-04-15 00:00:00,1.7286562210816039
2011-04-18 00:00:00,1.6945793098597632
2011-04-19 00:00:00,1.7065743826098512
2011-04-20 00:00:00,1.7482845219453842
2011-04-21 00:00:00,1.7591891335363732
2011-04-25 00:00:00,1.7591891335363732
2011-04-26 00:00:00,1.7722746674455598
2011-04-27 00:00:00,1.7935386600479888
2011-04-28 00:00:00,1.805261117508302
2011-04-29 00:00:00,1.79708265881506
2011-05-02 00:00:00,1.8082598856958236
2011-05-03 00:00:00,1.7940838906275383
2011-05-04 00:00:00,1.779362664979703
2011-05-05 00:00:00,1.745558369047637
2011-05-06 00:00:00,1.7463762149169613
2011-05-09 00:00:00,1.758371287667049
2011-05-10 00:00:00,1.774455589763758
2011-05-11 00:00:00,1.7401060632521421
2011-05-12 00:00:00,1.745558369047637
2011-05-13 00:00:00,1.719387301229263
2011-05-16 00:00:00,1.716388533041741
2011-05-17 00:00:00,1.7199325318088126
2011-05-18 00:00:00,1.7300192975304776
2011-05-19 00:00:00,1.7395608326725929
2011-05-20 00:00:00,1.7158433024621915
2011-05-23 00:00:00,1.67767716189373
2011-05-24 00:00:00,1.690447770620169
2011-05-25 00:00:00,1.690447770620169
2011-05-26 00:00:00,1.690447770620169
2011-05-27 00:00:00,1.690447770620169
2011-05-31 00:00:00,1.690447770620169
2011-06-01 00:00:00,1.6594982245929366
2011-06-02 00:00:00,1.6679888080163368
2011-06-03 00:00:00,1.6503314620612883
2011-06-06 00:00:00,1.6503314620612883
2011-06-07 00:00:00,1.6503314620612883
2011-06-08 00:00:00,1.6503314620612883
2011-06-09 00:00:00,1.6503314620612883
2011-06-10 00:00:00,1.6503314620612883
2011-06-13 00:00:00,1.6503314620612883
2011-06-14 00:00:00,1.6503314620612883
2011-06-15 00:00:00,1.6503314620612883
2011-06-16 00:00:00,1.6503314620612883
2011-06-17 00:00:00,1.6503314620612883
2011-06-20 00:00:00,1.6503314620612883
2011-06-21 00:00:00,1.6503314620612883
2011-06-22 00:00:00,1.6503314620612883
2011-06-23 00:00:00,1.6503314620612883
2011-06-24 00:00:00,1.6503314620612883
2011-06-27 00:00:00,1.6503314620612883
2011-06-28 00:00:00,1.6503314620612883
2011-06-29 00:00:00,1.6503314620612883
2011-06-30 00:00:00,1.6503314620612883
2011-07-01 00:00:00,1.6503314620612883
2011-07-05 00:00:00,1.6503314620612883
2011-07-06 00:00:00,1.6503314620612883
2011-07-07 00:00:00,1.6503314620612883
2011-07-08 00:00:00,1.6503314620612883
2011-07-11 00:00:00,1.6503314620612883
2011-07-12 00:00:00,1.6503314620612883
2011-07-13 00:00:00,1.6503314620612883
2011-07-14 00:00:00,1.6503314620612883
2011-07-15 00:00:00,1.6503314620612883
2011-07-18 00:00:00,1.6503314620612883
2011-07-19 00:00:00,1.6503314620612883
2011-07-20 00:00:00,1.6503314620612883
2011-07-21 00:00:00,1.6503314620612883
2011-07-22 00:00:00,1.6503314620612883
2011-07-25 00:00:00,1.6503314620612883
2011-07-26 00:00:00,1.6503314620612883
2011-07-27 00:00:00,1.6503314620612883
2011-07-28 00:00:00,1.6503314620612883
2011-07-29 00:00:00,1.6503314620612883
2011-08-01 00:00:00,1.6503314620612883
2011-08-02 00:00:00,1.6503314620612883
2011-08-03 00:00:00,1.6503314620612883
2011-08-04 00:00:00,1.6503314620612883
2011-08-05 00:00:00,1.6503314620612883
2011-08-08 00:00:00,1.6503314620612883
2011-08-09 00:00:00,1.6503314620612883
2011-08-10 00:00:00,1.6503314620612883
2011-08-11 00:00:00,1.6503314620612883
2011-08-12 00:00:00,1.6503314620612883
2011-08-15 00:00:00,1.6503314620612883
2011-08-16 00:00:00,1.6503314620612883
2011-08-17 00:00:00,1.6503314620612883
2011-08-18 00:00:00,1.6503314620612883
2011-08-19 00:00:00,1.6503314620612883
2011-08-22 00:00:00,1.6503314620612883
2011-08-23 00:00:00,1.6503314620612883
2011-08-24 00:00:00,1.6503314620612883
2011-08-25 00:00:00,1.6503314620612883
2011-08-26 00:00:00,1.6503314620612883
2011-08-29 00:00:00,1.6503314620612883
2011-08-30 00:00:00,1.6503314620612883
2011-08-31 00:00:00,1.6503314620612883
2011-09-01 00:00:00,1.6503314620612883
2011-09-02 00:00:00,1.6503314620612883
2011-09-06 00:00:00,1.6503314620612883
2011-09-07 00:00:00,1.6503314620612883
2011-09-08 00:00:00,1.6503314620612883
2011-09-09 00:00:00,1.6503314620612883
2011-09-12 00:00:00,1.6503314620612883
2011-09-13 00:00:00,1.6503314620612883
2011-09-14 00:00:00,1.6503314620612883
2011-09-15 00:00:00,1.6503314620612883
2011-09-16 00:00:00,1.6503314620612883
2011-09-19 00:00:00,1.6503314620612883
2011-09-20 00:00:00,1.6503314620612883
2011-09-21 00:00:00,1.6503314620612883
2011-09-22 00:00:00,1.6503314620612883
2011-09-23 00:00:00,1.6503314620612883
2011-09-26 00:00:00,1.6503314620612883
2011-09-27 00:00:00,1.6503314620612883
2011-09-28 00:00:00,1.6503314620612883
2011-09-29 00:00:00,1.6503314620612883
2011-09-30 00:00:00,1.6503314620612883
2011-10-03 00:00:00,1.6503314620612883
2011-10-04 00:00:00,1.6503314620612883
2011-10-05 00:00:00,1.6503314620612883
2011-10-06 00:00:00,1.6503314620612883
2011-10-07 00:00:00,1.6503314620612883
2011-10-10 00:00:00,1.6503314620612883
2011-10-11 00:00:00,1.6503314620612883
2011-10-12 00:00:00,1.6503314620612883
2011-10-13 00:00:00,1.6503314620612883
2011-10-14 00:00:00,1.6503314620612883
2011-10-17 00:00:00,1.6503314620612883
2011-10-18 00:00:00,1.6503314620612883
2011-10-19 00:00:00,1.6503314620612883
2011-10-20 00:00:00,1.6503314620612883
2011-10-21 00:00:00,1.6503314620612883
2011-10-24 00:00:00,1.6503314620612883
2011-10-25 00:00:00,1.6503314620612883
2011-10-26 00:00:00,1.6503314620612883
2011-10-27 00:00:00,1.6503314620612883
2011-10-28 00:00:00,1.6503314620612883
2011-10-31 00:00:00,1.6503314620612883
2011-11-01 00:00:00,1.6503314620612883
2011-11-02 00:00:00,1.6503314620612883
2011-11-03 00:00:00,1.6503314620612883
2011-11-04 00:00:00,1.6503314620612883
2011-11-07 00:00:00,1.6503314620612883
2011-11-08 00:00:00,1.6503314620612883
2011-11-09 00:00:00,1.6503314620612883
2011-11-10 00:00:00,1.6503314620612883
2011-11-11 00:00:00,1.6503314620612883
2011-11-14 00:00:00,1.6503314620612883
2011-11-15 00:00:00,1.6503314620612883
2011-11-16 00:00:00,1.6503314620612883
2011-11-17 00:00:00,1.6503314620612883
2011-11-18 00:00:00,1.6503314620612883
2011-11-21 00:00:00,1.6503314620612883
2011-11-22 00:00:00,1.6503314620612883
2011-11-23 00:00:00,1.6503314620612883
2011-11-25 00:00:00,1.6503314620612883
2011-11-28 00:00:00,1.6503314620612883
2011-11-29 00:00:00,1.6503314620612883
2011-11-30 00:00:00,1.6503314620612883
2011-12-01 00:00:00,1.6503314620612883
2011-12-02 00:00:00,1.6503314620612883
2011-12-05 00:00:00,1.6503314620612883
2011-12-06 00:00:00,1.6503314620612883
2011-12-07 00:00:00,1.6503314620612883
2011-12-08 00:00:00,1.6503314620612883
2011-12-09 00:00:00,1.6503314620612883
2011-12-12 00:00:00,1.6503314620612883
2011-12-13 00:00:00,1.6503314620612883
2011-12-14 00:00:00,1.6503314620612883
2011-12-15 00:00:00,1.6503314620612883
2011-12-16 00:00:00,1.6503314620612883
2011-12-19 00:00:00,1.6503314620612883
2011-12-20 00:00:00,1.6503314620612883
2011-12-21 00:00:00,1.6503314620612883
2011-12-22 00:00:00,1.6503314620612883
2011-12-23 00:00:00,1.6503314620612883
2011-12-27 00:00:00,1.6503314620612883
2011-12-28 00:00:00,1.6503314620612883
2011-12-29 00:00:00,1.6503314620612883
2011-12-30 00:00:00,1.6503314620612883
2012-01-03 00:00:00,1.6503314620612883
2012-01-04 00:00:00,1.6503314620612883
2012-01-05 00:00:00,1.6503314620612883
2012-01-06 00:00:00,1.6503314620612883
2012-01-09 00:00:00,1.6503314620612883
2012-01-10 00:00:00,1.6503314620612883
2012-01-11 00:00:00,1.6503314620612883
2012-01-12 00:00:00,1.6503314620612883
2012-01-13 00:00:00,1.6503314620612883
2012-01-17 00:00:00,1.6503314620612883
2012-01-18 00:00:00,1.6503314620612883
2012-01-19 00:00:00,1.6503314620612883
2012-01-20 00:00:00,1.6503314620612883
2012-01-23 00:00:00,1.6503314620612883
2012-01-24 00:00:00,1.6503314620612883
2012-01-25 00:00:00,1.6503314620612883
2012-01-26 00:00:00,1.6503314620612883
2012-01-27 00:00:00,1.6503314620612883
2012-01-30 00:00:00,1.6503314620612883
2012-01-31 00:00:00,1.6503314620612883
2012-02-01 00:00:00,1.6503314620612883
2012-02-02 00:00:00,1.6503314620612883
2012-02-03 00:00:00,1.6503314620612883
2012-02-06 00:00:00,1.6503314620612883
2012-02-07 00:00:00,1.6503314620612883
2012-02-08 00:00:00,1.6503314620612883
2012-02-09 00:00:00,1.6503314620612883
2012-02-10 00:00:00,1.6503314620612883
2012-02-13 00:00:00,1.6503314620612883
2012-02-14 00:00:00,1.6503314620612883
2012-02-15 00:00:00,1.6503314620612883
2012-02-16 00:00:00,1.6503314620612883
2012-02-17 00:00:00,1.6503314620612883
2012-02-21 00:00:00,1.6503314620612883
2012-02-22 00:00:00,1.6503314620612883
2012-02-23 00:00:00,1.6503314620612883
2012-02-24 00:00:00,1.6503314620612883
2012-02-27 00:00:00,1.6503314620612883
2012-02-28 00:00:00,1.6503314620612883
2012-02-29 00:00:00,1.6503314620612883
2012-03-01 00:00:00,1.6503314620612883
2012-03-02 00:00:00,1.6503314620612883
2012-03-05 00:00:00,1.6448967810665749
2012-03-06 00:00:00,1.5923615314510127
2012-03-07 00:00:00,1.6119867683763665
2012-03-08 00:00:00,1.6467083413981463
2012-03-09 00:00:00,1.6412736604034328
2012-03-12 00:00:00,1.6370466862964337
2012-03-13 00:00:00,1.663528679076784
2012-03-14 00:00:00,1.6488218284516458
2012-03-15 00:00:00,1.6645220179919291
2012-03-16 00:00:00,1.6759952334252126
2012-03-19 00:00:00,1.6847511083611395
2012-03-20 00:00:00,1.6648239447138573
2012-03-21 00:00:00,1.6538036193634662
2012-03-22 00:00:00,1.6424813672911467
2012-03-23 00:00:00,1.6539545827244309
2012-03-26 00:00:00,1.675089453259427
2012-03-27 00:00:00,1.6645220179919291
2012-03-28 00:00:00,1.6530488025586452
2012-03-29 00:00:00,1.6424813672911467
2012-03-30 00:00:00,1.6572757766656445
2012-04-02 00:00:00,1.6765990868690697
2012-04-03 00:00:00,1.6473121948420033
2012-04-04 00:00:00,1.610477134766724
2012-04-05 00:00:00,1.6008154796650114
2012-04-09 00:00:00,1.5832474506521896
2012-04-10 00:00:00,1.5546581125392913
2012-04-11 00:00:00,1.5763258214248563
2012-04-12 00:00:00,1.605065629738349
2012-04-13 00:00:00,1.574520179017726
2012-04-16 00:00:00,1.5859559142628854
2012-04-17 00:00:00,1.6112349079627113
2012-04-18 00:00:00,1.6028085767294358
2012-04-19 00:00:00,1.5931784838914067
2012-04-20 00:00:00,1.6085264443520155
2012-04-23 00:00:00,1.5763258214248563
2012-04-24 00:00:00,1.5889653182747694
2012-04-25 00:00:00,1.6106330271603344
2012-04-26 00:00:00,1.6202631199983635
2012-04-27 00:00:00,1.6268838088245081
2012-04-30 00:00:00,1.6175546563876675
2012-05-01 00:00:00,1.6241753452138123
2012-05-02 00:00:00,1.6115358483638995
2012-05-03 00:00:00,1.5973916495080445
2012-05-04 00:00:00,1.5730154770117841
2012-05-07 00:00:00,1.5844512122569432
2012-05-08 00:00:00,1.5600750397606826
2012-05-09 00:00:00,1.5293477006615817
2012-05-10 00:00:00,1.5293477006615817
2012-05-11 00:00:00,1.5293477006615817
2012-05-14 00:00:00,1.5293477006615817
2012-05-15 00:00:00,1.5293477006615817
2012-05-16 00:00:00,1.5293477006615817
2012-05-17 00:00:00,1.5293477006615817
2012-05-18 00:00:00,1.5293477006615817
2012-05-21 00:00:00,1.5293477006615817
2012-05-22 00:00:00,1.5293477006615817
2012-05-23 00:00:00,1.5293477006615817
2012-05-24 00:00:00,1.5293477006615817
2012-05-25 00:00:00,1.5293477006615817
2012-05-29 00:00:00,1.5293477006615817
2012-05-30 00:00:00,1.5293477006615817
2012-05-31 00:00:00,1.5293477006615817
2012-06-01 00:00:00,1.5293477006615817
2012-06-04 00:00:00,1.5293477006615817
2012-06-05 00:00:00,1.5293477006615817
2012-06-06 00:00:00,1.5293477006615817
2012-06-07 00:00:00,1.5293477006615817
2012-06-08 00:00:00,1.5293477006615817
2012-06-11 00:00:00,1.5293477006615817
2012-06-12 00:00:00,1.5293477006615817
2012-06-13 00:00:00,1.5293477006615817
2012-06-14 00:00:00,1.5293477006615817
2012-06-15 00:00:00,1.5293477006615817
2012-06-18 00:00:00,1.5293477006615817
2012-06-19 00:00:00,1.5293477006615817
2012-06-20 00:00:00,1.5293477006615817
2012-06-21 00:00:00,1.5293477006615817
2012-06-22 00:00:00,1.5293477006615817
2012-06-25 00:00:00,1.5293477006615817
2012-06-26 00:00:00,1.5293477006615817
2012-06-27 00:00:00,1.5293477006615817
2012-06-28 00:00:00,1.5293477006615817
2012-06-29 00:00:00,1.5293477006615817
2012-07-02 00:00:00,1.5293477006615817
2012-07-03 00:00:00,1.5293477006615817
2012-07-05 00:00:00,1.5293477006615817
2012-07-06 00:00:00,1.5293477006615817
2012-07-09 00:00:00,1.5293477006615817
2012-07-10 00:00:00,1.5293477006615817
2012-07-11 00:00:00,1.5293477006615817
2012-07-12 00:00:00,1.5293477006615817
2012-07-13 00:00:00,1.5293477006615817
2012-07-16 00:00:00,1.5293477006615817
2012-07-17 00:00:00,1.5293477006615817
2012-07-18 00:00:00,1.5293477006615817
2012-07-19 00:00:00,1.5293477006615817
2012-07-20 00:00:00,1.5293477006615817
2012-07-23 00:00:00,1.5293477006615817
2012-07-24 00:00:00,1.5293477006615817
2012-07-25 00:00:00,1.5293477006615817
2012-07-26 00:00:00,1.5293477006615817
2012-07-27 00:00:00,1.5293477006615817
2012-07-30 00:00:00,1.5293477006615817
2012-07-31 00:00:00,1.5293477006615817
2012-08-01 00:00:00,1.5293477006615817
2012-08-02 00:00:00,1.5293477006615817
2012-08-03 00:00:00,1.5293477006615817
2012-08-06 00:00:00,1.5293477006615817
2012-08-07 00:00:00,1.5293477006615817
2012-08-08 00:00:00,1.5293477006615817
2012-08-09 00:00:00,1.5293477006615817
2012-08-10 00:00:00,1.5293477006615817
2012-08-13 00:00:00,1.5265112508175673
2012-08-14 00:00:00,1.5296055597383102
2012-08-15 00:00:00,1.5257376735873818
2012-08-16 00:00:00,1.5422406544980105
2012-08-17 00:00:00,1.5440456680351107
2012-08-20 00:00:00,1.542498513574739
2012-08-21 00:00:00,1.5502342858765965
2012-08-22 00:00:00,1.548687131416225
2012-08-23 00:00:00,1.5409513591143675
2012-08-24 00:00:00,1.5388884865005392
2012-08-27 00:00:00,1.5396620637307248
2012-08-28 00:00:00,1.5383727683470818
2012-08-29 00:00:00,1.534247023119425
2012-08-30 00:00:00,1.5143918742113243
2012-08-31 00:00:00,1.5259955326641104
2012-09-04 00:00:00,1.5192911966691673
2012-09-05 00:00:00,1.5156811695949672
2012-09-06 00:00:00,1.5485582018778608
2012-09-07 00:00:00,1.5688001394010538
2012-09-10 00:00:00,1.5579700581784537
2012-09-11 00:00:00,1.5734416027821683
2012-09-12 00:00:00,1.5824666704676686
2012-09-13 00:00:00,1.6034821852210475
2012-09-14 00:00:00,1.6175355049027547
2012-09-17 00:00:00,1.610057591677626
2012-09-18 00:00:00,1.6041268329128688
2012-09-19 00:00:00,1.610057591677626
2012-09-20 00:00:00,1.6010351025828933
2012-09-21 00:00:00,1.601935030760676
2012-09-24 00:00:00,1.5969067787644688
2012-09-25 00:00:00,1.5872370633871473
2012-09-26 00:00:00,1.5731837437054397
2012-09-27 00:00:00,1.5896867246160686
2012-09-28 00:00:00,1.562095803406111
2012-10-01 00:00:00,1.5731837437054397
2012-10-02 00:00:00,1.57859878431674
2012-10-03 00:00:00,1.572925884628711
2012-10-04 00:00:00,1.5896867246160686
2012-10-05 00:00:00,1.5914917381531688
2012-10-08 00:00:00,1.5832402476978542
2012-10-09 00:00:00,1.5631272397130254
2012-10-10 00:00:00,1.5592593535620967
2012-10-11 00:00:00,1.5680265621708682
2012-10-12 00:00:00,1.5664794077104967
2012-10-15 00:00:00,1.5798880797003827
2012-10-16 00:00:00,1.602837537529226
2012-10-17 00:00:00,1.6159883504423835
2012-10-18 00:00:00,1.6105733098310833
2012-10-19 00:00:00,1.5914917381531688
2012-10-22 00:00:00,1.6012903830688545
2012-10-23 00:00:00,1.5711208710916111
2012-10-24 00:00:00,1.571894448321797
2012-10-25 00:00:00,1.5801459387771115
2012-10-26 00:00:00,1.5780830661632825
2012-10-31 00:00:00,1.5769227003180042
2012-11-01 00:00:00,1.5932967516902685
2012-11-02 00:00:00,1.5797591501620185
2012-11-05 00:00:00,1.5765462260659804
2012-11-06 00:00:00,1.5896867246160686
2012-11-07 00:00:00,1.5688001394010538
2012-11-08 00:00:00,1.5564229037180821
2012-11-09 00:00:00,1.5569386218715393
2012-11-12 00:00:00,1.5557782560262607
2012-11-13 00:00:00,1.5492028495696821
2012-11-14 00:00:00,1.5350206003496105
2012-11-15 00:00:00,1.539401626063229
2012-11-16 00:00:00,1.5386306274238104
2012-11-19 00:00:00,1.5676397735557754
2012-11-20 00:00:00,1.569831575707968
2012-11-21 00:00:00,1.5721523073985255
2012-11-23 00:00:00,1.6018061012223117
2012-11-26 00:00:00,1.5984539332248402
2012-11-27 00:00:00,1.5914917381531688
2012-11-28 00:00:00,1.6015482421455831
2012-11-29 00:00:00,1.6136676187518262
2012-11-30 00:00:00,1.6154726322889263
2012-12-03 00:00:00,1.6172776458260265
2012-12-04 00:00:00,1.620758743361862
2012-12-05 00:00:00,1.622950545514055
2012-12-06 00:00:00,1.6257869953580693
2012-12-07 00:00:00,1.6264316430498909
2012-12-10 00:00:00,1.627824082064225
2012-12-11 00:00:00,1.6361013584272124
2012-12-12 00:00:00,1.6407428218083266
2012-12-13 00:00:00,1.636359217503941
2012-12-14 00:00:00,1.6414132554078211
2012-12-17 00:00:00,1.6475760873416339
2012-12-18 00:00:00,1.646673580573084
2012-12-19 00:00:00,1.651905541239907
2012-12-20 00:00:00,1.6616294070233415
2012-12-21 00:00:00,1.6526043393378413
2012-12-24 00:00:00,1.6487364531869126
2012-12-26 00:00:00,1.648478594110184
2012-12-27 00:00:00,1.655182930105127
2012-12-28 00:00:00,1.6397113855014125
2012-12-31 00:00:00,1.6616294070233415
2013-01-02 00:00:00,1.6844499353138205
2013-01-03 00:00:00,1.669880897478656
2013-01-04 00:00:00,1.6773588107037847
2013-01-07 00:00:00,1.6709149123763376
2013-01-08 00:00:00,1.6626608433302557
2013-01-09 00:00:00,1.6701387565553845
2013-01-10 00:00:00,1.6889624691565706
2013-01-11 00:00:00,1.6920567780773135
2013-01-14 00:00:00,1.6938617916144136
2013-01-15 00:00:00,1.6915410599238565
2013-01-16 00:00:00,1.6843210057754563
2013-01-17 00:00:00,1.6964403823816994
2013-01-18 00:00:00,1.6948932279213278
2013-01-22 00:00:00,1.6956668051515134
2013-01-23 00:00:00,1.694119650691142
2013-01-24 00:00:00,1.7013397048395422
2013-01-25 00:00:00,1.7175848266734428
2013-01-28 00:00:00,1.7101069134483138
2013-01-29 00:00:00,1.720421276517457
2013-01-30 00:00:00,1.7219684309778285
2013-01-31 00:00:00,1.7162955312897996
2013-02-01 00:00:00,1.728414907896043
2013-02-04 00:00:00,1.7008239866860853
2013-02-05 00:00:00,1.7077861817577566
2013-02-06 00:00:00,1.707528322681028
2013-02-07 00:00:00,1.6951510869980564
2013-02-08 00:00:00,1.704691872837014
2013-02-11 00:00:00,1.7031447183766424
2013-02-12 00:00:00,1.7106226316017712
2013-02-13 00:00:00,1.714232658675971
2013-02-14 00:00:00,1.7059811682206565
2013-02-15 00:00:00,1.7021132820697278
2013-02-19 00:00:00,1.7199055583639997
2013-02-20 00:00:00,1.7049497319137423
2013-02-21 00:00:00,1.6822581331616275
2013-02-22 00:00:00,1.7036604365300994
2013-02-25 00:00:00,1.667560165788099
2013-02-26 00:00:00,1.6794216833176132
2013-02-27 00:00:00,1.6982453959187995
2013-02-28 00:00:00,1.6965693119200638
2013-03-01 00:00:00,1.6936039325376848
2013-03-04 00:00:00,1.7000504094558995
2013-03-05 00:00:00,1.7150062359061566
2013-03-06 00:00:00,1.7188741220570853
2013-03-07 00:00:00,1.7232577263614712
2013-03-08 00:00:00,1.7264809648205786
2013-03-11 00:00:00,1.7312513577400572
2013-03-12 00:00:00,1.7235155854381998
2013-03-13 00:00:00,1.7210659242092783
2013-03-14 00:00:00,1.7361506801979
2013-03-15 00:00:00,1.739270775026316
2013-03-18 00:00:00,1.722226290054557
2013-03-19 00:00:00,1.7175848266734428
2013-03-20 00:00:00,1.7268677534356713
2013-03-21 00:00:00,1.7129433632923283
2013-03-22 00:00:00,1.7260941762054858
2013-03-25 00:00:00,1.7070126045275709
2013-03-26 00:00:00,1.716424460828164
2013-03-27 00:00:00,1.7090754771413996
2013-03-28 00:00:00,1.7162955312897996
2013-04-01 00:00:00,1.6954089460747852
2013-04-02 00:00:00,1.711911926985414
2013-04-03 00:00:00,1.7044340137602854
2013-04-04 00:00:00,1.7179716152885356
2013-04-05 00:00:00,1.7108804906784998
2013-04-08 00:00:00,1.7168112494432568
2013-04-09 00:00:00,1.722226290054557
2013-04-10 00:00:00,1.7447889592683075
2013-04-11 00:00:00,1.757037265412915
2013-04-12 00:00:00,1.753169379261986
2013-04-15 00:00:00,1.7224841491312854
2013-04-16 00:00:00,1.744144311576486
2013-04-17 00:00:00,1.711911926985414
2013-04-18 00:00:00,1.7072704636042997
2013-04-19 00:00:00,1.7193898402105425
2013-04-22 00:00:00,1.725836317128757
2013-04-23 00:00:00,1.7474964795739574
2013-04-24 00:00:00,1.7609051515638436
2013-04-25 00:00:00,1.7691566420191578
2013-04-26 00:00:00,1.7704485159935681
2013-04-29 00:00:00,1.7905589453876296
2013-04-30 00:00:00,1.7926218180014584
2013-05-01 00:00:00,1.7830810321625008
2013-05-02 00:00:00,1.7879803546203439
2013-05-03 00:00:00,1.8083512216819013
2013-05-06 00:00:00,1.8062883490680728
2013-05-07 00:00:00,1.8088669398353585
2013-05-08 00:00:00,1.8258856388994449
2013-05-09 00:00:00,1.8101562352190015
2013-05-10 00:00:00,1.8119612487561017
2013-05-13 00:00:00,1.8111876715259156
2013-05-14 00:00:00,1.8142819804466588
2013-05-15 00:00:00,1.8212441755183302
2013-05-16 00:00:00,1.8101562352190015
2013-05-17 00:00:00,1.8212441755183302
2013-05-20 00:00:00,1.8302692432038303
2013-05-21 00:00:00,1.833621411201302
2013-05-22 00:00:00,1.817118430290673
2013-05-23 00:00:00,1.7939111133851013
2013-05-24 00:00:00,1.779986723241758
2013-05-28 00:00:00,1.7841124684694152
2013-05-29 00:00:00,1.7688987829424294
2013-05-30 00:00:00,1.775087400783915
2013-05-31 00:00:00,1.7444021706532147
2013-06-03 00:00:00,1.750332929417972
2013-06-04 00:00:00,1.7560058291060008
2013-06-05 00:00:00,1.7211948537476427
2013-06-06 00:00:00,1.7297042032796857
2013-06-07 00:00:00,1.750332929417972
2013-06-10 00:00:00,1.7518800838783433
2013-06-11 00:00:00,1.7327985122004284
2013-06-12 00:00:00,1.7309934986633286
2013-06-13 00:00:00,1.7340699637359618
2013-06-14 00:00:00,1.7281457183803102
2013-06-17 00:00:00,1.7583737612755337
2013-06-18 00:00:00,1.7583737612755337
2013-06-19 00:00:00,1.726974229824185
2013-06-20 00:00:00,1.6870215682949945
2013-06-21 00:00:00,1.6870215682949945
2013-06-24 00:00:00,1.6870215682949945
2013-06-25 00:00:00,1.6870215682949945
2013-06-26 00:00:00,1.6870215682949945
2013-06-27 00:00:00,1.6870215682949945
2013-06-28 00:00:00,1.6870215682949945
2013-07-01 00:00:00,1.6870215682949945
2013-07-02 00:00:00,1.6870215682949945
2013-07-03 00:00:00,1.6870215682949945
2013-07-05 00:00:00,1.6870215682949945
2013-07-08 00:00:00,1.6870215682949945
2013-07-09 00:00:00,1.6870215682949945
2013-07-10 00:00:00,1.6870215682949945
2013-07-11 00:00:00,1.6870215682949945
2013-07-12 00:00:00,1.6870215682949945
2013-07-15 00:00:00,1.6870215682949945
2013-07-16 00:00:00,1.6870215682949945
2013-07-17 00:00:00,1.6870215682949945
2013-07-18 00:00:00,1.6870215682949945
2013-07-19 00:00:00,1.6870215682949945
2013-07-22 00:00:00,1.6925700687662821
2013-07-23 00:00:00,1.6961765940726192
2013-07-24 00:00:00,1.693957193884104
2013-07-25 00:00:00,1.6972862941668767
2013-07-26 00:00:00,1.6867441432714299
2013-07-29 00:00:00,1.670653491904696
2013-07-30 00:00:00,1.6703760668811318
2013-07-31 00:00:00,1.674260017211033
2013-08-01 00:00:00,1.6970088691433123
2013-08-02 00:00:00,1.710880120321531
2013-08-05 00:00:00,1.707273595015194
2013-08-06 00:00:00,1.7047767698031149
2013-08-07 00:00:00,1.6972862941668767
2013-08-08 00:00:00,1.7126833829746995
2013-08-09 00:00:00,1.7155963457221255
2013-08-12 00:00:00,1.710880120321531
2013-08-13 00:00:00,1.7219771212641062
2013-08-14 00:00:00,1.7228093963347995
2013-08-15 00:00:00,1.7082445825976698
2013-08-16 00:00:00,1.7114627128710165
2013-08-19 00:00:00,1.6992282693318272
2013-08-20 00:00:00,1.6970088691433123
2013-08-21 00:00:00,1.677034267446677
2013-08-22 00:00:00,1.6934023438369752
2013-08-23 00:00:00,1.708105870085887
2013-08-26 00:00:00,1.69562174402549
2013-08-27 00:00:00,1.6667695415747945
2013-08-28 00:00:00,1.664827566409844
2013-08-29 00:00:00,1.6620533161742002
2013-08-30 00:00:00,1.6415238644304362
2013-09-03 00:00:00,1.6731503171167756
2013-09-04 00:00:00,1.688131268389252
2013-09-05 00:00:00,1.6867441432714299
2013-09-06 00:00:00,1.6958991690490548
2013-09-09 00:00:00,1.7192028710284624
2013-09-10 00:00:00,1.7386226226779693
2013-09-11 00:00:00,1.7447259731963856
2013-09-12 00:00:00,1.7347386723480678
2013-09-13 00:00:00,1.743061423054999
2013-09-16 00:00:00,1.7566552492096537
2013-09-17 00:00:00,1.7577649493039111
2013-09-18 00:00:00,1.8046497782862914
2013-09-19 00:00:00,1.7960496025557957
2013-09-20 00:00:00,1.782871913936488
2013-09-23 00:00:00,1.7824557764011413
2013-09-24 00:00:00,1.7796815261654975
2013-09-25 00:00:00,1.781623501330448
2013-09-26 00:00:00,1.7891139769666862
2013-09-27 00:00:00,1.7827332014247057
2013-09-30 00:00:00,1.7699993928431004
2013-10-01 00:00:00,1.779404101141933
2013-10-02 00:00:00,1.7788492510948042
2013-10-03 00:00:00,1.7671974001051003
2013-10-04 00:00:00,1.771358775458566
2013-10-07 00:00:00,1.7530487239033168
2013-10-08 00:00:00,1.7394548977486624
2013-10-09 00:00:00,1.7469453733849003
2013-10-10 00:00:00,1.778294401047675
2013-10-11 00:00:00,1.787726851848864
2013-10-14 00:00:00,1.7938302023672805
2013-10-15 00:00:00,1.7852300266367847
2013-10-16 00:00:00,1.7986851402796573
2013-10-17 00:00:00,1.822404979794412
2013-10-18 00:00:00,1.8332245557134224
2013-10-21 00:00:00,1.8359988059490666
2013-10-22 00:00:00,1.8543088575043156
2013-10-23 00:00:00,1.8362762309726306
2013-10-24 00:00:00,1.8490377820565926
2013-10-25 00:00:00,1.8436279940970868
2013-10-28 00:00:00,1.8407150313496607
2013-10-29 00:00:00,1.844598981679562
2013-10-30 00:00:00,1.837940781114017
2013-10-31 00:00:00,1.8276760552421347
2013-11-01 00:00:00,1.8187984544880749
2013-11-04 00:00:00,1.8276760552421347
2013-11-05 00:00:00,1.8117241163871836
2013-11-06 00:00:00,1.8276760552421347
2013-11-07 00:00:00,1.7988238527914397
2013-11-08 00:00:00,1.809366003686886
2013-11-11 00:00:00,1.8132499540167872
2013-11-12 00:00:00,1.807146603498371
2013-11-13 00:00:00,1.812972528993223
2013-11-14 00:00:00,1.8211565671883723
2013-11-15 00:00:00,1.83597106344671
2013-11-18 00:00:00,1.8359988059490666
2013-11-19 00:00:00,1.8312825805484723
2013-11-20 00:00:00,1.8185210294645107
2013-11-21 00:00:00,1.82989545543065
2013-11-22 00:00:00,1.8351665308783736
2013-11-25 00:00:00,1.829618030407086
2013-11-26 00:00:00,1.829618030407086
2013-11-27 00:00:00,1.8340568307841156
2013-11-29 00:00:00,1.8376633560904525
2013-12-02 00:00:00,1.8240695299357983
2013-12-03 00:00:00,1.8113079788518367
2013-12-04 00:00:00,1.8015981030270833
2013-12-05 00:00:00,1.7913333771552011
2013-12-06 00:00:00,1.8135273790403517
2013-12-09 00:00:00,1.8115854038754011
2013-12-10 00:00:00,1.8085337286161929
2013-12-11 00:00:00,1.7916108021787656
2013-12-12 00:00:00,1.77857182607124
2013-12-13 00:00:00,1.777462125976982
2013-12-16 00:00:00,1.7902236770609439
2013-12-17 00:00:00,1.7824557764011413
2013-12-18 00:00:00,1.7949399024615385
2013-12-19 00:00:00,1.7949399024615385
2013-12-20 00:00:00,1.8052046283334202
2013-12-23 00:00:00,1.8237921049122334
2013-12-24 00:00:00,1.8273986302185707
2013-12-26 00:00:00,1.8373859310668885
2013-12-27 00:00:00,1.8468183818680772
2013-12-30 00:00:00,1.8545862825278798
2013-12-31 00:00:00,1.8613831956052072
2014-01-02 00:00:00,1.828508330312828
2014-01-03 00:00:00,1.830450305477779
2014-01-06 00:00:00,1.828230905289264
2014-01-07 00:00:00,1.8384956311611458
2014-01-08 00:00:00,1.837940781114017
2014-01-09 00:00:00,1.8365536559961955
2014-01-10 00:00:00,1.8534765824336223
2014-01-13 00:00:00,1.8373859310668885
2014-01-14 00:00:00,1.8520894573158004
2014-01-15 00:00:00,1.8598573579756033
2014-01-16 00:00:00,1.85902508290491
2014-01-17 00:00:00,1.8534765824336223
2014-01-21 00:00:00,1.8623541831876826
2014-01-22 00:00:00,1.8623541831876826
2014-01-23 00:00:00,1.8498700571272857
2014-01-24 00:00:00,1.7991012778150037
2014-01-27 00:00:00,1.7907785271080723
2014-01-28 00:00:00,1.8063143284276777
2014-01-29 00:00:00,1.786062301707478
2014-01-30 00:00:00,1.7952173274851024
2014-01-31 00:00:00,1.7647005748930207
2014-02-03 00:00:00,1.7286353218296515
2014-02-04 00:00:00,1.740722064286295
2014-02-05 00:00:00,1.740722064286295
2014-02-06 00:00:00,1.740722064286295
2014-02-07 00:00:00,1.740722064286295
2014-02-10 00:00:00,1.740722064286295
2014-02-11 00:00:00,1.740722064286295
2014-02-12 00:00:00,1.740722064286295
2014-02-13 00:00:00,1.740722064286295
2014-02-14 00:00:00,1.740722064286295
2014-02-18 00:00:00,1.740722064286295
2014-02-19 00:00:00,1.740722064286295
2014-02-20 00:00:00,1.740722064286295
2014-02-21 00:00:00,1.740722064286295
2014-02-24 00:00:00,1.74926770964801
2014-02-25 00:00:00,1.74512436644233
2014-02-26 00:00:00,1.739168310584165
2014-02-27 00:00:00,1.74512436644233
2014-02-28 00:00:00,1.74823187384659
2014-03-03 00:00:00,1.7112007439458252
2014-03-04 00:00:00,1.74512436644233
2014-03-05 00:00:00,1.7435706127402
2014-03-06 00:00:00,1.76169773926505
2014-03-07 00:00:00,1.7521162581019147
2014-03-10 00:00:00,1.741239982187005
2014-03-11 00:00:00,1.7285509936196102
2014-03-12 00:00:00,1.7220770198607354
2014-03-13 00:00:00,1.6880094884695303
2014-03-14 00:00:00,1.694514843365744
2014-03-17 00:00:00,1.7158524074253247
2014-03-18 00:00:00,1.726521189455115
2014-03-19 00:00:00,1.7054438395913831
2014-03-20 00:00:00,1.6989384846951694
2014-03-21 00:00:00,1.7065901351669348
2014-03-24 00:00:00,1.7065901351669348
2014-03-25 00:00:00,1.7065901351669348
2014-03-26 00:00:00,1.7065901351669348
2014-03-27 00:00:00,1.7065901351669348
2014-03-28 00:00:00,1.7065901351669348
2014-03-31 00:00:00,1.7065901351669348
2014-04-01 00:00:00,1.7065901351669348
2014-04-02 00:00:00,1.7096177935971542
2014-04-03 00:00:00,1.70482400108264
2014-04-04 00:00:00,1.6995255988297566
2014-04-07 00:00:00,1.6914518430158385
2014-04-08 00:00:00,1.6904426235390986
2014-04-09 00:00:00,1.7121408422890034
2014-04-10 00:00:00,1.6818642579868106
2014-04-11 00:00:00,1.6717720632194133
2014-04-14 00:00:00,1.6813596482484408
2014-04-15 00:00:00,1.6742951119112626
2014-04-16 00:00:00,1.6949841111844277
2014-04-17 00:00:00,1.7038147816059006
2014-04-21 00:00:00,1.706085525428565
2014-04-22 00:00:00,1.7131500617657434
2014-04-23 00:00:00,1.7091131838587839
2014-04-24 00:00:00,1.7088608789895994
2014-04-25 00:00:00,1.7005348183064963
2014-04-28 00:00:00,1.70583322055938
2014-04-29 00:00:00,1.7169346348035173
2014-04-30 00:00:00,1.7237468662715105
2014-05-01 00:00:00,1.7285406587860248
2014-05-02 00:00:00,1.7257653052249904
2014-05-05 00:00:00,1.7245037808790653
2014-05-06 00:00:00,1.7214761224488464
2014-05-07 00:00:00,1.7234945614023258
2014-05-08 00:00:00,1.7237468662715105
2014-05-09 00:00:00,1.7212238175796613
2014-05-12 00:00:00,1.7325775366929839
2014-05-13 00:00:00,1.735100585384833
2014-05-14 00:00:00,1.7318206220854289
2014-05-15 00:00:00,1.7242514760098808
2014-05-16 00:00:00,1.7280360490476545
2014-05-19 00:00:00,1.7245037808790653
2014-05-20 00:00:00,1.7136546715041132
2014-05-21 00:00:00,1.7270268295709148
2014-05-22 00:00:00,1.7292975733935798
2014-05-23 00:00:00,1.7338390610389083
2014-05-27 00:00:00,1.7462019996289704
2014-05-28 00:00:00,1.7403989876377168
2014-05-29 00:00:00,1.7509957921434842
2014-05-30 00:00:00,1.751248097012669
2014-06-02 00:00:00,1.7547803651812584
2014-06-03 00:00:00,1.7504911824051144
2014-06-04 00:00:00,1.7499865726667443
2014-06-05 00:00:00,1.7620972063876217
2014-06-06 00:00:00,1.7716847914166494
2014-06-09 00:00:00,1.7699186573323549
2014-06-10 00:00:00,1.7661340842945807
2014-06-11 00:00:00,1.7573034138731078
2014-06-12 00:00:00,1.7578080236114777
2014-06-13 00:00:00,1.7590695479574023
2014-06-16 00:00:00,1.759574157695772
2014-06-17 00:00:00,1.7583126333498473
2014-06-18 00:00:00,1.7734509255009443
2014-06-19 00:00:00,1.7830385105299718
2014-06-20 00:00:00,1.7800108520997524
2014-06-23 00:00:00,1.7752170595852383
2014-06-24 00:00:00,1.7641156453411013
2014-06-25 00:00:00,1.7212238175796613
2014-06-26 00:00:00,1.7224853419255859
2014-06-27 00:00:00,1.7234945614023258
2014-06-30 00:00:00,1.7250083906174358
2014-07-01 00:00:00,1.740146682768532
2014-07-02 00:00:00,1.7429220363295663
2014-07-03 00:00:00,1.6773227703414817
2014-07-07 00:00:00,1.7328298415621688
2014-07-08 00:00:00,1.714663890980853
2014-07-09 00:00:00,1.7202145981029218
2014-07-10 00:00:00,1.7012917329140513
2014-07-11 00:00:00,1.7023009523907908
2014-07-14 00:00:00,1.7149161958500378
2014-07-15 00:00:00,1.7106270130738939
2014-07-16 00:00:00,1.7212238175796613
2014-07-17 00:00:00,1.7126454520273733
2014-07-18 00:00:00,1.7126454520273733
2014-07-21 00:00:00,1.7063378302977499
2014-07-22 00:00:00,1.7139069763732984
2014-07-23 00:00:00,1.717439244541887
2014-07-24 00:00:00,1.7214761224488464
2014-07-25 00:00:00,1.71776582796456
2014-07-28 00:00:00,1.71776582796456
2014-07-29 00:00:00,1.71776582796456
2014-07-30 00:00:00,1.71776582796456
2014-07-31 00:00:00,1.71776582796456
2014-08-01 00:00:00,1.71776582796456
2014-08-04 00:00:00,1.71776582796456
2014-08-05 00:00:00,1.71776582796456
2014-08-06 00:00:00,1.71776582796456
2014-08-07 00:00:00,1.71776582796456
2014-08-08 00:00:00,1.71776582796456
2014-08-11 00:00:00,1.71776582796456
2014-08-12 00:00:00,1.71776582796456
2014-08-13 00:00:00,1.71776582796456
2014-08-14 00:00:00,1.71776582796456
2014-08-15 00:00:00,1.71776582796456
2014-08-18 00:00:00,1.71776582796456
2014-08-19 00:00:00,1.71776582796456
2014-08-20 00:00:00,1.71776582796456
2014-08-21 00:00:00,1.71776582796456
2014-08-22 00:00:00,1.71776582796456
2014-08-25 00:00:00,1.71776582796456
2014-08-26 00:00:00,1.71776582796456
2014-08-27 00:00:00,1.71776582796456
2014-08-28 00:00:00,1.71776582796456
2014-08-29 00:00:00,1.71776582796456
2014-09-02 00:00:00,1.71776582796456
2014-09-03 00:00:00,1.71776582796456
2014-09-04 00:00:00,1.71776582796456
2014-09-05 00:00:00,1.71776582796456
2014-09-08 00:00:00,1.71776582796456
2014-09-09 00:00:00,1.71776582796456
2014-09-10 00:00:00,1.71776582796456
2014-09-11 00:00:00,1.71776582796456
2014-09-12 00:00:00,1.71776582796456
2014-09-15 00:00:00,1.71776582796456
2014-09-16 00:00:00,1.71776582796456
2014-09-17 00:00:00,1.71776582796456
2014-09-18 00:00:00,1.71776582796456
2014-09-19 00:00:00,1.71776582796456
2014-09-22 00:00:00,1.71776582796456
2014-09-23 00:00:00,1.71776582796456
2014-09-24 00:00:00,1.71776582796456
2014-09-25 00:00:00,1.71776582796456
2014-09-26 00:00:00,1.71776582796456
2014-09-29 00:00:00,1.71776582796456
2014-09-30 00:00:00,1.71776582796456
2014-10-01 00:00:00,1.71776582796456
2014-10-02 00:00:00,1.71776582796456
2014-10-03 00:00:00,1.71776582796456
2014-10-06 00:00:00,1.71776582796456
2014-10-07 00:00:00,1.71776582796456
2014-10-08 00:00:00,1.71776582796456
2014-10-09 00:00:00,1.71776582796456
2014-10-10 00:00:00,1.71776582796456
2014-10-13 00:00:00,1.71776582796456
2014-10-14 00:00:00,1.71776582796456
2014-10-15 00:00:00,1.71776582796456
2014-10-16 00:00:00,1.71776582796456
2014-10-17 00:00:00,1.71776582796456
2014-10-20 00:00:00,1.71776582796456
2014-10-21 00:00:00,1.71776582796456
2014-10-22 00:00:00,1.71776582796456
2014-10-23 00:00:00,1.71776582796456
2014-10-24 00:00:00,1.71776582796456
2014-10-27 00:00:00,1.71776582796456
2014-10-28 00:00:00,1.71776582796456
2014-10-29 00:00:00,1.71776582796456
2014-10-30 00:00:00,1.71776582796456
2014-10-31 00:00:00,1.71776582796456
2014-11-03 00:00:00,1.71776582796456
2014-11-04 00:00:00,1.71776582796456
2014-11-05 00:00:00,1.71776582796456
2014-11-06 00:00:00,1.71776582796456
2014-11-07 00:00:00,1.71776582796456
2014-11-10 00:00:00,1.71776582796456
2014-11-11 00:00:00,1.71776582796456
2014-11-12 00:00:00,1.71776582796456
2014-11-13 00:00:00,1.71776582796456
2014-11-14 00:00:00,1.71776582796456
2014-11-17 00:00:00,1.71776582796456
2014-11-18 00:00:00,1.71776582796456
2014-11-19 00:00:00,1.71776582796456
2014-11-20 00:00:00,1.71776582796456
2014-11-21 00:00:00,1.71776582796456
2014-11-24 00:00:00,1.71776582796456
2014-11-25 00:00:00,1.71776582796456
2014-11-26 00:00:00,1.71776582796456
2014-11-28 00:00:00,1.71776582796456
2014-12-01 00:00:00,1.71776582796456
2014-12-02 00:00:00,1.71776582796456
2014-12-03 00:00:00,1.71776582796456
2014-12-04 00:00:00,1.71776582796456
2014-12-05 00:00:00,1.71776582796456
2014-12-08 00:00:00,1.71776582796456
2014-12-09 00:00:00,1.71776582796456
2014-12-10 00:00:00,1.71776582796456
2014-12-11 00:00:00,1.71776582796456
2014-12-12 00:00:00,1.71776582796456
2014-12-15 00:00:00,1.71776582796456
2014-12-16 00:00:00,1.71776582796456
2014-12-17 00:00:00,1.71776582796456
2014-12-18 00:00:00,1.71776582796456
2014-12-19 00:00:00,1.71776582796456
2014-12-22 00:00:00,1.71776582796456
2014-12-23 00:00:00,1.71776582796456
2014-12-24 00:00:00,1.71776582796456
2014-12-26 00:00:00,1.71776582796456
2014-12-29 00:00:00,1.71776582796456
2014-12-30 00:00:00,1.71776582796456
2014-12-31 00:00:00,1.71776582796456
2015-01-02 00:00:00,1.71776582796456
2015-01-05 00:00:00,1.71776582796456
2015-01-06 00:00:00,1.71776582796456
2015-01-07 00:00:00,1.71776582796456
2015-01-08 00:00:00,1.71776582796456
2015-01-09 00:00:00,1.71776582796456
2015-01-12 00:00:00,1.71776582796456
2015-01-13 00:00:00,1.71776582796456
2015-01-14 00:00:00,1.71776582796456
2015-01-15 00:00:00,1.71776582796456
2015-01-16 00:00:00,1.71776582796456
2015-01-20 00:00:00,1.71776582796456
2015-01-21 00:00:00,1.71776582796456
2015-01-22 00:00:00,1.71776582796456
2015-01-23 00:00:00,1.71776582796456
2015-01-26 00:00:00,1.71776582796456
2015-01-27 00:00:00,1.71776582796456
2015-01-28 00:00:00,1.71776582796456
2015-01-29 00:00:00,1.71776582796456
2015-01-30 00:00:00,1.71776582796456
2015-02-02 00:00:00,1.71776582796456
2015-02-03 00:00:00,1.71776582796456
2015-02-04 00:00:00,1.71776582796456
2015-02-05 00:00:00,1.71776582796456
2015-02-06 00:00:00,1.71776582796456
2015-02-09 00:00:00,1.71776582796456
2015-02-10 00:00:00,1.71776582796456
2015-02-11 00:00:00,1.71776582796456
2015-02-12 00:00:00,1.71776582796456
2015-02-13 00:00:00,1.71776582796456
2015-02-17 00:00:00,1.71776582796456
2015-02-18 00:00:00,1.71776582796456
2015-02-19 00:00:00,1.71776582796456
2015-02-20 00:00:00,1.71776582796456
2015-02-23 00:00:00,1.71776582796456
2015-02-24 00:00:00,1.71776582796456
2015-02-25 00:00:00,1.71776582796456
2015-02-26 00:00:00,1.71776582796456
2015-02-27 00:00:00,1.71776582796456
2015-03-02 00:00:00,1.71776582796456
2015-03-03 00:00:00,1.71776582796456
2015-03-04 00:00:00,1.71776582796456
2015-03-05 00:00:00,1.71776582796456
2015-03-06 00:00:00,1.71776582796456
2015-03-09 00:00:00,1.71776582796456
2015-03-10 00:00:00,1.71776582796456
2015-03-11 00:00:00,1.71776582796456
2015-03-12 00:00:00,1.71776582796456
2015-03-13 00:00:00,1.71776582796456
2015-03-16 00:00:00,1.71776582796456
2015-03-17 00:00:00,1.71776582796456
2015-03-18 00:00:00,1.71776582796456
2015-03-19 00:00:00,1.71776582796456
2015-03-20 00:00:00,1.71776582796456
2015-03-23 00:00:00,1.71776582796456
2015-03-24 00:00:00,1.71776582796456
2015-03-25 00:00:00,1.71776582796456
2015-03-26 00:00:00,1.71776582796456
2015-03-27 00:00:00,1.71776582796456
2015-03-30 00:00:00,1.71776582796456
2015-03-31 00:00:00,1.71776582796456
2015-04-01 00:00:00,1.71776582796456
2015-04-02 00:00:00,1.71776582796456
2015-04-06 00:00:00,1.71776582796456
2015-04-07 00:00:00,1.71776582796456
2015-04-08 00:00:00,1.71776582796456
2015-04-09 00:00:00,1.71776582796456
2015-04-10 00:00:00,1.71776582796456
2015-04-13 00:00:00,1.71776582796456
2015-04-14 00:00:00,1.71776582796456
2015-04-15 00:00:00,1.71776582796456
2015-04-16 00:00:00,1.71776582796456
2015-04-17 00:00:00,1.71776582796456
2015-04-20 00:00:00,1.71776582796456
2015-04-21 00:00:00,1.71776582796456
2015-04-22 00:00:00,1.71776582796456
2015-04-23 00:00:00,1.71776582796456
2015-04-24 00:00:00,1.71776582796456
2015-04-27 00:00:00,1.71776582796456
2015-04-28 00:00:00,1.71776582796456
2015-04-29 00:00:00,1.71776582796456
2015-04-30 00:00:00,1.71776582796456
2015-05-01 00:00:00,1.71776582796456
2015-05-04 00:00:00,1.71776582796456
2015-05-05 00:00:00,1.71776582796456
2015-05-06 00:00:00,1.71776582796456
2015-05-07 00:00:00,1.71776582796456
2015-05-08 00:00:00,1.71776582796456
2015-05-11 00:00:00,1.71776582796456
2015-05-12 00:00:00,1.71776582796456
2015-05-13 00:00:00,1.71776582796456
2015-05-14 00:00:00,1.71776582796456
2015-05-15 00:00:00,1.71776582796456
2015-05-18 00:00:00,1.71776582796456
2015-05-19 00:00:00,1.71776582796456
2015-05-20 00:00:00,1.71776582796456
2015-05-21 00:00:00,1.71776582796456
2015-05-22 00:00:00,1.71776582796456
2015-05-26 00:00:00,1.71776582796456
2015-05-27 00:00:00,1.71776582796456
2015-05-28 00:00:00,1.71776582796456
2015-05-29 00:00:00,1.71776582796456
2015-06-01 00:00:00,1.71776582796456
2015-06-02 00:00:00,1.71776582796456
2015-06-03 00:00:00,1.71776582796456
2015-06-04 00:00:00,1.71776582796456
2015-06-05 00:00:00,1.71776582796456
2015-06-08 00:00:00,1.71776582796456
2015-06-09 00:00:00,1.71776582796456
2015-06-10 00:00:00,1.71776582796456
2015-06-11 00:00:00,1.71776582796456
2015-06-12 00:00:00,1.71776582796456
2015-06-15 00:00:00,1.71776582796456
2015-06-16 00:00:00,1.71776582796456
2015-06-17 00:00:00,1.71776582796456
2015-06-18 00:00:00,1.71776582796456
2015-06-19 00:00:00,1.71776582796456
2015-06-22 00:00:00,1.71776582796456
2015-06-23 00:00:00,1.71776582796456
2015-06-24 00:00:00,1.71776582796456
2015-06-25 00:00:00,1.71776582796456
2015-06-26 00:00:00,1.71776582796456
2015-06-29 00:00:00,1.71776582796456
2015-06-30 00:00:00,1.71776582796456
2015-07-01 00:00:00,1.71776582796456
2015-07-02 00:00:00,1.71776582796456
2015-07-06 00:00:00,1.71776582796456
2015-07-07 00:00:00,1.71776582796456
2015-07-08 00:00:00,1.71776582796456
2015-07-09 00:00:00,1.71776582796456
2015-07-10 00:00:00,1.71776582796456
2015-07-13 00:00:00,1.71776582796456
2015-07-14 00:00:00,1.71776582796456
2015-07-15 00:00:00,1.71776582796456
2015-07-16 00:00:00,1.71776582796456
2015-07-17 00:00:00,1.71776582796456
2015-07-20 00:00:00,1.71776582796456
2015-07-21 00:00:00,1.71776582796456
2015-07-22 00:00:00,1.71776582796456
2015-07-23 00:00:00,1.71776582796456
2015-07-24 00:00:00,1.71776582796456
2015-07-27 00:00:00,1.71776582796456
2015-07-28 00:00:00,1.71776582796456
2015-07-29 00:00:00,1.71776582796456
2015-07-30 00:00:00,1.71776582796456
2015-07-31 00:00:00,1.71776582796456
2015-08-03 00:00:00,1.71776582796456
2015-08-04 00:00:00,1.71776582796456
2015-08-05 00:00:00,1.71776582796456
2015-08-06 00:00:00,1.71776582796456
2015-08-07 00:00:00,1.71776582796456
2015-08-10 00:00:00,1.71776582796456
2015-08-11 00:00:00,1.71776582796456
2015-08-12 00:00:00,1.71776582796456
2015-08-13 00:00:00,1.71776582796456
2015-08-14 00:00:00,1.71776582796456
2015-08-17 00:00:00,1.71776582796456
2015-08-18 00:00:00,1.71776582796456
2015-08-19 00:00:00,1.71776582796456
2015-08-20 00:00:00,1.71776582796456
2015-08-21 00:00:00,1.71776582796456
2015-08-24 00:00:00,1.71776582796456
2015-08-25 00:00:00,1.71776582796456
2015-08-26 00:00:00,1.71776582796456
2015-08-27 00:00:00,1.71776582796456
2015-08-28 00:00:00,1.71776582796456
2015-08-31 00:00:00,1.71776582796456
2015-09-01 00:00:00,1.71776582796456
2015-09-02 00:00:00,1.71776582796456
2015-09-03 00:00:00,1.71776582796456
2015-09-04 00:00:00,1.71776582796456
2015-09-08 00:00:00,1.71776582796456
2015-09-09 00:00:00,1.71776582796456
2015-09-10 00:00:00,1.71776582796456
2015-09-11 00:00:00,1.71776582796456
2015-09-14 00:00:00,1.71776582796456
2015-09-15 00:00:00,1.71776582796456
2015-09-16 00:00:00,1.71776582796456
2015-09-17 00:00:00,1.71776582796456
2015-09-18 00:00:00,1.71776582796456
2015-09-21 00:00:00,1.71776582796456
2015-09-22 00:00:00,1.71776582796456
2015-09-23 00:00:00,1.71776582796456
2015-09-24 00:00:00,1.71776582796456
2015-09-25 00:00:00,1.71776582796456
2015-09-28 00:00:00,1.71776582796456
2015-09-29 00:00:00,1.71776582796456
2015-09-30 00:00:00,1.71776582796456
2015-10-01 00:00:00,1.71776582796456
2015-10-02 00:00:00,1.71776582796456
2015-10-05 00:00:00,1.71776582796456
2015-10-06 00:00:00,1.71776582796456
2015-10-07 00:00:00,1.71776582796456
2015-10-08 00:00:00,1.71776582796456
2015-10-09 00:00:00,1.71776582796456
2015-10-12 00:00:00,1.71776582796456
2015-10-13 00:00:00,1.71776582796456
2015-10-14 00:00:00,1.71776582796456
2015-10-15 00:00:00,1.71776582796456
2015-10-16 00:00:00,1.71776582796456
2015-10-19 00:00:00,1.71776582796456
2015-10-20 00:00:00,1.71776582796456
2015-10-21 00:00:00,1.71776582796456
2015-10-22 00:00:00,1.71776582796456
2015-10-23 00:00:00,1.71776582796456
2015-10-26 00:00:00,1.71776582796456
2015-10-27 00:00:00,1.71776582796456
2015-10-28 00:00:00,1.71776582796456
2015-10-29 00:00:00,1.71776582796456
2015-10-30 00:00:00,1.71776582796456
2015-11-02 00:00:00,1.71776582796456
2015-11-03 00:00:00,1.71776582796456
2015-11-04 00:00:00,1.71776582796456
2015-11-05 00:00:00,1.71776582796456
2015-11-06 00:00:00,1.71776582796456
2015-11-09 00:00:00,1.71776582796456
2015-11-10 00:00:00,1.71776582796456
2015-11-11 00:00:00,1.71776582796456
2015-11-12 00:00:00,1.71776582796456
2015-11-13 00:00:00,1.71776582796456
2015-11-16 00:00:00,1.71776582796456
2015-11-17 00:00:00,1.71776582796456
2015-11-18 00:00:00,1.71776582796456
2015-11-19 00:00:00,1.71776582796456
2015-11-20 00:00:00,1.71776582796456
2015-11-23 00:00:00,1.71776582796456
2015-11-24 00:00:00,1.71776582796456
2015-11-25 00:00:00,1.71776582796456
2015-11-27 00:00:00,1.71776582796456
2015-11-30 00:00:00,1.71776582796456
2015-12-01 00:00:00,1.71776582796456
2015-12-02 00:00:00,1.71776582796456
2015-12-03 00:00:00,1.71776582796456
2015-12-04 00:00:00,1.71776582796456
2015-12-07 00:00:00,1.71776582796456
2015-12-08 00:00:00,1.71776582796456
2015-12-09 00:00:00,1.71776582796456
2015-12-10 00:00:00,1.71776582796456
2015-12-11 00:00:00,1.71776582796456
2015-12-14 00:00:00,1.71776582796456
2015-12-15 00:00:00,1.71776582796456
2015-12-16 00:00:00,1.71776582796456
2015-12-17 00:00:00,1.71776582796456
2015-12-18 00:00:00,1.71776582796456
2015-12-21 00:00:00,1.71776582796456
2015-12-22 00:00:00,1.71776582796456
2015-12-23 00:00:00,1.71776582796456
2015-12-24 00:00:00,1.71776582796456
2015-12-28 00:00:00,1.71776582796456
2015-12-29 00:00:00,1.71776582796456
2015-12-30 00:00:00,1.71776582796456
2015-12-31 00:00:00,1.71776582796456
2016-01-04 00:00:00,1.71776582796456
2016-01-05 00:00:00,1.71776582796456
2016-01-06 00:00:00,1.71776582796456
2016-01-07 00:00:00,1.71776582796456
2016-01-08 00:00:00,1.71776582796456
2016-01-11 00:00:00,1.71776582796456
2016-01-12 00:00:00,1.71776582796456
2016-01-13 00:00:00,1.71776582796456
2016-01-14 00:00:00,1.71776582796456
2016-01-15 00:00:00,1.71776582796456
2016-01-19 00:00:00,1.71776582796456
2016-01-20 00:00:00,1.71776582796456
2016-01-21 00:00:00,1.71776582796456
2016-01-22 00:00:00,1.71776582796456
2016-01-25 00:00:00,1.71776582796456
2016-01-26 00:00:00,1.71776582796456
2016-01-27 00:00:00,1.71776582796456
2016-01-28 00:00:00,1.71776582796456
2016-01-29 00:00:00,1.71776582796456
2016-02-01 00:00:00,1.71776582796456
2016-02-02 00:00:00,1.71776582796456
2016-02-03 00:00:00,1.71776582796456
2016-02-04 00:00:00,1.71776582796456
2016-02-05 00:00:00,1.71776582796456
2016-02-08 00:00:00,1.71776582796456
2016-02-09 00:00:00,1.71776582796456
2016-02-10 00:00:00,1.71776582796456
2016-02-11 00:00:00,1.71776582796456
2016-02-12 00:00:00,1.71776582796456
2016-02-16 00:00:00,1.71776582796456
2016-02-17 00:00:00,1.71776582796456
2016-02-18 00:00:00,1.71776582796456
2016-02-19 00:00:00,1.71776582796456
2016-02-22 00:00:00,1.71776582796456
2016-02-23 00:00:00,1.71776582796456
2016-02-24 00:00:00,1.71776582796456
2016-02-25 00:00:00,1.71776582796456
2016-02-26 00:00:00,1.71776582796456
2016-02-29 00:00:00,1.71776582796456
2016-03-01 00:00:00,1.71776582796456
2016-03-02 00:00:00,1.71776582796456
2016-03-03 00:00:00,1.71776582796456
2016-03-04 00:00:00,1.71776582796456
2016-03-07 00:00:00,1.71776582796456
2016-03-08 00:00:00,1.71776582796456
2016-03-09 00:00:00,1.71776582796456
2016-03-10 00:00:00,1.71776582796456
2016-03-11 00:00:00,1.71776582796456
2016-03-14 00:00:00,1.71776582796456
2016-03-15 00:00:00,1.71776582796456
2016-03-16 00:00:00,1.71776582796456
2016-03-17 00:00:00,1.71776582796456
2016-03-18 00:00:00,1.71776582796456
2016-03-21 00:00:00,1.71776582796456
2016-03-22 00:00:00,1.71776582796456
2016-03-23 00:00:00,1.71776582796456
2016-03-24 00:00:00,1.71776582796456
2016-03-28 00:00:00,1.71776582796456
2016-03-29 00:00:00,1.71776582796456
2016-03-30 00:00:00,1.71776582796456
2016-03-31 00:00:00,1.71776582796456
2016-04-01 00:00:00,1.71776582796456
2016-04-04 00:00:00,1.71776582796456
2016-04-05 00:00:00,1.71776582796456
2016-04-06 00:00:00,1.71776582796456
2016-04-07 00:00:00,1.71776582796456
2016-04-08 00:00:00,1.71776582796456
2016-04-11 00:00:00,1.71776582796456
2016-04-12 00:00:00,1.71776582796456
2016-04-13 00:00:00,1.71776582796456
2016-04-14 00:00:00,1.71776582796456
2016-04-15 00:00:00,1.71776582796456
2016-04-18 00:00:00,1.71776582796456
2016-04-19 00:00:00,1.71776582796456
2016-04-20 00:00:00,1.71776582796456
2016-04-21 00:00:00,1.71776582796456
2016-04-22 00:00:00,1.71776582796456
2016-04-25 00:00:00,1.71776582796456
2016-04-26 00:00:00,1.71776582796456
2016-04-27 00:00:00,1.71776582796456
2016-04-28 00:00:00,1.71776582796456
2016-04-29 00:00:00,1.71776582796456
2016-05-02 00:00:00,1.71776582796456
2016-05-03 00:00:00,1.71776582796456
2016-05-04 00:00:00,1.71776582796456
2016-05-05 00:00:00,1.71776582796456
2016-05-06 00:00:00,1.71776582796456
2016-05-09 00:00:00,1.71776582796456
2016-05-10 00:00:00,1.71776582796456
2016-05-11 00:00:00,1.71776582796456
2016-05-12 00:00:00,1.71776582796456
2016-05-13 00:00:00,1.71776582796456
2016-05-16 00:00:00,1.71776582796456
2016-05-17 00:00:00,1.71776582796456
2016-05-18 00:00:00,1.71776582796456
2016-05-19 00:00:00,1.71776582796456
2016-05-20 00:00:00,1.71776582796456
2016-05-23 00:00:00,1.71776582796456
2016-05-24 00:00:00,1.71776582796456
2016-05-25 00:00:00,1.71776582796456
2016-05-26 00:00:00,1.71776582796456
2016-05-27 00:00:00,1.71776582796456
2016-05-31 00:00:00,1.71776582796456
2016-06-01 00:00:00,1.71776582796456
2016-06-02 00:00:00,1.71776582796456
2016-06-03 00:00:00,1.71776582796456
2016-06-06 00:00:00,1.71776582796456
2016-06-07 00:00:00,1.71776582796456
2016-06-08 00:00:00,1.71776582796456
2016-06-09 00:00:00,1.71776582796456
2016-06-10 00:00:00,1.7037542011137556
2016-06-13 00:00:00,1.6790102643346758
2016-06-14 00:00:00,1.6607340945099272
2016-06-15 00:00:00,1.6607340945099272
2016-06-16 00:00:00,1.6607340945099272
2016-06-17 00:00:00,1.6607340945099272
2016-06-20 00:00:00,1.6607340945099272
2016-06-21 00:00:00,1.6607340945099272
2016-06-22 00:00:00,1.6607340945099272
2016-06-23 00:00:00,1.6607340945099272
2016-06-24 00:00:00,1.6607340945099272
2016-06-27 00:00:00,1.6607340945099272
2016-06-28 00:00:00,1.6607340945099272
2016-06-29 00:00:00,1.6607340945099272
2016-06-30 00:00:00,1.6607340945099272
2016-07-01 00:00:00,1.6607340945099272
2016-07-05 00:00:00,1.6607340945099272
2016-07-06 00:00:00,1.6607340945099272
2016-07-07 00:00:00,1.6607340945099272
2016-07-08 00:00:00,1.6607340945099272
2016-07-11 00:00:00,1.6607340945099272
2016-07-12 00:00:00,1.6607340945099272
2016-07-13 00:00:00,1.6607340945099272
2016-07-14 00:00:00,1.6607340945099272
2016-07-15 00:00:00,1.6607340945099272
2016-07-18 00:00:00,1.6607340945099272
2016-07-19 00:00:00,1.6607340945099272
2016-07-20 00:00:00,1.6607340945099272
2016-07-21 00:00:00,1.6607340945099272
2016-07-22 00:00:00,1.6607340945099272
2016-07-25 00:00:00,1.6607340945099272
2016-07-26 00:00:00,1.6607340945099272
2016-07-27 00:00:00,1.6607340945099272
2016-07-28 00:00:00,1.6607340945099272
2016-07-29 00:00:00,1.6607340945099272
2016-08-01 00:00:00,1.6607340945099272
2016-08-02 00:00:00,1.6607340945099272
2016-08-03 00:00:00,1.6607340945099272
2016-08-04 00:00:00,1.6607340945099272
2016-08-05 00:00:00,1.6607340945099272
2016-08-08 00:00:00,1.6607340945099272
2016-08-09 00:00:00,1.6607340945099272
2016-08-10 00:00:00,1.6607340945099272
2016-08-11 00:00:00,1.6607340945099272
2016-08-12 00:00:00,1.6607340945099272
2016-08-15 00:00:00,1.6607340945099272
2016-08-16 00:00:00,1.6607340945099272
2016-08-17 00:00:00,1.6607340945099272
2016-08-18 00:00:00,1.6607340945099272
2016-08-19 00:00:00,1.6607340945099272
2016-08-22 00:00:00,1.6607340945099272
2016-08-23 00:00:00,1.6607340945099272
2016-08-24 00:00:00,1.6607340945099272
2016-08-25 00:00:00,1.6607340945099272
2016-08-26 00:00:00,1.6607340945099272
2016-08-29 00:00:00,1.6607340945099272
2016-08-30 00:00:00,1.6607340945099272
2016-08-31 00:00:00,1.6607340945099272
2016-09-01 00:00:00,1.6607340945099272
2016-09-02 00:00:00,1.6607340945099272
2016-09-06 00:00:00,1.6607340945099272
2016-09-07 00:00:00,1.6607340945099272
2016-09-08 00:00:00,1.6607340945099272
2016-09-09 00:00:00,1.6607340945099272
2016-09-12 00:00:00,1.6607340945099272
2016-09-13 00:00:00,1.6607340945099272
2016-09-14 00:00:00,1.6607340945099272
2016-09-15 00:00:00,1.6607340945099272
2016-09-16 00:00:00,1.6607340945099272
2016-09-19 00:00:00,1.6607340945099272
2016-09-20 00:00:00,1.6607340945099272
2016-09-21 00:00:00,1.6607340945099272
2016-09-22 00:00:00,1.6607340945099272
2016-09-23 00:00:00,1.6607340945099272
2016-09-26 00:00:00,1.6607340945099272
2016-09-27 00:00:00,1.6607340945099272
2016-09-28 00:00:00,1.6607340945099272
2016-09-29 00:00:00,1.6607340945099272
2016-09-30 00:00:00,1.6607340945099272
2016-10-03 00:00:00,1.6607340945099272
2016-10-04 00:00:00,1.6607340945099272
2016-10-05 00:00:00,1.6607340945099272
2016-10-06 00:00:00,1.6607340945099272
2016-10-07 00:00:00,1.6607340945099272
2016-10-10 00:00:00,1.6607340945099272
2016-10-11 00:00:00,1.6607340945099272
2016-10-12 00:00:00,1.6607340945099272
2016-10-13 00:00:00,1.6607340945099272
2016-10-14 00:00:00,1.6607340945099272
2016-10-17 00:00:00,1.6607340945099272
2016-10-18 00:00:00,1.6607340945099272
2016-10-19 00:00:00,1.6607340945099272
2016-10-20 00:00:00,1.6607340945099272
2016-10-21 00:00:00,1.6607340945099272
2016-10-24 00:00:00,1.6607340945099272
2016-10-25 00:00:00,1.6607340945099272
2016-10-26 00:00:00,1.6607340945099272
2016-10-27 00:00:00,1.6607340945099272
2016-10-28 00:00:00,1.6607340945099272
2016-10-31 00:00:00,1.6607340945099272
2016-11-01 00:00:00,1.6607340945099272
2016-11-02 00:00:00,1.6607340945099272
2016-11-03 00:00:00,1.6607340945099272
2016-11-04 00:00:00,1.6607340945099272
2016-11-07 00:00:00,1.6607340945099272
2016-11-08 00:00:00,1.6607340945099272
2016-11-09 00:00:00,1.6607340945099272
2016-11-10 00:00:00,1.6607340945099272
2016-11-11 00:00:00,1.6607340945099272
2016-11-14 00:00:00,1.6607340945099272
2016-11-15 00:00:00,1.6607340945099272
2016-11-16 00:00:00,1.6607340945099272
2016-11-17 00:00:00,1.6607340945099272
2016-11-18 00:00:00,1.6607340945099272
2016-11-21 00:00:00,1.6607340945099272
2016-11-22 00:00:00,1.6607340945099272
2016-11-23 00:00:00,1.6607340945099272
2016-11-25 00:00:00,1.6607340945099272
2016-11-28 00:00:00,1.6607340945099272
2016-11-29 00:00:00,1.6607340945099272
2016-11-30 00:00:00,1.6607340945099272
2016-12-01 00:00:00,1.6607340945099272
2016-12-02 00:00:00,1.6607340945099272
2016-12-05 00:00:00,1.6607340945099272
2016-12-06 00:00:00,1.6607340945099272
2016-12-07 00:00:00,1.6607340945099272
2016-12-08 00:00:00,1.6607340945099272
2016-12-09 00:00:00,1.6607340945099272
2016-12-12 00:00:00,1.6607340945099272
2016-12-13 00:00:00,1.6607340945099272
2016-12-14 00:00:00,1.6607340945099272
2016-12-15 00:00:00,1.6607340945099272
2016-12-16 00:00:00,1.6607340945099272
2016-12-19 00:00:00,1.6607340945099272
2016-12-20 00:00:00,1.6607340945099272
2016-12-21 00:00:00,1.6607340945099272
2016-12-22 00:00:00,1.6607340945099272
2016-12-23 00:00:00,1.6607340945099272
2016-12-27 00:00:00,1.6607340945099272
2016-12-28 00:00:00,1.6607340945099272
2016-12-29 00:00:00,1.6607340945099272
2016-12-30 00:00:00,1.6607340945099272
2017-01-03 00:00:00,1.6607340945099272
2017-01-04 00:00:00,1.6607340945099272
2017-01-05 00:00:00,1.6607340945099272
2017-01-06 00:00:00,1.6629870829372764
2017-01-09 00:00:00,1.6604524709565085
2017-01-10 00:00:00,1.6607340945099272
2017-01-11 00:00:00,1.669464424665906
2017-01-12 00:00:00,1.671999036646674
2017-01-13 00:00:00,1.678194754821885
2017-01-17 00:00:00,1.671999036646674
2017-01-18 00:00:00,1.6672114362385568
2017-01-19 00:00:00,1.6629870829372764
2017-01-20 00:00:00,1.6725622837535115
2017-01-23 00:00:00,1.6767866370547915
2017-01-24 00:00:00,1.6810109903560715
2017-01-25 00:00:00,1.6984716506680297
2017-01-26 00:00:00,1.6917126853859814
2017-01-27 00:00:00,1.6888964498517947
2017-01-30 00:00:00,1.6767866370547915
2017-01-31 00:00:00,1.6793212490355598
2017-02-01 00:00:00,1.6860802143176077
2017-02-02 00:00:00,1.6869250849778639
2017-02-03 00:00:00,1.6936840502599122
2017-02-06 00:00:00,1.681574237462909
2017-02-07 00:00:00,1.679884496142397
2017-02-08 00:00:00,1.6827007316765838
2017-02-09 00:00:00,1.6897413205120508
2017-02-10 00:00:00,1.6936840502599122
2017-02-13 00:00:00,1.7004430155419603
2017-02-14 00:00:00,1.6979084035611924
2017-02-15 00:00:00,1.7043857452898221
2017-02-16 00:00:00,1.708328475037683
2017-02-17 00:00:00,1.7038224981829844
2017-02-21 00:00:00,1.7094549692513579
2017-02-22 00:00:00,1.7094549692513579
2017-02-23 00:00:00,1.7131160754458006
2017-02-24 00:00:00,1.700724639095379
2017-02-27 00:00:00,1.7018511333090538
2017-02-28 00:00:00,1.699316521328286
2017-03-01 00:00:00,1.717058805193662
2017-03-02 00:00:00,1.7057938630569152
2017-03-03 00:00:00,1.7159323109799876
2017-03-06 00:00:00,1.7105814634650327
2017-03-07 00:00:00,1.7046673688432403
2017-03-08 00:00:00,1.6984716506680297
2017-03-09 00:00:00,1.7049489923966592
2017-03-10 00:00:00,1.7193117936210116
2017-03-13 00:00:00,1.7283237473304092
2017-03-14 00:00:00,1.7150874403197316
2017-03-15 00:00:00,1.7395886894671564
2017-03-16 00:00:00,1.7480373960697166
2017-03-17 00:00:00,1.752543372924415
2017-03-20 00:00:00,1.7489864674447375
2017-03-21 00:00:00,1.7409968072342494
2017-03-22 00:00:00,1.7412784307876683
2017-03-23 00:00:00,1.7452211605355297
2017-03-24 00:00:00,1.7500087609436472
2017-03-27 00:00:00,1.7545147377983459
2017-03-28 00:00:00,1.7629634444009061
2017-03-29 00:00:00,1.7629634444009061
2017-03-30 00:00:00,1.7567677262256955
2017-03-31 00:00:00,1.7542331142449272
2017-04-03 00:00:00,1.7516985022641594
2017-04-04 00:00:00,1.751135255157322
2017-04-05 00:00:00,1.7418416778945056
2017-04-06 00:00:00,1.7421233014479243
2017-04-07 00:00:00,1.7409968072342494
2017-04-10 00:00:00,1.739025442360319
2017-04-11 00:00:00,1.7471925254094605
2017-04-12 00:00:00,1.745784407642367
2017-04-13 00:00:00,1.7345194655056202
2017-04-17 00:00:00,1.7452211605355297
2017-04-18 00:00:00,1.7373357010398067
2017-04-19 00:00:00,1.7302951122043397
2017-04-20 00:00:00,1.7440946663218548
2017-04-21 00:00:00,1.7452211605355297
2017-04-24 00:00:00,1.7894360584222615
2017-04-25 00:00:00,1.8021091183261022
2017-04-26 00:00:00,1.797039894364566
2017-04-27 00:00:00,1.798729635685078
2017-04-28 00:00:00,1.796758270811147
2017-05-01 00:00:00,1.8040804832000328
2017-05-02 00:00:00,1.813374060462849
2017-05-03 00:00:00,1.8097129542684063
2017-05-04 00:00:00,1.8268919910269454
2017-05-05 00:00:00,1.8471688868730902
2017-05-08 00:00:00,1.833369332755575
2017-05-09 00:00:00,1.828863355900876
2017-05-10 00:00:00,1.831679591435063
2017-05-11 00:00:00,1.827173614580364
2017-05-12 00:00:00,1.8373120625034363
2017-05-15 00:00:00,1.8466056397662525
2017-05-16 00:00:00,1.8584338290098372
2017-05-17 00:00:00,1.8373120625034363
2017-05-18 00:00:00,1.8404099215910419
2017-05-19 00:00:00,1.861813311650861
2017-05-22 00:00:00,1.8640663000782107
2017-05-23 00:00:00,1.8643479236316294
2017-05-24 00:00:00,1.8654744178453038
2017-05-25 00:00:00,1.8654744178453038
2017-05-26 00:00:00,1.860123570330349
2017-05-30 00:00:00,1.8581522054564183
2017-05-31 00:00:00,1.860405193883768
2017-06-01 00:00:00,1.8725150066807705
2017-06-02 00:00:00,1.8930735260803342
2017-06-05 00:00:00,1.882653454603843
2017-06-06 00:00:00,1.877302607088888
2017-06-07 00:00:00,1.8778658541957258
2017-06-08 00:00:00,1.8744863715547018
2017-06-09 00:00:00,1.8674457827192348
2017-06-12 00:00:00,1.860405193883768
2017-06-13 00:00:00,1.8747679951081202
2017-06-14 00:00:00,1.8733598773410267
2017-06-15 00:00:00,1.8539278521551383
2017-06-16 00:00:00,1.869698771146584
2017-06-19 00:00:00,1.877302607088888
2017-06-20 00:00:00,1.8325244620953187
2017-06-21 00:00:00,1.8302714736679695
2017-06-22 00:00:00,1.8299898501145513
2017-06-23 00:00:00,1.8344958269692495
2017-06-26 00:00:00,1.8375936860568554
2017-06-27 00:00:00,1.8373120625034363
2017-06-28 00:00:00,1.853364605048301
2017-06-29 00:00:00,1.835059074076087
2017-06-30 00:00:00,1.8361855682897619
2017-07-03 00:00:00,1.8339325798624126
2017-07-05 00:00:00,1.8339325798624126
2017-07-06 00:00:00,1.8257654968132706
2017-07-07 00:00:00,1.8260471203666895
2017-07-10 00:00:00,1.8305530972213881
2017-07-11 00:00:00,1.8347774505226686
2017-07-12 00:00:00,1.8494218753004394
2017-07-13 00:00:00,1.8547727228153945
2017-07-14 00:00:00,1.867727406272653
2017-07-17 00:00:00,1.8640663000782107
2017-07-18 00:00:00,1.8657560413987226
2017-07-19 00:00:00,1.8739231244478645
2017-07-20 00:00:00,1.8815269603901685
2017-07-21 00:00:00,1.874204748001283
2017-07-24 00:00:00,1.869135524039747
2017-07-25 00:00:00,1.8716701360205146
2017-07-26 00:00:00,1.8832167017106807
2017-07-27 00:00:00,1.8789923484094002
2017-07-28 00:00:00,1.8809637132833312
2017-07-31 00:00:00,1.884906443031193
2017-08-01 00:00:00,1.8953265145076834
2017-08-02 00:00:00,1.8961713851679394
2017-08-03 00:00:00,1.8972978793816146
2017-08-04 00:00:00,1.899832491362382
2017-08-07 00:00:00,1.9006773620226383
2017-08-08 00:00:00,1.8905389140995659
2017-08-09 00:00:00,1.8874410550119605
2017-08-10 00:00:00,1.8606868174371864
2017-08-11 00:00:00,1.8573073347961624
2017-08-14 00:00:00,1.870825265360259
2017-08-15 00:00:00,1.8694171475931654
2017-08-16 00:00:00,1.880118842623075
2017-08-17 00:00:00,1.8589970761166745
2017-08-18 00:00:00,1.8640663000782107
2017-08-21 00:00:00,1.8635030529713734
2017-08-22 00:00:00,1.8725150066807705
2017-08-23 00:00:00,1.8727966302341896
2017-08-24 00:00:00,1.8685722769329092
2017-08-25 00:00:00,1.8798372190696564
2017-08-28 00:00:00,1.8798372190696564
2017-08-29 00:00:00,1.8722333831273523
2017-08-30 00:00:00,1.869698771146584
2017-08-31 00:00:00,1.8840615723709369
2017-09-01 00:00:00,1.8865961843517045
2017-09-05 00:00:00,1.8739231244478645
2017-09-06 00:00:00,1.88546969013803
2017-09-07 00:00:00,1.900958985576057
2017-09-08 00:00:00,1.901240609129476
2017-09-11 00:00:00,1.916166657460666
2017-09-12 00:00:00,1.9220807520824579
2017-09-13 00:00:00,1.9116606806059666
2017-09-14 00:00:00,1.9150401632469907
2017-09-15 00:00:00,1.9167299045675028
2017-09-18 00:00:00,1.9192645165482711
2017-09-19 00:00:00,1.9282764702576685
2017-09-20 00:00:00,1.9240521169563882
2017-09-21 00:00:00,1.9201093872085273
2017-09-22 00:00:00,1.9260234818303192
2017-09-25 00:00:00,1.9150401632469907
2017-09-26 00:00:00,1.9108158099457107
2017-09-27 00:00:00,1.9122239277128041
2017-09-28 00:00:00,1.9172931516743403
2017-09-29 00:00:00,1.9285580938110876
2017-10-02 00:00:00,1.9268683524905752
2017-10-03 00:00:00,1.9333456942192049
2017-10-04 00:00:00,1.929684588024762
2017-10-05 00:00:00,1.9285580938110876
2017-10-06 00:00:00,1.927149976043994
2017-10-09 00:00:00,1.9277132231508314
2017-10-10 00:00:00,1.946018754123045
2017-10-11 00:00:00,1.9508063545311625
2017-10-12 00:00:00,1.9491166132106503
2017-10-13 00:00:00,1.9592550611337227
2017-10-16 00:00:00,1.9578469433666292
2017-10-17 00:00:00,1.9527777194050933
2017-10-18 00:00:00,1.958410190473467
2017-10-19 00:00:00,1.9553123313858616
2017-10-20 00:00:00,1.9527777194050933
2017-10-23 00:00:00,1.9485533661038132
2017-10-24 00:00:00,1.9516512251914184
2017-10-25 00:00:00,1.9440473892491144
2017-10-26 00:00:00,1.9437657656956957
2017-10-27 00:00:00,1.9482717425503946
2017-10-30 00:00:00,1.9527777194050933
2017-10-31 00:00:00,1.9609448024542349
2017-11-01 00:00:00,1.9629161673281659
2017-11-02 00:00:00,1.9688302619499576
2017-11-03 00:00:00,1.9657324028623524
2017-11-06 00:00:00,1.9685486383965394
2017-11-07 00:00:00,1.9612264260076535
2017-11-08 00:00:00,1.9677037677362832
2017-11-09 00:00:00,1.956438825599536
2017-11-10 00:00:00,1.9510879780845811
2017-11-13 00:00:00,1.9429208950354395
2017-11-14 00:00:00,1.941512777268346
2017-11-15 00:00:00,1.9322192000055298
2017-11-16 00:00:00,1.947708495443557
2017-11-17 00:00:00,1.94066790660809
2017-11-20 00:00:00,1.9448922599093705
2017-11-21 00:00:00,1.9595366846871414
2017-11-22 00:00:00,1.9648875322020962
2017-11-24 00:00:00,1.980940074746961
2017-11-27 00:00:00,1.9691118855033762
2017-11-28 00:00:00,1.9803768276401232
2017-11-29 00:00:00,1.9724913681444007
2017-11-30 00:00:00,1.9744627330183313
2017-12-01 00:00:00,1.9665772735226086
2017-12-04 00:00:00,1.9595366846871414
2017-12-05 00:00:00,1.9553123313858616
2017-12-06 00:00:00,1.9513696016380002
2017-12-07 00:00:00,1.956438825599536
2017-12-08 00:00:00,1.966858897076027
2017-12-11 00:00:00,1.971928121037563
2017-12-12 00:00:00,1.9744627330183313
2017-12-13 00:00:00,1.9820665689606354
2017-12-14 00:00:00,1.9710832503773068
2017-12-15 00:00:00,1.9705200032704697
2017-12-18 00:00:00,1.9938947582042195
2017-12-19 00:00:00,1.9657324028623524
2017-12-20 00:00:00,1.9623529202213283
2017-12-21 00:00:00,1.9693935090567956
2017-12-22 00:00:00,1.9744627330183313
2017-12-26 00:00:00,1.973899485911494
2017-12-27 00:00:00,1.9775605921059367
2017-12-28 00:00:00,1.9786870863196113
2017-12-29 00:00:00,1.9800952040867048
2018-01-02 00:00:00,1.9947396288644756
2018-01-03 00:00:00,2.0043148296807107
2018-01-04 00:00:00,2.026281466847368
2018-01-05 00:00:00,2.037546408984114
2018-01-08 00:00:00,2.036983161877277
2018-01-09 00:00:00,2.0392361503046263
2018-01-10 00:00:00,2.0352934205567648
2018-01-11 00:00:00,2.0493745982276987
2018-01-12 00:00:00,2.0699331176272624
2018-01-16 00:00:00,2.0679617527533316
2018-01-17 00:00:00,2.0786634477832413
2018-01-18 00:00:00,2.0761288358024728
2018-01-19 00:00:00,2.087675401492638
2018-01-22 00:00:00,2.0983770965225483
2018-01-23 00:00:00,2.1051360618045964
2018-01-24 00:00:00,2.108797167999039
2018-01-25 00:00:00,2.1006300849498976
2018-01-26 00:00:00,2.1192172394755304
2018-01-29 00:00:00,2.099785214289642
2018-01-30 00:00:00,2.082324553977684
2018-01-31 00:00:00,2.079508318443497
2018-02-01 00:00:00,2.085422413065289
2018-02-02 00:00:00,2.043178880052488
2018-02-05 00:00:00,1.9575653198132108
2018-02-06 00:00:00,1.9961477466315691
2018-02-07 00:00:00,1.9750259801251686
2018-02-08 00:00:00,1.923488869849551
2018-02-09 00:00:00,1.9316559528986927
2018-02-12 00:00:00,1.9612264260076535
2018-02-13 00:00:00,1.9553123313858616
2018-02-14 00:00:00,1.9899520284563583
2018-02-15 00:00:00,2.00234346480678
2018-02-16 00:00:00,2.0113554185161777
2018-02-20 00:00:00,1.9924866404371264
2018-02-21 00:00:00,1.9829114396208913
2018-02-22 00:00:00,1.9933315110973826
2018-02-23 00:00:00,2.0091024300888285
2018-02-26 00:00:00,2.0279712081678793
2018-02-27 00:00:00,1.9978374879520815
2018-02-28 00:00:00,1.9789687098730302
2018-03-01 00:00:00,1.9457371305696265
2018-03-02 00:00:00,1.9383138716497743
2018-03-05 00:00:00,1.9383138716497743
2018-03-06 00:00:00,1.9383138716497743
2018-03-07 00:00:00,1.9383138716497743
2018-03-08 00:00:00,1.9383138716497743
2018-03-09 00:00:00,1.9383138716497743
2018-03-12 00:00:00,1.9383138716497743
2018-03-13 00:00:00,1.9383138716497743
2018-03-14 00:00:00,1.9383138716497743
2018-03-15 00:00:00,1.9383138716497743
2018-03-16 00:00:00,1.9383138716497743
2018-03-19 00:00:00,1.9383138716497743
2018-03-20 00:00:00,1.9383138716497743
2018-03-21 00:00:00,1.9383138716497743
2018-03-22 00:00:00,1.9383138716497743
2018-03-23 00:00:00,1.9383138716497743
2018-03-26 00:00:00,1.9383138716497743
2018-03-27 00:00:00,1.9383138716497743
2018-03-28 00:00:00,1.9383138716497743
2018-03-29 00:00:00,1.9383138716497743
2018-04-02 00:00:00,1.9383138716497743
2018-04-03 00:00:00,1.9383138716497743
2018-04-04 00:00:00,1.9383138716497743
2018-04-05 00:00:00,1.9383138716497743
2018-04-06 00:00:00,1.9383138716497743
2018-04-09 00:00:00,1.9383138716497743
2018-04-10 00:00:00,1.9383138716497743
2018-04-11 00:00:00,1.9383138716497743
2018-04-12 00:00:00,1.9383138716497743
2018-04-13 00:00:00,1.9383138716497743
2018-04-16 00:00:00,1.9383138716497743
2018-04-17 00:00:00,1.9383138716497743
2018-04-18 00:00:00,1.9383138716497743
2018-04-19 00:00:00,1.9383138716497743
2018-04-20 00:00:00,1.9383138716497743
2018-04-23 00:00:00,1.9383138716497743
2018-04-24 00:00:00,1.9383138716497743
2018-04-25 00:00:00,1.9383138716497743
2018-04-26 00:00:00,1.9383138716497743
2018-04-27 00:00:00,1.9383138716497743
2018-04-30 00:00:00,1.9383138716497743
2018-05-01 00:00:00,1.9383138716497743
2018-05-02 00:00:00,1.9383138716497743
2018-05-03 00:00:00,1.9383138716497743
2018-05-04 00:00:00,1.9383138716497743
2018-05-07 00:00:00,1.9383138716497743
2018-05-08 00:00:00,1.9383138716497743
2018-05-09 00:00:00,1.9383138716497743
2018-05-10 00:00:00,1.9383138716497743
2018-05-11 00:00:00,1.9383138716497743
2018-05-14 00:00:00,1.9383138716497743
2018-05-15 00:00:00,1.9383138716497743
2018-05-16 00:00:00,1.9383138716497743
2018-05-17 00:00:00,1.9383138716497743
2018-05-18 00:00:00,1.9383138716497743
2018-05-21 00:00:00,1.9383138716497743
2018-05-22 00:00:00,1.9383138716497743
2018-05-23 00:00:00,1.9383138716497743
2018-05-24 00:00:00,1.9383138716497743
2018-05-25 00:00:00,1.9383138716497743
2018-05-29 00:00:00,1.9383138716497743
2018-05-30 00:00:00,1.9383138716497743
2018-05-31 00:00:00,1.9383138716497743
2018-06-01 00:00:00,1.9383138716497743
2018-06-04 00:00:00,1.9383138716497743
2018-06-05 00:00:00,1.9383138716497743
2018-06-06 00:00:00,1.9383138716497743
2018-06-07 00:00:00,1.9383138716497743
2018-06-08 00:00:00,1.9383138716497743
2018-06-11 00:00:00,1.9383138716497743
2018-06-12 00:00:00,1.9383138716497743
2018-06-13 00:00:00,1.9383138716497743
2018-06-14 00:00:00,1.9383138716497743
2018-06-15 00:00:00,1.9383138716497743
2018-06-18 00:00:00,1.9383138716497743
2018-06-19 00:00:00,1.9383138716497743
2018-06-20 00:00:00,1.9383138716497743
2018-06-21 00:00:00,1.9383138716497743
2018-06-22 00:00:00,1.9383138716497743
2018-06-25 00:00:00,1.9383138716497743
2018-06-26 00:00:00,1.9383138716497743
2018-06-27 00:00:00,1.9383138716497743
2018-06-28 00:00:00,1.9383138716497743
2018-06-29 00:00:00,1.9383138716497743
2018-07-02 00:00:00,1.9383138716497743
2018-07-03 00:00:00,1.9383138716497743
2018-07-05 00:00:00,1.9383138716497743
2018-07-06 00:00:00,1.9383138716497743
2018-07-09 00:00:00,1.9383138716497743
2018-07-10 00:00:00,1.9383138716497743
2018-07-11 00:00:00,1.9383138716497743
2018-07-12 00:00:00,1.9383138716497743
2018-07-13 00:00:00,1.9383138716497743
2018-07-16 00:00:00,1.9383138716497743
2018-07-17 00:00:00,1.9383138716497743
2018-07-18 00:00:00,1.9383138716497743
2018-07-19 00:00:00,1.9383138716497743
2018-07-20 00:00:00,1.9383138716497743
2018-07-23 00:00:00,1.9383138716497743
2018-07-24 00:00:00,1.9383138716497743
2018-07-25 00:00:00,1.9383138716497743
2018-07-26 00:00:00,1.9383138716497743
2018-07-27 00:00:00,1.9383138716497743
2018-07-30 00:00:00,1.9383138716497743
2018-07-31 00:00:00,1.9383138716497743
2018-08-01 00:00:00,1.9383138716497743
2018-08-02 00:00:00,1.9383138716497743
2018-08-03 00:00:00,1.9383138716497743
2018-08-06 00:00:00,1.9383138716497743
2018-08-07 00:00:00,1.9383138716497743
2018-08-08 00:00:00,1.9383138716497743
2018-08-09 00:00:00,1.9383138716497743
2018-08-10 00:00:00,1.9383138716497743
2018-08-13 00:00:00,1.9383138716497743
2018-08-14 00:00:00,1.9383138716497743
2018-08-15 00:00:00,1.9383138716497743
2018-08-16 00:00:00,1.9383138716497743
2018-08-17 00:00:00,1.9383138716497743
2018-08-20 00:00:00,1.9383138716497743
2018-08-21 00:00:00,1.9383138716497743
2018-08-22 00:00:00,1.9383138716497743
2018-08-23 00:00:00,1.9383138716497743
2018-08-24 00:00:00,1.9383138716497743
2018-08-27 00:00:00,1.9383138716497743
2018-08-28 00:00:00,1.9383138716497743
2018-08-29 00:00:00,1.9383138716497743
2018-08-30 00:00:00,1.9383138716497743
2018-08-31 00:00:00,1.9383138716497743
2018-09-04 00:00:00,1.9383138716497743
2018-09-05 00:00:00,1.9383138716497743
2018-09-06 00:00:00,1.9383138716497743
2018-09-07 00:00:00,1.9383138716497743
2018-09-10 00:00:00,1.9383138716497743
2018-09-11 00:00:00,1.9383138716497743
2018-09-12 00:00:00,1.9383138716497743
2018-09-13 00:00:00,1.9383138716497743
2018-09-14 00:00:00,1.9383138716497743
2018-09-17 00:00:00,1.9383138716497743
2018-09-18 00:00:00,1.9383138716497743
2018-09-19 00:00:00,1.9383138716497743
2018-09-20 00:00:00,1.9383138716497743
2018-09-21 00:00:00,1.9383138716497743
2018-09-24 00:00:00,1.9383138716497743
2018-09-25 00:00:00,1.9383138716497743
2018-09-26 00:00:00,1.9383138716497743
2018-09-27 00:00:00,1.9383138716497743
2018-09-28 00:00:00,1.9383138716497743
2018-10-01 00:00:00,1.9383138716497743
2018-10-02 00:00:00,1.9383138716497743
2018-10-03 00:00:00,1.9383138716497743
2018-10-04 00:00:00,1.9383138716497743
2018-10-05 00:00:00,1.9383138716497743
2018-10-08 00:00:00,1.9383138716497743
2018-10-09 00:00:00,1.9383138716497743
2018-10-10 00:00:00,1.9383138716497743
2018-10-11 00:00:00,1.9383138716497743
2018-10-12 00:00:00,1.9383138716497743
2018-10-15 00:00:00,1.9383138716497743
2018-10-16 00:00:00,1.9383138716497743
2018-10-17 00:00:00,1.9383138716497743
2018-10-18 00:00:00,1.9383138716497743
2018-10-19 00:00:00,1.9383138716497743
2018-10-22 00:00:00,1.9383138716497743
2018-10-23 00:00:00,1.9383138716497743
2018-10-24 00:00:00,1.9383138716497743
2018-10-25 00:00:00,1.9383138716497743
2018-10-26 00:00:00,1.9383138716497743
2018-10-29 00:00:00,1.9383138716497743
2018-10-30 00:00:00,1.9383138716497743
2018-10-31 00:00:00,1.9383138716497743
2018-11-01 00:00:00,1.9383138716497743
2018-11-02 00:00:00,1.9383138716497743
2018-11-05 00:00:00,1.9383138716497743
2018-11-06 00:00:00,1.9383138716497743
2018-11-07 00:00:00,1.9383138716497743
2018-11-08 00:00:00,1.9383138716497743
2018-11-09 00:00:00,1.9383138716497743
2018-11-12 00:00:00,1.9383138716497743
2018-11-13 00:00:00,1.9383138716497743
2018-11-14 00:00:00,1.9383138716497743
2018-11-15 00:00:00,1.9383138716497743
2018-11-16 00:00:00,1.9383138716497743
2018-11-19 00:00:00,1.9383138716497743
2018-11-20 00:00:00,1.9383138716497743
2018-11-21 00:00:00,1.9383138716497743
2018-11-23 00:00:00,1.9383138716497743
2018-11-26 00:00:00,1.9383138716497743
2018-11-27 00:00:00,1.9383138716497743
2018-11-28 00:00:00,1.9383138716497743
2018-11-29 00:00:00,1.9383138716497743
2018-11-30 00:00:00,1.9383138716497743
2018-12-03 00:00:00,1.9383138716497743
2018-12-04 00:00:00,1.9383138716497743
2018-12-06 00:00:00,1.9383138716497743
2018-12-07 00:00:00,1.9383138716497743
2018-12-10 00:00:00,1.9383138716497743
2018-12-11 00:00:00,1.9383138716497743
2018-12-12 00:00:00,1.9383138716497743
2018-12-13 00:00:00,1.9383138716497743
2018-12-14 00:00:00,1.9383138716497743
2018-12-17 00:00:00,1.9383138716497743
2018-12-18 00:00:00,1.9383138716497743
2018-12-19 00:00:00,1.9383138716497743
2018-12-20 00:00:00,1.9383138716497743
2018-12-21 00:00:00,1.9383138716497743
2018-12-24 00:00:00,1.9383138716497743
2018-12-26 00:00:00,1.9383138716497743
2018-12-27 00:00:00,1.9383138716497743
2018-12-28 00:00:00,1.9383138716497743
2018-12-31 00:00:00,1.9383138716497743
2019-01-02 00:00:00,1.9383138716497743
2019-01-03 00:00:00,1.9383138716497743
2019-01-04 00:00:00,1.9383138716497743
2019-01-07 00:00:00,1.9383138716497743
2019-01-08 00:00:00,1.9383138716497743
2019-01-09 00:00:00,1.9383138716497743
2019-01-10 00:00:00,1.9383138716497743
2019-01-11 00:00:00,1.9383138716497743
2019-01-14 00:00:00,1.9383138716497743
2019-01-15 00:00:00,1.9383138716497743
2019-01-16 00:00:00,1.9383138716497743
2019-01-17 00:00:00,1.9383138716497743
2019-01-18 00:00:00,1.9383138716497743
2019-01-22 00:00:00,1.9383138716497743
2019-01-23 00:00:00,1.9383138716497743
2019-01-24 00:00:00,1.9383138716497743
2019-01-25 00:00:00,1.9383138716497743
2019-01-28 00:00:00,1.9383138716497743
2019-01-29 00:00:00,1.9383138716497743
2019-01-30 00:00:00,1.9383138716497743
2019-01-31 00:00:00,1.9383138716497743
2019-02-01 00:00:00,1.9383138716497743
2019-02-04 00:00:00,1.9383138716497743
2019-02-05 00:00:00,1.9383138716497743
2019-02-06 00:00:00,1.9383138716497743
2019-02-07 00:00:00,1.9383138716497743
2019-02-08 00:00:00,1.9383138716497743
2019-02-11 00:00:00,1.9383138716497743
2019-02-12 00:00:00,1.9383138716497743
2019-02-13 00:00:00,1.9383138716497743
2019-02-14 00:00:00,1.9383138716497743
2019-02-15 00:00:00,1.9383138716497743
2019-02-19 00:00:00,1.9383138716497743
2019-02-20 00:00:00,1.9383138716497743
2019-02-21 00:00:00,1.9383138716497743
2019-02-22 00:00:00,1.9383138716497743
2019-02-25 00:00:00,1.9383138716497743
2019-02-26 00:00:00,1.9383138716497743
2019-02-27 00:00:00,1.9383138716497743
2019-02-28 00:00:00,1.9383138716497743
2019-03-01 00:00:00,1.9383138716497743
2019-03-04 00:00:00,1.9383138716497743
2019-03-05 00:00:00,1.9383138716497743
2019-03-06 00:00:00,1.9383138716497743
2019-03-07 00:00:00,1.9383138716497743
2019-03-08 00:00:00,1.9383138716497743
2019-03-11 00:00:00,1.9383138716497743
2019-03-12 00:00:00,1.9383138716497743
2019-03-13 00:00:00,1.9383138716497743
2019-03-14 00:00:00,1.9383138716497743
2019-03-15 00:00:00,1.9383138716497743
2019-03-18 00:00:00,1.9383138716497743
2019-03-19 00:00:00,1.9383138716497743
2019-03-20 00:00:00,1.9383138716497743
2019-03-21 00:00:00,1.9383138716497743
2019-03-22 00:00:00,1.9383138716497743
2019-03-25 00:00:00,1.9383138716497743
2019-03-26 00:00:00,1.9383138716497743
2019-03-27 00:00:00,1.9383138716497743
2019-03-28 00:00:00,1.9383138716497743
2019-03-29 00:00:00,1.9383138716497743
2019-04-01 00:00:00,1.9383138716497743
2019-04-02 00:00:00,1.9383138716497743
2019-04-03 00:00:00,1.9383138716497743
2019-04-04 00:00:00,1.9383138716497743
2019-04-05 00:00:00,1.9383138716497743
2019-04-08 00:00:00,1.9383138716497743
2019-04-09 00:00:00,1.9383138716497743
2019-04-10 00:00:00,1.9383138716497743
2019-04-11 00:00:00,1.9383138716497743
2019-04-12 00:00:00,1.9383138716497743
2019-04-15 00:00:00,1.9383138716497743
2019-04-16 00:00:00,1.9383138716497743
2019-04-17 00:00:00,1.9383138716497743
2019-04-18 00:00:00,1.9383138716497743
2019-04-22 00:00:00,1.9383138716497743
2019-04-23 00:00:00,1.9383138716497743
2019-04-24 00:00:00,1.9383138716497743
2019-04-25 00:00:00,1.9383138716497743
2019-04-26 00:00:00,1.9426991971512444
2019-04-29 00:00:00,1.9505927830538905
2019-04-30 00:00:00,1.9517622031876163
2019-05-01 00:00:00,1.940652711917225
2019-05-02 00:00:00,1.9377291615829118
2019-05-03 00:00:00,1.9584863689565366
2019-05-06 00:00:00,1.9362673864157551
2019-05-07 00:00:00,1.9031869637277814
2019-05-08 00:00:00,1.9049413225820395
2019-05-09 00:00:00,1.8961695283107485
2019-05-10 00:00:00,1.910204399144814
2019-05-13 00:00:00,1.865760641503606
2019-05-14 00:00:00,1.884473802615694
2019-05-15 00:00:00,1.8911988448903503
2019-05-16 00:00:00,1.9064032882939212
2019-05-17 00:00:00,1.8938303831717374
2019-05-20 00:00:00,1.886228161469952
2019-05-21 00:00:00,1.8988010665921358
2019-05-22 00:00:00,1.8911988448903503
2019-05-23 00:00:00,1.8739476494901446
2019-05-24 00:00:00,1.894122776314114
2019-05-28 00:00:00,1.8757020083444027
2019-05-29 00:00:00,1.8637138895069716
2019-05-30 00:00:00,1.8652917598604914
2019-05-31 00:00:00,1.8652917598604914
2019-06-03 00:00:00,1.8652917598604914
2019-06-04 00:00:00,1.8652917598604914
2019-06-05 00:00:00,1.8652917598604914
2019-06-06 00:00:00,1.8652917598604914
2019-06-07 00:00:00,1.8652917598604914
2019-06-10 00:00:00,1.8652917598604914
2019-06-11 00:00:00,1.8652917598604914
2019-06-12 00:00:00,1.8652917598604914
2019-06-13 00:00:00,1.8652917598604914
2019-06-14 00:00:00,1.8652917598604914
2019-06-17 00:00:00,1.8652917598604914
2019-06-18 00:00:00,1.8652917598604914
2019-06-19 00:00:00,1.8652917598604914
2019-06-20 00:00:00,1.8652917598604914
2019-06-21 00:00:00,1.8652917598604914
2019-06-24 00:00:00,1.8652917598604914
2019-06-25 00:00:00,1.8652917598604914
2019-06-26 00:00:00,1.8652917598604914
2019-06-27 00:00:00,1.8652917598604914
2019-06-28 00:00:00,1.8652917598604914
2019-07-01 00:00:00,1.8652917598604914
2019-07-02 00:00:00,1.8652917598604914
2019-07-03 00:00:00,1.8678128029358396
2019-07-05 00:00:00,1.8535268921755328
2019-07-08 00:00:00,1.8428824880796177
2019-07-09 00:00:00,1.8350392429563116
2019-07-10 00:00:00,1.8414819085933127
2019-07-11 00:00:00,1.8409216767987908
2019-07-12 00:00:00,1.8431626039768783
2019-07-15 00:00:00,1.8448432993604438
2019-07-16 00:00:00,1.837280170134399
2019-07-17 00:00:00,1.8347591270590506
2019-07-18 00:00:00,1.8403614450042693
2019-07-19 00:00:00,1.8350392429563116
2019-07-22 00:00:00,1.837000054237138
2019-07-23 00:00:00,1.8484848060248358
2019-07-24 00:00:00,1.8498853855111408
2019-07-25 00:00:00,1.8311176203946586
2019-07-26 00:00:00,1.8347591270590506
2019-07-29 00:00:00,1.8386807496207036
2019-07-30 00:00:00,1.8172060565194512
2019-07-31 00:00:00,1.805997383850095
2019-08-01 00:00:00,1.800953481148884
2019-08-02 00:00:00,1.778981233984091
2019-08-05 00:00:00,1.778981233984091
2019-08-06 00:00:00,1.778981233984091
2019-08-07 00:00:00,1.778981233984091
2019-08-08 00:00:00,1.778981233984091
2019-08-09 00:00:00,1.778981233984091
2019-08-12 00:00:00,1.778981233984091
2019-08-13 00:00:00,1.778981233984091
2019-08-14 00:00:00,1.778981233984091
2019-08-15 00:00:00,1.778981233984091
2019-08-16 00:00:00,1.778981233984091
2019-08-19 00:00:00,1.778981233984091
2019-08-20 00:00:00,1.778981233984091
2019-08-21 00:00:00,1.778981233984091
2019-08-22 00:00:00,1.778981233984091
2019-08-23 00:00:00,1.778981233984091
2019-08-26 00:00:00,1.778981233984091
2019-08-27 00:00:00,1.778981233984091
2019-08-28 00:00:00,1.778981233984091
2019-08-29 00:00:00,1.778981233984091
2019-08-30 00:00:00,1.778981233984091
2019-09-03 00:00:00,1.778981233984091
2019-09-04 00:00:00,1.778981233984091
2019-09-05 00:00:00,1.778981233984091
2019-09-06 00:00:00,1.778981233984091
2019-09-09 00:00:00,1.778981233984091
2019-09-10 00:00:00,1.778981233984091
2019-09-11 00:00:00,1.778981233984091
2019-09-12 00:00:00,1.7879797595391913
2019-09-13 00:00:00,1.798069015464607
2019-09-16 00:00:00,1.7819807425024579
2019-09-17 00:00:00,1.7879797595391913
2019-09-18 00:00:00,1.785798298798561
2019-09-19 00:00:00,1.7917973158352942
2019-09-20 00:00:00,1.7877070769466126
2019-09-23 00:00:00,1.783071472872773
2019-09-24 00:00:00,1.776254408058303
2019-09-25 00:00:00,1.771073438799306
2019-09-26 00:00:00,1.777617821021197
2019-09-27 00:00:00,1.7716188039844634
2019-09-30 00:00:00,1.7781631862063545
2019-10-01 00:00:00,1.7607115002813114
2019-10-02 00:00:00,1.7313846990253052
2019-10-03 00:00:00,1.7313846990253052
2019-10-04 00:00:00,1.7313846990253052
2019-10-07 00:00:00,1.7305746313245758
2019-10-08 00:00:00,1.7143732773099911
2019-10-09 00:00:00,1.7252916938075
2019-10-10 00:00:00,1.7252916938075
2019-10-11 00:00:00,1.7252916938075
2019-10-14 00:00:00,1.7263495060048073
2019-10-15 00:00:00,1.746447937753638
2019-10-16 00:00:00,1.7490924682469045
2019-10-17 00:00:00,1.753323717036132
2019-10-18 00:00:00,1.752530357888152
2019-10-21 00:00:00,1.7620506676639138
2019-10-22 00:00:00,1.757819418874686
2019-10-23 00:00:00,1.767339728650448
2019-10-24 00:00:00,1.770513165242369
2019-10-25 00:00:00,1.7723643365876556
2019-10-28 00:00:00,1.780297928067457
2019-10-29 00:00:00,1.7797690219688038
2019-10-30 00:00:00,1.7871737073499516
2019-10-31 00:00:00,1.7829424585607243
2019-11-01 00:00:00,1.7988096415203272
2019-11-04 00:00:00,1.8080654982467625
2019-11-05 00:00:00,1.8046276086055153
2019-11-06 00:00:00,1.803834249457535
2019-11-07 00:00:00,1.809387763493396
2019-11-08 00:00:00,1.808329951296089
2019-11-11 00:00:00,1.805949873852149
2019-11-12 00:00:00,1.806743233000129
2019-11-13 00:00:00,1.8003963598162875
2019-11-14 00:00:00,1.7953717518790802
2019-11-15 00:00:00,1.806743233000129
2019-11-18 00:00:00,1.808858857394743
2019-11-19 00:00:00,1.8064787799508024
2019-11-20 00:00:00,1.7951072988297534
2019-11-21 00:00:00,1.7927272213858132
2019-11-22 00:00:00,1.7977518293230208
2019-11-25 00:00:00,1.812032293986663
2019-11-26 00:00:00,1.8109744817893567
2019-11-27 00:00:00,1.8157346366772373
2019-11-29 00:00:00,1.803040890309555
2019-12-02 00:00:00,1.7937850335831196
2019-12-03 00:00:00,1.7871737073499516
2019-12-04 00:00:00,1.8035697964082085
2019-12-05 00:00:00,1.800131906766961
2019-12-06 00:00:00,1.8165279958252174
2019-12-09 00:00:00,1.8070076860494555
2019-12-10 00:00:00,1.8078010451974358
2019-12-11 00:00:00,1.8173213549731977
2019-12-12 00:00:00,1.8294861952422266
2019-12-13 00:00:00,1.842179941609909
2019-12-16 00:00:00,1.8411221294126021
2019-12-17 00:00:00,1.8305440074395334
2019-12-18 00:00:00,1.828163929995593
2019-12-19 00:00:00,1.828163929995593
2019-12-20 00:00:00,1.8294861952422266
2019-12-23 00:00:00,1.8323951787848205
2019-12-24 00:00:00,1.8305440074395334
2019-12-26 00:00:00,1.8384775989193347
2019-12-27 00:00:00,1.8416510355112556
2019-12-30 00:00:00,1.8278994769462664
2019-12-31 00:00:00,1.836361974524721
2020-01-02 00:00:00,1.8548736879775913
2020-01-03 00:00:00,1.8318662726861668
2020-01-06 00:00:00,1.8390065050179885
2020-01-07 00:00:00,1.8339818970807804
2020-01-08 00:00:00,1.839270958067315
2020-01-09 00:00:00,1.8435022068565423
2020-01-10 00:00:00,1.8366264275740478
2020-01-13 00:00:00,1.8461467373498097
2020-01-14 00:00:00,1.8479979086950966
2020-01-15 00:00:00,1.8479979086950966
2020-01-16 00:00:00,1.8556670471255716
2020-01-17 00:00:00,1.8612205611614323
2020-01-21 00:00:00,1.8464111903991363
2020-01-22 00:00:00,1.8501135330897103
2020-01-23 00:00:00,1.8456178312511564
2020-01-24 00:00:00,1.8376842397713546
2020-01-27 00:00:00,1.7996030006683075
2020-01-28 00:00:00,1.8165279958252174
2020-01-29 00:00:00,1.8167924488745442
2020-01-30 00:00:00,1.815205730578584
2020-01-31 00:00:00,1.784529176856685
2020-02-03 00:00:00,1.7887604256459124
2020-02-04 00:00:00,1.818643620219831
2020-02-05 00:00:00,1.8360975214753945
2020-02-06 00:00:00,1.8411221294126021
2020-02-07 00:00:00,1.8236682281570387
2020-02-10 00:00:00,1.8273705708476125
2020-02-11 00:00:00,1.8397998641659683
2020-02-12 00:00:00,1.8461467373498097
2020-02-13 00:00:00,1.8331885379328006
2020-02-14 00:00:00,1.83001510134088
2020-02-18 00:00:00,1.8183791671705045
2020-02-19 00:00:00,1.824461587305019
2020-02-20 00:00:00,1.8136190122826237
2020-02-21 00:00:00,1.8051565147041686
2020-02-24 00:00:00,1.732960832237975
2020-02-25 00:00:00,1.7043999029106898
2020-02-26 00:00:00,1.7065155273053034
2020-02-27 00:00:00,1.674039848357121
2020-02-28 00:00:00,1.674039848357121
2020-03-02 00:00:00,1.674039848357121
2020-03-03 00:00:00,1.674039848357121
2020-03-04 00:00:00,1.674039848357121
2020-03-05 00:00:00,1.674039848357121
2020-03-06 00:00:00,1.674039848357121
2020-03-09 00:00:00,1.674039848357121
2020-03-10 00:00:00,1.674039848357121
2020-03-11 00:00:00,1.674039848357121
2020-03-12 00:00:00,1.674039848357121
2020-03-13 00:00:00,1.674039848357121
2020-03-16 00:00:00,1.674039848357121
2020-03-17 00:00:00,1.674039848357121
2020-03-18 00:00:00,1.674039848357121
2020-03-19 00:00:00,1.674039848357121
2020-03-20 00:00:00,1.674039848357121
2020-03-23 00:00:00,1.674039848357121
2020-03-24 00:00:00,1.674039848357121
2020-03-25 00:00:00,1.674039848357121
2020-03-26 00:00:00,1.674039848357121
2020-03-27 00:00:00,1.674039848357121
2020-03-30 00:00:00,1.674039848357121
2020-03-31 00:00:00,1.674039848357121
2020-04-01 00:00:00,1.674039848357121
2020-04-02 00:00:00,1.674039848357121
2020-04-03 00:00:00,1.674039848357121
2020-04-06 00:00:00,1.674039848357121
2020-04-07 00:00:00,1.674039848357121
2020-04-08 00:00:00,1.674039848357121
2020-04-09 00:00:00,1.674039848357121
2020-04-13 00:00:00,1.674039848357121
2020-04-14 00:00:00,1.674039848357121
2020-04-15 00:00:00,1.674039848357121
2020-04-16 00:00:00,1.674039848357121
2020-04-17 00:00:00,1.674039848357121
2020-04-20 00:00:00,1.674039848357121
2020-04-21 00:00:00,1.674039848357121
2020-04-22 00:00:00,1.674039848357121
2020-04-23 00:00:00,1.674039848357121
2020-04-24 00:00:00,1.674039848357121
2020-04-27 00:00:00,1.674039848357121
2020-04-28 00:00:00,1.674039848357121
2020-04-29 00:00:00,1.674039848357121
2020-04-30 00:00:00,1.674039848357121
2020-05-01 00:00:00,1.674039848357121
2020-05-04 00:00:00,1.674039848357121
2020-05-05 00:00:00,1.674039848357121
2020-05-06 00:00:00,1.674039848357121
2020-05-07 00:00:00,1.674039848357121
2020-05-08 00:00:00,1.674039848357121
2020-05-11 00:00:00,1.674039848357121
2020-05-12 00:00:00,1.674039848357121
2020-05-13 00:00:00,1.674039848357121
2020-05-14 00:00:00,1.674039848357121
2020-05-15 00:00:00,1.674039848357121
2020-05-18 00:00:00,1.674039848357121
2020-05-19 00:00:00,1.674039848357121
2020-05-20 00:00:00,1.674039848357121
2020-05-21 00:00:00,1.674039848357121
2020-05-22 00:00:00,1.674039848357121
2020-05-26 00:00:00,1.674039848357121
2020-05-27 00:00:00,1.674039848357121
2020-05-28 00:00:00,1.674039848357121
2020-05-29 00:00:00,1.674039848357121
2020-06-01 00:00:00,1.674039848357121
2020-06-02 00:00:00,1.674039848357121
2020-06-03 00:00:00,1.674039848357121
2020-06-04 00:00:00,1.674039848357121
2020-06-05 00:00:00,1.674039848357121
2020-06-08 00:00:00,1.674039848357121
2020-06-09 00:00:00,1.674039848357121
2020-06-10 00:00:00,1.674039848357121
2020-06-11 00:00:00,1.674039848357121
2020-06-12 00:00:00,1.674039848357121
2020-06-15 00:00:00,1.674039848357121
2020-06-16 00:00:00,1.674039848357121
2020-06-17 00:00:00,1.674039848357121
2020-06-18 00:00:00,1.674039848357121
2020-06-19 00:00:00,1.674039848357121
2020-06-22 00:00:00,1.674039848357121
2020-06-23 00:00:00,1.674039848357121
2020-06-24 00:00:00,1.674039848357121
2020-06-25 00:00:00,1.674039848357121
2020-06-26 00:00:00,1.674039848357121
2020-06-29 00:00:00,1.674039848357121
2020-06-30 00:00:00,1.674039848357121
2020-07-01 00:00:00,1.674039848357121
2020-07-02 00:00:00,1.674039848357121
2020-07-06 00:00:00,1.674039848357121
2020-07-07 00:00:00,1.674039848357121
2020-07-08 00:00:00,1.674039848357121
2020-07-09 00:00:00,1.674039848357121
2020-07-10 00:00:00,1.674039848357121
2020-07-13 00:00:00,1.674039848357121
2020-07-14 00:00:00,1.674039848357121
2020-07-15 00:00:00,1.674039848357121
2020-07-16 00:00:00,1.674039848357121
2020-07-17 00:00:00,1.674039848357121
2020-07-20 00:00:00,1.674039848357121
2020-07-21 00:00:00,1.674039848357121
2020-07-22 00:00:00,1.674039848357121
2020-07-23 00:00:00,1.674039848357121
2020-07-24 00:00:00,1.674039848357121
2020-07-27 00:00:00,1.674039848357121
2020-07-28 00:00:00,1.674039848357121
2020-07-29 00:00:00,1.674039848357121
2020-07-30 00:00:00,1.674039848357121
2020-07-31 00:00:00,1.674039848357121
2020-08-03 00:00:00,1.674039848357121
2020-08-04 00:00:00,1.674039848357121
2020-08-05 00:00:00,1.674039848357121
2020-08-06 00:00:00,1.674039848357121
2020-08-07 00:00:00,1.674039848357121
2020-08-10 00:00:00,1.674039848357121
2020-08-11 00:00:00,1.674039848357121
2020-08-12 00:00:00,1.674039848357121
2020-08-13 00:00:00,1.674039848357121
2020-08-14 00:00:00,1.674039848357121
2020-08-17 00:00:00,1.674039848357121
2020-08-18 00:00:00,1.674039848357121
2020-08-19 00:00:00,1.674039848357121
2020-08-20 00:00:00,1.674039848357121
2020-08-21 00:00:00,1.674039848357121
2020-08-24 00:00:00,1.674039848357121
2020-08-25 00:00:00,1.674039848357121
2020-08-26 00:00:00,1.674039848357121
2020-08-27 00:00:00,1.674039848357121
2020-08-28 00:00:00,1.674039848357121
2020-08-31 00:00:00,1.674039848357121
2020-09-01 00:00:00,1.674039848357121
2020-09-02 00:00:00,1.674039848357121
2020-09-03 00:00:00,1.674039848357121
2020-09-04 00:00:00,1.674039848357121
2020-09-08 00:00:00,1.674039848357121
2020-09-09 00:00:00,1.674039848357121
2020-09-10 00:00:00,1.674039848357121
2020-09-11 00:00:00,1.674039848357121
2020-09-14 00:00:00,1.674039848357121
2020-09-15 00:00:00,1.674039848357121
2020-09-16 00:00:00,1.674039848357121
2020-09-17 00:00:00,1.674039848357121
2020-09-18 00:00:00,1.674039848357121
2020-09-21 00:00:00,1.674039848357121
2020-09-22 00:00:00,1.674039848357121
2020-09-23 00:00:00,1.674039848357121
2020-09-24 00:00:00,1.674039848357121
2020-09-25 00:00:00,1.674039848357121
2020-09-28 00:00:00,1.674039848357121
2020-09-29 00:00:00,1.674039848357121
2020-09-30 00:00:00,1.674039848357121
2020-10-01 00:00:00,1.674039848357121
2020-10-02 00:00:00,1.674039848357121
2020-10-05 00:00:00,1.674039848357121
2020-10-06 00:00:00,1.674039848357121
2020-10-07 00:00:00,1.674039848357121
2020-10-08 00:00:00,1.674039848357121
2020-10-09 00:00:00,1.6783840213722443
2020-10-12 00:00:00,1.6880945257589897
2020-10-13 00:00:00,1.669184596163748
2020-10-14 00:00:00,1.6663736606833743
2020-10-15 00:00:00,1.6466971123207583
2020-10-16 00:00:00,1.6543632999945046
2020-10-19 00:00:00,1.6482303498555075
2020-10-20 00:00:00,1.6564076167075037
2020-10-21 00:00:00,1.6484858894446326
2020-10-22 00:00:00,1.6497635873902567
2020-10-23 00:00:00,1.660496250133502
2020-10-26 00:00:00,1.6305981182058904
2020-10-27 00:00:00,1.6178211387496464
2020-10-28 00:00:00,1.5813759803328193
2020-10-29 00:00:00,1.5813759803328193
2020-10-30 00:00:00,1.5800890532654914
2020-11-02 00:00:00,1.6006798863427414
2020-11-03 00:00:00,1.6314483563934148
2020-11-04 00:00:00,1.6314483563934148
2020-11-05 00:00:00,1.6314483563934148
2020-11-06 00:00:00,1.6314483563934148
2020-11-09 00:00:00,1.6027521771142919
2020-11-10 00:00:00,1.6171002667538532
2020-11-11 00:00:00,1.6307427126406495
2020-11-12 00:00:00,1.6069860396308837
2020-11-13 00:00:00,1.63168357097767
2020-11-16 00:00:00,1.6486190210440377
2020-11-17 00:00:00,1.6469725189542517
2020-11-18 00:00:00,1.6382695793368132
2020-11-19 00:00:00,1.6497950939653132
2020-11-20 00:00:00,1.6547346002346701
2020-11-23 00:00:00,1.6526176689763743
2020-11-24 00:00:00,1.6773152003231606
2020-11-25 00:00:00,1.6751982690648646
2020-11-27 00:00:00,1.6867237836933646
2020-11-30 00:00:00,1.6500303085495682
2020-12-01 00:00:00,1.6888407149516607
2020-12-02 00:00:00,1.6890759295359157
2020-12-03 00:00:00,1.6918985045469772
2020-12-04 00:00:00,1.7062465941865388
2020-12-07 00:00:00,1.6923689337154872
2020-12-08 00:00:00,1.6982492983218649
2020-12-09 00:00:00,1.7006014441644157
2020-12-10 00:00:00,1.7029535900069672
2020-12-11 00:00:00,1.6977788691533546
2020-12-14 00:00:00,1.6824899211767725
2020-12-15 00:00:00,1.6996605858273959
2020-12-16 00:00:00,1.7062465941865388
2020-12-17 00:00:00,1.7182425379835489
2020-12-18 00:00:00,1.709304383781855
2020-12-21 00:00:00,1.68742942744613
2020-12-22 00:00:00,1.683195564929538
2020-12-23 00:00:00,1.7013070879171812
2020-12-24 00:00:00,1.7020127316699467
2020-12-28 00:00:00,1.7158903921409978
2020-12-29 00:00:00,1.7269454776009878
2020-12-30 00:00:00,1.7292976234435389
2020-12-31 00:00:00,1.7161256067252528
2021-01-04 00:00:00,1.725063760926947
2021-01-05 00:00:00,1.742940069330335
2021-01-06 00:00:00,1.762933308992019
2021-01-07 00:00:00,1.76481502566606
2021-01-08 00:00:00,1.7812800465639174
2021-01-11 00:00:00,1.7579938027226618
2021-01-12 00:00:00,1.7659910985873353
2021-01-13 00:00:00,1.7636389527447844
2021-01-14 00:00:00,1.7777518278000908
2021-01-15 00:00:00,1.7499965068579881
2021-01-19 00:00:00,1.762698094407764
2021-01-20 00:00:00,1.7746940382047744
2021-01-21 00:00:00,1.776105325710305
2021-01-22 00:00:00,1.767637600677121
2021-01-25 00:00:00,1.7655206694188252
2021-01-26 00:00:00,1.7681080298456313
2021-01-27 00:00:00,1.7276511213537533
2021-01-28 00:00:00,1.7387062068137433
2021-01-29 00:00:00,1.7027183754227118
2021-02-01 00:00:00,1.722946829668651
2021-02-02 00:00:00,1.7403527089035289
2021-02-03 00:00:00,1.7445865714201207
2021-02-04 00:00:00,1.7464682880941615
2021-02-05 00:00:00,1.7572881589698963
2021-02-08 00:00:00,1.7695193173511619
2021-02-09 00:00:00,1.7791631153056213
2021-02-10 00:00:00,1.7730475361149884
2021-02-11 00:00:00,1.785043479911999
2021-02-12 00:00:00,1.7949224924507137
2021-02-16 00:00:00,1.8078592945847443
2021-02-17 00:00:00,1.7972746382932645
2021-02-18 00:00:00,1.7883364840915705
2021-02-19 00:00:00,1.7935112049451827
2021-02-22 00:00:00,1.7890421278443356
2021-02-23 00:00:00,1.7906886299341216
2021-02-24 00:00:00,1.7963337799562442
2021-02-25 00:00:00,1.76575588400308
2021-02-26 00:00:00,1.7408231380720394
2021-03-01 00:00:00,1.7735179652834991
2021-03-02 00:00:00,1.771636248609458
2021-03-03 00:00:00,1.760816377733723
2021-03-04 00:00:00,1.7441161422516107
2021-03-05 00:00:00,1.7554064422958555
2021-03-08 00:00:00,1.749290863105223
2021-03-09 00:00:00,1.7728123215307336
2021-03-10 00:00:00,1.7803391882268966
2021-03-11 00:00:00,1.789747771597101
2021-03-12 00:00:00,1.7942168486979482
2021-03-15 00:00:00,1.7956281362034787
2021-03-16 00:00:00,1.798685925798795
2021-03-17 00:00:00,1.8092705820902748
2021-03-18 00:00:00,1.7928055611924176
2021-03-19 00:00:00,1.7977450674617748
2021-03-22 00:00:00,1.7993915695515605
2021-03-23 00:00:00,1.774458823620519
2021-03-24 00:00:00,1.7655206694188252
2021-03-25 00:00:00,1.778692686137111
2021-03-26 00:00:00,1.8017437153941116
2021-03-29 00:00:00,1.7946872778664584
2021-03-30 00:00:00,1.7923351320239074
2021-03-31 00:00:00,1.7845730507434887
2021-04-01 00:00:00,1.8078592945847443
2021-04-05 00:00:00,1.8342033280213164
2021-04-06 00:00:00,1.8146805175281426
2021-04-07 00:00:00,1.8184439508762242
2021-04-08 00:00:00,1.8287933925834485
2021-04-09 00:00:00,1.8344385426055712
2021-04-12 00:00:00,1.8243243154826017
2021-04-13 00:00:00,1.8349089717740814
2021-04-14 00:00:00,1.836320259279612
2021-04-15 00:00:00,1.851609207256194
2021-04-16 00:00:00,1.865016438558735
2021-04-19 00:00:00,1.8617234343791638
2021-04-20 00:00:00,1.8283229634149385
2021-04-21 00:00:00,1.8471401301553472
2021-04-22 00:00:00,1.8410245509647143
2021-04-23 00:00:00,1.8598417177051225
2021-04-26 00:00:00,1.861253005210653
2021-04-27 00:00:00,1.8551374260200206
2021-04-28 00:00:00,1.8598417177051225
2021-04-29 00:00:00,1.860547361457888
2021-04-30 00:00:00,1.8372611176166325
2021-05-03 00:00:00,1.8574895718625717
2021-05-04 00:00:00,1.8299694655047243
2021-05-05 00:00:00,1.8549022114357654
2021-05-06 00:00:00,1.8701911594123475
2021-05-07 00:00:00,1.8913604719953065
2021-05-10 00:00:00,1.8812462448723375
2021-05-11 00:00:00,1.8565487135255512
2021-05-12 00:00:00,1.826911675909408
2021-05-13 00:00:00,1.840554121796204
2021-05-14 00:00:00,1.871367232333623
2021-05-17 00:00:00,1.8678390135697962
2021-05-18 00:00:00,1.8718376615021328
2021-05-19 00:00:00,1.8553726406042756
2021-05-20 00:00:00,1.879834957366807
2021-05-21 00:00:00,1.8824223177936128
2021-05-24 00:00:00,1.8939478324221128
2021-05-25 00:00:00,1.8944182615906233
2021-05-26 00:00:00,1.8932421886693478
2021-05-27 00:00:00,1.8967704074331744
2021-05-28 00:00:00,1.9012394845340213
2021-06-01 00:00:00,1.9080607074774196
2021-06-02 00:00:00,1.9144115012523073
2021-06-03 00:00:00,1.9050029178821029
2021-06-04 00:00:00,1.9212327241957057
2021-06-07 00:00:00,1.9275835179705934
2021-06-08 00:00:00,1.9266426596335726
2021-06-09 00:00:00,1.9214679387799605
2021-06-10 00:00:00,1.9007690553655112
2021-06-11 00:00:00,1.905238132466358
2021-06-14 00:00:00,1.9085311366459294
2021-06-15 00:00:00,1.9108832824884803
2021-06-16 00:00:00,1.8991225532757254
2021-06-17 00:00:00,1.8859505365574396
2021-06-18 00:00:00,1.8469049155710917
2021-06-21 00:00:00,1.8711320177493678
2021-06-22 00:00:00,1.871367232333623
2021-06-23 00:00:00,1.8593712885366123
2021-06-24 00:00:00,1.8772475969400007
2021-06-25 00:00:00,1.8812462448723375
2021-06-28 00:00:00,1.869250301075327
2021-06-29 00:00:00,1.8697207302438368
2021-06-30 00:00:00,1.8553726406042756
2021-07-01 00:00:00,1.8598417177051225
2021-07-02 00:00:00,1.8661925114800106
2021-07-06 00:00:00,1.853961353098745
2021-07-07 00:00:00,1.8640755802217146
2021-07-08 00:00:00,1.8400836926276938
2021-07-09 00:00:00,1.871367232333623
2021-07-12 00:00:00,1.8793645281982967
2021-07-13 00:00:00,1.869485515659582
2021-07-14 00:00:00,1.8737193781761736
2021-07-15 00:00:00,1.8558430697727861
2021-07-16 00:00:00,1.8422006238859896
2021-07-19 00:00:00,1.8088001529217648
2021-07-20 00:00:00,1.8219721696400504
2021-07-21 00:00:00,1.834256392431524
2021-07-22 00:00:00,1.834256392431524
2021-07-23 00:00:00,1.834256392431524
2021-07-26 00:00:00,1.834256392431524
2021-07-27 00:00:00,1.834256392431524
2021-07-28 00:00:00,1.834256392431524
2021-07-29 00:00:00,1.834256392431524
2021-07-30 00:00:00,1.834256392431524
2021-08-02 00:00:00,1.834256392431524
2021-08-03 00:00:00,1.834256392431524
2021-08-04 00:00:00,1.834256392431524
2021-08-05 00:00:00,1.834256392431524
2021-08-06 00:00:00,1.834256392431524
2021-08-09 00:00:00,1.834256392431524
2021-08-10 00:00:00,1.834256392431524
2021-08-11 00:00:00,1.83584292335294
2021-08-12 00:00:00,1.834256392431524
2021-08-13 00:00:00,1.845362108881437
2021-08-16 00:00:00,1.83584292335294
2021-08-17 00:00:00,1.8186177304918505
2021-08-18 00:00:00,1.8115916649827222
2021-08-19 00:00:00,1.7872866458789958
2021-08-20 00:00:00,1.7995174757963026
2021-08-23 00:00:00,1.8162782427200186
2021-08-24 00:00:00,1.8201286891754669
2021-08-25 00:00:00,1.8208081797264284
2021-08-26 00:00:00,1.8112953120129678
2021-08-27 00:00:00,1.8278295820863637
2021-08-30 00:00:00,1.8273765883857231
2021-08-31 00:00:00,1.826470600984441
2021-09-01 00:00:00,1.8430048710578368
2021-09-02 00:00:00,1.8504792671184132
2021-09-03 00:00:00,1.858859650580271
2021-09-07 00:00:00,1.8602186316821938
2021-09-08 00:00:00,1.8454963364113621
2021-09-09 00:00:00,1.8423253805068753
2021-09-10 00:00:00,1.8382484372011063
2021-09-13 00:00:00,1.852744235621618
2021-09-14 00:00:00,1.8450433427107211
2021-09-15 00:00:00,1.8504792671184132
2021-09-16 00:00:00,1.8475348080642464
2021-09-17 00:00:00,1.8232996450799541
2021-09-20 00:00:00,1.789551614382201
2021-09-21 00:00:00,1.8072183687071994
2021-09-22 00:00:00,1.8162782427200186
2021-09-23 00:00:00,1.8359834686979015
2021-09-24 00:00:00,1.818769708073544
2021-09-27 00:00:00,1.8176372238219416
2021-09-28 00:00:00,1.7780002750158557
2021-09-29 00:00:00,1.7739233317100869
2021-09-30 00:00:00,1.7750203918542993
2021-10-01 00:00:00,1.7750203918542993
2021-10-04 00:00:00,1.7750203918542993
2021-10-05 00:00:00,1.7750203918542993
2021-10-06 00:00:00,1.7750203918542993
2021-10-07 00:00:00,1.7750203918542993
2021-10-08 00:00:00,1.7750203918542993
2021-10-11 00:00:00,1.7750203918542993
2021-10-12 00:00:00,1.7750203918542993
2021-10-13 00:00:00,1.7750203918542993
2021-10-14 00:00:00,1.7750203918542993
2021-10-15 00:00:00,1.7750203918542993
2021-10-18 00:00:00,1.7750203918542993
2021-10-19 00:00:00,1.7750203918542993
2021-10-20 00:00:00,1.7750203918542993
2021-10-21 00:00:00,1.7750203918542993
2021-10-22 00:00:00,1.7750203918542993
2021-10-25 00:00:00,1.7750203918542993
2021-10-26 00:00:00,1.7677736180164678
2021-10-27 00:00:00,1.7607464433858435
2021-10-28 00:00:00,1.7778751815479903
2021-10-29 00:00:00,1.7675540188092607
2021-11-01 00:00:00,1.784682756971408
2021-11-02 00:00:00,1.7809495704488887
2021-11-03 00:00:00,1.7954431181245518
2021-11-04 00:00:00,1.7943451220885163
2021-11-05 00:00:00,1.796980312575001
2021-11-08 00:00:00,1.7967607133677936
2021-11-09 00:00:00,1.7928079276380677
2021-11-10 00:00:00,1.7710676061245731
2021-11-11 00:00:00,1.7774359831335762
2021-11-12 00:00:00,1.787098348250685
2021-11-15 00:00:00,1.7838043601425801
2021-11-16 00:00:00,1.7798515744128536
2021-11-17 00:00:00,1.7776555823407834
2021-11-18 00:00:00,1.7794123759984397
2021-11-19 00:00:00,1.7642600307011556
2021-11-22 00:00:00,1.753938867962426
2021-11-23 00:00:00,1.7521820743047698
2021-11-24 00:00:00,1.7264374313015602
2021-11-26 00:00:00,1.71311101346056
2021-11-29 00:00:00,1.72177318505721
2021-11-30 00:00:00,1.717306791696406
2021-12-01 00:00:00,1.717306791696406
2021-12-02 00:00:00,1.717306791696406
2021-12-03 00:00:00,1.717306791696406
2021-12-06 00:00:00,1.717306791696406
2021-12-07 00:00:00,1.717306791696406
2021-12-08 00:00:00,1.717306791696406
2021-12-09 00:00:00,1.717306791696406
2021-12-10 00:00:00,1.717306791696406
2021-12-13 00:00:00,1.717306791696406
2021-12-14 00:00:00,1.717306791696406
2021-12-15 00:00:00,1.717306791696406
2021-12-16 00:00:00,1.717306791696406
2021-12-17 00:00:00,1.717306791696406
2021-12-20 00:00:00,1.717306791696406
2021-12-21 00:00:00,1.717306791696406
2021-12-22 00:00:00,1.717306791696406
2021-12-23 00:00:00,1.717306791696406
2021-12-27 00:00:00,1.717306791696406
2021-12-28 00:00:00,1.717306791696406
2021-12-29 00:00:00,1.717306791696406
2021-12-30 00:00:00,1.717306791696406
2021-12-31 00:00:00,1.717306791696406
2022-01-03 00:00:00,1.717306791696406
2022-01-04 00:00:00,1.717306791696406
2022-01-05 00:00:00,1.717306791696406
2022-01-06 00:00:00,1.717306791696406
2022-01-07 00:00:00,1.717306791696406
2022-01-10 00:00:00,1.717306791696406
2022-01-11 00:00:00,1.717306791696406
2022-01-12 00:00:00,1.717306791696406
2022-01-13 00:00:00,1.717306791696406
2022-01-14 00:00:00,1.717306791696406
2022-01-18 00:00:00,1.717306791696406
2022-01-19 00:00:00,1.717306791696406
2022-01-20 00:00:00,1.717306791696406
2022-01-21 00:00:00,1.717306791696406
2022-01-24 00:00:00,1.717306791696406
2022-01-25 00:00:00,1.717306791696406
2022-01-26 00:00:00,1.717306791696406
2022-01-27 00:00:00,1.717306791696406
2022-01-28 00:00:00,1.717306791696406
2022-01-31 00:00:00,1.717306791696406
2022-02-01 00:00:00,1.717306791696406
2022-02-02 00:00:00,1.717306791696406
2022-02-03 00:00:00,1.717306791696406
2022-02-04 00:00:00,1.717306791696406
2022-02-07 00:00:00,1.717306791696406
2022-02-08 00:00:00,1.717306791696406
2022-02-09 00:00:00,1.717306791696406
2022-02-10 00:00:00,1.717306791696406
2022-02-11 00:00:00,1.717306791696406
2022-02-14 00:00:00,1.717306791696406
2022-02-15 00:00:00,1.717306791696406
2022-02-16 00:00:00,1.717306791696406
2022-02-17 00:00:00,1.717306791696406
2022-02-18 00:00:00,1.717306791696406
2022-02-22 00:00:00,1.717306791696406
2022-02-23 00:00:00,1.717306791696406
2022-02-24 00:00:00,1.717306791696406
2022-02-25 00:00:00,1.717306791696406
2022-02-28 00:00:00,1.717306791696406
2022-03-01 00:00:00,1.717306791696406
2022-03-02 00:00:00,1.717306791696406
2022-03-03 00:00:00,1.717306791696406
2022-03-04 00:00:00,1.717306791696406
2022-03-07 00:00:00,1.717306791696406
2022-03-08 00:00:00,1.717306791696406
2022-03-09 00:00:00,1.717306791696406
2022-03-10 00:00:00,1.717306791696406
2022-03-11 00:00:00,1.717306791696406
2022-03-14 00:00:00,1.717306791696406
2022-03-15 00:00:00,1.717306791696406
2022-03-16 00:00:00,1.717306791696406
2022-03-17 00:00:00,1.717306791696406
2022-03-18 00:00:00,1.717306791696406
2022-03-21 00:00:00,1.717306791696406
2022-03-22 00:00:00,1.717306791696406
2022-03-23 00:00:00,1.717306791696406
2022-03-24 00:00:00,1.717306791696406
2022-03-25 00:00:00,1.717306791696406
2022-03-28 00:00:00,1.717306791696406
2022-03-29 00:00:00,1.717306791696406
2022-03-30 00:00:00,1.717306791696406
2022-03-31 00:00:00,1.717306791696406
2022-04-01 00:00:00,1.717306791696406
2022-04-04 00:00:00,1.717306791696406
2022-04-05 00:00:00,1.717306791696406
2022-04-06 00:00:00,1.717306791696406
2022-04-07 00:00:00,1.717306791696406
2022-04-08 00:00:00,1.717306791696406
2022-04-11 00:00:00,1.717306791696406
2022-04-12 00:00:00,1.717306791696406
2022-04-13 00:00:00,1.717306791696406
2022-04-14 00:00:00,1.717306791696406
2022-04-18 00:00:00,1.717306791696406
2022-04-19 00:00:00,1.717306791696406
2022-04-20 00:00:00,1.717306791696406
2022-04-21 00:00:00,1.717306791696406
2022-04-22 00:00:00,1.717306791696406
2022-04-25 00:00:00,1.717306791696406
2022-04-26 00:00:00,1.717306791696406
2022-04-27 00:00:00,1.717306791696406
2022-04-28 00:00:00,1.717306791696406
2022-04-29 00:00:00,1.717306791696406
2022-05-02 00:00:00,1.717306791696406
2022-05-03 00:00:00,1.717306791696406
2022-05-04 00:00:00,1.717306791696406
2022-05-05 00:00:00,1.717306791696406
2022-05-06 00:00:00,1.717306791696406
2022-05-09 00:00:00,1.717306791696406
2022-05-10 00:00:00,1.717306791696406
2022-05-11 00:00:00,1.717306791696406
2022-05-12 00:00:00,1.717306791696406
2022-05-13 00:00:00,1.717306791696406
2022-05-16 00:00:00,1.717306791696406
2022-05-17 00:00:00,1.717306791696406
2022-05-18 00:00:00,1.717306791696406
2022-05-19 00:00:00,1.717306791696406
2022-05-20 00:00:00,1.717306791696406
2022-05-23 00:00:00,1.717306791696406
2022-05-24 00:00:00,1.717306791696406
2022-05-25 00:00:00,1.717306791696406
2022-05-26 00:00:00,1.717306791696406
2022-05-27 00:00:00,1.717306791696406
2022-05-31 00:00:00,1.717306791696406
2022-06-01 00:00:00,1.717306791696406
2022-06-02 00:00:00,1.717306791696406
2022-06-03 00:00:00,1.717306791696406
2022-06-06 00:00:00,1.717306791696406
2022-06-07 00:00:00,1.717306791696406
2022-06-08 00:00:00,1.717306791696406
2022-06-09 00:00:00,1.717306791696406
2022-06-10 00:00:00,1.717306791696406
2022-06-13 00:00:00,1.717306791696406
2022-06-14 00:00:00,1.717306791696406
2022-06-15 00:00:00,1.717306791696406
2022-06-16 00:00:00,1.717306791696406
2022-06-17 00:00:00,1.717306791696406
2022-06-21 00:00:00,1.717306791696406
2022-06-22 00:00:00,1.717306791696406
2022-06-23 00:00:00,1.717306791696406
2022-06-24 00:00:00,1.717306791696406
2022-06-27 00:00:00,1.717306791696406
2022-06-28 00:00:00,1.717306791696406
2022-06-29 00:00:00,1.717306791696406
2022-06-30 00:00:00,1.717306791696406
2022-07-01 00:00:00,1.717306791696406
2022-07-05 00:00:00,1.717306791696406
2022-07-06 00:00:00,1.717306791696406
2022-07-07 00:00:00,1.717306791696406
2022-07-08 00:00:00,1.717306791696406
2022-07-11 00:00:00,1.717306791696406
2022-07-12 00:00:00,1.717306791696406
2022-07-13 00:00:00,1.717306791696406
2022-07-14 00:00:00,1.717306791696406
2022-07-15 00:00:00,1.717306791696406
2022-07-18 00:00:00,1.717306791696406
2022-07-19 00:00:00,1.717306791696406
2022-07-20 00:00:00,1.717306791696406
2022-07-21 00:00:00,1.717306791696406
2022-07-22 00:00:00,1.717306791696406
2022-07-25 00:00:00,1.717306791696406
2022-07-26 00:00:00,1.717306791696406
2022-07-27 00:00:00,1.717306791696406
2022-07-28 00:00:00,1.717306791696406
2022-07-29 00:00:00,1.717306791696406
2022-08-01 00:00:00,1.717306791696406
2022-08-02 00:00:00,1.717306791696406
2022-08-03 00:00:00,1.717306791696406
2022-08-04 00:00:00,1.717306791696406
2022-08-05 00:00:00,1.717306791696406
2022-08-08 00:00:00,1.717306791696406
2022-08-09 00:00:00,1.717306791696406
2022-08-10 00:00:00,1.717306791696406
2022-08-11 00:00:00,1.717306791696406
2022-08-12 00:00:00,1.717306791696406
2022-08-15 00:00:00,1.717306791696406
2022-08-16 00:00:00,1.717306791696406
2022-08-17 00:00:00,1.717306791696406
2022-08-18 00:00:00,1.717306791696406
2022-08-19 00:00:00,1.717306791696406
2022-08-22 00:00:00,1.717306791696406
2022-08-23 00:00:00,1.717306791696406
2022-08-24 00:00:00,1.717306791696406
2022-08-25 00:00:00,1.717306791696406
2022-08-26 00:00:00,1.717306791696406
2022-08-29 00:00:00,1.717306791696406
2022-08-30 00:00:00,1.717306791696406
2022-08-31 00:00:00,1.717306791696406
2022-09-01 00:00:00,1.717306791696406
2022-09-02 00:00:00,1.717306791696406
2022-09-06 00:00:00,1.717306791696406
2022-09-07 00:00:00,1.717306791696406
2022-09-08 00:00:00,1.717306791696406
2022-09-09 00:00:00,1.717306791696406
2022-09-12 00:00:00,1.717306791696406
2022-09-13 00:00:00,1.717306791696406
2022-09-14 00:00:00,1.717306791696406
2022-09-15 00:00:00,1.717306791696406
2022-09-16 00:00:00,1.717306791696406
2022-09-19 00:00:00,1.717306791696406
2022-09-20 00:00:00,1.717306791696406
2022-09-21 00:00:00,1.717306791696406
2022-09-22 00:00:00,1.717306791696406
2022-09-23 00:00:00,1.717306791696406
2022-09-26 00:00:00,1.717306791696406
2022-09-27 00:00:00,1.717306791696406
2022-09-28 00:00:00,1.717306791696406
2022-09-29 00:00:00,1.717306791696406
2022-09-30 00:00:00,1.717306791696406
2022-10-03 00:00:00,1.717306791696406
2022-10-04 00:00:00,1.717306791696406
2022-10-05 00:00:00,1.717306791696406
2022-10-06 00:00:00,1.717306791696406
2022-10-07 00:00:00,1.717306791696406
2022-10-10 00:00:00,1.717306791696406
2022-10-11 00:00:00,1.717306791696406
2022-10-12 00:00:00,1.717306791696406
2022-10-13 00:00:00,1.717306791696406
2022-10-14 00:00:00,1.717306791696406
2022-10-17 00:00:00,1.717306791696406
2022-10-18 00:00:00,1.717306791696406
2022-10-19 00:00:00,1.717306791696406
2022-10-20 00:00:00,1.717306791696406
2022-10-21 00:00:00,1.717306791696406
2022-10-24 00:00:00,1.717306791696406
2022-10-25 00:00:00,1.717306791696406
2022-10-26 00:00:00,1.717306791696406
2022-10-27 00:00:00,1.717306791696406
2022-10-28 00:00:00,1.717306791696406
2022-10-31 00:00:00,1.717306791696406
2022-11-01 00:00:00,1.717306791696406
2022-11-02 00:00:00,1.717306791696406
2022-11-03 00:00:00,1.717306791696406
2022-11-04 00:00:00,1.717306791696406
2022-11-07 00:00:00,1.717306791696406
2022-11-08 00:00:00,1.717306791696406
2022-11-09 00:00:00,1.717306791696406
2022-11-10 00:00:00,1.717306791696406
2022-11-11 00:00:00,1.717306791696406
2022-11-14 00:00:00,1.717306791696406
2022-11-15 00:00:00,1.717306791696406
2022-11-16 00:00:00,1.717306791696406
2022-11-17 00:00:00,1.717306791696406
2022-11-18 00:00:00,1.717306791696406
2022-11-21 00:00:00,1.717306791696406
2022-11-22 00:00:00,1.717306791696406
2022-11-23 00:00:00,1.717306791696406
2022-11-25 00:00:00,1.717306791696406
2022-11-28 00:00:00,1.717306791696406
2022-11-29 00:00:00,1.717306791696406
2022-11-30 00:00:00,1.717306791696406
2022-12-01 00:00:00,1.717306791696406
2022-12-02 00:00:00,1.717306791696406
2022-12-05 00:00:00,1.717306791696406
2022-12-06 00:00:00,1.717306791696406
2022-12-07 00:00:00,1.717306791696406
2022-12-08 00:00:00,1.717306791696406
2022-12-09 00:00:00,1.717306791696406
2022-12-12 00:00:00,1.717306791696406
2022-12-13 00:00:00,1.717306791696406
2022-12-14 00:00:00,1.717306791696406
2022-12-15 00:00:00,1.717306791696406
2022-12-16 00:00:00,1.717306791696406
2022-12-19 00:00:00,1.717306791696406
2022-12-20 00:00:00,1.717306791696406
2022-12-21 00:00:00,1.717306791696406
2022-12-22 00:00:00,1.717306791696406
2022-12-23 00:00:00,1.717306791696406
2022-12-27 00:00:00,1.717306791696406
2022-12-28 00:00:00,1.717306791696406
2022-12-29 00:00:00,1.717306791696406
2022-12-30 00:00:00,1.717306791696406
2023-01-03 00:00:00,1.717306791696406
2023-01-04 00:00:00,1.717306791696406
2023-01-05 00:00:00,1.717306791696406
2023-01-06 00:00:00,1.717306791696406
2023-01-09 00:00:00,1.717306791696406
2023-01-10 00:00:00,1.717306791696406
2023-01-11 00:00:00,1.717306791696406
2023-01-12 00:00:00,1.717306791696406
2023-01-13 00:00:00,1.717306791696406
2023-01-17 00:00:00,1.717306791696406
2023-01-18 00:00:00,1.717306791696406
2023-01-19 00:00:00,1.717306791696406
2023-01-20 00:00:00,1.717306791696406
2023-01-23 00:00:00,1.717306791696406
2023-01-24 00:00:00,1.717306791696406
2023-01-25 00:00:00,1.734242756111558
2023-01-26 00:00:00,1.735694410204285
2023-01-27 00:00:00,1.7323072173212548
2023-01-30 00:00:00,1.721177869277012
2023-01-31 00:00:00,1.7310975055773152
2023-02-01 00:00:00,1.7465818158997402
2023-02-02 00:00:00,1.7441623924118612
2023-02-03 00:00:00,1.727952255043073
2023-02-06 00:00:00,1.7102904635815572
2023-02-07 00:00:00,1.7248070045088306
2023-02-08 00:00:00,1.7141615411621633
2023-02-09 00:00:00,1.717306791696406
2023-02-10 00:00:00,1.7098065788839814
2023-02-13 00:00:00,1.726984485647921
2023-02-14 00:00:00,1.730129736182164
2023-02-15 00:00:00,1.7223875810209515
2023-02-16 00:00:00,1.7139195988133755
2023-02-17 00:00:00,1.7182745610915573
2023-02-21 00:00:00,1.6994030578861024
2023-02-22 00:00:00,1.6899673062833749
2023-02-23 00:00:00,1.6986772308397386
2023-02-24 00:00:00,1.6703699760315565
2023-02-27 00:00:00,1.6902092486321627
2023-02-28 00:00:00,1.6778701888439804
2023-03-01 00:00:00,1.6868220557491322
2023-03-02 00:00:00,1.6902092486321627
2023-03-03 00:00:00,1.7148873682085268
2023-03-06 00:00:00,1.7105324059303453
2023-03-07 00:00:00,1.6819832087733746
2023-03-08 00:00:00,1.6911770180273145
2023-03-09 00:00:00,1.6788379582391322
2023-03-10 00:00:00,1.660934224428829
2023-03-13 00:00:00,1.6428274525994226
2023-03-14 00:00:00,1.647596874729193
2023-03-15 00:00:00,1.5810103856605326
2023-03-16 00:00:00,1.613765142186753
2023-03-17 00:00:00,1.5945395242257105
2023-03-20 00:00:00,1.6194616215826174
2023-03-21 00:00:00,1.6425645482444549
2023-03-22 00:00:00,1.6425645482444549
2023-03-23 00:00:00,1.6425645482444549
2023-03-24 00:00:00,1.6425645482444549
2023-03-27 00:00:00,1.6425645482444549
2023-03-28 00:00:00,1.6425645482444549
2023-03-29 00:00:00,1.6425645482444549
2023-03-30 00:00:00,1.6425645482444549
2023-03-31 00:00:00,1.6425645482444549
2023-04-03 00:00:00,1.6517293664798824
2023-04-04 00:00:00,1.6519584869357677
2023-04-05 00:00:00,1.6405024641414836
2023-04-06 00:00:00,1.6482925596415967
2023-04-10 00:00:00,1.6471469573621687
2023-04-11 00:00:00,1.6526458483034248
2023-04-12 00:00:00,1.6631853892741664
2023-04-13 00:00:00,1.684493591671535
2023-04-14 00:00:00,1.6776199779949643
2023-04-17 00:00:00,1.6746414120684505
2023-04-18 00:00:00,1.6838062303038777
2023-04-19 00:00:00,1.678536459818507
2023-04-20 00:00:00,1.678536459818507
2023-04-21 00:00:00,1.6870139166862772
2023-04-24 00:00:00,1.6913672053481048
2023-04-25 00:00:00,1.66776779839188
2023-04-26 00:00:00,1.6666221961124514
2023-04-27 00:00:00,1.6874721575980487
2023-04-28 00:00:00,1.6867847962303915
2023-05-01 00:00:00,1.6842644712156492
2023-05-02 00:00:00,1.6673095574801087
2023-05-03 00:00:00,1.6716628461419363
2023-05-04 00:00:00,1.6682260393036514
2023-05-05 00:00:00,1.692741928083419
2023-05-08 00:00:00,1.693200168995191
2023-05-09 00:00:00,1.6863265553186202
2023-05-10 00:00:00,1.682889748480335
2023-05-11 00:00:00,1.6787655802743924
2023-05-12 00:00:00,1.6757870143478786
2023-05-15 00:00:00,1.6886177598774772
2023-05-16 00:00:00,1.672579327965479
2023-05-17 00:00:00,1.6803694234655924
2023-05-18 00:00:00,1.67784909845085
2023-05-19 00:00:00,1.6877012780539342
2023-05-22 00:00:00,1.6881595189657057
2023-05-23 00:00:00,1.663414509730052
2023-05-24 00:00:00,1.6391277414061698
2023-05-25 00:00:00,1.6368365368473128
2023-05-26 00:00:00,1.6528749687593105
2023-05-30 00:00:00,1.6361491754796558
2023-05-31 00:00:00,1.6191942617441153
2023-06-01 00:00:00,1.6432519096121119
2023-06-02 00:00:00,1.6645601120094804
2023-06-05 00:00:00,1.654937052862282
2023-06-06 00:00:00,1.6686842802154225
2023-06-07 00:00:00,1.6242349117736004
2023-06-08 00:00:00,1.6414189459650266
2023-06-09 00:00:00,1.6386695004943983
2023-06-12 00:00:00,1.6457722346268544
2023-06-13 00:00:00,1.661352425627081
2023-06-14 00:00:00,1.6675386779359944
2023-06-15 00:00:00,1.6851809530391915
2023-06-16 00:00:00,1.6815150257450209
2023-06-20 00:00:00,1.6592903415241096
2023-06-21 00:00:00,1.6618106665388523
2023-06-22 00:00:00,1.6515002460239963
2023-06-23 00:00:00,1.6258387549648
2023-06-26 00:00:00,1.6279008390677712
2023-06-27 00:00:00,1.6421063073326836
2023-06-28 00:00:00,1.6432519096121119
2023-06-29 00:00:00,1.6409607050532553
2023-06-30 00:00:00,1.6611233051711953
2023-07-03 00:00:00,1.6592903415241096
2023-07-05 00:00:00,1.6407315845973693
2023-07-06 00:00:00,1.6123206480675452
2023-07-07 00:00:00,1.6132674654394468
2023-07-10 00:00:00,1.6132674654394468
2023-07-11 00:00:00,1.6132674654394468
2023-07-12 00:00:00,1.6132674654394468
2023-07-13 00:00:00,1.6132674654394468
2023-07-14 00:00:00,1.6132674654394468
2023-07-17 00:00:00,1.6185331283213378
2023-07-18 00:00:00,1.6290644540851207
2023-07-19 00:00:00,1.6281868436048055
2023-07-20 00:00:00,1.619849544041811
2023-07-21 00:00:00,1.623140583342993
2023-07-24 00:00:00,1.6191913361815744
2023-07-25 00:00:00,1.6209465571422046
2023-07-26 00:00:00,1.6253346095437808
2023-07-27 00:00:00,1.6216047650024412
2023-07-28 00:00:00,1.6332331038666177
2023-07-31 00:00:00,1.6336719091067753
2023-08-01 00:00:00,1.6132674654394468
2023-08-02 00:00:00,1.5832093064886505
2023-08-03 00:00:00,1.5788212540870743
2023-08-04 00:00:00,1.5832093064886505
2023-08-07 00:00:00,1.5965928663134574
2023-08-08 00:00:00,1.5869391510299904
2023-08-09 00:00:00,1.5865003457898326
2023-08-10 00:00:00,1.6029684431698037
2023-08-11 00:00:00,1.6029684431698037
2023-08-14 00:00:00,1.6029684431698037
2023-08-15 00:00:00,1.6029684431698037
2023-08-16 00:00:00,1.6029684431698037
2023-08-17 00:00:00,1.6029684431698037
2023-08-18 00:00:00,1.6029684431698037
2023-08-21 00:00:00,1.6029684431698037
2023-08-22 00:00:00,1.6029684431698037
2023-08-23 00:00:00,1.6029684431698037
2023-08-24 00:00:00,1.6029684431698037
2023-08-25 00:00:00,1.6029684431698037
2023-08-28 00:00:00,1.6029684431698037
2023-08-29 00:00:00,1.6029684431698037
2023-08-30 00:00:00,1.6029684431698037
2023-08-31 00:00:00,1.6029684431698037
2023-09-01 00:00:00,1.6029684431698037
2023-09-05 00:00:00,1.6029684431698037
2023-09-06 00:00:00,1.6029684431698037
2023-09-07 00:00:00,1.6029684431698037
2023-09-08 00:00:00,1.6029684431698037
2023-09-11 00:00:00,1.6029684431698037
2023-09-12 00:00:00,1.6029684431698037
2023-09-13 00:00:00,1.6029684431698037
2023-09-14 00:00:00,1.6029684431698037
2023-09-15 00:00:00,1.6029684431698037
2023-09-18 00:00:00,1.6029684431698037
2023-09-19 00:00:00,1.6029684431698037
2023-09-20 00:00:00,1.6029684431698037
2023-09-21 00:00:00,1.6029684431698037
2023-09-22 00:00:00,1.6029684431698037
2023-09-25 00:00:00,1.6029684431698037
2023-09-26 00:00:00,1.6029684431698037
2023-09-27 00:00:00,1.6029684431698037
2023-09-28 00:00:00,1.6029684431698037
2023-09-29 00:00:00,1.6029684431698037
2023-10-02 00:00:00,1.6029684431698037
2023-10-03 00:00:00,1.6029684431698037
2023-10-04 00:00:00,1.6029684431698037
2023-10-05 00:00:00,1.6029684431698037
2023-10-06 00:00:00,1.6029684431698037
2023-10-09 00:00:00,1.6029684431698037
2023-10-10 00:00:00,1.6029684431698037
2023-10-11 00:00:00,1.6029684431698037
2023-10-12 00:00:00,1.6029684431698037
2023-10-13 00:00:00,1.6029684431698037
2023-10-16 00:00:00,1.6029684431698037
2023-10-17 00:00:00,1.6029684431698037
2023-10-18 00:00:00,1.6029684431698037
2023-10-19 00:00:00,1.6029684431698037
2023-10-20 00:00:00,1.6029684431698037
2023-10-23 00:00:00,1.6029684431698037
2023-10-24 00:00:00,1.6029684431698037
2023-10-25 00:00:00,1.6029684431698037
2023-10-26 00:00:00,1.6029684431698037
2023-10-27 00:00:00,1.6029684431698037
2023-10-30 00:00:00,1.6029684431698037
2023-10-31 00:00:00,1.6029684431698037
2023-11-01 00:00:00,1.6029684431698037
2023-11-02 00:00:00,1.6029684431698037
2023-11-03 00:00:00,1.6029684431698037
2023-11-06 00:00:00,1.6029684431698037
2023-11-07 00:00:00,1.6029684431698037
2023-11-08 00:00:00,1.6029684431698037
2023-11-09 00:00:00,1.6029684431698037
2023-11-10 00:00:00,1.6029684431698037
2023-11-13 00:00:00,1.6029684431698037
2023-11-14 00:00:00,1.6029684431698037
2023-11-15 00:00:00,1.6029684431698037
2023-11-16 00:00:00,1.6029684431698037
2023-11-17 00:00:00,1.6029684431698037
2023-11-20 00:00:00,1.6029684431698037
2023-11-21 00:00:00,1.5976311453568077
2023-11-22 00:00:00,1.60141173130768
2023-11-24 00:00:00,1.6136430387957958
2023-11-27 00:00:00,1.6080833535739252
2023-11-28 00:00:00,1.6085281283916744
2023-11-29 00:00:00,1.6118639395247971
2023-11-30 00:00:00,1.6105296150715482
2023-12-01 00:00:00,1.6274310581460356
2023-12-04 00:00:00,1.6147549758401698
2023-12-05 00:00:00,1.6089729032094242
2023-12-06 00:00:00,1.6138654262046706
2023-12-07 00:00:00,1.62164898551529
2023-12-08 00:00:00,1.626541508510536
2023-12-11 00:00:00,1.630544481870283
2023-12-12 00:00:00,1.6334355181856561
2023-12-13 00:00:00,1.657230970935263
2023-12-14 00:00:00,1.669462278423379
2023-12-15 00:00:00,1.6532279975755164
2023-12-18 00:00:00,1.657230970935263
2023-12-19 00:00:00,1.671241377694378
2023-12-20 00:00:00,1.6338802930034058
2023-12-21 00:00:00,1.660344394659511
2023-12-22 00:00:00,1.661901106521635
2023-12-26 00:00:00,1.669462278423379
2023-12-27 00:00:00,1.6783577747783724
2023-12-28 00:00:00,1.6739100266008757
2023-12-29 00:00:00,1.6756891258718745
