date,combined_equity
1999-03-10 00:00:00,1.0
1999-03-11 00:00:00,1.0
1999-03-12 00:00:00,1.0
1999-03-15 00:00:00,1.0
1999-03-16 00:00:00,1.0
1999-03-17 00:00:00,1.0
1999-03-18 00:00:00,1.0
1999-03-19 00:00:00,1.0
1999-03-22 00:00:00,1.0
1999-03-23 00:00:00,1.0
1999-03-24 00:00:00,1.0
1999-03-25 00:00:00,1.0
1999-03-26 00:00:00,1.0
1999-03-29 00:00:00,1.0
1999-03-30 00:00:00,1.0
1999-03-31 00:00:00,1.0
1999-04-01 00:00:00,1.0
1999-04-05 00:00:00,1.0
1999-04-06 00:00:00,1.0
1999-04-07 00:00:00,1.0
1999-04-08 00:00:00,1.0
1999-04-09 00:00:00,1.0
1999-04-12 00:00:00,1.0
1999-04-13 00:00:00,1.0
1999-04-14 00:00:00,1.0
1999-04-15 00:00:00,1.0
1999-04-16 00:00:00,1.0
1999-04-19 00:00:00,1.0
1999-04-20 00:00:00,1.0
1999-04-21 00:00:00,1.0
1999-04-22 00:00:00,1.0
1999-04-23 00:00:00,1.0
1999-04-26 00:00:00,1.0
1999-04-27 00:00:00,1.0
1999-04-28 00:00:00,1.0
1999-04-29 00:00:00,1.0
1999-04-30 00:00:00,1.0
1999-05-03 00:00:00,1.0
1999-05-04 00:00:00,1.0
1999-05-05 00:00:00,1.0
1999-05-06 00:00:00,1.0
1999-05-07 00:00:00,1.0
1999-05-10 00:00:00,1.0
1999-05-11 00:00:00,1.0
1999-05-12 00:00:00,1.0
1999-05-13 00:00:00,1.0
1999-05-14 00:00:00,1.0
1999-05-17 00:00:00,1.0
1999-05-18 00:00:00,1.0
1999-05-19 00:00:00,1.0
1999-05-20 00:00:00,1.0
1999-05-21 00:00:00,1.0
1999-05-24 00:00:00,1.0
1999-05-25 00:00:00,1.0
1999-05-26 00:00:00,1.0
1999-05-27 00:00:00,1.0
1999-05-28 00:00:00,1.0
1999-06-01 00:00:00,1.0
1999-06-02 00:00:00,1.0
1999-06-03 00:00:00,1.0
1999-06-04 00:00:00,1.0
1999-06-07 00:00:00,1.0
1999-06-08 00:00:00,1.0
1999-06-09 00:00:00,1.0
1999-06-10 00:00:00,1.0
1999-06-11 00:00:00,1.0
1999-06-14 00:00:00,1.0
1999-06-15 00:00:00,1.0
1999-06-16 00:00:00,1.0
1999-06-17 00:00:00,1.0
1999-06-18 00:00:00,1.0
1999-06-21 00:00:00,1.0
1999-06-22 00:00:00,1.0
1999-06-23 00:00:00,1.0
1999-06-24 00:00:00,1.0
1999-06-25 00:00:00,1.0
1999-06-28 00:00:00,1.0
1999-06-29 00:00:00,1.0
1999-06-30 00:00:00,1.0
1999-07-01 00:00:00,1.0
1999-07-02 00:00:00,1.0
1999-07-06 00:00:00,1.0
1999-07-07 00:00:00,1.0
1999-07-08 00:00:00,1.0
1999-07-09 00:00:00,1.0
1999-07-12 00:00:00,1.0
1999-07-13 00:00:00,1.0
1999-07-14 00:00:00,1.0
1999-07-15 00:00:00,1.0
1999-07-16 00:00:00,1.0
1999-07-19 00:00:00,1.0
1999-07-20 00:00:00,1.0
1999-07-21 00:00:00,1.0
1999-07-22 00:00:00,1.0
1999-07-23 00:00:00,1.0
1999-07-26 00:00:00,1.0
1999-07-27 00:00:00,1.0
1999-07-28 00:00:00,1.0
1999-07-29 00:00:00,1.0
1999-07-30 00:00:00,1.0
1999-08-02 00:00:00,1.0
1999-08-03 00:00:00,1.0
1999-08-04 00:00:00,1.0
1999-08-05 00:00:00,1.0
1999-08-06 00:00:00,1.0
1999-08-09 00:00:00,1.0
1999-08-10 00:00:00,1.0
1999-08-11 00:00:00,1.0
1999-08-12 00:00:00,1.0
1999-08-13 00:00:00,1.0
1999-08-16 00:00:00,1.0
1999-08-17 00:00:00,1.0
1999-08-18 00:00:00,1.0
1999-08-19 00:00:00,1.0
1999-08-20 00:00:00,1.0
1999-08-23 00:00:00,1.0
1999-08-24 00:00:00,1.0
1999-08-25 00:00:00,1.0
1999-08-26 00:00:00,1.0
1999-08-27 00:00:00,1.0
1999-08-30 00:00:00,1.0
1999-08-31 00:00:00,1.0
1999-09-01 00:00:00,1.0
1999-09-02 00:00:00,1.0
1999-09-03 00:00:00,1.0
1999-09-07 00:00:00,1.0
1999-09-08 00:00:00,1.0
1999-09-09 00:00:00,1.0
1999-09-10 00:00:00,1.0
1999-09-13 00:00:00,1.0
1999-09-14 00:00:00,1.0
1999-09-15 00:00:00,1.0
1999-09-16 00:00:00,1.0
1999-09-17 00:00:00,1.0
1999-09-20 00:00:00,1.0
1999-09-21 00:00:00,1.0
1999-09-22 00:00:00,1.0
1999-09-23 00:00:00,1.0
1999-09-24 00:00:00,1.0
1999-09-27 00:00:00,1.0
1999-09-28 00:00:00,1.0
1999-09-29 00:00:00,1.0
1999-09-30 00:00:00,1.0
1999-10-01 00:00:00,1.0
1999-10-04 00:00:00,1.0
1999-10-05 00:00:00,1.0
1999-10-06 00:00:00,1.0
1999-10-07 00:00:00,1.0
1999-10-08 00:00:00,1.0
1999-10-11 00:00:00,1.0
1999-10-12 00:00:00,1.0
1999-10-13 00:00:00,1.0
1999-10-14 00:00:00,1.0
1999-10-15 00:00:00,1.0
1999-10-18 00:00:00,1.0
1999-10-19 00:00:00,1.0
1999-10-20 00:00:00,1.0
1999-10-21 00:00:00,1.0
1999-10-22 00:00:00,1.0
1999-10-25 00:00:00,1.0
1999-10-26 00:00:00,1.0
1999-10-27 00:00:00,1.0
1999-10-28 00:00:00,1.0
1999-10-29 00:00:00,1.0
1999-11-01 00:00:00,1.0
1999-11-02 00:00:00,1.0
1999-11-03 00:00:00,1.0
1999-11-04 00:00:00,1.0
1999-11-05 00:00:00,1.0
1999-11-08 00:00:00,1.0
1999-11-09 00:00:00,1.0
1999-11-10 00:00:00,1.0
1999-11-11 00:00:00,1.0
1999-11-12 00:00:00,1.0
1999-11-15 00:00:00,1.0
1999-11-16 00:00:00,1.0
1999-11-17 00:00:00,1.0
1999-11-18 00:00:00,1.0
1999-11-19 00:00:00,1.0
1999-11-22 00:00:00,1.0
1999-11-23 00:00:00,1.0
1999-11-24 00:00:00,1.0
1999-11-26 00:00:00,1.0
1999-11-29 00:00:00,1.0
1999-11-30 00:00:00,1.0
1999-12-01 00:00:00,1.0
1999-12-02 00:00:00,1.0
1999-12-03 00:00:00,1.0
1999-12-06 00:00:00,1.0
1999-12-07 00:00:00,1.0
1999-12-08 00:00:00,1.0
1999-12-09 00:00:00,1.0
1999-12-10 00:00:00,1.0
1999-12-13 00:00:00,1.0
1999-12-14 00:00:00,1.0
1999-12-15 00:00:00,1.0
1999-12-16 00:00:00,1.0
1999-12-17 00:00:00,1.0
1999-12-20 00:00:00,1.0
1999-12-21 00:00:00,1.0
1999-12-22 00:00:00,1.0
1999-12-23 00:00:00,1.0
1999-12-27 00:00:00,1.0
1999-12-28 00:00:00,1.0
1999-12-29 00:00:00,1.0
1999-12-30 00:00:00,1.0
1999-12-31 00:00:00,1.0
2000-01-03 00:00:00,1.0
2000-01-04 00:00:00,1.0
2000-01-05 00:00:00,1.0
2000-01-06 00:00:00,1.0
2000-01-07 00:00:00,1.0
2000-01-10 00:00:00,1.0
2000-01-11 00:00:00,1.0
2000-01-12 00:00:00,1.0
2000-01-13 00:00:00,1.0
2000-01-14 00:00:00,1.0
2000-01-18 00:00:00,1.0
2000-01-19 00:00:00,1.0
2000-01-20 00:00:00,1.0
2000-01-21 00:00:00,1.0
2000-01-24 00:00:00,1.0
2000-01-25 00:00:00,1.0
2000-01-26 00:00:00,1.0
2000-01-27 00:00:00,1.0
2000-01-28 00:00:00,1.0
2000-01-31 00:00:00,1.0
2000-02-01 00:00:00,1.0
2000-02-02 00:00:00,1.0
2000-02-03 00:00:00,1.0
2000-02-04 00:00:00,1.0
2000-02-07 00:00:00,1.0
2000-02-08 00:00:00,1.0
2000-02-09 00:00:00,1.0
2000-02-10 00:00:00,1.0
2000-02-11 00:00:00,1.0
2000-02-14 00:00:00,1.0
2000-02-15 00:00:00,1.0
2000-02-16 00:00:00,1.0
2000-02-17 00:00:00,1.0
2000-02-18 00:00:00,1.0
2000-02-22 00:00:00,1.0
2000-02-23 00:00:00,1.0
2000-02-24 00:00:00,1.0
2000-02-25 00:00:00,1.0
2000-02-28 00:00:00,1.0
2000-02-29 00:00:00,1.0
2000-03-01 00:00:00,1.0
2000-03-02 00:00:00,1.0
2000-03-03 00:00:00,1.0
2000-03-06 00:00:00,1.0
2000-03-07 00:00:00,1.0
2000-03-08 00:00:00,1.0
2000-03-09 00:00:00,1.0
2000-03-10 00:00:00,1.0
2000-03-13 00:00:00,1.0
2000-03-14 00:00:00,1.0
2000-03-15 00:00:00,1.0
2000-03-16 00:00:00,1.0
2000-03-17 00:00:00,1.0
2000-03-20 00:00:00,1.0
2000-03-21 00:00:00,1.0
2000-03-22 00:00:00,1.0
2000-03-23 00:00:00,1.0
2000-03-24 00:00:00,1.0
2000-03-27 00:00:00,1.0
2000-03-28 00:00:00,1.0
2000-03-29 00:00:00,1.0
2000-03-30 00:00:00,1.0
2000-03-31 00:00:00,1.0
2000-04-03 00:00:00,1.0
2000-04-04 00:00:00,1.0
2000-04-05 00:00:00,1.0
2000-04-06 00:00:00,1.0
2000-04-07 00:00:00,1.0
2000-04-10 00:00:00,1.0
2000-04-11 00:00:00,1.0
2000-04-12 00:00:00,1.0
2000-04-13 00:00:00,1.0
2000-04-14 00:00:00,1.0
2000-04-17 00:00:00,1.0
2000-04-18 00:00:00,1.0
2000-04-19 00:00:00,1.0
2000-04-20 00:00:00,1.0
2000-04-24 00:00:00,1.0
2000-04-25 00:00:00,1.0
2000-04-26 00:00:00,1.0
2000-04-27 00:00:00,1.0
2000-04-28 00:00:00,1.0
2000-05-01 00:00:00,1.0
2000-05-02 00:00:00,1.0
2000-05-03 00:00:00,1.0
2000-05-04 00:00:00,1.0
2000-05-05 00:00:00,1.0
2000-05-08 00:00:00,1.0
2000-05-09 00:00:00,1.0
2000-05-10 00:00:00,1.0
2000-05-11 00:00:00,1.0
2000-05-12 00:00:00,1.0
2000-05-15 00:00:00,1.0
2000-05-16 00:00:00,1.0
2000-05-17 00:00:00,1.0
2000-05-18 00:00:00,1.0
2000-05-19 00:00:00,1.0
2000-05-22 00:00:00,1.0
2000-05-23 00:00:00,1.0
2000-05-24 00:00:00,1.0
2000-05-25 00:00:00,1.0
2000-05-26 00:00:00,1.0
2000-05-30 00:00:00,1.0
2000-05-31 00:00:00,1.0
2000-06-01 00:00:00,1.0
2000-06-02 00:00:00,1.0
2000-06-05 00:00:00,1.0
2000-06-06 00:00:00,1.0
2000-06-07 00:00:00,1.0
2000-06-08 00:00:00,1.0
2000-06-09 00:00:00,1.0
2000-06-12 00:00:00,1.0
2000-06-13 00:00:00,1.0
2000-06-14 00:00:00,1.0
2000-06-15 00:00:00,1.0
2000-06-16 00:00:00,1.0
2000-06-19 00:00:00,1.0
2000-06-20 00:00:00,1.0
2000-06-21 00:00:00,1.0
2000-06-22 00:00:00,1.0
2000-06-23 00:00:00,1.0
2000-06-26 00:00:00,1.0
2000-06-27 00:00:00,1.0
2000-06-28 00:00:00,1.0
2000-06-29 00:00:00,1.0
2000-06-30 00:00:00,1.0
2000-07-03 00:00:00,1.0
2000-07-05 00:00:00,1.0
2000-07-06 00:00:00,1.0
2000-07-07 00:00:00,1.0
2000-07-10 00:00:00,1.0
2000-07-11 00:00:00,1.0
2000-07-12 00:00:00,1.0
2000-07-13 00:00:00,1.0
2000-07-14 00:00:00,1.0
2000-07-17 00:00:00,1.0
2000-07-18 00:00:00,1.0
2000-07-19 00:00:00,1.0
2000-07-20 00:00:00,1.0
2000-07-21 00:00:00,1.0
2000-07-24 00:00:00,1.0
2000-07-25 00:00:00,1.0
2000-07-26 00:00:00,1.0
2000-07-27 00:00:00,1.0
2000-07-28 00:00:00,1.0
2000-07-31 00:00:00,1.0
2000-08-01 00:00:00,1.0
2000-08-02 00:00:00,1.0
2000-08-03 00:00:00,1.0
2000-08-04 00:00:00,1.0
2000-08-07 00:00:00,1.0
2000-08-08 00:00:00,1.0
2000-08-09 00:00:00,1.0
2000-08-10 00:00:00,1.0
2000-08-11 00:00:00,1.0
2000-08-14 00:00:00,1.0
2000-08-15 00:00:00,1.0
2000-08-16 00:00:00,1.0
2000-08-17 00:00:00,1.0
2000-08-18 00:00:00,1.0
2000-08-21 00:00:00,1.0
2000-08-22 00:00:00,1.0
2000-08-23 00:00:00,1.0
2000-08-24 00:00:00,1.0
2000-08-25 00:00:00,1.0
2000-08-28 00:00:00,1.0
2000-08-29 00:00:00,1.0
2000-08-30 00:00:00,1.0
2000-08-31 00:00:00,1.0
2000-09-01 00:00:00,1.0
2000-09-05 00:00:00,1.0
2000-09-06 00:00:00,1.0
2000-09-07 00:00:00,1.0
2000-09-08 00:00:00,1.0
2000-09-11 00:00:00,1.0
2000-09-12 00:00:00,1.0
2000-09-13 00:00:00,1.0
2000-09-14 00:00:00,1.0
2000-09-15 00:00:00,1.0
2000-09-18 00:00:00,1.0
2000-09-19 00:00:00,1.0
2000-09-20 00:00:00,1.0
2000-09-21 00:00:00,1.0
2000-09-22 00:00:00,1.0
2000-09-25 00:00:00,1.0
2000-09-26 00:00:00,1.0
2000-09-27 00:00:00,1.0
2000-09-28 00:00:00,1.0
2000-09-29 00:00:00,1.0
2000-10-02 00:00:00,1.0
2000-10-03 00:00:00,1.0
2000-10-04 00:00:00,1.0
2000-10-05 00:00:00,1.0
2000-10-06 00:00:00,1.0
2000-10-09 00:00:00,1.0
2000-10-10 00:00:00,1.0
2000-10-11 00:00:00,1.0
2000-10-12 00:00:00,1.0
2000-10-13 00:00:00,1.0
2000-10-16 00:00:00,1.0
2000-10-17 00:00:00,1.0
2000-10-18 00:00:00,1.0
2000-10-19 00:00:00,1.0
2000-10-20 00:00:00,1.0
2000-10-23 00:00:00,1.0
2000-10-24 00:00:00,1.0
2000-10-25 00:00:00,1.0
2000-10-26 00:00:00,1.0
2000-10-27 00:00:00,1.0
2000-10-30 00:00:00,1.0
2000-10-31 00:00:00,1.0
2000-11-01 00:00:00,1.0
2000-11-02 00:00:00,1.0
2000-11-03 00:00:00,1.0
2000-11-06 00:00:00,1.0
2000-11-07 00:00:00,1.0
2000-11-08 00:00:00,1.0
2000-11-09 00:00:00,1.0
2000-11-10 00:00:00,1.0
2000-11-13 00:00:00,1.0
2000-11-14 00:00:00,1.0
2000-11-15 00:00:00,1.0
2000-11-16 00:00:00,1.0
2000-11-17 00:00:00,1.0
2000-11-20 00:00:00,1.0
2000-11-21 00:00:00,1.0
2000-11-22 00:00:00,1.0
2000-11-24 00:00:00,1.0
2000-11-27 00:00:00,1.0
2000-11-28 00:00:00,1.0
2000-11-29 00:00:00,1.0
2000-11-30 00:00:00,1.0
2000-12-01 00:00:00,1.0
2000-12-04 00:00:00,1.0
2000-12-05 00:00:00,1.0
2000-12-06 00:00:00,1.0
2000-12-07 00:00:00,1.0
2000-12-08 00:00:00,1.0
2000-12-11 00:00:00,1.0
2000-12-12 00:00:00,1.0
2000-12-13 00:00:00,1.0
2000-12-14 00:00:00,1.0
2000-12-15 00:00:00,1.0
2000-12-18 00:00:00,1.0
2000-12-19 00:00:00,1.0
2000-12-20 00:00:00,1.0
2000-12-21 00:00:00,1.0
2000-12-22 00:00:00,1.0
2000-12-26 00:00:00,1.0
2000-12-27 00:00:00,1.0
2000-12-28 00:00:00,1.0
2000-12-29 00:00:00,1.0
2001-01-02 00:00:00,1.0
2001-01-03 00:00:00,1.0
2001-01-04 00:00:00,1.0
2001-01-05 00:00:00,1.0
2001-01-08 00:00:00,1.0
2001-01-09 00:00:00,1.0
2001-01-10 00:00:00,1.0
2001-01-11 00:00:00,1.0
2001-01-12 00:00:00,1.0
2001-01-16 00:00:00,1.0
2001-01-17 00:00:00,1.0
2001-01-18 00:00:00,1.0
2001-01-19 00:00:00,1.0
2001-01-22 00:00:00,1.0
2001-01-23 00:00:00,1.0
2001-01-24 00:00:00,1.0
2001-01-25 00:00:00,1.0
2001-01-26 00:00:00,1.0
2001-01-29 00:00:00,1.0
2001-01-30 00:00:00,1.0
2001-01-31 00:00:00,1.0
2001-02-01 00:00:00,1.0
2001-02-02 00:00:00,1.0
2001-02-05 00:00:00,1.0
2001-02-06 00:00:00,1.0
2001-02-07 00:00:00,1.0
2001-02-08 00:00:00,1.0
2001-02-09 00:00:00,1.0
2001-02-12 00:00:00,1.0
2001-02-13 00:00:00,1.0
2001-02-14 00:00:00,1.0
2001-02-15 00:00:00,1.0
2001-02-16 00:00:00,1.0
2001-02-20 00:00:00,1.0
2001-02-21 00:00:00,1.0
2001-02-22 00:00:00,1.0
2001-02-23 00:00:00,1.0
2001-02-26 00:00:00,1.0
2001-02-27 00:00:00,1.0
2001-02-28 00:00:00,1.0
2001-03-01 00:00:00,1.0
2001-03-02 00:00:00,1.0
2001-03-05 00:00:00,1.0
2001-03-06 00:00:00,1.0
2001-03-07 00:00:00,1.0
2001-03-08 00:00:00,1.0
2001-03-09 00:00:00,1.0
2001-03-12 00:00:00,1.0
2001-03-13 00:00:00,1.0
2001-03-14 00:00:00,1.0
2001-03-15 00:00:00,1.0
2001-03-16 00:00:00,1.0
2001-03-19 00:00:00,1.0
2001-03-20 00:00:00,1.0
2001-03-21 00:00:00,1.0
2001-03-22 00:00:00,1.0
2001-03-23 00:00:00,1.0
2001-03-26 00:00:00,1.0
2001-03-27 00:00:00,1.0
2001-03-28 00:00:00,1.0
2001-03-29 00:00:00,1.0
2001-03-30 00:00:00,1.0
2001-04-02 00:00:00,1.0
2001-04-03 00:00:00,1.0
2001-04-04 00:00:00,1.0
2001-04-05 00:00:00,1.0
2001-04-06 00:00:00,1.0
2001-04-09 00:00:00,1.0
2001-04-10 00:00:00,1.0
2001-04-11 00:00:00,1.0
2001-04-12 00:00:00,1.0
2001-04-16 00:00:00,1.0
2001-04-17 00:00:00,1.0
2001-04-18 00:00:00,1.0
2001-04-19 00:00:00,1.0
2001-04-20 00:00:00,1.0
2001-04-23 00:00:00,1.0
2001-04-24 00:00:00,1.0
2001-04-25 00:00:00,1.0
2001-04-26 00:00:00,1.0
2001-04-27 00:00:00,1.0
2001-04-30 00:00:00,1.0
2001-05-01 00:00:00,1.0
2001-05-02 00:00:00,1.0
2001-05-03 00:00:00,1.0
2001-05-04 00:00:00,1.0
2001-05-07 00:00:00,1.0
2001-05-08 00:00:00,1.0
2001-05-09 00:00:00,1.0
2001-05-10 00:00:00,1.0
2001-05-11 00:00:00,1.0
2001-05-14 00:00:00,1.0
2001-05-15 00:00:00,1.0
2001-05-16 00:00:00,1.0
2001-05-17 00:00:00,1.0
2001-05-18 00:00:00,1.0
2001-05-21 00:00:00,1.0
2001-05-22 00:00:00,1.0
2001-05-23 00:00:00,1.0
2001-05-24 00:00:00,1.0
2001-05-25 00:00:00,1.0
2001-05-29 00:00:00,1.0
2001-05-30 00:00:00,1.0
2001-05-31 00:00:00,1.0
2001-06-01 00:00:00,1.0
2001-06-04 00:00:00,1.0
2001-06-05 00:00:00,1.0
2001-06-06 00:00:00,1.0
2001-06-07 00:00:00,1.0
2001-06-08 00:00:00,1.0
2001-06-11 00:00:00,1.0
2001-06-12 00:00:00,1.0
2001-06-13 00:00:00,1.0
2001-06-14 00:00:00,1.0
2001-06-15 00:00:00,1.0
2001-06-18 00:00:00,1.0
2001-06-19 00:00:00,1.0
2001-06-20 00:00:00,1.0
2001-06-21 00:00:00,1.0
2001-06-22 00:00:00,1.0
2001-06-25 00:00:00,1.0
2001-06-26 00:00:00,1.0
2001-06-27 00:00:00,1.0
2001-06-28 00:00:00,1.0
2001-06-29 00:00:00,1.0
2001-07-02 00:00:00,1.0
2001-07-03 00:00:00,1.0
2001-07-05 00:00:00,1.0
2001-07-06 00:00:00,1.0
2001-07-09 00:00:00,1.0
2001-07-10 00:00:00,1.0
2001-07-11 00:00:00,1.0
2001-07-12 00:00:00,1.0
2001-07-13 00:00:00,1.0
2001-07-16 00:00:00,1.0
2001-07-17 00:00:00,1.0
2001-07-18 00:00:00,1.0
2001-07-19 00:00:00,1.0
2001-07-20 00:00:00,1.0
2001-07-23 00:00:00,1.0
2001-07-24 00:00:00,1.0
2001-07-25 00:00:00,1.0
2001-07-26 00:00:00,1.0
2001-07-27 00:00:00,1.0
2001-07-30 00:00:00,1.0
2001-07-31 00:00:00,1.0
2001-08-01 00:00:00,1.0
2001-08-02 00:00:00,1.0
2001-08-03 00:00:00,1.0
2001-08-06 00:00:00,1.0
2001-08-07 00:00:00,1.0
2001-08-08 00:00:00,1.0
2001-08-09 00:00:00,1.0
2001-08-10 00:00:00,1.0
2001-08-13 00:00:00,1.0
2001-08-14 00:00:00,1.0
2001-08-15 00:00:00,1.0
2001-08-16 00:00:00,1.0
2001-08-17 00:00:00,1.0
2001-08-20 00:00:00,1.0
2001-08-21 00:00:00,1.0
2001-08-22 00:00:00,1.0
2001-08-23 00:00:00,1.0
2001-08-24 00:00:00,1.0
2001-08-27 00:00:00,1.0
2001-08-28 00:00:00,1.0
2001-08-29 00:00:00,1.0
2001-08-30 00:00:00,1.0
2001-08-31 00:00:00,1.0
2001-09-04 00:00:00,1.0
2001-09-05 00:00:00,1.0
2001-09-06 00:00:00,1.0
2001-09-07 00:00:00,1.0
2001-09-10 00:00:00,1.0
2001-09-17 00:00:00,1.0
2001-09-18 00:00:00,1.0
2001-09-19 00:00:00,1.0
2001-09-20 00:00:00,1.0
2001-09-21 00:00:00,1.0
2001-09-24 00:00:00,1.0
2001-09-25 00:00:00,1.0
2001-09-26 00:00:00,1.0
2001-09-27 00:00:00,1.0
2001-09-28 00:00:00,1.0
2001-10-01 00:00:00,1.0
2001-10-02 00:00:00,1.0
2001-10-03 00:00:00,1.0
2001-10-04 00:00:00,1.0
2001-10-05 00:00:00,1.0
2001-10-08 00:00:00,1.0
2001-10-09 00:00:00,1.0
2001-10-10 00:00:00,1.0
2001-10-11 00:00:00,1.0
2001-10-12 00:00:00,1.0
2001-10-15 00:00:00,1.0
2001-10-16 00:00:00,1.0
2001-10-17 00:00:00,1.0
2001-10-18 00:00:00,1.0
2001-10-19 00:00:00,1.0
2001-10-22 00:00:00,1.0
2001-10-23 00:00:00,1.0
2001-10-24 00:00:00,1.0
2001-10-25 00:00:00,1.0
2001-10-26 00:00:00,1.0
2001-10-29 00:00:00,1.0
2001-10-30 00:00:00,1.0
2001-10-31 00:00:00,1.0
2001-11-01 00:00:00,1.0
2001-11-02 00:00:00,1.0
2001-11-05 00:00:00,1.0
2001-11-06 00:00:00,1.0
2001-11-07 00:00:00,1.0
2001-11-08 00:00:00,1.0
2001-11-09 00:00:00,1.0
2001-11-12 00:00:00,1.0
2001-11-13 00:00:00,1.0
2001-11-14 00:00:00,1.0
2001-11-15 00:00:00,1.0
2001-11-16 00:00:00,1.0
2001-11-19 00:00:00,1.0
2001-11-20 00:00:00,1.0
2001-11-21 00:00:00,1.0
2001-11-23 00:00:00,1.0
2001-11-26 00:00:00,1.0
2001-11-27 00:00:00,1.0
2001-11-28 00:00:00,1.0
2001-11-29 00:00:00,1.0
2001-11-30 00:00:00,1.0
2001-12-03 00:00:00,1.0
2001-12-04 00:00:00,1.0
2001-12-05 00:00:00,1.0
2001-12-06 00:00:00,0.9964705750196116
2001-12-07 00:00:00,0.9838502069079198
2001-12-10 00:00:00,0.9760426910422123
2001-12-11 00:00:00,0.9785025933012708
2001-12-12 00:00:00,0.9820320182816592
2001-12-13 00:00:00,0.9627806092977226
2001-12-14 00:00:00,0.966523938822377
2001-12-17 00:00:00,0.9739036455995526
2001-12-18 00:00:00,0.9788234501176698
2001-12-19 00:00:00,0.9708020297076962
2001-12-20 00:00:00,0.9524062389008234
2001-12-21 00:00:00,0.9597859456779991
2001-12-24 00:00:00,0.9580747093238715
2001-12-26 00:00:00,0.9620319433927917
2001-12-27 00:00:00,0.9654544161010471
2001-12-28 00:00:00,0.9688768888093026
2001-12-31 00:00:00,0.9536896661664193
2002-01-02 00:00:00,0.966523938822377
2002-01-03 00:00:00,0.9813903046488613
2002-01-04 00:00:00,0.9832084932751219
2002-01-07 00:00:00,0.9782886887570048
2002-01-08 00:00:00,0.9812833523767284
2002-01-09 00:00:00,0.977219166035675
2002-01-10 00:00:00,0.9801068773832655
2002-01-11 00:00:00,0.9744384069602176
2002-01-14 00:00:00,0.9649196547403822
2002-01-15 00:00:00,0.9689838410814355
2002-01-16 00:00:00,0.9522992866286906
2002-01-17 00:00:00,0.9616041343042598
2002-01-18 00:00:00,0.9482566341234758
2002-01-22 00:00:00,0.9482566341234758
2002-01-23 00:00:00,0.9482566341234758
2002-01-24 00:00:00,0.9482566341234758
2002-01-25 00:00:00,0.9482566341234758
2002-01-28 00:00:00,0.9482566341234758
2002-01-29 00:00:00,0.9482566341234758
2002-01-30 00:00:00,0.9482566341234758
2002-01-31 00:00:00,0.9482566341234758
2002-02-01 00:00:00,0.9482566341234758
2002-02-04 00:00:00,0.9482566341234758
2002-02-05 00:00:00,0.9482566341234758
2002-02-06 00:00:00,0.9482566341234758
2002-02-07 00:00:00,0.9482566341234758
2002-02-08 00:00:00,0.9482566341234758
2002-02-11 00:00:00,0.9482566341234758
2002-02-12 00:00:00,0.9482566341234758
2002-02-13 00:00:00,0.9482566341234758
2002-02-14 00:00:00,0.9482566341234758
2002-02-15 00:00:00,0.9482566341234758
2002-02-19 00:00:00,0.9482566341234758
2002-02-20 00:00:00,0.9482566341234758
2002-02-21 00:00:00,0.9482566341234758
2002-02-22 00:00:00,0.9482566341234758
2002-02-25 00:00:00,0.9482566341234758
2002-02-26 00:00:00,0.9482566341234758
2002-02-27 00:00:00,0.9482566341234758
2002-02-28 00:00:00,0.9482566341234758
2002-03-01 00:00:00,0.9482566341234758
2002-03-04 00:00:00,0.9482566341234758
2002-03-05 00:00:00,0.9482566341234758
2002-03-06 00:00:00,0.9482566341234758
2002-03-07 00:00:00,0.9482566341234758
2002-03-08 00:00:00,0.9482566341234758
2002-03-11 00:00:00,0.9482566341234758
2002-03-12 00:00:00,0.9482566341234758
2002-03-13 00:00:00,0.9482566341234758
2002-03-14 00:00:00,0.9482566341234758
2002-03-15 00:00:00,0.9482566341234758
2002-03-18 00:00:00,0.9482566341234758
2002-03-19 00:00:00,0.9482566341234758
2002-03-20 00:00:00,0.9482566341234758
2002-03-21 00:00:00,0.9482566341234758
2002-03-22 00:00:00,0.9482566341234758
2002-03-25 00:00:00,0.9482566341234758
2002-03-26 00:00:00,0.9482566341234758
2002-03-27 00:00:00,0.9482566341234758
2002-03-28 00:00:00,0.9482566341234758
2002-04-01 00:00:00,0.9482566341234758
2002-04-02 00:00:00,0.9482566341234758
2002-04-03 00:00:00,0.9482566341234758
2002-04-04 00:00:00,0.9482566341234758
2002-04-05 00:00:00,0.9482566341234758
2002-04-08 00:00:00,0.9482566341234758
2002-04-09 00:00:00,0.9482566341234758
2002-04-10 00:00:00,0.9482566341234758
2002-04-11 00:00:00,0.9482566341234758
2002-04-12 00:00:00,0.9482566341234758
2002-04-15 00:00:00,0.9482566341234758
2002-04-16 00:00:00,0.9482566341234758
2002-04-17 00:00:00,0.9482566341234758
2002-04-18 00:00:00,0.9482566341234758
2002-04-19 00:00:00,0.9482566341234758
2002-04-22 00:00:00,0.9482566341234758
2002-04-23 00:00:00,0.9482566341234758
2002-04-24 00:00:00,0.9482566341234758
2002-04-25 00:00:00,0.9482566341234758
2002-04-26 00:00:00,0.9482566341234758
2002-04-29 00:00:00,0.9482566341234758
2002-04-30 00:00:00,0.9482566341234758
2002-05-01 00:00:00,0.9482566341234758
2002-05-02 00:00:00,0.9482566341234758
2002-05-03 00:00:00,0.9482566341234758
2002-05-06 00:00:00,0.9482566341234758
2002-05-07 00:00:00,0.9482566341234758
2002-05-08 00:00:00,0.9482566341234758
2002-05-09 00:00:00,0.9482566341234758
2002-05-10 00:00:00,0.9482566341234758
2002-05-13 00:00:00,0.9482566341234758
2002-05-14 00:00:00,0.9482566341234758
2002-05-15 00:00:00,0.9482566341234758
2002-05-16 00:00:00,0.9482566341234758
2002-05-17 00:00:00,0.9482566341234758
2002-05-20 00:00:00,0.9482566341234758
2002-05-21 00:00:00,0.9482566341234758
2002-05-22 00:00:00,0.9482566341234758
2002-05-23 00:00:00,0.9482566341234758
2002-05-24 00:00:00,0.9482566341234758
2002-05-28 00:00:00,0.9482566341234758
2002-05-29 00:00:00,0.9482566341234758
2002-05-30 00:00:00,0.9482566341234758
2002-05-31 00:00:00,0.9482566341234758
2002-06-03 00:00:00,0.9482566341234758
2002-06-04 00:00:00,0.9482566341234758
2002-06-05 00:00:00,0.9482566341234758
2002-06-06 00:00:00,0.9482566341234758
2002-06-07 00:00:00,0.9482566341234758
2002-06-10 00:00:00,0.9482566341234758
2002-06-11 00:00:00,0.9482566341234758
2002-06-12 00:00:00,0.9482566341234758
2002-06-13 00:00:00,0.9482566341234758
2002-06-14 00:00:00,0.9482566341234758
2002-06-17 00:00:00,0.9482566341234758
2002-06-18 00:00:00,0.9482566341234758
2002-06-19 00:00:00,0.9482566341234758
2002-06-20 00:00:00,0.9482566341234758
2002-06-21 00:00:00,0.9482566341234758
2002-06-24 00:00:00,0.9482566341234758
2002-06-25 00:00:00,0.9482566341234758
2002-06-26 00:00:00,0.9482566341234758
2002-06-27 00:00:00,0.9482566341234758
2002-06-28 00:00:00,0.9482566341234758
2002-07-01 00:00:00,0.9482566341234758
2002-07-02 00:00:00,0.9482566341234758
2002-07-03 00:00:00,0.9482566341234758
2002-07-05 00:00:00,0.9482566341234758
2002-07-08 00:00:00,0.9482566341234758
2002-07-09 00:00:00,0.9482566341234758
2002-07-10 00:00:00,0.9482566341234758
2002-07-11 00:00:00,0.9482566341234758
2002-07-12 00:00:00,0.9482566341234758
2002-07-15 00:00:00,0.9482566341234758
2002-07-16 00:00:00,0.9482566341234758
2002-07-17 00:00:00,0.9482566341234758
2002-07-18 00:00:00,0.9482566341234758
2002-07-19 00:00:00,0.9482566341234758
2002-07-22 00:00:00,0.9482566341234758
2002-07-23 00:00:00,0.9482566341234758
2002-07-24 00:00:00,0.9482566341234758
2002-07-25 00:00:00,0.9482566341234758
2002-07-26 00:00:00,0.9482566341234758
2002-07-29 00:00:00,0.9482566341234758
2002-07-30 00:00:00,0.9482566341234758
2002-07-31 00:00:00,0.9482566341234758
2002-08-01 00:00:00,0.9482566341234758
2002-08-02 00:00:00,0.9482566341234758
2002-08-05 00:00:00,0.9482566341234758
2002-08-06 00:00:00,0.9482566341234758
2002-08-07 00:00:00,0.9482566341234758
2002-08-08 00:00:00,0.9482566341234758
2002-08-09 00:00:00,0.9482566341234758
2002-08-12 00:00:00,0.9482566341234758
2002-08-13 00:00:00,0.9482566341234758
2002-08-14 00:00:00,0.9482566341234758
2002-08-15 00:00:00,0.9482566341234758
2002-08-16 00:00:00,0.9482566341234758
2002-08-19 00:00:00,0.9482566341234758
2002-08-20 00:00:00,0.9482566341234758
2002-08-21 00:00:00,0.9482566341234758
2002-08-22 00:00:00,0.9482566341234758
2002-08-23 00:00:00,0.9482566341234758
2002-08-26 00:00:00,0.9482566341234758
2002-08-27 00:00:00,0.9482566341234758
2002-08-28 00:00:00,0.9482566341234758
2002-08-29 00:00:00,0.9482566341234758
2002-08-30 00:00:00,0.9482566341234758
2002-09-03 00:00:00,0.9482566341234758
2002-09-04 00:00:00,0.9482566341234758
2002-09-05 00:00:00,0.9482566341234758
2002-09-06 00:00:00,0.9482566341234758
2002-09-09 00:00:00,0.9482566341234758
2002-09-10 00:00:00,0.9482566341234758
2002-09-11 00:00:00,0.9482566341234758
2002-09-12 00:00:00,0.9482566341234758
2002-09-13 00:00:00,0.9482566341234758
2002-09-16 00:00:00,0.9482566341234758
2002-09-17 00:00:00,0.9482566341234758
2002-09-18 00:00:00,0.9482566341234758
2002-09-19 00:00:00,0.9482566341234758
2002-09-20 00:00:00,0.9482566341234758
2002-09-23 00:00:00,0.9482566341234758
2002-09-24 00:00:00,0.9482566341234758
2002-09-25 00:00:00,0.9482566341234758
2002-09-26 00:00:00,0.9482566341234758
2002-09-27 00:00:00,0.9482566341234758
2002-09-30 00:00:00,0.9482566341234758
2002-10-01 00:00:00,0.9482566341234758
2002-10-02 00:00:00,0.9482566341234758
2002-10-03 00:00:00,0.9482566341234758
2002-10-04 00:00:00,0.9482566341234758
2002-10-07 00:00:00,0.9482566341234758
2002-10-08 00:00:00,0.9482566341234758
2002-10-09 00:00:00,0.9482566341234758
2002-10-10 00:00:00,0.9482566341234758
2002-10-11 00:00:00,0.9482566341234758
2002-10-14 00:00:00,0.9482566341234758
2002-10-15 00:00:00,0.9482566341234758
2002-10-16 00:00:00,0.9482566341234758
2002-10-17 00:00:00,0.9482566341234758
2002-10-18 00:00:00,0.9482566341234758
2002-10-21 00:00:00,0.9482566341234758
2002-10-22 00:00:00,0.9482566341234758
2002-10-23 00:00:00,0.9482566341234758
2002-10-24 00:00:00,0.9482566341234758
2002-10-25 00:00:00,0.9482566341234758
2002-10-28 00:00:00,0.9482566341234758
2002-10-29 00:00:00,0.9482566341234758
2002-10-30 00:00:00,0.9482566341234758
2002-10-31 00:00:00,0.9482566341234758
2002-11-01 00:00:00,0.9482566341234758
2002-11-04 00:00:00,0.9482566341234758
2002-11-05 00:00:00,0.9482566341234758
2002-11-06 00:00:00,0.9482566341234758
2002-11-07 00:00:00,0.9482566341234758
2002-11-08 00:00:00,0.9482566341234758
2002-11-11 00:00:00,0.9482566341234758
2002-11-12 00:00:00,0.9482566341234758
2002-11-13 00:00:00,0.9482566341234758
2002-11-14 00:00:00,0.9482566341234758
2002-11-15 00:00:00,0.9482566341234758
2002-11-18 00:00:00,0.9482566341234758
2002-11-19 00:00:00,0.9482566341234758
2002-11-20 00:00:00,0.9482566341234758
2002-11-21 00:00:00,0.9482566341234758
2002-11-22 00:00:00,0.9482566341234758
2002-11-25 00:00:00,0.9482566341234758
2002-11-26 00:00:00,0.9482566341234758
2002-11-27 00:00:00,0.9482566341234758
2002-11-29 00:00:00,0.9482566341234758
2002-12-02 00:00:00,0.9482566341234758
2002-12-03 00:00:00,0.9410184935932439
2002-12-04 00:00:00,0.9295898506507722
2002-12-05 00:00:00,0.9225421875029146
2002-12-06 00:00:00,0.9276850768270268
2002-12-09 00:00:00,0.9038754040302109
2002-12-10 00:00:00,0.911113544560443
2002-12-11 00:00:00,0.9133992731489373
2002-12-12 00:00:00,0.9160659565021807
2002-12-13 00:00:00,0.9004468111474695
2002-12-16 00:00:00,0.9158754791198062
2002-12-17 00:00:00,0.9173992981788024
2002-12-18 00:00:00,0.9069230421482034
2002-12-19 00:00:00,0.9008277659122185
2002-12-20 00:00:00,0.9057801778539563
2002-12-23 00:00:00,0.9124468862370647
2002-12-24 00:00:00,0.9063516100010799
2002-12-26 00:00:00,0.9050182683244581
2002-12-27 00:00:00,0.8962563087352299
2002-12-30 00:00:00,0.891368569681707
2002-12-31 00:00:00,0.891368569681707
2003-01-02 00:00:00,0.891368569681707
2003-01-03 00:00:00,0.891368569681707
2003-01-06 00:00:00,0.891368569681707
2003-01-07 00:00:00,0.891368569681707
2003-01-08 00:00:00,0.881482971934406
2003-01-09 00:00:00,0.8976227233585709
2003-01-10 00:00:00,0.9056925990706532
2003-01-13 00:00:00,0.9024646487858202
2003-01-14 00:00:00,0.905289105285049
2003-01-15 00:00:00,0.8984297109297791
2003-01-16 00:00:00,0.8923773041457173
2003-01-17 00:00:00,0.8695799052590845
2003-01-21 00:00:00,0.8639309922606268
2003-01-22 00:00:00,0.8619135233326062
2003-01-23 00:00:00,0.8736148431151257
2003-01-24 00:00:00,0.8596943075117834
2003-01-27 00:00:00,0.8538436476205238
2003-01-28 00:00:00,0.8588873199405752
2003-01-29 00:00:00,0.8663519549742514
2003-01-30 00:00:00,0.8532384069421175
2003-01-31 00:00:00,0.8520279255853052
2003-02-03 00:00:00,0.8530366600493154
2003-02-04 00:00:00,0.8404645231168026
2003-02-05 00:00:00,0.8404645231168026
2003-02-06 00:00:00,0.8404645231168026
2003-02-07 00:00:00,0.8404645231168026
2003-02-10 00:00:00,0.8404645231168026
2003-02-11 00:00:00,0.8404645231168026
2003-02-12 00:00:00,0.8404645231168026
2003-02-13 00:00:00,0.8404645231168026
2003-02-14 00:00:00,0.8404645231168026
2003-02-18 00:00:00,0.8404645231168026
2003-02-19 00:00:00,0.8404645231168026
2003-02-20 00:00:00,0.8404645231168026
2003-02-21 00:00:00,0.8404645231168026
2003-02-24 00:00:00,0.8404645231168026
2003-02-25 00:00:00,0.8404645231168026
2003-02-26 00:00:00,0.8404645231168026
2003-02-27 00:00:00,0.8404645231168026
2003-02-28 00:00:00,0.8404645231168026
2003-03-03 00:00:00,0.8404645231168026
2003-03-04 00:00:00,0.8404645231168026
2003-03-05 00:00:00,0.8404645231168026
2003-03-06 00:00:00,0.8404645231168026
2003-03-07 00:00:00,0.8404645231168026
2003-03-10 00:00:00,0.8404645231168026
2003-03-11 00:00:00,0.8404645231168026
2003-03-12 00:00:00,0.8404645231168026
2003-03-13 00:00:00,0.8404645231168026
2003-03-14 00:00:00,0.8404645231168026
2003-03-17 00:00:00,0.8404645231168026
2003-03-18 00:00:00,0.8404645231168026
2003-03-19 00:00:00,0.8371744572885313
2003-03-20 00:00:00,0.8334294850250712
2003-03-21 00:00:00,0.8325632742746848
2003-03-24 00:00:00,0.8080928205762692
2003-03-25 00:00:00,0.8161052700173433
2003-03-26 00:00:00,0.8193535603312923
2003-03-27 00:00:00,0.815239059266957
2003-03-28 00:00:00,0.8089590313266556
2003-03-31 00:00:00,0.790985158256138
2003-04-01 00:00:00,0.79531621200807
2003-04-02 00:00:00,0.8104749001398318
2003-04-03 00:00:00,0.8176211388305196
2003-04-04 00:00:00,0.8083093732638659
2003-04-07 00:00:00,0.8091755840142522
2003-04-08 00:00:00,0.8085259259514623
2003-04-09 00:00:00,0.7955327646956666
2003-04-10 00:00:00,0.8022458980111611
2003-04-11 00:00:00,0.7966155281336496
2003-04-14 00:00:00,0.8078762678886727
2003-04-15 00:00:00,0.8132900850785876
2003-04-16 00:00:00,0.8119907689530079
2003-04-17 00:00:00,0.8249839302088039
2003-04-21 00:00:00,0.8271494570847698
2003-04-22 00:00:00,0.8381936441521963
2003-04-23 00:00:00,0.8425246979041283
2003-04-24 00:00:00,0.8392764075901793
2003-04-25 00:00:00,0.8277991151475597
2003-04-28 00:00:00,0.8392764075901793
2003-04-29 00:00:00,0.8446902247800944
2003-04-30 00:00:00,0.8386267495273895
2003-05-01 00:00:00,0.8438240140297079
2003-05-02 00:00:00,0.8566006225979071
2003-05-05 00:00:00,0.8559509645351173
2003-05-06 00:00:00,0.8637468612885949
2003-05-07 00:00:00,0.8568171752855037
2003-05-08 00:00:00,0.8455564355304807
2003-05-09 00:00:00,0.8594158075366629
2003-05-12 00:00:00,0.8687275731033166
2003-05-13 00:00:00,0.8648296247265778
2003-05-14 00:00:00,0.8635303086009983
2003-05-15 00:00:00,0.8704599946040894
2003-05-16 00:00:00,0.8656958354769643
2003-05-19 00:00:00,0.8438240140297079
2003-05-20 00:00:00,0.8455564355304807
2003-05-21 00:00:00,0.8438240140297079
2003-05-22 00:00:00,0.8524861215335717
2003-05-23 00:00:00,0.8527026742211684
2003-05-27 00:00:00,0.8743579429808283
2003-05-28 00:00:00,0.8763069171691975
2003-05-29 00:00:00,0.8789055494203567
2003-05-30 00:00:00,0.8893000784249934
2003-06-02 00:00:00,0.8847524719854648
2003-06-03 00:00:00,0.8908159472381695
2003-06-04 00:00:00,0.902942897743579
2003-06-05 00:00:00,0.9077070568707042
2003-06-06 00:00:00,0.8966628698032777
2003-06-09 00:00:00,0.8880007622994138
2003-06-10 00:00:00,0.8977456332412607
2003-06-11 00:00:00,0.905108424619545
2003-06-12 00:00:00,0.9079236095583008
2003-06-13 00:00:00,0.8929814741141356
2003-06-16 00:00:00,0.9129043213730226
2003-06-17 00:00:00,0.9103056891218635
2003-06-18 00:00:00,0.9137705321234091
2003-06-19 00:00:00,0.902942897743579
2003-06-20 00:00:00,0.9020766869931927
2003-06-23 00:00:00,0.8918987106761526
2003-06-24 00:00:00,0.8869179988614309
2003-06-25 00:00:00,0.8834531558598853
2003-06-26 00:00:00,0.8986118439916471
2003-06-27 00:00:00,0.8901662891753797
2003-06-30 00:00:00,0.892764921426539
2003-07-01 00:00:00,0.9014270289304028
2003-07-02 00:00:00,0.9148532955613919
2003-07-03 00:00:00,0.9064077407451245
2003-07-07 00:00:00,0.934776142820279
2003-07-08 00:00:00,0.9432216976365463
2003-07-09 00:00:00,0.9414892761357735
2003-07-10 00:00:00,0.9284961148799776
2003-07-11 00:00:00,0.9336933793822959
2003-07-14 00:00:00,0.9419223815109666
2003-07-15 00:00:00,0.942788592261353
2003-07-16 00:00:00,0.9406230653853871
2003-07-17 00:00:00,0.9194009020009205
2003-07-18 00:00:00,0.9215664288768864
2003-07-21 00:00:00,0.9129043213730226
2003-07-22 00:00:00,0.9228657450024661
2003-07-23 00:00:00,0.9284961148799776
2003-07-24 00:00:00,0.9194009020009205
2003-07-25 00:00:00,0.9328271686319096
2003-07-28 00:00:00,0.934776142820279
2003-07-29 00:00:00,0.9295788783179605
2003-07-30 00:00:00,0.9245981665032388
2003-07-31 00:00:00,0.9328271686319096
2003-08-01 00:00:00,0.9254643772536253
2003-08-04 00:00:00,0.9252478245660286
2003-08-05 00:00:00,0.8983952913040505
2003-08-06 00:00:00,0.8979621859288572
2003-08-07 00:00:00,0.9005608181800164
2003-08-08 00:00:00,0.8953635536776982
2003-08-11 00:00:00,0.9025097923683859
2003-08-12 00:00:00,0.9124712159978294
2003-08-13 00:00:00,0.912687768685426
2003-08-14 00:00:00,0.9133374267482157
2003-08-15 00:00:00,0.9191843493133239
2003-08-18 00:00:00,0.9365085643210517
2003-08-19 00:00:00,0.9451706718249155
2003-08-20 00:00:00,0.9434382503241427
2003-08-21 00:00:00,0.9510175943900238
2003-08-22 00:00:00,0.9466865406380918
2003-08-25 00:00:00,0.948202409451268
2003-08-26 00:00:00,0.9488520675140578
2003-08-27 00:00:00,0.9544824373915693
2003-08-28 00:00:00,0.9607624653318708
2003-08-29 00:00:00,0.9672590459597685
2003-09-02 00:00:00,0.9776535749644053
2003-09-03 00:00:00,0.977220469589212
2003-09-04 00:00:00,0.9839336029047067
2003-09-05 00:00:00,0.9791694437775814
2003-09-08 00:00:00,0.991296394282991
2003-09-09 00:00:00,0.9824177340915305
2003-09-10 00:00:00,0.9646604137086094
2003-09-11 00:00:00,0.9726728631496836
2003-09-12 00:00:00,0.9765708115264222
2003-09-15 00:00:00,0.9694245728357347
2003-09-16 00:00:00,0.9891308674070249
2003-09-17 00:00:00,0.9860991297806725
2003-09-18 00:00:00,0.9973598695356957
2003-09-19 00:00:00,0.9930288157837637
2003-09-22 00:00:00,0.9787363384023884
2003-09-23 00:00:00,0.9917294996581842
2003-09-24 00:00:00,0.9635776502706264
2003-09-25 00:00:00,0.9542658847039727
2003-09-26 00:00:00,0.9497182782644441
2003-09-29 00:00:00,0.9618452287698537
2003-09-30 00:00:00,0.9462534352628986
2003-10-01 00:00:00,0.9620617814574502
2003-10-02 00:00:00,0.9644438610210129
2003-10-03 00:00:00,0.9845832609674965
2003-10-06 00:00:00,0.9899970781574113
2003-10-07 00:00:00,0.9945446845969399
2003-10-08 00:00:00,0.9897805254698148
2003-10-09 00:00:00,0.9954108953473262
2003-10-10 00:00:00,1.0023405813504174
2003-10-13 00:00:00,1.0073212931651392
2003-10-14 00:00:00,1.0092702673535086
2003-10-15 00:00:00,1.0060219770395595
2003-10-16 00:00:00,1.0120854522922644
2003-10-17 00:00:00,0.9936784738465535
2003-10-20 00:00:00,1.002990239413207
2003-10-21 00:00:00,1.0075378458527358
2003-10-22 00:00:00,0.9928122630961671
2003-10-23 00:00:00,0.9841501555923032
2003-10-24 00:00:00,0.9847998136550931
2003-10-27 00:00:00,0.9850163663426896
2003-10-28 00:00:00,1.0099199254162983
2003-10-29 00:00:00,1.009053714665912
2003-10-30 00:00:00,1.0105695834790882
2003-10-31 00:00:00,1.0060219770395595
2003-11-03 00:00:00,1.0185820329201623
2003-11-04 00:00:00,1.013384768417844
2003-11-05 00:00:00,1.0203144544209353
2003-11-06 00:00:00,1.022479981296901
2003-11-07 00:00:00,1.0157668479814066
2003-11-10 00:00:00,1.006238529727156
2003-11-11 00:00:00,1.0034233447884005
2003-11-12 00:00:00,1.0196647963581453
2003-11-13 00:00:00,1.018798585607759
2003-11-14 00:00:00,1.002990239413207
2003-11-17 00:00:00,0.9951943426597297
2003-11-18 00:00:00,0.9778701276520019
2003-11-19 00:00:00,0.9850163663426896
2003-11-20 00:00:00,0.9778701276520019
2003-11-21 00:00:00,0.9854494717178828
2003-11-24 00:00:00,1.0060219770395595
2003-11-25 00:00:00,1.0060219770395595
2003-11-26 00:00:00,1.0094868200411053
2003-11-28 00:00:00,1.0103530307914916
2003-12-01 00:00:00,1.0216137705465145
2003-12-02 00:00:00,1.0172827167945826
2003-12-03 00:00:00,1.0075378458527358
2003-12-04 00:00:00,1.0157668479814066
2003-12-05 00:00:00,1.002990239413207
2003-12-08 00:00:00,1.0073212931651392
2003-12-09 00:00:00,0.9897805254698148
2003-12-10 00:00:00,0.9925957104085706
2003-12-11 00:00:00,1.0086206092907186
2003-12-12 00:00:00,1.0073212931651392
2003-12-15 00:00:00,0.9973598695356957
2003-12-16 00:00:00,0.998875738348872
2003-12-17 00:00:00,1.0001750544744514
2003-12-18 00:00:00,1.0142509791682304
2003-12-19 00:00:00,1.0120854522922644
2003-12-22 00:00:00,1.014467531855827
2003-12-23 00:00:00,1.0203144544209353
2003-12-24 00:00:00,1.0216137705465145
2003-12-26 00:00:00,1.0205310071085316
2003-12-29 00:00:00,1.033307615676731
2003-12-30 00:00:00,1.0359062479278902
2003-12-31 00:00:00,1.033740721051924
2004-01-02 00:00:00,1.031575194175958
2004-01-05 00:00:00,1.0473835403705098
2004-01-06 00:00:00,1.0527973575604248
2004-01-07 00:00:00,1.0601601489387091
2004-01-08 00:00:00,1.066656729566607
2004-01-09 00:00:00,1.061242912376692
2004-01-12 00:00:00,1.0742360736324879
2004-01-13 00:00:00,1.0660070715038172
2004-01-14 00:00:00,1.068822256442573
2004-01-15 00:00:00,1.070987783318539
2004-01-16 00:00:00,1.0794333381348062
2004-01-20 00:00:00,1.0787836800720165
2004-01-21 00:00:00,1.075318837070471
2004-01-22 00:00:00,1.0703381252557491
2004-01-23 00:00:00,1.0673063876293967
2004-01-26 00:00:00,1.0798664435099996
2004-01-27 00:00:00,1.0614594650642888
2004-01-28 00:00:00,1.0476000930581064
2004-01-29 00:00:00,1.0506318306844589
2004-01-30 00:00:00,1.0469504349953165
2004-02-02 00:00:00,1.0447849081193505
2004-02-03 00:00:00,1.0439186973689643
2004-02-04 00:00:00,1.0309255361131684
2004-02-05 00:00:00,1.0339572737395208
2004-02-06 00:00:00,1.0482497511208964
2004-02-09 00:00:00,1.0480331984332996
2004-02-10 00:00:00,1.0493325145588792
2004-02-11 00:00:00,1.057994622062743
2004-02-12 00:00:00,1.0508483833720554
2004-02-13 00:00:00,1.0441352500565606
2004-02-17 00:00:00,1.0549628844363905
2004-02-18 00:00:00,1.0573449639999533
2004-02-19 00:00:00,1.0450014608069471
2004-02-20 00:00:00,1.042402828555788
2004-02-23 00:00:00,1.0335241683643275
2004-02-24 00:00:00,1.031575194175958
2004-02-25 00:00:00,1.0363393533030834
2004-02-26 00:00:00,1.0382883274914527
2004-02-27 00:00:00,1.0361228006154866
2004-03-01 00:00:00,1.0465173296201233
2004-03-02 00:00:00,1.0372055640534696
2004-03-03 00:00:00,1.0328745103015378
2004-03-04 00:00:00,1.040237301679822
2004-03-05 00:00:00,1.0374221167410662
2004-03-08 00:00:00,1.018798585607759
2004-03-09 00:00:00,1.0194291004129652
2004-03-10 00:00:00,1.0194291004129652
2004-03-11 00:00:00,1.0194291004129652
2004-03-12 00:00:00,1.0194291004129652
2004-03-15 00:00:00,1.0194291004129652
2004-03-16 00:00:00,1.0194291004129652
2004-03-17 00:00:00,1.0194291004129652
2004-03-18 00:00:00,1.0194291004129652
2004-03-19 00:00:00,1.0194291004129652
2004-03-22 00:00:00,1.0194291004129652
2004-03-23 00:00:00,1.0194291004129652
2004-03-24 00:00:00,1.0194291004129652
2004-03-25 00:00:00,1.0194291004129652
2004-03-26 00:00:00,1.0194291004129652
2004-03-29 00:00:00,1.0194291004129652
2004-03-30 00:00:00,1.0194291004129652
2004-03-31 00:00:00,1.0194291004129652
2004-04-01 00:00:00,1.0194291004129652
2004-04-02 00:00:00,1.0194291004129652
2004-04-05 00:00:00,1.0194291004129652
2004-04-06 00:00:00,1.0194291004129652
2004-04-07 00:00:00,1.0194291004129652
2004-04-08 00:00:00,1.0194291004129652
2004-04-12 00:00:00,1.0194291004129652
2004-04-13 00:00:00,1.0194291004129652
2004-04-14 00:00:00,1.0194291004129652
2004-04-15 00:00:00,1.0194291004129652
2004-04-16 00:00:00,1.0194291004129652
2004-04-19 00:00:00,1.0194291004129652
2004-04-20 00:00:00,1.0194291004129652
2004-04-21 00:00:00,1.0194291004129652
2004-04-22 00:00:00,1.0194291004129652
2004-04-23 00:00:00,1.0194291004129652
2004-04-26 00:00:00,1.0194291004129652
2004-04-27 00:00:00,1.0173688052518968
2004-04-28 00:00:00,1.0128675753987524
2004-04-29 00:00:00,1.001120252152902
2004-04-30 00:00:00,1.001265501278546
2004-05-03 00:00:00,1.001265501278546
2004-05-04 00:00:00,1.001265501278546
2004-05-05 00:00:00,1.001265501278546
2004-05-06 00:00:00,1.001265501278546
2004-05-07 00:00:00,1.001265501278546
2004-05-10 00:00:00,1.001265501278546
2004-05-11 00:00:00,1.001265501278546
2004-05-12 00:00:00,1.001265501278546
2004-05-13 00:00:00,1.001265501278546
2004-05-14 00:00:00,1.001265501278546
2004-05-17 00:00:00,1.001265501278546
2004-05-18 00:00:00,1.001265501278546
2004-05-19 00:00:00,1.001265501278546
2004-05-20 00:00:00,1.001265501278546
2004-05-21 00:00:00,1.001265501278546
2004-05-24 00:00:00,1.001265501278546
2004-05-25 00:00:00,1.001265501278546
2004-05-26 00:00:00,1.001265501278546
2004-05-27 00:00:00,1.001265501278546
2004-05-28 00:00:00,1.001265501278546
2004-06-01 00:00:00,1.001265501278546
2004-06-02 00:00:00,1.001265501278546
2004-06-03 00:00:00,0.992438918347165
2004-06-04 00:00:00,1.0019683179444574
2004-06-07 00:00:00,1.018741113607084
2004-06-08 00:00:00,1.0201159329236928
2004-06-09 00:00:00,1.005817812030962
2004-06-10 00:00:00,1.0129668724773275
2004-06-14 00:00:00,0.9986687515845964
2004-06-15 00:00:00,1.0115920531607188
2004-06-16 00:00:00,1.009942269980788
2004-06-17 00:00:00,1.0005934986278489
2004-06-18 00:00:00,1.0019683179444574
2004-06-21 00:00:00,0.9939943659081266
2004-06-22 00:00:00,1.0085674506641795
2004-06-23 00:00:00,1.0206658606503365
2004-06-24 00:00:00,1.018741113607084
2004-06-25 00:00:00,1.0264401017800933
2004-06-28 00:00:00,1.017916222017119
2004-06-29 00:00:00,1.02753995723338
2004-06-30 00:00:00,1.037713620176285
2004-07-01 00:00:00,1.0184661497437626
2004-07-02 00:00:00,1.0124169447506841
2004-07-06 00:00:00,0.9906947995482657
2004-07-07 00:00:00,0.992619546591518
2004-07-08 00:00:00,0.9816209920586481
2004-07-09 00:00:00,0.9829958113752567
2004-07-12 00:00:00,0.9788713534254304
2004-07-13 00:00:00,0.9774965341088216
2004-07-14 00:00:00,0.9675978350292387
2004-07-15 00:00:00,0.9642982686693777
2004-07-16 00:00:00,0.9518524250704812
2004-07-19 00:00:00,0.9518524250704812
2004-07-20 00:00:00,0.9518524250704812
2004-07-21 00:00:00,0.9518524250704812
2004-07-22 00:00:00,0.9518524250704812
2004-07-23 00:00:00,0.9518524250704812
2004-07-26 00:00:00,0.9518524250704812
2004-07-27 00:00:00,0.9518524250704812
2004-07-28 00:00:00,0.9518524250704812
2004-07-29 00:00:00,0.9518524250704812
2004-07-30 00:00:00,0.9518524250704812
2004-08-02 00:00:00,0.9518524250704812
2004-08-03 00:00:00,0.9518524250704812
2004-08-04 00:00:00,0.9518524250704812
2004-08-05 00:00:00,0.9518524250704812
2004-08-06 00:00:00,0.9518524250704812
2004-08-09 00:00:00,0.9518524250704812
2004-08-10 00:00:00,0.9518524250704812
2004-08-11 00:00:00,0.9518524250704812
2004-08-12 00:00:00,0.9518524250704812
2004-08-13 00:00:00,0.9518524250704812
2004-08-16 00:00:00,0.9518524250704812
2004-08-17 00:00:00,0.9518524250704812
2004-08-18 00:00:00,0.9518524250704812
2004-08-19 00:00:00,0.9518524250704812
2004-08-20 00:00:00,0.9518524250704812
2004-08-23 00:00:00,0.9518524250704812
2004-08-24 00:00:00,0.9518524250704812
2004-08-25 00:00:00,0.9518524250704812
2004-08-26 00:00:00,0.9518524250704812
2004-08-27 00:00:00,0.9518524250704812
2004-08-30 00:00:00,0.9518524250704812
2004-08-31 00:00:00,0.9518524250704812
2004-09-01 00:00:00,0.9518524250704812
2004-09-02 00:00:00,0.9518524250704812
2004-09-03 00:00:00,0.9518524250704812
2004-09-07 00:00:00,0.9518524250704812
2004-09-08 00:00:00,0.9518524250704812
2004-09-09 00:00:00,0.9518524250704812
2004-09-10 00:00:00,0.9518524250704812
2004-09-13 00:00:00,0.9518524250704812
2004-09-14 00:00:00,0.9518524250704812
2004-09-15 00:00:00,0.9518524250704812
2004-09-16 00:00:00,0.9518524250704812
2004-09-17 00:00:00,0.9518524250704812
2004-09-20 00:00:00,0.9518524250704812
2004-09-21 00:00:00,0.9518524250704812
2004-09-22 00:00:00,0.9518524250704812
2004-09-23 00:00:00,0.9518524250704812
2004-09-24 00:00:00,0.9518524250704812
2004-09-27 00:00:00,0.9518524250704812
2004-09-28 00:00:00,0.9518524250704812
2004-09-29 00:00:00,0.9518524250704812
2004-09-30 00:00:00,0.9518524250704812
2004-10-01 00:00:00,0.9518524250704812
2004-10-04 00:00:00,0.9505434970932116
2004-10-05 00:00:00,0.9518524250704812
2004-10-06 00:00:00,0.959444207338645
2004-10-07 00:00:00,0.9487109979250341
2004-10-08 00:00:00,0.9314331486250749
2004-10-11 00:00:00,0.9358835037477916
2004-10-12 00:00:00,0.9343127901750681
2004-10-13 00:00:00,0.9322185054114366
2004-10-14 00:00:00,0.9280299358841738
2004-10-15 00:00:00,0.9327420766023445
2004-10-18 00:00:00,0.9460931419704948
2004-10-19 00:00:00,0.9392867164886927
2004-10-20 00:00:00,0.9437370716114093
2004-10-21 00:00:00,0.9581352793613755
2004-10-22 00:00:00,0.9371924317250612
2004-10-25 00:00:00,0.9327420766023445
2004-10-26 00:00:00,0.937716002915969
2004-10-27 00:00:00,0.9615384921022764
2004-10-28 00:00:00,0.9675595607977169
2004-10-29 00:00:00,0.9659888472249933
2004-11-01 00:00:00,0.9696538455613483
2004-11-02 00:00:00,0.9727952727067953
2004-11-03 00:00:00,0.9793399125931435
2004-11-04 00:00:00,0.9848374100976761
2004-11-05 00:00:00,0.9937381203431096
2004-11-08 00:00:00,0.9947852627249253
2004-11-09 00:00:00,0.9926909779612939
2004-11-10 00:00:00,0.9892877652203929
2004-11-11 00:00:00,1.0023770449930893
2004-11-12 00:00:00,1.0120631120248844
2004-11-15 00:00:00,1.0165134671476013
2004-11-16 00:00:00,1.0102306128567071
2004-11-17 00:00:00,1.0238434638203113
2004-11-18 00:00:00,1.028555604538482
2004-11-19 00:00:00,1.0125866832157924
2004-11-22 00:00:00,1.0222727502475877
2004-11-23 00:00:00,1.0207020366748643
2004-11-24 00:00:00,1.0296027469202977
2004-11-26 00:00:00,1.0264613197748507
2004-11-29 00:00:00,1.0261995341793968
2004-11-30 00:00:00,1.0241052494157652
2004-12-01 00:00:00,1.0450480970520795
2004-12-02 00:00:00,1.0489748809838884
2004-12-03 00:00:00,1.050545594556612
2004-12-06 00:00:00,1.054210592892967
2004-12-07 00:00:00,1.036147386806646
2004-12-08 00:00:00,1.0421684555020863
2004-12-09 00:00:00,1.0484513097929804
2004-12-10 00:00:00,1.0453098826475333
2004-12-13 00:00:00,1.054472378488421
2004-12-14 00:00:00,1.0596295547188632
2004-12-15 00:00:00,1.0557813064656905
2004-12-16 00:00:00,1.0458334538384413
2004-12-17 00:00:00,1.0333986380543796
2004-12-20 00:00:00,1.0261995341793968
2004-12-21 00:00:00,1.0387652427611853
2004-12-22 00:00:00,1.0400741707384547
2004-12-23 00:00:00,1.040807170405726
2004-12-27 00:00:00,1.0364091724020998
2004-12-28 00:00:00,1.046357025029349
2004-12-29 00:00:00,1.0476659530066188
2004-12-30 00:00:00,1.046880596220257
2004-12-31 00:00:00,1.0449172042543524
2005-01-03 00:00:00,1.0340269234834691
2005-01-04 00:00:00,1.0152045391703317
2005-01-05 00:00:00,1.0089216848794373
2005-01-06 00:00:00,1.0038692228871766
2005-01-07 00:00:00,1.0091834704748914
2005-01-10 00:00:00,1.0086598992839837
2005-01-11 00:00:00,1.001565509647182
2005-01-12 00:00:00,1.009968827261253
2005-01-13 00:00:00,0.9966177618931029
2005-01-14 00:00:00,1.0060420433294444
2005-01-18 00:00:00,1.013633825597608
2005-01-19 00:00:00,0.9968795474885567
2005-01-20 00:00:00,0.97776919902042
2005-01-21 00:00:00,0.969915631156802
2005-01-24 00:00:00,0.9563027801931979
2005-01-25 00:00:00,0.9610149209113686
2005-01-26 00:00:00,0.9671788198276887
2005-01-27 00:00:00,0.9671788198276887
2005-01-28 00:00:00,0.9671788198276887
2005-01-31 00:00:00,0.9671788198276887
2005-02-01 00:00:00,0.9671788198276887
2005-02-02 00:00:00,0.9671788198276887
2005-02-03 00:00:00,0.9671788198276887
2005-02-04 00:00:00,0.9671788198276887
2005-02-07 00:00:00,0.9671788198276887
2005-02-08 00:00:00,0.9671788198276887
2005-02-09 00:00:00,0.9671788198276887
2005-02-10 00:00:00,0.9671788198276887
2005-02-11 00:00:00,0.9671788198276887
2005-02-14 00:00:00,0.9671788198276887
2005-02-15 00:00:00,0.9671788198276887
2005-02-16 00:00:00,0.9671788198276887
2005-02-17 00:00:00,0.9671788198276887
2005-02-18 00:00:00,0.9671788198276887
2005-02-22 00:00:00,0.9671788198276887
2005-02-23 00:00:00,0.9671788198276887
2005-02-24 00:00:00,0.9671788198276887
2005-02-25 00:00:00,0.9671788198276887
2005-02-28 00:00:00,0.9671788198276887
2005-03-01 00:00:00,0.9671788198276887
2005-03-02 00:00:00,0.9671788198276887
2005-03-03 00:00:00,0.9671788198276887
2005-03-04 00:00:00,0.9671788198276887
2005-03-07 00:00:00,0.9671788198276887
2005-03-08 00:00:00,0.9671788198276887
2005-03-09 00:00:00,0.9671788198276887
2005-03-10 00:00:00,0.9671788198276887
2005-03-11 00:00:00,0.9671788198276887
2005-03-14 00:00:00,0.9671788198276887
2005-03-15 00:00:00,0.9671788198276887
2005-03-16 00:00:00,0.9671788198276887
2005-03-17 00:00:00,0.9671788198276887
2005-03-18 00:00:00,0.9671788198276887
2005-03-21 00:00:00,0.9671788198276887
2005-03-22 00:00:00,0.9671788198276887
2005-03-23 00:00:00,0.9671788198276887
2005-03-24 00:00:00,0.9671788198276887
2005-03-28 00:00:00,0.9671788198276887
2005-03-29 00:00:00,0.9671788198276887
2005-03-30 00:00:00,0.9671788198276887
2005-03-31 00:00:00,0.9671788198276887
2005-04-01 00:00:00,0.9671788198276887
2005-04-04 00:00:00,0.9671788198276887
2005-04-05 00:00:00,0.9671788198276887
2005-04-06 00:00:00,0.9671788198276887
2005-04-07 00:00:00,0.9671788198276887
2005-04-08 00:00:00,0.9671788198276887
2005-04-11 00:00:00,0.9671788198276887
2005-04-12 00:00:00,0.9671788198276887
2005-04-13 00:00:00,0.9671788198276887
2005-04-14 00:00:00,0.9671788198276887
2005-04-15 00:00:00,0.9671788198276887
2005-04-18 00:00:00,0.9671788198276887
2005-04-19 00:00:00,0.9671788198276887
2005-04-20 00:00:00,0.9671788198276887
2005-04-21 00:00:00,0.9671788198276887
2005-04-22 00:00:00,0.9671788198276887
2005-04-25 00:00:00,0.9671788198276887
2005-04-26 00:00:00,0.9671788198276887
2005-04-27 00:00:00,0.9671788198276887
2005-04-28 00:00:00,0.9671788198276887
2005-04-29 00:00:00,0.9671788198276887
2005-05-02 00:00:00,0.9671788198276887
2005-05-03 00:00:00,0.9671788198276887
2005-05-04 00:00:00,0.9671788198276887
2005-05-05 00:00:00,0.9671788198276887
2005-05-06 00:00:00,0.9671788198276887
2005-05-09 00:00:00,0.9671788198276887
2005-05-10 00:00:00,0.9671788198276887
2005-05-11 00:00:00,0.9671788198276887
2005-05-12 00:00:00,0.9671788198276887
2005-05-13 00:00:00,0.9671788198276887
2005-05-16 00:00:00,0.9671788198276887
2005-05-17 00:00:00,0.9671788198276887
2005-05-18 00:00:00,0.9671788198276887
2005-05-19 00:00:00,0.9671788198276887
2005-05-20 00:00:00,0.9726022524622363
2005-05-23 00:00:00,0.9775091677030178
2005-05-24 00:00:00,0.9806082720656165
2005-05-25 00:00:00,0.9764761329154849
2005-05-26 00:00:00,0.9862899633970474
2005-05-27 00:00:00,0.986806480790814
2005-05-31 00:00:00,0.983449117731332
2005-06-01 00:00:00,0.991455137334712
2005-06-02 00:00:00,0.998428122150559
2005-06-03 00:00:00,0.9839656351250985
2005-06-06 00:00:00,0.9842238938219817
2005-06-07 00:00:00,0.9759596155217184
2005-06-08 00:00:00,0.9738935459466526
2005-06-09 00:00:00,0.9800917546718501
2005-06-10 00:00:00,0.9696839291874558
2005-06-13 00:00:00,0.974410063340419
2005-06-14 00:00:00,0.9705361828871705
2005-06-15 00:00:00,0.9736352872497694
2005-06-16 00:00:00,0.9788004611874339
2005-06-17 00:00:00,0.9780256850967842
2005-06-20 00:00:00,0.9780256850967842
2005-06-21 00:00:00,0.9775091677030178
2005-06-22 00:00:00,0.9764761329154849
2005-06-23 00:00:00,0.9656292676463893
2005-06-24 00:00:00,0.9547824023772936
2005-06-27 00:00:00,0.9503920045302788
2005-06-28 00:00:00,0.9594310589211917
2005-06-29 00:00:00,0.9573133376067493
2005-06-30 00:00:00,0.9498754871365125
2005-07-01 00:00:00,0.9484550643036547
2005-07-05 00:00:00,0.9583980241336588
2005-07-06 00:00:00,0.9537493675897608
2005-07-07 00:00:00,0.9443234416709166
2005-07-08 00:00:00,0.9443234416709166
2005-07-11 00:00:00,0.9505574226695362
2005-07-12 00:00:00,0.9550458889885426
2005-07-13 00:00:00,0.9572901221480458
2005-07-14 00:00:00,0.9667657732659479
2005-07-15 00:00:00,0.9697580841452853
2005-07-18 00:00:00,0.9658431440781519
2005-07-19 00:00:00,0.9769895021036841
2005-07-20 00:00:00,0.9839715608221383
2005-07-21 00:00:00,0.984220920062083
2005-07-22 00:00:00,0.982974123862359
2005-07-25 00:00:00,0.9792337352631874
2005-07-26 00:00:00,0.982974123862359
2005-07-27 00:00:00,0.9904549010607028
2005-07-28 00:00:00,0.9951927266196537
2005-07-29 00:00:00,0.9868391920815034
2005-08-01 00:00:00,0.9887093863810892
2005-08-02 00:00:00,0.9994318336987151
2005-08-03 00:00:00,0.9989331152188257
2005-08-04 00:00:00,0.9892829126329623
2005-08-05 00:00:00,0.9844702793020278
2005-08-08 00:00:00,0.9772388613436287
2005-08-09 00:00:00,0.9837222015821935
2005-08-10 00:00:00,0.9752439874240706
2005-08-11 00:00:00,0.9832733549502929
2005-08-12 00:00:00,0.9777375798235185
2005-08-15 00:00:00,0.9836224578862155
2005-08-16 00:00:00,0.9677632102257269
2005-08-17 00:00:00,0.973498472744457
2005-08-18 00:00:00,0.9685860957175448
2005-08-19 00:00:00,0.9680125694656717
2005-08-22 00:00:00,0.9685112879455614
2005-08-23 00:00:00,0.9657683363061684
2005-08-24 00:00:00,0.9600330737874383
2005-08-25 00:00:00,0.9622274350989526
2005-08-26 00:00:00,0.9590331432352597
2005-08-29 00:00:00,0.9665164140260029
2005-08-30 00:00:00,0.9630253846667758
2005-08-31 00:00:00,0.9720023173047884
2005-09-01 00:00:00,0.9705061618651196
2005-09-02 00:00:00,0.9667657732659479
2005-09-06 00:00:00,0.980979249942801
2005-09-07 00:00:00,0.9826998286984197
2005-09-08 00:00:00,0.9824754053824694
2005-09-09 00:00:00,0.9879363727372603
2005-09-12 00:00:00,0.9907042603006474
2005-09-13 00:00:00,0.9882106679011997
2005-09-14 00:00:00,0.9769895021036841
2005-09-15 00:00:00,0.9764907836237944
2005-09-16 00:00:00,0.9824754053824694
2005-09-19 00:00:00,0.9747452689441811
2005-09-20 00:00:00,0.9707555211050642
2005-09-21 00:00:00,0.9600330737874383
2005-09-22 00:00:00,0.9635241031466655
2005-09-23 00:00:00,0.9662670547860582
2005-09-26 00:00:00,0.9665164140260029
2005-09-27 00:00:00,0.9642721808664998
2005-09-28 00:00:00,0.9645215401064446
2005-09-29 00:00:00,0.9774882205835738
2005-09-30 00:00:00,0.9839715608221383
2005-10-03 00:00:00,0.9864651532215862
2005-10-04 00:00:00,0.9799818129830214
2005-10-05 00:00:00,0.9665164140260029
2005-10-06 00:00:00,0.9537990927888187
2005-10-07 00:00:00,0.956043325948322
2005-10-10 00:00:00,0.9508067819094813
2005-10-11 00:00:00,0.9460689563505302
2005-10-12 00:00:00,0.9347729827810313
2005-10-13 00:00:00,0.9339713426964567
2005-10-14 00:00:00,0.9339713426964567
2005-10-17 00:00:00,0.9339713426964567
2005-10-18 00:00:00,0.9339713426964567
2005-10-19 00:00:00,0.9339713426964567
2005-10-20 00:00:00,0.9339713426964567
2005-10-21 00:00:00,0.9339713426964567
2005-10-24 00:00:00,0.9339713426964567
2005-10-25 00:00:00,0.9339713426964567
2005-10-26 00:00:00,0.9339713426964567
2005-10-27 00:00:00,0.9339713426964567
2005-10-28 00:00:00,0.9339713426964567
2005-10-31 00:00:00,0.9339713426964567
2005-11-01 00:00:00,0.9339713426964567
2005-11-02 00:00:00,0.9339713426964567
2005-11-03 00:00:00,0.9339713426964567
2005-11-04 00:00:00,0.9339713426964567
2005-11-07 00:00:00,0.93234502443803
2005-11-08 00:00:00,0.9325773556178052
2005-11-09 00:00:00,0.9330187848593781
2005-11-10 00:00:00,0.9432645898874661
2005-11-11 00:00:00,0.9458202328649938
2005-11-14 00:00:00,0.9459131653369038
2005-11-15 00:00:00,0.9414059404492643
2005-11-16 00:00:00,0.94716775370769
2005-11-17 00:00:00,0.9596904042975755
2005-11-18 00:00:00,0.9630127401683615
2005-11-21 00:00:00,0.9653128188481361
2005-11-22 00:00:00,0.9688210196627424
2005-11-23 00:00:00,0.9711443314604946
2005-11-25 00:00:00,0.9732353120784719
2005-11-28 00:00:00,0.9651037207863384
2005-11-29 00:00:00,0.9605267965447665
2005-11-30 00:00:00,0.9581337853930814
2005-12-01 00:00:00,0.9759535868818421
2005-12-02 00:00:00,0.9782768986795944
2005-12-05 00:00:00,0.9711443314604946
2005-12-06 00:00:00,0.9743040355054379
2005-12-07 00:00:00,0.9725383185391461
2005-12-08 00:00:00,0.9655916162638666
2005-12-09 00:00:00,0.9691695164324051
2005-12-12 00:00:00,0.9727009503649887
2005-12-13 00:00:00,0.976836445364988
2005-12-14 00:00:00,0.9734444101402696
2005-12-15 00:00:00,0.9750939615166737
2005-12-16 00:00:00,0.9660330455054393
2005-12-19 00:00:00,0.9506991876402737
2005-12-20 00:00:00,0.9513961811795996
2005-12-21 00:00:00,0.9555781424155538
2005-12-22 00:00:00,0.9617813849155524
2005-12-23 00:00:00,0.9619207836234177
2005-12-27 00:00:00,0.9534406955616215
2005-12-28 00:00:00,0.9523255058987006
2005-12-29 00:00:00,0.9460525640447689
2005-12-30 00:00:00,0.9388967637076917
2006-01-03 00:00:00,0.9597601036515081
2006-01-04 00:00:00,0.9697503443818433
2006-01-05 00:00:00,0.9739323056177975
2006-01-06 00:00:00,0.9915894752807156
2006-01-09 00:00:00,0.9955367820250968
2006-01-10 00:00:00,0.9962360988762204
2006-01-11 00:00:00,1.0039030278088032
2006-01-12 00:00:00,0.9990240730335231
2006-01-13 00:00:00,0.9985594106739726
2006-01-17 00:00:00,0.9920541376402662
2006-01-18 00:00:00,0.9806699098312796
2006-01-19 00:00:00,0.9878721764043119
2006-01-20 00:00:00,0.9583661165728566
2006-01-23 00:00:00,0.9585984477526317
2006-01-24 00:00:00,0.962780408988586
2006-01-25 00:00:00,0.9585984477526317
2006-01-26 00:00:00,0.9653360519661137
2006-01-27 00:00:00,0.9783465980335271
2006-01-30 00:00:00,0.980205247471729
2006-01-31 00:00:00,0.9757909550559994
2006-02-01 00:00:00,0.979275922752628
2006-02-02 00:00:00,0.9625480778088109
2006-02-03 00:00:00,0.9506991876402737
2006-02-06 00:00:00,0.9481435446627463
2006-02-07 00:00:00,0.9439615834267919
2006-02-08 00:00:00,0.954881148876228
2006-02-09 00:00:00,0.9458202328649938
2006-02-10 00:00:00,0.9516285123593746
2006-02-13 00:00:00,0.9407089469099387
2006-02-14 00:00:00,0.9502345252807232
2006-02-15 00:00:00,0.9562751359548793
2006-02-16 00:00:00,0.9651037207863384
2006-02-17 00:00:00,0.9574367918537557
2006-02-21 00:00:00,0.9467495575840947
2006-02-22 00:00:00,0.9585984477526317
2006-02-23 00:00:00,0.9560428047751043
2006-02-24 00:00:00,0.9585984477526317
2006-02-27 00:00:00,0.9692856820222927
2006-02-28 00:00:00,0.954881148876228
2006-03-01 00:00:00,0.9678916949436412
2006-03-02 00:00:00,0.9685886884829671
2006-03-03 00:00:00,0.9630127401683615
2006-03-06 00:00:00,0.9647301322492599
2006-03-07 00:00:00,0.9647301322492599
2006-03-08 00:00:00,0.9647301322492599
2006-03-09 00:00:00,0.9647301322492599
2006-03-10 00:00:00,0.9647301322492599
2006-03-13 00:00:00,0.9647301322492599
2006-03-14 00:00:00,0.9647301322492599
2006-03-15 00:00:00,0.9647301322492599
2006-03-16 00:00:00,0.9647301322492599
2006-03-17 00:00:00,0.9647301322492599
2006-03-20 00:00:00,0.9647301322492599
2006-03-21 00:00:00,0.9647301322492599
2006-03-22 00:00:00,0.9647301322492599
2006-03-23 00:00:00,0.9647301322492599
2006-03-24 00:00:00,0.9647301322492599
2006-03-27 00:00:00,0.9647301322492599
2006-03-28 00:00:00,0.9647301322492599
2006-03-29 00:00:00,0.9647301322492599
2006-03-30 00:00:00,0.9647301322492599
2006-03-31 00:00:00,0.9647301322492599
2006-04-03 00:00:00,0.9647301322492599
2006-04-04 00:00:00,0.9684009246668552
2006-04-05 00:00:00,0.9775779057108434
2006-04-06 00:00:00,0.9803310000240397
2006-04-07 00:00:00,0.9709245944539519
2006-04-10 00:00:00,0.9695480472973537
2006-04-11 00:00:00,0.9617476134099638
2006-04-12 00:00:00,0.9619770379360634
2006-04-13 00:00:00,0.9658772548797584
2006-04-17 00:00:00,0.9557825757313714
2006-04-18 00:00:00,0.9741365378193478
2006-04-19 00:00:00,0.9784956038152423
2006-04-20 00:00:00,0.9750542359237467
2006-04-21 00:00:00,0.9635830096187614
2006-04-24 00:00:00,0.9626653115143625
2006-04-25 00:00:00,0.9606004907794651
2006-04-26 00:00:00,0.9603710662533655
2006-04-27 00:00:00,0.9695480472973537
2006-04-28 00:00:00,0.9601416417272658
2006-05-01 00:00:00,0.9507352361571779
2006-05-02 00:00:00,0.9532589059442746
2006-05-03 00:00:00,0.9518823587876765
2006-05-04 00:00:00,0.9596827926750664
2006-05-05 00:00:00,0.9672538020363567
2006-05-08 00:00:00,0.9681715001407556
2006-05-09 00:00:00,0.9645007077231601
2006-05-10 00:00:00,0.9560120002574712
2006-05-11 00:00:00,0.9346755193301987
2006-05-12 00:00:00,0.9274374179399423
2006-05-15 00:00:00,0.9274374179399423
2006-05-16 00:00:00,0.9274374179399423
2006-05-17 00:00:00,0.9274374179399423
2006-05-18 00:00:00,0.9274374179399423
2006-05-19 00:00:00,0.9274374179399423
2006-05-22 00:00:00,0.9274374179399423
2006-05-23 00:00:00,0.9274374179399423
2006-05-24 00:00:00,0.9274374179399423
2006-05-25 00:00:00,0.9274374179399423
2006-05-26 00:00:00,0.9274374179399423
2006-05-30 00:00:00,0.9274374179399423
2006-05-31 00:00:00,0.9274374179399423
2006-06-01 00:00:00,0.9274374179399423
2006-06-02 00:00:00,0.9274374179399423
2006-06-05 00:00:00,0.9274374179399423
2006-06-06 00:00:00,0.9274374179399423
2006-06-07 00:00:00,0.9274374179399423
2006-06-08 00:00:00,0.9274374179399423
2006-06-09 00:00:00,0.9274374179399423
2006-06-12 00:00:00,0.9274374179399423
2006-06-13 00:00:00,0.9274374179399423
2006-06-14 00:00:00,0.9274374179399423
2006-06-15 00:00:00,0.9274374179399423
2006-06-16 00:00:00,0.9274374179399423
2006-06-19 00:00:00,0.9274374179399423
2006-06-20 00:00:00,0.9274374179399423
2006-06-21 00:00:00,0.9274374179399423
2006-06-22 00:00:00,0.9274374179399423
2006-06-23 00:00:00,0.9274374179399423
2006-06-26 00:00:00,0.9274374179399423
2006-06-27 00:00:00,0.9274374179399423
2006-06-28 00:00:00,0.9274374179399423
2006-06-29 00:00:00,0.9274374179399423
2006-06-30 00:00:00,0.9274374179399423
2006-07-03 00:00:00,0.9274374179399423
2006-07-05 00:00:00,0.9274374179399423
2006-07-06 00:00:00,0.9274374179399423
2006-07-07 00:00:00,0.9274374179399423
2006-07-10 00:00:00,0.9274374179399423
2006-07-11 00:00:00,0.9274374179399423
2006-07-12 00:00:00,0.9274374179399423
2006-07-13 00:00:00,0.9274374179399423
2006-07-14 00:00:00,0.9274374179399423
2006-07-17 00:00:00,0.9274374179399423
2006-07-18 00:00:00,0.9274374179399423
2006-07-19 00:00:00,0.9274374179399423
2006-07-20 00:00:00,0.9274374179399423
2006-07-21 00:00:00,0.9274374179399423
2006-07-24 00:00:00,0.9274374179399423
2006-07-25 00:00:00,0.9274374179399423
2006-07-26 00:00:00,0.9274374179399423
2006-07-27 00:00:00,0.9274374179399423
2006-07-28 00:00:00,0.9274374179399423
2006-07-31 00:00:00,0.9274374179399423
2006-08-01 00:00:00,0.9274374179399423
2006-08-02 00:00:00,0.9274374179399423
2006-08-03 00:00:00,0.9274374179399423
2006-08-04 00:00:00,0.9274374179399423
2006-08-07 00:00:00,0.9274374179399423
2006-08-08 00:00:00,0.9274374179399423
2006-08-09 00:00:00,0.9274374179399423
2006-08-10 00:00:00,0.9274374179399423
2006-08-11 00:00:00,0.9274374179399423
2006-08-14 00:00:00,0.9274374179399423
2006-08-15 00:00:00,0.9274374179399423
2006-08-16 00:00:00,0.9274374179399423
2006-08-17 00:00:00,0.9274374179399423
2006-08-18 00:00:00,0.9274374179399423
2006-08-21 00:00:00,0.9274374179399423
2006-08-22 00:00:00,0.9274374179399423
2006-08-23 00:00:00,0.9274374179399423
2006-08-24 00:00:00,0.9274374179399423
2006-08-25 00:00:00,0.9274374179399423
2006-08-28 00:00:00,0.9274374179399423
2006-08-29 00:00:00,0.9274374179399423
2006-08-30 00:00:00,0.9274374179399423
2006-08-31 00:00:00,0.9274374179399423
2006-09-01 00:00:00,0.9274374179399423
2006-09-05 00:00:00,0.9274374179399423
2006-09-06 00:00:00,0.9274374179399423
2006-09-07 00:00:00,0.9274374179399423
2006-09-08 00:00:00,0.9274374179399423
2006-09-11 00:00:00,0.9274374179399423
2006-09-12 00:00:00,0.9274374179399423
2006-09-13 00:00:00,0.9274374179399423
2006-09-14 00:00:00,0.9274374179399423
2006-09-15 00:00:00,0.9274374179399423
2006-09-18 00:00:00,0.9272085637415973
2006-09-19 00:00:00,0.9211959398032578
2006-09-20 00:00:00,0.9346035595042839
2006-09-21 00:00:00,0.9288244130814278
2006-09-22 00:00:00,0.9216582715170862
2006-09-25 00:00:00,0.9378398815010832
2006-09-26 00:00:00,0.9424631986393681
2006-09-27 00:00:00,0.9413073693547969
2006-09-28 00:00:00,0.9438501937808536
2006-09-29 00:00:00,0.9396892083563971
2006-10-02 00:00:00,0.9278997496537708
2006-10-03 00:00:00,0.9318295692213129
2006-10-04 00:00:00,0.9547149890558229
2006-10-05 00:00:00,0.9593383061941078
2006-10-06 00:00:00,0.9572578134818795
2006-10-09 00:00:00,0.9604941354786791
2006-10-10 00:00:00,0.9621122964770787
2006-10-11 00:00:00,0.9602629696217648
2006-10-12 00:00:00,0.9762134137488475
2006-10-13 00:00:00,0.9808367308871325
2006-10-16 00:00:00,0.981299062600961
2006-10-17 00:00:00,0.9708965990398201
2006-10-18 00:00:00,0.9662732819015352
2006-10-19 00:00:00,0.9685849404706776
2006-10-20 00:00:00,0.9708965990398201
2006-10-23 00:00:00,0.9808367308871325
2006-10-24 00:00:00,0.9739017551797053
2006-10-25 00:00:00,0.9808367308871325
2006-10-26 00:00:00,0.9898521993067878
2006-10-27 00:00:00,0.975751082035019
2006-10-30 00:00:00,0.9819925601717036
2006-10-31 00:00:00,0.9843042187408461
2006-11-01 00:00:00,0.9708965990398201
2006-11-02 00:00:00,0.9718212624674769
2006-11-03 00:00:00,0.9692784380414203
2006-11-06 00:00:00,0.983379555313189
2006-11-07 00:00:00,0.9900833651637021
2006-11-08 00:00:00,0.994706682301987
2006-11-09 00:00:00,0.9893898675929593
2006-11-10 00:00:00,0.994706682301987
2006-11-13 00:00:00,1.0046468141492995
2006-11-14 00:00:00,1.0155116094242689
2006-11-15 00:00:00,1.0196725948487253
2006-11-16 00:00:00,1.0240647461300958
2006-11-17 00:00:00,1.0240647461300958
2006-11-20 00:00:00,1.026145238842324
2006-11-21 00:00:00,1.0275322339838096
2006-11-22 00:00:00,1.0340048779774083
2006-11-24 00:00:00,1.0321555511220943
2006-11-27 00:00:00,1.0092701312875842
2006-11-28 00:00:00,1.011812955713641
2006-11-29 00:00:00,1.0187479314210683
2006-11-30 00:00:00,1.0180544338503255
2006-12-01 00:00:00,1.0092701312875842
2006-12-04 00:00:00,1.0231400827024388
2006-12-05 00:00:00,1.0268387364130667
2006-12-06 00:00:00,1.0231400827024388
2006-12-07 00:00:00,1.0101947947152414
2006-12-08 00:00:00,1.0148181118535262
2006-12-11 00:00:00,1.018516765564154
2006-12-12 00:00:00,1.0125064532843837
2006-12-13 00:00:00,1.0143557801396976
2006-12-14 00:00:00,1.0256829071284954
2006-12-15 00:00:00,1.027069902269981
2006-12-18 00:00:00,1.0168986045657544
2006-12-19 00:00:00,1.013662282568955
2006-12-20 00:00:00,1.009963628858327
2006-12-21 00:00:00,1.0027974872939855
2006-12-22 00:00:00,0.9923950237328446
2006-12-26 00:00:00,0.9965560091573009
2006-12-27 00:00:00,1.0016416580094143
2006-12-28 00:00:00,0.9967871750142152
2006-12-29 00:00:00,0.9977118384418721
2007-01-03 00:00:00,0.9995611652971862
2007-01-04 00:00:00,1.018516765564154
2007-01-05 00:00:00,1.013662282568955
2007-01-08 00:00:00,1.0143557801396976
2007-01-09 00:00:00,1.019441428991811
2007-01-10 00:00:00,1.0314620535513515
2007-01-11 00:00:00,1.0420956829694068
2007-01-12 00:00:00,1.0474124976784345
2007-01-16 00:00:00,1.0467190001076916
2007-01-17 00:00:00,1.0381658634018647
2007-01-18 00:00:00,1.0189790972779824
2007-01-19 00:00:00,1.0210595899902106
2007-01-22 00:00:00,1.009963628858327
2007-01-23 00:00:00,1.0074208044322703
2007-01-24 00:00:00,1.0240647461300958
2007-01-25 00:00:00,1.010888292285984
2007-01-26 00:00:00,1.0071896385753563
2007-01-29 00:00:00,1.008114302003013
2007-01-30 00:00:00,1.0085766337168416
2007-01-31 00:00:00,1.0187479314210683
2007-02-01 00:00:00,1.017592102136497
2007-02-02 00:00:00,1.0208284241332966
2007-02-05 00:00:00,1.0199037607056394
2007-02-06 00:00:00,1.0182855997072398
2007-02-07 00:00:00,1.0277633998407238
2007-02-08 00:00:00,1.0275322339838096
2007-02-09 00:00:00,1.0134311167120407
2007-02-12 00:00:00,1.0101947947152414
2007-02-13 00:00:00,1.013893448425869
2007-02-14 00:00:00,1.030999721837523
2007-02-15 00:00:00,1.0370100341172934
2007-02-16 00:00:00,1.0335425462635799
2007-02-20 00:00:00,1.032849048692837
2007-02-21 00:00:00,1.0446385073954634
2007-02-22 00:00:00,1.049955322104491
2007-02-23 00:00:00,1.046256668393863
2007-02-26 00:00:00,1.0411710195417498
2007-02-27 00:00:00,0.9984053360126148
2007-02-28 00:00:00,1.0016416580094143
2007-03-01 00:00:00,0.9970183408711295
2007-03-02 00:00:00,0.9819925601717036
2007-03-05 00:00:00,0.9743640868935336
2007-03-06 00:00:00,0.9905456968775306
2007-03-07 00:00:00,0.9866158773099886
2007-03-08 00:00:00,0.9933196871605017
2007-03-09 00:00:00,1.0012706830422382
2007-03-12 00:00:00,1.0012706830422382
2007-03-13 00:00:00,1.0012706830422382
2007-03-14 00:00:00,1.0012706830422382
2007-03-15 00:00:00,1.0012706830422382
2007-03-16 00:00:00,1.0012706830422382
2007-03-19 00:00:00,1.0012706830422382
2007-03-20 00:00:00,1.0012706830422382
2007-03-21 00:00:00,1.0012706830422382
2007-03-22 00:00:00,1.0012706830422382
2007-03-23 00:00:00,1.0012706830422382
2007-03-26 00:00:00,1.0012706830422382
2007-03-27 00:00:00,0.9958376067607521
2007-03-28 00:00:00,0.9851978323761749
2007-03-29 00:00:00,0.9863297232681512
2007-03-30 00:00:00,0.9854242105545701
2007-04-02 00:00:00,0.9867824796249417
2007-04-03 00:00:00,0.9996860357934714
2007-04-04 00:00:00,1.0037608430045861
2007-04-05 00:00:00,1.008741162929282
2007-04-09 00:00:00,1.006251002966934
2007-04-10 00:00:00,1.0114577010700252
2007-04-11 00:00:00,1.0008179266854478
2007-04-12 00:00:00,1.008741162929282
2007-04-13 00:00:00,1.0107785665348392
2007-04-16 00:00:00,1.020060071849045
2007-04-17 00:00:00,1.0223238536329973
2007-04-18 00:00:00,1.0189281809570685
2007-04-19 00:00:00,1.0220974754546024
2007-04-20 00:00:00,1.0277569299144838
2007-04-23 00:00:00,1.0293415771632506
2007-04-24 00:00:00,1.0345482752663417
2007-04-25 00:00:00,1.0483573441484526
2007-04-26 00:00:00,1.0537904204299386
2007-04-27 00:00:00,1.0542431767867293
2007-04-30 00:00:00,1.0404341079046184
2007-05-01 00:00:00,1.0394154061018397
2007-05-02 00:00:00,1.0508475041108003
2007-05-03 00:00:00,1.05469593314352
2007-05-04 00:00:00,1.0556014458571008
2007-05-07 00:00:00,1.0556014458571008
2007-05-08 00:00:00,1.0578652276410534
2007-05-09 00:00:00,1.060129009425006
2007-05-10 00:00:00,1.0456408060077094
2007-05-11 00:00:00,1.0589971185330298
2007-05-14 00:00:00,1.0517530168243814
2007-05-15 00:00:00,1.0436034024021519
2007-05-16 00:00:00,1.0537904204299386
2007-05-17 00:00:00,1.048810100505243
2007-05-18 00:00:00,1.057412471284263
2007-05-21 00:00:00,1.0642038166361207
2007-05-22 00:00:00,1.0651093293497016
2007-05-23 00:00:00,1.060129009425006
2007-05-24 00:00:00,1.0449616714725236
2007-05-25 00:00:00,1.0515266386459863
2007-05-29 00:00:00,1.0596762530682156
2007-05-30 00:00:00,1.0682786238472355
2007-05-31 00:00:00,1.073258943771931
2007-06-01 00:00:00,1.0739380783071169
2007-06-04 00:00:00,1.0771096365864345
2007-06-05 00:00:00,1.0771073728046505
2007-06-06 00:00:00,1.0655620857064925
2007-06-07 00:00:00,1.0490342149018543
2007-06-08 00:00:00,1.0619400348521681
2007-06-11 00:00:00,1.0599026312466109
2007-06-12 00:00:00,1.0535640422515433
2007-06-13 00:00:00,1.0651093293497016
2007-06-14 00:00:00,1.0721270528799547
2007-06-15 00:00:00,1.0805030454805795
2007-06-18 00:00:00,1.0814085581941606
2007-06-19 00:00:00,1.0811821800157653
2007-06-20 00:00:00,1.0709951619879787
2007-06-21 00:00:00,1.0807294236589748
2007-06-22 00:00:00,1.070542405631188
2007-06-25 00:00:00,1.066014842063283
2007-06-26 00:00:00,1.0599026312466109
2007-06-27 00:00:00,1.0762018600910697
2007-06-28 00:00:00,1.075749103734279
2007-06-29 00:00:00,1.0775601291614412
2007-07-02 00:00:00,1.0868416344756469
2007-07-03 00:00:00,1.0936329798275046
2007-07-05 00:00:00,1.1015562160713386
2007-07-06 00:00:00,1.106083779639244
2007-07-09 00:00:00,1.10676291417443
2007-07-10 00:00:00,1.097481408860224
2007-07-11 00:00:00,1.1049518887472678
2007-07-12 00:00:00,1.1219302521269123
2007-07-13 00:00:00,1.1296271101923512
2007-07-16 00:00:00,1.1284952193003748
2007-07-17 00:00:00,1.1370975900793945
2007-07-18 00:00:00,1.1357393210090232
2007-07-19 00:00:00,1.139134993684952
2007-07-20 00:00:00,1.13302278286828
2007-07-23 00:00:00,1.1334755392250706
2007-07-24 00:00:00,1.1167235540238212
2007-07-25 00:00:00,1.1183082012725882
2007-07-26 00:00:00,1.108800317779987
2007-07-27 00:00:00,1.0863888781188562
2007-07-30 00:00:00,1.0990660561089909
2007-07-31 00:00:00,1.0759754819126743
2007-08-01 00:00:00,1.084351474513299
2007-08-02 00:00:00,1.0943121143626906
2007-08-03 00:00:00,1.0734853219503264
2007-08-06 00:00:00,1.0859361217620658
2007-08-07 00:00:00,1.0936329798275046
2007-08-08 00:00:00,1.1056310232824536
2007-08-09 00:00:00,1.080050289123789
2007-08-10 00:00:00,1.070316027452793
2007-08-13 00:00:00,1.0775601291614412
2007-08-14 00:00:00,1.0592234967114251
2007-08-15 00:00:00,1.039075838834247
2007-08-16 00:00:00,1.0309262244120174
2007-08-17 00:00:00,1.0483573441484526
2007-08-20 00:00:00,1.0533376640731484
2007-08-21 00:00:00,1.0518052649079548
2007-08-22 00:00:00,1.0518052649079548
2007-08-23 00:00:00,1.0518052649079548
2007-08-24 00:00:00,1.0518052649079548
2007-08-27 00:00:00,1.0518052649079548
2007-08-28 00:00:00,1.0518052649079548
2007-08-29 00:00:00,1.0518052649079548
2007-08-30 00:00:00,1.0518052649079548
2007-08-31 00:00:00,1.0518052649079548
2007-09-04 00:00:00,1.0518052649079548
2007-09-05 00:00:00,1.0518052649079548
2007-09-06 00:00:00,1.0518052649079548
2007-09-07 00:00:00,1.046127753053366
2007-09-10 00:00:00,1.0455600018679072
2007-09-11 00:00:00,1.059375280714073
2007-09-12 00:00:00,1.0595645311092259
2007-09-13 00:00:00,1.064106540592897
2007-09-14 00:00:00,1.0648635421735089
2007-09-17 00:00:00,1.0571042759722376
2007-09-18 00:00:00,1.0807605753663574
2007-09-19 00:00:00,1.0828423297130398
2007-09-20 00:00:00,1.0801928241808987
2007-09-21 00:00:00,1.0864380872209463
2007-09-24 00:00:00,1.0907908463094642
2007-09-25 00:00:00,1.099874865276806
2007-09-26 00:00:00,1.10460612515563
2007-09-27 00:00:00,1.109526635429607
2007-09-28 00:00:00,1.1063093787120066
2007-10-01 00:00:00,1.1174751520260313
2007-10-02 00:00:00,1.1176644024211841
2007-10-03 00:00:00,1.1108513881956776
2007-10-04 00:00:00,1.1131223929375134
2007-10-05 00:00:00,1.1329558343495432
2007-10-08 00:00:00,1.1392389474686213
2007-10-09 00:00:00,1.143593599061091
2007-10-10 00:00:00,1.146051961694128
2007-10-11 00:00:00,1.1299656781061262
2007-10-12 00:00:00,1.146430462484434
2007-10-15 00:00:00,1.1386711962831626
2007-10-16 00:00:00,1.1339399364043385
2007-10-17 00:00:00,1.1468089632747396
2007-10-18 00:00:00,1.1511617223632578
2007-10-19 00:00:00,1.1258021694127613
2007-10-22 00:00:00,1.1377249443073978
2007-10-23 00:00:00,1.1587317381693762
2007-10-24 00:00:00,1.150972471968105
2007-10-25 00:00:00,1.1373464435170917
2007-10-26 00:00:00,1.1540004782905522
2007-10-29 00:00:00,1.1583532373790701
2007-10-30 00:00:00,1.1602457413305998
2007-10-31 00:00:00,1.1748180217573776
2007-11-01 00:00:00,1.1553252310566229
2007-11-02 00:00:00,1.1632737476530473
2007-11-05 00:00:00,1.1566499838226936
2007-11-06 00:00:00,1.168194257927024
2007-11-07 00:00:00,1.1430239553716806
2007-11-08 00:00:00,1.1123653913569014
2007-11-09 00:00:00,1.0796250729954395
2007-11-12 00:00:00,1.055590272811014
2007-11-13 00:00:00,1.0936296022367584
2007-11-14 00:00:00,1.0813283265518163
2007-11-15 00:00:00,1.0762185658826864
2007-11-16 00:00:00,1.0849240840597225
2007-11-19 00:00:00,1.0739475611408509
2007-11-20 00:00:00,1.07773256904391
2007-11-21 00:00:00,1.0665667957298857
2007-11-23 00:00:00,1.0765970666729923
2007-11-26 00:00:00,1.0603215326898379
2007-11-27 00:00:00,1.0788680714148278
2007-11-28 00:00:00,1.1076341314780773
2007-11-29 00:00:00,1.1117976401714424
2007-11-30 00:00:00,1.104416874760477
2007-12-03 00:00:00,1.0962791077689
2007-12-04 00:00:00,1.0923048494706877
2007-12-05 00:00:00,1.1093373850344541
2007-12-06 00:00:00,1.1235311646709258
2007-12-07 00:00:00,1.123720415066079
2007-12-10 00:00:00,1.127694673364291
2007-12-11 00:00:00,1.10460612515563
2007-12-12 00:00:00,1.1133116433326662
2007-12-13 00:00:00,1.1080126322683834
2007-12-14 00:00:00,1.0979823613252764
2007-12-17 00:00:00,1.0745153123263096
2007-12-18 00:00:00,1.0784895706245219
2007-12-19 00:00:00,1.0784895706245219
2007-12-20 00:00:00,1.0966576085592057
2007-12-21 00:00:00,1.1116195176995245
2007-12-24 00:00:00,1.1116195176995245
2007-12-26 00:00:00,1.1116195176995245
2007-12-27 00:00:00,1.1116195176995245
2007-12-28 00:00:00,1.1116195176995245
2007-12-31 00:00:00,1.1116195176995245
2008-01-02 00:00:00,1.1116195176995245
2008-01-03 00:00:00,1.1116195176995245
2008-01-04 00:00:00,1.1116195176995245
2008-01-07 00:00:00,1.1116195176995245
2008-01-08 00:00:00,1.1116195176995245
2008-01-09 00:00:00,1.1116195176995245
2008-01-10 00:00:00,1.1116195176995245
2008-01-11 00:00:00,1.1116195176995245
2008-01-14 00:00:00,1.1116195176995245
2008-01-15 00:00:00,1.1116195176995245
2008-01-16 00:00:00,1.1116195176995245
2008-01-17 00:00:00,1.1116195176995245
2008-01-18 00:00:00,1.1116195176995245
2008-01-22 00:00:00,1.1116195176995245
2008-01-23 00:00:00,1.1116195176995245
2008-01-24 00:00:00,1.1116195176995245
2008-01-25 00:00:00,1.1116195176995245
2008-01-28 00:00:00,1.1116195176995245
2008-01-29 00:00:00,1.1116195176995245
2008-01-30 00:00:00,1.1116195176995245
2008-01-31 00:00:00,1.1116195176995245
2008-02-01 00:00:00,1.1116195176995245
2008-02-04 00:00:00,1.1116195176995245
2008-02-05 00:00:00,1.1116195176995245
2008-02-06 00:00:00,1.1116195176995245
2008-02-07 00:00:00,1.1116195176995245
2008-02-08 00:00:00,1.1116195176995245
2008-02-11 00:00:00,1.1116195176995245
2008-02-12 00:00:00,1.1116195176995245
2008-02-13 00:00:00,1.1116195176995245
2008-02-14 00:00:00,1.1116195176995245
2008-02-15 00:00:00,1.1116195176995245
2008-02-19 00:00:00,1.1116195176995245
2008-02-20 00:00:00,1.1116195176995245
2008-02-21 00:00:00,1.1116195176995245
2008-02-22 00:00:00,1.1116195176995245
2008-02-25 00:00:00,1.1116195176995245
2008-02-26 00:00:00,1.1116195176995245
2008-02-27 00:00:00,1.1116195176995245
2008-02-28 00:00:00,1.1116195176995245
2008-02-29 00:00:00,1.1116195176995245
2008-03-03 00:00:00,1.1116195176995245
2008-03-04 00:00:00,1.1116195176995245
2008-03-05 00:00:00,1.1116195176995245
2008-03-06 00:00:00,1.1116195176995245
2008-03-07 00:00:00,1.1116195176995245
2008-03-10 00:00:00,1.1116195176995245
2008-03-11 00:00:00,1.1116195176995245
2008-03-12 00:00:00,1.1116195176995245
2008-03-13 00:00:00,1.1116195176995245
2008-03-14 00:00:00,1.1116195176995245
2008-03-17 00:00:00,1.1116195176995245
2008-03-18 00:00:00,1.1116195176995245
2008-03-19 00:00:00,1.1116195176995245
2008-03-20 00:00:00,1.1116195176995245
2008-03-24 00:00:00,1.1116195176995245
2008-03-25 00:00:00,1.1116195176995245
2008-03-26 00:00:00,1.1116195176995245
2008-03-27 00:00:00,1.1116195176995245
2008-03-28 00:00:00,1.1116195176995245
2008-03-31 00:00:00,1.1116195176995245
2008-04-01 00:00:00,1.1116195176995245
2008-04-02 00:00:00,1.1116195176995245
2008-04-03 00:00:00,1.1116195176995245
2008-04-04 00:00:00,1.1116195176995245
2008-04-07 00:00:00,1.1116195176995245
2008-04-08 00:00:00,1.1116195176995245
2008-04-09 00:00:00,1.1116195176995245
2008-04-10 00:00:00,1.1116195176995245
2008-04-11 00:00:00,1.1116195176995245
2008-04-14 00:00:00,1.1116195176995245
2008-04-15 00:00:00,1.1116195176995245
2008-04-16 00:00:00,1.1116195176995245
2008-04-17 00:00:00,1.1116195176995245
2008-04-18 00:00:00,1.1116195176995245
2008-04-21 00:00:00,1.1116195176995245
2008-04-22 00:00:00,1.1116195176995245
2008-04-23 00:00:00,1.1116195176995245
2008-04-24 00:00:00,1.1116195176995245
2008-04-25 00:00:00,1.1116195176995245
2008-04-28 00:00:00,1.1116195176995245
2008-04-29 00:00:00,1.1116195176995245
2008-04-30 00:00:00,1.1116195176995245
2008-05-01 00:00:00,1.1116195176995245
2008-05-02 00:00:00,1.1048331650060814
2008-05-05 00:00:00,1.1023970383981787
2008-05-06 00:00:00,1.1076173097008273
2008-05-07 00:00:00,1.092130504836303
2008-05-08 00:00:00,1.0983948303994815
2008-05-09 00:00:00,1.0950886585744706
2008-05-12 00:00:00,1.1104014543955734
2008-05-13 00:00:00,1.1126635719600544
2008-05-14 00:00:00,1.1107494724824165
2008-05-15 00:00:00,1.1257142502166757
2008-05-16 00:00:00,1.126408546299928
2008-05-19 00:00:00,1.1201459608271838
2008-05-20 00:00:00,1.1135336171771626
2008-05-21 00:00:00,1.0945666314442057
2008-05-22 00:00:00,1.0975247851823733
2008-05-23 00:00:00,1.0949146495310491
2008-05-27 00:00:00,1.1097054182218866
2008-05-28 00:00:00,1.1131855990903192
2008-05-29 00:00:00,1.1208419970008705
2008-05-30 00:00:00,1.1264102863903622
2008-06-02 00:00:00,1.1157957347416434
2008-06-03 00:00:00,1.1110974905692599
2008-06-04 00:00:00,1.1220600603048216
2008-06-05 00:00:00,1.1358067747351297
2008-06-06 00:00:00,1.1093574001350435
2008-06-09 00:00:00,1.1048331650060814
2008-06-10 00:00:00,1.1008309570073842
2008-06-11 00:00:00,1.0806459079704762
2008-06-12 00:00:00,1.0813419441441627
2008-06-13 00:00:00,1.0978728032692164
2008-06-16 00:00:00,1.1053551921363463
2008-06-17 00:00:00,1.1008309570073842
2008-06-18 00:00:00,1.0917824867494599
2008-06-19 00:00:00,1.1048331650060814
2008-06-20 00:00:00,1.0813419441441627
2008-06-23 00:00:00,1.0749036095375626
2008-06-24 00:00:00,1.070727392495444
2008-06-25 00:00:00,1.083952079795487
2008-06-26 00:00:00,1.059244342749335
2008-06-27 00:00:00,1.059244342749335
2008-06-30 00:00:00,1.059244342749335
2008-07-01 00:00:00,1.059244342749335
2008-07-02 00:00:00,1.059244342749335
2008-07-03 00:00:00,1.059244342749335
2008-07-07 00:00:00,1.059244342749335
2008-07-08 00:00:00,1.059244342749335
2008-07-09 00:00:00,1.059244342749335
2008-07-10 00:00:00,1.059244342749335
2008-07-11 00:00:00,1.059244342749335
2008-07-14 00:00:00,1.059244342749335
2008-07-15 00:00:00,1.059244342749335
2008-07-16 00:00:00,1.059244342749335
2008-07-17 00:00:00,1.059244342749335
2008-07-18 00:00:00,1.059244342749335
2008-07-21 00:00:00,1.059244342749335
2008-07-22 00:00:00,1.059244342749335
2008-07-23 00:00:00,1.059244342749335
2008-07-24 00:00:00,1.059244342749335
2008-07-25 00:00:00,1.059244342749335
2008-07-28 00:00:00,1.059244342749335
2008-07-29 00:00:00,1.059244342749335
2008-07-30 00:00:00,1.059244342749335
2008-07-31 00:00:00,1.059244342749335
2008-08-01 00:00:00,1.059244342749335
2008-08-04 00:00:00,1.059244342749335
2008-08-05 00:00:00,1.059244342749335
2008-08-06 00:00:00,1.059244342749335
2008-08-07 00:00:00,1.059244342749335
2008-08-08 00:00:00,1.059244342749335
2008-08-11 00:00:00,1.059244342749335
2008-08-12 00:00:00,1.059244342749335
2008-08-13 00:00:00,1.059244342749335
2008-08-14 00:00:00,1.059244342749335
2008-08-15 00:00:00,1.059244342749335
2008-08-18 00:00:00,1.0465454548788462
2008-08-19 00:00:00,1.0356869855403121
2008-08-20 00:00:00,1.0371593203658762
2008-08-21 00:00:00,1.0331103995955753
2008-08-22 00:00:00,1.0445209944936957
2008-08-25 00:00:00,1.0261168091741466
2008-08-26 00:00:00,1.0250125580549736
2008-08-27 00:00:00,1.0305338136508382
2008-08-28 00:00:00,1.037527404072267
2008-08-29 00:00:00,1.0193072606059133
2008-09-02 00:00:00,1.0088168749737703
2008-09-03 00:00:00,1.0029408123161945
2008-09-04 00:00:00,1.0029408123161945
2008-09-05 00:00:00,1.0029408123161945
2008-09-08 00:00:00,1.0029408123161945
2008-09-09 00:00:00,1.0029408123161945
2008-09-10 00:00:00,1.0029408123161945
2008-09-11 00:00:00,1.0029408123161945
2008-09-12 00:00:00,1.0029408123161945
2008-09-15 00:00:00,1.0029408123161945
2008-09-16 00:00:00,1.0029408123161945
2008-09-17 00:00:00,1.0029408123161945
2008-09-18 00:00:00,1.0029408123161945
2008-09-19 00:00:00,1.0029408123161945
2008-09-22 00:00:00,1.0029408123161945
2008-09-23 00:00:00,1.0029408123161945
2008-09-24 00:00:00,1.0029408123161945
2008-09-25 00:00:00,1.0029408123161945
2008-09-26 00:00:00,1.0029408123161945
2008-09-29 00:00:00,1.0029408123161945
2008-09-30 00:00:00,1.0029408123161945
2008-10-01 00:00:00,1.0029408123161945
2008-10-02 00:00:00,1.0029408123161945
2008-10-03 00:00:00,1.0029408123161945
2008-10-06 00:00:00,1.0029408123161945
2008-10-07 00:00:00,1.0029408123161945
2008-10-08 00:00:00,1.0029408123161945
2008-10-09 00:00:00,1.0029408123161945
2008-10-10 00:00:00,1.0029408123161945
2008-10-13 00:00:00,1.0029408123161945
2008-10-14 00:00:00,1.0029408123161945
2008-10-15 00:00:00,1.0029408123161945
2008-10-16 00:00:00,1.0029408123161945
2008-10-17 00:00:00,1.0029408123161945
2008-10-20 00:00:00,1.0029408123161945
2008-10-21 00:00:00,1.0029408123161945
2008-10-22 00:00:00,1.0029408123161945
2008-10-23 00:00:00,1.0029408123161945
2008-10-24 00:00:00,1.0029408123161945
2008-10-27 00:00:00,1.0029408123161945
2008-10-28 00:00:00,1.0029408123161945
2008-10-29 00:00:00,1.0029408123161945
2008-10-30 00:00:00,1.0029408123161945
2008-10-31 00:00:00,1.0029408123161945
2008-11-03 00:00:00,1.0029408123161945
2008-11-04 00:00:00,1.0029408123161945
2008-11-05 00:00:00,1.0029408123161945
2008-11-06 00:00:00,1.0029408123161945
2008-11-07 00:00:00,1.0029408123161945
2008-11-10 00:00:00,1.0029408123161945
2008-11-11 00:00:00,1.0029408123161945
2008-11-12 00:00:00,1.0029408123161945
2008-11-13 00:00:00,1.0029408123161945
2008-11-14 00:00:00,1.0029408123161945
2008-11-17 00:00:00,1.0029408123161945
2008-11-18 00:00:00,1.0029408123161945
2008-11-19 00:00:00,1.0029408123161945
2008-11-20 00:00:00,1.0029408123161945
2008-11-21 00:00:00,1.0029408123161945
2008-11-24 00:00:00,1.0029408123161945
2008-11-25 00:00:00,1.0029408123161945
2008-11-26 00:00:00,1.0029408123161945
2008-11-28 00:00:00,1.0029408123161945
2008-12-01 00:00:00,1.0029408123161945
2008-12-02 00:00:00,1.0029408123161945
2008-12-03 00:00:00,1.0029408123161945
2008-12-04 00:00:00,1.0029408123161945
2008-12-05 00:00:00,1.0029408123161945
2008-12-08 00:00:00,1.0029408123161945
2008-12-09 00:00:00,1.0029408123161945
2008-12-10 00:00:00,1.0029408123161945
2008-12-11 00:00:00,1.0029408123161945
2008-12-12 00:00:00,1.0029408123161945
2008-12-15 00:00:00,1.0029408123161945
2008-12-16 00:00:00,1.0029408123161945
2008-12-17 00:00:00,1.0029408123161945
2008-12-18 00:00:00,1.0029408123161945
2008-12-19 00:00:00,1.0029408123161945
2008-12-22 00:00:00,1.0029408123161945
2008-12-23 00:00:00,1.0029408123161945
2008-12-24 00:00:00,1.0029408123161945
2008-12-26 00:00:00,1.0029408123161945
2008-12-29 00:00:00,1.0029408123161945
2008-12-30 00:00:00,1.0029408123161945
2008-12-31 00:00:00,1.0029408123161945
2009-01-02 00:00:00,1.0029408123161945
2009-01-05 00:00:00,1.0029408123161945
2009-01-06 00:00:00,1.0029408123161945
2009-01-07 00:00:00,1.0029408123161945
2009-01-08 00:00:00,1.0029408123161945
2009-01-09 00:00:00,1.0029408123161945
2009-01-12 00:00:00,1.0029408123161945
2009-01-13 00:00:00,1.0029408123161945
2009-01-14 00:00:00,1.0029408123161945
2009-01-15 00:00:00,1.0029408123161945
2009-01-16 00:00:00,1.0029408123161945
2009-01-20 00:00:00,1.0029408123161945
2009-01-21 00:00:00,1.0029408123161945
2009-01-22 00:00:00,1.0029408123161945
2009-01-23 00:00:00,1.0029408123161945
2009-01-26 00:00:00,1.0029408123161945
2009-01-27 00:00:00,1.0029408123161945
2009-01-28 00:00:00,1.0029408123161945
2009-01-29 00:00:00,1.0029408123161945
2009-01-30 00:00:00,1.0029408123161945
2009-02-02 00:00:00,1.0029408123161945
2009-02-03 00:00:00,1.0029408123161945
2009-02-04 00:00:00,1.0029408123161945
2009-02-05 00:00:00,1.0029408123161945
2009-02-06 00:00:00,1.0029408123161945
2009-02-09 00:00:00,1.0029408123161945
2009-02-10 00:00:00,1.0029408123161945
2009-02-11 00:00:00,1.0029408123161945
2009-02-12 00:00:00,1.0029408123161945
2009-02-13 00:00:00,1.0029408123161945
2009-02-17 00:00:00,1.0029408123161945
2009-02-18 00:00:00,1.0029408123161945
2009-02-19 00:00:00,1.0029408123161945
2009-02-20 00:00:00,1.0029408123161945
2009-02-23 00:00:00,1.0029408123161945
2009-02-24 00:00:00,1.0029408123161945
2009-02-25 00:00:00,1.0029408123161945
2009-02-26 00:00:00,1.0029408123161945
2009-02-27 00:00:00,1.0029408123161945
2009-03-02 00:00:00,1.0029408123161945
2009-03-03 00:00:00,1.0029408123161945
2009-03-04 00:00:00,1.0029408123161945
2009-03-05 00:00:00,1.0029408123161945
2009-03-06 00:00:00,1.0029408123161945
2009-03-09 00:00:00,1.0029408123161945
2009-03-10 00:00:00,1.0029408123161945
2009-03-11 00:00:00,1.0029408123161945
2009-03-12 00:00:00,1.0029408123161945
2009-03-13 00:00:00,1.0029408123161945
2009-03-16 00:00:00,1.0029408123161945
2009-03-17 00:00:00,1.0029408123161945
2009-03-18 00:00:00,1.0029408123161945
2009-03-19 00:00:00,1.0029408123161945
2009-03-20 00:00:00,1.0029408123161945
2009-03-23 00:00:00,1.0029408123161945
2009-03-24 00:00:00,1.0029408123161945
2009-03-25 00:00:00,1.0029408123161945
2009-03-26 00:00:00,1.0029408123161945
2009-03-27 00:00:00,1.0029408123161945
2009-03-30 00:00:00,1.0029408123161945
2009-03-31 00:00:00,1.0029408123161945
2009-04-01 00:00:00,1.0029408123161945
2009-04-02 00:00:00,1.0029408123161945
2009-04-03 00:00:00,1.0029408123161945
2009-04-06 00:00:00,1.0029408123161945
2009-04-07 00:00:00,1.0029408123161945
2009-04-08 00:00:00,1.0029408123161945
2009-04-09 00:00:00,1.0029408123161945
2009-04-13 00:00:00,1.0029408123161945
2009-04-14 00:00:00,1.0029408123161945
2009-04-15 00:00:00,1.0029408123161945
2009-04-16 00:00:00,1.0029408123161945
2009-04-17 00:00:00,1.0029408123161945
2009-04-20 00:00:00,1.0029408123161945
2009-04-21 00:00:00,1.0029408123161945
2009-04-22 00:00:00,1.0029408123161945
2009-04-23 00:00:00,1.0029408123161945
2009-04-24 00:00:00,1.0029408123161945
2009-04-27 00:00:00,1.0029408123161945
2009-04-28 00:00:00,1.0029408123161945
2009-04-29 00:00:00,1.0029408123161945
2009-04-30 00:00:00,1.0029408123161945
2009-05-01 00:00:00,1.004603478611253
2009-05-04 00:00:00,1.0171658461739184
2009-05-05 00:00:00,1.0166116240755656
2009-05-06 00:00:00,1.0167963647750164
2009-05-07 00:00:00,1.0016476274200377
2009-05-08 00:00:00,1.0020171088189396
2009-05-11 00:00:00,1.0042339972123513
2009-05-12 00:00:00,0.9964748878354108
2009-05-13 00:00:00,0.9796634841853735
2009-05-14 00:00:00,0.9864988900650591
2009-05-15 00:00:00,0.9861294086661571
2009-05-18 00:00:00,1.0022018495183906
2009-05-19 00:00:00,1.005157700709606
2009-05-20 00:00:00,1.0029408123161945
2009-05-21 00:00:00,0.991302148250784
2009-05-22 00:00:00,0.9892700005568233
2009-05-26 00:00:00,1.0123625879881935
2009-05-27 00:00:00,1.0079288112013705
2009-05-28 00:00:00,1.0153184391794088
2009-05-29 00:00:00,1.0232622892558
2009-06-01 00:00:00,1.041921099900347
2009-06-02 00:00:00,1.0428448033976017
2009-06-03 00:00:00,1.0408126557036412
2009-06-04 00:00:00,1.0483870243811306
2009-06-05 00:00:00,1.0491259871789345
2009-06-08 00:00:00,1.047093839484974
2009-06-09 00:00:00,1.0522665790696009
2009-06-10 00:00:00,1.0498649499767383
2009-06-11 00:00:00,1.0498649499767383
2009-06-12 00:00:00,1.046724358086072
2009-06-15 00:00:00,1.03286880562725
2009-06-16 00:00:00,1.0264028811464663
2009-06-17 00:00:00,1.032665590857854
2009-06-18 00:00:00,1.0313908800316423
2009-06-19 00:00:00,1.0376720638129748
2009-06-22 00:00:00,1.0177200682722711
2009-06-23 00:00:00,1.0162421426766637
2009-06-24 00:00:00,1.0271418439442703
2009-06-25 00:00:00,1.0400736929058374
2009-06-26 00:00:00,1.041551618501445
2009-06-29 00:00:00,1.043029544097053
2009-06-30 00:00:00,1.0417363592008961
2009-07-01 00:00:00,1.042105840599798
2009-07-02 00:00:00,1.0273265846437212
2009-07-06 00:00:00,1.0238165113541529
2009-07-07 00:00:00,1.0075593298024683
2009-07-08 00:00:00,1.0108846623925858
2009-07-09 00:00:00,1.0119931065892915
2009-07-10 00:00:00,1.0147642170810558
2009-07-13 00:00:00,1.0271418439442703
2009-07-14 00:00:00,1.0295434730371327
2009-07-15 00:00:00,1.0517123569712479
2009-07-16 00:00:00,1.0533750232663064
2009-07-17 00:00:00,1.0635357617361094
2009-07-20 00:00:00,1.070186426916344
2009-07-21 00:00:00,1.0749896851020688
2009-07-22 00:00:00,1.0809013874844995
2009-07-23 00:00:00,1.0966043469378313
2009-07-24 00:00:00,1.0910621259543023
2009-07-27 00:00:00,1.0966043469378313
2009-07-28 00:00:00,1.091616348052655
2009-07-29 00:00:00,1.0964196062383802
2009-07-30 00:00:00,1.1006686423257523
2009-07-31 00:00:00,1.0984517539323408
2009-08-03 00:00:00,1.1093514551999473
2009-08-04 00:00:00,1.1093514551999473
2009-08-05 00:00:00,1.1036244935169677
2009-08-06 00:00:00,1.097158569036184
2009-08-07 00:00:00,1.1063956040087322
2009-08-10 00:00:00,1.1012228644241053
2009-08-11 00:00:00,1.0949416806427725
2009-08-12 00:00:00,1.106210863309281
2009-08-13 00:00:00,1.1102751586972022
2009-08-14 00:00:00,1.101777086522458
2009-08-17 00:00:00,1.0805319060855976
2009-08-18 00:00:00,1.0906926445554004
2009-08-19 00:00:00,1.0956806434405764
2009-08-20 00:00:00,1.1041787156153204
2009-08-21 00:00:00,1.1139699726862213
2009-08-24 00:00:00,1.1132310098884175
2009-08-25 00:00:00,1.115447898281829
2009-08-26 00:00:00,1.1141547133856724
2009-08-27 00:00:00,1.116002120380182
2009-08-28 00:00:00,1.1167410831779858
2009-08-31 00:00:00,1.1091667145004964
2009-09-01 00:00:00,1.0953111620416744
2009-09-02 00:00:00,1.0947569399433215
2009-09-03 00:00:00,1.0995601981290464
2009-09-04 00:00:00,1.1152631575823782
2009-09-08 00:00:00,1.1222833041615148
2009-09-09 00:00:00,1.1287492286422982
2009-09-10 00:00:00,1.1359541159208857
2009-09-11 00:00:00,1.1366930787186895
2009-09-14 00:00:00,1.1396489299099049
2009-09-15 00:00:00,1.1420505590027674
2009-09-16 00:00:00,1.153319741669276
2009-09-17 00:00:00,1.153135000969825
2009-09-18 00:00:00,1.1536892230681777
2009-09-21 00:00:00,1.1560908521610402
2009-09-22 00:00:00,1.157568777756648
2009-09-23 00:00:00,1.1538739637676287
2009-09-24 00:00:00,1.1468538171884923
2009-09-25 00:00:00,1.1400184113088068
2009-09-28 00:00:00,1.153135000969825
2009-09-29 00:00:00,1.1496249276802566
2009-09-30 00:00:00,1.1501791497786096
2009-10-01 00:00:00,1.1270865623472397
2009-10-02 00:00:00,1.1248696739538282
2009-10-05 00:00:00,1.1309661170357097
2009-10-06 00:00:00,1.1444521880956298
2009-10-07 00:00:00,1.1466690764890413
2009-10-08 00:00:00,1.1499944090791587
2009-10-09 00:00:00,1.1544281858659817
2009-10-12 00:00:00,1.1560908521610402
2009-10-13 00:00:00,1.156275592860491
2009-10-14 00:00:00,1.1669905534286469
2009-10-15 00:00:00,1.1651431464341373
2009-10-16 00:00:00,1.1599704068495105
2009-10-19 00:00:00,1.1679142569259018
2009-10-20 00:00:00,1.1680989976253526
2009-10-21 00:00:00,1.166621072029745
2009-10-22 00:00:00,1.1697616639204114
2009-10-23 00:00:00,1.1664363313302941
2009-10-26 00:00:00,1.1638499615379807
2009-10-27 00:00:00,1.1518418160736683
2009-10-28 00:00:00,1.134291449625827
2009-10-29 00:00:00,1.1472232985873942
2009-10-30 00:00:00,1.1263475995494356
2009-11-02 00:00:00,1.129488191440102
2009-11-03 00:00:00,1.1318898205329644
2009-11-04 00:00:00,1.1331830054291212
2009-11-05 00:00:00,1.1520265567731192
2009-11-06 00:00:00,1.1566450742593932
2009-11-09 00:00:00,1.1734564779094305
2009-11-10 00:00:00,1.175488625603391
2009-11-11 00:00:00,1.180661365188018
2009-11-12 00:00:00,1.176042847701744
2009-11-13 00:00:00,1.1826935128819784
2009-11-16 00:00:00,1.1910068443572717
2009-11-17 00:00:00,1.193593214149585
2009-11-18 00:00:00,1.1890301188731465
2009-11-19 00:00:00,1.1762275884011948
2009-11-20 00:00:00,1.1721632930132737
2009-11-23 00:00:00,1.185095141974841
2009-11-24 00:00:00,1.1823240314830765
2009-11-25 00:00:00,1.1858341047726448
2009-11-27 00:00:00,1.1734564779094305
2009-11-30 00:00:00,1.1743801814066854
2009-12-01 00:00:00,1.1826935128819784
2009-12-02 00:00:00,1.1838019570786842
2009-12-03 00:00:00,1.180476624488567
2009-12-04 00:00:00,1.184725660575939
2009-12-07 00:00:00,1.1808461058874689
2009-12-08 00:00:00,1.1758950551421834
2009-12-09 00:00:00,1.1839866977781353
2009-12-10 00:00:00,1.1880509931660563
2009-12-11 00:00:00,1.1849104012753902
2009-12-14 00:00:00,1.1926695106523304
2009-12-15 00:00:00,1.1880509931660563
2009-12-16 00:00:00,1.189159437362762
2009-12-17 00:00:00,1.1791834395924101
2009-12-18 00:00:00,1.1910068443572717
2009-12-21 00:00:00,1.2002438793298196
2009-12-22 00:00:00,1.2052318782149956
2009-12-23 00:00:00,1.2113283212968773
2009-12-24 00:00:00,1.2190874306738175
2009-12-28 00:00:00,1.2235212074606405
2009-12-29 00:00:00,1.2200111341710724
2009-12-30 00:00:00,1.222597503963386
2009-12-31 00:00:00,1.2148383945864456
2010-01-04 00:00:00,1.22721602144966
2010-01-05 00:00:00,1.22721602144966
2010-01-06 00:00:00,1.222043281865033
2010-01-07 00:00:00,1.222597503963386
2010-01-08 00:00:00,1.2296176505425223
2010-01-11 00:00:00,1.2261075772529542
2010-01-12 00:00:00,1.2153926166847984
2010-01-13 00:00:00,1.225922836553503
2010-01-14 00:00:00,1.226661799351307
2010-01-15 00:00:00,1.2166858015809552
2010-01-19 00:00:00,1.2303566133403263
2010-01-20 00:00:00,1.217978986477112
2010-01-21 00:00:00,1.2100351364007207
2010-01-22 00:00:00,1.185464623373743
2010-01-25 00:00:00,1.1882357338655074
2010-01-26 00:00:00,1.1889746966633112
2010-01-27 00:00:00,1.1954406211440949
2010-01-28 00:00:00,1.1741954407072344
2010-01-29 00:00:00,1.1601551475489615
2010-02-01 00:00:00,1.1688379604231565
2010-02-02 00:00:00,1.176042847701744
2010-02-03 00:00:00,1.180476624488567
2010-02-04 00:00:00,1.1570145556582951
2010-02-05 00:00:00,1.1636652208385296
2010-02-08 00:00:00,1.1623034601947366
2010-02-09 00:00:00,1.1623034601947366
2010-02-10 00:00:00,1.1623034601947366
2010-02-11 00:00:00,1.1623034601947366
2010-02-12 00:00:00,1.1623034601947366
2010-02-16 00:00:00,1.1623034601947366
2010-02-17 00:00:00,1.1623034601947366
2010-02-18 00:00:00,1.1623034601947366
2010-02-19 00:00:00,1.1623034601947366
2010-02-22 00:00:00,1.1623034601947366
2010-02-23 00:00:00,1.1623034601947366
2010-02-24 00:00:00,1.1623034601947366
2010-02-25 00:00:00,1.1623034601947366
2010-02-26 00:00:00,1.1623034601947366
2010-03-01 00:00:00,1.1741094270464925
2010-03-02 00:00:00,1.1777025473926792
2010-03-03 00:00:00,1.1789858046591744
2010-03-04 00:00:00,1.18283557645866
2010-03-05 00:00:00,1.200544526736294
2010-03-08 00:00:00,1.2028543898159854
2010-03-09 00:00:00,1.2095273276017606
2010-03-10 00:00:00,1.2192800828271244
2010-03-11 00:00:00,1.223899808986507
2010-03-12 00:00:00,1.2241564604398059
2010-03-15 00:00:00,1.2210766430002178
2010-03-16 00:00:00,1.2287761865991889
2010-03-17 00:00:00,1.2321126554920765
2010-03-18 00:00:00,1.236219078744861
2010-03-19 00:00:00,1.2274929293326937
2010-03-22 00:00:00,1.2385289418245526
2010-03-23 00:00:00,1.2470626026467457
2010-03-24 00:00:00,1.2410954563575431
2010-03-25 00:00:00,1.2392988961844498
2010-03-26 00:00:00,1.240582153450945
2010-03-29 00:00:00,1.2464851368768226
2010-03-30 00:00:00,1.2505915601296076
2010-03-31 00:00:00,1.2446885767037297
2010-04-01 00:00:00,1.2446885767037297
2010-04-05 00:00:00,1.2562378921021864
2010-04-06 00:00:00,1.2598310124483731
2010-04-07 00:00:00,1.2567511950087846
2010-04-08 00:00:00,1.259574360995074
2010-04-09 00:00:00,1.2670172531407462
2010-04-12 00:00:00,1.2680438589539424
2010-04-13 00:00:00,1.2744601452864186
2010-04-14 00:00:00,1.289602581031062
2010-04-15 00:00:00,1.2952489130036413
2010-04-16 00:00:00,1.2798498258056985
2010-04-19 00:00:00,1.2790798714458014
2010-04-20 00:00:00,1.2854961577782775
2010-04-21 00:00:00,1.2926823984706508
2010-04-22 00:00:00,1.2998686391630239
2010-04-23 00:00:00,1.305258319682304
2010-04-26 00:00:00,1.3024351536960141
2010-04-27 00:00:00,1.2749734481930166
2010-04-28 00:00:00,1.275743402552914
2010-04-29 00:00:00,1.2978154275366316
2010-04-30 00:00:00,1.2723427707967012
2010-05-03 00:00:00,1.29011588393766
2010-05-04 00:00:00,1.2516181659428038
2010-05-05 00:00:00,1.2452018796103275
2010-05-06 00:00:00,1.1091273066741594
2010-05-07 00:00:00,1.0896899826065247
2010-05-10 00:00:00,1.146322186062843
2010-05-11 00:00:00,1.145122351243853
2010-05-12 00:00:00,1.166719377985669
2010-05-13 00:00:00,1.1482419217732265
2010-05-14 00:00:00,1.1261649611038143
2010-05-17 00:00:00,1.1297644655607837
2010-05-18 00:00:00,1.1141666129139165
2010-05-19 00:00:00,1.1052878352533921
2010-05-20 00:00:00,1.0642534844439413
2010-05-21 00:00:00,1.0760118656700413
2010-05-24 00:00:00,1.071692460321678
2010-05-25 00:00:00,1.0474920799830107
2010-05-26 00:00:00,1.0474920799830107
2010-05-27 00:00:00,1.0474920799830107
2010-05-28 00:00:00,1.0474920799830107
2010-06-01 00:00:00,1.0474920799830107
2010-06-02 00:00:00,1.0474920799830107
2010-06-03 00:00:00,1.0474920799830107
2010-06-04 00:00:00,1.0474920799830107
2010-06-07 00:00:00,1.0474920799830107
2010-06-08 00:00:00,1.0474920799830107
2010-06-09 00:00:00,1.0474920799830107
2010-06-10 00:00:00,1.0474920799830107
2010-06-11 00:00:00,1.0474920799830107
2010-06-14 00:00:00,1.0474920799830107
2010-06-15 00:00:00,1.0474920799830107
2010-06-16 00:00:00,1.0474920799830107
2010-06-17 00:00:00,1.0474920799830107
2010-06-18 00:00:00,1.0474920799830107
2010-06-21 00:00:00,1.0474920799830107
2010-06-22 00:00:00,1.0474920799830107
2010-06-23 00:00:00,1.0474920799830107
2010-06-24 00:00:00,1.0474920799830107
2010-06-25 00:00:00,1.0474920799830107
2010-06-28 00:00:00,1.0474920799830107
2010-06-29 00:00:00,1.0474920799830107
2010-06-30 00:00:00,1.0474920799830107
2010-07-01 00:00:00,1.0474920799830107
2010-07-02 00:00:00,1.0474920799830107
2010-07-06 00:00:00,1.0474920799830107
2010-07-07 00:00:00,1.0474920799830107
2010-07-08 00:00:00,1.0474920799830107
2010-07-09 00:00:00,1.0474920799830107
2010-07-12 00:00:00,1.0474920799830107
2010-07-13 00:00:00,1.0474920799830107
2010-07-14 00:00:00,1.0474920799830107
2010-07-15 00:00:00,1.0474920799830107
2010-07-16 00:00:00,1.0474920799830107
2010-07-19 00:00:00,1.0474920799830107
2010-07-20 00:00:00,1.0474920799830107
2010-07-21 00:00:00,1.0474920799830107
2010-07-22 00:00:00,1.0474920799830107
2010-07-23 00:00:00,1.0474920799830107
2010-07-26 00:00:00,1.0474920799830107
2010-07-27 00:00:00,1.0474920799830107
2010-07-28 00:00:00,1.0474920799830107
2010-07-29 00:00:00,1.0353086631724011
2010-07-30 00:00:00,1.0276987771333401
2010-08-02 00:00:00,1.0276987771333401
2010-08-03 00:00:00,1.0245862161337165
2010-08-04 00:00:00,1.0285031407096679
2010-08-05 00:00:00,1.0306442332006356
2010-08-06 00:00:00,1.0203535976836835
2010-08-09 00:00:00,1.0217286093660263
2010-08-10 00:00:00,1.0137240770723879
2010-08-11 00:00:00,0.9887283289897993
2010-08-12 00:00:00,0.9702935166103805
2010-08-13 00:00:00,0.9702935166103805
2010-08-16 00:00:00,0.9702935166103805
2010-08-17 00:00:00,0.9702935166103805
2010-08-18 00:00:00,0.9702935166103805
2010-08-19 00:00:00,0.9702935166103805
2010-08-20 00:00:00,0.9702935166103805
2010-08-23 00:00:00,0.9702935166103805
2010-08-24 00:00:00,0.9702935166103805
2010-08-25 00:00:00,0.9702935166103805
2010-08-26 00:00:00,0.9702935166103805
2010-08-27 00:00:00,0.9702935166103805
2010-08-30 00:00:00,0.9702935166103805
2010-08-31 00:00:00,0.9702935166103805
2010-09-01 00:00:00,0.9702935166103805
2010-09-02 00:00:00,0.9702935166103805
2010-09-03 00:00:00,0.9702935166103805
2010-09-07 00:00:00,0.9702935166103805
2010-09-08 00:00:00,0.9702935166103805
2010-09-09 00:00:00,0.9702935166103805
2010-09-10 00:00:00,0.9702935166103805
2010-09-13 00:00:00,0.9702935166103805
2010-09-14 00:00:00,0.9760531558864228
2010-09-15 00:00:00,0.9822241979678963
2010-09-16 00:00:00,0.9861325246194964
2010-09-17 00:00:00,0.9872638823344332
2010-09-20 00:00:00,1.0044378924471744
2010-09-21 00:00:00,1.004234248058486
2010-09-22 00:00:00,1.0015601298231804
2010-09-23 00:00:00,1.001148727017749
2010-09-24 00:00:00,1.021513165886612
2010-09-27 00:00:00,1.0159592280132859
2010-09-28 00:00:00,1.0155478252078542
2010-09-29 00:00:00,1.0139022139861278
2010-09-30 00:00:00,1.0093767831263807
2010-10-01 00:00:00,1.0081425747100858
2010-10-04 00:00:00,0.997240400366149
2010-10-05 00:00:00,1.021513165886612
2010-10-06 00:00:00,1.0126680055698332
2010-10-07 00:00:00,1.0163706308187173
2010-10-08 00:00:00,1.0233644785110543
2010-10-11 00:00:00,1.023775881316486
2010-10-12 00:00:00,1.0307697290088227
2010-10-13 00:00:00,1.03920348652017
2010-10-14 00:00:00,1.0371464724930124
2010-10-15 00:00:00,1.0591565225836017
2010-10-18 00:00:00,1.0552481959320017
2010-10-19 00:00:00,1.0453745286016438
2010-10-20 00:00:00,1.052985480502128
2010-10-21 00:00:00,1.055042494529286
2010-10-22 00:00:00,1.0622420436243387
2010-10-25 00:00:00,1.0673845786922334
2010-10-26 00:00:00,1.0702643983302544
2010-10-27 00:00:00,1.073555620773707
2010-10-28 00:00:00,1.0758183362035807
2010-10-29 00:00:00,1.0733499193709912
2010-11-01 00:00:00,1.0741727249818542
2010-11-02 00:00:00,1.0856920035339386
2010-11-03 00:00:00,1.0906288371991175
2010-11-04 00:00:00,1.1039994283756438
2010-11-05 00:00:00,1.1039994283756438
2010-11-08 00:00:00,1.1053879128439754
2010-11-09 00:00:00,1.0994739975158967
2010-11-10 00:00:00,1.1049250846878649
2010-11-11 00:00:00,1.0981369383982438
2010-11-12 00:00:00,1.0801380656606123
2010-11-15 00:00:00,1.0761268883076545
2010-11-16 00:00:00,1.0583337169727385
2010-11-17 00:00:00,1.0614192380134753
2010-11-18 00:00:00,1.0784924544388859
2010-11-19 00:00:00,1.079315260049749
2010-11-22 00:00:00,1.0883661217692437
2010-11-23 00:00:00,1.0710872039411174
2010-11-24 00:00:00,1.0926858512262754
2010-11-26 00:00:00,1.0854863021312229
2010-11-29 00:00:00,1.0846634965203596
2010-11-30 00:00:00,1.0713957560451912
2010-12-01 00:00:00,1.094125761045286
2010-12-02 00:00:00,1.1052336367919386
2010-12-03 00:00:00,1.1081134564299597
2010-12-06 00:00:00,1.10759920292317
2010-12-07 00:00:00,1.1083191578326754
2010-12-08 00:00:00,1.1124331858869914
2010-12-09 00:00:00,1.1135645436019281
2010-12-10 00:00:00,1.1209697940996965
2010-12-13 00:00:00,1.1169586167467385
2010-12-14 00:00:00,1.1189127800725387
2010-12-15 00:00:00,1.1140787971087174
2010-12-16 00:00:00,1.1227182560227809
2010-12-17 00:00:00,1.121484047606486
2010-12-20 00:00:00,1.1223068532173492
2010-12-21 00:00:00,1.1290949995069701
2010-12-22 00:00:00,1.1289921488056123
2010-12-23 00:00:00,1.1260506187467765
2010-12-27 00:00:00,1.1266265826743806
2010-12-28 00:00:00,1.1245695686472228
2010-12-29 00:00:00,1.1270379854798125
2010-12-30 00:00:00,1.124363867244507
2010-12-31 00:00:00,1.1202498391901914
2011-01-03 00:00:00,1.1377344584210336
2011-01-04 00:00:00,1.1368088021088123
2011-01-05 00:00:00,1.1465796187378123
2011-01-06 00:00:00,1.1502822439866967
2011-01-07 00:00:00,1.1492537369731175
2011-01-10 00:00:00,1.1535734664301491
2011-01-11 00:00:00,1.1552190776518756
2011-01-12 00:00:00,1.1633442830591494
2011-01-13 00:00:00,1.163755685864581
2011-01-14 00:00:00,1.1724979954800019
2011-01-18 00:00:00,1.1757892179234544
2011-01-19 00:00:00,1.1624186267469283
2011-01-20 00:00:00,1.1541905706382964
2011-01-21 00:00:00,1.1453454103215177
2011-01-24 00:00:00,1.1611844183306335
2011-01-25 00:00:00,1.1628814549030388
2011-01-26 00:00:00,1.1690010716338333
2011-01-27 00:00:00,1.176200620728886
2011-01-28 00:00:00,1.1463739173350964
2011-01-31 00:00:00,1.151927855208423
2011-02-01 00:00:00,1.1735265024935808
2011-02-02 00:00:00,1.1715723391677808
2011-02-03 00:00:00,1.1736807785456176
2011-02-04 00:00:00,1.180211798081844
2011-02-07 00:00:00,1.1858685866565282
2011-02-08 00:00:00,1.1935823892583703
2011-02-09 00:00:00,1.1916282259325703
2011-02-10 00:00:00,1.1935001086972838
2011-02-11 00:00:00,1.2021189974710755
2011-02-14 00:00:00,1.2049988171090966
2011-02-15 00:00:00,1.2033532058873704
2011-02-16 00:00:00,1.211190429330842
2011-02-17 00:00:00,1.2107584563851388
2011-02-18 00:00:00,1.2080843381498334
2011-02-22 00:00:00,1.1731150996881492
2011-02-23 00:00:00,1.1634471337605072
2011-02-24 00:00:00,1.169515325140623
2011-02-25 00:00:00,1.1858685866565282
2011-02-28 00:00:00,1.188314376334819
2011-03-01 00:00:00,1.1692067730365492
2011-03-02 00:00:00,1.175377815118023
2011-03-03 00:00:00,1.1985192229235495
2011-03-04 00:00:00,1.1923996061927546
2011-03-07 00:00:00,1.176406322131602
2011-03-08 00:00:00,1.1811374543940651
2011-03-09 00:00:00,1.1731150996881492
2011-03-10 00:00:00,1.154807674846444
2011-03-11 00:00:00,1.1620072239414965
2011-03-14 00:00:00,1.1578931958871808
2011-03-15 00:00:00,1.1414370836699177
2011-03-16 00:00:00,1.1138730957060017
2011-03-17 00:00:00,1.1241581658417912
2011-03-18 00:00:00,1.1200441377874757
2011-03-21 00:00:00,1.1416427850726334
2011-03-22 00:00:00,1.1394829203441177
2011-03-23 00:00:00,1.145962514529665
2011-03-24 00:00:00,1.1663269533985283
2011-03-25 00:00:00,1.1692067730365492
2011-03-28 00:00:00,1.16283002955236
2011-03-29 00:00:00,1.1741436067017281
2011-03-30 00:00:00,1.1796975445750544
2011-03-31 00:00:00,1.1813431557967808
2011-04-01 00:00:00,1.1819602600049282
2011-04-04 00:00:00,1.1780519333533284
2011-04-05 00:00:00,1.1749664123125914
2011-04-06 00:00:00,1.1778462319506124
2011-04-07 00:00:00,1.1770234263397494
2011-04-08 00:00:00,1.171469488466423
2011-04-11 00:00:00,1.167561161814823
2011-04-12 00:00:00,1.1595388071089072
2011-04-13 00:00:00,1.1694124744392649
2011-04-14 00:00:00,1.1673554604121072
2011-04-15 00:00:00,1.1652984463849492
2011-04-18 00:00:00,1.1570703902763175
2011-04-19 00:00:00,1.1642699393713702
2011-04-20 00:00:00,1.1904968682176333
2011-04-21 00:00:00,1.200061983443918
2011-04-25 00:00:00,1.2031475044846547
2011-04-26 00:00:00,1.2099356507742758
2011-04-27 00:00:00,1.2181637068829072
2011-04-28 00:00:00,1.216312394258465
2011-04-29 00:00:00,1.2152838872448861
2011-05-02 00:00:00,1.2130211718150126
2011-05-03 00:00:00,1.2072615325389702
2011-05-04 00:00:00,1.2054102199145282
2011-05-05 00:00:00,1.198827775027623
2011-05-06 00:00:00,1.202736101679223
2011-05-09 00:00:00,1.2072615325389702
2011-05-10 00:00:00,1.21754660267476
2011-05-11 00:00:00,1.208598591656623
2011-05-12 00:00:00,1.2159009914530334
2011-05-13 00:00:00,1.2015018932629282
2011-05-16 00:00:00,1.1807054814483617
2011-05-17 00:00:00,1.184017274032086
2011-05-18 00:00:00,1.193890941362444
2011-05-19 00:00:00,1.1973878652086125
2011-05-20 00:00:00,1.1882341527877598
2011-05-23 00:00:00,1.1708523842582756
2011-05-24 00:00:00,1.163652835163223
2011-05-25 00:00:00,1.1681782660229703
2011-05-26 00:00:00,1.1642932247701576
2011-05-27 00:00:00,1.1642932247701576
2011-05-31 00:00:00,1.1642932247701576
2011-06-01 00:00:00,1.1416952971853023
2011-06-02 00:00:00,1.144095077105818
2011-06-03 00:00:00,1.1268966543421228
2011-06-06 00:00:00,1.1217498069535807
2011-06-07 00:00:00,1.1217498069535807
2011-06-08 00:00:00,1.1217498069535807
2011-06-09 00:00:00,1.1217498069535807
2011-06-10 00:00:00,1.1217498069535807
2011-06-13 00:00:00,1.1217498069535807
2011-06-14 00:00:00,1.1217498069535807
2011-06-15 00:00:00,1.1217498069535807
2011-06-16 00:00:00,1.1217498069535807
2011-06-17 00:00:00,1.1217498069535807
2011-06-20 00:00:00,1.1217498069535807
2011-06-21 00:00:00,1.1217498069535807
2011-06-22 00:00:00,1.1217498069535807
2011-06-23 00:00:00,1.1217498069535807
2011-06-24 00:00:00,1.1217498069535807
2011-06-27 00:00:00,1.1217498069535807
2011-06-28 00:00:00,1.1217498069535807
2011-06-29 00:00:00,1.1217498069535807
2011-06-30 00:00:00,1.1217498069535807
2011-07-01 00:00:00,1.1217498069535807
2011-07-05 00:00:00,1.1217498069535807
2011-07-06 00:00:00,1.1217498069535807
2011-07-07 00:00:00,1.1217498069535807
2011-07-08 00:00:00,1.1280560665156707
2011-07-11 00:00:00,1.1076084976325304
2011-07-12 00:00:00,1.0992001515497438
2011-07-13 00:00:00,1.1037865221403547
2011-07-14 00:00:00,1.090982904241566
2011-07-15 00:00:00,1.1055064111118338
2011-07-18 00:00:00,1.0995823490989614
2011-07-19 00:00:00,1.1246162885727127
2011-07-20 00:00:00,1.1198388192074928
2011-07-21 00:00:00,1.1272916714172356
2011-07-22 00:00:00,1.1389486966683715
2011-07-25 00:00:00,1.136655511373066
2011-07-26 00:00:00,1.1394264436048935
2011-07-27 00:00:00,1.1100927817024446
2011-07-28 00:00:00,1.1120037694485325
2011-07-29 00:00:00,1.1083728927309655
2011-08-01 00:00:00,1.1032132258165281
2011-08-02 00:00:00,1.0751003905321626
2011-08-03 00:00:00,1.083352075239381
2011-08-04 00:00:00,1.0338419669960708
2011-08-05 00:00:00,1.016710006607526
2011-08-08 00:00:00,1.016710006607526
2011-08-09 00:00:00,1.016710006607526
2011-08-10 00:00:00,1.016710006607526
2011-08-11 00:00:00,1.016710006607526
2011-08-12 00:00:00,1.016710006607526
2011-08-15 00:00:00,1.016710006607526
2011-08-16 00:00:00,1.016710006607526
2011-08-17 00:00:00,1.016710006607526
2011-08-18 00:00:00,1.016710006607526
2011-08-19 00:00:00,1.016710006607526
2011-08-22 00:00:00,1.016710006607526
2011-08-23 00:00:00,1.016710006607526
2011-08-24 00:00:00,1.016710006607526
2011-08-25 00:00:00,1.016710006607526
2011-08-26 00:00:00,1.016710006607526
2011-08-29 00:00:00,1.016710006607526
2011-08-30 00:00:00,1.016710006607526
2011-08-31 00:00:00,1.016710006607526
2011-09-01 00:00:00,1.016710006607526
2011-09-02 00:00:00,1.016710006607526
2011-09-06 00:00:00,1.016710006607526
2011-09-07 00:00:00,1.016710006607526
2011-09-08 00:00:00,1.016710006607526
2011-09-09 00:00:00,1.016710006607526
2011-09-12 00:00:00,1.016710006607526
2011-09-13 00:00:00,1.016710006607526
2011-09-14 00:00:00,1.016710006607526
2011-09-15 00:00:00,1.016710006607526
2011-09-16 00:00:00,1.016710006607526
2011-09-19 00:00:00,1.023080295055826
2011-09-20 00:00:00,1.0208372357430444
2011-09-21 00:00:00,1.0120444432369402
2011-09-22 00:00:00,0.9958944161849121
2011-09-23 00:00:00,0.9917460125694813
2011-09-26 00:00:00,0.9917460125694813
2011-09-27 00:00:00,0.9917460125694813
2011-09-28 00:00:00,0.9917460125694813
2011-09-29 00:00:00,0.9917460125694813
2011-09-30 00:00:00,0.9917460125694813
2011-10-03 00:00:00,0.9917460125694813
2011-10-04 00:00:00,0.9917460125694813
2011-10-05 00:00:00,0.9917460125694813
2011-10-06 00:00:00,0.9917460125694813
2011-10-07 00:00:00,0.9917460125694813
2011-10-10 00:00:00,0.9917460125694813
2011-10-11 00:00:00,0.9917460125694813
2011-10-12 00:00:00,0.9917460125694813
2011-10-13 00:00:00,0.9917460125694813
2011-10-14 00:00:00,0.9917460125694813
2011-10-17 00:00:00,0.9841145961655378
2011-10-18 00:00:00,0.9928537988216666
2011-10-19 00:00:00,0.9790680143500265
2011-10-20 00:00:00,0.9756215682321167
2011-10-21 00:00:00,0.9843607708882455
2011-10-24 00:00:00,0.9990081668893631
2011-10-25 00:00:00,0.9848531203336613
2011-10-26 00:00:00,0.9839915088041837
2011-10-27 00:00:00,1.0034393118981044
2011-10-28 00:00:00,1.0045470981502898
2011-10-31 00:00:00,0.992361449376251
2011-11-01 00:00:00,0.9737752578118076
2011-11-02 00:00:00,0.9796834511567963
2011-11-03 00:00:00,0.9942077597965597
2011-11-04 00:00:00,0.990515138955942
2011-11-07 00:00:00,0.9955617207714531
2011-11-08 00:00:00,1.0038085739821663
2011-11-09 00:00:00,0.9783294901819031
2011-11-10 00:00:00,0.9779602280978412
2011-11-11 00:00:00,0.9911305757627117
2011-11-14 00:00:00,0.9866994307539702
2011-11-15 00:00:00,0.9945770218806217
2011-11-16 00:00:00,0.9827606351906445
2011-11-17 00:00:00,0.966266928769218
2011-11-18 00:00:00,0.9609741722309991
2011-11-21 00:00:00,0.9479269119274827
2011-11-22 00:00:00,0.9501424844318535
2011-11-23 00:00:00,0.9399937594650207
2011-11-25 00:00:00,0.9399937594650207
2011-11-28 00:00:00,0.9399937594650207
2011-11-29 00:00:00,0.9399937594650207
2011-11-30 00:00:00,0.9399937594650207
2011-12-01 00:00:00,0.9399937594650207
2011-12-02 00:00:00,0.9399937594650207
2011-12-05 00:00:00,0.9399937594650207
2011-12-06 00:00:00,0.9399937594650207
2011-12-07 00:00:00,0.9421009510036438
2011-12-08 00:00:00,0.9308625961309878
2011-12-09 00:00:00,0.9413985538241028
2011-12-12 00:00:00,0.9339063172423321
2011-12-13 00:00:00,0.9266482130537417
2011-12-14 00:00:00,0.9164634539503972
2011-12-15 00:00:00,0.9147074610015447
2011-12-16 00:00:00,0.9161122553606267
2011-12-19 00:00:00,0.9097906807447577
2011-12-20 00:00:00,0.9286383383957746
2011-12-21 00:00:00,0.9192730426685612
2011-12-22 00:00:00,0.924775153908299
2011-12-23 00:00:00,0.930394331344627
2011-12-27 00:00:00,0.9293084253050566
2011-12-28 00:00:00,0.9293084253050566
2011-12-29 00:00:00,0.9293084253050566
2011-12-30 00:00:00,0.9293084253050566
2012-01-03 00:00:00,0.9293084253050566
2012-01-04 00:00:00,0.9293084253050566
2012-01-05 00:00:00,0.9293084253050566
2012-01-06 00:00:00,0.9293084253050566
2012-01-09 00:00:00,0.9293084253050566
2012-01-10 00:00:00,0.9293084253050566
2012-01-11 00:00:00,0.9313603627366462
2012-01-12 00:00:00,0.9347314028028291
2012-01-13 00:00:00,0.9316534966554446
2012-01-17 00:00:00,0.9394215455036055
2012-01-18 00:00:00,0.9508537683367477
2012-01-19 00:00:00,0.9562767458345202
2012-01-20 00:00:00,0.9549576431999268
2012-01-23 00:00:00,0.9552507771187254
2012-01-24 00:00:00,0.9536385405653335
2012-01-25 00:00:00,0.9646310625202779
2012-01-26 00:00:00,0.9615531563728935
2012-01-27 00:00:00,0.9641913616420801
2012-01-30 00:00:00,0.9649241964390766
2012-01-31 00:00:00,0.9660967321142706
2012-02-01 00:00:00,0.9732785131248343
2012-02-02 00:00:00,0.9760632853534201
2012-02-03 00:00:00,0.9883749099429578
2012-02-06 00:00:00,0.9876420751459616
2012-02-07 00:00:00,0.9895474456181521
2012-02-08 00:00:00,0.9943841552783275
2012-02-09 00:00:00,1.0009796684512942
2012-02-10 00:00:00,0.9946040057174264
2012-02-13 00:00:00,1.0030316058828836
2012-02-14 00:00:00,1.0053766772332717
2012-02-15 00:00:00,0.9989277310197044
2012-02-16 00:00:00,1.0115324895280406
2012-02-17 00:00:00,1.0086011503400556
2012-02-21 00:00:00,1.0112393556092423
2012-02-22 00:00:00,1.0069889137866639
2012-02-23 00:00:00,1.0131447260814326
2012-02-24 00:00:00,1.0163691991882162
2012-02-27 00:00:00,1.0176883018228096
2012-02-28 00:00:00,1.0272151541837615
2012-02-29 00:00:00,1.022964712361183
2012-03-01 00:00:00,1.0304396272905452
2012-03-02 00:00:00,1.0297067924935488
2012-03-05 00:00:00,1.0198868062137985
2012-03-06 00:00:00,1.010653087771645
2012-03-07 00:00:00,1.017834868782209
2012-03-08 00:00:00,1.0279479889807577
2012-03-09 00:00:00,1.0319052968845375
2012-03-12 00:00:00,1.0323449977627353
2012-03-13 00:00:00,1.0500795998500458
2012-03-14 00:00:00,1.0534506399162287
2012-03-15 00:00:00,1.0562354121448148
2012-03-16 00:00:00,1.0538903407944265
2012-03-19 00:00:00,1.0607789878861915
2012-03-20 00:00:00,1.0625377913989829
2012-03-21 00:00:00,1.062684358358382
2012-03-22 00:00:00,1.0606324209267923
2012-03-23 00:00:00,1.0600314963932553
2012-03-26 00:00:00,1.0771944873389085
2012-03-27 00:00:00,1.0786601569329013
2012-03-28 00:00:00,1.0746735356372414
2012-03-29 00:00:00,1.0708921080847404
2012-03-30 00:00:00,1.0689867376125501
2012-04-02 00:00:00,1.0792464247704983
2012-04-03 00:00:00,1.0789532908516999
2012-04-04 00:00:00,1.0653225636275685
2012-04-05 00:00:00,1.0714783759223374
2012-04-09 00:00:00,1.0640034609929754
2012-04-10 00:00:00,1.0481742293778553
2012-04-11 00:00:00,1.0528643720786317
2012-04-12 00:00:00,1.0639301775132757
2012-04-13 00:00:00,1.0490536311342509
2012-04-16 00:00:00,1.038207676138706
2012-04-17 00:00:00,1.0577010817388073
2012-04-18 00:00:00,1.0552094434290198
2012-04-19 00:00:00,1.0442169214740755
2012-04-20 00:00:00,1.0415787162048888
2012-04-23 00:00:00,1.0327846986409333
2012-04-24 00:00:00,1.0276548550619593
2012-04-25 00:00:00,1.0528643720786317
2012-04-26 00:00:00,1.0585804834952028
2012-04-27 00:00:00,1.0644431618711732
2012-04-30 00:00:00,1.0574079478200087
2012-05-01 00:00:00,1.0590201843734006
2012-05-02 00:00:00,1.0618049566019865
2012-05-03 00:00:00,1.051398702484639
2012-05-04 00:00:00,1.0272151541837615
2012-05-07 00:00:00,1.028094555940157
2012-05-08 00:00:00,1.0245769489145746
2012-05-09 00:00:00,1.0216602664225296
2012-05-10 00:00:00,1.019740239254399
2012-05-11 00:00:00,1.019593672295
2012-05-14 00:00:00,1.0107996547310445
2012-05-15 00:00:00,1.00772174858366
2012-05-16 00:00:00,1.001419369329492
2012-05-17 00:00:00,0.9819259637293906
2012-05-18 00:00:00,0.9702006069774499
2012-05-21 00:00:00,0.9714726909314678
2012-05-22 00:00:00,0.9714726909314678
2012-05-23 00:00:00,0.9714726909314678
2012-05-24 00:00:00,0.9714726909314678
2012-05-25 00:00:00,0.9714726909314678
2012-05-29 00:00:00,0.9714726909314678
2012-05-30 00:00:00,0.9714726909314678
2012-05-31 00:00:00,0.9714726909314678
2012-06-01 00:00:00,0.9714726909314678
2012-06-04 00:00:00,0.9714726909314678
2012-06-05 00:00:00,0.9714726909314678
2012-06-06 00:00:00,0.9714726909314678
2012-06-07 00:00:00,0.9714726909314678
2012-06-08 00:00:00,0.9714726909314678
2012-06-11 00:00:00,0.9714726909314678
2012-06-12 00:00:00,0.9714726909314678
2012-06-13 00:00:00,0.9714726909314678
2012-06-14 00:00:00,0.9714726909314678
2012-06-15 00:00:00,0.9714726909314678
2012-06-18 00:00:00,0.9714726909314678
2012-06-19 00:00:00,0.9714726909314678
2012-06-20 00:00:00,0.9714726909314678
2012-06-21 00:00:00,0.9714726909314678
2012-06-22 00:00:00,0.9714726909314678
2012-06-25 00:00:00,0.9714726909314678
2012-06-26 00:00:00,0.9714726909314678
2012-06-27 00:00:00,0.9714726909314678
2012-06-28 00:00:00,0.9714726909314678
2012-06-29 00:00:00,0.9714726909314678
2012-07-02 00:00:00,0.9714726909314678
2012-07-03 00:00:00,0.9714726909314678
2012-07-05 00:00:00,0.9714726909314678
2012-07-06 00:00:00,0.9714726909314678
2012-07-09 00:00:00,0.9714726909314678
2012-07-10 00:00:00,0.9714726909314678
2012-07-11 00:00:00,0.9714726909314678
2012-07-12 00:00:00,0.9714726909314678
2012-07-13 00:00:00,0.9714726909314678
2012-07-16 00:00:00,0.9714726909314678
2012-07-17 00:00:00,0.9714726909314678
2012-07-18 00:00:00,0.9714726909314678
2012-07-19 00:00:00,0.9714726909314678
2012-07-20 00:00:00,0.9587117575969094
2012-07-23 00:00:00,0.939890709259508
2012-07-24 00:00:00,0.9307253704778017
2012-07-25 00:00:00,0.9234014960853848
2012-07-26 00:00:00,0.9223826104497295
2012-07-27 00:00:00,0.9287087840284591
2012-07-30 00:00:00,0.9260242869954921
2012-07-31 00:00:00,0.9269284821119224
2012-08-01 00:00:00,0.9178367697969548
2012-08-02 00:00:00,0.9102210401531203
2012-08-03 00:00:00,0.9132838824417971
2012-08-06 00:00:00,0.9202448876433351
2012-08-07 00:00:00,0.9279019933650272
2012-08-08 00:00:00,0.927484333052935
2012-08-09 00:00:00,0.93026873513355
2012-08-10 00:00:00,0.930825615549673
2012-08-13 00:00:00,0.9330531372141652
2012-08-14 00:00:00,0.9334707975262576
2012-08-15 00:00:00,0.9358375392947806
2012-08-16 00:00:00,0.9469751476172414
2012-08-17 00:00:00,0.9511517507381642
2012-08-20 00:00:00,0.952543951778472
2012-08-21 00:00:00,0.9487850089696415
2012-08-22 00:00:00,0.9526831718825028
2012-08-23 00:00:00,0.9448868460567801
2012-08-24 00:00:00,0.9507340904260722
2012-08-27 00:00:00,0.9522655115704105
2012-08-28 00:00:00,0.9522655115704105
2012-08-29 00:00:00,0.9522655115704105
2012-08-30 00:00:00,0.9426593243922878
2012-08-31 00:00:00,0.948924229073672
2012-09-04 00:00:00,0.9479496883454569
2012-09-05 00:00:00,0.9469751476172414
2012-09-06 00:00:00,0.9679973833258866
2012-09-07 00:00:00,0.966605182285579
2012-09-10 00:00:00,0.9542145930268412
2012-09-11 00:00:00,0.9526831718825028
2012-09-12 00:00:00,0.9554954179839241
2012-09-13 00:00:00,0.9684150436379788
2012-09-14 00:00:00,0.9770466900878861
2012-09-17 00:00:00,0.9774643503999781
2012-09-18 00:00:00,0.9782996710241629
2012-09-19 00:00:00,0.980109532376563
2012-09-20 00:00:00,0.9791349916483474
2012-09-21 00:00:00,0.9766290297757938
2012-09-24 00:00:00,0.9708513954585171
2012-09-25 00:00:00,0.9572774353155179
2012-09-26 00:00:00,0.9494811094897951
2012-09-27 00:00:00,0.9625677992686869
2012-09-28 00:00:00,0.9546322533389333
2012-10-01 00:00:00,0.9532400522986257
2012-10-02 00:00:00,0.9560244543792411
2012-10-03 00:00:00,0.9621501389565945
2012-10-04 00:00:00,0.9654914214533327
2012-10-05 00:00:00,0.9603402776041947
2012-10-08 00:00:00,0.9515694110502566
2012-10-09 00:00:00,0.9363832821025811
2012-10-10 00:00:00,0.9316609361738578
2012-10-11 00:00:00,0.9287373139892116
2012-10-12 00:00:00,0.9283196536771195
2012-10-15 00:00:00,0.9351414387746267
2012-10-16 00:00:00,0.9483673486575492
2012-10-17 00:00:00,0.9478104682414261
2012-10-18 00:00:00,0.936812080022996
2012-10-19 00:00:00,0.9143976432740434
2012-10-22 00:00:00,0.919131126811089
2012-10-23 00:00:00,0.9103602602571511
2012-10-24 00:00:00,0.9072138859060559
2012-10-25 00:00:00,0.9130590141297668
2012-10-26 00:00:00,0.9130590141297668
2012-10-31 00:00:00,0.9130590141297668
2012-11-01 00:00:00,0.9130590141297668
2012-11-02 00:00:00,0.9130590141297668
2012-11-05 00:00:00,0.9130590141297668
2012-11-06 00:00:00,0.9130590141297668
2012-11-07 00:00:00,0.9130590141297668
2012-11-08 00:00:00,0.9130590141297668
2012-11-09 00:00:00,0.9130590141297668
2012-11-12 00:00:00,0.9130590141297668
2012-11-13 00:00:00,0.9130590141297668
2012-11-14 00:00:00,0.9130590141297668
2012-11-15 00:00:00,0.9130590141297668
2012-11-16 00:00:00,0.9130590141297668
2012-11-19 00:00:00,0.9130590141297668
2012-11-20 00:00:00,0.9130590141297668
2012-11-21 00:00:00,0.9130590141297668
2012-11-23 00:00:00,0.9130590141297668
2012-11-26 00:00:00,0.9130590141297668
2012-11-27 00:00:00,0.9130590141297668
2012-11-28 00:00:00,0.9130590141297668
2012-11-29 00:00:00,0.9130590141297668
2012-11-30 00:00:00,0.9130590141297668
2012-12-03 00:00:00,0.9130590141297668
2012-12-04 00:00:00,0.9130590141297668
2012-12-05 00:00:00,0.9130590141297668
2012-12-06 00:00:00,0.9130590141297668
2012-12-07 00:00:00,0.9130590141297668
2012-12-10 00:00:00,0.9130590141297668
2012-12-11 00:00:00,0.9130590141297668
2012-12-12 00:00:00,0.9130590141297668
2012-12-13 00:00:00,0.9130590141297668
2012-12-14 00:00:00,0.9130590141297668
2012-12-17 00:00:00,0.9130590141297668
2012-12-18 00:00:00,0.9130590141297668
2012-12-19 00:00:00,0.9130590141297668
2012-12-20 00:00:00,0.9130590141297668
2012-12-21 00:00:00,0.9130590141297668
2012-12-24 00:00:00,0.9130590141297668
2012-12-26 00:00:00,0.9130590141297668
2012-12-27 00:00:00,0.9130590141297668
2012-12-28 00:00:00,0.9130590141297668
2012-12-31 00:00:00,0.9130590141297668
2013-01-02 00:00:00,0.9130590141297668
2013-01-03 00:00:00,0.9130590141297668
2013-01-04 00:00:00,0.9130590141297668
2013-01-07 00:00:00,0.9156748196713002
2013-01-08 00:00:00,0.9151667159310267
2013-01-09 00:00:00,0.9172272834391271
2013-01-10 00:00:00,0.9229055481098494
2013-01-11 00:00:00,0.9245550665157651
2013-01-14 00:00:00,0.9192373490787741
2013-01-15 00:00:00,0.9192373490787741
2013-01-16 00:00:00,0.9205251919132602
2013-01-17 00:00:00,0.9210732866985613
2013-01-18 00:00:00,0.9190179312536819
2013-01-22 00:00:00,0.9205251919132602
2013-01-23 00:00:00,0.9261431634625967
2013-01-24 00:00:00,0.9133999597043453
2013-01-25 00:00:00,0.918058765379405
2013-01-28 00:00:00,0.9201141208242843
2013-01-29 00:00:00,0.9202511445206094
2013-01-30 00:00:00,0.9183328127720555
2013-01-31 00:00:00,0.9162774573271764
2013-02-01 00:00:00,0.9271023293368738
2013-02-04 00:00:00,0.9109335331704902
2013-02-05 00:00:00,0.9243618554103681
2013-02-06 00:00:00,0.9213473340912118
2013-02-07 00:00:00,0.9221694762691635
2013-02-08 00:00:00,0.9316241113156081
2013-02-11 00:00:00,0.9318981587082589
2013-02-12 00:00:00,0.9280614952111508
2013-02-13 00:00:00,0.9313500639229575
2013-02-14 00:00:00,0.931076016530307
2013-02-15 00:00:00,0.9283355426038014
2013-02-19 00:00:00,0.9350497037237402
2013-02-20 00:00:00,0.9206622156095854
2013-02-21 00:00:00,0.9107965094741649
2013-02-22 00:00:00,0.9199633947583263
2013-02-25 00:00:00,0.9086041303329604
2013-02-26 00:00:00,0.9120297227410925
2013-02-27 00:00:00,0.9213336317215793
2013-02-28 00:00:00,0.9194290023426577
2013-03-01 00:00:00,0.9232656658397657
2013-03-04 00:00:00,0.9273763767295246
2013-03-05 00:00:00,0.9410787463620529
2013-03-06 00:00:00,0.9387493435245229
2013-03-07 00:00:00,0.9412157700583781
2013-03-08 00:00:00,0.9423119596289803
2013-03-11 00:00:00,0.945052433555486
2013-03-12 00:00:00,0.941626841147354
2013-03-13 00:00:00,0.9403936278804262
2013-03-14 00:00:00,0.9435451728959078
2013-03-15 00:00:00,0.9387493435245229
2013-03-18 00:00:00,0.9366939880796437
2013-03-19 00:00:00,0.934912680027415
2013-03-20 00:00:00,0.9414761150813961
2013-03-21 00:00:00,0.9308019691376564
2013-03-22 00:00:00,0.9398455330951253
2013-03-25 00:00:00,0.9364199406869932
2013-03-26 00:00:00,0.9414898174510286
2013-03-27 00:00:00,0.9427367330875887
2013-03-28 00:00:00,0.945052433555486
2013-04-01 00:00:00,0.9386123198281977
2013-04-02 00:00:00,0.9460115994297631
2013-04-03 00:00:00,0.93737910656127
2013-04-04 00:00:00,0.9376531539539207
2013-04-05 00:00:00,0.9298565056330119
2013-04-08 00:00:00,0.9347756563310897
2013-04-09 00:00:00,0.9410787463620529
2013-04-10 00:00:00,0.9593714098214783
2013-04-11 00:00:00,0.959028850580665
2013-04-12 00:00:00,0.9583437320990386
2013-04-15 00:00:00,0.9394344620061494
2013-04-16 00:00:00,0.9519036183717502
2013-04-17 00:00:00,0.933336907519674
2013-04-18 00:00:00,0.9203744658473023
2013-04-19 00:00:00,0.9329943482788611
2013-04-22 00:00:00,0.942586007021631
2013-04-23 00:00:00,0.9516295709790996
2013-04-24 00:00:00,0.9512184998901237
2013-04-25 00:00:00,0.9562883766541593
2013-04-26 00:00:00,0.953273855335003
2013-04-29 00:00:00,0.9620433718998213
2013-04-30 00:00:00,0.9690315804124108
2013-05-01 00:00:00,0.9645097984336763
2013-05-02 00:00:00,0.9767049074066266
2013-05-03 00:00:00,0.9882148978979507
2013-05-06 00:00:00,0.9920515613950585
2013-05-07 00:00:00,0.9915034666097574
2013-05-08 00:00:00,0.9962992959811423
2013-05-09 00:00:00,0.9948811007241756
2013-05-10 00:00:00,1.000958101656202
2013-05-13 00:00:00,1.0021913149231296
2013-05-14 00:00:00,1.0073982153834904
2013-05-15 00:00:00,1.0094535708283696
2013-05-16 00:00:00,1.0083573812577673
2013-05-17 00:00:00,1.0180860636968625
2013-05-20 00:00:00,1.0165788030372844
2013-05-21 00:00:00,1.0176749926078865
2013-05-22 00:00:00,1.0087547499771108
2013-05-23 00:00:00,1.0064390495092135
2013-05-24 00:00:00,1.0058909547239123
2013-05-28 00:00:00,1.0124680921475258
2013-05-29 00:00:00,1.0076722627761412
2013-05-30 00:00:00,1.0130161869328271
2013-05-31 00:00:00,1.0036985755827077
2013-06-03 00:00:00,1.0054798836349363
2013-06-04 00:00:00,1.0002729831745756
2013-06-05 00:00:00,0.9872557320236737
2013-06-06 00:00:00,0.9920515613950585
2013-06-07 00:00:00,1.0056169073312617
2013-06-10 00:00:00,1.0060279784202377
2013-06-11 00:00:00,0.9960252485884917
2013-06-12 00:00:00,0.9845152580971678
2013-06-13 00:00:00,0.9969844144627688
2013-06-14 00:00:00,0.9904072770391552
2013-06-17 00:00:00,0.999998935781925
2013-06-18 00:00:00,1.008220357561442
2013-06-19 00:00:00,0.9969844144627688
2013-06-20 00:00:00,0.973210803150332
2013-06-21 00:00:00,0.9650578932189777
2013-06-24 00:00:00,0.9554662344762077
2013-06-25 00:00:00,0.962454442988797
2013-06-26 00:00:00,0.9710869358572901
2013-06-27 00:00:00,0.9751976467470486
2013-06-28 00:00:00,0.9765678837103012
2013-07-01 00:00:00,0.982596926348614
2013-07-02 00:00:00,0.9830079974375896
2013-07-03 00:00:00,0.9869953870006556
2013-07-05 00:00:00,0.9945179879289137
2013-07-08 00:00:00,0.9954771538031907
2013-07-09 00:00:00,1.001506196441503
2013-07-10 00:00:00,1.0072611916871652
2013-07-11 00:00:00,1.0272666513506565
2013-07-12 00:00:00,1.031788433329391
2013-07-15 00:00:00,1.0341178361669208
2013-07-16 00:00:00,1.032747599203668
2013-07-17 00:00:00,1.0353510494338485
2013-07-18 00:00:00,1.032747599203668
2013-07-19 00:00:00,1.0220597508902958
2013-07-22 00:00:00,1.025074272209452
2013-07-23 00:00:00,1.0175379689115613
2013-07-24 00:00:00,1.0208265376233683
2013-07-25 00:00:00,1.0272666513506565
2013-07-26 00:00:00,1.032747599203668
2013-07-29 00:00:00,1.030829267455114
2013-07-30 00:00:00,1.0363102153081252
2013-07-31 00:00:00,1.0382285470566792
2013-08-01 00:00:00,1.0487793716737261
2013-08-02 00:00:00,1.0546713906157135
2013-08-05 00:00:00,1.0553565090973398
2013-08-06 00:00:00,1.0490534190663767
2013-08-07 00:00:00,1.0471350873178227
2013-08-08 00:00:00,1.0523419877781837
2013-08-09 00:00:00,1.0480942531920998
2013-08-12 00:00:00,1.050560679725955
2013-08-13 00:00:00,1.0564526986679421
2013-08-14 00:00:00,1.0524790114745088
2013-08-15 00:00:00,1.034665930952222
2013-08-16 00:00:00,1.0343233717114086
2013-08-19 00:00:00,1.0324735518110173
2013-08-20 00:00:00,1.036995333789752
2013-08-21 00:00:00,1.0334327176852944
2013-08-22 00:00:00,1.0435724712133654
2013-08-23 00:00:00,1.050560679725955
2013-08-26 00:00:00,1.051108774511256
2013-08-27 00:00:00,1.0295960541881866
2013-08-28 00:00:00,1.0335697413816198
2013-08-29 00:00:00,1.0408319972868596
2013-08-30 00:00:00,1.0341178361669208
2013-09-03 00:00:00,1.040009855108908
2013-09-04 00:00:00,1.051108774511256
2013-09-05 00:00:00,1.0528900825634848
2013-09-06 00:00:00,1.0541232958304125
2013-09-09 00:00:00,1.0664554284996879
2013-09-10 00:00:00,1.0716623289600486
2013-09-11 00:00:00,1.0696069735151694
2013-09-12 00:00:00,1.068921855033543
2013-09-13 00:00:00,1.0696069735151694
2013-09-16 00:00:00,1.0667294758923385
2013-09-17 00:00:00,1.0738547081012533
2013-09-18 00:00:00,1.08673493555583
2013-09-19 00:00:00,1.0893383857860104
2013-09-20 00:00:00,1.0822816654252583
2013-09-23 00:00:00,1.0801577981322161
2013-09-24 00:00:00,1.0801577981322161
2013-09-25 00:00:00,1.0764581583314339
2013-09-26 00:00:00,1.084816603807276
2013-09-27 00:00:00,1.083446366844023
2013-09-30 00:00:00,1.0808429166138427
2013-10-01 00:00:00,1.0918048123198656
2013-10-02 00:00:00,1.0913937412308896
2013-10-03 00:00:00,1.078650537472638
2013-10-04 00:00:00,1.0879681488227575
2013-10-07 00:00:00,1.0789245848652886
2013-10-08 00:00:00,1.0580969830238454
2013-10-09 00:00:00,1.0548084143120389
2013-10-10 00:00:00,1.07714327681306
2013-10-11 00:00:00,1.0853646985925771
2013-10-14 00:00:00,1.0927639781941425
2013-10-15 00:00:00,1.0889273146970346
2013-10-16 00:00:00,1.1013964710626354
2013-10-17 00:00:00,1.107973608486249
2013-10-18 00:00:00,1.1255126416158856
2013-10-21 00:00:00,1.1279790681497406
2013-10-22 00:00:00,1.1298973998982946
2013-10-23 00:00:00,1.122909191385705
2013-10-24 00:00:00,1.1283901392387163
2013-10-25 00:00:00,1.1359264425366071
2013-10-28 00:00:00,1.1352413240549806
2013-10-29 00:00:00,1.138392869070462
2013-10-30 00:00:00,1.1362004899292577
2013-10-31 00:00:00,1.1337340633954023
2013-11-01 00:00:00,1.1342821581807037
2013-11-04 00:00:00,1.1360634662329323
2013-11-05 00:00:00,1.1377077505888358
2013-11-06 00:00:00,1.1374337031961852
2013-11-07 00:00:00,1.116058006569441
2013-11-08 00:00:00,1.1312676368615475
2013-11-11 00:00:00,1.1298973998982946
2013-11-12 00:00:00,1.1308565657725715
2013-11-13 00:00:00,1.1444219117087748
2013-11-14 00:00:00,1.1478475041169067
2013-11-15 00:00:00,1.150450954347087
2013-11-18 00:00:00,1.1392150112484138
2013-11-19 00:00:00,1.1359264425366071
2013-11-20 00:00:00,1.1331859686101016
2013-11-21 00:00:00,1.1446959591014254
2013-11-22 00:00:00,1.1508620254360629
2013-11-25 00:00:00,1.1536024993625689
2013-11-26 00:00:00,1.1596315420008811
2013-11-27 00:00:00,1.167715940084073
2013-11-29 00:00:00,1.1747041485966625
2013-12-02 00:00:00,1.1712785561885304
2013-12-03 00:00:00,1.1703193903142535
2013-12-04 00:00:00,1.1714155798848556
2013-12-05 00:00:00,1.1699083192252775
2013-12-06 00:00:00,1.1784037883974452
2013-12-09 00:00:00,1.1831996177688302
2013-12-10 00:00:00,1.1823774755908785
2013-12-11 00:00:00,1.167167845298772
2013-12-12 00:00:00,1.1641533239796156
2013-12-13 00:00:00,1.1626460633200375
2013-12-16 00:00:00,1.1690861770473258
2013-12-17 00:00:00,1.1667567742097962
2013-12-18 00:00:00,1.1803221201459992
2013-12-19 00:00:00,1.1770335514341925
2013-12-20 00:00:00,1.1852549732137097
2013-12-23 00:00:00,1.1977241295793104
2013-12-24 00:00:00,1.1982722243646116
2013-12-26 00:00:00,1.2022459115580446
2013-12-27 00:00:00,1.1992313902388885
2013-12-30 00:00:00,1.1974500821866598
2013-12-31 00:00:00,1.205260432877201
2014-01-02 00:00:00,1.1958057978307564
2014-01-03 00:00:00,1.1871733049622635
2014-01-06 00:00:00,1.1827885466798542
2014-01-07 00:00:00,1.1937504423858771
2014-01-08 00:00:00,1.1963538926160573
2014-01-09 00:00:00,1.1923802054226242
2014-01-10 00:00:00,1.1962168689197323
2014-01-13 00:00:00,1.1785408120937706
2014-01-14 00:00:00,1.2010126982911171
2014-01-15 00:00:00,1.2108784044265377
2014-01-16 00:00:00,1.2110154281228627
2014-01-17 00:00:00,1.2041642433065984
2014-01-21 00:00:00,1.2133448309603927
2014-01-22 00:00:00,1.2164963759758742
2014-01-23 00:00:00,1.2123856650861158
2014-01-24 00:00:00,1.1885435419255161
2014-01-27 00:00:00,1.1770335514341925
2014-01-28 00:00:00,1.1763484329525657
2014-01-29 00:00:00,1.1637422528906398
2014-01-30 00:00:00,1.1852549732137097
2014-01-31 00:00:00,1.182103428198228
2014-02-03 00:00:00,1.1549727363258218
2014-02-04 00:00:00,1.163468205497989
2014-02-05 00:00:00,1.1604536841788329
2014-02-06 00:00:00,1.1752522433819637
2014-02-07 00:00:00,1.1962168689197323
2014-02-10 00:00:00,1.2030680537359963
2014-02-11 00:00:00,1.2167704233685246
2014-02-12 00:00:00,1.2190998262060546
2014-02-13 00:00:00,1.2281433901635233
2014-02-14 00:00:00,1.2306098166973787
2014-02-18 00:00:00,1.2366388593356912
2014-02-19 00:00:00,1.2281433901635233
2014-02-20 00:00:00,1.2338983854091854
2014-02-21 00:00:00,1.2322541010532821
2014-02-24 00:00:00,1.2388312384768954
2014-02-25 00:00:00,1.2374610015136427
2014-02-26 00:00:00,1.2363648119430406
2014-02-27 00:00:00,1.2392423095658713
2014-02-28 00:00:00,1.2378720726026187
2014-03-03 00:00:00,1.2286914849488246
2014-03-04 00:00:00,1.244312186329907
2014-03-05 00:00:00,1.2477377787380393
2014-03-06 00:00:00,1.2466415891674367
2014-03-07 00:00:00,1.240475522832799
2014-03-10 00:00:00,1.2415717124034014
2014-03-11 00:00:00,1.2362277882467152
2014-03-12 00:00:00,1.240886593921775
2014-03-13 00:00:00,1.2233475607921385
2014-03-14 00:00:00,1.2149891153162962
2014-03-17 00:00:00,1.2256769636296685
2014-03-18 00:00:00,1.240475522832799
2014-03-19 00:00:00,1.2337613617128602
2014-03-20 00:00:00,1.2371869541209923
2014-03-21 00:00:00,1.2195108972950306
2014-03-24 00:00:00,1.2088230489816585
2014-03-25 00:00:00,1.2127967361750915
2014-03-26 00:00:00,1.1971760347940092
2014-03-27 00:00:00,1.1904481713044377
2014-03-28 00:00:00,1.1927912765116
2014-03-31 00:00:00,1.2012867456837677
2014-04-01 00:00:00,1.2223883949178616
2014-04-02 00:00:00,1.225539939933343
2014-04-03 00:00:00,1.215811257494248
2014-04-04 00:00:00,1.1834736651614808
2014-04-07 00:00:00,1.1722377220628073
2014-04-08 00:00:00,1.183062594072505
2014-04-09 00:00:00,1.187216165974474
2014-04-10 00:00:00,1.187216165974474
2014-04-11 00:00:00,1.187216165974474
2014-04-14 00:00:00,1.187216165974474
2014-04-15 00:00:00,1.187216165974474
2014-04-16 00:00:00,1.187216165974474
2014-04-17 00:00:00,1.187216165974474
2014-04-21 00:00:00,1.187216165974474
2014-04-22 00:00:00,1.187216165974474
2014-04-23 00:00:00,1.187216165974474
2014-04-24 00:00:00,1.187216165974474
2014-04-25 00:00:00,1.187216165974474
2014-04-28 00:00:00,1.187216165974474
2014-04-29 00:00:00,1.187216165974474
2014-04-30 00:00:00,1.187216165974474
2014-05-01 00:00:00,1.187216165974474
2014-05-02 00:00:00,1.187216165974474
2014-05-05 00:00:00,1.187216165974474
2014-05-06 00:00:00,1.187216165974474
2014-05-07 00:00:00,1.187216165974474
2014-05-08 00:00:00,1.187216165974474
2014-05-09 00:00:00,1.187216165974474
2014-05-12 00:00:00,1.187216165974474
2014-05-13 00:00:00,1.187216165974474
2014-05-14 00:00:00,1.187216165974474
2014-05-15 00:00:00,1.187216165974474
2014-05-16 00:00:00,1.187216165974474
2014-05-19 00:00:00,1.187216165974474
2014-05-20 00:00:00,1.187216165974474
2014-05-21 00:00:00,1.187216165974474
2014-05-22 00:00:00,1.187216165974474
2014-05-23 00:00:00,1.1945257919823768
2014-05-27 00:00:00,1.2094241388093934
2014-05-28 00:00:00,1.2056895844308104
2014-05-29 00:00:00,1.2133979173118714
2014-05-30 00:00:00,1.2135308196029244
2014-06-02 00:00:00,1.2123346989834491
2014-06-03 00:00:00,1.211803089819238
2014-06-04 00:00:00,1.2163217677150326
2014-06-05 00:00:00,1.2265552441260967
2014-06-06 00:00:00,1.2335990655518938
2014-06-09 00:00:00,1.2326687495145245
2014-06-10 00:00:00,1.2347951861713686
2014-06-11 00:00:00,1.2345293815892633
2014-06-12 00:00:00,1.22336558914083
2014-06-13 00:00:00,1.2269539509992546
2014-06-16 00:00:00,1.2280171693276773
2014-06-17 00:00:00,1.228681680782941
2014-06-18 00:00:00,1.2355925999176856
2014-06-19 00:00:00,1.2347951861713686
2014-06-20 00:00:00,1.2329345540966299
2014-06-23 00:00:00,1.2332003586787357
2014-06-24 00:00:00,1.2320042380592604
2014-06-25 00:00:00,1.2398454732313744
2014-06-26 00:00:00,1.2405099846866385
2014-06-27 00:00:00,1.2459589786198022
2014-06-30 00:00:00,1.2480854152766467
2014-07-01 00:00:00,1.2617743512550827
2014-07-02 00:00:00,1.2639007879119275
2014-07-03 00:00:00,1.2718749253750943
2014-07-07 00:00:00,1.2680207589345633
2014-07-08 00:00:00,1.2527369954634942
2014-07-09 00:00:00,1.2620401558371885
2014-07-10 00:00:00,1.258053087105605
2014-07-11 00:00:00,1.2661601268598246
2014-07-14 00:00:00,1.2737355574498332
2014-07-15 00:00:00,1.2693497818450914
2014-07-16 00:00:00,1.274400068905097
2014-07-17 00:00:00,1.2575081877122887
2014-07-18 00:00:00,1.277456821599311
2014-07-21 00:00:00,1.2758619941066776
2014-07-22 00:00:00,1.2839690338608971
2014-07-23 00:00:00,1.2921691052188535
2014-07-24 00:00:00,1.2907470507045888
2014-07-25 00:00:00,1.2856967636445833
2014-07-28 00:00:00,1.2860954705177414
2014-07-29 00:00:00,1.2838361315698443
2014-07-30 00:00:00,1.28888641862985
2014-07-31 00:00:00,1.262837569583505
2014-08-01 00:00:00,1.258185989396658
2014-08-04 00:00:00,1.2668246383150885
2014-08-05 00:00:00,1.2571227710682358
2014-08-06 00:00:00,1.2561924550308663
2014-08-07 00:00:00,1.2522053862992828
2014-08-08 00:00:00,1.261242742090872
2014-08-11 00:00:00,1.2686852703898275
2014-08-12 00:00:00,1.2681536612256163
2014-08-13 00:00:00,1.2815767926219472
2014-08-14 00:00:00,1.2882219071745862
2014-08-15 00:00:00,1.2944683148540665
2014-08-18 00:00:00,1.304435986683025
2014-08-19 00:00:00,1.311745612690928
2014-08-20 00:00:00,1.311745612690928
2014-08-21 00:00:00,1.3144036585119836
2014-08-22 00:00:00,1.3163971928777751
2014-08-25 00:00:00,1.3210487730646225
2014-08-26 00:00:00,1.3223777959751501
2014-08-27 00:00:00,1.3226436005572557
2014-08-28 00:00:00,1.321181675355675
2014-08-29 00:00:00,1.3260990601246279
2014-09-02 00:00:00,1.3299532265651586
2014-09-03 00:00:00,1.3221119913930448
2014-09-04 00:00:00,1.3209158707735695
2014-09-05 00:00:00,1.3275609853262085
2014-09-08 00:00:00,1.3300861288562114
2014-09-09 00:00:00,1.3190552386988308
2014-09-10 00:00:00,1.3299532265651586
2014-09-11 00:00:00,1.3288900082367363
2014-09-12 00:00:00,1.3221119913930448
2014-09-15 00:00:00,1.3093533714519778
2014-09-16 00:00:00,1.3207829684825168
2014-09-17 00:00:00,1.3227765028483085
2014-09-18 00:00:00,1.3327441746772668
2014-09-19 00:00:00,1.3287571059456837
2014-09-22 00:00:00,1.3163971928777751
2014-09-23 00:00:00,1.3128088310193502
2014-09-24 00:00:00,1.3268964738709448
2014-09-25 00:00:00,1.298986992749861
2014-09-26 00:00:00,1.3128088310193502
2014-09-29 00:00:00,1.3110811012356642
2014-09-30 00:00:00,1.312941733310403
2014-10-01 00:00:00,1.2919431713240639
2014-10-02 00:00:00,1.2919431713240639
2014-10-03 00:00:00,1.3047017912651306
2014-10-06 00:00:00,1.3019108431530222
2014-10-07 00:00:00,1.2834374246966858
2014-10-08 00:00:00,1.3084230554146083
2014-10-09 00:00:00,1.2872915911372167
2014-10-10 00:00:00,1.255129236702444
2014-10-13 00:00:00,1.2354596976266328
2014-10-14 00:00:00,1.2355925999176856
2014-10-15 00:00:00,1.227618462454519
2014-10-16 00:00:00,1.2199101295734578
2014-10-17 00:00:00,1.2353835180334012
2014-10-20 00:00:00,1.2353835180334012
2014-10-21 00:00:00,1.2353835180334012
2014-10-22 00:00:00,1.2353835180334012
2014-10-23 00:00:00,1.2353835180334012
2014-10-24 00:00:00,1.2353835180334012
2014-10-27 00:00:00,1.2353835180334012
2014-10-28 00:00:00,1.2353835180334012
2014-10-29 00:00:00,1.2353835180334012
2014-10-30 00:00:00,1.2353835180334012
2014-10-31 00:00:00,1.2353835180334012
2014-11-03 00:00:00,1.2353835180334012
2014-11-04 00:00:00,1.2353835180334012
2014-11-05 00:00:00,1.2355046622045935
2014-11-06 00:00:00,1.2393812756827494
2014-11-07 00:00:00,1.2382909781420182
2014-11-10 00:00:00,1.2426521683049434
2014-11-11 00:00:00,1.2465287817830997
2014-11-12 00:00:00,1.2487093768645625
2014-11-13 00:00:00,1.254039720397027
2014-11-14 00:00:00,1.2579163338751829
2014-11-17 00:00:00,1.2541608645682194
2014-11-18 00:00:00,1.2634889657500323
2014-11-19 00:00:00,1.2577951897039905
2014-11-20 00:00:00,1.26336782157884
2014-11-21 00:00:00,1.2657907050026875
2014-11-24 00:00:00,1.2756033828692699
2014-11-25 00:00:00,1.2775416896083478
2014-11-26 00:00:00,1.2857794932494293
2014-11-28 00:00:00,1.2917155576378558
2014-12-01 00:00:00,1.2771782570947707
2014-12-02 00:00:00,1.2822663122848506
2014-12-03 00:00:00,1.2845680515375055
2014-12-04 00:00:00,1.2839623306815438
2014-12-05 00:00:00,1.2840834748527359
2014-12-08 00:00:00,1.2749976620133079
2014-12-09 00:00:00,1.278995419662656
2014-12-10 00:00:00,1.2590066314159143
2014-12-11 00:00:00,1.2649426958043406
2014-12-12 00:00:00,1.2512534044596024
2014-12-15 00:00:00,1.2384121223132105
2014-12-16 00:00:00,1.2186656224088535
2014-12-17 00:00:00,1.2407138615658657
2014-12-18 00:00:00,1.2703941835079975
2014-12-19 00:00:00,1.2712421927063442
2014-12-22 00:00:00,1.274391941157346
2014-12-23 00:00:00,1.269909606823228
2014-12-24 00:00:00,1.2709999043639593
2014-12-26 00:00:00,1.2799645730321954
2014-12-29 00:00:00,1.2797222846898106
2014-12-30 00:00:00,1.2712421927063442
2014-12-31 00:00:00,1.2582797663887602
2015-01-02 00:00:00,1.2545242970817965
2015-01-05 00:00:00,1.236231527231748
2015-01-06 00:00:00,1.2197559199495847
2015-01-07 00:00:00,1.2353835180334012
2015-01-08 00:00:00,1.258885487244722
2015-01-09 00:00:00,1.2506476836036404
2015-01-12 00:00:00,1.2376852572860564
2015-01-13 00:00:00,1.2373218247724793
2015-01-14 00:00:00,1.230537751185706
2015-01-15 00:00:00,1.214667864759505
2015-01-16 00:00:00,1.2288417327890129
2015-01-20 00:00:00,1.2385332664844029
2015-01-21 00:00:00,1.2448327633864065
2015-01-22 00:00:00,1.2677290117417652
2015-01-23 00:00:00,1.2705153276791903
2015-01-26 00:00:00,1.2690615976248816
2015-01-27 00:00:00,1.23635267140294
2015-01-28 00:00:00,1.2300531745009367
2015-01-29 00:00:00,1.241804159106597
2015-01-30 00:00:00,1.2322337695823993
2015-02-02 00:00:00,1.2428944566473286
2015-02-03 00:00:00,1.2547665854241812
2015-02-04 00:00:00,1.2536762878834498
2015-02-05 00:00:00,1.2644581191195712
2015-02-06 00:00:00,1.2568260363344517
2015-02-09 00:00:00,1.252828278685103
2015-02-10 00:00:00,1.2722113460758833
2015-02-11 00:00:00,1.2768148245811937
2015-02-12 00:00:00,1.2915944134666633
2015-02-13 00:00:00,1.3026185330451694
2015-02-17 00:00:00,1.3038299747570932
2015-02-18 00:00:00,1.3056471373249787
2015-02-19 00:00:00,1.3120677783981747
2015-02-20 00:00:00,1.3207901587240256
2015-02-23 00:00:00,1.322122744607142
2015-02-24 00:00:00,1.3230918979766808
2015-02-25 00:00:00,1.3198210053544868
2015-02-26 00:00:00,1.3264839347700672
2015-02-27 00:00:00,1.3206690145528335
2015-03-02 00:00:00,1.332541143329686
2015-03-03 00:00:00,1.326362790598875
2015-03-04 00:00:00,1.3212747354087953
2015-03-05 00:00:00,1.3235764746614502
2015-03-06 00:00:00,1.3086757416047883
2015-03-09 00:00:00,1.3124312109117517
2015-03-10 00:00:00,1.2882023766732769
2015-03-11 00:00:00,1.2808125822305418
2015-03-12 00:00:00,1.2891715300428157
2015-03-13 00:00:00,1.2835988981679665
2015-03-16 00:00:00,1.3000745054501297
2015-03-17 00:00:00,1.3021339563603997
2015-03-18 00:00:00,1.3148540943355993
2015-03-19 00:00:00,1.3167924010746774
2015-03-20 00:00:00,1.3222438887783343
2015-03-23 00:00:00,1.3196998611832944
2015-03-24 00:00:00,1.3149752385067917
2015-03-25 00:00:00,1.2850526282222752
2015-03-26 00:00:00,1.2806914380593495
2015-03-27 00:00:00,1.2857794932494293
2015-03-30 00:00:00,1.3004379379637068
2015-03-31 00:00:00,1.2867486466189682
2015-04-01 00:00:00,1.2800857172033877
2015-04-02 00:00:00,1.2809337264017342
2015-04-06 00:00:00,1.2913521251242785
2015-04-07 00:00:00,1.2891715300428157
2015-04-08 00:00:00,1.2993476404229751
2015-04-09 00:00:00,1.3074642998928643
2015-04-10 00:00:00,1.3127946434253288
2015-04-13 00:00:00,1.3095237508031348
2015-04-14 00:00:00,1.3057682814961713
2015-04-15 00:00:00,1.3138849409660605
2015-04-16 00:00:00,1.3120677783981747
2015-04-17 00:00:00,1.2917155576378558
2015-04-20 00:00:00,1.310977480857443
2015-04-21 00:00:00,1.3165501127322927
2015-04-22 00:00:00,1.3236976188326428
2015-04-23 00:00:00,1.32866452985153
2015-04-24 00:00:00,1.3465938671880016
2015-04-27 00:00:00,1.3432018303946152
2015-04-28 00:00:00,1.340536658628383
2015-04-29 00:00:00,1.3321777108161088
2015-04-30 00:00:00,1.3113409133710205
2015-05-01 00:00:00,1.3285433856803377
2015-05-04 00:00:00,1.3307239807618005
2015-05-05 00:00:00,1.3091603182895577
2015-05-06 00:00:00,1.3001956496213218
2015-05-07 00:00:00,1.3079488765776337
2015-05-08 00:00:00,1.324182195517412
2015-05-11 00:00:00,1.3190941403273322
2015-05-12 00:00:00,1.3131580759389059
2015-05-13 00:00:00,1.3158232477051381
2015-05-14 00:00:00,1.3349640267535337
2015-05-15 00:00:00,1.3349640267535337
2015-05-18 00:00:00,1.3407789469707676
2015-05-19 00:00:00,1.3393252169164591
2015-05-20 00:00:00,1.3401732261148058
2015-05-21 00:00:00,1.347078443872771
2015-05-22 00:00:00,1.345745857989655
2015-05-26 00:00:00,1.3303605482482233
2015-05-27 00:00:00,1.3516819223780814
2015-05-28 00:00:00,1.348653318098272
2015-05-29 00:00:00,1.3406578027995752
2015-06-01 00:00:00,1.3451401371336933
2015-06-02 00:00:00,1.34090009114196
2015-06-03 00:00:00,1.3448978487913086
2015-06-04 00:00:00,1.334721738411149
2015-06-05 00:00:00,1.331571989960147
2015-06-08 00:00:00,1.3181249869577933
2015-06-09 00:00:00,1.315944391876331
2015-06-10 00:00:00,1.3338737292128022
2015-06-11 00:00:00,1.3358120359518801
2015-06-12 00:00:00,1.3249090605445666
2015-06-15 00:00:00,1.318367275300178
2015-06-16 00:00:00,1.3255147814005284
2015-06-17 00:00:00,1.3291491065362995
2015-06-18 00:00:00,1.3484110297558873
2015-06-19 00:00:00,1.3387194960604971
2015-06-22 00:00:00,1.3485321739270797
2015-06-23 00:00:00,1.349622471467811
2015-06-24 00:00:00,1.3427172537098457
2015-06-25 00:00:00,1.3400520819436135
2015-06-26 00:00:00,1.33120855744657
2015-06-29 00:00:00,1.2999533612789371
2015-06-30 00:00:00,1.3045568397842473
2015-07-01 00:00:00,1.3148540943355993
2015-07-02 00:00:00,1.3152175268491764
2015-07-06 00:00:00,1.312188922569367
2015-07-07 00:00:00,1.315459815191561
2015-07-08 00:00:00,1.2926847110073947
2015-07-09 00:00:00,1.2919578459802403
2015-07-10 00:00:00,1.3115832017134053
2015-07-13 00:00:00,1.3223584427066137
2015-07-14 00:00:00,1.3223584427066137
2015-07-15 00:00:00,1.3223584427066137
2015-07-16 00:00:00,1.3223584427066137
2015-07-17 00:00:00,1.3223584427066137
2015-07-20 00:00:00,1.3223584427066137
2015-07-21 00:00:00,1.321082706619105
2015-07-22 00:00:00,1.3061218015928684
2015-07-23 00:00:00,1.3012508092587447
2015-07-24 00:00:00,1.2884934483836588
2015-07-27 00:00:00,1.274580609582138
2015-07-28 00:00:00,1.2798784055558234
2015-07-29 00:00:00,1.2847155236187537
2015-07-30 00:00:00,1.290819505936261
2015-07-31 00:00:00,1.2893223027263065
2015-08-03 00:00:00,1.2852913710071978
2015-08-04 00:00:00,1.2828728119757327
2015-08-05 00:00:00,1.292662217579282
2015-08-06 00:00:00,1.272046881072984
2015-08-07 00:00:00,1.2704345083853406
2015-08-10 00:00:00,1.2849458625741312
2015-08-11 00:00:00,1.2684766272646306
2015-08-12 00:00:00,1.2728530674168057
2015-08-13 00:00:00,1.270780016818407
2015-08-14 00:00:00,1.2727378979391168
2015-08-17 00:00:00,1.2833334898864879
2015-08-18 00:00:00,1.2767688296582254
2015-08-19 00:00:00,1.2683614577869418
2015-08-20 00:00:00,1.2332347670918526
2015-08-21 00:00:00,1.2153343437170083
2015-08-24 00:00:00,1.2153343437170083
2015-08-25 00:00:00,1.2153343437170083
2015-08-26 00:00:00,1.2153343437170083
2015-08-27 00:00:00,1.2153343437170083
2015-08-28 00:00:00,1.2153343437170083
2015-08-31 00:00:00,1.2153343437170083
2015-09-01 00:00:00,1.2153343437170083
2015-09-02 00:00:00,1.2153343437170083
2015-09-03 00:00:00,1.2153343437170083
2015-09-04 00:00:00,1.2153343437170083
2015-09-08 00:00:00,1.2153343437170083
2015-09-09 00:00:00,1.2153343437170083
2015-09-10 00:00:00,1.2153343437170083
2015-09-11 00:00:00,1.2153343437170083
2015-09-14 00:00:00,1.2153343437170083
2015-09-15 00:00:00,1.2153343437170083
2015-09-16 00:00:00,1.2153343437170083
2015-09-17 00:00:00,1.2153343437170083
2015-09-18 00:00:00,1.2153343437170083
2015-09-21 00:00:00,1.2153343437170083
2015-09-22 00:00:00,1.2153343437170083
2015-09-23 00:00:00,1.2153343437170083
2015-09-24 00:00:00,1.2153343437170083
2015-09-25 00:00:00,1.2153343437170083
2015-09-28 00:00:00,1.2153343437170083
2015-09-29 00:00:00,1.2153343437170083
2015-09-30 00:00:00,1.2153343437170083
2015-10-01 00:00:00,1.2153343437170083
2015-10-02 00:00:00,1.2153343437170083
2015-10-05 00:00:00,1.2153343437170083
2015-10-06 00:00:00,1.2153343437170083
2015-10-07 00:00:00,1.2153343437170083
2015-10-08 00:00:00,1.2153343437170083
2015-10-09 00:00:00,1.2153343437170083
2015-10-12 00:00:00,1.2153343437170083
2015-10-13 00:00:00,1.2153343437170083
2015-10-14 00:00:00,1.2153343437170083
2015-10-15 00:00:00,1.2153343437170083
2015-10-16 00:00:00,1.2153343437170083
2015-10-19 00:00:00,1.2153343437170083
2015-10-20 00:00:00,1.2153343437170083
2015-10-21 00:00:00,1.2153343437170083
2015-10-22 00:00:00,1.2291144067956579
2015-10-23 00:00:00,1.2635085479757024
2015-10-26 00:00:00,1.2642927792078207
2015-10-27 00:00:00,1.266869538970495
2015-10-28 00:00:00,1.2774006440875119
2015-10-29 00:00:00,1.2753840494906363
2015-10-30 00:00:00,1.2696703647994887
2015-11-02 00:00:00,1.2840105930439374
2015-11-03 00:00:00,1.2884919143703275
2015-11-04 00:00:00,1.2886039474034872
2015-11-05 00:00:00,1.2851309233755348
2015-11-06 00:00:00,1.286027187640813
2015-11-09 00:00:00,1.2723591575953228
2015-11-10 00:00:00,1.2691101996336902
2015-11-11 00:00:00,1.2675417371694537
2015-11-12 00:00:00,1.2552181035218808
2015-11-13 00:00:00,1.230570836226735
2015-11-16 00:00:00,1.2482720554659759
2015-11-17 00:00:00,1.249056286698094
2015-11-18 00:00:00,1.2730313557942814
2015-11-19 00:00:00,1.2739276200595595
2015-11-20 00:00:00,1.2825541636128603
2015-11-23 00:00:00,1.278857073518589
2015-11-24 00:00:00,1.277736743186991
2015-11-25 00:00:00,1.278857073518589
2015-11-27 00:00:00,1.280649602049145
2015-11-30 00:00:00,1.2774006440875119
2015-12-01 00:00:00,1.2901724098677236
2015-12-02 00:00:00,1.2822180645133814
2015-12-03 00:00:00,1.2604836560803891
2015-12-04 00:00:00,1.2899483438014043
2015-12-07 00:00:00,1.284122626077097
2015-12-08 00:00:00,1.284234659110257
2015-12-09 00:00:00,1.2647409113404595
2015-12-10 00:00:00,1.2704545960316074
2015-12-11 00:00:00,1.2412139743769113
2015-12-14 00:00:00,1.2506247491623306
2015-12-15 00:00:00,1.2582429954171939
2015-12-16 00:00:00,1.276952511954873
2015-12-17 00:00:00,1.2583550284503535
2015-12-18 00:00:00,1.230458803193575
2015-12-21 00:00:00,1.244126833239065
2015-12-22 00:00:00,1.2523052446597271
2015-12-23 00:00:00,1.2616039864119866
2015-12-24 00:00:00,1.261379920345667
2015-12-28 00:00:00,1.2607077221467087
2015-12-29 00:00:00,1.280537569015985
2015-12-30 00:00:00,1.2689981666005303
2015-12-31 00:00:00,1.253201508925005
2016-01-04 00:00:00,1.2267617130993032
2016-01-05 00:00:00,1.2246330854692677
2016-01-06 00:00:00,1.2128696169874937
2016-01-07 00:00:00,1.1748904187463372
2016-01-08 00:00:00,1.1652555778945983
2016-01-11 00:00:00,1.158671701587348
2016-01-12 00:00:00,1.158671701587348
2016-01-13 00:00:00,1.158671701587348
2016-01-14 00:00:00,1.158671701587348
2016-01-15 00:00:00,1.158671701587348
2016-01-19 00:00:00,1.158671701587348
2016-01-20 00:00:00,1.158671701587348
2016-01-21 00:00:00,1.158671701587348
2016-01-22 00:00:00,1.158671701587348
2016-01-25 00:00:00,1.158671701587348
2016-01-26 00:00:00,1.158671701587348
2016-01-27 00:00:00,1.158671701587348
2016-01-28 00:00:00,1.158671701587348
2016-01-29 00:00:00,1.158671701587348
2016-02-01 00:00:00,1.158671701587348
2016-02-02 00:00:00,1.158671701587348
2016-02-03 00:00:00,1.158671701587348
2016-02-04 00:00:00,1.158671701587348
2016-02-05 00:00:00,1.158671701587348
2016-02-08 00:00:00,1.158671701587348
2016-02-09 00:00:00,1.158671701587348
2016-02-10 00:00:00,1.158671701587348
2016-02-11 00:00:00,1.158671701587348
2016-02-12 00:00:00,1.158671701587348
2016-02-16 00:00:00,1.158671701587348
2016-02-17 00:00:00,1.158671701587348
2016-02-18 00:00:00,1.158671701587348
2016-02-19 00:00:00,1.158671701587348
2016-02-22 00:00:00,1.158671701587348
2016-02-23 00:00:00,1.158671701587348
2016-02-24 00:00:00,1.158671701587348
2016-02-25 00:00:00,1.158671701587348
2016-02-26 00:00:00,1.158671701587348
2016-02-29 00:00:00,1.158671701587348
2016-03-01 00:00:00,1.158671701587348
2016-03-02 00:00:00,1.158671701587348
2016-03-03 00:00:00,1.158671701587348
2016-03-04 00:00:00,1.158671701587348
2016-03-07 00:00:00,1.158671701587348
2016-03-08 00:00:00,1.158671701587348
2016-03-09 00:00:00,1.158671701587348
2016-03-10 00:00:00,1.158671701587348
2016-03-11 00:00:00,1.158671701587348
2016-03-14 00:00:00,1.158671701587348
2016-03-15 00:00:00,1.158671701587348
2016-03-16 00:00:00,1.158671701587348
2016-03-17 00:00:00,1.158671701587348
2016-03-18 00:00:00,1.158671701587348
2016-03-21 00:00:00,1.158671701587348
2016-03-22 00:00:00,1.158671701587348
2016-03-23 00:00:00,1.1513702767233003
2016-03-24 00:00:00,1.1516923984084788
2016-03-28 00:00:00,1.150081789982586
2016-03-29 00:00:00,1.1685500999328244
2016-03-30 00:00:00,1.1742409163709793
2016-03-31 00:00:00,1.172522934050027
2016-04-01 00:00:00,1.184978305876932
2016-04-04 00:00:00,1.1804686022844317
2016-04-05 00:00:00,1.169086969408122
2016-04-06 00:00:00,1.1883068966237773
2016-04-07 00:00:00,1.1712344473093128
2016-04-08 00:00:00,1.1703754561488364
2016-04-11 00:00:00,1.1660805003464554
2016-04-12 00:00:00,1.1758515247968724
2016-04-13 00:00:00,1.190883870105206
2016-04-14 00:00:00,1.1909912440002655
2016-04-15 00:00:00,1.1879847749385988
2016-04-18 00:00:00,1.1943198347471107
2016-04-19 00:00:00,1.187018409883063
2016-04-20 00:00:00,1.1879847749385988
2016-04-21 00:00:00,1.1880921488336582
2016-04-22 00:00:00,1.1701607083587173
2016-04-25 00:00:00,1.1701607083587173
2016-04-26 00:00:00,1.1644698919205625
2016-04-27 00:00:00,1.1551283630503837
2016-04-28 00:00:00,1.1411697566926453
2016-04-29 00:00:00,1.1351568185693117
2016-05-02 00:00:00,1.1458942080752643
2016-05-03 00:00:00,1.1352641924643714
2016-05-04 00:00:00,1.1279627676003234
2016-05-05 00:00:00,1.127640645915145
2016-05-06 00:00:00,1.1336535840384785
2016-05-09 00:00:00,1.136874800890264
2016-05-10 00:00:00,1.1524440156738955
2016-05-11 00:00:00,1.1420287478531215
2016-05-12 00:00:00,1.1369821747853237
2016-05-13 00:00:00,1.1327945928780023
2016-05-16 00:00:00,1.1469679470258596
2016-05-17 00:00:00,1.1325798450878832
2016-05-18 00:00:00,1.1366600531001452
2016-05-19 00:00:00,1.1307544888718712
2016-05-20 00:00:00,1.1432098606987764
2016-05-23 00:00:00,1.141706626167943
2016-05-24 00:00:00,1.164577265815622
2016-05-25 00:00:00,1.172952429630265
2016-05-26 00:00:00,1.1763883942721698
2016-05-27 00:00:00,1.1825087062905628
2016-05-31 00:00:00,1.1847635580868128
2016-06-01 00:00:00,1.1848709319818722
2016-06-02 00:00:00,1.1873405315682415
2016-06-03 00:00:00,1.1817570890251463
2016-06-06 00:00:00,1.1860520448275271
2016-06-07 00:00:00,1.1830455757658607
2016-06-08 00:00:00,1.1850856797719915
2016-06-09 00:00:00,1.18315294966092
2016-06-10 00:00:00,1.1697312127784794
2016-06-13 00:00:00,1.1599601883280624
2016-06-14 00:00:00,1.1599601883280624
2016-06-15 00:00:00,1.156631597581217
2016-06-16 00:00:00,1.160067562223122
2016-06-17 00:00:00,1.1434246084888953
2016-06-20 00:00:00,1.1506186594578836
2016-06-21 00:00:00,1.1542693718899075
2016-06-22 00:00:00,1.1514776506183597
2016-06-23 00:00:00,1.1601409630177848
2016-06-24 00:00:00,1.1601409630177848
2016-06-27 00:00:00,1.1601409630177848
2016-06-28 00:00:00,1.1601409630177848
2016-06-29 00:00:00,1.1601409630177848
2016-06-30 00:00:00,1.1601409630177848
2016-07-01 00:00:00,1.1601409630177848
2016-07-05 00:00:00,1.1601409630177848
2016-07-06 00:00:00,1.1601409630177848
2016-07-07 00:00:00,1.1601409630177848
2016-07-08 00:00:00,1.1601409630177848
2016-07-11 00:00:00,1.1601409630177848
2016-07-12 00:00:00,1.1601409630177848
2016-07-13 00:00:00,1.1601409630177848
2016-07-14 00:00:00,1.1603482050619112
2016-07-15 00:00:00,1.1584830266647763
2016-07-18 00:00:00,1.1661509822974412
2016-07-19 00:00:00,1.1619025203928564
2016-07-20 00:00:00,1.1754768742831145
2016-07-21 00:00:00,1.1727827277094758
2016-07-22 00:00:00,1.1776529157464386
2016-07-25 00:00:00,1.1777565367685014
2016-07-26 00:00:00,1.1791036100553212
2016-07-27 00:00:00,1.1872896707983012
2016-07-28 00:00:00,1.1914345116808227
2016-07-29 00:00:00,1.1940250372323986
2016-08-01 00:00:00,1.200345919578244
2016-08-02 00:00:00,1.1912272696366966
2016-08-03 00:00:00,1.1951648684750922
2016-08-04 00:00:00,1.1985843622031722
2016-08-05 00:00:00,1.2100862956521696
2016-08-08 00:00:00,1.2087392223653504
2016-08-09 00:00:00,1.2115369899610522
2016-08-10 00:00:00,1.2084283592991611
2016-08-11 00:00:00,1.213609410402313
2016-08-12 00:00:00,1.2144383785788173
2016-08-15 00:00:00,1.2196194296819691
2016-08-16 00:00:00,1.2128840632478717
2016-08-17 00:00:00,1.2150601047111955
2016-08-18 00:00:00,1.2153709677773847
2016-08-19 00:00:00,1.2150601047111955
2016-08-22 00:00:00,1.2159926939097627
2016-08-23 00:00:00,1.2181687353730866
2016-08-24 00:00:00,1.2102935376962956
2016-08-25 00:00:00,1.208324738277098
2016-08-26 00:00:00,1.2100862956521696
2016-08-29 00:00:00,1.2117442320051781
2016-08-30 00:00:00,1.2078066331667827
2016-08-31 00:00:00,1.2065631809020263
2016-09-01 00:00:00,1.2096718115639173
2016-09-02 00:00:00,1.213609410402313
2016-09-06 00:00:00,1.2211737450129148
2016-09-07 00:00:00,1.2218990921673563
2016-09-08 00:00:00,1.2147492416450065
2016-09-09 00:00:00,1.18418104013641
2016-09-12 00:00:00,1.205423349659333
2016-09-13 00:00:00,1.1946467633647768
2016-09-14 00:00:00,1.200345919578244
2016-09-15 00:00:00,1.218997703549591
2016-09-16 00:00:00,1.2153709677773847
2016-09-19 00:00:00,1.2100862956521696
2016-09-20 00:00:00,1.2123659581375565
2016-09-21 00:00:00,1.224282375674806
2016-09-22 00:00:00,1.2340227517487317
2016-09-23 00:00:00,1.2261475540719406
2016-09-26 00:00:00,1.2158890728876999
2016-09-27 00:00:00,1.2279091114470124
2016-09-28 00:00:00,1.2299815318882732
2016-09-29 00:00:00,1.2210701239908517
2016-09-30 00:00:00,1.2301887739323993
2016-10-03 00:00:00,1.2284272165573276
2016-10-04 00:00:00,1.226562038160193
2016-10-05 00:00:00,1.2309141210868406
2016-10-06 00:00:00,1.2302923949544622
2016-10-07 00:00:00,1.2275982483808232
2016-10-10 00:00:00,1.2353698250355512
2016-10-11 00:00:00,1.2177542512848347
2016-10-12 00:00:00,1.216718041064204
2016-10-13 00:00:00,1.2123659581375565
2016-10-14 00:00:00,1.213816652446439
2016-10-17 00:00:00,1.2105007797404217
2016-10-18 00:00:00,1.221277366034978
2016-10-19 00:00:00,1.2211737450129148
2016-10-20 00:00:00,1.2197230507040322
2016-10-21 00:00:00,1.224282375674806
2016-10-24 00:00:00,1.2389965608077576
2016-10-25 00:00:00,1.235058961969362
2016-10-26 00:00:00,1.226665659182256
2016-10-27 00:00:00,1.2210701239908517
2016-10-28 00:00:00,1.2134021683581868
2016-10-31 00:00:00,1.2122623371154935
2016-11-01 00:00:00,1.2031436871739463
2016-11-02 00:00:00,1.1935069321220837
2016-11-03 00:00:00,1.18179775662896
2016-11-04 00:00:00,1.1776529157464386
2016-11-07 00:00:00,1.205630591703459
2016-11-08 00:00:00,1.2135057893802499
2016-11-09 00:00:00,1.2191013245716542
2016-11-10 00:00:00,1.1994133303796766
2016-11-11 00:00:00,1.1999314354899917
2016-11-14 00:00:00,1.187807775908616
2016-11-15 00:00:00,1.2042835184166394
2016-11-16 00:00:00,1.2114333689389891
2016-11-17 00:00:00,1.2104512074434668
2016-11-18 00:00:00,1.2104512074434668
2016-11-21 00:00:00,1.2104512074434668
2016-11-22 00:00:00,1.2104512074434668
2016-11-23 00:00:00,1.2104512074434668
2016-11-25 00:00:00,1.2104512074434668
2016-11-28 00:00:00,1.2093289077737197
2016-11-29 00:00:00,1.2135120247245947
2016-11-30 00:00:00,1.1988201017751798
2016-12-01 00:00:00,1.178108571506213
2016-12-02 00:00:00,1.1804551980884113
2016-12-05 00:00:00,1.1862967066530985
2016-12-06 00:00:00,1.1862967066530985
2016-12-07 00:00:00,1.1862967066530985
2016-12-08 00:00:00,1.1862967066530985
2016-12-09 00:00:00,1.1862967066530985
2016-12-12 00:00:00,1.1863964373556333
2016-12-13 00:00:00,1.2013560427358743
2016-12-14 00:00:00,1.1988627751725007
2016-12-15 00:00:00,1.2007576585206647
2016-12-16 00:00:00,1.1927792023178696
2016-12-19 00:00:00,1.1976660067420815
2016-12-20 00:00:00,1.2022536190586885
2016-12-21 00:00:00,1.2013560427358743
2016-12-22 00:00:00,1.1979651988496864
2016-12-23 00:00:00,1.1987630444699657
2016-12-27 00:00:00,1.204946348027132
2016-12-28 00:00:00,1.1955716619888477
2016-12-29 00:00:00,1.1938762400457539
2016-12-30 00:00:00,1.1816093636339564
2017-01-03 00:00:00,1.19218081810266
2017-01-04 00:00:00,1.1986633137674307
2017-01-05 00:00:00,1.2054450015398068
2017-01-06 00:00:00,1.2160164560085103
2017-01-09 00:00:00,1.2200056841099078
2017-01-10 00:00:00,1.222698413078351
2017-01-11 00:00:00,1.2259895262620042
2017-01-12 00:00:00,1.2240946429138404
2017-01-13 00:00:00,1.2282833324203077
2017-01-17 00:00:00,1.2245932964265152
2017-01-18 00:00:00,1.2270865639898887
2017-01-19 00:00:00,1.2264881797746787
2017-01-20 00:00:00,1.2291809087431222
2017-01-23 00:00:00,1.2301782157684715
2017-01-24 00:00:00,1.2384558640788716
2017-01-25 00:00:00,1.2509222018957389
2017-01-26 00:00:00,1.2522187010286931
2017-01-27 00:00:00,1.2546122378895317
2017-01-30 00:00:00,1.2448386290411075
2017-01-31 00:00:00,1.2423453614777342
2017-02-01 00:00:00,1.2509222018957389
2017-02-02 00:00:00,1.2498251641678546
2017-02-03 00:00:00,1.2534154694591124
2017-02-06 00:00:00,1.2549114299971365
2017-02-07 00:00:00,1.2594990423137438
2017-02-08 00:00:00,1.2615933870669773
2017-02-09 00:00:00,1.2661809993835844
2017-02-10 00:00:00,1.270369688890052
2017-02-13 00:00:00,1.2775502994725676
2017-02-14 00:00:00,1.28183871968157
2017-02-15 00:00:00,1.2894182530742253
2017-02-16 00:00:00,1.2890193302640855
2017-02-17 00:00:00,1.2946042496060421
2017-02-21 00:00:00,1.3009870145682783
2017-02-22 00:00:00,1.301485668080953
2017-02-23 00:00:00,1.296598863656741
2017-02-24 00:00:00,1.2990921312201142
2017-02-27 00:00:00,1.3006878224606733
2017-02-28 00:00:00,1.296698594359276
2017-03-01 00:00:00,1.310860354119237
2017-03-02 00:00:00,1.3042781277519313
2017-03-03 00:00:00,1.30667166461277
2017-03-06 00:00:00,1.3037794742392566
2017-03-07 00:00:00,1.3015853987834878
2017-03-08 00:00:00,1.3038792049417915
2017-03-09 00:00:00,1.3048765119671408
2017-03-10 00:00:00,1.3103617006065622
2017-03-13 00:00:00,1.3125557760623312
2017-03-14 00:00:00,1.309364393581213
2017-03-15 00:00:00,1.317442580486543
2017-03-16 00:00:00,1.3165450041637285
2017-03-17 00:00:00,1.3133536216826105
2017-03-20 00:00:00,1.31455039011303
2017-03-21 00:00:00,1.2946042496060421
2017-03-22 00:00:00,1.3033805514291168
2017-03-23 00:00:00,1.300089438245464
2017-03-24 00:00:00,1.302782167213907
2017-03-27 00:00:00,1.3048765119671408
2017-03-28 00:00:00,1.3128549681699357
2017-03-29 00:00:00,1.3189385410245673
2017-03-30 00:00:00,1.3211326164803359
2017-03-31 00:00:00,1.3202350401575214
2017-04-03 00:00:00,1.319437194537242
2017-04-04 00:00:00,1.3215315392904754
2017-04-05 00:00:00,1.316146081353589
2017-04-06 00:00:00,1.3168441962713335
2017-04-07 00:00:00,1.316146081353589
2017-04-10 00:00:00,1.3166447348662638
2017-04-11 00:00:00,1.310960084821772
2017-04-12 00:00:00,1.3056743575874201
2017-04-13 00:00:00,1.3004883610556037
2017-04-17 00:00:00,1.311259276929377
2017-04-18 00:00:00,1.3092646628786782
2017-04-19 00:00:00,1.311359007631912
2017-04-20 00:00:00,1.3223293849107554
2017-04-21 00:00:00,1.3220301928031506
2017-04-24 00:00:00,1.3379871052087406
2017-04-25 00:00:00,1.3476609833546296
2017-04-26 00:00:00,1.3457661000064658
2017-04-27 00:00:00,1.353844286911796
2017-04-28 00:00:00,1.3562378237726347
2017-05-01 00:00:00,1.3683052387793617
2017-05-02 00:00:00,1.3705990449376657
2017-05-03 00:00:00,1.3662108940261284
2017-05-04 00:00:00,1.366709547538803
2017-05-05 00:00:00,1.3716960826655498
2017-05-08 00:00:00,1.374688003741598
2017-05-09 00:00:00,1.379475077463275
2017-05-10 00:00:00,1.3802729230835549
2017-05-11 00:00:00,1.3791758853556702
2017-05-12 00:00:00,1.3822675371342534
2017-05-15 00:00:00,1.3866556880457905
2017-05-16 00:00:00,1.3924400687928173
2017-05-17 00:00:00,1.357035669392914
2017-05-18 00:00:00,1.3689036229945717
2017-05-19 00:00:00,1.374688003741598
2017-05-22 00:00:00,1.386256765235651
2017-05-23 00:00:00,1.3876529950711398
2017-05-24 00:00:00,1.3940357600333761
2017-05-25 00:00:00,1.4059037136350339
2017-05-26 00:00:00,1.4083969811984074
2017-05-30 00:00:00,1.4095937496288267
2017-05-31 00:00:00,1.409095096116152
2017-06-01 00:00:00,1.4145802847555737
2017-06-02 00:00:00,1.4307366585662338
2017-06-05 00:00:00,1.430437466458629
2017-06-06 00:00:00,1.4247528164141374
2017-06-07 00:00:00,1.430337735756094
2017-06-08 00:00:00,1.431833696294118
2017-06-09 00:00:00,1.396030374084075
2017-06-12 00:00:00,1.3885505713939545
2017-06-13 00:00:00,1.399820140780403
2017-06-14 00:00:00,1.3937365679257714
2017-06-15 00:00:00,1.3875532643686053
2017-06-16 00:00:00,1.3777796555201813
2017-06-19 00:00:00,1.4008174478057522
2017-06-20 00:00:00,1.3898470705269088
2017-06-21 00:00:00,1.4036099074767305
2017-06-22 00:00:00,1.4032109846665906
2017-06-23 00:00:00,1.4085964426034774
2017-06-26 00:00:00,1.4020142162361713
2017-06-27 00:00:00,1.376582887089762
2017-06-28 00:00:00,1.396429296894215
2017-06-29 00:00:00,1.3721947361782247
2017-06-30 00:00:00,1.3726933896908993
2017-07-03 00:00:00,1.3582324577694738
2017-07-05 00:00:00,1.371596351963015
2017-07-06 00:00:00,1.3592297448486825
2017-07-07 00:00:00,1.3738901581213185
2017-07-10 00:00:00,1.382865921349463
2017-07-11 00:00:00,1.3867554187483258
2017-07-12 00:00:00,1.4032109846665906
2017-07-13 00:00:00,1.4063026364451736
2017-07-14 00:00:00,1.4173727444265518
2017-07-17 00:00:00,1.4180708593442963
2017-07-18 00:00:00,1.4275452760851155
2017-07-19 00:00:00,1.4359226550980504
2017-07-20 00:00:00,1.4378175384462144
2017-07-21 00:00:00,1.437219154231005
2017-07-24 00:00:00,1.4438013805983108
2017-07-25 00:00:00,1.440111344604518
2017-07-26 00:00:00,1.4447986876236603
2017-07-27 00:00:00,1.4357231936929808
2017-07-28 00:00:00,1.4345264252625616
2017-07-31 00:00:00,1.42844285240793
2017-08-01 00:00:00,1.431733965591583
2017-08-02 00:00:00,1.4356234629904456
2017-08-03 00:00:00,1.4300385436484893
2017-08-04 00:00:00,1.4326315419143976
2017-08-07 00:00:00,1.4417070358450772
2017-08-08 00:00:00,1.4392137682817037
2017-08-09 00:00:00,1.4373188849335397
2017-08-10 00:00:00,1.4065020978502438
2017-08-11 00:00:00,1.417173283021482
2017-08-14 00:00:00,1.4354240015853759
2017-08-15 00:00:00,1.4364213086107251
2017-08-16 00:00:00,1.4389145761740987
2017-08-17 00:00:00,1.4094940189262921
2017-08-18 00:00:00,1.4084967119009424
2017-08-21 00:00:00,1.4067015592553136
2017-08-22 00:00:00,1.4281436603003252
2017-08-23 00:00:00,1.4230573944710434
2017-08-24 00:00:00,1.418868704964576
2017-08-25 00:00:00,1.4158767838885278
2017-08-28 00:00:00,1.420264934800065
2017-08-29 00:00:00,1.425849854142022
2017-08-30 00:00:00,1.4426046121678915
2017-08-31 00:00:00,1.458062871060807
2017-09-01 00:00:00,1.4560682570101084
2017-09-05 00:00:00,1.4430035349780312
2017-09-06 00:00:00,1.4473916858895686
2017-09-07 00:00:00,1.4507825297757564
2017-09-08 00:00:00,1.4382164612563544
2017-09-11 00:00:00,1.454771757877154
2017-09-12 00:00:00,1.458262332465877
2017-09-13 00:00:00,1.4602569465165756
2017-09-14 00:00:00,1.451680106098571
2017-09-15 00:00:00,1.456666641225318
2017-09-18 00:00:00,1.4515803753960363
2017-09-19 00:00:00,1.4540736429594097
2017-09-20 00:00:00,1.4495857613453371
2017-09-21 00:00:00,1.4407097288197277
2017-09-22 00:00:00,1.4393134989842384
2017-09-25 00:00:00,1.424154432198928
2017-09-26 00:00:00,1.4278444681927205
2017-09-27 00:00:00,1.4407097288197277
2017-09-28 00:00:00,1.440211075307053
2017-09-29 00:00:00,1.4505830683706864
2017-10-02 00:00:00,1.4518795675036409
2017-10-03 00:00:00,1.4549712192822237
2017-10-04 00:00:00,1.456367449117713
2017-10-05 00:00:00,1.4706289395802092
2017-10-06 00:00:00,1.472623553630908
2017-10-09 00:00:00,1.4709281316878142
2017-10-10 00:00:00,1.4720251694156983
2017-10-11 00:00:00,1.4764133203272358
2017-10-12 00:00:00,1.4737205913587925
2017-10-13 00:00:00,1.4794052414032839
2017-10-16 00:00:00,1.4844915072325657
2017-10-17 00:00:00,1.4863863905807295
2017-10-18 00:00:00,1.484591237935101
2017-10-19 00:00:00,1.4791060492956793
2017-10-20 00:00:00,1.483095277397077
2017-10-23 00:00:00,1.4734213992511878
2017-10-24 00:00:00,1.4759146668145613
2017-10-25 00:00:00,1.4703297474726045
2017-10-26 00:00:00,1.4656424044534624
2017-10-27 00:00:00,1.5083271451384164
2017-10-30 00:00:00,1.5117179890246042
2017-10-31 00:00:00,1.5174026390690956
2017-11-01 00:00:00,1.5169039855564208
2017-11-02 00:00:00,1.514011795182908
2017-11-03 00:00:00,1.5285724777530088
2017-11-06 00:00:00,1.5337584742848256
2017-11-07 00:00:00,1.53465605060764
2017-11-08 00:00:00,1.5408393541648064
2017-11-09 00:00:00,1.5327611672594763
2017-11-10 00:00:00,1.5326614365569413
2017-11-13 00:00:00,1.5345563199051053
2017-11-14 00:00:00,1.5289714005631487
2017-11-15 00:00:00,1.521790789980633
2017-11-16 00:00:00,1.541238276974946
2017-11-17 00:00:00,1.5353541655253846
2017-11-20 00:00:00,1.5341573970949656
2017-11-21 00:00:00,1.5508124244183001
2017-11-22 00:00:00,1.5527073077664642
2017-11-24 00:00:00,1.5583919578109555
2017-11-27 00:00:00,1.557693842893211
2017-11-28 00:00:00,1.5616830709946086
2017-11-29 00:00:00,1.5344565892025703
2017-11-30 00:00:00,1.5473218498295773
2017-12-01 00:00:00,1.5407396234622717
2017-12-04 00:00:00,1.5229875584110524
2017-12-05 00:00:00,1.5239848654364017
2017-12-06 00:00:00,1.5308662839113125
2017-12-07 00:00:00,1.5360522804431294
2017-12-08 00:00:00,1.542833968215505
2017-12-11 00:00:00,1.5548016525196977
2017-12-12 00:00:00,1.5527073077664642
2017-12-13 00:00:00,1.5556992288425122
2017-12-14 00:00:00,1.5546021911146277
2017-12-15 00:00:00,1.5722545254633122
2017-12-18 00:00:00,1.5821278650142712
2017-12-19 00:00:00,1.5727531789759868
2017-12-20 00:00:00,1.571057757032893
2017-12-21 00:00:00,1.571257218437963
2017-12-22 00:00:00,1.5694620657923337
2017-12-26 00:00:00,1.560984956076864
2017-12-27 00:00:00,1.5611844174819338
2017-12-28 00:00:00,1.5630793008300978
2017-12-29 00:00:00,1.5534054226842087
2018-01-02 00:00:00,1.5806319044762471
2018-01-03 00:00:00,1.5959904326666277
2018-01-04 00:00:00,1.598782892337606
2018-01-05 00:00:00,1.614839535445731
2018-01-08 00:00:00,1.6211225697054323
2018-01-09 00:00:00,1.6212223004079669
2018-01-10 00:00:00,1.6174325337116395
2018-01-11 00:00:00,1.6285026416930175
2018-01-12 00:00:00,1.6404703259972104
2018-01-16 00:00:00,1.6357829829780681
2018-01-17 00:00:00,1.6534353173267522
2018-01-18 00:00:00,1.6537345094343572
2018-01-19 00:00:00,1.658920505966174
2018-01-22 00:00:00,1.676672571017393
2018-01-23 00:00:00,1.6905351386697496
2018-01-24 00:00:00,1.6795647613909064
2018-01-25 00:00:00,1.6789663771756969
2018-01-26 00:00:00,1.7046968984297108
2018-01-29 00:00:00,1.696419250119311
2018-01-30 00:00:00,1.6824569517644195
2018-01-31 00:00:00,1.6894381009418655
2018-02-01 00:00:00,1.6750768797768343
2018-02-02 00:00:00,1.6416670944276297
2018-02-05 00:00:00,1.5769418684824543
2018-02-06 00:00:00,1.6187290328445936
2018-02-07 00:00:00,1.5977855853122565
2018-02-08 00:00:00,1.5303676303986378
2018-02-09 00:00:00,1.5567962665703965
2018-02-12 00:00:00,1.5844216711725747
2018-02-13 00:00:00,1.5925995887804396
2018-02-14 00:00:00,1.6224190688383864
2018-02-15 00:00:00,1.652537741003938
2018-02-16 00:00:00,1.6451576690163525
2018-02-20 00:00:00,1.6484487822000053
2018-02-21 00:00:00,1.6437614391808633
2018-02-22 00:00:00,1.6435619777757937
2018-02-23 00:00:00,1.6771712245300676
2018-02-26 00:00:00,1.6994111711953592
2018-02-27 00:00:00,1.6783679929604869
2018-02-28 00:00:00,1.667597077086714
2018-03-01 00:00:00,1.6403705952946752
2018-03-02 00:00:00,1.6554299313774514
2018-03-05 00:00:00,1.6737803806438802
2018-03-06 00:00:00,1.6808612605238604
2018-03-07 00:00:00,1.6847507579227232
2018-03-08 00:00:00,1.6940257132584726
2018-03-09 00:00:00,1.7269368450950022
2018-03-12 00:00:00,1.7361120697282169
2018-03-13 00:00:00,1.7124758932274364
2018-03-14 00:00:00,1.7121767011198314
2018-03-15 00:00:00,1.7106807405818074
2018-03-16 00:00:00,1.7055944747525253
2018-03-19 00:00:00,1.6665000393588292
2018-03-20 00:00:00,1.671985227998251
2018-03-21 00:00:00,1.6647048867132004
2018-03-22 00:00:00,1.6236158372688057
2018-03-23 00:00:00,1.5808313658813167
2018-03-26 00:00:00,1.6395727496743961
2018-03-27 00:00:00,1.5865160159258083
2018-03-28 00:00:00,1.5682652973619147
2018-03-29 00:00:00,1.596987739691977
2018-04-02 00:00:00,1.5509121551208351
2018-04-03 00:00:00,1.5683650280644494
2018-04-04 00:00:00,1.537572375811167
2018-04-05 00:00:00,1.537572375811167
2018-04-06 00:00:00,1.537572375811167
2018-04-09 00:00:00,1.537572375811167
2018-04-10 00:00:00,1.537572375811167
2018-04-11 00:00:00,1.537572375811167
2018-04-12 00:00:00,1.537572375811167
2018-04-13 00:00:00,1.537572375811167
2018-04-16 00:00:00,1.537572375811167
2018-04-17 00:00:00,1.537572375811167
2018-04-18 00:00:00,1.537572375811167
2018-04-19 00:00:00,1.537572375811167
2018-04-20 00:00:00,1.537572375811167
2018-04-23 00:00:00,1.537572375811167
2018-04-24 00:00:00,1.537572375811167
2018-04-25 00:00:00,1.537572375811167
2018-04-26 00:00:00,1.537572375811167
2018-04-27 00:00:00,1.537572375811167
2018-04-30 00:00:00,1.537572375811167
2018-05-01 00:00:00,1.537572375811167
2018-05-02 00:00:00,1.537572375811167
2018-05-03 00:00:00,1.537572375811167
2018-05-04 00:00:00,1.537572375811167
2018-05-07 00:00:00,1.537572375811167
2018-05-08 00:00:00,1.537572375811167
2018-05-09 00:00:00,1.5492567535672703
2018-05-10 00:00:00,1.562720870981588
2018-05-11 00:00:00,1.5614827912193519
2018-05-14 00:00:00,1.5637268107884048
2018-05-15 00:00:00,1.5491793735821306
2018-05-16 00:00:00,1.5577685519326434
2018-05-17 00:00:00,1.5527388528985595
2018-05-18 00:00:00,1.5460067941914004
2018-05-21 00:00:00,1.5532805127945375
2018-05-22 00:00:00,1.551578153121463
2018-05-23 00:00:00,1.5625661110113085
2018-05-24 00:00:00,1.5621792110856096
2018-05-25 00:00:00,1.5634946708329855
2018-05-29 00:00:00,1.5576911719475037
2018-05-30 00:00:00,1.5670541501494142
2018-05-31 00:00:00,1.566202970312877
2018-06-01 00:00:00,1.5868634263451922
2018-06-04 00:00:00,1.5989347040269941
2018-06-05 00:00:00,1.603113223224541
2018-06-06 00:00:00,1.6110059817087965
2018-06-07 00:00:00,1.599940643833811
2018-06-08 00:00:00,1.6000180238189508
2018-06-11 00:00:00,1.6036548831205193
2018-06-12 00:00:00,1.610773841753377
2018-06-13 00:00:00,1.6106964617682369
2018-06-14 00:00:00,1.624470099123114
2018-06-15 00:00:00,1.6196725400444487
2018-06-18 00:00:00,1.6159583007577405
2018-06-19 00:00:00,1.612089301500753
2018-06-20 00:00:00,1.6217617996432225
2018-06-21 00:00:00,1.6098452819316997
2018-06-22 00:00:00,1.6068274625112493
2018-06-25 00:00:00,1.5762623683810455
2018-06-26 00:00:00,1.5816789673408285
2018-06-27 00:00:00,1.5635720508181252
2018-06-28 00:00:00,1.5748695286485297
2018-06-29 00:00:00,1.5784290079649586
2018-07-02 00:00:00,1.5873277062560307
2018-07-03 00:00:00,1.5718517092280795
2018-07-05 00:00:00,1.5882562660777075
2018-07-06 00:00:00,1.6090714820803025
2018-07-09 00:00:00,1.6212975197323838
2018-07-10 00:00:00,1.6223034595392005
2018-07-11 00:00:00,1.6153392608766226
2018-07-12 00:00:00,1.6388627763591086
2018-07-13 00:00:00,1.6400234761362054
2018-07-16 00:00:00,1.6366961367751955
2018-07-17 00:00:00,1.645130555155429
2018-07-18 00:00:00,1.6424996356606771
2018-07-19 00:00:00,1.6355354369980992
2018-07-20 00:00:00,1.63522591705754
2018-07-23 00:00:00,1.6396365762105063
2018-07-24 00:00:00,1.6453626951108482
2018-07-25 00:00:00,1.6648624513660668
2018-07-26 00:00:00,1.6434281954823544
2018-07-27 00:00:00,1.6246248590933936
2018-07-30 00:00:00,1.6052024828233145
2018-07-31 00:00:00,1.6155714008320419
2018-08-01 00:00:00,1.6207558598364056
2018-08-02 00:00:00,1.639404436255087
2018-08-03 00:00:00,1.643660335437774
2018-08-06 00:00:00,1.6518626138625878
2018-08-07 00:00:00,1.6569696928818118
2018-08-08 00:00:00,1.6586720525548864
2018-08-09 00:00:00,1.657820872718349
2018-08-10 00:00:00,1.647065054783923
2018-08-13 00:00:00,1.6455174550811278
2018-08-14 00:00:00,1.6542613934019201
2018-08-15 00:00:00,1.637083036700894
2018-08-16 00:00:00,1.6416484558241398
2018-08-17 00:00:00,1.6419579757646992
2018-08-20 00:00:00,1.640719896002463
2018-08-21 00:00:00,1.645826975021687
2018-08-22 00:00:00,1.6512435739814697
2018-08-23 00:00:00,1.6492316943678362
2018-08-24 00:00:00,1.662231531871315
2018-08-27 00:00:00,1.67662420910731
2018-08-28 00:00:00,1.6787134687060834
2018-08-29 00:00:00,1.6951954055408516
2018-08-30 00:00:00,1.6926418660312397
2018-08-31 00:00:00,1.6944989856745938
2018-09-04 00:00:00,1.6883085868634133
2018-09-05 00:00:00,1.6697373904298713
2018-09-06 00:00:00,1.6570470728669515
2018-09-07 00:00:00,1.6516304739071686
2018-09-10 00:00:00,1.6563506530006937
2018-09-11 00:00:00,1.6671838509202597
2018-09-12 00:00:00,1.663005331722713
2018-09-13 00:00:00,1.6780944288249653
2018-09-14 00:00:00,1.6739159096274185
2018-09-17 00:00:00,1.6534102135653828
2018-09-18 00:00:00,1.6650172113363464
2018-09-19 00:00:00,1.6639338915443898
2018-09-20 00:00:00,1.6795646485426208
2018-09-21 00:00:00,1.6717492700435053
2018-09-24 00:00:00,1.6731421097760208
2018-09-25 00:00:00,1.6750766094045146
2018-09-26 00:00:00,1.6760825492113316
2018-09-27 00:00:00,1.6881538268931338
2018-09-28 00:00:00,1.6878443069525746
2018-10-01 00:00:00,1.6907847463878856
2018-10-02 00:00:00,1.6875347870120156
2018-10-03 00:00:00,1.6890823867148108
2018-10-04 00:00:00,1.6614577320199175
2018-10-05 00:00:00,1.6442019953337519
2018-10-08 00:00:00,1.6356901969683788
2018-10-09 00:00:00,1.6401782361064845
2018-10-10 00:00:00,1.5790480478460767
2018-10-11 00:00:00,1.5625661110113085
2018-10-12 00:00:00,1.5990894639972737
2018-10-15 00:00:00,1.582762287132785
2018-10-16 00:00:00,1.621529659687803
2018-10-17 00:00:00,1.6220713195837813
2018-10-18 00:00:00,1.5902681456913415
2018-10-19 00:00:00,1.6005863952857995
2018-10-22 00:00:00,1.6005863952857995
2018-10-23 00:00:00,1.6005863952857995
2018-10-24 00:00:00,1.6005863952857995
2018-10-25 00:00:00,1.6005863952857995
2018-10-26 00:00:00,1.6005863952857995
2018-10-29 00:00:00,1.6005863952857995
2018-10-30 00:00:00,1.6005863952857995
2018-10-31 00:00:00,1.6005863952857995
2018-11-01 00:00:00,1.6005863952857995
2018-11-02 00:00:00,1.6005863952857995
2018-11-05 00:00:00,1.6005863952857995
2018-11-06 00:00:00,1.6005863952857995
2018-11-07 00:00:00,1.6005863952857995
2018-11-08 00:00:00,1.6005863952857995
2018-11-09 00:00:00,1.6005863952857995
2018-11-12 00:00:00,1.6005863952857995
2018-11-13 00:00:00,1.6005863952857995
2018-11-14 00:00:00,1.6005863952857995
2018-11-15 00:00:00,1.6005863952857995
2018-11-16 00:00:00,1.6005863952857995
2018-11-19 00:00:00,1.6005863952857995
2018-11-20 00:00:00,1.6005863952857995
2018-11-21 00:00:00,1.6005863952857995
2018-11-23 00:00:00,1.6005863952857995
2018-11-26 00:00:00,1.6005863952857995
2018-11-27 00:00:00,1.6005863952857995
2018-11-28 00:00:00,1.6005863952857995
2018-11-29 00:00:00,1.6005863952857995
2018-11-30 00:00:00,1.6005863952857995
2018-12-03 00:00:00,1.6005863952857995
2018-12-04 00:00:00,1.6005863952857995
2018-12-06 00:00:00,1.6005863952857995
2018-12-07 00:00:00,1.6005863952857995
2018-12-10 00:00:00,1.6005863952857995
2018-12-11 00:00:00,1.6005863952857995
2018-12-12 00:00:00,1.6005863952857995
2018-12-13 00:00:00,1.6005863952857995
2018-12-14 00:00:00,1.6005863952857995
2018-12-17 00:00:00,1.6005863952857995
2018-12-18 00:00:00,1.6005863952857995
2018-12-19 00:00:00,1.6005863952857995
2018-12-20 00:00:00,1.6005863952857995
2018-12-21 00:00:00,1.6005863952857995
2018-12-24 00:00:00,1.6005863952857995
2018-12-26 00:00:00,1.6005863952857995
2018-12-27 00:00:00,1.6005863952857995
2018-12-28 00:00:00,1.6005863952857995
2018-12-31 00:00:00,1.6005863952857995
2019-01-02 00:00:00,1.6005863952857995
2019-01-03 00:00:00,1.6005863952857995
2019-01-04 00:00:00,1.6005863952857995
2019-01-07 00:00:00,1.6005863952857995
2019-01-08 00:00:00,1.6005863952857995
2019-01-09 00:00:00,1.6005863952857995
2019-01-10 00:00:00,1.6005863952857995
2019-01-11 00:00:00,1.6005863952857995
2019-01-14 00:00:00,1.6005863952857995
2019-01-15 00:00:00,1.6005863952857995
2019-01-16 00:00:00,1.6005863952857995
2019-01-17 00:00:00,1.6005863952857995
2019-01-18 00:00:00,1.6005863952857995
2019-01-22 00:00:00,1.6005863952857995
2019-01-23 00:00:00,1.6005863952857995
2019-01-24 00:00:00,1.6005863952857995
2019-01-25 00:00:00,1.6005863952857995
2019-01-28 00:00:00,1.6005863952857995
2019-01-29 00:00:00,1.6005863952857995
2019-01-30 00:00:00,1.6005863952857995
2019-01-31 00:00:00,1.6005863952857995
2019-02-01 00:00:00,1.6005863952857995
2019-02-04 00:00:00,1.6005863952857995
2019-02-05 00:00:00,1.6005863952857995
2019-02-06 00:00:00,1.6005863952857995
2019-02-07 00:00:00,1.6005863952857995
2019-02-08 00:00:00,1.6005863952857995
2019-02-11 00:00:00,1.6005863952857995
2019-02-12 00:00:00,1.6005863952857995
2019-02-13 00:00:00,1.6005863952857995
2019-02-14 00:00:00,1.6005863952857995
2019-02-15 00:00:00,1.6005863952857995
2019-02-19 00:00:00,1.6087102513262792
2019-02-20 00:00:00,1.6084301183593663
2019-02-21 00:00:00,1.6025473260541914
2019-02-22 00:00:00,1.614406288320179
2019-02-25 00:00:00,1.6202890806253543
2019-02-26 00:00:00,1.6219698784268324
2019-02-27 00:00:00,1.620942724214818
2019-02-28 00:00:00,1.6172076179893098
2019-03-01 00:00:00,1.6284129366658335
2019-03-04 00:00:00,1.6286930696327468
2019-03-05 00:00:00,1.629906979156037
2019-03-06 00:00:00,1.6206625912479047
2019-03-07 00:00:00,1.6007731505970748
2019-03-08 00:00:00,1.5983453315504947
2019-03-11 00:00:00,1.6315877769575156
2019-03-12 00:00:00,1.6405520318987346
2019-03-13 00:00:00,1.652877882442911
2019-03-14 00:00:00,1.6500765527737802
2019-03-15 00:00:00,1.6653904882983626
2019-03-18 00:00:00,1.6663242648547396
2019-03-19 00:00:00,1.6719269241930015
2019-03-20 00:00:00,1.6785567377432782
2019-03-21 00:00:00,1.7047958589774717
2019-03-22 00:00:00,1.6673514190667544
2019-03-25 00:00:00,1.6641765787750726
2019-03-26 00:00:00,1.6719269241930015
2019-03-27 00:00:00,1.6611884937946662
2019-03-28 00:00:00,1.665016977675812
2019-03-29 00:00:00,1.6776229611869014
2019-04-01 00:00:00,1.6998468432286735
2019-04-02 00:00:00,1.7062899014676747
2019-04-03 00:00:00,1.7160945553096334
2019-04-04 00:00:00,1.7154409117201694
2019-04-05 00:00:00,1.7243117890057507
2019-04-08 00:00:00,1.7287005388207226
2019-04-09 00:00:00,1.722630991204272
2019-04-10 00:00:00,1.7318753791124044
2019-04-11 00:00:00,1.7277667622643456
2019-04-12 00:00:00,1.7352369747153618
2019-04-15 00:00:00,1.7355171076822749
2019-04-16 00:00:00,1.7414932776430876
2019-04-17 00:00:00,1.7475628252595379
2019-04-18 00:00:00,1.7498038889948426
2019-04-22 00:00:00,1.7547529047436403
2019-04-23 00:00:00,1.7770701644410507
2019-04-24 00:00:00,1.7714675051027888
2019-04-25 00:00:00,1.7786575845868915
2019-04-26 00:00:00,1.7802450047327325
2019-04-29 00:00:00,1.7836999779913274
2019-04-30 00:00:00,1.7698800849569478
2019-05-01 00:00:00,1.7641840479630484
2019-05-02 00:00:00,1.756527080200757
2019-05-03 00:00:00,1.7845403768920667
2019-05-06 00:00:00,1.7736151911824558
2019-05-07 00:00:00,1.7390654585965073
2019-05-08 00:00:00,1.7346767087815356
2019-05-09 00:00:00,1.7253389432177657
2019-05-10 00:00:00,1.7274866292974327
2019-05-13 00:00:00,1.6675381743780298
2019-05-14 00:00:00,1.6858401948830186
2019-05-15 00:00:00,1.7096514970706322
2019-05-16 00:00:00,1.7268329857079687
2019-05-17 00:00:00,1.7091846087924434
2019-05-20 00:00:00,1.6803309132003945
2019-05-21 00:00:00,1.697885912460282
2019-05-22 00:00:00,1.6903223223536283
2019-05-23 00:00:00,1.6644567117419857
2019-05-24 00:00:00,1.6636163128412464
2019-05-28 00:00:00,1.6573600099135206
2019-05-29 00:00:00,1.6437268721904166
2019-05-30 00:00:00,1.6506368187076061
2019-05-31 00:00:00,1.6243043198177751
2019-06-03 00:00:00,1.5885406777085365
2019-06-04 00:00:00,1.6057355753772224
2019-06-05 00:00:00,1.6057355753772224
2019-06-06 00:00:00,1.6057355753772224
2019-06-07 00:00:00,1.6057355753772224
2019-06-10 00:00:00,1.6057355753772224
2019-06-11 00:00:00,1.6057355753772224
2019-06-12 00:00:00,1.6057355753772224
2019-06-13 00:00:00,1.6057355753772224
2019-06-14 00:00:00,1.6057355753772224
2019-06-17 00:00:00,1.6057355753772224
2019-06-18 00:00:00,1.6057355753772224
2019-06-19 00:00:00,1.6057355753772224
2019-06-20 00:00:00,1.6057355753772224
2019-06-21 00:00:00,1.6052513641280823
2019-06-24 00:00:00,1.601942587258959
2019-06-25 00:00:00,1.575875881680255
2019-06-26 00:00:00,1.5828162429179284
2019-06-27 00:00:00,1.588546076032752
2019-06-28 00:00:00,1.590482921029312
2019-07-01 00:00:00,1.6108197934931925
2019-07-02 00:00:00,1.616872434107443
2019-07-03 00:00:00,1.6284128022119464
2019-07-05 00:00:00,1.6252654290925366
2019-07-08 00:00:00,1.6144513778617426
2019-07-09 00:00:00,1.622118055973126
2019-07-10 00:00:00,1.6374514121958934
2019-07-11 00:00:00,1.6363215859479
2019-07-12 00:00:00,1.6452794940569904
2019-07-15 00:00:00,1.6502830102981039
2019-07-16 00:00:00,1.642212822812437
2019-07-17 00:00:00,1.6345461447010532
2019-07-18 00:00:00,1.6363215859479
2019-07-19 00:00:00,1.6249426215931098
2019-07-22 00:00:00,1.6372093065713234
2019-07-23 00:00:00,1.6473777428032637
2019-07-24 00:00:00,1.6583531977837707
2019-07-25 00:00:00,1.643423350935287
2019-07-26 00:00:00,1.659483024031764
2019-07-29 00:00:00,1.6540759984163673
2019-07-30 00:00:00,1.647297040928407
2019-07-31 00:00:00,1.6256689384668197
2019-08-01 00:00:00,1.618002260355436
2019-08-02 00:00:00,1.5954057353955688
2019-08-05 00:00:00,1.5402637170600029
2019-08-06 00:00:00,1.5475259253750884
2019-08-07 00:00:00,1.5558859093657103
2019-08-08 00:00:00,1.5897480667418646
2019-08-09 00:00:00,1.574801428698026
2019-08-12 00:00:00,1.5567303521930453
2019-08-13 00:00:00,1.590845842417401
2019-08-14 00:00:00,1.5433037112384107
2019-08-15 00:00:00,1.5415303813010062
2019-08-16 00:00:00,1.5662725561419368
2019-08-19 00:00:00,1.5911836195483353
2019-08-20 00:00:00,1.5788547542692366
2019-08-21 00:00:00,1.5928725052030062
2019-08-22 00:00:00,1.5877214039562595
2019-08-23 00:00:00,1.5374770557297954
2019-08-26 00:00:00,1.554340916768817
2019-08-27 00:00:00,1.554340916768817
2019-08-28 00:00:00,1.554340916768817
2019-08-29 00:00:00,1.554340916768817
2019-08-30 00:00:00,1.554340916768817
2019-09-03 00:00:00,1.554340916768817
2019-09-04 00:00:00,1.554340916768817
2019-09-05 00:00:00,1.554340916768817
2019-09-06 00:00:00,1.554340916768817
2019-09-09 00:00:00,1.554340916768817
2019-09-10 00:00:00,1.554340916768817
2019-09-11 00:00:00,1.554340916768817
2019-09-12 00:00:00,1.5518538907733488
2019-09-13 00:00:00,1.5473379751499992
2019-09-16 00:00:00,1.5417094426339404
2019-09-17 00:00:00,1.5477306634650732
2019-09-18 00:00:00,1.5472070790449748
2019-09-19 00:00:00,1.5493014167253687
2019-09-20 00:00:00,1.5359500140128568
2019-09-23 00:00:00,1.5339865724374875
2019-09-24 00:00:00,1.5174282151518719
2019-09-25 00:00:00,1.5312377542319702
2019-09-26 00:00:00,1.5266563905561081
2019-09-27 00:00:00,1.5112760982157145
2019-09-30 00:00:00,1.5229258515629063
2019-10-01 00:00:00,1.51284685147601
2019-10-02 00:00:00,1.4972099920533197
2019-10-03 00:00:00,1.4972099920533197
2019-10-04 00:00:00,1.4972099920533197
2019-10-07 00:00:00,1.4972099920533197
2019-10-08 00:00:00,1.4972099920533197
2019-10-09 00:00:00,1.4972099920533197
2019-10-10 00:00:00,1.4972099920533197
2019-10-11 00:00:00,1.4972099920533197
2019-10-14 00:00:00,1.4991713340047625
2019-10-15 00:00:00,1.5182355777727858
2019-10-16 00:00:00,1.5144698012260156
2019-10-17 00:00:00,1.5184709388069588
2019-10-18 00:00:00,1.503878554688225
2019-10-21 00:00:00,1.5172156799580354
2019-10-22 00:00:00,1.5051338135371481
2019-10-23 00:00:00,1.5080365996252834
2019-10-24 00:00:00,1.522707437422075
2019-10-25 00:00:00,1.5348677575210201
2019-10-28 00:00:00,1.550009317386158
2019-10-29 00:00:00,1.5380059046433283
2019-10-30 00:00:00,1.545459004058811
2019-10-31 00:00:00,1.5461650871613302
2019-11-01 00:00:00,1.56020829553366
2019-11-04 00:00:00,1.569858097934758
2019-11-05 00:00:00,1.5707210883933933
2019-11-06 00:00:00,1.567190672880796
2019-11-07 00:00:00,1.5724470693106627
2019-11-08 00:00:00,1.5787233635552793
2019-11-11 00:00:00,1.5766051142477213
2019-11-12 00:00:00,1.5811554275750683
2019-11-13 00:00:00,1.581547695965357
2019-11-14 00:00:00,1.5802924371164337
2019-11-15 00:00:00,1.5919035814689744
2019-11-18 00:00:00,1.593158840317898
2019-11-19 00:00:00,1.5955124506596292
2019-11-20 00:00:00,1.5859411019365888
2019-11-21 00:00:00,1.5824106864239915
2019-11-22 00:00:00,1.583430584238742
2019-11-25 00:00:00,1.6021810132945344
2019-11-26 00:00:00,1.605240706738785
2019-11-27 00:00:00,1.6164595827010373
2019-11-29 00:00:00,1.6090849369636129
2019-12-02 00:00:00,1.592609664571494
2019-12-03 00:00:00,1.5801355297603183
2019-12-04 00:00:00,1.5881378049222044
2019-12-05 00:00:00,1.591275952044513
2019-12-06 00:00:00,1.6083004001830359
2019-12-09 00:00:00,1.6010042081236686
2019-12-10 00:00:00,1.5996704955966878
2019-12-11 00:00:00,1.6081434928269205
2019-12-12 00:00:00,1.6201469055697495
2019-12-13 00:00:00,1.625481755677674
2019-12-16 00:00:00,1.6418001207136776
2019-12-17 00:00:00,1.64274156485037
2019-12-18 00:00:00,1.6439968236992937
2019-12-19 00:00:00,1.6542742555248533
2019-12-20 00:00:00,1.6609428181597585
2019-12-23 00:00:00,1.6617273549403355
2019-12-24 00:00:00,1.6625903453989703
2019-12-26 00:00:00,1.677261183195762
2019-12-27 00:00:00,1.6758490169907234
2019-12-30 00:00:00,1.664865502062644
2019-12-31 00:00:00,1.6680036491849524
2020-01-02 00:00:00,1.695854704895439
2020-01-03 00:00:00,1.6803208766400126
2020-01-06 00:00:00,1.6911474842119767
2020-01-07 00:00:00,1.6909121231778035
2020-01-08 00:00:00,1.7036216190231523
2020-01-09 00:00:00,1.7180570957857708
2020-01-10 00:00:00,1.713663689814539
2020-01-13 00:00:00,1.7334340166850817
2020-01-14 00:00:00,1.726608546694061
2020-01-15 00:00:00,1.7273146297965802
2020-01-16 00:00:00,1.7438683558667571
2020-01-17 00:00:00,1.752498260453105
2020-01-21 00:00:00,1.7517137236725278
2020-01-22 00:00:00,1.7563424906779328
2020-01-23 00:00:00,1.7619911554980878
2020-01-24 00:00:00,1.7471634103451805
2020-01-27 00:00:00,1.7110747184386346
2020-01-28 00:00:00,1.7373567005879669
2020-01-29 00:00:00,1.740181032998045
2020-01-30 00:00:00,1.7463788735646035
2020-01-31 00:00:00,1.7186847252102322
2020-02-03 00:00:00,1.7446528926473341
2020-02-04 00:00:00,1.784585814778708
2020-02-05 00:00:00,1.7904698406330364
2020-02-06 00:00:00,1.8059252152104048
2020-02-07 00:00:00,1.7981583010826916
2020-02-10 00:00:00,1.8198899699046769
2020-02-11 00:00:00,1.8202037846169077
2020-02-12 00:00:00,1.8379343158579502
2020-02-13 00:00:00,1.8355807055162188
2020-02-14 00:00:00,1.8408371019460854
2020-02-18 00:00:00,1.8415431850486046
2020-02-19 00:00:00,1.8591952626115893
2020-02-20 00:00:00,1.8419354534388932
2020-02-21 00:00:00,1.8065528446348664
2020-02-24 00:00:00,1.7368859785196207
2020-02-25 00:00:00,1.68965686432888
2020-02-26 00:00:00,1.6983652225932857
2020-02-27 00:00:00,1.6133214355787289
2020-02-28 00:00:00,1.6145766944276525
2020-03-02 00:00:00,1.6978945005249393
2020-03-03 00:00:00,1.6434476479528892
2020-03-04 00:00:00,1.712016162575327
2020-03-05 00:00:00,1.6600013740230661
2020-03-06 00:00:00,1.631993410956464
2020-03-09 00:00:00,1.5186278461630742
2020-03-10 00:00:00,1.6013180228358999
2020-03-11 00:00:00,1.5315727030425963
2020-03-12 00:00:00,1.4275159382561768
2020-03-13 00:00:00,1.4275159382561768
2020-03-16 00:00:00,1.4275159382561768
2020-03-17 00:00:00,1.4275159382561768
2020-03-18 00:00:00,1.4275159382561768
2020-03-19 00:00:00,1.4275159382561768
2020-03-20 00:00:00,1.4275159382561768
2020-03-23 00:00:00,1.4275159382561768
2020-03-24 00:00:00,1.4275159382561768
2020-03-25 00:00:00,1.4275159382561768
2020-03-26 00:00:00,1.4275159382561768
2020-03-27 00:00:00,1.4275159382561768
2020-03-30 00:00:00,1.4275159382561768
2020-03-31 00:00:00,1.4275159382561768
2020-04-01 00:00:00,1.4275159382561768
2020-04-02 00:00:00,1.4275159382561768
2020-04-03 00:00:00,1.4275159382561768
2020-04-06 00:00:00,1.4275159382561768
2020-04-07 00:00:00,1.4275159382561768
2020-04-08 00:00:00,1.4275159382561768
2020-04-09 00:00:00,1.4275159382561768
2020-04-13 00:00:00,1.4275159382561768
2020-04-14 00:00:00,1.4275159382561768
2020-04-15 00:00:00,1.4275159382561768
2020-04-16 00:00:00,1.4301475699109854
2020-04-17 00:00:00,1.4335889343826578
2020-04-20 00:00:00,1.4292872287930671
2020-04-21 00:00:00,1.4160447233506017
2020-04-22 00:00:00,1.4263013390308807
2020-04-23 00:00:00,1.4255422145150707
2020-04-24 00:00:00,1.4311428664983807
2020-04-27 00:00:00,1.4340444090921438
2020-04-28 00:00:00,1.4271954190161682
2020-04-29 00:00:00,1.43984749427967
2020-04-30 00:00:00,1.439695669376508
2020-05-01 00:00:00,1.4292872287930671
2020-05-04 00:00:00,1.433470848346865
2020-05-05 00:00:00,1.4375869901659244
2020-05-06 00:00:00,1.43984749427967
2020-05-07 00:00:00,1.4446046745787469
2020-05-08 00:00:00,1.4497329824188863
2020-05-11 00:00:00,1.4531237385895048
2020-05-12 00:00:00,1.4451107575892868
2020-05-13 00:00:00,1.4404210550249488
2020-05-14 00:00:00,1.4446215440124315
2020-05-15 00:00:00,1.447050742463024
2020-05-18 00:00:00,1.4540684268758464
2020-05-19 00:00:00,1.45310686915582
2020-05-20 00:00:00,1.4607487226149753
2020-05-21 00:00:00,1.4564976253264386
2020-05-22 00:00:00,1.4578303105875274
2020-05-26 00:00:00,1.456784405699078
2020-05-27 00:00:00,1.4588930849096615
2020-05-28 00:00:00,1.4583870018991216
2020-05-29 00:00:00,1.4640720010508552
2020-06-01 00:00:00,1.4652528614087819
2020-06-02 00:00:00,1.467901362497275
2020-06-03 00:00:00,1.46968952246785
2020-06-04 00:00:00,1.4668891964761948
2020-06-05 00:00:00,1.4747503525732508
2020-06-08 00:00:00,1.4778880672385992
2020-06-09 00:00:00,1.4808402181334164
2020-06-10 00:00:00,1.4857660927693397
2020-06-11 00:00:00,1.4651853836740434
2020-06-12 00:00:00,1.4683230983393918
2020-06-15 00:00:00,1.4731646258068918
2020-06-16 00:00:00,1.4800810936176063
2020-06-17 00:00:00,1.4813800400113257
2020-06-18 00:00:00,1.482493422634514
2020-06-19 00:00:00,1.4824259448997754
2020-06-22 00:00:00,1.4866433033209425
2020-06-23 00:00:00,1.490185884394723
2020-06-24 00:00:00,1.4815318649144877
2020-06-25 00:00:00,1.485445573529331
2020-06-26 00:00:00,1.4756444325585383
2020-06-29 00:00:00,1.4800642241839215
2020-06-30 00:00:00,1.4880940746178242
2020-07-01 00:00:00,1.4929693409526936
2020-07-02 00:00:00,1.4958371446790872
2020-07-06 00:00:00,1.5062961935635821
2020-07-07 00:00:00,1.5032934343677111
2020-07-08 00:00:00,1.5089953029531293
2020-07-09 00:00:00,1.512689708930072
2020-07-10 00:00:00,1.5157093375596278
2020-07-13 00:00:00,1.5065492350688523
2020-07-14 00:00:00,1.5096363414331466
2020-07-15 00:00:00,1.5105304214184343
2020-07-16 00:00:00,1.507527662222563
2020-07-17 00:00:00,1.5080337452331032
2020-07-20 00:00:00,1.5204496484250196
2020-07-21 00:00:00,1.5157599458606816
2020-07-22 00:00:00,1.517328803193356
2020-07-23 00:00:00,1.5056551550835648
2020-07-24 00:00:00,1.5015221438308208
2020-07-27 00:00:00,1.50921460559103
2020-07-28 00:00:00,1.5036308230414046
2020-07-29 00:00:00,1.5086241754120666
2020-07-30 00:00:00,1.5109184183931816
2020-07-31 00:00:00,1.5187795744902375
2020-08-03 00:00:00,1.5248357011830338
2020-08-04 00:00:00,1.5265226445515006
2020-08-05 00:00:00,1.5276528966083736
2020-08-06 00:00:00,1.5337090233011696
2020-08-07 00:00:00,1.5283614128231298
2020-08-10 00:00:00,1.526404558515708
2020-08-11 00:00:00,1.5177674084691573
2020-08-12 00:00:00,1.5290193207368317
2020-08-13 00:00:00,1.5300652256252811
2020-08-14 00:00:00,1.5295254037473718
2020-08-17 00:00:00,1.5348561447917273
2020-08-18 00:00:00,1.5393265447181648
2020-08-19 00:00:00,1.5361719606191315
2020-08-20 00:00:00,1.5426329537203598
2020-08-21 00:00:00,1.5459056238551856
2020-08-24 00:00:00,1.5488746441836874
2020-08-25 00:00:00,1.5526365278953687
2020-08-26 00:00:00,1.562926882443017
2020-08-27 00:00:00,1.561391763977712
2020-08-28 00:00:00,1.563888440163043
2020-08-31 00:00:00,1.5678527570789402
2020-09-01 00:00:00,1.5763549516560138
2020-09-02 00:00:00,1.5811458708224597
2020-09-03 00:00:00,1.5552512901164923
2020-09-04 00:00:00,1.548790297015264
2020-09-08 00:00:00,1.52579725890306
2020-09-09 00:00:00,1.5391747198150025
2020-09-10 00:00:00,1.5298290535536958
2020-09-11 00:00:00,1.5266407305872933
2020-09-14 00:00:00,1.5345862338527727
2020-09-15 00:00:00,1.5411653129897935
2020-09-16 00:00:00,1.5336584150001158
2020-09-17 00:00:00,1.5264214279493926
2020-09-18 00:00:00,1.5206014733281819
2020-09-21 00:00:00,1.5216811170840006
2020-09-22 00:00:00,1.5300652256252811
2020-09-23 00:00:00,1.5160298567996364
2020-09-24 00:00:00,1.5181047971428507
2020-09-25 00:00:00,1.5285132377262916
2020-09-28 00:00:00,1.5380275983244451
2020-09-29 00:00:00,1.5359189191138614
2020-09-30 00:00:00,1.5391072420802638
2020-10-01 00:00:00,1.546546662335203
2020-10-02 00:00:00,1.5331523319895757
2020-10-05 00:00:00,1.5430209506951074
2020-10-06 00:00:00,1.5345862338527727
2020-10-07 00:00:00,1.5426160842866752
2020-10-08 00:00:00,1.545129629905691
2020-10-09 00:00:00,1.5523834863900987
2020-10-12 00:00:00,1.5672623268999768
2020-10-13 00:00:00,1.5672454574662922
2020-10-14 00:00:00,1.5630955767798635
2020-10-15 00:00:00,1.5597891677776685
2020-10-16 00:00:00,1.557106927821806
2020-10-19 00:00:00,1.5491614245563268
2020-10-20 00:00:00,1.5501904600110916
2020-10-21 00:00:00,1.549819332470029
2020-10-22 00:00:00,1.5498024630363443
2020-10-23 00:00:00,1.5507471513226858
2020-10-26 00:00:00,1.5435439031393319
2020-10-27 00:00:00,1.5472383091162745
2020-10-28 00:00:00,1.528648193195769
2020-10-29 00:00:00,1.5366611741959868
2020-10-30 00:00:00,1.5248357011830338
2020-11-02 00:00:00,1.525847867204114
2020-11-03 00:00:00,1.5337258927348545
2020-11-04 00:00:00,1.554407818432259
2020-11-05 00:00:00,1.5670261548283915
2020-11-06 00:00:00,1.5673972823694542
2020-11-09 00:00:00,1.5572418832912833
2020-11-10 00:00:00,1.5485203860763095
2020-11-11 00:00:00,1.5592156070323897
2020-11-12 00:00:00,1.5569213640512747
2020-11-13 00:00:00,1.561189330773496
2020-11-16 00:00:00,1.5650186922199159
2020-11-17 00:00:00,1.5634498348872417
2020-11-18 00:00:00,1.5598060372113531
2020-11-19 00:00:00,1.5636353986577731
2020-11-20 00:00:00,1.5602615119208392
2020-11-23 00:00:00,1.5602783813545238
2020-11-24 00:00:00,1.5671611102978689
2020-11-25 00:00:00,1.570214477794794
2020-11-27 00:00:00,1.5748198331907086
2020-11-30 00:00:00,1.5758488686454735
2020-12-01 00:00:00,1.5823267311803866
2020-12-02 00:00:00,1.5829846390940887
2020-12-03 00:00:00,1.5837100247425293
2020-12-04 00:00:00,1.5858018345194285
2020-12-07 00:00:00,1.5887202465468762
2020-12-08 00:00:00,1.5904746676500818
2020-12-09 00:00:00,1.5786998029381827
2020-12-10 00:00:00,1.5807410044140275
2020-12-11 00:00:00,1.579610752357155
2020-12-14 00:00:00,1.5833051583340974
2020-12-15 00:00:00,1.5887877242816149
2020-12-16 00:00:00,1.591638658574324
2020-12-17 00:00:00,1.5950462841786273
2020-12-18 00:00:00,1.5934605574122682
2020-12-21 00:00:00,1.591537441972216
2020-12-22 00:00:00,1.592954474401728
2020-12-23 00:00:00,1.5903228427469198
2020-12-24 00:00:00,1.5926170857280348
2020-12-28 00:00:00,1.5978803490376516
2020-12-29 00:00:00,1.5983526931808223
2020-12-30 00:00:00,1.5983695626145071
2020-12-31 00:00:00,1.5996685090082265
2021-01-04 00:00:00,1.592195349885918
2021-01-05 00:00:00,1.5964970554755087
2021-01-06 00:00:00,1.5892094601237317
2021-01-07 00:00:00,1.6017603187851255
2021-01-08 00:00:00,1.6085924394274165
2021-01-11 00:00:00,1.6008156304987842
2021-01-12 00:00:00,1.5999721588145506
2021-01-13 00:00:00,1.6035484787557006
2021-01-14 00:00:00,1.6006975444629914
2021-01-15 00:00:00,1.5964970554755087
2021-01-19 00:00:00,1.6041726478020333
2021-01-20 00:00:00,1.6165885509939497
2021-01-21 00:00:00,1.620957734318279
2021-01-22 00:00:00,1.6193720075519202
2021-01-25 00:00:00,1.6239098852130962
2021-01-26 00:00:00,1.6247196180299603
2021-01-27 00:00:00,1.6092672167748034
2021-01-28 00:00:00,1.612455539741206
2021-01-29 00:00:00,1.6010518025703695
2021-02-01 00:00:00,1.6143111774465195
2021-02-02 00:00:00,1.6231844995646554
2021-02-03 00:00:00,1.6209914731856485
2021-02-04 00:00:00,1.6275030745879309
2021-02-05 00:00:00,1.6293924511606137
2021-02-08 00:00:00,1.6331374654386104
2021-02-09 00:00:00,1.6330193794028176
2021-02-10 00:00:00,1.6317373024427828
2021-02-11 00:00:00,1.6348244088070771
2021-02-12 00:00:00,1.6379789929061104
2021-02-16 00:00:00,1.6364438744408054
2021-02-17 00:00:00,1.6337278956175738
2021-02-18 00:00:00,1.6312649582996122
2021-02-19 00:00:00,1.628818890415335
2021-02-22 00:00:00,1.6143449163138888
2021-02-23 00:00:00,1.6127254506801605
2021-02-24 00:00:00,1.617195850606598
2021-02-25 00:00:00,1.5981333905429216
2021-02-26 00:00:00,1.6003432863556133
2021-03-01 00:00:00,1.6162849011876257
2021-03-02 00:00:00,1.6075296651052824
2021-03-03 00:00:00,1.591942308380648
2021-03-04 00:00:00,1.5834063749362055
2021-03-05 00:00:00,1.591132575563784
2021-03-08 00:00:00,1.576388690523383
2021-03-09 00:00:00,1.5963452305723467
2021-03-10 00:00:00,1.5948438509744112
2021-03-11 00:00:00,1.6069223654926343
2021-03-12 00:00:00,1.6025700516019896
2021-03-15 00:00:00,1.6082550507537232
2021-03-16 00:00:00,1.6112072016485404
2021-03-17 00:00:00,1.6134339668949167
2021-03-18 00:00:00,1.5968007052818327
2021-03-19 00:00:00,1.5986563429871463
2021-03-22 00:00:00,1.6078839232126605
2021-03-23 00:00:00,1.6055390719304914
2021-03-24 00:00:00,1.5965139249091933
2021-03-25 00:00:00,1.5956029754902212
2021-03-26 00:00:00,1.6034810010209617
2021-03-29 00:00:00,1.6033291761178
2021-03-30 00:00:00,1.6006469361619373
2021-03-31 00:00:00,1.6087611337642633
2021-04-01 00:00:00,1.6179381056887234
2021-04-05 00:00:00,1.628869498716389
2021-04-06 00:00:00,1.6284815017416416
2021-04-07 00:00:00,1.6298310564364151
2021-04-08 00:00:00,1.6356678804913107
2021-04-09 00:00:00,1.6390923755292985
2021-04-12 00:00:00,1.638350120447173
2021-04-13 00:00:00,1.6449798078852482
2021-04-14 00:00:00,1.6380802095082185
2021-04-15 00:00:00,1.6466836206873998
2021-04-16 00:00:00,1.6473583980347866
2021-04-19 00:00:00,1.6420782652914852
2021-04-20 00:00:00,1.637911515171372
2021-04-21 00:00:00,1.6427699120725565
2021-04-22 00:00:00,1.6358703136955266
2021-04-23 00:00:00,1.6429892147104572
2021-04-26 00:00:00,1.646717359554769
2021-04-27 00:00:00,1.644220683369438
2021-04-28 00:00:00,1.642280698495701
2021-04-29 00:00:00,1.6443387694052307
2021-04-30 00:00:00,1.6405768856935494
2021-05-03 00:00:00,1.637540387630309
2021-05-04 00:00:00,1.627334380251084
2021-05-05 00:00:00,1.6254618731120858
2021-05-06 00:00:00,1.6296454926658839
2021-05-07 00:00:00,1.6341833703270598
2021-05-10 00:00:00,1.619945568297199
2021-05-11 00:00:00,1.6191864437813888
2021-05-12 00:00:00,1.6049823806188974
2021-05-13 00:00:00,1.6091153918716414
2021-05-14 00:00:00,1.6210083426193331
2021-05-17 00:00:00,1.617896478674163
2021-05-18 00:00:00,1.617896478674163
2021-05-19 00:00:00,1.617896478674163
2021-05-20 00:00:00,1.617896478674163
2021-05-21 00:00:00,1.617896478674163
2021-05-24 00:00:00,1.617896478674163
2021-05-25 00:00:00,1.617896478674163
2021-05-26 00:00:00,1.617896478674163
2021-05-27 00:00:00,1.6140659328709663
2021-05-28 00:00:00,1.6191571646347087
2021-06-01 00:00:00,1.6137750053416096
2021-06-02 00:00:00,1.616926720242974
2021-06-03 00:00:00,1.6001014114618448
2021-06-04 00:00:00,1.6272546475351368
2021-06-07 00:00:00,1.6321034396910818
2021-06-08 00:00:00,1.6328792464360329
2021-06-09 00:00:00,1.6332671498085085
2021-06-10 00:00:00,1.6502864102758754
2021-06-11 00:00:00,1.6546018352946665
2021-06-14 00:00:00,1.6704573856446063
2021-06-15 00:00:00,1.6595476032937304
2021-06-16 00:00:00,1.6534866130987989
2021-06-17 00:00:00,1.674481883134041
2021-06-18 00:00:00,1.66134165639143
2021-06-21 00:00:00,1.669730066821215
2021-06-22 00:00:00,1.6852946896417984
2021-06-23 00:00:00,1.6861189843083089
2021-06-24 00:00:00,1.6965438874435903
2021-06-25 00:00:00,1.694458906816534
2021-06-28 00:00:00,1.7150662734793005
2021-06-29 00:00:00,1.72127272743891
2021-06-30 00:00:00,1.7185574038315807
2021-07-01 00:00:00,1.7192362347334131
2021-07-02 00:00:00,1.738970818808109
2021-07-06 00:00:00,1.7464864466498238
2021-07-07 00:00:00,1.750171528688342
2021-07-08 00:00:00,1.7396011617883818
2021-07-09 00:00:00,1.7504624562176987
2021-07-12 00:00:00,1.7572992531575813
2021-07-13 00:00:00,1.7572992531575813
2021-07-14 00:00:00,1.7604509680589455
2021-07-15 00:00:00,1.7480865480612857
2021-07-16 00:00:00,1.7339280749659263
2021-07-19 00:00:00,1.7197211139490076
2021-07-20 00:00:00,1.739698137631501
2021-07-21 00:00:00,1.7531292919034687
2021-07-22 00:00:00,1.7647179051561768
2021-07-23 00:00:00,1.7853252718189432
2021-07-26 00:00:00,1.7867314215441672
2021-07-27 00:00:00,1.7670453253910308
2021-07-28 00:00:00,1.7738336344093535
2021-07-29 00:00:00,1.7769853493107182
2021-07-30 00:00:00,1.767724156292863
2021-08-02 00:00:00,1.7678696200575414
2021-08-03 00:00:00,1.7785854507221797
2021-08-04 00:00:00,1.7811553105648303
2021-08-05 00:00:00,1.7924529962881826
2021-08-06 00:00:00,1.7845979529955516
2021-08-09 00:00:00,1.787895131661594
2021-08-10 00:00:00,1.778730914486858
2021-08-11 00:00:00,1.7756761754286126
2021-08-12 00:00:00,1.7820765810744599
2021-08-13 00:00:00,1.7883315229556291
2021-08-16 00:00:00,1.7891073297005802
2021-08-17 00:00:00,1.773348755193759
2021-08-18 00:00:00,1.7562810068048325
2021-08-19 00:00:00,1.7647663930777364
2021-08-20 00:00:00,1.783046339505649
2021-08-23 00:00:00,1.8097146963633466
2021-08-24 00:00:00,1.8152423194211238
2021-08-25 00:00:00,1.81732730004818
2021-08-26 00:00:00,1.8057871747170313
2021-08-27 00:00:00,1.8233398023215521
2021-08-30 00:00:00,1.8438017052196396
2021-08-31 00:00:00,1.8422985796512967
2021-09-01 00:00:00,1.8453533187095421
2021-09-02 00:00:00,1.844480536121472
2021-09-03 00:00:00,1.8501536229439275
2021-09-07 00:00:00,1.852771970708138
2021-09-08 00:00:00,1.846323077140731
2021-09-09 00:00:00,1.8399711594164432
2021-09-10 00:00:00,1.8260066380073212
2021-09-13 00:00:00,1.8247459520467761
2021-09-14 00:00:00,1.8195577444399147
2021-09-15 00:00:00,1.8330858745550012
2021-09-16 00:00:00,1.834346560515547
2021-09-17 00:00:00,1.8126239716569135
2021-09-20 00:00:00,1.7732032914290807
2021-09-21 00:00:00,1.775385247899256
2021-09-22 00:00:00,1.7919681170725876
2021-09-23 00:00:00,1.8085024983243603
2021-09-24 00:00:00,1.8101995755789408
2021-09-27 00:00:00,1.795750174954225
2021-09-28 00:00:00,1.7449348331599215
2021-09-29 00:00:00,1.7420740457879136
2021-09-30 00:00:00,1.7356736401420665
2021-10-01 00:00:00,1.7464379587282644
2021-10-04 00:00:00,1.7097810900293202
2021-10-05 00:00:00,1.7328613406916185
2021-10-06 00:00:00,1.7439650747287325
2021-10-07 00:00:00,1.7599660888433508
2021-10-08 00:00:00,1.7511897750410907
2021-10-11 00:00:00,1.742881524843228
2021-10-12 00:00:00,1.742881524843228
2021-10-13 00:00:00,1.742881524843228
2021-10-14 00:00:00,1.742881524843228
2021-10-15 00:00:00,1.742881524843228
2021-10-18 00:00:00,1.742881524843228
2021-10-19 00:00:00,1.742881524843228
2021-10-20 00:00:00,1.742881524843228
2021-10-21 00:00:00,1.742881524843228
2021-10-22 00:00:00,1.742881524843228
2021-10-25 00:00:00,1.742881524843228
2021-10-26 00:00:00,1.7377935557388016
2021-10-27 00:00:00,1.7418272609747432
2021-10-28 00:00:00,1.7611707110834627
2021-10-29 00:00:00,1.7698340098288372
2021-11-01 00:00:00,1.7758845676827495
2021-11-02 00:00:00,1.7833102523216418
2021-11-03 00:00:00,1.802241164394867
2021-11-04 00:00:00,1.825343294382532
2021-11-05 00:00:00,1.8270851216435071
2021-11-08 00:00:00,1.8246098934305426
2021-11-09 00:00:00,1.8120504021277248
2021-11-10 00:00:00,1.785418780058611
2021-11-11 00:00:00,1.790369236484539
2021-11-12 00:00:00,1.8092084734387661
2021-11-15 00:00:00,1.808795935403272
2021-11-16 00:00:00,1.8216762896225853
2021-11-17 00:00:00,1.8226388783720715
2021-11-18 00:00:00,1.8415239528857976
2021-11-19 00:00:00,1.8517915662136486
2021-11-22 00:00:00,1.8302937508084605
2021-11-23 00:00:00,1.8219513149795814
2021-11-24 00:00:00,1.827818522595496
2021-11-26 00:00:00,1.7931653276139987
2021-11-29 00:00:00,1.8320814156289342
2021-11-30 00:00:00,1.8051747682028245
2021-12-01 00:00:00,1.77446360333827
2021-12-02 00:00:00,1.7872522824385844
2021-12-03 00:00:00,1.7561744170980351
2021-12-06 00:00:00,1.7702465478643312
2021-12-07 00:00:00,1.8235556295620579
2021-12-08 00:00:00,1.8317147151529398
2021-12-09 00:00:00,1.8047622301673305
2021-12-10 00:00:00,1.824380705633046
2021-12-13 00:00:00,1.7980241089209283
2021-12-14 00:00:00,1.7794140597641979
2021-12-15 00:00:00,1.8199802999211099
2021-12-16 00:00:00,1.7731801516722885
2021-12-17 00:00:00,1.7643335026889166
2021-12-20 00:00:00,1.7449900525801973
2021-12-21 00:00:00,1.7840436532736308
2021-12-22 00:00:00,1.805770656476316
2021-12-23 00:00:00,1.8193844116476188
2021-12-27 00:00:00,1.8494538506791824
2021-12-28 00:00:00,1.840882227052807
2021-12-29 00:00:00,1.8406072016958108
2021-12-30 00:00:00,1.8351066945558907
2021-12-31 00:00:00,1.823647304681057
2022-01-03 00:00:00,1.8412030899693022
2022-01-04 00:00:00,1.8173217214701487
2022-01-05 00:00:00,1.761491573999958
2022-01-06 00:00:00,1.7602539598934757
2022-01-07 00:00:00,1.7411855351417524
2022-01-10 00:00:00,1.742331474129236
2022-01-11 00:00:00,1.7685047206033562
2022-01-12 00:00:00,1.7755178672067544
2022-01-13 00:00:00,1.7311012720518988
2022-01-14 00:00:00,1.7418730985342423
2022-01-18 00:00:00,1.6985107672478712
2022-01-19 00:00:00,1.6798548805316418
2022-01-20 00:00:00,1.6751092429852417
2022-01-21 00:00:00,1.6751092429852417
2022-01-24 00:00:00,1.6751092429852417
2022-01-25 00:00:00,1.6751092429852417
2022-01-26 00:00:00,1.6751092429852417
2022-01-27 00:00:00,1.6751092429852417
2022-01-28 00:00:00,1.6751092429852417
2022-01-31 00:00:00,1.6751092429852417
2022-02-01 00:00:00,1.6751092429852417
2022-02-02 00:00:00,1.6751092429852417
2022-02-03 00:00:00,1.6751092429852417
2022-02-04 00:00:00,1.6751092429852417
2022-02-07 00:00:00,1.6751092429852417
2022-02-08 00:00:00,1.6751092429852417
2022-02-09 00:00:00,1.6751092429852417
2022-02-10 00:00:00,1.6751092429852417
2022-02-11 00:00:00,1.6751092429852417
2022-02-14 00:00:00,1.6751092429852417
2022-02-15 00:00:00,1.6751092429852417
2022-02-16 00:00:00,1.6751092429852417
2022-02-17 00:00:00,1.6751092429852417
2022-02-18 00:00:00,1.6751092429852417
2022-02-22 00:00:00,1.6751092429852417
2022-02-23 00:00:00,1.6751092429852417
2022-02-24 00:00:00,1.6751092429852417
2022-02-25 00:00:00,1.6751092429852417
2022-02-28 00:00:00,1.6751092429852417
2022-03-01 00:00:00,1.6751092429852417
2022-03-02 00:00:00,1.6751092429852417
2022-03-03 00:00:00,1.6751092429852417
2022-03-04 00:00:00,1.6751092429852417
2022-03-07 00:00:00,1.6751092429852417
2022-03-08 00:00:00,1.6751092429852417
2022-03-09 00:00:00,1.6751092429852417
2022-03-10 00:00:00,1.6751092429852417
2022-03-11 00:00:00,1.6751092429852417
2022-03-14 00:00:00,1.6751092429852417
2022-03-15 00:00:00,1.6751092429852417
2022-03-16 00:00:00,1.6751092429852417
2022-03-17 00:00:00,1.6751092429852417
2022-03-18 00:00:00,1.6751092429852417
2022-03-21 00:00:00,1.6751092429852417
2022-03-22 00:00:00,1.6751092429852417
2022-03-23 00:00:00,1.6751092429852417
2022-03-24 00:00:00,1.6751092429852417
2022-03-25 00:00:00,1.6751092429852417
2022-03-28 00:00:00,1.6751092429852417
2022-03-29 00:00:00,1.6751092429852417
2022-03-30 00:00:00,1.6751092429852417
2022-03-31 00:00:00,1.6751092429852417
2022-04-01 00:00:00,1.6751092429852417
2022-04-04 00:00:00,1.6751092429852417
2022-04-05 00:00:00,1.6558731548045427
2022-04-06 00:00:00,1.6398274363511436
2022-04-07 00:00:00,1.6398274363511436
2022-04-08 00:00:00,1.6398274363511436
2022-04-11 00:00:00,1.6398274363511436
2022-04-12 00:00:00,1.6398274363511436
2022-04-13 00:00:00,1.6398274363511436
2022-04-14 00:00:00,1.6398274363511436
2022-04-18 00:00:00,1.6398274363511436
2022-04-19 00:00:00,1.6398274363511436
2022-04-20 00:00:00,1.6398274363511436
2022-04-21 00:00:00,1.6398274363511436
2022-04-22 00:00:00,1.6398274363511436
2022-04-25 00:00:00,1.6398274363511436
2022-04-26 00:00:00,1.6398274363511436
2022-04-27 00:00:00,1.6398274363511436
2022-04-28 00:00:00,1.6398274363511436
2022-04-29 00:00:00,1.6398274363511436
2022-05-02 00:00:00,1.6398274363511436
2022-05-03 00:00:00,1.6398274363511436
2022-05-04 00:00:00,1.6398274363511436
2022-05-05 00:00:00,1.6398274363511436
2022-05-06 00:00:00,1.6398274363511436
2022-05-09 00:00:00,1.6398274363511436
2022-05-10 00:00:00,1.6398274363511436
2022-05-11 00:00:00,1.6398274363511436
2022-05-12 00:00:00,1.6398274363511436
2022-05-13 00:00:00,1.6398274363511436
2022-05-16 00:00:00,1.6398274363511436
2022-05-17 00:00:00,1.6398274363511436
2022-05-18 00:00:00,1.6398274363511436
2022-05-19 00:00:00,1.6398274363511436
2022-05-20 00:00:00,1.6398274363511436
2022-05-23 00:00:00,1.6398274363511436
2022-05-24 00:00:00,1.6398274363511436
2022-05-25 00:00:00,1.6398274363511436
2022-05-26 00:00:00,1.6398274363511436
2022-05-27 00:00:00,1.6398274363511436
2022-05-31 00:00:00,1.6398274363511436
2022-06-01 00:00:00,1.6398274363511436
2022-06-02 00:00:00,1.6398274363511436
2022-06-03 00:00:00,1.6398274363511436
2022-06-06 00:00:00,1.6398274363511436
2022-06-07 00:00:00,1.6398274363511436
2022-06-08 00:00:00,1.6398274363511436
2022-06-09 00:00:00,1.6398274363511436
2022-06-10 00:00:00,1.6398274363511436
2022-06-13 00:00:00,1.6398274363511436
2022-06-14 00:00:00,1.6398274363511436
2022-06-15 00:00:00,1.6398274363511436
2022-06-16 00:00:00,1.6398274363511436
2022-06-17 00:00:00,1.6398274363511436
2022-06-21 00:00:00,1.6398274363511436
2022-06-22 00:00:00,1.6398274363511436
2022-06-23 00:00:00,1.6398274363511436
2022-06-24 00:00:00,1.6398274363511436
2022-06-27 00:00:00,1.6398274363511436
2022-06-28 00:00:00,1.6398274363511436
2022-06-29 00:00:00,1.6398274363511436
2022-06-30 00:00:00,1.6398274363511436
2022-07-01 00:00:00,1.6398274363511436
2022-07-05 00:00:00,1.6398274363511436
2022-07-06 00:00:00,1.6398274363511436
2022-07-07 00:00:00,1.6398274363511436
2022-07-08 00:00:00,1.6398274363511436
2022-07-11 00:00:00,1.6398274363511436
2022-07-12 00:00:00,1.6398274363511436
2022-07-13 00:00:00,1.6398274363511436
2022-07-14 00:00:00,1.6398274363511436
2022-07-15 00:00:00,1.6398274363511436
2022-07-18 00:00:00,1.6398274363511436
2022-07-19 00:00:00,1.6398274363511436
2022-07-20 00:00:00,1.6398274363511436
2022-07-21 00:00:00,1.6398274363511436
2022-07-22 00:00:00,1.6398274363511436
2022-07-25 00:00:00,1.6398274363511436
2022-07-26 00:00:00,1.6398274363511436
2022-07-27 00:00:00,1.6398274363511436
2022-07-28 00:00:00,1.6398274363511436
2022-07-29 00:00:00,1.6398274363511436
2022-08-01 00:00:00,1.6398274363511436
2022-08-02 00:00:00,1.6398274363511436
2022-08-03 00:00:00,1.6398274363511436
2022-08-04 00:00:00,1.6398274363511436
2022-08-05 00:00:00,1.6398274363511436
2022-08-08 00:00:00,1.6398274363511436
2022-08-09 00:00:00,1.6398274363511436
2022-08-10 00:00:00,1.6398274363511436
2022-08-11 00:00:00,1.6398274363511436
2022-08-12 00:00:00,1.6398274363511436
2022-08-15 00:00:00,1.6398274363511436
2022-08-16 00:00:00,1.6398274363511436
2022-08-17 00:00:00,1.6398274363511436
2022-08-18 00:00:00,1.6398274363511436
2022-08-19 00:00:00,1.6398274363511436
2022-08-22 00:00:00,1.6398274363511436
2022-08-23 00:00:00,1.6398274363511436
2022-08-24 00:00:00,1.6398274363511436
2022-08-25 00:00:00,1.6398274363511436
2022-08-26 00:00:00,1.6398274363511436
2022-08-29 00:00:00,1.6398274363511436
2022-08-30 00:00:00,1.6398274363511436
2022-08-31 00:00:00,1.6398274363511436
2022-09-01 00:00:00,1.6398274363511436
2022-09-02 00:00:00,1.6398274363511436
2022-09-06 00:00:00,1.6398274363511436
2022-09-07 00:00:00,1.6398274363511436
2022-09-08 00:00:00,1.6398274363511436
2022-09-09 00:00:00,1.6398274363511436
2022-09-12 00:00:00,1.6398274363511436
2022-09-13 00:00:00,1.6398274363511436
2022-09-14 00:00:00,1.6398274363511436
2022-09-15 00:00:00,1.6398274363511436
2022-09-16 00:00:00,1.6398274363511436
2022-09-19 00:00:00,1.6398274363511436
2022-09-20 00:00:00,1.6398274363511436
2022-09-21 00:00:00,1.6398274363511436
2022-09-22 00:00:00,1.6398274363511436
2022-09-23 00:00:00,1.6398274363511436
2022-09-26 00:00:00,1.6398274363511436
2022-09-27 00:00:00,1.6398274363511436
2022-09-28 00:00:00,1.6398274363511436
2022-09-29 00:00:00,1.6398274363511436
2022-09-30 00:00:00,1.6398274363511436
2022-10-03 00:00:00,1.6398274363511436
2022-10-04 00:00:00,1.6398274363511436
2022-10-05 00:00:00,1.6398274363511436
2022-10-06 00:00:00,1.6398274363511436
2022-10-07 00:00:00,1.6398274363511436
2022-10-10 00:00:00,1.6398274363511436
2022-10-11 00:00:00,1.6398274363511436
2022-10-12 00:00:00,1.6398274363511436
2022-10-13 00:00:00,1.6398274363511436
2022-10-14 00:00:00,1.6398274363511436
2022-10-17 00:00:00,1.6398274363511436
2022-10-18 00:00:00,1.6398274363511436
2022-10-19 00:00:00,1.6398274363511436
2022-10-20 00:00:00,1.6398274363511436
2022-10-21 00:00:00,1.6398274363511436
2022-10-24 00:00:00,1.6398274363511436
2022-10-25 00:00:00,1.6398274363511436
2022-10-26 00:00:00,1.6398274363511436
2022-10-27 00:00:00,1.6398274363511436
2022-10-28 00:00:00,1.6398274363511436
2022-10-31 00:00:00,1.6398274363511436
2022-11-01 00:00:00,1.6398274363511436
2022-11-02 00:00:00,1.6398274363511436
2022-11-03 00:00:00,1.6398274363511436
2022-11-04 00:00:00,1.6398274363511436
2022-11-07 00:00:00,1.6398274363511436
2022-11-08 00:00:00,1.6398274363511436
2022-11-09 00:00:00,1.6398274363511436
2022-11-10 00:00:00,1.6398274363511436
2022-11-11 00:00:00,1.6398274363511436
2022-11-14 00:00:00,1.6398274363511436
2022-11-15 00:00:00,1.6398274363511436
2022-11-16 00:00:00,1.6398274363511436
2022-11-17 00:00:00,1.6398274363511436
2022-11-18 00:00:00,1.6398274363511436
2022-11-21 00:00:00,1.6398274363511436
2022-11-22 00:00:00,1.6398274363511436
2022-11-23 00:00:00,1.6398274363511436
2022-11-25 00:00:00,1.6398274363511436
2022-11-28 00:00:00,1.6398274363511436
2022-11-29 00:00:00,1.6398274363511436
2022-11-30 00:00:00,1.6398274363511436
2022-12-01 00:00:00,1.6398274363511436
2022-12-02 00:00:00,1.6398274363511436
2022-12-05 00:00:00,1.6398274363511436
2022-12-06 00:00:00,1.6398274363511436
2022-12-07 00:00:00,1.6398274363511436
2022-12-08 00:00:00,1.6398274363511436
2022-12-09 00:00:00,1.6398274363511436
2022-12-12 00:00:00,1.6398274363511436
2022-12-13 00:00:00,1.6398274363511436
2022-12-14 00:00:00,1.6398274363511436
2022-12-15 00:00:00,1.6398274363511436
2022-12-16 00:00:00,1.6398274363511436
2022-12-19 00:00:00,1.6398274363511436
2022-12-20 00:00:00,1.6398274363511436
2022-12-21 00:00:00,1.6398274363511436
2022-12-22 00:00:00,1.6398274363511436
2022-12-23 00:00:00,1.6398274363511436
2022-12-27 00:00:00,1.6398274363511436
2022-12-28 00:00:00,1.6398274363511436
2022-12-29 00:00:00,1.6398274363511436
2022-12-30 00:00:00,1.6398274363511436
2023-01-03 00:00:00,1.6398274363511436
2023-01-04 00:00:00,1.6398274363511436
2023-01-05 00:00:00,1.6398274363511436
2023-01-06 00:00:00,1.6398274363511436
2023-01-09 00:00:00,1.6398274363511436
2023-01-10 00:00:00,1.6398274363511436
2023-01-11 00:00:00,1.6398274363511436
2023-01-12 00:00:00,1.6398274363511436
2023-01-13 00:00:00,1.6398274363511436
2023-01-17 00:00:00,1.6398274363511436
2023-01-18 00:00:00,1.6398274363511436
2023-01-19 00:00:00,1.6398274363511436
2023-01-20 00:00:00,1.6398274363511436
2023-01-23 00:00:00,1.6398274363511436
2023-01-24 00:00:00,1.6398274363511436
2023-01-25 00:00:00,1.6398274363511436
2023-01-26 00:00:00,1.6398274363511436
2023-01-27 00:00:00,1.6594068479132273
2023-01-30 00:00:00,1.6318761729702973
2023-01-31 00:00:00,1.6518692340724253
2023-02-01 00:00:00,1.6808247018755067
2023-02-02 00:00:00,1.730462646680789
2023-02-03 00:00:00,1.7050002194380793
2023-02-06 00:00:00,1.6930963048968124
2023-02-07 00:00:00,1.7220058116398889
2023-02-08 00:00:00,1.696681267577194
2023-02-09 00:00:00,1.6843177424358782
2023-02-10 00:00:00,1.6752174525549097
2023-02-13 00:00:00,1.6972787613572575
2023-02-14 00:00:00,1.7076199998583579
2023-02-15 00:00:00,1.7184208489595076
2023-02-16 00:00:00,1.6917634341566705
2023-02-17 00:00:00,1.681927767315624
2023-02-21 00:00:00,1.6491575315321365
2023-02-22 00:00:00,1.6501686748522442
2023-02-23 00:00:00,1.661980667273501
2023-02-24 00:00:00,1.6391380204510704
2023-02-27 00:00:00,1.6487438819920925
2023-02-28 00:00:00,1.6469973617119067
2023-03-01 00:00:00,1.6361505515507524
2023-03-02 00:00:00,1.647227167011931
2023-03-03 00:00:00,1.6751255304349
2023-03-06 00:00:00,1.6766882064750661
2023-03-07 00:00:00,1.6597745363932663
2023-03-08 00:00:00,1.6665767732739902
2023-03-09 00:00:00,1.6428608663114663
2023-03-10 00:00:00,1.6239708706494562
2023-03-13 00:00:00,1.6338065374905029
2023-03-14 00:00:00,1.6645085255737702
2023-03-15 00:00:00,1.6716784509345333
2023-03-16 00:00:00,1.7078957662183876
2023-03-17 00:00:00,1.7012314125176784
2023-03-20 00:00:00,1.7040350371779767
2023-03-21 00:00:00,1.724120020400114
2023-03-22 00:00:00,1.70472445307805
2023-03-23 00:00:00,1.7214083178598254
2023-03-24 00:00:00,1.7266478787003832
2023-03-27 00:00:00,1.716858172919341
2023-03-28 00:00:00,1.709320559078539
2023-03-29 00:00:00,1.7350587526812782
2023-03-30 00:00:00,1.748663226442726
2023-03-31 00:00:00,1.7727927829452939
2023-04-03 00:00:00,1.7692078202649122
2023-04-04 00:00:00,1.7642440257843839
2023-04-05 00:00:00,1.7497662918828432
2023-04-06 00:00:00,1.7595559976638853
2023-04-10 00:00:00,1.758728698583797
2023-04-11 00:00:00,1.7493526423427994
2023-04-12 00:00:00,1.7365295066014348
2023-04-13 00:00:00,1.764703636384433
2023-04-14 00:00:00,1.7619459727841396
2023-04-17 00:00:00,1.7631869214042715
2023-04-18 00:00:00,1.7632788435242812
2023-04-19 00:00:00,1.7625894276242078
2023-04-20 00:00:00,1.751420890043019
2023-04-21 00:00:00,1.7529376050231806
2023-04-24 00:00:00,1.749904175062858
2023-04-25 00:00:00,1.7225113832999428
2023-04-26 00:00:00,1.7311520625808623
2023-04-27 00:00:00,1.77012704146501
2023-04-28 00:00:00,1.7802844357260912
2023-05-01 00:00:00,1.77858387650591
2023-05-02 00:00:00,1.7656688186445355
2023-05-03 00:00:00,1.7560629571035136
2023-05-04 00:00:00,1.7509153183829658
2023-05-05 00:00:00,1.7818011507062523
2023-05-08 00:00:00,1.7854780355066437
2023-05-09 00:00:00,1.7760560182056409
2023-05-10 00:00:00,1.792142389207353
2023-05-11 00:00:00,1.7970142615678715
2023-05-12 00:00:00,1.791636817547299
2023-05-15 00:00:00,1.7997259641081602
2023-05-16 00:00:00,1.8014265233283409
2023-05-17 00:00:00,1.819627103090278
2023-05-18 00:00:00,1.847893154993286
2023-05-19 00:00:00,1.844400114432914
2023-05-22 00:00:00,1.8495937142134669
2023-05-23 00:00:00,1.8299223805313736
2023-05-24 00:00:00,1.822063039270537
2023-05-25 00:00:00,1.8591536146944843
2023-05-26 00:00:00,1.8990478147787297
2023-05-30 00:00:00,1.9063096622595028
2023-05-31 00:00:00,1.8971634113185294
2023-06-01 00:00:00,1.9156397574404955
2023-06-02 00:00:00,1.9277734772817867
2023-06-05 00:00:00,1.928922503781909
2023-06-06 00:00:00,1.9286467374218799
2023-06-07 00:00:00,1.900978179298935
2023-06-08 00:00:00,1.920879318281053
2023-06-09 00:00:00,1.9270840613817133
2023-06-12 00:00:00,1.9546147363246433
2023-06-13 00:00:00,1.967345949945998
2023-06-14 00:00:00,1.9794796697872894
2023-06-15 00:00:00,1.999518691949422
2023-06-16 00:00:00,1.9888097649682823
2023-06-20 00:00:00,1.9840757757877783
2023-06-21 00:00:00,1.9610952457853328
2023-06-22 00:00:00,1.9807206184074215
2023-06-23 00:00:00,1.964036753625646
2023-06-26 00:00:00,1.941699678463269
2023-06-27 00:00:00,1.969965730366277
2023-06-28 00:00:00,1.9732289656266242
2023-06-29 00:00:00,1.9698738082462672
2023-06-30 00:00:00,1.9956579629090112
2023-07-03 00:00:00,1.9996565751294368
2023-07-05 00:00:00,1.9996106140694316
2023-07-06 00:00:00,1.9866495951480525
2023-07-07 00:00:00,1.981042345827456
2023-07-10 00:00:00,1.9815938785475145
2023-07-11 00:00:00,1.9899128304083997
2023-07-12 00:00:00,2.0112847233106743
2023-07-13 00:00:00,2.04037807429377
2023-07-14 00:00:00,2.040010385813731
2023-07-17 00:00:00,2.0562806010554624
2023-07-18 00:00:00,2.0706664128369936
2023-07-19 00:00:00,2.070252763296949
2023-07-20 00:00:00,2.0293933809526012
2023-07-21 00:00:00,2.0241997811720482
2023-07-24 00:00:00,2.026957444772342
2023-07-25 00:00:00,2.038677515073589
2023-07-26 00:00:00,2.032886421512973
2023-07-27 00:00:00,2.028749926112533
2023-07-28 00:00:00,2.060279213275888
2023-07-31 00:00:00,2.061198434475986
2023-08-01 00:00:00,2.057107900135551
2023-08-02 00:00:00,2.0185006097314417
2023-08-03 00:00:00,2.0157429461311485
2023-08-04 00:00:00,2.0076997606302927
2023-08-07 00:00:00,2.0221774945318334
2023-08-08 00:00:00,2.007515916390273
2023-08-09 00:00:00,1.9887178428482726
2023-08-10 00:00:00,1.991843194928605
2023-08-11 00:00:00,1.981042345827456
2023-08-14 00:00:00,1.999932341489466
2023-08-15 00:00:00,1.981869644907544
2023-08-16 00:00:00,1.964036753625646
2023-08-17 00:00:00,1.9458361738637089
2023-08-18 00:00:00,1.9437679261634888
2023-08-21 00:00:00,1.9702874577863112
2023-08-22 00:00:00,1.967897482666057
2023-08-23 00:00:00,1.9942331700488594
2023-08-24 00:00:00,1.9579698937050005
2023-08-25 00:00:00,1.9708389905063697
2023-08-28 00:00:00,1.98343232094771
2023-08-29 00:00:00,2.0202471300116276
2023-08-30 00:00:00,2.02985299155265
2023-08-31 00:00:00,2.0350465913332028
2023-09-01 00:00:00,2.033208148933007
2023-09-05 00:00:00,2.035414279813242
2023-09-06 00:00:00,2.020109246831613
2023-09-07 00:00:00,2.007791682750302
2023-09-08 00:00:00,2.0101816578705565
2023-09-11 00:00:00,2.030358563212704
2023-09-12 00:00:00,2.0111468401306594
2023-09-13 00:00:00,2.017673310651354
2023-09-14 00:00:00,2.0317373950128506
2023-09-15 00:00:00,2.002046550249691
2023-09-18 00:00:00,2.0013571343496177
2023-09-19 00:00:00,1.9977262106092313
2023-09-20 00:00:00,1.9732289656266242
2023-09-21 00:00:00,1.9425269775433571
2023-09-22 00:00:00,1.9427567828433814
2023-09-25 00:00:00,1.9505701630442127
2023-09-26 00:00:00,1.9257511906415716
2023-09-27 00:00:00,1.9305918094812866
2023-09-28 00:00:00,1.9305918094812866
2023-09-29 00:00:00,1.9305918094812866
2023-10-02 00:00:00,1.9305918094812866
2023-10-03 00:00:00,1.9305918094812866
2023-10-04 00:00:00,1.9305918094812866
2023-10-05 00:00:00,1.9305918094812866
2023-10-06 00:00:00,1.9305918094812866
2023-10-09 00:00:00,1.9305918094812866
2023-10-10 00:00:00,1.9305918094812866
2023-10-11 00:00:00,1.9305918094812866
2023-10-12 00:00:00,1.9305918094812866
2023-10-13 00:00:00,1.9305918094812866
2023-10-16 00:00:00,1.9305918094812866
2023-10-17 00:00:00,1.9305918094812866
2023-10-18 00:00:00,1.9305918094812866
2023-10-19 00:00:00,1.9305918094812866
2023-10-20 00:00:00,1.9305918094812866
2023-10-23 00:00:00,1.9305918094812866
2023-10-24 00:00:00,1.9305918094812866
2023-10-25 00:00:00,1.9305918094812866
2023-10-26 00:00:00,1.9305918094812866
2023-10-27 00:00:00,1.9305918094812866
2023-10-30 00:00:00,1.9305918094812866
2023-10-31 00:00:00,1.9305918094812866
2023-11-01 00:00:00,1.9305918094812866
2023-11-02 00:00:00,1.9305918094812866
2023-11-03 00:00:00,1.9305918094812866
2023-11-06 00:00:00,1.9305918094812866
2023-11-07 00:00:00,1.9305918094812866
2023-11-08 00:00:00,1.9305918094812866
2023-11-09 00:00:00,1.9305918094812866
2023-11-10 00:00:00,1.9305918094812866
2023-11-13 00:00:00,1.9305918094812866
2023-11-14 00:00:00,1.93874264925966
2023-11-15 00:00:00,1.9476306670880141
2023-11-16 00:00:00,1.9532482485256706
2023-11-17 00:00:00,1.953703728101697
2023-11-20 00:00:00,1.9774898837386203
2023-11-21 00:00:00,1.9660016766544042
2023-11-22 00:00:00,1.9740484824975335
2023-11-24 00:00:00,1.9712649961995956
2023-11-27 00:00:00,1.9695442955790525
2023-11-28 00:00:00,1.9747063974406827
2023-11-29 00:00:00,1.9727832614530165
2023-11-30 00:00:00,1.967823594958509
2023-12-01 00:00:00,1.9734411763961655
2023-12-04 00:00:00,1.955120775671556
2023-12-05 00:00:00,1.9600298333242832
2023-12-06 00:00:00,1.948693452765409
2023-12-07 00:00:00,1.975921009643419
2023-12-08 00:00:00,1.984726948113259
2023-12-11 00:00:00,2.001680910109789
2023-12-12 00:00:00,2.0176226952707066
2023-12-13 00:00:00,2.0432813780535155
2023-12-14 00:00:00,2.0415100685911916
2023-12-15 00:00:00,2.0513787927384253
2023-12-18 00:00:00,2.0601847312082655
2023-12-19 00:00:00,2.0707113702986484
2023-12-20 00:00:00,2.0399411944959898
2023-12-21 00:00:00,2.0636767412911325
2023-12-22 00:00:00,2.066763880639755
2023-12-26 00:00:00,2.079416091084927
2023-12-27 00:00:00,2.08255383927533
2023-12-28 00:00:00,2.081541662439716
2023-12-29 00:00:00,2.072533288602753
