date,combined_equity
1971-01-04 00:00:00,1.0
1971-01-05 00:00:00,1.0
1971-01-06 00:00:00,1.0
1971-01-07 00:00:00,1.0
1971-01-08 00:00:00,1.0
1971-01-11 00:00:00,1.0
1971-01-12 00:00:00,1.0
1971-01-13 00:00:00,1.0
1971-01-14 00:00:00,1.0
1971-01-15 00:00:00,1.0
1971-01-18 00:00:00,1.0
1971-01-19 00:00:00,1.0
1971-01-20 00:00:00,1.0
1971-01-21 00:00:00,1.0
1971-01-22 00:00:00,1.0
1971-01-25 00:00:00,1.0
1971-01-26 00:00:00,1.0
1971-01-27 00:00:00,1.0
1971-01-28 00:00:00,1.0
1971-01-29 00:00:00,1.0
1971-02-01 00:00:00,1.0
1971-02-02 00:00:00,1.0
1971-02-03 00:00:00,1.0
1971-02-04 00:00:00,1.0
1971-02-05 00:00:00,1.0
1971-02-08 00:00:00,1.0
1971-02-09 00:00:00,1.0
1971-02-10 00:00:00,1.0
1971-02-11 00:00:00,1.0
1971-02-16 00:00:00,1.0
1971-02-17 00:00:00,1.0
1971-02-18 00:00:00,1.0
1971-02-19 00:00:00,1.0
1971-02-22 00:00:00,1.0
1971-02-23 00:00:00,1.0
1971-02-24 00:00:00,1.0
1971-02-25 00:00:00,1.0
1971-02-26 00:00:00,1.0
1971-03-01 00:00:00,1.0
1971-03-02 00:00:00,1.0
1971-03-03 00:00:00,1.0
1971-03-04 00:00:00,1.0
1971-03-05 00:00:00,1.0
1971-03-08 00:00:00,1.0
1971-03-09 00:00:00,1.0
1971-03-10 00:00:00,1.0
1971-03-11 00:00:00,1.0
1971-03-12 00:00:00,1.0
1971-03-15 00:00:00,1.0
1971-03-16 00:00:00,1.0
1971-03-17 00:00:00,1.0
1971-03-18 00:00:00,1.0
1971-03-19 00:00:00,1.0
1971-03-22 00:00:00,1.0
1971-03-23 00:00:00,1.0
1971-03-24 00:00:00,1.0
1971-03-25 00:00:00,1.0
1971-03-26 00:00:00,1.0
1971-03-29 00:00:00,1.0
1971-03-30 00:00:00,1.0
1971-03-31 00:00:00,1.0
1971-04-01 00:00:00,1.0
1971-04-02 00:00:00,1.0
1971-04-05 00:00:00,1.0
1971-04-06 00:00:00,1.0
1971-04-07 00:00:00,1.0
1971-04-08 00:00:00,1.0
1971-04-09 00:00:00,1.0
1971-04-12 00:00:00,1.0
1971-04-13 00:00:00,1.0
1971-04-14 00:00:00,1.0
1971-04-15 00:00:00,1.0
1971-04-16 00:00:00,1.0
1971-04-19 00:00:00,1.0
1971-04-20 00:00:00,1.0
1971-04-21 00:00:00,1.0
1971-04-22 00:00:00,1.0
1971-04-23 00:00:00,1.0
1971-04-26 00:00:00,1.0
1971-04-27 00:00:00,1.0
1971-04-28 00:00:00,1.0
1971-04-29 00:00:00,1.0
1971-04-30 00:00:00,1.0
1971-05-03 00:00:00,1.0
1971-05-04 00:00:00,1.0
1971-05-05 00:00:00,1.0
1971-05-06 00:00:00,1.0
1971-05-07 00:00:00,1.0
1971-05-10 00:00:00,1.0
1971-05-11 00:00:00,1.0
1971-05-12 00:00:00,1.0
1971-05-13 00:00:00,1.0
1971-05-14 00:00:00,1.0
1971-05-17 00:00:00,1.0
1971-05-18 00:00:00,1.0
1971-05-19 00:00:00,1.0
1971-05-20 00:00:00,1.0
1971-05-21 00:00:00,1.0
1971-05-24 00:00:00,1.0
1971-05-25 00:00:00,1.0
1971-05-26 00:00:00,1.0
1971-05-27 00:00:00,1.0
1971-05-28 00:00:00,1.0
1971-06-01 00:00:00,1.0
1971-06-02 00:00:00,1.0
1971-06-03 00:00:00,1.0
1971-06-04 00:00:00,1.0
1971-06-07 00:00:00,1.0
1971-06-08 00:00:00,1.0
1971-06-09 00:00:00,1.0
1971-06-10 00:00:00,1.0
1971-06-11 00:00:00,1.0
1971-06-14 00:00:00,1.0
1971-06-15 00:00:00,1.0
1971-06-16 00:00:00,1.0
1971-06-17 00:00:00,1.0
1971-06-18 00:00:00,1.0
1971-06-21 00:00:00,1.0
1971-06-22 00:00:00,1.0
1971-06-23 00:00:00,1.0
1971-06-24 00:00:00,1.0
1971-06-25 00:00:00,1.0
1971-06-28 00:00:00,1.0
1971-06-29 00:00:00,1.0
1971-06-30 00:00:00,1.0
1971-07-01 00:00:00,1.0
1971-07-02 00:00:00,1.0
1971-07-06 00:00:00,1.0
1971-07-07 00:00:00,1.0
1971-07-08 00:00:00,1.0
1971-07-09 00:00:00,1.0
1971-07-12 00:00:00,1.0
1971-07-13 00:00:00,1.0
1971-07-14 00:00:00,1.0
1971-07-15 00:00:00,1.0
1971-07-16 00:00:00,1.0
1971-07-19 00:00:00,1.0
1971-07-20 00:00:00,1.0
1971-07-21 00:00:00,1.0
1971-07-22 00:00:00,1.0
1971-07-23 00:00:00,1.0
1971-07-26 00:00:00,1.0
1971-07-27 00:00:00,1.0
1971-07-28 00:00:00,1.0
1971-07-29 00:00:00,1.0
1971-07-30 00:00:00,1.0
1971-08-02 00:00:00,1.0
1971-08-03 00:00:00,1.0
1971-08-04 00:00:00,1.0
1971-08-05 00:00:00,1.0
1971-08-06 00:00:00,1.0
1971-08-09 00:00:00,1.0
1971-08-10 00:00:00,1.0
1971-08-11 00:00:00,1.0
1971-08-12 00:00:00,1.0
1971-08-13 00:00:00,1.0
1971-08-23 00:00:00,1.0
1971-08-24 00:00:00,1.0
1971-08-25 00:00:00,1.0
1971-08-26 00:00:00,1.0
1971-08-27 00:00:00,1.0
1971-08-30 00:00:00,1.0
1971-08-31 00:00:00,1.0
1971-09-01 00:00:00,1.0
1971-09-02 00:00:00,1.0
1971-09-03 00:00:00,1.0
1971-09-07 00:00:00,1.0
1971-09-08 00:00:00,1.0
1971-09-09 00:00:00,1.0
1971-09-10 00:00:00,1.0
1971-09-13 00:00:00,1.0
1971-09-14 00:00:00,1.0
1971-09-15 00:00:00,1.0
1971-09-16 00:00:00,1.0
1971-09-17 00:00:00,1.0
1971-09-20 00:00:00,1.0
1971-09-21 00:00:00,1.0
1971-09-22 00:00:00,1.0
1971-09-23 00:00:00,1.0
1971-09-24 00:00:00,1.0
1971-09-27 00:00:00,1.0
1971-09-28 00:00:00,1.0
1971-09-29 00:00:00,1.0
1971-09-30 00:00:00,1.0
1971-10-01 00:00:00,1.0
1971-10-04 00:00:00,1.0
1971-10-05 00:00:00,1.0
1971-10-06 00:00:00,1.0
1971-10-07 00:00:00,1.0
1971-10-08 00:00:00,1.0
1971-10-12 00:00:00,1.0
1971-10-13 00:00:00,1.0
1971-10-14 00:00:00,1.0
1971-10-15 00:00:00,1.0
1971-10-18 00:00:00,1.0
1971-10-19 00:00:00,1.0
1971-10-20 00:00:00,1.0
1971-10-21 00:00:00,1.0
1971-10-22 00:00:00,1.0
1971-10-26 00:00:00,1.0
1971-10-27 00:00:00,1.0
1971-10-28 00:00:00,0.9999402104591836
1971-10-29 00:00:00,0.9995417961590564
1971-11-01 00:00:00,0.9985272752602145
1971-11-03 00:00:00,0.9989447696412216
1971-11-04 00:00:00,0.9985670215941884
1971-11-05 00:00:00,0.9995417961590564
1971-11-08 00:00:00,0.9990641178813221
1971-11-09 00:00:00,0.9993228035931244
1971-11-10 00:00:00,0.9993228035931244
1971-11-11 00:00:00,0.9994024261498317
1971-11-12 00:00:00,1.0007379926599647
1971-11-15 00:00:00,1.0007379926599647
1971-11-16 00:00:00,1.0015770351738729
1971-11-17 00:00:00,1.0019770739305827
1971-11-18 00:00:00,1.001697013256668
1971-11-19 00:00:00,1.0025777315961952
1971-11-22 00:00:00,1.0032593481303738
1971-11-23 00:00:00,1.0055313946730264
1971-11-24 00:00:00,1.0079959819186337
1971-11-26 00:00:00,1.012266720468072
1971-11-29 00:00:00,1.0150929653832923
1971-11-30 00:00:00,1.0121646156949768
1971-12-01 00:00:00,1.0167592104729866
1971-12-02 00:00:00,1.0185343077547704
1971-12-03 00:00:00,1.0185963416367216
1971-12-06 00:00:00,1.021270965640775
1971-12-07 00:00:00,1.026284568810342
1971-12-08 00:00:00,1.0260327198364008
1971-12-09 00:00:00,1.0247962580935066
1971-12-10 00:00:00,1.0245242179204443
1971-12-13 00:00:00,1.0245869836018706
1971-12-14 00:00:00,1.024607907204705
1971-12-15 00:00:00,1.025529392527185
1971-12-16 00:00:00,1.025843914208019
1971-12-17 00:00:00,1.025529392527185
1971-12-21 00:00:00,1.029929179924048
1971-12-22 00:00:00,1.0296332779248496
1971-12-23 00:00:00,1.0282195261906713
1971-12-24 00:00:00,1.0293586639858847
1971-12-27 00:00:00,1.0259425853957862
1971-12-28 00:00:00,1.0259425853957862
1971-12-29 00:00:00,1.0233682583388555
1971-12-30 00:00:00,1.0271609946253402
1971-12-31 00:00:00,1.0315331507785643
1972-01-03 00:00:00,1.0333818526596976
1972-01-04 00:00:00,1.03325414326493
1972-01-05 00:00:00,1.0338930060905267
1972-01-06 00:00:00,1.0340208734697687
1972-01-07 00:00:00,1.0347673973372462
1972-01-10 00:00:00,1.0386452576817335
1972-01-11 00:00:00,1.037463831727346
1972-01-12 00:00:00,1.0384087572815077
1972-01-13 00:00:00,1.038903381011315
1972-01-14 00:00:00,1.040411661181192
1972-01-17 00:00:00,1.042162431817022
1972-01-18 00:00:00,1.0419676108240354
1972-01-19 00:00:00,1.043419694563146
1972-01-20 00:00:00,1.043419694563146
1972-01-21 00:00:00,1.043419694563146
1972-01-24 00:00:00,1.043788777684402
1972-01-25 00:00:00,1.0436801967234444
1972-01-26 00:00:00,1.043419694563146
1972-01-27 00:00:00,1.0431810151287715
1972-01-28 00:00:00,1.043419694563146
1972-01-31 00:00:00,1.043919104663761
1972-02-01 00:00:00,1.043419694563146
1972-02-02 00:00:00,1.0454202074713423
1972-02-03 00:00:00,1.0456817096181676
1972-02-04 00:00:00,1.043919104663761
1972-02-07 00:00:00,1.044679994492021
1972-02-08 00:00:00,1.0456817096181676
1972-02-09 00:00:00,1.0459215348716144
1972-02-10 00:00:00,1.0464233433219794
1972-02-11 00:00:00,1.0459215348716144
1972-02-14 00:00:00,1.044418993056825
1972-02-15 00:00:00,1.044418993056825
1972-02-16 00:00:00,1.0454202074713423
1972-02-17 00:00:00,1.049949530233839
1972-02-18 00:00:00,1.0504552121351138
1972-02-22 00:00:00,1.048435401498785
1972-02-23 00:00:00,1.048127618723166
1972-02-24 00:00:00,1.048127618723166
1972-02-25 00:00:00,1.047121633152167
1972-02-28 00:00:00,1.047121633152167
1972-02-29 00:00:00,1.047121633152167
1972-03-01 00:00:00,1.0483684669330253
1972-03-02 00:00:00,1.048872416495996
1972-03-03 00:00:00,1.0498817705086487
1972-03-06 00:00:00,1.0508930690416483
1972-03-07 00:00:00,1.0531424781668295
1972-03-08 00:00:00,1.0544037001446325
1972-03-09 00:00:00,1.0604191884394187
1972-03-10 00:00:00,1.0564012653577213
1972-03-13 00:00:00,1.0579155637270525
1972-03-14 00:00:00,1.0548912959197023
1972-03-15 00:00:00,1.0523916059320972
1972-03-16 00:00:00,1.0528994316902467
1972-03-17 00:00:00,1.0501234256556586
1972-03-20 00:00:00,1.047865001400704
1972-03-21 00:00:00,1.0513774225815247
1972-03-22 00:00:00,1.0523916059320972
1972-03-23 00:00:00,1.0483684669330253
1972-03-24 00:00:00,1.047121633152167
1972-03-27 00:00:00,1.048127618723166
1972-03-28 00:00:00,1.0503871763590757
1972-03-29 00:00:00,1.0523916059320972
1972-03-30 00:00:00,1.0501234256556586
1972-03-31 00:00:00,1.0498817705086487
1972-04-03 00:00:00,1.0498817705086487
1972-04-04 00:00:00,1.0503871763590757
1972-04-05 00:00:00,1.049376850787971
1972-04-06 00:00:00,1.049376850787971
1972-04-07 00:00:00,1.048872416495996
1972-04-10 00:00:00,1.0490039612901887
1972-04-11 00:00:00,1.0498817705086487
1972-04-12 00:00:00,1.050057508674574
1972-04-13 00:00:00,1.049376850787971
1972-04-14 00:00:00,1.049135539084016
1972-04-17 00:00:00,1.048872416495996
1972-04-18 00:00:00,1.047493185391023
1972-04-19 00:00:00,1.0468595196412926
1972-04-20 00:00:00,1.048557978210379
1972-04-21 00:00:00,1.048557978210379
1972-04-24 00:00:00,1.048557978210379
1972-04-25 00:00:00,1.0498080107278531
1972-04-26 00:00:00,1.0495665443486712
1972-04-27 00:00:00,1.050577052554122
1972-04-28 00:00:00,1.0510830366858097
1972-05-01 00:00:00,1.0513252014270031
1972-05-02 00:00:00,1.0515674777812172
1972-05-03 00:00:00,1.051831906643424
1972-05-04 00:00:00,1.0528247004138527
1972-05-05 00:00:00,1.0528247004138527
1972-05-08 00:00:00,1.0530897620202007
1972-05-09 00:00:00,1.0545943023979085
1972-05-10 00:00:00,1.0565922287064968
1972-05-11 00:00:00,1.0560809277899985
1972-05-12 00:00:00,1.0558365674575274
1972-05-15 00:00:00,1.0558365674575274
1972-05-16 00:00:00,1.0550819863146015
1972-05-17 00:00:00,1.0560809277899985
1972-05-18 00:00:00,1.0565922287064968
1972-05-19 00:00:00,1.0565922287064968
1972-05-22 00:00:00,1.0571040249548436
1972-05-23 00:00:00,1.0571040249548436
1972-05-24 00:00:00,1.0594691604983608
1972-05-25 00:00:00,1.0573489723822642
1972-05-26 00:00:00,1.0575940333522438
1972-05-30 00:00:00,1.059849459816952
1972-05-31 00:00:00,1.060364417198615
1972-06-01 00:00:00,1.059849459816952
1972-06-02 00:00:00,1.059849459816952
1972-06-05 00:00:00,1.0583522132315104
1972-06-06 00:00:00,1.0575940333522438
1972-06-07 00:00:00,1.0583522132315104
1972-06-08 00:00:00,1.0591114809556441
1972-06-09 00:00:00,1.0592232298668616
1972-06-12 00:00:00,1.0591114809556441
1972-06-13 00:00:00,1.058843379747513
1972-06-14 00:00:00,1.0591114809556441
1972-06-15 00:00:00,1.0613509487013055
1972-06-16 00:00:00,1.0606108780993713
1972-06-19 00:00:00,1.0607895763772717
1972-06-20 00:00:00,1.0607895763772717
1972-06-21 00:00:00,1.059291349183518
1972-06-22 00:00:00,1.0542686938269497
1972-06-23 00:00:00,1.0552649787389012
1972-06-26 00:00:00,1.0552649787389012
1972-06-27 00:00:00,1.0582874507206312
1972-06-28 00:00:00,1.0628088031676093
1972-06-29 00:00:00,1.065806885182144
1972-06-30 00:00:00,1.0678225848948713
1972-07-03 00:00:00,1.0668251071602177
1972-07-05 00:00:00,1.0582874507206312
1972-07-06 00:00:00,1.0602971540642654
1972-07-07 00:00:00,1.0595370363414875
1972-07-10 00:00:00,1.0607895763772717
1972-07-11 00:00:00,1.0605433080614524
1972-07-12 00:00:00,1.0607895763772717
1972-07-13 00:00:00,1.0621797759954286
1972-07-14 00:00:00,1.0640465638116237
1972-07-17 00:00:00,1.0633035617039661
1972-07-18 00:00:00,1.0628088031676093
1972-07-19 00:00:00,1.0633035617039661
1972-07-20 00:00:00,1.0637987810946448
1972-07-21 00:00:00,1.06355111375228
1972-07-24 00:00:00,1.0617982297799886
1972-07-25 00:00:00,1.0605433080614524
1972-07-26 00:00:00,1.0605433080614524
1972-07-27 00:00:00,1.0622920476612492
1972-07-28 00:00:00,1.0622920476612492
1972-07-31 00:00:00,1.0628088031676093
1972-08-01 00:00:00,1.06355111375228
1972-08-02 00:00:00,1.0633035617039661
1972-08-03 00:00:00,1.0630561248692136
1972-08-04 00:00:00,1.0633035617039661
1972-08-07 00:00:00,1.0633035617039661
1972-08-08 00:00:00,1.0637987810946448
1972-08-09 00:00:00,1.06355111375228
1972-08-10 00:00:00,1.0633035617039661
1972-08-11 00:00:00,1.06355111375228
1972-08-14 00:00:00,1.0637987810946448
1972-08-15 00:00:00,1.0637987810946448
1972-08-16 00:00:00,1.0627378879963005
1972-08-17 00:00:00,1.0627378879963005
1972-08-18 00:00:00,1.0631200384340689
1972-08-21 00:00:00,1.0626255430886937
1972-08-22 00:00:00,1.0636375031640117
1972-08-23 00:00:00,1.0638851644089802
1972-08-24 00:00:00,1.063502463806027
1972-08-25 00:00:00,1.0632549806856153
1972-08-28 00:00:00,1.0632549806856153
1972-08-29 00:00:00,1.0632549806856153
1972-08-30 00:00:00,1.064132941013509
1972-08-31 00:00:00,1.0637500621615528
1972-09-01 00:00:00,1.0632549806856153
1972-09-05 00:00:00,1.0627378879963005
1972-09-06 00:00:00,1.0632549806856153
1972-09-07 00:00:00,1.0627378879963005
1972-09-08 00:00:00,1.0630076127198882
1972-09-11 00:00:00,1.062490760548982
1972-09-12 00:00:00,1.0627378879963005
1972-09-13 00:00:00,1.0628727332461152
1972-09-14 00:00:00,1.063502463806027
1972-09-15 00:00:00,1.0636375031640117
1972-09-18 00:00:00,1.0637500621615528
1972-09-19 00:00:00,1.063502463806027
1972-09-20 00:00:00,1.063502463806027
1972-09-21 00:00:00,1.063367458732869
1972-09-22 00:00:00,1.0632549806856153
1972-09-25 00:00:00,1.0632549806856153
1972-09-26 00:00:00,1.0630076127198882
1972-09-27 00:00:00,1.0626255430886937
1972-09-28 00:00:00,1.0597352338754094
1972-09-29 00:00:00,1.0592215582088313
1972-10-02 00:00:00,1.0602270422320228
1972-10-03 00:00:00,1.0604954937861928
1972-10-04 00:00:00,1.0613689009800449
1972-10-05 00:00:00,1.0619968502938988
1972-10-06 00:00:00,1.060988008211966
1972-10-10 00:00:00,1.0602270422320228
1972-10-11 00:00:00,1.0602270422320228
1972-10-12 00:00:00,1.0597352338754094
1972-10-13 00:00:00,1.0594895007590759
1972-10-16 00:00:00,1.0566529129190851
1972-10-17 00:00:00,1.0566529129190851
1972-10-18 00:00:00,1.0576765642046877
1972-10-19 00:00:00,1.059171087779045
1972-10-20 00:00:00,1.0586798831765927
1972-10-24 00:00:00,1.0571644907618236
1972-10-25 00:00:00,1.0576765642046877
1972-10-26 00:00:00,1.0579216442983486
1972-10-27 00:00:00,1.0576765642046877
1972-10-30 00:00:00,1.0579216442983486
1972-10-31 00:00:00,1.0576765642046877
1972-11-01 00:00:00,1.0574093335747174
1972-11-02 00:00:00,1.0574093335747174
1972-11-03 00:00:00,1.0576765642046877
1972-11-06 00:00:00,1.0576765642046877
1972-11-08 00:00:00,1.0577879501691563
1972-11-09 00:00:00,1.0576765642046877
1972-11-10 00:00:00,1.058166837996064
1972-11-13 00:00:00,1.058545997347003
1972-11-14 00:00:00,1.0586798831765927
1972-11-15 00:00:00,1.058925428513952
1972-11-16 00:00:00,1.0586798831765927
1972-11-17 00:00:00,1.058925428513952
1972-11-20 00:00:00,1.058791480575363
1972-11-21 00:00:00,1.058925428513952
1972-11-22 00:00:00,1.0586798831765927
1972-11-24 00:00:00,1.058925428513952
1972-11-27 00:00:00,1.0586798831765927
1972-11-28 00:00:00,1.0586798831765927
1972-11-29 00:00:00,1.059171087779045
1972-11-30 00:00:00,1.0596851074658957
1972-12-01 00:00:00,1.0586798831765927
1972-12-04 00:00:00,1.058166837996064
1972-12-05 00:00:00,1.058166837996064
1972-12-06 00:00:00,1.0586798831765927
1972-12-07 00:00:00,1.058166837996064
1972-12-08 00:00:00,1.0583006279239533
1972-12-11 00:00:00,1.0591040784945105
1972-12-12 00:00:00,1.0584121453768431
1972-12-13 00:00:00,1.0584121453768431
1972-12-14 00:00:00,1.0584121453768431
1972-12-15 00:00:00,1.0580951495029673
1972-12-18 00:00:00,1.0580951495029673
1972-12-19 00:00:00,1.0580951495029673
1972-12-20 00:00:00,1.0580951495029673
1972-12-21 00:00:00,1.0580951495029673
1972-12-22 00:00:00,1.0580951495029673
1972-12-26 00:00:00,1.0580951495029673
1972-12-27 00:00:00,1.0580951495029673
1972-12-28 00:00:00,1.0580951495029673
1972-12-29 00:00:00,1.0580951495029673
1973-01-02 00:00:00,1.0580951495029673
1973-01-03 00:00:00,1.0580951495029673
1973-01-04 00:00:00,1.0580951495029673
1973-01-05 00:00:00,1.0580951495029673
1973-01-08 00:00:00,1.0580951495029673
1973-01-09 00:00:00,1.0580951495029673
1973-01-10 00:00:00,1.0580951495029673
1973-01-11 00:00:00,1.0580951495029673
1973-01-12 00:00:00,1.0580951495029673
1973-01-15 00:00:00,1.0580951495029673
1973-01-16 00:00:00,1.0580951495029673
1973-01-17 00:00:00,1.0580951495029673
1973-01-18 00:00:00,1.0580951495029673
1973-01-19 00:00:00,1.0580951495029673
1973-01-22 00:00:00,1.0580951495029673
1973-01-23 00:00:00,1.0580951495029673
1973-01-24 00:00:00,1.0580951495029673
1973-01-25 00:00:00,1.0580951495029673
1973-01-26 00:00:00,1.0580951495029673
1973-01-29 00:00:00,1.0580951495029673
1973-01-30 00:00:00,1.0580951495029673
1973-01-31 00:00:00,1.0580951495029673
1973-02-01 00:00:00,1.0580951495029673
1973-02-02 00:00:00,1.0580951495029673
1973-02-05 00:00:00,1.0580951495029673
1973-02-06 00:00:00,1.058589807130394
1973-02-07 00:00:00,1.0590849274772882
1973-02-08 00:00:00,1.0587247940354323
1973-02-09 00:00:00,1.0590849274772882
1973-02-13 00:00:00,1.0959449506929757
1973-02-14 00:00:00,1.105920251609484
1973-02-15 00:00:00,1.103421661101495
1973-02-16 00:00:00,1.1646913339041711
1973-02-20 00:00:00,1.104424638268727
1973-02-21 00:00:00,1.105920251609484
1973-02-22 00:00:00,1.1056747915602976
1973-02-23 00:00:00,1.117380565097665
1973-02-26 00:00:00,1.117380565097665
1973-02-27 00:00:00,1.117380565097665
1973-02-28 00:00:00,1.1183839825281012
1973-03-01 00:00:00,1.1223651624140858
1973-03-02 00:00:00,1.165699724669456
1973-03-05 00:00:00,1.140793664325117
1973-03-06 00:00:00,1.1357997659313543
1973-03-07 00:00:00,1.1432808788412365
1973-03-08 00:00:00,1.1557473431953509
1973-03-09 00:00:00,1.1482615188490968
1973-03-12 00:00:00,1.1348165687217915
1973-03-13 00:00:00,1.125840212749711
1973-03-14 00:00:00,1.117882048644598
1973-03-15 00:00:00,1.1268333989402433
1973-03-16 00:00:00,1.123352224185929
1973-03-19 00:00:00,1.1133848363710346
1973-03-20 00:00:00,1.1123903654009157
1973-03-21 00:00:00,1.1109019854547912
1973-03-22 00:00:00,1.1118937958116466
1973-03-23 00:00:00,1.1104067435024232
1973-03-26 00:00:00,1.1113976693605783
1973-03-27 00:00:00,1.1113976693605783
1973-03-28 00:00:00,1.1088989790256703
1973-03-29 00:00:00,1.1085288442944705
1973-03-30 00:00:00,1.1084055209538362
1973-04-02 00:00:00,1.1020546807457297
1973-04-03 00:00:00,1.1000591306999934
1973-04-04 00:00:00,1.1100893149575723
1973-04-05 00:00:00,1.1100893149575723
1973-04-06 00:00:00,1.107103346455219
1973-04-09 00:00:00,1.1056041056042083
1973-04-10 00:00:00,1.102105358434575
1973-04-11 00:00:00,1.1045986988630965
1973-04-12 00:00:00,1.1056041056042083
1973-04-13 00:00:00,1.1056041056042083
1973-04-16 00:00:00,1.1026177726424506
1973-04-17 00:00:00,1.1041089198098162
1973-04-18 00:00:00,1.105358715723928
1973-04-19 00:00:00,1.1026177726424506
1973-04-20 00:00:00,1.103106229360568
1973-04-23 00:00:00,1.103106229360568
1973-04-24 00:00:00,1.1008629045058813
1973-04-25 00:00:00,1.1006196145095266
1973-04-26 00:00:00,1.1016177874920714
1973-04-27 00:00:00,1.10013335697589
1973-04-30 00:00:00,1.1006196145095266
1973-05-01 00:00:00,1.1016177874920714
1973-05-02 00:00:00,1.1016177874920714
1973-05-03 00:00:00,1.1006196145095266
1973-05-04 00:00:00,1.1006196145095266
1973-05-07 00:00:00,1.1006196145095266
1973-05-08 00:00:00,1.1006196145095266
1973-05-09 00:00:00,1.1036195749000925
1973-05-10 00:00:00,1.1033506200443444
1973-05-11 00:00:00,1.1033506200443444
1973-05-14 00:00:00,1.116059810791331
1973-05-15 00:00:00,1.1344921622156263
1973-05-16 00:00:00,1.1275059302001713
1973-05-17 00:00:00,1.1270211350549133
1973-05-18 00:00:00,1.131013942655317
1973-05-21 00:00:00,1.143951692590825
1973-05-22 00:00:00,1.1444511659376222
1973-05-23 00:00:00,1.140963983984549
1973-05-24 00:00:00,1.1404675491650997
1973-05-25 00:00:00,1.1364856333023334
1973-05-29 00:00:00,1.1464534285667949
1973-05-30 00:00:00,1.1558996619923767
1973-05-31 00:00:00,1.16435838719119
1973-06-01 00:00:00,1.164542816700509
1973-06-04 00:00:00,1.164542816700509
1973-06-05 00:00:00,1.163571531823364
1973-06-06 00:00:00,1.1406306242159325
1973-06-07 00:00:00,1.14012458872757
1973-06-08 00:00:00,1.1464959440568139
1973-06-11 00:00:00,1.1479514696470117
1973-06-12 00:00:00,1.1489238749484845
1973-06-13 00:00:00,1.1425790513966454
1973-06-14 00:00:00,1.148437466458961
1973-06-15 00:00:00,1.1547930790491603
1973-06-18 00:00:00,1.162103809444645
1973-06-19 00:00:00,1.1547930790491603
1973-06-20 00:00:00,1.1581896098445321
1973-06-21 00:00:00,1.1586843160208735
1973-06-22 00:00:00,1.1640708473140617
1973-06-25 00:00:00,1.163571531823364
1973-06-26 00:00:00,1.1665181270351102
1973-06-27 00:00:00,1.1791952222139597
1973-06-28 00:00:00,1.1982359696057827
1973-06-29 00:00:00,1.2036116091854576
1973-07-02 00:00:00,1.2143578741434913
1973-07-03 00:00:00,1.2133922059947724
1973-07-05 00:00:00,1.215809261757318
1973-07-06 00:00:00,1.2304542439189485
1973-07-09 00:00:00,1.2280404356388328
1973-07-10 00:00:00,1.1962984065424256
1973-07-11 00:00:00,1.1791952222139597
1973-07-12 00:00:00,1.1865308068000497
1973-07-13 00:00:00,1.1835971241924574
1973-07-16 00:00:00,1.1962984065424256
1973-07-17 00:00:00,1.2060493939000057
1973-07-18 00:00:00,1.215809261757318
1973-07-19 00:00:00,1.2002093198986221
1973-07-20 00:00:00,1.2070332425638552
1973-07-23 00:00:00,1.2114354131254812
1973-07-24 00:00:00,1.2109246772669604
1973-07-25 00:00:00,1.2138748480158021
1973-07-26 00:00:00,1.220702894035891
1973-07-27 00:00:00,1.2168091049002103
1973-07-30 00:00:00,1.2070332425638552
1973-07-31 00:00:00,1.2057000310549957
1973-08-01 00:00:00,1.2057000310549957
1973-08-02 00:00:00,1.1988858128583078
1973-08-03 00:00:00,1.199863020580096
1973-08-06 00:00:00,1.1954927954719148
1973-08-07 00:00:00,1.192587195915002
1973-08-08 00:00:00,1.1935541585062843
1973-08-09 00:00:00,1.1784971919263896
1973-08-10 00:00:00,1.1717034721340547
1973-08-13 00:00:00,1.1765562451851816
1973-08-14 00:00:00,1.1580998009632806
1973-08-15 00:00:00,1.1551805919149096
1973-08-16 00:00:00,1.1483807534385895
1973-08-17 00:00:00,1.156142852921574
1973-08-20 00:00:00,1.173146596097512
1973-08-21 00:00:00,1.1614779612472688
1973-08-22 00:00:00,1.157106718384207
1973-08-23 00:00:00,1.151292938598042
1973-08-24 00:00:00,1.157106718384207
1973-08-27 00:00:00,1.151292938598042
1973-08-28 00:00:00,1.1503114906750125
1973-08-29 00:00:00,1.1566383545133403
1973-08-30 00:00:00,1.1517842908574967
1973-08-31 00:00:00,1.1517842908574967
1973-09-04 00:00:00,1.1498213939406783
1973-09-05 00:00:00,1.156142852921574
1973-09-06 00:00:00,1.1546863382744421
1973-09-07 00:00:00,1.1522487310231688
1973-09-10 00:00:00,1.1537264992567575
1973-09-11 00:00:00,1.1508020053824928
1973-09-12 00:00:00,1.151292938598042
1973-09-13 00:00:00,1.1469166391501777
1973-09-14 00:00:00,1.1483807534385895
1973-09-17 00:00:00,1.157106718384207
1973-09-18 00:00:00,1.1590669335307147
1973-09-19 00:00:00,1.1546863382744421
1973-09-20 00:00:00,1.1634251628875263
1973-09-21 00:00:00,1.1556752688586804
1973-09-24 00:00:00,1.1566383545133403
1973-09-25 00:00:00,1.1585693494050842
1973-09-26 00:00:00,1.1576030466877747
1973-09-27 00:00:00,1.1557811429122575
1973-09-28 00:00:00,1.1557811429122575
1973-10-01 00:00:00,1.1557811429122575
1973-10-02 00:00:00,1.1557811429122575
1973-10-03 00:00:00,1.1557811429122575
1973-10-04 00:00:00,1.1557811429122575
1973-10-05 00:00:00,1.1557811429122575
1973-10-09 00:00:00,1.1557811429122575
1973-10-10 00:00:00,1.1557811429122575
1973-10-11 00:00:00,1.1557811429122575
1973-10-12 00:00:00,1.1557811429122575
1973-10-15 00:00:00,1.1557811429122575
1973-10-16 00:00:00,1.1557811429122575
1973-10-17 00:00:00,1.1557811429122575
1973-10-18 00:00:00,1.1557811429122575
1973-10-19 00:00:00,1.1557811429122575
1973-10-23 00:00:00,1.1557811429122575
1973-10-24 00:00:00,1.1557811429122575
1973-10-25 00:00:00,1.1557811429122575
1973-10-26 00:00:00,1.1557811429122575
1973-10-29 00:00:00,1.1557811429122575
1973-10-30 00:00:00,1.1557811429122575
1973-10-31 00:00:00,1.1557811429122575
1973-11-01 00:00:00,1.1557811429122575
1973-11-02 00:00:00,1.1557811429122575
1973-11-05 00:00:00,1.1557811429122575
1973-11-07 00:00:00,1.1557811429122575
1973-11-08 00:00:00,1.1557811429122575
1973-11-09 00:00:00,1.1557811429122575
1973-11-12 00:00:00,1.1557811429122575
1973-11-13 00:00:00,1.1557811429122575
1973-11-14 00:00:00,1.1557811429122575
1973-11-15 00:00:00,1.1557811429122575
1973-11-16 00:00:00,1.1557811429122575
1973-11-19 00:00:00,1.1557811429122575
1973-11-20 00:00:00,1.1557811429122575
1973-11-21 00:00:00,1.1557811429122575
1973-11-23 00:00:00,1.1557811429122575
1973-11-26 00:00:00,1.1557811429122575
1973-11-27 00:00:00,1.1557811429122575
1973-11-28 00:00:00,1.1557811429122575
1973-11-29 00:00:00,1.1557811429122575
1973-11-30 00:00:00,1.1557811429122575
1973-12-03 00:00:00,1.1557811429122575
1973-12-04 00:00:00,1.1557811429122575
1973-12-05 00:00:00,1.1557811429122575
1973-12-06 00:00:00,1.1557811429122575
1973-12-07 00:00:00,1.1557811429122575
1973-12-10 00:00:00,1.1557811429122575
1973-12-11 00:00:00,1.1557811429122575
1973-12-12 00:00:00,1.1557811429122575
1973-12-13 00:00:00,1.1557811429122575
1973-12-14 00:00:00,1.1557811429122575
1973-12-17 00:00:00,1.1557811429122575
1973-12-18 00:00:00,1.1557811429122575
1973-12-19 00:00:00,1.1557811429122575
1973-12-20 00:00:00,1.1557811429122575
1973-12-21 00:00:00,1.1557811429122575
1973-12-24 00:00:00,1.1557811429122575
1973-12-26 00:00:00,1.1557811429122575
1973-12-27 00:00:00,1.1557811429122575
1973-12-28 00:00:00,1.1557811429122575
1973-12-31 00:00:00,1.1557811429122575
1974-01-02 00:00:00,1.1557811429122575
1974-01-03 00:00:00,1.1557811429122575
1974-01-04 00:00:00,1.1557811429122575
1974-01-07 00:00:00,1.1557811429122575
1974-01-08 00:00:00,1.1557811429122575
1974-01-09 00:00:00,1.1557811429122575
1974-01-10 00:00:00,1.1557811429122575
1974-01-11 00:00:00,1.1557811429122575
1974-01-14 00:00:00,1.1557811429122575
1974-01-15 00:00:00,1.1557811429122575
1974-01-16 00:00:00,1.1557811429122575
1974-01-17 00:00:00,1.1557811429122575
1974-01-18 00:00:00,1.1557811429122575
1974-01-21 00:00:00,1.1557811429122575
1974-01-22 00:00:00,1.1557811429122575
1974-01-23 00:00:00,1.1557811429122575
1974-01-24 00:00:00,1.1557811429122575
1974-01-25 00:00:00,1.1557811429122575
1974-01-28 00:00:00,1.1557811429122575
1974-01-29 00:00:00,1.1557811429122575
1974-01-30 00:00:00,1.1557811429122575
1974-01-31 00:00:00,1.1557811429122575
1974-02-01 00:00:00,1.1557811429122575
1974-02-04 00:00:00,1.1557811429122575
1974-02-05 00:00:00,1.1557811429122575
1974-02-06 00:00:00,1.1557811429122575
1974-02-07 00:00:00,1.1557811429122575
1974-02-08 00:00:00,1.1557811429122575
1974-02-11 00:00:00,1.1557811429122575
1974-02-13 00:00:00,1.1557811429122575
1974-02-14 00:00:00,1.1557811429122575
1974-02-15 00:00:00,1.1557811429122575
1974-02-19 00:00:00,1.1557811429122575
1974-02-20 00:00:00,1.1557811429122575
1974-02-21 00:00:00,1.1557811429122575
1974-02-22 00:00:00,1.1557811429122575
1974-02-25 00:00:00,1.1557811429122575
1974-02-26 00:00:00,1.1557811429122575
1974-02-27 00:00:00,1.1557811429122575
1974-02-28 00:00:00,1.1557811429122575
1974-03-01 00:00:00,1.1557811429122575
1974-03-04 00:00:00,1.1557811429122575
1974-03-05 00:00:00,1.1557811429122575
1974-03-06 00:00:00,1.1557811429122575
1974-03-07 00:00:00,1.1557811429122575
1974-03-08 00:00:00,1.1557811429122575
1974-03-11 00:00:00,1.1557811429122575
1974-03-12 00:00:00,1.1557811429122575
1974-03-13 00:00:00,1.1557811429122575
1974-03-14 00:00:00,1.1557811429122575
1974-03-15 00:00:00,1.1557811429122575
1974-03-18 00:00:00,1.1557811429122575
1974-03-19 00:00:00,1.1557811429122575
1974-03-20 00:00:00,1.1557811429122575
1974-03-21 00:00:00,1.1557811429122575
1974-03-22 00:00:00,1.1557811429122575
1974-03-25 00:00:00,1.1557811429122575
1974-03-26 00:00:00,1.1557811429122575
1974-03-27 00:00:00,1.1557811429122575
1974-03-28 00:00:00,1.1557811429122575
1974-03-29 00:00:00,1.1557811429122575
1974-04-01 00:00:00,1.1557811429122575
1974-04-02 00:00:00,1.1557811429122575
1974-04-03 00:00:00,1.1557811429122575
1974-04-04 00:00:00,1.1557811429122575
1974-04-05 00:00:00,1.1557811429122575
1974-04-08 00:00:00,1.1557811429122575
1974-04-09 00:00:00,1.1557811429122575
1974-04-10 00:00:00,1.1557811429122575
1974-04-11 00:00:00,1.1557811429122575
1974-04-12 00:00:00,1.1557811429122575
1974-04-15 00:00:00,1.1557811429122575
1974-04-16 00:00:00,1.1557811429122575
1974-04-17 00:00:00,1.1557811429122575
1974-04-18 00:00:00,1.1557811429122575
1974-04-19 00:00:00,1.1557811429122575
1974-04-22 00:00:00,1.1557811429122575
1974-04-23 00:00:00,1.1557811429122575
1974-04-24 00:00:00,1.1557811429122575
1974-04-25 00:00:00,1.1528012283633124
1974-04-26 00:00:00,1.16079101921843
1974-04-29 00:00:00,1.1738241376424519
1974-04-30 00:00:00,1.17080532498135
1974-05-01 00:00:00,1.1703128151461157
1974-05-02 00:00:00,1.1648140435453642
1974-05-03 00:00:00,1.1653019351259435
1974-05-06 00:00:00,1.1768309017014615
1974-05-07 00:00:00,1.1703128151461157
1974-05-08 00:00:00,1.182834999175716
1974-05-09 00:00:00,1.1838416434623837
1974-05-10 00:00:00,1.1808268377019568
1974-05-13 00:00:00,1.1963707143222868
1974-05-14 00:00:00,1.1963707143222868
1974-05-15 00:00:00,1.1678019999091063
1974-05-16 00:00:00,1.1718190092454026
1974-05-17 00:00:00,1.1728069828357173
1974-05-20 00:00:00,1.1663061080211075
1974-05-21 00:00:00,1.1718190092454026
1974-05-22 00:00:00,1.173329085288245
1974-05-23 00:00:00,1.1768309017014615
1974-05-24 00:00:00,1.173329085288245
1974-05-28 00:00:00,1.1577852486556375
1974-05-29 00:00:00,1.1417620921135954
1974-05-30 00:00:00,1.1482810612025014
1974-05-31 00:00:00,1.1567956886140516
1974-06-03 00:00:00,1.1628125518994632
1974-06-04 00:00:00,1.1522972309556658
1974-06-05 00:00:00,1.1517936740443968
1974-06-06 00:00:00,1.1562881932185527
1974-06-07 00:00:00,1.1532791064460939
1974-06-10 00:00:00,1.1472813892667024
1974-06-11 00:00:00,1.148781550745602
1974-06-12 00:00:00,1.145287258092677
1974-06-13 00:00:00,1.1482810612025014
1974-06-14 00:00:00,1.1467822057365187
1974-06-17 00:00:00,1.143770078800043
1974-06-18 00:00:00,1.1417620921135954
1974-06-19 00:00:00,1.1472813892667024
1974-06-20 00:00:00,1.1469346549238288
1974-06-21 00:00:00,1.1469346549238288
1974-06-24 00:00:00,1.139378440647559
1974-06-25 00:00:00,1.147431503041557
1974-06-26 00:00:00,1.1398945803715217
1974-06-27 00:00:00,1.1449255101329212
1974-06-28 00:00:00,1.1424045064672708
1974-07-01 00:00:00,1.1424045064672708
1974-07-02 00:00:00,1.147431503041557
1974-07-03 00:00:00,1.1509741732053216
1974-07-05 00:00:00,1.1439105744607954
1974-07-08 00:00:00,1.1444308294122272
1974-07-09 00:00:00,1.1429233920787294
1974-07-10 00:00:00,1.143416770195908
1974-07-11 00:00:00,1.1429233920787294
1974-07-12 00:00:00,1.1464382368992365
1974-07-15 00:00:00,1.1509741732053216
1974-07-16 00:00:00,1.1509741732053216
1974-07-17 00:00:00,1.1519753181358914
1974-07-18 00:00:00,1.152476544000245
1974-07-19 00:00:00,1.1504479534438836
1974-07-22 00:00:00,1.1519753181358914
1974-07-23 00:00:00,1.1559973750638035
1974-07-24 00:00:00,1.1716062326481829
1974-07-25 00:00:00,1.158525454037815
1974-07-26 00:00:00,1.1539828420215699
1974-07-29 00:00:00,1.152476544000245
1974-07-30 00:00:00,1.152476544000245
1974-07-31 00:00:00,1.1519753181358914
1974-08-01 00:00:00,1.1499484901609243
1974-08-02 00:00:00,1.1499484901609243
1974-08-05 00:00:00,1.1509741732053216
1974-08-06 00:00:00,1.1534803053725118
1974-08-07 00:00:00,1.1499484901609243
1974-08-08 00:00:00,1.1449255101329212
1974-08-09 00:00:00,1.147431503041557
1974-08-12 00:00:00,1.145942248409561
1974-08-13 00:00:00,1.1413940334619135
1974-08-14 00:00:00,1.1403853464322742
1974-08-15 00:00:00,1.138888540664027
1974-08-16 00:00:00,1.1363683637049853
1974-08-19 00:00:00,1.1299754264628052
1974-08-20 00:00:00,1.1299754264628052
1974-08-21 00:00:00,1.1299754264628052
1974-08-22 00:00:00,1.1299754264628052
1974-08-23 00:00:00,1.1299754264628052
1974-08-26 00:00:00,1.1299754264628052
1974-08-27 00:00:00,1.1299754264628052
1974-08-28 00:00:00,1.1299754264628052
1974-08-29 00:00:00,1.1299754264628052
1974-08-30 00:00:00,1.1299754264628052
1974-09-03 00:00:00,1.1299754264628052
1974-09-04 00:00:00,1.1299754264628052
1974-09-05 00:00:00,1.1299754264628052
1974-09-06 00:00:00,1.1299754264628052
1974-09-09 00:00:00,1.1299754264628052
1974-09-10 00:00:00,1.1299754264628052
1974-09-11 00:00:00,1.1299754264628052
1974-09-12 00:00:00,1.1299754264628052
1974-09-13 00:00:00,1.1299754264628052
1974-09-16 00:00:00,1.1299754264628052
1974-09-17 00:00:00,1.1299754264628052
1974-09-18 00:00:00,1.1299754264628052
1974-09-19 00:00:00,1.1299754264628052
1974-09-20 00:00:00,1.1299754264628052
1974-09-23 00:00:00,1.1299754264628052
1974-09-24 00:00:00,1.1299754264628052
1974-09-25 00:00:00,1.1299754264628052
1974-09-26 00:00:00,1.1299754264628052
1974-09-27 00:00:00,1.1299754264628052
1974-09-30 00:00:00,1.1299754264628052
1974-10-01 00:00:00,1.1299754264628052
1974-10-02 00:00:00,1.1299754264628052
1974-10-03 00:00:00,1.1299754264628052
1974-10-04 00:00:00,1.1299754264628052
1974-10-07 00:00:00,1.1299754264628052
1974-10-08 00:00:00,1.1299754264628052
1974-10-09 00:00:00,1.1299754264628052
1974-10-10 00:00:00,1.1299754264628052
1974-10-11 00:00:00,1.1299754264628052
1974-10-15 00:00:00,1.1299754264628052
1974-10-16 00:00:00,1.1299754264628052
1974-10-17 00:00:00,1.1299754264628052
1974-10-18 00:00:00,1.1299754264628052
1974-10-21 00:00:00,1.1299754264628052
1974-10-22 00:00:00,1.1299754264628052
1974-10-23 00:00:00,1.1359451079610996
1974-10-24 00:00:00,1.135425759414769
1974-10-25 00:00:00,1.1349328179690858
1974-10-28 00:00:00,1.1334565583989198
1974-10-29 00:00:00,1.1359451079610996
1974-10-30 00:00:00,1.1334565583989198
1974-10-31 00:00:00,1.1334565583989198
1974-11-01 00:00:00,1.136438929336912
1974-11-04 00:00:00,1.1399077374887903
1974-11-06 00:00:00,1.1423984508394835
1974-11-07 00:00:00,1.1438717665146485
1974-11-08 00:00:00,1.1409027184012648
1974-11-12 00:00:00,1.1423984508394835
1974-11-13 00:00:00,1.140405010919756
1974-11-14 00:00:00,1.1488458122218408
1974-11-15 00:00:00,1.152337420727074
1974-11-18 00:00:00,1.1756580156598908
1974-11-19 00:00:00,1.1602784490188531
1974-11-20 00:00:00,1.149829845720746
1974-11-21 00:00:00,1.1423984508394835
1974-11-22 00:00:00,1.1548022562972047
1974-11-25 00:00:00,1.1607665306286299
1974-11-26 00:00:00,1.1642492111386964
1974-11-27 00:00:00,1.1592764580604284
1974-11-29 00:00:00,1.1647406398461464
1974-12-02 00:00:00,1.1582761962035135
1974-12-03 00:00:00,1.163758196944683
1974-12-04 00:00:00,1.1687145543565511
1974-12-05 00:00:00,1.1687145543565511
1974-12-06 00:00:00,1.1657247429027195
1974-12-09 00:00:00,1.1726879906882084
1974-12-10 00:00:00,1.1781398952916118
1974-12-11 00:00:00,1.1776650191008882
1974-12-12 00:00:00,1.1796508691509102
1974-12-13 00:00:00,1.1801273485458816
1974-12-16 00:00:00,1.1811376354418117
1974-12-17 00:00:00,1.1970212523641748
1974-12-18 00:00:00,1.1940572600331532
1974-12-19 00:00:00,1.1905654460940835
1974-12-20 00:00:00,1.1946950483604177
1974-12-23 00:00:00,1.1946950483604177
1974-12-24 00:00:00,1.197179422433321
1974-12-26 00:00:00,1.1981644691484543
1974-12-27 00:00:00,1.2080458762969069
1974-12-30 00:00:00,1.2189613263941803
1974-12-31 00:00:00,1.2145060146728262
1975-01-02 00:00:00,1.2075744437598155
1975-01-03 00:00:00,1.2179717636937866
1975-01-06 00:00:00,1.2338155949499707
1975-01-07 00:00:00,1.2268752866844859
1975-01-08 00:00:00,1.2174626157364061
1975-01-09 00:00:00,1.2194416934103205
1975-01-10 00:00:00,1.2189613263941803
1975-01-13 00:00:00,1.2179717636937866
1975-01-14 00:00:00,1.2070739496831173
1975-01-15 00:00:00,1.211030310744134
1975-01-16 00:00:00,1.216475483885809
1975-01-17 00:00:00,1.2169538932787443
1975-01-20 00:00:00,1.223419214563059
1975-01-21 00:00:00,1.2258728383220863
1975-01-22 00:00:00,1.2229055029924523
1975-01-23 00:00:00,1.2332931173035853
1975-01-24 00:00:00,1.2377638048538107
1975-01-27 00:00:00,1.2570596708005999
1975-01-28 00:00:00,1.2471800139592024
1975-01-29 00:00:00,1.2328017776985738
1975-01-30 00:00:00,1.2328017776985738
1975-01-31 00:00:00,1.2332931173035853
1975-02-03 00:00:00,1.2397474006949225
1975-02-04 00:00:00,1.2194416934103205
1975-02-05 00:00:00,1.2179717636937866
1975-02-06 00:00:00,1.222422403687532
1975-02-07 00:00:00,1.2278489247861624
1975-02-10 00:00:00,1.2348002841717984
1975-02-11 00:00:00,1.2352932184169767
1975-02-13 00:00:00,1.240244293440692
1975-02-14 00:00:00,1.244202553065927
1975-02-18 00:00:00,1.2471800139592024
1975-02-19 00:00:00,1.246677549331531
1975-02-20 00:00:00,1.2540984369956794
1975-02-21 00:00:00,1.2542484940056353
1975-02-24 00:00:00,1.2542484940056353
1975-02-25 00:00:00,1.2542484940056353
1975-02-26 00:00:00,1.2542484940056353
1975-02-27 00:00:00,1.2586812620076013
1975-02-28 00:00:00,1.2606506755658653
1975-03-03 00:00:00,1.2709523464600676
1975-03-04 00:00:00,1.26360013466026
1975-03-05 00:00:00,1.2591649732939847
1975-03-06 00:00:00,1.261135902019728
1975-03-07 00:00:00,1.249815055376127
1975-03-10 00:00:00,1.2434278003747108
1975-03-11 00:00:00,1.2537685519798678
1975-03-12 00:00:00,1.248354768544852
1975-03-13 00:00:00,1.2458864134458227
1975-03-14 00:00:00,1.2434278003747108
1975-03-17 00:00:00,1.249815055376127
1975-03-18 00:00:00,1.2557226101231715
1975-03-19 00:00:00,1.2601335120663255
1975-03-20 00:00:00,1.2522990174186113
1975-03-21 00:00:00,1.2522990174186113
1975-03-24 00:00:00,1.2503237823753643
1975-03-25 00:00:00,1.251310620404074
1975-03-26 00:00:00,1.249338499646936
1975-03-27 00:00:00,1.2439313398534755
1975-03-28 00:00:00,1.244435287324931
1975-03-31 00:00:00,1.2503237823753643
1975-04-01 00:00:00,1.2458864134458227
1975-04-02 00:00:00,1.2527778348145806
1975-04-03 00:00:00,1.2454128484304492
1975-04-04 00:00:00,1.2454128484304492
1975-04-07 00:00:00,1.2390079218900047
1975-04-08 00:00:00,1.2395078872565841
1975-04-09 00:00:00,1.2409788717708015
1975-04-10 00:00:00,1.2286931809402704
1975-04-11 00:00:00,1.2335967279338074
1975-04-14 00:00:00,1.2252624460912152
1975-04-15 00:00:00,1.2291848548822233
1975-04-16 00:00:00,1.2331015188702315
1975-04-17 00:00:00,1.2331015188702315
1975-04-18 00:00:00,1.2355815480707648
1975-04-21 00:00:00,1.2332204533856057
1975-04-22 00:00:00,1.2332204533856057
1975-04-23 00:00:00,1.2415721851599806
1975-04-24 00:00:00,1.240099345869155
1975-04-25 00:00:00,1.2332204533856057
1975-04-28 00:00:00,1.2297941550694813
1975-04-29 00:00:00,1.2361680693236028
1975-04-30 00:00:00,1.23766275589037
1975-05-01 00:00:00,1.23766275589037
1975-05-02 00:00:00,1.2332204533856057
1975-05-05 00:00:00,1.240099345869155
1975-05-06 00:00:00,1.2406003455038865
1975-05-07 00:00:00,1.2435519130178667
1975-05-08 00:00:00,1.2528747471270887
1975-05-09 00:00:00,1.2479739924647175
1975-05-12 00:00:00,1.2489574235068486
1975-05-13 00:00:00,1.2543460833121245
1975-05-14 00:00:00,1.2543460833121245
1975-05-15 00:00:00,1.246992108914391
1975-05-16 00:00:00,1.246992108914391
1975-05-19 00:00:00,1.2519170382544953
1975-05-20 00:00:00,1.2479739924647175
1975-05-21 00:00:00,1.2538659202076283
1975-05-22 00:00:00,1.2577819441245146
1975-05-23 00:00:00,1.2543460833121245
1975-05-27 00:00:00,1.2558208793409649
1975-05-28 00:00:00,1.256816721237457
1975-05-29 00:00:00,1.254858662801653
1975-05-30 00:00:00,1.2494338338759006
1975-06-02 00:00:00,1.250928942723118
1975-06-03 00:00:00,1.256816721237457
1975-06-04 00:00:00,1.254858662801653
1975-06-05 00:00:00,1.2538659202076283
1975-06-06 00:00:00,1.254858662801653
1975-06-09 00:00:00,1.2484496527337294
1975-06-10 00:00:00,1.2528747471270887
1975-06-11 00:00:00,1.256816721237457
1975-06-12 00:00:00,1.2592648354136895
1975-06-13 00:00:00,1.2577819441245146
1975-06-16 00:00:00,1.25878089986001
1975-06-17 00:00:00,1.2617225054142398
1975-06-18 00:00:00,1.2559646989794575
1975-06-19 00:00:00,1.2559646989794575
1975-06-20 00:00:00,1.2599163951392425
1975-06-23 00:00:00,1.2554844800076064
1975-06-24 00:00:00,1.2554844800076064
1975-06-25 00:00:00,1.2574396639054992
1975-06-26 00:00:00,1.2559646989794575
1975-06-27 00:00:00,1.253503464616558
1975-06-30 00:00:00,1.251528691022193
1975-07-01 00:00:00,1.2475977515939716
1975-07-02 00:00:00,1.2362619320593964
1975-07-03 00:00:00,1.2318405270902963
1975-07-07 00:00:00,1.2269002773739794
1975-07-08 00:00:00,1.2279096438766057
1975-07-09 00:00:00,1.23085544869998
1975-07-10 00:00:00,1.2185529845417717
1975-07-11 00:00:00,1.2106457485787636
1975-07-14 00:00:00,1.204252118219521
1975-07-15 00:00:00,1.2017839067728482
1975-07-16 00:00:00,1.1914635485903968
1975-07-17 00:00:00,1.1830782003069371
1975-07-18 00:00:00,1.1806110317883556
1975-07-21 00:00:00,1.174697980757433
1975-07-22 00:00:00,1.172237704623805
1975-07-23 00:00:00,1.1643675476981257
1975-07-24 00:00:00,1.1623890599008426
1975-07-25 00:00:00,1.165828243589718
1975-07-28 00:00:00,1.1574721320512869
1975-07-29 00:00:00,1.1530283408286726
1975-07-30 00:00:00,1.1471204703444209
1975-07-31 00:00:00,1.1476283059597001
1975-08-01 00:00:00,1.1471204703444209
1975-08-04 00:00:00,1.1481098283258369
1975-08-05 00:00:00,1.154027920224424
1975-08-06 00:00:00,1.14466782019518
1975-08-07 00:00:00,1.1402160250753155
1975-08-08 00:00:00,1.1427026340435331
1975-08-11 00:00:00,1.139741099969418
1975-08-12 00:00:00,1.1382660820221027
1975-08-13 00:00:00,1.140717764490676
1975-08-14 00:00:00,1.1427026340435331
1975-08-15 00:00:00,1.1442910307854863
1975-08-18 00:00:00,1.1442910307854863
1975-08-19 00:00:00,1.1442910307854863
1975-08-20 00:00:00,1.1442910307854863
1975-08-21 00:00:00,1.1442910307854863
1975-08-22 00:00:00,1.1442910307854863
1975-08-25 00:00:00,1.1442910307854863
1975-08-26 00:00:00,1.1442910307854863
1975-08-27 00:00:00,1.1442910307854863
1975-08-28 00:00:00,1.1442910307854863
1975-08-29 00:00:00,1.1442910307854863
1975-09-02 00:00:00,1.1442910307854863
1975-09-03 00:00:00,1.1442910307854863
1975-09-04 00:00:00,1.1442910307854863
1975-09-05 00:00:00,1.1442910307854863
1975-09-08 00:00:00,1.1442910307854863
1975-09-09 00:00:00,1.1442910307854863
1975-09-10 00:00:00,1.1442910307854863
1975-09-11 00:00:00,1.1442910307854863
1975-09-12 00:00:00,1.1442910307854863
1975-09-15 00:00:00,1.1442910307854863
1975-09-16 00:00:00,1.1442910307854863
1975-09-17 00:00:00,1.1442910307854863
1975-09-18 00:00:00,1.1442910307854863
1975-09-19 00:00:00,1.1442910307854863
1975-09-22 00:00:00,1.1442910307854863
1975-09-23 00:00:00,1.1442910307854863
1975-09-24 00:00:00,1.1442910307854863
1975-09-25 00:00:00,1.1442910307854863
1975-09-26 00:00:00,1.1442910307854863
1975-09-29 00:00:00,1.1442910307854863
1975-09-30 00:00:00,1.1442910307854863
1975-10-01 00:00:00,1.1442910307854863
1975-10-02 00:00:00,1.1442910307854863
1975-10-03 00:00:00,1.1442910307854863
1975-10-06 00:00:00,1.1442910307854863
1975-10-07 00:00:00,1.1442910307854863
1975-10-08 00:00:00,1.1442910307854863
1975-10-09 00:00:00,1.1442910307854863
1975-10-10 00:00:00,1.1442910307854863
1975-10-14 00:00:00,1.1442910307854863
1975-10-15 00:00:00,1.1442910307854863
1975-10-16 00:00:00,1.1442910307854863
1975-10-17 00:00:00,1.1442910307854863
1975-10-20 00:00:00,1.1442910307854863
1975-10-21 00:00:00,1.1442910307854863
1975-10-22 00:00:00,1.1442910307854863
1975-10-23 00:00:00,1.1442910307854863
1975-10-24 00:00:00,1.1442910307854863
1975-10-27 00:00:00,1.1442910307854863
1975-10-28 00:00:00,1.1442910307854863
1975-10-29 00:00:00,1.1442910307854863
1975-10-30 00:00:00,1.1442910307854863
1975-10-31 00:00:00,1.1442910307854863
1975-11-03 00:00:00,1.1442910307854863
1975-11-05 00:00:00,1.1442910307854863
1975-11-06 00:00:00,1.1442910307854863
1975-11-07 00:00:00,1.1442910307854863
1975-11-10 00:00:00,1.1442910307854863
1975-11-12 00:00:00,1.1442910307854863
1975-11-13 00:00:00,1.1442910307854863
1975-11-14 00:00:00,1.1442910307854863
1975-11-17 00:00:00,1.1442910307854863
1975-11-18 00:00:00,1.1442910307854863
1975-11-19 00:00:00,1.1442910307854863
1975-11-20 00:00:00,1.1442910307854863
1975-11-21 00:00:00,1.1442910307854863
1975-11-24 00:00:00,1.1442910307854863
1975-11-25 00:00:00,1.1442910307854863
1975-11-26 00:00:00,1.1442910307854863
1975-11-28 00:00:00,1.1442910307854863
1975-12-01 00:00:00,1.1442910307854863
1975-12-02 00:00:00,1.1442910307854863
1975-12-03 00:00:00,1.1442910307854863
1975-12-04 00:00:00,1.1442910307854863
1975-12-05 00:00:00,1.1442910307854863
1975-12-08 00:00:00,1.1442910307854863
1975-12-09 00:00:00,1.1442910307854863
1975-12-10 00:00:00,1.1442910307854863
1975-12-11 00:00:00,1.1442910307854863
1975-12-12 00:00:00,1.1442910307854863
1975-12-15 00:00:00,1.1442910307854863
1975-12-16 00:00:00,1.1442910307854863
1975-12-17 00:00:00,1.1442910307854863
1975-12-18 00:00:00,1.1442910307854863
1975-12-19 00:00:00,1.1442910307854863
1975-12-22 00:00:00,1.1442910307854863
1975-12-23 00:00:00,1.1442910307854863
1975-12-24 00:00:00,1.1442910307854863
1975-12-26 00:00:00,1.1442910307854863
1975-12-29 00:00:00,1.1442910307854863
1975-12-30 00:00:00,1.1442910307854863
1975-12-31 00:00:00,1.1442910307854863
1976-01-02 00:00:00,1.1442910307854863
1976-01-05 00:00:00,1.1442910307854863
1976-01-06 00:00:00,1.1442910307854863
1976-01-07 00:00:00,1.1442910307854863
1976-01-08 00:00:00,1.1442910307854863
1976-01-09 00:00:00,1.1442910307854863
1976-01-12 00:00:00,1.1442910307854863
1976-01-13 00:00:00,1.1442910307854863
1976-01-14 00:00:00,1.1442910307854863
1976-01-15 00:00:00,1.1442910307854863
1976-01-16 00:00:00,1.1442910307854863
1976-01-19 00:00:00,1.1442910307854863
1976-01-20 00:00:00,1.1442910307854863
1976-01-21 00:00:00,1.1442910307854863
1976-01-22 00:00:00,1.1442910307854863
1976-01-23 00:00:00,1.1442910307854863
1976-01-26 00:00:00,1.1442910307854863
1976-01-27 00:00:00,1.1442910307854863
1976-01-28 00:00:00,1.1442910307854863
1976-01-29 00:00:00,1.1442910307854863
1976-01-30 00:00:00,1.1442910307854863
1976-02-02 00:00:00,1.1442910307854863
1976-02-03 00:00:00,1.1442910307854863
1976-02-04 00:00:00,1.1442910307854863
1976-02-05 00:00:00,1.1442910307854863
1976-02-06 00:00:00,1.1442910307854863
1976-02-09 00:00:00,1.1442910307854863
1976-02-10 00:00:00,1.1442910307854863
1976-02-11 00:00:00,1.1442910307854863
1976-02-13 00:00:00,1.1442910307854863
1976-02-17 00:00:00,1.1442910307854863
1976-02-18 00:00:00,1.1442910307854863
1976-02-19 00:00:00,1.1442910307854863
1976-02-20 00:00:00,1.1442910307854863
1976-02-23 00:00:00,1.1442910307854863
1976-02-24 00:00:00,1.1442910307854863
1976-02-25 00:00:00,1.1442910307854863
1976-02-26 00:00:00,1.1442910307854863
1976-02-27 00:00:00,1.1442910307854863
1976-03-01 00:00:00,1.1442910307854863
1976-03-02 00:00:00,1.1442910307854863
1976-03-03 00:00:00,1.1442910307854863
1976-03-04 00:00:00,1.1442910307854863
1976-03-05 00:00:00,1.1442910307854863
1976-03-08 00:00:00,1.1442910307854863
1976-03-09 00:00:00,1.1442910307854863
1976-03-10 00:00:00,1.1442910307854863
1976-03-11 00:00:00,1.1442910307854863
1976-03-12 00:00:00,1.1442910307854863
1976-03-15 00:00:00,1.1442910307854863
1976-03-16 00:00:00,1.1442910307854863
1976-03-17 00:00:00,1.1442910307854863
1976-03-18 00:00:00,1.1442910307854863
1976-03-19 00:00:00,1.1442910307854863
1976-03-22 00:00:00,1.1442910307854863
1976-03-23 00:00:00,1.1442910307854863
1976-03-24 00:00:00,1.1442910307854863
1976-03-25 00:00:00,1.1442910307854863
1976-03-26 00:00:00,1.1442910307854863
1976-03-29 00:00:00,1.1442910307854863
1976-03-30 00:00:00,1.1442910307854863
1976-03-31 00:00:00,1.1442910307854863
1976-04-01 00:00:00,1.1442910307854863
1976-04-02 00:00:00,1.1442910307854863
1976-04-05 00:00:00,1.1442910307854863
1976-04-06 00:00:00,1.1442910307854863
1976-04-07 00:00:00,1.1442910307854863
1976-04-08 00:00:00,1.1442910307854863
1976-04-09 00:00:00,1.1442910307854863
1976-04-12 00:00:00,1.1442910307854863
1976-04-13 00:00:00,1.1442910307854863
1976-04-14 00:00:00,1.1442910307854863
1976-04-15 00:00:00,1.1442910307854863
1976-04-16 00:00:00,1.1442910307854863
1976-04-19 00:00:00,1.1442910307854863
1976-04-20 00:00:00,1.1442910307854863
1976-04-21 00:00:00,1.1442910307854863
1976-04-22 00:00:00,1.1442910307854863
1976-04-23 00:00:00,1.1442910307854863
1976-04-26 00:00:00,1.1442910307854863
1976-04-27 00:00:00,1.1442910307854863
1976-04-28 00:00:00,1.1442910307854863
1976-04-29 00:00:00,1.1442910307854863
1976-04-30 00:00:00,1.1442910307854863
1976-05-03 00:00:00,1.1442910307854863
1976-05-04 00:00:00,1.1442910307854863
1976-05-05 00:00:00,1.1442910307854863
1976-05-06 00:00:00,1.1437678665240687
1976-05-07 00:00:00,1.1427751712101817
1976-05-10 00:00:00,1.141784197555861
1976-05-11 00:00:00,1.1407689311695255
1976-05-12 00:00:00,1.135771123898381
1976-05-13 00:00:00,1.135771123898381
1976-05-14 00:00:00,1.131763335997091
1976-05-17 00:00:00,1.125272699736762
1976-05-18 00:00:00,1.125272699736762
1976-05-19 00:00:00,1.130280464479079
1976-05-20 00:00:00,1.1292600564492155
1976-05-21 00:00:00,1.1262605587190857
1976-05-24 00:00:00,1.1282669309767597
1976-05-25 00:00:00,1.1247667772928553
1976-05-26 00:00:00,1.1247667772928553
1976-05-27 00:00:00,1.1267678261703724
1976-05-28 00:00:00,1.1257790775154213
1976-06-01 00:00:00,1.121765919805739
1976-06-02 00:00:00,1.1242613095698226
1976-06-03 00:00:00,1.1232769530811886
1976-06-04 00:00:00,1.1242613095698226
1976-06-07 00:00:00,1.1257790775154213
1976-06-08 00:00:00,1.1262605587190857
1976-06-09 00:00:00,1.1272755507738061
1976-06-10 00:00:00,1.125272699736762
1976-06-11 00:00:00,1.1267678261703724
1976-06-14 00:00:00,1.1267678261703724
1976-06-15 00:00:00,1.1262605587190857
1976-06-16 00:00:00,1.1267678261703724
1976-06-17 00:00:00,1.1257790775154213
1976-06-18 00:00:00,1.1242613095698226
1976-06-21 00:00:00,1.121765919805739
1976-06-22 00:00:00,1.1212631450394501
1976-06-23 00:00:00,1.121765919805739
1976-06-24 00:00:00,1.123756295954887
1976-06-25 00:00:00,1.123756295954887
1976-06-28 00:00:00,1.123756295954887
1976-06-29 00:00:00,1.1232769530811886
1976-06-30 00:00:00,1.1247667772928553
1976-07-01 00:00:00,1.1249294124275264
1976-07-02 00:00:00,1.1249294124275264
1976-07-06 00:00:00,1.1249294124275264
1976-07-07 00:00:00,1.1249294124275264
1976-07-08 00:00:00,1.1249294124275264
1976-07-09 00:00:00,1.1249294124275264
1976-07-12 00:00:00,1.1249294124275264
1976-07-13 00:00:00,1.1249294124275264
1976-07-14 00:00:00,1.1249294124275264
1976-07-15 00:00:00,1.1249294124275264
1976-07-16 00:00:00,1.1249294124275264
1976-07-19 00:00:00,1.1249294124275264
1976-07-20 00:00:00,1.1249294124275264
1976-07-21 00:00:00,1.1249294124275264
1976-07-22 00:00:00,1.1249294124275264
1976-07-23 00:00:00,1.1249294124275264
1976-07-26 00:00:00,1.1249294124275264
1976-07-27 00:00:00,1.1249294124275264
1976-07-28 00:00:00,1.1249294124275264
1976-07-29 00:00:00,1.1249294124275264
1976-07-30 00:00:00,1.1249294124275264
1976-08-02 00:00:00,1.1249294124275264
1976-08-03 00:00:00,1.1249294124275264
1976-08-04 00:00:00,1.1249294124275264
1976-08-05 00:00:00,1.1249294124275264
1976-08-06 00:00:00,1.1249294124275264
1976-08-09 00:00:00,1.1249294124275264
1976-08-10 00:00:00,1.1249294124275264
1976-08-11 00:00:00,1.1249294124275264
1976-08-12 00:00:00,1.1249294124275264
1976-08-13 00:00:00,1.1249294124275264
1976-08-16 00:00:00,1.1249294124275264
1976-08-17 00:00:00,1.1249294124275264
1976-08-18 00:00:00,1.1249294124275264
1976-08-19 00:00:00,1.1249294124275264
1976-08-20 00:00:00,1.1204880955423753
1976-08-23 00:00:00,1.1249294124275264
1976-08-24 00:00:00,1.1244427293927988
1976-08-25 00:00:00,1.1204880955423753
1976-08-26 00:00:00,1.1214805111335489
1976-08-27 00:00:00,1.1219646327701085
1976-08-30 00:00:00,1.1224491725592354
1976-08-31 00:00:00,1.1199798454763574
1976-09-01 00:00:00,1.1239308861948598
1976-09-02 00:00:00,1.1224491725592354
1976-09-03 00:00:00,1.1209713605598608
1976-09-07 00:00:00,1.1224491725592354
1976-09-08 00:00:00,1.1234450665834825
1976-09-09 00:00:00,1.1264176858290045
1976-09-10 00:00:00,1.1273948985604207
1976-09-13 00:00:00,1.1269060803437518
1976-09-14 00:00:00,1.1288639009428176
1976-09-15 00:00:00,1.1353001666032956
1976-09-16 00:00:00,1.13775894170319
1976-09-17 00:00:00,1.1392550949740128
1976-09-20 00:00:00,1.141704652781161
1976-09-21 00:00:00,1.1412297230649524
1976-09-22 00:00:00,1.145677826293844
1976-09-23 00:00:00,1.1402283900977526
1976-09-24 00:00:00,1.1412297230649524
1976-09-27 00:00:00,1.1446686758940117
1976-09-28 00:00:00,1.1481284170733896
1976-09-29 00:00:00,1.1515822803680695
1976-09-30 00:00:00,1.1599950986996674
1976-10-01 00:00:00,1.1550569865680433
1976-10-04 00:00:00,1.155543497057296
1976-10-05 00:00:00,1.1599950986996674
1976-10-06 00:00:00,1.1644262148775864
1976-10-07 00:00:00,1.1604857788344782
1976-10-08 00:00:00,1.15800936466428
1976-10-12 00:00:00,1.1595048333312252
1976-10-13 00:00:00,1.1629454194650295
1976-10-14 00:00:00,1.1624526575820615
1976-10-15 00:00:00,1.15800936466428
1976-10-18 00:00:00,1.1502788440884195
1976-10-19 00:00:00,1.1502788440884195
1976-10-20 00:00:00,1.1561861479730307
1976-10-21 00:00:00,1.155210920669211
1976-10-22 00:00:00,1.1556983285866091
1976-10-25 00:00:00,1.165065386567781
1976-10-26 00:00:00,1.1630865536118968
1976-10-27 00:00:00,1.1685169003688185
1976-10-28 00:00:00,1.1729647926479023
1976-10-29 00:00:00,1.1704864823056744
1976-11-01 00:00:00,1.1690156035224277
1976-11-03 00:00:00,1.169986523674377
1976-11-04 00:00:00,1.1586586631767894
1976-11-05 00:00:00,1.1591489854040655
1976-11-08 00:00:00,1.1630865536118968
1976-11-09 00:00:00,1.1625928952383202
1976-11-10 00:00:00,1.1640751291267128
1976-11-12 00:00:00,1.1660573302311077
1976-11-15 00:00:00,1.1635806313964534
1976-11-16 00:00:00,1.1655611473525904
1976-11-17 00:00:00,1.1660573302311077
1976-11-18 00:00:00,1.1660573302311077
1976-11-19 00:00:00,1.1694869919628528
1976-11-22 00:00:00,1.17590217019633
1976-11-23 00:00:00,1.1773904406858804
1976-11-24 00:00:00,1.1749214110704873
1976-11-26 00:00:00,1.176407198448186
1976-11-29 00:00:00,1.1773904406858804
1976-11-30 00:00:00,1.17590217019633
1976-12-01 00:00:00,1.1754255970572145
1976-12-02 00:00:00,1.1749214110704873
1976-12-03 00:00:00,1.176407198448186
1976-12-06 00:00:00,1.1813399006651792
1976-12-07 00:00:00,1.1803500537253577
1976-12-08 00:00:00,1.179361864186048
1976-12-09 00:00:00,1.179361864186048
1976-12-10 00:00:00,1.1803500537253577
1976-12-13 00:00:00,1.1813399006651792
1976-12-14 00:00:00,1.1813399006651792
1976-12-15 00:00:00,1.1818212827287788
1976-12-16 00:00:00,1.1842909803555421
1976-12-17 00:00:00,1.1839458967023155
1976-12-20 00:00:00,1.1839458967023155
1976-12-21 00:00:00,1.1859220515892857
1976-12-22 00:00:00,1.1829745593998717
1976-12-23 00:00:00,1.184432163771097
1976-12-24 00:00:00,1.1849188304406022
1976-12-27 00:00:00,1.1868982372751358
1976-12-28 00:00:00,1.1898364607103726
1976-12-29 00:00:00,1.188365532812563
1976-12-30 00:00:00,1.1898364607103726
1976-12-31 00:00:00,1.188855437850704
1977-01-03 00:00:00,1.195232018203415
1977-01-04 00:00:00,1.1937477279304929
1977-01-05 00:00:00,1.1868982372751358
1977-01-06 00:00:00,1.1868982372751358
1977-01-07 00:00:00,1.1829745593998717
1977-01-10 00:00:00,1.1682592624785408
1977-01-11 00:00:00,1.1711897486956087
1977-01-12 00:00:00,1.1702112877894084
1977-01-13 00:00:00,1.1609005846708378
1977-01-14 00:00:00,1.1594454435742374
1977-01-17 00:00:00,1.15845912452207
1977-01-18 00:00:00,1.1545305722782064
1977-01-19 00:00:00,1.153064225854352
1977-01-20 00:00:00,1.1540413759245187
1977-01-21 00:00:00,1.1550201835469307
1977-01-24 00:00:00,1.1501156967730841
1977-01-25 00:00:00,1.1452259318503428
1977-01-26 00:00:00,1.1447178576750525
1977-01-27 00:00:00,1.1461898365905143
1977-01-28 00:00:00,1.1447178576750525
1977-01-31 00:00:00,1.153064225854352
1977-02-01 00:00:00,1.150601569908221
1977-02-02 00:00:00,1.1501156967730841
1977-02-03 00:00:00,1.1486605363319935
1977-02-04 00:00:00,1.1491451805037147
1977-02-07 00:00:00,1.1486605363319935
1977-02-08 00:00:00,1.148149410774245
1977-02-09 00:00:00,1.1496302338113094
1977-02-10 00:00:00,1.1511148815574321
1977-02-11 00:00:00,1.1501156967730841
1977-02-14 00:00:00,1.1576114102421258
1977-02-15 00:00:00,1.1576114102421258
1977-02-16 00:00:00,1.1576114102421258
1977-02-17 00:00:00,1.1576114102421258
1977-02-18 00:00:00,1.1576114102421258
1977-02-22 00:00:00,1.1576114102421258
1977-02-23 00:00:00,1.1576114102421258
1977-02-24 00:00:00,1.1576114102421258
1977-02-25 00:00:00,1.1576114102421258
1977-02-28 00:00:00,1.1576114102421258
1977-03-01 00:00:00,1.1576114102421258
1977-03-02 00:00:00,1.1576114102421258
1977-03-03 00:00:00,1.1576114102421258
1977-03-04 00:00:00,1.158572858697513
1977-03-07 00:00:00,1.1576114102421258
1977-03-08 00:00:00,1.1571175721280726
1977-03-09 00:00:00,1.1546819960355674
1977-03-10 00:00:00,1.1546819960355674
1977-03-11 00:00:00,1.1551737569708247
1977-03-14 00:00:00,1.1576114102421258
1977-03-15 00:00:00,1.1556385826162634
1977-03-16 00:00:00,1.1576114102421258
1977-03-17 00:00:00,1.158078200108444
1977-03-18 00:00:00,1.158078200108444
1977-03-21 00:00:00,1.1590679400415902
1977-03-22 00:00:00,1.1590679400415902
1977-03-23 00:00:00,1.1600318104536187
1977-03-24 00:00:00,1.1600318104536187
1977-03-25 00:00:00,1.1600318104536187
1977-03-28 00:00:00,1.161024893902119
1977-03-29 00:00:00,1.1615220735207665
1977-03-30 00:00:00,1.1619920231899448
1977-03-31 00:00:00,1.1619920231899448
1977-04-01 00:00:00,1.1605281397283553
1977-04-04 00:00:00,1.1141557435561007
1977-04-05 00:00:00,1.1151227380118287
1977-04-06 00:00:00,1.1151227380118287
1977-04-07 00:00:00,1.1160914124670682
1977-04-08 00:00:00,1.1160914124670682
1977-04-11 00:00:00,1.1166019174013013
1977-04-12 00:00:00,1.1209858758867588
1977-04-13 00:00:00,1.1253784537703277
1977-04-14 00:00:00,1.124393598599141
1977-04-15 00:00:00,1.1248858106207382
1977-04-18 00:00:00,1.1263650357212176
1977-04-19 00:00:00,1.1239018171398425
1977-04-20 00:00:00,1.1214751082662662
1977-04-21 00:00:00,1.1234363155703513
1977-04-22 00:00:00,1.1219647678640476
1977-04-25 00:00:00,1.1229453709547792
1977-04-26 00:00:00,1.1219647678640476
1977-04-27 00:00:00,1.1230890321472786
1977-04-28 00:00:00,1.1230890321472786
1977-04-29 00:00:00,1.1230890321472786
1977-05-02 00:00:00,1.1230890321472786
1977-05-03 00:00:00,1.1230890321472786
1977-05-04 00:00:00,1.1230890321472786
1977-05-05 00:00:00,1.1230890321472786
1977-05-06 00:00:00,1.1230890321472786
1977-05-09 00:00:00,1.1230890321472786
1977-05-10 00:00:00,1.1230890321472786
1977-05-11 00:00:00,1.1230890321472786
1977-05-12 00:00:00,1.1230890321472786
1977-05-13 00:00:00,1.1230890321472786
1977-05-16 00:00:00,1.1230890321472786
1977-05-17 00:00:00,1.1230890321472786
1977-05-18 00:00:00,1.1230890321472786
1977-05-19 00:00:00,1.1230890321472786
1977-05-20 00:00:00,1.1230890321472786
1977-05-23 00:00:00,1.1230890321472786
1977-05-24 00:00:00,1.1230890321472786
1977-05-25 00:00:00,1.1230890321472786
1977-05-26 00:00:00,1.1230890321472786
1977-05-27 00:00:00,1.1230890321472786
1977-05-31 00:00:00,1.1230890321472786
1977-06-01 00:00:00,1.1230890321472786
1977-06-02 00:00:00,1.1230890321472786
1977-06-03 00:00:00,1.1230890321472786
1977-06-06 00:00:00,1.1230890321472786
1977-06-07 00:00:00,1.1230890321472786
1977-06-08 00:00:00,1.1230890321472786
1977-06-09 00:00:00,1.1230890321472786
1977-06-10 00:00:00,1.1230890321472786
1977-06-13 00:00:00,1.1230890321472786
1977-06-14 00:00:00,1.1230890321472786
1977-06-15 00:00:00,1.1230890321472786
1977-06-16 00:00:00,1.1230890321472786
1977-06-17 00:00:00,1.1230890321472786
1977-06-20 00:00:00,1.1230890321472786
1977-06-21 00:00:00,1.1230890321472786
1977-06-22 00:00:00,1.1230890321472786
1977-06-23 00:00:00,1.1230890321472786
1977-06-24 00:00:00,1.1230890321472786
1977-06-27 00:00:00,1.1230890321472786
1977-06-28 00:00:00,1.1230890321472786
1977-06-29 00:00:00,1.1230890321472786
1977-06-30 00:00:00,1.1230890321472786
1977-07-01 00:00:00,1.1230890321472786
1977-07-05 00:00:00,1.1230890321472786
1977-07-06 00:00:00,1.1230890321472786
1977-07-07 00:00:00,1.1230890321472786
1977-07-08 00:00:00,1.1230890321472786
1977-07-11 00:00:00,1.1230890321472786
1977-07-12 00:00:00,1.1230890321472786
1977-07-13 00:00:00,1.1230890321472786
1977-07-15 00:00:00,1.1230890321472786
1977-07-18 00:00:00,1.1230890321472786
1977-07-19 00:00:00,1.1230890321472786
1977-07-20 00:00:00,1.1230890321472786
1977-07-21 00:00:00,1.1230890321472786
1977-07-22 00:00:00,1.1230890321472786
1977-07-25 00:00:00,1.1230890321472786
1977-07-26 00:00:00,1.1230890321472786
1977-07-27 00:00:00,1.1230890321472786
1977-07-28 00:00:00,1.1230890321472786
1977-07-29 00:00:00,1.1230890321472786
1977-08-01 00:00:00,1.1230890321472786
1977-08-02 00:00:00,1.1230890321472786
1977-08-03 00:00:00,1.1230890321472786
1977-08-04 00:00:00,1.1230890321472786
1977-08-05 00:00:00,1.1230890321472786
1977-08-08 00:00:00,1.1230890321472786
1977-08-09 00:00:00,1.1230890321472786
1977-08-10 00:00:00,1.1230890321472786
1977-08-11 00:00:00,1.1230890321472786
1977-08-12 00:00:00,1.1230890321472786
1977-08-15 00:00:00,1.1230890321472786
1977-08-16 00:00:00,1.1230890321472786
1977-08-17 00:00:00,1.1230890321472786
1977-08-18 00:00:00,1.1230890321472786
1977-08-19 00:00:00,1.1230890321472786
1977-08-22 00:00:00,1.1230890321472786
1977-08-23 00:00:00,1.1230890321472786
1977-08-24 00:00:00,1.1230890321472786
1977-08-25 00:00:00,1.1230890321472786
1977-08-26 00:00:00,1.1230890321472786
1977-08-29 00:00:00,1.1230890321472786
1977-08-30 00:00:00,1.1230890321472786
1977-08-31 00:00:00,1.1230890321472786
1977-09-01 00:00:00,1.1230890321472786
1977-09-02 00:00:00,1.1230890321472786
1977-09-06 00:00:00,1.1230890321472786
1977-09-07 00:00:00,1.1230890321472786
1977-09-08 00:00:00,1.1230890321472786
1977-09-09 00:00:00,1.1230890321472786
1977-09-12 00:00:00,1.1230890321472786
1977-09-13 00:00:00,1.1230890321472786
1977-09-14 00:00:00,1.1230890321472786
1977-09-15 00:00:00,1.1230890321472786
1977-09-16 00:00:00,1.1230890321472786
1977-09-19 00:00:00,1.1230890321472786
1977-09-20 00:00:00,1.1230890321472786
1977-09-21 00:00:00,1.1230890321472786
1977-09-22 00:00:00,1.1230890321472786
1977-09-23 00:00:00,1.1230890321472786
1977-09-26 00:00:00,1.1230890321472786
1977-09-27 00:00:00,1.1230890321472786
1977-09-28 00:00:00,1.1230890321472786
1977-09-29 00:00:00,1.1230890321472786
1977-09-30 00:00:00,1.1230890321472786
1977-10-03 00:00:00,1.1230890321472786
1977-10-04 00:00:00,1.1230890321472786
1977-10-05 00:00:00,1.1230890321472786
1977-10-06 00:00:00,1.1230890321472786
1977-10-07 00:00:00,1.1230890321472786
1977-10-11 00:00:00,1.1230890321472786
1977-10-12 00:00:00,1.1230890321472786
1977-10-13 00:00:00,1.1230890321472786
1977-10-14 00:00:00,1.1230890321472786
1977-10-17 00:00:00,1.1230890321472786
1977-10-18 00:00:00,1.1230890321472786
1977-10-19 00:00:00,1.1230890321472786
1977-10-20 00:00:00,1.1230890321472786
1977-10-21 00:00:00,1.1230890321472786
1977-10-24 00:00:00,1.1230890321472786
1977-10-25 00:00:00,1.1230890321472786
1977-10-26 00:00:00,1.1230890321472786
1977-10-27 00:00:00,1.1230890321472786
1977-10-28 00:00:00,1.1230890321472786
1977-10-31 00:00:00,1.1230890321472786
1977-11-01 00:00:00,1.1230890321472786
1977-11-02 00:00:00,1.1230890321472786
1977-11-03 00:00:00,1.1230890321472786
1977-11-04 00:00:00,1.1230890321472786
1977-11-07 00:00:00,1.1230890321472786
1977-11-09 00:00:00,1.1230890321472786
1977-11-10 00:00:00,1.1230890321472786
1977-11-14 00:00:00,1.1230890321472786
1977-11-15 00:00:00,1.1230890321472786
1977-11-16 00:00:00,1.1230890321472786
1977-11-17 00:00:00,1.1230890321472786
1977-11-18 00:00:00,1.1230890321472786
1977-11-21 00:00:00,1.1230890321472786
1977-11-22 00:00:00,1.1230890321472786
1977-11-23 00:00:00,1.1230890321472786
1977-11-25 00:00:00,1.1230890321472786
1977-11-28 00:00:00,1.1230890321472786
1977-11-29 00:00:00,1.1230890321472786
1977-11-30 00:00:00,1.1230890321472786
1977-12-01 00:00:00,1.1230890321472786
1977-12-02 00:00:00,1.1230890321472786
1977-12-05 00:00:00,1.1230890321472786
1977-12-06 00:00:00,1.1230890321472786
1977-12-07 00:00:00,1.1230890321472786
1977-12-08 00:00:00,1.1230890321472786
1977-12-09 00:00:00,1.1230890321472786
1977-12-12 00:00:00,1.1230890321472786
1977-12-13 00:00:00,1.1230890321472786
1977-12-14 00:00:00,1.1230890321472786
1977-12-15 00:00:00,1.1230890321472786
1977-12-16 00:00:00,1.1230890321472786
1977-12-19 00:00:00,1.1230890321472786
1977-12-20 00:00:00,1.1230890321472786
1977-12-21 00:00:00,1.1230890321472786
1977-12-22 00:00:00,1.1230890321472786
1977-12-23 00:00:00,1.1230890321472786
1977-12-27 00:00:00,1.1230890321472786
1977-12-28 00:00:00,1.1230890321472786
1977-12-29 00:00:00,1.1230890321472786
1977-12-30 00:00:00,1.1230890321472786
1978-01-03 00:00:00,1.1230890321472786
1978-01-04 00:00:00,1.1230890321472786
1978-01-05 00:00:00,1.1230890321472786
1978-01-06 00:00:00,1.1230890321472786
1978-01-09 00:00:00,1.1230890321472786
1978-01-10 00:00:00,1.1230890321472786
1978-01-11 00:00:00,1.1230890321472786
1978-01-12 00:00:00,1.1230890321472786
1978-01-13 00:00:00,1.1230890321472786
1978-01-16 00:00:00,1.1230890321472786
1978-01-17 00:00:00,1.1230890321472786
1978-01-18 00:00:00,1.1230890321472786
1978-01-19 00:00:00,1.1230890321472786
1978-01-20 00:00:00,1.1230890321472786
1978-01-23 00:00:00,1.1230890321472786
1978-01-24 00:00:00,1.1230890321472786
1978-01-25 00:00:00,1.1230890321472786
1978-01-26 00:00:00,1.1230890321472786
1978-01-27 00:00:00,1.1230890321472786
1978-01-30 00:00:00,1.1230890321472786
1978-01-31 00:00:00,1.1230890321472786
1978-02-01 00:00:00,1.1230890321472786
1978-02-02 00:00:00,1.1230890321472786
1978-02-03 00:00:00,1.1230890321472786
1978-02-06 00:00:00,1.1230890321472786
1978-02-07 00:00:00,1.1230890321472786
1978-02-08 00:00:00,1.1230890321472786
1978-02-09 00:00:00,1.1230890321472786
1978-02-10 00:00:00,1.1230890321472786
1978-02-14 00:00:00,1.1230890321472786
1978-02-15 00:00:00,1.1230890321472786
1978-02-16 00:00:00,1.1230890321472786
1978-02-17 00:00:00,1.1230890321472786
1978-02-21 00:00:00,1.1230890321472786
1978-02-22 00:00:00,1.1230890321472786
1978-02-23 00:00:00,1.1230890321472786
1978-02-24 00:00:00,1.1230890321472786
1978-02-27 00:00:00,1.1189574371706488
1978-02-28 00:00:00,1.1272266770381247
1978-03-01 00:00:00,1.1256806820309755
1978-03-02 00:00:00,1.1267108737518328
1978-03-03 00:00:00,1.1205092883414491
1978-03-06 00:00:00,1.1215543581705025
1978-03-07 00:00:00,1.1287769243836987
1978-03-08 00:00:00,1.1210437317960513
1978-03-09 00:00:00,1.119999612915718
1978-03-10 00:00:00,1.1132719471460557
1978-03-13 00:00:00,1.1132719471460557
1978-03-14 00:00:00,1.1179413687564668
1978-03-15 00:00:00,1.1179413687564668
1978-03-16 00:00:00,1.1215543581705025
1978-03-17 00:00:00,1.1179413687564668
1978-03-20 00:00:00,1.1225770077090196
1978-03-21 00:00:00,1.120266527917604
1978-03-22 00:00:00,1.1220654499293201
1978-03-23 00:00:00,1.1197328250740133
1978-03-24 00:00:00,1.119999612915718
1978-03-27 00:00:00,1.1220654499293201
1978-03-28 00:00:00,1.124138921889927
1978-03-29 00:00:00,1.1238701586448925
1978-03-30 00:00:00,1.1261955422984897
1978-03-31 00:00:00,1.1318902464613283
1978-04-03 00:00:00,1.134472939930513
1978-04-04 00:00:00,1.1282597017039682
1978-04-05 00:00:00,1.1287769243836987
1978-04-06 00:00:00,1.130084407052471
1978-04-07 00:00:00,1.1277429528056717
1978-04-10 00:00:00,1.1282597017039682
1978-04-11 00:00:00,1.1331801216079607
1978-04-12 00:00:00,1.132410803930902
1978-04-13 00:00:00,1.1292946214967425
1978-04-14 00:00:00,1.1280135717515896
1978-04-17 00:00:00,1.1259503120175258
1978-04-18 00:00:00,1.1251662923033523
1978-04-19 00:00:00,1.1230890321472786
1978-04-20 00:00:00,1.111214452734465
1978-04-21 00:00:00,1.1131987380567623
1978-04-24 00:00:00,1.1131987380567623
1978-04-25 00:00:00,1.1150189816956597
1978-04-26 00:00:00,1.113461826448792
1978-04-27 00:00:00,1.1238201724001422
1978-04-28 00:00:00,1.1214855175225071
1978-05-01 00:00:00,1.1204671534869646
1978-05-02 00:00:00,1.1194264569343477
1978-05-03 00:00:00,1.1188947547439994
1978-05-04 00:00:00,1.1235765257502996
1978-05-05 00:00:00,1.1209761042185622
1978-05-08 00:00:00,1.1173508527064933
1978-05-09 00:00:00,1.1147551570280183
1978-05-10 00:00:00,1.118387691798109
1978-05-11 00:00:00,1.1168211199515683
1978-05-12 00:00:00,1.113988376472047
1978-05-15 00:00:00,1.1111223200169926
1978-05-16 00:00:00,1.1074894166093079
1978-05-17 00:00:00,1.1074894166093079
1978-05-18 00:00:00,1.1142278820569436
1978-05-19 00:00:00,1.1121714934167253
1978-05-22 00:00:00,1.1087926240956902
1978-05-23 00:00:00,1.1087926240956902
1978-05-24 00:00:00,1.1064726771047562
1978-05-25 00:00:00,1.1074894166093079
1978-05-26 00:00:00,1.1064726771047562
1978-05-29 00:00:00,1.1085317372940167
1978-05-31 00:00:00,1.1194264569343477
1978-06-01 00:00:00,1.1214855175225071
1978-06-02 00:00:00,1.1214855175225071
1978-06-05 00:00:00,1.118387691798109
1978-06-06 00:00:00,1.1147551570280183
1978-06-07 00:00:00,1.117856975695791
1978-06-08 00:00:00,1.1214855175225071
1978-06-09 00:00:00,1.1204671534869646
1978-06-12 00:00:00,1.1212428820283544
1978-06-13 00:00:00,1.1209761042185622
1978-06-14 00:00:00,1.1204671534869646
1978-06-15 00:00:00,1.1204671534869646
1978-06-16 00:00:00,1.1217525378838218
1978-06-19 00:00:00,1.1230408748181369
1978-06-20 00:00:00,1.1260753787739528
1978-06-21 00:00:00,1.1260753787739528
1978-06-22 00:00:00,1.1219419598861615
1978-06-23 00:00:00,1.1240170984228124
1978-06-26 00:00:00,1.1265911272408184
1978-06-27 00:00:00,1.1245309627760698
1978-06-28 00:00:00,1.1281412111277793
1978-06-29 00:00:00,1.128658854089601
1978-06-30 00:00:00,1.129448557453127
1978-07-03 00:00:00,1.132295698709311
1978-07-05 00:00:00,1.137181440980952
1978-07-06 00:00:00,1.133314240661681
1978-07-07 00:00:00,1.1338366428534783
1978-07-10 00:00:00,1.141075123707587
1978-07-11 00:00:00,1.1369311479314779
1978-07-12 00:00:00,1.134359526870869
1978-07-13 00:00:00,1.1338366428534783
1978-07-14 00:00:00,1.133314240661681
1978-07-17 00:00:00,1.1307341850386088
1978-07-18 00:00:00,1.1326681235636171
1978-07-19 00:00:00,1.1348579602152769
1978-07-20 00:00:00,1.13563139812511
1978-07-21 00:00:00,1.1369311479314779
1978-07-24 00:00:00,1.143120513745215
1978-07-25 00:00:00,1.1415794774496402
1978-07-26 00:00:00,1.141075123707587
1978-07-27 00:00:00,1.13926313436225
1978-07-28 00:00:00,1.143120513745215
1978-07-31 00:00:00,1.1457066445264332
1978-08-01 00:00:00,1.1454525850434354
1978-08-02 00:00:00,1.146240536449989
1978-08-03 00:00:00,1.1488152694404137
1978-08-04 00:00:00,1.1519151210917815
1978-08-07 00:00:00,1.158632881930753
1978-08-08 00:00:00,1.1634083282684404
1978-08-09 00:00:00,1.1689635378741035
1978-08-10 00:00:00,1.1686990605017933
1978-08-11 00:00:00,1.172572350920908
1978-08-14 00:00:00,1.1792915797250985
1978-08-15 00:00:00,1.182395902101741
1978-08-16 00:00:00,1.1875607461461424
1978-08-17 00:00:00,1.1619187198919652
1978-08-18 00:00:00,1.1619187198919652
1978-08-21 00:00:00,1.1501179625413147
1978-08-22 00:00:00,1.1573052268021085
1978-08-23 00:00:00,1.1521586443992065
1978-08-24 00:00:00,1.1557668465299145
1978-08-25 00:00:00,1.149860163701842
1978-08-28 00:00:00,1.1462630769608801
1978-08-29 00:00:00,1.156261810468157
1978-08-30 00:00:00,1.156261810468157
1978-08-31 00:00:00,1.156261810468157
1978-09-01 00:00:00,1.156261810468157
1978-09-05 00:00:00,1.1586383169560759
1978-09-06 00:00:00,1.1587691773939521
1978-09-07 00:00:00,1.151486228579804
1978-09-08 00:00:00,1.1496797732682713
1978-09-11 00:00:00,1.1492934128650223
1978-09-12 00:00:00,1.1538171723623543
1978-09-13 00:00:00,1.1587691773939521
1978-09-14 00:00:00,1.1579844578607283
1978-09-15 00:00:00,1.1603418114279633
1978-09-18 00:00:00,1.1592929148752602
1978-09-19 00:00:00,1.1592929148752602
1978-09-20 00:00:00,1.1631042168287102
1978-09-21 00:00:00,1.1641600245825543
1978-09-22 00:00:00,1.1624453089333846
1978-09-25 00:00:00,1.1645564468383716
1978-09-26 00:00:00,1.162972375498306
1978-09-27 00:00:00,1.1608669717861568
1978-09-28 00:00:00,1.164212865289024
1978-09-29 00:00:00,1.1628405640537292
1978-10-02 00:00:00,1.1627087824848201
1978-10-03 00:00:00,1.1722740284101978
1978-10-04 00:00:00,1.1773860794865794
1978-10-05 00:00:00,1.1752282126742328
1978-10-06 00:00:00,1.1730782410983365
1978-10-10 00:00:00,1.1741522426923843
1978-10-11 00:00:00,1.1847277478806064
1978-10-12 00:00:00,1.1828155748957867
1978-10-13 00:00:00,1.1880201825667038
1978-10-16 00:00:00,1.186234512272639
1978-10-17 00:00:00,1.1938945039610378
1978-10-18 00:00:00,1.1938945039610378
1978-10-19 00:00:00,1.1904222654083356
1978-10-20 00:00:00,1.201605189461021
1978-10-23 00:00:00,1.2038670345235358
1978-10-24 00:00:00,1.2040086826038419
1978-10-25 00:00:00,1.2176189663791115
1978-10-26 00:00:00,1.2260807325006056
1978-10-27 00:00:00,1.2278461475222047
1978-10-30 00:00:00,1.2521867099180193
1978-10-31 00:00:00,1.232875878728922
1978-11-01 00:00:00,1.1945913837788995
1978-11-02 00:00:00,1.1843599297974599
1978-11-03 00:00:00,1.1813518579369722
1978-11-06 00:00:00,1.1755163461746185
1978-11-08 00:00:00,1.1810791543686583
1978-11-09 00:00:00,1.1795815323861734
1978-11-10 00:00:00,1.1802617985524861
1978-11-13 00:00:00,1.1783590273433964
1978-11-14 00:00:00,1.1783590273433964
1978-11-15 00:00:00,1.1765976536104468
1978-11-16 00:00:00,1.168002487552797
1978-11-17 00:00:00,1.161506219460846
1978-11-20 00:00:00,1.1590066591290127
1978-11-21 00:00:00,1.1603208746399878
1978-11-22 00:00:00,1.1592692640138273
1978-11-24 00:00:00,1.155212214207502
1978-11-27 00:00:00,1.155212214207502
1978-11-28 00:00:00,1.1557341081375712
1978-11-29 00:00:00,1.152479985747275
1978-11-30 00:00:00,1.1511834619698564
1978-12-01 00:00:00,1.1478261125574936
1978-12-04 00:00:00,1.1479548792293084
1978-12-05 00:00:00,1.1520907220727374
1978-12-06 00:00:00,1.1553426434966756
1978-12-07 00:00:00,1.1541698390988104
1978-12-08 00:00:00,1.154821102973711
1978-12-11 00:00:00,1.1471827122701854
1978-12-12 00:00:00,1.1561258381482378
1978-12-13 00:00:00,1.1556035904517281
1978-12-14 00:00:00,1.1597948309475294
1978-12-15 00:00:00,1.161675648756472
1978-12-18 00:00:00,1.161675648756472
1978-12-19 00:00:00,1.161675648756472
1978-12-20 00:00:00,1.1675998175725688
1978-12-21 00:00:00,1.1592694161123274
1978-12-22 00:00:00,1.1572718237812893
1978-12-26 00:00:00,1.1572718237812893
1978-12-27 00:00:00,1.1741318445240239
1978-12-28 00:00:00,1.1714013053507122
1978-12-29 00:00:00,1.175227627860024
1979-01-02 00:00:00,1.1775629720650058
1979-01-03 00:00:00,1.1619436246846742
1979-01-04 00:00:00,1.163285360971839
1979-01-05 00:00:00,1.1608724620898967
1979-01-08 00:00:00,1.1631510479178069
1979-01-09 00:00:00,1.1592694161123274
1979-01-10 00:00:00,1.161675648756472
1979-01-11 00:00:00,1.1525055744212476
1979-01-12 00:00:00,1.1559439157792455
1979-01-15 00:00:00,1.1535613450150148
1979-01-16 00:00:00,1.1586027862008195
1979-01-17 00:00:00,1.16047128510726
1979-01-18 00:00:00,1.1612739165436454
1979-01-19 00:00:00,1.1592694161123274
1979-01-22 00:00:00,1.1568731311456275
1979-01-23 00:00:00,1.1550161919303057
1979-01-24 00:00:00,1.158736050841514
1979-01-25 00:00:00,1.152110158510536
1979-01-26 00:00:00,1.1535613450150148
1979-01-29 00:00:00,1.1518466986069202
1979-01-30 00:00:00,1.150137141913018
1979-01-31 00:00:00,1.1447785484109232
1979-02-01 00:00:00,1.1428305418055729
1979-02-02 00:00:00,1.1428305418055729
1979-02-05 00:00:00,1.1513201401161286
1979-02-06 00:00:00,1.1526374400476114
1979-02-07 00:00:00,1.163285360971839
1979-02-08 00:00:00,1.1552811039009316
1979-02-09 00:00:00,1.1572718237812893
1979-02-13 00:00:00,1.1523737389631805
1979-02-14 00:00:00,1.1535613450150148
1979-02-15 00:00:00,1.1548837814990398
1979-02-16 00:00:00,1.1529487183719014
1979-02-20 00:00:00,1.1529487183719014
1979-02-21 00:00:00,1.1529487183719014
1979-02-22 00:00:00,1.1529487183719014
1979-02-23 00:00:00,1.1529487183719014
1979-02-26 00:00:00,1.1529487183719014
1979-02-27 00:00:00,1.1529487183719014
1979-02-28 00:00:00,1.1529487183719014
1979-03-01 00:00:00,1.1529487183719014
1979-03-02 00:00:00,1.152684553239957
1979-03-05 00:00:00,1.1501810088284847
1979-03-06 00:00:00,1.15123380609057
1979-03-07 00:00:00,1.1546687474445239
1979-03-08 00:00:00,1.1546687474445239
1979-03-09 00:00:00,1.1532130046110698
1979-03-12 00:00:00,1.1529487183719014
1979-03-13 00:00:00,1.148605418405432
1979-03-14 00:00:00,1.1541389613709088
1979-03-15 00:00:00,1.153609661228111
1979-03-16 00:00:00,1.1520246697082188
1979-03-19 00:00:00,1.1514973066184007
1979-03-20 00:00:00,1.1512864965480782
1979-03-21 00:00:00,1.1501810088284847
1979-03-22 00:00:00,1.1509704261303573
1979-03-23 00:00:00,1.1507334871830992
1979-03-26 00:00:00,1.1541389613709088
1979-03-27 00:00:00,1.15123380609057
1979-03-28 00:00:00,1.1524205091320106
1979-03-29 00:00:00,1.15123380609057
1979-03-30 00:00:00,1.1517609277966556
1979-04-02 00:00:00,1.1479501956909963
1979-04-03 00:00:00,1.1520246697082188
1979-04-04 00:00:00,1.149655331950592
1979-04-05 00:00:00,1.148605418405432
1979-04-06 00:00:00,1.1454671522349253
1979-04-09 00:00:00,1.1424756971989989
1979-04-10 00:00:00,1.1457280192702783
1979-04-11 00:00:00,1.148343239583609
1979-04-12 00:00:00,1.1449457743777405
1979-04-13 00:00:00,1.1449457743777405
1979-04-16 00:00:00,1.1444248709317089
1979-04-17 00:00:00,1.1446852633938094
1979-04-18 00:00:00,1.1458584973501404
1979-04-19 00:00:00,1.1478192408432106
1979-04-20 00:00:00,1.141827447257329
1979-04-23 00:00:00,1.1439044412496115
1979-04-24 00:00:00,1.1444248709317089
1979-04-25 00:00:00,1.1436444038681046
1979-04-26 00:00:00,1.1438187122950618
1979-04-27 00:00:00,1.1438187122950618
1979-04-30 00:00:00,1.1438187122950618
1979-05-01 00:00:00,1.1438187122950618
1979-05-02 00:00:00,1.1438187122950618
1979-05-03 00:00:00,1.1438187122950618
1979-05-04 00:00:00,1.1438187122950618
1979-05-07 00:00:00,1.1438187122950618
1979-05-08 00:00:00,1.1438187122950618
1979-05-09 00:00:00,1.1438187122950618
1979-05-10 00:00:00,1.1438187122950618
1979-05-11 00:00:00,1.1438187122950618
1979-05-14 00:00:00,1.1438187122950618
1979-05-15 00:00:00,1.1438187122950618
1979-05-16 00:00:00,1.1438187122950618
1979-05-17 00:00:00,1.1438187122950618
1979-05-18 00:00:00,1.1438187122950618
1979-05-21 00:00:00,1.1438187122950618
1979-05-22 00:00:00,1.1438187122950618
1979-05-23 00:00:00,1.1438187122950618
1979-05-24 00:00:00,1.1438187122950618
1979-05-25 00:00:00,1.1438187122950618
1979-05-28 00:00:00,1.1438187122950618
1979-05-29 00:00:00,1.1438187122950618
1979-05-31 00:00:00,1.1438187122950618
1979-06-01 00:00:00,1.1438187122950618
1979-06-04 00:00:00,1.1438187122950618
1979-06-05 00:00:00,1.1438187122950618
1979-06-06 00:00:00,1.1438187122950618
1979-06-07 00:00:00,1.1438187122950618
1979-06-08 00:00:00,1.1438187122950618
1979-06-11 00:00:00,1.1438187122950618
1979-06-12 00:00:00,1.1438187122950618
1979-06-13 00:00:00,1.1438187122950618
1979-06-14 00:00:00,1.1438187122950618
1979-06-15 00:00:00,1.1438187122950618
1979-06-18 00:00:00,1.1438187122950618
1979-06-19 00:00:00,1.1438187122950618
1979-06-20 00:00:00,1.1438187122950618
1979-06-21 00:00:00,1.1438187122950618
1979-06-22 00:00:00,1.1438187122950618
1979-06-25 00:00:00,1.1438187122950618
1979-06-26 00:00:00,1.1376770453444873
1979-06-27 00:00:00,1.1376770453444873
1979-06-28 00:00:00,1.1388734806574226
1979-06-29 00:00:00,1.1412739165651316
1979-07-02 00:00:00,1.1428798367103918
1979-07-03 00:00:00,1.1434161482245688
1979-07-05 00:00:00,1.148265698334852
1979-07-06 00:00:00,1.148265698334852
1979-07-09 00:00:00,1.1424779331222858
1979-07-10 00:00:00,1.1447591317202517
1979-07-11 00:00:00,1.1473195111790726
1979-07-12 00:00:00,1.1501627622688484
1979-07-13 00:00:00,1.1507059324045126
1979-07-16 00:00:00,1.1520661049014447
1979-07-17 00:00:00,1.1569894643241008
1979-07-18 00:00:00,1.1614012449316282
1979-07-19 00:00:00,1.16250945222641
1979-07-20 00:00:00,1.1586399485813388
1979-07-23 00:00:00,1.1605714750495622
1979-07-24 00:00:00,1.1638976889737547
1979-07-25 00:00:00,1.1622322021781808
1979-07-26 00:00:00,1.1630643493396446
1979-07-27 00:00:00,1.1643148067693492
1979-07-30 00:00:00,1.1605714750495622
1979-07-31 00:00:00,1.155891751359846
1979-08-01 00:00:00,1.158089264195131
1979-08-02 00:00:00,1.158777701517801
1979-08-03 00:00:00,1.15644034735005
1979-08-06 00:00:00,1.1569894643241008
1979-08-07 00:00:00,1.155343675612402
1979-08-08 00:00:00,1.1542490818884676
1979-08-09 00:00:00,1.15644034735005
1979-08-10 00:00:00,1.1574016443968915
1979-08-13 00:00:00,1.1560288515557138
1979-08-14 00:00:00,1.1532930123614038
1979-08-15 00:00:00,1.1533748991132045
1979-08-16 00:00:00,1.1535660134295445
1979-08-17 00:00:00,1.1507059324045126
1979-08-20 00:00:00,1.1512496158122163
1979-08-21 00:00:00,1.1518591534129368
1979-08-22 00:00:00,1.1518591534129368
1979-08-23 00:00:00,1.1529494129050457
1979-08-24 00:00:00,1.1536318737863676
1979-08-27 00:00:00,1.1534953169831257
1979-08-28 00:00:00,1.1537684629260534
1979-08-29 00:00:00,1.154041738260711
1979-08-30 00:00:00,1.1554100590317105
1979-08-31 00:00:00,1.1554100590317105
1979-09-04 00:00:00,1.1544518940733852
1979-09-05 00:00:00,1.1547254932898976
1979-09-06 00:00:00,1.1587073053357246
1979-09-07 00:00:00,1.1620234245019612
1979-09-10 00:00:00,1.1611926165244812
1979-09-11 00:00:00,1.1588450990454806
1979-09-12 00:00:00,1.1588450990454806
1979-09-13 00:00:00,1.157606134221127
1979-09-14 00:00:00,1.1543151430790626
1979-09-17 00:00:00,1.1547254932898976
1979-09-18 00:00:00,1.154999222220392
1979-09-19 00:00:00,1.155958296307645
1979-09-20 00:00:00,1.1687129333021644
1979-09-21 00:00:00,1.1684326664116842
1979-09-24 00:00:00,1.169133585827648
1979-09-25 00:00:00,1.1684326664116842
1979-09-26 00:00:00,1.1692738706351629
1979-09-27 00:00:00,1.1777530140045258
1979-09-28 00:00:00,1.1803207894711052
1979-10-01 00:00:00,1.1811792045907208
1979-10-02 00:00:00,1.1750546771823762
1979-10-03 00:00:00,1.1776106873563077
1979-10-04 00:00:00,1.1692738706351629
1979-10-05 00:00:00,1.171523014892215
1979-10-09 00:00:00,1.157331168393521
1979-10-10 00:00:00,1.1664745556468095
1979-10-11 00:00:00,1.1600867187944577
1979-10-12 00:00:00,1.1589829255320465
1979-10-15 00:00:00,1.1560954369288698
1979-10-16 00:00:00,1.1528130176119065
1979-10-17 00:00:00,1.1504992252507018
1979-10-18 00:00:00,1.1526766545864022
1979-10-19 00:00:00,1.1511052797670858
1979-10-22 00:00:00,1.1511052797670858
1979-10-23 00:00:00,1.1446201795993838
1979-10-24 00:00:00,1.1473134035513823
1979-10-25 00:00:00,1.1505620493377475
1979-10-26 00:00:00,1.1494771251988154
1979-10-29 00:00:00,1.146099886025003
1979-10-30 00:00:00,1.1451578123751467
1979-10-31 00:00:00,1.146099886025003
1979-11-01 00:00:00,1.1467737453182913
1979-11-02 00:00:00,1.1473134035513823
1979-11-05 00:00:00,1.1500193313899467
1979-11-07 00:00:00,1.1504263218339918
1979-11-08 00:00:00,1.1473134035513823
1979-11-09 00:00:00,1.1451578123751467
1979-11-13 00:00:00,1.1438146763062105
1979-11-14 00:00:00,1.1486647738735865
1979-11-15 00:00:00,1.1497481643700482
1979-11-16 00:00:00,1.150697808871593
1979-11-19 00:00:00,1.1612483841613181
1979-11-20 00:00:00,1.159591430462158
1979-11-21 00:00:00,1.1626328004514486
1979-11-23 00:00:00,1.157664284210203
1979-11-26 00:00:00,1.160005225429612
1979-11-27 00:00:00,1.1624942102976221
1979-11-28 00:00:00,1.162078638010814
1979-11-29 00:00:00,1.1638816004519335
1979-11-30 00:00:00,1.1665267859075061
1979-12-03 00:00:00,1.1797923941672817
1979-12-04 00:00:00,1.1682036332279286
1979-12-05 00:00:00,1.1606955403697632
1979-12-06 00:00:00,1.161801754847123
1979-12-07 00:00:00,1.1579391985498397
1979-12-10 00:00:00,1.159591430462158
1979-12-11 00:00:00,1.1654115595347454
1979-12-12 00:00:00,1.1651330860438174
1979-12-13 00:00:00,1.1676441487292564
1979-12-14 00:00:00,1.1668059260812096
1979-12-17 00:00:00,1.1654115595347454
1979-12-18 00:00:00,1.1648547456028129
1979-12-19 00:00:00,1.1679238239744612
1979-12-20 00:00:00,1.1653448345870896
1979-12-21 00:00:00,1.1653448345870896
1979-12-24 00:00:00,1.1695317022562648
1979-12-26 00:00:00,1.1695317022562648
1979-12-27 00:00:00,1.178280612191097
1979-12-28 00:00:00,1.1764353347596448
1979-12-31 00:00:00,1.175727150715123
1980-01-02 00:00:00,1.1799890906041337
1980-01-03 00:00:00,1.1828475913081165
1980-01-04 00:00:00,1.1792766228522895
1980-01-07 00:00:00,1.1831342032759646
1980-01-08 00:00:00,1.1798465281913508
1980-01-09 00:00:00,1.1818455420355574
1980-01-10 00:00:00,1.180131687473089
1980-01-11 00:00:00,1.1794190475651947
1980-01-14 00:00:00,1.1789918765954135
1980-01-15 00:00:00,1.1774282268917062
1980-01-16 00:00:00,1.1777122182633637
1980-01-17 00:00:00,1.1779963466634276
1980-01-18 00:00:00,1.1771443724493507
1980-01-21 00:00:00,1.1765770739566035
1980-01-22 00:00:00,1.1743133374025747
1980-01-23 00:00:00,1.175727150715123
1980-01-24 00:00:00,1.1748784545043085
1980-01-25 00:00:00,1.1747371242439326
1980-01-28 00:00:00,1.1730438094702478
1980-01-29 00:00:00,1.1719176423664721
1980-01-30 00:00:00,1.1726212432564618
1980-01-31 00:00:00,1.1717770234988976
1980-02-01 00:00:00,1.173184732561246
1980-02-04 00:00:00,1.1726212432564618
1980-02-05 00:00:00,1.1741721430611773
1980-02-06 00:00:00,1.1784227964088103
1980-02-07 00:00:00,1.1771443724493507
1980-02-08 00:00:00,1.1743133374025747
1980-02-11 00:00:00,1.1767188473117016
1980-02-13 00:00:00,1.178280612191097
1980-02-14 00:00:00,1.1768606548372873
1980-02-15 00:00:00,1.173466680346048
1980-02-19 00:00:00,1.1685520777599392
1980-02-20 00:00:00,1.1705129706148643
1980-02-21 00:00:00,1.1703036827927085
1980-02-22 00:00:00,1.1703036827927085
1980-02-25 00:00:00,1.1690487402042258
1980-02-26 00:00:00,1.1680745329207225
1980-02-27 00:00:00,1.1682136059690522
1980-02-28 00:00:00,1.169466755248399
1980-02-29 00:00:00,1.1644702203339745
1980-03-03 00:00:00,1.1580108670522917
1980-03-04 00:00:00,1.1521637008612104
1980-03-05 00:00:00,1.1540609358426333
1980-03-06 00:00:00,1.1500030563213863
1980-03-07 00:00:00,1.1465092400717538
1980-03-10 00:00:00,1.1435694727895185
1980-03-11 00:00:00,1.1451711107065907
1980-03-12 00:00:00,1.1449038595722367
1980-03-13 00:00:00,1.1411753985268747
1980-03-14 00:00:00,1.135890955838628
1980-03-17 00:00:00,1.1153604724944945
1980-03-18 00:00:00,1.1165027397057428
1980-03-19 00:00:00,1.1195602551955808
1980-03-20 00:00:00,1.1213515516038934
1980-03-21 00:00:00,1.1172655518713355
1980-03-24 00:00:00,1.1134618788622412
1980-03-25 00:00:00,1.114600258608891
1980-03-26 00:00:00,1.1153604724944945
1980-03-27 00:00:00,1.1017096425481774
1980-03-28 00:00:00,1.1019571065289835
1980-03-31 00:00:00,1.0950698746131773
1980-04-01 00:00:00,1.0906876474582112
1980-04-02 00:00:00,1.0904452185523528
1980-04-03 00:00:00,1.0873034216017363
1980-04-04 00:00:00,1.0841796769650904
1980-04-07 00:00:00,1.0794088092996776
1980-04-08 00:00:00,1.0985026955367294
1980-04-09 00:00:00,1.1193048227850866
1980-04-10 00:00:00,1.1208391679842435
1980-04-11 00:00:00,1.117520054274951
1980-04-14 00:00:00,1.122377725524373
1980-04-15 00:00:00,1.1124519361149736
1980-04-16 00:00:00,1.1263719523055986
1980-04-17 00:00:00,1.1265012717031075
1980-04-18 00:00:00,1.128742818737978
1980-04-21 00:00:00,1.128742818737978
1980-04-22 00:00:00,1.128742818737978
1980-04-23 00:00:00,1.128742818737978
1980-04-24 00:00:00,1.128742818737978
1980-04-25 00:00:00,1.128742818737978
1980-04-28 00:00:00,1.128742818737978
1980-04-29 00:00:00,1.128742818737978
1980-04-30 00:00:00,1.128742818737978
1980-05-01 00:00:00,1.128742818737978
1980-05-02 00:00:00,1.1142039768104397
1980-05-05 00:00:00,1.1260712381019118
1980-05-06 00:00:00,1.1300833684039375
1980-05-07 00:00:00,1.128475090365412
1980-05-08 00:00:00,1.1260712381019118
1980-05-09 00:00:00,1.121426277190472
1980-05-12 00:00:00,1.124208643899002
1980-05-13 00:00:00,1.1263378269366895
1980-05-14 00:00:00,1.1279400144572256
1980-05-15 00:00:00,1.1280737358578723
1980-05-16 00:00:00,1.1258047754331701
1980-05-19 00:00:00,1.1236776053331547
1980-05-20 00:00:00,1.1218229146381933
1980-05-21 00:00:00,1.1306204802710496
1980-05-22 00:00:00,1.1316962371504702
1980-05-23 00:00:00,1.1381940145886549
1980-05-27 00:00:00,1.143666101197254
1980-05-28 00:00:00,1.1395571211929527
1980-05-29 00:00:00,1.1373777147933486
1980-05-30 00:00:00,1.1354775610932164
1980-06-02 00:00:00,1.1330438154276201
1980-06-03 00:00:00,1.1356130757800638
1980-06-04 00:00:00,1.1361554581446152
1980-06-05 00:00:00,1.1392842387405595
1980-06-06 00:00:00,1.140103278452091
1980-06-09 00:00:00,1.1431165259443963
1980-06-10 00:00:00,1.143666101197254
1980-06-11 00:00:00,1.1420189584686935
1980-06-12 00:00:00,1.142841936339317
1980-06-13 00:00:00,1.149191058207869
1980-06-16 00:00:00,1.1454558760035094
1980-06-17 00:00:00,1.1410603144215317
1980-06-18 00:00:00,1.143666101197254
1980-06-19 00:00:00,1.141744895843671
1980-06-20 00:00:00,1.1425674786216566
1980-06-23 00:00:00,1.1418819107117668
1980-06-24 00:00:00,1.1398301343987964
1980-06-25 00:00:00,1.1398301343987964
1980-06-26 00:00:00,1.142841936339317
1980-06-27 00:00:00,1.1453931004489186
1980-06-30 00:00:00,1.1453931004489186
1980-07-01 00:00:00,1.1467714314963904
1980-07-02 00:00:00,1.149815467632119
1980-07-03 00:00:00,1.1487066774029657
1980-07-07 00:00:00,1.1559522799290398
1980-07-08 00:00:00,1.1567941971030595
1980-07-09 00:00:00,1.1562327827875518
1980-07-10 00:00:00,1.1587634479249762
1980-07-11 00:00:00,1.1586225648310036
1980-07-14 00:00:00,1.1553916823151074
1980-07-15 00:00:00,1.1553916823151074
1980-07-16 00:00:00,1.1556719131378854
1980-07-17 00:00:00,1.1604567213510721
1980-07-18 00:00:00,1.1565134218125004
1980-07-21 00:00:00,1.1577779851457908
1980-07-22 00:00:00,1.1596094665046246
1980-07-23 00:00:00,1.1569346358789612
1980-07-24 00:00:00,1.1601741655387148
1980-07-25 00:00:00,1.1594683776292742
1980-07-28 00:00:00,1.1563730852730256
1980-07-29 00:00:00,1.1528757072023958
1980-07-30 00:00:00,1.1467714314963904
1980-07-31 00:00:00,1.142920436044016
1980-08-01 00:00:00,1.140731457473666
1980-08-04 00:00:00,1.1393675987248928
1980-08-05 00:00:00,1.146081851561636
1980-08-06 00:00:00,1.14718557791441
1980-08-07 00:00:00,1.1431946492004563
1980-08-08 00:00:00,1.141961725073098
1980-08-11 00:00:00,1.1426463544046768
1980-08-12 00:00:00,1.1453931004489186
1980-08-13 00:00:00,1.1455307844374327
1980-08-14 00:00:00,1.1431946492004563
1980-08-15 00:00:00,1.1414146120176074
1980-08-18 00:00:00,1.1390952182327283
1980-08-19 00:00:00,1.1371921951951078
1980-08-20 00:00:00,1.139776413794403
1980-08-21 00:00:00,1.1416881029992816
1980-08-22 00:00:00,1.133539978081956
1980-08-25 00:00:00,1.1366496416668659
1980-08-26 00:00:00,1.1371200483070345
1980-08-27 00:00:00,1.1371200483070345
1980-08-28 00:00:00,1.1406684305989192
1980-08-29 00:00:00,1.1387550160256643
1980-09-02 00:00:00,1.1454802173978782
1980-09-03 00:00:00,1.1457564031043035
1980-09-04 00:00:00,1.1461709314701152
1980-09-05 00:00:00,1.143825895264195
1980-09-08 00:00:00,1.1470008886978271
1980-09-09 00:00:00,1.1475548615974638
1980-09-10 00:00:00,1.1452041648090368
1980-09-11 00:00:00,1.1456182936053756
1980-09-12 00:00:00,1.1441012837065363
1980-09-15 00:00:00,1.1434130610864048
1980-09-16 00:00:00,1.145066188403638
1980-09-17 00:00:00,1.1458945459067031
1980-09-18 00:00:00,1.142176344640091
1980-09-19 00:00:00,1.1409423005702517
1980-09-22 00:00:00,1.138209504640742
1980-09-23 00:00:00,1.1395742642386324
1980-09-24 00:00:00,1.1442390276607508
1980-09-25 00:00:00,1.1434130610864048
1980-09-26 00:00:00,1.1456182936053756
1980-09-29 00:00:00,1.14107928487816
1980-09-30 00:00:00,1.142039096821701
1980-10-01 00:00:00,1.1427256659552958
1980-10-02 00:00:00,1.14053154491182
1980-10-03 00:00:00,1.1416275512012248
1980-10-06 00:00:00,1.1442390276607508
1980-10-07 00:00:00,1.1430005248045936
1980-10-08 00:00:00,1.1436882507521293
1980-10-09 00:00:00,1.1414904352330286
1980-10-10 00:00:00,1.1434130610864048
1980-10-14 00:00:00,1.1395742642386324
1980-10-15 00:00:00,1.139027967851174
1980-10-16 00:00:00,1.137256116279789
1980-10-17 00:00:00,1.1333233202659427
1980-10-20 00:00:00,1.128210988099501
1980-10-21 00:00:00,1.1298204188956484
1980-10-22 00:00:00,1.1263391044975344
1980-10-23 00:00:00,1.129417630867522
1980-10-24 00:00:00,1.1274682105798115
1980-10-27 00:00:00,1.1274682105798115
1980-10-28 00:00:00,1.1274682105798115
1980-10-29 00:00:00,1.1274682105798115
1980-10-30 00:00:00,1.1274682105798115
1980-10-31 00:00:00,1.1274682105798115
1980-11-03 00:00:00,1.1274682105798115
1980-11-05 00:00:00,1.1274682105798115
1980-11-06 00:00:00,1.1274682105798115
1980-11-07 00:00:00,1.1274682105798115
1980-11-10 00:00:00,1.1274682105798115
1980-11-12 00:00:00,1.1274682105798115
1980-11-13 00:00:00,1.1274682105798115
1980-11-14 00:00:00,1.1274682105798115
1980-11-17 00:00:00,1.1274682105798115
1980-11-18 00:00:00,1.1274682105798115
1980-11-19 00:00:00,1.1274682105798115
1980-11-20 00:00:00,1.1274682105798115
1980-11-21 00:00:00,1.1274682105798115
1980-11-24 00:00:00,1.1274682105798115
1980-11-25 00:00:00,1.1274682105798115
1980-11-26 00:00:00,1.1274682105798115
1980-11-28 00:00:00,1.1274682105798115
1980-12-01 00:00:00,1.1274682105798115
1980-12-02 00:00:00,1.1274682105798115
1980-12-03 00:00:00,1.1274682105798115
1980-12-04 00:00:00,1.1274682105798115
1980-12-05 00:00:00,1.1274682105798115
1980-12-08 00:00:00,1.1274682105798115
1980-12-09 00:00:00,1.1274682105798115
1980-12-10 00:00:00,1.1274682105798115
1980-12-11 00:00:00,1.1274682105798115
1980-12-12 00:00:00,1.1274682105798115
1980-12-15 00:00:00,1.1274682105798115
1980-12-16 00:00:00,1.1274682105798115
1980-12-17 00:00:00,1.1274682105798115
1980-12-18 00:00:00,1.1274682105798115
1980-12-19 00:00:00,1.1274682105798115
1980-12-22 00:00:00,1.1274682105798115
1980-12-23 00:00:00,1.1274682105798115
1980-12-24 00:00:00,1.1274682105798115
1980-12-26 00:00:00,1.1274682105798115
1980-12-29 00:00:00,1.1274682105798115
1980-12-30 00:00:00,1.1274682105798115
1980-12-31 00:00:00,1.1274682105798115
1981-01-02 00:00:00,1.1274682105798115
1981-01-05 00:00:00,1.1274682105798115
1981-01-06 00:00:00,1.1274682105798115
1981-01-07 00:00:00,1.1274682105798115
1981-01-08 00:00:00,1.1274682105798115
1981-01-09 00:00:00,1.1274682105798115
1981-01-12 00:00:00,1.1274682105798115
1981-01-13 00:00:00,1.1274682105798115
1981-01-14 00:00:00,1.1274682105798115
1981-01-15 00:00:00,1.1274682105798115
1981-01-16 00:00:00,1.1274682105798115
1981-01-19 00:00:00,1.1274682105798115
1981-01-20 00:00:00,1.1274682105798115
1981-01-21 00:00:00,1.1274682105798115
1981-01-22 00:00:00,1.1274682105798115
1981-01-23 00:00:00,1.1274682105798115
1981-01-26 00:00:00,1.1274682105798115
1981-01-27 00:00:00,1.1274682105798115
1981-01-28 00:00:00,1.1274682105798115
1981-01-29 00:00:00,1.1274682105798115
1981-01-30 00:00:00,1.1274682105798115
1981-02-02 00:00:00,1.1274682105798115
1981-02-03 00:00:00,1.1274682105798115
1981-02-04 00:00:00,1.1274682105798115
1981-02-05 00:00:00,1.1274682105798115
1981-02-06 00:00:00,1.1274682105798115
1981-02-09 00:00:00,1.1274682105798115
1981-02-10 00:00:00,1.1274682105798115
1981-02-11 00:00:00,1.1274682105798115
1981-02-13 00:00:00,1.1274682105798115
1981-02-17 00:00:00,1.1274682105798115
1981-02-18 00:00:00,1.1274682105798115
1981-02-19 00:00:00,1.1274682105798115
1981-02-20 00:00:00,1.1274682105798115
1981-02-23 00:00:00,1.1274682105798115
1981-02-24 00:00:00,1.1274682105798115
1981-02-25 00:00:00,1.1274682105798115
1981-02-26 00:00:00,1.1274682105798115
1981-02-27 00:00:00,1.1274682105798115
1981-03-02 00:00:00,1.1274682105798115
1981-03-03 00:00:00,1.1274682105798115
1981-03-04 00:00:00,1.1274682105798115
1981-03-05 00:00:00,1.1274682105798115
1981-03-06 00:00:00,1.1274682105798115
1981-03-09 00:00:00,1.1274682105798115
1981-03-10 00:00:00,1.1274682105798115
1981-03-11 00:00:00,1.1274682105798115
1981-03-12 00:00:00,1.1274682105798115
1981-03-13 00:00:00,1.1274682105798115
1981-03-16 00:00:00,1.1274682105798115
1981-03-17 00:00:00,1.1274682105798115
1981-03-18 00:00:00,1.1274682105798115
1981-03-19 00:00:00,1.1274682105798115
1981-03-20 00:00:00,1.1274682105798115
1981-03-23 00:00:00,1.1274682105798115
1981-03-24 00:00:00,1.1274682105798115
1981-03-25 00:00:00,1.1274682105798115
1981-03-26 00:00:00,1.1274682105798115
1981-03-27 00:00:00,1.1274682105798115
1981-03-30 00:00:00,1.1274682105798115
1981-03-31 00:00:00,1.1274682105798115
1981-04-01 00:00:00,1.1274682105798115
1981-04-02 00:00:00,1.1274682105798115
1981-04-03 00:00:00,1.1274682105798115
1981-04-06 00:00:00,1.1274682105798115
1981-04-07 00:00:00,1.1274682105798115
1981-04-08 00:00:00,1.1274682105798115
1981-04-09 00:00:00,1.1274682105798115
1981-04-10 00:00:00,1.1274682105798115
1981-04-13 00:00:00,1.1274682105798115
1981-04-14 00:00:00,1.1274682105798115
1981-04-15 00:00:00,1.1274682105798115
1981-04-16 00:00:00,1.1274682105798115
1981-04-17 00:00:00,1.1274682105798115
1981-04-20 00:00:00,1.1274682105798115
1981-04-21 00:00:00,1.1274682105798115
1981-04-22 00:00:00,1.1274682105798115
1981-04-23 00:00:00,1.1274682105798115
1981-04-24 00:00:00,1.1274682105798115
1981-04-27 00:00:00,1.1274682105798115
1981-04-28 00:00:00,1.1274682105798115
1981-04-29 00:00:00,1.1274682105798115
1981-04-30 00:00:00,1.1274682105798115
1981-05-01 00:00:00,1.1274682105798115
1981-05-04 00:00:00,1.1274682105798115
1981-05-05 00:00:00,1.1274682105798115
1981-05-06 00:00:00,1.1274682105798115
1981-05-07 00:00:00,1.1274682105798115
1981-05-08 00:00:00,1.1274682105798115
1981-05-11 00:00:00,1.1274682105798115
1981-05-12 00:00:00,1.1274682105798115
1981-05-13 00:00:00,1.1274682105798115
1981-05-14 00:00:00,1.1274682105798115
1981-05-15 00:00:00,1.1274682105798115
1981-05-18 00:00:00,1.1274682105798115
1981-05-19 00:00:00,1.1274682105798115
1981-05-20 00:00:00,1.1274682105798115
1981-05-21 00:00:00,1.1274682105798115
1981-05-22 00:00:00,1.1274682105798115
1981-05-26 00:00:00,1.1274682105798115
1981-05-27 00:00:00,1.1274682105798115
1981-05-28 00:00:00,1.1274682105798115
1981-05-29 00:00:00,1.1274682105798115
1981-06-01 00:00:00,1.1274682105798115
1981-06-02 00:00:00,1.1274682105798115
1981-06-03 00:00:00,1.1274682105798115
1981-06-04 00:00:00,1.1274682105798115
1981-06-05 00:00:00,1.1274682105798115
1981-06-08 00:00:00,1.1274682105798115
1981-06-09 00:00:00,1.1274682105798115
1981-06-10 00:00:00,1.1274682105798115
1981-06-11 00:00:00,1.1274682105798115
1981-06-12 00:00:00,1.1274682105798115
1981-06-15 00:00:00,1.1274682105798115
1981-06-16 00:00:00,1.1274682105798115
1981-06-17 00:00:00,1.1274682105798115
1981-06-18 00:00:00,1.1274682105798115
1981-06-19 00:00:00,1.1274682105798115
1981-06-22 00:00:00,1.1274682105798115
1981-06-23 00:00:00,1.1274682105798115
1981-06-24 00:00:00,1.1274682105798115
1981-06-25 00:00:00,1.1274682105798115
1981-06-26 00:00:00,1.1274682105798115
1981-06-29 00:00:00,1.1274682105798115
1981-06-30 00:00:00,1.1274682105798115
1981-07-01 00:00:00,1.1274682105798115
1981-07-02 00:00:00,1.1274682105798115
1981-07-03 00:00:00,1.1274682105798115
1981-07-06 00:00:00,1.1274682105798115
1981-07-07 00:00:00,1.1274682105798115
1981-07-08 00:00:00,1.1274682105798115
1981-07-09 00:00:00,1.1274682105798115
1981-07-10 00:00:00,1.1274682105798115
1981-07-13 00:00:00,1.1274682105798115
1981-07-14 00:00:00,1.1274682105798115
1981-07-15 00:00:00,1.1274682105798115
1981-07-16 00:00:00,1.1274682105798115
1981-07-17 00:00:00,1.1274682105798115
1981-07-20 00:00:00,1.1274682105798115
1981-07-21 00:00:00,1.1274682105798115
1981-07-22 00:00:00,1.1274682105798115
1981-07-23 00:00:00,1.1274682105798115
1981-07-24 00:00:00,1.1274682105798115
1981-07-27 00:00:00,1.1274682105798115
1981-07-28 00:00:00,1.1274682105798115
1981-07-29 00:00:00,1.1274682105798115
1981-07-30 00:00:00,1.1274682105798115
1981-07-31 00:00:00,1.1274682105798115
1981-08-03 00:00:00,1.1274682105798115
1981-08-04 00:00:00,1.1274682105798115
1981-08-05 00:00:00,1.1274682105798115
1981-08-06 00:00:00,1.1274682105798115
1981-08-07 00:00:00,1.1274682105798115
1981-08-10 00:00:00,1.1274682105798115
1981-08-11 00:00:00,1.1274682105798115
1981-08-12 00:00:00,1.1274682105798115
1981-08-13 00:00:00,1.1274682105798115
1981-08-14 00:00:00,1.1274682105798115
1981-08-17 00:00:00,1.1274682105798115
1981-08-18 00:00:00,1.1274682105798115
1981-08-19 00:00:00,1.1274682105798115
1981-08-20 00:00:00,1.1274682105798115
1981-08-21 00:00:00,1.1274682105798115
1981-08-24 00:00:00,1.1274682105798115
1981-08-25 00:00:00,1.1274682105798115
1981-08-26 00:00:00,1.1274682105798115
1981-08-27 00:00:00,1.1274682105798115
1981-08-28 00:00:00,1.1274682105798115
1981-08-31 00:00:00,1.1274682105798115
1981-09-01 00:00:00,1.1274682105798115
1981-09-02 00:00:00,1.1274682105798115
1981-09-03 00:00:00,1.1274682105798115
1981-09-04 00:00:00,1.1274682105798115
1981-09-08 00:00:00,1.1274682105798115
1981-09-09 00:00:00,1.1274682105798115
1981-09-10 00:00:00,1.1274682105798115
1981-09-11 00:00:00,1.1274682105798115
1981-09-14 00:00:00,1.1274682105798115
1981-09-15 00:00:00,1.1274682105798115
1981-09-16 00:00:00,1.1274682105798115
1981-09-17 00:00:00,1.1274682105798115
1981-09-18 00:00:00,1.1274682105798115
1981-09-21 00:00:00,1.1274682105798115
1981-09-22 00:00:00,1.1274682105798115
1981-09-23 00:00:00,1.1274682105798115
1981-09-24 00:00:00,1.1274682105798115
1981-09-25 00:00:00,1.1274682105798115
1981-09-28 00:00:00,1.1274682105798115
1981-09-29 00:00:00,1.1274682105798115
1981-09-30 00:00:00,1.1274682105798115
1981-10-01 00:00:00,1.1274682105798115
1981-10-02 00:00:00,1.1274682105798115
1981-10-05 00:00:00,1.1274682105798115
1981-10-06 00:00:00,1.1274682105798115
1981-10-07 00:00:00,1.1274682105798115
1981-10-08 00:00:00,1.1274682105798115
1981-10-09 00:00:00,1.1274682105798115
1981-10-13 00:00:00,1.1274682105798115
1981-10-14 00:00:00,1.1274682105798115
1981-10-15 00:00:00,1.1274682105798115
1981-10-16 00:00:00,1.1274682105798115
1981-10-19 00:00:00,1.1274682105798115
1981-10-20 00:00:00,1.1274682105798115
1981-10-21 00:00:00,1.1274682105798115
1981-10-22 00:00:00,1.1274682105798115
1981-10-23 00:00:00,1.1274682105798115
1981-10-26 00:00:00,1.1274682105798115
1981-10-27 00:00:00,1.1274682105798115
1981-10-28 00:00:00,1.1274682105798115
1981-10-29 00:00:00,1.1274682105798115
1981-10-30 00:00:00,1.1274682105798115
1981-11-02 00:00:00,1.1274682105798115
1981-11-04 00:00:00,1.1274682105798115
1981-11-05 00:00:00,1.1274682105798115
1981-11-06 00:00:00,1.1274682105798115
1981-11-09 00:00:00,1.1274682105798115
1981-11-10 00:00:00,1.1274682105798115
1981-11-12 00:00:00,1.1274682105798115
1981-11-13 00:00:00,1.1274682105798115
1981-11-16 00:00:00,1.1274682105798115
1981-11-17 00:00:00,1.1274682105798115
1981-11-18 00:00:00,1.1274682105798115
1981-11-19 00:00:00,1.1274682105798115
1981-11-20 00:00:00,1.1274682105798115
1981-11-23 00:00:00,1.1274682105798115
1981-11-24 00:00:00,1.1274682105798115
1981-11-25 00:00:00,1.1274682105798115
1981-11-27 00:00:00,1.1274682105798115
1981-11-30 00:00:00,1.1274682105798115
1981-12-01 00:00:00,1.1274682105798115
1981-12-02 00:00:00,1.1274682105798115
1981-12-03 00:00:00,1.1274682105798115
1981-12-04 00:00:00,1.1274682105798115
1981-12-07 00:00:00,1.1274682105798115
1981-12-08 00:00:00,1.1274682105798115
1981-12-09 00:00:00,1.1274682105798115
1981-12-10 00:00:00,1.1274682105798115
1981-12-11 00:00:00,1.1274682105798115
1981-12-14 00:00:00,1.1274682105798115
1981-12-15 00:00:00,1.1274682105798115
1981-12-16 00:00:00,1.1274682105798115
1981-12-17 00:00:00,1.1274682105798115
1981-12-18 00:00:00,1.1274682105798115
1981-12-21 00:00:00,1.1274682105798115
1981-12-22 00:00:00,1.1274682105798115
1981-12-23 00:00:00,1.1274682105798115
1981-12-24 00:00:00,1.1274682105798115
1981-12-28 00:00:00,1.1274682105798115
1981-12-29 00:00:00,1.1274682105798115
1981-12-30 00:00:00,1.1274682105798115
1981-12-31 00:00:00,1.1274682105798115
1982-01-04 00:00:00,1.1274682105798115
1982-01-05 00:00:00,1.1274682105798115
1982-01-06 00:00:00,1.1274682105798115
1982-01-07 00:00:00,1.1274682105798115
1982-01-08 00:00:00,1.1274682105798115
1982-01-11 00:00:00,1.1274682105798115
1982-01-12 00:00:00,1.1274682105798115
1982-01-13 00:00:00,1.1274682105798115
1982-01-14 00:00:00,1.1274682105798115
1982-01-15 00:00:00,1.1274682105798115
1982-01-18 00:00:00,1.1274682105798115
1982-01-19 00:00:00,1.1274682105798115
1982-01-20 00:00:00,1.1274682105798115
1982-01-21 00:00:00,1.1274682105798115
1982-01-22 00:00:00,1.1274682105798115
1982-01-25 00:00:00,1.1274682105798115
1982-01-26 00:00:00,1.1274682105798115
1982-01-27 00:00:00,1.1274682105798115
1982-01-28 00:00:00,1.1274682105798115
1982-01-29 00:00:00,1.1274682105798115
1982-02-01 00:00:00,1.1274682105798115
1982-02-02 00:00:00,1.1274682105798115
1982-02-03 00:00:00,1.1274682105798115
1982-02-04 00:00:00,1.1274682105798115
1982-02-05 00:00:00,1.1274682105798115
1982-02-08 00:00:00,1.1274682105798115
1982-02-09 00:00:00,1.1274682105798115
1982-02-10 00:00:00,1.1274682105798115
1982-02-11 00:00:00,1.1274682105798115
1982-02-16 00:00:00,1.1274682105798115
1982-02-17 00:00:00,1.1274682105798115
1982-02-18 00:00:00,1.1274682105798115
1982-02-19 00:00:00,1.1274682105798115
1982-02-22 00:00:00,1.1274682105798115
1982-02-23 00:00:00,1.1274682105798115
1982-02-24 00:00:00,1.1274682105798115
1982-02-25 00:00:00,1.1274682105798115
1982-02-26 00:00:00,1.1274682105798115
1982-03-01 00:00:00,1.1274682105798115
1982-03-02 00:00:00,1.1274682105798115
1982-03-03 00:00:00,1.1274682105798115
1982-03-04 00:00:00,1.1274682105798115
1982-03-05 00:00:00,1.1274682105798115
1982-03-08 00:00:00,1.1274682105798115
1982-03-09 00:00:00,1.1274682105798115
1982-03-10 00:00:00,1.1274682105798115
1982-03-11 00:00:00,1.1274682105798115
1982-03-12 00:00:00,1.1274682105798115
1982-03-15 00:00:00,1.1274682105798115
1982-03-16 00:00:00,1.1274682105798115
1982-03-17 00:00:00,1.1274682105798115
1982-03-18 00:00:00,1.1274682105798115
1982-03-19 00:00:00,1.1274682105798115
1982-03-22 00:00:00,1.1274682105798115
1982-03-23 00:00:00,1.1274682105798115
1982-03-24 00:00:00,1.1274682105798115
1982-03-25 00:00:00,1.1274682105798115
1982-03-26 00:00:00,1.1274682105798115
1982-03-29 00:00:00,1.1274682105798115
1982-03-30 00:00:00,1.1274682105798115
1982-03-31 00:00:00,1.1274682105798115
1982-04-01 00:00:00,1.1274682105798115
1982-04-02 00:00:00,1.1274682105798115
1982-04-05 00:00:00,1.1274682105798115
1982-04-06 00:00:00,1.1274682105798115
1982-04-07 00:00:00,1.1274682105798115
1982-04-08 00:00:00,1.1274682105798115
1982-04-09 00:00:00,1.1274682105798115
1982-04-12 00:00:00,1.1274682105798115
1982-04-13 00:00:00,1.1274682105798115
1982-04-14 00:00:00,1.1274682105798115
1982-04-15 00:00:00,1.1274682105798115
1982-04-16 00:00:00,1.1274682105798115
1982-04-19 00:00:00,1.1274682105798115
1982-04-20 00:00:00,1.1274682105798115
1982-04-21 00:00:00,1.1274682105798115
1982-04-22 00:00:00,1.1274682105798115
1982-04-23 00:00:00,1.1274682105798115
1982-04-26 00:00:00,1.1274682105798115
1982-04-27 00:00:00,1.1274682105798115
1982-04-28 00:00:00,1.1274682105798115
1982-04-29 00:00:00,1.1274682105798115
1982-04-30 00:00:00,1.1274682105798115
1982-05-03 00:00:00,1.1274682105798115
1982-05-04 00:00:00,1.1274682105798115
1982-05-05 00:00:00,1.1274682105798115
1982-05-06 00:00:00,1.1274682105798115
1982-05-07 00:00:00,1.1274682105798115
1982-05-10 00:00:00,1.1274682105798115
1982-05-11 00:00:00,1.1274682105798115
1982-05-12 00:00:00,1.1274682105798115
1982-05-13 00:00:00,1.1274682105798115
1982-05-14 00:00:00,1.1274682105798115
1982-05-17 00:00:00,1.1274682105798115
1982-05-18 00:00:00,1.1274682105798115
1982-05-19 00:00:00,1.1274682105798115
1982-05-20 00:00:00,1.1274682105798115
1982-05-21 00:00:00,1.1274682105798115
1982-05-24 00:00:00,1.1274682105798115
1982-05-25 00:00:00,1.1274682105798115
1982-05-26 00:00:00,1.1274682105798115
1982-05-27 00:00:00,1.1274682105798115
1982-05-28 00:00:00,1.1274682105798115
1982-06-01 00:00:00,1.1274682105798115
1982-06-02 00:00:00,1.1274682105798115
1982-06-03 00:00:00,1.1274682105798115
1982-06-04 00:00:00,1.1274682105798115
1982-06-07 00:00:00,1.1274682105798115
1982-06-08 00:00:00,1.1274682105798115
1982-06-09 00:00:00,1.1274682105798115
1982-06-10 00:00:00,1.1274682105798115
1982-06-11 00:00:00,1.1274682105798115
1982-06-14 00:00:00,1.1274682105798115
1982-06-15 00:00:00,1.1274682105798115
1982-06-16 00:00:00,1.1274682105798115
1982-06-17 00:00:00,1.1274682105798115
1982-06-18 00:00:00,1.1274682105798115
1982-06-21 00:00:00,1.1274682105798115
1982-06-22 00:00:00,1.1274682105798115
1982-06-23 00:00:00,1.1274682105798115
1982-06-24 00:00:00,1.1274682105798115
1982-06-25 00:00:00,1.1274682105798115
1982-06-28 00:00:00,1.1274682105798115
1982-06-29 00:00:00,1.1274682105798115
1982-06-30 00:00:00,1.1274682105798115
1982-07-01 00:00:00,1.1274682105798115
1982-07-02 00:00:00,1.1274682105798115
1982-07-06 00:00:00,1.1274682105798115
1982-07-07 00:00:00,1.1274682105798115
1982-07-08 00:00:00,1.1274682105798115
1982-07-09 00:00:00,1.1274682105798115
1982-07-12 00:00:00,1.1274682105798115
1982-07-13 00:00:00,1.1274682105798115
1982-07-14 00:00:00,1.1274682105798115
1982-07-15 00:00:00,1.1274682105798115
1982-07-16 00:00:00,1.1274682105798115
1982-07-19 00:00:00,1.1274682105798115
1982-07-20 00:00:00,1.1274682105798115
1982-07-21 00:00:00,1.1274682105798115
1982-07-22 00:00:00,1.1274682105798115
1982-07-23 00:00:00,1.1274682105798115
1982-07-26 00:00:00,1.1274682105798115
1982-07-27 00:00:00,1.1274682105798115
1982-07-28 00:00:00,1.1274682105798115
1982-07-29 00:00:00,1.1274682105798115
1982-07-30 00:00:00,1.1274682105798115
1982-08-02 00:00:00,1.1274682105798115
1982-08-03 00:00:00,1.1274682105798115
1982-08-04 00:00:00,1.1274682105798115
1982-08-05 00:00:00,1.1274682105798115
1982-08-06 00:00:00,1.1274682105798115
1982-08-09 00:00:00,1.1274682105798115
1982-08-10 00:00:00,1.1274682105798115
1982-08-11 00:00:00,1.1274682105798115
1982-08-12 00:00:00,1.1274682105798115
1982-08-13 00:00:00,1.1274682105798115
1982-08-16 00:00:00,1.1274682105798115
1982-08-17 00:00:00,1.1274682105798115
1982-08-18 00:00:00,1.1274682105798115
1982-08-19 00:00:00,1.1274682105798115
1982-08-20 00:00:00,1.1274682105798115
1982-08-23 00:00:00,1.1274682105798115
1982-08-24 00:00:00,1.1274682105798115
1982-08-25 00:00:00,1.1274682105798115
1982-08-26 00:00:00,1.1274682105798115
1982-08-27 00:00:00,1.1274682105798115
1982-08-30 00:00:00,1.1274682105798115
1982-08-31 00:00:00,1.1274682105798115
1982-09-01 00:00:00,1.1274682105798115
1982-09-02 00:00:00,1.1274682105798115
1982-09-03 00:00:00,1.1274682105798115
1982-09-07 00:00:00,1.1274682105798115
1982-09-08 00:00:00,1.1274682105798115
1982-09-09 00:00:00,1.1274682105798115
1982-09-10 00:00:00,1.1274682105798115
1982-09-13 00:00:00,1.1274682105798115
1982-09-14 00:00:00,1.1274682105798115
1982-09-15 00:00:00,1.1274682105798115
1982-09-16 00:00:00,1.1274682105798115
1982-09-17 00:00:00,1.1274682105798115
1982-09-20 00:00:00,1.1274682105798115
1982-09-21 00:00:00,1.1274682105798115
1982-09-22 00:00:00,1.1274682105798115
1982-09-23 00:00:00,1.1274682105798115
1982-09-24 00:00:00,1.1274682105798115
1982-09-27 00:00:00,1.1274682105798115
1982-09-28 00:00:00,1.1274682105798115
1982-09-29 00:00:00,1.1274682105798115
1982-09-30 00:00:00,1.1274682105798115
1982-10-01 00:00:00,1.1274682105798115
1982-10-04 00:00:00,1.1274682105798115
1982-10-05 00:00:00,1.1274682105798115
1982-10-06 00:00:00,1.1274682105798115
1982-10-08 00:00:00,1.1274682105798115
1982-10-12 00:00:00,1.1274682105798115
1982-10-13 00:00:00,1.1274682105798115
1982-10-14 00:00:00,1.1274682105798115
1982-10-15 00:00:00,1.1274682105798115
1982-10-18 00:00:00,1.1274682105798115
1982-10-19 00:00:00,1.1274682105798115
1982-10-20 00:00:00,1.1274682105798115
1982-10-21 00:00:00,1.1274682105798115
1982-10-22 00:00:00,1.1274682105798115
1982-10-25 00:00:00,1.1274682105798115
1982-10-26 00:00:00,1.1274682105798115
1982-10-27 00:00:00,1.1274682105798115
1982-10-28 00:00:00,1.1274682105798115
1982-10-29 00:00:00,1.1274682105798115
1982-11-01 00:00:00,1.1274682105798115
1982-11-03 00:00:00,1.1274682105798115
1982-11-04 00:00:00,1.1274682105798115
1982-11-05 00:00:00,1.1274682105798115
1982-11-08 00:00:00,1.1274682105798115
1982-11-09 00:00:00,1.1274682105798115
1982-11-10 00:00:00,1.1274682105798115
1982-11-12 00:00:00,1.1274682105798115
1982-11-15 00:00:00,1.1274682105798115
1982-11-16 00:00:00,1.1274682105798115
1982-11-17 00:00:00,1.1274682105798115
1982-11-18 00:00:00,1.1274682105798115
1982-11-19 00:00:00,1.1274682105798115
1982-11-22 00:00:00,1.1274682105798115
1982-11-23 00:00:00,1.1274682105798115
1982-11-24 00:00:00,1.1274682105798115
1982-11-26 00:00:00,1.1274682105798115
1982-11-29 00:00:00,1.1274682105798115
1982-11-30 00:00:00,1.1274682105798115
1982-12-01 00:00:00,1.1274682105798115
1982-12-02 00:00:00,1.1274682105798115
1982-12-03 00:00:00,1.1274682105798115
1982-12-06 00:00:00,1.1274682105798115
1982-12-07 00:00:00,1.1274682105798115
1982-12-08 00:00:00,1.1274682105798115
1982-12-09 00:00:00,1.1274682105798115
1982-12-10 00:00:00,1.1274682105798115
1982-12-13 00:00:00,1.1274682105798115
1982-12-14 00:00:00,1.1274682105798115
1982-12-15 00:00:00,1.1274682105798115
1982-12-16 00:00:00,1.1274682105798115
1982-12-17 00:00:00,1.1274682105798115
1982-12-20 00:00:00,1.1274682105798115
1982-12-21 00:00:00,1.1274682105798115
1982-12-22 00:00:00,1.1274682105798115
1982-12-23 00:00:00,1.1274682105798115
1982-12-24 00:00:00,1.1274682105798115
1982-12-27 00:00:00,1.1274682105798115
1982-12-28 00:00:00,1.1274682105798115
1982-12-29 00:00:00,1.1274682105798115
1982-12-30 00:00:00,1.1274682105798115
1982-12-31 00:00:00,1.1274682105798115
1983-01-03 00:00:00,1.1274682105798115
1983-01-04 00:00:00,1.1274682105798115
1983-01-05 00:00:00,1.1274682105798115
1983-01-06 00:00:00,1.1274682105798115
1983-01-07 00:00:00,1.1274682105798115
1983-01-10 00:00:00,1.1274682105798115
1983-01-11 00:00:00,1.1274682105798115
1983-01-12 00:00:00,1.1274682105798115
1983-01-13 00:00:00,1.1274682105798115
1983-01-14 00:00:00,1.1274682105798115
1983-01-17 00:00:00,1.1274682105798115
1983-01-18 00:00:00,1.1274682105798115
1983-01-19 00:00:00,1.1274682105798115
1983-01-20 00:00:00,1.1274682105798115
1983-01-21 00:00:00,1.1274682105798115
1983-01-24 00:00:00,1.1274682105798115
1983-01-25 00:00:00,1.1274682105798115
1983-01-26 00:00:00,1.1274682105798115
1983-01-27 00:00:00,1.1274682105798115
1983-01-28 00:00:00,1.1274682105798115
1983-01-31 00:00:00,1.1274682105798115
1983-02-01 00:00:00,1.1274682105798115
1983-02-02 00:00:00,1.1274682105798115
1983-02-03 00:00:00,1.1274682105798115
1983-02-04 00:00:00,1.1274682105798115
1983-02-07 00:00:00,1.1274682105798115
1983-02-08 00:00:00,1.1274682105798115
1983-02-09 00:00:00,1.1274682105798115
1983-02-10 00:00:00,1.1274682105798115
1983-02-11 00:00:00,1.1274682105798115
1983-02-14 00:00:00,1.1274682105798115
1983-02-15 00:00:00,1.1274682105798115
1983-02-16 00:00:00,1.1274682105798115
1983-02-17 00:00:00,1.1274682105798115
1983-02-18 00:00:00,1.1274682105798115
1983-02-22 00:00:00,1.1274682105798115
1983-02-23 00:00:00,1.1274682105798115
1983-02-24 00:00:00,1.1274682105798115
1983-02-25 00:00:00,1.1274682105798115
1983-02-28 00:00:00,1.1274682105798115
1983-03-01 00:00:00,1.1274682105798115
1983-03-02 00:00:00,1.1274682105798115
1983-03-03 00:00:00,1.1274682105798115
1983-03-04 00:00:00,1.1274682105798115
1983-03-07 00:00:00,1.1274682105798115
1983-03-08 00:00:00,1.1274682105798115
1983-03-09 00:00:00,1.1274682105798115
1983-03-10 00:00:00,1.1274682105798115
1983-03-11 00:00:00,1.1274682105798115
1983-03-14 00:00:00,1.1274682105798115
1983-03-15 00:00:00,1.1274682105798115
1983-03-16 00:00:00,1.1274682105798115
1983-03-17 00:00:00,1.1274682105798115
1983-03-18 00:00:00,1.1274682105798115
1983-03-21 00:00:00,1.1274682105798115
1983-03-22 00:00:00,1.1274682105798115
1983-03-23 00:00:00,1.1274682105798115
1983-03-24 00:00:00,1.1274682105798115
1983-03-25 00:00:00,1.1274682105798115
1983-03-28 00:00:00,1.1274682105798115
1983-03-29 00:00:00,1.1274682105798115
1983-03-30 00:00:00,1.1274682105798115
1983-03-31 00:00:00,1.1274682105798115
1983-04-01 00:00:00,1.1274682105798115
1983-04-04 00:00:00,1.1274682105798115
1983-04-05 00:00:00,1.1274682105798115
1983-04-06 00:00:00,1.1274682105798115
1983-04-07 00:00:00,1.1274682105798115
1983-04-08 00:00:00,1.1274682105798115
1983-04-11 00:00:00,1.1274682105798115
1983-04-12 00:00:00,1.1274682105798115
1983-04-13 00:00:00,1.1274682105798115
1983-04-14 00:00:00,1.1274682105798115
1983-04-15 00:00:00,1.1274682105798115
1983-04-18 00:00:00,1.1274682105798115
1983-04-19 00:00:00,1.1274682105798115
1983-04-20 00:00:00,1.1274682105798115
1983-04-21 00:00:00,1.1274682105798115
1983-04-22 00:00:00,1.1274682105798115
1983-04-25 00:00:00,1.1274682105798115
1983-04-26 00:00:00,1.1274682105798115
1983-04-27 00:00:00,1.1274682105798115
1983-04-28 00:00:00,1.1274682105798115
1983-04-29 00:00:00,1.1274682105798115
1983-05-02 00:00:00,1.1274682105798115
1983-05-03 00:00:00,1.1274682105798115
1983-05-04 00:00:00,1.1274682105798115
1983-05-05 00:00:00,1.1274682105798115
1983-05-06 00:00:00,1.1274682105798115
1983-05-09 00:00:00,1.1274682105798115
1983-05-10 00:00:00,1.1274682105798115
1983-05-11 00:00:00,1.1274682105798115
1983-05-12 00:00:00,1.1274682105798115
1983-05-13 00:00:00,1.1274682105798115
1983-05-16 00:00:00,1.1274682105798115
1983-05-17 00:00:00,1.1274682105798115
1983-05-18 00:00:00,1.1274682105798115
1983-05-19 00:00:00,1.1274682105798115
1983-05-20 00:00:00,1.1274682105798115
1983-05-23 00:00:00,1.1274682105798115
1983-05-24 00:00:00,1.1274682105798115
1983-05-25 00:00:00,1.1274682105798115
1983-05-26 00:00:00,1.1274682105798115
1983-05-27 00:00:00,1.1274682105798115
1983-05-31 00:00:00,1.1274682105798115
1983-06-01 00:00:00,1.1274682105798115
1983-06-02 00:00:00,1.1274682105798115
1983-06-03 00:00:00,1.1274682105798115
1983-06-06 00:00:00,1.1274682105798115
1983-06-07 00:00:00,1.1274682105798115
1983-06-08 00:00:00,1.1274682105798115
1983-06-09 00:00:00,1.1274682105798115
1983-06-10 00:00:00,1.1274682105798115
1983-06-13 00:00:00,1.1274682105798115
1983-06-14 00:00:00,1.1274682105798115
1983-06-15 00:00:00,1.1274682105798115
1983-06-16 00:00:00,1.1274682105798115
1983-06-17 00:00:00,1.1274682105798115
1983-06-20 00:00:00,1.1274682105798115
1983-06-21 00:00:00,1.1274682105798115
1983-06-22 00:00:00,1.1274682105798115
1983-06-23 00:00:00,1.1274682105798115
1983-06-24 00:00:00,1.1274682105798115
1983-06-27 00:00:00,1.1274682105798115
1983-06-28 00:00:00,1.1274682105798115
1983-06-29 00:00:00,1.1274682105798115
1983-06-30 00:00:00,1.1274682105798115
1983-07-01 00:00:00,1.1274682105798115
1983-07-05 00:00:00,1.1274682105798115
1983-07-06 00:00:00,1.1274682105798115
1983-07-07 00:00:00,1.1274682105798115
1983-07-08 00:00:00,1.1274682105798115
1983-07-11 00:00:00,1.1274682105798115
1983-07-12 00:00:00,1.1274682105798115
1983-07-13 00:00:00,1.1274682105798115
1983-07-14 00:00:00,1.1274682105798115
1983-07-15 00:00:00,1.1274682105798115
1983-07-18 00:00:00,1.1274682105798115
1983-07-19 00:00:00,1.1274682105798115
1983-07-20 00:00:00,1.1274682105798115
1983-07-21 00:00:00,1.1274682105798115
1983-07-22 00:00:00,1.1274682105798115
1983-07-25 00:00:00,1.1274682105798115
1983-07-26 00:00:00,1.1274682105798115
1983-07-27 00:00:00,1.1274682105798115
1983-07-28 00:00:00,1.1274682105798115
1983-07-29 00:00:00,1.1274682105798115
1983-08-01 00:00:00,1.1274682105798115
1983-08-02 00:00:00,1.1274682105798115
1983-08-03 00:00:00,1.1274682105798115
1983-08-04 00:00:00,1.1274682105798115
1983-08-05 00:00:00,1.1274682105798115
1983-08-08 00:00:00,1.1274682105798115
1983-08-09 00:00:00,1.1274682105798115
1983-08-10 00:00:00,1.1274682105798115
1983-08-11 00:00:00,1.1274682105798115
1983-08-12 00:00:00,1.1274682105798115
1983-08-15 00:00:00,1.1274682105798115
1983-08-16 00:00:00,1.1274682105798115
1983-08-17 00:00:00,1.1274682105798115
1983-08-18 00:00:00,1.1274682105798115
1983-08-19 00:00:00,1.1274682105798115
1983-08-22 00:00:00,1.1274682105798115
1983-08-23 00:00:00,1.1274682105798115
1983-08-24 00:00:00,1.1274682105798115
1983-08-25 00:00:00,1.1274682105798115
1983-08-26 00:00:00,1.1274682105798115
1983-08-29 00:00:00,1.1274682105798115
1983-08-30 00:00:00,1.1274682105798115
1983-08-31 00:00:00,1.1274682105798115
1983-09-01 00:00:00,1.1274682105798115
1983-09-02 00:00:00,1.1274682105798115
1983-09-06 00:00:00,1.1274682105798115
1983-09-07 00:00:00,1.1274682105798115
1983-09-08 00:00:00,1.1274682105798115
1983-09-09 00:00:00,1.1274682105798115
1983-09-12 00:00:00,1.1274682105798115
1983-09-13 00:00:00,1.1274682105798115
1983-09-14 00:00:00,1.1274682105798115
1983-09-15 00:00:00,1.1274682105798115
1983-09-16 00:00:00,1.1274682105798115
1983-09-19 00:00:00,1.1274682105798115
1983-09-20 00:00:00,1.1274682105798115
1983-09-21 00:00:00,1.1274682105798115
1983-09-22 00:00:00,1.1274682105798115
1983-09-23 00:00:00,1.1274682105798115
1983-09-26 00:00:00,1.1274682105798115
1983-09-27 00:00:00,1.1274682105798115
1983-09-28 00:00:00,1.1274682105798115
1983-09-29 00:00:00,1.1274682105798115
1983-09-30 00:00:00,1.1274682105798115
1983-10-03 00:00:00,1.1274682105798115
1983-10-04 00:00:00,1.1274682105798115
1983-10-05 00:00:00,1.1274682105798115
1983-10-06 00:00:00,1.1274682105798115
1983-10-07 00:00:00,1.1274682105798115
1983-10-11 00:00:00,1.1274682105798115
1983-10-12 00:00:00,1.1274682105798115
1983-10-13 00:00:00,1.1274682105798115
1983-10-14 00:00:00,1.1274682105798115
1983-10-17 00:00:00,1.1274682105798115
1983-10-18 00:00:00,1.1274682105798115
1983-10-19 00:00:00,1.1274682105798115
1983-10-20 00:00:00,1.1274682105798115
1983-10-21 00:00:00,1.1274682105798115
1983-10-24 00:00:00,1.1274682105798115
1983-10-25 00:00:00,1.1274682105798115
1983-10-26 00:00:00,1.1274682105798115
1983-10-27 00:00:00,1.1274682105798115
1983-10-28 00:00:00,1.1274682105798115
1983-10-31 00:00:00,1.1274682105798115
1983-11-01 00:00:00,1.1274682105798115
1983-11-02 00:00:00,1.1274682105798115
1983-11-03 00:00:00,1.1274682105798115
1983-11-04 00:00:00,1.1274682105798115
1983-11-07 00:00:00,1.1274682105798115
1983-11-09 00:00:00,1.1274682105798115
1983-11-10 00:00:00,1.1274682105798115
1983-11-14 00:00:00,1.1274682105798115
1983-11-15 00:00:00,1.1274682105798115
1983-11-16 00:00:00,1.1274682105798115
1983-11-17 00:00:00,1.1274682105798115
1983-11-18 00:00:00,1.1274682105798115
1983-11-21 00:00:00,1.1274682105798115
1983-11-22 00:00:00,1.1274682105798115
1983-11-23 00:00:00,1.1274682105798115
1983-11-25 00:00:00,1.1274682105798115
1983-11-28 00:00:00,1.1274682105798115
1983-11-29 00:00:00,1.1274682105798115
1983-11-30 00:00:00,1.1274682105798115
1983-12-01 00:00:00,1.1274682105798115
1983-12-02 00:00:00,1.1274682105798115
1983-12-05 00:00:00,1.1274682105798115
1983-12-06 00:00:00,1.1274682105798115
1983-12-07 00:00:00,1.1274682105798115
1983-12-08 00:00:00,1.1274682105798115
1983-12-09 00:00:00,1.1274682105798115
1983-12-12 00:00:00,1.1274682105798115
1983-12-13 00:00:00,1.1274682105798115
1983-12-14 00:00:00,1.1274682105798115
1983-12-15 00:00:00,1.1274682105798115
1983-12-16 00:00:00,1.1274682105798115
1983-12-19 00:00:00,1.1274682105798115
1983-12-20 00:00:00,1.1274682105798115
1983-12-21 00:00:00,1.1274682105798115
1983-12-22 00:00:00,1.1274682105798115
1983-12-23 00:00:00,1.1274682105798115
1983-12-27 00:00:00,1.1274682105798115
1983-12-28 00:00:00,1.1274682105798115
1983-12-29 00:00:00,1.1274682105798115
1983-12-30 00:00:00,1.1274682105798115
1984-01-03 00:00:00,1.1274682105798115
1984-01-04 00:00:00,1.1274682105798115
1984-01-05 00:00:00,1.1274682105798115
1984-01-06 00:00:00,1.1274682105798115
1984-01-09 00:00:00,1.1274682105798115
1984-01-10 00:00:00,1.1274682105798115
1984-01-11 00:00:00,1.1274682105798115
1984-01-12 00:00:00,1.1274682105798115
1984-01-13 00:00:00,1.1274682105798115
1984-01-16 00:00:00,1.1274682105798115
1984-01-17 00:00:00,1.1274682105798115
1984-01-18 00:00:00,1.1274682105798115
1984-01-19 00:00:00,1.1274682105798115
1984-01-20 00:00:00,1.1274682105798115
1984-01-23 00:00:00,1.1274682105798115
1984-01-24 00:00:00,1.1274682105798115
1984-01-25 00:00:00,1.1274682105798115
1984-01-26 00:00:00,1.1274682105798115
1984-01-27 00:00:00,1.1274682105798115
1984-01-30 00:00:00,1.1274682105798115
1984-01-31 00:00:00,1.1274682105798115
1984-02-01 00:00:00,1.1274682105798115
1984-02-02 00:00:00,1.1274682105798115
1984-02-03 00:00:00,1.1274682105798115
1984-02-06 00:00:00,1.1274682105798115
1984-02-07 00:00:00,1.1274682105798115
1984-02-08 00:00:00,1.1274682105798115
1984-02-09 00:00:00,1.1274682105798115
1984-02-10 00:00:00,1.1274682105798115
1984-02-14 00:00:00,1.1274682105798115
1984-02-15 00:00:00,1.1274682105798115
1984-02-16 00:00:00,1.1274682105798115
1984-02-17 00:00:00,1.1274682105798115
1984-02-21 00:00:00,1.1274682105798115
1984-02-22 00:00:00,1.1274682105798115
1984-02-23 00:00:00,1.1274682105798115
1984-02-24 00:00:00,1.1274682105798115
1984-02-27 00:00:00,1.1274682105798115
1984-02-28 00:00:00,1.1274682105798115
1984-02-29 00:00:00,1.1274682105798115
1984-03-01 00:00:00,1.1232758041037487
1984-03-02 00:00:00,1.1289211335315896
1984-03-05 00:00:00,1.1349174758654146
1984-03-06 00:00:00,1.1466528790844417
1984-03-07 00:00:00,1.1462777881851665
1984-03-08 00:00:00,1.1380874304910862
1984-03-09 00:00:00,1.1380874304910862
1984-03-12 00:00:00,1.1292849495591535
1984-03-13 00:00:00,1.1394937560100333
1984-03-14 00:00:00,1.1444060086486134
1984-03-15 00:00:00,1.136610833111273
1984-03-16 00:00:00,1.1267431506373164
1984-03-19 00:00:00,1.126019022648475
1984-03-20 00:00:00,1.122268510915339
1984-03-21 00:00:00,1.118828607433606
1984-03-22 00:00:00,1.1238522124701906
1984-03-23 00:00:00,1.1267431506373164
1984-03-26 00:00:00,1.1325698766910322
1984-03-27 00:00:00,1.1369796231285054
1984-03-28 00:00:00,1.1340359865637717
1984-03-29 00:00:00,1.1374963313906559
1984-03-30 00:00:00,1.1347704658296807
1984-04-02 00:00:00,1.1325698766910322
1984-04-03 00:00:00,1.126019022648475
1984-04-04 00:00:00,1.126019022648475
1984-04-05 00:00:00,1.1242127682008514
1984-04-06 00:00:00,1.1251512967127069
1984-04-09 00:00:00,1.1228438856966336
1984-04-10 00:00:00,1.1252958248176153
1984-04-11 00:00:00,1.1278310905960907
1984-04-12 00:00:00,1.1249345741515424
1984-04-13 00:00:00,1.1231317943852739
1984-04-16 00:00:00,1.118828607433606
1984-04-17 00:00:00,1.1166893557941537
1984-04-18 00:00:00,1.1166893557941537
1984-04-19 00:00:00,1.1099687039854462
1984-04-20 00:00:00,1.110320405095708
1984-04-23 00:00:00,1.1110244763735113
1984-04-24 00:00:00,1.106114645985497
1984-04-25 00:00:00,1.105776405522323
1984-04-26 00:00:00,1.105776405522323
1984-04-27 00:00:00,1.105776405522323
1984-04-30 00:00:00,1.105776405522323
1984-05-01 00:00:00,1.105776405522323
1984-05-02 00:00:00,1.105776405522323
1984-05-03 00:00:00,1.105776405522323
1984-05-04 00:00:00,1.105776405522323
1984-05-07 00:00:00,1.105776405522323
1984-05-08 00:00:00,1.105776405522323
1984-05-09 00:00:00,1.105776405522323
1984-05-10 00:00:00,1.105776405522323
1984-05-11 00:00:00,1.105776405522323
1984-05-14 00:00:00,1.105776405522323
1984-05-15 00:00:00,1.105776405522323
1984-05-16 00:00:00,1.105776405522323
1984-05-17 00:00:00,1.105776405522323
1984-05-18 00:00:00,1.105776405522323
1984-05-21 00:00:00,1.105776405522323
1984-05-22 00:00:00,1.105776405522323
1984-05-23 00:00:00,1.105776405522323
1984-05-24 00:00:00,1.105776405522323
1984-05-25 00:00:00,1.105776405522323
1984-05-29 00:00:00,1.105776405522323
1984-05-30 00:00:00,1.105776405522323
1984-05-31 00:00:00,1.105776405522323
1984-06-01 00:00:00,1.105776405522323
1984-06-04 00:00:00,1.105776405522323
1984-06-05 00:00:00,1.105776405522323
1984-06-06 00:00:00,1.105776405522323
1984-06-07 00:00:00,1.105776405522323
1984-06-08 00:00:00,1.105776405522323
1984-06-11 00:00:00,1.105776405522323
1984-06-12 00:00:00,1.105776405522323
1984-06-13 00:00:00,1.105776405522323
1984-06-14 00:00:00,1.105776405522323
1984-06-15 00:00:00,1.105776405522323
1984-06-18 00:00:00,1.105776405522323
1984-06-19 00:00:00,1.105776405522323
1984-06-20 00:00:00,1.105776405522323
1984-06-21 00:00:00,1.105776405522323
1984-06-22 00:00:00,1.105776405522323
1984-06-25 00:00:00,1.105776405522323
1984-06-26 00:00:00,1.105776405522323
1984-06-27 00:00:00,1.105776405522323
1984-06-28 00:00:00,1.105776405522323
1984-06-29 00:00:00,1.105776405522323
1984-07-02 00:00:00,1.105776405522323
1984-07-03 00:00:00,1.105776405522323
1984-07-05 00:00:00,1.105776405522323
1984-07-06 00:00:00,1.105776405522323
1984-07-09 00:00:00,1.105776405522323
1984-07-10 00:00:00,1.105776405522323
1984-07-11 00:00:00,1.105776405522323
1984-07-12 00:00:00,1.105776405522323
1984-07-13 00:00:00,1.105776405522323
1984-07-16 00:00:00,1.105776405522323
1984-07-17 00:00:00,1.105776405522323
1984-07-18 00:00:00,1.105776405522323
1984-07-19 00:00:00,1.105776405522323
1984-07-20 00:00:00,1.105776405522323
1984-07-23 00:00:00,1.105776405522323
1984-07-24 00:00:00,1.105776405522323
1984-07-25 00:00:00,1.105776405522323
1984-07-26 00:00:00,1.105776405522323
1984-07-27 00:00:00,1.105776405522323
1984-07-30 00:00:00,1.105776405522323
1984-07-31 00:00:00,1.105776405522323
1984-08-01 00:00:00,1.105776405522323
1984-08-02 00:00:00,1.105776405522323
1984-08-03 00:00:00,1.105776405522323
1984-08-06 00:00:00,1.105776405522323
1984-08-07 00:00:00,1.105776405522323
1984-08-08 00:00:00,1.105776405522323
1984-08-09 00:00:00,1.105776405522323
1984-08-10 00:00:00,1.105776405522323
1984-08-13 00:00:00,1.105776405522323
1984-08-14 00:00:00,1.105776405522323
1984-08-15 00:00:00,1.105776405522323
1984-08-16 00:00:00,1.105776405522323
1984-08-17 00:00:00,1.105776405522323
1984-08-20 00:00:00,1.105776405522323
1984-08-21 00:00:00,1.105776405522323
1984-08-22 00:00:00,1.105776405522323
1984-08-23 00:00:00,1.105776405522323
1984-08-24 00:00:00,1.105776405522323
1984-08-27 00:00:00,1.105776405522323
1984-08-28 00:00:00,1.105776405522323
1984-08-29 00:00:00,1.105776405522323
1984-08-30 00:00:00,1.105776405522323
1984-08-31 00:00:00,1.105776405522323
1984-09-04 00:00:00,1.105776405522323
1984-09-05 00:00:00,1.105776405522323
1984-09-06 00:00:00,1.105776405522323
1984-09-07 00:00:00,1.105776405522323
1984-09-10 00:00:00,1.105776405522323
1984-09-11 00:00:00,1.105776405522323
1984-09-12 00:00:00,1.105776405522323
1984-09-13 00:00:00,1.105776405522323
1984-09-14 00:00:00,1.105776405522323
1984-09-17 00:00:00,1.105776405522323
1984-09-18 00:00:00,1.105776405522323
1984-09-19 00:00:00,1.105776405522323
1984-09-20 00:00:00,1.105776405522323
1984-09-21 00:00:00,1.105776405522323
1984-09-24 00:00:00,1.105776405522323
1984-09-25 00:00:00,1.105776405522323
1984-09-26 00:00:00,1.105776405522323
1984-09-27 00:00:00,1.105776405522323
1984-09-28 00:00:00,1.105776405522323
1984-10-01 00:00:00,1.105776405522323
1984-10-02 00:00:00,1.105776405522323
1984-10-03 00:00:00,1.105776405522323
1984-10-04 00:00:00,1.105776405522323
1984-10-05 00:00:00,1.105776405522323
1984-10-09 00:00:00,1.105776405522323
1984-10-10 00:00:00,1.105776405522323
1984-10-11 00:00:00,1.105776405522323
1984-10-12 00:00:00,1.105776405522323
1984-10-15 00:00:00,1.105776405522323
1984-10-16 00:00:00,1.105776405522323
1984-10-17 00:00:00,1.105776405522323
1984-10-18 00:00:00,1.105776405522323
1984-10-19 00:00:00,1.105776405522323
1984-10-22 00:00:00,1.105776405522323
1984-10-23 00:00:00,1.105776405522323
1984-10-24 00:00:00,1.105776405522323
1984-10-25 00:00:00,1.105776405522323
1984-10-26 00:00:00,1.105776405522323
1984-10-29 00:00:00,1.105776405522323
1984-10-30 00:00:00,1.105776405522323
1984-10-31 00:00:00,1.105776405522323
1984-11-01 00:00:00,1.105776405522323
1984-11-02 00:00:00,1.105776405522323
1984-11-05 00:00:00,1.105776405522323
1984-11-07 00:00:00,1.105776405522323
1984-11-08 00:00:00,1.105776405522323
1984-11-09 00:00:00,1.105776405522323
1984-11-13 00:00:00,1.105776405522323
1984-11-14 00:00:00,1.105776405522323
1984-11-15 00:00:00,1.105776405522323
1984-11-16 00:00:00,1.105776405522323
1984-11-19 00:00:00,1.105776405522323
1984-11-20 00:00:00,1.105776405522323
1984-11-21 00:00:00,1.105776405522323
1984-11-23 00:00:00,1.105776405522323
1984-11-26 00:00:00,1.105776405522323
1984-11-27 00:00:00,1.105776405522323
1984-11-28 00:00:00,1.105776405522323
1984-11-29 00:00:00,1.105776405522323
1984-11-30 00:00:00,1.105776405522323
1984-12-03 00:00:00,1.105776405522323
1984-12-04 00:00:00,1.105776405522323
1984-12-05 00:00:00,1.105776405522323
1984-12-06 00:00:00,1.105776405522323
1984-12-07 00:00:00,1.105776405522323
1984-12-10 00:00:00,1.105776405522323
1984-12-11 00:00:00,1.105776405522323
1984-12-12 00:00:00,1.105776405522323
1984-12-13 00:00:00,1.105776405522323
1984-12-14 00:00:00,1.105776405522323
1984-12-17 00:00:00,1.105776405522323
1984-12-18 00:00:00,1.105776405522323
1984-12-19 00:00:00,1.105776405522323
1984-12-20 00:00:00,1.105776405522323
1984-12-21 00:00:00,1.105776405522323
1984-12-24 00:00:00,1.105776405522323
1984-12-26 00:00:00,1.105776405522323
1984-12-27 00:00:00,1.105776405522323
1984-12-28 00:00:00,1.105776405522323
1984-12-31 00:00:00,1.105776405522323
1985-01-02 00:00:00,1.105776405522323
1985-01-03 00:00:00,1.105776405522323
1985-01-04 00:00:00,1.105776405522323
1985-01-07 00:00:00,1.105776405522323
1985-01-08 00:00:00,1.105776405522323
1985-01-09 00:00:00,1.105776405522323
1985-01-10 00:00:00,1.105776405522323
1985-01-11 00:00:00,1.105776405522323
1985-01-14 00:00:00,1.105776405522323
1985-01-15 00:00:00,1.105776405522323
1985-01-16 00:00:00,1.105776405522323
1985-01-17 00:00:00,1.105776405522323
1985-01-18 00:00:00,1.105776405522323
1985-01-22 00:00:00,1.105776405522323
1985-01-23 00:00:00,1.105776405522323
1985-01-24 00:00:00,1.105776405522323
1985-01-25 00:00:00,1.105776405522323
1985-01-28 00:00:00,1.105776405522323
1985-01-29 00:00:00,1.105776405522323
1985-01-30 00:00:00,1.105776405522323
1985-01-31 00:00:00,1.105776405522323
1985-02-01 00:00:00,1.105776405522323
1985-02-04 00:00:00,1.105776405522323
1985-02-05 00:00:00,1.105776405522323
1985-02-06 00:00:00,1.105776405522323
1985-02-07 00:00:00,1.105776405522323
1985-02-08 00:00:00,1.105776405522323
1985-02-11 00:00:00,1.105776405522323
1985-02-13 00:00:00,1.105776405522323
1985-02-14 00:00:00,1.105776405522323
1985-02-15 00:00:00,1.105776405522323
1985-02-19 00:00:00,1.105776405522323
1985-02-20 00:00:00,1.105776405522323
1985-02-21 00:00:00,1.105776405522323
1985-02-22 00:00:00,1.105776405522323
1985-02-25 00:00:00,1.105776405522323
1985-02-26 00:00:00,1.105776405522323
1985-02-27 00:00:00,1.105776405522323
1985-02-28 00:00:00,1.105776405522323
1985-03-01 00:00:00,1.105776405522323
1985-03-04 00:00:00,1.105776405522323
1985-03-05 00:00:00,1.105776405522323
1985-03-06 00:00:00,1.105776405522323
1985-03-07 00:00:00,1.105776405522323
1985-03-08 00:00:00,1.105776405522323
1985-03-11 00:00:00,1.105776405522323
1985-03-12 00:00:00,1.105776405522323
1985-03-13 00:00:00,1.105776405522323
1985-03-14 00:00:00,1.105776405522323
1985-03-15 00:00:00,1.105776405522323
1985-03-18 00:00:00,1.105776405522323
1985-03-19 00:00:00,1.105776405522323
1985-03-20 00:00:00,1.105776405522323
1985-03-21 00:00:00,1.105776405522323
1985-03-22 00:00:00,1.105776405522323
1985-03-25 00:00:00,1.105776405522323
1985-03-26 00:00:00,1.105776405522323
1985-03-27 00:00:00,1.105776405522323
1985-03-28 00:00:00,1.105776405522323
1985-03-29 00:00:00,1.105776405522323
1985-04-01 00:00:00,1.105776405522323
1985-04-02 00:00:00,1.105776405522323
1985-04-03 00:00:00,1.105776405522323
1985-04-04 00:00:00,1.105776405522323
1985-04-05 00:00:00,1.105776405522323
1985-04-08 00:00:00,1.105776405522323
1985-04-09 00:00:00,1.105776405522323
1985-04-10 00:00:00,1.105776405522323
1985-04-11 00:00:00,1.105776405522323
1985-04-12 00:00:00,1.105776405522323
1985-04-15 00:00:00,1.105776405522323
1985-04-16 00:00:00,1.105776405522323
1985-04-17 00:00:00,1.105776405522323
1985-04-18 00:00:00,1.105776405522323
1985-04-19 00:00:00,1.105776405522323
1985-04-22 00:00:00,1.0969011935856188
1985-04-23 00:00:00,1.0808340805857293
1985-04-24 00:00:00,1.0721754650230257
1985-04-25 00:00:00,1.0627807183415534
1985-04-26 00:00:00,1.0698112412853784
1985-04-29 00:00:00,1.0745501615125563
1985-04-30 00:00:00,1.0766366666805418
1985-05-01 00:00:00,1.064821723836311
1985-05-02 00:00:00,1.0616179385621862
1985-05-03 00:00:00,1.048993292806312
1985-05-06 00:00:00,1.0500149289534015
1985-05-07 00:00:00,1.0627807183415534
1985-05-08 00:00:00,1.0587220903937136
1985-05-09 00:00:00,1.0727681546112087
1985-05-10 00:00:00,1.0709920483949649
1985-05-13 00:00:00,1.0890222175598634
1985-05-14 00:00:00,1.0964054190348456
1985-05-15 00:00:00,1.0902458380290319
1985-05-16 00:00:00,1.0835497441047888
1985-05-17 00:00:00,1.0927013466732414
1985-05-20 00:00:00,1.0995113833947179
1985-05-21 00:00:00,1.095167941135258
1985-05-22 00:00:00,1.087801340634348
1985-05-23 00:00:00,1.0859751492398864
1985-05-24 00:00:00,1.0859751492398864
1985-05-28 00:00:00,1.0829450846493731
1985-05-29 00:00:00,1.0902458380290319
1985-05-30 00:00:00,1.0871919281185864
1985-05-31 00:00:00,1.093933253490235
1985-06-03 00:00:00,1.0976456966581882
1985-06-04 00:00:00,1.0957863307124092
1985-06-05 00:00:00,1.0898784632661331
1985-06-06 00:00:00,1.093933253490235
1985-06-07 00:00:00,1.0902458380290319
1985-06-10 00:00:00,1.0841550791573613
1985-06-11 00:00:00,1.0865831980356533
1985-06-12 00:00:00,1.0860967045509722
1985-06-13 00:00:00,1.0854891999617837
1985-06-14 00:00:00,1.095167941135258
1985-06-17 00:00:00,1.0954545977907524
1985-06-18 00:00:00,1.0954545977907524
1985-06-19 00:00:00,1.0953297027277273
1985-06-20 00:00:00,1.0852456167890312
1985-06-21 00:00:00,1.0867801835548527
1985-06-24 00:00:00,1.0856748584726972
1985-06-25 00:00:00,1.0846330028365676
1985-06-26 00:00:00,1.0923407416287547
1985-06-27 00:00:00,1.0895533680323104
1985-06-28 00:00:00,1.0989004086502598
1985-07-01 00:00:00,1.097707589422406
1985-07-02 00:00:00,1.0967051167380022
1985-07-03 00:00:00,1.0985862575900398
1985-07-05 00:00:00,1.1080895989186732
1985-07-08 00:00:00,1.1151638795850143
1985-07-09 00:00:00,1.121673884719778
1985-07-10 00:00:00,1.128923245901868
1985-07-11 00:00:00,1.1333180161171286
1985-07-12 00:00:00,1.1399747045535327
1985-07-15 00:00:00,1.1409901214518883
1985-07-16 00:00:00,1.142890414302272
1985-07-17 00:00:00,1.1549121623639957
1985-07-18 00:00:00,1.1472578006478262
1985-07-19 00:00:00,1.1396366337633332
1985-07-22 00:00:00,1.1360653725093002
1985-07-23 00:00:00,1.149866765125661
1985-07-24 00:00:00,1.1409901214518883
1985-07-25 00:00:00,1.145001707004934
1985-07-26 00:00:00,1.145069943101895
1985-07-29 00:00:00,1.1588826082780337
1985-07-30 00:00:00,1.1588826082780337
1985-07-31 00:00:00,1.1595819942818224
1985-08-01 00:00:00,1.149522802587484
1985-08-02 00:00:00,1.1491790457685287
1985-08-05 00:00:00,1.147806071998196
1985-08-06 00:00:00,1.1409901214518883
1985-08-07 00:00:00,1.1420073489004339
1985-08-08 00:00:00,1.153317745813313
1985-08-09 00:00:00,1.1430263917459724
1985-08-12 00:00:00,1.153317745813313
1985-08-13 00:00:00,1.1567895030252737
1985-08-14 00:00:00,1.1543753086476938
1985-08-15 00:00:00,1.1543753086476938
1985-08-16 00:00:00,1.1554256956437337
1985-08-19 00:00:00,1.1543753086476938
1985-08-20 00:00:00,1.1498456138054298
1985-08-21 00:00:00,1.1498456138054298
1985-08-22 00:00:00,1.1588703208011042
1985-08-23 00:00:00,1.1571805949384537
1985-08-26 00:00:00,1.1505401747319206
1985-08-27 00:00:00,1.1460404688740642
1985-08-28 00:00:00,1.1521408536587796
1985-08-29 00:00:00,1.1489439373076937
1985-08-30 00:00:00,1.1439755310923092
1985-09-03 00:00:00,1.1290570594360965
1985-09-04 00:00:00,1.130397186509611
1985-09-05 00:00:00,1.129190929137239
1985-09-06 00:00:00,1.1079102252609903
1985-09-09 00:00:00,1.1041850778369244
1985-09-10 00:00:00,1.1053384745059742
1985-09-11 00:00:00,1.0997224360673756
1985-09-12 00:00:00,1.1048255564203566
1985-09-13 00:00:00,1.1164825669804777
1985-09-16 00:00:00,1.1217427910887483
1985-09-17 00:00:00,1.1191064978076937
1985-09-18 00:00:00,1.11713739546551
1985-09-19 00:00:00,1.1204230936874675
1985-09-20 00:00:00,1.136738636469739
1985-09-23 00:00:00,1.1643961726792362
1985-09-24 00:00:00,1.1717743828167917
1985-09-25 00:00:00,1.1846005717200665
1985-09-26 00:00:00,1.189705970811177
1985-09-27 00:00:00,1.1801234567959693
1985-09-30 00:00:00,1.1830554405395617
1985-10-01 00:00:00,1.1934331198425405
1985-10-02 00:00:00,1.1934331198425405
1985-10-03 00:00:00,1.1986905344673973
1985-10-04 00:00:00,1.2032338972006915
1985-10-07 00:00:00,1.1911940333137554
1985-10-08 00:00:00,1.1934331198425405
1985-10-09 00:00:00,1.1934331198425405
1985-10-10 00:00:00,1.191343044326179
1985-10-11 00:00:00,1.190847720721161
1985-10-15 00:00:00,1.190847720721161
1985-10-16 00:00:00,1.1831409277556972
1985-10-17 00:00:00,1.1933890728743441
1985-10-18 00:00:00,1.193688768774112
1985-10-21 00:00:00,1.1988067281862582
1985-10-22 00:00:00,1.1969200320449516
1985-10-23 00:00:00,1.195640467176082
1985-10-24 00:00:00,1.1942886123765108
1985-10-25 00:00:00,1.1935389020109262
1985-10-28 00:00:00,1.1980513364230658
1985-10-29 00:00:00,1.206413369862567
1985-10-30 00:00:00,1.2071793466053367
1985-10-31 00:00:00,1.2070260734531522
1985-11-01 00:00:00,1.2094831239843544
1985-11-04 00:00:00,1.2142722384106561
1985-11-05 00:00:00,1.2129553243402904
1985-11-06 00:00:00,1.2164475181723642
1985-11-07 00:00:00,1.2083301372122055
1985-11-08 00:00:00,1.2041212608634613
1985-11-12 00:00:00,1.2056483645551082
1985-11-13 00:00:00,1.2079462966349463
1985-11-14 00:00:00,1.208714221807632
1985-11-15 00:00:00,1.2071793466053367
1985-11-18 00:00:00,1.2110238668174558
1985-11-19 00:00:00,1.2168367813781793
1985-11-20 00:00:00,1.2110238668174558
1985-11-21 00:00:00,1.2053426340201634
1985-11-22 00:00:00,1.2264126110452203
1985-11-25 00:00:00,1.231815659801364
1985-11-26 00:00:00,1.2379915815232485
1985-11-27 00:00:00,1.2412243575554285
1985-11-29 00:00:00,1.2450445097920275
1985-12-02 00:00:00,1.2418729398454642
1985-12-03 00:00:00,1.235578028920851
1985-12-04 00:00:00,1.2425222003028398
1985-12-05 00:00:00,1.242278648091085
1985-12-06 00:00:00,1.2378303847027379
1985-12-09 00:00:00,1.2347756013140703
1985-12-10 00:00:00,1.2309384118240354
1985-12-11 00:00:00,1.2258591043864637
1985-12-12 00:00:00,1.2353813852934323
1985-12-13 00:00:00,1.2353813852934323
1985-12-16 00:00:00,1.2339404272234944
1985-12-17 00:00:00,1.2394017621005575
1985-12-18 00:00:00,1.2337805282436807
1985-12-19 00:00:00,1.2335407574601909
1985-12-20 00:00:00,1.2361031270959406
1985-12-23 00:00:00,1.2389179357783324
1985-12-24 00:00:00,1.2397245229761047
1985-12-26 00:00:00,1.2381123974585801
1985-12-27 00:00:00,1.2462152272848799
1985-12-30 00:00:00,1.2527742547969054
1985-12-31 00:00:00,1.2569088232945849
1986-01-02 00:00:00,1.2575728881860364
1986-01-03 00:00:00,1.2535989909751788
1986-01-06 00:00:00,1.259569299703199
1986-01-07 00:00:00,1.2570747737597678
1986-01-08 00:00:00,1.2490763314472264
1986-01-09 00:00:00,1.2560797277647073
1986-01-10 00:00:00,1.251539183234503
1986-01-13 00:00:00,1.2454001748144516
1986-01-14 00:00:00,1.246868037775862
1986-01-15 00:00:00,1.2488305792833791
1986-01-16 00:00:00,1.2465415470615977
1986-01-17 00:00:00,1.2458890783115
1986-01-21 00:00:00,1.2470313472765533
1986-01-22 00:00:00,1.2482575334587322
1986-01-23 00:00:00,1.2445861877720894
1986-01-24 00:00:00,1.254672772808392
1986-01-27 00:00:00,1.257822093461455
1986-01-28 00:00:00,1.2635811992642978
1986-01-29 00:00:00,1.2644202306051104
1986-01-30 00:00:00,1.267956363890862
1986-01-31 00:00:00,1.2640005756994999
1986-02-03 00:00:00,1.2590696028109603
1986-02-04 00:00:00,1.2540943541170289
1986-02-05 00:00:00,1.2659332982923128
1986-02-06 00:00:00,1.2666069358063698
1986-02-07 00:00:00,1.2594026900074715
1986-02-10 00:00:00,1.2671126346095931
1986-02-11 00:00:00,1.2720219554384078
1986-02-12 00:00:00,1.2733530426354465
1986-02-13 00:00:00,1.2733530426354465
1986-02-14 00:00:00,1.275493131782733
1986-02-18 00:00:00,1.2766088235276647
1986-02-19 00:00:00,1.2924359901408826
1986-02-20 00:00:00,1.2928763431187837
1986-02-21 00:00:00,1.290853200113495
1986-02-24 00:00:00,1.3009435227144919
1986-02-25 00:00:00,1.3168351148853523
1986-02-26 00:00:00,1.3226183572860335
1986-02-27 00:00:00,1.3258532729048322
1986-02-28 00:00:00,1.31747519861594
1986-03-03 00:00:00,1.3193991888225418
1986-03-04 00:00:00,1.3277089107955322
1986-03-05 00:00:00,1.3093830459122258
1986-03-06 00:00:00,1.3111928358858433
1986-03-07 00:00:00,1.3139169207249413
1986-03-10 00:00:00,1.3005868066402626
1986-03-11 00:00:00,1.3075782450219267
1986-03-12 00:00:00,1.3029089641030183
1986-03-13 00:00:00,1.2999630239991882
1986-03-14 00:00:00,1.3130076356586957
1986-03-17 00:00:00,1.3166523480408157
1986-03-18 00:00:00,1.3166523480408157
1986-03-19 00:00:00,1.3139169207249413
1986-03-20 00:00:00,1.3161956528108325
1986-03-21 00:00:00,1.3221575146528328
1986-03-24 00:00:00,1.3057784126130867
1986-03-25 00:00:00,1.2845606185015674
1986-03-26 00:00:00,1.2906775738277654
1986-03-27 00:00:00,1.2906775738277654
1986-03-28 00:00:00,1.288661301043819
1986-03-31 00:00:00,1.2871750566667675
1986-04-01 00:00:00,1.2876992218859882
1986-04-02 00:00:00,1.2793634750686549
1986-04-03 00:00:00,1.272072432803765
1986-04-04 00:00:00,1.2657078275695899
1986-04-07 00:00:00,1.2615000222917654
1986-04-08 00:00:00,1.2849956204042094
1986-04-09 00:00:00,1.2823900192813893
1986-04-10 00:00:00,1.2854309170235876
1986-04-11 00:00:00,1.2951427694554682
1986-04-14 00:00:00,1.2951427694554682
1986-04-15 00:00:00,1.2954081313123433
1986-04-16 00:00:00,1.3190101431624015
1986-04-17 00:00:00,1.3310432181526548
1986-04-18 00:00:00,1.3249993614163698
1986-04-21 00:00:00,1.328991441891489
1986-04-22 00:00:00,1.33478999709186
1986-04-23 00:00:00,1.3366713078700023
1986-04-24 00:00:00,1.339503238607015
1986-04-25 00:00:00,1.34615797435595
1986-04-28 00:00:00,1.3543281584202305
1986-04-29 00:00:00,1.349030288668231
1986-04-30 00:00:00,1.3534583886595786
1986-05-01 00:00:00,1.3361063580357377
1986-05-02 00:00:00,1.338557929334886
1986-05-05 00:00:00,1.3499904525747566
1986-05-06 00:00:00,1.3357299900475585
1986-05-07 00:00:00,1.3423471945276244
1986-05-08 00:00:00,1.3519148865770017
1986-05-09 00:00:00,1.3507595683432083
1986-05-12 00:00:00,1.347114052462737
1986-05-13 00:00:00,1.3357299900475585
1986-05-14 00:00:00,1.3409237086373513
1986-05-15 00:00:00,1.3398817362726285
1986-05-16 00:00:00,1.3338513262078293
1986-05-19 00:00:00,1.3310432181526548
1986-05-20 00:00:00,1.3231507400540865
1986-05-21 00:00:00,1.3188267180277662
1986-05-22 00:00:00,1.3062924145093204
1986-05-23 00:00:00,1.3048545582467899
1986-05-27 00:00:00,1.305752847217082
1986-05-28 00:00:00,1.3046750487464116
1986-05-29 00:00:00,1.2960277320584443
1986-05-30 00:00:00,1.2832261591688878
1986-06-02 00:00:00,1.2838341585674382
1986-06-03 00:00:00,1.3018095990854726
1986-06-04 00:00:00,1.2989567085793268
1986-06-05 00:00:00,1.309900957090838
1986-06-06 00:00:00,1.3186433439012326
1986-06-09 00:00:00,1.315168898812601
1986-06-10 00:00:00,1.3206426494435284
1986-06-11 00:00:00,1.3206426494435284
1986-06-12 00:00:00,1.3221182278227948
1986-06-13 00:00:00,1.3206426494435284
1986-06-16 00:00:00,1.3237821998617274
1986-06-17 00:00:00,1.3071480959971293
1986-06-18 00:00:00,1.3075091866313828
1986-06-19 00:00:00,1.3097705307798284
1986-06-20 00:00:00,1.3037276561370625
1986-06-23 00:00:00,1.3066068338455779
1986-06-24 00:00:00,1.3175179556313448
1986-06-25 00:00:00,1.3202742693460547
1986-06-26 00:00:00,1.3184354472439015
1986-06-27 00:00:00,1.3256359769235697
1986-06-30 00:00:00,1.3280536631890025
1986-07-01 00:00:00,1.336585458695547
1986-07-02 00:00:00,1.3304801842882938
1986-07-03 00:00:00,1.3361138336219072
1986-07-07 00:00:00,1.334230656971277
1986-07-08 00:00:00,1.3323527813105152
1986-07-09 00:00:00,1.3302932140544144
1986-07-10 00:00:00,1.3309478398890984
1986-07-11 00:00:00,1.3246157575332278
1986-07-14 00:00:00,1.3234120664352316
1986-07-15 00:00:00,1.3317904489604968
1986-07-16 00:00:00,1.3416052311807272
1986-07-17 00:00:00,1.3427470228668386
1986-07-18 00:00:00,1.348101183596014
1986-07-21 00:00:00,1.3484852580072952
1986-07-22 00:00:00,1.3389485871585871
1986-07-23 00:00:00,1.3413200866044932
1986-07-24 00:00:00,1.3402755926959098
1986-07-25 00:00:00,1.3370574168377416
1986-07-28 00:00:00,1.3459926789721615
1986-07-29 00:00:00,1.3488695513267615
1986-07-30 00:00:00,1.3504089174338392
1986-07-31 00:00:00,1.3569906122722495
1986-08-01 00:00:00,1.357185162897665
1986-08-04 00:00:00,1.3548542308875355
1986-08-05 00:00:00,1.3542727483850088
1986-08-06 00:00:00,1.3581587534018953
1986-08-07 00:00:00,1.3610832421557222
1986-08-08 00:00:00,1.3610832421557222
1986-08-11 00:00:00,1.363829338911765
1986-08-12 00:00:00,1.3596166629852362
1986-08-13 00:00:00,1.3619647093198153
1986-08-14 00:00:00,1.365206546841999
1986-08-15 00:00:00,1.3646159744352904
1986-08-18 00:00:00,1.3616707601019766
1986-08-19 00:00:00,1.3687607438109253
1986-08-20 00:00:00,1.3725325283116372
1986-08-21 00:00:00,1.373129974275789
1986-08-22 00:00:00,1.371736741949375
1986-08-25 00:00:00,1.3704455553846553
1986-08-26 00:00:00,1.3675739570388348
1986-08-27 00:00:00,1.3661919709410624
1986-08-28 00:00:00,1.3654035179207527
1986-08-29 00:00:00,1.3735285606253609
1986-09-02 00:00:00,1.3745260396091121
1986-09-03 00:00:00,1.3763251574620035
1986-09-04 00:00:00,1.376125022932781
1986-09-05 00:00:00,1.3693549099564084
1986-09-08 00:00:00,1.3592261088271076
1986-09-09 00:00:00,1.3635345843539715
1986-09-10 00:00:00,1.3624549068109328
1986-09-11 00:00:00,1.3498233893465608
1986-09-12 00:00:00,1.3616707601019766
1986-09-15 00:00:00,1.3656005458454166
1986-09-16 00:00:00,1.3654035179207527
1986-09-17 00:00:00,1.3753250665177645
1986-09-18 00:00:00,1.3866097850122692
1986-09-19 00:00:00,1.3857975959450486
1986-09-22 00:00:00,1.3687607438109253
1986-09-23 00:00:00,1.3604962309817046
1986-09-24 00:00:00,1.3624549068109328
1986-09-25 00:00:00,1.3616707601019766
1986-09-26 00:00:00,1.3616707601019766
1986-09-29 00:00:00,1.3673763592990518
1986-09-30 00:00:00,1.3695530799867923
1986-10-01 00:00:00,1.370147934372193
1986-10-02 00:00:00,1.3757249284356354
1986-10-03 00:00:00,1.3805414708546664
1986-10-06 00:00:00,1.383160649107578
1986-10-07 00:00:00,1.383160649107578
1986-10-08 00:00:00,1.3821532487804788
1986-10-09 00:00:00,1.3785387262644178
1986-10-10 00:00:00,1.388727706239003
1986-10-14 00:00:00,1.3921916297964914
1986-10-15 00:00:00,1.3920895030630849
1986-10-16 00:00:00,1.3912730282812296
1986-10-17 00:00:00,1.389846499615935
1986-10-20 00:00:00,1.384674506074861
1986-10-21 00:00:00,1.3847755477054853
1986-10-22 00:00:00,1.3847755477054853
1986-10-23 00:00:00,1.3791398332671494
1986-10-24 00:00:00,1.3638755286586155
1986-10-27 00:00:00,1.355884831791653
1986-10-28 00:00:00,1.3638755286586155
1986-10-29 00:00:00,1.3623089810305797
1986-10-30 00:00:00,1.349520986044373
1986-10-31 00:00:00,1.348178751474565
1986-11-03 00:00:00,1.3472216460141966
1986-11-04 00:00:00,1.350289177867936
1986-11-05 00:00:00,1.348178751474565
1986-11-06 00:00:00,1.34913721781288
1986-11-07 00:00:00,1.3497129520452327
1986-11-10 00:00:00,1.3574366313130166
1986-11-12 00:00:00,1.3647582959910805
1986-11-13 00:00:00,1.3677091247391693
1986-11-14 00:00:00,1.3701779137729944
1986-11-17 00:00:00,1.3662321170450664
1986-11-18 00:00:00,1.3654456832462207
1986-11-19 00:00:00,1.3658387869408357
1986-11-20 00:00:00,1.364660154304327
1986-11-21 00:00:00,1.3611364299064677
1986-11-24 00:00:00,1.3595761646192843
1986-11-25 00:00:00,1.3731522507782905
1986-11-26 00:00:00,1.3706727414774988
1986-11-28 00:00:00,1.3796411563617572
1986-12-01 00:00:00,1.3819519447826956
1986-12-02 00:00:00,1.3771381789372985
1986-12-03 00:00:00,1.3791398332671494
1986-12-04 00:00:00,1.3705737473462352
1986-12-05 00:00:00,1.3681819150503258
1986-12-08 00:00:00,1.3681819150503258
1986-12-09 00:00:00,1.3647469844838842
1986-12-10 00:00:00,1.3673952645313954
1986-12-11 00:00:00,1.363964277775456
1986-12-12 00:00:00,1.3645512236025126
1986-12-15 00:00:00,1.365432590116968
1986-12-16 00:00:00,1.3648448859892275
1986-12-17 00:00:00,1.3660208005951917
1986-12-18 00:00:00,1.3683787191232617
1986-12-19 00:00:00,1.3695607335653495
1986-12-22 00:00:00,1.3814941701052736
1986-12-23 00:00:00,1.3842079091080273
1986-12-24 00:00:00,1.3827994556791794
1986-12-26 00:00:00,1.3873368609224028
1986-12-29 00:00:00,1.397732714567281
1986-12-30 00:00:00,1.3950680239543798
1986-12-31 00:00:00,1.4112103330878083
1987-01-02 00:00:00,1.411943429364737
1987-01-05 00:00:00,1.404128244331353
1987-01-06 00:00:00,1.408285544832704
1987-01-07 00:00:00,1.4020587848702897
1987-01-08 00:00:00,1.4030927515257987
1987-01-09 00:00:00,1.4076603810809285
1987-01-12 00:00:00,1.4202700590243231
1987-01-13 00:00:00,1.4273021538401975
1987-01-14 00:00:00,1.4476099604876993
1987-01-15 00:00:00,1.4436556423620786
1987-01-16 00:00:00,1.4437651927978319
1987-01-20 00:00:00,1.4477201119076115
1987-01-21 00:00:00,1.4431081394637313
1987-01-22 00:00:00,1.4624087402528694
1987-01-23 00:00:00,1.4550273562779008
1987-01-26 00:00:00,1.456363878650477
1987-01-27 00:00:00,1.4646603318467921
1987-01-28 00:00:00,1.4771690769169121
1987-01-29 00:00:00,1.4732799837919954
1987-01-30 00:00:00,1.4540265732281108
1987-02-02 00:00:00,1.4674845901033422
1987-02-03 00:00:00,1.4714568995119746
1987-02-04 00:00:00,1.465788729637121
1987-02-05 00:00:00,1.4519512027300523
1987-02-06 00:00:00,1.4519512027300523
1987-02-09 00:00:00,1.4686916086031891
1987-02-10 00:00:00,1.4783503155069622
1987-02-11 00:00:00,1.469369257761265
1987-02-12 00:00:00,1.4619493364902438
1987-02-13 00:00:00,1.464526544640721
1987-02-17 00:00:00,1.471632611516288
1987-02-18 00:00:00,1.4675635812540317
1987-02-19 00:00:00,1.464189871871838
1987-02-20 00:00:00,1.4707264337998371
1987-02-23 00:00:00,1.4714059624154852
1987-02-24 00:00:00,1.4712926640430806
1987-02-25 00:00:00,1.4732211124076706
1987-02-26 00:00:00,1.4777786409843379
1987-02-27 00:00:00,1.4754963573689182
1987-03-02 00:00:00,1.476636617305061
1987-03-03 00:00:00,1.478922432502128
1987-03-04 00:00:00,1.4793804450238068
1987-03-05 00:00:00,1.4840914817807755
1987-03-06 00:00:00,1.4809857253082845
1987-03-09 00:00:00,1.4749268875281736
1987-03-10 00:00:00,1.4748130463049929
1987-03-11 00:00:00,1.470839644979408
1987-03-12 00:00:00,1.474471628052125
1987-03-13 00:00:00,1.476408424349211
1987-03-16 00:00:00,1.4853605276684925
1987-03-17 00:00:00,1.4875576354945494
1987-03-18 00:00:00,1.489064668635247
1987-03-19 00:00:00,1.4892967909530388
1987-03-20 00:00:00,1.4908073517927354
1987-03-23 00:00:00,1.5000532130575828
1987-03-24 00:00:00,1.5124012844647372
1987-03-25 00:00:00,1.4958257263134092
1987-03-26 00:00:00,1.4955915644902542
1987-03-27 00:00:00,1.5009959016439502
1987-03-30 00:00:00,1.5114442198961784
1987-03-31 00:00:00,1.5104883658440702
1987-04-01 00:00:00,1.5021759298685133
1987-04-02 00:00:00,1.5069146551993287
1987-04-03 00:00:00,1.5021759298685133
1987-04-06 00:00:00,1.5017403445076944
1987-04-07 00:00:00,1.5017403445076944
1987-04-08 00:00:00,1.4942234211502337
1987-04-09 00:00:00,1.5026852810151712
1987-04-10 00:00:00,1.5112435265643795
1987-04-13 00:00:00,1.5112435265643795
1987-04-14 00:00:00,1.5176058990250922
1987-04-15 00:00:00,1.5155593100767009
1987-04-16 00:00:00,1.5126793873972197
1987-04-17 00:00:00,1.5105266178705636
1987-04-20 00:00:00,1.5126554340253429
1987-04-21 00:00:00,1.511482647375545
1987-04-22 00:00:00,1.5067145633144232
1987-04-23 00:00:00,1.5131586141950646
1987-04-24 00:00:00,1.527677967601702
1987-04-27 00:00:00,1.5311059995854213
1987-04-28 00:00:00,1.5228073220808933
1987-04-29 00:00:00,1.5212310425055249
1987-04-30 00:00:00,1.5201416822745777
1987-05-01 00:00:00,1.5320882648618193
1987-05-04 00:00:00,1.5344262037448306
1987-05-05 00:00:00,1.539991992812098
1987-05-06 00:00:00,1.537265904636859
1987-05-07 00:00:00,1.532211136645031
1987-05-08 00:00:00,1.5290228621710196
1987-05-11 00:00:00,1.5198998140673738
1987-05-12 00:00:00,1.5252387564128123
1987-05-13 00:00:00,1.5247518485895364
1987-05-14 00:00:00,1.526945385456113
1987-05-15 00:00:00,1.5311059995854213
1987-05-18 00:00:00,1.5333178702108257
1987-05-19 00:00:00,1.5303701267884404
1987-05-20 00:00:00,1.5333178702108257
1987-05-21 00:00:00,1.5314742014290088
1987-05-22 00:00:00,1.5314742014290088
1987-05-26 00:00:00,1.5126793873972197
1987-05-27 00:00:00,1.5052899986469341
1987-05-28 00:00:00,1.5055272389934506
1987-05-29 00:00:00,1.5015042960410947
1987-06-01 00:00:00,1.4977375872394862
1987-06-02 00:00:00,1.5168829426619204
1987-06-03 00:00:00,1.5136674571981918
1987-06-04 00:00:00,1.5136674571981918
1987-06-05 00:00:00,1.516297842984792
1987-06-08 00:00:00,1.5211038583349819
1987-06-09 00:00:00,1.5273974134458521
1987-06-10 00:00:00,1.5269114454492103
1987-06-11 00:00:00,1.529588102963145
1987-06-12 00:00:00,1.5213449589623922
1987-06-15 00:00:00,1.5100952401028531
1987-06-16 00:00:00,1.5103328632720274
1987-06-17 00:00:00,1.509145494668826
1987-06-18 00:00:00,1.508671069804108
1987-06-19 00:00:00,1.5041788663365827
1987-06-22 00:00:00,1.4966732178533813
1987-06-23 00:00:00,1.4992448213204832
1987-06-24 00:00:00,1.508671069804108
1987-06-25 00:00:00,1.503236545981791
1987-06-26 00:00:00,1.5041788663365827
1987-06-29 00:00:00,1.5001821422465982
1987-06-30 00:00:00,1.5030011503435223
1987-07-01 00:00:00,1.501590323231185
1987-07-02 00:00:00,1.4997133353271461
1987-07-03 00:00:00,1.4950413311672484
1987-07-06 00:00:00,1.4949249039940402
1987-07-07 00:00:00,1.4965565363832125
1987-07-08 00:00:00,1.4941104212474678
1987-07-09 00:00:00,1.49574027522109
1987-07-10 00:00:00,1.4920201066522205
1987-07-13 00:00:00,1.4920201066522205
1987-07-14 00:00:00,1.4892421017988726
1987-07-15 00:00:00,1.50206030455301
1987-07-16 00:00:00,1.4964398731047297
1987-07-17 00:00:00,1.4830292561949527
1987-07-20 00:00:00,1.480056337100036
1987-07-21 00:00:00,1.4789160779805446
1987-07-22 00:00:00,1.4777775744563102
1987-07-23 00:00:00,1.4846350109967106
1987-07-24 00:00:00,1.4846350109967106
1987-07-27 00:00:00,1.4834876887316435
1987-07-28 00:00:00,1.4811983558786626
1987-07-29 00:00:00,1.4806271262774755
1987-07-30 00:00:00,1.4816591403579202
1987-07-31 00:00:00,1.4816591403579202
1987-08-03 00:00:00,1.4816591403579202
1987-08-04 00:00:00,1.4816591403579202
1987-08-05 00:00:00,1.4816591403579202
1987-08-06 00:00:00,1.4816591403579202
1987-08-07 00:00:00,1.4816591403579202
1987-08-10 00:00:00,1.4816591403579202
1987-08-11 00:00:00,1.4816591403579202
1987-08-12 00:00:00,1.4816591403579202
1987-08-13 00:00:00,1.4816591403579202
1987-08-14 00:00:00,1.4816591403579202
1987-08-17 00:00:00,1.4816591403579202
1987-08-18 00:00:00,1.4816591403579202
1987-08-19 00:00:00,1.4816591403579202
1987-08-20 00:00:00,1.4816591403579202
1987-08-21 00:00:00,1.4816591403579202
1987-08-24 00:00:00,1.4816591403579202
1987-08-25 00:00:00,1.4816591403579202
1987-08-26 00:00:00,1.4816591403579202
1987-08-27 00:00:00,1.4816591403579202
1987-08-28 00:00:00,1.4816591403579202
1987-08-31 00:00:00,1.4816591403579202
1987-09-01 00:00:00,1.4816591403579202
1987-09-02 00:00:00,1.4816591403579202
1987-09-03 00:00:00,1.4816591403579202
1987-09-04 00:00:00,1.4816591403579202
1987-09-08 00:00:00,1.4850528782198886
1987-09-09 00:00:00,1.4802593679059997
1987-09-10 00:00:00,1.4746866267562357
1987-09-11 00:00:00,1.4790949096241353
1987-09-14 00:00:00,1.4664057472423966
1987-09-15 00:00:00,1.470304542629184
1987-09-16 00:00:00,1.472377015751136
1987-09-17 00:00:00,1.4728383590115939
1987-09-18 00:00:00,1.4776999757263445
1987-09-21 00:00:00,1.472377015751136
1987-09-22 00:00:00,1.4682378956069035
1987-09-23 00:00:00,1.4677794294412183
1987-09-24 00:00:00,1.4684672361091853
1987-09-25 00:00:00,1.4691556876966718
1987-09-28 00:00:00,1.4672067492112375
1987-09-29 00:00:00,1.457313167814448
1987-09-30 00:00:00,1.455733546852122
1987-10-01 00:00:00,1.4512391549198833
1987-10-02 00:00:00,1.4552828553515487
1987-10-05 00:00:00,1.4552828553515487
1987-10-06 00:00:00,1.4604827164161882
1987-10-07 00:00:00,1.4660627283541527
1987-10-08 00:00:00,1.4684672361091853
1987-10-09 00:00:00,1.4739929829995302
1987-10-13 00:00:00,1.469500155618758
1987-10-14 00:00:00,1.4760758746382483
1987-10-15 00:00:00,1.4816591403579202
1987-10-16 00:00:00,1.4790949096241353
1987-10-19 00:00:00,1.4903499121070076
1987-10-20 00:00:00,1.4737619133988091
1987-10-21 00:00:00,1.4746866267562357
1987-10-22 00:00:00,1.4693853150314167
1987-10-23 00:00:00,1.4875201337928803
1987-10-26 00:00:00,1.4946148244151038
1987-10-27 00:00:00,1.4993823358167473
1987-10-28 00:00:00,1.506108177758892
1987-10-29 00:00:00,1.5163108460598393
1987-10-30 00:00:00,1.5163108460598393
1987-11-02 00:00:00,1.526157020384903
1987-11-03 00:00:00,1.5257125226427957
1987-11-04 00:00:00,1.5257125226427957
1987-11-05 00:00:00,1.5638553357088654
1987-11-06 00:00:00,1.5483716195137283
1987-11-09 00:00:00,1.5602148344285325
1987-11-10 00:00:00,1.557366309419617
1987-11-12 00:00:00,1.5357008206633702
1987-11-13 00:00:00,1.5387228622914388
1987-11-16 00:00:00,1.529442871108915
1987-11-17 00:00:00,1.5379662373796417
1987-11-18 00:00:00,1.5389752360592412
1987-11-19 00:00:00,1.5426439809705212
1987-11-20 00:00:00,1.5432782918179595
1987-11-23 00:00:00,1.5524705516633346
1987-11-24 00:00:00,1.542010191331667
1987-11-25 00:00:00,1.554528166708614
1987-11-27 00:00:00,1.5599554470911379
1987-11-30 00:00:00,1.574086900562522
1987-12-01 00:00:00,1.5672510463092024
1987-12-02 00:00:00,1.5630737988094607
1987-12-03 00:00:00,1.5565912432404103
1987-12-04 00:00:00,1.5522137327135144
1987-12-07 00:00:00,1.5509309114468088
1987-12-08 00:00:00,1.5534986778564892
1987-12-09 00:00:00,1.558142147833476
1987-12-10 00:00:00,1.5751438667539355
1987-12-11 00:00:00,1.579651854251379
1987-12-14 00:00:00,1.5801839027034683
1987-12-15 00:00:00,1.579651854251379
1987-12-16 00:00:00,1.5777925028170832
1987-12-17 00:00:00,1.5849885159211474
1987-12-18 00:00:00,1.579651854251379
1987-12-21 00:00:00,1.5775272384420298
1987-12-22 00:00:00,1.5807163096787722
1987-12-23 00:00:00,1.5785888314692451
1987-12-24 00:00:00,1.5807163096787722
1987-12-28 00:00:00,1.6067006873721221
1987-12-29 00:00:00,1.6053262642007173
1987-12-30 00:00:00,1.6069758544704902
1987-12-31 00:00:00,1.6191772242024494
1988-01-04 00:00:00,1.6158312406153252
1988-01-05 00:00:00,1.5885570219338412
1988-01-06 00:00:00,1.5885570219338412
1988-01-07 00:00:00,1.598452074090668
1988-01-08 00:00:00,1.5908193549633192
1988-01-11 00:00:00,1.5981830197102458
1988-01-12 00:00:00,1.5997987059980743
1988-01-13 00:00:00,1.601417662354287
1988-01-14 00:00:00,1.601417662354287
1988-01-15 00:00:00,1.5693893091072018
1988-01-19 00:00:00,1.5744640278747317
1988-01-20 00:00:00,1.585638831011785
1988-01-21 00:00:00,1.5848448205806327
1988-01-22 00:00:00,1.5772101860628853
1988-01-25 00:00:00,1.5748557505554104
1988-01-26 00:00:00,1.5740725000163411
1988-01-27 00:00:00,1.5785212502242012
1988-01-28 00:00:00,1.5811499284094206
1988-01-29 00:00:00,1.5740725000163411
1988-02-01 00:00:00,1.5647339024552687
1988-02-02 00:00:00,1.566799557772041
1988-02-03 00:00:00,1.5706873978657685
1988-02-04 00:00:00,1.5675755852895112
1988-02-05 00:00:00,1.5642183393902092
1988-02-08 00:00:00,1.5642183393902092
1988-02-09 00:00:00,1.5633169210666946
1988-02-10 00:00:00,1.5693893091072018
1988-02-11 00:00:00,1.5700380851754558
1988-02-12 00:00:00,1.556525462311241
1988-02-16 00:00:00,1.5570359659066202
1988-02-17 00:00:00,1.5642183393902092
1988-02-18 00:00:00,1.5610037517630202
1988-02-19 00:00:00,1.5629309168886536
1988-02-22 00:00:00,1.5721177779780724
1988-02-23 00:00:00,1.5759012979416713
1988-02-24 00:00:00,1.5764245924121816
1988-02-25 00:00:00,1.579177600016394
1988-02-26 00:00:00,1.5851094023536845
1988-02-29 00:00:00,1.584580327119254
1988-03-01 00:00:00,1.5844481134916264
1988-03-02 00:00:00,1.5804919384267282
1988-03-03 00:00:00,1.5762937362162481
1988-03-04 00:00:00,1.5804100995764985
1988-03-07 00:00:00,1.5804100995764985
1988-03-08 00:00:00,1.5874714497094908
1988-03-09 00:00:00,1.5904211432815858
1988-03-10 00:00:00,1.5865352040149951
1988-03-11 00:00:00,1.5904211432815858
1988-03-14 00:00:00,1.589749796239255
1988-03-15 00:00:00,1.5877391514716677
1988-03-16 00:00:00,1.5837330812829251
1988-03-17 00:00:00,1.5732798342763787
1988-03-18 00:00:00,1.5705242982864032
1988-03-21 00:00:00,1.5731483990354198
1988-03-22 00:00:00,1.5724915521047163
1988-03-23 00:00:00,1.576440882080701
1988-03-24 00:00:00,1.5835998937392965
1988-03-25 00:00:00,1.5877391514716677
1988-03-28 00:00:00,1.5982504104951605
1988-03-29 00:00:00,1.5974369135098385
1988-03-30 00:00:00,1.5963535381870104
1988-03-31 00:00:00,1.6036949698904763
1988-04-01 00:00:00,1.6039681717592824
1988-04-04 00:00:00,1.6017851596167045
1988-04-05 00:00:00,1.5955419705519385
1988-04-06 00:00:00,1.59109305757955
1988-04-07 00:00:00,1.5877391514716677
1988-04-08 00:00:00,1.5931122112059202
1988-04-11 00:00:00,1.5850661899372034
1988-04-12 00:00:00,1.5850661899372034
1988-04-13 00:00:00,1.582402213147393
1988-04-14 00:00:00,1.601240334732481
1988-04-15 00:00:00,1.605335578555326
1988-04-18 00:00:00,1.610828600209921
1988-04-19 00:00:00,1.607391065851812
1988-04-20 00:00:00,1.607391065851812
1988-04-21 00:00:00,1.6087643175099509
1988-04-22 00:00:00,1.601240334732481
1988-04-25 00:00:00,1.5985217603101851
1988-04-26 00:00:00,1.599879892646897
1988-04-27 00:00:00,1.599743975571657
1988-04-28 00:00:00,1.6058831943078609
1988-04-29 00:00:00,1.602603092464168
1988-05-02 00:00:00,1.598047637280312
1988-05-03 00:00:00,1.598047637280312
1988-05-04 00:00:00,1.595334483396984
1988-05-05 00:00:00,1.5966899077669048
1988-05-06 00:00:00,1.593846172030911
1988-05-09 00:00:00,1.5960119078060697
1988-05-10 00:00:00,1.5987273683042509
1988-05-11 00:00:00,1.60281792873488
1988-05-12 00:00:00,1.5988633839047532
1988-05-13 00:00:00,1.598047637280312
1988-05-16 00:00:00,1.5950636746237032
1988-05-17 00:00:00,1.5832384342389612
1988-05-18 00:00:00,1.5827050879582676
1988-05-19 00:00:00,1.586580009659474
1988-05-20 00:00:00,1.5849742948820507
1988-05-23 00:00:00,1.586580009659474
1988-05-24 00:00:00,1.587250018109499
1988-05-25 00:00:00,1.5859105666174236
1988-05-26 00:00:00,1.582571807529808
1988-05-27 00:00:00,1.5779210927301823
1988-05-31 00:00:00,1.5680467429634104
1988-06-01 00:00:00,1.5634808830629345
1988-06-02 00:00:00,1.556230557669466
1988-06-03 00:00:00,1.5561016986351306
1988-06-06 00:00:00,1.5619215603737093
1988-06-07 00:00:00,1.5680467429634104
1988-06-08 00:00:00,1.5680467429634104
1988-06-09 00:00:00,1.5650433223198261
1988-06-10 00:00:00,1.5641315201345378
1988-06-13 00:00:00,1.5584244310818867
1988-06-14 00:00:00,1.5454802807908283
1988-06-15 00:00:00,1.5442103709463
1988-06-16 00:00:00,1.5434494262825618
1988-06-17 00:00:00,1.541676801838923
1988-06-20 00:00:00,1.5391515327122416
1988-06-21 00:00:00,1.5391515327122416
1988-06-22 00:00:00,1.5264002773242749
1988-06-23 00:00:00,1.519489021217373
1988-06-24 00:00:00,1.4990061589229056
1988-06-27 00:00:00,1.4992453302286775
1988-06-28 00:00:00,1.508027621121527
1988-06-29 00:00:00,1.494948310258547
1988-06-30 00:00:00,1.494948310258547
1988-07-01 00:00:00,1.494948310258547
1988-07-05 00:00:00,1.494948310258547
1988-07-06 00:00:00,1.494948310258547
1988-07-07 00:00:00,1.494948310258547
1988-07-08 00:00:00,1.494948310258547
1988-07-11 00:00:00,1.494948310258547
1988-07-12 00:00:00,1.494948310258547
1988-07-13 00:00:00,1.494948310258547
1988-07-14 00:00:00,1.494948310258547
1988-07-15 00:00:00,1.494948310258547
1988-07-18 00:00:00,1.494948310258547
1988-07-19 00:00:00,1.494948310258547
1988-07-20 00:00:00,1.494948310258547
1988-07-21 00:00:00,1.494948310258547
1988-07-22 00:00:00,1.494948310258547
1988-07-25 00:00:00,1.494948310258547
1988-07-26 00:00:00,1.494948310258547
1988-07-27 00:00:00,1.494948310258547
1988-07-28 00:00:00,1.494948310258547
1988-07-29 00:00:00,1.494948310258547
1988-08-01 00:00:00,1.494948310258547
1988-08-02 00:00:00,1.494948310258547
1988-08-03 00:00:00,1.494948310258547
1988-08-04 00:00:00,1.494948310258547
1988-08-05 00:00:00,1.494948310258547
1988-08-08 00:00:00,1.494948310258547
1988-08-09 00:00:00,1.494948310258547
1988-08-10 00:00:00,1.494948310258547
1988-08-11 00:00:00,1.494948310258547
1988-08-12 00:00:00,1.494948310258547
1988-08-15 00:00:00,1.494948310258547
1988-08-16 00:00:00,1.494948310258547
1988-08-17 00:00:00,1.494948310258547
1988-08-18 00:00:00,1.494948310258547
1988-08-19 00:00:00,1.494948310258547
1988-08-22 00:00:00,1.494948310258547
1988-08-23 00:00:00,1.494948310258547
1988-08-24 00:00:00,1.494948310258547
1988-08-25 00:00:00,1.494948310258547
1988-08-26 00:00:00,1.494948310258547
1988-08-29 00:00:00,1.494948310258547
1988-08-30 00:00:00,1.494948310258547
1988-08-31 00:00:00,1.494948310258547
1988-09-01 00:00:00,1.494948310258547
1988-09-02 00:00:00,1.494948310258547
1988-09-06 00:00:00,1.494948310258547
1988-09-07 00:00:00,1.494948310258547
1988-09-08 00:00:00,1.494948310258547
1988-09-09 00:00:00,1.494948310258547
1988-09-12 00:00:00,1.494948310258547
1988-09-13 00:00:00,1.494948310258547
1988-09-14 00:00:00,1.494948310258547
1988-09-15 00:00:00,1.494948310258547
1988-09-16 00:00:00,1.494948310258547
1988-09-19 00:00:00,1.494948310258547
1988-09-20 00:00:00,1.494948310258547
1988-09-21 00:00:00,1.494948310258547
1988-09-22 00:00:00,1.494948310258547
1988-09-23 00:00:00,1.494948310258547
1988-09-26 00:00:00,1.494948310258547
1988-09-27 00:00:00,1.494948310258547
1988-09-28 00:00:00,1.494948310258547
1988-09-29 00:00:00,1.494948310258547
1988-09-30 00:00:00,1.494948310258547
1988-10-03 00:00:00,1.494948310258547
1988-10-04 00:00:00,1.494948310258547
1988-10-05 00:00:00,1.494948310258547
1988-10-06 00:00:00,1.494948310258547
1988-10-07 00:00:00,1.494948310258547
1988-10-11 00:00:00,1.494948310258547
1988-10-12 00:00:00,1.494948310258547
1988-10-13 00:00:00,1.494948310258547
1988-10-14 00:00:00,1.494948310258547
1988-10-17 00:00:00,1.494948310258547
1988-10-18 00:00:00,1.494948310258547
1988-10-19 00:00:00,1.494948310258547
1988-10-20 00:00:00,1.494948310258547
1988-10-21 00:00:00,1.494948310258547
1988-10-24 00:00:00,1.494948310258547
1988-10-25 00:00:00,1.494948310258547
1988-10-26 00:00:00,1.494948310258547
1988-10-27 00:00:00,1.494948310258547
1988-10-28 00:00:00,1.494948310258547
1988-10-31 00:00:00,1.494948310258547
1988-11-01 00:00:00,1.494948310258547
1988-11-02 00:00:00,1.494948310258547
1988-11-03 00:00:00,1.494948310258547
1988-11-04 00:00:00,1.494948310258547
1988-11-07 00:00:00,1.494948310258547
1988-11-08 00:00:00,1.494948310258547
1988-11-09 00:00:00,1.494948310258547
1988-11-10 00:00:00,1.494948310258547
1988-11-14 00:00:00,1.5047705724810079
1988-11-15 00:00:00,1.5055124478659614
1988-11-16 00:00:00,1.5167290141166188
1988-11-17 00:00:00,1.5107261288364735
1988-11-18 00:00:00,1.5087357123294427
1988-11-21 00:00:00,1.5157252225784872
1988-11-22 00:00:00,1.5210100025343476
1988-11-23 00:00:00,1.5253152256517442
1988-11-25 00:00:00,1.525823325327178
1988-11-28 00:00:00,1.5167290141166188
1988-11-29 00:00:00,1.5217679809409261
1988-11-30 00:00:00,1.5163524365247663
1988-12-01 00:00:00,1.5207575108340599
1988-12-02 00:00:00,1.5217679809409261
1988-12-05 00:00:00,1.526586109859086
1988-12-06 00:00:00,1.523032958481193
1988-12-07 00:00:00,1.5042763949530995
1988-12-08 00:00:00,1.5147227588069405
1988-12-09 00:00:00,1.520505102948444
1988-12-12 00:00:00,1.5143471766698695
1988-12-13 00:00:00,1.5099791075101985
1988-12-14 00:00:00,1.5154744822604427
1988-12-15 00:00:00,1.5097302645458763
1988-12-16 00:00:00,1.4971471229391038
1988-12-19 00:00:00,1.4966579391054362
1988-12-20 00:00:00,1.48657902560071
1988-12-21 00:00:00,1.4944605620333402
1988-12-22 00:00:00,1.492755946759716
1988-12-23 00:00:00,1.492269627832607
1988-12-27 00:00:00,1.492512747680739
1988-12-28 00:00:00,1.4841706351177604
1988-12-29 00:00:00,1.48657902560071
1988-12-30 00:00:00,1.4942168072523856
1989-01-03 00:00:00,1.5027958079501929
1989-01-04 00:00:00,1.4871823450104504
1989-01-05 00:00:00,1.4823694571625206
1989-01-06 00:00:00,1.470472431021569
1989-01-09 00:00:00,1.4624909395377357
1989-01-10 00:00:00,1.4599272104006973
1989-01-11 00:00:00,1.4653184347492225
1989-01-12 00:00:00,1.4653184347492225
1989-01-13 00:00:00,1.4653184347492225
1989-01-17 00:00:00,1.4653184347492225
1989-01-18 00:00:00,1.4653184347492225
1989-01-19 00:00:00,1.4653184347492225
1989-01-20 00:00:00,1.4653184347492225
1989-01-23 00:00:00,1.4653184347492225
1989-01-24 00:00:00,1.4653184347492225
1989-01-25 00:00:00,1.4653184347492225
1989-01-26 00:00:00,1.4653184347492225
1989-01-27 00:00:00,1.4653184347492225
1989-01-30 00:00:00,1.4653184347492225
1989-01-31 00:00:00,1.4653184347492225
1989-02-01 00:00:00,1.4653184347492225
1989-02-02 00:00:00,1.4653184347492225
1989-02-03 00:00:00,1.4653184347492225
1989-02-06 00:00:00,1.4653184347492225
1989-02-07 00:00:00,1.4653184347492225
1989-02-08 00:00:00,1.4653184347492225
1989-02-09 00:00:00,1.4653184347492225
1989-02-10 00:00:00,1.4653184347492225
1989-02-13 00:00:00,1.4653184347492225
1989-02-14 00:00:00,1.4653184347492225
1989-02-15 00:00:00,1.4653184347492225
1989-02-16 00:00:00,1.4653184347492225
1989-02-17 00:00:00,1.4653184347492225
1989-02-21 00:00:00,1.4653184347492225
1989-02-22 00:00:00,1.4653184347492225
1989-02-23 00:00:00,1.4653184347492225
1989-02-24 00:00:00,1.4653184347492225
1989-02-27 00:00:00,1.4653184347492225
1989-02-28 00:00:00,1.4653184347492225
1989-03-01 00:00:00,1.4653184347492225
1989-03-02 00:00:00,1.4653184347492225
1989-03-03 00:00:00,1.4653184347492225
1989-03-06 00:00:00,1.4653184347492225
1989-03-07 00:00:00,1.4653184347492225
1989-03-08 00:00:00,1.4653184347492225
1989-03-09 00:00:00,1.4653184347492225
1989-03-10 00:00:00,1.4653184347492225
1989-03-13 00:00:00,1.4653184347492225
1989-03-14 00:00:00,1.4653184347492225
1989-03-15 00:00:00,1.4653184347492225
1989-03-16 00:00:00,1.4653184347492225
1989-03-17 00:00:00,1.4653184347492225
1989-03-20 00:00:00,1.4653184347492225
1989-03-21 00:00:00,1.4653184347492225
1989-03-22 00:00:00,1.4653184347492225
1989-03-23 00:00:00,1.4653184347492225
1989-03-24 00:00:00,1.4653184347492225
1989-03-27 00:00:00,1.4653184347492225
1989-03-28 00:00:00,1.4653184347492225
1989-03-29 00:00:00,1.4653184347492225
1989-03-30 00:00:00,1.4653184347492225
1989-03-31 00:00:00,1.4653184347492225
1989-04-03 00:00:00,1.4653184347492225
1989-04-04 00:00:00,1.4653184347492225
1989-04-05 00:00:00,1.4653184347492225
1989-04-06 00:00:00,1.4653184347492225
1989-04-07 00:00:00,1.4653184347492225
1989-04-10 00:00:00,1.4653184347492225
1989-04-11 00:00:00,1.4653184347492225
1989-04-12 00:00:00,1.4653184347492225
1989-04-13 00:00:00,1.4653184347492225
1989-04-14 00:00:00,1.4653184347492225
1989-04-17 00:00:00,1.4653184347492225
1989-04-18 00:00:00,1.4653184347492225
1989-04-19 00:00:00,1.4653184347492225
1989-04-20 00:00:00,1.4653184347492225
1989-04-21 00:00:00,1.4653184347492225
1989-04-24 00:00:00,1.4653184347492225
1989-04-25 00:00:00,1.4653184347492225
1989-04-26 00:00:00,1.4653184347492225
1989-04-27 00:00:00,1.4653184347492225
1989-04-28 00:00:00,1.4653184347492225
1989-05-01 00:00:00,1.4653184347492225
1989-05-02 00:00:00,1.4653184347492225
1989-05-03 00:00:00,1.4653184347492225
1989-05-04 00:00:00,1.4653184347492225
1989-05-05 00:00:00,1.4653184347492225
1989-05-08 00:00:00,1.4653184347492225
1989-05-09 00:00:00,1.4653184347492225
1989-05-10 00:00:00,1.4653184347492225
1989-05-11 00:00:00,1.4653184347492225
1989-05-12 00:00:00,1.4653184347492225
1989-05-15 00:00:00,1.4653184347492225
1989-05-16 00:00:00,1.4653184347492225
1989-05-17 00:00:00,1.4653184347492225
1989-05-18 00:00:00,1.4653184347492225
1989-05-19 00:00:00,1.4653184347492225
1989-05-22 00:00:00,1.4653184347492225
1989-05-23 00:00:00,1.4653184347492225
1989-05-24 00:00:00,1.4653184347492225
1989-05-25 00:00:00,1.4653184347492225
1989-05-26 00:00:00,1.4653184347492225
1989-05-30 00:00:00,1.4653184347492225
1989-05-31 00:00:00,1.4653184347492225
1989-06-01 00:00:00,1.4653184347492225
1989-06-02 00:00:00,1.4653184347492225
1989-06-05 00:00:00,1.4653184347492225
1989-06-06 00:00:00,1.4653184347492225
1989-06-07 00:00:00,1.4653184347492225
1989-06-08 00:00:00,1.4653184347492225
1989-06-09 00:00:00,1.4653184347492225
1989-06-12 00:00:00,1.4653184347492225
1989-06-13 00:00:00,1.4653184347492225
1989-06-14 00:00:00,1.4653184347492225
1989-06-15 00:00:00,1.4653184347492225
1989-06-16 00:00:00,1.4653184347492225
1989-06-19 00:00:00,1.4653184347492225
1989-06-20 00:00:00,1.4653184347492225
1989-06-21 00:00:00,1.4653184347492225
1989-06-22 00:00:00,1.4653184347492225
1989-06-23 00:00:00,1.4653184347492225
1989-06-26 00:00:00,1.4653184347492225
1989-06-27 00:00:00,1.4653184347492225
1989-06-28 00:00:00,1.4653184347492225
1989-06-29 00:00:00,1.4653184347492225
1989-06-30 00:00:00,1.4653184347492225
1989-07-03 00:00:00,1.4653184347492225
1989-07-05 00:00:00,1.4653184347492225
1989-07-06 00:00:00,1.4653184347492225
1989-07-07 00:00:00,1.4653184347492225
1989-07-10 00:00:00,1.4653184347492225
1989-07-11 00:00:00,1.4653184347492225
1989-07-12 00:00:00,1.4653184347492225
1989-07-13 00:00:00,1.4653184347492225
1989-07-14 00:00:00,1.4653184347492225
1989-07-17 00:00:00,1.4653184347492225
1989-07-18 00:00:00,1.4653184347492225
1989-07-19 00:00:00,1.4653184347492225
1989-07-20 00:00:00,1.4653184347492225
1989-07-21 00:00:00,1.4653184347492225
1989-07-24 00:00:00,1.4653184347492225
1989-07-25 00:00:00,1.4653184347492225
1989-07-26 00:00:00,1.4653184347492225
1989-07-27 00:00:00,1.4653184347492225
1989-07-28 00:00:00,1.4653184347492225
1989-07-31 00:00:00,1.4653184347492225
1989-08-01 00:00:00,1.4653184347492225
1989-08-02 00:00:00,1.4653184347492225
1989-08-03 00:00:00,1.4653184347492225
1989-08-04 00:00:00,1.4653184347492225
1989-08-07 00:00:00,1.4653184347492225
1989-08-08 00:00:00,1.4653184347492225
1989-08-09 00:00:00,1.4653184347492225
1989-08-10 00:00:00,1.4653184347492225
1989-08-11 00:00:00,1.4653184347492225
1989-08-14 00:00:00,1.4653184347492225
1989-08-15 00:00:00,1.4653184347492225
1989-08-16 00:00:00,1.4653184347492225
1989-08-17 00:00:00,1.4653184347492225
1989-08-18 00:00:00,1.4653184347492225
1989-08-21 00:00:00,1.4653184347492225
1989-08-22 00:00:00,1.4653184347492225
1989-08-23 00:00:00,1.4653184347492225
1989-08-24 00:00:00,1.4653184347492225
1989-08-25 00:00:00,1.4653184347492225
1989-08-28 00:00:00,1.4653184347492225
1989-08-29 00:00:00,1.4653184347492225
1989-08-30 00:00:00,1.4653184347492225
1989-08-31 00:00:00,1.4653184347492225
1989-09-01 00:00:00,1.4653184347492225
1989-09-05 00:00:00,1.4653184347492225
1989-09-06 00:00:00,1.4653184347492225
1989-09-07 00:00:00,1.4653184347492225
1989-09-08 00:00:00,1.4653184347492225
1989-09-11 00:00:00,1.4653184347492225
1989-09-12 00:00:00,1.4653184347492225
1989-09-13 00:00:00,1.4653184347492225
1989-09-14 00:00:00,1.4653184347492225
1989-09-15 00:00:00,1.4653184347492225
1989-09-18 00:00:00,1.4653184347492225
1989-09-19 00:00:00,1.4653184347492225
1989-09-20 00:00:00,1.4653184347492225
1989-09-21 00:00:00,1.4653184347492225
1989-09-22 00:00:00,1.4653184347492225
1989-09-25 00:00:00,1.4653184347492225
1989-09-26 00:00:00,1.4653184347492225
1989-09-27 00:00:00,1.4653184347492225
1989-09-28 00:00:00,1.4653184347492225
1989-09-29 00:00:00,1.4653184347492225
1989-10-02 00:00:00,1.4653184347492225
1989-10-03 00:00:00,1.457165194617697
1989-10-04 00:00:00,1.4628175033633044
1989-10-05 00:00:00,1.4537947277064762
1989-10-06 00:00:00,1.4549164828976078
1989-10-10 00:00:00,1.4471003544399845
1989-10-11 00:00:00,1.4349861201181884
1989-10-12 00:00:00,1.436297807613726
1989-10-13 00:00:00,1.4459906149043709
1989-10-16 00:00:00,1.4566023652648123
1989-10-17 00:00:00,1.462590569217577
1989-10-18 00:00:00,1.4612304415958615
1989-10-19 00:00:00,1.464408016336828
1989-10-20 00:00:00,1.4605513259762197
1989-10-23 00:00:00,1.461570236288117
1989-10-24 00:00:00,1.4732180340927417
1989-10-25 00:00:00,1.4729878617571284
1989-10-26 00:00:00,1.4726427380781784
1989-10-27 00:00:00,1.4747159094597997
1989-10-30 00:00:00,1.4717231984352948
1989-10-31 00:00:00,1.468513833205062
1989-11-01 00:00:00,1.470116764256432
1989-11-02 00:00:00,1.4639532312385866
1989-11-03 00:00:00,1.4657740685908733
1989-11-06 00:00:00,1.4641805884728216
1989-11-07 00:00:00,1.4673710208835018
1989-11-08 00:00:00,1.468513833205062
1989-11-09 00:00:00,1.4669143938348372
1989-11-10 00:00:00,1.4594208682935756
1989-11-13 00:00:00,1.4537947277064762
1989-11-14 00:00:00,1.4616835363064338
1989-11-15 00:00:00,1.4621369120931293
1989-11-16 00:00:00,1.4616835363064338
1989-11-17 00:00:00,1.4622502999886
1989-11-20 00:00:00,1.4612304415958615
1989-11-21 00:00:00,1.4639532312385866
1989-11-22 00:00:00,1.4650907240367521
1989-11-24 00:00:00,1.4682851283564085
1989-11-27 00:00:00,1.4721828246684103
1989-11-28 00:00:00,1.4742547004185302
1989-11-29 00:00:00,1.47728122095492
1989-11-30 00:00:00,1.47728122095492
1989-12-01 00:00:00,1.4761243836636475
1989-12-04 00:00:00,1.4770497084614307
1989-12-05 00:00:00,1.47867182141393
1989-12-06 00:00:00,1.4849620591921202
1989-12-07 00:00:00,1.4828593753449322
1989-12-08 00:00:00,1.4807626378149863
1989-12-11 00:00:00,1.484260502313762
1989-12-12 00:00:00,1.503198435357638
1989-12-13 00:00:00,1.500804807275858
1989-12-14 00:00:00,1.4993722859835175
1989-12-15 00:00:00,1.5055997108134804
1989-12-18 00:00:00,1.5014024993536264
1989-12-19 00:00:00,1.5003269961305934
1989-12-20 00:00:00,1.4965154318342948
1989-12-21 00:00:00,1.503438218167553
1989-12-22 00:00:00,1.5104253509122418
1989-12-26 00:00:00,1.5177220917379048
1989-12-27 00:00:00,1.5221340745627243
1989-12-28 00:00:00,1.5177220917379048
1989-12-29 00:00:00,1.5185779730431626
1990-01-02 00:00:00,1.512849789677751
1990-01-03 00:00:00,1.503198435357638
1990-01-04 00:00:00,1.5260774270874982
1990-01-05 00:00:00,1.5270664597686956
1990-01-08 00:00:00,1.5350251123277507
1990-01-09 00:00:00,1.532279985318223
1990-01-10 00:00:00,1.5345252669639187
1990-01-11 00:00:00,1.5330276821230302
1990-01-12 00:00:00,1.5385331684120778
1990-01-16 00:00:00,1.5280567752419567
1990-01-17 00:00:00,1.5290483760046059
1990-01-18 00:00:00,1.5195573058754355
1990-01-19 00:00:00,1.5158913051374974
1990-01-22 00:00:00,1.506080886815658
1990-01-23 00:00:00,1.5188226878885487
1990-01-24 00:00:00,1.528800355181247
1990-01-25 00:00:00,1.5275614570003873
1990-01-26 00:00:00,1.5250896747075064
1990-01-29 00:00:00,1.5350251123277507
1990-01-30 00:00:00,1.5333329246153882
1990-01-31 00:00:00,1.5333329246153882
1990-02-01 00:00:00,1.5458806572227153
1990-02-02 00:00:00,1.5358261488830556
1990-02-05 00:00:00,1.5443640967349237
1990-02-06 00:00:00,1.5535083578340119
1990-02-07 00:00:00,1.558635448123893
1990-02-08 00:00:00,1.5420948270417616
1990-02-09 00:00:00,1.538703399141613
1990-02-12 00:00:00,1.5425985326850875
1990-02-13 00:00:00,1.5383274944024092
1990-02-14 00:00:00,1.5408370009185628
1990-02-15 00:00:00,1.5383274944024092
1990-02-16 00:00:00,1.5378265736943653
1990-02-20 00:00:00,1.5028370430597917
1990-02-21 00:00:00,1.5479073771928533
1990-02-22 00:00:00,1.5500665981177963
1990-02-23 00:00:00,1.551212155629954
1990-02-26 00:00:00,1.5452483951952216
1990-02-27 00:00:00,1.5455012379335338
1990-02-28 00:00:00,1.5417172636302605
1990-03-01 00:00:00,1.52960822925195
1990-03-02 00:00:00,1.5271351359144367
1990-03-05 00:00:00,1.5339554714788128
1990-03-06 00:00:00,1.534578524066741
1990-03-07 00:00:00,1.5263947665854543
1990-03-08 00:00:00,1.5308477821119597
1990-03-09 00:00:00,1.52960822925195
1990-03-12 00:00:00,1.524670026736205
1990-03-13 00:00:00,1.5209872488938472
1990-03-14 00:00:00,1.5244239534588109
1990-03-15 00:00:00,1.5302277546586944
1990-03-16 00:00:00,1.5370758040082657
1990-03-19 00:00:00,1.5408370009185628
1990-03-20 00:00:00,1.5358261488830556
1990-03-21 00:00:00,1.5289892052822003
1990-03-22 00:00:00,1.5298559792080968
1990-03-23 00:00:00,1.5308477821119597
1990-03-26 00:00:00,1.5287417359603126
1990-03-27 00:00:00,1.5308477821119597
1990-03-28 00:00:00,1.5303517199661039
1990-03-29 00:00:00,1.5372413946087027
1990-03-30 00:00:00,1.5372413946087027
1990-04-02 00:00:00,1.5265054225495547
1990-04-03 00:00:00,1.5307319033611742
1990-04-04 00:00:00,1.529237534435016
1990-04-05 00:00:00,1.5294863932689355
1990-04-06 00:00:00,1.5321043095016071
1990-04-09 00:00:00,1.533729420143213
1990-04-10 00:00:00,1.5362363332196154
1990-04-11 00:00:00,1.5429194593511628
1990-04-12 00:00:00,1.5395075981388384
1990-04-13 00:00:00,1.5407694896127226
1990-04-16 00:00:00,1.5387514549177488
1990-04-17 00:00:00,1.5400121066094723
1990-04-18 00:00:00,1.5445676066783252
1990-04-19 00:00:00,1.5450754375534455
1990-04-20 00:00:00,1.5351072089240687
1990-04-23 00:00:00,1.5317297729200796
1990-04-24 00:00:00,1.5324790292903325
1990-04-25 00:00:00,1.5387514549177488
1990-04-26 00:00:00,1.5391294336588242
1990-04-27 00:00:00,1.543679705450868
1990-04-30 00:00:00,1.541274825621123
1990-05-01 00:00:00,1.5395075981388384
1990-05-02 00:00:00,1.5414012114206819
1990-05-03 00:00:00,1.541527617949419
1990-05-04 00:00:00,1.5458378103022383
1990-05-07 00:00:00,1.5540168463355832
1990-05-08 00:00:00,1.5547880705769412
1990-05-09 00:00:00,1.565405377521254
1990-05-10 00:00:00,1.5615042177500598
1990-05-11 00:00:00,1.5686712653989165
1990-05-14 00:00:00,1.5629323832439694
1990-05-15 00:00:00,1.5616339431149968
1990-05-16 00:00:00,1.5628024420747602
1990-05-17 00:00:00,1.560855914080812
1990-05-18 00:00:00,1.561244831667377
1990-05-21 00:00:00,1.5511955581181065
1990-05-22 00:00:00,1.5474922016362243
1990-05-23 00:00:00,1.547747037733653
1990-05-24 00:00:00,1.5458378103022383
1990-05-25 00:00:00,1.5414457895433282
1990-05-29 00:00:00,1.5414457895433282
1990-05-30 00:00:00,1.5380223268208086
1990-05-31 00:00:00,1.5243549182423424
1990-06-01 00:00:00,1.5293421746409759
1990-06-04 00:00:00,1.5268444738821305
1990-06-05 00:00:00,1.5303435445376143
1990-06-06 00:00:00,1.5322246519020382
1990-06-07 00:00:00,1.5292170955394269
1990-06-08 00:00:00,1.5233613677008777
1990-06-11 00:00:00,1.5251009320685622
1990-06-12 00:00:00,1.5280923036254144
1990-06-13 00:00:00,1.5304688079856406
1990-06-14 00:00:00,1.5303435445376143
1990-06-15 00:00:00,1.5255986804145376
1990-06-18 00:00:00,1.5370108859153782
1990-06-19 00:00:00,1.543481709357815
1990-06-20 00:00:00,1.5384019604377632
1990-06-21 00:00:00,1.5378958239151646
1990-06-22 00:00:00,1.5424630776407005
1990-06-25 00:00:00,1.5394152335880595
1990-06-26 00:00:00,1.5459063602447765
1990-06-27 00:00:00,1.5494934471832742
1990-06-28 00:00:00,1.5468015740536545
1990-06-29 00:00:00,1.5484668676737534
1990-07-02 00:00:00,1.5555521985990495
1990-07-03 00:00:00,1.5589242477205745
1990-07-05 00:00:00,1.5606157605509199
1990-07-06 00:00:00,1.5586643403768399
1990-07-09 00:00:00,1.5666307018986652
1990-07-10 00:00:00,1.5680759331734797
1990-07-11 00:00:00,1.563094585116249
1990-07-12 00:00:00,1.5576255770710243
1990-07-13 00:00:00,1.5662370101491516
1990-07-16 00:00:00,1.5636174466600241
1990-07-17 00:00:00,1.5670245916158707
1990-07-18 00:00:00,1.5707104693515266
1990-07-19 00:00:00,1.5688653655949465
1990-07-20 00:00:00,1.570446617433275
1990-07-23 00:00:00,1.580134997647306
1990-07-24 00:00:00,1.585225725066602
1990-07-25 00:00:00,1.5834204486994412
1990-07-26 00:00:00,1.5834204486994412
1990-07-27 00:00:00,1.589469168579872
1990-07-30 00:00:00,1.5948847364455614
1990-07-31 00:00:00,1.6105235511672882
1990-08-01 00:00:00,1.6062406112954355
1990-08-02 00:00:00,1.6033521840958116
1990-08-03 00:00:00,1.6043138382204516
1990-08-06 00:00:00,1.6149686739581588
1990-08-07 00:00:00,1.6124652778049338
1990-08-08 00:00:00,1.6017063135903242
1990-08-09 00:00:00,1.603626824757699
1990-08-10 00:00:00,1.6072057344095185
1990-08-13 00:00:00,1.61747985537931
1990-08-14 00:00:00,1.6228069687875621
1990-08-15 00:00:00,1.6256248312094885
1990-08-16 00:00:00,1.626613396392224
1990-08-17 00:00:00,1.6352791970192921
1990-08-20 00:00:00,1.628452496596877
1990-08-21 00:00:00,1.6295863190488156
1990-08-22 00:00:00,1.6295863190488156
1990-08-23 00:00:00,1.6364225490186064
1990-08-24 00:00:00,1.628169287467034
1990-08-27 00:00:00,1.6391444284225591
1990-08-28 00:00:00,1.636565580444969
1990-08-29 00:00:00,1.6329972794235907
1990-08-30 00:00:00,1.6252015281547514
1990-08-31 00:00:00,1.6172004496347292
1990-09-04 00:00:00,1.610662090827604
1990-09-05 00:00:00,1.6268960644600654
1990-09-06 00:00:00,1.6324277947577064
1990-09-07 00:00:00,1.6270374353381034
1990-09-10 00:00:00,1.6162232892422004
1990-09-11 00:00:00,1.6072057344095185
1990-09-12 00:00:00,1.6141333453336975
1990-09-13 00:00:00,1.6253426046762927
1990-09-14 00:00:00,1.6318587071527708
1990-09-17 00:00:00,1.6367086368768264
1990-09-18 00:00:00,1.643027975243146
1990-09-19 00:00:00,1.625483705692412
1990-09-20 00:00:00,1.61747985537931
1990-09-21 00:00:00,1.6178436260582072
1990-09-24 00:00:00,1.6178436260582072
1990-09-25 00:00:00,1.6144731185039192
1990-09-26 00:00:00,1.6088867063291652
1990-09-27 00:00:00,1.6066629513791597
1990-09-28 00:00:00,1.613632684813912
1990-10-01 00:00:00,1.623917779198913
1990-10-02 00:00:00,1.6206631513737497
1990-10-03 00:00:00,1.6291810025547608
1990-10-04 00:00:00,1.6385102920593029
1990-10-05 00:00:00,1.6379330977688376
1990-10-09 00:00:00,1.6526328705495958
1990-10-10 00:00:00,1.6482391284265463
1990-10-11 00:00:00,1.645031870260495
1990-10-12 00:00:00,1.6511656893790085
1990-10-15 00:00:00,1.6480930726774616
1990-10-16 00:00:00,1.6542497843249269
1990-10-17 00:00:00,1.655722453945086
1990-10-18 00:00:00,1.6571977479430766
1990-10-19 00:00:00,1.6678979755327012
1990-10-22 00:00:00,1.6582320190054523
1990-10-23 00:00:00,1.6548385376959827
1990-10-24 00:00:00,1.6614910063574373
1990-10-25 00:00:00,1.6591195651351605
1990-10-26 00:00:00,1.6546913100680742
1990-10-29 00:00:00,1.6517522491265677
1990-10-30 00:00:00,1.6497011109779272
1990-10-31 00:00:00,1.6485313176001728
1990-11-01 00:00:00,1.6546913100680742
1990-11-02 00:00:00,1.6606009218897455
1990-11-05 00:00:00,1.6748068730450383
1990-11-06 00:00:00,1.6773746685755007
1990-11-07 00:00:00,1.6802538915137002
1990-11-08 00:00:00,1.6714954907131438
1990-11-09 00:00:00,1.6704446133613393
1990-11-13 00:00:00,1.6761653140920287
1990-11-14 00:00:00,1.6776772799174768
1990-11-15 00:00:00,1.6755612905554191
1990-11-16 00:00:00,1.679191975908735
1990-11-19 00:00:00,1.679040383241415
1990-11-20 00:00:00,1.6766186176115705
1990-11-21 00:00:00,1.6735677814905041
1990-11-23 00:00:00,1.6735677814905041
1990-11-26 00:00:00,1.6687677304904418
1990-11-27 00:00:00,1.6788495553725753
1990-11-28 00:00:00,1.6732669694510522
1990-11-29 00:00:00,1.6632518821763318
1990-11-30 00:00:00,1.6568872091378355
1990-12-03 00:00:00,1.6441576800672784
1990-12-04 00:00:00,1.6510101595355022
1990-12-05 00:00:00,1.6483790676477963
1990-12-06 00:00:00,1.6613225278024322
1990-12-07 00:00:00,1.6720648018932969
1990-12-10 00:00:00,1.6750734655044408
1990-12-11 00:00:00,1.6677213874132801
1990-12-12 00:00:00,1.6692165652754043
1990-12-13 00:00:00,1.668917315263702
1990-12-14 00:00:00,1.6659307058949409
1990-12-17 00:00:00,1.6601374560037323
1990-12-18 00:00:00,1.6614707807497644
1990-12-19 00:00:00,1.6657816559973033
1990-12-20 00:00:00,1.6477955189912257
1990-12-21 00:00:00,1.6263488442594216
1990-12-24 00:00:00,1.6114282126607113
1990-12-26 00:00:00,1.6256388342863755
1990-12-27 00:00:00,1.6237957063563457
1990-12-28 00:00:00,1.6529156222551367
1990-12-31 00:00:00,1.6524755098146677
1991-01-02 00:00:00,1.6616190601590235
1991-01-03 00:00:00,1.6611743013099445
1991-01-04 00:00:00,1.6507174012839665
1991-01-07 00:00:00,1.6274861511435192
1991-01-08 00:00:00,1.6299082175507187
1991-01-09 00:00:00,1.6469209702858787
1991-01-10 00:00:00,1.6307647866411368
1991-01-11 00:00:00,1.6331966288668296
1991-01-14 00:00:00,1.6239373370328705
1991-01-15 00:00:00,1.621956753121514
1991-01-16 00:00:00,1.62238075715248
1991-01-17 00:00:00,1.6472123833567953
1991-01-18 00:00:00,1.6571821601318968
1991-01-22 00:00:00,1.6665271723130912
1991-01-23 00:00:00,1.671412582061553
1991-01-24 00:00:00,1.671412582061553
1991-01-25 00:00:00,1.6666174231386583
1991-01-28 00:00:00,1.6711120763833684
1991-01-29 00:00:00,1.6729167330533292
1991-01-30 00:00:00,1.6703612847235687
1991-01-31 00:00:00,1.679870842010536
1991-02-01 00:00:00,1.688721905676653
1991-02-04 00:00:00,1.69426273584475
1991-02-05 00:00:00,1.6944171668661556
1991-02-06 00:00:00,1.7034225911929437
1991-02-07 00:00:00,1.7054541961182195
1991-02-08 00:00:00,1.6995292318237882
1991-02-11 00:00:00,1.7079612952672358
1991-02-12 00:00:00,1.7003064792544218
1991-02-13 00:00:00,1.6149292622438185
1991-02-14 00:00:00,1.6908723610777328
1991-02-15 00:00:00,1.6830648019636572
1991-02-19 00:00:00,1.6673648522458155
1991-02-20 00:00:00,1.6661692872356901
1991-02-21 00:00:00,1.670961864061896
1991-02-22 00:00:00,1.659920594489561
1991-02-25 00:00:00,1.6443565446871822
1991-02-26 00:00:00,1.6446475039979291
1991-02-27 00:00:00,1.6431937362051263
1991-02-28 00:00:00,1.6392813701665427
1991-03-01 00:00:00,1.6302245670164512
1991-03-04 00:00:00,1.6295100576515247
1991-03-05 00:00:00,1.6319419487041167
1991-03-06 00:00:00,1.627227830680024
1991-03-07 00:00:00,1.6201368953885822
1991-03-08 00:00:00,1.6097549997998435
1991-03-11 00:00:00,1.595250213480528
1991-03-12 00:00:00,1.6008827710720457
1991-03-13 00:00:00,1.5982676242531677
1991-03-14 00:00:00,1.5967574933592679
1991-03-15 00:00:00,1.5816770813995231
1991-03-18 00:00:00,1.556644677414888
1991-03-19 00:00:00,1.5406473344678098
1991-03-20 00:00:00,1.5486046932429687
1991-03-21 00:00:00,1.5556025721915143
1991-03-22 00:00:00,1.5499114817873993
1991-03-25 00:00:00,1.5499114817873993
1991-03-26 00:00:00,1.5499114817873993
1991-03-27 00:00:00,1.5499114817873993
1991-03-28 00:00:00,1.5499114817873993
1991-03-29 00:00:00,1.5499114817873993
1991-04-01 00:00:00,1.5499114817873993
1991-04-02 00:00:00,1.5499114817873993
1991-04-03 00:00:00,1.5499114817873993
1991-04-04 00:00:00,1.5499114817873993
1991-04-05 00:00:00,1.5499114817873993
1991-04-08 00:00:00,1.5499114817873993
1991-04-09 00:00:00,1.5499114817873993
1991-04-10 00:00:00,1.5499114817873993
1991-04-11 00:00:00,1.5499114817873993
1991-04-12 00:00:00,1.5499114817873993
1991-04-15 00:00:00,1.5499114817873993
1991-04-16 00:00:00,1.5499114817873993
1991-04-17 00:00:00,1.5499114817873993
1991-04-18 00:00:00,1.5499114817873993
1991-04-19 00:00:00,1.5499114817873993
1991-04-22 00:00:00,1.5499114817873993
1991-04-23 00:00:00,1.5499114817873993
1991-04-24 00:00:00,1.5499114817873993
1991-04-25 00:00:00,1.5499114817873993
1991-04-26 00:00:00,1.5499114817873993
1991-04-29 00:00:00,1.5499114817873993
1991-04-30 00:00:00,1.5499114817873993
1991-05-01 00:00:00,1.5499114817873993
1991-05-02 00:00:00,1.5499114817873993
1991-05-03 00:00:00,1.5499114817873993
1991-05-06 00:00:00,1.5499114817873993
1991-05-07 00:00:00,1.5499114817873993
1991-05-08 00:00:00,1.5499114817873993
1991-05-09 00:00:00,1.5499114817873993
1991-05-10 00:00:00,1.5499114817873993
1991-05-13 00:00:00,1.5499114817873993
1991-05-14 00:00:00,1.5499114817873993
1991-05-15 00:00:00,1.5499114817873993
1991-05-16 00:00:00,1.5499114817873993
1991-05-17 00:00:00,1.5499114817873993
1991-05-20 00:00:00,1.5499114817873993
1991-05-21 00:00:00,1.5499114817873993
1991-05-22 00:00:00,1.5499114817873993
1991-05-23 00:00:00,1.5499114817873993
1991-05-24 00:00:00,1.5499114817873993
1991-05-28 00:00:00,1.5499114817873993
1991-05-29 00:00:00,1.5499114817873993
1991-05-30 00:00:00,1.5499114817873993
1991-05-31 00:00:00,1.5499114817873993
1991-06-03 00:00:00,1.5499114817873993
1991-06-04 00:00:00,1.5499114817873993
1991-06-05 00:00:00,1.5499114817873993
1991-06-06 00:00:00,1.5499114817873993
1991-06-07 00:00:00,1.5499114817873993
1991-06-10 00:00:00,1.5499114817873993
1991-06-11 00:00:00,1.5499114817873993
1991-06-12 00:00:00,1.5499114817873993
1991-06-13 00:00:00,1.5499114817873993
1991-06-14 00:00:00,1.5499114817873993
1991-06-17 00:00:00,1.5499114817873993
1991-06-18 00:00:00,1.5499114817873993
1991-06-19 00:00:00,1.5499114817873993
1991-06-20 00:00:00,1.5499114817873993
1991-06-21 00:00:00,1.5499114817873993
1991-06-24 00:00:00,1.5499114817873993
1991-06-25 00:00:00,1.5499114817873993
1991-06-26 00:00:00,1.5499114817873993
1991-06-27 00:00:00,1.5499114817873993
1991-06-28 00:00:00,1.5499114817873993
1991-07-01 00:00:00,1.5499114817873993
1991-07-02 00:00:00,1.5499114817873993
1991-07-03 00:00:00,1.5499114817873993
1991-07-05 00:00:00,1.5499114817873993
1991-07-08 00:00:00,1.5499114817873993
1991-07-09 00:00:00,1.5499114817873993
1991-07-10 00:00:00,1.5499114817873993
1991-07-11 00:00:00,1.5499114817873993
1991-07-12 00:00:00,1.5499114817873993
1991-07-15 00:00:00,1.5499114817873993
1991-07-16 00:00:00,1.5499114817873993
1991-07-17 00:00:00,1.5499114817873993
1991-07-18 00:00:00,1.5499114817873993
1991-07-19 00:00:00,1.5499114817873993
1991-07-22 00:00:00,1.5499114817873993
1991-07-23 00:00:00,1.5499114817873993
1991-07-24 00:00:00,1.5499114817873993
1991-07-25 00:00:00,1.5499114817873993
1991-07-26 00:00:00,1.5499114817873993
1991-07-29 00:00:00,1.5499114817873993
1991-07-30 00:00:00,1.5499114817873993
1991-07-31 00:00:00,1.5499114817873993
1991-08-01 00:00:00,1.5499114817873993
1991-08-02 00:00:00,1.5499114817873993
1991-08-05 00:00:00,1.5499114817873993
1991-08-06 00:00:00,1.5499114817873993
1991-08-07 00:00:00,1.5499114817873993
1991-08-08 00:00:00,1.5499114817873993
1991-08-09 00:00:00,1.5499114817873993
1991-08-12 00:00:00,1.5499114817873993
1991-08-13 00:00:00,1.5499114817873993
1991-08-14 00:00:00,1.5499114817873993
1991-08-15 00:00:00,1.5499114817873993
1991-08-16 00:00:00,1.5499114817873993
1991-08-19 00:00:00,1.5499114817873993
1991-08-20 00:00:00,1.5499114817873993
1991-08-21 00:00:00,1.5499114817873993
1991-08-22 00:00:00,1.5499114817873993
1991-08-23 00:00:00,1.5499114817873993
1991-08-26 00:00:00,1.5499114817873993
1991-08-27 00:00:00,1.5499114817873993
1991-08-28 00:00:00,1.5499114817873993
1991-08-29 00:00:00,1.5499114817873993
1991-08-30 00:00:00,1.5499114817873993
1991-09-03 00:00:00,1.5499114817873993
1991-09-04 00:00:00,1.5499114817873993
1991-09-05 00:00:00,1.5499114817873993
1991-09-06 00:00:00,1.5499114817873993
1991-09-09 00:00:00,1.5499114817873993
1991-09-10 00:00:00,1.5499114817873993
1991-09-11 00:00:00,1.5499114817873993
1991-09-12 00:00:00,1.5499114817873993
1991-09-13 00:00:00,1.5499114817873993
1991-09-16 00:00:00,1.5499114817873993
1991-09-17 00:00:00,1.5499114817873993
1991-09-18 00:00:00,1.5499114817873993
1991-09-19 00:00:00,1.5499114817873993
1991-09-20 00:00:00,1.5499114817873993
1991-09-23 00:00:00,1.5499114817873993
1991-09-24 00:00:00,1.5499114817873993
1991-09-25 00:00:00,1.5499114817873993
1991-09-26 00:00:00,1.5499114817873993
1991-09-27 00:00:00,1.5499114817873993
1991-09-30 00:00:00,1.5499114817873993
1991-10-01 00:00:00,1.5499114817873993
1991-10-02 00:00:00,1.5499114817873993
1991-10-03 00:00:00,1.5499114817873993
1991-10-04 00:00:00,1.5499114817873993
1991-10-07 00:00:00,1.5499114817873993
1991-10-08 00:00:00,1.5499114817873993
1991-10-09 00:00:00,1.5499114817873993
1991-10-10 00:00:00,1.5499114817873993
1991-10-11 00:00:00,1.5499114817873993
1991-10-15 00:00:00,1.5499114817873993
1991-10-16 00:00:00,1.5499114817873993
1991-10-17 00:00:00,1.5499114817873993
1991-10-18 00:00:00,1.5499114817873993
1991-10-21 00:00:00,1.5499114817873993
1991-10-22 00:00:00,1.5499114817873993
1991-10-23 00:00:00,1.5499114817873993
1991-10-24 00:00:00,1.5499114817873993
1991-10-25 00:00:00,1.5499114817873993
1991-10-28 00:00:00,1.5499114817873993
1991-10-29 00:00:00,1.5499114817873993
1991-10-30 00:00:00,1.5499114817873993
1991-10-31 00:00:00,1.5499114817873993
1991-11-01 00:00:00,1.5551571785641274
1991-11-04 00:00:00,1.5825919070166194
1991-11-05 00:00:00,1.5715026744349219
1991-11-06 00:00:00,1.5738658363513651
1991-11-07 00:00:00,1.5816618303354748
1991-11-08 00:00:00,1.570585582419828
1991-11-12 00:00:00,1.5749184134029293
1991-11-13 00:00:00,1.573602911888226
1991-11-14 00:00:00,1.5791428383173378
1991-11-15 00:00:00,1.5717648974742064
1991-11-18 00:00:00,1.6029247052774476
1991-11-19 00:00:00,1.6117010917209205
1991-11-20 00:00:00,1.607986860799406
1991-11-21 00:00:00,1.6137719771394416
1991-11-22 00:00:00,1.622248692080069
1991-11-25 00:00:00,1.623646820746862
1991-11-26 00:00:00,1.6240667294073998
1991-11-27 00:00:00,1.591012081844932
1991-11-29 00:00:00,1.5813962948985008
1991-12-02 00:00:00,1.5970815582507492
1991-12-03 00:00:00,1.594243383356676
1991-12-04 00:00:00,1.5911464578653582
1991-12-05 00:00:00,1.6173741467312706
1991-12-06 00:00:00,1.6350611058085263
1991-12-09 00:00:00,1.6342101024571338
1991-12-10 00:00:00,1.628559306805484
1991-12-11 00:00:00,1.6327937303801214
1991-12-12 00:00:00,1.6320864646214888
1991-12-13 00:00:00,1.630250437965199
1991-12-16 00:00:00,1.6337849328875067
1991-12-17 00:00:00,1.6401857967199929
1991-12-18 00:00:00,1.6429034674392464
1991-12-19 00:00:00,1.6514002507999508
1991-12-20 00:00:00,1.6790707719363491
1991-12-23 00:00:00,1.7009005111164535
1991-12-24 00:00:00,1.690521721206554
1991-12-26 00:00:00,1.7049026299661394
1991-12-27 00:00:00,1.6963059662457987
1991-12-30 00:00:00,1.6960005456541085
1991-12-31 00:00:00,1.6952302615802919
1992-01-02 00:00:00,1.6952302615802919
1992-01-03 00:00:00,1.6768920729020869
1992-01-06 00:00:00,1.7068581947824673
1992-01-07 00:00:00,1.7037827746116883
1992-01-08 00:00:00,1.7096355811055628
1992-01-09 00:00:00,1.6798710959486356
1992-01-10 00:00:00,1.6402418732168027
1992-01-13 00:00:00,1.6473857838144368
1992-01-14 00:00:00,1.639246667087608
1992-01-15 00:00:00,1.602710915100825
1992-01-16 00:00:00,1.6039342547866793
1992-01-17 00:00:00,1.6164092989905758
1992-01-21 00:00:00,1.6419507551823005
1992-01-22 00:00:00,1.637685209403337
1992-01-23 00:00:00,1.6303438619129085
1992-01-24 00:00:00,1.6383945939694826
1992-01-27 00:00:00,1.6114509882574757
1992-01-28 00:00:00,1.6280982092105492
1992-01-29 00:00:00,1.6357021966951857
1992-01-30 00:00:00,1.6076155047764142
1992-01-31 00:00:00,1.6197318258127558
1992-02-03 00:00:00,1.6269777011519042
1992-02-04 00:00:00,1.6335828624159745
1992-02-05 00:00:00,1.6357021966951857
1992-02-06 00:00:00,1.64709883279827
1992-02-07 00:00:00,1.6655208100563395
1992-02-10 00:00:00,1.655896050975373
1992-02-11 00:00:00,1.6340062898038479
1992-02-12 00:00:00,1.6194544269729179
1992-02-13 00:00:00,1.6063865453316688
1992-02-14 00:00:00,1.601082695410577
1992-02-18 00:00:00,1.5816667055440108
1992-02-19 00:00:00,1.5816667055440108
1992-02-20 00:00:00,1.5817989961684291
1992-02-21 00:00:00,1.5798169574964276
1992-02-24 00:00:00,1.5825932048694342
1992-02-25 00:00:00,1.5905793774760082
1992-02-26 00:00:00,1.5804770849230936
1992-02-27 00:00:00,1.5863100820491307
1992-02-28 00:00:00,1.5925885303738725
1992-03-02 00:00:00,1.587399810282545
1992-03-03 00:00:00,1.587399810282545
1992-03-04 00:00:00,1.587399810282545
1992-03-05 00:00:00,1.587399810282545
1992-03-06 00:00:00,1.587399810282545
1992-03-09 00:00:00,1.587399810282545
1992-03-10 00:00:00,1.587399810282545
1992-03-11 00:00:00,1.587399810282545
1992-03-12 00:00:00,1.587399810282545
1992-03-13 00:00:00,1.587399810282545
1992-03-16 00:00:00,1.587399810282545
1992-03-17 00:00:00,1.587399810282545
1992-03-18 00:00:00,1.587399810282545
1992-03-19 00:00:00,1.587399810282545
1992-03-20 00:00:00,1.587399810282545
1992-03-23 00:00:00,1.587399810282545
1992-03-24 00:00:00,1.587399810282545
1992-03-25 00:00:00,1.587399810282545
1992-03-26 00:00:00,1.587399810282545
1992-03-27 00:00:00,1.587399810282545
1992-03-30 00:00:00,1.587399810282545
1992-03-31 00:00:00,1.587399810282545
1992-04-01 00:00:00,1.587399810282545
1992-04-02 00:00:00,1.587399810282545
1992-04-03 00:00:00,1.587399810282545
1992-04-06 00:00:00,1.587399810282545
1992-04-07 00:00:00,1.587399810282545
1992-04-08 00:00:00,1.587399810282545
1992-04-09 00:00:00,1.587399810282545
1992-04-10 00:00:00,1.587399810282545
1992-04-13 00:00:00,1.587399810282545
1992-04-14 00:00:00,1.587399810282545
1992-04-15 00:00:00,1.587399810282545
1992-04-16 00:00:00,1.587399810282545
1992-04-17 00:00:00,1.587399810282545
1992-04-20 00:00:00,1.587399810282545
1992-04-21 00:00:00,1.587399810282545
1992-04-22 00:00:00,1.587399810282545
1992-04-23 00:00:00,1.587399810282545
1992-04-24 00:00:00,1.587399810282545
1992-04-27 00:00:00,1.587399810282545
1992-04-28 00:00:00,1.587399810282545
1992-04-29 00:00:00,1.587399810282545
1992-04-30 00:00:00,1.587399810282545
1992-05-01 00:00:00,1.587399810282545
1992-05-04 00:00:00,1.587399810282545
1992-05-05 00:00:00,1.587399810282545
1992-05-06 00:00:00,1.587399810282545
1992-05-07 00:00:00,1.587399810282545
1992-05-08 00:00:00,1.587399810282545
1992-05-11 00:00:00,1.587399810282545
1992-05-12 00:00:00,1.587399810282545
1992-05-13 00:00:00,1.587399810282545
1992-05-14 00:00:00,1.587399810282545
1992-05-15 00:00:00,1.5857627530701537
1992-05-18 00:00:00,1.605214040428387
1992-05-19 00:00:00,1.609554727383488
1992-05-20 00:00:00,1.5990931098643129
1992-05-21 00:00:00,1.586444449722664
1992-05-22 00:00:00,1.5820916912221816
1992-05-26 00:00:00,1.591781866349578
1992-05-27 00:00:00,1.5687753268767475
1992-05-28 00:00:00,1.5743972179798893
1992-05-29 00:00:00,1.5941196885290976
1992-06-01 00:00:00,1.5904098771525863
1992-06-02 00:00:00,1.592468749005291
1992-06-03 00:00:00,1.5919191954727208
1992-06-04 00:00:00,1.5975701640453943
1992-06-05 00:00:00,1.6089933200840867
1992-06-08 00:00:00,1.606611701760932
1992-06-09 00:00:00,1.6053536971223512
1992-06-10 00:00:00,1.6036794189748225
1992-06-11 00:00:00,1.617455767419732
1992-06-12 00:00:00,1.6187328182054834
1992-06-15 00:00:00,1.6257211801519211
1992-06-16 00:00:00,1.628303511712346
1992-06-17 00:00:00,1.6201541307159808
1992-06-18 00:00:00,1.6310382210487322
1992-06-19 00:00:00,1.625864428119156
1992-06-22 00:00:00,1.630894059989774
1992-06-23 00:00:00,1.6314708571816359
1992-06-24 00:00:00,1.6455841786073582
1992-06-25 00:00:00,1.6559216902741007
1992-06-26 00:00:00,1.6605413422178101
1992-06-29 00:00:00,1.6835707476938235
1992-06-30 00:00:00,1.6760773362452817
1992-07-01 00:00:00,1.682342760277563
1992-07-02 00:00:00,1.6863402846576774
1992-07-03 00:00:00,1.6829565299821514
1992-07-06 00:00:00,1.6881917104047857
1992-07-07 00:00:00,1.700482480391144
1992-07-08 00:00:00,1.7037798148406562
1992-07-09 00:00:00,1.6798921517411056
1992-07-10 00:00:00,1.697971441574248
1992-07-13 00:00:00,1.697971441574248
1992-07-14 00:00:00,1.6791920339255006
1992-07-15 00:00:00,1.6971805838930305
1992-07-16 00:00:00,1.7000311251368556
1992-07-17 00:00:00,1.7205811283493893
1992-07-20 00:00:00,1.6907232338615148
1992-07-21 00:00:00,1.6830700755742891
1992-07-22 00:00:00,1.6822930349115124
1992-07-23 00:00:00,1.6910370863274256
1992-07-24 00:00:00,1.67333151800989
1992-07-27 00:00:00,1.6918222275133885
1992-07-28 00:00:00,1.7028912578831368
1992-07-29 00:00:00,1.6921364881667764
1992-07-30 00:00:00,1.694339585984533
1992-07-31 00:00:00,1.6946547826334
1992-08-03 00:00:00,1.6982879910600002
1992-08-04 00:00:00,1.7005071465457982
1992-08-05 00:00:00,1.6974968385439002
1992-08-06 00:00:00,1.6926080981133111
1992-08-07 00:00:00,1.710726156628327
1992-08-10 00:00:00,1.7079997720157198
1992-08-11 00:00:00,1.7041655194174241
1992-08-12 00:00:00,1.710404953820098
1992-08-13 00:00:00,1.7155587163928139
1992-08-14 00:00:00,1.7040061324440408
1992-08-17 00:00:00,1.7105655401456838
1992-08-18 00:00:00,1.7133001286525937
1992-08-19 00:00:00,1.7187956196312908
1992-08-20 00:00:00,1.7243264781460987
1992-08-21 00:00:00,1.7363226501564548
1992-08-24 00:00:00,1.774543057182398
1992-08-25 00:00:00,1.775234684604081
1992-08-26 00:00:00,1.7719542470425675
1992-08-27 00:00:00,1.7679993758458692
1992-08-28 00:00:00,1.7678278253533557
1992-08-31 00:00:00,1.7771394428493639
1992-09-01 00:00:00,1.7849743869983032
1992-09-02 00:00:00,1.790236176485377
1992-09-03 00:00:00,1.7652585571254413
1992-09-04 00:00:00,1.772816344078202
1992-09-08 00:00:00,1.787793864171344
1992-09-09 00:00:00,1.787793864171344
1992-09-10 00:00:00,1.7834642267980723
1992-09-11 00:00:00,1.7355487569038934
1992-09-14 00:00:00,1.6916935783549116
1992-09-15 00:00:00,1.6828794527638484
1992-09-16 00:00:00,1.6568305627462652
1992-09-17 00:00:00,1.6862704903129235
1992-09-18 00:00:00,1.628256939350535
1992-09-21 00:00:00,1.6586217309222073
1992-09-22 00:00:00,1.6432257419882632
1992-09-23 00:00:00,1.6420532655401803
1992-09-24 00:00:00,1.6541510524022014
1992-09-25 00:00:00,1.6586217309222073
1992-09-28 00:00:00,1.6915381489559445
1992-09-29 00:00:00,1.723848428205665
1992-09-30 00:00:00,1.7355487569038934
1992-10-01 00:00:00,1.7201439982468936
1992-10-02 00:00:00,1.729743809729462
1992-10-05 00:00:00,1.717416157951166
1992-10-06 00:00:00,1.6965260977917895
1992-10-07 00:00:00,1.6896752214791206
1992-10-08 00:00:00,1.661015988202499
1992-10-09 00:00:00,1.648817948525569
1992-10-13 00:00:00,1.6547457498864373
1992-10-14 00:00:00,1.6727876806502364
1992-10-15 00:00:00,1.6801150952031851
1992-10-16 00:00:00,1.6508878419329718
1992-10-19 00:00:00,1.6449875994671639
1992-10-20 00:00:00,1.609327029129065
1992-10-21 00:00:00,1.6171015558398332
1992-10-22 00:00:00,1.6163916780716856
1992-10-23 00:00:00,1.5948450494695614
1992-10-26 00:00:00,1.5948450494695614
1992-10-27 00:00:00,1.5948450494695614
1992-10-28 00:00:00,1.5948450494695614
1992-10-29 00:00:00,1.5948450494695614
1992-10-30 00:00:00,1.5948450494695614
1992-11-02 00:00:00,1.5948450494695614
1992-11-03 00:00:00,1.5948450494695614
1992-11-04 00:00:00,1.5948450494695614
1992-11-05 00:00:00,1.5948450494695614
1992-11-06 00:00:00,1.5948450494695614
1992-11-09 00:00:00,1.5948450494695614
1992-11-10 00:00:00,1.5948450494695614
1992-11-12 00:00:00,1.5948450494695614
1992-11-13 00:00:00,1.5948450494695614
1992-11-16 00:00:00,1.5948450494695614
1992-11-17 00:00:00,1.5948450494695614
1992-11-18 00:00:00,1.5948450494695614
1992-11-19 00:00:00,1.5948450494695614
1992-11-20 00:00:00,1.5948450494695614
1992-11-23 00:00:00,1.5948450494695614
1992-11-24 00:00:00,1.5948450494695614
1992-11-25 00:00:00,1.5948450494695614
1992-11-27 00:00:00,1.5948450494695614
1992-11-30 00:00:00,1.5948450494695614
1992-12-01 00:00:00,1.5948450494695614
1992-12-02 00:00:00,1.5948450494695614
1992-12-03 00:00:00,1.5948450494695614
1992-12-04 00:00:00,1.5948450494695614
1992-12-07 00:00:00,1.5948450494695614
1992-12-08 00:00:00,1.5948450494695614
1992-12-09 00:00:00,1.5948450494695614
1992-12-10 00:00:00,1.5948450494695614
1992-12-11 00:00:00,1.5948450494695614
1992-12-14 00:00:00,1.5948450494695614
1992-12-15 00:00:00,1.5948450494695614
1992-12-16 00:00:00,1.5948450494695614
1992-12-17 00:00:00,1.5948450494695614
1992-12-18 00:00:00,1.5948450494695614
1992-12-21 00:00:00,1.5948450494695614
1992-12-22 00:00:00,1.5948450494695614
1992-12-23 00:00:00,1.5948450494695614
1992-12-24 00:00:00,1.5948450494695614
1992-12-28 00:00:00,1.5948450494695614
1992-12-29 00:00:00,1.5948450494695614
1992-12-30 00:00:00,1.5948450494695614
1992-12-31 00:00:00,1.5948450494695614
1993-01-04 00:00:00,1.5948450494695614
1993-01-05 00:00:00,1.5948450494695614
1993-01-06 00:00:00,1.5948450494695614
1993-01-07 00:00:00,1.5948450494695614
1993-01-08 00:00:00,1.5948450494695614
1993-01-11 00:00:00,1.5948450494695614
1993-01-12 00:00:00,1.5948450494695614
1993-01-13 00:00:00,1.5948450494695614
1993-01-14 00:00:00,1.5948450494695614
1993-01-15 00:00:00,1.5948450494695614
1993-01-19 00:00:00,1.5948450494695614
1993-01-20 00:00:00,1.5948450494695614
1993-01-21 00:00:00,1.5948450494695614
1993-01-22 00:00:00,1.5948450494695614
1993-01-25 00:00:00,1.5948450494695614
1993-01-26 00:00:00,1.5948450494695614
1993-01-27 00:00:00,1.5948450494695614
1993-01-28 00:00:00,1.5948450494695614
1993-01-29 00:00:00,1.5948450494695614
1993-02-01 00:00:00,1.5948450494695614
1993-02-02 00:00:00,1.5948450494695614
1993-02-03 00:00:00,1.5948450494695614
1993-02-04 00:00:00,1.5948450494695614
1993-02-05 00:00:00,1.5948450494695614
1993-02-08 00:00:00,1.5948450494695614
1993-02-09 00:00:00,1.5948450494695614
1993-02-10 00:00:00,1.5948450494695614
1993-02-11 00:00:00,1.5948450494695614
1993-02-12 00:00:00,1.5948450494695614
1993-02-16 00:00:00,1.5948450494695614
1993-02-17 00:00:00,1.5948450494695614
1993-02-18 00:00:00,1.5948450494695614
1993-02-19 00:00:00,1.5948450494695614
1993-02-22 00:00:00,1.5948450494695614
1993-02-23 00:00:00,1.5948450494695614
1993-02-24 00:00:00,1.5948450494695614
1993-02-25 00:00:00,1.5948450494695614
1993-02-26 00:00:00,1.5948450494695614
1993-03-01 00:00:00,1.5948450494695614
1993-03-02 00:00:00,1.5948450494695614
1993-03-03 00:00:00,1.5948450494695614
1993-03-04 00:00:00,1.5948450494695614
1993-03-05 00:00:00,1.5948450494695614
1993-03-08 00:00:00,1.5948450494695614
1993-03-09 00:00:00,1.5948450494695614
1993-03-10 00:00:00,1.5948450494695614
1993-03-11 00:00:00,1.5948450494695614
1993-03-12 00:00:00,1.5948450494695614
1993-03-15 00:00:00,1.5948450494695614
1993-03-16 00:00:00,1.5948450494695614
1993-03-17 00:00:00,1.5948450494695614
1993-03-18 00:00:00,1.5948450494695614
1993-03-19 00:00:00,1.5948450494695614
1993-03-22 00:00:00,1.5948450494695614
1993-03-23 00:00:00,1.5948450494695614
1993-03-24 00:00:00,1.5948450494695614
1993-03-25 00:00:00,1.5948450494695614
1993-03-26 00:00:00,1.5948450494695614
1993-03-29 00:00:00,1.5948450494695614
1993-03-30 00:00:00,1.5948450494695614
1993-03-31 00:00:00,1.5948450494695614
1993-04-01 00:00:00,1.5948450494695614
1993-04-02 00:00:00,1.5948450494695614
1993-04-05 00:00:00,1.5948450494695614
1993-04-06 00:00:00,1.5948450494695614
1993-04-07 00:00:00,1.5948450494695614
1993-04-08 00:00:00,1.5948450494695614
1993-04-09 00:00:00,1.5948450494695614
1993-04-12 00:00:00,1.5948450494695614
1993-04-13 00:00:00,1.5948450494695614
1993-04-14 00:00:00,1.5948450494695614
1993-04-15 00:00:00,1.5948450494695614
1993-04-16 00:00:00,1.5948450494695614
1993-04-19 00:00:00,1.5948450494695614
1993-04-20 00:00:00,1.5948450494695614
1993-04-21 00:00:00,1.5948450494695614
1993-04-22 00:00:00,1.5948450494695614
1993-04-23 00:00:00,1.5948450494695614
1993-04-26 00:00:00,1.5948450494695614
1993-04-27 00:00:00,1.5948450494695614
1993-04-28 00:00:00,1.5948450494695614
1993-04-29 00:00:00,1.5948450494695614
1993-04-30 00:00:00,1.5948450494695614
1993-05-03 00:00:00,1.5948450494695614
1993-05-04 00:00:00,1.5948450494695614
1993-05-05 00:00:00,1.5948450494695614
1993-05-06 00:00:00,1.5948450494695614
1993-05-07 00:00:00,1.5948450494695614
1993-05-10 00:00:00,1.5948450494695614
1993-05-11 00:00:00,1.5948450494695614
1993-05-12 00:00:00,1.5948450494695614
1993-05-13 00:00:00,1.5948450494695614
1993-05-14 00:00:00,1.5948450494695614
1993-05-17 00:00:00,1.5948450494695614
1993-05-18 00:00:00,1.5948450494695614
1993-05-19 00:00:00,1.5948450494695614
1993-05-20 00:00:00,1.5948450494695614
1993-05-21 00:00:00,1.5948450494695614
1993-05-24 00:00:00,1.5948450494695614
1993-05-25 00:00:00,1.5948450494695614
1993-05-26 00:00:00,1.5948450494695614
1993-05-27 00:00:00,1.5948450494695614
1993-05-28 00:00:00,1.5948450494695614
1993-06-01 00:00:00,1.5948450494695614
1993-06-02 00:00:00,1.5948450494695614
1993-06-03 00:00:00,1.5948450494695614
1993-06-04 00:00:00,1.5948450494695614
1993-06-07 00:00:00,1.5948450494695614
1993-06-08 00:00:00,1.5948450494695614
1993-06-09 00:00:00,1.5948450494695614
1993-06-10 00:00:00,1.5948450494695614
1993-06-11 00:00:00,1.5948450494695614
1993-06-14 00:00:00,1.5948450494695614
1993-06-15 00:00:00,1.5948450494695614
1993-06-16 00:00:00,1.5948450494695614
1993-06-17 00:00:00,1.5948450494695614
1993-06-18 00:00:00,1.5948450494695614
1993-06-21 00:00:00,1.5948450494695614
1993-06-22 00:00:00,1.5948450494695614
1993-06-23 00:00:00,1.5948450494695614
1993-06-24 00:00:00,1.5948450494695614
1993-06-25 00:00:00,1.5948450494695614
1993-06-28 00:00:00,1.5948450494695614
1993-06-29 00:00:00,1.5948450494695614
1993-06-30 00:00:00,1.5948450494695614
1993-07-01 00:00:00,1.5948450494695614
1993-07-02 00:00:00,1.5948450494695614
1993-07-06 00:00:00,1.5948450494695614
1993-07-07 00:00:00,1.5948450494695614
1993-07-08 00:00:00,1.5948450494695614
1993-07-09 00:00:00,1.5948450494695614
1993-07-12 00:00:00,1.5948450494695614
1993-07-13 00:00:00,1.5948450494695614
1993-07-14 00:00:00,1.5948450494695614
1993-07-15 00:00:00,1.5948450494695614
1993-07-16 00:00:00,1.5948450494695614
1993-07-19 00:00:00,1.5948450494695614
1993-07-20 00:00:00,1.5948450494695614
1993-07-21 00:00:00,1.5948450494695614
1993-07-22 00:00:00,1.5948450494695614
1993-07-23 00:00:00,1.5948450494695614
1993-07-26 00:00:00,1.5948450494695614
1993-07-27 00:00:00,1.5948450494695614
1993-07-28 00:00:00,1.5948450494695614
1993-07-29 00:00:00,1.5948450494695614
1993-07-30 00:00:00,1.5948450494695614
1993-08-02 00:00:00,1.5948450494695614
1993-08-03 00:00:00,1.5948450494695614
1993-08-04 00:00:00,1.5948450494695614
1993-08-05 00:00:00,1.5948450494695614
1993-08-06 00:00:00,1.5948450494695614
1993-08-09 00:00:00,1.5948450494695614
1993-08-10 00:00:00,1.5948450494695614
1993-08-11 00:00:00,1.5948450494695614
1993-08-12 00:00:00,1.5948450494695614
1993-08-13 00:00:00,1.5948450494695614
1993-08-16 00:00:00,1.5948450494695614
1993-08-17 00:00:00,1.5948450494695614
1993-08-18 00:00:00,1.5948450494695614
1993-08-19 00:00:00,1.5948450494695614
1993-08-20 00:00:00,1.5948450494695614
1993-08-23 00:00:00,1.5948450494695614
1993-08-24 00:00:00,1.5948450494695614
1993-08-25 00:00:00,1.5948450494695614
1993-08-26 00:00:00,1.5948450494695614
1993-08-27 00:00:00,1.5948450494695614
1993-08-30 00:00:00,1.5948450494695614
1993-08-31 00:00:00,1.5948450494695614
1993-09-01 00:00:00,1.5948450494695614
1993-09-02 00:00:00,1.5948450494695614
1993-09-03 00:00:00,1.5948450494695614
1993-09-07 00:00:00,1.5948450494695614
1993-09-08 00:00:00,1.5948450494695614
1993-09-09 00:00:00,1.5948450494695614
1993-09-10 00:00:00,1.5948450494695614
1993-09-13 00:00:00,1.5948450494695614
1993-09-14 00:00:00,1.5948450494695614
1993-09-15 00:00:00,1.5948450494695614
1993-09-16 00:00:00,1.5948450494695614
1993-09-17 00:00:00,1.5948450494695614
1993-09-20 00:00:00,1.5948450494695614
1993-09-21 00:00:00,1.5948450494695614
1993-09-22 00:00:00,1.5948450494695614
1993-09-23 00:00:00,1.5948450494695614
1993-09-24 00:00:00,1.5948450494695614
1993-09-27 00:00:00,1.5948450494695614
1993-09-28 00:00:00,1.5948450494695614
1993-09-29 00:00:00,1.5948450494695614
1993-09-30 00:00:00,1.5948450494695614
1993-10-01 00:00:00,1.5948450494695614
1993-10-04 00:00:00,1.5948450494695614
1993-10-05 00:00:00,1.5948450494695614
1993-10-06 00:00:00,1.5948450494695614
1993-10-07 00:00:00,1.5948450494695614
1993-10-08 00:00:00,1.5948450494695614
1993-10-12 00:00:00,1.5948450494695614
1993-10-13 00:00:00,1.5948450494695614
1993-10-14 00:00:00,1.5948450494695614
1993-10-15 00:00:00,1.5948450494695614
1993-10-18 00:00:00,1.5948450494695614
1993-10-19 00:00:00,1.5948450494695614
1993-10-20 00:00:00,1.5948450494695614
1993-10-21 00:00:00,1.5948450494695614
1993-10-22 00:00:00,1.5948450494695614
1993-10-25 00:00:00,1.5948450494695614
1993-10-26 00:00:00,1.5948450494695614
1993-10-27 00:00:00,1.5948450494695614
1993-10-28 00:00:00,1.5948450494695614
1993-10-29 00:00:00,1.5948450494695614
1993-11-01 00:00:00,1.5948450494695614
1993-11-02 00:00:00,1.5948450494695614
1993-11-03 00:00:00,1.5948450494695614
1993-11-04 00:00:00,1.5948450494695614
1993-11-05 00:00:00,1.5948450494695614
1993-11-08 00:00:00,1.5948450494695614
1993-11-09 00:00:00,1.5948450494695614
1993-11-10 00:00:00,1.5948450494695614
1993-11-12 00:00:00,1.5948450494695614
1993-11-15 00:00:00,1.5948450494695614
1993-11-16 00:00:00,1.5948450494695614
1993-11-17 00:00:00,1.5948450494695614
1993-11-18 00:00:00,1.5948450494695614
1993-11-19 00:00:00,1.5948450494695614
1993-11-22 00:00:00,1.5948450494695614
1993-11-23 00:00:00,1.5948450494695614
1993-11-24 00:00:00,1.5948450494695614
1993-11-26 00:00:00,1.5948450494695614
1993-11-29 00:00:00,1.5948450494695614
1993-11-30 00:00:00,1.5948450494695614
1993-12-01 00:00:00,1.5948450494695614
1993-12-02 00:00:00,1.5948450494695614
1993-12-03 00:00:00,1.5948450494695614
1993-12-06 00:00:00,1.5948450494695614
1993-12-07 00:00:00,1.5948450494695614
1993-12-08 00:00:00,1.5948450494695614
1993-12-09 00:00:00,1.5948450494695614
1993-12-10 00:00:00,1.5948450494695614
1993-12-13 00:00:00,1.5948450494695614
1993-12-14 00:00:00,1.5948450494695614
1993-12-15 00:00:00,1.5948450494695614
1993-12-16 00:00:00,1.5948450494695614
1993-12-17 00:00:00,1.5948450494695614
1993-12-20 00:00:00,1.5948450494695614
1993-12-21 00:00:00,1.5948450494695614
1993-12-22 00:00:00,1.5948450494695614
1993-12-23 00:00:00,1.5948450494695614
1993-12-24 00:00:00,1.5948450494695614
1993-12-27 00:00:00,1.5948450494695614
1993-12-28 00:00:00,1.5948450494695614
1993-12-29 00:00:00,1.5948450494695614
1993-12-30 00:00:00,1.5948450494695614
1993-12-31 00:00:00,1.5948450494695614
1994-01-03 00:00:00,1.5948450494695614
1994-01-04 00:00:00,1.5948450494695614
1994-01-05 00:00:00,1.5948450494695614
1994-01-06 00:00:00,1.5948450494695614
1994-01-07 00:00:00,1.5948450494695614
1994-01-10 00:00:00,1.5948450494695614
1994-01-11 00:00:00,1.5948450494695614
1994-01-12 00:00:00,1.5948450494695614
1994-01-13 00:00:00,1.5948450494695614
1994-01-14 00:00:00,1.5948450494695614
1994-01-18 00:00:00,1.5948450494695614
1994-01-19 00:00:00,1.5948450494695614
1994-01-20 00:00:00,1.5948450494695614
1994-01-21 00:00:00,1.5948450494695614
1994-01-24 00:00:00,1.5948450494695614
1994-01-25 00:00:00,1.5948450494695614
1994-01-26 00:00:00,1.5948450494695614
1994-01-27 00:00:00,1.5948450494695614
1994-01-28 00:00:00,1.5948450494695614
1994-01-31 00:00:00,1.5948450494695614
1994-02-01 00:00:00,1.5948450494695614
1994-02-02 00:00:00,1.5851860295497409
1994-02-03 00:00:00,1.5919148349209924
1994-02-04 00:00:00,1.588191881321847
1994-02-07 00:00:00,1.573768242164158
1994-02-08 00:00:00,1.5635833076784655
1994-02-09 00:00:00,1.564654321837782
1994-02-10 00:00:00,1.5531452438121487
1994-02-11 00:00:00,1.5546828210860626
1994-02-14 00:00:00,1.5582501553111903
1994-02-15 00:00:00,1.5631942114217332
1994-02-16 00:00:00,1.561057638816659
1994-02-17 00:00:00,1.5712095894442808
1994-02-18 00:00:00,1.5856862144637724
1994-02-22 00:00:00,1.5843863897088686
1994-02-23 00:00:00,1.5801021100737607
1994-02-24 00:00:00,1.574655872306382
1994-02-25 00:00:00,1.56523913003133
1994-02-28 00:00:00,1.5752481822075695
1994-03-01 00:00:00,1.5625137587459077
1994-03-02 00:00:00,1.5653366405677138
1994-03-03 00:00:00,1.5731770444773943
1994-03-04 00:00:00,1.5661171624528136
1994-03-07 00:00:00,1.5702277061862855
1994-03-08 00:00:00,1.5675827409316205
1994-03-09 00:00:00,1.5682676166766285
1994-03-10 00:00:00,1.5872889295257702
1994-03-11 00:00:00,1.60349609153752
1994-03-14 00:00:00,1.5945414236827606
1994-03-15 00:00:00,1.5956552838250424
1994-03-16 00:00:00,1.5996169948047458
1994-03-17 00:00:00,1.6037007757462947
1994-03-18 00:00:00,1.6002282355364246
1994-03-21 00:00:00,1.5907054795133542
1994-03-22 00:00:00,1.595553959511871
1994-03-23 00:00:00,1.594946283762406
1994-03-24 00:00:00,1.5975828938449226
1994-03-25 00:00:00,1.5901014905956805
1994-03-28 00:00:00,1.591612323708934
1994-03-29 00:00:00,1.5876901146463378
1994-03-30 00:00:00,1.5954808804786136
1994-03-31 00:00:00,1.5954808804786136
1994-04-01 00:00:00,1.5769358089683125
1994-04-04 00:00:00,1.574945984603684
1994-04-05 00:00:00,1.5608637438859743
1994-04-06 00:00:00,1.56949977088767
1994-04-07 00:00:00,1.5770354321794422
1994-04-08 00:00:00,1.5815315418124931
1994-04-11 00:00:00,1.582132960829534
1994-04-12 00:00:00,1.5779326078361813
1994-04-13 00:00:00,1.5752441380683024
1994-04-14 00:00:00,1.5755424044413273
1994-04-15 00:00:00,1.5773343773517245
1994-04-18 00:00:00,1.5758407837869066
1994-04-19 00:00:00,1.5736552894136284
1994-04-20 00:00:00,1.5769358089683125
1994-04-21 00:00:00,1.5826344928655545
1994-04-22 00:00:00,1.5817319640076284
1994-04-25 00:00:00,1.5883745136146852
1994-04-26 00:00:00,1.591615267531777
1994-04-27 00:00:00,1.6029598571866939
1994-04-28 00:00:00,1.6116530347968485
1994-04-29 00:00:00,1.6299636863185365
1994-05-02 00:00:00,1.6418635790560636
1994-05-03 00:00:00,1.6430523172492852
1994-05-04 00:00:00,1.6222312097717955
1994-05-05 00:00:00,1.6169771897893763
1994-05-06 00:00:00,1.622758490279425
1994-05-09 00:00:00,1.6247652861213477
1994-05-10 00:00:00,1.609782282580021
1994-05-11 00:00:00,1.609055940181023
1994-05-12 00:00:00,1.612277585478808
1994-05-13 00:00:00,1.6088485341562506
1994-05-16 00:00:00,1.6021368240785825
1994-05-17 00:00:00,1.6117570929731657
1994-05-18 00:00:00,1.6210723979458659
1994-05-19 00:00:00,1.6223366384589841
1994-05-20 00:00:00,1.6260352954643298
1994-05-23 00:00:00,1.6251884020812755
1994-05-24 00:00:00,1.6116530347968485
1994-05-25 00:00:00,1.6035776871567027
1994-05-26 00:00:00,1.6108622966065245
1994-05-27 00:00:00,1.6108622966065245
1994-05-31 00:00:00,1.5917848031763848
1994-06-01 00:00:00,1.5777856297379569
1994-06-02 00:00:00,1.5813779372936763
1994-06-03 00:00:00,1.5742295387471072
1994-06-06 00:00:00,1.5744288941074835
1994-06-07 00:00:00,1.5674418423572398
1994-06-08 00:00:00,1.5648376595606235
1994-06-09 00:00:00,1.5622813778850406
1994-06-10 00:00:00,1.5686878058430578
1994-06-13 00:00:00,1.5722586411899027
1994-06-14 00:00:00,1.5744488324205859
1994-06-15 00:00:00,1.5803527653755125
1994-06-16 00:00:00,1.5789478289572207
1994-06-17 00:00:00,1.6018340791353676
1994-06-20 00:00:00,1.6100278691024545
1994-06-21 00:00:00,1.6200984108951209
1994-06-22 00:00:00,1.61316143832998
1994-06-23 00:00:00,1.6167275949556768
1994-06-24 00:00:00,1.6291207764147488
1994-06-27 00:00:00,1.6377046967278082
1994-06-28 00:00:00,1.6342602964455015
1994-06-29 00:00:00,1.6264567249096227
1994-06-30 00:00:00,1.623271341586259
1994-07-01 00:00:00,1.5898510492594828
1994-07-05 00:00:00,1.5865035673080017
1994-07-06 00:00:00,1.5849866401337525
1994-07-07 00:00:00,1.586706043674195
1994-07-08 00:00:00,1.6034868388739478
1994-07-11 00:00:00,1.631151299555124
1994-07-12 00:00:00,1.6541558282609308
1994-07-13 00:00:00,1.6394323472287406
1994-07-14 00:00:00,1.6156770896957966
1994-07-15 00:00:00,1.601112067638011
1994-07-18 00:00:00,1.6151523488417219
1994-07-19 00:00:00,1.607114168201804
1994-07-20 00:00:00,1.608049564147857
1994-07-21 00:00:00,1.5984359996411874
1994-07-22 00:00:00,1.5838760692030265
1994-07-25 00:00:00,1.593416879873009
1994-07-26 00:00:00,1.5980555012221922
1994-07-27 00:00:00,1.5980555012221922
1994-07-28 00:00:00,1.5926052475822452
1994-07-29 00:00:00,1.589740849654939
1994-08-01 00:00:00,1.591867702700685
1994-08-02 00:00:00,1.5991913638813704
1994-08-03 00:00:00,1.6049990627385273
1994-08-04 00:00:00,1.5991913638813704
1994-08-05 00:00:00,1.5987781361387654
1994-08-08 00:00:00,1.5993980578666207
1994-08-09 00:00:00,1.5893324908443418
1994-08-10 00:00:00,1.5886183675093453
1994-08-11 00:00:00,1.5714702868390429
1994-08-12 00:00:00,1.5827259415123163
1994-08-15 00:00:00,1.590967186129345
1994-08-16 00:00:00,1.5793928237031325
1994-08-17 00:00:00,1.5699749776343626
1994-08-18 00:00:00,1.5843470678847762
1994-08-19 00:00:00,1.6022973939808423
1994-08-22 00:00:00,1.6386867210109308
1994-08-23 00:00:00,1.6244887133198616
1994-08-24 00:00:00,1.618962880056786
1994-08-25 00:00:00,1.6245953490500258
1994-08-26 00:00:00,1.6025048917008606
1994-08-29 00:00:00,1.5999150266615871
1994-08-30 00:00:00,1.6022973939808423
1994-08-31 00:00:00,1.6022973939808423
1994-09-01 00:00:00,1.6085457914615942
1994-09-02 00:00:00,1.6168475565053955
1994-09-06 00:00:00,1.6200226188013414
1994-09-07 00:00:00,1.6267310074555072
1994-09-08 00:00:00,1.6155810136058548
1994-09-09 00:00:00,1.638469748257404
1994-09-12 00:00:00,1.6535769056877188
1994-09-13 00:00:00,1.645113370608089
1994-09-14 00:00:00,1.6421661168753294
1994-09-15 00:00:00,1.6502690903132686
1994-09-16 00:00:00,1.6693705092225566
1994-09-19 00:00:00,1.6575638301137292
1994-09-20 00:00:00,1.6549037477384214
1994-09-21 00:00:00,1.6595645106570165
1994-09-22 00:00:00,1.6597753360415652
1994-09-23 00:00:00,1.6597753360415652
1994-09-26 00:00:00,1.6557838923476775
1994-09-27 00:00:00,1.6602200179802236
1994-09-28 00:00:00,1.658442718349039
1994-09-29 00:00:00,1.6555627082851145
1994-09-30 00:00:00,1.6543472514479567
1994-10-03 00:00:00,1.6573338371519615
1994-10-04 00:00:00,1.6761620819884184
1994-10-05 00:00:00,1.6760487435556652
1994-10-06 00:00:00,1.6834477634097211
1994-10-07 00:00:00,1.6869995826886774
1994-10-11 00:00:00,1.6710769816250746
1994-10-12 00:00:00,1.6687144788235313
1994-10-13 00:00:00,1.676842434612687
1994-10-14 00:00:00,1.6904511265392304
1994-10-17 00:00:00,1.7160817549463259
1994-10-18 00:00:00,1.7177466991299188
1994-10-19 00:00:00,1.7171517054689807
1994-10-20 00:00:00,1.7288892284609567
1994-10-21 00:00:00,1.7360333988264978
1994-10-24 00:00:00,1.7427465983579224
1994-10-25 00:00:00,1.7544652370076963
1994-10-26 00:00:00,1.751118676682779
1994-10-27 00:00:00,1.744832103931067
1994-10-28 00:00:00,1.7190571376964237
1994-10-31 00:00:00,1.722880716511068
1994-11-01 00:00:00,1.7198920946742111
1994-11-02 00:00:00,1.7169138234013117
1994-11-03 00:00:00,1.6769558804170714
1994-11-04 00:00:00,1.6859668663069474
1994-11-07 00:00:00,1.6887235909827452
1994-11-08 00:00:00,1.7026435546396987
1994-11-09 00:00:00,1.6841340446014903
1994-11-10 00:00:00,1.6950752149657893
1994-11-14 00:00:00,1.7075699137809817
1994-11-15 00:00:00,1.6867699808400638
1994-11-16 00:00:00,1.6874589739563437
1994-11-17 00:00:00,1.6920666849917905
1994-11-18 00:00:00,1.6886085474790336
1994-11-21 00:00:00,1.6834477634097211
1994-11-22 00:00:00,1.6805522449810617
1994-11-23 00:00:00,1.6805522449810617
1994-11-25 00:00:00,1.65792164708462
1994-11-28 00:00:00,1.6459260639759425
1994-11-29 00:00:00,1.6427637573736302
1994-11-30 00:00:00,1.6451616344080133
1994-12-01 00:00:00,1.642437315612213
1994-12-02 00:00:00,1.648771604082557
1994-12-05 00:00:00,1.6548235553789095
1994-12-06 00:00:00,1.644288869615224
1994-12-07 00:00:00,1.651297026757963
1994-12-08 00:00:00,1.6471287467648184
1994-12-09 00:00:00,1.6485523671163866
1994-12-12 00:00:00,1.6439618215074967
1994-12-13 00:00:00,1.6431992149633914
1994-12-14 00:00:00,1.637339946764235
1994-12-15 00:00:00,1.6443979145697707
1994-12-16 00:00:00,1.642654929035944
1994-12-19 00:00:00,1.6420022616911183
1994-12-20 00:00:00,1.6483331884462924
1994-12-21 00:00:00,1.6548235553789095
1994-12-22 00:00:00,1.654161184376089
1994-12-23 00:00:00,1.652067169951201
1994-12-27 00:00:00,1.6548235553789095
1994-12-28 00:00:00,1.6540508407576264
1994-12-29 00:00:00,1.662813583275052
1994-12-30 00:00:00,1.6687446095832543
1995-01-03 00:00:00,1.6631481758533486
1995-01-04 00:00:00,1.6603640119055563
1995-01-05 00:00:00,1.6605864019419754
1995-01-06 00:00:00,1.643417030341833
1995-01-09 00:00:00,1.6557075423208851
1995-01-10 00:00:00,1.6418935342204724
1995-01-11 00:00:00,1.6546027061122095
1995-01-12 00:00:00,1.65792164708462
1995-01-13 00:00:00,1.648661978311009
1995-01-17 00:00:00,1.659363993428199
1995-01-18 00:00:00,1.662813583275052
1995-01-19 00:00:00,1.6565924741981275
1995-01-20 00:00:00,1.6679588425802214
1995-01-23 00:00:00,1.6632597366378838
1995-01-24 00:00:00,1.6638720025234164
1995-01-25 00:00:00,1.6638720025234164
1995-01-26 00:00:00,1.6638720025234164
1995-01-27 00:00:00,1.6638720025234164
1995-01-30 00:00:00,1.6638720025234164
1995-01-31 00:00:00,1.6638720025234164
1995-02-01 00:00:00,1.6638720025234164
1995-02-02 00:00:00,1.6638720025234164
1995-02-03 00:00:00,1.6638720025234164
1995-02-06 00:00:00,1.6638720025234164
1995-02-07 00:00:00,1.6638720025234164
1995-02-08 00:00:00,1.6638720025234164
1995-02-09 00:00:00,1.6638720025234164
1995-02-10 00:00:00,1.6638720025234164
1995-02-13 00:00:00,1.6638720025234164
1995-02-14 00:00:00,1.6638720025234164
1995-02-15 00:00:00,1.6638720025234164
1995-02-16 00:00:00,1.6638720025234164
1995-02-17 00:00:00,1.6648898687566078
1995-02-21 00:00:00,1.6739926017733198
1995-02-22 00:00:00,1.6754812059065063
1995-02-23 00:00:00,1.684584576970235
1995-02-24 00:00:00,1.6857439607121276
1995-02-27 00:00:00,1.6636459790224283
1995-02-28 00:00:00,1.669770246720786
1995-03-01 00:00:00,1.6742214456013131
1995-03-02 00:00:00,1.668519056481418
1995-03-03 00:00:00,1.6785813972825665
1995-03-06 00:00:00,1.6907475494682966
1995-03-07 00:00:00,1.7064135257870432
1995-03-08 00:00:00,1.7101068036826932
1995-03-09 00:00:00,1.7156167086325707
1995-03-10 00:00:00,1.6927339149376097
1995-03-13 00:00:00,1.6829641163355238
1995-03-14 00:00:00,1.6991924904021656
1995-03-15 00:00:00,1.7014351034417345
1995-03-16 00:00:00,1.6969557814290714
1995-03-17 00:00:00,1.6922661150440246
1995-03-20 00:00:00,1.6821550545393322
1995-03-21 00:00:00,1.681346770259968
1995-03-22 00:00:00,1.6784663708043044
1995-03-23 00:00:00,1.6709093218601003
1995-03-24 00:00:00,1.6651162303974993
1995-03-27 00:00:00,1.6792718873678332
1995-03-28 00:00:00,1.6659089811023067
1995-03-29 00:00:00,1.6676102770388899
1995-03-30 00:00:00,1.6463140038410546
1995-03-31 00:00:00,1.6561095165075872
1995-04-03 00:00:00,1.66319411619116
1995-04-04 00:00:00,1.6580152811986202
1995-04-05 00:00:00,1.657230023622951
1995-04-06 00:00:00,1.6594755927606515
1995-04-07 00:00:00,1.6635329902979636
1995-04-10 00:00:00,1.6660222928273172
1995-04-11 00:00:00,1.6692012913416392
1995-04-12 00:00:00,1.6604880854957096
1995-04-13 00:00:00,1.6733064454944129
1995-04-14 00:00:00,1.6723501587890266
1995-04-17 00:00:00,1.6723501587890266
1995-04-18 00:00:00,1.6627185226328194
1995-04-19 00:00:00,1.6597597462596452
1995-04-20 00:00:00,1.6364633006680394
1995-04-21 00:00:00,1.6372366765190165
1995-04-24 00:00:00,1.623644192059432
1995-04-25 00:00:00,1.6498230935845755
1995-04-26 00:00:00,1.6543249643631674
1995-04-27 00:00:00,1.6739662906467643
1995-04-28 00:00:00,1.6679792043881747
1995-05-01 00:00:00,1.6675204326892439
1995-05-02 00:00:00,1.6602142570411225
1995-05-03 00:00:00,1.6686678354503321
1995-05-04 00:00:00,1.6713128637215489
1995-05-05 00:00:00,1.6703919033337697
1995-05-08 00:00:00,1.687360816351216
1995-05-09 00:00:00,1.690065485580854
1995-05-10 00:00:00,1.688653272933617
1995-05-11 00:00:00,1.6585564953630023
1995-05-12 00:00:00,1.643895719400737
1995-05-15 00:00:00,1.6491499253723003
1995-05-16 00:00:00,1.6580575449610058
1995-05-17 00:00:00,1.645457297638735
1995-05-18 00:00:00,1.629754680954279
1995-05-19 00:00:00,1.6406704318110867
1995-05-22 00:00:00,1.6482532218174182
1995-05-23 00:00:00,1.6320579885994801
1995-05-24 00:00:00,1.6437842915067902
1995-05-25 00:00:00,1.6720042507308104
1995-05-26 00:00:00,1.6648873851846542
1995-05-30 00:00:00,1.6688975055123303
1995-05-31 00:00:00,1.6506091514157144
1995-06-01 00:00:00,1.6553412732149948
1995-06-02 00:00:00,1.650833876963899
1995-06-05 00:00:00,1.6789497128634503
1995-06-06 00:00:00,1.6751225842784885
1995-06-07 00:00:00,1.68092809680458
1995-06-08 00:00:00,1.6750068830363083
1995-06-09 00:00:00,1.679065959468232
1995-06-12 00:00:00,1.6740818481706248
1995-06-13 00:00:00,1.6697751495979778
1995-06-14 00:00:00,1.6697751495979778
1995-06-15 00:00:00,1.6555672227092009
1995-06-16 00:00:00,1.6628700211276575
1995-06-19 00:00:00,1.6551129269768252
1995-06-20 00:00:00,1.6586402541276766
1995-06-21 00:00:00,1.658412230996782
1995-06-22 00:00:00,1.6577285376213535
1995-06-23 00:00:00,1.6656252079075722
1995-06-26 00:00:00,1.6602381734476452
1995-06-27 00:00:00,1.664590943600192
1995-06-28 00:00:00,1.6504707303694883
1995-06-29 00:00:00,1.6642464742043999
1995-06-30 00:00:00,1.654772368761398
1995-07-03 00:00:00,1.664935555623572
1995-07-05 00:00:00,1.6651653762537912
1995-07-06 00:00:00,1.663672675254529
1995-07-07 00:00:00,1.6613814306942007
1995-07-10 00:00:00,1.6653952603396964
1995-07-11 00:00:00,1.659324699899669
1995-07-12 00:00:00,1.6735974706257755
1995-07-13 00:00:00,1.6804751087651448
1995-07-14 00:00:00,1.6770875251314599
1995-07-17 00:00:00,1.6784876260290233
1995-07-18 00:00:00,1.6802410430072556
1995-07-19 00:00:00,1.683054142765342
1995-07-20 00:00:00,1.6859944889267071
1995-07-21 00:00:00,1.6917874718842425
1995-07-24 00:00:00,1.6865837914394395
1995-07-25 00:00:00,1.6891816240664554
1995-07-26 00:00:00,1.6998929850307325
1995-07-27 00:00:00,1.705782037368579
1995-07-28 00:00:00,1.7115906027625696
1995-07-31 00:00:00,1.705782037368579
1995-08-01 00:00:00,1.7013314390057952
1995-08-02 00:00:00,1.693449928865107
1995-08-03 00:00:00,1.709286655086162
1995-08-04 00:00:00,1.7104984853981695
1995-08-07 00:00:00,1.6955921805145255
1995-08-08 00:00:00,1.686701701380116
1995-08-09 00:00:00,1.6874095073815347
1995-08-10 00:00:00,1.690101067072609
1995-08-11 00:00:00,1.690101067072609
1995-08-14 00:00:00,1.681652321892492
1995-08-15 00:00:00,1.6527354754157326
1995-08-16 00:00:00,1.6615790898139233
1995-08-17 00:00:00,1.6486854803769353
1995-08-18 00:00:00,1.6454373907756492
1995-08-21 00:00:00,1.6476760811032354
1995-08-22 00:00:00,1.6486854803769353
1995-08-23 00:00:00,1.6547679437191742
1995-08-24 00:00:00,1.6593024862792052
1995-08-25 00:00:00,1.651270683952656
1995-08-28 00:00:00,1.6564654898247544
1995-08-29 00:00:00,1.6532995489568298
1995-08-30 00:00:00,1.6527354754157326
1995-08-31 00:00:00,1.6574856902906698
1995-09-01 00:00:00,1.6560124704100614
1995-09-05 00:00:00,1.657939516203543
1995-09-06 00:00:00,1.6599848120223124
1995-09-07 00:00:00,1.6643192738416517
1995-09-08 00:00:00,1.6842249073233821
1995-09-11 00:00:00,1.7020968652296247
1995-09-12 00:00:00,1.7047324318846817
1995-09-13 00:00:00,1.6938833759156278
1995-09-14 00:00:00,1.6938833759156278
1995-09-15 00:00:00,1.6929362124986058
1995-09-18 00:00:00,1.688098577656646
1995-09-19 00:00:00,1.6978016537373866
1995-09-20 00:00:00,1.7035334359415923
1995-09-21 00:00:00,1.7187651427914812
1995-09-22 00:00:00,1.7160860416761765
1995-09-25 00:00:00,1.7312965255337782
1995-09-26 00:00:00,1.739627838268876
1995-09-27 00:00:00,1.7266066718147675
1995-09-28 00:00:00,1.7357631067950092
1995-09-29 00:00:00,1.7458976711754888
1995-10-02 00:00:00,1.7371324960351116
1995-10-03 00:00:00,1.7314202868123205
1995-10-04 00:00:00,1.7401277672402868
1995-10-05 00:00:00,1.7407530826662037
1995-10-06 00:00:00,1.7250080757935733
1995-10-10 00:00:00,1.7384963005398406
1995-10-11 00:00:00,1.7384963005398406
1995-10-12 00:00:00,1.7398714953698373
1995-10-13 00:00:00,1.7374975234910564
1995-10-16 00:00:00,1.7386212284142684
1995-10-17 00:00:00,1.750571812069529
1995-10-18 00:00:00,1.7635872158767374
1995-10-19 00:00:00,1.7853197324832466
1995-10-20 00:00:00,1.8046284041629714
1995-10-23 00:00:00,1.8051669786326163
1995-10-24 00:00:00,1.8201047930950849
1995-10-25 00:00:00,1.8316793863739085
1995-10-26 00:00:00,1.818599895866879
1995-10-27 00:00:00,1.8312634737067028
1995-10-30 00:00:00,1.825873746480489
1995-10-31 00:00:00,1.8199678813459421
1995-11-01 00:00:00,1.8262872142672828
1995-11-02 00:00:00,1.8180532773228852
1995-11-03 00:00:00,1.821886522184711
1995-11-06 00:00:00,1.8078646801623677
1995-11-07 00:00:00,1.8094871748270853
1995-11-08 00:00:00,1.8121978139924317
1995-11-09 00:00:00,1.814372179573525
1995-11-10 00:00:00,1.8184632104181102
1995-11-13 00:00:00,1.78769417870644
1995-11-14 00:00:00,1.8134202529315666
1995-11-15 00:00:00,1.8276667936707176
1995-11-16 00:00:00,1.8279429597017949
1995-11-17 00:00:00,1.8455112902069382
1995-11-20 00:00:00,1.8410175783452263
1995-11-21 00:00:00,1.8511593737270817
1995-11-22 00:00:00,1.8598395737268782
1995-11-24 00:00:00,1.8539963995872
1995-11-27 00:00:00,1.8463563045339562
1995-11-28 00:00:00,1.8581255675150112
1995-11-29 00:00:00,1.859410775792573
1995-11-30 00:00:00,1.8441046505040364
1995-12-01 00:00:00,1.8504514733929605
1995-12-04 00:00:00,1.8371034938962005
1995-12-05 00:00:00,1.847484194762749
1995-12-06 00:00:00,1.8412977941105753
1995-12-07 00:00:00,1.8191725707407769
1995-12-08 00:00:00,1.8191725707407769
1995-12-11 00:00:00,1.7949665345784187
1995-12-12 00:00:00,1.8013189811989343
1995-12-13 00:00:00,1.8046733927095464
1995-12-14 00:00:00,1.8230052894752196
1995-12-15 00:00:00,1.8318267274403195
1995-12-18 00:00:00,1.8340454426287405
1995-12-19 00:00:00,1.8287847446501861
1995-12-20 00:00:00,1.8219085800214816
1995-12-21 00:00:00,1.8194458018267996
1995-12-22 00:00:00,1.8194458018267996
1995-12-26 00:00:00,1.8243780344221137
1995-12-27 00:00:00,1.8246528315352961
1995-12-28 00:00:00,1.810201755613095
1995-12-29 00:00:00,1.8274053625830189
1996-01-02 00:00:00,1.8257528483139163
1996-01-03 00:00:00,1.835573929625401
1996-01-04 00:00:00,1.821634608806441
1996-01-05 00:00:00,1.8298897505381924
1996-01-08 00:00:00,1.8291989654304015
1996-01-09 00:00:00,1.8348788471013073
1996-01-10 00:00:00,1.8387781039105695
1996-01-11 00:00:00,1.8418534512031068
1996-01-12 00:00:00,1.841293532233293
1996-01-16 00:00:00,1.8260280597773337
1996-01-17 00:00:00,1.8148120072753309
1996-01-18 00:00:00,1.8088502536304065
1996-01-19 00:00:00,1.8037328988330603
1996-01-22 00:00:00,1.772329209738527
1996-01-23 00:00:00,1.7594582641340353
1996-01-24 00:00:00,1.7653556031132076
1996-01-25 00:00:00,1.7541080435219856
1996-01-26 00:00:00,1.7365066153329747
1996-01-29 00:00:00,1.7347658812205118
1996-01-30 00:00:00,1.7399985849702433
1996-01-31 00:00:00,1.7437555993324936
1996-02-01 00:00:00,1.7420003089679084
1996-02-02 00:00:00,1.7392491239860493
1996-02-05 00:00:00,1.7455144306286503
1996-02-06 00:00:00,1.724394327197556
1996-02-07 00:00:00,1.7226221214240596
1996-02-08 00:00:00,1.7226221214240596
1996-02-09 00:00:00,1.7226221214240596
1996-02-12 00:00:00,1.7226221214240596
1996-02-13 00:00:00,1.7226221214240596
1996-02-14 00:00:00,1.7226221214240596
1996-02-15 00:00:00,1.7226221214240596
1996-02-16 00:00:00,1.7226221214240596
1996-02-20 00:00:00,1.7226221214240596
1996-02-21 00:00:00,1.7226221214240596
1996-02-22 00:00:00,1.7226221214240596
1996-02-23 00:00:00,1.7226221214240596
1996-02-26 00:00:00,1.7226221214240596
1996-02-27 00:00:00,1.7226221214240596
1996-02-28 00:00:00,1.7226221214240596
1996-02-29 00:00:00,1.7226221214240596
1996-03-01 00:00:00,1.7226221214240596
1996-03-04 00:00:00,1.7226221214240596
1996-03-05 00:00:00,1.7226221214240596
1996-03-06 00:00:00,1.7226221214240596
1996-03-07 00:00:00,1.7226221214240596
1996-03-08 00:00:00,1.7226221214240596
1996-03-11 00:00:00,1.7226221214240596
1996-03-12 00:00:00,1.7226221214240596
1996-03-13 00:00:00,1.7226221214240596
1996-03-14 00:00:00,1.7226221214240596
1996-03-15 00:00:00,1.7226221214240596
1996-03-18 00:00:00,1.7226221214240596
1996-03-19 00:00:00,1.7226221214240596
1996-03-20 00:00:00,1.7226221214240596
1996-03-21 00:00:00,1.7226221214240596
1996-03-22 00:00:00,1.7314627481604241
1996-03-25 00:00:00,1.7306790444421867
1996-03-26 00:00:00,1.7326396354599825
1996-03-27 00:00:00,1.7249534897086936
1996-03-28 00:00:00,1.7244348626823227
1996-03-29 00:00:00,1.7165899536937046
1996-04-01 00:00:00,1.7223634694538756
1996-04-02 00:00:00,1.726901122553679
1996-04-03 00:00:00,1.7288531584872364
1996-04-04 00:00:00,1.7257320154299398
1996-04-05 00:00:00,1.7231396584892311
1996-04-08 00:00:00,1.725083195212093
1996-04-09 00:00:00,1.7100388650212899
1996-04-10 00:00:00,1.7095801225912564
1996-04-11 00:00:00,1.7092744310181511
1996-04-12 00:00:00,1.706223517263545
1996-04-15 00:00:00,1.6993986231944906
1996-04-16 00:00:00,1.6966337385834658
1996-04-17 00:00:00,1.7000282632920063
1996-04-18 00:00:00,1.7057160901952138
1996-04-19 00:00:00,1.71284764918065
1996-04-22 00:00:00,1.7102938283230673
1996-04-23 00:00:00,1.7072392776548315
1996-04-24 00:00:00,1.7004062713552937
1996-04-25 00:00:00,1.6856635865632348
1996-04-26 00:00:00,1.6948789460051434
1996-04-29 00:00:00,1.6983921685760754
1996-04-30 00:00:00,1.690009680524908
1996-05-01 00:00:00,1.6787561402843278
1996-05-02 00:00:00,1.6703226365581088
1996-05-03 00:00:00,1.6809702090508225
1996-05-06 00:00:00,1.676057964138342
1996-05-07 00:00:00,1.6809702090508225
1996-05-08 00:00:00,1.6846733303807917
1996-05-09 00:00:00,1.690632381217806
1996-05-10 00:00:00,1.690009680524908
1996-05-13 00:00:00,1.6956305552938378
1996-05-14 00:00:00,1.6937527805925157
1996-05-15 00:00:00,1.6968847199057415
1996-05-16 00:00:00,1.7001415834989044
1996-05-17 00:00:00,1.7001415834989044
1996-05-20 00:00:00,1.7001415834989044
1996-05-21 00:00:00,1.7001415834989044
1996-05-22 00:00:00,1.7001415834989044
1996-05-23 00:00:00,1.7001415834989044
1996-05-24 00:00:00,1.7001415834989044
1996-05-28 00:00:00,1.7001415834989044
1996-05-29 00:00:00,1.7001415834989044
1996-05-30 00:00:00,1.7001415834989044
1996-05-31 00:00:00,1.7001415834989044
1996-06-03 00:00:00,1.7001415834989044
1996-06-04 00:00:00,1.7001415834989044
1996-06-05 00:00:00,1.7001415834989044
1996-06-06 00:00:00,1.7001415834989044
1996-06-07 00:00:00,1.7001415834989044
1996-06-10 00:00:00,1.7001415834989044
1996-06-11 00:00:00,1.7001415834989044
1996-06-12 00:00:00,1.7001415834989044
1996-06-13 00:00:00,1.7001415834989044
1996-06-14 00:00:00,1.7001415834989044
1996-06-17 00:00:00,1.7001415834989044
1996-06-18 00:00:00,1.704748319687822
1996-06-19 00:00:00,1.7104127907697022
1996-06-20 00:00:00,1.7080909634519155
1996-06-21 00:00:00,1.702441835190349
1996-06-24 00:00:00,1.7026978029899569
1996-06-25 00:00:00,1.7080909634519155
1996-06-26 00:00:00,1.7139073912502762
1996-06-27 00:00:00,1.7074471296926048
1996-06-28 00:00:00,1.7087352829402038
1996-07-01 00:00:00,1.7023138801482451
1996-07-02 00:00:00,1.6917602461437409
1996-07-03 00:00:00,1.6996312603461203
1996-07-05 00:00:00,1.692771761985979
1996-07-08 00:00:00,1.6884811521822276
1996-07-09 00:00:00,1.693277973637291
1996-07-10 00:00:00,1.697593027684935
1996-07-11 00:00:00,1.697084233131455
1996-07-12 00:00:00,1.6884811521822276
1996-07-15 00:00:00,1.6772279454511554
1996-07-16 00:00:00,1.7042352276427692
1996-07-17 00:00:00,1.7101544982914831
1996-07-18 00:00:00,1.7078333716914795
1996-07-19 00:00:00,1.7142965618659098
1996-07-22 00:00:00,1.7168955560470285
1996-07-23 00:00:00,1.7229032538698006
1996-07-24 00:00:00,1.7243461115624212
1996-07-25 00:00:00,1.7301417901896265
1996-07-26 00:00:00,1.7192413978573249
1996-07-29 00:00:00,1.721358143106933
1996-07-30 00:00:00,1.714556107144012
1996-07-31 00:00:00,1.7124819427924092
1996-08-01 00:00:00,1.7250027551692613
1996-08-02 00:00:00,1.7197635668468036
1996-08-05 00:00:00,1.7137777069743039
1996-08-06 00:00:00,1.7153352147358676
1996-08-07 00:00:00,1.705004981584794
1996-08-08 00:00:00,1.705004981584794
1996-08-09 00:00:00,1.7011631497200241
1996-08-12 00:00:00,1.6981021274083372
1996-08-13 00:00:00,1.7019317927152993
1996-08-14 00:00:00,1.7019317927152993
1996-08-15 00:00:00,1.7032141403589969
1996-08-16 00:00:00,1.7021881077443228
1996-08-19 00:00:00,1.7039844769218009
1996-08-20 00:00:00,1.7115448968642284
1996-08-21 00:00:00,1.7101723461071725
1996-08-22 00:00:00,1.7078466357543522
1996-08-23 00:00:00,1.7130234973359055
1996-08-26 00:00:00,1.7145826813444032
1996-08-27 00:00:00,1.7097842879392335
1996-08-28 00:00:00,1.7104311494283146
1996-08-29 00:00:00,1.7057846416272715
1996-08-30 00:00:00,1.7057846416272715
1996-09-03 00:00:00,1.702572725076795
1996-09-04 00:00:00,1.7021881077443228
1996-09-05 00:00:00,1.701675554866351
1996-09-06 00:00:00,1.6996284263792938
1996-09-09 00:00:00,1.697331286292582
1996-09-10 00:00:00,1.6816737145398457
1996-09-11 00:00:00,1.6873223908968131
1996-09-12 00:00:00,1.6864412168639666
1996-09-13 00:00:00,1.6951674593809227
1996-09-16 00:00:00,1.7043699065705047
1996-09-17 00:00:00,1.7056559323054858
1996-09-18 00:00:00,1.7057846416272715
1996-09-19 00:00:00,1.7059133703754135
1996-09-20 00:00:00,1.7079756759232796
1996-09-23 00:00:00,1.713153321018917
1996-09-24 00:00:00,1.7144526409438459
1996-09-25 00:00:00,1.7117263418782833
1996-09-26 00:00:00,1.6993728815850706
1996-09-27 00:00:00,1.7039844769218009
1996-09-30 00:00:00,1.704241410648719
1996-10-01 00:00:00,1.7051412891939812
1996-10-02 00:00:00,1.7125043993064097
1996-10-03 00:00:00,1.7081047355935173
1996-10-04 00:00:00,1.7078466357543522
1996-10-07 00:00:00,1.707330670003369
1996-10-08 00:00:00,1.716926786483716
1996-10-09 00:00:00,1.716926786483716
1996-10-10 00:00:00,1.7116047026590049
1996-10-11 00:00:00,1.7116047026590049
1996-10-15 00:00:00,1.7055360981761314
1996-10-16 00:00:00,1.7050216076487779
1996-10-17 00:00:00,1.6970865123422008
1996-10-18 00:00:00,1.7016849704518138
1996-10-21 00:00:00,1.7088878697976413
1996-10-22 00:00:00,1.7097925219256442
1996-10-23 00:00:00,1.7213785988596615
1996-10-24 00:00:00,1.7182388294134971
1996-10-25 00:00:00,1.7203307348518337
1996-10-28 00:00:00,1.7190226974926093
1996-10-29 00:00:00,1.72610982725781
1996-10-30 00:00:00,1.7250561969649623
1996-10-31 00:00:00,1.7192841458116195
1996-11-01 00:00:00,1.717455675890519
1996-11-04 00:00:00,1.7109570544439832
1996-11-05 00:00:00,1.706050899292393
1996-11-06 00:00:00,1.7101805232543716
1996-11-07 00:00:00,1.712252841367979
1996-11-08 00:00:00,1.7156310910170582
1996-11-12 00:00:00,1.7050216076487779
1996-11-13 00:00:00,1.7021974489853031
1996-11-14 00:00:00,1.7047644787681189
1996-11-15 00:00:00,1.7070814344173058
1996-11-18 00:00:00,1.711993526989459
1996-11-19 00:00:00,1.7037367383136999
1996-11-20 00:00:00,1.7114751337943068
1996-11-21 00:00:00,1.708758711920701
1996-11-22 00:00:00,1.7099218361384658
1996-11-25 00:00:00,1.7021974489853031
1996-11-26 00:00:00,1.6945425361582067
1996-11-27 00:00:00,1.6942885579603415
1996-11-29 00:00:00,1.6826872966227149
1996-12-02 00:00:00,1.6794374177256572
1996-12-03 00:00:00,1.6626405734242384
1996-12-04 00:00:00,1.6622738414398053
1996-12-05 00:00:00,1.6611746155343716
1996-12-06 00:00:00,1.6601987455883973
1996-12-09 00:00:00,1.6490580975508968
1996-12-10 00:00:00,1.652916107429653
1996-12-11 00:00:00,1.664944088933423
1996-12-12 00:00:00,1.664944088933423
1996-12-13 00:00:00,1.664944088933423
1996-12-16 00:00:00,1.664944088933423
1996-12-17 00:00:00,1.664944088933423
1996-12-18 00:00:00,1.664944088933423
1996-12-19 00:00:00,1.664944088933423
1996-12-20 00:00:00,1.664944088933423
1996-12-23 00:00:00,1.664944088933423
1996-12-24 00:00:00,1.664944088933423
1996-12-26 00:00:00,1.664944088933423
1996-12-27 00:00:00,1.664944088933423
1996-12-30 00:00:00,1.664944088933423
1996-12-31 00:00:00,1.664944088933423
1997-01-02 00:00:00,1.664944088933423
1997-01-03 00:00:00,1.664944088933423
1997-01-06 00:00:00,1.664944088933423
1997-01-07 00:00:00,1.664944088933423
1997-01-08 00:00:00,1.664944088933423
1997-01-09 00:00:00,1.664944088933423
1997-01-10 00:00:00,1.664944088933423
1997-01-13 00:00:00,1.664944088933423
1997-01-14 00:00:00,1.664944088933423
1997-01-15 00:00:00,1.664944088933423
1997-01-16 00:00:00,1.664944088933423
1997-01-17 00:00:00,1.664944088933423
1997-01-21 00:00:00,1.664944088933423
1997-01-22 00:00:00,1.664944088933423
1997-01-23 00:00:00,1.664944088933423
1997-01-24 00:00:00,1.664944088933423
1997-01-27 00:00:00,1.664944088933423
1997-01-28 00:00:00,1.664944088933423
1997-01-29 00:00:00,1.664944088933423
1997-01-30 00:00:00,1.664944088933423
1997-01-31 00:00:00,1.664944088933423
1997-02-03 00:00:00,1.664944088933423
1997-02-04 00:00:00,1.664944088933423
1997-02-05 00:00:00,1.664944088933423
1997-02-06 00:00:00,1.664944088933423
1997-02-07 00:00:00,1.664944088933423
1997-02-10 00:00:00,1.664944088933423
1997-02-11 00:00:00,1.664944088933423
1997-02-12 00:00:00,1.664944088933423
1997-02-13 00:00:00,1.664944088933423
1997-02-14 00:00:00,1.664944088933423
1997-02-18 00:00:00,1.664944088933423
1997-02-19 00:00:00,1.664944088933423
1997-02-20 00:00:00,1.664944088933423
1997-02-21 00:00:00,1.664944088933423
1997-02-24 00:00:00,1.664944088933423
1997-02-25 00:00:00,1.664944088933423
1997-02-26 00:00:00,1.664944088933423
1997-02-27 00:00:00,1.664944088933423
1997-02-28 00:00:00,1.664944088933423
1997-03-03 00:00:00,1.664944088933423
1997-03-04 00:00:00,1.664944088933423
1997-03-05 00:00:00,1.664944088933423
1997-03-06 00:00:00,1.664944088933423
1997-03-07 00:00:00,1.664944088933423
1997-03-10 00:00:00,1.664944088933423
1997-03-11 00:00:00,1.664944088933423
1997-03-12 00:00:00,1.664944088933423
1997-03-13 00:00:00,1.664944088933423
1997-03-14 00:00:00,1.664944088933423
1997-03-17 00:00:00,1.664944088933423
1997-03-18 00:00:00,1.664944088933423
1997-03-19 00:00:00,1.664944088933423
1997-03-20 00:00:00,1.664944088933423
1997-03-21 00:00:00,1.664944088933423
1997-03-24 00:00:00,1.664944088933423
1997-03-25 00:00:00,1.664944088933423
1997-03-26 00:00:00,1.664944088933423
1997-03-27 00:00:00,1.664944088933423
1997-03-28 00:00:00,1.664944088933423
1997-03-31 00:00:00,1.664944088933423
1997-04-01 00:00:00,1.664944088933423
1997-04-02 00:00:00,1.664944088933423
1997-04-03 00:00:00,1.664944088933423
1997-04-04 00:00:00,1.664944088933423
1997-04-07 00:00:00,1.664944088933423
1997-04-08 00:00:00,1.664944088933423
1997-04-09 00:00:00,1.664944088933423
1997-04-10 00:00:00,1.664944088933423
1997-04-11 00:00:00,1.664944088933423
1997-04-14 00:00:00,1.664944088933423
1997-04-15 00:00:00,1.664944088933423
1997-04-16 00:00:00,1.664944088933423
1997-04-17 00:00:00,1.664944088933423
1997-04-18 00:00:00,1.664944088933423
1997-04-21 00:00:00,1.664944088933423
1997-04-22 00:00:00,1.664944088933423
1997-04-23 00:00:00,1.664944088933423
1997-04-24 00:00:00,1.664944088933423
1997-04-25 00:00:00,1.664944088933423
1997-04-28 00:00:00,1.664944088933423
1997-04-29 00:00:00,1.664944088933423
1997-04-30 00:00:00,1.664944088933423
1997-05-01 00:00:00,1.664944088933423
1997-05-02 00:00:00,1.664944088933423
1997-05-05 00:00:00,1.664944088933423
1997-05-06 00:00:00,1.664944088933423
1997-05-07 00:00:00,1.664944088933423
1997-05-08 00:00:00,1.664944088933423
1997-05-09 00:00:00,1.664944088933423
1997-05-12 00:00:00,1.664944088933423
1997-05-13 00:00:00,1.664944088933423
1997-05-14 00:00:00,1.664944088933423
1997-05-15 00:00:00,1.664944088933423
1997-05-16 00:00:00,1.664944088933423
1997-05-19 00:00:00,1.664944088933423
1997-05-20 00:00:00,1.664944088933423
1997-05-21 00:00:00,1.664944088933423
1997-05-22 00:00:00,1.664944088933423
1997-05-23 00:00:00,1.664944088933423
1997-05-27 00:00:00,1.664944088933423
1997-05-28 00:00:00,1.664944088933423
1997-05-29 00:00:00,1.664944088933423
1997-05-30 00:00:00,1.664944088933423
1997-06-02 00:00:00,1.664944088933423
1997-06-03 00:00:00,1.664944088933423
1997-06-04 00:00:00,1.664944088933423
1997-06-05 00:00:00,1.664944088933423
1997-06-06 00:00:00,1.664944088933423
1997-06-09 00:00:00,1.664944088933423
1997-06-10 00:00:00,1.664944088933423
1997-06-11 00:00:00,1.664944088933423
1997-06-12 00:00:00,1.664944088933423
1997-06-13 00:00:00,1.664944088933423
1997-06-16 00:00:00,1.664944088933423
1997-06-17 00:00:00,1.664944088933423
1997-06-18 00:00:00,1.664944088933423
1997-06-19 00:00:00,1.664944088933423
1997-06-20 00:00:00,1.664944088933423
1997-06-23 00:00:00,1.664944088933423
1997-06-24 00:00:00,1.664944088933423
1997-06-25 00:00:00,1.664944088933423
1997-06-26 00:00:00,1.664944088933423
1997-06-27 00:00:00,1.664944088933423
1997-06-30 00:00:00,1.664944088933423
1997-07-01 00:00:00,1.664944088933423
1997-07-02 00:00:00,1.664944088933423
1997-07-03 00:00:00,1.664944088933423
1997-07-07 00:00:00,1.664944088933423
1997-07-08 00:00:00,1.664944088933423
1997-07-09 00:00:00,1.664944088933423
1997-07-10 00:00:00,1.664944088933423
1997-07-11 00:00:00,1.664944088933423
1997-07-14 00:00:00,1.664944088933423
1997-07-15 00:00:00,1.664944088933423
1997-07-16 00:00:00,1.664944088933423
1997-07-17 00:00:00,1.664944088933423
1997-07-18 00:00:00,1.664944088933423
1997-07-21 00:00:00,1.664944088933423
1997-07-22 00:00:00,1.664944088933423
1997-07-23 00:00:00,1.664944088933423
1997-07-24 00:00:00,1.664944088933423
1997-07-25 00:00:00,1.664944088933423
1997-07-28 00:00:00,1.664944088933423
1997-07-29 00:00:00,1.664944088933423
1997-07-30 00:00:00,1.664944088933423
1997-07-31 00:00:00,1.664944088933423
1997-08-01 00:00:00,1.664944088933423
1997-08-04 00:00:00,1.664944088933423
1997-08-05 00:00:00,1.664944088933423
1997-08-06 00:00:00,1.664944088933423
1997-08-07 00:00:00,1.664944088933423
1997-08-08 00:00:00,1.664944088933423
1997-08-11 00:00:00,1.664944088933423
1997-08-12 00:00:00,1.664944088933423
1997-08-13 00:00:00,1.664944088933423
1997-08-14 00:00:00,1.664944088933423
1997-08-15 00:00:00,1.664944088933423
1997-08-18 00:00:00,1.664944088933423
1997-08-19 00:00:00,1.664944088933423
1997-08-20 00:00:00,1.664944088933423
1997-08-21 00:00:00,1.664944088933423
1997-08-22 00:00:00,1.664944088933423
1997-08-25 00:00:00,1.664944088933423
1997-08-26 00:00:00,1.664944088933423
1997-08-27 00:00:00,1.664944088933423
1997-08-28 00:00:00,1.664944088933423
1997-08-29 00:00:00,1.664944088933423
1997-09-02 00:00:00,1.664944088933423
1997-09-03 00:00:00,1.664944088933423
1997-09-04 00:00:00,1.664944088933423
1997-09-05 00:00:00,1.664944088933423
1997-09-08 00:00:00,1.664944088933423
1997-09-09 00:00:00,1.664944088933423
1997-09-10 00:00:00,1.664944088933423
1997-09-11 00:00:00,1.664944088933423
1997-09-12 00:00:00,1.664944088933423
1997-09-15 00:00:00,1.664944088933423
1997-09-16 00:00:00,1.664944088933423
1997-09-17 00:00:00,1.664944088933423
1997-09-18 00:00:00,1.664944088933423
1997-09-19 00:00:00,1.664944088933423
1997-09-22 00:00:00,1.664944088933423
1997-09-23 00:00:00,1.664944088933423
1997-09-24 00:00:00,1.664944088933423
1997-09-25 00:00:00,1.664944088933423
1997-09-26 00:00:00,1.6574255255614205
1997-09-29 00:00:00,1.6603632903818606
1997-09-30 00:00:00,1.6521680125418707
1997-10-01 00:00:00,1.6511900125344467
1997-10-02 00:00:00,1.6518418838382503
1997-10-03 00:00:00,1.6725311759209678
1997-10-06 00:00:00,1.6663144132864547
1997-10-07 00:00:00,1.667088980050052
1997-10-08 00:00:00,1.6619020886120568
1997-10-09 00:00:00,1.6619020886120568
1997-10-10 00:00:00,1.656638046098306
1997-10-14 00:00:00,1.6554582289627113
1997-10-15 00:00:00,1.6582794735830457
1997-10-16 00:00:00,1.6586081494829366
1997-10-17 00:00:00,1.6397578674443978
1997-10-20 00:00:00,1.6490208191391047
1997-10-21 00:00:00,1.630640764281595
1997-10-22 00:00:00,1.6285251920505026
1997-10-23 00:00:00,1.6483711720665613
1997-10-24 00:00:00,1.6540185103817189
1997-10-27 00:00:00,1.6568567153229758
1997-10-28 00:00:00,1.6663144132864547
1997-10-29 00:00:00,1.6667348030549138
1997-10-30 00:00:00,1.6725311759209678
1997-10-31 00:00:00,1.6761044832803929
1997-11-03 00:00:00,1.6614621410042176
1997-11-04 00:00:00,1.6671996912321507
1997-11-05 00:00:00,1.669195010011551
1997-11-06 00:00:00,1.6765522205538754
1997-11-07 00:00:00,1.6830713965254578
1997-11-10 00:00:00,1.6778968687724722
1997-11-12 00:00:00,1.6683076123454097
1997-11-13 00:00:00,1.6740926214039564
1997-11-14 00:00:00,1.665209137077058
1997-11-17 00:00:00,1.6645466748822257
1997-11-18 00:00:00,1.6603632903818606
1997-11-19 00:00:00,1.6586300658421576
1997-11-20 00:00:00,1.6603632903818606
1997-11-21 00:00:00,1.6533866983609986
1997-11-24 00:00:00,1.6559199513585487
1997-11-25 00:00:00,1.6559199513585487
1997-11-26 00:00:00,1.6333898454502562
1997-11-28 00:00:00,1.635399195211574
1997-12-01 00:00:00,1.6172218105363325
1997-12-02 00:00:00,1.622728360618464
1997-12-03 00:00:00,1.626657687406154
1997-12-04 00:00:00,1.6249414946889402
1997-12-05 00:00:00,1.6129463965544548
1997-12-08 00:00:00,1.6187557242493984
1997-12-09 00:00:00,1.6124109854992443
1997-12-10 00:00:00,1.6164973229855342
1997-12-11 00:00:00,1.6261131363816062
1997-12-12 00:00:00,1.6257154257606203
1997-12-15 00:00:00,1.628083623604056
1997-12-16 00:00:00,1.6217489932611726
1997-12-17 00:00:00,1.6315961869415907
1997-12-18 00:00:00,1.6242100756229512
1997-12-19 00:00:00,1.627496170750178
1997-12-22 00:00:00,1.623625414285708
1997-12-23 00:00:00,1.624293633045848
1997-12-24 00:00:00,1.6256107974026748
1997-12-26 00:00:00,1.625234246798448
1997-12-29 00:00:00,1.6097597712091491
1997-12-30 00:00:00,1.596774719004385
1997-12-31 00:00:00,1.5906007915644058
1998-01-02 00:00:00,1.5836200984352833
1998-01-05 00:00:00,1.5744007236647322
1998-01-06 00:00:00,1.5678920279356154
1998-01-07 00:00:00,1.567716864040192
1998-01-08 00:00:00,1.57132533966474
1998-01-09 00:00:00,1.5809438924731027
1998-01-12 00:00:00,1.5703289132758944
1998-01-13 00:00:00,1.5727733854323016
1998-01-14 00:00:00,1.5736356515427357
1998-01-15 00:00:00,1.5730672336079445
1998-01-16 00:00:00,1.5740867579451572
1998-01-20 00:00:00,1.5604722776891236
1998-01-21 00:00:00,1.5690023088990819
1998-01-22 00:00:00,1.586205763001932
1998-01-23 00:00:00,1.6025086010685676
1998-01-26 00:00:00,1.5915075458375323
1998-01-27 00:00:00,1.5915075458375323
1998-01-28 00:00:00,1.5915075458375323
1998-01-29 00:00:00,1.5915075458375323
1998-01-30 00:00:00,1.5915075458375323
1998-02-02 00:00:00,1.5915075458375323
1998-02-03 00:00:00,1.5915075458375323
1998-02-04 00:00:00,1.5915075458375323
1998-02-05 00:00:00,1.5915075458375323
1998-02-06 00:00:00,1.5915075458375323
1998-02-09 00:00:00,1.5915075458375323
1998-02-10 00:00:00,1.5915075458375323
1998-02-11 00:00:00,1.5915075458375323
1998-02-12 00:00:00,1.5915075458375323
1998-02-13 00:00:00,1.5915075458375323
1998-02-17 00:00:00,1.5915075458375323
1998-02-18 00:00:00,1.5915075458375323
1998-02-19 00:00:00,1.5915075458375323
1998-02-20 00:00:00,1.5915075458375323
1998-02-23 00:00:00,1.5915075458375323
1998-02-24 00:00:00,1.5915075458375323
1998-02-25 00:00:00,1.5915075458375323
1998-02-26 00:00:00,1.5915075458375323
1998-02-27 00:00:00,1.5915075458375323
1998-03-02 00:00:00,1.5915075458375323
1998-03-03 00:00:00,1.5915075458375323
1998-03-04 00:00:00,1.5915075458375323
1998-03-05 00:00:00,1.5915075458375323
1998-03-06 00:00:00,1.5915075458375323
1998-03-09 00:00:00,1.5915075458375323
1998-03-10 00:00:00,1.5915075458375323
1998-03-11 00:00:00,1.5915075458375323
1998-03-12 00:00:00,1.5915075458375323
1998-03-13 00:00:00,1.5915075458375323
1998-03-16 00:00:00,1.5915075458375323
1998-03-17 00:00:00,1.5915075458375323
1998-03-18 00:00:00,1.5915075458375323
1998-03-19 00:00:00,1.5915075458375323
1998-03-20 00:00:00,1.5915075458375323
1998-03-23 00:00:00,1.5915075458375323
1998-03-24 00:00:00,1.5915075458375323
1998-03-25 00:00:00,1.5915075458375323
1998-03-26 00:00:00,1.5915075458375323
1998-03-27 00:00:00,1.5915075458375323
1998-03-30 00:00:00,1.5915075458375323
1998-03-31 00:00:00,1.5915075458375323
1998-04-01 00:00:00,1.5915075458375323
1998-04-02 00:00:00,1.5915075458375323
1998-04-03 00:00:00,1.5915075458375323
1998-04-06 00:00:00,1.5915075458375323
1998-04-07 00:00:00,1.5915075458375323
1998-04-08 00:00:00,1.5915075458375323
1998-04-09 00:00:00,1.5915075458375323
1998-04-10 00:00:00,1.5915075458375323
1998-04-13 00:00:00,1.5915075458375323
1998-04-14 00:00:00,1.5915075458375323
1998-04-15 00:00:00,1.5915075458375323
1998-04-16 00:00:00,1.5915075458375323
1998-04-17 00:00:00,1.5915075458375323
1998-04-20 00:00:00,1.5915075458375323
1998-04-21 00:00:00,1.5915075458375323
1998-04-22 00:00:00,1.5884011550519028
1998-04-23 00:00:00,1.5796038816446947
1998-04-24 00:00:00,1.5888146396686025
1998-04-27 00:00:00,1.581199854478481
1998-04-28 00:00:00,1.5740635559734202
1998-04-29 00:00:00,1.5740635559734202
1998-04-30 00:00:00,1.5777255882866577
1998-05-01 00:00:00,1.5884011550519028
1998-05-04 00:00:00,1.5894352703872232
1998-05-05 00:00:00,1.5998509667855663
1998-05-06 00:00:00,1.610404073426632
1998-05-07 00:00:00,1.6093425018554874
1998-05-08 00:00:00,1.6032971099839595
1998-05-11 00:00:00,1.5988660820430238
1998-05-12 00:00:00,1.6032128810840391
1998-05-13 00:00:00,1.5844837586414684
1998-05-14 00:00:00,1.5805856372619282
1998-05-15 00:00:00,1.5760959169236761
1998-05-18 00:00:00,1.5661871794423752
1998-05-19 00:00:00,1.571429309548645
1998-05-20 00:00:00,1.5824297221381738
1998-05-21 00:00:00,1.5915075458375323
1998-05-22 00:00:00,1.585924759851094
1998-05-26 00:00:00,1.575485657792188
1998-05-27 00:00:00,1.560979907490265
1998-05-28 00:00:00,1.5625784532224618
1998-05-29 00:00:00,1.5579914328747761
1998-06-01 00:00:00,1.5599824762394725
1998-06-02 00:00:00,1.5655845679843365
1998-06-03 00:00:00,1.5710248232398807
1998-06-04 00:00:00,1.574571154669316
1998-06-05 00:00:00,1.5638796843986769
1998-06-08 00:00:00,1.5599824762394725
1998-06-09 00:00:00,1.5481119691279486
1998-06-10 00:00:00,1.5306411130500155
1998-06-11 00:00:00,1.525857859571734
1998-06-12 00:00:00,1.5256671511778368
1998-06-15 00:00:00,1.5070201082189967
1998-06-16 00:00:00,1.5163804815619715
1998-06-17 00:00:00,1.5358466150163284
1998-06-18 00:00:00,1.5358466150163284
1998-06-19 00:00:00,1.5358466150163284
1998-06-22 00:00:00,1.5358466150163284
1998-06-23 00:00:00,1.5358466150163284
1998-06-24 00:00:00,1.5358466150163284
1998-06-25 00:00:00,1.5358466150163284
1998-06-26 00:00:00,1.5358466150163284
1998-06-29 00:00:00,1.5358466150163284
1998-06-30 00:00:00,1.5358466150163284
1998-07-01 00:00:00,1.5358466150163284
1998-07-02 00:00:00,1.5358466150163284
1998-07-03 00:00:00,1.5358466150163284
1998-07-06 00:00:00,1.5358466150163284
1998-07-07 00:00:00,1.5358466150163284
1998-07-08 00:00:00,1.5358466150163284
1998-07-09 00:00:00,1.5358466150163284
1998-07-10 00:00:00,1.5358466150163284
1998-07-13 00:00:00,1.5358466150163284
1998-07-14 00:00:00,1.5358466150163284
1998-07-15 00:00:00,1.5358466150163284
1998-07-16 00:00:00,1.5358466150163284
1998-07-17 00:00:00,1.5358466150163284
1998-07-20 00:00:00,1.5358466150163284
1998-07-21 00:00:00,1.5358466150163284
1998-07-22 00:00:00,1.5358466150163284
1998-07-23 00:00:00,1.5358466150163284
1998-07-24 00:00:00,1.5358466150163284
1998-07-27 00:00:00,1.5358466150163284
1998-07-28 00:00:00,1.5358466150163284
1998-07-29 00:00:00,1.5358466150163284
1998-07-30 00:00:00,1.5358466150163284
1998-07-31 00:00:00,1.5358466150163284
1998-08-03 00:00:00,1.5358466150163284
1998-08-04 00:00:00,1.5358466150163284
1998-08-05 00:00:00,1.5358466150163284
1998-08-06 00:00:00,1.5358466150163284
1998-08-07 00:00:00,1.5358466150163284
1998-08-10 00:00:00,1.5358466150163284
1998-08-11 00:00:00,1.5358466150163284
1998-08-12 00:00:00,1.5358466150163284
1998-08-13 00:00:00,1.5358466150163284
1998-08-14 00:00:00,1.5358466150163284
1998-08-17 00:00:00,1.5358466150163284
1998-08-18 00:00:00,1.5358466150163284
1998-08-19 00:00:00,1.5358466150163284
1998-08-20 00:00:00,1.5358466150163284
1998-08-21 00:00:00,1.5358466150163284
1998-08-24 00:00:00,1.5358466150163284
1998-08-25 00:00:00,1.5358466150163284
1998-08-26 00:00:00,1.5358466150163284
1998-08-27 00:00:00,1.5358466150163284
1998-08-28 00:00:00,1.5358466150163284
1998-08-31 00:00:00,1.5358466150163284
1998-09-01 00:00:00,1.5358466150163284
1998-09-02 00:00:00,1.5358466150163284
1998-09-03 00:00:00,1.5358466150163284
1998-09-04 00:00:00,1.5358466150163284
1998-09-08 00:00:00,1.5358466150163284
1998-09-09 00:00:00,1.5358466150163284
1998-09-10 00:00:00,1.5358466150163284
1998-09-11 00:00:00,1.5358466150163284
1998-09-14 00:00:00,1.5358466150163284
1998-09-15 00:00:00,1.5358466150163284
1998-09-16 00:00:00,1.5358466150163284
1998-09-17 00:00:00,1.5358466150163284
1998-09-18 00:00:00,1.5358466150163284
1998-09-21 00:00:00,1.5358466150163284
1998-09-22 00:00:00,1.5358466150163284
1998-09-23 00:00:00,1.5358466150163284
1998-09-24 00:00:00,1.5358466150163284
1998-09-25 00:00:00,1.5358466150163284
1998-09-28 00:00:00,1.5358466150163284
1998-09-29 00:00:00,1.5358466150163284
1998-09-30 00:00:00,1.5358466150163284
1998-10-01 00:00:00,1.5358466150163284
1998-10-02 00:00:00,1.5358466150163284
1998-10-05 00:00:00,1.5358466150163284
1998-10-06 00:00:00,1.5358466150163284
1998-10-07 00:00:00,1.5358466150163284
1998-10-08 00:00:00,1.5358466150163284
1998-10-09 00:00:00,1.5358466150163284
1998-10-13 00:00:00,1.5437272418892742
1998-10-14 00:00:00,1.5341062789086612
1998-10-15 00:00:00,1.5283335365609334
1998-10-16 00:00:00,1.565947708550577
1998-10-19 00:00:00,1.566551699695557
1998-10-20 00:00:00,1.5606326122615488
1998-10-21 00:00:00,1.5706914753763506
1998-10-22 00:00:00,1.5732264842133041
1998-10-23 00:00:00,1.5955790113575643
1998-10-26 00:00:00,1.5886100547890536
1998-10-27 00:00:00,1.56393776411655
1998-10-28 00:00:00,1.560532674210046
1998-10-29 00:00:00,1.5647411224132581
1998-10-30 00:00:00,1.5585365976249734
1998-11-02 00:00:00,1.5649420909622453
1998-11-03 00:00:00,1.5593344151819861
1998-11-04 00:00:00,1.5526778107973291
1998-11-05 00:00:00,1.5690733526794205
1998-11-06 00:00:00,1.5585365976249734
1998-11-09 00:00:00,1.5404094968687785
1998-11-10 00:00:00,1.526189501137573
1998-11-12 00:00:00,1.4959655150683906
1998-11-13 00:00:00,1.4990943799498082
1998-11-16 00:00:00,1.5089336371804385
1998-11-17 00:00:00,1.513055894726442
1998-11-18 00:00:00,1.5149371030998435
1998-11-19 00:00:00,1.5046851145041915
1998-11-20 00:00:00,1.5093074594614195
1998-11-23 00:00:00,1.501088937100483
1998-11-24 00:00:00,1.5057636085308996
1998-11-25 00:00:00,1.4846642037567976
1998-11-27 00:00:00,1.4904757333617173
1998-11-30 00:00:00,1.4978044401022792
1998-12-01 00:00:00,1.5001094638635937
1998-12-02 00:00:00,1.5108046026326154
1998-12-03 00:00:00,1.5151254812524297
1998-12-04 00:00:00,1.5061358615861609
1998-12-07 00:00:00,1.4949743718384425
1998-12-08 00:00:00,1.5035339486959578
1998-12-09 00:00:00,1.5159846872391467
1998-12-10 00:00:00,1.5159846872391467
1998-12-11 00:00:00,1.5159846872391467
1998-12-14 00:00:00,1.5159846872391467
1998-12-15 00:00:00,1.5159846872391467
1998-12-16 00:00:00,1.5159846872391467
1998-12-17 00:00:00,1.5159846872391467
1998-12-18 00:00:00,1.5159846872391467
1998-12-21 00:00:00,1.5159846872391467
1998-12-22 00:00:00,1.5159846872391467
1998-12-23 00:00:00,1.5159846872391467
1998-12-24 00:00:00,1.5159846872391467
1998-12-28 00:00:00,1.5159846872391467
1998-12-29 00:00:00,1.5159846872391467
1998-12-30 00:00:00,1.5159846872391467
1998-12-31 00:00:00,1.5159846872391467
1999-01-04 00:00:00,1.5159846872391467
1999-01-05 00:00:00,1.5159846872391467
1999-01-06 00:00:00,1.5159846872391467
1999-01-07 00:00:00,1.5159846872391467
1999-01-08 00:00:00,1.5159846872391467
1999-01-11 00:00:00,1.5159846872391467
1999-01-12 00:00:00,1.5159846872391467
1999-01-13 00:00:00,1.5159846872391467
1999-01-14 00:00:00,1.5159846872391467
1999-01-15 00:00:00,1.5027000868556695
1999-01-19 00:00:00,1.5253655387265106
1999-01-20 00:00:00,1.532279264944514
1999-01-21 00:00:00,1.5296051301016793
1999-01-22 00:00:00,1.530693464929048
1999-01-25 00:00:00,1.5321800561866672
1999-01-26 00:00:00,1.5354607427850429
1999-01-27 00:00:00,1.5335701489082418
1999-01-28 00:00:00,1.5223236389709283
1999-01-29 00:00:00,1.5194889538848777
1999-02-01 00:00:00,1.510565617758399
1999-02-02 00:00:00,1.5097946259922854
1999-02-03 00:00:00,1.5044196419455231
1999-02-04 00:00:00,1.5086396128906718
1999-02-05 00:00:00,1.5063348801911571
1999-02-08 00:00:00,1.5049937018445103
1999-02-09 00:00:00,1.5006989008689886
1999-02-10 00:00:00,1.500603739239257
1999-02-11 00:00:00,1.4996527862993083
1999-02-12 00:00:00,1.5009844581887024
1999-02-16 00:00:00,1.4915240746125729
1999-02-17 00:00:00,1.4920883334049861
1999-02-18 00:00:00,1.4853452779188476
1999-02-19 00:00:00,1.4753441999877233
1999-02-22 00:00:00,1.4656584273382312
1999-02-23 00:00:00,1.4607728992471039
1999-02-24 00:00:00,1.4527023307429763
1999-02-25 00:00:00,1.4580727644980334
1999-02-26 00:00:00,1.444455897442659
1999-03-01 00:00:00,1.4333446982315614
1999-03-02 00:00:00,1.4364769313951125
1999-03-03 00:00:00,1.4321302933795135
1999-03-04 00:00:00,1.4293794904385821
1999-03-05 00:00:00,1.4362153891972496
1999-03-08 00:00:00,1.442079278964234
1999-03-09 00:00:00,1.4448968718893076
1999-03-10 00:00:00,1.4586119925914127
1999-03-11 00:00:00,1.461855755362187
1999-03-12 00:00:00,1.4580727644980334
1999-03-15 00:00:00,1.448245600541369
1999-03-16 00:00:00,1.448245600541369
1999-03-17 00:00:00,1.448245600541369
1999-03-18 00:00:00,1.448245600541369
1999-03-19 00:00:00,1.448245600541369
1999-03-22 00:00:00,1.448245600541369
1999-03-23 00:00:00,1.448245600541369
1999-03-24 00:00:00,1.448245600541369
1999-03-25 00:00:00,1.448245600541369
1999-03-26 00:00:00,1.448245600541369
1999-03-29 00:00:00,1.448245600541369
1999-03-30 00:00:00,1.448245600541369
1999-03-31 00:00:00,1.448245600541369
1999-04-01 00:00:00,1.448245600541369
1999-04-02 00:00:00,1.448245600541369
1999-04-05 00:00:00,1.448245600541369
1999-04-06 00:00:00,1.448245600541369
1999-04-07 00:00:00,1.448245600541369
1999-04-08 00:00:00,1.448245600541369
1999-04-09 00:00:00,1.448245600541369
1999-04-12 00:00:00,1.448245600541369
1999-04-13 00:00:00,1.448245600541369
1999-04-14 00:00:00,1.448245600541369
1999-04-15 00:00:00,1.448245600541369
1999-04-16 00:00:00,1.448245600541369
1999-04-19 00:00:00,1.448245600541369
1999-04-20 00:00:00,1.448245600541369
1999-04-21 00:00:00,1.448245600541369
1999-04-22 00:00:00,1.448245600541369
1999-04-23 00:00:00,1.448245600541369
1999-04-26 00:00:00,1.448245600541369
1999-04-27 00:00:00,1.448245600541369
1999-04-28 00:00:00,1.448245600541369
1999-04-29 00:00:00,1.448245600541369
1999-04-30 00:00:00,1.448245600541369
1999-05-03 00:00:00,1.448245600541369
1999-05-04 00:00:00,1.448245600541369
1999-05-05 00:00:00,1.448245600541369
1999-05-06 00:00:00,1.448245600541369
1999-05-07 00:00:00,1.448245600541369
1999-05-10 00:00:00,1.448245600541369
1999-05-11 00:00:00,1.448245600541369
1999-05-12 00:00:00,1.448245600541369
1999-05-13 00:00:00,1.448245600541369
1999-05-14 00:00:00,1.448245600541369
1999-05-17 00:00:00,1.448245600541369
1999-05-18 00:00:00,1.448245600541369
1999-05-19 00:00:00,1.448245600541369
1999-05-20 00:00:00,1.448245600541369
1999-05-21 00:00:00,1.448245600541369
1999-05-24 00:00:00,1.448245600541369
1999-05-25 00:00:00,1.448245600541369
1999-05-26 00:00:00,1.448245600541369
1999-05-27 00:00:00,1.448245600541369
1999-05-28 00:00:00,1.448245600541369
1999-06-01 00:00:00,1.448245600541369
1999-06-02 00:00:00,1.448245600541369
1999-06-03 00:00:00,1.448245600541369
1999-06-04 00:00:00,1.448245600541369
1999-06-07 00:00:00,1.448245600541369
1999-06-08 00:00:00,1.448245600541369
1999-06-09 00:00:00,1.448245600541369
1999-06-10 00:00:00,1.448245600541369
1999-06-11 00:00:00,1.448245600541369
1999-06-14 00:00:00,1.448245600541369
1999-06-15 00:00:00,1.448245600541369
1999-06-16 00:00:00,1.448245600541369
1999-06-17 00:00:00,1.448245600541369
1999-06-18 00:00:00,1.448245600541369
1999-06-21 00:00:00,1.448245600541369
1999-06-22 00:00:00,1.448245600541369
1999-06-23 00:00:00,1.448245600541369
1999-06-24 00:00:00,1.448245600541369
1999-06-25 00:00:00,1.448245600541369
1999-06-28 00:00:00,1.448245600541369
1999-06-29 00:00:00,1.448245600541369
1999-06-30 00:00:00,1.448245600541369
1999-07-01 00:00:00,1.448245600541369
1999-07-02 00:00:00,1.448245600541369
1999-07-06 00:00:00,1.448245600541369
1999-07-07 00:00:00,1.448245600541369
1999-07-08 00:00:00,1.448245600541369
1999-07-09 00:00:00,1.448245600541369
1999-07-12 00:00:00,1.448245600541369
1999-07-13 00:00:00,1.448245600541369
1999-07-14 00:00:00,1.448245600541369
1999-07-15 00:00:00,1.448245600541369
1999-07-16 00:00:00,1.448245600541369
1999-07-19 00:00:00,1.448245600541369
1999-07-20 00:00:00,1.448245600541369
1999-07-21 00:00:00,1.448245600541369
1999-07-22 00:00:00,1.448245600541369
1999-07-23 00:00:00,1.448245600541369
1999-07-26 00:00:00,1.448245600541369
1999-07-27 00:00:00,1.448245600541369
1999-07-28 00:00:00,1.448245600541369
1999-07-29 00:00:00,1.448245600541369
1999-07-30 00:00:00,1.448245600541369
1999-08-02 00:00:00,1.448245600541369
1999-08-03 00:00:00,1.448245600541369
1999-08-04 00:00:00,1.448245600541369
1999-08-05 00:00:00,1.448245600541369
1999-08-06 00:00:00,1.4436356120969427
1999-08-09 00:00:00,1.4338054085126248
1999-08-10 00:00:00,1.4362503872847534
1999-08-11 00:00:00,1.4284210393225714
1999-08-12 00:00:00,1.4261750942921898
1999-08-13 00:00:00,1.418966989122482
1999-08-16 00:00:00,1.4203343386663247
1999-08-17 00:00:00,1.418966989122482
1999-08-18 00:00:00,1.4147109393650659
1999-08-19 00:00:00,1.4298066787447345
1999-08-20 00:00:00,1.4329342179618214
1999-08-23 00:00:00,1.4223903111710288
1999-08-24 00:00:00,1.4232487241530265
1999-08-25 00:00:00,1.414541228359864
1999-08-26 00:00:00,1.4113244380141026
1999-08-27 00:00:00,1.4164102918447843
1999-08-30 00:00:00,1.4131850047468633
1999-08-31 00:00:00,1.4329342179618214
1999-09-01 00:00:00,1.4359005942045575
1999-09-02 00:00:00,1.444696848763517
1999-09-03 00:00:00,1.4387037188394127
1999-09-07 00:00:00,1.4432822129262945
1999-09-08 00:00:00,1.4468240097678315
1999-09-09 00:00:00,1.44505094112841
1999-09-10 00:00:00,1.4272108060527506
1999-09-13 00:00:00,1.4349395411752757
1999-09-14 00:00:00,1.4232487241530265
1999-09-15 00:00:00,1.4210190021219362
1999-09-16 00:00:00,1.4210190021219362
1999-09-17 00:00:00,1.4237642694527681
1999-09-20 00:00:00,1.4306740693530484
1999-09-21 00:00:00,1.4324120116141674
1999-09-22 00:00:00,1.4339797737574882
1999-09-23 00:00:00,1.429286749043373
1999-09-24 00:00:00,1.4311950090554466
1999-09-27 00:00:00,1.4266927622030037
1999-09-28 00:00:00,1.4353762239327847
1999-09-29 00:00:00,1.4388792775604424
1999-09-30 00:00:00,1.437826567443949
1999-10-01 00:00:00,1.4464783037427258
1999-10-04 00:00:00,1.4464783037427258
1999-10-05 00:00:00,1.4516455704104443
1999-10-06 00:00:00,1.4481669727301982
1999-10-07 00:00:00,1.4495029201220153
1999-10-08 00:00:00,1.4406428778229814
1999-10-12 00:00:00,1.455949930886087
1999-10-13 00:00:00,1.453525592425777
1999-10-14 00:00:00,1.453167117651148
1999-10-15 00:00:00,1.4539739346813063
1999-10-18 00:00:00,1.443289496704469
1999-10-19 00:00:00,1.4484339651661737
1999-10-20 00:00:00,1.4424062105987745
1999-10-21 00:00:00,1.4511093141967721
1999-10-22 00:00:00,1.4477222040039295
1999-10-25 00:00:00,1.448612014823846
1999-10-26 00:00:00,1.4441738652686258
1999-10-27 00:00:00,1.4362533504682495
1999-10-28 00:00:00,1.4282461205419936
1999-10-29 00:00:00,1.4331965631610808
1999-11-01 00:00:00,1.427640528268458
1999-11-02 00:00:00,1.4294588477185817
1999-11-03 00:00:00,1.4244480527731158
1999-11-04 00:00:00,1.4126658763596245
1999-11-05 00:00:00,1.414531117583962
1999-11-08 00:00:00,1.412158027632353
1999-11-09 00:00:00,1.4160608916837283
1999-11-10 00:00:00,1.4202420898574255
1999-11-12 00:00:00,1.4069315592874865
1999-11-15 00:00:00,1.4096242512669843
1999-11-16 00:00:00,1.4042491349609136
1999-11-17 00:00:00,1.4196432647382229
1999-11-18 00:00:00,1.4077719197935714
1999-11-19 00:00:00,1.412158027632353
1999-11-22 00:00:00,1.4125812095405441
1999-11-23 00:00:00,1.4062599929107382
1999-11-24 00:00:00,1.3969249336880023
1999-11-26 00:00:00,1.392303726440452
1999-11-29 00:00:00,1.3893490616118827
1999-11-30 00:00:00,1.3842897616107115
1999-12-01 00:00:00,1.3766891052093442
1999-12-02 00:00:00,1.369851956577713
1999-12-03 00:00:00,1.369851956577713
1999-12-06 00:00:00,1.369851956577713
1999-12-07 00:00:00,1.369851956577713
1999-12-08 00:00:00,1.369851956577713
1999-12-09 00:00:00,1.369851956577713
1999-12-10 00:00:00,1.369851956577713
1999-12-13 00:00:00,1.369851956577713
1999-12-14 00:00:00,1.369851956577713
1999-12-15 00:00:00,1.369851956577713
1999-12-16 00:00:00,1.369851956577713
1999-12-17 00:00:00,1.369851956577713
1999-12-20 00:00:00,1.369851956577713
1999-12-21 00:00:00,1.369851956577713
1999-12-22 00:00:00,1.369851956577713
1999-12-23 00:00:00,1.369851956577713
1999-12-24 00:00:00,1.369851956577713
1999-12-27 00:00:00,1.369851956577713
1999-12-28 00:00:00,1.369851956577713
1999-12-29 00:00:00,1.369851956577713
1999-12-30 00:00:00,1.369851956577713
1999-12-31 00:00:00,1.369851956577713
2000-01-03 00:00:00,1.369851956577713
2000-01-04 00:00:00,1.369851956577713
2000-01-05 00:00:00,1.369851956577713
2000-01-06 00:00:00,1.369851956577713
2000-01-07 00:00:00,1.369851956577713
2000-01-10 00:00:00,1.369851956577713
2000-01-11 00:00:00,1.369851956577713
2000-01-12 00:00:00,1.369851956577713
2000-01-13 00:00:00,1.369851956577713
2000-01-14 00:00:00,1.369851956577713
2000-01-18 00:00:00,1.369851956577713
2000-01-19 00:00:00,1.369851956577713
2000-01-20 00:00:00,1.369851956577713
2000-01-21 00:00:00,1.369851956577713
2000-01-24 00:00:00,1.369851956577713
2000-01-25 00:00:00,1.369851956577713
2000-01-26 00:00:00,1.369851956577713
2000-01-27 00:00:00,1.369851956577713
2000-01-28 00:00:00,1.369851956577713
2000-01-31 00:00:00,1.369851956577713
2000-02-01 00:00:00,1.369851956577713
2000-02-02 00:00:00,1.369851956577713
2000-02-03 00:00:00,1.369851956577713
2000-02-04 00:00:00,1.369851956577713
2000-02-07 00:00:00,1.369851956577713
2000-02-08 00:00:00,1.369851956577713
2000-02-09 00:00:00,1.369851956577713
2000-02-10 00:00:00,1.369851956577713
2000-02-11 00:00:00,1.369851956577713
2000-02-14 00:00:00,1.369851956577713
2000-02-15 00:00:00,1.369851956577713
2000-02-16 00:00:00,1.369851956577713
2000-02-17 00:00:00,1.369851956577713
2000-02-18 00:00:00,1.369851956577713
2000-02-22 00:00:00,1.369851956577713
2000-02-23 00:00:00,1.369851956577713
2000-02-24 00:00:00,1.369851956577713
2000-02-25 00:00:00,1.369851956577713
2000-02-28 00:00:00,1.369851956577713
2000-02-29 00:00:00,1.369851956577713
2000-03-01 00:00:00,1.369851956577713
2000-03-02 00:00:00,1.369851956577713
2000-03-03 00:00:00,1.369851956577713
2000-03-06 00:00:00,1.369851956577713
2000-03-07 00:00:00,1.369851956577713
2000-03-08 00:00:00,1.369851956577713
2000-03-09 00:00:00,1.369851956577713
2000-03-10 00:00:00,1.369851956577713
2000-03-13 00:00:00,1.369851956577713
2000-03-14 00:00:00,1.369851956577713
2000-03-15 00:00:00,1.369851956577713
2000-03-16 00:00:00,1.369851956577713
2000-03-17 00:00:00,1.369851956577713
2000-03-20 00:00:00,1.369851956577713
2000-03-21 00:00:00,1.369851956577713
2000-03-22 00:00:00,1.369851956577713
2000-03-23 00:00:00,1.369851956577713
2000-03-24 00:00:00,1.369851956577713
2000-03-27 00:00:00,1.369851956577713
2000-03-28 00:00:00,1.369851956577713
2000-03-29 00:00:00,1.369851956577713
2000-03-30 00:00:00,1.369851956577713
2000-03-31 00:00:00,1.369851956577713
2000-04-03 00:00:00,1.369851956577713
2000-04-04 00:00:00,1.369851956577713
2000-04-05 00:00:00,1.369851956577713
2000-04-06 00:00:00,1.369851956577713
2000-04-07 00:00:00,1.369851956577713
2000-04-10 00:00:00,1.369851956577713
2000-04-11 00:00:00,1.369851956577713
2000-04-12 00:00:00,1.369851956577713
2000-04-13 00:00:00,1.369851956577713
2000-04-14 00:00:00,1.369851956577713
2000-04-17 00:00:00,1.369851956577713
2000-04-18 00:00:00,1.369851956577713
2000-04-19 00:00:00,1.369851956577713
2000-04-20 00:00:00,1.369851956577713
2000-04-21 00:00:00,1.369851956577713
2000-04-24 00:00:00,1.369851956577713
2000-04-25 00:00:00,1.369851956577713
2000-04-26 00:00:00,1.369851956577713
2000-04-27 00:00:00,1.369851956577713
2000-04-28 00:00:00,1.369851956577713
2000-05-01 00:00:00,1.369851956577713
2000-05-02 00:00:00,1.369851956577713
2000-05-03 00:00:00,1.369851956577713
2000-05-04 00:00:00,1.369851956577713
2000-05-05 00:00:00,1.369851956577713
2000-05-08 00:00:00,1.369851956577713
2000-05-09 00:00:00,1.369851956577713
2000-05-10 00:00:00,1.369851956577713
2000-05-11 00:00:00,1.369851956577713
2000-05-12 00:00:00,1.369851956577713
2000-05-15 00:00:00,1.369851956577713
2000-05-16 00:00:00,1.369851956577713
2000-05-17 00:00:00,1.369851956577713
2000-05-18 00:00:00,1.369851956577713
2000-05-19 00:00:00,1.369851956577713
2000-05-22 00:00:00,1.369851956577713
2000-05-23 00:00:00,1.369851956577713
2000-05-24 00:00:00,1.369851956577713
2000-05-25 00:00:00,1.369851956577713
2000-05-26 00:00:00,1.369851956577713
2000-05-30 00:00:00,1.369851956577713
2000-05-31 00:00:00,1.369851956577713
2000-06-01 00:00:00,1.369851956577713
2000-06-02 00:00:00,1.369851956577713
2000-06-05 00:00:00,1.369851956577713
2000-06-06 00:00:00,1.369851956577713
2000-06-07 00:00:00,1.369851956577713
2000-06-08 00:00:00,1.369851956577713
2000-06-09 00:00:00,1.369851956577713
2000-06-12 00:00:00,1.369851956577713
2000-06-13 00:00:00,1.369851956577713
2000-06-14 00:00:00,1.369851956577713
2000-06-15 00:00:00,1.369851956577713
2000-06-16 00:00:00,1.3735945039217317
2000-06-19 00:00:00,1.3706465342787444
2000-06-20 00:00:00,1.367078174773824
2000-06-21 00:00:00,1.355083510205617
2000-06-22 00:00:00,1.3418481687090034
2000-06-23 00:00:00,1.3350252119189574
2000-06-26 00:00:00,1.3288688702601255
2000-06-27 00:00:00,1.3316396872902534
2000-06-28 00:00:00,1.3329166432178219
2000-06-29 00:00:00,1.3392624263752864
2000-06-30 00:00:00,1.3394142529739002
2000-07-03 00:00:00,1.3437558288862979
2000-07-05 00:00:00,1.338049051583553
2000-07-06 00:00:00,1.3326159627208183
2000-07-07 00:00:00,1.3252914330322798
2000-07-10 00:00:00,1.329691421471248
2000-07-11 00:00:00,1.328928657850176
2000-07-12 00:00:00,1.3286447147014644
2000-07-13 00:00:00,1.3214375489858823
2000-07-14 00:00:00,1.3278234575728
2000-07-17 00:00:00,1.3174590907094974
2000-07-18 00:00:00,1.312774791720308
2000-07-19 00:00:00,1.3010652048764204
2000-07-20 00:00:00,1.3098639828694874
2000-07-21 00:00:00,1.313285513864589
2000-07-24 00:00:00,1.3153323824639882
2000-07-25 00:00:00,1.3209943118831364
2000-07-26 00:00:00,1.320698985634113
2000-07-27 00:00:00,1.2985627439119387
2000-07-28 00:00:00,1.289844227672792
2000-07-31 00:00:00,1.288156686162535
2000-08-01 00:00:00,1.281867541009306
2000-08-02 00:00:00,1.2760528270312965
2000-08-03 00:00:00,1.265663966307742
2000-08-04 00:00:00,1.2778469744195082
2000-08-07 00:00:00,1.28668370547049
2000-08-08 00:00:00,1.2780543161320541
2000-08-09 00:00:00,1.2772943919440838
2000-08-10 00:00:00,1.2840966335705655
2000-08-11 00:00:00,1.2813175240705201
2000-08-14 00:00:00,1.2813175240705201
2000-08-15 00:00:00,1.2813175240705201
2000-08-16 00:00:00,1.2813175240705201
2000-08-17 00:00:00,1.2813175240705201
2000-08-18 00:00:00,1.2813175240705201
2000-08-21 00:00:00,1.2813175240705201
2000-08-22 00:00:00,1.2813175240705201
2000-08-23 00:00:00,1.2813175240705201
2000-08-24 00:00:00,1.2813175240705201
2000-08-25 00:00:00,1.2813175240705201
2000-08-28 00:00:00,1.2813175240705201
2000-08-29 00:00:00,1.2813175240705201
2000-08-30 00:00:00,1.2813175240705201
2000-08-31 00:00:00,1.2813175240705201
2000-09-01 00:00:00,1.2813175240705201
2000-09-05 00:00:00,1.2813175240705201
2000-09-06 00:00:00,1.2813175240705201
2000-09-07 00:00:00,1.2813175240705201
2000-09-08 00:00:00,1.2813175240705201
2000-09-11 00:00:00,1.2813175240705201
2000-09-12 00:00:00,1.2813175240705201
2000-09-13 00:00:00,1.2813175240705201
2000-09-14 00:00:00,1.2813175240705201
2000-09-15 00:00:00,1.2813175240705201
2000-09-18 00:00:00,1.2813175240705201
2000-09-19 00:00:00,1.2813175240705201
2000-09-20 00:00:00,1.2813175240705201
2000-09-21 00:00:00,1.2813175240705201
2000-09-22 00:00:00,1.2813175240705201
2000-09-25 00:00:00,1.2813175240705201
2000-09-26 00:00:00,1.2813175240705201
2000-09-27 00:00:00,1.2813175240705201
2000-09-28 00:00:00,1.2813175240705201
2000-09-29 00:00:00,1.2813175240705201
2000-10-02 00:00:00,1.2813175240705201
2000-10-03 00:00:00,1.2813175240705201
2000-10-04 00:00:00,1.2813175240705201
2000-10-05 00:00:00,1.2813175240705201
2000-10-06 00:00:00,1.2813175240705201
2000-10-10 00:00:00,1.2813175240705201
2000-10-11 00:00:00,1.2813175240705201
2000-10-12 00:00:00,1.2813175240705201
2000-10-13 00:00:00,1.2813175240705201
2000-10-16 00:00:00,1.2813175240705201
2000-10-17 00:00:00,1.2813175240705201
2000-10-18 00:00:00,1.2813175240705201
2000-10-19 00:00:00,1.2813175240705201
2000-10-20 00:00:00,1.2813175240705201
2000-10-23 00:00:00,1.2813175240705201
2000-10-24 00:00:00,1.2813175240705201
2000-10-25 00:00:00,1.2813175240705201
2000-10-26 00:00:00,1.2813175240705201
2000-10-27 00:00:00,1.2813175240705201
2000-10-30 00:00:00,1.2813175240705201
2000-10-31 00:00:00,1.2813175240705201
2000-11-01 00:00:00,1.2813175240705201
2000-11-02 00:00:00,1.2813175240705201
2000-11-03 00:00:00,1.2813175240705201
2000-11-06 00:00:00,1.2813175240705201
2000-11-07 00:00:00,1.2813175240705201
2000-11-08 00:00:00,1.2813175240705201
2000-11-09 00:00:00,1.2813175240705201
2000-11-10 00:00:00,1.2813175240705201
2000-11-13 00:00:00,1.2813175240705201
2000-11-14 00:00:00,1.2813175240705201
2000-11-15 00:00:00,1.2813175240705201
2000-11-16 00:00:00,1.2813175240705201
2000-11-17 00:00:00,1.2813175240705201
2000-11-20 00:00:00,1.2813175240705201
2000-11-21 00:00:00,1.2813175240705201
2000-11-22 00:00:00,1.2813175240705201
2000-11-24 00:00:00,1.2813175240705201
2000-11-27 00:00:00,1.2813175240705201
2000-11-28 00:00:00,1.2813175240705201
2000-11-29 00:00:00,1.2813175240705201
2000-11-30 00:00:00,1.2813175240705201
2000-12-01 00:00:00,1.2813175240705201
2000-12-04 00:00:00,1.2813175240705201
2000-12-05 00:00:00,1.2813175240705201
2000-12-06 00:00:00,1.2813175240705201
2000-12-07 00:00:00,1.2813175240705201
2000-12-08 00:00:00,1.2813175240705201
2000-12-11 00:00:00,1.2813175240705201
2000-12-12 00:00:00,1.2813175240705201
2000-12-13 00:00:00,1.2813175240705201
2000-12-14 00:00:00,1.2813175240705201
2000-12-15 00:00:00,1.2813175240705201
2000-12-18 00:00:00,1.2813175240705201
2000-12-19 00:00:00,1.2813175240705201
2000-12-20 00:00:00,1.2813175240705201
2000-12-21 00:00:00,1.2813175240705201
2000-12-22 00:00:00,1.2813175240705201
2000-12-26 00:00:00,1.2813175240705201
2000-12-27 00:00:00,1.2813175240705201
2000-12-28 00:00:00,1.2813175240705201
2000-12-29 00:00:00,1.2813175240705201
2001-01-02 00:00:00,1.2813175240705201
2001-01-03 00:00:00,1.2813175240705201
2001-01-04 00:00:00,1.2813175240705201
2001-01-05 00:00:00,1.2813175240705201
2001-01-08 00:00:00,1.2813175240705201
2001-01-09 00:00:00,1.2813175240705201
2001-01-10 00:00:00,1.2813175240705201
2001-01-11 00:00:00,1.2813175240705201
2001-01-12 00:00:00,1.2813175240705201
2001-01-16 00:00:00,1.2813175240705201
2001-01-17 00:00:00,1.2813175240705201
2001-01-18 00:00:00,1.2813175240705201
2001-01-19 00:00:00,1.2813175240705201
2001-01-22 00:00:00,1.2813175240705201
2001-01-23 00:00:00,1.2813175240705201
2001-01-24 00:00:00,1.2813175240705201
2001-01-25 00:00:00,1.2813175240705201
2001-01-26 00:00:00,1.2813175240705201
2001-01-29 00:00:00,1.2813175240705201
2001-01-30 00:00:00,1.2813175240705201
2001-01-31 00:00:00,1.2813175240705201
2001-02-01 00:00:00,1.2813175240705201
2001-02-02 00:00:00,1.2813175240705201
2001-02-05 00:00:00,1.2813175240705201
2001-02-06 00:00:00,1.2813175240705201
2001-02-07 00:00:00,1.2813175240705201
2001-02-08 00:00:00,1.2813175240705201
2001-02-09 00:00:00,1.2813175240705201
2001-02-12 00:00:00,1.2813175240705201
2001-02-13 00:00:00,1.2813175240705201
2001-02-14 00:00:00,1.2813175240705201
2001-02-15 00:00:00,1.2813175240705201
2001-02-16 00:00:00,1.2813175240705201
2001-02-20 00:00:00,1.2813175240705201
2001-02-21 00:00:00,1.2813175240705201
2001-02-22 00:00:00,1.2813175240705201
2001-02-23 00:00:00,1.2813175240705201
2001-02-26 00:00:00,1.2813175240705201
2001-02-27 00:00:00,1.2813175240705201
2001-02-28 00:00:00,1.2813175240705201
2001-03-01 00:00:00,1.2813175240705201
2001-03-02 00:00:00,1.2813175240705201
2001-03-05 00:00:00,1.2813175240705201
2001-03-06 00:00:00,1.2813175240705201
2001-03-07 00:00:00,1.2813175240705201
2001-03-08 00:00:00,1.2813175240705201
2001-03-09 00:00:00,1.2813175240705201
2001-03-12 00:00:00,1.2813175240705201
2001-03-13 00:00:00,1.2813175240705201
2001-03-14 00:00:00,1.2813175240705201
2001-03-15 00:00:00,1.2813175240705201
2001-03-16 00:00:00,1.2813175240705201
2001-03-19 00:00:00,1.2813175240705201
2001-03-20 00:00:00,1.2813175240705201
2001-03-21 00:00:00,1.2813175240705201
2001-03-22 00:00:00,1.2813175240705201
2001-03-23 00:00:00,1.2813175240705201
2001-03-26 00:00:00,1.2813175240705201
2001-03-27 00:00:00,1.2813175240705201
2001-03-28 00:00:00,1.2813175240705201
2001-03-29 00:00:00,1.2813175240705201
2001-03-30 00:00:00,1.2813175240705201
2001-04-02 00:00:00,1.2813175240705201
2001-04-03 00:00:00,1.2813175240705201
2001-04-04 00:00:00,1.2813175240705201
2001-04-05 00:00:00,1.2813175240705201
2001-04-06 00:00:00,1.2813175240705201
2001-04-09 00:00:00,1.2813175240705201
2001-04-10 00:00:00,1.2813175240705201
2001-04-11 00:00:00,1.2813175240705201
2001-04-12 00:00:00,1.2813175240705201
2001-04-13 00:00:00,1.2813175240705201
2001-04-16 00:00:00,1.2813175240705201
2001-04-17 00:00:00,1.2813175240705201
2001-04-18 00:00:00,1.2813175240705201
2001-04-19 00:00:00,1.2813175240705201
2001-04-20 00:00:00,1.2813175240705201
2001-04-23 00:00:00,1.2813175240705201
2001-04-24 00:00:00,1.2813175240705201
2001-04-25 00:00:00,1.2813175240705201
2001-04-26 00:00:00,1.2813175240705201
2001-04-27 00:00:00,1.2813175240705201
2001-04-30 00:00:00,1.2813175240705201
2001-05-01 00:00:00,1.2813175240705201
2001-05-02 00:00:00,1.2813175240705201
2001-05-03 00:00:00,1.2813175240705201
2001-05-04 00:00:00,1.2813175240705201
2001-05-07 00:00:00,1.2813175240705201
2001-05-08 00:00:00,1.2813175240705201
2001-05-09 00:00:00,1.2813175240705201
2001-05-10 00:00:00,1.2813175240705201
2001-05-11 00:00:00,1.2813175240705201
2001-05-14 00:00:00,1.2813175240705201
2001-05-15 00:00:00,1.2813175240705201
2001-05-16 00:00:00,1.2813175240705201
2001-05-17 00:00:00,1.2813175240705201
2001-05-18 00:00:00,1.2813175240705201
2001-05-21 00:00:00,1.2813175240705201
2001-05-22 00:00:00,1.2813175240705201
2001-05-23 00:00:00,1.2813175240705201
2001-05-24 00:00:00,1.2813175240705201
2001-05-25 00:00:00,1.2813175240705201
2001-05-29 00:00:00,1.2813175240705201
2001-05-30 00:00:00,1.2813175240705201
2001-05-31 00:00:00,1.2813175240705201
2001-06-01 00:00:00,1.2813175240705201
2001-06-04 00:00:00,1.2813175240705201
2001-06-05 00:00:00,1.2813175240705201
2001-06-06 00:00:00,1.2813175240705201
2001-06-07 00:00:00,1.2813175240705201
2001-06-08 00:00:00,1.2813175240705201
2001-06-11 00:00:00,1.2813175240705201
2001-06-12 00:00:00,1.2813175240705201
2001-06-13 00:00:00,1.2813175240705201
2001-06-14 00:00:00,1.2813175240705201
2001-06-15 00:00:00,1.2813175240705201
2001-06-18 00:00:00,1.2813175240705201
2001-06-19 00:00:00,1.2813175240705201
2001-06-20 00:00:00,1.2813175240705201
2001-06-21 00:00:00,1.2813175240705201
2001-06-22 00:00:00,1.2813175240705201
2001-06-25 00:00:00,1.2813175240705201
2001-06-26 00:00:00,1.2813175240705201
2001-06-27 00:00:00,1.2813175240705201
2001-06-28 00:00:00,1.2813175240705201
2001-06-29 00:00:00,1.2813175240705201
2001-07-02 00:00:00,1.2813175240705201
2001-07-03 00:00:00,1.2813175240705201
2001-07-05 00:00:00,1.2813175240705201
2001-07-06 00:00:00,1.2813175240705201
2001-07-09 00:00:00,1.2813175240705201
2001-07-10 00:00:00,1.2813175240705201
2001-07-11 00:00:00,1.2813175240705201
2001-07-12 00:00:00,1.2813175240705201
2001-07-13 00:00:00,1.2813175240705201
2001-07-16 00:00:00,1.2813175240705201
2001-07-17 00:00:00,1.2813175240705201
2001-07-18 00:00:00,1.2813175240705201
2001-07-19 00:00:00,1.2813175240705201
2001-07-20 00:00:00,1.2813175240705201
2001-07-23 00:00:00,1.2813175240705201
2001-07-24 00:00:00,1.2813175240705201
2001-07-25 00:00:00,1.2813175240705201
2001-07-26 00:00:00,1.2813175240705201
2001-07-27 00:00:00,1.2813175240705201
2001-07-30 00:00:00,1.2813175240705201
2001-07-31 00:00:00,1.2813175240705201
2001-08-01 00:00:00,1.2813175240705201
2001-08-02 00:00:00,1.2813175240705201
2001-08-03 00:00:00,1.2813175240705201
2001-08-06 00:00:00,1.2813175240705201
2001-08-07 00:00:00,1.2813175240705201
2001-08-08 00:00:00,1.2813175240705201
2001-08-09 00:00:00,1.2813175240705201
2001-08-10 00:00:00,1.2813175240705201
2001-08-13 00:00:00,1.2813175240705201
2001-08-14 00:00:00,1.2813175240705201
2001-08-15 00:00:00,1.2813175240705201
2001-08-16 00:00:00,1.2813175240705201
2001-08-17 00:00:00,1.2813175240705201
2001-08-20 00:00:00,1.2813175240705201
2001-08-21 00:00:00,1.2813175240705201
2001-08-22 00:00:00,1.2813175240705201
2001-08-23 00:00:00,1.2813175240705201
2001-08-24 00:00:00,1.2813175240705201
2001-08-27 00:00:00,1.2813175240705201
2001-08-28 00:00:00,1.2813175240705201
2001-08-29 00:00:00,1.2813175240705201
2001-08-30 00:00:00,1.2813175240705201
2001-08-31 00:00:00,1.2813175240705201
2001-09-04 00:00:00,1.2813175240705201
2001-09-05 00:00:00,1.2813175240705201
2001-09-06 00:00:00,1.2813175240705201
2001-09-07 00:00:00,1.2813175240705201
2001-09-10 00:00:00,1.2813175240705201
2001-09-12 00:00:00,1.2813175240705201
2001-09-13 00:00:00,1.2813175240705201
2001-09-14 00:00:00,1.2813175240705201
2001-09-17 00:00:00,1.2813175240705201
2001-09-18 00:00:00,1.2813175240705201
2001-09-19 00:00:00,1.2813175240705201
2001-09-20 00:00:00,1.2813175240705201
2001-09-21 00:00:00,1.2813175240705201
2001-09-24 00:00:00,1.2813175240705201
2001-09-25 00:00:00,1.2813175240705201
2001-09-26 00:00:00,1.2813175240705201
2001-09-27 00:00:00,1.2813175240705201
2001-09-28 00:00:00,1.2813175240705201
2001-10-01 00:00:00,1.2813175240705201
2001-10-02 00:00:00,1.2813175240705201
2001-10-03 00:00:00,1.2813175240705201
2001-10-04 00:00:00,1.2813175240705201
2001-10-05 00:00:00,1.2813175240705201
2001-10-09 00:00:00,1.2813175240705201
2001-10-10 00:00:00,1.2813175240705201
2001-10-11 00:00:00,1.2813175240705201
2001-10-12 00:00:00,1.2813175240705201
2001-10-15 00:00:00,1.2813175240705201
2001-10-16 00:00:00,1.2813175240705201
2001-10-17 00:00:00,1.2813175240705201
2001-10-18 00:00:00,1.2813175240705201
2001-10-19 00:00:00,1.2813175240705201
2001-10-22 00:00:00,1.2813175240705201
2001-10-23 00:00:00,1.2813175240705201
2001-10-24 00:00:00,1.2813175240705201
2001-10-25 00:00:00,1.2813175240705201
2001-10-26 00:00:00,1.2813175240705201
2001-10-29 00:00:00,1.2813175240705201
2001-10-30 00:00:00,1.2813175240705201
2001-10-31 00:00:00,1.2813175240705201
2001-11-01 00:00:00,1.2813175240705201
2001-11-02 00:00:00,1.2813175240705201
2001-11-05 00:00:00,1.2813175240705201
2001-11-06 00:00:00,1.2813175240705201
2001-11-07 00:00:00,1.2813175240705201
2001-11-08 00:00:00,1.2813175240705201
2001-11-09 00:00:00,1.2813175240705201
2001-11-13 00:00:00,1.2813175240705201
2001-11-14 00:00:00,1.2813175240705201
2001-11-15 00:00:00,1.2813175240705201
2001-11-16 00:00:00,1.2813175240705201
2001-11-19 00:00:00,1.2813175240705201
2001-11-20 00:00:00,1.2813175240705201
2001-11-21 00:00:00,1.2813175240705201
2001-11-23 00:00:00,1.2813175240705201
2001-11-26 00:00:00,1.2813175240705201
2001-11-27 00:00:00,1.2813175240705201
2001-11-28 00:00:00,1.2813175240705201
2001-11-29 00:00:00,1.2813175240705201
2001-11-30 00:00:00,1.2813175240705201
2001-12-03 00:00:00,1.2813175240705201
2001-12-04 00:00:00,1.2813175240705201
2001-12-05 00:00:00,1.2813175240705201
2001-12-06 00:00:00,1.2813175240705201
2001-12-07 00:00:00,1.2813175240705201
2001-12-10 00:00:00,1.2813175240705201
2001-12-11 00:00:00,1.2813175240705201
2001-12-12 00:00:00,1.2813175240705201
2001-12-13 00:00:00,1.2813175240705201
2001-12-14 00:00:00,1.2813175240705201
2001-12-17 00:00:00,1.2813175240705201
2001-12-18 00:00:00,1.2813175240705201
2001-12-19 00:00:00,1.2805852728899862
2001-12-20 00:00:00,1.2692216350488028
2001-12-21 00:00:00,1.2591182599805175
2001-12-24 00:00:00,1.2422493560077583
2001-12-26 00:00:00,1.2399580171605615
2001-12-27 00:00:00,1.2559425296657607
2001-12-28 00:00:00,1.2731879526583303
2001-12-31 00:00:00,1.2857163821778472
2002-01-02 00:00:00,1.3092671905805793
2002-01-03 00:00:00,1.3062778508692705
2002-01-04 00:00:00,1.3038076784398727
2002-01-07 00:00:00,1.301220883626612
2002-01-08 00:00:00,1.2933972852402087
2002-01-09 00:00:00,1.2933972852402087
2002-01-10 00:00:00,1.3060875053499093
2002-01-11 00:00:00,1.3058337975982877
2002-01-14 00:00:00,1.3000256024049475
2002-01-15 00:00:00,1.2992090428634069
2002-01-16 00:00:00,1.2835193107467273
2002-01-17 00:00:00,1.2769365352903381
2002-01-18 00:00:00,1.2884393656034465
2002-01-22 00:00:00,1.2829069446633556
2002-01-23 00:00:00,1.283274294175047
2002-01-24 00:00:00,1.278393532382996
2002-01-25 00:00:00,1.2594721105453832
2002-01-28 00:00:00,1.2531330767146958
2002-01-29 00:00:00,1.260948631190806
2002-01-30 00:00:00,1.2623574991147886
2002-01-31 00:00:00,1.259826160051721
2002-02-01 00:00:00,1.2588824700441918
2002-02-04 00:00:00,1.2637338828904943
2002-02-05 00:00:00,1.2615402092490704
2002-02-06 00:00:00,1.267188009431854
2002-02-07 00:00:00,1.2642686332288278
2002-02-08 00:00:00,1.2682638222877056
2002-02-11 00:00:00,1.2737910734317355
2002-02-12 00:00:00,1.2723445424502666
2002-02-13 00:00:00,1.2701808956137899
2002-02-14 00:00:00,1.2746968267430168
2002-02-15 00:00:00,1.2800789171305853
2002-02-19 00:00:00,1.2800789171305853
2002-02-20 00:00:00,1.2800789171305853
2002-02-21 00:00:00,1.2800789171305853
2002-02-22 00:00:00,1.2800789171305853
2002-02-25 00:00:00,1.2811828564036953
2002-02-26 00:00:00,1.2771443585279363
2002-02-27 00:00:00,1.273980399183322
2002-02-28 00:00:00,1.2770223772138456
2002-03-01 00:00:00,1.2733737418503774
2002-03-04 00:00:00,1.286545517385515
2002-03-05 00:00:00,1.2869789478707252
2002-03-06 00:00:00,1.2960861079322374
2002-03-07 00:00:00,1.2969661741613119
2002-03-08 00:00:00,1.289088342598242
2002-03-11 00:00:00,1.291454099239734
2002-03-12 00:00:00,1.2863598508205663
2002-03-13 00:00:00,1.2846912600940632
2002-03-14 00:00:00,1.2905814951186259
2002-03-15 00:00:00,1.2934530607941341
2002-03-18 00:00:00,1.2999926387388394
2002-03-19 00:00:00,1.302525503110469
2002-03-20 00:00:00,1.3096703192701502
2002-03-21 00:00:00,1.3111472703534164
2002-03-22 00:00:00,1.3037956401198403
2002-03-25 00:00:00,1.3010679014673248
2002-03-26 00:00:00,1.3011312076127837
2002-03-27 00:00:00,1.2917036314780177
2002-03-28 00:00:00,1.289088342598242
2002-03-29 00:00:00,1.2902078827973527
2002-04-01 00:00:00,1.3060881400243198
2002-04-02 00:00:00,1.300498423249583
2002-04-03 00:00:00,1.297847436364683
2002-04-04 00:00:00,1.2949563476444519
2002-04-05 00:00:00,1.3044316379930696
2002-04-08 00:00:00,1.2896478697303075
2002-04-09 00:00:00,1.294642874793412
2002-04-10 00:00:00,1.2912046633924636
2002-04-11 00:00:00,1.300119047980257
2002-04-12 00:00:00,1.2961489301952365
2002-04-15 00:00:00,1.2901456351067655
2002-04-16 00:00:00,1.2878466855547066
2002-04-17 00:00:00,1.2993609610718138
2002-04-18 00:00:00,1.2944548639199307
2002-04-19 00:00:00,1.2989769373966746
2002-04-22 00:00:00,1.2989769373966746
2002-04-23 00:00:00,1.3049551763780078
2002-04-24 00:00:00,1.3059674561618753
2002-04-25 00:00:00,1.310350963214226
2002-04-26 00:00:00,1.311052504175744
2002-04-29 00:00:00,1.3175936583249286
2002-04-30 00:00:00,1.310159764143718
2002-05-01 00:00:00,1.3179804653486076
2002-05-02 00:00:00,1.312457842077316
2002-05-03 00:00:00,1.3258950950381394
2002-05-06 00:00:00,1.331399997567954
2002-05-07 00:00:00,1.3128416390873787
2002-05-08 00:00:00,1.308250837823936
2002-05-09 00:00:00,1.3168207250095247
2002-05-10 00:00:00,1.3151491431888898
2002-05-13 00:00:00,1.3115631877882383
2002-05-14 00:00:00,1.313738038958
2002-05-15 00:00:00,1.325634092066675
2002-05-16 00:00:00,1.3269401355071349
2002-05-17 00:00:00,1.344558488109955
2002-05-20 00:00:00,1.3474505903053795
2002-05-21 00:00:00,1.3491377717517197
2002-05-22 00:00:00,1.3647220970105804
2002-05-23 00:00:00,1.362375316143781
2002-05-24 00:00:00,1.3593502599311083
2002-05-28 00:00:00,1.3654138661189597
2002-05-29 00:00:00,1.3722305018234764
2002-05-30 00:00:00,1.3854996785718978
2002-05-31 00:00:00,1.3821583842575216
2002-06-03 00:00:00,1.3899321336839443
2002-06-04 00:00:00,1.3884992139584968
2002-06-05 00:00:00,1.3839336596174907
2002-06-06 00:00:00,1.3893586110374887
2002-06-07 00:00:00,1.3805291487697233
2002-06-10 00:00:00,1.3838625610477697
2002-06-11 00:00:00,1.3905061300224468
2002-06-12 00:00:00,1.390649703190234
2002-06-13 00:00:00,1.3884992139584968
2002-06-14 00:00:00,1.390793306009647
2002-06-17 00:00:00,1.4041328581523578
2002-06-18 00:00:00,1.4078539680853872
2002-06-19 00:00:00,1.4078539680853872
2002-06-20 00:00:00,1.4294532618638118
2002-06-21 00:00:00,1.438387632090841
2002-06-24 00:00:00,1.4485126386886626
2002-06-25 00:00:00,1.4364933957016852
2002-06-26 00:00:00,1.4471845880545506
2002-06-27 00:00:00,1.4563743083694696
2002-06-28 00:00:00,1.4572443049694515
2002-07-01 00:00:00,1.458511611681024
2002-07-02 00:00:00,1.4561372168280593
2002-07-03 00:00:00,1.4448469002642406
2002-07-05 00:00:00,1.4311304870243988
2002-07-08 00:00:00,1.4434479091827583
2002-07-09 00:00:00,1.4446135467944805
2002-07-10 00:00:00,1.4280839080206216
2002-07-11 00:00:00,1.4344967727845335
2002-07-12 00:00:00,1.4392671439448337
2002-07-15 00:00:00,1.458511611681024
2002-07-16 00:00:00,1.4514115443372717
2002-07-17 00:00:00,1.4531407252088961
2002-07-18 00:00:00,1.4512545501193876
2002-07-19 00:00:00,1.4536130353037637
2002-07-22 00:00:00,1.4264896407265684
2002-07-23 00:00:00,1.4044643898098752
2002-07-24 00:00:00,1.4021892998749792
2002-07-25 00:00:00,1.4242938764175943
2002-07-26 00:00:00,1.4200728530751205
2002-07-29 00:00:00,1.415578003360808
2002-07-30 00:00:00,1.4308252443056135
2002-07-31 00:00:00,1.410073391051365
2002-08-01 00:00:00,1.4046114233515221
2002-08-02 00:00:00,1.4016765896211596
2002-08-05 00:00:00,1.4040234738231205
2002-08-06 00:00:00,1.3852509747409778
2002-08-07 00:00:00,1.3994835001412058
2002-08-08 00:00:00,1.3903469757361386
2002-08-09 00:00:00,1.4034360163026922
2002-08-12 00:00:00,1.4111115182849958
2002-08-13 00:00:00,1.4199225649120264
2002-08-14 00:00:00,1.4315885953749188
2002-08-15 00:00:00,1.4256882216001505
2002-08-16 00:00:00,1.4256882216001505
2002-08-19 00:00:00,1.4166304819457658
2002-08-20 00:00:00,1.4225048667193847
2002-08-21 00:00:00,1.4313317932487228
2002-08-22 00:00:00,1.4085763604438633
2002-08-23 00:00:00,1.4146831205980557
2002-08-26 00:00:00,1.4255363102286427
2002-08-27 00:00:00,1.4405015635527119
2002-08-28 00:00:00,1.4374834287628466
2002-08-29 00:00:00,1.4342472417984362
2002-08-30 00:00:00,1.4232615182442354
2002-09-03 00:00:00,1.4279707835943873
2002-09-04 00:00:00,1.4308725424059692
2002-09-05 00:00:00,1.4314849423813194
2002-09-06 00:00:00,1.4278793407931836
2002-09-09 00:00:00,1.4274375323015003
2002-09-10 00:00:00,1.4194109884351827
2002-09-11 00:00:00,1.4208430619685442
2002-09-12 00:00:00,1.4203905161371495
2002-09-13 00:00:00,1.415431471804466
2002-09-16 00:00:00,1.4287332626544011
2002-09-17 00:00:00,1.4212958962600462
2002-09-18 00:00:00,1.4381015018269172
2002-09-19 00:00:00,1.4474367923288773
2002-09-20 00:00:00,1.4553092865762878
2002-09-23 00:00:00,1.4474367923288773
2002-09-24 00:00:00,1.4435323987371396
2002-09-25 00:00:00,1.4377460448879469
2002-09-26 00:00:00,1.4276660197946658
2002-09-27 00:00:00,1.4379469337377269
2002-09-30 00:00:00,1.4425984765468851
2002-10-01 00:00:00,1.4512049323674816
2002-10-02 00:00:00,1.4508901715102278
2002-10-03 00:00:00,1.454518185637727
2002-10-04 00:00:00,1.445091625782654
2002-10-07 00:00:00,1.4424429403229986
2002-10-08 00:00:00,1.430413586175111
2002-10-09 00:00:00,1.4401139151233384
2002-10-10 00:00:00,1.4420542464560295
2002-10-11 00:00:00,1.4469671502807497
2002-10-15 00:00:00,1.4473223499663534
2002-10-16 00:00:00,1.4473223499663534
2002-10-17 00:00:00,1.4256491509074383
2002-10-18 00:00:00,1.4254212658129837
2002-10-21 00:00:00,1.4329033913646532
2002-10-22 00:00:00,1.4314466433077255
2002-10-23 00:00:00,1.4252693828864187
2002-10-24 00:00:00,1.4275510307779125
2002-10-25 00:00:00,1.4320596497392046
2002-10-28 00:00:00,1.4473223499663534
2002-10-29 00:00:00,1.445992449963682
2002-10-30 00:00:00,1.4510906008232851
2002-10-31 00:00:00,1.455749377851558
2002-11-01 00:00:00,1.465077016252907
2002-11-04 00:00:00,1.4594820685639978
2002-11-05 00:00:00,1.4625140125070017
2002-11-06 00:00:00,1.463954597612897
2002-11-07 00:00:00,1.4777830368877027
2002-11-08 00:00:00,1.4910769561676818
2002-11-12 00:00:00,1.4882235378715
2002-11-13 00:00:00,1.4837662959943472
2002-11-14 00:00:00,1.477538181640234
2002-11-15 00:00:00,1.484589695714655
2002-11-18 00:00:00,1.4880579773488751
2002-11-19 00:00:00,1.4867348180937026
2002-11-20 00:00:00,1.4780279733026565
2002-11-21 00:00:00,1.4832726944321402
2002-11-22 00:00:00,1.4797448042910604
2002-11-25 00:00:00,1.4703916849938488
2002-11-26 00:00:00,1.4640347133354172
2002-11-27 00:00:00,1.4588453657311635
2002-11-29 00:00:00,1.4737938693685588
2002-12-02 00:00:00,1.4740374850833702
2002-12-03 00:00:00,1.4757450527790203
2002-12-04 00:00:00,1.473956270896864
2002-12-05 00:00:00,1.4747688156989018
2002-12-06 00:00:00,1.4847544853356687
2002-12-09 00:00:00,1.4842602261860895
2002-12-10 00:00:00,1.4813015679279116
2002-12-11 00:00:00,1.482779421171604
2002-12-12 00:00:00,1.495461250868024
2002-12-13 00:00:00,1.4952778863084328
2002-12-16 00:00:00,1.4952778863084328
2002-12-17 00:00:00,1.5007569472819964
2002-12-18 00:00:00,1.5010107965626598
2002-12-19 00:00:00,1.4929299847372888
2002-12-20 00:00:00,1.5015187528389924
2002-12-23 00:00:00,1.4905894450075776
2002-12-24 00:00:00,1.501688148005152
2002-12-26 00:00:00,1.5107211149605797
2002-12-27 00:00:00,1.5103782757196944
2002-12-30 00:00:00,1.5195164091230215
2002-12-31 00:00:00,1.5308756462239985
2003-01-02 00:00:00,1.5139858671425919
2003-01-03 00:00:00,1.527012016051126
2003-01-06 00:00:00,1.5340513707407706
2003-01-07 00:00:00,1.5308756462239985
2003-01-08 00:00:00,1.5310517303793036
2003-01-09 00:00:00,1.5277130430296875
2003-01-10 00:00:00,1.533874595980372
2003-01-13 00:00:00,1.5302596705084406
2003-01-14 00:00:00,1.5349358560790667
2003-01-15 00:00:00,1.5352899358613228
2003-01-16 00:00:00,1.5342281862514602
2003-01-17 00:00:00,1.5433896160841403
2003-01-21 00:00:00,1.5377730757760704
2003-01-22 00:00:00,1.5436580939252778
2003-01-23 00:00:00,1.5477864818508915
2003-01-24 00:00:00,1.5614033717205473
2003-01-27 00:00:00,1.5614033717205473
2003-01-28 00:00:00,1.5599394988770265
2003-01-29 00:00:00,1.5706151910227335
2003-01-30 00:00:00,1.5632370809063614
2003-01-31 00:00:00,1.545270924531886
2003-02-03 00:00:00,1.554111353638957
2003-02-04 00:00:00,1.5672864410594216
2003-02-05 00:00:00,1.5595739594513964
2003-02-06 00:00:00,1.5706151910227335
2003-02-07 00:00:00,1.5678402525226933
2003-02-10 00:00:00,1.5577488290131853
2003-02-11 00:00:00,1.563788033824914
2003-02-12 00:00:00,1.5614949550023658
2003-02-13 00:00:00,1.5823057262557088
2003-02-14 00:00:00,1.5823057262557088
2003-02-18 00:00:00,1.5672697380076197
2003-02-19 00:00:00,1.575959330751085
2003-02-20 00:00:00,1.5883256743284921
2003-02-21 00:00:00,1.579126152101294
2003-02-24 00:00:00,1.5781934136771352
2003-02-25 00:00:00,1.5804338396754938
2003-02-26 00:00:00,1.5864395258017991
2003-02-27 00:00:00,1.5750303285518685
2003-02-28 00:00:00,1.5707709872753612
2003-03-03 00:00:00,1.5722498819320878
2003-03-04 00:00:00,1.5856863200922193
2003-03-05 00:00:00,1.5945819105725647
2003-03-06 00:00:00,1.5970600414557021
2003-03-07 00:00:00,1.5955341271679144
2003-03-10 00:00:00,1.5966782893243634
2003-03-11 00:00:00,1.58118206258456
2003-03-12 00:00:00,1.5845578515925691
2003-03-13 00:00:00,1.5716949702090528
2003-03-14 00:00:00,1.557585081820794
2003-03-17 00:00:00,1.5412329541736214
2003-03-18 00:00:00,1.5357405732586447
2003-03-19 00:00:00,1.5399893079858153
2003-03-20 00:00:00,1.5464066728529864
2003-03-21 00:00:00,1.535034729033316
2003-03-24 00:00:00,1.5399893079858153
2003-03-25 00:00:00,1.5403444306211171
2003-03-26 00:00:00,1.5439046858635095
2003-03-27 00:00:00,1.545780416173208
2003-03-28 00:00:00,1.5604961157314505
2003-03-31 00:00:00,1.5766102846258276
2003-04-01 00:00:00,1.5748446595281087
2003-04-02 00:00:00,1.556133633870349
2003-04-03 00:00:00,1.5597673376271977
2003-04-04 00:00:00,1.554739167755996
2003-04-07 00:00:00,1.545780416173208
2003-04-08 00:00:00,1.559221200604219
2003-04-09 00:00:00,1.5667183354963
2003-04-10 00:00:00,1.576331238557752
2003-04-11 00:00:00,1.5735462010337984
2003-04-14 00:00:00,1.5762286302196835
2003-04-15 00:00:00,1.5762286302196835
2003-04-16 00:00:00,1.5874553298651228
2003-04-17 00:00:00,1.591611961293001
2003-04-18 00:00:00,1.5896254025300205
2003-04-21 00:00:00,1.5882094654137524
2003-04-22 00:00:00,1.604405962661523
2003-04-23 00:00:00,1.607491729629017
2003-04-24 00:00:00,1.6209362059131873
2003-04-25 00:00:00,1.6181901862032668
2003-04-28 00:00:00,1.6067191756318386
2003-04-29 00:00:00,1.6140885574874826
2003-04-30 00:00:00,1.6368082862648463
2003-05-01 00:00:00,1.6472928921881986
2003-05-02 00:00:00,1.6414292007835762
2003-05-05 00:00:00,1.6577071648424189
2003-05-06 00:00:00,1.6704420334499777
2003-05-07 00:00:00,1.666383015424772
2003-05-08 00:00:00,1.6789358065014182
2003-05-09 00:00:00,1.677461577870521
2003-05-12 00:00:00,1.683374080914375
2003-05-13 00:00:00,1.6755699409577491
2003-05-14 00:00:00,1.6753600223983705
2003-05-15 00:00:00,1.6724685083148396
2003-05-16 00:00:00,1.6874099304459045
2003-05-19 00:00:00,1.7020139619172452
2003-05-20 00:00:00,1.7002827334753712
2003-05-21 00:00:00,1.708755903243521
2003-05-22 00:00:00,1.708210218915986
2003-05-23 00:00:00,1.7162119736632182
2003-05-27 00:00:00,1.724845053370798
2003-05-28 00:00:00,1.7175345105039552
2003-05-29 00:00:00,1.7259804203440667
2003-05-30 00:00:00,1.7220907743044525
2003-06-02 00:00:00,1.7204070112934253
2003-06-03 00:00:00,1.7156615175808319
2003-06-04 00:00:00,1.714275933081709
2003-06-05 00:00:00,1.7424879404239748
2003-06-06 00:00:00,1.7146715859448383
2003-06-09 00:00:00,1.7200750786267667
2003-06-10 00:00:00,1.7146715859448383
2003-06-11 00:00:00,1.7300640060513475
2003-06-12 00:00:00,1.7300640060513475
2003-06-13 00:00:00,1.7394084006958621
2003-06-16 00:00:00,1.742242790607047
2003-06-17 00:00:00,1.7406543952522346
2003-06-18 00:00:00,1.7253736698614324
2003-06-19 00:00:00,1.7207530059672782
2003-06-20 00:00:00,1.7107967801775035
2003-06-23 00:00:00,1.693454694215238
2003-06-24 00:00:00,1.6785662455095023
2003-06-25 00:00:00,1.6896010678567202
2003-06-26 00:00:00,1.665181216888445
2003-06-27 00:00:00,1.6641444959216358
2003-06-30 00:00:00,1.6709063507841042
2003-07-01 00:00:00,1.6777233802092213
2003-07-02 00:00:00,1.6748849485239246
2003-07-03 00:00:00,1.6757879986391133
2003-07-07 00:00:00,1.6431524105865372
2003-07-08 00:00:00,1.644689200928705
2003-07-09 00:00:00,1.6522121951720432
2003-07-10 00:00:00,1.664641960833353
2003-07-11 00:00:00,1.650783652019103
2003-07-14 00:00:00,1.6530296161715097
2003-07-15 00:00:00,1.6398459443860929
2003-07-16 00:00:00,1.6334324672142089
2003-07-17 00:00:00,1.61653999960649
2003-07-18 00:00:00,1.623353469870112
2003-07-21 00:00:00,1.6348311249843004
2003-07-22 00:00:00,1.6308412991759191
2003-07-23 00:00:00,1.6655962670422058
2003-07-24 00:00:00,1.65988678607316
2003-07-25 00:00:00,1.6720561049351506
2003-07-28 00:00:00,1.6734169469412954
2003-07-29 00:00:00,1.668340795769044
2003-07-30 00:00:00,1.6546668870554238
2003-07-31 00:00:00,1.6258813195555541
2003-08-01 00:00:00,1.6251893289653623
2003-08-04 00:00:00,1.6406511719551504
2003-08-05 00:00:00,1.6428696308231907
2003-08-06 00:00:00,1.6484421149240402
2003-08-07 00:00:00,1.6530296161715097
2003-08-08 00:00:00,1.6427546125142376
2003-08-11 00:00:00,1.6427546125142376
2003-08-12 00:00:00,1.6427546125142376
2003-08-13 00:00:00,1.6427546125142376
2003-08-14 00:00:00,1.6427546125142376
2003-08-15 00:00:00,1.6427546125142376
2003-08-18 00:00:00,1.6427546125142376
2003-08-19 00:00:00,1.6427546125142376
2003-08-20 00:00:00,1.6427546125142376
2003-08-21 00:00:00,1.6427546125142376
2003-08-22 00:00:00,1.6427546125142376
2003-08-25 00:00:00,1.6427546125142376
2003-08-26 00:00:00,1.6427546125142376
2003-08-27 00:00:00,1.6427546125142376
2003-08-28 00:00:00,1.6427546125142376
2003-08-29 00:00:00,1.6427546125142376
2003-09-02 00:00:00,1.6427546125142376
2003-09-03 00:00:00,1.6427546125142376
2003-09-04 00:00:00,1.6427546125142376
2003-09-05 00:00:00,1.6427546125142376
2003-09-08 00:00:00,1.6427546125142376
2003-09-09 00:00:00,1.6427546125142376
2003-09-10 00:00:00,1.6427546125142376
2003-09-11 00:00:00,1.6427546125142376
2003-09-12 00:00:00,1.6427546125142376
2003-09-15 00:00:00,1.6427546125142376
2003-09-16 00:00:00,1.6427546125142376
2003-09-17 00:00:00,1.6427546125142376
2003-09-18 00:00:00,1.6427546125142376
2003-09-19 00:00:00,1.6427546125142376
2003-09-22 00:00:00,1.6427546125142376
2003-09-23 00:00:00,1.665453342700006
2003-09-24 00:00:00,1.6730876113636834
2003-09-25 00:00:00,1.6720081303575776
2003-09-26 00:00:00,1.6608209757111971
2003-09-29 00:00:00,1.6818830485729552
2003-09-30 00:00:00,1.6718571141655763
2003-10-01 00:00:00,1.6765513367672964
2003-10-02 00:00:00,1.689338592725691
2003-10-03 00:00:00,1.6679187753370723
2003-10-06 00:00:00,1.6937551642099413
2003-10-07 00:00:00,1.7009815564431967
2003-10-08 00:00:00,1.7055715422148277
2003-10-09 00:00:00,1.685821884752283
2003-10-10 00:00:00,1.6970827774991553
2003-10-14 00:00:00,1.6943088599157958
2003-10-15 00:00:00,1.6851641313832808
2003-10-16 00:00:00,1.6831939472857949
2003-10-17 00:00:00,1.6777453070317296
2003-10-20 00:00:00,1.6681120302546535
2003-10-21 00:00:00,1.6759007962498933
2003-10-22 00:00:00,1.6993084598303017
2003-10-23 00:00:00,1.6884580409442338
2003-10-24 00:00:00,1.6881720592297431
2003-10-27 00:00:00,1.6773109393146992
2003-10-28 00:00:00,1.6723749975742854
2003-10-29 00:00:00,1.6788104593366306
2003-10-30 00:00:00,1.6788322112213072
2003-10-31 00:00:00,1.6582066811116005
2003-11-03 00:00:00,1.637047000152375
2003-11-04 00:00:00,1.649551496652584
2003-11-05 00:00:00,1.6469306649133841
2003-11-06 00:00:00,1.6429629120910478
2003-11-07 00:00:00,1.6614598594901775
2003-11-10 00:00:00,1.6638493747937144
2003-11-12 00:00:00,1.6827567540527333
2003-11-13 00:00:00,1.6943088599157958
2003-11-14 00:00:00,1.6986624111755595
2003-11-17 00:00:00,1.6958167453513484
2003-11-18 00:00:00,1.7184651201864787
2003-11-19 00:00:00,1.7183142315463442
2003-11-20 00:00:00,1.7183142315463442
2003-11-21 00:00:00,1.7249407093009779
2003-11-24 00:00:00,1.7018570104885011
2003-11-25 00:00:00,1.7039808386132487
2003-11-26 00:00:00,1.711738471093079
2003-11-28 00:00:00,1.71785910924955
2003-12-01 00:00:00,1.7199090604539053
2003-12-02 00:00:00,1.7388142270701548
2003-12-03 00:00:00,1.7484235252653126
2003-12-04 00:00:00,1.7458350112978944
2003-12-05 00:00:00,1.7616017021719772
2003-12-08 00:00:00,1.7735239450291704
2003-12-09 00:00:00,1.7757089847971737
2003-12-10 00:00:00,1.7661348656078415
2003-12-11 00:00:00,1.756520709287097
2003-12-12 00:00:00,1.7764385283406399
2003-12-15 00:00:00,1.7667603015449953
2003-12-16 00:00:00,1.770256449531676
2003-12-17 00:00:00,1.7805839579881064
2003-12-18 00:00:00,1.767723376116565
2003-12-19 00:00:00,1.7706189099021779
2003-12-22 00:00:00,1.7708606326202532
2003-12-23 00:00:00,1.773281494729098
2003-12-24 00:00:00,1.7774121860706158
2003-12-26 00:00:00,1.772070236877507
2003-12-29 00:00:00,1.7842577900884946
2003-12-30 00:00:00,1.7862233728922277
2003-12-31 00:00:00,1.8028567246620368
2004-01-02 00:00:00,1.8040351771057332
2004-01-05 00:00:00,1.8098748634654676
2004-01-06 00:00:00,1.818093841919542
2004-01-07 00:00:00,1.8066231384322222
2004-01-08 00:00:00,1.817253311003552
2004-01-09 00:00:00,1.8308474430406994
2004-01-12 00:00:00,1.8203135186560977
2004-01-13 00:00:00,1.807604985151176
2004-01-14 00:00:00,1.79723645776839
2004-01-15 00:00:00,1.779118657789515
2004-01-16 00:00:00,1.7509015501037124
2004-01-20 00:00:00,1.7798510063039727
2004-01-21 00:00:00,1.7970945575519546
2004-01-22 00:00:00,1.7970945575519546
2004-01-23 00:00:00,1.7753025882720082
2004-01-26 00:00:00,1.7629133665968753
2004-01-27 00:00:00,1.7782430480455436
2004-01-28 00:00:00,1.7772618130900764
2004-01-29 00:00:00,1.7386465429271205
2004-01-30 00:00:00,1.7381773992296228
2004-02-02 00:00:00,1.7427152303069193
2004-02-03 00:00:00,1.7602638178835857
2004-02-04 00:00:00,1.7595425953414319
2004-02-05 00:00:00,1.7652080404315906
2004-02-06 00:00:00,1.7935919369469528
2004-02-09 00:00:00,1.7881153203455882
2004-02-10 00:00:00,1.7958420522846334
2004-02-11 00:00:00,1.8070511092068118
2004-02-12 00:00:00,1.8048992551260805
2004-02-13 00:00:00,1.7991022040343476
2004-02-17 00:00:00,1.7998562284283264
2004-02-18 00:00:00,1.794341348619772
2004-02-19 00:00:00,1.782795389620143
2004-02-20 00:00:00,1.7621899716988048
2004-02-23 00:00:00,1.761467170233793
2004-02-24 00:00:00,1.775424913262587
2004-02-25 00:00:00,1.7446504005809416
2004-02-26 00:00:00,1.7384119394265232
2004-02-27 00:00:00,1.7332666330001294
2004-03-01 00:00:00,1.7318686494273372
2004-03-02 00:00:00,1.6968549072229124
2004-03-03 00:00:00,1.6855329211866241
2004-03-04 00:00:00,1.7102576507487006
2004-03-05 00:00:00,1.7415844384035097
2004-03-08 00:00:00,1.7391159399419496
2004-03-09 00:00:00,1.7490321589858762
2004-03-10 00:00:00,1.7184701724809874
2004-03-11 00:00:00,1.7170044090798786
2004-03-12 00:00:00,1.6962963638038135
2004-03-15 00:00:00,1.705954830917633
2004-03-16 00:00:00,1.709576815696651
2004-03-17 00:00:00,1.7012242021774675
2004-03-18 00:00:00,1.723297335886833
2004-03-19 00:00:00,1.7116732584130707
2004-03-22 00:00:00,1.7116732584130707
2004-03-23 00:00:00,1.7116732584130707
2004-03-24 00:00:00,1.6883660380149976
2004-03-25 00:00:00,1.683272593776495
2004-03-26 00:00:00,1.6749243350237535
2004-03-29 00:00:00,1.6818387071557563
2004-03-30 00:00:00,1.6903675256786086
2004-03-31 00:00:00,1.699770894695629
2004-04-01 00:00:00,1.719125285325117
2004-04-02 00:00:00,1.6850407372573526
2004-04-05 00:00:00,1.6766749745168537
2004-04-06 00:00:00,1.6841562014372697
2004-04-07 00:00:00,1.70428555842656
2004-04-08 00:00:00,1.6924853616817672
2004-04-09 00:00:00,1.693490400495117
2004-04-12 00:00:00,1.6874780085406966
2004-04-13 00:00:00,1.6704549632218675
2004-04-14 00:00:00,1.6668749519355757
2004-04-15 00:00:00,1.6626637630306402
2004-04-16 00:00:00,1.6775516673139865
2004-04-19 00:00:00,1.675142965011356
2004-04-20 00:00:00,1.666225688775902
2004-04-21 00:00:00,1.6595461340944
2004-04-22 00:00:00,1.664496790525551
2004-04-23 00:00:00,1.6556922016452067
2004-04-26 00:00:00,1.6675247212775464
2004-04-27 00:00:00,1.680297251057545
2004-04-28 00:00:00,1.664496790525551
2004-04-29 00:00:00,1.677990357603556
2004-04-30 00:00:00,1.6791979398039905
2004-05-03 00:00:00,1.6753616520825059
2004-05-04 00:00:00,1.6952800865194182
2004-05-05 00:00:00,1.7091656462611704
2004-05-06 00:00:00,1.7051913705756039
2004-05-07 00:00:00,1.6766749745168537
2004-05-10 00:00:00,1.655350495956453
2004-05-11 00:00:00,1.6511122875460915
2004-05-12 00:00:00,1.668825780878023
2004-05-13 00:00:00,1.6559058393486445
2004-05-14 00:00:00,1.6572958293991085
2004-05-17 00:00:00,1.6775516673139865
2004-05-18 00:00:00,1.6803339446435628
2004-05-19 00:00:00,1.6803339446435628
2004-05-20 00:00:00,1.6803339446435628
2004-05-21 00:00:00,1.6803339446435628
2004-05-24 00:00:00,1.6803339446435628
2004-05-25 00:00:00,1.6803339446435628
2004-05-26 00:00:00,1.6803339446435628
2004-05-27 00:00:00,1.6803339446435628
2004-05-28 00:00:00,1.6803339446435628
2004-06-01 00:00:00,1.6803339446435628
2004-06-02 00:00:00,1.6803339446435628
2004-06-03 00:00:00,1.6803339446435628
2004-06-04 00:00:00,1.6803339446435628
2004-06-07 00:00:00,1.6803339446435628
2004-06-08 00:00:00,1.6803339446435628
2004-06-09 00:00:00,1.6803339446435628
2004-06-10 00:00:00,1.6803339446435628
2004-06-11 00:00:00,1.6803339446435628
2004-06-14 00:00:00,1.6803339446435628
2004-06-15 00:00:00,1.6803339446435628
2004-06-16 00:00:00,1.6803339446435628
2004-06-17 00:00:00,1.6803339446435628
2004-06-18 00:00:00,1.6803339446435628
2004-06-21 00:00:00,1.6803339446435628
2004-06-22 00:00:00,1.6803339446435628
2004-06-23 00:00:00,1.6803339446435628
2004-06-24 00:00:00,1.6803339446435628
2004-06-25 00:00:00,1.6803339446435628
2004-06-28 00:00:00,1.6803339446435628
2004-06-29 00:00:00,1.6803339446435628
2004-06-30 00:00:00,1.6803339446435628
2004-07-01 00:00:00,1.6803339446435628
2004-07-02 00:00:00,1.6803339446435628
2004-07-06 00:00:00,1.6803339446435628
2004-07-07 00:00:00,1.6803339446435628
2004-07-08 00:00:00,1.6803339446435628
2004-07-09 00:00:00,1.6803339446435628
2004-07-12 00:00:00,1.6803339446435628
2004-07-13 00:00:00,1.665966359812943
2004-07-14 00:00:00,1.6760427692472957
2004-07-15 00:00:00,1.6787278312354275
2004-07-16 00:00:00,1.6871544044378137
2004-07-19 00:00:00,1.6853302072171752
2004-07-20 00:00:00,1.6762680740959643
2004-07-21 00:00:00,1.6587639778117564
2004-07-22 00:00:00,1.6639655995729759
2004-07-23 00:00:00,1.6435690263872254
2004-07-26 00:00:00,1.644544438272322
2004-07-27 00:00:00,1.632808459237905
2004-07-28 00:00:00,1.6287562961337356
2004-07-29 00:00:00,1.6290754723626468
2004-07-30 00:00:00,1.6235607321398189
2004-08-02 00:00:00,1.6281183187361117
2004-08-03 00:00:00,1.6327015650670875
2004-08-04 00:00:00,1.6334501183127954
2004-08-05 00:00:00,1.6348421112028684
2004-08-06 00:00:00,1.665743815549009
2004-08-09 00:00:00,1.6646319854758884
2004-08-10 00:00:00,1.6688648558886345
2004-08-11 00:00:00,1.656340333824783
2004-08-12 00:00:00,1.655790493055355
2004-08-13 00:00:00,1.6704297660013236
2004-08-16 00:00:00,1.6668571318272796
2004-08-17 00:00:00,1.665743815549009
2004-08-18 00:00:00,1.6621911761130206
2004-08-19 00:00:00,1.6740177477782092
2004-08-20 00:00:00,1.6706535642014844
2004-08-23 00:00:00,1.6571107246777248
2004-08-24 00:00:00,1.6463900453128966
2004-08-25 00:00:00,1.6450868341952347
2004-08-26 00:00:00,1.6498753907382748
2004-08-27 00:00:00,1.6442191723628532
2004-08-30 00:00:00,1.6473905729912384
2004-08-31 00:00:00,1.664409797544031
2004-09-01 00:00:00,1.6642987258191366
2004-09-02 00:00:00,1.6616374446265414
2004-09-03 00:00:00,1.6463900453128966
2004-09-07 00:00:00,1.6513382899609808
2004-09-08 00:00:00,1.6513382899609808
2004-09-09 00:00:00,1.6513382899609808
2004-09-10 00:00:00,1.6513382899609808
2004-09-13 00:00:00,1.647334506391571
2004-09-14 00:00:00,1.647778412213827
2004-09-15 00:00:00,1.6255481325780585
2004-09-16 00:00:00,1.6300764235666334
2004-09-17 00:00:00,1.6371902778381557
2004-09-20 00:00:00,1.641805796140559
2004-09-21 00:00:00,1.6565499580710341
2004-09-22 00:00:00,1.655809826083269
2004-09-23 00:00:00,1.665279326722634
2004-09-24 00:00:00,1.6560564632494719
2004-09-27 00:00:00,1.6617720463959542
2004-09-28 00:00:00,1.660531076096541
2004-09-29 00:00:00,1.6616591542732366
2004-09-30 00:00:00,1.6778448861916622
2004-10-01 00:00:00,1.681073728584333
2004-10-04 00:00:00,1.6569314964708064
2004-10-05 00:00:00,1.6659144793018885
2004-10-06 00:00:00,1.6644860667507348
2004-10-07 00:00:00,1.6616591542732366
2004-10-08 00:00:00,1.6746284233124777
2004-10-12 00:00:00,1.659854964094873
2004-10-13 00:00:00,1.6565948358213374
2004-10-14 00:00:00,1.6661868358925103
2004-10-15 00:00:00,1.6776147291428016
2004-10-18 00:00:00,1.6868705345449688
2004-10-19 00:00:00,1.685196959633333
2004-10-20 00:00:00,1.7038858915864667
2004-10-21 00:00:00,1.6985849132570867
2004-10-22 00:00:00,1.6993401755573343
2004-10-25 00:00:00,1.7236496519457984
2004-10-26 00:00:00,1.7292551751836072
2004-10-27 00:00:00,1.725424855453023
2004-10-28 00:00:00,1.7264234920666617
2004-10-29 00:00:00,1.723139653316852
2004-11-01 00:00:00,1.722581429560548
2004-11-02 00:00:00,1.7127148104432435
2004-11-03 00:00:00,1.725424855453023
2004-11-04 00:00:00,1.7338396528653486
2004-11-05 00:00:00,1.7412454261989612
2004-11-08 00:00:00,1.7403534534140856
2004-11-09 00:00:00,1.7403534534140856
2004-11-10 00:00:00,1.7466559353024387
2004-11-12 00:00:00,1.7718932693980003
2004-11-15 00:00:00,1.7712272018936723
2004-11-16 00:00:00,1.776827473547858
2004-11-17 00:00:00,1.7791498539919506
2004-11-18 00:00:00,1.7727137327976175
2004-11-19 00:00:00,1.7869612241810133
2004-11-22 00:00:00,1.7830340083567813
2004-11-23 00:00:00,1.7885265142440943
2004-11-24 00:00:00,1.8061138234730607
2004-11-26 00:00:00,1.8252462141297954
2004-11-29 00:00:00,1.8282970532358966
2004-11-30 00:00:00,1.8186348684912748
2004-12-01 00:00:00,1.8239146713640086
2004-12-02 00:00:00,1.81124073222416
2004-12-03 00:00:00,1.8416268399353255
2004-12-06 00:00:00,1.8465957319713875
2004-12-07 00:00:00,1.847375415006827
2004-12-08 00:00:00,1.8087003476322876
2004-12-09 00:00:00,1.8089674209083726
2004-12-10 00:00:00,1.800460012729858
2004-12-13 00:00:00,1.8224766166254256
2004-12-14 00:00:00,1.8124465646764862
2004-12-15 00:00:00,1.833221611716488
2004-12-16 00:00:00,1.8127952152438254
2004-12-17 00:00:00,1.8160198732015673
2004-12-20 00:00:00,1.8347041565629478
2004-12-21 00:00:00,1.8238603639448823
2004-12-22 00:00:00,1.8181760262121953
2004-12-23 00:00:00,1.829252533091109
2004-12-24 00:00:00,1.8371253002351013
2004-12-27 00:00:00,1.8539452276963941
2004-12-28 00:00:00,1.8579095928991602
2004-12-29 00:00:00,1.850137438778811
2004-12-30 00:00:00,1.8501653801431357
2004-12-31 00:00:00,1.8370702032806654
2005-01-03 00:00:00,1.8324538276296123
2005-01-04 00:00:00,1.7977914511355033
2005-01-05 00:00:00,1.8039596036897962
2005-01-06 00:00:00,1.7838883614634695
2005-01-07 00:00:00,1.7838883614634695
2005-01-10 00:00:00,1.792800549164518
2005-01-11 00:00:00,1.7990712751147269
2005-01-12 00:00:00,1.8106025992354255
2005-01-13 00:00:00,1.8030391384396711
2005-01-14 00:00:00,1.7877635715173361
2005-01-18 00:00:00,1.7824973952879557
2005-01-19 00:00:00,1.7833729357594925
2005-01-20 00:00:00,1.7708119896898924
2005-01-21 00:00:00,1.7783887200459862
2005-01-24 00:00:00,1.7757793114286218
2005-01-25 00:00:00,1.7617644694982386
2005-01-26 00:00:00,1.7792602279226302
2005-01-27 00:00:00,1.7704564304520916
2005-01-28 00:00:00,1.7681487712454462
2005-01-31 00:00:00,1.7690863241558645
2005-02-01 00:00:00,1.7675917783051072
2005-02-02 00:00:00,1.771777799337937
2005-02-03 00:00:00,1.7614879368332204
2005-02-04 00:00:00,1.7579008959069262
2005-02-07 00:00:00,1.735875841793066
2005-02-08 00:00:00,1.7374883826887748
2005-02-09 00:00:00,1.7418523298048831
2005-02-10 00:00:00,1.749381061620805
2005-02-11 00:00:00,1.745991267761479
2005-02-14 00:00:00,1.7648120691552593
2005-02-15 00:00:00,1.7670857255185102
2005-02-16 00:00:00,1.7665294020216382
2005-02-17 00:00:00,1.774732587852726
2005-02-18 00:00:00,1.7718540923392003
2005-02-22 00:00:00,1.7969500067437019
2005-02-23 00:00:00,1.7947032640808351
2005-02-24 00:00:00,1.7962440284801828
2005-02-25 00:00:00,1.7968453823564736
2005-02-28 00:00:00,1.8080567501028502
2005-03-01 00:00:00,1.7989401875995992
2005-03-02 00:00:00,1.7863407078108975
2005-03-03 00:00:00,1.7926183090087866
2005-03-04 00:00:00,1.8095144329122266
2005-03-07 00:00:00,1.8065220993264173
2005-03-08 00:00:00,1.8224472100830915
2005-03-09 00:00:00,1.8224472100830915
2005-03-10 00:00:00,1.8230131288937999
2005-03-11 00:00:00,1.8315442843430736
2005-03-14 00:00:00,1.8092883602539036
2005-03-15 00:00:00,1.8060018291881665
2005-03-16 00:00:00,1.8204558174256664
2005-03-17 00:00:00,1.8124536373722966
2005-03-18 00:00:00,1.7996746010116342
2005-03-21 00:00:00,1.7796707114891732
2005-03-22 00:00:00,1.7853147327159653
2005-03-23 00:00:00,1.7565706186179522
2005-03-24 00:00:00,1.7534975944089006
2005-03-25 00:00:00,1.7499383808278235
2005-03-28 00:00:00,1.7433806899103594
2005-03-29 00:00:00,1.7442193043165302
2005-03-30 00:00:00,1.7480278593991179
2005-03-31 00:00:00,1.7452563542992778
2005-04-01 00:00:00,1.7341356936365182
2005-04-04 00:00:00,1.7248192966646747
2005-04-05 00:00:00,1.7257609237058846
2005-04-06 00:00:00,1.7328682109452664
2005-04-07 00:00:00,1.7383904012704776
2005-04-08 00:00:00,1.7367496248232184
2005-04-11 00:00:00,1.7471360590060225
2005-04-12 00:00:00,1.7359670628249315
2005-04-13 00:00:00,1.7414106569255463
2005-04-14 00:00:00,1.7212072105169975
2005-04-15 00:00:00,1.7373859761513666
2005-04-18 00:00:00,1.748399711651766
2005-04-19 00:00:00,1.7481022171953344
2005-04-20 00:00:00,1.756345398006966
2005-04-21 00:00:00,1.7576975886470056
2005-04-22 00:00:00,1.7582490782352747
2005-04-25 00:00:00,1.7520024566237633
2005-04-26 00:00:00,1.7470617833789306
2005-04-27 00:00:00,1.7451081288070234
2005-04-28 00:00:00,1.7391996849547298
2005-04-29 00:00:00,1.733404227432771
2005-05-02 00:00:00,1.7223373689256911
2005-05-03 00:00:00,1.729367909042082
2005-05-04 00:00:00,1.7383095263123063
2005-05-05 00:00:00,1.7383095263123063
2005-05-06 00:00:00,1.7383095263123063
2005-05-09 00:00:00,1.7383095263123063
2005-05-10 00:00:00,1.7383095263123063
2005-05-11 00:00:00,1.7383095263123063
2005-05-12 00:00:00,1.7383095263123063
2005-05-13 00:00:00,1.7383095263123063
2005-05-16 00:00:00,1.7383095263123063
2005-05-17 00:00:00,1.7383095263123063
2005-05-18 00:00:00,1.7383095263123063
2005-05-19 00:00:00,1.7383095263123063
2005-05-20 00:00:00,1.7383095263123063
2005-05-23 00:00:00,1.7383095263123063
2005-05-24 00:00:00,1.7383095263123063
2005-05-25 00:00:00,1.7383095263123063
2005-05-26 00:00:00,1.7383095263123063
2005-05-27 00:00:00,1.7383095263123063
2005-05-31 00:00:00,1.7383095263123063
2005-06-01 00:00:00,1.7383095263123063
2005-06-02 00:00:00,1.7383095263123063
2005-06-03 00:00:00,1.7383095263123063
2005-06-06 00:00:00,1.7383095263123063
2005-06-07 00:00:00,1.7383095263123063
2005-06-08 00:00:00,1.7383095263123063
2005-06-09 00:00:00,1.7383095263123063
2005-06-10 00:00:00,1.7383095263123063
2005-06-13 00:00:00,1.7383095263123063
2005-06-14 00:00:00,1.7383095263123063
2005-06-15 00:00:00,1.7383095263123063
2005-06-16 00:00:00,1.7383095263123063
2005-06-17 00:00:00,1.7383095263123063
2005-06-20 00:00:00,1.7383095263123063
2005-06-21 00:00:00,1.7383095263123063
2005-06-22 00:00:00,1.7383095263123063
2005-06-23 00:00:00,1.7383095263123063
2005-06-24 00:00:00,1.7383095263123063
2005-06-27 00:00:00,1.7383095263123063
2005-06-28 00:00:00,1.7383095263123063
2005-06-29 00:00:00,1.7383095263123063
2005-06-30 00:00:00,1.7383095263123063
2005-07-01 00:00:00,1.7383095263123063
2005-07-05 00:00:00,1.7383095263123063
2005-07-06 00:00:00,1.7383095263123063
2005-07-07 00:00:00,1.7383095263123063
2005-07-08 00:00:00,1.7383095263123063
2005-07-11 00:00:00,1.7383095263123063
2005-07-12 00:00:00,1.7383095263123063
2005-07-13 00:00:00,1.7383095263123063
2005-07-14 00:00:00,1.7383095263123063
2005-07-15 00:00:00,1.7383095263123063
2005-07-18 00:00:00,1.7383095263123063
2005-07-19 00:00:00,1.7383095263123063
2005-07-20 00:00:00,1.7383095263123063
2005-07-21 00:00:00,1.7383095263123063
2005-07-22 00:00:00,1.7383095263123063
2005-07-25 00:00:00,1.7383095263123063
2005-07-26 00:00:00,1.7383095263123063
2005-07-27 00:00:00,1.7383095263123063
2005-07-28 00:00:00,1.7383095263123063
2005-07-29 00:00:00,1.7383095263123063
2005-08-01 00:00:00,1.7383095263123063
2005-08-02 00:00:00,1.7383095263123063
2005-08-03 00:00:00,1.7383095263123063
2005-08-04 00:00:00,1.7383095263123063
2005-08-05 00:00:00,1.7383095263123063
2005-08-08 00:00:00,1.7383095263123063
2005-08-09 00:00:00,1.7383095263123063
2005-08-10 00:00:00,1.7383095263123063
2005-08-11 00:00:00,1.7383095263123063
2005-08-12 00:00:00,1.7383095263123063
2005-08-15 00:00:00,1.7383095263123063
2005-08-16 00:00:00,1.7383095263123063
2005-08-17 00:00:00,1.7383095263123063
2005-08-18 00:00:00,1.7383095263123063
2005-08-19 00:00:00,1.7383095263123063
2005-08-22 00:00:00,1.7383095263123063
2005-08-23 00:00:00,1.7383095263123063
2005-08-24 00:00:00,1.7383095263123063
2005-08-25 00:00:00,1.7383095263123063
2005-08-26 00:00:00,1.7383095263123063
2005-08-29 00:00:00,1.7383095263123063
2005-08-30 00:00:00,1.7383095263123063
2005-08-31 00:00:00,1.7383095263123063
2005-09-01 00:00:00,1.7383095263123063
2005-09-02 00:00:00,1.7383095263123063
2005-09-06 00:00:00,1.7383095263123063
2005-09-07 00:00:00,1.7383095263123063
2005-09-08 00:00:00,1.7383095263123063
2005-09-09 00:00:00,1.7383095263123063
2005-09-12 00:00:00,1.7383095263123063
2005-09-13 00:00:00,1.7383095263123063
2005-09-14 00:00:00,1.7383095263123063
2005-09-15 00:00:00,1.7383095263123063
2005-09-16 00:00:00,1.7383095263123063
2005-09-19 00:00:00,1.7383095263123063
2005-09-20 00:00:00,1.7383095263123063
2005-09-21 00:00:00,1.7383095263123063
2005-09-22 00:00:00,1.7383095263123063
2005-09-23 00:00:00,1.7383095263123063
2005-09-26 00:00:00,1.7383095263123063
2005-09-27 00:00:00,1.7383095263123063
2005-09-28 00:00:00,1.7383095263123063
2005-09-29 00:00:00,1.7383095263123063
2005-09-30 00:00:00,1.7383095263123063
2005-10-03 00:00:00,1.7383095263123063
2005-10-04 00:00:00,1.7383095263123063
2005-10-05 00:00:00,1.7383095263123063
2005-10-06 00:00:00,1.7383095263123063
2005-10-07 00:00:00,1.7383095263123063
2005-10-11 00:00:00,1.7383095263123063
2005-10-12 00:00:00,1.7383095263123063
2005-10-13 00:00:00,1.7383095263123063
2005-10-14 00:00:00,1.7383095263123063
2005-10-17 00:00:00,1.7383095263123063
2005-10-18 00:00:00,1.7383095263123063
2005-10-19 00:00:00,1.7383095263123063
2005-10-20 00:00:00,1.7383095263123063
2005-10-21 00:00:00,1.7383095263123063
2005-10-24 00:00:00,1.7383095263123063
2005-10-25 00:00:00,1.7383095263123063
2005-10-26 00:00:00,1.7383095263123063
2005-10-27 00:00:00,1.7383095263123063
2005-10-28 00:00:00,1.7383095263123063
2005-10-31 00:00:00,1.7383095263123063
2005-11-01 00:00:00,1.7383095263123063
2005-11-02 00:00:00,1.7383095263123063
2005-11-03 00:00:00,1.7383095263123063
2005-11-04 00:00:00,1.7383095263123063
2005-11-07 00:00:00,1.7383095263123063
2005-11-08 00:00:00,1.7383095263123063
2005-11-09 00:00:00,1.7383095263123063
2005-11-10 00:00:00,1.7383095263123063
2005-11-14 00:00:00,1.7383095263123063
2005-11-15 00:00:00,1.7383095263123063
2005-11-16 00:00:00,1.7383095263123063
2005-11-17 00:00:00,1.7383095263123063
2005-11-18 00:00:00,1.7383095263123063
2005-11-21 00:00:00,1.7383095263123063
2005-11-22 00:00:00,1.7383095263123063
2005-11-23 00:00:00,1.7383095263123063
2005-11-25 00:00:00,1.7383095263123063
2005-11-28 00:00:00,1.7383095263123063
2005-11-29 00:00:00,1.7383095263123063
2005-11-30 00:00:00,1.7383095263123063
2005-12-01 00:00:00,1.7383095263123063
2005-12-02 00:00:00,1.7383095263123063
2005-12-05 00:00:00,1.7383095263123063
2005-12-06 00:00:00,1.7383095263123063
2005-12-07 00:00:00,1.7383095263123063
2005-12-08 00:00:00,1.7383095263123063
2005-12-09 00:00:00,1.7383095263123063
2005-12-12 00:00:00,1.7383095263123063
2005-12-13 00:00:00,1.7383095263123063
2005-12-14 00:00:00,1.7383095263123063
2005-12-15 00:00:00,1.7383095263123063
2005-12-16 00:00:00,1.7383095263123063
2005-12-19 00:00:00,1.7383095263123063
2005-12-20 00:00:00,1.7383095263123063
2005-12-21 00:00:00,1.7383095263123063
2005-12-22 00:00:00,1.7383095263123063
2005-12-23 00:00:00,1.7383095263123063
2005-12-27 00:00:00,1.7383095263123063
2005-12-28 00:00:00,1.7383095263123063
2005-12-29 00:00:00,1.7383095263123063
2005-12-30 00:00:00,1.7383095263123063
2006-01-03 00:00:00,1.7383095263123063
2006-01-04 00:00:00,1.7383095263123063
2006-01-05 00:00:00,1.7383095263123063
2006-01-06 00:00:00,1.7383095263123063
2006-01-09 00:00:00,1.7383095263123063
2006-01-10 00:00:00,1.7383095263123063
2006-01-11 00:00:00,1.7383095263123063
2006-01-12 00:00:00,1.7383095263123063
2006-01-13 00:00:00,1.7383095263123063
2006-01-17 00:00:00,1.7383095263123063
2006-01-18 00:00:00,1.7383095263123063
2006-01-19 00:00:00,1.7383095263123063
2006-01-20 00:00:00,1.7383095263123063
2006-01-23 00:00:00,1.7383095263123063
2006-01-24 00:00:00,1.7383095263123063
2006-01-25 00:00:00,1.7328190154386394
2006-01-26 00:00:00,1.7333458822157575
2006-01-27 00:00:00,1.7230275337093086
2006-01-30 00:00:00,1.7162166133535466
2006-01-31 00:00:00,1.7245912646517902
2006-02-01 00:00:00,1.7142645058664998
2006-02-02 00:00:00,1.7091028084701239
2006-02-03 00:00:00,1.7000174937793144
2006-02-06 00:00:00,1.6875025644814796
2006-02-07 00:00:00,1.6878501269271788
2006-02-08 00:00:00,1.687937039910028
2006-02-09 00:00:00,1.6930589355053387
2006-02-10 00:00:00,1.683753666356901
2006-02-13 00:00:00,1.6696032147022395
2006-02-14 00:00:00,1.671604039574841
2006-02-15 00:00:00,1.6717532290418573
2006-02-16 00:00:00,1.6591034956372386
2006-02-17 00:00:00,1.667034725000775
2006-02-21 00:00:00,1.6636082681208253
2006-02-22 00:00:00,1.665002530288393
2006-02-23 00:00:00,1.6618371262384153
2006-02-24 00:00:00,1.6552705901835678
2006-02-27 00:00:00,1.6460649450162066
2006-02-28 00:00:00,1.656504399780314
2006-03-01 00:00:00,1.6502290511636897
2006-03-02 00:00:00,1.6620477786818475
2006-03-03 00:00:00,1.668073904461688
2006-03-06 00:00:00,1.6658698403004861
2006-03-07 00:00:00,1.647140209791103
2006-03-08 00:00:00,1.6534754443336102
2006-03-09 00:00:00,1.6615633578778017
2006-03-10 00:00:00,1.6631862253312062
2006-03-13 00:00:00,1.6696457355720793
2006-03-14 00:00:00,1.6818746698333882
2006-03-15 00:00:00,1.684142948560927
2006-03-16 00:00:00,1.7035072009901384
2006-03-17 00:00:00,1.7141748605745901
2006-03-20 00:00:00,1.709437039753477
2006-03-21 00:00:00,1.6905703949278739
2006-03-22 00:00:00,1.6933904682331196
2006-03-23 00:00:00,1.6933904682331196
2006-03-24 00:00:00,1.6998825608554464
2006-03-27 00:00:00,1.6979384399091977
2006-03-28 00:00:00,1.70275224494251
2006-03-29 00:00:00,1.6856780181832476
2006-03-30 00:00:00,1.704729405040626
2006-03-31 00:00:00,1.7015681487552814
2006-04-03 00:00:00,1.7031692634093045
2006-04-04 00:00:00,1.7284792979866812
2006-04-05 00:00:00,1.733718282383502
2006-04-06 00:00:00,1.7312195728062818
2006-04-07 00:00:00,1.7135281795761157
2006-04-10 00:00:00,1.7054555146793051
2006-04-11 00:00:00,1.7200415451293802
2006-04-12 00:00:00,1.7139727264569644
2006-04-13 00:00:00,1.7166894653080313
2006-04-14 00:00:00,1.7174704481151877
2006-04-17 00:00:00,1.7433945303508884
2006-04-18 00:00:00,1.7421991964253822
2006-04-19 00:00:00,1.7557419436769184
2006-04-20 00:00:00,1.7539240917939054
2006-04-21 00:00:00,1.7483542369208582
2006-04-24 00:00:00,1.7500910126528988
2006-04-25 00:00:00,1.7576103257019284
2006-04-26 00:00:00,1.7665869570866213
2006-04-27 00:00:00,1.7785717173721427
2006-04-28 00:00:00,1.7957823761575158
2006-05-01 00:00:00,1.7950261031829078
2006-05-02 00:00:00,1.787280653806948
2006-05-03 00:00:00,1.794489779651427
2006-05-04 00:00:00,1.7993282601423568
2006-05-05 00:00:00,1.8061658846204531
2006-05-08 00:00:00,1.8048336491639645
2006-05-09 00:00:00,1.809976047989012
2006-05-10 00:00:00,1.8133293734515468
2006-05-11 00:00:00,1.8135782622849392
2006-05-12 00:00:00,1.819196379767786
2006-05-15 00:00:00,1.806363420124868
2006-05-16 00:00:00,1.8024209016109272
2006-05-17 00:00:00,1.7916671835886242
2006-05-18 00:00:00,1.806201194105925
2006-05-19 00:00:00,1.806201194105925
2006-05-22 00:00:00,1.8213158484499072
2006-05-23 00:00:00,1.82372552763198
2006-05-24 00:00:00,1.8120381810398267
2006-05-25 00:00:00,1.8165404791546185
2006-05-26 00:00:00,1.8140005248183866
2006-05-30 00:00:00,1.8385484443900864
2006-05-31 00:00:00,1.8342670014412552
2006-06-01 00:00:00,1.8343687088118286
2006-06-02 00:00:00,1.8529394573341613
2006-06-05 00:00:00,1.865977470634354
2006-06-06 00:00:00,1.8417983003698986
2006-06-07 00:00:00,1.8400312065989468
2006-06-08 00:00:00,1.811244515261107
2006-06-09 00:00:00,1.8142989742514288
2006-06-12 00:00:00,1.8053633698733458
2006-06-13 00:00:00,1.7968568712740371
2006-06-14 00:00:00,1.8040588987876984
2006-06-15 00:00:00,1.7993000786590043
2006-06-16 00:00:00,1.8017254075780365
2006-06-19 00:00:00,1.7915293550982412
2006-06-20 00:00:00,1.8035671353119962
2006-06-21 00:00:00,1.8210652063547803
2006-06-22 00:00:00,1.8037638085271386
2006-06-23 00:00:00,1.7958083308676647
2006-06-26 00:00:00,1.8033950814273554
2006-06-27 00:00:00,1.8009652583118048
2006-06-28 00:00:00,1.796027691540011
2006-06-29 00:00:00,1.7947610134811203
2006-06-30 00:00:00,1.834470427462071
2006-07-03 00:00:00,1.8392128352718795
2006-07-05 00:00:00,1.83419072831448
2006-07-06 00:00:00,1.84090152449086
2006-07-07 00:00:00,1.853328724877473
2006-07-10 00:00:00,1.8399032880756445
2006-07-11 00:00:00,1.8424137375386564
2006-07-12 00:00:00,1.8326412160175118
2006-07-13 00:00:00,1.82528517041817
2006-07-14 00:00:00,1.8202636150234737
2006-07-17 00:00:00,1.7952966976214098
2006-07-18 00:00:00,1.7844144939767266
2006-07-19 00:00:00,1.7844144939767266
2006-07-20 00:00:00,1.7981012782066537
2006-07-21 00:00:00,1.8012345035449666
2006-07-24 00:00:00,1.7900593733380754
2006-07-25 00:00:00,1.7854094890705408
2006-07-26 00:00:00,1.7914761779730863
2006-07-27 00:00:00,1.8110247668179698
2006-07-28 00:00:00,1.8119246176399566
2006-07-31 00:00:00,1.8196096070781569
2006-08-01 00:00:00,1.8211746455138764
2006-08-02 00:00:00,1.8285308771065925
2006-08-03 00:00:00,1.8217811898512064
2006-08-04 00:00:00,1.839007288850304
2006-08-07 00:00:00,1.8389557673820218
2006-08-08 00:00:00,1.8352024816432435
2006-08-09 00:00:00,1.843966827567882
2006-08-10 00:00:00,1.822034035917167
2006-08-11 00:00:00,1.8192565834989507
2006-08-14 00:00:00,1.8127752982210166
2006-08-15 00:00:00,1.820922037892611
2006-08-16 00:00:00,1.8377715698668389
2006-08-17 00:00:00,1.8382862509013327
2006-08-18 00:00:00,1.8254797235885114
2006-08-21 00:00:00,1.843138380954536
2006-08-22 00:00:00,1.827996189176058
2006-08-23 00:00:00,1.8275635755414337
2006-08-24 00:00:00,1.8229448631794456
2006-08-25 00:00:00,1.8120496676494562
2006-08-28 00:00:00,1.8135766687646646
2006-08-29 00:00:00,1.8157087538639014
2006-08-30 00:00:00,1.8214020523040648
2006-08-31 00:00:00,1.812550040341688
2006-09-01 00:00:00,1.806613468773123
2006-09-05 00:00:00,1.8082309378915962
2006-09-06 00:00:00,1.800962689958951
2006-09-07 00:00:00,1.792405645966355
2006-09-08 00:00:00,1.7873298069689285
2006-09-11 00:00:00,1.7981259066946236
2006-09-12 00:00:00,1.801630015258866
2006-09-13 00:00:00,1.8048251852108634
2006-09-14 00:00:00,1.8124652877477578
2006-09-15 00:00:00,1.8124652877477578
2006-09-18 00:00:00,1.8194362119875895
2006-09-19 00:00:00,1.8204400250174724
2006-09-20 00:00:00,1.81715665620927
2006-09-21 00:00:00,1.8143089964230572
2006-09-22 00:00:00,1.8227026591787396
2006-09-25 00:00:00,1.807996195257421
2006-09-26 00:00:00,1.800940455936901
2006-09-27 00:00:00,1.8073029831542933
2006-09-28 00:00:00,1.8103521329647039
2006-09-29 00:00:00,1.8048562398811892
2006-10-02 00:00:00,1.80241611249818
2006-10-03 00:00:00,1.801800961813378
2006-10-04 00:00:00,1.7956480402409696
2006-10-05 00:00:00,1.8062147232016603
2006-10-06 00:00:00,1.7947933999726906
2006-10-10 00:00:00,1.7850111205543917
2006-10-11 00:00:00,1.7896097932717523
2006-10-12 00:00:00,1.7855423882382062
2006-10-13 00:00:00,1.7787563646063576
2006-10-16 00:00:00,1.7846008120095695
2006-10-17 00:00:00,1.7917477431211712
2006-10-18 00:00:00,1.7838530877141123
2006-10-19 00:00:00,1.7974331974259725
2006-10-20 00:00:00,1.8060417117611316
2006-10-23 00:00:00,1.798584424706219
2006-10-24 00:00:00,1.8025638111689666
2006-10-25 00:00:00,1.8021207877576084
2006-10-26 00:00:00,1.8127142185660174
2006-10-27 00:00:00,1.8224509776693465
2006-10-30 00:00:00,1.82297958914077
2006-10-31 00:00:00,1.8302855632814927
2006-11-01 00:00:00,1.8318351457847568
2006-11-02 00:00:00,1.8345086142718985
2006-11-03 00:00:00,1.8306663650381676
2006-11-06 00:00:00,1.8342791540955572
2006-11-07 00:00:00,1.849003547915996
2006-11-08 00:00:00,1.8471920932358081
2006-11-09 00:00:00,1.8650988801496748
2006-11-10 00:00:00,1.8682141103485177
2006-11-13 00:00:00,1.8604263719981171
2006-11-14 00:00:00,1.8604263719981171
2006-11-15 00:00:00,1.8561472364535663
2006-11-16 00:00:00,1.8602948168656732
2006-11-17 00:00:00,1.858848937394083
2006-11-20 00:00:00,1.854550899584859
2006-11-21 00:00:00,1.8525658583425566
2006-11-22 00:00:00,1.8737565875949753
2006-11-24 00:00:00,1.9028409068070087
2006-11-27 00:00:00,1.9089714423381838
2006-11-28 00:00:00,1.9070064834039586
2006-11-29 00:00:00,1.9027583313673302
2006-11-30 00:00:00,1.9250352871428031
2006-12-01 00:00:00,1.943724121608814
2006-12-04 00:00:00,1.9424324961348352
2006-12-05 00:00:00,1.937739731681789
2006-12-06 00:00:00,1.9306012593676416
2006-12-07 00:00:00,1.9358005946307617
2006-12-08 00:00:00,1.919585351415613
2006-12-11 00:00:00,1.9170116181959995
2006-12-12 00:00:00,1.9295251159677707
2006-12-13 00:00:00,1.9209870201643648
2006-12-14 00:00:00,1.9140826257349157
2006-12-15 00:00:00,1.9047697038106357
2006-12-18 00:00:00,1.9007512023258033
2006-12-19 00:00:00,1.925993619130487
2006-12-20 00:00:00,1.9254015955641979
2006-12-21 00:00:00,1.9325299886250826
2006-12-22 00:00:00,1.9224469287484454
2006-12-26 00:00:00,1.9139990717461606
2006-12-27 00:00:00,1.9093593770794124
2006-12-28 00:00:00,1.9131639328885879
2006-12-29 00:00:00,1.9247254427109959
2007-01-02 00:00:00,1.9395969536959936
2007-01-03 00:00:00,1.9191932506420415
2007-01-04 00:00:00,1.8971599654684488
2007-01-05 00:00:00,1.8860344431887313
2007-01-08 00:00:00,1.8798889013570408
2007-01-09 00:00:00,1.8729295222370839
2007-01-10 00:00:00,1.8646988489942855
2007-01-11 00:00:00,1.8571430657746808
2007-01-12 00:00:00,1.8697615963277703
2007-01-16 00:00:00,1.8697615963277703
2007-01-17 00:00:00,1.8680032750055466
2007-01-18 00:00:00,1.8611350309433903
2007-01-19 00:00:00,1.8667265715953678
2007-01-22 00:00:00,1.8630922272867536
2007-01-23 00:00:00,1.8813258595659716
2007-01-24 00:00:00,1.8758345092246997
2007-01-25 00:00:00,1.8746274948125299
2007-01-26 00:00:00,1.8617693466118643
2007-01-29 00:00:00,1.8746811069125349
2007-01-30 00:00:00,1.880408402893205
2007-01-31 00:00:00,1.882217188774558
2007-02-01 00:00:00,1.8880994563297753
2007-02-02 00:00:00,1.8758613494214296
2007-02-05 00:00:00,1.8579172644650852
2007-02-06 00:00:00,1.8624305520394682
2007-02-07 00:00:00,1.8730740766893015
2007-02-08 00:00:00,1.882217188774558
2007-02-09 00:00:00,1.8742255017829061
2007-02-12 00:00:00,1.862007326474091
2007-02-13 00:00:00,1.8644700189105505
2007-02-14 00:00:00,1.8837858157872587
2007-02-15 00:00:00,1.8646291260093057
2007-02-16 00:00:00,1.8628010322640887
2007-02-20 00:00:00,1.859340148201876
2007-02-21 00:00:00,1.8507047509100112
2007-02-22 00:00:00,1.851122853447528
2007-02-23 00:00:00,1.8577066520675944
2007-02-26 00:00:00,1.8601051893377547
2007-02-27 00:00:00,1.880651171977368
2007-02-28 00:00:00,1.8734220327195528
2007-03-01 00:00:00,1.8595511311695312
2007-03-02 00:00:00,1.862060219150287
2007-03-05 00:00:00,1.8449489705842144
2007-03-06 00:00:00,1.8564965568228253
2007-03-07 00:00:00,1.8613992766031675
2007-03-08 00:00:00,1.8525615228594037
2007-03-09 00:00:00,1.8483824984451034
2007-03-12 00:00:00,1.8603691426219902
2007-03-13 00:00:00,1.8646026062737593
2007-03-14 00:00:00,1.8644926159162747
2007-03-15 00:00:00,1.8644926159162747
2007-03-16 00:00:00,1.8644926159162747
2007-03-19 00:00:00,1.8644926159162747
2007-03-20 00:00:00,1.8644926159162747
2007-03-21 00:00:00,1.8644926159162747
2007-03-22 00:00:00,1.8644926159162747
2007-03-23 00:00:00,1.8644926159162747
2007-03-26 00:00:00,1.8644926159162747
2007-03-27 00:00:00,1.8644926159162747
2007-03-28 00:00:00,1.8644926159162747
2007-03-29 00:00:00,1.8644926159162747
2007-03-30 00:00:00,1.8644926159162747
2007-04-02 00:00:00,1.8644926159162747
2007-04-03 00:00:00,1.8644926159162747
2007-04-04 00:00:00,1.8644926159162747
2007-04-05 00:00:00,1.8644926159162747
2007-04-06 00:00:00,1.8644926159162747
2007-04-09 00:00:00,1.8644926159162747
2007-04-10 00:00:00,1.8644926159162747
2007-04-11 00:00:00,1.8644926159162747
2007-04-12 00:00:00,1.8644926159162747
2007-04-13 00:00:00,1.8643841126724592
2007-04-16 00:00:00,1.8848962593516627
2007-04-17 00:00:00,1.8880621452498267
2007-04-18 00:00:00,1.8888413587521773
2007-04-19 00:00:00,1.8940059412435926
2007-04-20 00:00:00,1.895967480167798
2007-04-23 00:00:00,1.8934182707782317
2007-04-24 00:00:00,1.898157986499311
2007-04-25 00:00:00,1.9084192167350444
2007-04-26 00:00:00,1.9030345265676871
2007-04-27 00:00:00,1.909272217770549
2007-04-30 00:00:00,1.913377259940896
2007-05-01 00:00:00,1.9091584402446475
2007-05-02 00:00:00,1.9100121023734444
2007-05-03 00:00:00,1.9034868022004587
2007-05-04 00:00:00,1.8986079469085795
2007-05-07 00:00:00,1.903967580669502
2007-05-08 00:00:00,1.887923067629298
2007-05-09 00:00:00,1.885201276693855
2007-05-10 00:00:00,1.8790369651247305
2007-05-11 00:00:00,1.8760110964081087
2007-05-14 00:00:00,1.8819344139651286
2007-05-15 00:00:00,1.8973991617367962
2007-05-16 00:00:00,1.88190677706941
2007-05-17 00:00:00,1.874145428792452
2007-05-18 00:00:00,1.8791747365536775
2007-05-21 00:00:00,1.8702614163157882
2007-05-22 00:00:00,1.8790369651247305
2007-05-23 00:00:00,1.8781557061239242
2007-05-24 00:00:00,1.8730770870051079
2007-05-25 00:00:00,1.8749954932920943
2007-05-29 00:00:00,1.8631914099440452
2007-05-30 00:00:00,1.8471581236240413
2007-05-31 00:00:00,1.8520969777072376
2007-06-01 00:00:00,1.8493706721391987
2007-06-04 00:00:00,1.8529003626977847
2007-06-05 00:00:00,1.8606754847331495
2007-06-06 00:00:00,1.8511873164975294
2007-06-07 00:00:00,1.8497176960817188
2007-06-08 00:00:00,1.8303419264257272
2007-06-11 00:00:00,1.8303419264257272
2007-06-12 00:00:00,1.8303419264257272
2007-06-13 00:00:00,1.8303419264257272
2007-06-14 00:00:00,1.8303419264257272
2007-06-15 00:00:00,1.8303419264257272
2007-06-18 00:00:00,1.8303419264257272
2007-06-19 00:00:00,1.8303419264257272
2007-06-20 00:00:00,1.8303419264257272
2007-06-21 00:00:00,1.8303419264257272
2007-06-22 00:00:00,1.8303419264257272
2007-06-25 00:00:00,1.8303419264257272
2007-06-26 00:00:00,1.8303419264257272
2007-06-27 00:00:00,1.8303419264257272
2007-06-28 00:00:00,1.8303419264257272
2007-06-29 00:00:00,1.8303419264257272
2007-07-02 00:00:00,1.8303419264257272
2007-07-03 00:00:00,1.8303419264257272
2007-07-05 00:00:00,1.8303419264257272
2007-07-06 00:00:00,1.8324627694684095
2007-07-09 00:00:00,1.8283343776239913
2007-07-10 00:00:00,1.8433339378881253
2007-07-11 00:00:00,1.8512180536893392
2007-07-12 00:00:00,1.8572943837258407
2007-07-13 00:00:00,1.8596744175353221
2007-07-16 00:00:00,1.8585816451640116
2007-07-17 00:00:00,1.8544184938068138
2007-07-18 00:00:00,1.8558413641080742
2007-07-19 00:00:00,1.857378281203009
2007-07-20 00:00:00,1.8615828409449535
2007-07-23 00:00:00,1.854223368149828
2007-07-24 00:00:00,1.852997803658336
2007-07-25 00:00:00,1.8349978993727663
2007-07-26 00:00:00,1.8320001156867427
2007-07-27 00:00:00,1.8297174865321129
2007-07-30 00:00:00,1.8342884472562486
2007-07-31 00:00:00,1.8370748326736186
2007-08-01 00:00:00,1.8245753219272478
2007-08-02 00:00:00,1.8317008759434463
2007-08-03 00:00:00,1.8416826735176017
2007-08-06 00:00:00,1.8424804150789462
2007-08-07 00:00:00,1.8337158285942536
2007-08-08 00:00:00,1.8423703406747236
2007-08-09 00:00:00,1.8261690026282855
2007-08-10 00:00:00,1.8208854480032983
2007-08-13 00:00:00,1.8031847240792211
2007-08-14 00:00:00,1.7967760154623313
2007-08-15 00:00:00,1.7750063139727383
2007-08-16 00:00:00,1.7627045411479774
2007-08-17 00:00:00,1.7848687443320954
2007-08-20 00:00:00,1.7770007892812345
2007-08-21 00:00:00,1.7716666732188473
2007-08-22 00:00:00,1.7810032166664567
2007-08-23 00:00:00,1.7839394881851052
2007-08-24 00:00:00,1.7963050456456942
2007-08-27 00:00:00,1.7962004192142038
2007-08-28 00:00:00,1.79049066376659
2007-08-29 00:00:00,1.7985836899209067
2007-08-30 00:00:00,1.7943706312783008
2007-08-31 00:00:00,1.7943706312783008
2007-09-03 00:00:00,1.7943706312783008
2007-09-04 00:00:00,1.7943706312783008
2007-09-05 00:00:00,1.7943706312783008
2007-09-06 00:00:00,1.7943706312783008
2007-09-07 00:00:00,1.7943706312783008
2007-09-10 00:00:00,1.7943706312783008
2007-09-11 00:00:00,1.7943706312783008
2007-09-12 00:00:00,1.7943706312783008
2007-09-13 00:00:00,1.7950166693093639
2007-09-14 00:00:00,1.7869744799307379
2007-09-17 00:00:00,1.7876419089588733
2007-09-18 00:00:00,1.789005011305577
2007-09-19 00:00:00,1.8060981898561865
2007-09-20 00:00:00,1.8310834648287175
2007-09-21 00:00:00,1.8328504867373658
2007-09-24 00:00:00,1.8370996449750852
2007-09-25 00:00:00,1.836592088780866
2007-09-26 00:00:00,1.8309994059091383
2007-09-27 00:00:00,1.8349022584558161
2007-09-28 00:00:00,1.8481089068833454
2007-10-01 00:00:00,1.8559921075874388
2007-10-02 00:00:00,1.8402074831392308
2007-10-03 00:00:00,1.8413685509242899
2007-10-04 00:00:00,1.837522822816459
2007-10-05 00:00:00,1.849022780216683
2007-10-08 00:00:00,1.849022780216683
2007-10-09 00:00:00,1.8415385861881646
2007-10-10 00:00:00,1.8546400355900337
2007-10-11 00:00:00,1.868892013684689
2007-10-12 00:00:00,1.8625501794150678
2007-10-15 00:00:00,1.866501492444853
2007-10-16 00:00:00,1.8520564517182687
2007-10-17 00:00:00,1.856280036862585
2007-10-18 00:00:00,1.8657738909773935
2007-10-19 00:00:00,1.861478083014347
2007-10-22 00:00:00,1.836451150717696
2007-10-23 00:00:00,1.8546975304372968
2007-10-24 00:00:00,1.8467682920138628
2007-10-25 00:00:00,1.8595976560130891
2007-10-26 00:00:00,1.8749833300870018
2007-10-29 00:00:00,1.8744252643674757
2007-10-30 00:00:00,1.879784635312191
2007-10-31 00:00:00,1.8811440569765152
2007-11-01 00:00:00,1.8663850380771192
2007-11-02 00:00:00,1.8691839596369944
2007-11-05 00:00:00,1.8675793846755453
2007-11-06 00:00:00,1.8836612120989593
2007-11-07 00:00:00,1.8990919603844183
2007-11-08 00:00:00,1.8990919603844183
2007-11-09 00:00:00,1.8906262010921577
2007-11-13 00:00:00,1.884935044066916
2007-11-14 00:00:00,1.9040805801520366
2007-11-15 00:00:00,1.8954201819507117
2007-11-16 00:00:00,1.8911045076385096
2007-11-19 00:00:00,1.8906859761783472
2007-11-20 00:00:00,1.9042018417916204
2007-11-21 00:00:00,1.900812343749939
2007-11-22 00:00:00,1.900812343749939
2007-11-23 00:00:00,1.907481754375367
2007-11-26 00:00:00,1.9180353691880476
2007-11-27 00:00:00,1.9009936180734306
2007-11-28 00:00:00,1.8882382930389943
2007-11-29 00:00:00,1.8833915481330001
2007-11-30 00:00:00,1.8744477554005876
2007-12-03 00:00:00,1.8681236681311097
2007-12-04 00:00:00,1.8794552373041973
2007-12-05 00:00:00,1.8673070020466807
2007-12-06 00:00:00,1.8638441222566957
2007-12-07 00:00:00,1.8692331439280117
2007-12-10 00:00:00,1.8720126075081769
2007-12-11 00:00:00,1.8690286677984391
2007-12-12 00:00:00,1.8667532423026723
2007-12-13 00:00:00,1.84909035854563
2007-12-14 00:00:00,1.8380644159444572
2007-12-17 00:00:00,1.8202726349758753
2007-12-18 00:00:00,1.8209377671029656
2007-12-19 00:00:00,1.809696219962322
2007-12-20 00:00:00,1.8165403019606607
2007-12-21 00:00:00,1.8145835062598035
2007-12-24 00:00:00,1.817423618421619
2007-12-26 00:00:00,1.834737194242562
2007-12-27 00:00:00,1.84415785427406
2007-12-28 00:00:00,1.8662580513854803
2007-12-31 00:00:00,1.852326438500339
2008-01-02 00:00:00,1.8697591451879105
2008-01-03 00:00:00,1.882087486129792
2008-01-04 00:00:00,1.8878806269903061
2008-01-07 00:00:00,1.8740071995282102
2008-01-08 00:00:00,1.875465745512178
2008-01-09 00:00:00,1.875465745512178
2008-01-10 00:00:00,1.8958085596784837
2008-01-11 00:00:00,1.898378742324221
2008-01-14 00:00:00,1.90906238933635
2008-01-15 00:00:00,1.9011959950006623
2008-01-16 00:00:00,1.86999061336279
2008-01-17 00:00:00,1.8768980458430657
2008-01-18 00:00:00,1.867757355864086
2008-01-22 00:00:00,1.852244182409243
2008-01-23 00:00:00,1.8444708223335777
2008-01-24 00:00:00,1.87555337454385
2008-01-25 00:00:00,1.865240474572302
2008-01-28 00:00:00,1.8825608979386095
2008-01-29 00:00:00,1.8827963652179014
2008-01-30 00:00:00,1.8900658492534914
2008-01-31 00:00:00,1.8887614968997926
2008-02-01 00:00:00,1.8960772061868143
2008-02-04 00:00:00,1.9033896364566125
2008-02-05 00:00:00,1.8689748346241362
2008-02-06 00:00:00,1.8752321081213517
2008-02-07 00:00:00,1.8493712070664192
2008-02-08 00:00:00,1.8554405115223789
2008-02-11 00:00:00,1.8523296548227552
2008-02-12 00:00:00,1.8715890698185809
2008-02-13 00:00:00,1.878215352163843
2008-02-14 00:00:00,1.8883764645267747
2008-02-15 00:00:00,1.8988876268462733
2008-02-19 00:00:00,1.9086690364911632
2008-02-20 00:00:00,1.8959279487276943
2008-02-21 00:00:00,1.9160486160594585
2008-02-22 00:00:00,1.9142516256710003
2008-02-25 00:00:00,1.9142516256710003
2008-02-26 00:00:00,1.926686007381037
2008-02-27 00:00:00,1.9535657823165153
2008-02-28 00:00:00,1.9504649344736391
2008-02-29 00:00:00,1.9512550314235686
2008-03-03 00:00:00,1.956136180100337
2008-03-04 00:00:00,1.954992946513474
2008-03-05 00:00:00,1.9666784609246302
2008-03-06 00:00:00,1.9735112343385275
2008-03-07 00:00:00,1.9627491544517535
2008-03-10 00:00:00,1.9627491544517535
2008-03-11 00:00:00,1.9599305391742239
2008-03-12 00:00:00,1.9766068185717598
2008-03-13 00:00:00,1.9832326080360847
2008-03-14 00:00:00,1.9838222611132499
2008-03-17 00:00:00,1.9997766077801002
2008-03-18 00:00:00,2.0062907557265297
2008-03-19 00:00:00,1.9995435529852201
2008-03-20 00:00:00,1.963230409148314
2008-03-21 00:00:00,1.9695405626444284
2008-03-24 00:00:00,1.95836458893258
2008-03-25 00:00:00,1.9940326992754105
2008-03-26 00:00:00,2.0119033689033983
2008-03-27 00:00:00,2.0185986673511254
2008-03-28 00:00:00,2.01717473144201
2008-03-31 00:00:00,2.0232915011802097
2008-04-01 00:00:00,1.9990776063193005
2008-04-02 00:00:00,2.00438223481404
2008-04-03 00:00:00,2.0125101965558034
2008-04-04 00:00:00,2.0170730986019727
2008-04-07 00:00:00,2.016158863690738
2008-04-08 00:00:00,2.014805963933187
2008-04-09 00:00:00,2.0240416513879347
2008-04-10 00:00:00,2.0144680226443685
2008-04-11 00:00:00,2.0156174858197775
2008-04-14 00:00:00,2.021929015320829
2008-04-15 00:00:00,2.01812379873063
2008-04-16 00:00:00,2.044264497796757
2008-04-17 00:00:00,2.0333623998587558
2008-04-18 00:00:00,2.010690810789146
2008-04-21 00:00:00,2.0364654013506724
2008-04-22 00:00:00,2.058454452919776
2008-04-23 00:00:00,2.0449954624562787
2008-04-24 00:00:00,2.019888723680748
2008-04-25 00:00:00,2.0098159829655824
2008-04-28 00:00:00,2.0098159829655824
2008-04-29 00:00:00,2.0020100266716216
2008-04-30 00:00:00,2.0047168003681732
2008-05-01 00:00:00,1.9847401964876517
2008-05-02 00:00:00,1.9791148308487638
2008-05-05 00:00:00,1.9883255512689206
2008-05-06 00:00:00,1.9883255512689206
2008-05-07 00:00:00,1.9695234959693564
2008-05-08 00:00:00,1.9793229328843711
2008-05-09 00:00:00,1.9878949985552286
2008-05-12 00:00:00,1.997276726495124
2008-05-13 00:00:00,1.9915772685111668
2008-05-14 00:00:00,1.9838305169431025
2008-05-15 00:00:00,1.9790931683569892
2008-05-16 00:00:00,1.9991838019006827
2008-05-19 00:00:00,1.9948062954562846
2008-05-20 00:00:00,2.0129415098883947
2008-05-21 00:00:00,2.019549806042291
2008-05-22 00:00:00,2.0120930696181807
2008-05-23 00:00:00,2.0250326846686657
2008-05-27 00:00:00,2.019481457937308
2008-05-28 00:00:00,1.9962410718296395
2008-05-29 00:00:00,1.990215563049498
2008-05-30 00:00:00,1.990414720696862
2008-06-02 00:00:00,1.9804725562274004
2008-06-03 00:00:00,1.9764710714826135
2008-06-04 00:00:00,1.9757185040685898
2008-06-05 00:00:00,1.993473470163248
2008-06-06 00:00:00,2.0145045109595077
2008-06-09 00:00:00,2.0067811709813883
2008-06-10 00:00:00,1.9740191580505675
2008-06-11 00:00:00,1.9835008017262192
2008-06-12 00:00:00,1.9603034861738362
2008-06-13 00:00:00,1.9579236184378903
2008-06-16 00:00:00,1.9763074211049259
2008-06-17 00:00:00,1.9791588099214452
2008-06-18 00:00:00,1.972420524216824
2008-06-19 00:00:00,1.9697510437423775
2008-06-20 00:00:00,1.9836986177032538
2008-06-23 00:00:00,1.9676076802562592
2008-06-24 00:00:00,1.977093190170521
2008-06-25 00:00:00,1.9761110764204983
2008-06-26 00:00:00,1.9964748354427817
2008-06-27 00:00:00,1.9952732054614073
2008-06-30 00:00:00,1.9821830361125292
2008-07-01 00:00:00,1.993240408829595
2008-07-02 00:00:00,1.9987882608915493
2008-07-03 00:00:00,1.9987882608915493
2008-07-07 00:00:00,1.991769366237995
2008-07-08 00:00:00,1.9853922679021632
2008-07-09 00:00:00,1.993793454655356
2008-07-10 00:00:00,1.9949566753203378
2008-07-11 00:00:00,2.0093929803415445
2008-07-14 00:00:00,2.0080443944486976
2008-07-15 00:00:00,2.007673850617208
2008-07-16 00:00:00,1.9924657195275597
2008-07-17 00:00:00,2.0068322139168018
2008-07-18 00:00:00,2.0085836115256175
2008-07-21 00:00:00,2.0103380687553316
2008-07-22 00:00:00,1.9978206478447942
2008-07-23 00:00:00,1.9869414757548587
2008-07-24 00:00:00,1.9814477799526888
2008-07-25 00:00:00,1.9822682552238906
2008-07-28 00:00:00,1.9927974874973755
2008-07-29 00:00:00,1.9686385917645517
2008-07-30 00:00:00,1.9744196306053352
2008-07-31 00:00:00,1.9771269065806911
2008-08-01 00:00:00,1.969059656287305
2008-08-04 00:00:00,1.9698050580038906
2008-08-05 00:00:00,1.9604155076192895
2008-08-06 00:00:00,1.9590677019011686
2008-08-07 00:00:00,1.9572414985059348
2008-08-08 00:00:00,1.9173560279585125
2008-08-11 00:00:00,1.9060271684845103
2008-08-12 00:00:00,1.9000658216638733
2008-08-13 00:00:00,1.9032082742417251
2008-08-14 00:00:00,1.898769568604512
2008-08-15 00:00:00,1.8799491982397762
2008-08-18 00:00:00,1.8859630922679944
2008-08-19 00:00:00,1.876323935613044
2008-08-20 00:00:00,1.8737974934889996
2008-08-21 00:00:00,1.9001864933258563
2008-08-22 00:00:00,1.893662118815544
2008-08-25 00:00:00,1.8923446636699515
2008-08-26 00:00:00,1.8725075243161498
2008-08-27 00:00:00,1.8676567713661423
2008-08-28 00:00:00,1.8638174470370397
2008-08-29 00:00:00,1.8578057100200074
2008-09-02 00:00:00,1.8578057100200074
2008-09-03 00:00:00,1.8578057100200074
2008-09-04 00:00:00,1.8578057100200074
2008-09-05 00:00:00,1.8578057100200074
2008-09-08 00:00:00,1.8578057100200074
2008-09-09 00:00:00,1.8578057100200074
2008-09-10 00:00:00,1.8578057100200074
2008-09-11 00:00:00,1.8578057100200074
2008-09-12 00:00:00,1.8578057100200074
2008-09-15 00:00:00,1.8578057100200074
2008-09-16 00:00:00,1.8578057100200074
2008-09-17 00:00:00,1.8578057100200074
2008-09-18 00:00:00,1.8578057100200074
2008-09-19 00:00:00,1.8578057100200074
2008-09-22 00:00:00,1.8578057100200074
2008-09-23 00:00:00,1.8578057100200074
2008-09-24 00:00:00,1.8578057100200074
2008-09-25 00:00:00,1.8578057100200074
2008-09-26 00:00:00,1.8578057100200074
2008-09-29 00:00:00,1.8578057100200074
2008-09-30 00:00:00,1.8578057100200074
2008-10-01 00:00:00,1.8578057100200074
2008-10-02 00:00:00,1.8578057100200074
2008-10-03 00:00:00,1.8578057100200074
2008-10-06 00:00:00,1.8578057100200074
2008-10-07 00:00:00,1.8578057100200074
2008-10-08 00:00:00,1.8578057100200074
2008-10-09 00:00:00,1.8578057100200074
2008-10-10 00:00:00,1.8578057100200074
2008-10-14 00:00:00,1.8578057100200074
2008-10-15 00:00:00,1.8578057100200074
2008-10-16 00:00:00,1.8578057100200074
2008-10-17 00:00:00,1.8578057100200074
2008-10-20 00:00:00,1.8578057100200074
2008-10-21 00:00:00,1.8578057100200074
2008-10-22 00:00:00,1.8578057100200074
2008-10-23 00:00:00,1.8578057100200074
2008-10-24 00:00:00,1.8578057100200074
2008-10-27 00:00:00,1.8578057100200074
2008-10-28 00:00:00,1.8578057100200074
2008-10-29 00:00:00,1.8578057100200074
2008-10-30 00:00:00,1.8578057100200074
2008-10-31 00:00:00,1.8578057100200074
2008-11-03 00:00:00,1.8578057100200074
2008-11-04 00:00:00,1.8578057100200074
2008-11-05 00:00:00,1.8578057100200074
2008-11-06 00:00:00,1.8578057100200074
2008-11-07 00:00:00,1.8578057100200074
2008-11-10 00:00:00,1.8578057100200074
2008-11-12 00:00:00,1.8578057100200074
2008-11-13 00:00:00,1.8578057100200074
2008-11-14 00:00:00,1.8578057100200074
2008-11-17 00:00:00,1.8578057100200074
2008-11-18 00:00:00,1.8578057100200074
2008-11-19 00:00:00,1.8578057100200074
2008-11-20 00:00:00,1.8578057100200074
2008-11-21 00:00:00,1.8578057100200074
2008-11-24 00:00:00,1.8578057100200074
2008-11-25 00:00:00,1.8578057100200074
2008-11-26 00:00:00,1.8578057100200074
2008-11-28 00:00:00,1.8578057100200074
2008-12-01 00:00:00,1.8578057100200074
2008-12-02 00:00:00,1.8578057100200074
2008-12-03 00:00:00,1.8578057100200074
2008-12-04 00:00:00,1.8578057100200074
2008-12-05 00:00:00,1.8578057100200074
2008-12-08 00:00:00,1.8578057100200074
2008-12-09 00:00:00,1.8578057100200074
2008-12-10 00:00:00,1.8578057100200074
2008-12-11 00:00:00,1.8578057100200074
2008-12-12 00:00:00,1.8578057100200074
2008-12-15 00:00:00,1.8578057100200074
2008-12-16 00:00:00,1.8578057100200074
2008-12-17 00:00:00,1.8578057100200074
2008-12-18 00:00:00,1.8578057100200074
2008-12-19 00:00:00,1.8578057100200074
2008-12-22 00:00:00,1.8578057100200074
2008-12-23 00:00:00,1.8578057100200074
2008-12-24 00:00:00,1.8578057100200074
2008-12-26 00:00:00,1.8578057100200074
2008-12-29 00:00:00,1.8578057100200074
2008-12-30 00:00:00,1.8578057100200074
2008-12-31 00:00:00,1.8578057100200074
2009-01-02 00:00:00,1.8578057100200074
2009-01-05 00:00:00,1.8578057100200074
2009-01-06 00:00:00,1.8578057100200074
2009-01-07 00:00:00,1.8578057100200074
2009-01-08 00:00:00,1.8578057100200074
2009-01-09 00:00:00,1.8578057100200074
2009-01-12 00:00:00,1.8578057100200074
2009-01-13 00:00:00,1.8578057100200074
2009-01-14 00:00:00,1.8578057100200074
2009-01-15 00:00:00,1.8578057100200074
2009-01-16 00:00:00,1.8578057100200074
2009-01-20 00:00:00,1.8578057100200074
2009-01-21 00:00:00,1.8578057100200074
2009-01-22 00:00:00,1.8578057100200074
2009-01-23 00:00:00,1.8578057100200074
2009-01-26 00:00:00,1.8578057100200074
2009-01-27 00:00:00,1.8578057100200074
2009-01-28 00:00:00,1.8578057100200074
2009-01-29 00:00:00,1.8578057100200074
2009-01-30 00:00:00,1.8578057100200074
2009-02-02 00:00:00,1.8578057100200074
2009-02-03 00:00:00,1.8578057100200074
2009-02-04 00:00:00,1.8578057100200074
2009-02-05 00:00:00,1.8578057100200074
2009-02-06 00:00:00,1.8578057100200074
2009-02-09 00:00:00,1.8578057100200074
2009-02-10 00:00:00,1.8578057100200074
2009-02-11 00:00:00,1.8578057100200074
2009-02-12 00:00:00,1.8578057100200074
2009-02-13 00:00:00,1.8578057100200074
2009-02-17 00:00:00,1.8578057100200074
2009-02-18 00:00:00,1.8578057100200074
2009-02-19 00:00:00,1.8578057100200074
2009-02-20 00:00:00,1.8578057100200074
2009-02-23 00:00:00,1.8578057100200074
2009-02-24 00:00:00,1.8578057100200074
2009-02-25 00:00:00,1.8578057100200074
2009-02-26 00:00:00,1.8578057100200074
2009-02-27 00:00:00,1.8578057100200074
2009-03-02 00:00:00,1.8578057100200074
2009-03-03 00:00:00,1.8578057100200074
2009-03-04 00:00:00,1.8578057100200074
2009-03-05 00:00:00,1.8578057100200074
2009-03-06 00:00:00,1.8578057100200074
2009-03-09 00:00:00,1.8578057100200074
2009-03-10 00:00:00,1.8578057100200074
2009-03-11 00:00:00,1.8578057100200074
2009-03-12 00:00:00,1.8578057100200074
2009-03-13 00:00:00,1.8578057100200074
2009-03-16 00:00:00,1.8578057100200074
2009-03-17 00:00:00,1.8578057100200074
2009-03-18 00:00:00,1.8578057100200074
2009-03-19 00:00:00,1.8578057100200074
2009-03-20 00:00:00,1.8578057100200074
2009-03-23 00:00:00,1.8578057100200074
2009-03-24 00:00:00,1.8578057100200074
2009-03-25 00:00:00,1.8578057100200074
2009-03-26 00:00:00,1.8578057100200074
2009-03-27 00:00:00,1.8578057100200074
2009-03-30 00:00:00,1.8578057100200074
2009-03-31 00:00:00,1.8578057100200074
2009-04-01 00:00:00,1.8578057100200074
2009-04-02 00:00:00,1.8578057100200074
2009-04-03 00:00:00,1.8578057100200074
2009-04-06 00:00:00,1.8578057100200074
2009-04-07 00:00:00,1.8578057100200074
2009-04-08 00:00:00,1.8578057100200074
2009-04-09 00:00:00,1.8578057100200074
2009-04-10 00:00:00,1.8578057100200074
2009-04-13 00:00:00,1.8578057100200074
2009-04-14 00:00:00,1.8578057100200074
2009-04-15 00:00:00,1.8578057100200074
2009-04-16 00:00:00,1.8578057100200074
2009-04-17 00:00:00,1.8578057100200074
2009-04-20 00:00:00,1.8578057100200074
2009-04-21 00:00:00,1.8578057100200074
2009-04-22 00:00:00,1.8578057100200074
2009-04-23 00:00:00,1.8578057100200074
2009-04-24 00:00:00,1.8578057100200074
2009-04-27 00:00:00,1.8578057100200074
2009-04-28 00:00:00,1.8578057100200074
2009-04-29 00:00:00,1.8578057100200074
2009-04-30 00:00:00,1.8578057100200074
2009-05-01 00:00:00,1.8578057100200074
2009-05-04 00:00:00,1.8578057100200074
2009-05-05 00:00:00,1.8578057100200074
2009-05-06 00:00:00,1.8578057100200074
2009-05-07 00:00:00,1.8578057100200074
2009-05-08 00:00:00,1.8578057100200074
2009-05-11 00:00:00,1.8578057100200074
2009-05-12 00:00:00,1.8578057100200074
2009-05-13 00:00:00,1.8578057100200074
2009-05-14 00:00:00,1.8578057100200074
2009-05-15 00:00:00,1.8578057100200074
2009-05-18 00:00:00,1.8578057100200074
2009-05-19 00:00:00,1.8578057100200074
2009-05-20 00:00:00,1.8578057100200074
2009-05-21 00:00:00,1.8578057100200074
2009-05-22 00:00:00,1.8857027079283115
2009-05-26 00:00:00,1.8624447642916637
2009-05-27 00:00:00,1.8415329432519107
2009-05-28 00:00:00,1.8292900930952727
2009-05-29 00:00:00,1.8480971825450327
2009-06-01 00:00:00,1.9026715141206074
2009-06-02 00:00:00,1.8745748142732848
2009-06-03 00:00:00,1.8405344226140812
2009-06-04 00:00:00,1.8428964146041027
2009-06-05 00:00:00,1.8153221919252223
2009-06-08 00:00:00,1.797017686727486
2009-06-09 00:00:00,1.8286634624971057
2009-06-10 00:00:00,1.8332843480260241
2009-06-11 00:00:00,1.8410789278989987
2009-06-12 00:00:00,1.842782710253879
2009-06-15 00:00:00,1.7883315125537007
2009-06-16 00:00:00,1.8021857705188975
2009-06-17 00:00:00,1.7790373566544724
2009-06-18 00:00:00,1.794886135683262
2009-06-19 00:00:00,1.7970608037547755
2009-06-22 00:00:00,1.7629032227021233
2009-06-23 00:00:00,1.7792695155346112
2009-06-24 00:00:00,1.7981394437499465
2009-06-25 00:00:00,1.7766561726761487
2009-06-26 00:00:00,1.8109939062213938
2009-06-29 00:00:00,1.8239337056415226
2009-06-30 00:00:00,1.8241784792707425
2009-07-01 00:00:00,1.8631892917398778
2009-07-02 00:00:00,1.8177043886874347
2009-07-03 00:00:00,1.8145516042175047
2009-07-06 00:00:00,1.7973195520517782
2009-07-07 00:00:00,1.7876916370579676
2009-07-08 00:00:00,1.7655360163963583
2009-07-09 00:00:00,1.7983553367206853
2009-07-10 00:00:00,1.7746175417141359
2009-07-13 00:00:00,1.7872013950453107
2009-07-14 00:00:00,1.7911527532145675
2009-07-15 00:00:00,1.8152340896161014
2009-07-16 00:00:00,1.8063386547049898
2009-07-17 00:00:00,1.8011393061190903
2009-07-20 00:00:00,1.8011393061190903
2009-07-21 00:00:00,1.8249274045139479
2009-07-22 00:00:00,1.8358876570793992
2009-07-23 00:00:00,1.8715917646448534
2009-07-24 00:00:00,1.867445755706146
2009-07-27 00:00:00,1.8740253946782879
2009-07-28 00:00:00,1.8735472137219071
2009-07-29 00:00:00,1.8579174254392796
2009-07-30 00:00:00,1.878043656562272
2009-07-31 00:00:00,1.9241168851218586
2009-08-03 00:00:00,1.955480600289184
2009-08-04 00:00:00,1.9399292737648115
2009-08-05 00:00:00,1.9399538594280208
2009-08-06 00:00:00,1.9410116937207447
2009-08-07 00:00:00,1.933828767803002
2009-08-10 00:00:00,1.914297172509896
2009-08-11 00:00:00,1.896434650793794
2009-08-12 00:00:00,1.9292993117039976
2009-08-13 00:00:00,1.941922942508131
2009-08-14 00:00:00,1.9307092082654025
2009-08-17 00:00:00,1.9083729250236947
2009-08-18 00:00:00,1.9091082732607323
2009-08-19 00:00:00,1.9337067011851596
2009-08-20 00:00:00,1.9380382400378342
2009-08-21 00:00:00,1.971589676163055
2009-08-24 00:00:00,1.9691470659602497
2009-08-25 00:00:00,1.9704184263649331
2009-08-26 00:00:00,1.9446376435159298
2009-08-27 00:00:00,1.942662486088458
2009-08-28 00:00:00,1.9620355030871124
2009-08-31 00:00:00,1.950241475973918
2009-09-01 00:00:00,1.9169272746609585
2009-09-02 00:00:00,1.9240203099182693
2009-09-03 00:00:00,1.923199852680871
2009-09-04 00:00:00,1.9319751887510395
2009-09-08 00:00:00,1.968943815976809
2009-09-09 00:00:00,1.9776742001601593
2009-09-10 00:00:00,1.9689946241395349
2009-09-11 00:00:00,1.9784184200229895
2009-09-14 00:00:00,1.978007739712234
2009-09-15 00:00:00,1.982823761270791
2009-09-16 00:00:00,1.982823761270791
2009-09-17 00:00:00,1.9896422550221196
2009-09-18 00:00:00,1.9888308303583464
2009-09-21 00:00:00,1.976023245635626
2009-09-22 00:00:00,2.006600513158357
2009-09-23 00:00:00,1.9951367375790914
2009-09-24 00:00:00,1.9794320096242992
2009-09-25 00:00:00,1.9685594590841506
2009-09-28 00:00:00,1.9662633496999502
2009-09-29 00:00:00,1.944063873115878
2009-09-30 00:00:00,1.9576372857724333
2009-10-01 00:00:00,1.9392322201853782
2009-10-02 00:00:00,1.9402517665100745
2009-10-05 00:00:00,1.938929318412942
2009-10-06 00:00:00,1.970832491194403
2009-10-07 00:00:00,1.9416864558317646
2009-10-08 00:00:00,1.9627586758457503
2009-10-09 00:00:00,1.9470854898816896
2009-10-13 00:00:00,1.9585639048726733
2009-10-14 00:00:00,1.9732818624803177
2009-10-15 00:00:00,1.9729112181577062
2009-10-16 00:00:00,1.958844871749484
2009-10-19 00:00:00,1.9699226487378532
2009-10-20 00:00:00,1.9603916316585506
2009-10-21 00:00:00,1.9997240648464922
2009-10-22 00:00:00,1.993389172553475
2009-10-23 00:00:00,2.0107668952098874
2009-10-26 00:00:00,2.00177617638739
2009-10-27 00:00:00,1.9632384161478178
2009-10-28 00:00:00,1.938874255529393
2009-10-29 00:00:00,1.9553105696353212
2009-10-30 00:00:00,1.9366193668791205
2009-11-02 00:00:00,1.9514821614656506
2009-11-03 00:00:00,1.913497173765597
2009-11-04 00:00:00,1.941327584627053
2009-11-05 00:00:00,1.948391289060144
2009-11-06 00:00:00,1.9490865769289725
2009-11-09 00:00:00,1.993563791279718
2009-11-10 00:00:00,1.9949909901367961
2009-11-12 00:00:00,1.9815001715243288
2009-11-13 00:00:00,1.9953001205670178
2009-11-16 00:00:00,1.9953001205670178
2009-11-17 00:00:00,1.9662191747158126
2009-11-18 00:00:00,1.9885399626366413
2009-11-19 00:00:00,1.9668181621917902
2009-11-20 00:00:00,1.9553302354018496
2009-11-23 00:00:00,1.9705056782578139
2009-11-24 00:00:00,1.9516992455883124
2009-11-25 00:00:00,1.9719386690790324
2009-11-27 00:00:00,1.945230823864458
2009-11-30 00:00:00,1.9391101587912993
2009-12-01 00:00:00,1.963428716964199
2009-12-02 00:00:00,1.972856877501402
2009-12-03 00:00:00,1.9816226953408975
2009-12-04 00:00:00,1.9455657897818655
2009-12-07 00:00:00,1.9241941384954635
2009-12-08 00:00:00,1.9061768834975306
2009-12-09 00:00:00,1.9047843211133744
2009-12-10 00:00:00,1.9111477431215484
2009-12-11 00:00:00,1.899899711226267
2009-12-14 00:00:00,1.9094520553838303
2009-12-15 00:00:00,1.8875474138931192
2009-12-16 00:00:00,1.8929763231438064
2009-12-17 00:00:00,1.857065570794007
2009-12-18 00:00:00,1.8592301906466941
2009-12-21 00:00:00,1.86488189035417
2009-12-22 00:00:00,1.8491127245919214
2009-12-23 00:00:00,1.8625505638252147
2009-12-24 00:00:00,1.8600208965665486
2009-12-28 00:00:00,1.8793840283961805
2009-12-29 00:00:00,1.8828029883700719
2009-12-30 00:00:00,1.8906797265727078
2009-12-31 00:00:00,1.8953844879568427
2010-01-04 00:00:00,1.919508490259919
2010-01-05 00:00:00,1.9117675544286985
2010-01-06 00:00:00,1.9164967091559546
2010-01-07 00:00:00,1.9028595134458304
2010-01-08 00:00:00,1.9046237717570955
2010-01-11 00:00:00,1.93019337707538
2010-01-12 00:00:00,1.9256152365823809
2010-01-13 00:00:00,1.924412632429121
2010-01-14 00:00:00,1.930282011421153
2010-01-15 00:00:00,1.930282011421153
2010-01-19 00:00:00,1.9217091490914338
2010-01-20 00:00:00,1.8957820060706996
2010-01-21 00:00:00,1.8884536627427644
2010-01-22 00:00:00,1.8870940660481403
2010-01-25 00:00:00,1.8829229434630395
2010-01-26 00:00:00,1.8651952529382008
2010-01-27 00:00:00,1.8683400469960936
2010-01-28 00:00:00,1.8673161868212822
2010-01-29 00:00:00,1.845571455186847
2010-02-01 00:00:00,1.873115783586552
2010-02-02 00:00:00,1.8819090258810238
2010-02-03 00:00:00,1.8755902450592958
2010-02-04 00:00:00,1.8429262974723357
2010-02-05 00:00:00,1.8227415262508395
2010-02-08 00:00:00,1.8413826412923402
2010-02-09 00:00:00,1.8599773895804996
2010-02-10 00:00:00,1.8633338315259342
2010-02-11 00:00:00,1.8743521976465114
2010-02-12 00:00:00,1.8783559542529804
2010-02-16 00:00:00,1.896520608733498
2010-02-17 00:00:00,1.8920450749390465
2010-02-18 00:00:00,1.8880874247940687
2010-02-19 00:00:00,1.8804291090112029
2010-02-22 00:00:00,1.89212387184645
2010-02-23 00:00:00,1.8805847801158855
2010-02-24 00:00:00,1.8920450749390465
2010-02-25 00:00:00,1.8798585353900978
2010-02-26 00:00:00,1.9194358978800035
2010-03-01 00:00:00,1.8922814853525527
2010-03-02 00:00:00,1.897523919093123
2010-03-03 00:00:00,1.9140987404288707
2010-03-04 00:00:00,1.9022643523252858
2010-03-05 00:00:00,1.9139643479204504
2010-03-08 00:00:00,1.9152822088198953
2010-03-09 00:00:00,1.9073220792944268
2010-03-10 00:00:00,1.9142062680250973
2010-03-11 00:00:00,1.916332416287649
2010-03-12 00:00:00,1.930664803156778
2010-03-15 00:00:00,1.9113608625502598
2010-03-16 00:00:00,1.9295935856289468
2010-03-17 00:00:00,1.9295935856289468
2010-03-18 00:00:00,1.9295935856289468
2010-03-19 00:00:00,1.9295935856289468
2010-03-22 00:00:00,1.9171924608663609
2010-03-23 00:00:00,1.9262566317411318
2010-03-24 00:00:00,1.9017235675735857
2010-03-25 00:00:00,1.9129704473031452
2010-03-26 00:00:00,1.9044243952531454
2010-03-29 00:00:00,1.9047920903826232
2010-03-30 00:00:00,1.8995266154931012
2010-03-31 00:00:00,1.9175651033727772
2010-04-01 00:00:00,1.927089787723719
2010-04-02 00:00:00,1.9207117127761704
2010-04-05 00:00:00,1.9259611688893994
2010-04-06 00:00:00,1.9116995289309802
2010-04-07 00:00:00,1.9098227221478759
2010-04-08 00:00:00,1.9085032370558848
2010-04-09 00:00:00,1.9153845411972594
2010-04-12 00:00:00,1.9217272270944792
2010-04-13 00:00:00,1.9275200857671986
2010-04-14 00:00:00,1.9405462489038903
2010-04-15 00:00:00,1.930672490050663
2010-04-16 00:00:00,1.920738423086601
2010-04-19 00:00:00,1.9209254160626181
2010-04-20 00:00:00,1.9326716471802199
2010-04-21 00:00:00,1.9223691580243625
2010-04-22 00:00:00,1.907132905273734
2010-04-23 00:00:00,1.9242439085198024
2010-04-26 00:00:00,1.926874710738482
2010-04-27 00:00:00,1.9007813947172518
2010-04-28 00:00:00,1.8812091972995695
2010-04-29 00:00:00,1.9043456219078754
2010-04-30 00:00:00,1.9087933673176023
2010-05-03 00:00:00,1.8970480759505868
2010-05-04 00:00:00,1.8702556434087254
2010-05-05 00:00:00,1.8442587128724997
2010-05-06 00:00:00,1.7979013728584832
2010-05-07 00:00:00,1.7957741768717173
2010-05-10 00:00:00,1.8420450416203356
2010-05-11 00:00:00,1.8218057254034132
2010-05-12 00:00:00,1.827107697247591
2010-05-13 00:00:00,1.8168689721880344
2010-05-14 00:00:00,1.7823299264078967
2010-05-17 00:00:00,1.7823299264078967
2010-05-18 00:00:00,1.7823299264078967
2010-05-19 00:00:00,1.7823299264078967
2010-05-20 00:00:00,1.7823299264078967
2010-05-21 00:00:00,1.7823299264078967
2010-05-24 00:00:00,1.7823299264078967
2010-05-25 00:00:00,1.7823299264078967
2010-05-26 00:00:00,1.7823299264078967
2010-05-27 00:00:00,1.7823299264078967
2010-05-28 00:00:00,1.7823299264078967
2010-06-01 00:00:00,1.7823299264078967
2010-06-02 00:00:00,1.7823299264078967
2010-06-03 00:00:00,1.7823299264078967
2010-06-04 00:00:00,1.7823299264078967
2010-06-07 00:00:00,1.7823299264078967
2010-06-08 00:00:00,1.7823299264078967
2010-06-09 00:00:00,1.7823299264078967
2010-06-10 00:00:00,1.7823299264078967
2010-06-11 00:00:00,1.7823299264078967
2010-06-14 00:00:00,1.7823299264078967
2010-06-15 00:00:00,1.7823299264078967
2010-06-16 00:00:00,1.7823299264078967
2010-06-17 00:00:00,1.7823299264078967
2010-06-18 00:00:00,1.7823299264078967
2010-06-21 00:00:00,1.7823299264078967
2010-06-22 00:00:00,1.7823299264078967
2010-06-23 00:00:00,1.7823299264078967
2010-06-24 00:00:00,1.7823299264078967
2010-06-25 00:00:00,1.7823299264078967
2010-06-28 00:00:00,1.7823299264078967
2010-06-29 00:00:00,1.7823299264078967
2010-06-30 00:00:00,1.7823299264078967
2010-07-01 00:00:00,1.7823299264078967
2010-07-02 00:00:00,1.7823299264078967
2010-07-06 00:00:00,1.7823299264078967
2010-07-07 00:00:00,1.7823299264078967
2010-07-08 00:00:00,1.7823299264078967
2010-07-09 00:00:00,1.7823299264078967
2010-07-12 00:00:00,1.7823299264078967
2010-07-13 00:00:00,1.7823299264078967
2010-07-14 00:00:00,1.7823299264078967
2010-07-15 00:00:00,1.7823299264078967
2010-07-16 00:00:00,1.7823299264078967
2010-07-19 00:00:00,1.7823299264078967
2010-07-20 00:00:00,1.7823299264078967
2010-07-21 00:00:00,1.7823299264078967
2010-07-22 00:00:00,1.7823299264078967
2010-07-23 00:00:00,1.7823299264078967
2010-07-26 00:00:00,1.7823299264078967
2010-07-27 00:00:00,1.7823299264078967
2010-07-28 00:00:00,1.7823299264078967
2010-07-29 00:00:00,1.7823299264078967
2010-07-30 00:00:00,1.7823299264078967
2010-08-02 00:00:00,1.8070866010682265
2010-08-03 00:00:00,1.810299879529059
2010-08-04 00:00:00,1.7964072577782484
2010-08-05 00:00:00,1.7973889148429871
2010-08-06 00:00:00,1.8117060866242378
2010-08-09 00:00:00,1.8077742000793295
2010-08-10 00:00:00,1.7830235942320296
2010-08-11 00:00:00,1.7458706970184301
2010-08-12 00:00:00,1.7396909171019468
2010-08-13 00:00:00,1.7249993204161844
2010-08-16 00:00:00,1.7433082296648568
2010-08-17 00:00:00,1.7543469565567442
2010-08-18 00:00:00,1.7481309548027957
2010-08-19 00:00:00,1.738724120842934
2010-08-20 00:00:00,1.7261134811269327
2010-08-23 00:00:00,1.7324075502178258
2010-08-24 00:00:00,1.7220814802447193
2010-08-25 00:00:00,1.7183904817606048
2010-08-26 00:00:00,1.7331799746453886
2010-08-27 00:00:00,1.746369829599874
2010-08-30 00:00:00,1.7356422777429934
2010-08-31 00:00:00,1.7407768959618557
2010-09-01 00:00:00,1.7645791991777973
2010-09-02 00:00:00,1.7680815065529432
2010-09-03 00:00:00,1.7738025037117888
2010-09-07 00:00:00,1.7540111229172362
2010-09-08 00:00:00,1.763293646145365
2010-09-09 00:00:00,1.7639968298051314
2010-09-10 00:00:00,1.7736063028983926
2010-09-13 00:00:00,1.7979683438935488
2010-09-14 00:00:00,1.8203443991461372
2010-09-15 00:00:00,1.8111689134418028
2010-09-16 00:00:00,1.8188473841710149
2010-09-17 00:00:00,1.816220666630267
2010-09-20 00:00:00,1.8349261105641497
2010-09-21 00:00:00,1.8412471754069837
2010-09-22 00:00:00,1.8697214532332838
2010-09-23 00:00:00,1.8626626221674671
2010-09-24 00:00:00,1.880906883627993
2010-09-27 00:00:00,1.8754209819730743
2010-09-28 00:00:00,1.8754209819730743
2010-09-29 00:00:00,1.8895263018214061
2010-09-30 00:00:00,1.8760588236698381
2010-10-01 00:00:00,1.8902864253392804
2010-10-04 00:00:00,1.8733164121003545
2010-10-05 00:00:00,1.893078784945783
2010-10-06 00:00:00,1.8938417699317294
2010-10-07 00:00:00,1.905761491460321
2010-10-08 00:00:00,1.9012491234751456
2010-10-12 00:00:00,1.8947185485289204
2010-10-13 00:00:00,1.9123397194805254
2010-10-14 00:00:00,1.934589112679117
2010-10-15 00:00:00,1.9162100924269583
2010-10-18 00:00:00,1.9111874125829882
2010-10-19 00:00:00,1.8798392948510372
2010-10-20 00:00:00,1.9027033100300919
2010-10-21 00:00:00,1.9078822522406165
2010-10-22 00:00:00,1.910467925694141
2010-10-25 00:00:00,1.9300568048421893
2010-10-26 00:00:00,1.8912444883129331
2010-10-27 00:00:00,1.8754764292503214
2010-10-28 00:00:00,1.8881483786926687
2010-10-29 00:00:00,1.8922317445635437
2010-11-01 00:00:00,1.8957660895282116
2010-11-02 00:00:00,1.9100940065566083
2010-11-03 00:00:00,1.9084275336496712
2010-11-04 00:00:00,1.947507161094428
2010-11-05 00:00:00,1.9225402556332907
2010-11-08 00:00:00,1.8948883413910518
2010-11-09 00:00:00,1.8955394960406462
2010-11-10 00:00:00,1.878447645980108
2010-11-12 00:00:00,1.8546399346484495
2010-11-15 00:00:00,1.8479135692364321
2010-11-16 00:00:00,1.8258405147727097
2010-11-17 00:00:00,1.8342083015439936
2010-11-18 00:00:00,1.8442871016484204
2010-11-19 00:00:00,1.8464881457959874
2010-11-22 00:00:00,1.840728251545129
2010-11-23 00:00:00,1.8161697493342948
2010-11-24 00:00:00,1.8275764046311798
2010-11-26 00:00:00,1.8126740072073375
2010-11-29 00:00:00,1.8126740072073375
2010-11-30 00:00:00,1.8128032531258553
2010-12-01 00:00:00,1.82474705201175
2010-12-02 00:00:00,1.841719229912068
2010-12-03 00:00:00,1.8624145234254446
2010-12-06 00:00:00,1.8531024508083171
2010-12-07 00:00:00,1.8529944044873559
2010-12-08 00:00:00,1.8444716142460296
2010-12-09 00:00:00,1.8409724283938276
2010-12-10 00:00:00,1.8448999074878538
2010-12-13 00:00:00,1.8587110979990729
2010-12-14 00:00:00,1.8691784755984497
2010-12-15 00:00:00,1.8655302543981127
2010-12-16 00:00:00,1.8611057481216688
2010-12-17 00:00:00,1.8574346599276823
2010-12-20 00:00:00,1.8565394845479324
2010-12-21 00:00:00,1.8618417078041327
2010-12-22 00:00:00,1.8518067259854705
2010-12-23 00:00:00,1.8550223719221146
2010-12-27 00:00:00,1.8608333180919356
2010-12-28 00:00:00,1.8522924103956082
2010-12-29 00:00:00,1.862687416669606
2010-12-30 00:00:00,1.8813222850845859
2011-01-03 00:00:00,1.8997374039908328
2011-01-04 00:00:00,1.8893470680317843
2011-01-05 00:00:00,1.8790419955574855
2011-01-06 00:00:00,1.853642871470554
2011-01-07 00:00:00,1.8429741526226213
2011-01-10 00:00:00,1.8479035385206428
2011-01-11 00:00:00,1.8592276029697048
2011-01-12 00:00:00,1.8775433577835465
2011-01-13 00:00:00,1.9001065441826313
2011-01-14 00:00:00,1.8995103120771408
2011-01-18 00:00:00,1.9092671912146013
2011-01-19 00:00:00,1.9252283526495624
2011-01-20 00:00:00,1.9063753599185786
2011-01-21 00:00:00,1.9253449872088357
2011-01-24 00:00:00,1.933574083587354
2011-01-25 00:00:00,1.9417551800184911
2011-01-26 00:00:00,1.9644701538447962
2011-01-27 00:00:00,1.970566676849062
2011-01-28 00:00:00,1.970566676849062
2011-01-31 00:00:00,2.000162861584847
2011-02-01 00:00:00,2.01390871697137
2011-02-02 00:00:00,1.9960353591319637
2011-02-03 00:00:00,1.987954119441444
2011-02-04 00:00:00,1.9830511141987297
2011-02-07 00:00:00,1.9872171236142264
2011-02-08 00:00:00,2.0097557440348406
2011-02-09 00:00:00,1.998795483847832
2011-02-10 00:00:00,1.9919556993545389
2011-02-11 00:00:00,1.9820123396769866
2011-02-14 00:00:00,1.9790243047675435
2011-02-15 00:00:00,1.9844276382336978
2011-02-16 00:00:00,2.0027785118693244
2011-02-17 00:00:00,2.006965287541563
2011-02-18 00:00:00,2.011798625893945
2011-02-22 00:00:00,2.0006916678032094
2011-02-23 00:00:00,2.011955942688012
2011-02-24 00:00:00,2.013593497024749
2011-02-25 00:00:00,2.001065111160761
2011-02-28 00:00:00,2.0277808853979096
2011-03-01 00:00:00,2.0380608176454196
2011-03-02 00:00:00,2.0360287240866373
2011-03-03 00:00:00,2.0339685201570643
2011-03-04 00:00:00,2.0276210842343088
2011-03-07 00:00:00,2.024111819806067
2011-03-08 00:00:00,2.0209003570865276
2011-03-09 00:00:00,2.030084818232826
2011-03-10 00:00:00,2.013467436674036
2011-03-11 00:00:00,2.0197264295692623
2011-03-14 00:00:00,2.0260563646751635
2011-03-15 00:00:00,2.0053072331989803
2011-03-16 00:00:00,1.9864500004850714
2011-03-17 00:00:00,2.006808750197554
2011-03-18 00:00:00,2.039417801702825
2011-03-21 00:00:00,2.0470764899022047
2011-03-22 00:00:00,2.04171586489889
2011-03-23 00:00:00,2.030020749406902
2011-03-24 00:00:00,2.0396441414141417
2011-03-25 00:00:00,2.024271068281316
2011-03-28 00:00:00,2.019801375328073
2011-03-29 00:00:00,2.019801375328073
2011-03-30 00:00:00,2.025666960130162
2011-03-31 00:00:00,2.0329182151273018
2011-04-01 00:00:00,2.0392814813837177
2011-04-04 00:00:00,2.0331758482059223
2011-04-05 00:00:00,2.031245190292898
2011-04-06 00:00:00,2.038180409932303
2011-04-07 00:00:00,2.0300564445509868
2011-04-08 00:00:00,2.064241163694143
2011-04-11 00:00:00,2.0552171947324545
2011-04-12 00:00:00,2.037597970976632
2011-04-13 00:00:00,2.0537372962819958
2011-04-14 00:00:00,2.0622842226054003
2011-04-15 00:00:00,2.07187206150172
2011-04-18 00:00:00,2.033047023504626
2011-04-19 00:00:00,2.0596366620211355
2011-04-20 00:00:00,2.0959966455538925
2011-04-21 00:00:00,2.1090850000632178
2011-04-22 00:00:00,2.0985326781204554
2011-04-25 00:00:00,2.1096396757593454
2011-04-26 00:00:00,2.103243999702523
2011-04-27 00:00:00,2.107249718322148
2011-04-28 00:00:00,2.127051020779699
2011-04-29 00:00:00,2.129945544058001
2011-05-02 00:00:00,2.1402457743104164
2011-05-03 00:00:00,2.1306173507834965
2011-05-04 00:00:00,2.110680479440979
2011-05-05 00:00:00,2.0734117153817717
2011-05-06 00:00:00,2.0613899102798987
2011-05-09 00:00:00,2.0465980768249628
2011-05-10 00:00:00,2.0582494121565675
2011-05-11 00:00:00,2.0420393717598015
2011-05-12 00:00:00,2.036078726344423
2011-05-13 00:00:00,2.013432560888651
2011-05-16 00:00:00,2.0307309672770963
2011-05-17 00:00:00,2.018245067756625
2011-05-18 00:00:00,2.038277515465745
2011-05-19 00:00:00,2.0441208287227983
2011-05-20 00:00:00,2.033884675992759
2011-05-23 00:00:00,2.011822976265707
2011-05-24 00:00:00,2.0259565965962922
2011-05-25 00:00:00,2.0259565965962922
2011-05-26 00:00:00,2.024770401798145
2011-05-27 00:00:00,2.055673490958679
2011-05-31 00:00:00,2.071146194843426
2011-06-01 00:00:00,2.0700404576980524
2011-06-02 00:00:00,2.0538256945623115
2011-06-03 00:00:00,2.0834555764358615
2011-06-06 00:00:00,2.075446315083811
2011-06-07 00:00:00,2.082879015012486
2011-06-08 00:00:00,2.0719846612564696
2011-06-09 00:00:00,2.059047677436066
2011-06-10 00:00:00,2.0232656152058324
2011-06-13 00:00:00,2.015171915445815
2011-06-14 00:00:00,2.0268230757362904
2011-06-15 00:00:00,1.9826968431274814
2011-06-16 00:00:00,1.9712727167454749
2011-06-17 00:00:00,1.9995833844543212
2011-06-20 00:00:00,2.000771528196648
2011-06-21 00:00:00,2.012889404427329
2011-06-22 00:00:00,2.0138081269670436
2011-06-23 00:00:00,1.9676048096452718
2011-06-24 00:00:00,1.9751372413823594
2011-06-27 00:00:00,1.9870691033378163
2011-06-28 00:00:00,1.9873468683404574
2011-06-29 00:00:00,2.0141885333758145
2011-06-30 00:00:00,2.030135351059578
2011-07-01 00:00:00,2.0392270546525997
2011-07-05 00:00:00,2.0435586982133422
2011-07-06 00:00:00,2.0173323785017736
2011-07-07 00:00:00,2.0236175987858926
2011-07-08 00:00:00,2.002462373958997
2011-07-11 00:00:00,1.953844074811141
2011-07-12 00:00:00,1.9535457688972486
2011-07-13 00:00:00,1.9786191125631225
2011-07-14 00:00:00,1.9704227292796406
2011-07-15 00:00:00,1.9712119790364038
2011-07-18 00:00:00,1.9389513838437367
2011-07-19 00:00:00,1.9633779464666565
2011-07-20 00:00:00,1.98008883892343
2011-07-21 00:00:00,2.0247383617569747
2011-07-22 00:00:00,2.017520044496874
2011-07-25 00:00:00,2.017520044496874
2011-07-26 00:00:00,2.017520044496874
2011-07-27 00:00:00,2.017520044496874
2011-07-28 00:00:00,2.017520044496874
2011-07-29 00:00:00,2.017520044496874
2011-08-01 00:00:00,2.017520044496874
2011-08-02 00:00:00,2.017520044496874
2011-08-03 00:00:00,2.017520044496874
2011-08-04 00:00:00,2.017520044496874
2011-08-05 00:00:00,2.017520044496874
2011-08-08 00:00:00,2.017520044496874
2011-08-09 00:00:00,2.017520044496874
2011-08-10 00:00:00,2.017520044496874
2011-08-11 00:00:00,2.017520044496874
2011-08-12 00:00:00,2.017520044496874
2011-08-15 00:00:00,2.017520044496874
2011-08-16 00:00:00,2.017520044496874
2011-08-17 00:00:00,2.017520044496874
2011-08-18 00:00:00,2.017520044496874
2011-08-19 00:00:00,2.017520044496874
2011-08-22 00:00:00,2.017520044496874
2011-08-23 00:00:00,2.017520044496874
2011-08-24 00:00:00,2.017520044496874
2011-08-25 00:00:00,2.017520044496874
2011-08-26 00:00:00,2.017520044496874
2011-08-29 00:00:00,2.017520044496874
2011-08-30 00:00:00,2.017520044496874
2011-08-31 00:00:00,2.017520044496874
2011-09-01 00:00:00,2.017520044496874
2011-09-02 00:00:00,2.0084140912420505
2011-09-06 00:00:00,1.993192229949159
2011-09-07 00:00:00,2.0137920870078254
2011-09-08 00:00:00,2.0095753145032305
2011-09-09 00:00:00,1.9805757292559754
2011-09-12 00:00:00,1.9299571191331713
2011-09-13 00:00:00,1.926170338894926
2011-09-14 00:00:00,1.9131324408854467
2011-09-15 00:00:00,1.9440780449934956
2011-09-16 00:00:00,1.9350973212200329
2011-09-19 00:00:00,1.9139581592225108
2011-09-20 00:00:00,1.9398259699271398
2011-09-21 00:00:00,1.9262857458144684
2011-09-22 00:00:00,1.861432146081314
2011-09-23 00:00:00,1.870148515615789
2011-09-26 00:00:00,1.8765615449630781
2011-09-27 00:00:00,1.9100636091421064
2011-09-28 00:00:00,1.904603940645425
2011-09-29 00:00:00,1.8999610359057963
2011-09-30 00:00:00,1.8859182090676014
2011-10-03 00:00:00,1.8762603795730983
2011-10-04 00:00:00,1.8624295825679902
2011-10-05 00:00:00,1.869659111645606
2011-10-06 00:00:00,1.8801830854165287
2011-10-07 00:00:00,1.9065805203231938
2011-10-11 00:00:00,1.9275850272246497
2011-10-12 00:00:00,1.9452248895996085
2011-10-13 00:00:00,1.9261126406206617
2011-10-14 00:00:00,1.9469329580234014
2011-10-17 00:00:00,1.9369918465525928
2011-10-18 00:00:00,1.9317835495383837
2011-10-19 00:00:00,1.9451954664254558
2011-10-20 00:00:00,1.9269496040684426
2011-10-21 00:00:00,1.9570361985074223
2011-10-24 00:00:00,1.964570160041548
2011-10-25 00:00:00,1.962261969213112
2011-10-26 00:00:00,1.959332104461335
2011-10-27 00:00:00,2.022819703913798
2011-10-28 00:00:00,2.0196111985099523
2011-10-31 00:00:00,1.9890406429008574
2011-11-01 00:00:00,1.9890406429008574
2011-11-02 00:00:00,1.9890406429008574
2011-11-03 00:00:00,1.9890406429008574
2011-11-04 00:00:00,1.9890406429008574
2011-11-07 00:00:00,1.9890406429008574
2011-11-08 00:00:00,1.9890406429008574
2011-11-09 00:00:00,1.9890406429008574
2011-11-10 00:00:00,1.9890406429008574
2011-11-14 00:00:00,1.9890406429008574
2011-11-15 00:00:00,1.9890406429008574
2011-11-16 00:00:00,1.9890406429008574
2011-11-17 00:00:00,1.9890406429008574
2011-11-18 00:00:00,1.9890406429008574
2011-11-21 00:00:00,1.9890406429008574
2011-11-22 00:00:00,1.9890406429008574
2011-11-23 00:00:00,1.9890406429008574
2011-11-25 00:00:00,1.9890406429008574
2011-11-28 00:00:00,1.9890406429008574
2011-11-29 00:00:00,1.9890406429008574
2011-11-30 00:00:00,1.9890406429008574
2011-12-01 00:00:00,1.9890406429008574
2011-12-02 00:00:00,1.9890406429008574
2011-12-05 00:00:00,1.9890406429008574
2011-12-06 00:00:00,1.9890406429008574
2011-12-07 00:00:00,1.9890406429008574
2011-12-08 00:00:00,1.9890406429008574
2011-12-09 00:00:00,1.9890406429008574
2011-12-12 00:00:00,1.9890406429008574
2011-12-13 00:00:00,1.9890406429008574
2011-12-14 00:00:00,1.9890406429008574
2011-12-15 00:00:00,1.9890406429008574
2011-12-16 00:00:00,1.9890406429008574
2011-12-19 00:00:00,1.9890406429008574
2011-12-20 00:00:00,1.9890406429008574
2011-12-21 00:00:00,1.9890406429008574
2011-12-22 00:00:00,1.9890406429008574
2011-12-23 00:00:00,1.9890406429008574
2011-12-27 00:00:00,1.9890406429008574
2011-12-28 00:00:00,1.9890406429008574
2011-12-29 00:00:00,1.9890406429008574
2011-12-30 00:00:00,1.9890406429008574
2012-01-03 00:00:00,1.9890406429008574
2012-01-04 00:00:00,1.9890406429008574
2012-01-05 00:00:00,1.9890406429008574
2012-01-06 00:00:00,1.9890406429008574
2012-01-09 00:00:00,1.9890406429008574
2012-01-10 00:00:00,1.9890406429008574
2012-01-11 00:00:00,1.9890406429008574
2012-01-12 00:00:00,1.9890406429008574
2012-01-13 00:00:00,1.9890406429008574
2012-01-17 00:00:00,1.9890406429008574
2012-01-18 00:00:00,1.9890406429008574
2012-01-19 00:00:00,1.9890406429008574
2012-01-20 00:00:00,1.9890406429008574
2012-01-23 00:00:00,1.9890406429008574
2012-01-24 00:00:00,1.9890406429008574
2012-01-25 00:00:00,1.9890406429008574
2012-01-26 00:00:00,1.9890406429008574
2012-01-27 00:00:00,1.9890406429008574
2012-01-30 00:00:00,1.9890406429008574
2012-01-31 00:00:00,1.9890406429008574
2012-02-01 00:00:00,1.9890406429008574
2012-02-02 00:00:00,1.9890406429008574
2012-02-03 00:00:00,1.9890406429008574
2012-02-06 00:00:00,1.9890406429008574
2012-02-07 00:00:00,1.9890406429008574
2012-02-08 00:00:00,1.9890406429008574
2012-02-09 00:00:00,1.9890406429008574
2012-02-10 00:00:00,1.9890406429008574
2012-02-13 00:00:00,1.9890406429008574
2012-02-14 00:00:00,1.9890406429008574
2012-02-15 00:00:00,1.9890406429008574
2012-02-16 00:00:00,1.9890406429008574
2012-02-17 00:00:00,1.9890406429008574
2012-02-21 00:00:00,1.9890406429008574
2012-02-22 00:00:00,1.9890406429008574
2012-02-23 00:00:00,1.9890406429008574
2012-02-24 00:00:00,1.9890406429008574
2012-02-27 00:00:00,1.9890406429008574
2012-02-28 00:00:00,1.9974406407371998
2012-02-29 00:00:00,1.9897958638973572
2012-03-01 00:00:00,1.9788860385251141
2012-03-02 00:00:00,1.9615830074351501
2012-03-05 00:00:00,1.957099757504051
2012-03-06 00:00:00,1.9294306446930722
2012-03-07 00:00:00,1.9284082642752127
2012-03-08 00:00:00,1.953714327183431
2012-03-09 00:00:00,1.9278123759063224
2012-03-12 00:00:00,1.9236232023637998
2012-03-13 00:00:00,1.9372477645180866
2012-03-14 00:00:00,1.912000949572308
2012-03-15 00:00:00,1.9238774294276524
2012-03-16 00:00:00,1.9412664147726844
2012-03-19 00:00:00,1.9524041646786132
2012-03-20 00:00:00,1.9413814783521326
2012-03-21 00:00:00,1.9465156531503958
2012-03-22 00:00:00,1.9349017008550118
2012-03-23 00:00:00,1.9431955306367903
2012-03-26 00:00:00,1.96099579503957
2012-03-27 00:00:00,1.9612599971047393
2012-03-28 00:00:00,1.9628172988942543
2012-03-29 00:00:00,1.9613187183429943
2012-03-30 00:00:00,1.9793344875677006
2012-04-02 00:00:00,1.98380014334202
2012-04-03 00:00:00,1.9865675370218905
2012-04-04 00:00:00,1.9528989083815593
2012-04-05 00:00:00,1.94026018995607
2012-04-06 00:00:00,1.940432611549419
2012-04-09 00:00:00,1.934758831983485
2012-04-10 00:00:00,1.923340806638388
2012-04-11 00:00:00,1.927982592144593
2012-04-12 00:00:00,1.9412376510089449
2012-04-13 00:00:00,1.9300843999203545
2012-04-16 00:00:00,1.9292033553709074
2012-04-17 00:00:00,1.935416203545325
2012-04-18 00:00:00,1.9433108230234315
2012-04-19 00:00:00,1.9471521002689112
2012-04-20 00:00:00,1.957304426117391
2012-04-23 00:00:00,1.9339621388118649
2012-04-24 00:00:00,1.9339621388118649
2012-04-25 00:00:00,1.9339621388118649
2012-04-26 00:00:00,1.9339621388118649
2012-04-27 00:00:00,1.9339621388118649
2012-04-30 00:00:00,1.9339621388118649
2012-05-01 00:00:00,1.9339621388118649
2012-05-02 00:00:00,1.9339621388118649
2012-05-03 00:00:00,1.9339621388118649
2012-05-04 00:00:00,1.9339621388118649
2012-05-07 00:00:00,1.9339621388118649
2012-05-08 00:00:00,1.9339621388118649
2012-05-09 00:00:00,1.9339621388118649
2012-05-10 00:00:00,1.9339621388118649
2012-05-11 00:00:00,1.9339621388118649
2012-05-14 00:00:00,1.9339621388118649
2012-05-15 00:00:00,1.9339621388118649
2012-05-16 00:00:00,1.9339621388118649
2012-05-17 00:00:00,1.9339621388118649
2012-05-18 00:00:00,1.9339621388118649
2012-05-21 00:00:00,1.9339621388118649
2012-05-22 00:00:00,1.9339621388118649
2012-05-23 00:00:00,1.9339621388118649
2012-05-24 00:00:00,1.9339621388118649
2012-05-25 00:00:00,1.9339621388118649
2012-05-29 00:00:00,1.9339621388118649
2012-05-30 00:00:00,1.9339621388118649
2012-05-31 00:00:00,1.9339621388118649
2012-06-01 00:00:00,1.9339621388118649
2012-06-04 00:00:00,1.9339621388118649
2012-06-05 00:00:00,1.9339621388118649
2012-06-06 00:00:00,1.9339621388118649
2012-06-07 00:00:00,1.9339621388118649
2012-06-08 00:00:00,1.9339621388118649
2012-06-11 00:00:00,1.9339621388118649
2012-06-12 00:00:00,1.9339621388118649
2012-06-13 00:00:00,1.9339621388118649
2012-06-14 00:00:00,1.9339621388118649
2012-06-15 00:00:00,1.9339621388118649
2012-06-18 00:00:00,1.9339621388118649
2012-06-19 00:00:00,1.9339621388118649
2012-06-20 00:00:00,1.9339621388118649
2012-06-21 00:00:00,1.9339621388118649
2012-06-22 00:00:00,1.9339621388118649
2012-06-25 00:00:00,1.9339621388118649
2012-06-26 00:00:00,1.9339621388118649
2012-06-27 00:00:00,1.9339621388118649
2012-06-28 00:00:00,1.9339621388118649
2012-06-29 00:00:00,1.9339621388118649
2012-07-02 00:00:00,1.9339621388118649
2012-07-03 00:00:00,1.9339621388118649
2012-07-05 00:00:00,1.9339621388118649
2012-07-06 00:00:00,1.9339621388118649
2012-07-09 00:00:00,1.9339621388118649
2012-07-10 00:00:00,1.9339621388118649
2012-07-11 00:00:00,1.9339621388118649
2012-07-12 00:00:00,1.9339621388118649
2012-07-13 00:00:00,1.9339621388118649
2012-07-16 00:00:00,1.9339621388118649
2012-07-17 00:00:00,1.9339621388118649
2012-07-18 00:00:00,1.9339621388118649
2012-07-19 00:00:00,1.9339621388118649
2012-07-20 00:00:00,1.9339621388118649
2012-07-23 00:00:00,1.9339621388118649
2012-07-24 00:00:00,1.9339621388118649
2012-07-25 00:00:00,1.9339621388118649
2012-07-26 00:00:00,1.9339621388118649
2012-07-27 00:00:00,1.9339621388118649
2012-07-30 00:00:00,1.9339621388118649
2012-07-31 00:00:00,1.9339621388118649
2012-08-01 00:00:00,1.9339621388118649
2012-08-02 00:00:00,1.9339621388118649
2012-08-03 00:00:00,1.9656286474093445
2012-08-06 00:00:00,1.9676220963962923
2012-08-07 00:00:00,1.9684147348034704
2012-08-08 00:00:00,1.9737448825676251
2012-08-09 00:00:00,1.9683559989476886
2012-08-10 00:00:00,1.9821368567528213
2012-08-13 00:00:00,1.970531562693688
2012-08-14 00:00:00,1.9718863657290495
2012-08-15 00:00:00,1.9722106164207756
2012-08-16 00:00:00,1.9708553679429315
2012-08-17 00:00:00,1.9716211490019844
2012-08-20 00:00:00,1.9785697238372488
2012-08-21 00:00:00,1.9828220266238001
2012-08-22 00:00:00,1.979103975060271
2012-08-23 00:00:00,1.9982586248045042
2012-08-24 00:00:00,2.0018060447526445
2012-08-27 00:00:00,2.0028088774682766
2012-08-28 00:00:00,1.997986267044278
2012-08-29 00:00:00,1.9815414416561699
2012-08-30 00:00:00,1.9715916848805632
2012-08-31 00:00:00,1.9936386180105747
2012-09-04 00:00:00,1.9661266308823548
2012-09-05 00:00:00,1.9617121791662495
2012-09-06 00:00:00,1.9559826417415536
2012-09-07 00:00:00,1.994603126292147
2012-09-10 00:00:00,1.995840267241544
2012-09-11 00:00:00,1.9971394063800754
2012-09-12 00:00:00,2.0059759033202234
2012-09-13 00:00:00,1.9934578765444955
2012-09-14 00:00:00,2.015475781565068
2012-09-17 00:00:00,2.004269338176495
2012-09-18 00:00:00,2.0098263209400513
2012-09-19 00:00:00,2.0291462238990396
2012-09-20 00:00:00,2.0186212522831184
2012-09-21 00:00:00,2.0105307708849094
2012-09-24 00:00:00,2.00683027616659
2012-09-25 00:00:00,2.016985616655982
2012-09-26 00:00:00,1.997986267044278
2012-09-27 00:00:00,2.0166464772086607
2012-09-28 00:00:00,2.0090624439265263
2012-10-01 00:00:00,2.0090624439265263
2012-10-02 00:00:00,2.004459117335028
2012-10-03 00:00:00,1.9766252394226103
2012-10-04 00:00:00,1.996491570325898
2012-10-05 00:00:00,2.0067733836267285
2012-10-09 00:00:00,1.973052900637975
2012-10-10 00:00:00,1.9735540196404378
2012-10-11 00:00:00,1.9730234309746244
2012-10-12 00:00:00,1.9718748003554663
2012-10-15 00:00:00,1.9830345685683644
2012-10-16 00:00:00,1.9969442895028426
2012-10-17 00:00:00,2.0047633210497944
2012-10-18 00:00:00,2.0172540582525964
2012-10-19 00:00:00,2.0111117585806744
2012-10-22 00:00:00,2.004824172873168
2012-10-23 00:00:00,1.9867328132142132
2012-10-24 00:00:00,1.9718159322707303
2012-10-25 00:00:00,1.9709333325964673
2012-10-26 00:00:00,1.9711980295253686
2012-10-29 00:00:00,1.9800918074530158
2012-10-30 00:00:00,1.9951949122555135
2012-10-31 00:00:00,1.9909848789807234
2012-11-01 00:00:00,1.9840472326616558
2012-11-02 00:00:00,1.974793170343435
2012-11-05 00:00:00,1.9750293754950818
2012-11-06 00:00:00,1.9752951738409423
2012-11-07 00:00:00,1.974527507071838
2012-11-08 00:00:00,1.9728171679776136
2012-11-09 00:00:00,1.9613931127501973
2012-11-13 00:00:00,1.9489209907142673
2012-11-14 00:00:00,1.9482886161265602
2012-11-15 00:00:00,1.9553542157084098
2012-11-16 00:00:00,1.9420730200475314
2012-11-19 00:00:00,1.960257979916499
2012-11-20 00:00:00,1.9513392925817337
2012-11-21 00:00:00,1.9611601578249187
2012-11-23 00:00:00,1.992817064441188
2012-11-26 00:00:00,1.9986967371332842
2012-11-27 00:00:00,1.9778978656117663
2012-11-28 00:00:00,1.9833323036246029
2012-11-29 00:00:00,1.977502473698883
2012-11-30 00:00:00,1.977502473698883
2012-12-03 00:00:00,1.9878005665519995
2012-12-04 00:00:00,1.9950581707293575
2012-12-05 00:00:00,1.998388414420823
2012-12-06 00:00:00,1.9838477837559454
2012-12-07 00:00:00,1.975781667969505
2012-12-10 00:00:00,1.967869093447451
2012-12-11 00:00:00,1.98304119584242
2012-12-12 00:00:00,1.9770274693515002
2012-12-13 00:00:00,1.9752482335908716
2012-12-14 00:00:00,1.9738863201256585
2012-12-17 00:00:00,1.9829217571147295
2012-12-18 00:00:00,1.996691629522143
2012-12-19 00:00:00,2.0118520514765943
2012-12-20 00:00:00,2.021921968548056
2012-12-21 00:00:00,2.0155470825642965
2012-12-24 00:00:00,2.008783192237342
2012-12-26 00:00:00,2.0231334070777276
2012-12-27 00:00:00,2.0231644886928053
2012-12-28 00:00:00,2.0229158625094614
2012-12-31 00:00:00,2.023693022305428
2013-01-02 00:00:00,2.030651797713272
2013-01-03 00:00:00,2.0241284926760437
2013-01-04 00:00:00,2.009978933018459
2013-01-07 00:00:00,2.023475357377782
2013-01-08 00:00:00,2.0108382918537706
2013-01-09 00:00:00,2.0084461892005767
2013-01-10 00:00:00,2.0239418395706426
2013-01-11 00:00:00,2.0366501659991245
2013-01-14 00:00:00,2.043191158417815
2013-01-15 00:00:00,2.0287747798293574
2013-01-16 00:00:00,2.0256852750885006
2013-01-17 00:00:00,2.0286185182929235
2013-01-18 00:00:00,2.015793900618461
2013-01-22 00:00:00,2.021921968548056
2013-01-23 00:00:00,2.0161951089090486
2013-01-24 00:00:00,2.029274978557723
2013-01-25 00:00:00,2.038478680745231
2013-01-28 00:00:00,2.052297905987555
2013-01-29 00:00:00,2.06445938537214
2013-01-30 00:00:00,2.0740459787856396
2013-01-31 00:00:00,2.0740459787856396
2013-02-01 00:00:00,2.094785119709208
2013-02-04 00:00:00,2.0849411112195697
2013-02-05 00:00:00,2.080497081757421
2013-02-06 00:00:00,2.0731323165178024
2013-02-07 00:00:00,2.049178327478664
2013-02-08 00:00:00,2.0447583627420824
2013-02-11 00:00:00,2.062424491245841
2013-02-12 00:00:00,2.0733606566099385
2013-02-13 00:00:00,2.0955846560144407
2013-02-14 00:00:00,2.0820092142548274
2013-02-15 00:00:00,2.0855350833323527
2013-02-19 00:00:00,2.088410726039496
2013-02-20 00:00:00,2.087087607231817
2013-02-21 00:00:00,2.056277319218939
2013-02-22 00:00:00,2.0466321317437255
2013-02-25 00:00:00,2.048700433311899
2013-02-26 00:00:00,2.034623605246557
2013-02-27 00:00:00,2.0425080319029676
2013-02-28 00:00:00,2.042381400077312
2013-03-01 00:00:00,2.0419699550632724
2013-03-04 00:00:00,2.0477453133722054
2013-03-05 00:00:00,2.0615855432856365
2013-03-06 00:00:00,2.0558602569652553
2013-03-07 00:00:00,2.0780035824479284
2013-03-08 00:00:00,2.0586867556702866
2013-03-11 00:00:00,2.0584937929824885
2013-03-12 00:00:00,2.069453201780759
2013-03-13 00:00:00,2.051539205514371
2013-03-14 00:00:00,2.0422547839525746
2013-03-15 00:00:00,2.0599418954819293
2013-03-18 00:00:00,2.0477453133722054
2013-03-19 00:00:00,2.0396626086649126
2013-03-20 00:00:00,2.038684353217112
2013-03-21 00:00:00,2.0344665375440107
2013-03-22 00:00:00,2.032238790410056
2013-03-25 00:00:00,2.020119320703798
2013-03-26 00:00:00,2.0282036535915284
2013-03-27 00:00:00,2.022506802096452
2013-03-28 00:00:00,2.026768640624287
2013-03-29 00:00:00,2.0179188886908626
2013-04-01 00:00:00,2.0179188886908626
2013-04-02 00:00:00,2.0281697234685865
2013-04-03 00:00:00,2.0211791555562173
2013-04-04 00:00:00,2.0034227429336235
2013-04-05 00:00:00,2.0389365931490775
2013-04-08 00:00:00,2.046337624870587
2013-04-09 00:00:00,2.055753288788704
2013-04-10 00:00:00,2.055817637656791
2013-04-11 00:00:00,2.0716400993666686
2013-04-12 00:00:00,2.064444530473588
2013-04-15 00:00:00,2.0593953269749465
2013-04-16 00:00:00,2.0592016200354766
2013-04-17 00:00:00,2.021490206688977
2013-04-18 00:00:00,2.0120151970658346
2013-04-19 00:00:00,2.011922744462122
2013-04-22 00:00:00,2.01167624571862
2013-04-23 00:00:00,1.9821994679168065
2013-04-24 00:00:00,1.9798093680263316
2013-04-25 00:00:00,1.9855553191813622
2013-04-26 00:00:00,1.9986368665050218
2013-04-29 00:00:00,2.005808971863775
2013-04-30 00:00:00,2.0265426067303793
2013-05-01 00:00:00,2.0291409790904784
2013-05-02 00:00:00,2.0115530189960644
2013-05-03 00:00:00,2.022579640004358
2013-05-06 00:00:00,2.009245309987656
2013-05-07 00:00:00,2.0140821880530377
2013-05-08 00:00:00,2.0231715385512983
2013-05-09 00:00:00,2.0190355089373027
2013-05-10 00:00:00,1.9846553167703107
2013-05-13 00:00:00,1.9882000414797556
2013-05-14 00:00:00,1.9770381116863789
2013-05-15 00:00:00,1.9666189385022608
2013-05-16 00:00:00,1.976294472887129
2013-05-17 00:00:00,1.9604258337752487
2013-05-20 00:00:00,1.9726439019109
2013-05-21 00:00:00,1.9830074296564466
2013-05-22 00:00:00,1.98037649469972
2013-05-23 00:00:00,1.9782290985006479
2013-05-24 00:00:00,1.975165212703833
2013-05-28 00:00:00,1.9624572898908033
2013-05-29 00:00:00,1.9624572898908033
2013-05-30 00:00:00,1.9624572898908033
2013-05-31 00:00:00,1.9624572898908033
2013-06-03 00:00:00,1.9624572898908033
2013-06-04 00:00:00,1.9624572898908033
2013-06-05 00:00:00,1.9624572898908033
2013-06-06 00:00:00,1.9624572898908033
2013-06-07 00:00:00,1.9624572898908033
2013-06-10 00:00:00,1.9624572898908033
2013-06-11 00:00:00,1.9624572898908033
2013-06-12 00:00:00,1.9624572898908033
2013-06-13 00:00:00,1.9624572898908033
2013-06-14 00:00:00,1.9624572898908033
2013-06-17 00:00:00,1.9624572898908033
2013-06-18 00:00:00,1.9624572898908033
2013-06-19 00:00:00,1.9624572898908033
2013-06-20 00:00:00,1.9624572898908033
2013-06-21 00:00:00,1.9624572898908033
2013-06-24 00:00:00,1.9624572898908033
2013-06-25 00:00:00,1.9624572898908033
2013-06-26 00:00:00,1.9624572898908033
2013-06-27 00:00:00,1.9624572898908033
2013-06-28 00:00:00,1.9624572898908033
2013-07-01 00:00:00,1.9624572898908033
2013-07-02 00:00:00,1.9624572898908033
2013-07-03 00:00:00,1.9624572898908033
2013-07-05 00:00:00,1.9624572898908033
2013-07-08 00:00:00,1.9624572898908033
2013-07-09 00:00:00,1.9624572898908033
2013-07-10 00:00:00,1.9624572898908033
2013-07-11 00:00:00,1.9624572898908033
2013-07-12 00:00:00,1.9624572898908033
2013-07-15 00:00:00,1.9624572898908033
2013-07-16 00:00:00,1.9624572898908033
2013-07-17 00:00:00,1.9624572898908033
2013-07-18 00:00:00,1.9624572898908033
2013-07-19 00:00:00,1.9624572898908033
2013-07-22 00:00:00,1.9624572898908033
2013-07-23 00:00:00,1.9624572898908033
2013-07-24 00:00:00,1.9624572898908033
2013-07-25 00:00:00,1.9624572898908033
2013-07-26 00:00:00,1.9624572898908033
2013-07-29 00:00:00,1.9624572898908033
2013-07-30 00:00:00,1.9624572898908033
2013-07-31 00:00:00,1.9624572898908033
2013-08-01 00:00:00,1.9624572898908033
2013-08-02 00:00:00,1.9624572898908033
2013-08-05 00:00:00,1.9624572898908033
2013-08-06 00:00:00,1.9624572898908033
2013-08-07 00:00:00,1.9624572898908033
2013-08-08 00:00:00,1.9624572898908033
2013-08-09 00:00:00,1.9624572898908033
2013-08-12 00:00:00,1.9624572898908033
2013-08-13 00:00:00,1.9624572898908033
2013-08-14 00:00:00,1.9624572898908033
2013-08-15 00:00:00,1.9624572898908033
2013-08-16 00:00:00,1.9624572898908033
2013-08-19 00:00:00,1.9678939616699815
2013-08-20 00:00:00,1.973452211966869
2013-08-21 00:00:00,1.9509588676118497
2013-08-22 00:00:00,1.962156133226097
2013-08-23 00:00:00,1.9710185177590203
2013-08-26 00:00:00,1.9620959129844608
2013-08-27 00:00:00,1.9673489393393861
2013-08-28 00:00:00,1.9607118669193613
2013-08-29 00:00:00,1.9389179204722935
2013-08-30 00:00:00,1.9274313706404382
2013-09-03 00:00:00,1.9313034100981104
2013-09-04 00:00:00,1.9384182145105577
2013-09-05 00:00:00,1.9169706486588516
2013-09-06 00:00:00,1.926473041924114
2013-09-09 00:00:00,1.9474525140968897
2013-09-10 00:00:00,1.9533730886772291
2013-09-11 00:00:00,1.959119624079451
2013-09-12 00:00:00,1.9628489317871296
2013-09-13 00:00:00,1.9478975375991439
2013-09-16 00:00:00,1.9693488319863441
2013-09-17 00:00:00,1.9791032143383802
2013-09-18 00:00:00,1.9794402394232586
2013-09-19 00:00:00,2.0162410474571937
2013-09-20 00:00:00,2.00993385625317
2013-09-23 00:00:00,2.0036346041768454
2013-09-24 00:00:00,1.9994986827457957
2013-09-25 00:00:00,1.9953486620715573
2013-09-26 00:00:00,1.9898833146405843
2013-09-27 00:00:00,1.9925501365988063
2013-09-30 00:00:00,1.994881695382563
2013-10-01 00:00:00,2.0109137875180143
2013-10-02 00:00:00,2.0056460646193064
2013-10-03 00:00:00,2.0185009434927053
2013-10-04 00:00:00,1.9934510261072538
2013-10-07 00:00:00,1.991308865683622
2013-10-08 00:00:00,1.991060797059164
2013-10-09 00:00:00,1.9749763251346963
2013-10-10 00:00:00,1.9694398328103353
2013-10-11 00:00:00,1.97583085725504
2013-10-15 00:00:00,1.9625917060119489
2013-10-16 00:00:00,1.9625917060119489
2013-10-17 00:00:00,1.9625917060119489
2013-10-18 00:00:00,1.9618264556430818
2013-10-21 00:00:00,1.9643693881281807
2013-10-22 00:00:00,1.9740495775202345
2013-10-23 00:00:00,1.9735849786614965
2013-10-24 00:00:00,1.9789878072689082
2013-10-25 00:00:00,1.9890960202098744
2013-10-28 00:00:00,1.9856733658007104
2013-10-29 00:00:00,1.9740185974578124
2013-10-30 00:00:00,1.9751344926514007
2013-10-31 00:00:00,1.9443588856429206
2013-11-01 00:00:00,1.9246636017690089
2013-11-04 00:00:00,1.9349967699409556
2013-11-05 00:00:00,1.9272291514856175
2013-11-06 00:00:00,1.937470580542987
2013-11-07 00:00:00,1.9263142061014398
2013-11-08 00:00:00,1.9073568931113143
2013-11-12 00:00:00,1.8922924694610033
2013-11-13 00:00:00,1.8886556310812583
2013-11-14 00:00:00,1.892833506839598
2013-11-15 00:00:00,1.8922640023770825
2013-11-18 00:00:00,1.9065763032408496
2013-11-19 00:00:00,1.9002683823064646
2013-11-20 00:00:00,1.8981463628957371
2013-11-21 00:00:00,1.8908701637054182
2013-11-22 00:00:00,1.9088041190040794
2013-11-25 00:00:00,1.9144984860201795
2013-11-26 00:00:00,1.9123445842647182
2013-11-27 00:00:00,1.9117923371433843
2013-11-29 00:00:00,1.9211067587630672
2013-12-02 00:00:00,1.920842725398751
2013-12-03 00:00:00,1.933747367749655
2013-12-04 00:00:00,1.9309272823986339
2013-12-05 00:00:00,1.9377989097381305
2013-12-06 00:00:00,1.9327371280406238
2013-12-09 00:00:00,1.9248992291802378
2013-12-10 00:00:00,1.9258423160426834
2013-12-11 00:00:00,1.9238982109209513
2013-12-12 00:00:00,1.9068653360925931
2013-12-13 00:00:00,1.9124318103450073
2013-12-16 00:00:00,1.9132688526939357
2013-12-17 00:00:00,1.9132688526939357
2013-12-18 00:00:00,1.9132688526939357
2013-12-19 00:00:00,1.9132688526939357
2013-12-20 00:00:00,1.9132688526939357
2013-12-23 00:00:00,1.9132688526939357
2013-12-24 00:00:00,1.9132688526939357
2013-12-26 00:00:00,1.9132688526939357
2013-12-27 00:00:00,1.9132688526939357
2013-12-30 00:00:00,1.9132688526939357
2013-12-31 00:00:00,1.9132688526939357
2014-01-02 00:00:00,1.9132688526939357
2014-01-03 00:00:00,1.9132688526939357
2014-01-06 00:00:00,1.9132688526939357
2014-01-07 00:00:00,1.9132688526939357
2014-01-08 00:00:00,1.9132688526939357
2014-01-09 00:00:00,1.9142605312919143
2014-01-10 00:00:00,1.9331508724545188
2014-01-13 00:00:00,1.9302386951018489
2014-01-14 00:00:00,1.9511132737368424
2014-01-15 00:00:00,1.9420004341347925
2014-01-16 00:00:00,1.9408298129979709
2014-01-17 00:00:00,1.9448578652699713
2014-01-21 00:00:00,1.9358032292406877
2014-01-22 00:00:00,1.9386125093967503
2014-01-23 00:00:00,1.9530250885940694
2014-01-24 00:00:00,1.9482374454432798
2014-01-27 00:00:00,1.952964338478556
2014-01-28 00:00:00,1.9533288958723765
2014-01-29 00:00:00,1.9448277432573753
2014-01-30 00:00:00,1.9244405834659877
2014-01-31 00:00:00,1.9196744950644486
2014-02-03 00:00:00,1.91941040447495
2014-02-04 00:00:00,1.9241456952368328
2014-02-05 00:00:00,1.9223488322462257
2014-02-06 00:00:00,1.9319314440844304
2014-02-07 00:00:00,1.933269923499749
2014-02-10 00:00:00,1.936878161236996
2014-02-11 00:00:00,1.9518108039349604
2014-02-12 00:00:00,1.9476935067108576
2014-02-13 00:00:00,1.9433529067732833
2014-02-14 00:00:00,1.9463651564931521
2014-02-18 00:00:00,1.9366391843050588
2014-02-19 00:00:00,1.9339249664431801
2014-02-20 00:00:00,1.916656461438689
2014-02-21 00:00:00,1.91941040447495
2014-02-24 00:00:00,1.9343122459626247
2014-02-25 00:00:00,1.9340739017505693
2014-02-26 00:00:00,1.9264777783580447
2014-02-27 00:00:00,1.9281639345119417
2014-02-28 00:00:00,1.9586914172917331
2014-03-03 00:00:00,1.9439546105914653
2014-03-04 00:00:00,1.9471196785727352
2014-03-05 00:00:00,1.953420056487908
2014-03-06 00:00:00,1.9620886288814603
2014-03-07 00:00:00,1.9650467333237438
2014-03-10 00:00:00,1.9650467333237438
2014-03-11 00:00:00,1.970044183414771
2014-03-12 00:00:00,1.9725524526245448
2014-03-13 00:00:00,1.974911705199958
2014-03-14 00:00:00,1.9679125356132434
2014-03-17 00:00:00,1.9759378756655792
2014-03-18 00:00:00,1.979553498493878
2014-03-19 00:00:00,1.9744766820888484
2014-03-20 00:00:00,1.9578117021361188
2014-03-21 00:00:00,1.9492662899939563
2014-03-24 00:00:00,1.9522076861877495
2014-03-25 00:00:00,1.9525114277371314
2014-03-26 00:00:00,1.943379912712871
2014-03-27 00:00:00,1.9364526577196346
2014-03-28 00:00:00,1.9299307099458802
2014-03-31 00:00:00,1.938097520981018
2014-04-01 00:00:00,1.9448858484210672
2014-04-02 00:00:00,1.9353476833459935
2014-04-03 00:00:00,1.9170470124733954
2014-04-04 00:00:00,1.9156423466015498
2014-04-07 00:00:00,1.9223623542206023
2014-04-08 00:00:00,1.9325461143821752
2014-04-09 00:00:00,1.9286849427277062
2014-04-10 00:00:00,1.9238653740440743
2014-04-11 00:00:00,1.9239243638910408
2014-04-14 00:00:00,1.915203810565914
2014-04-15 00:00:00,1.9080403600961067
2014-04-16 00:00:00,1.9037275214053753
2014-04-17 00:00:00,1.9036408859488625
2014-04-18 00:00:00,1.903121238755246
2014-04-21 00:00:00,1.8948166888148839
2014-04-22 00:00:00,1.906475062036961
2014-04-23 00:00:00,1.9086497814950936
2014-04-24 00:00:00,1.9093176898566915
2014-04-25 00:00:00,1.9051436842799592
2014-04-28 00:00:00,1.917134872491077
2014-04-29 00:00:00,1.9105094691865863
2014-04-30 00:00:00,1.9291889880477935
2014-05-01 00:00:00,1.9302572482968163
2014-05-02 00:00:00,1.9267601370088119
2014-05-05 00:00:00,1.916721102668888
2014-05-06 00:00:00,1.916721102668888
2014-05-07 00:00:00,1.916721102668888
2014-05-08 00:00:00,1.916721102668888
2014-05-09 00:00:00,1.916721102668888
2014-05-12 00:00:00,1.916721102668888
2014-05-13 00:00:00,1.916721102668888
2014-05-14 00:00:00,1.916721102668888
2014-05-15 00:00:00,1.916721102668888
2014-05-16 00:00:00,1.916721102668888
2014-05-19 00:00:00,1.916721102668888
2014-05-20 00:00:00,1.916721102668888
2014-05-21 00:00:00,1.916721102668888
2014-05-22 00:00:00,1.916721102668888
2014-05-23 00:00:00,1.916721102668888
2014-05-27 00:00:00,1.916721102668888
2014-05-28 00:00:00,1.916721102668888
2014-05-29 00:00:00,1.916721102668888
2014-05-30 00:00:00,1.916721102668888
2014-06-02 00:00:00,1.916721102668888
2014-06-03 00:00:00,1.916721102668888
2014-06-04 00:00:00,1.916721102668888
2014-06-05 00:00:00,1.916721102668888
2014-06-06 00:00:00,1.916721102668888
2014-06-09 00:00:00,1.916721102668888
2014-06-10 00:00:00,1.916721102668888
2014-06-11 00:00:00,1.916721102668888
2014-06-12 00:00:00,1.916721102668888
2014-06-13 00:00:00,1.916721102668888
2014-06-16 00:00:00,1.916721102668888
2014-06-17 00:00:00,1.916721102668888
2014-06-18 00:00:00,1.916721102668888
2014-06-19 00:00:00,1.916721102668888
2014-06-20 00:00:00,1.916721102668888
2014-06-23 00:00:00,1.916721102668888
2014-06-24 00:00:00,1.916721102668888
2014-06-25 00:00:00,1.916721102668888
2014-06-26 00:00:00,1.916721102668888
2014-06-27 00:00:00,1.916721102668888
2014-06-30 00:00:00,1.916721102668888
2014-07-01 00:00:00,1.916721102668888
2014-07-02 00:00:00,1.916721102668888
2014-07-03 00:00:00,1.916721102668888
2014-07-07 00:00:00,1.916721102668888
2014-07-08 00:00:00,1.916721102668888
2014-07-09 00:00:00,1.916721102668888
2014-07-10 00:00:00,1.916721102668888
2014-07-11 00:00:00,1.916721102668888
2014-07-14 00:00:00,1.916721102668888
2014-07-15 00:00:00,1.916721102668888
2014-07-16 00:00:00,1.916721102668888
2014-07-17 00:00:00,1.916721102668888
2014-07-18 00:00:00,1.916721102668888
2014-07-21 00:00:00,1.916721102668888
2014-07-22 00:00:00,1.916721102668888
2014-07-23 00:00:00,1.916721102668888
2014-07-24 00:00:00,1.916721102668888
2014-07-25 00:00:00,1.916721102668888
2014-07-28 00:00:00,1.916721102668888
2014-07-29 00:00:00,1.916721102668888
2014-07-30 00:00:00,1.916721102668888
2014-07-31 00:00:00,1.916721102668888
2014-08-01 00:00:00,1.916721102668888
2014-08-04 00:00:00,1.916721102668888
2014-08-05 00:00:00,1.916721102668888
2014-08-06 00:00:00,1.916721102668888
2014-08-07 00:00:00,1.916721102668888
2014-08-08 00:00:00,1.916721102668888
2014-08-11 00:00:00,1.916721102668888
2014-08-12 00:00:00,1.916721102668888
2014-08-13 00:00:00,1.916721102668888
2014-08-14 00:00:00,1.916721102668888
2014-08-15 00:00:00,1.916721102668888
2014-08-18 00:00:00,1.916721102668888
2014-08-19 00:00:00,1.916721102668888
2014-08-20 00:00:00,1.916721102668888
2014-08-21 00:00:00,1.916721102668888
2014-08-22 00:00:00,1.916721102668888
2014-08-25 00:00:00,1.916721102668888
2014-08-26 00:00:00,1.916721102668888
2014-08-27 00:00:00,1.916721102668888
2014-08-28 00:00:00,1.916721102668888
2014-08-29 00:00:00,1.916721102668888
2014-09-02 00:00:00,1.916721102668888
2014-09-03 00:00:00,1.916721102668888
2014-09-04 00:00:00,1.916721102668888
2014-09-05 00:00:00,1.916721102668888
2014-09-08 00:00:00,1.916721102668888
2014-09-09 00:00:00,1.916721102668888
2014-09-10 00:00:00,1.916721102668888
2014-09-11 00:00:00,1.916721102668888
2014-09-12 00:00:00,1.916721102668888
2014-09-15 00:00:00,1.916721102668888
2014-09-16 00:00:00,1.916721102668888
2014-09-17 00:00:00,1.916721102668888
2014-09-18 00:00:00,1.916721102668888
2014-09-19 00:00:00,1.916721102668888
2014-09-22 00:00:00,1.916721102668888
2014-09-23 00:00:00,1.916721102668888
2014-09-24 00:00:00,1.916721102668888
2014-09-25 00:00:00,1.916721102668888
2014-09-26 00:00:00,1.916721102668888
2014-09-29 00:00:00,1.916721102668888
2014-09-30 00:00:00,1.916721102668888
2014-10-01 00:00:00,1.916721102668888
2014-10-02 00:00:00,1.916721102668888
2014-10-03 00:00:00,1.916721102668888
2014-10-06 00:00:00,1.916721102668888
2014-10-07 00:00:00,1.916721102668888
2014-10-08 00:00:00,1.916721102668888
2014-10-09 00:00:00,1.916721102668888
2014-10-10 00:00:00,1.916721102668888
2014-10-14 00:00:00,1.916721102668888
2014-10-15 00:00:00,1.916721102668888
2014-10-16 00:00:00,1.916721102668888
2014-10-17 00:00:00,1.916721102668888
2014-10-20 00:00:00,1.916721102668888
2014-10-21 00:00:00,1.916721102668888
2014-10-22 00:00:00,1.916721102668888
2014-10-23 00:00:00,1.916721102668888
2014-10-24 00:00:00,1.916721102668888
2014-10-27 00:00:00,1.916721102668888
2014-10-28 00:00:00,1.916721102668888
2014-10-29 00:00:00,1.916721102668888
2014-10-30 00:00:00,1.916721102668888
2014-10-31 00:00:00,1.916721102668888
2014-11-03 00:00:00,1.916721102668888
2014-11-04 00:00:00,1.916721102668888
2014-11-05 00:00:00,1.916721102668888
2014-11-06 00:00:00,1.916721102668888
2014-11-07 00:00:00,1.916721102668888
2014-11-10 00:00:00,1.916721102668888
2014-11-12 00:00:00,1.916721102668888
2014-11-13 00:00:00,1.916721102668888
2014-11-14 00:00:00,1.916721102668888
2014-11-17 00:00:00,1.916721102668888
2014-11-18 00:00:00,1.916721102668888
2014-11-19 00:00:00,1.916721102668888
2014-11-20 00:00:00,1.916721102668888
2014-11-21 00:00:00,1.916721102668888
2014-11-24 00:00:00,1.916721102668888
2014-11-25 00:00:00,1.916721102668888
2014-11-26 00:00:00,1.916721102668888
2014-11-28 00:00:00,1.916721102668888
2014-12-01 00:00:00,1.916721102668888
2014-12-02 00:00:00,1.916721102668888
2014-12-03 00:00:00,1.916721102668888
2014-12-04 00:00:00,1.916721102668888
2014-12-05 00:00:00,1.916721102668888
2014-12-08 00:00:00,1.916721102668888
2014-12-09 00:00:00,1.916721102668888
2014-12-10 00:00:00,1.916721102668888
2014-12-11 00:00:00,1.916721102668888
2014-12-12 00:00:00,1.916721102668888
2014-12-15 00:00:00,1.916721102668888
2014-12-16 00:00:00,1.916721102668888
2014-12-17 00:00:00,1.916721102668888
2014-12-18 00:00:00,1.916721102668888
2014-12-19 00:00:00,1.916721102668888
2014-12-22 00:00:00,1.916721102668888
2014-12-23 00:00:00,1.916721102668888
2014-12-24 00:00:00,1.916721102668888
2014-12-29 00:00:00,1.916721102668888
2014-12-30 00:00:00,1.916721102668888
2014-12-31 00:00:00,1.916721102668888
2015-01-02 00:00:00,1.916721102668888
2015-01-05 00:00:00,1.916721102668888
2015-01-06 00:00:00,1.916721102668888
2015-01-07 00:00:00,1.916721102668888
2015-01-08 00:00:00,1.916721102668888
2015-01-09 00:00:00,1.916721102668888
2015-01-12 00:00:00,1.916721102668888
2015-01-13 00:00:00,1.916721102668888
2015-01-14 00:00:00,1.916721102668888
2015-01-15 00:00:00,1.916721102668888
2015-01-16 00:00:00,1.916721102668888
2015-01-20 00:00:00,1.916721102668888
2015-01-21 00:00:00,1.916721102668888
2015-01-22 00:00:00,1.916721102668888
2015-01-23 00:00:00,1.916721102668888
2015-01-26 00:00:00,1.916721102668888
2015-01-27 00:00:00,1.916721102668888
2015-01-28 00:00:00,1.916721102668888
2015-01-29 00:00:00,1.916721102668888
2015-01-30 00:00:00,1.916721102668888
2015-02-02 00:00:00,1.916721102668888
2015-02-03 00:00:00,1.916721102668888
2015-02-04 00:00:00,1.916721102668888
2015-02-05 00:00:00,1.916721102668888
2015-02-06 00:00:00,1.916721102668888
2015-02-09 00:00:00,1.916721102668888
2015-02-10 00:00:00,1.916721102668888
2015-02-11 00:00:00,1.916721102668888
2015-02-12 00:00:00,1.916721102668888
2015-02-13 00:00:00,1.916721102668888
2015-02-17 00:00:00,1.916721102668888
2015-02-18 00:00:00,1.916721102668888
2015-02-19 00:00:00,1.916721102668888
2015-02-20 00:00:00,1.916721102668888
2015-02-23 00:00:00,1.916721102668888
2015-02-24 00:00:00,1.916721102668888
2015-02-25 00:00:00,1.916721102668888
2015-02-26 00:00:00,1.916721102668888
2015-02-27 00:00:00,1.916721102668888
2015-03-02 00:00:00,1.916721102668888
2015-03-03 00:00:00,1.916721102668888
2015-03-04 00:00:00,1.916721102668888
2015-03-05 00:00:00,1.916721102668888
2015-03-06 00:00:00,1.916721102668888
2015-03-09 00:00:00,1.916721102668888
2015-03-10 00:00:00,1.916721102668888
2015-03-11 00:00:00,1.916721102668888
2015-03-12 00:00:00,1.916721102668888
2015-03-13 00:00:00,1.916721102668888
2015-03-16 00:00:00,1.916721102668888
2015-03-17 00:00:00,1.916721102668888
2015-03-18 00:00:00,1.916721102668888
2015-03-19 00:00:00,1.916721102668888
2015-03-20 00:00:00,1.916721102668888
2015-03-23 00:00:00,1.916721102668888
2015-03-24 00:00:00,1.916721102668888
2015-03-25 00:00:00,1.916721102668888
2015-03-26 00:00:00,1.916721102668888
2015-03-27 00:00:00,1.916721102668888
2015-03-30 00:00:00,1.916721102668888
2015-03-31 00:00:00,1.916721102668888
2015-04-01 00:00:00,1.916721102668888
2015-04-02 00:00:00,1.916721102668888
2015-04-03 00:00:00,1.916721102668888
2015-04-06 00:00:00,1.916721102668888
2015-04-07 00:00:00,1.916721102668888
2015-04-08 00:00:00,1.916721102668888
2015-04-09 00:00:00,1.916721102668888
2015-04-10 00:00:00,1.916721102668888
2015-04-13 00:00:00,1.916721102668888
2015-04-14 00:00:00,1.916721102668888
2015-04-15 00:00:00,1.916721102668888
2015-04-16 00:00:00,1.916721102668888
2015-04-17 00:00:00,1.916721102668888
2015-04-20 00:00:00,1.916721102668888
2015-04-21 00:00:00,1.916721102668888
2015-04-22 00:00:00,1.916721102668888
2015-04-23 00:00:00,1.916721102668888
2015-04-24 00:00:00,1.916721102668888
2015-04-27 00:00:00,1.916721102668888
2015-04-28 00:00:00,1.916721102668888
2015-04-29 00:00:00,1.916721102668888
2015-04-30 00:00:00,1.916721102668888
2015-05-01 00:00:00,1.916721102668888
2015-05-04 00:00:00,1.916721102668888
2015-05-05 00:00:00,1.916721102668888
2015-05-06 00:00:00,1.916721102668888
2015-05-07 00:00:00,1.916721102668888
2015-05-08 00:00:00,1.916721102668888
2015-05-11 00:00:00,1.916721102668888
2015-05-12 00:00:00,1.916721102668888
2015-05-13 00:00:00,1.916721102668888
2015-05-14 00:00:00,1.916721102668888
2015-05-15 00:00:00,1.916721102668888
2015-05-18 00:00:00,1.916721102668888
2015-05-19 00:00:00,1.916721102668888
2015-05-20 00:00:00,1.916721102668888
2015-05-21 00:00:00,1.916721102668888
2015-05-22 00:00:00,1.916721102668888
2015-05-26 00:00:00,1.916721102668888
2015-05-27 00:00:00,1.916721102668888
2015-05-28 00:00:00,1.916721102668888
2015-05-29 00:00:00,1.916721102668888
2015-06-01 00:00:00,1.916721102668888
2015-06-02 00:00:00,1.916721102668888
2015-06-03 00:00:00,1.916721102668888
2015-06-04 00:00:00,1.916721102668888
2015-06-05 00:00:00,1.916721102668888
2015-06-08 00:00:00,1.916721102668888
2015-06-09 00:00:00,1.916721102668888
2015-06-10 00:00:00,1.916721102668888
2015-06-11 00:00:00,1.916721102668888
2015-06-12 00:00:00,1.916721102668888
2015-06-15 00:00:00,1.916721102668888
2015-06-16 00:00:00,1.916721102668888
2015-06-17 00:00:00,1.916721102668888
2015-06-18 00:00:00,1.916721102668888
2015-06-19 00:00:00,1.916721102668888
2015-06-22 00:00:00,1.916721102668888
2015-06-23 00:00:00,1.916721102668888
2015-06-24 00:00:00,1.916721102668888
2015-06-25 00:00:00,1.916721102668888
2015-06-26 00:00:00,1.916721102668888
2015-06-29 00:00:00,1.916721102668888
2015-06-30 00:00:00,1.916721102668888
2015-07-01 00:00:00,1.916721102668888
2015-07-02 00:00:00,1.916721102668888
2015-07-06 00:00:00,1.916721102668888
2015-07-07 00:00:00,1.916721102668888
2015-07-08 00:00:00,1.916721102668888
2015-07-09 00:00:00,1.916721102668888
2015-07-10 00:00:00,1.916721102668888
2015-07-13 00:00:00,1.916721102668888
2015-07-14 00:00:00,1.916721102668888
2015-07-15 00:00:00,1.916721102668888
2015-07-16 00:00:00,1.916721102668888
2015-07-17 00:00:00,1.916721102668888
2015-07-20 00:00:00,1.916721102668888
2015-07-21 00:00:00,1.916721102668888
2015-07-22 00:00:00,1.916721102668888
2015-07-23 00:00:00,1.916721102668888
2015-07-24 00:00:00,1.916721102668888
2015-07-27 00:00:00,1.916721102668888
2015-07-28 00:00:00,1.916721102668888
2015-07-29 00:00:00,1.916721102668888
2015-07-30 00:00:00,1.916721102668888
2015-07-31 00:00:00,1.916721102668888
2015-08-03 00:00:00,1.916721102668888
2015-08-04 00:00:00,1.916721102668888
2015-08-05 00:00:00,1.916721102668888
2015-08-06 00:00:00,1.916721102668888
2015-08-07 00:00:00,1.916721102668888
2015-08-10 00:00:00,1.916721102668888
2015-08-11 00:00:00,1.916721102668888
2015-08-12 00:00:00,1.916721102668888
2015-08-13 00:00:00,1.916721102668888
2015-08-14 00:00:00,1.916721102668888
2015-08-17 00:00:00,1.916721102668888
2015-08-18 00:00:00,1.916721102668888
2015-08-19 00:00:00,1.916721102668888
2015-08-20 00:00:00,1.916721102668888
2015-08-21 00:00:00,1.916721102668888
2015-08-24 00:00:00,1.916721102668888
2015-08-25 00:00:00,1.916721102668888
2015-08-26 00:00:00,1.916721102668888
2015-08-27 00:00:00,1.916721102668888
2015-08-28 00:00:00,1.916721102668888
2015-08-31 00:00:00,1.916721102668888
2015-09-01 00:00:00,1.916721102668888
2015-09-02 00:00:00,1.916721102668888
2015-09-03 00:00:00,1.916721102668888
2015-09-04 00:00:00,1.916721102668888
2015-09-08 00:00:00,1.916721102668888
2015-09-09 00:00:00,1.916721102668888
2015-09-10 00:00:00,1.916721102668888
2015-09-11 00:00:00,1.916721102668888
2015-09-14 00:00:00,1.916721102668888
2015-09-15 00:00:00,1.9061258719092686
2015-09-16 00:00:00,1.9199063765206525
2015-09-17 00:00:00,1.9163961953503583
2015-09-18 00:00:00,1.927857364571872
2015-09-21 00:00:00,1.8986488060985354
2015-09-22 00:00:00,1.8853503487073986
2015-09-23 00:00:00,1.8762540367009979
2015-09-24 00:00:00,1.886698793348267
2015-09-25 00:00:00,1.8824800991220783
2015-09-28 00:00:00,1.8689207653266826
2015-09-29 00:00:00,1.887688879302365
2015-09-30 00:00:00,1.8862041397414686
2015-10-01 00:00:00,1.8924965237882905
2015-10-02 00:00:00,1.9025743692028618
2015-10-05 00:00:00,1.897988533222843
2015-10-06 00:00:00,1.9217012915420473
2015-10-07 00:00:00,1.9203256666867192
2015-10-08 00:00:00,1.922261431829606
2015-10-09 00:00:00,1.9341948157642197
2015-10-13 00:00:00,1.9460140628525457
2015-10-14 00:00:00,1.9458226696744088
2015-10-15 00:00:00,1.9234995658259233
2015-10-16 00:00:00,1.9250904529961697
2015-10-19 00:00:00,1.9026887272222888
2015-10-20 00:00:00,1.9110972334124547
2015-10-21 00:00:00,1.9024828926844013
2015-10-22 00:00:00,1.8754314497948446
2015-10-23 00:00:00,1.860047498871646
2015-10-26 00:00:00,1.8621264488627374
2015-10-27 00:00:00,1.8634857452638618
2015-10-28 00:00:00,1.8803554794766268
2015-10-29 00:00:00,1.8503923701597702
2015-10-30 00:00:00,1.8637710107391028
2015-11-02 00:00:00,1.8603317125728571
2015-11-03 00:00:00,1.8506087245280511
2015-11-04 00:00:00,1.834096154792645
2015-11-05 00:00:00,1.8303419769637472
2015-11-06 00:00:00,1.8150196870977615
2015-11-09 00:00:00,1.8248972313703993
2015-11-10 00:00:00,1.8158819553907557
2015-11-12 00:00:00,1.8158819553907557
2015-11-13 00:00:00,1.8158819553907557
2015-11-16 00:00:00,1.8158819553907557
2015-11-17 00:00:00,1.8158819553907557
2015-11-18 00:00:00,1.8158819553907557
2015-11-19 00:00:00,1.8158819553907557
2015-11-20 00:00:00,1.8158819553907557
2015-11-23 00:00:00,1.8158819553907557
2015-11-24 00:00:00,1.8158819553907557
2015-11-25 00:00:00,1.8158819553907557
2015-11-27 00:00:00,1.8158819553907557
2015-11-30 00:00:00,1.8158819553907557
2015-12-01 00:00:00,1.8158819553907557
2015-12-02 00:00:00,1.8158819553907557
2015-12-03 00:00:00,1.8158819553907557
2015-12-04 00:00:00,1.8158819553907557
2015-12-07 00:00:00,1.8158819553907557
2015-12-08 00:00:00,1.8158819553907557
2015-12-09 00:00:00,1.8158819553907557
2015-12-10 00:00:00,1.8158819553907557
2015-12-11 00:00:00,1.8158819553907557
2015-12-14 00:00:00,1.8158819553907557
2015-12-15 00:00:00,1.8158819553907557
2015-12-16 00:00:00,1.8158819553907557
2015-12-17 00:00:00,1.8158819553907557
2015-12-18 00:00:00,1.8158819553907557
2015-12-21 00:00:00,1.8158819553907557
2015-12-22 00:00:00,1.8158819553907557
2015-12-23 00:00:00,1.8158819553907557
2015-12-24 00:00:00,1.8158819553907557
2015-12-28 00:00:00,1.824264084911466
2015-12-29 00:00:00,1.8209541302607803
2015-12-30 00:00:00,1.8101288793647772
2015-12-31 00:00:00,1.8056295355207033
2016-01-04 00:00:00,1.7934868536212967
2016-01-05 00:00:00,1.7740892380065199
2016-01-06 00:00:00,1.7733261800017044
2016-01-07 00:00:00,1.7924542489186028
2016-01-08 00:00:00,1.788650219945204
2016-01-11 00:00:00,1.7893635568069934
2016-01-12 00:00:00,1.7834642112406223
2016-01-13 00:00:00,1.7912124852752491
2016-01-14 00:00:00,1.7873718342370835
2016-01-15 00:00:00,1.7839439062174505
2016-01-19 00:00:00,1.7846743721523521
2016-01-20 00:00:00,1.7774379412579855
2016-01-21 00:00:00,1.7809656331617139
2016-01-22 00:00:00,1.7789095704977798
2016-01-25 00:00:00,1.7801551019729107
2016-01-26 00:00:00,1.781818526274518
2016-01-27 00:00:00,1.7920752233032589
2016-01-28 00:00:00,1.793676645052989
2016-01-29 00:00:00,1.7798435556180403
2016-02-01 00:00:00,1.7865973099310957
2016-02-02 00:00:00,1.779013298213001
2016-02-03 00:00:00,1.8000898142482342
2016-02-04 00:00:00,1.8164225058460233
2016-02-05 00:00:00,1.7988798767536922
2016-02-08 00:00:00,1.8033242857974843
2016-02-09 00:00:00,1.8147370517655823
2016-02-10 00:00:00,1.8029193413282585
2016-02-11 00:00:00,1.828243184425535
2016-02-12 00:00:00,1.8087981705356677
2016-02-16 00:00:00,1.7955556363477276
2016-02-17 00:00:00,1.79249637277292
2016-02-18 00:00:00,1.7998137203386892
2016-02-19 00:00:00,1.8068913759797527
2016-02-22 00:00:00,1.7942040542966797
2016-02-23 00:00:00,1.798307315994136
2016-02-24 00:00:00,1.797126800108543
2016-02-25 00:00:00,1.797126800108543
2016-02-26 00:00:00,1.797126800108543
2016-02-29 00:00:00,1.797126800108543
2016-03-01 00:00:00,1.797126800108543
2016-03-02 00:00:00,1.797126800108543
2016-03-03 00:00:00,1.797126800108543
2016-03-04 00:00:00,1.797126800108543
2016-03-07 00:00:00,1.797126800108543
2016-03-08 00:00:00,1.797126800108543
2016-03-09 00:00:00,1.797126800108543
2016-03-10 00:00:00,1.797126800108543
2016-03-11 00:00:00,1.8051701927151316
2016-03-14 00:00:00,1.805451824048753
2016-03-15 00:00:00,1.811866395571369
2016-03-16 00:00:00,1.8088817657114076
2016-03-17 00:00:00,1.8376278438282379
2016-03-18 00:00:00,1.8326358714908804
2016-03-21 00:00:00,1.8309407624891851
2016-03-22 00:00:00,1.830450658133625
2016-03-23 00:00:00,1.8197343561385517
2016-03-24 00:00:00,1.8120846375096222
2016-03-25 00:00:00,1.8111029625922321
2016-03-28 00:00:00,1.816745709239281
2016-03-29 00:00:00,1.8225120380234818
2016-03-30 00:00:00,1.8459028060206912
2016-03-31 00:00:00,1.8581690013918424
2016-04-01 00:00:00,1.8535444124326834
2016-04-04 00:00:00,1.8518332166900915
2016-04-05 00:00:00,1.8479888793568977
2016-04-06 00:00:00,1.8486701404640853
2016-04-07 00:00:00,1.8454499348710298
2016-04-08 00:00:00,1.84696792862984
2016-04-11 00:00:00,1.8547326991158688
2016-04-12 00:00:00,1.864178618489069
2016-04-13 00:00:00,1.8478299906735411
2016-04-14 00:00:00,1.8512635200173058
2016-04-15 00:00:00,1.8519471981028428
2016-04-18 00:00:00,1.852403264100849
2016-04-19 00:00:00,1.8632781606475894
2016-04-20 00:00:00,1.8598229532783574
2016-04-21 00:00:00,1.8527454610362981
2016-04-22 00:00:00,1.8517192493068577
2016-04-25 00:00:00,1.8511496227428215
2016-04-26 00:00:00,1.8587199917305388
2016-04-27 00:00:00,1.8615719886490747
2016-04-28 00:00:00,1.8607200738480207
2016-04-29 00:00:00,1.8742581470677406
2016-05-02 00:00:00,1.8861483518346853
2016-05-03 00:00:00,1.8741414028638423
2016-05-04 00:00:00,1.8646869531189818
2016-05-05 00:00:00,1.8550857764282411
2016-05-06 00:00:00,1.8550857764282411
2016-05-09 00:00:00,1.8484430833872945
2016-05-10 00:00:00,1.8502582632988036
2016-05-11 00:00:00,1.8561594404164705
2016-05-12 00:00:00,1.8409030248888656
2016-05-13 00:00:00,1.8256963212846142
2016-05-16 00:00:00,1.8289305435582934
2016-05-17 00:00:00,1.8319313046499233
2016-05-18 00:00:00,1.8189547192873043
2016-05-19 00:00:00,1.8078937292701687
2016-05-20 00:00:00,1.8093477178410273
2016-05-23 00:00:00,1.8030495541561542
2016-05-24 00:00:00,1.8112827560761406
2016-05-25 00:00:00,1.815449483040665
2016-05-26 00:00:00,1.8194157866657854
2016-05-27 00:00:00,1.811173936339281
2016-05-31 00:00:00,1.8082190460400709
2016-06-01 00:00:00,1.8154057530760004
2016-06-02 00:00:00,1.8099995158133038
2016-06-03 00:00:00,1.84401090844242
2016-06-06 00:00:00,1.8549944581198197
2016-06-07 00:00:00,1.851667481670438
2016-06-08 00:00:00,1.8585625468903395
2016-06-09 00:00:00,1.8452976639272856
2016-06-10 00:00:00,1.821702617477011
2016-06-13 00:00:00,1.8260059562666608
2016-06-14 00:00:00,1.8153401620789362
2016-06-15 00:00:00,1.8110433699134967
2016-06-16 00:00:00,1.7898396940949504
2016-06-17 00:00:00,1.8072217787437392
2016-06-20 00:00:00,1.829863059677815
2016-06-21 00:00:00,1.8254088970983993
2016-06-22 00:00:00,1.8220549479359862
2016-06-23 00:00:00,1.8459982325164759
2016-06-24 00:00:00,1.7871022547619932
2016-06-27 00:00:00,1.760942307973321
2016-06-28 00:00:00,1.7656039413144862
2016-06-29 00:00:00,1.7816734790891506
2016-06-30 00:00:00,1.7727470912864034
2016-07-01 00:00:00,1.788035013557376
2016-07-05 00:00:00,1.7669521477884167
2016-07-06 00:00:00,1.7669521477884167
2016-07-07 00:00:00,1.7669521477884167
2016-07-08 00:00:00,1.7669521477884167
2016-07-11 00:00:00,1.7669521477884167
2016-07-12 00:00:00,1.7669521477884167
2016-07-13 00:00:00,1.7669521477884167
2016-07-14 00:00:00,1.7669521477884167
2016-07-15 00:00:00,1.7669521477884167
2016-07-18 00:00:00,1.7669521477884167
2016-07-19 00:00:00,1.7669521477884167
2016-07-20 00:00:00,1.7669521477884167
2016-07-21 00:00:00,1.7669521477884167
2016-07-22 00:00:00,1.7669521477884167
2016-07-25 00:00:00,1.7669521477884167
2016-07-26 00:00:00,1.7669521477884167
2016-07-27 00:00:00,1.7669521477884167
2016-07-28 00:00:00,1.7669521477884167
2016-07-29 00:00:00,1.7669521477884167
2016-08-01 00:00:00,1.7669521477884167
2016-08-02 00:00:00,1.7669521477884167
2016-08-03 00:00:00,1.7669521477884167
2016-08-04 00:00:00,1.7669521477884167
2016-08-05 00:00:00,1.7669521477884167
2016-08-08 00:00:00,1.7669521477884167
2016-08-09 00:00:00,1.7669521477884167
2016-08-10 00:00:00,1.7669521477884167
2016-08-11 00:00:00,1.7669521477884167
2016-08-12 00:00:00,1.7669521477884167
2016-08-15 00:00:00,1.7669521477884167
2016-08-16 00:00:00,1.7669521477884167
2016-08-17 00:00:00,1.7669521477884167
2016-08-18 00:00:00,1.7669521477884167
2016-08-19 00:00:00,1.7669521477884167
2016-08-22 00:00:00,1.7669521477884167
2016-08-23 00:00:00,1.7669521477884167
2016-08-24 00:00:00,1.7669521477884167
2016-08-25 00:00:00,1.7669521477884167
2016-08-26 00:00:00,1.7669521477884167
2016-08-29 00:00:00,1.7669521477884167
2016-08-30 00:00:00,1.7669521477884167
2016-08-31 00:00:00,1.7669521477884167
2016-09-01 00:00:00,1.7669521477884167
2016-09-02 00:00:00,1.7669521477884167
2016-09-06 00:00:00,1.7669521477884167
2016-09-07 00:00:00,1.7669521477884167
2016-09-08 00:00:00,1.7669521477884167
2016-09-09 00:00:00,1.7669521477884167
2016-09-12 00:00:00,1.7669521477884167
2016-09-13 00:00:00,1.7669521477884167
2016-09-14 00:00:00,1.7669521477884167
2016-09-15 00:00:00,1.7669521477884167
2016-09-16 00:00:00,1.7669521477884167
2016-09-19 00:00:00,1.7669521477884167
2016-09-20 00:00:00,1.7669521477884167
2016-09-21 00:00:00,1.7669521477884167
2016-09-22 00:00:00,1.7669521477884167
2016-09-23 00:00:00,1.7669521477884167
2016-09-26 00:00:00,1.7669521477884167
2016-09-27 00:00:00,1.7669521477884167
2016-09-28 00:00:00,1.7669521477884167
2016-09-29 00:00:00,1.7669521477884167
2016-09-30 00:00:00,1.7669521477884167
2016-10-03 00:00:00,1.7669521477884167
2016-10-04 00:00:00,1.7669521477884167
2016-10-05 00:00:00,1.7669521477884167
2016-10-06 00:00:00,1.7669521477884167
2016-10-07 00:00:00,1.7669521477884167
2016-10-11 00:00:00,1.7669521477884167
2016-10-12 00:00:00,1.7669521477884167
2016-10-13 00:00:00,1.7669521477884167
2016-10-14 00:00:00,1.7669521477884167
2016-10-17 00:00:00,1.7669521477884167
2016-10-18 00:00:00,1.7669521477884167
2016-10-19 00:00:00,1.7669521477884167
2016-10-20 00:00:00,1.7669521477884167
2016-10-21 00:00:00,1.7669521477884167
2016-10-24 00:00:00,1.7669521477884167
2016-10-25 00:00:00,1.7669521477884167
2016-10-26 00:00:00,1.7669521477884167
2016-10-27 00:00:00,1.7669521477884167
2016-10-28 00:00:00,1.7669521477884167
2016-10-31 00:00:00,1.7669521477884167
2016-11-01 00:00:00,1.7669521477884167
2016-11-02 00:00:00,1.7669521477884167
2016-11-03 00:00:00,1.7669521477884167
2016-11-04 00:00:00,1.7669521477884167
2016-11-07 00:00:00,1.7669521477884167
2016-11-08 00:00:00,1.7669521477884167
2016-11-09 00:00:00,1.7669521477884167
2016-11-10 00:00:00,1.7669521477884167
2016-11-14 00:00:00,1.7669521477884167
2016-11-15 00:00:00,1.7669521477884167
2016-11-16 00:00:00,1.7669521477884167
2016-11-17 00:00:00,1.7669521477884167
2016-11-18 00:00:00,1.7669521477884167
2016-11-21 00:00:00,1.7669521477884167
2016-11-22 00:00:00,1.7669521477884167
2016-11-23 00:00:00,1.7669521477884167
2016-11-25 00:00:00,1.7669521477884167
2016-11-28 00:00:00,1.7669521477884167
2016-11-29 00:00:00,1.7669521477884167
2016-11-30 00:00:00,1.7669521477884167
2016-12-01 00:00:00,1.7669521477884167
2016-12-02 00:00:00,1.7669521477884167
2016-12-05 00:00:00,1.7669521477884167
2016-12-06 00:00:00,1.7669521477884167
2016-12-07 00:00:00,1.7669521477884167
2016-12-08 00:00:00,1.7669521477884167
2016-12-09 00:00:00,1.7669521477884167
2016-12-12 00:00:00,1.7669521477884167
2016-12-13 00:00:00,1.7669521477884167
2016-12-14 00:00:00,1.7669521477884167
2016-12-15 00:00:00,1.7669521477884167
2016-12-16 00:00:00,1.7669521477884167
2016-12-19 00:00:00,1.7669521477884167
2016-12-20 00:00:00,1.7669521477884167
2016-12-21 00:00:00,1.7669521477884167
2016-12-22 00:00:00,1.7669521477884167
2016-12-23 00:00:00,1.7669521477884167
2016-12-27 00:00:00,1.7669521477884167
2016-12-28 00:00:00,1.7669521477884167
2016-12-29 00:00:00,1.7669521477884167
2016-12-30 00:00:00,1.7669521477884167
2017-01-03 00:00:00,1.7669521477884167
2017-01-04 00:00:00,1.7669521477884167
2017-01-05 00:00:00,1.7669521477884167
2017-01-06 00:00:00,1.7669521477884167
2017-01-09 00:00:00,1.7669521477884167
2017-01-10 00:00:00,1.7669521477884167
2017-01-11 00:00:00,1.7669521477884167
2017-01-12 00:00:00,1.7669521477884167
2017-01-13 00:00:00,1.7669521477884167
2017-01-17 00:00:00,1.7669521477884167
2017-01-18 00:00:00,1.7669521477884167
2017-01-19 00:00:00,1.7669521477884167
2017-01-23 00:00:00,1.7669521477884167
2017-01-24 00:00:00,1.7669521477884167
2017-01-25 00:00:00,1.7669521477884167
2017-01-26 00:00:00,1.7669521477884167
2017-01-27 00:00:00,1.7669521477884167
2017-01-30 00:00:00,1.7669521477884167
2017-01-31 00:00:00,1.7669521477884167
2017-02-01 00:00:00,1.7669521477884167
2017-02-02 00:00:00,1.7669521477884167
2017-02-03 00:00:00,1.7669521477884167
2017-02-06 00:00:00,1.7669521477884167
2017-02-07 00:00:00,1.7669521477884167
2017-02-08 00:00:00,1.7669521477884167
2017-02-09 00:00:00,1.7669521477884167
2017-02-10 00:00:00,1.7669521477884167
2017-02-13 00:00:00,1.7669521477884167
2017-02-14 00:00:00,1.7669521477884167
2017-02-15 00:00:00,1.7669521477884167
2017-02-16 00:00:00,1.7669521477884167
2017-02-17 00:00:00,1.7669521477884167
2017-02-21 00:00:00,1.7669521477884167
2017-02-22 00:00:00,1.7669521477884167
2017-02-23 00:00:00,1.7669521477884167
2017-02-24 00:00:00,1.7669521477884167
2017-02-27 00:00:00,1.7669521477884167
2017-02-28 00:00:00,1.7669521477884167
2017-03-01 00:00:00,1.7669521477884167
2017-03-02 00:00:00,1.7669521477884167
2017-03-03 00:00:00,1.7669521477884167
2017-03-06 00:00:00,1.7669521477884167
2017-03-07 00:00:00,1.7669521477884167
2017-03-08 00:00:00,1.7669521477884167
2017-03-09 00:00:00,1.7669521477884167
2017-03-10 00:00:00,1.7669521477884167
2017-03-13 00:00:00,1.7669521477884167
2017-03-14 00:00:00,1.7669521477884167
2017-03-15 00:00:00,1.7669521477884167
2017-03-16 00:00:00,1.7669521477884167
2017-03-17 00:00:00,1.7669521477884167
2017-03-20 00:00:00,1.7669521477884167
2017-03-21 00:00:00,1.7669521477884167
2017-03-22 00:00:00,1.7669521477884167
2017-03-23 00:00:00,1.7669521477884167
2017-03-24 00:00:00,1.7669521477884167
2017-03-27 00:00:00,1.7669521477884167
2017-03-28 00:00:00,1.7669521477884167
2017-03-29 00:00:00,1.7483078288902314
2017-03-30 00:00:00,1.7425973545692257
2017-03-31 00:00:00,1.7375850150900563
2017-04-03 00:00:00,1.7319635818480956
2017-04-04 00:00:00,1.7247481893181222
2017-04-05 00:00:00,1.7292435232042933
2017-04-06 00:00:00,1.72356103194282
2017-04-07 00:00:00,1.715429140617233
2017-04-10 00:00:00,1.7129308050232412
2017-04-11 00:00:00,1.7164343119212986
2017-04-12 00:00:00,1.721859740623096
2017-04-13 00:00:00,1.7201427457014178
2017-04-14 00:00:00,1.7194949940001711
2017-04-17 00:00:00,1.7276271200178208
2017-04-18 00:00:00,1.7300721387307516
2017-04-19 00:00:00,1.7284734303415883
2017-04-20 00:00:00,1.7337623513421199
2017-04-21 00:00:00,1.7220507294468579
2017-04-24 00:00:00,1.7496673524014046
2017-04-25 00:00:00,1.7707611464303559
2017-04-26 00:00:00,1.7671331570574407
2017-04-27 00:00:00,1.7542738733011838
2017-04-28 00:00:00,1.7515821460290117
2017-05-01 00:00:00,1.7586058553174686
2017-05-02 00:00:00,1.7584066724046783
2017-05-03 00:00:00,1.7612592856704798
2017-05-04 00:00:00,1.7610195498330474
2017-05-05 00:00:00,1.7654050273851951
2017-05-08 00:00:00,1.7567949521712924
2017-05-09 00:00:00,1.74683248023405
2017-05-10 00:00:00,1.7418544094388135
2017-05-11 00:00:00,1.7483472056361162
2017-05-12 00:00:00,1.7554640318556458
2017-05-15 00:00:00,1.7604204956716343
2017-05-16 00:00:00,1.76458234085701
2017-05-17 00:00:00,1.7736337554211723
2017-05-18 00:00:00,1.7691468692756134
2017-05-19 00:00:00,1.776373412587032
2017-05-22 00:00:00,1.7846228879380353
2017-05-23 00:00:00,1.7825555534841875
2017-05-24 00:00:00,1.7825555534841875
2017-05-25 00:00:00,1.7902833657786383
2017-05-26 00:00:00,1.7862672456727229
2017-05-30 00:00:00,1.7795116278232683
2017-05-31 00:00:00,1.7891075563136272
2017-06-01 00:00:00,1.786493316428086
2017-06-02 00:00:00,1.79874502273261
2017-06-05 00:00:00,1.7925568464615635
2017-06-06 00:00:00,1.7902420831442138
2017-06-07 00:00:00,1.7858768945580206
2017-06-08 00:00:00,1.7814920616040468
2017-06-09 00:00:00,1.7811037945048875
2017-06-12 00:00:00,1.7763358188503537
2017-06-13 00:00:00,1.784030178633275
2017-06-14 00:00:00,1.7967052753074726
2017-06-15 00:00:00,1.7744884929356377
2017-06-16 00:00:00,1.784030178633275
2017-06-19 00:00:00,1.7778205223021457
2017-06-20 00:00:00,1.765650454251681
2017-06-21 00:00:00,1.7721392231975608
2017-06-22 00:00:00,1.7739411241556846
2017-06-23 00:00:00,1.7819009467327729
2017-06-26 00:00:00,1.7820850062819593
2017-06-27 00:00:00,1.8024198938714886
2017-06-28 00:00:00,1.8125613330688974
2017-06-29 00:00:00,1.8278171465255695
2017-06-30 00:00:00,1.8397282772197525
2017-07-03 00:00:00,1.8323035401258776
2017-07-05 00:00:00,1.826075979317509
2017-07-06 00:00:00,1.8385519525108
2017-07-07 00:00:00,1.8403170042234729
2017-07-10 00:00:00,1.8404260690942906
2017-07-11 00:00:00,1.842806900121614
2017-07-12 00:00:00,1.8446239616677804
2017-07-13 00:00:00,1.8559569051343157
2017-07-14 00:00:00,1.8640671636455508
2017-07-17 00:00:00,1.8703992796249769
2017-07-18 00:00:00,1.8765931038329637
2017-07-19 00:00:00,1.873174654040113
2017-07-20 00:00:00,1.88635064019908
2017-07-21 00:00:00,1.8817683524299422
2017-07-24 00:00:00,1.8817683524299422
2017-07-25 00:00:00,1.8858978044681913
2017-07-26 00:00:00,1.8795733637684038
2017-07-27 00:00:00,1.8796647193883547
2017-07-28 00:00:00,1.90559847507919
2017-07-31 00:00:00,1.9156276923358357
2017-08-01 00:00:00,1.906843442279762
2017-08-02 00:00:00,1.9107533216174237
2017-08-03 00:00:00,1.9116033638751313
2017-08-04 00:00:00,1.8953717749372465
2017-08-07 00:00:00,1.8957898870240744
2017-08-08 00:00:00,1.8881306441204888
2017-08-09 00:00:00,1.8892605846615538
2017-08-10 00:00:00,1.8986286273274429
2017-08-11 00:00:00,1.9002612543640247
2017-08-14 00:00:00,1.907243116025786
2017-08-15 00:00:00,1.913376716656195
2017-08-16 00:00:00,1.90559847507919
2017-08-17 00:00:00,1.9061855211393854
2017-08-18 00:00:00,1.9078311759885476
2017-08-21 00:00:00,1.9170283346945016
2017-08-22 00:00:00,1.9089612682516401
2017-08-23 00:00:00,1.9156039702735923
2017-08-24 00:00:00,1.9196213567395932
2017-08-25 00:00:00,1.934529312450801
2017-08-28 00:00:00,1.94357109989199
2017-08-29 00:00:00,1.9548446571741322
2017-08-30 00:00:00,1.9424972362843398
2017-08-31 00:00:00,1.9445728147266297
2017-09-01 00:00:00,1.9357881569684199
2017-09-05 00:00:00,1.942375281410138
2017-09-06 00:00:00,1.945648975064818
2017-09-07 00:00:00,1.9473880205388479
2017-09-08 00:00:00,1.949203858463268
2017-09-11 00:00:00,1.9321130536140718
2017-09-12 00:00:00,1.9428875948140945
2017-09-13 00:00:00,1.9265305113830675
2017-09-14 00:00:00,1.9308348820647987
2017-09-15 00:00:00,1.9436199400859844
2017-09-18 00:00:00,1.9415707631381196
2017-09-19 00:00:00,1.9431530973324742
2017-09-20 00:00:00,1.9431530973324742
2017-09-21 00:00:00,1.9374727175359936
2017-09-22 00:00:00,1.941589506025025
2017-09-25 00:00:00,1.9186723523495564
2017-09-26 00:00:00,1.8954752359883444
2017-09-27 00:00:00,1.894614797948746
2017-09-28 00:00:00,1.8968722034025673
2017-09-29 00:00:00,1.8939177187471656
2017-10-02 00:00:00,1.8925946804486355
2017-10-03 00:00:00,1.9005841450205092
2017-10-04 00:00:00,1.9074625792216602
2017-10-05 00:00:00,1.8982012310544827
2017-10-06 00:00:00,1.9018481114215424
2017-10-10 00:00:00,1.9125653363289252
2017-10-11 00:00:00,1.917528782268438
2017-10-12 00:00:00,1.905297441749101
2017-10-13 00:00:00,1.906732472542368
2017-10-16 00:00:00,1.9061440838265309
2017-10-17 00:00:00,1.8922931936967746
2017-10-18 00:00:00,1.8942894304752875
2017-10-19 00:00:00,1.8972916952465984
2017-10-20 00:00:00,1.8894916486339781
2017-10-23 00:00:00,1.8858919576382294
2017-10-24 00:00:00,1.8822371282629615
2017-10-25 00:00:00,1.8780252827650727
2017-10-26 00:00:00,1.856598133512947
2017-10-27 00:00:00,1.8427295317734018
2017-10-30 00:00:00,1.8471599118586441
2017-10-31 00:00:00,1.8469389914271443
2017-11-01 00:00:00,1.8380359088185299
2017-11-02 00:00:00,1.841718600713263
2017-11-03 00:00:00,1.830996715096116
2017-11-06 00:00:00,1.83762034070168
2017-11-07 00:00:00,1.8379484051749726
2017-11-08 00:00:00,1.8422239275547732
2017-11-09 00:00:00,1.8453719746090176
2017-11-13 00:00:00,1.839678146234381
2017-11-14 00:00:00,1.834302548477294
2017-11-15 00:00:00,1.828914952759562
2017-11-16 00:00:00,1.8375766076204383
2017-11-17 00:00:00,1.829654244603617
2017-11-20 00:00:00,1.829654244603617
2017-11-21 00:00:00,1.829654244603617
2017-11-22 00:00:00,1.829654244603617
2017-11-24 00:00:00,1.829654244603617
2017-11-27 00:00:00,1.829654244603617
2017-11-28 00:00:00,1.829654244603617
2017-11-29 00:00:00,1.829654244603617
2017-11-30 00:00:00,1.829654244603617
2017-12-01 00:00:00,1.829654244603617
2017-12-04 00:00:00,1.829654244603617
2017-12-05 00:00:00,1.829654244603617
2017-12-06 00:00:00,1.829654244603617
2017-12-07 00:00:00,1.829654244603617
2017-12-08 00:00:00,1.829654244603617
2017-12-11 00:00:00,1.829654244603617
2017-12-12 00:00:00,1.829654244603617
2017-12-13 00:00:00,1.829654244603617
2017-12-14 00:00:00,1.829654244603617
2017-12-15 00:00:00,1.829654244603617
2017-12-18 00:00:00,1.829654244603617
2017-12-19 00:00:00,1.829654244603617
2017-12-20 00:00:00,1.829654244603617
2017-12-21 00:00:00,1.829654244603617
2017-12-22 00:00:00,1.829654244603617
2017-12-26 00:00:00,1.829654244603617
2017-12-27 00:00:00,1.829654244603617
2017-12-28 00:00:00,1.829654244603617
2017-12-29 00:00:00,1.829654244603617
2018-01-02 00:00:00,1.829654244603617
2018-01-03 00:00:00,1.829654244603617
2018-01-04 00:00:00,1.829654244603617
2018-01-05 00:00:00,1.829654244603617
2018-01-08 00:00:00,1.829654244603617
2018-01-09 00:00:00,1.8201744008599634
2018-01-10 00:00:00,1.8299444072813265
2018-01-11 00:00:00,1.8445254583224366
2018-01-12 00:00:00,1.8534594405010587
2018-01-16 00:00:00,1.865700267382306
2018-01-17 00:00:00,1.8678607988901885
2018-01-18 00:00:00,1.8715428740511306
2018-01-19 00:00:00,1.8669541606271738
2018-01-22 00:00:00,1.8654682497397421
2018-01-23 00:00:00,1.8683260832501607
2018-01-24 00:00:00,1.8890544138886782
2018-01-25 00:00:00,1.909712827637171
2018-01-26 00:00:00,1.9054918244740693
2018-01-29 00:00:00,1.8972975082917694
2018-01-30 00:00:00,1.9006149242707906
2018-01-31 00:00:00,1.905177211162266
2018-02-01 00:00:00,1.9087651155147374
2018-02-02 00:00:00,1.8966018421341242
2018-02-05 00:00:00,1.892629550304981
2018-02-06 00:00:00,1.8859194480522024
2018-02-07 00:00:00,1.8658395056728214
2018-02-08 00:00:00,1.8467963422354219
2018-02-09 00:00:00,1.8503501079089684
2018-02-12 00:00:00,1.854949212272743
2018-02-13 00:00:00,1.8690710205723133
2018-02-14 00:00:00,1.8738808122081194
2018-02-15 00:00:00,1.8845926038754732
2018-02-16 00:00:00,1.888293465484292
2018-02-20 00:00:00,1.8570849012450903
2018-02-21 00:00:00,1.8572918418402815
2018-02-22 00:00:00,1.8467281343634234
2018-02-23 00:00:00,1.8380614488006786
2018-02-26 00:00:00,1.838106494358124
2018-02-27 00:00:00,1.8241142201990899
2018-02-28 00:00:00,1.8139893208463997
2018-03-01 00:00:00,1.8159877110767422
2018-03-02 00:00:00,1.816273554886453
2018-03-05 00:00:00,1.8169775539387116
2018-03-06 00:00:00,1.8273362516515066
2018-03-07 00:00:00,1.8168469153801663
2018-03-08 00:00:00,1.8168469153801663
2018-03-09 00:00:00,1.8168469153801663
2018-03-12 00:00:00,1.8168469153801663
2018-03-13 00:00:00,1.8168469153801663
2018-03-14 00:00:00,1.8168469153801663
2018-03-15 00:00:00,1.8168469153801663
2018-03-16 00:00:00,1.8168469153801663
2018-03-19 00:00:00,1.8168469153801663
2018-03-20 00:00:00,1.8168469153801663
2018-03-21 00:00:00,1.8168469153801663
2018-03-22 00:00:00,1.8168469153801663
2018-03-23 00:00:00,1.8168469153801663
2018-03-26 00:00:00,1.8168469153801663
2018-03-27 00:00:00,1.8168469153801663
2018-03-28 00:00:00,1.8168469153801663
2018-03-29 00:00:00,1.8168469153801663
2018-03-30 00:00:00,1.8168469153801663
2018-04-02 00:00:00,1.8168469153801663
2018-04-03 00:00:00,1.8168469153801663
2018-04-04 00:00:00,1.8168469153801663
2018-04-05 00:00:00,1.8168469153801663
2018-04-06 00:00:00,1.8168469153801663
2018-04-09 00:00:00,1.8168469153801663
2018-04-10 00:00:00,1.8168469153801663
2018-04-11 00:00:00,1.8168469153801663
2018-04-12 00:00:00,1.8168469153801663
2018-04-13 00:00:00,1.8168469153801663
2018-04-16 00:00:00,1.8168469153801663
2018-04-17 00:00:00,1.8168469153801663
2018-04-18 00:00:00,1.8168469153801663
2018-04-19 00:00:00,1.8168469153801663
2018-04-20 00:00:00,1.8168469153801663
2018-04-23 00:00:00,1.8168469153801663
2018-04-24 00:00:00,1.8168469153801663
2018-04-25 00:00:00,1.8168469153801663
2018-04-26 00:00:00,1.8168469153801663
2018-04-27 00:00:00,1.8168469153801663
2018-04-30 00:00:00,1.8168469153801663
2018-05-01 00:00:00,1.8168469153801663
2018-05-02 00:00:00,1.8168469153801663
2018-05-03 00:00:00,1.8168469153801663
2018-05-04 00:00:00,1.8168469153801663
2018-05-07 00:00:00,1.8168469153801663
2018-05-08 00:00:00,1.8168469153801663
2018-05-09 00:00:00,1.8168469153801663
2018-05-10 00:00:00,1.8168469153801663
2018-05-11 00:00:00,1.8168469153801663
2018-05-14 00:00:00,1.8168469153801663
2018-05-15 00:00:00,1.8168469153801663
2018-05-16 00:00:00,1.8168469153801663
2018-05-17 00:00:00,1.8168469153801663
2018-05-18 00:00:00,1.8168469153801663
2018-05-21 00:00:00,1.8168469153801663
2018-05-22 00:00:00,1.8168469153801663
2018-05-23 00:00:00,1.8168469153801663
2018-05-24 00:00:00,1.8168469153801663
2018-05-25 00:00:00,1.8168469153801663
2018-05-29 00:00:00,1.8168469153801663
2018-05-30 00:00:00,1.8168469153801663
2018-05-31 00:00:00,1.8168469153801663
2018-06-01 00:00:00,1.8168469153801663
2018-06-04 00:00:00,1.8168469153801663
2018-06-05 00:00:00,1.8168469153801663
2018-06-06 00:00:00,1.8168469153801663
2018-06-07 00:00:00,1.8168469153801663
2018-06-08 00:00:00,1.8168469153801663
2018-06-11 00:00:00,1.8168469153801663
2018-06-12 00:00:00,1.8168469153801663
2018-06-13 00:00:00,1.8168469153801663
2018-06-14 00:00:00,1.8168469153801663
2018-06-15 00:00:00,1.8168469153801663
2018-06-18 00:00:00,1.8168469153801663
2018-06-19 00:00:00,1.8168469153801663
2018-06-20 00:00:00,1.8168469153801663
2018-06-21 00:00:00,1.8168469153801663
2018-06-22 00:00:00,1.8168469153801663
2018-06-25 00:00:00,1.8168469153801663
2018-06-26 00:00:00,1.8168469153801663
2018-06-27 00:00:00,1.8168469153801663
2018-06-28 00:00:00,1.8168469153801663
2018-06-29 00:00:00,1.8168469153801663
2018-07-02 00:00:00,1.8168469153801663
2018-07-03 00:00:00,1.8168469153801663
2018-07-05 00:00:00,1.8168469153801663
2018-07-06 00:00:00,1.8168469153801663
2018-07-09 00:00:00,1.8168469153801663
2018-07-10 00:00:00,1.8168469153801663
2018-07-11 00:00:00,1.8168469153801663
2018-07-12 00:00:00,1.8168469153801663
2018-07-13 00:00:00,1.8168469153801663
2018-07-16 00:00:00,1.8168469153801663
2018-07-17 00:00:00,1.8168469153801663
2018-07-18 00:00:00,1.8168469153801663
2018-07-19 00:00:00,1.8168469153801663
2018-07-20 00:00:00,1.8168469153801663
2018-07-23 00:00:00,1.8168469153801663
2018-07-24 00:00:00,1.8168469153801663
2018-07-25 00:00:00,1.8168469153801663
2018-07-26 00:00:00,1.8168469153801663
2018-07-27 00:00:00,1.8168469153801663
2018-07-30 00:00:00,1.8168469153801663
2018-07-31 00:00:00,1.8168469153801663
2018-08-01 00:00:00,1.8168469153801663
2018-08-02 00:00:00,1.8168469153801663
2018-08-03 00:00:00,1.8168469153801663
2018-08-06 00:00:00,1.8168469153801663
2018-08-07 00:00:00,1.8168469153801663
2018-08-08 00:00:00,1.8168469153801663
2018-08-09 00:00:00,1.8168469153801663
2018-08-10 00:00:00,1.8168469153801663
2018-08-13 00:00:00,1.8168469153801663
2018-08-14 00:00:00,1.8168469153801663
2018-08-15 00:00:00,1.8168469153801663
2018-08-16 00:00:00,1.8168469153801663
2018-08-17 00:00:00,1.8168469153801663
2018-08-20 00:00:00,1.8168469153801663
2018-08-21 00:00:00,1.8168469153801663
2018-08-22 00:00:00,1.8168469153801663
2018-08-23 00:00:00,1.8168469153801663
2018-08-24 00:00:00,1.8168469153801663
2018-08-27 00:00:00,1.8168469153801663
2018-08-28 00:00:00,1.8168469153801663
2018-08-29 00:00:00,1.8168469153801663
2018-08-30 00:00:00,1.8168469153801663
2018-08-31 00:00:00,1.8168469153801663
2018-09-04 00:00:00,1.8168469153801663
2018-09-05 00:00:00,1.8168469153801663
2018-09-06 00:00:00,1.8168469153801663
2018-09-07 00:00:00,1.8168469153801663
2018-09-10 00:00:00,1.8168469153801663
2018-09-11 00:00:00,1.8168469153801663
2018-09-12 00:00:00,1.8168469153801663
2018-09-13 00:00:00,1.8168469153801663
2018-09-14 00:00:00,1.8168469153801663
2018-09-17 00:00:00,1.8168469153801663
2018-09-18 00:00:00,1.8168469153801663
2018-09-19 00:00:00,1.8168469153801663
2018-09-20 00:00:00,1.8168469153801663
2018-09-21 00:00:00,1.8168469153801663
2018-09-24 00:00:00,1.8168469153801663
2018-09-25 00:00:00,1.8168469153801663
2018-09-26 00:00:00,1.8168469153801663
2018-09-27 00:00:00,1.8168469153801663
2018-09-28 00:00:00,1.8168469153801663
2018-10-01 00:00:00,1.8168469153801663
2018-10-02 00:00:00,1.8168469153801663
2018-10-03 00:00:00,1.8168469153801663
2018-10-04 00:00:00,1.8168469153801663
2018-10-05 00:00:00,1.8168469153801663
2018-10-09 00:00:00,1.8168469153801663
2018-10-10 00:00:00,1.8168469153801663
2018-10-11 00:00:00,1.8168469153801663
2018-10-12 00:00:00,1.8168469153801663
2018-10-15 00:00:00,1.8168469153801663
2018-10-16 00:00:00,1.8168469153801663
2018-10-17 00:00:00,1.8168469153801663
2018-10-18 00:00:00,1.8168469153801663
2018-10-19 00:00:00,1.8168469153801663
2018-10-22 00:00:00,1.8168469153801663
2018-10-23 00:00:00,1.8168469153801663
2018-10-24 00:00:00,1.8168469153801663
2018-10-25 00:00:00,1.8168469153801663
2018-10-26 00:00:00,1.8168469153801663
2018-10-29 00:00:00,1.8168469153801663
2018-10-30 00:00:00,1.8168469153801663
2018-10-31 00:00:00,1.8168469153801663
2018-11-01 00:00:00,1.8168469153801663
2018-11-02 00:00:00,1.8168469153801663
2018-11-05 00:00:00,1.8168469153801663
2018-11-06 00:00:00,1.8168469153801663
2018-11-07 00:00:00,1.8168469153801663
2018-11-08 00:00:00,1.8168469153801663
2018-11-09 00:00:00,1.8168469153801663
2018-11-13 00:00:00,1.8168469153801663
2018-11-14 00:00:00,1.8168469153801663
2018-11-15 00:00:00,1.8168469153801663
2018-11-16 00:00:00,1.8168469153801663
2018-11-19 00:00:00,1.8168469153801663
2018-11-20 00:00:00,1.8168469153801663
2018-11-21 00:00:00,1.8168469153801663
2018-11-23 00:00:00,1.8168469153801663
2018-11-26 00:00:00,1.8168469153801663
2018-11-27 00:00:00,1.8168469153801663
2018-11-28 00:00:00,1.8168469153801663
2018-11-29 00:00:00,1.8168469153801663
2018-11-30 00:00:00,1.8168469153801663
2018-12-03 00:00:00,1.8168469153801663
2018-12-04 00:00:00,1.8168469153801663
2018-12-06 00:00:00,1.8168469153801663
2018-12-07 00:00:00,1.8168469153801663
2018-12-10 00:00:00,1.8168469153801663
2018-12-11 00:00:00,1.8168469153801663
2018-12-12 00:00:00,1.8168469153801663
2018-12-13 00:00:00,1.8168469153801663
2018-12-14 00:00:00,1.8168469153801663
2018-12-17 00:00:00,1.8168469153801663
2018-12-18 00:00:00,1.8168469153801663
2018-12-19 00:00:00,1.8168469153801663
2018-12-20 00:00:00,1.8168469153801663
2018-12-21 00:00:00,1.8168469153801663
2018-12-26 00:00:00,1.8168469153801663
2018-12-27 00:00:00,1.8168469153801663
2018-12-28 00:00:00,1.8168469153801663
2018-12-31 00:00:00,1.8168469153801663
2019-01-02 00:00:00,1.8168469153801663
2019-01-03 00:00:00,1.8168469153801663
2019-01-04 00:00:00,1.8168469153801663
2019-01-07 00:00:00,1.8168469153801663
2019-01-08 00:00:00,1.8168469153801663
2019-01-09 00:00:00,1.8168469153801663
2019-01-10 00:00:00,1.8168469153801663
2019-01-11 00:00:00,1.8168469153801663
2019-01-15 00:00:00,1.8168469153801663
2019-01-16 00:00:00,1.8168469153801663
2019-01-17 00:00:00,1.8168469153801663
2019-01-18 00:00:00,1.8168469153801663
2019-01-22 00:00:00,1.8168469153801663
2019-01-23 00:00:00,1.8168469153801663
2019-01-24 00:00:00,1.8168469153801663
2019-01-25 00:00:00,1.8168469153801663
2019-01-28 00:00:00,1.8168469153801663
2019-01-29 00:00:00,1.8168469153801663
2019-01-30 00:00:00,1.8168469153801663
2019-01-31 00:00:00,1.8168469153801663
2019-02-01 00:00:00,1.8168469153801663
2019-02-04 00:00:00,1.8168469153801663
2019-02-05 00:00:00,1.8168469153801663
2019-02-06 00:00:00,1.8168469153801663
2019-02-07 00:00:00,1.8168469153801663
2019-02-08 00:00:00,1.8168469153801663
2019-02-11 00:00:00,1.8168469153801663
2019-02-12 00:00:00,1.8168469153801663
2019-02-13 00:00:00,1.8168469153801663
2019-02-14 00:00:00,1.8168469153801663
2019-02-15 00:00:00,1.8168469153801663
2019-02-19 00:00:00,1.8168469153801663
2019-02-21 00:00:00,1.8168469153801663
2019-02-22 00:00:00,1.8168469153801663
2019-02-25 00:00:00,1.8168469153801663
2019-02-26 00:00:00,1.8168469153801663
2019-02-27 00:00:00,1.8168469153801663
2019-02-28 00:00:00,1.8168469153801663
2019-03-01 00:00:00,1.8168469153801663
2019-03-04 00:00:00,1.8168469153801663
2019-03-05 00:00:00,1.8168469153801663
2019-03-06 00:00:00,1.8168469153801663
2019-03-07 00:00:00,1.8168469153801663
2019-03-08 00:00:00,1.8168469153801663
2019-03-11 00:00:00,1.8168469153801663
2019-03-12 00:00:00,1.8168469153801663
2019-03-13 00:00:00,1.8168469153801663
2019-03-14 00:00:00,1.8168469153801663
2019-03-15 00:00:00,1.8168469153801663
2019-03-18 00:00:00,1.8168469153801663
2019-03-19 00:00:00,1.8168469153801663
2019-03-20 00:00:00,1.8168469153801663
2019-03-21 00:00:00,1.8168469153801663
2019-03-22 00:00:00,1.8168469153801663
2019-03-25 00:00:00,1.8168469153801663
2019-03-26 00:00:00,1.8168469153801663
2019-03-27 00:00:00,1.8168469153801663
2019-03-28 00:00:00,1.8168469153801663
2019-03-29 00:00:00,1.8168469153801663
2019-04-01 00:00:00,1.8168469153801663
2019-04-02 00:00:00,1.8168469153801663
2019-04-03 00:00:00,1.8168469153801663
2019-04-04 00:00:00,1.8168469153801663
2019-04-05 00:00:00,1.8168469153801663
2019-04-08 00:00:00,1.8168469153801663
2019-04-09 00:00:00,1.8168469153801663
2019-04-10 00:00:00,1.8168469153801663
2019-04-11 00:00:00,1.8168469153801663
2019-04-12 00:00:00,1.8168469153801663
2019-04-15 00:00:00,1.8168469153801663
2019-04-16 00:00:00,1.8168469153801663
2019-04-17 00:00:00,1.8168469153801663
2019-04-18 00:00:00,1.8168469153801663
2019-04-19 00:00:00,1.8168469153801663
2019-04-22 00:00:00,1.8168469153801663
2019-04-23 00:00:00,1.8168469153801663
2019-04-24 00:00:00,1.8168469153801663
2019-04-25 00:00:00,1.8168469153801663
2019-04-26 00:00:00,1.8168469153801663
2019-04-29 00:00:00,1.8168469153801663
2019-04-30 00:00:00,1.8168469153801663
2019-05-01 00:00:00,1.8168469153801663
2019-05-02 00:00:00,1.8168469153801663
2019-05-03 00:00:00,1.8168469153801663
2019-05-06 00:00:00,1.8168469153801663
2019-05-07 00:00:00,1.8168469153801663
2019-05-08 00:00:00,1.8168469153801663
2019-05-09 00:00:00,1.8168469153801663
2019-05-10 00:00:00,1.8168469153801663
2019-05-13 00:00:00,1.8168469153801663
2019-05-14 00:00:00,1.8168469153801663
2019-05-15 00:00:00,1.8168469153801663
2019-05-16 00:00:00,1.8168469153801663
2019-05-17 00:00:00,1.8168469153801663
2019-05-20 00:00:00,1.8168469153801663
2019-05-21 00:00:00,1.8168469153801663
2019-05-22 00:00:00,1.8168469153801663
2019-05-23 00:00:00,1.8168469153801663
2019-05-24 00:00:00,1.8168469153801663
2019-05-28 00:00:00,1.8168469153801663
2019-05-29 00:00:00,1.8168469153801663
2019-05-30 00:00:00,1.8168469153801663
2019-05-31 00:00:00,1.8168469153801663
2019-06-03 00:00:00,1.8168469153801663
2019-06-04 00:00:00,1.8168469153801663
2019-06-05 00:00:00,1.8168469153801663
2019-06-06 00:00:00,1.8168469153801663
2019-06-07 00:00:00,1.8168469153801663
2019-06-10 00:00:00,1.8168469153801663
2019-06-11 00:00:00,1.8168469153801663
2019-06-12 00:00:00,1.8168469153801663
2019-06-13 00:00:00,1.8168469153801663
2019-06-14 00:00:00,1.8168469153801663
2019-06-17 00:00:00,1.8168469153801663
2019-06-18 00:00:00,1.8168469153801663
2019-06-19 00:00:00,1.8168469153801663
2019-06-20 00:00:00,1.8168469153801663
2019-06-21 00:00:00,1.8168469153801663
2019-06-24 00:00:00,1.8168469153801663
2019-06-25 00:00:00,1.8168469153801663
2019-06-26 00:00:00,1.8168469153801663
2019-06-27 00:00:00,1.8168469153801663
2019-06-28 00:00:00,1.8168469153801663
2019-07-01 00:00:00,1.8168469153801663
2019-07-02 00:00:00,1.8168469153801663
2019-07-03 00:00:00,1.8168469153801663
2019-07-05 00:00:00,1.8168469153801663
2019-07-08 00:00:00,1.8168469153801663
2019-07-09 00:00:00,1.8168469153801663
2019-07-10 00:00:00,1.8168469153801663
2019-07-11 00:00:00,1.8168469153801663
2019-07-12 00:00:00,1.8168469153801663
2019-07-15 00:00:00,1.8168469153801663
2019-07-16 00:00:00,1.8168469153801663
2019-07-17 00:00:00,1.8168469153801663
2019-07-18 00:00:00,1.8168469153801663
2019-07-19 00:00:00,1.8168469153801663
2019-07-22 00:00:00,1.8168469153801663
2019-07-23 00:00:00,1.8168469153801663
2019-07-24 00:00:00,1.8168469153801663
2019-07-25 00:00:00,1.8168469153801663
2019-07-26 00:00:00,1.8168469153801663
2019-07-29 00:00:00,1.8168469153801663
2019-07-30 00:00:00,1.8168469153801663
2019-07-31 00:00:00,1.8168469153801663
2019-08-01 00:00:00,1.8168469153801663
2019-08-02 00:00:00,1.8168469153801663
2019-08-05 00:00:00,1.8168469153801663
2019-08-06 00:00:00,1.8168469153801663
2019-08-07 00:00:00,1.8168469153801663
2019-08-08 00:00:00,1.8168469153801663
2019-08-09 00:00:00,1.8168469153801663
2019-08-12 00:00:00,1.8168469153801663
2019-08-13 00:00:00,1.8168469153801663
2019-08-14 00:00:00,1.8168469153801663
2019-08-15 00:00:00,1.8168469153801663
2019-08-16 00:00:00,1.8168469153801663
2019-08-19 00:00:00,1.8168469153801663
2019-08-20 00:00:00,1.8168469153801663
2019-08-21 00:00:00,1.8168469153801663
2019-08-22 00:00:00,1.8168469153801663
2019-08-23 00:00:00,1.8168469153801663
2019-08-26 00:00:00,1.8168469153801663
2019-08-27 00:00:00,1.8168469153801663
2019-08-28 00:00:00,1.8168469153801663
2019-08-29 00:00:00,1.8168469153801663
2019-08-30 00:00:00,1.8168469153801663
2019-09-03 00:00:00,1.8168469153801663
2019-09-04 00:00:00,1.8168469153801663
2019-09-05 00:00:00,1.8168469153801663
2019-09-06 00:00:00,1.8168469153801663
2019-09-09 00:00:00,1.8168469153801663
2019-09-10 00:00:00,1.8168469153801663
2019-09-11 00:00:00,1.8168469153801663
2019-09-12 00:00:00,1.8168469153801663
2019-09-13 00:00:00,1.8168469153801663
2019-09-16 00:00:00,1.8168469153801663
2019-09-17 00:00:00,1.8168469153801663
2019-09-18 00:00:00,1.8168469153801663
2019-09-19 00:00:00,1.8168469153801663
2019-09-20 00:00:00,1.8168469153801663
2019-09-23 00:00:00,1.8168469153801663
2019-09-24 00:00:00,1.8168469153801663
2019-09-25 00:00:00,1.8168469153801663
2019-09-26 00:00:00,1.8168469153801663
2019-09-27 00:00:00,1.8168469153801663
2019-09-30 00:00:00,1.8168469153801663
2019-10-01 00:00:00,1.8168469153801663
2019-10-02 00:00:00,1.8168469153801663
2019-10-03 00:00:00,1.8168469153801663
2019-10-04 00:00:00,1.8168469153801663
2019-10-07 00:00:00,1.8168469153801663
2019-10-08 00:00:00,1.8168469153801663
2019-10-09 00:00:00,1.8168469153801663
2019-10-10 00:00:00,1.8168469153801663
2019-10-11 00:00:00,1.8168469153801663
2019-10-15 00:00:00,1.8168469153801663
2019-10-16 00:00:00,1.8168469153801663
2019-10-17 00:00:00,1.8168469153801663
2019-10-18 00:00:00,1.8168469153801663
2019-10-21 00:00:00,1.8168469153801663
2019-10-22 00:00:00,1.8168469153801663
2019-10-23 00:00:00,1.8168469153801663
2019-10-24 00:00:00,1.8168469153801663
2019-10-25 00:00:00,1.8168469153801663
2019-10-28 00:00:00,1.8168469153801663
2019-10-29 00:00:00,1.8168469153801663
2019-10-30 00:00:00,1.8168469153801663
2019-10-31 00:00:00,1.8168469153801663
2019-11-01 00:00:00,1.8168469153801663
2019-11-04 00:00:00,1.8168469153801663
2019-11-05 00:00:00,1.8168469153801663
2019-11-06 00:00:00,1.8168469153801663
2019-11-07 00:00:00,1.8168469153801663
2019-11-08 00:00:00,1.8168469153801663
2019-11-12 00:00:00,1.8168469153801663
2019-11-13 00:00:00,1.8168469153801663
2019-11-14 00:00:00,1.8168469153801663
2019-11-15 00:00:00,1.8168469153801663
2019-11-18 00:00:00,1.8168469153801663
2019-11-19 00:00:00,1.8168469153801663
2019-11-20 00:00:00,1.8168469153801663
2019-11-21 00:00:00,1.8168469153801663
2019-11-22 00:00:00,1.8168469153801663
2019-11-25 00:00:00,1.8168469153801663
2019-11-26 00:00:00,1.8168469153801663
2019-11-27 00:00:00,1.8168469153801663
2019-11-29 00:00:00,1.8168469153801663
2019-12-02 00:00:00,1.8168469153801663
2019-12-03 00:00:00,1.8168469153801663
2019-12-04 00:00:00,1.8168469153801663
2019-12-05 00:00:00,1.8168469153801663
2019-12-06 00:00:00,1.8168469153801663
2019-12-09 00:00:00,1.809925920645215
2019-12-10 00:00:00,1.8160434325228103
2019-12-11 00:00:00,1.8270088328526586
2019-12-12 00:00:00,1.833632371147393
2019-12-13 00:00:00,1.8347637372622265
2019-12-16 00:00:00,1.8406969213131819
2019-12-17 00:00:00,1.8396170918587345
2019-12-18 00:00:00,1.8308489202055545
2019-12-19 00:00:00,1.8306934522521132
2019-12-20 00:00:00,1.832638701428354
2019-12-23 00:00:00,1.8290626314239757
2019-12-24 00:00:00,1.8322103919998707
2019-12-26 00:00:00,1.83269712277515
2019-12-27 00:00:00,1.8464906678456594
2019-12-30 00:00:00,1.8516448637084522
2019-12-31 00:00:00,1.8460953795036001
2020-01-02 00:00:00,1.8408933901538473
2020-01-03 00:00:00,1.8378528284186932
2020-01-06 00:00:00,1.832229856266985
2020-01-07 00:00:00,1.8250175741780645
2020-01-08 00:00:00,1.8248244792319002
2020-01-09 00:00:00,1.8178426892726773
2020-01-10 00:00:00,1.814782251440216
2020-01-13 00:00:00,1.8216443015887769
2020-01-14 00:00:00,1.824168261942334
2020-01-15 00:00:00,1.8262350126547136
2020-01-16 00:00:00,1.817861849467977
2020-01-17 00:00:00,1.8127984867735658
2020-01-21 00:00:00,1.8135991002021454
2020-01-22 00:00:00,1.8126079687036796
2020-01-23 00:00:00,1.805870425210184
2020-01-24 00:00:00,1.8031517075810122
2020-01-27 00:00:00,1.7927121813394433
2020-01-28 00:00:00,1.7926003848765117
2020-01-29 00:00:00,1.7923954609050112
2020-01-30 00:00:00,1.7893643419768621
2020-01-31 00:00:00,1.7899957534287858
2020-02-03 00:00:00,1.7865099888143259
2020-02-04 00:00:00,1.7977200182420479
2020-02-05 00:00:00,1.796950134408297
2020-02-06 00:00:00,1.796950134408297
2020-02-07 00:00:00,1.796950134408297
2020-02-10 00:00:00,1.796950134408297
2020-02-11 00:00:00,1.796950134408297
2020-02-12 00:00:00,1.796950134408297
2020-02-13 00:00:00,1.796950134408297
2020-02-14 00:00:00,1.796950134408297
2020-02-18 00:00:00,1.796950134408297
2020-02-19 00:00:00,1.796950134408297
2020-02-20 00:00:00,1.796950134408297
2020-02-21 00:00:00,1.796950134408297
2020-02-24 00:00:00,1.796950134408297
2020-02-25 00:00:00,1.796950134408297
2020-02-26 00:00:00,1.796950134408297
2020-02-27 00:00:00,1.796950134408297
2020-02-28 00:00:00,1.796950134408297
2020-03-02 00:00:00,1.796950134408297
2020-03-03 00:00:00,1.796950134408297
2020-03-04 00:00:00,1.796950134408297
2020-03-05 00:00:00,1.796950134408297
2020-03-06 00:00:00,1.796950134408297
2020-03-09 00:00:00,1.796950134408297
2020-03-10 00:00:00,1.796950134408297
2020-03-11 00:00:00,1.796950134408297
2020-03-12 00:00:00,1.796950134408297
2020-03-13 00:00:00,1.8007230465370474
2020-03-16 00:00:00,1.7953797090075638
2020-03-17 00:00:00,1.7764606423626168
2020-03-18 00:00:00,1.7248973919208925
2020-03-19 00:00:00,1.7016223165928834
2020-03-20 00:00:00,1.7094924988620048
2020-03-23 00:00:00,1.7138704977920098
2020-03-24 00:00:00,1.7384586799264894
2020-03-25 00:00:00,1.7357941922019329
2020-03-26 00:00:00,1.7756036649369284
2020-03-27 00:00:00,1.775960638361992
2020-03-30 00:00:00,1.756275997702586
2020-03-31 00:00:00,1.7819793258852117
2020-04-01 00:00:00,1.7585135591918752
2020-04-02 00:00:00,1.74795290887845
2020-04-03 00:00:00,1.7343969004554
2020-04-06 00:00:00,1.745155825092499
2020-04-07 00:00:00,1.7611429680106194
2020-04-08 00:00:00,1.75673004141284
2020-04-09 00:00:00,1.7747118588953334
2020-04-10 00:00:00,1.7809195220443663
2020-04-13 00:00:00,1.767963297324047
2020-04-14 00:00:00,1.7737319063599515
2020-04-15 00:00:00,1.75986234089599
2020-04-16 00:00:00,1.7599850600184228
2020-04-17 00:00:00,1.7702662324514715
2020-04-20 00:00:00,1.7649431606250556
2020-04-21 00:00:00,1.7483853564066238
2020-04-22 00:00:00,1.7501346250571013
2020-04-23 00:00:00,1.758531062586614
2020-04-24 00:00:00,1.7539048193710969
2020-04-27 00:00:00,1.7584260474444808
2020-04-28 00:00:00,1.7869719248380602
2020-04-29 00:00:00,1.7877675490254323
2020-04-30 00:00:00,1.8073916406470456
2020-05-01 00:00:00,1.7970049662810663
2020-05-04 00:00:00,1.7871888430129614
2020-05-05 00:00:00,1.797370597632552
2020-05-06 00:00:00,1.7939030955149902
2020-05-07 00:00:00,1.7999087001472829
2020-05-08 00:00:00,1.7999087001472829
2020-05-11 00:00:00,1.7999087001472829
2020-05-12 00:00:00,1.7999087001472829
2020-05-13 00:00:00,1.7999087001472829
2020-05-14 00:00:00,1.7999087001472829
2020-05-15 00:00:00,1.7999087001472829
2020-05-18 00:00:00,1.7999087001472829
2020-05-19 00:00:00,1.7999087001472829
2020-05-20 00:00:00,1.7999087001472829
2020-05-21 00:00:00,1.7999087001472829
2020-05-22 00:00:00,1.7999087001472829
2020-05-26 00:00:00,1.7999087001472829
2020-05-27 00:00:00,1.7999087001472829
2020-05-28 00:00:00,1.8271232287890302
2020-05-29 00:00:00,1.8424772055015428
2020-06-01 00:00:00,1.8500936678468936
2020-06-02 00:00:00,1.8564625250070497
2020-06-03 00:00:00,1.8752677285540973
2020-06-04 00:00:00,1.888318743628854
2020-06-05 00:00:00,1.891486304425739
2020-06-08 00:00:00,1.8846707293853722
2020-06-09 00:00:00,1.8921458328514547
2020-06-10 00:00:00,1.8819133621331203
2020-06-11 00:00:00,1.876808089405013
2020-06-12 00:00:00,1.8607594314749942
2020-06-15 00:00:00,1.8591258582513535
2020-06-16 00:00:00,1.8511981542803015
2020-06-17 00:00:00,1.8554508720480976
2020-06-18 00:00:00,1.843200811626131
2020-06-19 00:00:00,1.8367476006865668
2020-06-22 00:00:00,1.8531935120978986
2020-06-23 00:00:00,1.8711052266460082
2020-06-24 00:00:00,1.8608990158507146
2020-06-25 00:00:00,1.8625157310005944
2020-06-26 00:00:00,1.85558966108984
2020-06-29 00:00:00,1.862116280954269
2020-06-30 00:00:00,1.8657776500103083
2020-07-01 00:00:00,1.8692119662444502
2020-07-02 00:00:00,1.8626755590083177
2020-07-06 00:00:00,1.873426672105268
2020-07-07 00:00:00,1.882280544838864
2020-07-08 00:00:00,1.8892226779245116
2020-07-09 00:00:00,1.8841390528200752
2020-07-10 00:00:00,1.8923520298168064
2020-07-13 00:00:00,1.9002833375002397
2020-07-14 00:00:00,1.9085330893116461
2020-07-15 00:00:00,1.9138759386336617
2020-07-16 00:00:00,1.9220103562238167
2020-07-17 00:00:00,1.9242893104476837
2020-07-20 00:00:00,1.934773505482991
2020-07-21 00:00:00,1.9510116472570016
2020-07-22 00:00:00,1.962188881829074
2020-07-23 00:00:00,1.9654699413916021
2020-07-24 00:00:00,1.9654699413916021
2020-07-27 00:00:00,1.9914275778072847
2020-07-28 00:00:00,1.987855857261272
2020-07-29 00:00:00,1.9879012763180337
2020-07-30 00:00:00,1.989287555259597
2020-07-31 00:00:00,1.9889692219555217
2020-08-03 00:00:00,1.9866076460049862
2020-08-04 00:00:00,1.989765246320527
2020-08-05 00:00:00,2.010920241312147
2020-08-06 00:00:00,2.0007237915355653
2020-08-07 00:00:00,1.9882647035035392
2020-08-10 00:00:00,1.990516367394076
2020-08-11 00:00:00,1.9911313429286748
2020-08-12 00:00:00,2.0026810413546485
2020-08-13 00:00:00,2.003811079367827
2020-08-14 00:00:00,2.0004707799276042
2020-08-17 00:00:00,2.0019898101799707
2020-08-18 00:00:00,2.012106131071828
2020-08-19 00:00:00,2.009944675320797
2020-08-20 00:00:00,1.9987244466026046
2020-08-21 00:00:00,1.977644114211287
2020-08-24 00:00:00,1.9814499176854978
2020-08-25 00:00:00,1.9836635505890574
2020-08-26 00:00:00,1.9911996970010268
2020-08-27 00:00:00,1.9978294850827532
2020-08-28 00:00:00,2.0170273596988837
2020-08-31 00:00:00,2.0175184677065556
2020-09-01 00:00:00,2.006630191556704
2020-09-02 00:00:00,1.9930013780921167
2020-09-03 00:00:00,1.9888100935061004
2020-09-04 00:00:00,1.9854516136238642
2020-09-08 00:00:00,1.9746368707158564
2020-09-09 00:00:00,1.9857688218517222
2020-09-10 00:00:00,1.991769496831907
2020-09-11 00:00:00,1.9807958100494343
2020-09-14 00:00:00,1.9851118601049853
2020-09-15 00:00:00,1.9800294749917244
2020-09-16 00:00:00,1.9797591453480636
2020-09-17 00:00:00,1.9758027741708044
2020-09-18 00:00:00,1.9877877325674582
2020-09-21 00:00:00,1.958330872827518
2020-09-22 00:00:00,1.958330872827518
2020-09-23 00:00:00,1.9424348344543827
2020-09-24 00:00:00,1.9139630097025446
2020-09-25 00:00:00,1.9097515242136918
2020-09-28 00:00:00,1.9251787505639033
2020-09-29 00:00:00,1.938140324660291
2020-09-30 00:00:00,1.9464008890440172
2020-10-01 00:00:00,1.9557840788630572
2020-10-02 00:00:00,1.953156425790702
2020-10-05 00:00:00,1.96152370786125
2020-10-06 00:00:00,1.956354335853003
2020-10-07 00:00:00,1.961567819757889
2020-10-08 00:00:00,1.966299284066142
2020-10-09 00:00:00,1.9842361346066575
2020-10-13 00:00:00,1.9791036743850898
2020-10-14 00:00:00,1.9772194546338897
2020-10-15 00:00:00,1.9670752943829073
2020-10-16 00:00:00,1.974087048572458
2020-10-19 00:00:00,1.9811714684437742
2020-10-20 00:00:00,1.9943989079952915
2020-10-21 00:00:00,2.00068894411776
2020-10-22 00:00:00,1.9870386641723592
2020-10-23 00:00:00,1.9894406587258018
2020-10-26 00:00:00,1.9933278389609803
2020-10-27 00:00:00,2.0046663198081878
2020-10-28 00:00:00,1.9721231825538459
2020-10-29 00:00:00,1.95075393876959
2020-10-30 00:00:00,1.9599149803092737
2020-11-02 00:00:00,1.9561788367479802
2020-11-03 00:00:00,1.9739306887804309
2020-11-04 00:00:00,1.9887602599506156
2020-11-05 00:00:00,2.001331610384069
2020-11-06 00:00:00,2.020524588915184
2020-11-09 00:00:00,2.0206182021468484
2020-11-10 00:00:00,2.024910303676619
2020-11-12 00:00:00,2.023102117412334
2020-11-13 00:00:00,2.006395533857961
2020-11-16 00:00:00,2.020828863637237
2020-11-17 00:00:00,2.0218828303143
2020-11-18 00:00:00,2.0329096113916085
2020-11-19 00:00:00,2.021131308479067
2020-11-20 00:00:00,2.021131308479067
2020-11-23 00:00:00,2.013537111345608
2020-11-24 00:00:00,2.0327611053356724
2020-11-25 00:00:00,2.0449096030592084
2020-11-30 00:00:00,2.035183999987727
2020-12-01 00:00:00,2.047000610974703
2020-12-02 00:00:00,2.049312898394438
2020-12-03 00:00:00,2.0631748620855266
2020-12-04 00:00:00,2.0612458397395046
2020-12-07 00:00:00,2.0767302535408483
2020-12-08 00:00:00,2.055747237759086
2020-12-09 00:00:00,2.0510505450567598
2020-12-10 00:00:00,2.061123871086637
2020-12-11 00:00:00,2.0558200359189978
2020-12-14 00:00:00,2.0700902854165397
2020-12-15 00:00:00,2.0793336355848298
2020-12-16 00:00:00,2.0821675651019156
2020-12-17 00:00:00,2.1062403219648282
2020-12-18 00:00:00,2.103772449242018
2020-12-21 00:00:00,2.1091225777822817
2020-12-22 00:00:00,2.0907158923802234
2020-12-23 00:00:00,2.10237570747516
2020-12-28 00:00:00,2.102045839463994
2020-12-29 00:00:00,2.1263754301632325
2020-12-30 00:00:00,2.124663372651024
2020-12-31 00:00:00,2.1214800655697634
2021-01-04 00:00:00,2.1114238292916343
2021-01-05 00:00:00,2.1276742814570673
2021-01-06 00:00:00,2.1277002746680074
2021-01-07 00:00:00,2.124145111510266
2021-01-08 00:00:00,2.121738514746296
2021-01-11 00:00:00,2.1031627337634307
2021-01-12 00:00:00,2.101792165270198
2021-01-13 00:00:00,2.0889605265847417
2021-01-14 00:00:00,2.0960754119984326
2021-01-15 00:00:00,2.0804265183413935
2021-01-19 00:00:00,2.0862830136913
2021-01-21 00:00:00,2.0996637168219814
2021-01-22 00:00:00,2.1029087899414356
2021-01-25 00:00:00,2.0971859690165653
2021-01-26 00:00:00,2.0971100831663207
2021-01-27 00:00:00,2.0971100831663207
2021-01-28 00:00:00,2.102396851842146
2021-01-29 00:00:00,2.1009844422820234
2021-02-01 00:00:00,2.0784932191849252
2021-02-02 00:00:00,2.079159466180343
2021-02-03 00:00:00,2.0829181750154926
2021-02-04 00:00:00,2.070066430525314
2021-02-05 00:00:00,2.0883576412790523
2021-02-08 00:00:00,2.087486413599011
2021-02-09 00:00:00,2.0997753150926517
2021-02-10 00:00:00,2.107735710137232
2021-02-11 00:00:00,2.103381616527379
2021-02-12 00:00:00,2.1095383003324857
2021-02-16 00:00:00,2.111293069985565
2021-02-17 00:00:00,2.1012113086733053
2021-02-18 00:00:00,2.103078513765432
2021-02-19 00:00:00,2.11854644176932
2021-02-22 00:00:00,2.1183670624666164
2021-02-23 00:00:00,2.1107332612845613
2021-02-24 00:00:00,2.1093096323565863
2021-02-25 00:00:00,2.1234784314487305
2021-02-26 00:00:00,2.0796779536557297
2021-03-01 00:00:00,2.076053962342666
2021-03-02 00:00:00,2.088108644886822
2021-03-03 00:00:00,2.084628919490336
2021-03-04 00:00:00,2.0788386272811756
2021-03-05 00:00:00,2.0515399591793293
2021-03-08 00:00:00,2.0409961909320056
2021-03-09 00:00:00,2.0561887001197867
2021-03-10 00:00:00,2.0587750705958032
2021-03-11 00:00:00,2.0693570932081933
2021-03-12 00:00:00,2.063262215988297
2021-03-15 00:00:00,2.053079179331113
2021-03-16 00:00:00,2.0554405914663936
2021-03-17 00:00:00,2.0566474875555185
2021-03-18 00:00:00,2.0571789709545487
2021-03-19 00:00:00,2.0497871013858147
2021-03-22 00:00:00,2.057879982554112
2021-03-23 00:00:00,2.044546453983313
2021-03-24 00:00:00,2.0380272791893894
2021-03-25 00:00:00,2.020090857690223
2021-03-26 00:00:00,2.020090857690223
2021-03-29 00:00:00,2.020090857690223
2021-03-30 00:00:00,2.020090857690223
2021-03-31 00:00:00,2.020090857690223
2021-04-01 00:00:00,2.020090857690223
2021-04-02 00:00:00,2.020090857690223
2021-04-05 00:00:00,2.020090857690223
2021-04-06 00:00:00,2.020090857690223
2021-04-07 00:00:00,2.020090857690223
2021-04-08 00:00:00,2.020090857690223
2021-04-09 00:00:00,2.020090857690223
2021-04-12 00:00:00,2.020090857690223
2021-04-13 00:00:00,2.020090857690223
2021-04-14 00:00:00,2.020090857690223
2021-04-15 00:00:00,2.020090857690223
2021-04-16 00:00:00,2.020090857690223
2021-04-19 00:00:00,2.020090857690223
2021-04-20 00:00:00,2.020090857690223
2021-04-21 00:00:00,2.020090857690223
2021-04-22 00:00:00,2.020090857690223
2021-04-23 00:00:00,2.020090857690223
2021-04-26 00:00:00,2.0252002525914414
2021-04-27 00:00:00,2.0262397466035154
2021-04-28 00:00:00,2.0292433416421733
2021-04-29 00:00:00,2.025804479750211
2021-04-30 00:00:00,2.0087835316108236
2021-05-03 00:00:00,2.015318177488863
2021-05-04 00:00:00,2.000922199230382
2021-05-05 00:00:00,1.9995315896495565
2021-05-06 00:00:00,2.011425665604672
2021-05-07 00:00:00,2.0416664835066447
2021-05-10 00:00:00,2.042845870600879
2021-05-11 00:00:00,2.043805126382631
2021-05-12 00:00:00,2.016874611136703
2021-05-13 00:00:00,2.0168506477955144
2021-05-14 00:00:00,2.0353749418063702
2021-05-17 00:00:00,2.037500417367359
2021-05-18 00:00:00,2.045849621218115
2021-05-19 00:00:00,2.039017835095609
2021-05-20 00:00:00,2.0455784289759285
2021-05-21 00:00:00,2.038993342683084
2021-05-24 00:00:00,2.0396058295689983
2021-05-25 00:00:00,2.0501489742712318
2021-05-26 00:00:00,2.0422805776400668
2021-05-27 00:00:00,2.047181972210008
2021-05-28 00:00:00,2.0446913931956474
2021-06-01 00:00:00,2.05446643556
2021-06-02 00:00:00,2.0534474659373307
2021-06-03 00:00:00,2.0358143314629165
2021-06-04 00:00:00,2.0535965203028037
2021-06-07 00:00:00,2.05566066135087
2021-06-08 00:00:00,2.054267532816699
2021-06-09 00:00:00,2.0552126640156607
2021-06-10 00:00:00,2.0577040120700834
2021-06-11 00:00:00,2.0386994796213136
2021-06-14 00:00:00,2.0408809816975193
2021-06-15 00:00:00,2.035667847166938
2021-06-16 00:00:00,2.0310400561363706
2021-06-17 00:00:00,1.9875678797694452
2021-06-18 00:00:00,1.9693969901466413
2021-06-21 00:00:00,1.9873808416069163
2021-06-22 00:00:00,1.9873808416069163
2021-06-23 00:00:00,1.9873808416069163
2021-06-24 00:00:00,1.98946916594637
2021-06-25 00:00:00,1.9864671140608494
2021-06-28 00:00:00,1.9808393315542527
2021-06-29 00:00:00,1.977352634067447
2021-06-30 00:00:00,1.968298419761072
2021-07-01 00:00:00,1.9650848338444253
2021-07-02 00:00:00,1.9694026415928474
2021-07-06 00:00:00,1.9624986538553215
2021-07-07 00:00:00,1.9534211221447195
2021-07-08 00:00:00,1.9621101714892537
2021-07-09 00:00:00,1.9641914885220035
2021-07-12 00:00:00,1.9650619174032145
2021-07-13 00:00:00,1.952990952912907
2021-07-14 00:00:00,1.9537835169264959
2021-07-15 00:00:00,1.9434404343205112
2021-07-16 00:00:00,1.9421412532828384
2021-07-19 00:00:00,1.9411568257646432
2021-07-20 00:00:00,1.93598266753976
2021-07-21 00:00:00,1.939079384311967
2021-07-22 00:00:00,1.9405755875406028
2021-07-23 00:00:00,1.9389678198624414
2021-07-26 00:00:00,1.9528777819705117
2021-07-27 00:00:00,1.9571875186401722
2021-07-28 00:00:00,1.95401008195426
2021-07-29 00:00:00,1.970070376202189
2021-07-30 00:00:00,1.9613564975477886
2021-08-02 00:00:00,1.9631159715422102
2021-08-03 00:00:00,1.9583931035694846
2021-08-04 00:00:00,1.95843862642173
2021-08-05 00:00:00,1.9567784122876406
2021-08-06 00:00:00,1.9447413546767955
2021-08-09 00:00:00,1.937050918695547
2021-08-10 00:00:00,1.9343380868000462
2021-08-11 00:00:00,1.9388562682498431
2021-08-12 00:00:00,1.9401510566064364
2021-08-13 00:00:00,1.9514529510506973
2021-08-16 00:00:00,1.9485869837216028
2021-08-17 00:00:00,1.9269058116517888
2021-08-18 00:00:00,1.9316328428975587
2021-08-19 00:00:00,1.916662790586923
2021-08-20 00:00:00,1.916662790586923
2021-08-23 00:00:00,1.916662790586923
2021-08-24 00:00:00,1.916662790586923
2021-08-25 00:00:00,1.916662790586923
2021-08-26 00:00:00,1.916662790586923
2021-08-27 00:00:00,1.916662790586923
2021-08-30 00:00:00,1.916662790586923
2021-08-31 00:00:00,1.916662790586923
2021-09-01 00:00:00,1.916662790586923
2021-09-02 00:00:00,1.916662790586923
2021-09-03 00:00:00,1.916662790586923
2021-09-07 00:00:00,1.916662790586923
2021-09-08 00:00:00,1.916662790586923
2021-09-09 00:00:00,1.916662790586923
2021-09-10 00:00:00,1.916662790586923
2021-09-13 00:00:00,1.916662790586923
2021-09-14 00:00:00,1.916662790586923
2021-09-15 00:00:00,1.916662790586923
2021-09-16 00:00:00,1.916662790586923
2021-09-17 00:00:00,1.916662790586923
2021-09-20 00:00:00,1.916662790586923
2021-09-21 00:00:00,1.916662790586923
2021-09-22 00:00:00,1.916662790586923
2021-09-23 00:00:00,1.916662790586923
2021-09-24 00:00:00,1.916662790586923
2021-09-27 00:00:00,1.916662790586923
2021-09-28 00:00:00,1.916662790586923
2021-09-29 00:00:00,1.916662790586923
2021-09-30 00:00:00,1.916662790586923
2021-10-01 00:00:00,1.916662790586923
2021-10-04 00:00:00,1.916662790586923
2021-10-05 00:00:00,1.916662790586923
2021-10-06 00:00:00,1.916662790586923
2021-10-07 00:00:00,1.916662790586923
2021-10-08 00:00:00,1.916662790586923
2021-10-12 00:00:00,1.916662790586923
2021-10-13 00:00:00,1.916662790586923
2021-10-14 00:00:00,1.916662790586923
2021-10-15 00:00:00,1.916662790586923
2021-10-18 00:00:00,1.916662790586923
2021-10-19 00:00:00,1.916662790586923
2021-10-20 00:00:00,1.916662790586923
2021-10-21 00:00:00,1.916662790586923
2021-10-22 00:00:00,1.916662790586923
2021-10-25 00:00:00,1.916662790586923
2021-10-26 00:00:00,1.916662790586923
2021-10-27 00:00:00,1.916662790586923
2021-10-28 00:00:00,1.916662790586923
2021-10-29 00:00:00,1.916662790586923
2021-11-01 00:00:00,1.916662790586923
2021-11-02 00:00:00,1.916662790586923
2021-11-03 00:00:00,1.916662790586923
2021-11-04 00:00:00,1.916662790586923
2021-11-05 00:00:00,1.916662790586923
2021-11-08 00:00:00,1.916662790586923
2021-11-09 00:00:00,1.916662790586923
2021-11-10 00:00:00,1.916662790586923
2021-11-12 00:00:00,1.916662790586923
2021-11-15 00:00:00,1.916662790586923
2021-11-16 00:00:00,1.916662790586923
2021-11-17 00:00:00,1.916662790586923
2021-11-18 00:00:00,1.916662790586923
2021-11-19 00:00:00,1.916662790586923
2021-11-22 00:00:00,1.916662790586923
2021-11-23 00:00:00,1.916662790586923
2021-11-24 00:00:00,1.916662790586923
2021-11-26 00:00:00,1.916662790586923
2021-11-29 00:00:00,1.916662790586923
2021-11-30 00:00:00,1.916662790586923
2021-12-01 00:00:00,1.916662790586923
2021-12-02 00:00:00,1.916662790586923
2021-12-03 00:00:00,1.916662790586923
2021-12-06 00:00:00,1.916662790586923
2021-12-07 00:00:00,1.916662790586923
2021-12-08 00:00:00,1.916662790586923
2021-12-09 00:00:00,1.916662790586923
2021-12-10 00:00:00,1.916662790586923
2021-12-13 00:00:00,1.916662790586923
2021-12-14 00:00:00,1.916662790586923
2021-12-15 00:00:00,1.916662790586923
2021-12-16 00:00:00,1.916662790586923
2021-12-17 00:00:00,1.916662790586923
2021-12-20 00:00:00,1.916662790586923
2021-12-21 00:00:00,1.916662790586923
2021-12-22 00:00:00,1.916662790586923
2021-12-23 00:00:00,1.916662790586923
2021-12-27 00:00:00,1.916662790586923
2021-12-28 00:00:00,1.916662790586923
2021-12-29 00:00:00,1.916662790586923
2021-12-30 00:00:00,1.916662790586923
2022-01-03 00:00:00,1.916662790586923
2022-01-04 00:00:00,1.916662790586923
2022-01-05 00:00:00,1.916662790586923
2022-01-06 00:00:00,1.916662790586923
2022-01-07 00:00:00,1.916662790586923
2022-01-10 00:00:00,1.916662790586923
2022-01-11 00:00:00,1.916662790586923
2022-01-12 00:00:00,1.916662790586923
2022-01-13 00:00:00,1.916662790586923
2022-01-14 00:00:00,1.916662790586923
2022-01-18 00:00:00,1.916662790586923
2022-01-19 00:00:00,1.916662790586923
2022-01-20 00:00:00,1.916662790586923
2022-01-21 00:00:00,1.916662790586923
2022-01-24 00:00:00,1.916662790586923
2022-01-25 00:00:00,1.916662790586923
2022-01-26 00:00:00,1.916662790586923
2022-01-27 00:00:00,1.916662790586923
2022-01-28 00:00:00,1.916662790586923
2022-01-31 00:00:00,1.916662790586923
2022-02-01 00:00:00,1.916662790586923
2022-02-02 00:00:00,1.916662790586923
2022-02-03 00:00:00,1.916662790586923
2022-02-04 00:00:00,1.916662790586923
2022-02-07 00:00:00,1.916662790586923
2022-02-08 00:00:00,1.916662790586923
2022-02-09 00:00:00,1.916662790586923
2022-02-10 00:00:00,1.916662790586923
2022-02-11 00:00:00,1.916662790586923
2022-02-14 00:00:00,1.916662790586923
2022-02-15 00:00:00,1.916662790586923
2022-02-16 00:00:00,1.916662790586923
2022-02-17 00:00:00,1.916662790586923
2022-02-18 00:00:00,1.916662790586923
2022-02-22 00:00:00,1.916662790586923
2022-02-23 00:00:00,1.916662790586923
2022-02-24 00:00:00,1.916662790586923
2022-02-25 00:00:00,1.916662790586923
2022-02-28 00:00:00,1.916662790586923
2022-03-01 00:00:00,1.916662790586923
2022-03-02 00:00:00,1.916662790586923
2022-03-03 00:00:00,1.916662790586923
2022-03-04 00:00:00,1.916662790586923
2022-03-07 00:00:00,1.916662790586923
2022-03-08 00:00:00,1.916662790586923
2022-03-09 00:00:00,1.916662790586923
2022-03-10 00:00:00,1.916662790586923
2022-03-11 00:00:00,1.916662790586923
2022-03-14 00:00:00,1.916662790586923
2022-03-15 00:00:00,1.916662790586923
2022-03-16 00:00:00,1.916662790586923
2022-03-17 00:00:00,1.916662790586923
2022-03-18 00:00:00,1.916662790586923
2022-03-21 00:00:00,1.916662790586923
2022-03-22 00:00:00,1.916662790586923
2022-03-23 00:00:00,1.916662790586923
2022-03-24 00:00:00,1.916662790586923
2022-03-25 00:00:00,1.916662790586923
2022-03-28 00:00:00,1.916662790586923
2022-03-29 00:00:00,1.916662790586923
2022-03-30 00:00:00,1.916662790586923
2022-03-31 00:00:00,1.916662790586923
2022-04-01 00:00:00,1.916662790586923
2022-04-04 00:00:00,1.916662790586923
2022-04-05 00:00:00,1.916662790586923
2022-04-06 00:00:00,1.916662790586923
2022-04-07 00:00:00,1.916662790586923
2022-04-08 00:00:00,1.916662790586923
2022-04-11 00:00:00,1.916662790586923
2022-04-12 00:00:00,1.916662790586923
2022-04-13 00:00:00,1.916662790586923
2022-04-14 00:00:00,1.916662790586923
2022-04-15 00:00:00,1.916662790586923
2022-04-18 00:00:00,1.916662790586923
2022-04-19 00:00:00,1.916662790586923
2022-04-20 00:00:00,1.916662790586923
2022-04-21 00:00:00,1.916662790586923
2022-04-22 00:00:00,1.916662790586923
2022-04-25 00:00:00,1.916662790586923
2022-04-26 00:00:00,1.916662790586923
2022-04-27 00:00:00,1.916662790586923
2022-04-28 00:00:00,1.916662790586923
2022-04-29 00:00:00,1.916662790586923
2022-05-02 00:00:00,1.916662790586923
2022-05-03 00:00:00,1.916662790586923
2022-05-04 00:00:00,1.916662790586923
2022-05-05 00:00:00,1.916662790586923
2022-05-06 00:00:00,1.916662790586923
2022-05-09 00:00:00,1.916662790586923
2022-05-10 00:00:00,1.916662790586923
2022-05-11 00:00:00,1.916662790586923
2022-05-12 00:00:00,1.916662790586923
2022-05-13 00:00:00,1.916662790586923
2022-05-16 00:00:00,1.916662790586923
2022-05-17 00:00:00,1.916662790586923
2022-05-18 00:00:00,1.916662790586923
2022-05-19 00:00:00,1.916662790586923
2022-05-20 00:00:00,1.916662790586923
2022-05-23 00:00:00,1.916662790586923
2022-05-24 00:00:00,1.916662790586923
2022-05-25 00:00:00,1.916662790586923
2022-05-26 00:00:00,1.916662790586923
2022-05-27 00:00:00,1.916662790586923
2022-05-31 00:00:00,1.916662790586923
2022-06-01 00:00:00,1.916662790586923
2022-06-02 00:00:00,1.916662790586923
2022-06-03 00:00:00,1.916662790586923
2022-06-06 00:00:00,1.916662790586923
2022-06-07 00:00:00,1.916662790586923
2022-06-08 00:00:00,1.916662790586923
2022-06-09 00:00:00,1.916662790586923
2022-06-10 00:00:00,1.916662790586923
2022-06-13 00:00:00,1.916662790586923
2022-06-14 00:00:00,1.916662790586923
2022-06-15 00:00:00,1.916662790586923
2022-06-16 00:00:00,1.916662790586923
2022-06-17 00:00:00,1.916662790586923
2022-06-21 00:00:00,1.916662790586923
2022-06-22 00:00:00,1.916662790586923
2022-06-23 00:00:00,1.916662790586923
2022-06-24 00:00:00,1.916662790586923
2022-06-27 00:00:00,1.916662790586923
2022-06-28 00:00:00,1.916662790586923
2022-06-29 00:00:00,1.916662790586923
2022-06-30 00:00:00,1.916662790586923
2022-07-01 00:00:00,1.916662790586923
2022-07-05 00:00:00,1.916662790586923
2022-07-06 00:00:00,1.916662790586923
2022-07-07 00:00:00,1.916662790586923
2022-07-08 00:00:00,1.916662790586923
2022-07-11 00:00:00,1.916662790586923
2022-07-12 00:00:00,1.916662790586923
2022-07-13 00:00:00,1.916662790586923
2022-07-14 00:00:00,1.916662790586923
2022-07-15 00:00:00,1.916662790586923
2022-07-18 00:00:00,1.916662790586923
2022-07-19 00:00:00,1.916662790586923
2022-07-20 00:00:00,1.916662790586923
2022-07-21 00:00:00,1.916662790586923
2022-07-22 00:00:00,1.916662790586923
2022-07-25 00:00:00,1.916662790586923
2022-07-26 00:00:00,1.916662790586923
2022-07-27 00:00:00,1.916662790586923
2022-07-28 00:00:00,1.916662790586923
2022-07-29 00:00:00,1.916662790586923
2022-08-01 00:00:00,1.916662790586923
2022-08-02 00:00:00,1.916662790586923
2022-08-03 00:00:00,1.916662790586923
2022-08-04 00:00:00,1.916662790586923
2022-08-05 00:00:00,1.916662790586923
2022-08-08 00:00:00,1.916662790586923
2022-08-09 00:00:00,1.916662790586923
2022-08-10 00:00:00,1.916662790586923
2022-08-11 00:00:00,1.916662790586923
2022-08-12 00:00:00,1.916662790586923
2022-08-15 00:00:00,1.916662790586923
2022-08-16 00:00:00,1.916662790586923
2022-08-17 00:00:00,1.916662790586923
2022-08-18 00:00:00,1.916662790586923
2022-08-19 00:00:00,1.916662790586923
2022-08-22 00:00:00,1.916662790586923
2022-08-23 00:00:00,1.916662790586923
2022-08-24 00:00:00,1.916662790586923
2022-08-25 00:00:00,1.916662790586923
2022-08-26 00:00:00,1.916662790586923
2022-08-29 00:00:00,1.916662790586923
2022-08-30 00:00:00,1.916662790586923
2022-08-31 00:00:00,1.916662790586923
2022-09-01 00:00:00,1.916662790586923
2022-09-02 00:00:00,1.916662790586923
2022-09-06 00:00:00,1.916662790586923
2022-09-07 00:00:00,1.916662790586923
2022-09-08 00:00:00,1.916662790586923
2022-09-09 00:00:00,1.916662790586923
2022-09-12 00:00:00,1.916662790586923
2022-09-13 00:00:00,1.916662790586923
2022-09-14 00:00:00,1.916662790586923
2022-09-15 00:00:00,1.916662790586923
2022-09-16 00:00:00,1.916662790586923
2022-09-19 00:00:00,1.916662790586923
2022-09-20 00:00:00,1.916662790586923
2022-09-21 00:00:00,1.916662790586923
2022-09-22 00:00:00,1.916662790586923
2022-09-23 00:00:00,1.916662790586923
2022-09-26 00:00:00,1.916662790586923
2022-09-27 00:00:00,1.916662790586923
2022-09-28 00:00:00,1.916662790586923
2022-09-29 00:00:00,1.916662790586923
2022-09-30 00:00:00,1.916662790586923
2022-10-03 00:00:00,1.916662790586923
2022-10-04 00:00:00,1.916662790586923
2022-10-05 00:00:00,1.916662790586923
2022-10-06 00:00:00,1.916662790586923
2022-10-07 00:00:00,1.916662790586923
2022-10-11 00:00:00,1.916662790586923
2022-10-12 00:00:00,1.916662790586923
2022-10-13 00:00:00,1.916662790586923
2022-10-14 00:00:00,1.916662790586923
2022-10-17 00:00:00,1.916662790586923
2022-10-18 00:00:00,1.916662790586923
2022-10-19 00:00:00,1.916662790586923
2022-10-20 00:00:00,1.916662790586923
2022-10-21 00:00:00,1.916662790586923
2022-10-24 00:00:00,1.916662790586923
2022-10-25 00:00:00,1.916662790586923
2022-10-26 00:00:00,1.916662790586923
2022-10-27 00:00:00,1.916662790586923
2022-10-28 00:00:00,1.916662790586923
2022-10-31 00:00:00,1.916662790586923
2022-11-01 00:00:00,1.916662790586923
2022-11-02 00:00:00,1.916662790586923
2022-11-03 00:00:00,1.916662790586923
2022-11-04 00:00:00,1.916662790586923
2022-11-07 00:00:00,1.916662790586923
2022-11-08 00:00:00,1.916662790586923
2022-11-09 00:00:00,1.916662790586923
2022-11-10 00:00:00,1.916662790586923
2022-11-14 00:00:00,1.916662790586923
2022-11-15 00:00:00,1.916662790586923
2022-11-16 00:00:00,1.916662790586923
2022-11-17 00:00:00,1.916662790586923
2022-11-18 00:00:00,1.916662790586923
2022-11-21 00:00:00,1.916662790586923
2022-11-22 00:00:00,1.916662790586923
2022-11-23 00:00:00,1.916662790586923
2022-11-25 00:00:00,1.916662790586923
2022-11-28 00:00:00,1.916662790586923
2022-11-29 00:00:00,1.916662790586923
2022-11-30 00:00:00,1.916662790586923
2022-12-01 00:00:00,1.916662790586923
2022-12-02 00:00:00,1.916662790586923
2022-12-05 00:00:00,1.916662790586923
2022-12-06 00:00:00,1.916662790586923
2022-12-07 00:00:00,1.916662790586923
2022-12-08 00:00:00,1.916662790586923
2022-12-09 00:00:00,1.916662790586923
2022-12-12 00:00:00,1.916662790586923
2022-12-13 00:00:00,1.916662790586923
2022-12-14 00:00:00,1.916662790586923
2022-12-15 00:00:00,1.8927992171633103
2022-12-16 00:00:00,1.8804641825575485
2022-12-19 00:00:00,1.8833104041820043
2022-12-20 00:00:00,1.875103392188583
2022-12-21 00:00:00,1.8732154688982419
2022-12-22 00:00:00,1.8653275304120287
2022-12-23 00:00:00,1.856323136616661
2022-12-27 00:00:00,1.8696478150660463
2022-12-28 00:00:00,1.8669319138839708
2022-12-29 00:00:00,1.8695404586474653
2022-12-30 00:00:00,1.875373406213013
2023-01-03 00:00:00,1.8498718938381575
2023-01-04 00:00:00,1.8624465783677273
2023-01-05 00:00:00,1.82611235690841
2023-01-06 00:00:00,1.8519061268686277
2023-01-09 00:00:00,1.8857828944801813
2023-01-10 00:00:00,1.8720845386199416
2023-01-11 00:00:00,1.8632814933280328
2023-01-12 00:00:00,1.8692542351302384
2023-01-13 00:00:00,1.8765984457582774
2023-01-17 00:00:00,1.8777528870571532
2023-01-18 00:00:00,1.896787307677282
2023-01-19 00:00:00,1.8874956192872416
2023-01-20 00:00:00,1.8953150896468545
2023-01-23 00:00:00,1.9079768096046463
2023-01-24 00:00:00,1.9135087481265827
2023-01-25 00:00:00,1.9076600680148328
2023-01-26 00:00:00,1.8963638107926202
2023-01-27 00:00:00,1.893257819650436
2023-01-30 00:00:00,1.8817140094493232
2023-01-31 00:00:00,1.8666108164366202
2023-02-01 00:00:00,1.8731077023864589
2023-02-02 00:00:00,1.8863656006661929
2023-02-03 00:00:00,1.8575587319570102
2023-02-06 00:00:00,1.8341190649233963
2023-02-07 00:00:00,1.8415711083719768
2023-02-08 00:00:00,1.8460784502456147
2023-02-09 00:00:00,1.8926158383711267
2023-02-10 00:00:00,1.867485174080042
2023-02-13 00:00:00,1.8810846357671926
2023-02-14 00:00:00,1.8810846357671926
2023-02-15 00:00:00,1.8716705559632494
2023-02-16 00:00:00,1.8716346678924582
2023-02-17 00:00:00,1.8653753790436358
2023-02-21 00:00:00,1.8874499735980237
2023-02-22 00:00:00,1.8766724248667714
2023-02-23 00:00:00,1.868589203924258
2023-02-24 00:00:00,1.8622258799155875
2023-02-27 00:00:00,1.8750141730458785
2023-02-28 00:00:00,1.870917195380664
2023-03-01 00:00:00,1.8726041291216549
2023-03-02 00:00:00,1.858149164493597
2023-03-03 00:00:00,1.8618706729344012
2023-03-06 00:00:00,1.8700390408466951
2023-03-07 00:00:00,1.8245796634377993
2023-03-08 00:00:00,1.8230121551358767
2023-03-09 00:00:00,1.8240170950788177
2023-03-10 00:00:00,1.830447579244754
2023-03-13 00:00:00,1.8447868694170582
2023-03-14 00:00:00,1.8630255913767875
2023-03-15 00:00:00,1.8355763778777752
2023-03-16 00:00:00,1.8579723208549366
2023-03-17 00:00:00,1.8598662964120836
2023-03-20 00:00:00,1.881429080396584
2023-03-21 00:00:00,1.8867750308709932
2023-03-22 00:00:00,1.886282809665985
2023-03-23 00:00:00,1.9031636965937215
2023-03-24 00:00:00,1.8715628958795014
2023-03-27 00:00:00,1.8785866596342453
2023-03-28 00:00:00,1.8877419903031518
2023-03-29 00:00:00,1.8748701157174077
2023-03-30 00:00:00,1.8829715626187884
2023-03-31 00:00:00,1.8868844482490434
2023-04-03 00:00:00,1.8806134948095594
2023-04-04 00:00:00,1.8981859040048883
2023-04-05 00:00:00,1.879708117518061
2023-04-06 00:00:00,1.8736824868434312
2023-04-07 00:00:00,1.8734487372889088
2023-04-10 00:00:00,1.8492429185574435
2023-04-11 00:00:00,1.8653575553397361
2023-04-12 00:00:00,1.8882187091702733
2023-04-13 00:00:00,1.8882187091702733
2023-04-14 00:00:00,1.8747168162833587
2023-04-17 00:00:00,1.86748885307912
2023-04-18 00:00:00,1.8774235557442662
2023-04-19 00:00:00,1.8733029753568018
2023-04-20 00:00:00,1.879135187714006
2023-04-21 00:00:00,1.8790440648749156
2023-04-24 00:00:00,1.8856092254990466
2023-04-25 00:00:00,1.8776600849849063
2023-04-26 00:00:00,1.8782607731161725
2023-04-27 00:00:00,1.8795544666309594
2023-04-28 00:00:00,1.8909646059852876
2023-05-01 00:00:00,1.8756787214216812
2023-05-02 00:00:00,1.8793539185905208
2023-05-03 00:00:00,1.8908354253491617
2023-05-04 00:00:00,1.8882923203474737
2023-05-05 00:00:00,1.9071021972897007
2023-05-08 00:00:00,1.9105436695518443
2023-05-09 00:00:00,1.8999581616009076
2023-05-10 00:00:00,1.8935334245096564
2023-05-11 00:00:00,1.8744266236721931
2023-05-12 00:00:00,1.8660858891727752
2023-05-15 00:00:00,1.871674268028639
2023-05-16 00:00:00,1.8609417990957187
2023-05-17 00:00:00,1.8527026615021858
2023-05-18 00:00:00,1.8324465018088427
2023-05-19 00:00:00,1.843342817597806
2023-05-22 00:00:00,1.8345980752334345
2023-05-23 00:00:00,1.8224836189375653
2023-05-24 00:00:00,1.8075889904395404
2023-05-25 00:00:00,1.7896897552998632
2023-05-26 00:00:00,1.7921895300882693
2023-05-30 00:00:00,1.7813144936355012
2023-05-31 00:00:00,1.7787959487082619
2023-06-01 00:00:00,1.7909470478383887
2023-06-02 00:00:00,1.7956943123864884
2023-06-05 00:00:00,1.7856650893923853
2023-06-06 00:00:00,1.7770176422017108
2023-06-07 00:00:00,1.7793023558568517
2023-06-08 00:00:00,1.792570903457057
2023-06-09 00:00:00,1.7893051569657275
2023-06-12 00:00:00,1.7893051569657275
2023-06-13 00:00:00,1.7893051569657275
2023-06-14 00:00:00,1.7893051569657275
2023-06-15 00:00:00,1.7893051569657275
2023-06-16 00:00:00,1.7893051569657275
2023-06-20 00:00:00,1.7893051569657275
2023-06-21 00:00:00,1.7893051569657275
2023-06-22 00:00:00,1.7893051569657275
2023-06-23 00:00:00,1.7893051569657275
2023-06-26 00:00:00,1.7893051569657275
2023-06-27 00:00:00,1.7893051569657275
2023-06-28 00:00:00,1.7893051569657275
2023-06-29 00:00:00,1.7893051569657275
2023-06-30 00:00:00,1.7893051569657275
2023-07-03 00:00:00,1.7893051569657275
2023-07-05 00:00:00,1.7893051569657275
2023-07-06 00:00:00,1.7893051569657275
2023-07-07 00:00:00,1.7893051569657275
2023-07-10 00:00:00,1.7893051569657275
2023-07-11 00:00:00,1.7893051569657275
2023-07-12 00:00:00,1.7893051569657275
2023-07-13 00:00:00,1.7893051569657275
2023-07-14 00:00:00,1.7893051569657275
2023-07-17 00:00:00,1.7893051569657275
2023-07-18 00:00:00,1.7893051569657275
2023-07-19 00:00:00,1.7893051569657275
2023-07-20 00:00:00,1.7893051569657275
2023-07-21 00:00:00,1.7893051569657275
2023-07-24 00:00:00,1.7893051569657275
2023-07-25 00:00:00,1.793803453481472
2023-07-26 00:00:00,1.7850688770595615
2023-07-27 00:00:00,1.7804099496844443
2023-07-28 00:00:00,1.771130984298255
2023-07-31 00:00:00,1.7738132636465997
2023-08-01 00:00:00,1.7543628605596913
2023-08-02 00:00:00,1.7347686185352196
2023-08-03 00:00:00,1.7393701268071964
2023-08-04 00:00:00,1.7646194733265703
2023-08-07 00:00:00,1.757359309411853
2023-08-08 00:00:00,1.7362565796848115
2023-08-09 00:00:00,1.7410612985396292
2023-08-10 00:00:00,1.7509978726082243
2023-08-11 00:00:00,1.7191230486480342
2023-08-14 00:00:00,1.724120545637114
2023-08-15 00:00:00,1.718409219342212
2023-08-16 00:00:00,1.7116808891267727
2023-08-17 00:00:00,1.7072088805701324
2023-08-18 00:00:00,1.6989853460537792
2023-08-21 00:00:00,1.697576029470146
2023-08-22 00:00:00,1.7017332572187662
2023-08-23 00:00:00,1.7052236085502774
2023-08-24 00:00:00,1.6940244213527473
2023-08-25 00:00:00,1.6827736831180629
2023-08-28 00:00:00,1.6932696938344372
2023-08-29 00:00:00,1.7056296662300379
2023-08-30 00:00:00,1.7217614224549327
2023-08-31 00:00:00,1.7003814791139114
2023-09-01 00:00:00,1.6857439826293328
2023-09-05 00:00:00,1.6788749322700982
2023-09-06 00:00:00,1.6739553512475542
2023-09-07 00:00:00,1.6732334298022722
2023-09-08 00:00:00,1.676426623370597
2023-09-11 00:00:00,1.6820441371875403
2023-09-12 00:00:00,1.6769549740843823
2023-09-13 00:00:00,1.674918882766062
2023-09-14 00:00:00,1.6673161801064764
2023-09-15 00:00:00,1.6693188545906983
2023-09-18 00:00:00,1.669438569442264
2023-09-19 00:00:00,1.6697402628758355
2023-09-20 00:00:00,1.6697402628758355
2023-09-21 00:00:00,1.6697402628758355
2023-09-22 00:00:00,1.6697402628758355
2023-09-25 00:00:00,1.6697402628758355
2023-09-26 00:00:00,1.6697402628758355
2023-09-27 00:00:00,1.6697402628758355
2023-09-28 00:00:00,1.6697402628758355
2023-09-29 00:00:00,1.6697402628758355
2023-10-02 00:00:00,1.6697402628758355
2023-10-03 00:00:00,1.6697402628758355
2023-10-04 00:00:00,1.6697402628758355
2023-10-05 00:00:00,1.6697402628758355
2023-10-06 00:00:00,1.6697402628758355
2023-10-10 00:00:00,1.6697402628758355
2023-10-11 00:00:00,1.6697402628758355
2023-10-12 00:00:00,1.6697402628758355
2023-10-13 00:00:00,1.6697402628758355
2023-10-16 00:00:00,1.6697402628758355
2023-10-17 00:00:00,1.6697402628758355
2023-10-18 00:00:00,1.6697402628758355
2023-10-19 00:00:00,1.6697402628758355
2023-10-20 00:00:00,1.6697402628758355
2023-10-23 00:00:00,1.6697402628758355
2023-10-24 00:00:00,1.6697402628758355
2023-10-25 00:00:00,1.6697402628758355
2023-10-26 00:00:00,1.6697402628758355
2023-10-27 00:00:00,1.6697402628758355
2023-10-30 00:00:00,1.6697402628758355
2023-10-31 00:00:00,1.6697402628758355
2023-11-01 00:00:00,1.6697402628758355
2023-11-02 00:00:00,1.6697402628758355
2023-11-03 00:00:00,1.6697402628758355
2023-11-06 00:00:00,1.6697402628758355
2023-11-07 00:00:00,1.6697402628758355
2023-11-08 00:00:00,1.6697402628758355
2023-11-09 00:00:00,1.6697402628758355
2023-11-13 00:00:00,1.6697402628758355
2023-11-14 00:00:00,1.6697402628758355
2023-11-15 00:00:00,1.6697402628758355
2023-11-16 00:00:00,1.6697402628758355
2023-11-17 00:00:00,1.6697402628758355
2023-11-20 00:00:00,1.6697402628758355
2023-11-21 00:00:00,1.6697402628758355
2023-11-22 00:00:00,1.6599071414830209
2023-11-24 00:00:00,1.669420732053944
2023-11-27 00:00:00,1.670091888086741
2023-11-28 00:00:00,1.6900711924097622
2023-11-29 00:00:00,1.68297964260077
2023-11-30 00:00:00,1.6714358204014121
2023-12-01 00:00:00,1.681698132496909
2023-12-04 00:00:00,1.669516578458862
2023-12-05 00:00:00,1.662057628467938
2023-12-06 00:00:00,1.670059916038956
2023-12-07 00:00:00,1.67767168165178
2023-12-08 00:00:00,1.663293512192168
2023-12-11 00:00:00,1.6610449409116785
2023-12-12 00:00:00,1.6689097370334194
2023-12-13 00:00:00,1.6705236305776532
2023-12-14 00:00:00,1.7100481191467312
2023-12-15 00:00:00,1.7015428232030918
2023-12-18 00:00:00,1.7069196559092685
2023-12-19 00:00:00,1.7164408852858541
2023-12-20 00:00:00,1.719570483604252
2023-12-21 00:00:00,1.7272137756612562
2023-12-22 00:00:00,1.7421491931863704
2023-12-26 00:00:00,1.7397866036637766
2023-12-27 00:00:00,1.7572035687869174
2023-12-28 00:00:00,1.7491528606931648
2023-12-29 00:00:00,1.7359610326589636
