date,combined_equity
1971-01-04 00:00:00,1.0
1971-01-05 00:00:00,1.0
1971-01-06 00:00:00,1.0
1971-01-07 00:00:00,1.0
1971-01-08 00:00:00,1.0
1971-01-11 00:00:00,1.0
1971-01-12 00:00:00,1.0
1971-01-13 00:00:00,1.0
1971-01-14 00:00:00,1.0
1971-01-15 00:00:00,1.0
1971-01-18 00:00:00,1.0
1971-01-19 00:00:00,1.0
1971-01-20 00:00:00,1.0
1971-01-21 00:00:00,1.0
1971-01-22 00:00:00,1.0
1971-01-25 00:00:00,1.0
1971-01-26 00:00:00,1.0
1971-01-27 00:00:00,1.0
1971-01-28 00:00:00,1.0
1971-01-29 00:00:00,1.0
1971-02-01 00:00:00,1.0
1971-02-02 00:00:00,1.0
1971-02-03 00:00:00,1.0
1971-02-04 00:00:00,1.0
1971-02-05 00:00:00,1.0
1971-02-08 00:00:00,1.0
1971-02-09 00:00:00,1.0
1971-02-10 00:00:00,1.0
1971-02-11 00:00:00,1.0
1971-02-16 00:00:00,1.0
1971-02-17 00:00:00,1.0
1971-02-18 00:00:00,1.0
1971-02-19 00:00:00,1.0
1971-02-22 00:00:00,1.0
1971-02-23 00:00:00,1.0
1971-02-24 00:00:00,1.0
1971-02-25 00:00:00,1.0
1971-02-26 00:00:00,1.0
1971-03-01 00:00:00,1.0
1971-03-02 00:00:00,1.0
1971-03-03 00:00:00,1.0
1971-03-04 00:00:00,1.0
1971-03-05 00:00:00,1.0
1971-03-08 00:00:00,1.0
1971-03-09 00:00:00,1.0
1971-03-10 00:00:00,1.0
1971-03-11 00:00:00,1.0
1971-03-12 00:00:00,1.0
1971-03-15 00:00:00,1.0
1971-03-16 00:00:00,1.0
1971-03-17 00:00:00,1.0
1971-03-18 00:00:00,1.0
1971-03-19 00:00:00,1.0
1971-03-22 00:00:00,1.0
1971-03-23 00:00:00,1.0
1971-03-24 00:00:00,1.0
1971-03-25 00:00:00,1.0
1971-03-26 00:00:00,1.0
1971-03-29 00:00:00,1.0
1971-03-30 00:00:00,1.0
1971-03-31 00:00:00,1.0
1971-04-01 00:00:00,1.0
1971-04-02 00:00:00,1.0
1971-04-05 00:00:00,1.0
1971-04-06 00:00:00,1.0
1971-04-07 00:00:00,1.0
1971-04-08 00:00:00,1.0
1971-04-09 00:00:00,1.0
1971-04-12 00:00:00,1.0
1971-04-13 00:00:00,1.0
1971-04-14 00:00:00,1.0
1971-04-15 00:00:00,1.0
1971-04-16 00:00:00,1.0
1971-04-19 00:00:00,1.0
1971-04-20 00:00:00,1.0
1971-04-21 00:00:00,1.0
1971-04-22 00:00:00,1.0
1971-04-23 00:00:00,1.0
1971-04-26 00:00:00,1.0
1971-04-27 00:00:00,1.0
1971-04-28 00:00:00,1.0
1971-04-29 00:00:00,1.0
1971-04-30 00:00:00,1.0
1971-05-03 00:00:00,1.0
1971-05-04 00:00:00,1.0
1971-05-05 00:00:00,1.0
1971-05-06 00:00:00,1.0
1971-05-07 00:00:00,1.0
1971-05-10 00:00:00,1.0
1971-05-11 00:00:00,1.0
1971-05-12 00:00:00,1.0
1971-05-13 00:00:00,1.0
1971-05-14 00:00:00,1.0
1971-05-17 00:00:00,1.0
1971-05-18 00:00:00,1.0
1971-05-19 00:00:00,1.0
1971-05-20 00:00:00,1.0
1971-05-21 00:00:00,1.0
1971-05-24 00:00:00,1.0
1971-05-25 00:00:00,1.0
1971-05-26 00:00:00,1.0
1971-05-27 00:00:00,1.0
1971-05-28 00:00:00,1.0
1971-06-01 00:00:00,1.0
1971-06-02 00:00:00,1.0
1971-06-03 00:00:00,1.0
1971-06-04 00:00:00,1.0
1971-06-07 00:00:00,1.0
1971-06-08 00:00:00,1.0
1971-06-09 00:00:00,1.0
1971-06-10 00:00:00,1.0
1971-06-11 00:00:00,1.0
1971-06-14 00:00:00,1.0
1971-06-15 00:00:00,1.0
1971-06-16 00:00:00,1.0
1971-06-17 00:00:00,1.0
1971-06-18 00:00:00,1.0
1971-06-21 00:00:00,1.0
1971-06-22 00:00:00,1.0
1971-06-23 00:00:00,1.0
1971-06-24 00:00:00,1.0
1971-06-25 00:00:00,1.0
1971-06-28 00:00:00,1.0
1971-06-29 00:00:00,1.0
1971-06-30 00:00:00,1.0
1971-07-01 00:00:00,1.0
1971-07-02 00:00:00,1.0
1971-07-06 00:00:00,1.0
1971-07-07 00:00:00,1.0
1971-07-08 00:00:00,1.0
1971-07-09 00:00:00,1.0
1971-07-12 00:00:00,1.0
1971-07-13 00:00:00,1.0
1971-07-14 00:00:00,1.0
1971-07-15 00:00:00,1.0
1971-07-16 00:00:00,1.0
1971-07-19 00:00:00,1.0
1971-07-20 00:00:00,1.0
1971-07-21 00:00:00,1.0
1971-07-22 00:00:00,1.0
1971-07-23 00:00:00,1.0
1971-07-26 00:00:00,1.0
1971-07-27 00:00:00,1.0
1971-07-28 00:00:00,1.0
1971-07-29 00:00:00,1.0
1971-07-30 00:00:00,1.0
1971-08-02 00:00:00,1.0
1971-08-03 00:00:00,1.0
1971-08-04 00:00:00,1.0
1971-08-05 00:00:00,1.0
1971-08-06 00:00:00,1.0
1971-08-09 00:00:00,1.0
1971-08-10 00:00:00,1.0
1971-08-11 00:00:00,1.0
1971-08-12 00:00:00,1.0
1971-08-13 00:00:00,1.0
1971-08-23 00:00:00,1.0
1971-08-24 00:00:00,1.0
1971-08-25 00:00:00,1.0
1971-08-26 00:00:00,1.0
1971-08-27 00:00:00,1.0
1971-08-30 00:00:00,1.0
1971-08-31 00:00:00,1.0
1971-09-01 00:00:00,1.0
1971-09-02 00:00:00,1.0
1971-09-03 00:00:00,1.0
1971-09-07 00:00:00,1.0
1971-09-08 00:00:00,1.0
1971-09-09 00:00:00,1.0
1971-09-10 00:00:00,1.0
1971-09-13 00:00:00,1.0
1971-09-14 00:00:00,1.0
1971-09-15 00:00:00,1.0
1971-09-16 00:00:00,1.0
1971-09-17 00:00:00,1.0
1971-09-20 00:00:00,1.0
1971-09-21 00:00:00,1.0
1971-09-22 00:00:00,1.0
1971-09-23 00:00:00,1.0
1971-09-24 00:00:00,1.0
1971-09-27 00:00:00,1.0
1971-09-28 00:00:00,1.0
1971-09-29 00:00:00,1.0
1971-09-30 00:00:00,1.0
1971-10-01 00:00:00,1.0
1971-10-04 00:00:00,1.0
1971-10-05 00:00:00,1.0
1971-10-06 00:00:00,1.0
1971-10-07 00:00:00,1.0
1971-10-08 00:00:00,1.0
1971-10-12 00:00:00,1.0
1971-10-13 00:00:00,1.0
1971-10-14 00:00:00,1.0
1971-10-15 00:00:00,1.0
1971-10-18 00:00:00,1.0
1971-10-19 00:00:00,1.0
1971-10-20 00:00:00,1.0
1971-10-21 00:00:00,1.0
1971-10-22 00:00:00,1.0
1971-10-26 00:00:00,1.0
1971-10-27 00:00:00,1.0
1971-10-28 00:00:00,1.0
1971-10-29 00:00:00,1.0
1971-11-01 00:00:00,1.0
1971-11-03 00:00:00,1.0
1971-11-04 00:00:00,1.0
1971-11-05 00:00:00,1.0
1971-11-08 00:00:00,1.0
1971-11-09 00:00:00,1.0
1971-11-10 00:00:00,1.0
1971-11-11 00:00:00,1.0
1971-11-12 00:00:00,1.0
1971-11-15 00:00:00,1.0
1971-11-16 00:00:00,1.0
1971-11-17 00:00:00,1.0
1971-11-18 00:00:00,1.0
1971-11-19 00:00:00,1.0
1971-11-22 00:00:00,1.0
1971-11-23 00:00:00,1.0
1971-11-24 00:00:00,1.0
1971-11-26 00:00:00,1.0
1971-11-29 00:00:00,1.0
1971-11-30 00:00:00,1.0
1971-12-01 00:00:00,1.0
1971-12-02 00:00:00,1.0
1971-12-03 00:00:00,1.0
1971-12-06 00:00:00,1.0
1971-12-07 00:00:00,1.0
1971-12-08 00:00:00,1.0
1971-12-09 00:00:00,1.0
1971-12-10 00:00:00,1.0
1971-12-13 00:00:00,1.0
1971-12-14 00:00:00,1.0
1971-12-15 00:00:00,1.0
1971-12-16 00:00:00,1.0
1971-12-17 00:00:00,1.0
1971-12-21 00:00:00,1.0
1971-12-22 00:00:00,1.0
1971-12-23 00:00:00,1.0
1971-12-24 00:00:00,1.0
1971-12-27 00:00:00,1.0
1971-12-28 00:00:00,1.0
1971-12-29 00:00:00,1.0
1971-12-30 00:00:00,1.0
1971-12-31 00:00:00,1.0
1972-01-03 00:00:00,1.0
1972-01-04 00:00:00,1.0
1972-01-05 00:00:00,1.0
1972-01-06 00:00:00,1.0
1972-01-07 00:00:00,1.0
1972-01-10 00:00:00,1.0
1972-01-11 00:00:00,1.0
1972-01-12 00:00:00,1.0
1972-01-13 00:00:00,1.0
1972-01-14 00:00:00,1.0
1972-01-17 00:00:00,1.0
1972-01-18 00:00:00,1.0
1972-01-19 00:00:00,1.0
1972-01-20 00:00:00,1.0
1972-01-21 00:00:00,1.0
1972-01-24 00:00:00,1.0
1972-01-25 00:00:00,1.0
1972-01-26 00:00:00,1.0
1972-01-27 00:00:00,1.0
1972-01-28 00:00:00,1.0
1972-01-31 00:00:00,1.0
1972-02-01 00:00:00,1.0
1972-02-02 00:00:00,1.0
1972-02-03 00:00:00,1.0
1972-02-04 00:00:00,1.0
1972-02-07 00:00:00,1.0
1972-02-08 00:00:00,1.0
1972-02-09 00:00:00,1.0
1972-02-10 00:00:00,1.0
1972-02-11 00:00:00,1.0
1972-02-14 00:00:00,1.0
1972-02-15 00:00:00,1.0
1972-02-16 00:00:00,1.0
1972-02-17 00:00:00,1.0
1972-02-18 00:00:00,1.0
1972-02-22 00:00:00,1.0
1972-02-23 00:00:00,1.0
1972-02-24 00:00:00,1.0
1972-02-25 00:00:00,1.0
1972-02-28 00:00:00,1.0
1972-02-29 00:00:00,1.0
1972-03-01 00:00:00,1.0
1972-03-02 00:00:00,1.0
1972-03-03 00:00:00,1.0
1972-03-06 00:00:00,1.0
1972-03-07 00:00:00,1.0
1972-03-08 00:00:00,1.0
1972-03-09 00:00:00,1.0
1972-03-10 00:00:00,1.0
1972-03-13 00:00:00,1.0
1972-03-14 00:00:00,1.0
1972-03-15 00:00:00,1.0
1972-03-16 00:00:00,1.0
1972-03-17 00:00:00,1.0
1972-03-20 00:00:00,1.0
1972-03-21 00:00:00,1.0
1972-03-22 00:00:00,1.0
1972-03-23 00:00:00,1.0
1972-03-24 00:00:00,1.0
1972-03-27 00:00:00,1.0
1972-03-28 00:00:00,1.0
1972-03-29 00:00:00,1.0
1972-03-30 00:00:00,1.0
1972-03-31 00:00:00,1.0
1972-04-03 00:00:00,1.0
1972-04-04 00:00:00,1.0
1972-04-05 00:00:00,1.0
1972-04-06 00:00:00,1.0
1972-04-07 00:00:00,1.0
1972-04-10 00:00:00,1.0
1972-04-11 00:00:00,1.0
1972-04-12 00:00:00,1.0
1972-04-13 00:00:00,1.0
1972-04-14 00:00:00,1.0
1972-04-17 00:00:00,1.0
1972-04-18 00:00:00,1.0
1972-04-19 00:00:00,1.0
1972-04-20 00:00:00,1.0
1972-04-21 00:00:00,1.0
1972-04-24 00:00:00,1.0
1972-04-25 00:00:00,1.0
1972-04-26 00:00:00,1.0
1972-04-27 00:00:00,1.0
1972-04-28 00:00:00,1.0
1972-05-01 00:00:00,1.0
1972-05-02 00:00:00,1.0
1972-05-03 00:00:00,1.0
1972-05-04 00:00:00,1.0
1972-05-05 00:00:00,1.0
1972-05-08 00:00:00,1.0
1972-05-09 00:00:00,1.0
1972-05-10 00:00:00,1.0
1972-05-11 00:00:00,1.0
1972-05-12 00:00:00,1.0
1972-05-15 00:00:00,1.0
1972-05-16 00:00:00,1.0
1972-05-17 00:00:00,1.0
1972-05-18 00:00:00,1.0
1972-05-19 00:00:00,1.0
1972-05-22 00:00:00,1.0
1972-05-23 00:00:00,1.0
1972-05-24 00:00:00,1.0
1972-05-25 00:00:00,1.0
1972-05-26 00:00:00,1.0
1972-05-30 00:00:00,1.0
1972-05-31 00:00:00,1.0
1972-06-01 00:00:00,1.0
1972-06-02 00:00:00,1.0
1972-06-05 00:00:00,1.0
1972-06-06 00:00:00,1.0
1972-06-07 00:00:00,1.0
1972-06-08 00:00:00,1.0
1972-06-09 00:00:00,1.0
1972-06-12 00:00:00,1.0
1972-06-13 00:00:00,1.0
1972-06-14 00:00:00,1.0
1972-06-15 00:00:00,1.0
1972-06-16 00:00:00,1.0
1972-06-19 00:00:00,1.0
1972-06-20 00:00:00,1.0
1972-06-21 00:00:00,1.0
1972-06-22 00:00:00,1.0
1972-06-23 00:00:00,1.0
1972-06-26 00:00:00,1.0
1972-06-27 00:00:00,1.0
1972-06-28 00:00:00,1.0
1972-06-29 00:00:00,1.0
1972-06-30 00:00:00,1.0
1972-07-03 00:00:00,1.0
1972-07-05 00:00:00,1.0
1972-07-06 00:00:00,1.0
1972-07-07 00:00:00,1.0
1972-07-10 00:00:00,1.0
1972-07-11 00:00:00,1.0
1972-07-12 00:00:00,1.0
1972-07-13 00:00:00,1.0
1972-07-14 00:00:00,1.0
1972-07-17 00:00:00,1.0
1972-07-18 00:00:00,1.0
1972-07-19 00:00:00,1.0
1972-07-20 00:00:00,1.0
1972-07-21 00:00:00,1.0
1972-07-24 00:00:00,1.0
1972-07-25 00:00:00,1.0
1972-07-26 00:00:00,1.0
1972-07-27 00:00:00,1.0
1972-07-28 00:00:00,1.0
1972-07-31 00:00:00,1.0
1972-08-01 00:00:00,1.0
1972-08-02 00:00:00,1.0
1972-08-03 00:00:00,1.0
1972-08-04 00:00:00,1.0
1972-08-07 00:00:00,1.0
1972-08-08 00:00:00,1.0
1972-08-09 00:00:00,1.0
1972-08-10 00:00:00,1.0
1972-08-11 00:00:00,1.0
1972-08-14 00:00:00,1.0
1972-08-15 00:00:00,1.0
1972-08-16 00:00:00,1.0
1972-08-17 00:00:00,1.0
1972-08-18 00:00:00,1.0
1972-08-21 00:00:00,1.0
1972-08-22 00:00:00,1.0
1972-08-23 00:00:00,1.0
1972-08-24 00:00:00,1.0
1972-08-25 00:00:00,1.0
1972-08-28 00:00:00,1.0
1972-08-29 00:00:00,1.0
1972-08-30 00:00:00,1.0
1972-08-31 00:00:00,1.0
1972-09-01 00:00:00,1.0
1972-09-05 00:00:00,1.0
1972-09-06 00:00:00,1.0
1972-09-07 00:00:00,1.0
1972-09-08 00:00:00,1.0
1972-09-11 00:00:00,1.0
1972-09-12 00:00:00,1.0
1972-09-13 00:00:00,1.0
1972-09-14 00:00:00,1.0
1972-09-15 00:00:00,1.0
1972-09-18 00:00:00,1.0
1972-09-19 00:00:00,1.0
1972-09-20 00:00:00,1.0
1972-09-21 00:00:00,1.0
1972-09-22 00:00:00,1.0
1972-09-25 00:00:00,1.0
1972-09-26 00:00:00,1.0
1972-09-27 00:00:00,1.0
1972-09-28 00:00:00,1.0
1972-09-29 00:00:00,1.0
1972-10-02 00:00:00,1.0
1972-10-03 00:00:00,1.0
1972-10-04 00:00:00,1.0
1972-10-05 00:00:00,1.0
1972-10-06 00:00:00,1.0
1972-10-10 00:00:00,1.0
1972-10-11 00:00:00,1.0
1972-10-12 00:00:00,1.0
1972-10-13 00:00:00,1.0
1972-10-16 00:00:00,1.0
1972-10-17 00:00:00,1.0
1972-10-18 00:00:00,1.0
1972-10-19 00:00:00,1.0
1972-10-20 00:00:00,1.0
1972-10-24 00:00:00,1.0
1972-10-25 00:00:00,1.0
1972-10-26 00:00:00,1.0
1972-10-27 00:00:00,1.0
1972-10-30 00:00:00,1.0
1972-10-31 00:00:00,1.0
1972-11-01 00:00:00,0.9996112084241912
1972-11-02 00:00:00,0.9998850574712643
1972-11-03 00:00:00,0.9993305233962324
1972-11-06 00:00:00,0.9984435151083538
1972-11-08 00:00:00,0.9967228362036422
1972-11-09 00:00:00,0.9969984483357216
1972-11-10 00:00:00,0.9954403570120365
1972-11-13 00:00:00,0.9953828857476686
1972-11-14 00:00:00,0.9956592736577153
1972-11-15 00:00:00,0.9954349005608745
1972-11-16 00:00:00,0.9943900571425789
1972-11-17 00:00:00,0.9933280342926616
1972-11-20 00:00:00,0.9902908028691896
1972-11-21 00:00:00,0.988898197906188
1972-11-22 00:00:00,0.9888407266418202
1972-11-24 00:00:00,0.9892901011450218
1972-11-27 00:00:00,0.9880645847798899
1972-11-28 00:00:00,0.9873450481582237
1972-11-29 00:00:00,0.9879496422511542
1972-11-30 00:00:00,0.9885533703199811
1972-12-01 00:00:00,0.9896624176593299
1972-12-04 00:00:00,0.9894362749336003
1972-12-05 00:00:00,0.9890412915340806
1972-12-06 00:00:00,0.9868307157027894
1972-12-07 00:00:00,0.986942749307649
1972-12-08 00:00:00,0.9858828337946278
1972-12-11 00:00:00,0.9844959944961498
1972-12-12 00:00:00,0.9831211787723159
1972-12-13 00:00:00,0.9886197251611333
1972-12-14 00:00:00,0.988638992683506
1972-12-15 00:00:00,0.98891903355429
1972-12-18 00:00:00,0.9891988488462011
1972-12-19 00:00:00,0.9891413775818333
1972-12-20 00:00:00,0.9874259694040388
1972-12-21 00:00:00,0.9896850264830545
1972-12-22 00:00:00,0.9919487239478341
1972-12-26 00:00:00,0.9918912526834662
1972-12-27 00:00:00,0.9925037054665548
1972-12-28 00:00:00,0.9987512660896462
1972-12-29 00:00:00,0.9972355167083086
1973-01-02 00:00:00,0.9972355167083086
1973-01-03 00:00:00,0.995188526603379
1973-01-04 00:00:00,0.9957953217133174
1973-01-05 00:00:00,0.9957380093272996
1973-01-08 00:00:00,0.9950165894453258
1973-01-09 00:00:00,0.9916558529015739
1973-01-10 00:00:00,0.9947357997531309
1973-01-11 00:00:00,0.9951768164171195
1973-01-12 00:00:00,0.9951195040311018
1973-01-15 00:00:00,0.9953941350111933
1973-01-16 00:00:00,0.9964968890659378
1973-01-17 00:00:00,0.9964395766799201
1973-01-18 00:00:00,0.9968786109178854
1973-01-19 00:00:00,0.9968212985318677
1973-01-22 00:00:00,0.9967639861458499
1973-01-23 00:00:00,0.9942199882789714
1973-01-24 00:00:00,0.9953246711314551
1973-01-25 00:00:00,0.9913024679218466
1973-01-26 00:00:00,0.9909107918833435
1973-01-29 00:00:00,0.9905341059992936
1973-01-30 00:00:00,0.9845237657498176
1973-01-31 00:00:00,0.9813162182685243
1973-02-01 00:00:00,0.9761367180781321
1973-02-02 00:00:00,0.977079877554986
1973-02-05 00:00:00,0.9826446368169253
1973-02-06 00:00:00,0.9782909654409944
1973-02-07 00:00:00,0.9782336530549767
1973-02-08 00:00:00,0.9794985984099088
1973-02-09 00:00:00,0.9753075315769438
1973-02-13 00:00:00,0.9350851400123356
1973-02-14 00:00:00,0.9436222953961932
1973-02-15 00:00:00,0.8972885559436803
1973-02-16 00:00:00,0.8965774217490239
1973-02-20 00:00:00,0.9031311479128628
1973-02-21 00:00:00,0.9010772895706476
1973-02-22 00:00:00,0.8987085499132689
1973-02-23 00:00:00,0.8914136511954616
1973-02-26 00:00:00,0.8914136511954616
1973-02-27 00:00:00,0.8924822789491426
1973-02-28 00:00:00,0.8967675317231107
1973-03-01 00:00:00,0.916062577736704
1973-03-02 00:00:00,0.9471575225502359
1973-03-05 00:00:00,0.9165951722586441
1973-03-06 00:00:00,0.9139227920015942
1973-03-07 00:00:00,0.9085629044474379
1973-03-08 00:00:00,0.9128488704646713
1973-03-09 00:00:00,0.9058758479295189
1973-03-12 00:00:00,0.9048054703366784
1973-03-13 00:00:00,0.9053403427582127
1973-03-14 00:00:00,0.8903327908593223
1973-03-15 00:00:00,0.8994460218757528
1973-03-16 00:00:00,0.9085629044474379
1973-03-19 00:00:00,0.9010638393236534
1973-03-20 00:00:00,0.9032046383757476
1973-03-21 00:00:00,0.9032046383757476
1973-03-22 00:00:00,0.9064119869740688
1973-03-23 00:00:00,0.9080242186218576
1973-03-26 00:00:00,0.9085629044474379
1973-03-27 00:00:00,0.9085629044474379
1973-03-28 00:00:00,0.9085629044474379
1973-03-29 00:00:00,0.9080242186218576
1973-03-30 00:00:00,0.9080242186218576
1973-04-02 00:00:00,0.9040119687267767
1973-04-03 00:00:00,0.9013214116743539
1973-04-04 00:00:00,0.9074861711900977
1973-04-05 00:00:00,0.9069487610179943
1973-04-06 00:00:00,0.9074861711900977
1973-04-09 00:00:00,0.9080242186218576
1973-04-10 00:00:00,0.9080242186218576
1973-04-11 00:00:00,0.9091022298036956
1973-04-12 00:00:00,0.9093644189275681
1973-04-13 00:00:00,0.9085629044474379
1973-04-16 00:00:00,0.9074861711900977
1973-04-17 00:00:00,0.9072250638698378
1973-04-18 00:00:00,0.9064119869740688
1973-04-19 00:00:00,0.9069487610179943
1973-04-20 00:00:00,0.9069487610179943
1973-04-23 00:00:00,0.9077567945264989
1973-04-24 00:00:00,0.9077567945264989
1973-04-25 00:00:00,0.9064103829654282
1973-04-26 00:00:00,0.9061507409193195
1973-04-27 00:00:00,0.9042613714472406
1973-04-30 00:00:00,0.9056166518699076
1973-05-01 00:00:00,0.9056166518699076
1973-05-02 00:00:00,0.9064103829654282
1973-05-03 00:00:00,0.9074963806567584
1973-05-04 00:00:00,0.9066854603004258
1973-05-07 00:00:00,0.9066854603004258
1973-05-08 00:00:00,0.9077567945264989
1973-05-09 00:00:00,0.910446239377975
1973-05-10 00:00:00,0.909907076263728
1973-05-11 00:00:00,0.9112639038421197
1973-05-14 00:00:00,0.9244379354913593
1973-05-15 00:00:00,0.935729811928431
1973-05-16 00:00:00,0.929535175119073
1973-05-17 00:00:00,0.9287325231648739
1973-05-18 00:00:00,0.9319676277028724
1973-05-21 00:00:00,0.9454024580514188
1973-05-22 00:00:00,0.942717644339361
1973-05-23 00:00:00,0.9405577168976293
1973-05-24 00:00:00,0.9416446860679191
1973-05-25 00:00:00,0.936267419153502
1973-05-29 00:00:00,0.9432467686551989
1973-05-30 00:00:00,0.9491735888123064
1973-05-31 00:00:00,0.950246992054474
1973-06-01 00:00:00,0.9577781581060564
1973-06-04 00:00:00,0.9787483487367158
1973-06-05 00:00:00,0.9755170428526649
1973-06-06 00:00:00,0.9572326098493921
1973-06-07 00:00:00,0.9572326098493921
1973-06-08 00:00:00,0.9626128239240119
1973-06-11 00:00:00,0.9631472735979018
1973-06-12 00:00:00,0.9663838416715579
1973-06-13 00:00:00,0.9636823170621973
1973-06-14 00:00:00,0.9669224881122472
1973-06-15 00:00:00,0.9755170428526649
1973-06-18 00:00:00,0.9846622360402608
1973-06-19 00:00:00,0.981445560122255
1973-06-20 00:00:00,0.9790107107716913
1973-06-21 00:00:00,0.9790107107716913
1973-06-22 00:00:00,0.9822355607659983
1973-06-25 00:00:00,0.9876032644818205
1973-06-26 00:00:00,0.9849211358275466
1973-06-27 00:00:00,0.9983494637214809
1973-06-28 00:00:00,1.014444570365866
1973-06-29 00:00:00,1.014444570365866
1973-07-02 00:00:00,1.02034564326017
1973-07-03 00:00:00,1.0165965039974618
1973-07-05 00:00:00,1.0225032331560016
1973-07-06 00:00:00,1.0466491599012906
1973-07-09 00:00:00,1.041288600823691
1973-07-10 00:00:00,1.0171359146874734
1973-07-11 00:00:00,0.9967365314402598
1973-07-12 00:00:00,1.001030646189932
1973-07-13 00:00:00,0.9988696793162367
1973-07-16 00:00:00,0.999948995250442
1973-07-17 00:00:00,1.0117674310661262
1973-07-18 00:00:00,1.0198028237205117
1973-07-19 00:00:00,1.0198028237205117
1973-07-20 00:00:00,1.0165965039974618
1973-07-23 00:00:00,1.018738250765046
1973-07-24 00:00:00,1.018197139676714
1973-07-25 00:00:00,1.018197139676714
1973-07-26 00:00:00,1.0225032331560016
1973-07-27 00:00:00,1.0176566031143086
1973-07-30 00:00:00,1.0090854132852922
1973-07-31 00:00:00,1.0063987065805031
1973-08-01 00:00:00,1.0117674310661262
1973-08-02 00:00:00,1.0090854132852922
1973-08-03 00:00:00,1.005851771261534
1973-08-06 00:00:00,0.9994090458804972
1973-08-07 00:00:00,1.000489528371197
1973-08-08 00:00:00,0.9983494637214809
1973-08-09 00:00:00,0.9918921925980445
1973-08-10 00:00:00,0.9768725492412044
1973-08-13 00:00:00,0.9768725492412044
1973-08-14 00:00:00,0.9591540782354893
1973-08-15 00:00:00,0.9537852015647796
1973-08-16 00:00:00,0.9473544701988805
1973-08-17 00:00:00,0.9551043426760168
1973-08-20 00:00:00,0.9551043426760168
1973-08-21 00:00:00,0.9524666948577174
1973-08-22 00:00:00,0.9456053298779167
1973-08-23 00:00:00,0.9419256689962382
1973-08-24 00:00:00,0.9461478847541284
1973-08-27 00:00:00,0.9419256689962382
1973-08-28 00:00:00,0.9408676086031426
1973-08-29 00:00:00,0.9435087939584332
1973-08-30 00:00:00,0.9408676086031426
1973-08-31 00:00:00,0.9435087939584332
1973-09-04 00:00:00,0.9440320558975842
1973-09-05 00:00:00,0.9514191412023738
1973-09-06 00:00:00,0.9503567731383565
1973-09-07 00:00:00,0.9493138529217294
1973-09-10 00:00:00,0.9524666948577174
1973-09-11 00:00:00,0.9487847210116918
1973-09-12 00:00:00,0.9472008585264271
1973-09-13 00:00:00,0.9450803228889988
1973-09-14 00:00:00,0.9461478847541284
1973-09-17 00:00:00,0.9540509822546964
1973-09-18 00:00:00,0.9545860060512538
1973-09-19 00:00:00,0.9524666948577174
1973-09-20 00:00:00,0.9630353657062316
1973-09-21 00:00:00,0.9593237070230021
1973-09-24 00:00:00,0.9540509822546964
1973-09-25 00:00:00,0.9593237070230021
1973-09-26 00:00:00,0.9545860060512538
1973-09-27 00:00:00,0.9551043426760168
1973-09-28 00:00:00,0.9535337880106118
1973-10-01 00:00:00,0.9545860060512538
1973-10-02 00:00:00,0.9566974242345896
1973-10-03 00:00:00,0.9572180570048663
1973-10-04 00:00:00,0.9609134085132888
1973-10-05 00:00:00,0.9582784264066259
1973-10-09 00:00:00,0.9651314097577915
1973-10-10 00:00:00,0.9704205790776844
1973-10-11 00:00:00,0.9735717021550757
1973-10-12 00:00:00,0.9693509897405672
1973-10-15 00:00:00,0.9667227228818771
1973-10-16 00:00:00,0.9688348663112264
1973-10-17 00:00:00,0.9717070553999778
1973-10-18 00:00:00,0.9717070553999778
1973-10-19 00:00:00,0.9711715517597699
1973-10-23 00:00:00,0.9801743842472995
1973-10-24 00:00:00,0.9780527946710065
1973-10-25 00:00:00,0.9743575400052817
1973-10-26 00:00:00,0.9632443429561189
1973-10-29 00:00:00,0.9579558194380408
1973-10-30 00:00:00,0.9526735460256348
1973-10-31 00:00:00,0.9553246433528476
1973-11-01 00:00:00,0.9542555460659651
1973-11-02 00:00:00,0.9542555460659651
1973-11-05 00:00:00,0.9500371219656876
1973-11-07 00:00:00,0.9368218199129337
1973-11-08 00:00:00,0.9357605848655076
1973-11-09 00:00:00,0.9304738949478437
1973-11-12 00:00:00,0.9204301292375532
1973-11-13 00:00:00,0.9225341714475821
1973-11-15 00:00:00,0.964844066196054
1973-11-16 00:00:00,0.9595554262223499
1973-11-19 00:00:00,0.9616674081518252
1973-11-20 00:00:00,0.9600781927713398
1973-11-21 00:00:00,0.953739099493913
1973-11-23 00:00:00,0.9347017514390937
1973-11-26 00:00:00,0.9447402745380019
1973-11-27 00:00:00,0.9436947228436434
1973-11-28 00:00:00,0.9384015364966202
1973-11-29 00:00:00,0.9410406864212635
1973-11-30 00:00:00,0.9452808211119044
1973-12-03 00:00:00,0.9420971499393515
1973-12-04 00:00:00,0.9352308684594913
1973-12-05 00:00:00,0.9357605848655076
1973-12-06 00:00:00,0.938934851759077
1973-12-07 00:00:00,0.9384015364966202
1973-12-10 00:00:00,0.9347017514390937
1973-12-11 00:00:00,0.9347017514390937
1973-12-12 00:00:00,0.9352308684594913
1973-12-13 00:00:00,0.9373367214486469
1973-12-14 00:00:00,0.9368218199129337
1973-12-17 00:00:00,0.9352308684594913
1973-12-18 00:00:00,0.9341732327875636
1973-12-19 00:00:00,0.9328264744189642
1973-12-20 00:00:00,0.9328264744189642
1973-12-21 00:00:00,0.9364769625023366
1973-12-24 00:00:00,0.9364233517854159
1973-12-26 00:00:00,0.9347835382729903
1973-12-27 00:00:00,0.9416076852589259
1973-12-28 00:00:00,0.9410211697545022
1973-12-31 00:00:00,0.9425644321739243
1974-01-02 00:00:00,0.9525448777075579
1974-01-03 00:00:00,0.9662542547193071
1974-01-04 00:00:00,0.964608463142852
1974-01-07 00:00:00,0.9798865822258865
1974-01-08 00:00:00,0.9898832496808174
1974-01-09 00:00:00,0.976611662968288
1974-01-10 00:00:00,0.9707442637693314
1974-01-11 00:00:00,0.9722755460895062
1974-01-14 00:00:00,0.981201304487824
1974-01-15 00:00:00,0.9922578046922707
1974-01-16 00:00:00,0.985852456021095
1974-01-17 00:00:00,0.9895079746623731
1974-01-18 00:00:00,0.9878727308592943
1974-01-21 00:00:00,0.9978638051838509
1974-01-22 00:00:00,0.9909375113672735
1974-01-23 00:00:00,0.9930002103574236
1974-01-24 00:00:00,0.9749610019007249
1974-01-25 00:00:00,0.9772946795952528
1974-01-28 00:00:00,0.9785486232217976
1974-01-29 00:00:00,0.9758611129313993
1974-01-30 00:00:00,0.9810892268769187
1974-01-31 00:00:00,0.9704690256664583
1974-02-01 00:00:00,0.9709437122591195
1974-02-04 00:00:00,0.9655941191863585
1974-02-05 00:00:00,0.9613075983563021
1974-02-06 00:00:00,0.9612539876393814
1974-02-07 00:00:00,0.9612003769224607
1974-02-08 00:00:00,0.9616857552298673
1974-02-11 00:00:00,0.9600441335034282
1974-02-13 00:00:00,0.9361976616354778
1974-02-14 00:00:00,0.9350853808231971
1974-02-15 00:00:00,0.9339706805338776
1974-02-19 00:00:00,0.9391984053792007
1974-02-20 00:00:00,0.9393978515074575
1974-02-21 00:00:00,0.9393978515074575
1974-02-22 00:00:00,0.9275118606083671
1974-02-25 00:00:00,0.9371350661533966
1974-02-26 00:00:00,0.9311750139343125
1974-02-27 00:00:00,0.9338011776130686
1974-02-28 00:00:00,0.9332156962662933
1974-03-01 00:00:00,0.9363912440037758
1974-03-04 00:00:00,0.9363372556215053
1974-03-05 00:00:00,0.9335852240839864
1974-03-06 00:00:00,0.9346089929353372
1974-03-07 00:00:00,0.9345550045530666
1974-03-08 00:00:00,0.9345010161707961
1974-03-11 00:00:00,0.9322890487928684
1974-03-12 00:00:00,0.9295487673771137
1974-03-13 00:00:00,0.9294947789948431
1974-03-14 00:00:00,0.9326758124435879
1974-03-15 00:00:00,0.9320730952637863
1974-03-18 00:00:00,0.933646805163742
1974-03-19 00:00:00,0.9319651184992452
1974-03-20 00:00:00,0.9286890967023655
1974-03-21 00:00:00,0.920576874882883
1974-03-22 00:00:00,0.9178234475024175
1974-03-25 00:00:00,0.9070279719954835
1974-03-26 00:00:00,0.9074992650318573
1974-03-27 00:00:00,0.9144468356393228
1974-03-28 00:00:00,0.8982586599766187
1974-03-29 00:00:00,0.8853056520909105
1974-04-01 00:00:00,0.9040702214730927
1974-04-02 00:00:00,0.9050896255245314
1974-04-03 00:00:00,0.9109406419607977
1974-04-04 00:00:00,0.9114246476397894
1974-04-05 00:00:00,0.9092325027545207
1974-04-08 00:00:00,0.9075555634118236
1974-04-09 00:00:00,0.9118000778173562
1974-04-10 00:00:00,0.9165901739560213
1974-04-11 00:00:00,0.9063261230259665
1974-04-12 00:00:00,0.9062721346436959
1974-04-15 00:00:00,0.9089085724608975
1974-04-16 00:00:00,0.9099161527210387
1974-04-17 00:00:00,0.9039505548447929
1974-04-18 00:00:00,0.9014631755684819
1974-04-19 00:00:00,0.9014631755684819
1974-04-22 00:00:00,0.904434400821653
1974-04-23 00:00:00,0.9153691575797762
1974-04-24 00:00:00,0.9163486858382887
1974-04-25 00:00:00,0.911388269251341
1974-04-26 00:00:00,0.9188406985814386
1974-04-29 00:00:00,0.928268668743502
1974-04-30 00:00:00,0.9292760140161483
1974-05-01 00:00:00,0.9292760140161483
1974-05-02 00:00:00,0.9277831453705392
1974-05-03 00:00:00,0.9238140565281155
1974-05-06 00:00:00,0.9327489318119194
1974-05-07 00:00:00,0.9312623539107321
1974-05-08 00:00:00,0.9426806445825551
1974-05-09 00:00:00,0.9570858889490321
1974-05-10 00:00:00,0.9526068341923564
1974-05-13 00:00:00,0.9570858889490321
1974-05-14 00:00:00,0.9486403682695598
1974-05-15 00:00:00,0.9302681236396529
1974-05-16 00:00:00,0.9362302567600581
1974-05-17 00:00:00,0.9347325702666995
1974-05-20 00:00:00,0.9297631015391729
1974-05-21 00:00:00,0.9247945317305528
1974-05-22 00:00:00,0.9317515265194837
1974-05-23 00:00:00,0.934240263362133
1974-05-24 00:00:00,0.9317515265194837
1974-05-28 00:00:00,0.9168561614354742
1974-05-29 00:00:00,0.9128791354259762
1974-05-30 00:00:00,0.9138701538441354
1974-05-31 00:00:00,0.9108868268554647
1974-06-03 00:00:00,0.9143748871667049
1974-06-04 00:00:00,0.91040262342812
1974-06-05 00:00:00,0.9128791354259762
1974-06-06 00:00:00,0.9158586598030809
1974-06-07 00:00:00,0.9178388764459756
1974-06-10 00:00:00,0.9163486858382887
1974-06-11 00:00:00,0.9153691575797762
1974-06-12 00:00:00,0.9173472557556255
1974-06-13 00:00:00,0.9173472557556255
1974-06-14 00:00:00,0.9163486858382887
1974-06-17 00:00:00,0.9160782468856181
1974-06-18 00:00:00,0.9160782468856181
1974-06-19 00:00:00,0.9190577485109553
1974-06-20 00:00:00,0.9180737284741526
1974-06-21 00:00:00,0.9140914210519478
1974-06-24 00:00:00,0.9101102012109676
1974-06-25 00:00:00,0.9120964667346462
1974-06-26 00:00:00,0.9116116202946261
1974-06-27 00:00:00,0.9125985750362104
1974-06-28 00:00:00,0.9135876691436583
1974-07-01 00:00:00,0.9111105971452473
1974-07-02 00:00:00,0.9175655789593056
1974-07-03 00:00:00,0.9235463685268956
1974-07-05 00:00:00,0.9190577485109553
1974-07-08 00:00:00,0.9190577485109553
1974-07-09 00:00:00,0.9185654749579497
1974-07-10 00:00:00,0.9180737284741526
1974-07-11 00:00:00,0.9195675525613098
1974-07-12 00:00:00,0.9205547791795156
1974-07-15 00:00:00,0.9195675525613098
1974-07-16 00:00:00,0.9220566947582053
1974-07-17 00:00:00,0.921544127803534
1974-07-18 00:00:00,0.9240439966773809
1974-07-19 00:00:00,0.9255228797836292
1974-07-22 00:00:00,0.9250408635153047
1974-07-23 00:00:00,0.9240439966773809
1974-07-24 00:00:00,0.9285122277953273
1974-07-25 00:00:00,0.9245421613840966
1974-07-26 00:00:00,0.9220566947582053
1974-07-29 00:00:00,0.9190577485109553
1974-07-30 00:00:00,0.9190577485109553
1974-07-31 00:00:00,0.9200609010466074
1974-08-01 00:00:00,0.9210491878134179
1974-08-02 00:00:00,0.9210491878134179
1974-08-05 00:00:00,0.921544127803534
1974-08-06 00:00:00,0.923049276066247
1974-08-07 00:00:00,0.9225527184309069
1974-08-08 00:00:00,0.9150837555231713
1974-08-09 00:00:00,0.9150837555231713
1974-08-12 00:00:00,0.9111105971452473
1974-08-13 00:00:00,0.9081159854865941
1974-08-14 00:00:00,0.9098353777369019
1974-08-15 00:00:00,0.9098353777369019
1974-08-16 00:00:00,0.9137516005070864
1974-08-19 00:00:00,0.921647092911822
1974-08-20 00:00:00,0.9220980667947117
1974-08-21 00:00:00,0.919556435698094
1974-08-22 00:00:00,0.9239686058194985
1974-08-23 00:00:00,0.9214379353537215
1974-08-26 00:00:00,0.9203937037694273
1974-08-27 00:00:00,0.9258103453105032
1974-08-28 00:00:00,0.9267379715546489
1974-08-29 00:00:00,0.927182848775996
1974-08-30 00:00:00,0.9266333927755986
1974-09-03 00:00:00,0.9285664518772607
1974-09-04 00:00:00,0.9265288139965484
1974-09-05 00:00:00,0.9299610191912829
1974-09-06 00:00:00,0.9294148887109809
1974-09-09 00:00:00,0.9298564404122327
1974-09-10 00:00:00,0.9253397408047772
1974-09-11 00:00:00,0.9257696459039977
1974-09-12 00:00:00,0.927208857273321
1974-09-13 00:00:00,0.9261627882698726
1974-09-16 00:00:00,0.9266076654912199
1974-09-17 00:00:00,0.9235801759255687
1974-09-18 00:00:00,0.9235278865360437
1974-09-19 00:00:00,0.9234755971465185
1974-09-20 00:00:00,0.9249214256885764
1974-09-23 00:00:00,0.923870948929373
1974-09-24 00:00:00,0.9223333610671871
1974-09-25 00:00:00,0.924764557520001
1974-09-26 00:00:00,0.9237140807607978
1974-09-27 00:00:00,0.9221764928986118
1974-09-30 00:00:00,0.9216226107437842
1974-10-01 00:00:00,0.9200784112260687
1974-10-02 00:00:00,0.9210158772415085
1974-10-03 00:00:00,0.9155173747901676
1974-10-04 00:00:00,0.9055302801490677
1974-10-07 00:00:00,0.9084530066377337
1974-10-08 00:00:00,0.9118691824841825
1974-10-09 00:00:00,0.9088479254312257
1974-10-10 00:00:00,0.9167299694922004
1974-10-11 00:00:00,0.9188995787982628
1974-10-15 00:00:00,0.9188995787982628
1974-10-16 00:00:00,0.9198613185021983
1974-10-17 00:00:00,0.9182775071726906
1974-10-18 00:00:00,0.918741147836401
1974-10-21 00:00:00,0.9202010251850697
1974-10-22 00:00:00,0.9211594291824627
1974-10-23 00:00:00,0.9155423263109412
1974-10-24 00:00:00,0.9169955163758761
1974-10-25 00:00:00,0.9154367056697
1974-10-28 00:00:00,0.9179078349283465
1974-10-29 00:00:00,0.9153310850284588
1974-10-30 00:00:00,0.9152782747078383
1974-10-31 00:00:00,0.9167314647727731
1974-11-01 00:00:00,0.9161772013037617
1974-11-04 00:00:00,0.9135920910880153
1974-11-06 00:00:00,0.9125291984900966
1974-11-07 00:00:00,0.9109571148674266
1974-11-08 00:00:00,0.910904304546806
1974-11-12 00:00:00,0.9159131497006587
1974-11-13 00:00:00,0.9158603393800381
1974-11-14 00:00:00,0.9092215985600898
1974-11-15 00:00:00,0.903072740467335
1974-11-18 00:00:00,0.8878052173331784
1974-11-19 00:00:00,0.8943458038342527
1974-11-20 00:00:00,0.9049552094567406
1974-11-21 00:00:00,0.9069173570144536
1974-11-22 00:00:00,0.8916596165678307
1974-11-25 00:00:00,0.8926265597675631
1974-11-26 00:00:00,0.8890126406491394
1974-11-27 00:00:00,0.8930124464480267
1974-11-29 00:00:00,0.8919585273672027
1974-12-02 00:00:00,0.896977098870738
1974-12-03 00:00:00,0.8756139442820334
1974-12-04 00:00:00,0.8938177006280468
1974-12-05 00:00:00,0.8892086782999489
1974-12-06 00:00:00,0.8922040772025984
1974-12-09 00:00:00,0.8891030576587077
1974-12-10 00:00:00,0.8890502473380871
1974-12-11 00:00:00,0.8874748032407814
1974-12-12 00:00:00,0.8813360554269697
1974-12-13 00:00:00,0.8810075752327097
1974-12-16 00:00:00,0.8810075752327097
1974-12-17 00:00:00,0.8875392639700826
1974-12-18 00:00:00,0.8880119339980641
1974-12-19 00:00:00,0.883809401466744
1974-12-20 00:00:00,0.8861410868313289
1974-12-23 00:00:00,0.8824062642578383
1974-12-24 00:00:00,0.8847473079757858
1974-12-26 00:00:00,0.890807567912885
1974-12-27 00:00:00,0.8926811235326708
1974-12-30 00:00:00,0.9015412254404043
1974-12-31 00:00:00,0.8950084432451303
1975-01-02 00:00:00,0.8922034711514117
1975-01-03 00:00:00,0.902011503900352
1975-01-06 00:00:00,0.9076227729759374
1975-01-07 00:00:00,0.910419161535865
1975-01-08 00:00:00,0.9048084387961669
1975-01-09 00:00:00,0.902011503900352
1975-01-10 00:00:00,0.9076227729759374
1975-01-13 00:00:00,0.9085412049871998
1975-01-14 00:00:00,0.9038800348843672
1975-01-15 00:00:00,0.9057563233205724
1975-01-16 00:00:00,0.9071466268071233
1975-01-17 00:00:00,0.9080817567565687
1975-01-20 00:00:00,0.9113432645302015
1975-01-21 00:00:00,0.9160280066293013
1975-01-22 00:00:00,0.9220886663220078
1975-01-23 00:00:00,0.9258187836737237
1975-01-24 00:00:00,0.9314337245263286
1975-01-27 00:00:00,0.940761574955312
1975-01-28 00:00:00,0.9356335759896235
1975-01-29 00:00:00,0.9202167187378235
1975-01-30 00:00:00,0.9244256101748781
1975-01-31 00:00:00,0.9220886663220078
1975-02-03 00:00:00,0.9272161627287792
1975-02-04 00:00:00,0.9160280066293013
1975-02-05 00:00:00,0.9141447622399745
1975-02-06 00:00:00,0.9188222589078034
1975-02-07 00:00:00,0.9202167187378235
1975-02-10 00:00:00,0.9178829340780934
1975-02-11 00:00:00,0.9253600396773739
1975-02-13 00:00:00,0.9339651212768494
1975-02-14 00:00:00,0.9339651212768494
1975-02-18 00:00:00,0.9325662718690457
1975-02-19 00:00:00,0.9334983720908039
1975-02-20 00:00:00,0.9339651212768494
1975-02-21 00:00:00,0.9400377652403018
1975-02-24 00:00:00,0.9433038291857887
1975-02-25 00:00:00,0.9446968778087569
1975-02-26 00:00:00,0.9489008201865863
1975-02-27 00:00:00,0.9526368026079655
1975-02-28 00:00:00,0.9526368026079655
1975-03-03 00:00:00,0.957323822546996
1975-03-04 00:00:00,0.9559128810251876
1975-03-05 00:00:00,0.9554434909534835
1975-03-06 00:00:00,0.9549745616327704
1975-03-07 00:00:00,0.9470341931422117
1975-03-10 00:00:00,0.9386395462170098
1975-03-11 00:00:00,0.9521706236000828
1975-03-12 00:00:00,0.9479762096555585
1975-03-13 00:00:00,0.9461132149568958
1975-03-14 00:00:00,0.9517049006244898
1975-03-17 00:00:00,0.947514579767525
1975-03-18 00:00:00,0.9512396330123537
1975-03-19 00:00:00,0.9545060923849739
1975-03-20 00:00:00,0.9498465556879518
1975-03-21 00:00:00,0.9526368026079655
1975-03-24 00:00:00,0.9521706236000828
1975-03-25 00:00:00,0.9479762096555585
1975-03-26 00:00:00,0.9512396330123537
1975-03-27 00:00:00,0.9489008201865863
1975-03-28 00:00:00,0.9489008201865863
1975-03-31 00:00:00,0.9512396330123537
1975-04-01 00:00:00,0.9470341931422117
1975-04-02 00:00:00,0.9503104612096555
1975-04-03 00:00:00,0.9479762096555585
1975-04-04 00:00:00,0.9428277016725715
1975-04-07 00:00:00,0.9428277016725715
1975-04-08 00:00:00,0.9414401561164137
1975-04-09 00:00:00,0.9423710712322408
1975-04-10 00:00:00,0.936305885991829
1975-04-11 00:00:00,0.9367754476197083
1975-04-14 00:00:00,0.9304089061237427
1975-04-15 00:00:00,0.9304089061237427
1975-04-16 00:00:00,0.929944398432218
1975-04-17 00:00:00,0.929944398432218
1975-04-18 00:00:00,0.930873878090821
1975-04-21 00:00:00,0.9290167730971235
1975-04-22 00:00:00,0.929944398432218
1975-04-23 00:00:00,0.9318052176386858
1975-04-24 00:00:00,0.9318052176386858
1975-04-25 00:00:00,0.9257477983279656
1975-04-28 00:00:00,0.9238927395491007
1975-04-29 00:00:00,0.9271486033427572
1975-04-30 00:00:00,0.9266873445601743
1975-05-01 00:00:00,0.9266873445601743
1975-05-02 00:00:00,0.9271486033427572
1975-05-05 00:00:00,0.929944398432218
1975-05-06 00:00:00,0.930873878090821
1975-05-07 00:00:00,0.9304089061237427
1975-05-08 00:00:00,0.9443716437131072
1975-05-09 00:00:00,0.9406517675283976
1975-05-12 00:00:00,0.9411270362064131
1975-05-13 00:00:00,0.950889605315146
1975-05-14 00:00:00,0.9499585016624504
1975-05-15 00:00:00,0.9420408996498891
1975-05-16 00:00:00,0.9411270362064131
1975-05-19 00:00:00,0.9425175734509953
1975-05-20 00:00:00,0.9425175734509953
1975-05-21 00:00:00,0.943453254821778
1975-05-22 00:00:00,0.945771792584709
1975-05-23 00:00:00,0.9453110117840345
1975-05-27 00:00:00,0.943912225878569
1975-05-28 00:00:00,0.9448506797502956
1975-05-29 00:00:00,0.9448506797502956
1975-05-30 00:00:00,0.9429756343578424
1975-06-02 00:00:00,0.943912225878569
1975-06-03 00:00:00,0.9476387006815898
1975-06-04 00:00:00,0.9499585016624504
1975-06-05 00:00:00,0.9485652601542679
1975-06-06 00:00:00,0.9494936332985343
1975-06-09 00:00:00,0.9453110117840345
1975-06-10 00:00:00,0.9481017540413169
1975-06-11 00:00:00,0.9520105654977604
1975-06-12 00:00:00,0.9520105654977604
1975-06-13 00:00:00,0.9510937452252748
1975-06-16 00:00:00,0.9520105654977604
1975-06-17 00:00:00,0.950159238966149
1975-06-18 00:00:00,0.9506262624308658
1975-06-19 00:00:00,0.949226567320538
1975-06-20 00:00:00,0.948760917790334
1975-06-23 00:00:00,0.9455141192449749
1975-06-24 00:00:00,0.9441294268565272
1975-06-25 00:00:00,0.9455141192449749
1975-06-26 00:00:00,0.9455141192449749
1975-06-27 00:00:00,0.9427296371016574
1975-06-30 00:00:00,0.9399424729557603
1975-07-01 00:00:00,0.9353022314414102
1975-07-02 00:00:00,0.9255484265911806
1975-07-03 00:00:00,0.9204461548310358
1975-07-07 00:00:00,0.9181339334989775
1975-07-08 00:00:00,0.9213779654209042
1975-07-09 00:00:00,0.9227700517270548
1975-07-10 00:00:00,0.9144260188328501
1975-07-11 00:00:00,0.9134902316724914
1975-07-14 00:00:00,0.9046772265918436
1975-07-15 00:00:00,0.9023557375967011
1975-07-16 00:00:00,0.8888944472696588
1975-07-17 00:00:00,0.8851821034740894
1975-07-18 00:00:00,0.8851821034740894
1975-07-21 00:00:00,0.8777500688698292
1975-07-22 00:00:00,0.8772855630688774
1975-07-23 00:00:00,0.8717168558814286
1975-07-24 00:00:00,0.871242358653346
1975-07-25 00:00:00,0.8721754818108663
1975-07-28 00:00:00,0.8638164909644422
1975-07-29 00:00:00,0.8619717575111293
1975-07-30 00:00:00,0.8587186728451975
1975-07-31 00:00:00,0.856104115506654
1975-08-01 00:00:00,0.856104115506654
1975-08-04 00:00:00,0.8565267094706548
1975-08-05 00:00:00,0.8485457328640162
1975-08-06 00:00:00,0.8554841954162412
1975-08-07 00:00:00,0.8596359727772173
1975-08-08 00:00:00,0.8577265087849821
1975-08-11 00:00:00,0.8628006972510658
1975-08-12 00:00:00,0.8618062125886226
1975-08-13 00:00:00,0.8608407163471945
1975-08-14 00:00:00,0.8607915149612458
1975-08-15 00:00:00,0.8584038307405115
1975-08-18 00:00:00,0.8588233535437492
1975-08-19 00:00:00,0.8559854942252195
1975-08-20 00:00:00,0.8559362928392709
1975-08-21 00:00:00,0.8563426662575039
1975-08-22 00:00:00,0.8572344949254956
1975-08-25 00:00:00,0.8623086833915792
1975-08-26 00:00:00,0.8608640632292187
1975-08-27 00:00:00,0.8626744032353946
1975-08-28 00:00:00,0.864014530421611
1975-08-29 00:00:00,0.8695535019504512
1975-09-02 00:00:00,0.870446208500738
1975-09-03 00:00:00,0.8648059987132486
1975-09-04 00:00:00,0.8680195915459349
1975-09-05 00:00:00,0.8689001764095436
1975-09-08 00:00:00,0.8679211887740376
1975-09-09 00:00:00,0.8660062418382485
1975-09-10 00:00:00,0.870151000185046
1975-09-11 00:00:00,0.8705568042797266
1975-09-12 00:00:00,0.873769160149964
1975-09-15 00:00:00,0.8751164557312815
1975-09-16 00:00:00,0.8801925429678527
1975-09-17 00:00:00,0.882947307544861
1975-09-18 00:00:00,0.8852154464332315
1975-09-19 00:00:00,0.8847126007916863
1975-09-22 00:00:00,0.8930404715122914
1975-09-23 00:00:00,0.8976557046194177
1975-09-24 00:00:00,0.8934152188721668
1975-09-25 00:00:00,0.8901001989514481
1975-09-26 00:00:00,0.8905129572990463
1975-09-29 00:00:00,0.8943983922767889
1975-09-30 00:00:00,0.8943983922767889
1975-10-01 00:00:00,0.8856997109539472
1975-10-02 00:00:00,0.8836091785398787
1975-10-03 00:00:00,0.8876268691986507
1975-10-06 00:00:00,0.8819750095876828
1975-10-07 00:00:00,0.8758278072216097
1975-10-08 00:00:00,0.8798331198701892
1975-10-09 00:00:00,0.877244392291858
1975-10-10 00:00:00,0.8675171630517884
1975-10-14 00:00:00,0.8705207666385387
1975-10-15 00:00:00,0.8679304844844686
1975-10-16 00:00:00,0.8602451330210279
1975-10-17 00:00:00,0.8627411969149369
1975-10-20 00:00:00,0.859634538606885
1975-10-21 00:00:00,0.8560129863752527
1975-10-22 00:00:00,0.8549364929757418
1975-10-23 00:00:00,0.8564218833992333
1975-10-24 00:00:00,0.8568816210917388
1975-10-27 00:00:00,0.8603925524636764
1975-10-28 00:00:00,0.8598339153694065
1975-10-29 00:00:00,0.8628344338536715
1975-10-30 00:00:00,0.859731110956501
1975-10-31 00:00:00,0.8556017687236311
1975-11-03 00:00:00,0.8555503665171785
1975-11-05 00:00:00,0.8616025222956947
1975-11-06 00:00:00,0.8580004631376558
1975-11-07 00:00:00,0.8599813348120549
1975-11-10 00:00:00,0.8604366132897725
1975-11-12 00:00:00,0.8608913384716298
1975-11-13 00:00:00,0.8618673594052412
1975-11-14 00:00:00,0.8653690199204767
1975-11-17 00:00:00,0.8739673767833603
1975-11-18 00:00:00,0.8723897572400505
1975-11-19 00:00:00,0.8703119570997847
1975-11-20 00:00:00,0.8671957575928521
1975-11-21 00:00:00,0.8681737569932071
1975-11-24 00:00:00,0.8665940271166988
1975-11-25 00:00:00,0.8645080706970736
1975-11-26 00:00:00,0.8669901487670413
1975-11-28 00:00:00,0.871520068431379
1975-12-01 00:00:00,0.8686589787208223
1975-12-02 00:00:00,0.8686589787208223
1975-12-03 00:00:00,0.8690951109576174
1975-12-04 00:00:00,0.8690451880278058
1975-12-05 00:00:00,0.8709184577066783
1975-12-08 00:00:00,0.8708685347768668
1975-12-09 00:00:00,0.8722515365867388
1975-12-10 00:00:00,0.8726833797759682
1975-12-11 00:00:00,0.8731146865062204
1975-12-12 00:00:00,0.874520705666311
1975-12-15 00:00:00,0.8749498583210175
1975-12-16 00:00:00,0.8744208598066879
1975-12-17 00:00:00,0.8729149947869742
1975-12-18 00:00:00,0.8709525148213342
1975-12-19 00:00:00,0.8718521531482465
1975-12-22 00:00:00,0.8713199267428768
1975-12-23 00:00:00,0.8708027460318996
1975-12-24 00:00:00,0.8693011116516791
1975-12-26 00:00:00,0.8692511887218676
1975-12-29 00:00:00,0.8701696137595052
1975-12-30 00:00:00,0.874450629022902
1975-12-31 00:00:00,0.874879249705078
1976-01-02 00:00:00,0.8728964595854882
1976-01-05 00:00:00,0.8690015740728099
1976-01-06 00:00:00,0.8694360955954853
1976-01-07 00:00:00,0.8684167419156277
1976-01-08 00:00:00,0.8703035167337841
1976-01-09 00:00:00,0.8726468449364305
1976-01-12 00:00:00,0.8706709286553268
1976-01-13 00:00:00,0.8711033092010734
1976-01-14 00:00:00,0.870103825014538
1976-01-15 00:00:00,0.8700539020847264
1976-01-16 00:00:00,0.869036712156993
1976-01-19 00:00:00,0.8699540562251034
1976-01-20 00:00:00,0.8703713910764576
1976-01-21 00:00:00,0.8712855377412451
1976-01-22 00:00:00,0.8726776979948725
1976-01-23 00:00:00,0.8702216222870229
1976-01-26 00:00:00,0.8701716993572114
1976-01-27 00:00:00,0.8701217764273999
1976-01-28 00:00:00,0.8700718534975883
1976-01-29 00:00:00,0.8707254024687595
1976-01-30 00:00:00,0.8707254024687595
1976-02-02 00:00:00,0.8663231529648188
1976-02-03 00:00:00,0.8672387534578987
1976-02-04 00:00:00,0.8667140722444362
1976-02-05 00:00:00,0.8671386700783046
1976-02-06 00:00:00,0.868052141761368
1976-02-09 00:00:00,0.8670385866987105
1976-02-10 00:00:00,0.8660229028260364
1976-02-11 00:00:00,0.8626002026375307
1976-02-13 00:00:00,0.8654471303780129
1976-02-17 00:00:00,0.8682907740791478
1976-02-18 00:00:00,0.8658227360668482
1976-02-19 00:00:00,0.8648049163211877
1976-02-20 00:00:00,0.8657226526872541
1976-02-23 00:00:00,0.8656726109974571
1976-02-24 00:00:00,0.8651468802392306
1976-02-25 00:00:00,0.867028089725005
1976-02-26 00:00:00,0.8689007982494785
1976-02-27 00:00:00,0.8688507565596815
1976-03-01 00:00:00,0.8717002666278517
1976-03-02 00:00:00,0.8721342098455503
1976-03-03 00:00:00,0.8691878514069338
1976-03-04 00:00:00,0.871065616819636
1976-03-05 00:00:00,0.8705461653788081
1976-03-08 00:00:00,0.8666277562066286
1976-03-09 00:00:00,0.8685004647311021
1976-03-10 00:00:00,0.8708654500604478
1976-03-11 00:00:00,0.8732326427581942
1976-03-12 00:00:00,0.8727002302528668
1976-03-15 00:00:00,0.8731325593786001
1976-03-16 00:00:00,0.8764750102014104
1976-03-17 00:00:00,0.8677281923018094
1976-03-18 00:00:00,0.8662274226882521
1976-03-19 00:00:00,0.8656874610741899
1976-03-22 00:00:00,0.8656374193843929
1976-03-23 00:00:00,0.8680000478331316
1976-03-24 00:00:00,0.8689239016360655
1976-03-25 00:00:00,0.8678999644535375
1976-03-26 00:00:00,0.8678499227637404
1976-03-29 00:00:00,0.8668395650750331
1976-03-30 00:00:00,0.8626657892878807
1976-03-31 00:00:00,0.8626657892878807
1976-04-01 00:00:00,0.8664883014112643
1976-04-02 00:00:00,0.865529501070486
1976-04-05 00:00:00,0.865058737884814
1976-04-06 00:00:00,0.8683964838568144
1976-04-07 00:00:00,0.8669606222384019
1976-04-08 00:00:00,0.8679225976446145
1976-04-09 00:00:00,0.8674334582684194
1976-04-12 00:00:00,0.8674334582684194
1976-04-13 00:00:00,0.8669606222384019
1976-04-14 00:00:00,0.8683964838568144
1976-04-15 00:00:00,0.8683964838568144
1976-04-16 00:00:00,0.869345810431132
1976-04-19 00:00:00,0.868870887835977
1976-04-20 00:00:00,0.868870887835977
1976-04-21 00:00:00,0.8698212524931671
1976-04-22 00:00:00,0.8717282324931521
1976-04-23 00:00:00,0.8683964838568144
1976-04-26 00:00:00,0.8698212524931671
1976-04-27 00:00:00,0.869345810431132
1976-04-28 00:00:00,0.8698212524931671
1976-04-29 00:00:00,0.8698212524931671
1976-04-30 00:00:00,0.8707895902017133
1976-05-03 00:00:00,0.8707895902017133
1976-05-04 00:00:00,0.8722062847182648
1976-05-05 00:00:00,0.8755513212990435
1976-05-06 00:00:00,0.8769835647161704
1976-05-07 00:00:00,0.875069596257064
1976-05-10 00:00:00,0.8726848615548728
1976-05-11 00:00:00,0.8722062847182648
1976-05-12 00:00:00,0.8726848615548728
1976-05-13 00:00:00,0.8726848615548728
1976-05-14 00:00:00,0.8683964838568144
1976-05-17 00:00:00,0.8645728202781888
1976-05-18 00:00:00,0.8621981352640528
1976-05-19 00:00:00,0.865529501070486
1976-05-20 00:00:00,0.8674334582684194
1976-05-21 00:00:00,0.8607671526467146
1976-05-24 00:00:00,0.8617154251415485
1976-05-25 00:00:00,0.8612332552166472
1976-05-26 00:00:00,0.8585871359949561
1976-05-27 00:00:00,0.8585871359949561
1976-05-28 00:00:00,0.8581072448744641
1976-06-01 00:00:00,0.8571490701931094
1976-06-02 00:00:00,0.8595330068532698
1976-06-03 00:00:00,0.8585871359949561
1976-06-04 00:00:00,0.8571490701931094
1976-06-07 00:00:00,0.8585871359949561
1976-06-08 00:00:00,0.8600144944429419
1976-06-09 00:00:00,0.8633374230861902
1976-06-10 00:00:00,0.8604809640656735
1976-06-11 00:00:00,0.8604809640656735
1976-06-14 00:00:00,0.8585871359949561
1976-06-15 00:00:00,0.8581072448744641
1976-06-16 00:00:00,0.8600144944429419
1976-06-17 00:00:00,0.8581072448744641
1976-06-18 00:00:00,0.8571490701931094
1976-06-21 00:00:00,0.8562084359815852
1976-06-22 00:00:00,0.8557311994978586
1976-06-23 00:00:00,0.8552544947252803
1976-06-24 00:00:00,0.8557311994978586
1976-06-25 00:00:00,0.8543026767631018
1976-06-28 00:00:00,0.8538275618032041
1976-06-29 00:00:00,0.8538275618032041
1976-06-30 00:00:00,0.8557311994978586
1976-07-01 00:00:00,0.8552544947252803
1976-07-02 00:00:00,0.8538275618032041
1976-07-06 00:00:00,0.8509727171090045
1976-07-07 00:00:00,0.8500152189186192
1976-07-08 00:00:00,0.8500152189186192
1976-07-09 00:00:00,0.8500152189186192
1976-07-12 00:00:00,0.8509727171090045
1976-07-13 00:00:00,0.8523901159214184
1976-07-14 00:00:00,0.8528636320420114
1976-07-15 00:00:00,0.8523901159214184
1976-07-16 00:00:00,0.8519171253082806
1976-07-19 00:00:00,0.8509727171090045
1976-07-20 00:00:00,0.8509727171090045
1976-07-21 00:00:00,0.850486099400865
1976-07-22 00:00:00,0.8500152189186192
1976-07-23 00:00:00,0.8495448595636073
1976-07-26 00:00:00,0.8497576427778207
1976-07-27 00:00:00,0.8497576427778207
1976-07-28 00:00:00,0.8468492057156486
1976-07-29 00:00:00,0.8425055317346746
1976-07-30 00:00:00,0.8391293920361517
1976-08-02 00:00:00,0.837180987890207
1976-08-03 00:00:00,0.8376000354050073
1976-08-04 00:00:00,0.8370833145979337
1976-08-05 00:00:00,0.8370344779517971
1976-08-06 00:00:00,0.8374535254665973
1976-08-09 00:00:00,0.8374046888204607
1976-08-10 00:00:00,0.836887968013387
1976-08-11 00:00:00,0.8368391313672504
1976-08-12 00:00:00,0.8367902947211138
1976-08-13 00:00:00,0.8367414580749771
1976-08-16 00:00:00,0.836208607022605
1976-08-17 00:00:00,0.8285476959756228
1976-08-18 00:00:00,0.8289755698416134
1976-08-19 00:00:00,0.8308283638691598
1976-08-20 00:00:00,0.8322003021731494
1976-08-23 00:00:00,0.8292893838721032
1976-08-24 00:00:00,0.8302072262585036
1976-08-25 00:00:00,0.8339566299502541
1976-08-26 00:00:00,0.8334367950006071
1976-08-27 00:00:00,0.8329164465707254
1976-08-30 00:00:00,0.8333391217083338
1976-08-31 00:00:00,0.8332902850621972
1976-09-01 00:00:00,0.8327699366323154
1976-09-02 00:00:00,0.8327210999861787
1976-09-03 00:00:00,0.8326722633400421
1976-09-07 00:00:00,0.8307164332106864
1976-09-08 00:00:00,0.829718859797137
1976-09-09 00:00:00,0.8272890762730887
1976-09-10 00:00:00,0.8267624825497218
1976-09-13 00:00:00,0.8267136459035851
1976-09-14 00:00:00,0.8252283871134589
1976-09-15 00:00:00,0.8208901572125923
1976-09-16 00:00:00,0.819887782261327
1976-09-17 00:00:00,0.8174704033043062
1976-09-20 00:00:00,0.8155142432012047
1976-09-21 00:00:00,0.8149913721962145
1976-09-22 00:00:00,0.809919093019686
1976-09-23 00:00:00,0.809919093019686
1976-09-24 00:00:00,0.809919093019686
1976-09-27 00:00:00,0.8138551315121848
1976-09-28 00:00:00,0.8156015691626092
1976-09-29 00:00:00,0.8173555182323547
1976-09-30 00:00:00,0.8212871795000637
1976-10-01 00:00:00,0.8186721051319233
1976-10-04 00:00:00,0.8195470664127913
1976-10-05 00:00:00,0.8212871795000637
1976-10-06 00:00:00,0.8243541113687411
1976-10-07 00:00:00,0.8230346977421695
1976-10-08 00:00:00,0.8199775573209529
1976-10-12 00:00:00,0.8195470664127913
1976-10-13 00:00:00,0.8234688613763145
1976-10-14 00:00:00,0.8234688613763145
1976-10-15 00:00:00,0.8186721051319233
1976-10-18 00:00:00,0.8138551315121848
1976-10-19 00:00:00,0.8164852276725271
1976-10-20 00:00:00,0.8226009916814416
1976-10-21 00:00:00,0.8199775573209529
1976-10-22 00:00:00,0.8195470664127913
1976-10-25 00:00:00,0.827412707624908
1976-10-26 00:00:00,0.8256621650420001
1976-10-27 00:00:00,0.8278515037121368
1976-10-28 00:00:00,0.8317742239242115
1976-10-29 00:00:00,0.827412707624908
1976-11-01 00:00:00,0.827412707624908
1976-11-03 00:00:00,0.8300367210352151
1976-11-04 00:00:00,0.8239190140055306
1976-11-05 00:00:00,0.8247896685095178
1976-11-08 00:00:00,0.826099105896681
1976-11-09 00:00:00,0.8243541113687411
1976-11-10 00:00:00,0.8138551315121848
1976-11-12 00:00:00,0.8265365094548881
1976-11-15 00:00:00,0.8252256861570326
1976-11-16 00:00:00,0.8256621650420001
1976-11-17 00:00:00,0.827412707624908
1976-11-18 00:00:00,0.8269743764519883
1976-11-19 00:00:00,0.8269743764519883
1976-11-22 00:00:00,0.8330900715319138
1976-11-23 00:00:00,0.8359069973561013
1976-11-24 00:00:00,0.8359069973561013
1976-11-26 00:00:00,0.837218926725887
1976-11-29 00:00:00,0.837218926725887
1976-11-30 00:00:00,0.8341694432405395
1976-12-01 00:00:00,0.8341694432405395
1976-12-02 00:00:00,0.833295434908415
1976-12-03 00:00:00,0.8345991731630272
1976-12-06 00:00:00,0.8367864954785825
1976-12-07 00:00:00,0.8350452869184166
1976-12-08 00:00:00,0.8354759199451337
1976-12-09 00:00:00,0.8354759199451337
1976-12-10 00:00:00,0.8363545107100709
1976-12-13 00:00:00,0.8363545107100709
1976-12-14 00:00:00,0.8359069973561013
1976-12-15 00:00:00,0.8363545107100709
1976-12-16 00:00:00,0.8381011891601667
1976-12-17 00:00:00,0.8381011891601667
1976-12-20 00:00:00,0.8437919997038469
1976-12-21 00:00:00,0.8446555557311183
1976-12-22 00:00:00,0.8420377543822174
1976-12-23 00:00:00,0.8424756315295818
1976-12-24 00:00:00,0.8416003321721487
1976-12-27 00:00:00,0.8433527534780769
1976-12-28 00:00:00,0.84684679040225
1976-12-29 00:00:00,0.8459787503316331
1976-12-30 00:00:00,0.8464043588360568
1976-12-31 00:00:00,0.84684679040225
1977-01-03 00:00:00,0.8490329438013863
1977-01-04 00:00:00,0.8486046883297912
1977-01-05 00:00:00,0.8459787503316331
1977-01-06 00:00:00,0.8455372250719544
1977-01-07 00:00:00,0.8429139643243423
1977-01-10 00:00:00,0.8315370934652768
1977-01-11 00:00:00,0.8306685896930709
1977-01-12 00:00:00,0.8319799388437199
1977-01-13 00:00:00,0.8276039138882093
1977-01-14 00:00:00,0.8245462255352956
1977-01-17 00:00:00,0.8249816541180534
1977-01-18 00:00:00,0.8214801920193702
1977-01-19 00:00:00,0.8214801920193702
1977-01-20 00:00:00,0.8212294199201634
1977-01-21 00:00:00,0.8212294199201634
1977-01-24 00:00:00,0.8181789851552409
1977-01-25 00:00:00,0.8133876201290609
1977-01-26 00:00:00,0.8138125954675246
1977-01-27 00:00:00,0.8164329321720757
1977-01-28 00:00:00,0.816876396398204
1977-01-31 00:00:00,0.8186089833079963
1977-02-01 00:00:00,0.8207966651679706
1977-02-02 00:00:00,0.8203643662641332
1977-02-03 00:00:00,0.8207966651679706
1977-02-04 00:00:00,0.8203643662641332
1977-02-07 00:00:00,0.8216626312421129
1977-02-08 00:00:00,0.8229805412631639
1977-02-09 00:00:00,0.8242871064770385
1977-02-10 00:00:00,0.8251604571782668
1977-02-11 00:00:00,0.8225459394911567
1977-02-14 00:00:00,0.8282160846901786
1977-02-15 00:00:00,0.8264739587587666
1977-02-16 00:00:00,0.8260356605117641
1977-02-17 00:00:00,0.8260356605117641
1977-02-18 00:00:00,0.8273362573024777
1977-02-22 00:00:00,0.8277759372084217
1977-02-23 00:00:00,0.8260356605117641
1977-02-24 00:00:00,0.8229805412631639
1977-02-25 00:00:00,0.8268970442276722
1977-02-28 00:00:00,0.8282160846901786
1977-03-01 00:00:00,0.8290820242510097
1977-03-02 00:00:00,0.828640956142653
1977-03-03 00:00:00,0.8295235621519346
1977-03-04 00:00:00,0.8295235621519346
1977-03-07 00:00:00,0.8308351742841925
1977-03-08 00:00:00,0.8295235621519346
1977-03-09 00:00:00,0.8273362573024777
1977-03-10 00:00:00,0.8268970442276722
1977-03-11 00:00:00,0.828640956142653
1977-03-14 00:00:00,0.8295235621519346
1977-03-15 00:00:00,0.8295235621519346
1977-03-16 00:00:00,0.8295235621519346
1977-03-17 00:00:00,0.829949776469583
1977-03-18 00:00:00,0.829949776469583
1977-03-21 00:00:00,0.8305888054582165
1977-03-22 00:00:00,0.8305888054582165
1977-03-23 00:00:00,0.8318883090366171
1977-03-24 00:00:00,0.8318883090366171
1977-03-25 00:00:00,0.8305888054582165
1977-03-28 00:00:00,0.8323329737685539
1977-03-29 00:00:00,0.8318883090366171
1977-03-30 00:00:00,0.831459974921205
1977-03-31 00:00:00,0.8323329737685539
1977-04-01 00:00:00,0.8305888054582165
1977-04-04 00:00:00,0.8175069500106529
1977-04-05 00:00:00,0.8179363692883997
1977-04-06 00:00:00,0.8188119396957285
1977-04-07 00:00:00,0.8201211023628868
1977-04-08 00:00:00,0.8214189823643655
1977-04-11 00:00:00,0.8214189823643655
1977-04-12 00:00:00,0.8244789940796141
1977-04-13 00:00:00,0.8266518431814298
1977-04-14 00:00:00,0.8257907148929535
1977-04-15 00:00:00,0.82709092601571
1977-04-18 00:00:00,0.8292775822603118
1977-04-19 00:00:00,0.82709092601571
1977-04-20 00:00:00,0.825353011110403
1977-04-21 00:00:00,0.8257907148929535
1977-04-22 00:00:00,0.8257907148929535
1977-04-25 00:00:00,0.825353011110403
1977-04-26 00:00:00,0.8244789940796141
1977-04-27 00:00:00,0.825353011110403
1977-04-28 00:00:00,0.8266518431814298
1977-04-29 00:00:00,0.8257907148929535
1977-05-02 00:00:00,0.8288361752892965
1977-05-03 00:00:00,0.82709092601571
1977-05-04 00:00:00,0.8288361752892965
1977-05-05 00:00:00,0.8249157710848403
1977-05-06 00:00:00,0.8257907148929535
1977-05-09 00:00:00,0.8249157710848403
1977-05-10 00:00:00,0.8257907148929535
1977-05-11 00:00:00,0.8257907148929535
1977-05-12 00:00:00,0.825353011110403
1977-05-13 00:00:00,0.8257907148929535
1977-05-16 00:00:00,0.8257907148929535
1977-05-17 00:00:00,0.8251038344687656
1977-05-18 00:00:00,0.8251038344687656
1977-05-19 00:00:00,0.8253071506135065
1977-05-20 00:00:00,0.8246662628303489
1977-05-23 00:00:00,0.8242291550546466
1977-05-24 00:00:00,0.8242291550546466
1977-05-25 00:00:00,0.8255262185487506
1977-05-26 00:00:00,0.8272672394155031
1977-05-27 00:00:00,0.8281483822450694
1977-05-31 00:00:00,0.8272672394155031
1977-06-01 00:00:00,0.8298846747401509
1977-06-02 00:00:00,0.8304228208902343
1977-06-03 00:00:00,0.8294578199934614
1977-06-06 00:00:00,0.829015619369714
1977-06-07 00:00:00,0.8264036545052246
1977-06-08 00:00:00,0.8264036545052246
1977-06-09 00:00:00,0.8268430723127435
1977-06-10 00:00:00,0.8242291550546466
1977-06-13 00:00:00,0.8259647034983736
1977-06-14 00:00:00,0.8255262185487506
1977-06-15 00:00:00,0.8251038344687656
1977-06-16 00:00:00,0.8229206075395343
1977-06-17 00:00:00,0.8229206075395343
1977-06-20 00:00:00,0.82161620834277
1977-06-21 00:00:00,0.8203004831461926
1977-06-22 00:00:00,0.8203004831461926
1977-06-23 00:00:00,0.8194359526661665
1977-06-24 00:00:00,0.818127195507643
1977-06-27 00:00:00,0.8176969904018322
1977-06-28 00:00:00,0.8172518975339595
1977-06-29 00:00:00,0.8190043704252349
1977-06-30 00:00:00,0.8194359526661665
1977-07-01 00:00:00,0.8172518975339595
1977-07-05 00:00:00,0.8194359526661665
1977-07-06 00:00:00,0.8213992104006331
1977-07-07 00:00:00,0.8227029201291807
1977-07-08 00:00:00,0.8187887497398643
1977-07-11 00:00:00,0.8242291550546466
1977-07-12 00:00:00,0.8233563281441089
1977-07-13 00:00:00,0.8266233050123737
1977-07-15 00:00:00,0.8268430723127435
1977-07-18 00:00:00,0.8331157116179859
1977-07-19 00:00:00,0.8331157116179859
1977-07-20 00:00:00,0.83111227360155
1977-07-21 00:00:00,0.8336750922435004
1977-07-22 00:00:00,0.8357930045388351
1977-07-25 00:00:00,0.829665191854299
1977-07-26 00:00:00,0.8322201375036278
1977-07-27 00:00:00,0.835649363898901
1977-07-28 00:00:00,0.8381982330582084
1977-07-29 00:00:00,0.8455340888029224
1977-08-01 00:00:00,0.8415761668593396
1977-08-02 00:00:00,0.8402271108289269
1977-08-03 00:00:00,0.8397550705216574
1977-08-04 00:00:00,0.8436024414148576
1977-08-05 00:00:00,0.841822672110537
1977-08-08 00:00:00,0.8439424043770838
1977-08-09 00:00:00,0.8417269116839142
1977-08-10 00:00:00,0.8436288400092693
1977-08-11 00:00:00,0.8398919493357472
1977-08-12 00:00:00,0.8424579280272335
1977-08-15 00:00:00,0.8419729516128723
1977-08-16 00:00:00,0.8438728116237524
1977-08-17 00:00:00,0.8418771911862496
1977-08-18 00:00:00,0.8435593626705927
1977-08-19 00:00:00,0.843946744187414
1977-08-22 00:00:00,0.8438988639741026
1977-08-23 00:00:00,0.8442857845655259
1977-08-24 00:00:00,0.8442379043522146
1977-08-25 00:00:00,0.8450582458976948
1977-08-26 00:00:00,0.8458767525026727
1977-08-29 00:00:00,0.872314288848313
1977-08-30 00:00:00,0.8705260219027443
1977-08-31 00:00:00,0.8704781416894329
1977-09-01 00:00:00,0.8715188977082131
1977-09-02 00:00:00,0.8721227679950674
1977-09-06 00:00:00,0.8690241865129018
1977-09-07 00:00:00,0.8676762923726843
1977-09-08 00:00:00,0.8674088902065903
1977-09-09 00:00:00,0.8682383729240821
1977-09-12 00:00:00,0.8701429801962532
1977-09-13 00:00:00,0.8731357797557269
1977-09-14 00:00:00,0.8754401220540946
1977-09-15 00:00:00,0.8754401220540946
1977-09-16 00:00:00,0.8763468360468061
1977-09-19 00:00:00,0.8770129213442925
1977-09-20 00:00:00,0.877677833821127
1977-09-21 00:00:00,0.8776275211704342
1977-09-22 00:00:00,0.8780692384008888
1977-09-23 00:00:00,0.881132782065313
1977-09-26 00:00:00,0.8798838214826351
1977-09-27 00:00:00,0.8800703457894532
1977-09-28 00:00:00,0.8792933244799248
1977-09-29 00:00:00,0.8782933053399101
1977-09-30 00:00:00,0.8777673624967322
1977-10-03 00:00:00,0.8745967861948634
1977-10-04 00:00:00,0.8762208133263983
1977-10-05 00:00:00,0.8773625429101882
1977-10-06 00:00:00,0.8751642073126007
1977-10-07 00:00:00,0.8784665413808347
1977-10-11 00:00:00,0.8784162287301419
1977-10-12 00:00:00,0.8783659160794491
1977-10-13 00:00:00,0.8763961448294615
1977-10-14 00:00:00,0.8744338690402393
1977-10-17 00:00:00,0.8714998667204142
1977-10-18 00:00:00,0.8740936596879357
1977-10-19 00:00:00,0.8747617061070586
1977-10-20 00:00:00,0.8761445815759976
1977-10-21 00:00:00,0.8741823057867755
1977-10-24 00:00:00,0.8712483034669504
1977-10-25 00:00:00,0.8750387071287943
1977-10-26 00:00:00,0.8740313678346973
1977-10-27 00:00:00,0.8730219315224825
1977-10-28 00:00:00,0.8715289863685542
1977-10-31 00:00:00,0.8697895881907773
1977-11-01 00:00:00,0.8666175609180393
1977-11-02 00:00:00,0.8699306586749774
1977-11-03 00:00:00,0.8727703682690187
1977-11-04 00:00:00,0.8736791792798478
1977-11-07 00:00:00,0.8741076416480527
1977-11-09 00:00:00,0.8764592335787204
1977-11-10 00:00:00,0.8754402044662989
1977-11-14 00:00:00,0.8725188050155548
1977-11-15 00:00:00,0.8731649839897678
1977-11-16 00:00:00,0.8731649839897678
1977-11-17 00:00:00,0.8750249251107942
1977-11-18 00:00:00,0.8721064144547575
1977-11-21 00:00:00,0.8696675674219383
1977-11-22 00:00:00,0.8691348665222306
1977-11-23 00:00:00,0.8681341791237496
1977-11-25 00:00:00,0.8628273280189012
1977-11-28 00:00:00,0.860387770651339
1977-11-29 00:00:00,0.8598450191333376
1977-11-30 00:00:00,0.8612381569497641
1977-12-01 00:00:00,0.8587907986885823
1977-12-02 00:00:00,0.8563635184688009
1977-12-05 00:00:00,0.8505660433574493
1977-12-06 00:00:00,0.8423949460186168
1977-12-07 00:00:00,0.8452207559292869
1977-12-08 00:00:00,0.8456453021605372
1977-12-09 00:00:00,0.8494086056838566
1977-12-12 00:00:00,0.8450702102423922
1977-12-13 00:00:00,0.8347429019625887
1977-12-14 00:00:00,0.827751079505113
1977-12-15 00:00:00,0.8353534544803777
1977-12-16 00:00:00,0.8300405940878935
1977-12-19 00:00:00,0.8166176269770622
1977-12-20 00:00:00,0.81847605004848
1977-12-21 00:00:00,0.8198611377160205
1977-12-22 00:00:00,0.8384513970910707
1977-12-23 00:00:00,0.8364881426798843
1977-12-27 00:00:00,0.829739502714104
1977-12-28 00:00:00,0.8177397315603708
1977-12-29 00:00:00,0.81458533654809
1977-12-30 00:00:00,0.8128662138780317
1978-01-03 00:00:00,0.8015783117951314
1978-01-04 00:00:00,0.7984280301293447
1978-01-05 00:00:00,0.8270485329662706
1978-01-06 00:00:00,0.8260459634915446
1978-01-09 00:00:00,0.82647222237394
1978-01-10 00:00:00,0.8245133058020954
1978-01-11 00:00:00,0.8168201827425653
1978-01-12 00:00:00,0.8224962542734684
1978-01-13 00:00:00,0.8215025514075427
1978-01-16 00:00:00,0.8174149112902224
1978-01-17 00:00:00,0.8174149112902224
1978-01-18 00:00:00,0.8174149112902224
1978-01-19 00:00:00,0.8191073144540778
1978-01-20 00:00:00,0.8199640880755191
1978-01-23 00:00:00,0.8229289659989648
1978-01-24 00:00:00,0.8241947394129154
1978-01-25 00:00:00,0.8254644126786544
1978-01-26 00:00:00,0.8250461138806179
1978-01-27 00:00:00,0.8220819531001641
1978-01-30 00:00:00,0.8233451202199158
1978-01-31 00:00:00,0.8250461138806179
1978-02-01 00:00:00,0.8237616955512328
1978-02-02 00:00:00,0.8229289659989648
1978-02-03 00:00:00,0.8241947394129154
1978-02-06 00:00:00,0.827999335178225
1978-02-07 00:00:00,0.8267380038471719
1978-02-08 00:00:00,0.8254644126786544
1978-02-09 00:00:00,0.8233451202199158
1978-02-10 00:00:00,0.8224972508789468
1978-02-14 00:00:00,0.7784810859552154
1978-02-15 00:00:00,0.7784810859552154
1978-02-16 00:00:00,0.7818600349264295
1978-02-17 00:00:00,0.7854578619324368
1978-02-21 00:00:00,0.7941368729197402
1978-02-22 00:00:00,0.7937199484556794
1978-02-23 00:00:00,0.7996423365254968
1978-02-24 00:00:00,0.7937199484556794
1978-02-27 00:00:00,0.7915974644884949
1978-02-28 00:00:00,0.8025987526493894
1978-03-01 00:00:00,0.8017626806126511
1978-03-02 00:00:00,0.8004891269427546
1978-03-03 00:00:00,0.7958239210969084
1978-03-06 00:00:00,0.7962580368110669
1978-03-07 00:00:00,0.7996423365254968
1978-03-08 00:00:00,0.7958239210969084
1978-03-09 00:00:00,0.8021880995070447
1978-03-10 00:00:00,0.7865232160492511
1978-03-13 00:00:00,0.7873717242524925
1978-03-14 00:00:00,0.7924421275386426
1978-03-15 00:00:00,0.7924421275386426
1978-03-16 00:00:00,0.7960128123376798
1978-03-17 00:00:00,0.7960128123376798
1978-03-20 00:00:00,0.7968028831517231
1978-03-21 00:00:00,0.8018531892006641
1978-03-22 00:00:00,0.8011740095519068
1978-03-23 00:00:00,0.8000653545021206
1978-03-24 00:00:00,0.8000196066393425
1978-03-27 00:00:00,0.7999738587765645
1978-03-28 00:00:00,0.7931444729410415
1978-03-29 00:00:00,0.7905493882139801
1978-03-30 00:00:00,0.7909271400887631
1978-03-31 00:00:00,0.7900339445182926
1978-04-03 00:00:00,0.7929614814899294
1978-04-04 00:00:00,0.7992704484855007
1978-04-05 00:00:00,0.8000820826403473
1978-04-06 00:00:00,0.7962081609356088
1978-04-07 00:00:00,0.7970113564824333
1978-04-10 00:00:00,0.7897594573416244
1978-04-11 00:00:00,0.7918289741011668
1978-04-12 00:00:00,0.7913610669416178
1978-04-13 00:00:00,0.7964115668339701
1978-04-14 00:00:00,0.7984898917368805
1978-04-17 00:00:00,0.7994945409749216
1978-04-18 00:00:00,0.803052121603859
1978-04-19 00:00:00,0.8055601598320102
1978-04-20 00:00:00,0.8122919288436078
1978-04-21 00:00:00,0.8114018133612149
1978-04-24 00:00:00,0.8105098645937131
1978-04-25 00:00:00,0.810464116730935
1978-04-26 00:00:00,0.8112645697728808
1978-04-27 00:00:00,0.8048636187213456
1978-04-28 00:00:00,0.8056615256191438
1978-05-01 00:00:00,0.8058191472355276
1978-05-02 00:00:00,0.805148429067008
1978-05-03 00:00:00,0.8068008563541558
1978-05-04 00:00:00,0.8046348794074555
1978-05-05 00:00:00,0.8058539347536945
1978-05-08 00:00:00,0.8096214093197108
1978-05-09 00:00:00,0.8121258449204645
1978-05-10 00:00:00,0.8086809359085093
1978-05-11 00:00:00,0.8099151423775987
1978-05-12 00:00:00,0.8117497974884291
1978-05-15 00:00:00,0.8117497974884291
1978-05-16 00:00:00,0.8134818355271298
1978-05-17 00:00:00,0.8152060957453292
1978-05-18 00:00:00,0.8102706878126796
1978-05-19 00:00:00,0.8115631883395812
1978-05-22 00:00:00,0.8141816516665584
1978-05-23 00:00:00,0.81324857409107
1978-05-24 00:00:00,0.8127579803913272
1978-05-25 00:00:00,0.8113765791907332
1978-05-26 00:00:00,0.8128867073370607
1978-05-29 00:00:00,0.8121735952058223
1978-05-31 00:00:00,0.8059135747889717
1978-06-01 00:00:00,0.8027547244714012
1978-06-02 00:00:00,0.7982710955421208
1978-06-05 00:00:00,0.8048846764215883
1978-06-06 00:00:00,0.8044003773786063
1978-06-07 00:00:00,0.8043537250913942
1978-06-08 00:00:00,0.8025214630353413
1978-06-09 00:00:00,0.8051352462072858
1978-06-12 00:00:00,0.8006652021173216
1978-06-13 00:00:00,0.8015009743366406
1978-06-14 00:00:00,0.801667037274517
1978-06-15 00:00:00,0.803181979397303
1978-06-16 00:00:00,0.8035739279609625
1978-06-19 00:00:00,0.8017548673092266
1978-06-20 00:00:00,0.7999281172502694
1978-06-21 00:00:00,0.7989961571456947
1978-06-22 00:00:00,0.800946376783416
1978-06-23 00:00:00,0.802462994717097
1978-06-26 00:00:00,0.799527987481507
1978-06-27 00:00:00,0.8014749535859548
1978-06-28 00:00:00,0.8009877991773089
1978-06-29 00:00:00,0.8005001716017056
1978-06-30 00:00:00,0.8008944946028849
1978-07-03 00:00:00,0.7995082466653616
1978-07-05 00:00:00,0.7983623059296333
1978-07-06 00:00:00,0.8056342790507987
1978-07-07 00:00:00,0.8029207959399948
1978-07-10 00:00:00,0.7966599835969955
1978-07-11 00:00:00,0.8028274913655709
1978-07-12 00:00:00,0.8003244036531545
1978-07-13 00:00:00,0.8003244036531545
1978-07-14 00:00:00,0.7981662387731471
1978-07-17 00:00:00,0.7964451335198904
1978-07-18 00:00:00,0.7962250156549313
1978-07-19 00:00:00,0.7981662387731471
1978-07-20 00:00:00,0.7983874314049502
1978-07-21 00:00:00,0.8016308618323019
1978-07-24 00:00:00,0.8050806956360403
1978-07-25 00:00:00,0.8029266735968439
1978-07-26 00:00:00,0.8033595423047244
1978-07-27 00:00:00,0.7994656547092859
1978-07-28 00:00:00,0.8037928779951963
1978-07-31 00:00:00,0.8085452223633832
1978-08-01 00:00:00,0.8094084379032727
1978-08-02 00:00:00,0.8055158906139229
1978-08-03 00:00:00,0.8089690278675328
1978-08-04 00:00:00,0.8098331490509302
1978-08-07 00:00:00,0.8158878620181954
1978-08-08 00:00:00,0.8215024807933948
1978-08-09 00:00:00,0.8366274272482863
1978-08-10 00:00:00,0.8247479149503928
1978-08-11 00:00:00,0.8314442808976572
1978-08-14 00:00:00,0.8366274272482863
1978-08-15 00:00:00,0.8387871991392806
1978-08-16 00:00:00,0.8379252031034792
1978-08-17 00:00:00,0.8210654449698991
1978-08-18 00:00:00,0.8262617636308242
1978-08-21 00:00:00,0.816751398594892
1978-08-22 00:00:00,0.8215024807933948
1978-08-23 00:00:00,0.8158878620181954
1978-08-24 00:00:00,0.8215024807933948
1978-08-25 00:00:00,0.817400251563436
1978-08-28 00:00:00,0.8163194019353912
1978-08-29 00:00:00,0.8184839671892068
1978-08-30 00:00:00,0.8249683389583592
1978-08-31 00:00:00,0.8251731239193381
1978-09-01 00:00:00,0.8252676743498537
1978-09-05 00:00:00,0.826830890646814
1978-09-06 00:00:00,0.8251731239193381
1978-09-07 00:00:00,0.8225031690075322
1978-09-08 00:00:00,0.8175932959350688
1978-09-11 00:00:00,0.8175932959350688
1978-09-12 00:00:00,0.8176709770083168
1978-09-13 00:00:00,0.8214955167060456
1978-09-14 00:00:00,0.8203991451870861
1978-09-15 00:00:00,0.8208686601499938
1978-09-18 00:00:00,0.8233818439545098
1978-09-19 00:00:00,0.8233818439545098
1978-09-20 00:00:00,0.8305333944231359
1978-09-21 00:00:00,0.8310145841070427
1978-09-22 00:00:00,0.830693729055264
1978-09-25 00:00:00,0.8340751146552176
1978-09-26 00:00:00,0.832380987814347
1978-09-27 00:00:00,0.8366699429333593
1978-09-28 00:00:00,0.8371582716938264
1978-09-29 00:00:00,0.8369954321155938
1978-10-02 00:00:00,0.839772349044939
1978-10-03 00:00:00,0.8482147676929365
1978-10-04 00:00:00,0.8529224016860787
1978-10-05 00:00:00,0.8553808799336582
1978-10-06 00:00:00,0.8514035450150904
1978-10-10 00:00:00,0.8563171177126898
1978-10-11 00:00:00,0.8671019680617162
1978-10-12 00:00:00,0.8653581732541512
1978-10-13 00:00:00,0.8714041143188067
1978-10-16 00:00:00,0.8708750286391959
1978-10-17 00:00:00,0.873792977257847
1978-10-18 00:00:00,0.8730838016650638
1978-10-19 00:00:00,0.8711394911440971
1978-10-20 00:00:00,0.8788793947112474
1978-10-23 00:00:00,0.8805880520835501
1978-10-24 00:00:00,0.880678165474062
1978-10-25 00:00:00,0.8923669673385042
1978-10-26 00:00:00,0.9041801883812285
1978-10-27 00:00:00,0.9017169984296453
1978-10-30 00:00:00,0.9236864906099103
1978-10-31 00:00:00,0.9078045393473138
1978-11-01 00:00:00,0.8605987033012534
1978-11-02 00:00:00,0.8657934640857682
1978-11-03 00:00:00,0.8580246294130145
1978-11-06 00:00:00,0.8515720396806387
1978-11-08 00:00:00,0.8603534253124728
1978-11-09 00:00:00,0.8603534253124728
1978-11-10 00:00:00,0.8586356028952501
1978-11-13 00:00:00,0.8597800177897046
1978-11-14 00:00:00,0.8597800177897046
1978-11-15 00:00:00,0.8565187116122105
1978-11-16 00:00:00,0.8502331857291906
1978-11-17 00:00:00,0.8441223958406344
1978-11-20 00:00:00,0.8395020832048792
1978-11-21 00:00:00,0.8395020832048792
1978-11-22 00:00:00,0.8385688451309282
1978-11-24 00:00:00,0.837018277828423
1978-11-27 00:00:00,0.8398136472045111
1978-11-28 00:00:00,0.8405936200437456
1978-11-29 00:00:00,0.8435714345637967
1978-11-30 00:00:00,0.8424717726953136
1978-12-01 00:00:00,0.8359364566373861
1978-12-04 00:00:00,0.8329382306737788
1978-12-05 00:00:00,0.838180638284664
1978-12-06 00:00:00,0.8411405062956968
1978-12-07 00:00:00,0.838180638284664
1978-12-08 00:00:00,0.8404375038664128
1978-12-11 00:00:00,0.800542014749056
1978-12-12 00:00:00,0.8418447439889136
1978-12-13 00:00:00,0.8390351918221622
1978-12-14 00:00:00,0.8415315967485393
1978-12-15 00:00:00,0.8431783525649633
1978-12-18 00:00:00,0.8547360238177084
1978-12-19 00:00:00,0.8565187116122105
1978-12-20 00:00:00,0.8536862696200185
1978-12-21 00:00:00,0.8460962939802092
1978-12-22 00:00:00,0.8468885678307302
1978-12-26 00:00:00,0.8468885678307302
1978-12-27 00:00:00,0.8610097306887147
1978-12-28 00:00:00,0.8589622525816889
1978-12-29 00:00:00,0.8605994168942398
1979-01-02 00:00:00,0.8643070642222372
1979-01-03 00:00:00,0.8524783693893508
1979-01-04 00:00:00,0.8548977647918489
1979-01-05 00:00:00,0.8544935326398201
1979-01-08 00:00:00,0.8571688964092358
1979-01-09 00:00:00,0.8546515272185001
1979-01-10 00:00:00,0.8546515272185001
1979-01-11 00:00:00,0.8571262513542509
1979-01-12 00:00:00,0.8577811260403875
1979-01-15 00:00:00,0.8591274463413983
1979-01-16 00:00:00,0.8587405302937656
1979-01-17 00:00:00,0.8559176287597287
1979-01-18 00:00:00,0.8551779528398585
1979-01-19 00:00:00,0.8567429047299991
1979-01-22 00:00:00,0.8582312375460734
1979-01-23 00:00:00,0.8595748288754458
1979-01-24 00:00:00,0.8584964591350674
1979-01-25 00:00:00,0.8633406211773738
1979-01-26 00:00:00,0.8610379880269986
1979-01-29 00:00:00,0.862712253122341
1979-01-30 00:00:00,0.8628084076317968
1979-01-31 00:00:00,0.8673883977163497
1979-02-01 00:00:00,0.8701712710869828
1979-02-02 00:00:00,0.8698626724520949
1979-02-05 00:00:00,0.8640110841127969
1979-02-06 00:00:00,0.8620573612741732
1979-02-07 00:00:00,0.8560050675208115
1979-02-08 00:00:00,0.860121321244102
1979-02-09 00:00:00,0.8587004512427017
1979-02-13 00:00:00,0.8606592834823831
1979-02-14 00:00:00,0.8597236811790859
1979-02-15 00:00:00,0.8591311434790362
1979-02-16 00:00:00,0.8602621299450939
1979-02-20 00:00:00,0.8604965693765843
1979-02-21 00:00:00,0.8608681632018124
1979-02-22 00:00:00,0.8600024543744196
1979-02-23 00:00:00,0.85996177584797
1979-02-26 00:00:00,0.8584034830555711
1979-02-27 00:00:00,0.8585010408332259
1979-02-28 00:00:00,0.8580454901553709
1979-03-01 00:00:00,0.8585578657142034
1979-03-02 00:00:00,0.8586553147834732
1979-03-05 00:00:00,0.860130462638537
1979-03-06 00:00:00,0.8598146661541471
1979-03-07 00:00:00,0.8571495541760824
1979-03-08 00:00:00,0.8575245652829829
1979-03-09 00:00:00,0.8582395802431574
1979-03-12 00:00:00,0.8582395802431574
1979-03-13 00:00:00,0.8600417241392884
1979-03-14 00:00:00,0.8589834998343564
1979-03-15 00:00:00,0.8589341757205493
1979-03-16 00:00:00,0.8605650338768271
1979-03-19 00:00:00,0.8600123469217528
1979-03-20 00:00:00,0.8609691569947795
1979-03-21 00:00:00,0.8620906716080722
1979-03-22 00:00:00,0.861037967952364
1979-03-23 00:00:00,0.861908498371159
1979-03-26 00:00:00,0.8594298220008165
1979-03-27 00:00:00,0.8613919799160055
1979-03-28 00:00:00,0.8598349315250241
1979-03-29 00:00:00,0.8604563634069824
1979-03-30 00:00:00,0.8605745640843229
1979-04-02 00:00:00,0.8638620096108152
1979-04-03 00:00:00,0.8623143670286642
1979-04-04 00:00:00,0.8620982376748967
1979-04-05 00:00:00,0.8625491337678938
1979-04-06 00:00:00,0.8648264394412246
1979-04-09 00:00:00,0.8692285339704087
1979-04-10 00:00:00,0.8662167916153889
1979-04-11 00:00:00,0.8650098071437693
1979-04-12 00:00:00,0.866613319225956
1979-04-13 00:00:00,0.8657383809228076
1979-04-16 00:00:00,0.8661020645877232
1979-04-17 00:00:00,0.8663828576837724
1979-04-18 00:00:00,0.8647631865747339
1979-04-19 00:00:00,0.8651276747348144
1979-04-20 00:00:00,0.8691124992182254
1979-04-23 00:00:00,0.8674212180742016
1979-04-24 00:00:00,0.8673718939603945
1979-04-25 00:00:00,0.868472608135594
1979-04-26 00:00:00,0.8683412419377792
1979-04-27 00:00:00,0.8685379963771096
1979-04-30 00:00:00,0.8699621443658673
1979-05-01 00:00:00,0.8689310762983855
1979-05-02 00:00:00,0.8693729092206358
1979-05-03 00:00:00,0.869650706337113
1979-05-04 00:00:00,0.8700099278851493
1979-05-07 00:00:00,0.8704375193687152
1979-05-08 00:00:00,0.8704375193687152
1979-05-09 00:00:00,0.8699671148559297
1979-05-10 00:00:00,0.8700011980652754
1979-05-11 00:00:00,0.8713785332942675
1979-05-14 00:00:00,0.8720822767304086
1979-05-15 00:00:00,0.8733690621457217
1979-05-16 00:00:00,0.8728182155278595
1979-05-17 00:00:00,0.8747680137109133
1979-05-18 00:00:00,0.8777005001990853
1979-05-21 00:00:00,0.8748341993754423
1979-05-22 00:00:00,0.8748672682704952
1979-05-23 00:00:00,0.8746510390894066
1979-05-24 00:00:00,0.8726850694074451
1979-05-25 00:00:00,0.8732190550014889
1979-05-28 00:00:00,0.8719166141351257
1979-05-29 00:00:00,0.8728688106978086
1979-05-31 00:00:00,0.8706443735836285
1979-06-01 00:00:00,0.8717665387007517
1979-06-04 00:00:00,0.8693689637266724
1979-06-05 00:00:00,0.8706619476407387
1979-06-06 00:00:00,0.8711144832668161
1979-06-07 00:00:00,0.86955502945925
1979-06-08 00:00:00,0.8725186346842695
1979-06-11 00:00:00,0.8734685202053517
1979-06-12 00:00:00,0.8734184950605604
1979-06-13 00:00:00,0.8720347425251581
1979-06-14 00:00:00,0.8724853461556653
1979-06-15 00:00:00,0.8689187374235506
1979-06-18 00:00:00,0.8678587289581045
1979-06-19 00:00:00,0.8654429383072735
1979-06-20 00:00:00,0.8617346634824529
1979-06-21 00:00:00,0.8577371050862763
1979-06-22 00:00:00,0.856219207108893
1979-06-25 00:00:00,0.8503361259837526
1979-06-26 00:00:00,0.8567241666254146
1979-06-27 00:00:00,0.8567605037841258
1979-06-28 00:00:00,0.8558460941811785
1979-06-29 00:00:00,0.8521470844158444
1979-07-02 00:00:00,0.8505239624607103
1979-07-03 00:00:00,0.8508239964651604
1979-07-05 00:00:00,0.8468234036067674
1979-07-06 00:00:00,0.8468234036067674
1979-07-09 00:00:00,0.8430778705654558
1979-07-10 00:00:00,0.8441565057703915
1979-07-11 00:00:00,0.8465726663178984
1979-07-12 00:00:00,0.8475765074242043
1979-07-13 00:00:00,0.8475765074242043
1979-07-16 00:00:00,0.8500965565047519
1979-07-17 00:00:00,0.8519541373791166
1979-07-18 00:00:00,0.8536499059646644
1979-07-19 00:00:00,0.8541599537077222
1979-07-20 00:00:00,0.8518695257853756
1979-07-23 00:00:00,0.8541599537077222
1979-07-24 00:00:00,0.8556937604881233
1979-07-25 00:00:00,0.8553524386849767
1979-07-26 00:00:00,0.8555230655428833
1979-07-27 00:00:00,0.855096625972779
1979-07-30 00:00:00,0.8526316356991
1979-07-31 00:00:00,0.8497596844791904
1979-08-01 00:00:00,0.8508554959957293
1979-08-02 00:00:00,0.8511087770522869
1979-08-03 00:00:00,0.8499280871118655
1979-08-06 00:00:00,0.8521234110006901
1979-08-07 00:00:00,0.8521234110006901
1979-08-08 00:00:00,0.8508554959957293
1979-08-09 00:00:00,0.8555230655428833
1979-08-10 00:00:00,0.8575759103312284
1979-08-13 00:00:00,0.8553524386849767
1979-08-14 00:00:00,0.8534800253863628
1979-08-15 00:00:00,0.8539048536717717
1979-08-16 00:00:00,0.8546706113125695
1979-08-17 00:00:00,0.8517849309963205
1979-08-20 00:00:00,0.8517003530069454
1979-08-21 00:00:00,0.8516157918122466
1979-08-22 00:00:00,0.8517849309963205
1979-08-23 00:00:00,0.8517003530069454
1979-08-24 00:00:00,0.8527163987606072
1979-08-27 00:00:00,0.8517003530069454
1979-08-28 00:00:00,0.8517849309963205
1979-08-29 00:00:00,0.8499280871118655
1979-08-30 00:00:00,0.8522927519011275
1979-08-31 00:00:00,0.851869363979608
1979-09-04 00:00:00,0.851869363979608
1979-09-05 00:00:00,0.8522944060732012
1979-09-06 00:00:00,0.8552816185919837
1979-09-07 00:00:00,0.8527198725299072
1979-09-10 00:00:00,0.8552816185919837
1979-09-11 00:00:00,0.8534867835774508
1979-09-12 00:00:00,0.8551103567540599
1979-09-13 00:00:00,0.8530605516639581
1979-09-14 00:00:00,0.8519543384797554
1979-09-17 00:00:00,0.8529753563626835
1979-09-18 00:00:00,0.8540842243259549
1979-09-19 00:00:00,0.8557958159578706
1979-09-20 00:00:00,0.8651582499249949
1979-09-21 00:00:00,0.8572560717915839
1979-09-24 00:00:00,0.8609720003285837
1979-09-25 00:00:00,0.8592396622997535
1979-09-26 00:00:00,0.8588076664916591
1979-09-27 00:00:00,0.8715145146183214
1979-09-28 00:00:00,0.8759838198214921
1979-10-01 00:00:00,0.8809532999751986
1979-10-02 00:00:00,0.8765232187253232
1979-10-03 00:00:00,0.8791397059453988
1979-10-04 00:00:00,0.8690315672832264
1979-10-05 00:00:00,0.8692084513799663
1979-10-09 00:00:00,0.8567401186939061
1979-10-10 00:00:00,0.8663869185696439
1979-10-11 00:00:00,0.8626242039450106
1979-10-12 00:00:00,0.861840791448996
1979-10-15 00:00:00,0.8592396622997535
1979-10-16 00:00:00,0.8578588030594165
1979-10-17 00:00:00,0.8562247862916843
1979-10-18 00:00:00,0.8578588030594165
1979-10-19 00:00:00,0.8580311676973628
1979-10-22 00:00:00,0.8550247515526627
1979-10-23 00:00:00,0.851529635419696
1979-10-24 00:00:00,0.851529635419696
1979-10-25 00:00:00,0.8522944060732012
1979-10-26 00:00:00,0.8520393299341131
1979-10-29 00:00:00,0.8479787771306146
1979-10-30 00:00:00,0.8498350490805521
1979-10-31 00:00:00,0.8516138031704141
1979-11-01 00:00:00,0.8516138031704141
1979-11-02 00:00:00,0.8497469733906463
1979-11-05 00:00:00,0.8501705338399487
1979-11-07 00:00:00,0.8502552966050376
1979-11-08 00:00:00,0.8465416542533777
1979-11-09 00:00:00,0.8445296717120742
1979-11-13 00:00:00,0.8410316198174088
1979-11-14 00:00:00,0.8431102941125582
1979-11-15 00:00:00,0.8433604257267134
1979-11-16 00:00:00,0.8468779170753252
1979-11-19 00:00:00,0.8516138031704141
1979-11-20 00:00:00,0.8507642283468203
1979-11-21 00:00:00,0.8519541083864661
1979-11-23 00:00:00,0.85050968634173
1979-11-26 00:00:00,0.8534888535777146
1979-11-27 00:00:00,0.8535742793462644
1979-11-28 00:00:00,0.8514437524908673
1979-11-29 00:00:00,0.8572638344339089
1979-11-30 00:00:00,0.8567470991509468
1979-12-03 00:00:00,0.870387898035163
1979-12-04 00:00:00,0.8640385638245721
1979-12-05 00:00:00,0.8522946856834425
1979-12-06 00:00:00,0.8548577210253133
1979-12-07 00:00:00,0.8498316517138542
1979-12-10 00:00:00,0.850085787973338
1979-12-11 00:00:00,0.8581264464629227
1979-12-12 00:00:00,0.857608671052748
1979-12-13 00:00:00,0.8579537852060892
1979-12-14 00:00:00,0.8550291382543137
1979-12-17 00:00:00,0.853830659285996
1979-12-18 00:00:00,0.854515092680213
1979-12-19 00:00:00,0.8550291382543137
1979-12-20 00:00:00,0.854515092680213
1979-12-21 00:00:00,0.8515287693408413
1979-12-24 00:00:00,0.850679364084641
1979-12-26 00:00:00,0.850679364084641
1979-12-27 00:00:00,0.8624656780894545
1979-12-28 00:00:00,0.8653536910145638
1979-12-31 00:00:00,0.8654415085192334
1980-01-02 00:00:00,0.868261110257435
1980-01-03 00:00:00,0.8680940347419047
1980-01-04 00:00:00,0.8680940347419047
1980-01-07 00:00:00,0.8703943246831287
1980-01-08 00:00:00,0.8685354534517296
1980-01-09 00:00:00,0.8688889117703589
1980-01-10 00:00:00,0.8695081565659599
1980-01-11 00:00:00,0.8696852458035496
1980-01-14 00:00:00,0.8690657488339125
1980-01-15 00:00:00,0.8689773213055411
1980-01-16 00:00:00,0.8688005202228746
1980-01-17 00:00:00,0.8701282846450186
1980-01-18 00:00:00,0.8695081565659599
1980-01-21 00:00:00,0.8681822825852249
1980-01-22 00:00:00,0.8673886973177796
1980-01-23 00:00:00,0.8682705483723929
1980-01-24 00:00:00,0.8735101885845207
1980-01-25 00:00:00,0.8711045607701814
1980-01-28 00:00:00,0.8712823009376512
1980-01-29 00:00:00,0.8704830408511728
1980-01-30 00:00:00,0.8709268931053292
1980-01-31 00:00:00,0.8768284511078908
1980-02-01 00:00:00,0.8727960259367253
1980-02-04 00:00:00,0.872885232398902
1980-02-05 00:00:00,0.8752110180150501
1980-02-06 00:00:00,0.8782711963997181
1980-02-07 00:00:00,0.8767384368946574
1980-02-08 00:00:00,0.8773689247781855
1980-02-11 00:00:00,0.8773689247781855
1980-02-13 00:00:00,0.8797186973414562
1980-02-14 00:00:00,0.8779100651511984
1980-02-15 00:00:00,0.8762886429089737
1980-02-19 00:00:00,0.8743150198393588
1980-02-20 00:00:00,0.8755699316988781
1980-02-21 00:00:00,0.8760189879773163
1980-02-22 00:00:00,0.8719939875220397
1980-02-25 00:00:00,0.8696852458035496
1980-02-26 00:00:00,0.8714601136521282
1980-02-27 00:00:00,0.8716379989580382
1980-02-28 00:00:00,0.8735101885845207
1980-02-29 00:00:00,0.8694196389891945
1980-03-03 00:00:00,0.8658058712277835
1980-03-04 00:00:00,0.8608314364589521
1980-03-05 00:00:00,0.8608314364589521
1980-03-06 00:00:00,0.8559128927662735
1980-03-07 00:00:00,0.8559128927662735
1980-03-10 00:00:00,0.8516444263152151
1980-03-11 00:00:00,0.8530056961275071
1980-03-12 00:00:00,0.8538587018236345
1980-03-13 00:00:00,0.8499489367147468
1980-03-14 00:00:00,0.8504568743263293
1980-03-17 00:00:00,0.83953621401258
1980-03-18 00:00:00,0.8409915313933167
1980-03-19 00:00:00,0.8434005351873118
1980-03-20 00:00:00,0.843567182200785
1980-03-21 00:00:00,0.8401640281645524
1980-03-24 00:00:00,0.8375269267519712
1980-03-25 00:00:00,0.8384315610994056
1980-03-26 00:00:00,0.8386786188229395
1980-03-27 00:00:00,0.8310060358380872
1980-03-28 00:00:00,0.8296334063579816
1980-03-31 00:00:00,0.8238698396600102
1980-04-01 00:00:00,0.8199142517991498
1980-04-02 00:00:00,0.8238698396600102
1980-04-03 00:00:00,0.8225999054177596
1980-04-04 00:00:00,0.8206234520169482
1980-04-07 00:00:00,0.8167145252167756
1980-04-08 00:00:00,0.8261016852008848
1980-04-09 00:00:00,0.8404121080941285
1980-04-10 00:00:00,0.8412401003188518
1980-04-11 00:00:00,0.8404121080941285
1980-04-14 00:00:00,0.8432339540031943
1980-04-15 00:00:00,0.8366242424295851
1980-04-16 00:00:00,0.8504568743263293
1980-04-17 00:00:00,0.8462425191512731
1980-04-18 00:00:00,0.8479232391495874
1980-04-21 00:00:00,0.8502874943473757
1980-04-22 00:00:00,0.8457396016478156
1980-04-23 00:00:00,0.8564279857809775
1980-04-24 00:00:00,0.8547134152388735
1980-04-25 00:00:00,0.860744659096406
1980-04-28 00:00:00,0.8649298033059507
1980-04-29 00:00:00,0.8657190528476474
1980-04-30 00:00:00,0.8650221537142129
1980-05-01 00:00:00,0.8650221537142129
1980-05-02 00:00:00,0.8624035195455523
1980-05-05 00:00:00,0.8667767625452762
1980-05-06 00:00:00,0.8685385039325634
1980-05-07 00:00:00,0.8701302055280417
1980-05-08 00:00:00,0.8673045340670209
1980-05-09 00:00:00,0.8643222976027937
1980-05-12 00:00:00,0.8667767625452762
1980-05-13 00:00:00,0.8687150720366359
1980-05-14 00:00:00,0.8707507772487441
1980-05-15 00:00:00,0.8707507772487441
1980-05-16 00:00:00,0.8678329486897262
1980-05-19 00:00:00,0.8658985692701545
1980-05-20 00:00:00,0.8666009814131436
1980-05-21 00:00:00,0.8720835590506553
1980-05-22 00:00:00,0.8742245170515982
1980-05-23 00:00:00,0.8767356256356611
1980-05-27 00:00:00,0.8821654499067323
1980-05-28 00:00:00,0.8810741112058169
1980-05-29 00:00:00,0.8792612015119776
1980-05-30 00:00:00,0.8785381248659975
1980-06-02 00:00:00,0.8783575414898688
1980-06-03 00:00:00,0.8779064076729762
1980-06-04 00:00:00,0.8785381248659975
1980-06-05 00:00:00,0.87637601299184
1980-06-06 00:00:00,0.8790803207875358
1980-06-09 00:00:00,0.882620972704371
1980-06-10 00:00:00,0.8823476025909999
1980-06-11 00:00:00,0.8809832881864162
1980-06-12 00:00:00,0.8818013700677283
1980-06-13 00:00:00,0.8847224512108098
1980-06-16 00:00:00,0.882620972704371
1980-06-17 00:00:00,0.8803480509576043
1980-06-18 00:00:00,0.8818013700677283
1980-06-19 00:00:00,0.8819833724144917
1980-06-20 00:00:00,0.8796231863623326
1980-06-23 00:00:00,0.8808924838895509
1980-06-24 00:00:00,0.8790803207875358
1980-06-25 00:00:00,0.879442156688251
1980-06-26 00:00:00,0.8805294538117064
1980-06-27 00:00:00,0.8818148951184047
1980-06-30 00:00:00,0.8818148951184047
1980-07-01 00:00:00,0.8818148951184047
1980-07-02 00:00:00,0.8836390881161673
1980-07-03 00:00:00,0.8830910382372447
1980-07-07 00:00:00,0.8869417259039768
1980-07-08 00:00:00,0.8886023199404104
1980-07-09 00:00:00,0.8889721856302919
1980-07-10 00:00:00,0.8898055102496724
1980-07-11 00:00:00,0.8895275618395571
1980-07-14 00:00:00,0.8893423593490637
1980-07-15 00:00:00,0.8880480981192418
1980-07-16 00:00:00,0.8871259297930534
1980-07-17 00:00:00,0.8898981983236568
1980-07-18 00:00:00,0.8871259297930534
1980-07-21 00:00:00,0.8895275618395571
1980-07-22 00:00:00,0.8911978618722203
1980-07-23 00:00:00,0.8898981983236568
1980-07-24 00:00:00,0.8911978618722203
1980-07-25 00:00:00,0.8898055102496724
1980-07-28 00:00:00,0.8883251225857445
1980-07-29 00:00:00,0.882726049174117
1980-07-30 00:00:00,0.8793641486265678
1980-07-31 00:00:00,0.8744137875032861
1980-08-01 00:00:00,0.8715591413902373
1980-08-04 00:00:00,0.8724492140428007
1980-08-05 00:00:00,0.876746993422322
1980-08-06 00:00:00,0.8793641486265678
1980-08-07 00:00:00,0.8787309919674043
1980-08-08 00:00:00,0.8768369807971986
1980-08-11 00:00:00,0.8778280624647663
1980-08-12 00:00:00,0.8794546740690864
1980-08-13 00:00:00,0.8801795491352881
1980-08-14 00:00:00,0.8785502574976456
1980-08-15 00:00:00,0.8790926840818178
1980-08-18 00:00:00,0.876567074072143
1980-08-19 00:00:00,0.8778280624647663
1980-08-20 00:00:00,0.8781890115036087
1980-08-21 00:00:00,0.8794546740690864
1980-08-22 00:00:00,0.8761175985957446
1980-08-25 00:00:00,0.8768369807971986
1980-08-26 00:00:00,0.8786472563449527
1980-08-27 00:00:00,0.8786472563449527
1980-08-28 00:00:00,0.8822780301315022
1980-08-29 00:00:00,0.8815494768448535
1980-09-02 00:00:00,0.8859389348208444
1980-09-03 00:00:00,0.8859389348208444
1980-09-04 00:00:00,0.8863986851762264
1980-09-05 00:00:00,0.8870431378970649
1980-09-08 00:00:00,0.8872274394008873
1980-09-09 00:00:00,0.8885196974274803
1980-09-10 00:00:00,0.8861227777207865
1980-09-11 00:00:00,0.8873196188751108
1980-09-12 00:00:00,0.8856633134577352
1980-09-15 00:00:00,0.8848374773801224
1980-09-16 00:00:00,0.8841962244200166
1980-09-17 00:00:00,0.8856633134577352
1980-09-18 00:00:00,0.8798239756539548
1980-09-19 00:00:00,0.8800959739976236
1980-09-22 00:00:00,0.8781052160881082
1980-09-23 00:00:00,0.8777442273045161
1980-09-24 00:00:00,0.8793710185000969
1980-09-25 00:00:00,0.8791899662006322
1980-09-26 00:00:00,0.8784665019206892
1980-09-29 00:00:00,0.8760335759229603
1980-09-30 00:00:00,0.8772934084923412
1980-10-01 00:00:00,0.8786472563449527
1980-10-02 00:00:00,0.8773835352037129
1980-10-03 00:00:00,0.8777442273045161
1980-10-06 00:00:00,0.8803681405703475
1980-10-07 00:00:00,0.8790089884389607
1980-10-08 00:00:00,0.8800959739976236
1980-10-09 00:00:00,0.8786472563449527
1980-10-10 00:00:00,0.8794615726158934
1980-10-14 00:00:00,0.8788280851690615
1980-10-15 00:00:00,0.8756742880829427
1980-10-16 00:00:00,0.8744190981542891
1980-10-17 00:00:00,0.8726321990061244
1980-10-20 00:00:00,0.8691686679903257
1980-10-21 00:00:00,0.8659958762596776
1980-10-22 00:00:00,0.8673150534856242
1980-10-23 00:00:00,0.8679320459017216
1980-10-24 00:00:00,0.867492078620591
1980-10-27 00:00:00,0.867492078620591
1980-10-28 00:00:00,0.8700699249307621
1980-10-29 00:00:00,0.8698453842779812
1980-10-30 00:00:00,0.8696207730454889
1980-10-31 00:00:00,0.8716633326966666
1980-11-03 00:00:00,0.8781731994782733
1980-11-05 00:00:00,0.8793208534477174
1980-11-06 00:00:00,0.8796125284929265
1980-11-07 00:00:00,0.8833015909386044
1980-11-10 00:00:00,0.8783162636882254
1980-11-12 00:00:00,0.8798042191800062
1980-11-13 00:00:00,0.8771882662976203
1980-11-14 00:00:00,0.8770526084616191
1980-11-17 00:00:00,0.8821206509835334
1980-11-18 00:00:00,0.8818163518307223
1980-11-19 00:00:00,0.8787867252845446
1980-11-20 00:00:00,0.8802719200301835
1980-11-21 00:00:00,0.8830220621693994
1980-11-24 00:00:00,0.880597634036021
1980-11-25 00:00:00,0.880717829796771
1980-11-26 00:00:00,0.8827879159603419
1980-11-28 00:00:00,0.8845949149005845
1980-12-01 00:00:00,0.8916437898970345
1980-12-02 00:00:00,0.8948936148856057
1980-12-03 00:00:00,0.8942681825217167
1980-12-04 00:00:00,0.8942183266551292
1980-12-05 00:00:00,0.8988324676436606
1980-12-08 00:00:00,0.8981311444051918
1980-12-09 00:00:00,0.9063919801037543
1980-12-10 00:00:00,0.9141757214319656
1980-12-11 00:00:00,0.9181813439601302
1980-12-12 00:00:00,0.9150154661662221
1980-12-15 00:00:00,0.9037890809583548
1980-12-16 00:00:00,0.9142896896717465
1980-12-17 00:00:00,0.9055332803999673
1980-12-18 00:00:00,0.9088295017855303
1980-12-19 00:00:00,0.9036699983489249
1980-12-22 00:00:00,0.9031378637918172
1980-12-23 00:00:00,0.9022829627008013
1980-12-24 00:00:00,0.8998085737458578
1980-12-26 00:00:00,0.8999845082907018
1980-12-29 00:00:00,0.8999845082907018
1980-12-30 00:00:00,0.8974052283182846
1980-12-31 00:00:00,0.9007493536510586
1981-01-02 00:00:00,0.9028610476711051
1981-01-05 00:00:00,0.8926821563581498
1981-01-06 00:00:00,0.8892630006413358
1981-01-07 00:00:00,0.8908981131415963
1981-01-08 00:00:00,0.8935852171818193
1981-01-09 00:00:00,0.893885688972765
1981-01-12 00:00:00,0.8977773744695503
1981-01-13 00:00:00,0.901807825007877
1981-01-14 00:00:00,0.900023532837098
1981-01-15 00:00:00,0.9036025106830041
1981-01-16 00:00:00,0.9091973227340826
1981-01-19 00:00:00,0.9082946441407546
1981-01-20 00:00:00,0.9096885784476578
1981-01-21 00:00:00,0.9068262796111188
1981-01-22 00:00:00,0.9118715584484851
1981-01-23 00:00:00,0.915017927611345
1981-01-26 00:00:00,0.9240130720462075
1981-01-27 00:00:00,0.9344318073482489
1981-01-28 00:00:00,0.9349410852325611
1981-01-29 00:00:00,0.9383196015930297
1981-01-30 00:00:00,0.948862411220762
1981-02-02 00:00:00,0.93932710687296
1981-02-03 00:00:00,0.9416463617891404
1981-02-04 00:00:00,0.9315475854829334
1981-02-05 00:00:00,0.934550647309789
1981-02-06 00:00:00,0.9380092621074123
1981-02-09 00:00:00,0.9323594156955083
1981-02-10 00:00:00,0.93885823564933
1981-02-11 00:00:00,0.9408628738455166
1981-02-13 00:00:00,0.9541707944560978
1981-02-17 00:00:00,0.9460134449431807
1981-02-18 00:00:00,0.9419682740726603
1981-02-19 00:00:00,0.9271923867143466
1981-02-20 00:00:00,0.9172620285003813
1981-02-23 00:00:00,0.9332316128278334
1981-02-24 00:00:00,0.9326980936785078
1981-02-25 00:00:00,0.932967627323236
1981-02-26 00:00:00,0.9371185877836901
1981-02-27 00:00:00,0.9371185877836901
1981-03-02 00:00:00,0.9388627651440177
1981-03-03 00:00:00,0.9395773836510578
1981-03-04 00:00:00,0.9292594102314954
1981-03-05 00:00:00,0.934408762716559
1981-03-06 00:00:00,0.9358187452014507
1981-03-09 00:00:00,0.9299690378704693
1981-03-10 00:00:00,0.9242234898896281
1981-03-11 00:00:00,0.926279154937024
1981-03-12 00:00:00,0.9260498620421056
1981-03-13 00:00:00,0.9249420258601426
1981-03-16 00:00:00,0.9213579114437845
1981-03-17 00:00:00,0.9182826139345796
1981-03-18 00:00:00,0.9073186762210094
1981-03-19 00:00:00,0.9084489099501164
1981-03-20 00:00:00,0.9118396610478894
1981-03-23 00:00:00,0.9206454942779009
1981-03-24 00:00:00,0.9201480940744615
1981-03-25 00:00:00,0.920980909713067
1981-03-26 00:00:00,0.9266504590852492
1981-03-27 00:00:00,0.9313860210542875
1981-03-30 00:00:00,0.9225877439175644
1981-03-31 00:00:00,0.9234156290380905
1981-04-01 00:00:00,0.9210658302510546
1981-04-02 00:00:00,0.9236601533839787
1981-04-03 00:00:00,0.9271143685911449
1981-04-06 00:00:00,0.931928477822782
1981-04-07 00:00:00,0.928925064302266
1981-04-08 00:00:00,0.9319936923580708
1981-04-09 00:00:00,0.9331485626357374
1981-04-10 00:00:00,0.9356744052692993
1981-04-13 00:00:00,0.9414157451963208
1981-04-14 00:00:00,0.9360809314597831
1981-04-15 00:00:00,0.9409691216440401
1981-04-16 00:00:00,0.9388766195118985
1981-04-17 00:00:00,0.9450801150162351
1981-04-20 00:00:00,0.9450262576261326
1981-04-21 00:00:00,0.9395655661141786
1981-04-22 00:00:00,0.9368700417102248
1981-04-23 00:00:00,0.9380962763178868
1981-04-24 00:00:00,0.940141437420342
1981-04-27 00:00:00,0.940141437420342
1981-04-28 00:00:00,0.9399167817229547
1981-04-29 00:00:00,0.945376533558504
1981-04-30 00:00:00,0.9450694438926702
1981-05-01 00:00:00,0.944508884423683
1981-05-04 00:00:00,0.9558030400501693
1981-05-05 00:00:00,0.9588707838495021
1981-05-06 00:00:00,0.9502223563528992
1981-05-07 00:00:00,0.9571223157305633
1981-05-08 00:00:00,0.9575610195601629
1981-05-11 00:00:00,0.9607784874683506
1981-05-12 00:00:00,0.9655077717898003
1981-05-13 00:00:00,0.965050306974224
1981-05-14 00:00:00,0.9688546025695711
1981-05-15 00:00:00,0.9693605258727013
1981-05-18 00:00:00,0.9684262569284043
1981-05-19 00:00:00,0.9686925092182918
1981-05-20 00:00:00,0.966391753493536
1981-05-21 00:00:00,0.9722515854571839
1981-05-22 00:00:00,0.9712437596720828
1981-05-26 00:00:00,0.9737287359620329
1981-05-27 00:00:00,0.9780839671863363
1981-05-28 00:00:00,0.9701258636640203
1981-05-29 00:00:00,0.9770346818453999
1981-06-01 00:00:00,0.9766664725752932
1981-06-02 00:00:00,0.9860205136951732
1981-06-03 00:00:00,0.989415497277206
1981-06-04 00:00:00,1.002895131615179
1981-06-05 00:00:00,1.0130858829900624
1981-06-08 00:00:00,1.0108567661428887
1981-06-09 00:00:00,1.008251279988368
1981-06-10 00:00:00,0.9992597327458439
1981-06-11 00:00:00,1.0088737344653353
1981-06-12 00:00:00,1.0073574416506748
1981-06-15 00:00:00,0.9935406995882103
1981-06-16 00:00:00,0.9931842918720153
1981-06-17 00:00:00,0.9938103177284464
1981-06-18 00:00:00,1.000499824885027
1981-06-19 00:00:00,1.0053995944087488
1981-06-22 00:00:00,1.0018022746665582
1981-06-23 00:00:00,1.0022807433449126
1981-06-24 00:00:00,1.0022807433449126
1981-06-25 00:00:00,1.0097811859887655
1981-06-26 00:00:00,1.0179888324910618
1981-06-29 00:00:00,1.0144766138833636
1981-06-30 00:00:00,1.0172995338482738
1981-07-01 00:00:00,1.023925382090102
1981-07-02 00:00:00,1.023543858356529
1981-07-03 00:00:00,1.0225943674529798
1981-07-06 00:00:00,1.0353519609053972
1981-07-07 00:00:00,1.0261175792136639
1981-07-08 00:00:00,1.0332564849486403
1981-07-09 00:00:00,1.0328812876526028
1981-07-10 00:00:00,1.0303552602375028
1981-07-13 00:00:00,1.0263702550538996
1981-07-14 00:00:00,1.0338191548130122
1981-07-15 00:00:00,1.0248043607911457
1981-07-16 00:00:00,1.022481551297367
1981-07-17 00:00:00,1.0288683384331507
1981-07-20 00:00:00,1.0326368947115987
1981-07-21 00:00:00,1.0384194560415776
1981-07-22 00:00:00,1.0330771631995883
1981-07-23 00:00:00,1.0343659246111347
1981-07-24 00:00:00,1.0335960072147439
1981-07-27 00:00:00,1.0313156009122313
1981-07-28 00:00:00,1.0336391852556448
1981-07-29 00:00:00,1.0352414831871835
1981-07-30 00:00:00,1.0382515214676005
1981-07-31 00:00:00,1.0358359257141965
1981-08-03 00:00:00,1.0520463059539764
1981-08-04 00:00:00,1.049468644473257
1981-08-05 00:00:00,1.0474161136163074
1981-08-06 00:00:00,1.048740503516047
1981-08-07 00:00:00,1.0499079866455316
1981-08-10 00:00:00,1.0566079036310096
1981-08-11 00:00:00,1.0566256839751582
1981-08-12 00:00:00,1.0443520710043537
1981-08-13 00:00:00,1.0519661526798396
1981-08-14 00:00:00,1.0534281692826537
1981-08-17 00:00:00,1.044952000539099
1981-08-18 00:00:00,1.0398492146696705
1981-08-19 00:00:00,1.0422141538386818
1981-08-20 00:00:00,1.0422141538386818
1981-08-21 00:00:00,1.0330646809998556
1981-08-24 00:00:00,1.0382548472849629
1981-08-25 00:00:00,1.045423776064619
1981-08-26 00:00:00,1.0419745643780292
1981-08-27 00:00:00,1.0423395402920501
1981-08-28 00:00:00,1.0350093564862008
1981-08-31 00:00:00,1.0328782655040583
1981-09-01 00:00:00,1.0383234719588212
1981-09-02 00:00:00,1.0322393938549086
1981-09-03 00:00:00,1.0304455313825136
1981-09-04 00:00:00,1.0282101201746345
1981-09-08 00:00:00,1.0329245453758138
1981-09-09 00:00:00,1.0293967107369886
1981-09-10 00:00:00,1.021449634335467
1981-09-11 00:00:00,1.0169567648908815
1981-09-14 00:00:00,1.0142192781977457
1981-09-15 00:00:00,1.0033132201735429
1981-09-16 00:00:00,0.9921848667985143
1981-09-17 00:00:00,0.9911923495288161
1981-09-18 00:00:00,0.9939255414429636
1981-09-21 00:00:00,0.976889465081471
1981-09-22 00:00:00,0.9949189861801193
1981-09-23 00:00:00,1.00112471348926
1981-09-24 00:00:00,1.0083443852059428
1981-09-25 00:00:00,1.0064737946887874
1981-09-28 00:00:00,1.011468533950836
1981-09-29 00:00:00,1.0090677573001237
1981-09-30 00:00:00,1.005386465933214
1981-10-01 00:00:00,1.0005820762571582
1981-10-02 00:00:00,0.9925831418783949
1981-10-05 00:00:00,0.9812488272247222
1981-10-06 00:00:00,0.9996687508004279
1981-10-07 00:00:00,0.9835915702666223
1981-10-08 00:00:00,0.9813538372392198
1981-10-09 00:00:00,0.9770078924518233
1981-10-13 00:00:00,0.9817082190635973
1981-10-14 00:00:00,0.9966092567328322
1981-10-15 00:00:00,1.0006841141860783
1981-10-16 00:00:00,1.0069938227572262
1981-10-19 00:00:00,1.002990704834628
1981-10-20 00:00:00,1.002990704834628
1981-10-21 00:00:00,0.9879771225585172
1981-10-22 00:00:00,0.9863366458087314
1981-10-23 00:00:00,0.9870741856734936
1981-10-26 00:00:00,0.981042518477801
1981-10-27 00:00:00,0.9838861199806352
1981-10-28 00:00:00,0.9925996239256555
1981-10-29 00:00:00,0.9916882219337371
1981-10-30 00:00:00,0.9996150524834808
1981-11-02 00:00:00,1.0128239470388893
1981-11-04 00:00:00,1.0154209315184761
1981-11-05 00:00:00,1.0093818945425803
1981-11-06 00:00:00,1.0128239470388893
1981-11-09 00:00:00,1.0194289427463676
1981-11-10 00:00:00,1.0128239470388893
1981-11-12 00:00:00,1.0152473849569448
1981-11-13 00:00:00,1.0149871763149227
1981-11-16 00:00:00,1.020655060031458
1981-11-17 00:00:00,1.014034218057884
1981-11-18 00:00:00,1.0225877860876371
1981-11-19 00:00:00,1.0239980088576253
1981-11-20 00:00:00,1.0197789612674824
1981-11-23 00:00:00,1.025058231127366
1981-11-24 00:00:00,1.0344296820867365
1981-11-25 00:00:00,1.0339795386219468
1981-11-27 00:00:00,1.0366862913408526
1981-11-30 00:00:00,1.0403174167045683
1981-12-01 00:00:00,1.04068192876368
1981-12-02 00:00:00,1.046180424336577
1981-12-03 00:00:00,1.0415943274387314
1981-12-04 00:00:00,1.0403174167045683
1981-12-07 00:00:00,1.0416856553061087
1981-12-08 00:00:00,1.0366862913408526
1981-12-09 00:00:00,1.0346999563461217
1981-12-10 00:00:00,1.031286883573452
1981-12-11 00:00:00,1.0282521117159573
1981-12-14 00:00:00,1.0294995579520079
1981-12-15 00:00:00,1.0294995579520079
1981-12-16 00:00:00,1.0237332958867875
1981-12-17 00:00:00,1.0249697954245682
1981-12-18 00:00:00,1.0182540495277617
1981-12-21 00:00:00,1.0182540495277617
1981-12-22 00:00:00,1.0179056306913108
1981-12-23 00:00:00,1.0179056306913108
1981-12-24 00:00:00,1.0158201146304782
1981-12-28 00:00:00,1.016601180929639
1981-12-29 00:00:00,1.015300070203193
1981-12-30 00:00:00,1.023157078485075
1981-12-31 00:00:00,1.0320309473357696
1982-01-04 00:00:00,1.027574855162472
1982-01-05 00:00:00,1.0236852049880785
1982-01-06 00:00:00,1.028018731989756
1982-01-07 00:00:00,1.021400585646474
1982-01-08 00:00:00,1.021400585646474
1982-01-11 00:00:00,1.0196501133488796
1982-01-12 00:00:00,1.014434511746072
1982-01-13 00:00:00,1.015126840366953
1982-01-14 00:00:00,1.0109869857928142
1982-01-15 00:00:00,1.013743126834335
1982-01-18 00:00:00,1.0139158846950769
1982-01-19 00:00:00,1.0148671064205905
1982-01-20 00:00:00,1.013570427834874
1982-01-21 00:00:00,1.0192134323581519
1982-01-22 00:00:00,1.0127078147048019
1982-01-25 00:00:00,1.0024698250026474
1982-01-26 00:00:00,1.0084166798967307
1982-01-27 00:00:00,1.0018789949298157
1982-01-28 00:00:00,1.0071364217335101
1982-01-29 00:00:00,1.0088441562341182
1982-02-01 00:00:00,1.0006994216450613
1982-02-02 00:00:00,1.0020477324447514
1982-02-03 00:00:00,0.9991030077902119
1982-02-04 00:00:00,1.0085876269521463
1982-02-05 00:00:00,1.0045008292066033
1982-02-08 00:00:00,0.9982648341259583
1982-02-09 00:00:00,0.9964257932324085
1982-02-10 00:00:00,0.9974280656145368
1982-02-11 00:00:00,0.9953422687395586
1982-02-16 00:00:00,0.9907840818302601
1982-02-17 00:00:00,0.9891368929992871
1982-02-18 00:00:00,0.9974280656145368
1982-02-19 00:00:00,1.0025022789495968
1982-02-22 00:00:00,1.0025022789495968
1982-02-23 00:00:00,1.0110223125496116
1982-02-24 00:00:00,1.008647471027505
1982-02-25 00:00:00,1.0057615140093934
1982-02-26 00:00:00,1.0115920025389051
1982-03-01 00:00:00,1.0101308882454416
1982-03-02 00:00:00,1.006838443868531
1982-03-03 00:00:00,1.0050302666483797
1982-03-04 00:00:00,1.0041368898811174
1982-03-05 00:00:00,1.0003009866301613
1982-03-08 00:00:00,0.9985549561962423
1982-03-09 00:00:00,1.0044656693041472
1982-03-10 00:00:00,1.002901668876597
1982-03-11 00:00:00,1.0058522993215404
1982-03-12 00:00:00,1.0062943022276651
1982-03-15 00:00:00,1.0066526536588067
1982-03-16 00:00:00,1.010323190206251
1982-03-17 00:00:00,1.0094395073634073
1982-03-18 00:00:00,1.0118559858080296
1982-03-19 00:00:00,1.0134409394444077
1982-03-22 00:00:00,1.0150204631015796
1982-03-23 00:00:00,1.0141449557259035
1982-03-24 00:00:00,1.0157217744849847
1982-03-25 00:00:00,1.0192409794772277
1982-03-26 00:00:00,1.0196691070509607
1982-03-29 00:00:00,1.0279555134765408
1982-03-30 00:00:00,1.0251856584440935
1982-03-31 00:00:00,1.0236860374472534
1982-04-01 00:00:00,1.023066493623708
1982-04-02 00:00:00,1.0123725894719806
1982-04-05 00:00:00,1.0217449572721689
1982-04-06 00:00:00,1.0248975830765792
1982-04-07 00:00:00,1.0248399680030762
1982-04-08 00:00:00,1.0255816347167825
1982-04-09 00:00:00,1.027914048068113
1982-04-12 00:00:00,1.0278564329946103
1982-04-13 00:00:00,1.0226858880317704
1982-04-14 00:00:00,1.0253511744227712
1982-04-15 00:00:00,1.0276835877741017
1982-04-16 00:00:00,1.0264324211738767
1982-04-19 00:00:00,1.0219940338998263
1982-04-20 00:00:00,1.0219940338998263
1982-04-21 00:00:00,1.0200829449488151
1982-04-22 00:00:00,1.0201928828699822
1982-04-23 00:00:00,1.0201341475806776
1982-04-26 00:00:00,1.0183861751389782
1982-04-27 00:00:00,1.0140798551292785
1982-04-28 00:00:00,1.0093079446845588
1982-04-29 00:00:00,1.0075246112937464
1982-04-30 00:00:00,1.0031291145583106
1982-05-03 00:00:00,1.0061099132825653
1982-05-04 00:00:00,1.0103626889530002
1982-05-05 00:00:00,1.0068576216338254
1982-05-06 00:00:00,1.000274645736148
1982-05-07 00:00:00,0.9953790240284158
1982-05-10 00:00:00,0.9935502794738912
1982-05-11 00:00:00,0.9921601080396283
1982-05-12 00:00:00,0.9916568097509919
1982-05-13 00:00:00,0.9969081325092621
1982-05-14 00:00:00,0.9968493972199575
1982-05-17 00:00:00,0.9963502065894435
1982-05-18 00:00:00,1.0002422670285032
1982-05-19 00:00:00,1.0069613734968943
1982-05-20 00:00:00,1.0036116562993425
1982-05-21 00:00:00,0.9997160876476707
1982-05-24 00:00:00,1.0005318459593202
1982-05-25 00:00:00,1.007761363150561
1982-05-26 00:00:00,1.006840329259243
1982-05-27 00:00:00,1.0093641890348222
1982-05-28 00:00:00,1.0107632147184746
1982-06-01 00:00:00,1.0207107655999643
1982-06-02 00:00:00,1.0202319752206888
1982-06-03 00:00:00,1.0163771415801262
1982-06-04 00:00:00,1.0175869019201509
1982-06-07 00:00:00,1.0238238751721518
1982-06-08 00:00:00,1.0258465502018994
1982-06-09 00:00:00,1.0281089151326406
1982-06-10 00:00:00,1.0303607004107427
1982-06-11 00:00:00,1.028156831734707
1982-06-14 00:00:00,1.0342614002376236
1982-06-15 00:00:00,1.0350187805631983
1982-06-16 00:00:00,1.0371750240627189
1982-06-17 00:00:00,1.0371750240627189
1982-06-18 00:00:00,1.038776224988164
1982-06-21 00:00:00,1.0471046771049457
1982-06-22 00:00:00,1.040725555643501
1982-06-23 00:00:00,1.043548067279678
1982-06-24 00:00:00,1.0434884595196743
1982-06-25 00:00:00,1.0475183896557254
1982-06-28 00:00:00,1.0490855235944692
1982-06-29 00:00:00,1.0341969360404166
1982-06-30 00:00:00,1.0416050746890682
1982-07-01 00:00:00,1.0529510857533335
1982-07-02 00:00:00,1.0536965275869987
1982-07-06 00:00:00,1.0576431956917964
1982-07-07 00:00:00,1.0623497719473372
1982-07-08 00:00:00,1.0646565262200125
1982-07-09 00:00:00,1.0598530673004538
1982-07-12 00:00:00,1.0550047845904114
1982-07-13 00:00:00,1.0644777029400017
1982-07-14 00:00:00,1.0609436276953648
1982-07-15 00:00:00,1.0588196536216747
1982-07-16 00:00:00,1.055567605745027
1982-07-19 00:00:00,1.050681482788911
1982-07-20 00:00:00,1.0498130009763946
1982-07-21 00:00:00,1.0424155198396095
1982-07-22 00:00:00,1.0439956313314844
1982-07-23 00:00:00,1.0331836041203553
1982-07-26 00:00:00,1.039354577163418
1982-07-27 00:00:00,1.0543490992303717
1982-07-28 00:00:00,1.0669599927378637
1982-07-29 00:00:00,1.0676818310059155
1982-07-30 00:00:00,1.0730585270670525
1982-08-02 00:00:00,1.0852065930567685
1982-08-03 00:00:00,1.0881524513987697
1982-08-04 00:00:00,1.1057482723097356
1982-08-05 00:00:00,1.1024266801186784
1982-08-06 00:00:00,1.1099443903599764
1982-08-09 00:00:00,1.1148708934091196
1982-08-10 00:00:00,1.1162264124419559
1982-08-11 00:00:00,1.1182816678424907
1982-08-12 00:00:00,1.116813192600356
1982-08-13 00:00:00,1.1153830473206918
1982-08-16 00:00:00,1.1153830473206918
1982-08-17 00:00:00,1.1165559685590785
1982-08-18 00:00:00,1.0989199047664504
1982-08-19 00:00:00,1.1093814531939448
1982-08-20 00:00:00,1.094097545280701
1982-08-23 00:00:00,1.0924887049642185
1982-08-24 00:00:00,1.078682842583895
1982-08-25 00:00:00,1.0817788888095825
1982-08-26 00:00:00,1.0860752209920674
1982-08-27 00:00:00,1.0924041399606577
1982-08-30 00:00:00,1.1091829461715323
1982-08-31 00:00:00,1.1088686334020732
1982-09-01 00:00:00,1.1050379273423372
1982-09-02 00:00:00,1.1016044233330147
1982-09-03 00:00:00,1.0998480398854324
1982-09-07 00:00:00,1.1306925976991995
1982-09-08 00:00:00,1.1336664828942316
1982-09-09 00:00:00,1.1337618093616533
1982-09-10 00:00:00,1.1435708108806604
1982-09-13 00:00:00,1.1477947399327062
1982-09-14 00:00:00,1.1442247747762135
1982-09-15 00:00:00,1.1461111742259993
1982-09-16 00:00:00,1.1483784392594654
1982-09-17 00:00:00,1.144891552844636
1982-09-20 00:00:00,1.1424028989294874
1982-09-21 00:00:00,1.1428872230093061
1982-09-22 00:00:00,1.1403114990098135
1982-09-23 00:00:00,1.1441667195426979
1982-09-24 00:00:00,1.1429297861408207
1982-09-27 00:00:00,1.1494784001664404
1982-09-28 00:00:00,1.1498007741416973
1982-09-29 00:00:00,1.1415621091958936
1982-09-30 00:00:00,1.1477374145196257
1982-10-01 00:00:00,1.147285447890294
1982-10-04 00:00:00,1.1537774115742498
1982-10-05 00:00:00,1.153406571315177
1982-10-06 00:00:00,1.159368304882499
1982-10-07 00:00:00,1.1627065400698513
1982-10-08 00:00:00,1.1804286033210545
1982-10-12 00:00:00,1.1850798766743522
1982-10-13 00:00:00,1.190069517868205
1982-10-14 00:00:00,1.190069517868205
1982-10-15 00:00:00,1.1924616389564078
1982-10-18 00:00:00,1.188286712337789
1982-10-19 00:00:00,1.1731966931622952
1982-10-20 00:00:00,1.1788474318134818
1982-10-21 00:00:00,1.1876693122571467
1982-10-22 00:00:00,1.188013133138279
1982-10-25 00:00:00,1.1916418909768673
1982-10-26 00:00:00,1.1853987644661772
1982-10-27 00:00:00,1.186157373207069
1982-10-28 00:00:00,1.1934807850031819
1982-10-29 00:00:00,1.1901384790846448
1982-11-01 00:00:00,1.1876027643390141
1982-11-03 00:00:00,1.1895911792281229
1982-11-04 00:00:00,1.1988933839674671
1982-11-05 00:00:00,1.1988249891675897
1982-11-08 00:00:00,1.2047887312905605
1982-11-09 00:00:00,1.1982838528310857
1982-11-10 00:00:00,1.1957835476886594
1982-11-12 00:00:00,1.2003272503962397
1982-11-15 00:00:00,1.1984830151682024
1982-11-16 00:00:00,1.1927284422045294
1982-11-17 00:00:00,1.1995576057852493
1982-11-18 00:00:00,1.1974688601554304
1982-11-19 00:00:00,1.1864522770078334
1982-11-22 00:00:00,1.186301416259597
1982-11-23 00:00:00,1.1870571678471926
1982-11-24 00:00:00,1.1782779876486589
1982-11-26 00:00:00,1.169370483007213
1982-11-29 00:00:00,1.1586080551364522
1982-11-30 00:00:00,1.1515956174531383
1982-12-01 00:00:00,1.1532706364049126
1982-12-02 00:00:00,1.1382233072675532
1982-12-03 00:00:00,1.1318800826310094
1982-12-06 00:00:00,1.1376404122000499
1982-12-07 00:00:00,1.1464335622400472
1982-12-08 00:00:00,1.1450440175952123
1982-12-09 00:00:00,1.1530343364175486
1982-12-10 00:00:00,1.1536617223516046
1982-12-13 00:00:00,1.177457250050129
1982-12-14 00:00:00,1.1542101017724387
1982-12-15 00:00:00,1.1542101017724387
1982-12-16 00:00:00,1.1368182409555978
1982-12-17 00:00:00,1.1425845879810541
1982-12-20 00:00:00,1.1408577085575635
1982-12-21 00:00:00,1.1453465354899623
1982-12-22 00:00:00,1.1506179516894826
1982-12-23 00:00:00,1.148504446600692
1982-12-24 00:00:00,1.1525252390648753
1982-12-27 00:00:00,1.1487817921227819
1982-12-28 00:00:00,1.1396276569678176
1982-12-29 00:00:00,1.141639223340924
1982-12-30 00:00:00,1.1461183515289832
1982-12-31 00:00:00,1.1468746608013227
1983-01-03 00:00:00,1.1428489765664152
1983-01-04 00:00:00,1.1359559000749633
1983-01-05 00:00:00,1.1287280754428082
1983-01-06 00:00:00,1.1316211675819103
1983-01-07 00:00:00,1.1319763961252904
1983-01-10 00:00:00,1.1281050819315572
1983-01-11 00:00:00,1.1356242305054884
1983-01-12 00:00:00,1.138897983914973
1983-01-13 00:00:00,1.1329739359685107
1983-01-14 00:00:00,1.134587220445724
1983-01-17 00:00:00,1.1341014326366612
1983-01-18 00:00:00,1.1373823497848816
1983-01-19 00:00:00,1.142549364919791
1983-01-20 00:00:00,1.1502050161973376
1983-01-21 00:00:00,1.1588852491324142
1983-01-24 00:00:00,1.1604241514964737
1983-01-25 00:00:00,1.1498427836150615
1983-01-26 00:00:00,1.1598905957000025
1983-01-27 00:00:00,1.1562036104479139
1983-01-28 00:00:00,1.156137276534019
1983-01-31 00:00:00,1.16646877512566
1983-02-01 00:00:00,1.1628245334045288
1983-02-02 00:00:00,1.1694977228575392
1983-02-03 00:00:00,1.1650796281602431
1983-02-04 00:00:00,1.1662034394700802
1983-02-07 00:00:00,1.1625591977489491
1983-02-08 00:00:00,1.155995700534752
1983-02-09 00:00:00,1.1499899568758096
1983-02-10 00:00:00,1.1499899568758096
1983-02-11 00:00:00,1.146663794749507
1983-02-14 00:00:00,1.1490444856095037
1983-02-15 00:00:00,1.1461228030530481
1983-02-16 00:00:00,1.1448285440006645
1983-02-17 00:00:00,1.1463994292421793
1983-02-18 00:00:00,1.1469868298770347
1983-02-22 00:00:00,1.154544160562381
1983-02-23 00:00:00,1.1603291743510549
1983-02-24 00:00:00,1.1582660247547527
1983-02-25 00:00:00,1.1581999333779207
1983-02-28 00:00:00,1.164104119642903
1983-03-01 00:00:00,1.1668028304660516
1983-03-02 00:00:00,1.162782884386833
1983-03-03 00:00:00,1.160331199221059
1983-03-04 00:00:00,1.154659577572227
1983-03-07 00:00:00,1.156200689798663
1983-03-08 00:00:00,1.1672598450608653
1983-03-09 00:00:00,1.16640628220506
1983-03-10 00:00:00,1.1647619553066064
1983-03-11 00:00:00,1.1717634955091143
1983-03-14 00:00:00,1.1622541533721775
1983-03-15 00:00:00,1.1604396053921666
1983-03-16 00:00:00,1.155336672654017
1983-03-17 00:00:00,1.1609438472424838
1983-03-18 00:00:00,1.1667311140462098
1983-03-21 00:00:00,1.1775757328718464
1983-03-22 00:00:00,1.1673853083010828
1983-03-23 00:00:00,1.172793401549377
1983-03-24 00:00:00,1.1719485309658662
1983-03-25 00:00:00,1.1687565138906093
1983-03-28 00:00:00,1.1725951274188813
1983-03-29 00:00:00,1.1725290360420493
1983-03-30 00:00:00,1.1685582397601135
1983-03-31 00:00:00,1.1708382162334672
1983-04-01 00:00:00,1.1707721248566352
1983-04-04 00:00:00,1.1675757707278425
1983-04-05 00:00:00,1.1588110975539243
1983-04-06 00:00:00,1.1571490378025235
1983-04-07 00:00:00,1.1572427445483977
1983-04-08 00:00:00,1.161842472727714
1983-04-11 00:00:00,1.161842472727714
1983-04-12 00:00:00,1.1586882866079182
1983-04-13 00:00:00,1.1590286898249227
1983-04-14 00:00:00,1.1601817385440039
1983-04-15 00:00:00,1.1576727625817098
1983-04-18 00:00:00,1.1597231576989624
1983-04-19 00:00:00,1.157539217469902
1983-04-20 00:00:00,1.1594270265979163
1983-04-21 00:00:00,1.1574056723580943
1983-04-22 00:00:00,1.1539025372326155
1983-04-25 00:00:00,1.1545738325098447
1983-04-26 00:00:00,1.1518785757081502
1983-04-27 00:00:00,1.1480954255624398
1983-04-28 00:00:00,1.1509212023363127
1983-04-29 00:00:00,1.1525831323441724
1983-05-02 00:00:00,1.1503753082801376
1983-05-03 00:00:00,1.1540092626409404
1983-05-04 00:00:00,1.1490856408321986
1983-05-05 00:00:00,1.148108885485819
1983-05-06 00:00:00,1.1492826490080452
1983-05-09 00:00:00,1.1434041741696244
1983-05-10 00:00:00,1.146167403088283
1983-05-11 00:00:00,1.1446040890551787
1983-05-12 00:00:00,1.1465318602285683
1983-05-13 00:00:00,1.1453855492737286
1983-05-16 00:00:00,1.1513552398522815
1983-05-17 00:00:00,1.1504652180757688
1983-05-18 00:00:00,1.1532747645259975
1983-05-19 00:00:00,1.1552538731359199
1983-05-20 00:00:00,1.154941973149725
1983-05-23 00:00:00,1.1567518824867054
1983-05-24 00:00:00,1.1583121069786948
1983-05-25 00:00:00,1.1548233760709044
1983-05-26 00:00:00,1.1545114073999192
1983-05-27 00:00:00,1.1556695859045931
1983-05-31 00:00:00,1.1572320867136792
1983-06-01 00:00:00,1.1620259230065646
1983-06-02 00:00:00,1.1608286424438268
1983-06-03 00:00:00,1.1655914441877697
1983-06-06 00:00:00,1.1690408867316102
1983-06-07 00:00:00,1.171010737270417
1983-06-08 00:00:00,1.171010737270417
1983-06-09 00:00:00,1.172957560157884
1983-06-10 00:00:00,1.1716826195591141
1983-06-13 00:00:00,1.1732249545564428
1983-06-14 00:00:00,1.173960812904304
1983-06-15 00:00:00,1.178370873560627
1983-06-16 00:00:00,1.1758292868056335
1983-06-17 00:00:00,1.176960536060657
1983-06-20 00:00:00,1.1816628878238777
1983-06-21 00:00:00,1.1792156563637923
1983-06-22 00:00:00,1.1690450579107612
1983-06-23 00:00:00,1.1770903069609027
1983-06-24 00:00:00,1.1758252802571985
1983-06-27 00:00:00,1.1745577865560979
1983-06-28 00:00:00,1.1752908910643598
1983-06-29 00:00:00,1.1768211090902658
1983-06-30 00:00:00,1.176514461170009
1983-07-01 00:00:00,1.175888299065859
1983-07-05 00:00:00,1.179007294530233
1983-07-06 00:00:00,1.1783836522299602
1983-07-07 00:00:00,1.178077756977335
1983-07-08 00:00:00,1.1772144303078886
1983-07-11 00:00:00,1.1791351584468803
1983-07-12 00:00:00,1.1789090668370545
1983-07-13 00:00:00,1.1778085591066982
1983-07-14 00:00:00,1.1740704863877744
1983-07-15 00:00:00,1.182821702155962
1983-07-18 00:00:00,1.1831484952951214
1983-07-19 00:00:00,1.1815032130199354
1983-07-20 00:00:00,1.1766760345666147
1983-07-21 00:00:00,1.17843797056344
1983-07-22 00:00:00,1.1816962136886777
1983-07-25 00:00:00,1.1843856883935733
1983-07-26 00:00:00,1.18706207122655
1983-07-27 00:00:00,1.187698185325094
1983-07-28 00:00:00,1.1865363156842137
1983-07-29 00:00:00,1.189201550997333
1983-08-01 00:00:00,1.2056397827730618
1983-08-02 00:00:00,1.194493353678561
1983-08-03 00:00:00,1.197196889561754
1983-08-04 00:00:00,1.2009094854603204
1983-08-05 00:00:00,1.2009094854603204
1983-08-08 00:00:00,1.2065895024446203
1983-08-09 00:00:00,1.2029338077470606
1983-08-10 00:00:00,1.2127750671397772
1983-08-11 00:00:00,1.2146684739990492
1983-08-12 00:00:00,1.2106681066736897
1983-08-15 00:00:00,1.2070385400573256
1983-08-16 00:00:00,1.1908837805314891
1983-08-17 00:00:00,1.188364454919293
1983-08-18 00:00:00,1.1866563798710035
1983-08-19 00:00:00,1.1923047729901965
1983-08-22 00:00:00,1.1832269041056285
1983-08-23 00:00:00,1.1834878329111327
1983-08-24 00:00:00,1.184160541674476
1983-08-25 00:00:00,1.1883594215133928
1983-08-26 00:00:00,1.1960107028915918
1983-08-29 00:00:00,1.1996447158451908
1983-08-30 00:00:00,1.1994954394572341
1983-08-31 00:00:00,1.2014296742209012
1983-09-01 00:00:00,1.2021600877520755
1983-09-02 00:00:00,1.200170641207182
1983-09-06 00:00:00,1.1992996269125873
1983-09-07 00:00:00,1.1995515363058908
1983-09-08 00:00:00,1.1954585605994261
1983-09-09 00:00:00,1.1949856631611349
1983-09-12 00:00:00,1.185962274763528
1983-09-13 00:00:00,1.1960584549968842
1983-09-14 00:00:00,1.194536152006331
1983-09-15 00:00:00,1.1918748345667387
1983-09-16 00:00:00,1.1875694662816187
1983-09-19 00:00:00,1.1843858153933038
1983-09-20 00:00:00,1.1880034385226528
1983-09-21 00:00:00,1.1875258988274957
1983-09-22 00:00:00,1.1923410361904354
1983-09-23 00:00:00,1.1836987322005752
1983-09-26 00:00:00,1.1812403517557886
1983-09-27 00:00:00,1.18438244291613
1983-09-28 00:00:00,1.1806067922519117
1983-09-29 00:00:00,1.1788831125230048
1983-09-30 00:00:00,1.1743239808188273
1983-10-03 00:00:00,1.1725579335193534
1983-10-04 00:00:00,1.1725579335193534
1983-10-05 00:00:00,1.1642919634749131
1983-10-06 00:00:00,1.1624411998762112
1983-10-07 00:00:00,1.1590358331411426
1983-10-11 00:00:00,1.1630366364136324
1983-10-12 00:00:00,1.1690194682164634
1983-10-13 00:00:00,1.166217007201252
1983-10-14 00:00:00,1.1744759388597585
1983-10-17 00:00:00,1.1668074578300631
1983-10-18 00:00:00,1.1622941317892561
1983-10-19 00:00:00,1.1646559527990532
1983-10-20 00:00:00,1.1666052926691115
1983-10-21 00:00:00,1.165167280094291
1983-10-24 00:00:00,1.1719212960315126
1983-10-25 00:00:00,1.170495948059247
1983-10-26 00:00:00,1.1750487059957717
1983-10-27 00:00:00,1.1748226078157877
1983-10-28 00:00:00,1.176182058127825
1983-10-31 00:00:00,1.1778538614914036
1983-11-01 00:00:00,1.1835204965509982
1983-11-02 00:00:00,1.18031818079857
1983-11-03 00:00:00,1.1829947780684271
1983-11-04 00:00:00,1.1868249918736646
1983-11-07 00:00:00,1.189702319226549
1983-11-09 00:00:00,1.186690215099697
1983-11-10 00:00:00,1.1824122814272469
1983-11-14 00:00:00,1.1857780133723346
1983-11-15 00:00:00,1.1872644313687128
1983-11-16 00:00:00,1.191448581410828
1983-11-17 00:00:00,1.1944536315988155
1983-11-18 00:00:00,1.195151793343266
1983-11-21 00:00:00,1.192400504837845
1983-11-22 00:00:00,1.192333116450861
1983-11-23 00:00:00,1.193033836423159
1983-11-25 00:00:00,1.1989226799846355
1983-11-28 00:00:00,1.1982472373880058
1983-11-29 00:00:00,1.1983319231487903
1983-11-30 00:00:00,1.1939145245029446
1983-12-01 00:00:00,1.1935406300864182
1983-12-02 00:00:00,1.1979776838400702
1983-12-05 00:00:00,1.2084801440806257
1983-12-06 00:00:00,1.2084801440806257
1983-12-07 00:00:00,1.2155380314980777
1983-12-08 00:00:00,1.2271624735265
1983-12-09 00:00:00,1.233237159618813
1983-12-12 00:00:00,1.235074755995585
1983-12-13 00:00:00,1.2414435503095267
1983-12-14 00:00:00,1.2398655358443167
1983-12-15 00:00:00,1.2420574757267762
1983-12-16 00:00:00,1.2419880228449325
1983-12-19 00:00:00,1.2430460099396599
1983-12-20 00:00:00,1.2406441237327661
1983-12-21 00:00:00,1.2417796641994014
1983-12-22 00:00:00,1.2409573801366207
1983-12-23 00:00:00,1.2395303960956214
1983-12-27 00:00:00,1.2366605894556393
1983-12-28 00:00:00,1.233929856268019
1983-12-29 00:00:00,1.2277321408396267
1983-12-30 00:00:00,1.226892184130797
1984-01-03 00:00:00,1.240841911108425
1984-01-04 00:00:00,1.2475843733900949
1984-01-05 00:00:00,1.2478869129636705
1984-01-06 00:00:00,1.2518937937832448
1984-01-09 00:00:00,1.2617102488825844
1984-01-10 00:00:00,1.2554360268485965
1984-01-11 00:00:00,1.2637454425081145
1984-01-12 00:00:00,1.2615018902370534
1984-01-13 00:00:00,1.2515465293740262
1984-01-16 00:00:00,1.2492571566501616
1984-01-17 00:00:00,1.245841896646726
1984-01-18 00:00:00,1.2457724437648823
1984-01-19 00:00:00,1.243162283598878
1984-01-20 00:00:00,1.249349919790206
1984-01-23 00:00:00,1.250020909938244
1984-01-24 00:00:00,1.2540071347221313
1984-01-25 00:00:00,1.2535701513753292
1984-01-26 00:00:00,1.2506998419625992
1984-01-27 00:00:00,1.2518113425006785
1984-01-30 00:00:00,1.2481918174297837
1984-01-31 00:00:00,1.2513774231257466
1984-02-01 00:00:00,1.2476818653046253
1984-02-02 00:00:00,1.2409057589976316
1984-02-03 00:00:00,1.2409057589976316
1984-02-06 00:00:00,1.2448142557850843
1984-02-07 00:00:00,1.246090266912508
1984-02-08 00:00:00,1.2438777038469329
1984-02-09 00:00:00,1.243806387424002
1984-02-10 00:00:00,1.2402296851839558
1984-02-14 00:00:00,1.236472354459408
1984-02-15 00:00:00,1.2234078350097506
1984-02-16 00:00:00,1.220045728611607
1984-02-17 00:00:00,1.2232652021638888
1984-02-21 00:00:00,1.2299677825064204
1984-02-22 00:00:00,1.216938181569625
1984-02-23 00:00:00,1.215954704466196
1984-02-24 00:00:00,1.2029735035811113
1984-02-27 00:00:00,1.2092222212873398
1984-02-28 00:00:00,1.1985824967295446
1984-02-29 00:00:00,1.1955204722344874
1984-03-01 00:00:00,1.1988659719843549
1984-03-02 00:00:00,1.1915120807499406
1984-03-05 00:00:00,1.1862500969110397
1984-03-06 00:00:00,1.1774341425891321
1984-03-07 00:00:00,1.1804368596440014
1984-03-08 00:00:00,1.1899330555316536
1984-03-09 00:00:00,1.1894299086197135
1984-03-12 00:00:00,1.1970875822066516
1984-03-13 00:00:00,1.1854746671143113
1984-03-14 00:00:00,1.1800802775293469
1984-03-15 00:00:00,1.1895764734169991
1984-03-16 00:00:00,1.2048609064293503
1984-03-19 00:00:00,1.2047895900064194
1984-03-20 00:00:00,1.2076617683928774
1984-03-21 00:00:00,1.2124384342870078
1984-03-22 00:00:00,1.2083576393419493
1984-03-23 00:00:00,1.2049256573456688
1984-03-26 00:00:00,1.1976535927945295
1984-03-27 00:00:00,1.1941654601988003
1984-03-28 00:00:00,1.194950054520454
1984-03-29 00:00:00,1.1917061596041845
1984-03-30 00:00:00,1.1952349496613595
1984-04-02 00:00:00,1.1968709025792033
1984-04-03 00:00:00,1.2023671654705665
1984-04-04 00:00:00,1.2023671654705665
1984-04-05 00:00:00,1.2021285216401718
1984-04-06 00:00:00,1.2021285216401718
1984-04-09 00:00:00,1.2005399804817443
1984-04-10 00:00:00,1.2041201195885487
1984-04-11 00:00:00,1.2081231784967552
1984-04-12 00:00:00,1.2045192313285513
1984-04-13 00:00:00,1.2001435009637516
1984-04-16 00:00:00,1.1977701123659328
1984-04-17 00:00:00,1.194620158092781
1984-04-18 00:00:00,1.1969810674961265
1984-04-19 00:00:00,1.189536668058344
1984-04-20 00:00:00,1.1922685436083464
1984-04-23 00:00:00,1.1930513857249638
1984-04-24 00:00:00,1.1868172831215675
1984-04-25 00:00:00,1.1864298142077179
1984-04-26 00:00:00,1.1812620338441817
1984-04-27 00:00:00,1.1794218229645073
1984-04-30 00:00:00,1.1748462824641923
1984-05-01 00:00:00,1.171513385208975
1984-05-02 00:00:00,1.174238891339744
1984-05-03 00:00:00,1.1771296064130086
1984-05-04 00:00:00,1.1737837599865115
1984-05-07 00:00:00,1.1602919926303448
1984-05-08 00:00:00,1.1585903592801887
1984-05-09 00:00:00,1.1579258606035687
1984-05-10 00:00:00,1.1532956270765597
1984-05-11 00:00:00,1.1588120283540306
1984-05-14 00:00:00,1.1558633972386259
1984-05-15 00:00:00,1.1617014643942971
1984-05-16 00:00:00,1.164306843815917
1984-05-17 00:00:00,1.1608850373492974
1984-05-18 00:00:00,1.1529297337938578
1984-05-21 00:00:00,1.1591077190986987
1984-05-22 00:00:00,1.1644560756595232
1984-05-23 00:00:00,1.1588120283540306
1984-05-24 00:00:00,1.166998882761156
1984-05-25 00:00:00,1.1677488820431363
1984-05-29 00:00:00,1.1647546541404616
1984-05-30 00:00:00,1.1632632909469398
1984-05-31 00:00:00,1.1656646126117785
1984-06-01 00:00:00,1.1656646126117785
1984-06-04 00:00:00,1.1536968560230663
1984-06-05 00:00:00,1.1639426322692432
1984-06-06 00:00:00,1.1580157853848687
1984-06-07 00:00:00,1.1647922026605886
1984-06-08 00:00:00,1.1644227547740231
1984-06-11 00:00:00,1.1697011370088688
1984-06-12 00:00:00,1.1743363717147244
1984-06-13 00:00:00,1.1703909296558885
1984-06-14 00:00:00,1.1725646731946542
1984-06-15 00:00:00,1.1768053232789435
1984-06-18 00:00:00,1.1797641074058396
1984-06-19 00:00:00,1.1785919664638616
1984-06-20 00:00:00,1.1849783823799296
1984-06-21 00:00:00,1.189993377489985
1984-06-22 00:00:00,1.1900709224009915
1984-06-25 00:00:00,1.1954693224551307
1984-06-26 00:00:00,1.2010990572805058
1984-06-27 00:00:00,1.2052672162249989
1984-06-28 00:00:00,1.2046373737936968
1984-06-29 00:00:00,1.203442989639428
1984-07-02 00:00:00,1.208151879876779
1984-07-03 00:00:00,1.2162770475804232
1984-07-05 00:00:00,1.2246229376722944
1984-07-06 00:00:00,1.2266562476516747
1984-07-09 00:00:00,1.2299600694049126
1984-07-10 00:00:00,1.2248969216157324
1984-07-11 00:00:00,1.2329090896056183
1984-07-12 00:00:00,1.2332429544642542
1984-07-13 00:00:00,1.229557663566306
1984-07-16 00:00:00,1.2288179931898187
1984-07-17 00:00:00,1.2354409794841392
1984-07-18 00:00:00,1.2418517202672466
1984-07-19 00:00:00,1.2355064379718692
1984-07-20 00:00:00,1.2400066428861174
1984-07-23 00:00:00,1.2440765108029028
1984-07-24 00:00:00,1.2426340617061136
1984-07-25 00:00:00,1.2372951284841869
1984-07-26 00:00:00,1.2364992399358683
1984-07-27 00:00:00,1.2445276301316865
1984-07-30 00:00:00,1.248664714053703
1984-07-31 00:00:00,1.248664714053703
1984-08-01 00:00:00,1.2523158638010354
1984-08-02 00:00:00,1.2451514795009184
1984-08-03 00:00:00,1.2474030181990843
1984-08-06 00:00:00,1.2388964212344202
1984-08-07 00:00:00,1.2494251118380273
1984-08-08 00:00:00,1.240721115260742
1984-08-09 00:00:00,1.2440413720175432
1984-08-10 00:00:00,1.2410309206924082
1984-08-13 00:00:00,1.2463737084439146
1984-08-14 00:00:00,1.2332889184094862
1984-08-15 00:00:00,1.2358109349424338
1984-08-16 00:00:00,1.2302338053212087
1984-08-17 00:00:00,1.2306226593780858
1984-08-20 00:00:00,1.2344526478253752
1984-08-21 00:00:00,1.237500188295596
1984-08-22 00:00:00,1.2362890081733955
1984-08-23 00:00:00,1.2317154507070989
1984-08-24 00:00:00,1.2337841377319883
1984-08-27 00:00:00,1.2369854202835593
1984-08-28 00:00:00,1.2351650738834405
1984-08-29 00:00:00,1.2335688507123237
1984-08-30 00:00:00,1.2368460486355404
1984-08-31 00:00:00,1.2364705698642904
1984-09-04 00:00:00,1.251036400565416
1984-09-05 00:00:00,1.2565042705610683
1984-09-06 00:00:00,1.2564325082211802
1984-09-07 00:00:00,1.2636706638697823
1984-09-10 00:00:00,1.2669325785320587
1984-09-11 00:00:00,1.2672943137233053
1984-09-12 00:00:00,1.2692415010124698
1984-09-13 00:00:00,1.2795196998516356
1984-09-14 00:00:00,1.2776759475762967
1984-09-17 00:00:00,1.2872517771109206
1984-09-18 00:00:00,1.2932275988598363
1984-09-19 00:00:00,1.2957783470051463
1984-09-20 00:00:00,1.3037776998453114
1984-09-21 00:00:00,1.2924587419174762
1984-09-24 00:00:00,1.3015925152500616
1984-09-25 00:00:00,1.3147344706437039
1984-09-26 00:00:00,1.3058274188211754
1984-09-27 00:00:00,1.3058274188211754
1984-09-28 00:00:00,1.321817290980729
1984-10-01 00:00:00,1.3173602643822537
1984-10-02 00:00:00,1.3147888528071372
1984-10-03 00:00:00,1.3057510207982677
1984-10-04 00:00:00,1.3105060378858226
1984-10-05 00:00:00,1.315445878767958
1984-10-09 00:00:00,1.326297512181738
1984-10-10 00:00:00,1.3218739808994953
1984-10-11 00:00:00,1.3266528300543865
1984-10-12 00:00:00,1.3308936377117047
1984-10-15 00:00:00,1.3419756900773534
1984-10-16 00:00:00,1.3435188090542471
1984-10-17 00:00:00,1.3409796925554192
1984-10-18 00:00:00,1.3409046450026132
1984-10-19 00:00:00,1.3297293325878665
1984-10-22 00:00:00,1.3280732281717023
1984-10-23 00:00:00,1.3191591713797812
1984-10-24 00:00:00,1.309530419699347
1984-10-25 00:00:00,1.3069333431143935
1984-10-26 00:00:00,1.3139542788158052
1984-10-29 00:00:00,1.3229313123265007
1984-10-30 00:00:00,1.3169575971831287
1984-10-31 00:00:00,1.3131407568529072
1984-11-01 00:00:00,1.2986321539649015
1984-11-02 00:00:00,1.2825665997973381
1984-11-05 00:00:00,1.2772297507442008
1984-11-07 00:00:00,1.2751317953253634
1984-11-08 00:00:00,1.280025205744462
1984-11-09 00:00:00,1.2807231397616676
1984-11-13 00:00:00,1.274828725848938
1984-11-14 00:00:00,1.2859588508123645
1984-11-15 00:00:00,1.284733380617403
1984-11-16 00:00:00,1.289629106493973
1984-11-19 00:00:00,1.2956209516395845
1984-11-20 00:00:00,1.3003593984311026
1984-11-21 00:00:00,1.307068108127658
1984-11-23 00:00:00,1.3106905471343913
1984-11-26 00:00:00,1.3236820519915433
1984-11-27 00:00:00,1.3183100798471827
1984-11-28 00:00:00,1.3214035586891446
1984-11-29 00:00:00,1.3214035586891446
1984-11-30 00:00:00,1.335832352182652
1984-12-03 00:00:00,1.3374291235794238
1984-12-04 00:00:00,1.3175178143052135
1984-12-05 00:00:00,1.3299732307915182
1984-12-06 00:00:00,1.3251056869620799
1984-12-07 00:00:00,1.3287186877089392
1984-12-10 00:00:00,1.3297454025917441
1984-12-11 00:00:00,1.327904317934487
1984-12-12 00:00:00,1.3295935171252282
1984-12-13 00:00:00,1.3346389293582894
1984-12-14 00:00:00,1.3279710096803887
1984-12-17 00:00:00,1.3293656889254541
1984-12-18 00:00:00,1.3320748782222855
1984-12-19 00:00:00,1.337606406366927
1984-12-20 00:00:00,1.346531964964051
1984-12-21 00:00:00,1.3428703743586576
1984-12-24 00:00:00,1.3442310706290361
1984-12-26 00:00:00,1.3455885920065893
1984-12-27 00:00:00,1.3526327127687874
1984-12-28 00:00:00,1.349006545537795
1984-12-31 00:00:00,1.3510630808856843
1985-01-02 00:00:00,1.3622425295512852
1985-01-03 00:00:00,1.3607704144952157
1985-01-04 00:00:00,1.3606944717619576
1985-01-07 00:00:00,1.3608980073129213
1985-01-08 00:00:00,1.3559838981934873
1985-01-09 00:00:00,1.3569628394570439
1985-01-10 00:00:00,1.354775393723583
1985-01-11 00:00:00,1.3582147744652389
1985-01-14 00:00:00,1.3707738999792762
1985-01-15 00:00:00,1.370904142079913
1985-01-16 00:00:00,1.371171691973973
1985-01-17 00:00:00,1.368687390117489
1985-01-18 00:00:00,1.3668855874262191
1985-01-22 00:00:00,1.3623004065558655
1985-01-23 00:00:00,1.3650031508900897
1985-01-24 00:00:00,1.3579577081399372
1985-01-25 00:00:00,1.3607484550146862
1985-01-28 00:00:00,1.3609515030858994
1985-01-29 00:00:00,1.3625676975556313
1985-01-30 00:00:00,1.3625676975556313
1985-01-31 00:00:00,1.3602581100865525
1985-02-01 00:00:00,1.364635075732691
1985-02-04 00:00:00,1.3755687238207035
1985-02-05 00:00:00,1.381290874207461
1985-02-06 00:00:00,1.3780284993275296
1985-02-07 00:00:00,1.3832965929929895
1985-02-08 00:00:00,1.3860905948926072
1985-02-11 00:00:00,1.3949094988530595
1985-02-13 00:00:00,1.4067432801048638
1985-02-14 00:00:00,1.4000346592664956
1985-02-15 00:00:00,1.3921952990143733
1985-02-19 00:00:00,1.4068554798606878
1985-02-20 00:00:00,1.4109284535573756
1985-02-21 00:00:00,1.4160025996774532
1985-02-22 00:00:00,1.432143808336244
1985-02-25 00:00:00,1.4527529600525868
1985-02-26 00:00:00,1.4510570268515148
1985-02-27 00:00:00,1.4119148638240542
1985-02-28 00:00:00,1.4214018437205602
1985-03-01 00:00:00,1.4280709222275927
1985-03-04 00:00:00,1.4276569054461163
1985-03-05 00:00:00,1.449368417276993
1985-03-06 00:00:00,1.4328508289035924
1985-03-07 00:00:00,1.4403869688073336
1985-03-08 00:00:00,1.4422802827922008
1985-03-11 00:00:00,1.421870269540186
1985-03-12 00:00:00,1.421453275704378
1985-03-13 00:00:00,1.4247539074813844
1985-03-14 00:00:00,1.429042081541382
1985-03-15 00:00:00,1.4252709743915015
1985-03-18 00:00:00,1.414329116632021
1985-03-19 00:00:00,1.389840757484329
1985-03-20 00:00:00,1.3911818193537906
1985-03-21 00:00:00,1.3694903713257918
1985-03-22 00:00:00,1.3723342713367377
1985-03-25 00:00:00,1.3751655756213932
1985-03-26 00:00:00,1.3670554742587755
1985-03-27 00:00:00,1.3323254729899674
1985-03-28 00:00:00,1.3360992548551593
1985-03-29 00:00:00,1.3153447211421978
1985-04-01 00:00:00,1.3153447211421978
1985-04-02 00:00:00,1.3268644519834352
1985-04-03 00:00:00,1.3115275769066612
1985-04-04 00:00:00,1.3363389762754636
1985-04-05 00:00:00,1.3330706424031438
1985-04-08 00:00:00,1.325123850614942
1985-04-09 00:00:00,1.3228849616945257
1985-04-10 00:00:00,1.32005887803784
1985-04-11 00:00:00,1.2946980307099463
1985-04-12 00:00:00,1.2885662608778936
1985-04-15 00:00:00,1.2816114723501582
1985-04-16 00:00:00,1.2807671651550927
1985-04-17 00:00:00,1.2816139207248016
1985-04-18 00:00:00,1.2674124398170068
1985-04-19 00:00:00,1.2681206739888058
1985-04-22 00:00:00,1.2786162955250107
1985-04-23 00:00:00,1.3004683301584057
1985-04-24 00:00:00,1.3144250892852363
1985-04-25 00:00:00,1.3255793450719744
1985-04-26 00:00:00,1.3160982332641427
1985-04-29 00:00:00,1.3109017003603163
1985-04-30 00:00:00,1.3067744058177169
1985-05-01 00:00:00,1.3209527567072439
1985-05-02 00:00:00,1.3277106509140955
1985-05-03 00:00:00,1.3428397642824152
1985-05-06 00:00:00,1.346249360569651
1985-05-07 00:00:00,1.32640964600083
1985-05-08 00:00:00,1.332752906376894
1985-05-09 00:00:00,1.3102969441666876
1985-05-10 00:00:00,1.3124209200286467
1985-05-13 00:00:00,1.2982894236831821
1985-05-14 00:00:00,1.2868271315222566
1985-05-15 00:00:00,1.2952909485290263
1985-05-16 00:00:00,1.3025336726580512
1985-05-17 00:00:00,1.288953889845281
1985-05-20 00:00:00,1.2792604868016038
1985-05-21 00:00:00,1.2850025721401874
1985-05-22 00:00:00,1.2928824853205623
1985-05-23 00:00:00,1.296562193073625
1985-05-24 00:00:00,1.295362228061845
1985-05-28 00:00:00,1.3023521590562293
1985-05-29 00:00:00,1.3023521590562293
1985-05-30 00:00:00,1.301984678198708
1985-05-31 00:00:00,1.3078893706168424
1985-06-03 00:00:00,1.313100085240814
1985-06-04 00:00:00,1.3108618464591535
1985-06-05 00:00:00,1.3023521590562293
1985-06-06 00:00:00,1.3075187587237802
1985-06-07 00:00:00,1.3027198474128232
1985-06-10 00:00:00,1.295041734363239
1985-06-11 00:00:00,1.29832124353861
1985-06-12 00:00:00,1.2990522802748365
1985-06-13 00:00:00,1.2972262298386898
1985-06-14 00:00:00,1.309076741811229
1985-06-17 00:00:00,1.3090024679535377
1985-06-18 00:00:00,1.320994474530839
1985-06-19 00:00:00,1.3230398266820222
1985-06-20 00:00:00,1.306408182201648
1985-06-21 00:00:00,1.3093739215483031
1985-06-24 00:00:00,1.3088539455200034
1985-06-25 00:00:00,1.305668845369615
1985-06-26 00:00:00,1.3129506315548087
1985-06-27 00:00:00,1.3108618464591535
1985-06-28 00:00:00,1.2998573721156743
1985-07-01 00:00:00,1.3175995715408964
1985-07-02 00:00:00,1.315196015145428
1985-07-03 00:00:00,1.3183524855817772
1985-07-05 00:00:00,1.3312849681293193
1985-07-08 00:00:00,1.3405676059082567
1985-07-09 00:00:00,1.349191140215269
1985-07-10 00:00:00,1.361130884818944
1985-07-11 00:00:00,1.3635442374516018
1985-07-12 00:00:00,1.3754944552364574
1985-07-15 00:00:00,1.3768899795703688
1985-07-16 00:00:00,1.378206003445705
1985-07-17 00:00:00,1.3948711304523036
1985-07-18 00:00:00,1.3853229553068995
1985-07-19 00:00:00,1.3732838391476845
1985-07-22 00:00:00,1.3742654573314927
1985-07-23 00:00:00,1.391338107446695
1985-07-24 00:00:00,1.3777944758244909
1985-07-25 00:00:00,1.383685633525665
1985-07-26 00:00:00,1.383685633525665
1985-07-29 00:00:00,1.399489576363018
1985-07-30 00:00:00,1.399489576363018
1985-07-31 00:00:00,1.4037537127931305
1985-08-01 00:00:00,1.3901990601650738
1985-08-02 00:00:00,1.391038552351164
1985-08-05 00:00:00,1.3872688001767706
1985-08-06 00:00:00,1.3781393016413563
1985-08-07 00:00:00,1.3760811485624418
1985-08-08 00:00:00,1.3860167525231812
1985-08-09 00:00:00,1.3810310807515151
1985-08-12 00:00:00,1.3944066844391811
1985-08-13 00:00:00,1.40034032990488
1985-08-14 00:00:00,1.3971976967874855
1985-08-15 00:00:00,1.4089051025648485
1985-08-16 00:00:00,1.4089051025648485
1985-08-19 00:00:00,1.4084743764558407
1985-08-20 00:00:00,1.3876866522250162
1985-08-21 00:00:00,1.4011921184267195
1985-08-22 00:00:00,1.412533629319063
1985-08-23 00:00:00,1.4109762603782479
1985-08-26 00:00:00,1.402471745932132
1985-08-27 00:00:00,1.3969435067880702
1985-08-28 00:00:00,1.4049523314793408
1985-08-29 00:00:00,1.4007660946752978
1985-08-30 00:00:00,1.3952512675309068
1985-09-03 00:00:00,1.374193069673404
1985-09-04 00:00:00,1.38020362054735
1985-09-05 00:00:00,1.376410039850339
1985-09-06 00:00:00,1.3514578132552226
1985-09-09 00:00:00,1.3408380923710868
1985-09-10 00:00:00,1.3442809539528056
1985-09-11 00:00:00,1.3377234858847429
1985-09-12 00:00:00,1.3377234858847429
1985-09-13 00:00:00,1.3594333683644302
1985-09-16 00:00:00,1.3638601792146403
1985-09-17 00:00:00,1.3630531613571168
1985-09-18 00:00:00,1.3566312383354104
1985-09-19 00:00:00,1.361441987407522
1985-09-20 00:00:00,1.384184498674154
1985-09-23 00:00:00,1.4169857327873774
1985-09-24 00:00:00,1.4169857327873774
1985-09-25 00:00:00,1.4324418208957652
1985-09-26 00:00:00,1.4407510672717054
1985-09-27 00:00:00,1.4335201961687107
1985-09-30 00:00:00,1.4326214374250315
1985-10-01 00:00:00,1.4389365193280383
1985-10-02 00:00:00,1.4480552551919676
1985-10-03 00:00:00,1.4563614994856118
1985-10-04 00:00:00,1.4582202888914644
1985-10-07 00:00:00,1.44485058026742
1985-10-08 00:00:00,1.4480552551919676
1985-10-09 00:00:00,1.4471381840993824
1985-10-10 00:00:00,1.4438463242088495
1985-10-11 00:00:00,1.4443939271131003
1985-10-15 00:00:00,1.4412963243931658
1985-10-16 00:00:00,1.4268959614667949
1985-10-17 00:00:00,1.4365844289531777
1985-10-18 00:00:00,1.4362232512211972
1985-10-21 00:00:00,1.448422409161337
1985-10-22 00:00:00,1.4421149843439096
1985-10-23 00:00:00,1.4416600584813404
1985-10-24 00:00:00,1.4400246992014902
1985-10-25 00:00:00,1.4389365193280383
1985-10-28 00:00:00,1.4425701974071496
1985-10-29 00:00:00,1.4517351923080846
1985-10-30 00:00:00,1.4503530261459376
1985-10-31 00:00:00,1.4512741776392029
1985-11-01 00:00:00,1.4517351923080846
1985-11-04 00:00:00,1.4569186385443285
1985-11-05 00:00:00,1.4545074428344522
1985-11-06 00:00:00,1.4582202888914644
1985-11-07 00:00:00,1.4503530261459376
1985-11-08 00:00:00,1.4453075222599145
1985-11-12 00:00:00,1.4480552551919676
1985-11-13 00:00:00,1.4508134556780474
1985-11-14 00:00:00,1.4512741776392029
1985-11-15 00:00:00,1.4503530261459376
1985-11-18 00:00:00,1.4558975423338165
1985-11-19 00:00:00,1.461017386632305
1985-11-20 00:00:00,1.4546926360408232
1985-11-21 00:00:00,1.4679152157394393
1985-11-22 00:00:00,1.4679152157394393
1985-11-25 00:00:00,1.4762079835166684
1985-11-26 00:00:00,1.4825618198876156
1985-11-27 00:00:00,1.4881908186800665
1985-11-29 00:00:00,1.4968134676163216
1985-12-02 00:00:00,1.4985895152377517
1985-12-03 00:00:00,1.4897511760259958
1985-12-04 00:00:00,1.4970105983245554
1985-12-05 00:00:00,1.495631772773467
1985-12-06 00:00:00,1.4938627248098764
1985-12-09 00:00:00,1.4855651144322481
1985-12-10 00:00:00,1.4766874274866317
1985-12-11 00:00:00,1.4674414501779431
1985-12-12 00:00:00,1.4815956038944667
1985-12-13 00:00:00,1.4790893263602276
1985-12-16 00:00:00,1.477359172482239
1985-12-17 00:00:00,1.4835292969300897
1985-12-18 00:00:00,1.4756330615446382
1985-12-19 00:00:00,1.4758246524381131
1985-12-20 00:00:00,1.478127629789122
1985-12-23 00:00:00,1.4839166413940401
1985-12-24 00:00:00,1.4839166413940401
1985-12-26 00:00:00,1.482948659240489
1985-12-27 00:00:00,1.4917062300627753
1985-12-30 00:00:00,1.4966163888187425
1985-12-31 00:00:00,1.4995780307491224
1986-01-02 00:00:00,1.5053372365353392
1986-01-03 00:00:00,1.4995780307491224
1986-01-06 00:00:00,1.5083335288055133
1986-01-07 00:00:00,1.5083335288055133
1986-01-08 00:00:00,1.5023528248847935
1986-01-09 00:00:00,1.5073334402703022
1986-01-10 00:00:00,1.4993802233317965
1986-01-13 00:00:00,1.493666422217917
1986-01-14 00:00:00,1.495336640541781
1986-01-15 00:00:00,1.4958285923250882
1986-01-16 00:00:00,1.4938627248098764
1986-01-17 00:00:00,1.491902017729144
1986-01-21 00:00:00,1.5005678512314649
1986-01-22 00:00:00,1.495631772773467
1986-01-23 00:00:00,1.4922453080456979
1986-01-24 00:00:00,1.4922453080456979
1986-01-27 00:00:00,1.5004941499083548
1986-01-28 00:00:00,1.505406899697578
1986-01-29 00:00:00,1.5062120377640025
1986-01-30 00:00:00,1.514107504090991
1986-01-31 00:00:00,1.5105544526231276
1986-02-03 00:00:00,1.506010672518312
1986-02-04 00:00:00,1.4994954849167352
1986-02-05 00:00:00,1.513497222952704
1986-02-06 00:00:00,1.5155334091802737
1986-02-07 00:00:00,1.5080267510625132
1986-02-10 00:00:00,1.5202374939860965
1986-02-11 00:00:00,1.5264173211974223
1986-02-12 00:00:00,1.5284884437499286
1986-02-13 00:00:00,1.5336909231364158
1986-02-14 00:00:00,1.535781844640351
1986-02-18 00:00:00,1.5380884530907941
1986-02-19 00:00:00,1.5586246738757488
1986-02-20 00:00:00,1.565121199088152
1986-02-21 00:00:00,1.5621910734207425
1986-02-24 00:00:00,1.5748580777907137
1986-02-25 00:00:00,1.6029825443524688
1986-02-26 00:00:00,1.614353658704066
1986-02-27 00:00:00,1.6162065753855057
1986-02-28 00:00:00,1.6018428482669003
1986-03-03 00:00:00,1.6062968530496187
1986-03-04 00:00:00,1.6173668098258398
1986-03-05 00:00:00,1.5645777542273578
1986-03-06 00:00:00,1.5808251235527606
1986-03-07 00:00:00,1.5810469937455403
1986-03-10 00:00:00,1.5621910734207425
1986-03-11 00:00:00,1.5716721074903346
1986-03-12 00:00:00,1.5645777542273578
1986-03-13 00:00:00,1.5613249938235585
1986-03-14 00:00:00,1.5781675301817
1986-03-17 00:00:00,1.5861672529480393
1986-03-18 00:00:00,1.5843825359264379
1986-03-19 00:00:00,1.5777254664477558
1986-03-20 00:00:00,1.5821572795557548
1986-03-21 00:00:00,1.5875084315722907
1986-03-24 00:00:00,1.566306127581018
1986-03-25 00:00:00,1.566306127581018
1986-03-26 00:00:00,1.5738364455020806
1986-03-27 00:00:00,1.5714619837135027
1986-03-28 00:00:00,1.5721088533555359
1986-03-31 00:00:00,1.5695245648294722
1986-04-01 00:00:00,1.5714619837135027
1986-04-02 00:00:00,1.5667344897108093
1986-04-03 00:00:00,1.554195513192505
1986-04-04 00:00:00,1.536891928002032
1986-04-07 00:00:00,1.542582204409983
1986-04-08 00:00:00,1.5716775477716252
1986-04-09 00:00:00,1.563634162163787
1986-04-10 00:00:00,1.5668416168554051
1986-04-11 00:00:00,1.5781720830929957
1986-04-14 00:00:00,1.5841727374013341
1986-04-15 00:00:00,1.5803488721731238
1986-04-16 00:00:00,1.6103344094525858
1986-04-17 00:00:00,1.6309650282213732
1986-04-18 00:00:00,1.623454385158363
1986-04-21 00:00:00,1.6242598983917138
1986-04-22 00:00:00,1.6321266842243802
1986-04-23 00:00:00,1.6344549676540867
1986-04-24 00:00:00,1.643834910079648
1986-04-25 00:00:00,1.6485653702525394
1986-04-28 00:00:00,1.6587085520456242
1986-04-29 00:00:00,1.6536810742953234
1986-04-30 00:00:00,1.646788260618778
1986-05-01 00:00:00,1.6046959836491803
1986-05-02 00:00:00,1.6240296701991703
1986-05-05 00:00:00,1.652607720071419
1986-05-06 00:00:00,1.636789903322164
1986-05-07 00:00:00,1.6485653702525394
1986-05-08 00:00:00,1.636789903322164
1986-05-09 00:00:00,1.6497522423693516
1986-05-12 00:00:00,1.5410261362817952
1986-05-13 00:00:00,1.525636394574587
1986-05-14 00:00:00,1.5348331310455658
1986-05-15 00:00:00,1.5311411630703127
1986-05-16 00:00:00,1.518760514747501
1986-05-19 00:00:00,1.5129445824977086
1986-05-20 00:00:00,1.5085889587715575
1986-05-21 00:00:00,1.5085889587715575
1986-05-22 00:00:00,1.5205861703403558
1986-05-23 00:00:00,1.5239202201523725
1986-05-27 00:00:00,1.5215326672293192
1986-05-28 00:00:00,1.5214634278841734
1986-05-29 00:00:00,1.5312231927224076
1986-05-30 00:00:00,1.5433637133471279
1986-06-02 00:00:00,1.5423987060048736
1986-06-03 00:00:00,1.523890292951989
1986-06-04 00:00:00,1.5249760821268523
1986-06-05 00:00:00,1.512469624686669
1986-06-06 00:00:00,1.5060835877300962
1986-06-09 00:00:00,1.5095757045981488
1986-06-10 00:00:00,1.5018034115301204
1986-06-11 00:00:00,1.5001336300891361
1986-06-12 00:00:00,1.497816508867509
1986-06-13 00:00:00,1.4983903717014815
1986-06-16 00:00:00,1.495583233832725
1986-06-17 00:00:00,1.510027626738028
1986-06-18 00:00:00,1.5110604905239247
1986-06-19 00:00:00,1.509021789836982
1986-06-20 00:00:00,1.5123360356086262
1986-06-23 00:00:00,1.513207630383051
1986-06-24 00:00:00,1.5020693162643814
1986-06-25 00:00:00,1.4996014812620517
1986-06-26 00:00:00,1.501132361176
1986-06-27 00:00:00,1.4938291165350095
1986-06-30 00:00:00,1.4901103540386136
1986-07-01 00:00:00,1.4811923614380316
1986-07-02 00:00:00,1.4858911077307084
1986-07-03 00:00:00,1.4801454209114564
1986-07-07 00:00:00,1.4820565530886325
1986-07-08 00:00:00,1.4852738126512974
1986-07-09 00:00:00,1.4876579370672187
1986-07-10 00:00:00,1.487588697722073
1986-07-11 00:00:00,1.498198615645046
1986-07-14 00:00:00,1.5119248322005037
1986-07-15 00:00:00,1.4925821412813305
1986-07-16 00:00:00,1.4837921938545258
1986-07-17 00:00:00,1.4810081429842228
1986-07-18 00:00:00,1.476441154670278
1986-07-21 00:00:00,1.476441154670278
1986-07-22 00:00:00,1.4645980438039388
1986-07-23 00:00:00,1.4665586837554838
1986-07-24 00:00:00,1.4632287121214724
1986-07-25 00:00:00,1.458747452417239
1986-07-28 00:00:00,1.4675409735637595
1986-07-29 00:00:00,1.4706931625256363
1986-07-30 00:00:00,1.470890624013623
1986-07-31 00:00:00,1.4766401627784693
1986-08-01 00:00:00,1.47943192000722
1986-08-04 00:00:00,1.476441154670278
1986-08-05 00:00:00,1.4824348264754348
1986-08-06 00:00:00,1.4824348264754348
1986-08-07 00:00:00,1.4864577160995203
1986-08-08 00:00:00,1.4842424288922182
1986-08-11 00:00:00,1.4884773597355248
1986-08-12 00:00:00,1.4818332703440367
1986-08-13 00:00:00,1.484443545752502
1986-08-14 00:00:00,1.4878708906224996
1986-08-15 00:00:00,1.4922282050879883
1986-08-18 00:00:00,1.488780779731394
1986-08-19 00:00:00,1.4935505613706155
1986-08-20 00:00:00,1.4976340899047795
1986-08-21 00:00:00,1.4986584634272864
1986-08-22 00:00:00,1.4976340899047795
1986-08-25 00:00:00,1.4970201376951988
1986-08-26 00:00:00,1.4955895382462066
1986-08-27 00:00:00,1.4964066886563945
1986-08-28 00:00:00,1.4945693543865572
1986-08-29 00:00:00,1.5007114202265017
1986-09-02 00:00:00,1.5019458963056571
1986-09-03 00:00:00,1.504214385233209
1986-09-04 00:00:00,1.5048342537985524
1986-09-05 00:00:00,1.4966111157996533
1986-09-08 00:00:00,1.4856513924130004
1986-09-09 00:00:00,1.4892867547109114
1986-09-10 00:00:00,1.4876688440594057
1986-09-11 00:00:00,1.4742556005454803
1986-09-12 00:00:00,1.4884773597355248
1986-09-15 00:00:00,1.4947732797998996
1986-09-16 00:00:00,1.4931076290242145
1986-09-17 00:00:00,1.4931076290242145
1986-09-18 00:00:00,1.5042486836003244
1986-09-19 00:00:00,1.504664509083006
1986-09-22 00:00:00,1.4809206534098147
1986-09-23 00:00:00,1.4713133833241718
1986-09-24 00:00:00,1.472109225586957
1986-09-25 00:00:00,1.4698234960123604
1986-09-26 00:00:00,1.4659638733120854
1986-09-29 00:00:00,1.4761013861987182
1986-09-30 00:00:00,1.4791097450021122
1986-10-01 00:00:00,1.4741026030081987
1986-10-02 00:00:00,1.4809206534098147
1986-10-03 00:00:00,1.4791097450021122
1986-10-06 00:00:00,1.4871923119146921
1986-10-07 00:00:00,1.4831400167868596
1986-10-08 00:00:00,1.4821303911797887
1986-10-09 00:00:00,1.4791097450021122
1986-10-10 00:00:00,1.4892267747216892
1986-10-14 00:00:00,1.496597157439586
1986-10-15 00:00:00,1.496597157439586
1986-10-16 00:00:00,1.4945425210345342
1986-10-17 00:00:00,1.492288927102885
1986-10-20 00:00:00,1.4888194369824326
1986-10-21 00:00:00,1.4875987596632343
1986-10-22 00:00:00,1.4892267747216892
1986-10-23 00:00:00,1.4813236798497138
1986-10-24 00:00:00,1.4651746599213389
1986-10-27 00:00:00,1.459282536624068
1986-10-28 00:00:00,1.466951586472921
1986-10-29 00:00:00,1.4663587989245077
1986-10-30 00:00:00,1.4511127330332643
1986-10-31 00:00:00,1.447831855727563
1986-11-03 00:00:00,1.445524860339337
1986-11-04 00:00:00,1.4464852143523181
1986-11-05 00:00:00,1.443799432787208
1986-11-06 00:00:00,1.4472544168061083
1986-11-07 00:00:00,1.444757494786403
1986-11-10 00:00:00,1.4514996964287397
1986-11-12 00:00:00,1.4553807116598323
1986-11-13 00:00:00,1.4505326746456426
1986-11-14 00:00:00,1.4544465178570392
1986-11-17 00:00:00,1.4544465178570392
1986-11-18 00:00:00,1.4561031601201104
1986-11-19 00:00:00,1.464276857469607
1986-11-20 00:00:00,1.4674319434782472
1986-11-21 00:00:00,1.4768840403421017
1986-11-24 00:00:00,1.477269238180773
1986-11-25 00:00:00,1.4668009102605633
1986-11-26 00:00:00,1.462903589654905
1986-11-28 00:00:00,1.4533905224266865
1986-12-01 00:00:00,1.4490331528480747
1986-12-02 00:00:00,1.4527389490469664
1986-12-03 00:00:00,1.448768551866266
1986-12-04 00:00:00,1.4640135568006818
1986-12-05 00:00:00,1.4646927129876188
1986-12-08 00:00:00,1.462509633254207
1986-12-09 00:00:00,1.4624260443738704
1986-12-10 00:00:00,1.461194701827245
1986-12-11 00:00:00,1.4696750920299435
1986-12-12 00:00:00,1.4686449613900818
1986-12-15 00:00:00,1.4652386393123364
1986-12-16 00:00:00,1.4694243253889336
1986-12-17 00:00:00,1.4676360635545114
1986-12-18 00:00:00,1.4660338128193175
1986-12-19 00:00:00,1.4663301897313417
1986-12-22 00:00:00,1.4557239957254506
1986-12-23 00:00:00,1.4476957307626888
1986-12-24 00:00:00,1.4507228309332632
1986-12-26 00:00:00,1.445968218733396
1986-12-29 00:00:00,1.4301954993500094
1986-12-30 00:00:00,1.4357749220255098
1986-12-31 00:00:00,1.4247234454178872
1987-01-02 00:00:00,1.4175747111239245
1987-01-05 00:00:00,1.4240538390631527
1987-01-06 00:00:00,1.4198374469692903
1987-01-07 00:00:00,1.4257940795290527
1987-01-08 00:00:00,1.4222937400876419
1987-01-09 00:00:00,1.4203948897658518
1987-01-12 00:00:00,1.4025320274883104
1987-01-13 00:00:00,1.3941304515024082
1987-01-14 00:00:00,1.373273415943854
1987-01-15 00:00:00,1.372538575905715
1987-01-16 00:00:00,1.372538575905715
1987-01-20 00:00:00,1.3763940213436525
1987-01-21 00:00:00,1.3735004109273727
1987-01-22 00:00:00,1.3906521118159223
1987-01-23 00:00:00,1.3837793606279027
1987-01-26 00:00:00,1.3876983052912495
1987-01-27 00:00:00,1.3956031660448311
1987-01-28 00:00:00,1.4141306539634642
1987-01-29 00:00:00,1.4106701355933216
1987-01-30 00:00:00,1.3900603449598306
1987-02-02 00:00:00,1.3989900688032557
1987-02-03 00:00:00,1.4090475099880377
1987-02-04 00:00:00,1.405007230389506
1987-02-05 00:00:00,1.3905534490197664
1987-02-06 00:00:00,1.382217973479098
1987-02-09 00:00:00,1.3982914221255338
1987-02-10 00:00:00,1.4090475099880377
1987-02-11 00:00:00,1.4003894586977428
1987-02-12 00:00:00,1.3885831288652928
1987-02-13 00:00:00,1.3974938227403644
1987-02-17 00:00:00,1.4040007782187398
1987-02-18 00:00:00,1.4029957669243813
1987-02-19 00:00:00,1.395007178927659
1987-02-20 00:00:00,1.4010902040126962
1987-02-23 00:00:00,1.4019921934144213
1987-02-24 00:00:00,1.392034862495285
1987-02-25 00:00:00,1.3965976103700735
1987-02-26 00:00:00,1.4014909448647555
1987-02-27 00:00:00,1.3999893474238292
1987-03-02 00:00:00,1.4029957669243813
1987-03-03 00:00:00,1.4035986009691783
1987-03-04 00:00:00,1.4060151265375618
1987-03-05 00:00:00,1.4110763760931324
1987-03-06 00:00:00,1.4080352632136213
1987-03-09 00:00:00,1.4040007782187398
1987-03-10 00:00:00,1.4003894586977428
1987-03-11 00:00:00,1.3987903842373401
1987-03-12 00:00:00,1.4029957669243813
1987-03-13 00:00:00,1.4054102153975052
1987-03-16 00:00:00,1.4108732266004613
1987-03-17 00:00:00,1.4072190100398116
1987-03-18 00:00:00,1.4072190100398116
1987-03-19 00:00:00,1.4090452495625743
1987-03-20 00:00:00,1.4096550498725406
1987-03-23 00:00:00,1.4212390089035634
1987-03-24 00:00:00,1.4197935060975593
1987-03-25 00:00:00,1.4177335953161336
1987-03-26 00:00:00,1.4182480124407042
1987-03-27 00:00:00,1.4234127903447122
1987-03-30 00:00:00,1.4341716893984662
1987-03-31 00:00:00,1.4338560243164273
1987-04-01 00:00:00,1.4248656759574878
1987-04-02 00:00:00,1.4317551363687109
1987-04-03 00:00:00,1.4286153224731655
1987-04-06 00:00:00,1.4281977208004168
1987-04-07 00:00:00,1.431545386128985
1987-04-08 00:00:00,1.4225838995074174
1987-04-09 00:00:00,1.4300788534635518
1987-04-10 00:00:00,1.4380763510988155
1987-04-13 00:00:00,1.439347297940264
1987-04-14 00:00:00,1.445415103278818
1987-04-15 00:00:00,1.4433868250689
1987-04-16 00:00:00,1.4412579359463793
1987-04-17 00:00:00,1.4380763510988155
1987-04-20 00:00:00,1.4404081376350903
1987-04-21 00:00:00,1.4472347164864412
1987-04-22 00:00:00,1.4455220126799486
1987-04-23 00:00:00,1.449703850710845
1987-04-24 00:00:00,1.4651366377864086
1987-04-27 00:00:00,1.4718675712782727
1987-04-28 00:00:00,1.4632717588673931
1987-04-29 00:00:00,1.4508877217099405
1987-04-30 00:00:00,1.4535855419436892
1987-05-01 00:00:00,1.4617395371303594
1987-05-04 00:00:00,1.4694329031152555
1987-05-05 00:00:00,1.4776544390921598
1987-05-06 00:00:00,1.4769844023150622
1987-05-07 00:00:00,1.4687702999724113
1987-05-08 00:00:00,1.4651366377864086
1987-05-11 00:00:00,1.46086542169479
1987-05-12 00:00:00,1.4667860711072427
1987-05-13 00:00:00,1.4635072433930856
1987-05-14 00:00:00,1.4635072433930856
1987-05-15 00:00:00,1.4661501458642245
1987-05-18 00:00:00,1.4716869666567627
1987-05-19 00:00:00,1.4716869666567627
1987-05-20 00:00:00,1.4761466241314802
1987-05-21 00:00:00,1.4694672276421976
1987-05-22 00:00:00,1.4688026110760999
1987-05-26 00:00:00,1.4519474991457184
1987-05-27 00:00:00,1.4433433658174473
1987-05-28 00:00:00,1.4487089545379586
1987-05-29 00:00:00,1.4407819756385345
1987-06-01 00:00:00,1.4339958373959039
1987-06-02 00:00:00,1.455744149311583
1987-06-03 00:00:00,1.4547659727143156
1987-06-04 00:00:00,1.446772753084017
1987-06-05 00:00:00,1.4476326477366672
1987-06-08 00:00:00,1.4524886648181543
1987-06-09 00:00:00,1.4547659727143156
1987-06-10 00:00:00,1.455635398067798
1987-06-11 00:00:00,1.4628480058960616
1987-06-12 00:00:00,1.4560705005631103
1987-06-15 00:00:00,1.4454848248171766
1987-06-16 00:00:00,1.4491399255195254
1987-06-17 00:00:00,1.450866376659385
1987-06-18 00:00:00,1.4497868629862753
1987-06-19 00:00:00,1.4454848248171766
1987-06-22 00:00:00,1.4444133015964078
1987-06-23 00:00:00,1.447202572677922
1987-06-24 00:00:00,1.4575954098246215
1987-06-25 00:00:00,1.452813557898564
1987-06-26 00:00:00,1.4541145849653387
1987-06-29 00:00:00,1.4503264189457044
1987-06-30 00:00:00,1.452813557898564
1987-07-01 00:00:00,1.4525969463646593
1987-07-02 00:00:00,1.4509744164521217
1987-07-03 00:00:00,1.4473100674838848
1987-07-06 00:00:00,1.4454848248171766
1987-07-07 00:00:00,1.4474175782599572
1987-07-08 00:00:00,1.4474175782599572
1987-07-09 00:00:00,1.4480629784880754
1987-07-10 00:00:00,1.4426905166712676
1987-07-13 00:00:00,1.4426905166712676
1987-07-14 00:00:00,1.438530447898611
1987-07-15 00:00:00,1.4530339288893737
1987-07-16 00:00:00,1.4476282967134462
1987-07-17 00:00:00,1.4384240949156228
1987-07-20 00:00:00,1.4316500594428783
1987-07-21 00:00:00,1.4290212491978491
1987-07-22 00:00:00,1.4284966452150305
1987-07-23 00:00:00,1.4332319932102187
1987-07-24 00:00:00,1.4337600816380778
1987-07-27 00:00:00,1.4222313090518068
1987-07-28 00:00:00,1.426715869166878
1987-07-29 00:00:00,1.4322824137094166
1987-07-30 00:00:00,1.4324933226202852
1987-07-31 00:00:00,1.4286015351955885
1987-08-03 00:00:00,1.4261929561522297
1987-08-04 00:00:00,1.410068438022084
1987-08-05 00:00:00,1.4182916101347658
1987-08-06 00:00:00,1.4154026122383758
1987-08-07 00:00:00,1.4086391766455775
1987-08-10 00:00:00,1.4078237559933946
1987-08-11 00:00:00,1.4078237559933946
1987-08-12 00:00:00,1.4129356795808798
1987-08-13 00:00:00,1.4149908587511792
1987-08-14 00:00:00,1.4211924256996873
1987-08-17 00:00:00,1.4195333655208462
1987-08-18 00:00:00,1.4405541468849932
1987-08-19 00:00:00,1.443332663785513
1987-08-20 00:00:00,1.4510832568488006
1987-08-21 00:00:00,1.4567328771959205
1987-08-24 00:00:00,1.4541199034251653
1987-08-25 00:00:00,1.4480592667333072
1987-08-26 00:00:00,1.450434196200143
1987-08-27 00:00:00,1.4595742166413141
1987-08-28 00:00:00,1.4606699930802338
1987-08-31 00:00:00,1.4602314851267422
1987-09-01 00:00:00,1.4601218992742002
1987-09-02 00:00:00,1.469273848952478
1987-09-03 00:00:00,1.4757375840282703
1987-09-04 00:00:00,1.4726100747675381
1987-09-08 00:00:00,1.4759766865336246
1987-09-09 00:00:00,1.4759766865336246
1987-09-10 00:00:00,1.470306267624908
1987-09-11 00:00:00,1.4761999472637009
1987-09-14 00:00:00,1.461389315867075
1987-09-15 00:00:00,1.464899107079004
1987-09-16 00:00:00,1.4664399476123704
1987-09-17 00:00:00,1.4664399476123704
1987-09-18 00:00:00,1.4719695100090988
1987-09-21 00:00:00,1.4682048821062623
1987-09-22 00:00:00,1.4638004876796649
1987-09-23 00:00:00,1.4631421066507235
1987-09-24 00:00:00,1.462922777898415
1987-09-25 00:00:00,1.4635809615117463
1987-09-28 00:00:00,1.4616081850172722
1987-09-29 00:00:00,1.4524717742759825
1987-09-30 00:00:00,1.4500977490877156
1987-10-01 00:00:00,1.4455870021271406
1987-10-02 00:00:00,1.4490212102984892
1987-10-05 00:00:00,1.4481611294495216
1987-10-06 00:00:00,1.4522556326429057
1987-10-07 00:00:00,1.4616081850172722
1987-10-08 00:00:00,1.4639102754609352
1987-10-09 00:00:00,1.4697526884578807
1987-10-13 00:00:00,1.4658892754578035
1987-10-14 00:00:00,1.4724136770308278
1987-10-15 00:00:00,1.478884353896094
1987-10-16 00:00:00,1.4772054569530504
1987-10-19 00:00:00,1.489947763566462
1987-10-20 00:00:00,1.470638615334588
1987-10-21 00:00:00,1.4677632503173899
1987-10-22 00:00:00,1.4653390167207698
1987-10-23 00:00:00,1.4818035000547107
1987-10-26 00:00:00,1.4888112664165258
1987-10-27 00:00:00,1.489947763566462
1987-10-28 00:00:00,1.4949690336029913
1987-10-29 00:00:00,1.489947763566462
1987-10-30 00:00:00,1.4854121539361227
1987-11-02 00:00:00,1.4991025885346123
1987-11-03 00:00:00,1.5014089002092812
1987-11-04 00:00:00,1.511290414457658
1987-11-05 00:00:00,1.5437277530953573
1987-11-06 00:00:00,1.5437277530953573
1987-11-09 00:00:00,1.5505594864739995
1987-11-10 00:00:00,1.5405762988255332
1987-11-12 00:00:00,1.5227613303719045
1987-11-13 00:00:00,1.5307208411485407
1987-11-16 00:00:00,1.5215804375216744
1987-11-17 00:00:00,1.5257215973438563
1987-11-18 00:00:00,1.5245361104772333
1987-11-19 00:00:00,1.5250100840853407
1987-11-20 00:00:00,1.5290507903555166
1987-11-23 00:00:00,1.5224068700994717
1987-11-24 00:00:00,1.5116163129308158
1987-11-25 00:00:00,1.525958915993311
1987-11-27 00:00:00,1.5257215973438563
1987-11-30 00:00:00,1.5328734173314056
1987-12-01 00:00:00,1.5280981107353575
1987-12-02 00:00:00,1.5245361104772333
1987-12-03 00:00:00,1.523352464428726
1987-12-04 00:00:00,1.5174616969715384
1987-12-07 00:00:00,1.513015094219771
1987-12-08 00:00:00,1.5153521580044789
1987-12-09 00:00:00,1.5224068700994717
1987-12-10 00:00:00,1.5358731696158114
1987-12-11 00:00:00,1.5400926014004703
1987-12-14 00:00:00,1.5400926014004703
1987-12-15 00:00:00,1.5386433298182238
1987-12-16 00:00:00,1.534071911011884
1987-12-17 00:00:00,1.5400926014004703
1987-12-18 00:00:00,1.533472429999374
1987-12-21 00:00:00,1.5352722802693266
1987-12-22 00:00:00,1.5380402713680326
1987-12-23 00:00:00,1.5347919072154248
1987-12-24 00:00:00,1.540818261492225
1987-12-28 00:00:00,1.5627861204175222
1987-12-29 00:00:00,1.5634087443698799
1987-12-30 00:00:00,1.5629106055314637
1987-12-31 00:00:00,1.5772330982188096
1988-01-04 00:00:00,1.5747014239038517
1988-01-05 00:00:00,1.5516630875319883
1988-01-06 00:00:00,1.53419186346407
1988-01-07 00:00:00,1.5469169874975721
1988-01-08 00:00:00,1.5469169874975721
1988-01-11 00:00:00,1.5500964216220732
1988-01-12 00:00:00,1.5415660167861025
1988-01-13 00:00:00,1.5548901541130142
1988-01-14 00:00:00,1.549728896982472
1988-01-15 00:00:00,1.5259704072777607
1988-01-19 00:00:00,1.531452650227993
1988-01-20 00:00:00,1.5439936798046632
1988-01-21 00:00:00,1.5422935137265397
1988-01-22 00:00:00,1.5379388026289587
1988-01-25 00:00:00,1.5348089960487807
1988-01-26 00:00:00,1.536733521435676
1988-01-27 00:00:00,1.5415660167861025
1988-01-28 00:00:00,1.5415660167861025
1988-01-29 00:00:00,1.536131588994847
1988-02-01 00:00:00,1.5313330522076707
1988-02-02 00:00:00,1.5331289862016597
1988-02-03 00:00:00,1.533728567346048
1988-02-04 00:00:00,1.5307353421950993
1988-02-05 00:00:00,1.529541320867334
1988-02-08 00:00:00,1.5259704072777607
1988-02-09 00:00:00,1.5230073579432406
1988-02-10 00:00:00,1.529541320867334
1988-02-11 00:00:00,1.5201736362135998
1988-02-12 00:00:00,1.5106871905638846
1988-02-16 00:00:00,1.51512283522788
1988-02-17 00:00:00,1.5212350452691406
1988-02-18 00:00:00,1.5188783682044324
1988-02-19 00:00:00,1.5218253576654424
1988-02-22 00:00:00,1.5289450084615381
1988-02-23 00:00:00,1.5350492980678898
1988-02-24 00:00:00,1.5357706558207411
1988-02-25 00:00:00,1.5331289862016597
1988-02-26 00:00:00,1.539145975943424
1988-02-29 00:00:00,1.5426575197481884
1988-03-01 00:00:00,1.5439936798046632
1988-03-02 00:00:00,1.5376975951630505
1988-03-03 00:00:00,1.5348089960487807
1988-03-04 00:00:00,1.5378181894376302
1988-03-07 00:00:00,1.5500964216220732
1988-03-08 00:00:00,1.5520869726883288
1988-03-09 00:00:00,1.5520869726883288
1988-03-10 00:00:00,1.5425604709673901
1988-03-11 00:00:00,1.549633080241391
1988-03-14 00:00:00,1.5508590557795565
1988-03-15 00:00:00,1.5484090414734277
1988-03-16 00:00:00,1.5423177391859635
1988-03-17 00:00:00,1.5383236651536996
1988-03-18 00:00:00,1.537479095298321
1988-03-21 00:00:00,1.5398946162650111
1988-03-22 00:00:00,1.5356724218608377
1988-03-23 00:00:00,1.5398946162650111
1988-03-24 00:00:00,1.549510589285716
1988-03-25 00:00:00,1.5533168355826938
1988-03-28 00:00:00,1.5659736751121258
1988-03-29 00:00:00,1.5581319819611792
1988-03-30 00:00:00,1.5639746661124616
1988-03-31 00:00:00,1.5720014807581069
1988-04-01 00:00:00,1.5707418641869868
1988-04-04 00:00:00,1.5707418641869868
1988-04-05 00:00:00,1.5650984802438
1988-04-06 00:00:00,1.562727875083992
1988-04-07 00:00:00,1.5570181465491337
1988-04-08 00:00:00,1.5663490583342865
1988-04-11 00:00:00,1.5587514682771626
1988-04-12 00:00:00,1.560737138937388
1988-04-13 00:00:00,1.5582558398293795
1988-04-14 00:00:00,1.5770602144049553
1988-04-15 00:00:00,1.583173838237247
1988-04-18 00:00:00,1.5937283304921621
1988-04-19 00:00:00,1.589850645989748
1988-04-20 00:00:00,1.5911411091764283
1988-04-21 00:00:00,1.5952847058149082
1988-04-22 00:00:00,1.589850645989748
1988-04-25 00:00:00,1.5850940781962959
1988-04-26 00:00:00,1.5834296013775118
1988-04-27 00:00:00,1.586762058042221
1988-04-28 00:00:00,1.5929512810867539
1988-04-29 00:00:00,1.5872759890731656
1988-05-02 00:00:00,1.5834296013775118
1988-05-03 00:00:00,1.5879188712072574
1988-05-04 00:00:00,1.5855261591067045
1988-05-05 00:00:00,1.5855261591067045
1988-05-06 00:00:00,1.582189830186603
1988-05-09 00:00:00,1.5835996388647766
1988-05-10 00:00:00,1.5868131121579276
1988-05-11 00:00:00,1.5896517760437199
1988-05-12 00:00:00,1.588747463777787
1988-05-13 00:00:00,1.5874573724551901
1988-05-16 00:00:00,1.5855261591067045
1988-05-17 00:00:00,1.5740368391131778
1988-05-18 00:00:00,1.5740368391131778
1988-05-19 00:00:00,1.577211580620062
1988-05-20 00:00:00,1.5753052007885309
1988-05-23 00:00:00,1.5784850659495895
1988-05-24 00:00:00,1.5797606094372258
1988-05-25 00:00:00,1.577211580620062
1988-05-26 00:00:00,1.5746707645417373
1988-05-27 00:00:00,1.570496267816972
1988-05-31 00:00:00,1.5602184789932696
1988-06-01 00:00:00,1.5564918424988587
1988-06-02 00:00:00,1.5490917228039358
1988-06-03 00:00:00,1.5488462638080867
1988-06-06 00:00:00,1.5559963022752046
1988-06-07 00:00:00,1.561464659887034
1988-06-08 00:00:00,1.561464659887034
1988-06-09 00:00:00,1.5586014144770524
1988-06-10 00:00:00,1.5521665376566627
1988-06-13 00:00:00,1.5471302264787643
1988-06-14 00:00:00,1.53872786633496
1988-06-15 00:00:00,1.5357060127090076
1988-06-16 00:00:00,1.53438015397423
1988-06-17 00:00:00,1.5320954186352405
1988-06-20 00:00:00,1.5335376170211539
1988-06-21 00:00:00,1.5319753578705169
1988-06-22 00:00:00,1.522075485968987
1988-06-23 00:00:00,1.5113674172234763
1988-06-24 00:00:00,1.4903970070736956
1988-06-27 00:00:00,1.4781141344159736
1988-06-28 00:00:00,1.4915341071019814
1988-06-29 00:00:00,1.4754367956064653
1988-06-30 00:00:00,1.4721037305561497
1988-07-01 00:00:00,1.4650069164990198
1988-07-05 00:00:00,1.4650069164990198
1988-07-06 00:00:00,1.463599716259276
1988-07-07 00:00:00,1.4548574028339483
1988-07-08 00:00:00,1.4690376539173353
1988-07-11 00:00:00,1.4779863934557538
1988-07-12 00:00:00,1.474215501934737
1988-07-13 00:00:00,1.479330629810071
1988-07-14 00:00:00,1.4796780346139597
1988-07-15 00:00:00,1.5035688638894953
1988-07-18 00:00:00,1.5090963048059027
1988-07-19 00:00:00,1.4980597200652763
1988-07-20 00:00:00,1.4854637635570016
1988-07-21 00:00:00,1.476013775015893
1988-07-22 00:00:00,1.4650130524814244
1988-07-25 00:00:00,1.474109693156914
1988-07-26 00:00:00,1.4859821444692574
1988-07-27 00:00:00,1.4799981508007412
1988-07-28 00:00:00,1.4872012357643125
1988-07-29 00:00:00,1.493697720277879
1988-08-01 00:00:00,1.496881382698493
1988-08-02 00:00:00,1.496692004479142
1988-08-03 00:00:00,1.4955551337436646
1988-08-04 00:00:00,1.498204678973803
1988-08-05 00:00:00,1.506363211438715
1988-08-08 00:00:00,1.5144272610926999
1988-08-09 00:00:00,1.5234115697743547
1988-08-10 00:00:00,1.5300778276095146
1988-08-11 00:00:00,1.5211139228518575
1988-08-12 00:00:00,1.5132695917885628
1988-08-15 00:00:00,1.5171782359159292
1988-08-16 00:00:00,1.5083625409824468
1988-08-17 00:00:00,1.5301580127964631
1988-08-18 00:00:00,1.5221131640122263
1988-08-19 00:00:00,1.5203040415854026
1988-08-22 00:00:00,1.5375782197759997
1988-08-23 00:00:00,1.5314225426841905
1988-08-24 00:00:00,1.5252135763321202
1988-08-25 00:00:00,1.5113815532120976
1988-08-26 00:00:00,1.5103712412944785
1988-08-29 00:00:00,1.516846550681649
1988-08-30 00:00:00,1.5147909256289311
1988-08-31 00:00:00,1.5147909256289311
1988-09-01 00:00:00,1.5166680119338518
1988-09-02 00:00:00,1.5082530659894309
1988-09-06 00:00:00,1.4963964911444187
1988-09-07 00:00:00,1.4996588679658227
1988-09-08 00:00:00,1.5067789410709522
1988-09-09 00:00:00,1.5066918841212034
1988-09-12 00:00:00,1.5030652090639183
1988-09-13 00:00:00,1.4998674566049393
1988-09-14 00:00:00,1.515753569767796
1988-09-15 00:00:00,1.5129363706871517
1988-09-16 00:00:00,1.5155794558682985
1988-09-19 00:00:00,1.5094730526406597
1988-09-20 00:00:00,1.5055305030126866
1988-09-21 00:00:00,1.5103969250911589
1988-09-22 00:00:00,1.5159939063570973
1988-09-23 00:00:00,1.514598929761377
1988-09-26 00:00:00,1.5177774391768937
1988-09-27 00:00:00,1.5160593623092884
1988-09-28 00:00:00,1.5145559026046147
1988-09-29 00:00:00,1.5158852484097907
1988-09-30 00:00:00,1.5098972377849866
1988-10-03 00:00:00,1.5036418238409286
1988-10-04 00:00:00,1.504439028437175
1988-10-05 00:00:00,1.50457287656545
1988-10-06 00:00:00,1.5066913512708768
1988-10-07 00:00:00,1.5043987626659523
1988-10-11 00:00:00,1.493075320268199
1988-10-12 00:00:00,1.4818122925059927
1988-10-13 00:00:00,1.469114959884324
1988-10-14 00:00:00,1.4652045896368568
1988-10-17 00:00:00,1.4596396982843438
1988-10-18 00:00:00,1.4566232144420133
1988-10-19 00:00:00,1.4606342968289414
1988-10-20 00:00:00,1.4523294567265608
1988-10-21 00:00:00,1.4410704617521597
1988-10-24 00:00:00,1.439065987543134
1988-10-25 00:00:00,1.4532475311643853
1988-10-26 00:00:00,1.4430802161595304
1988-10-27 00:00:00,1.4423961782629462
1988-10-28 00:00:00,1.4418546840355089
1988-10-31 00:00:00,1.4418546840355089
1988-11-01 00:00:00,1.4418546840355089
1988-11-02 00:00:00,1.446640562588433
1988-11-03 00:00:00,1.449921918771531
1988-11-04 00:00:00,1.4343057066321816
1988-11-07 00:00:00,1.4418546840355089
1988-11-08 00:00:00,1.437531281684578
1988-11-09 00:00:00,1.4527778255812325
1988-11-10 00:00:00,1.4527778255812325
1988-11-14 00:00:00,1.4488264806340487
1988-11-15 00:00:00,1.449921918771531
1988-11-16 00:00:00,1.4627511287316757
1988-11-17 00:00:00,1.457193563652908
1988-11-18 00:00:00,1.454982344284694
1988-11-21 00:00:00,1.463867732646738
1988-11-22 00:00:00,1.4711674183101089
1988-11-23 00:00:00,1.4762638412372802
1988-11-25 00:00:00,1.4793386791384922
1988-11-28 00:00:00,1.4706033203736402
1988-11-29 00:00:00,1.4785402696740377
1988-11-30 00:00:00,1.4771735709191398
1988-12-01 00:00:00,1.4774011785571854
1988-12-02 00:00:00,1.4794528080290288
1988-12-05 00:00:00,1.489797024368573
1988-12-06 00:00:00,1.487255102968223
1988-12-07 00:00:00,1.463867732646738
1988-12-08 00:00:00,1.4796811186475516
1988-12-09 00:00:00,1.485872253035198
1988-12-12 00:00:00,1.4831142534936015
1988-12-13 00:00:00,1.4770597933969243
1988-12-14 00:00:00,1.4796811186475516
1988-12-15 00:00:00,1.4755822789837079
1988-12-16 00:00:00,1.4645385136453541
1988-12-19 00:00:00,1.4647622439407475
1988-12-20 00:00:00,1.4566401289534578
1988-12-21 00:00:00,1.4615248302471056
1988-12-22 00:00:00,1.4598559148654286
1988-12-23 00:00:00,1.4568614523795693
1988-12-27 00:00:00,1.4593004564091219
1988-12-28 00:00:00,1.4516780694679992
1988-12-29 00:00:00,1.4534466928496999
1988-12-30 00:00:00,1.4534466928496999
1989-01-03 00:00:00,1.4662892875233622
1989-01-04 00:00:00,1.4499130130008022
1989-01-05 00:00:00,1.447274008578535
1989-01-06 00:00:00,1.4359484632894326
1989-01-09 00:00:00,1.4288525813953699
1989-01-10 00:00:00,1.4265028462488083
1989-01-11 00:00:00,1.4337907646218302
1989-01-12 00:00:00,1.4337907646218302
1989-01-13 00:00:00,1.4303519020474111
1989-01-17 00:00:00,1.4184447061926981
1989-01-18 00:00:00,1.4083952086432887
1989-01-19 00:00:00,1.4093312958508648
1989-01-20 00:00:00,1.423629621567815
1989-01-23 00:00:00,1.4277835610591472
1989-01-24 00:00:00,1.4268228095040418
1989-01-25 00:00:00,1.4267161391384988
1989-01-26 00:00:00,1.4262896171238084
1989-01-27 00:00:00,1.4178124128615572
1989-01-30 00:00:00,1.4190775637356154
1989-01-31 00:00:00,1.4105813494801211
1989-02-01 00:00:00,1.4136114871938192
1989-02-02 00:00:00,1.4094353823572054
1989-02-03 00:00:00,1.4042498217157144
1989-02-06 00:00:00,1.4050769457455867
1989-02-07 00:00:00,1.412565142643713
1989-02-08 00:00:00,1.407356569108891
1989-02-09 00:00:00,1.4171806829880114
1989-02-10 00:00:00,1.4176017736678475
1989-02-13 00:00:00,1.412983494529584
1989-02-14 00:00:00,1.4230988126112274
1989-02-15 00:00:00,1.4262896171238084
1989-02-16 00:00:00,1.4250115798324792
1989-02-17 00:00:00,1.4282109771827989
1989-02-21 00:00:00,1.4230988126112274
1989-02-22 00:00:00,1.4262896171238084
1989-02-23 00:00:00,1.4294947623308285
1989-02-24 00:00:00,1.4273564006818669
1989-02-27 00:00:00,1.4265028462488083
1989-02-28 00:00:00,1.422250341117645
1989-03-01 00:00:00,1.415482876595837
1989-03-02 00:00:00,1.415482876595837
1989-03-03 00:00:00,1.4141407049655048
1989-03-06 00:00:00,1.4196111051736158
1989-03-07 00:00:00,1.419634087384636
1989-03-08 00:00:00,1.421011764872202
1989-03-09 00:00:00,1.425082487711511
1989-03-10 00:00:00,1.4258286191438792
1989-03-13 00:00:00,1.4276055440393114
1989-03-14 00:00:00,1.423802715640106
1989-03-15 00:00:00,1.4299129092959828
1989-03-16 00:00:00,1.430858187782779
1989-03-17 00:00:00,1.429750210114765
1989-03-20 00:00:00,1.4313107432122172
1989-03-21 00:00:00,1.4285593753259258
1989-03-22 00:00:00,1.425797794040239
1989-03-23 00:00:00,1.4267485152118202
1989-03-24 00:00:00,1.4284182080483496
1989-03-27 00:00:00,1.4343802437757174
1989-03-28 00:00:00,1.444423731386673
1989-03-29 00:00:00,1.4399056156280634
1989-03-30 00:00:00,1.4403298749797955
1989-03-31 00:00:00,1.444179682614846
1989-04-03 00:00:00,1.4319307395029426
1989-04-04 00:00:00,1.4246523941368612
1989-04-05 00:00:00,1.4266348833683986
1989-04-06 00:00:00,1.4244896949556431
1989-04-07 00:00:00,1.431503046292956
1989-04-10 00:00:00,1.4315239915498978
1989-04-11 00:00:00,1.4355221903467204
1989-04-12 00:00:00,1.4337099470805115
1989-04-13 00:00:00,1.4276906887381196
1989-04-14 00:00:00,1.426065436234136
1989-04-17 00:00:00,1.416230936518714
1989-04-18 00:00:00,1.4134279099544866
1989-04-19 00:00:00,1.417946349450391
1989-04-20 00:00:00,1.4090574685970694
1989-04-21 00:00:00,1.4106622156040225
1989-04-24 00:00:00,1.4168682013039315
1989-04-25 00:00:00,1.4205325495612258
1989-04-26 00:00:00,1.4280885791155173
1989-04-27 00:00:00,1.4267609207112149
1989-04-28 00:00:00,1.4267609207112149
1989-05-01 00:00:00,1.433331458213272
1989-05-02 00:00:00,1.4307620424727154
1989-05-03 00:00:00,1.4325464240526131
1989-05-04 00:00:00,1.4334991891711693
1989-05-05 00:00:00,1.4378495496856818
1989-05-08 00:00:00,1.4364304581860827
1989-05-09 00:00:00,1.4450455314844222
1989-05-10 00:00:00,1.4383224850244167
1989-05-11 00:00:00,1.4461007629307514
1989-05-12 00:00:00,1.447337213646995
1989-05-15 00:00:00,1.4631831494154441
1989-05-16 00:00:00,1.4657701038064594
1989-05-17 00:00:00,1.4816817708476855
1989-05-18 00:00:00,1.4844856133036677
1989-05-19 00:00:00,1.4815177753395576
1989-05-22 00:00:00,1.5032543272704446
1989-05-23 00:00:00,1.5045711773042343
1989-05-24 00:00:00,1.5060710373004182
1989-05-25 00:00:00,1.4971013207563257
1989-05-26 00:00:00,1.493904479433209
1989-05-30 00:00:00,1.507310462545109
1989-05-31 00:00:00,1.4893746074421512
1989-06-01 00:00:00,1.4936584861710174
1989-06-02 00:00:00,1.4805869732010668
1989-06-05 00:00:00,1.483583638008965
1989-06-06 00:00:00,1.491897104534539
1989-06-07 00:00:00,1.484474741782457
1989-06-08 00:00:00,1.49258593088168
1989-06-09 00:00:00,1.5061906395459101
1989-06-12 00:00:00,1.5207037530022187
1989-06-13 00:00:00,1.520621755248155
1989-06-14 00:00:00,1.5203581386332312
1989-06-15 00:00:00,1.518366144620514
1989-06-16 00:00:00,1.5027112553529571
1989-06-19 00:00:00,1.4918225231144318
1989-06-20 00:00:00,1.4953305633971332
1989-06-21 00:00:00,1.4864286034054381
1989-06-22 00:00:00,1.4859646766800412
1989-06-23 00:00:00,1.472379089571226
1989-06-26 00:00:00,1.4874706195927885
1989-06-27 00:00:00,1.4874706195927885
1989-06-28 00:00:00,1.4936262682423935
1989-06-29 00:00:00,1.4906347818767223
1989-06-30 00:00:00,1.4908611974378596
1989-07-03 00:00:00,1.477138590396641
1989-07-05 00:00:00,1.450878240216642
1989-07-06 00:00:00,1.4482678151479433
1989-07-07 00:00:00,1.4470819169794136
1989-07-10 00:00:00,1.4324330890792418
1989-07-11 00:00:00,1.4465805104340115
1989-07-12 00:00:00,1.444730297150487
1989-07-13 00:00:00,1.4479503349885923
1989-07-14 00:00:00,1.4597555844544274
1989-07-17 00:00:00,1.4603192551132753
1989-07-18 00:00:00,1.4525162118082062
1989-07-19 00:00:00,1.4557012457275575
1989-07-20 00:00:00,1.4538732332209154
1989-07-21 00:00:00,1.45683454620843
1989-07-24 00:00:00,1.4612964211500317
1989-07-25 00:00:00,1.4527440088256067
1989-07-26 00:00:00,1.4371098389786234
1989-07-27 00:00:00,1.4315461890224488
1989-07-28 00:00:00,1.4428205622221473
1989-07-31 00:00:00,1.428001911609016
1989-08-01 00:00:00,1.427916424791798
1989-08-02 00:00:00,1.4203574531730911
1989-08-03 00:00:00,1.4281960777085596
1989-08-04 00:00:00,1.4509677486407127
1989-08-07 00:00:00,1.456870926872253
1989-08-08 00:00:00,1.4470709632692524
1989-08-09 00:00:00,1.4507112881890587
1989-08-10 00:00:00,1.4459106893232252
1989-08-11 00:00:00,1.4763312526305545
1989-08-14 00:00:00,1.4804594965412352
1989-08-15 00:00:00,1.4763715308543879
1989-08-16 00:00:00,1.482386498543475
1989-08-17 00:00:00,1.497336625495538
1989-08-18 00:00:00,1.4869144608776175
1989-08-21 00:00:00,1.4850573089829708
1989-08-22 00:00:00,1.4799465756379275
1989-08-23 00:00:00,1.4867320338602927
1989-08-24 00:00:00,1.4867320338602927
1989-08-25 00:00:00,1.4837277494296637
1989-08-28 00:00:00,1.4857283586573262
1989-08-29 00:00:00,1.4734618102950787
1989-08-30 00:00:00,1.4759129340848365
1989-08-31 00:00:00,1.4854303617338924
1989-09-01 00:00:00,1.4994182648767125
1989-09-05 00:00:00,1.5060473459845305
1989-09-06 00:00:00,1.4980199432870216
1989-09-07 00:00:00,1.5034419035335582
1989-09-08 00:00:00,1.4995873149427745
1989-09-11 00:00:00,1.503271014794034
1989-09-12 00:00:00,1.5036934353274376
1989-09-13 00:00:00,1.4990245278163425
1989-09-14 00:00:00,1.4907196761210724
1989-09-15 00:00:00,1.5130202617989086
1989-09-18 00:00:00,1.4827593648241202
1989-09-19 00:00:00,1.480478182638254
1989-09-20 00:00:00,1.4731323643831338
1989-09-21 00:00:00,1.476212271026427
1989-09-22 00:00:00,1.4777044936964001
1989-09-25 00:00:00,1.4515351649865218
1989-09-26 00:00:00,1.4453342367105626
1989-09-27 00:00:00,1.4421725613059233
1989-09-28 00:00:00,1.44186691156742
1989-09-29 00:00:00,1.4357008703765275
1989-10-02 00:00:00,1.4366137389071483
1989-10-03 00:00:00,1.4470967566908413
1989-10-04 00:00:00,1.4399819191216734
1989-10-05 00:00:00,1.4508516100284252
1989-10-06 00:00:00,1.4501132803740666
1989-10-10 00:00:00,1.4592250564796911
1989-10-11 00:00:00,1.4719361432064646
1989-10-12 00:00:00,1.4687780975758675
1989-10-13 00:00:00,1.4569225410905682
1989-10-16 00:00:00,1.4442234599036554
1989-10-17 00:00:00,1.4357592952095273
1989-10-18 00:00:00,1.4385505882698435
1989-10-19 00:00:00,1.4349230088221352
1989-10-20 00:00:00,1.4399242492658981
1989-10-23 00:00:00,1.4371853307446711
1989-10-24 00:00:00,1.4371853307446711
1989-10-25 00:00:00,1.4376030868178475
1989-10-26 00:00:00,1.4345798460986512
1989-10-27 00:00:00,1.4376030868178475
1989-10-30 00:00:00,1.435516731565227
1989-10-31 00:00:00,1.432087453141769
1989-11-01 00:00:00,1.4331248969646768
1989-11-02 00:00:00,1.4269226830424406
1989-11-03 00:00:00,1.4253805085164923
1989-11-06 00:00:00,1.4253805085164923
1989-11-07 00:00:00,1.4288809012423542
1989-11-08 00:00:00,1.4314657075036465
1989-11-09 00:00:00,1.4292938427642798
1989-11-10 00:00:00,1.420161958198162
1989-11-13 00:00:00,1.421692855026978
1989-11-14 00:00:00,1.4250724735413052
1989-11-15 00:00:00,1.431051510250318
1989-11-16 00:00:00,1.4331248969646768
1989-11-17 00:00:00,1.4304306636081272
1989-11-20 00:00:00,1.4293971154407803
1989-11-21 00:00:00,1.4345798460986512
1989-11-22 00:00:00,1.4345798460986512
1989-11-24 00:00:00,1.4389624729197263
1989-11-27 00:00:00,1.4467497497221296
1989-11-28 00:00:00,1.4488689085762707
1989-11-29 00:00:00,1.453019175740022
1989-11-30 00:00:00,1.4531259055164092
1989-12-01 00:00:00,1.4499308177734094
1989-12-04 00:00:00,1.451846182129781
1989-12-05 00:00:00,1.4524857619456972
1989-12-06 00:00:00,1.4610676571418317
1989-12-07 00:00:00,1.4563351058377794
1989-12-08 00:00:00,1.454621770419147
1989-12-11 00:00:00,1.46160739399338
1989-12-12 00:00:00,1.4796451815781897
1989-12-13 00:00:00,1.4771041646905396
1989-12-14 00:00:00,1.4758919783423157
1989-12-15 00:00:00,1.4854224416354107
1989-12-18 00:00:00,1.4818618784794306
1989-12-19 00:00:00,1.4772144621938768
1989-12-20 00:00:00,1.4748004683903662
1989-12-21 00:00:00,1.4748004683903662
1989-12-22 00:00:00,1.4884002913037164
1989-12-26 00:00:00,1.4931404196199702
1989-12-27 00:00:00,1.4972274828123608
1989-12-28 00:00:00,1.4951811582344852
1989-12-29 00:00:00,1.4913311007231267
1990-01-02 00:00:00,1.4833548665874323
1990-01-03 00:00:00,1.4788986747238577
1990-01-04 00:00:00,1.4985948138468925
1990-01-05 00:00:00,1.503170675873906
1990-01-08 00:00:00,1.5131040305784669
1990-01-09 00:00:00,1.5096240305081392
1990-01-10 00:00:00,1.5124067476150669
1990-01-11 00:00:00,1.5110141078842978
1990-01-12 00:00:00,1.5166001119799881
1990-01-16 00:00:00,1.507312909824569
1990-01-17 00:00:00,1.5084675849508324
1990-01-18 00:00:00,1.497682982502903
1990-01-19 00:00:00,1.4951811582344852
1990-01-22 00:00:00,1.4876131943754753
1990-01-23 00:00:00,1.501336981850272
1990-01-24 00:00:00,1.5089299504941123
1990-01-25 00:00:00,1.5060448071853283
1990-01-26 00:00:00,1.5054691019838047
1990-01-29 00:00:00,1.5164833156679376
1990-01-30 00:00:00,1.5135692431935563
1990-01-31 00:00:00,1.5117101070127565
1990-02-01 00:00:00,1.5158996038451245
1990-02-02 00:00:00,1.5128715314957106
1990-02-05 00:00:00,1.524584689838043
1990-02-06 00:00:00,1.5276598800580425
1990-02-07 00:00:00,1.5312236278342277
1990-02-08 00:00:00,1.5210517421557368
1990-02-09 00:00:00,1.5214042999264596
1990-02-12 00:00:00,1.5265939882121224
1990-02-13 00:00:00,1.5217570211706468
1990-02-14 00:00:00,1.5217570211706468
1990-02-15 00:00:00,1.5178860598125468
1990-02-16 00:00:00,1.519291401431075
1990-02-20 00:00:00,1.51964314353667
1990-02-21 00:00:00,1.525087142594854
1990-02-22 00:00:00,1.525087142594854
1990-02-23 00:00:00,1.5209621000916995
1990-02-26 00:00:00,1.5104566059237599
1990-02-27 00:00:00,1.512197431823787
1990-02-28 00:00:00,1.5072177649859542
1990-03-01 00:00:00,1.4944001196041452
1990-03-02 00:00:00,1.489875062466812
1990-03-05 00:00:00,1.4961041106185171
1990-03-06 00:00:00,1.496672971497079
1990-03-07 00:00:00,1.4949676851641922
1990-03-08 00:00:00,1.4972422651340123
1990-03-09 00:00:00,1.4907778802595508
1990-03-12 00:00:00,1.486499212627386
1990-03-13 00:00:00,1.4797932011418486
1990-03-14 00:00:00,1.48582587763752
1990-03-15 00:00:00,1.4915687438565055
1990-03-16 00:00:00,1.4973561758358633
1990-03-19 00:00:00,1.5006671425990536
1990-03-20 00:00:00,1.4923604470114187
1990-03-21 00:00:00,1.4853773264291765
1990-03-22 00:00:00,1.4879602007398949
1990-03-23 00:00:00,1.486499212627386
1990-03-26 00:00:00,1.4867237932608093
1990-03-27 00:00:00,1.4882977597691007
1990-03-28 00:00:00,1.489875062466812
1990-03-29 00:00:00,1.4944001196041452
1990-03-30 00:00:00,1.5034183465882354
1990-04-02 00:00:00,1.4905520732495143
1990-04-03 00:00:00,1.4944001196041452
1990-04-04 00:00:00,1.496672971497079
1990-04-05 00:00:00,1.49553568200506
1990-04-06 00:00:00,1.4994095364304882
1990-04-09 00:00:00,1.5013539991751157
1990-04-10 00:00:00,1.500095242011173
1990-04-11 00:00:00,1.5099930623896416
1990-04-12 00:00:00,1.5104566059237599
1990-04-13 00:00:00,1.5081417298993556
1990-04-16 00:00:00,1.5064102238948789
1990-04-17 00:00:00,1.5072177649859542
1990-04-18 00:00:00,1.50929828030572
1990-04-19 00:00:00,1.510578909572123
1990-04-20 00:00:00,1.510578909572123
1990-04-23 00:00:00,1.5097733288645954
1990-04-24 00:00:00,1.5110396275010811
1990-04-25 00:00:00,1.5164741899813805
1990-04-26 00:00:00,1.5172869393367032
1990-04-27 00:00:00,1.5210134864284808
1990-04-30 00:00:00,1.5174031175096996
1990-05-01 00:00:00,1.5169385115337324
1990-05-02 00:00:00,1.51926439088291
1990-05-03 00:00:00,1.5197304229046533
1990-05-04 00:00:00,1.5291114748978918
1990-05-07 00:00:00,1.5362236212927658
1990-05-08 00:00:00,1.5367001174532162
1990-05-09 00:00:00,1.5491936143430798
1990-05-10 00:00:00,1.547016761489202
1990-05-11 00:00:00,1.5541749442927362
1990-05-14 00:00:00,1.548104422676094
1990-05-15 00:00:00,1.5455689217498578
1990-05-16 00:00:00,1.5483463328913727
1990-05-17 00:00:00,1.5482253683341156
1990-05-18 00:00:00,1.5461718588341014
1990-05-21 00:00:00,1.5374154161890363
1990-05-22 00:00:00,1.5363427176274655
1990-05-23 00:00:00,1.5361045434211829
1990-05-24 00:00:00,1.5338455661514458
1990-05-25 00:00:00,1.5297016375667063
1990-05-29 00:00:00,1.5378926520779668
1990-05-30 00:00:00,1.5326592973454507
1990-05-31 00:00:00,1.5220648782393762
1990-06-01 00:00:00,1.5232347974386378
1990-06-04 00:00:00,1.5211302360052716
1990-06-05 00:00:00,1.5204300072638237
1990-06-06 00:00:00,1.5264025814277653
1990-06-07 00:00:00,1.5239376126327806
1990-06-08 00:00:00,1.5203133651458902
1990-06-11 00:00:00,1.5232347974386378
1990-06-12 00:00:00,1.523820431732155
1990-06-13 00:00:00,1.5261674789893478
1990-06-14 00:00:00,1.5255800396209915
1990-06-15 00:00:00,1.5220648782393762
1990-06-18 00:00:00,1.5446337368741951
1990-06-19 00:00:00,1.5446337368741951
1990-06-20 00:00:00,1.5400892895219793
1990-06-21 00:00:00,1.5388978232605515
1990-06-22 00:00:00,1.5446337368741951
1990-06-25 00:00:00,1.5410437917156716
1990-06-26 00:00:00,1.5498085908426866
1990-06-27 00:00:00,1.5528331977725125
1990-06-28 00:00:00,1.549205082824446
1990-06-29 00:00:00,1.5518640399021602
1990-07-02 00:00:00,1.5608751776103176
1990-07-03 00:00:00,1.5657897719982594
1990-07-05 00:00:00,1.568753411945259
1990-07-06 00:00:00,1.566036314239166
1990-07-09 00:00:00,1.5712316953764522
1990-07-10 00:00:00,1.5759620712617564
1990-07-11 00:00:00,1.5709835147264164
1990-07-12 00:00:00,1.578713751068721
1990-07-13 00:00:00,1.5762118275329549
1990-07-16 00:00:00,1.5692484429998335
1990-07-17 00:00:00,1.5739668668670586
1990-07-18 00:00:00,1.5779623404304208
1990-07-19 00:00:00,1.5795913017919387
1990-07-20 00:00:00,1.578964380335441
1990-07-23 00:00:00,1.5913434610772708
1990-07-24 00:00:00,1.5936383002296015
1990-07-25 00:00:00,1.590452807505068
1990-07-26 00:00:00,1.5881671268236237
1990-07-27 00:00:00,1.5970929958623754
1990-07-30 00:00:00,1.6021096378435797
1990-07-31 00:00:00,1.6181398571110297
1990-08-01 00:00:00,1.6135458520008021
1990-08-02 00:00:00,1.6126301794459574
1990-08-03 00:00:00,1.6142005407340652
1990-08-06 00:00:00,1.628072783063176
1990-08-07 00:00:00,1.6271405532487433
1990-08-08 00:00:00,1.6156427277019076
1990-08-09 00:00:00,1.6172189645094217
1990-08-10 00:00:00,1.6198528716177434
1990-08-13 00:00:00,1.6278063227058825
1990-08-14 00:00:00,1.6347627599824037
1990-08-15 00:00:00,1.6400968790307633
1990-08-16 00:00:00,1.6400968790307633
1990-08-17 00:00:00,1.6500261435994517
1990-08-20 00:00:00,1.6456588287445981
1990-08-21 00:00:00,1.6442987801258009
1990-08-22 00:00:00,1.6481125943938197
1990-08-23 00:00:00,1.6571726836183736
1990-08-24 00:00:00,1.6511215966408457
1990-08-27 00:00:00,1.6564828273684284
1990-08-28 00:00:00,1.6555179929707264
1990-08-29 00:00:00,1.6508475970396772
1990-08-30 00:00:00,1.6413145718134128
1990-08-31 00:00:00,1.633498788138111
1990-09-04 00:00:00,1.6245623613556128
1990-09-05 00:00:00,1.6428053207433069
1990-09-06 00:00:00,1.6496157233664035
1990-09-07 00:00:00,1.6425340740957808
1990-09-10 00:00:00,1.629218411359498
1990-09-11 00:00:00,1.6201966807428496
1990-09-12 00:00:00,1.6268205428881595
1990-09-13 00:00:00,1.6375321184791927
1990-09-14 00:00:00,1.6448425297224034
1990-09-17 00:00:00,1.650299870564216
1990-09-18 00:00:00,1.6573107238252553
1990-09-19 00:00:00,1.6405025758181226
1990-09-20 00:00:00,1.6286849410217903
1990-09-21 00:00:00,1.6308209212723108
1990-09-24 00:00:00,1.6442987801258009
1990-09-25 00:00:00,1.642127372030554
1990-09-26 00:00:00,1.636185463776496
1990-09-27 00:00:00,1.633230605772631
1990-09-28 00:00:00,1.6402320889960584
1990-10-01 00:00:00,1.6522185051920106
1990-10-02 00:00:00,1.6475666809806384
1990-10-03 00:00:00,1.6575868732418721
1990-10-04 00:00:00,1.665774886095294
1990-10-05 00:00:00,1.6616014063405873
1990-10-09 00:00:00,1.6853888385872249
1990-10-10 00:00:00,1.6821115352994753
1990-10-11 00:00:00,1.6781389372066626
1990-10-12 00:00:00,1.6905442467093372
1990-10-15 00:00:00,1.684040630281155
1990-10-16 00:00:00,1.684040630281155
1990-10-17 00:00:00,1.6880598203295587
1990-10-18 00:00:00,1.6869095240295044
1990-10-19 00:00:00,1.6955751551460945
1990-10-22 00:00:00,1.684040630281155
1990-10-23 00:00:00,1.6784742615566053
1990-10-24 00:00:00,1.6883476395657615
1990-10-25 00:00:00,1.6851870160063296
1990-10-26 00:00:00,1.6797555396188621
1990-10-29 00:00:00,1.6786165292512616
1990-10-30 00:00:00,1.6752087474290633
1990-10-31 00:00:00,1.6800405337721735
1990-11-01 00:00:00,1.6883476395657615
1990-11-02 00:00:00,1.6902208596147805
1990-11-05 00:00:00,1.704330276429121
1990-11-06 00:00:00,1.7108083804514842
1990-11-07 00:00:00,1.7152535780448972
1990-11-08 00:00:00,1.7037437897545062
1990-11-09 00:00:00,1.704330276429121
1990-11-13 00:00:00,1.7134727298932673
1990-11-14 00:00:00,1.7203194763817218
1990-11-15 00:00:00,1.7116955758086763
1990-11-16 00:00:00,1.7182298986731204
1990-11-19 00:00:00,1.7167404483448667
1990-11-20 00:00:00,1.7134727298932673
1990-11-21 00:00:00,1.708152303959495
1990-11-23 00:00:00,1.7080049859513913
1990-11-26 00:00:00,1.7012557179027907
1990-11-27 00:00:00,1.7149565129984743
1990-11-28 00:00:00,1.710512853006252
1990-11-29 00:00:00,1.7009634812424963
1990-11-30 00:00:00,1.693834913796304
1990-12-03 00:00:00,1.6760593950665523
1990-12-04 00:00:00,1.6841838431929914
1990-12-05 00:00:00,1.6807534424260704
1990-12-06 00:00:00,1.6970280901547885
1990-12-07 00:00:00,1.7088892753564917
1990-12-10 00:00:00,1.715848016990676
1990-12-11 00:00:00,1.7053576002847142
1990-12-12 00:00:00,1.7072687769057227
1990-12-13 00:00:00,1.7038250642400365
1990-12-14 00:00:00,1.7038250642400365
1990-12-17 00:00:00,1.7019252678737
1990-12-18 00:00:00,1.703532511859501
1990-12-19 00:00:00,1.708519605488158
1990-12-20 00:00:00,1.6863046399370671
1990-12-21 00:00:00,1.6559080946457037
1990-12-24 00:00:00,1.6447900114505527
1990-12-26 00:00:00,1.6530112211045878
1990-12-27 00:00:00,1.6527358569164974
1990-12-28 00:00:00,1.6894633204035308
1990-12-31 00:00:00,1.690326833472993
1991-01-02 00:00:00,1.6965412703607616
1991-01-03 00:00:00,1.697412035768988
1991-01-04 00:00:00,1.684300712854551
1991-01-07 00:00:00,1.6553555266655102
1991-01-08 00:00:00,1.6577064910726371
1991-01-09 00:00:00,1.6768990702391167
1991-01-10 00:00:00,1.6567376386523727
1991-01-11 00:00:00,1.6563227627829271
1991-01-14 00:00:00,1.6453355471094087
1991-01-15 00:00:00,1.6457449363970698
1991-01-16 00:00:00,1.6469743275348165
1991-01-17 00:00:00,1.6794538043283511
1991-01-18 00:00:00,1.6922008100067771
1991-01-22 00:00:00,1.697412035768988
1991-01-23 00:00:00,1.7017793051577588
1991-01-24 00:00:00,1.7049962792695883
1991-01-25 00:00:00,1.7007582667471903
1991-01-28 00:00:00,1.7049962792695883
1991-01-29 00:00:00,1.7064625643394793
1991-01-30 00:00:00,1.7017793051577588
1991-01-31 00:00:00,1.7150170007034975
1991-02-01 00:00:00,1.7266573875861007
1991-02-04 00:00:00,1.7310256214027278
1991-02-05 00:00:00,1.7320833360806098
1991-02-06 00:00:00,1.744570660993447
1991-02-07 00:00:00,1.7479516118868452
1991-02-08 00:00:00,1.7408972361940225
1991-02-11 00:00:00,1.7518095434042082
1991-02-12 00:00:00,1.7439573473492236
1991-02-13 00:00:00,1.737032346188212
1991-02-14 00:00:00,1.737032346188212
1991-02-15 00:00:00,1.7279947169156407
1991-02-19 00:00:00,1.7069757645598054
1991-02-20 00:00:00,1.702018711604985
1991-02-21 00:00:00,1.7084392211480768
1991-02-22 00:00:00,1.694781006588805
1991-02-25 00:00:00,1.673713680116846
1991-02-26 00:00:00,1.676953216819925
1991-02-27 00:00:00,1.674839054922774
1991-02-28 00:00:00,1.6692272638189956
1991-03-01 00:00:00,1.6603262019222766
1991-03-04 00:00:00,1.6589439789769536
1991-03-05 00:00:00,1.6619879128833333
1991-03-06 00:00:00,1.6546736756182985
1991-03-07 00:00:00,1.6472873502084127
1991-03-08 00:00:00,1.6340496166848024
1991-03-11 00:00:00,1.613671963355022
1991-03-12 00:00:00,1.6194421028420292
1991-03-13 00:00:00,1.6165518841138287
1991-03-14 00:00:00,1.6144563781472225
1991-03-15 00:00:00,1.5950720463836683
1991-03-18 00:00:00,1.561909114184427
1991-03-19 00:00:00,1.561909114184427
1991-03-20 00:00:00,1.5493777460404203
1991-03-21 00:00:00,1.5467018293132113
1991-03-22 00:00:00,1.5527556551543031
1991-03-25 00:00:00,1.573439106002252
1991-03-26 00:00:00,1.592069674569441
1991-03-27 00:00:00,1.6040964486062943
1991-03-28 00:00:00,1.6062928886663868
1991-03-29 00:00:00,1.5964389250800155
1991-04-01 00:00:00,1.585051774251325
1991-04-02 00:00:00,1.5793094816901447
1991-04-03 00:00:00,1.5722146360533524
1991-04-04 00:00:00,1.5675793635799
1991-04-05 00:00:00,1.5823425334958285
1991-04-08 00:00:00,1.587530610209911
1991-04-09 00:00:00,1.5729282548578625
1991-04-10 00:00:00,1.578770892340426
1991-04-11 00:00:00,1.5714374720165796
1991-04-12 00:00:00,1.5795363341505517
1991-04-15 00:00:00,1.5728073667485207
1991-04-16 00:00:00,1.5671011459796977
1991-04-17 00:00:00,1.5716747115708303
1991-04-18 00:00:00,1.5852915000841332
1991-04-19 00:00:00,1.6264590996816255
1991-04-22 00:00:00,1.6511291173936131
1991-04-23 00:00:00,1.6326848197579455
1991-04-24 00:00:00,1.6414490327087716
1991-04-25 00:00:00,1.6348109219349398
1991-04-26 00:00:00,1.6427891578077243
1991-04-29 00:00:00,1.653143320850767
1991-04-30 00:00:00,1.6166804355920215
1991-05-01 00:00:00,1.6067591750491994
1991-05-02 00:00:00,1.6194143249951913
1991-05-03 00:00:00,1.6433156075274589
1991-05-06 00:00:00,1.63110680161645
1991-05-07 00:00:00,1.6143205626109842
1991-05-08 00:00:00,1.6250703023018176
1991-05-09 00:00:00,1.6327064523399253
1991-05-10 00:00:00,1.6186520271492209
1991-05-13 00:00:00,1.6075182878269294
1991-05-14 00:00:00,1.5958675385563668
1991-05-15 00:00:00,1.5958675385563668
1991-05-16 00:00:00,1.600965831421415
1991-05-17 00:00:00,1.6333994518387094
1991-05-20 00:00:00,1.6258846490918055
1991-05-21 00:00:00,1.614879320326483
1991-05-22 00:00:00,1.622665345125557
1991-05-23 00:00:00,1.6155226345217142
1991-05-24 00:00:00,1.6121187152925822
1991-05-28 00:00:00,1.6040445584752456
1991-05-29 00:00:00,1.6122908270172567
1991-05-30 00:00:00,1.6218557118879662
1991-05-31 00:00:00,1.638897206134987
1991-06-03 00:00:00,1.6454182352841362
1991-06-04 00:00:00,1.640200856739274
1991-06-05 00:00:00,1.648972132638034
1991-06-06 00:00:00,1.6509113501222128
1991-06-07 00:00:00,1.66555119320574
1991-06-10 00:00:00,1.6660119502001762
1991-06-11 00:00:00,1.6695565415275941
1991-06-12 00:00:00,1.685884740139188
1991-06-13 00:00:00,1.692006131507559
1991-06-14 00:00:00,1.6843016363372456
1991-06-17 00:00:00,1.695228697724061
1991-06-18 00:00:00,1.7073549443700995
1991-06-19 00:00:00,1.6889675070322032
1991-06-20 00:00:00,1.6921873557933762
1991-06-21 00:00:00,1.6922022206184133
1991-06-24 00:00:00,1.6805113643156901
1991-06-25 00:00:00,1.6887076942504609
1991-06-26 00:00:00,1.6791364443650887
1991-06-27 00:00:00,1.68713137551296
1991-06-28 00:00:00,1.6869324068128042
1991-07-01 00:00:00,1.7076777334727875
1991-07-02 00:00:00,1.716914289679214
1991-07-03 00:00:00,1.7157919049872719
1991-07-05 00:00:00,1.7140481135206556
1991-07-08 00:00:00,1.7010260480728183
1991-07-09 00:00:00,1.706175371837017
1991-07-10 00:00:00,1.7019988216209154
1991-07-11 00:00:00,1.7164669780125656
1991-07-12 00:00:00,1.6805700081907728
1991-07-15 00:00:00,1.6805700081907728
1991-07-16 00:00:00,1.6862300325987982
1991-07-17 00:00:00,1.6802564890375344
1991-07-18 00:00:00,1.6604329202000692
1991-07-19 00:00:00,1.6388783912597693
1991-07-22 00:00:00,1.6485794630648922
1991-07-23 00:00:00,1.6466073827470389
1991-07-24 00:00:00,1.629061478345739
1991-07-25 00:00:00,1.644785457154297
1991-07-26 00:00:00,1.631546524713673
1991-07-29 00:00:00,1.6452190992522744
1991-07-30 00:00:00,1.645122514769045
1991-07-31 00:00:00,1.6396203396019882
1991-08-01 00:00:00,1.6503010727918612
1991-08-02 00:00:00,1.6264672897179488
1991-08-05 00:00:00,1.615161392269644
1991-08-06 00:00:00,1.6065949511464293
1991-08-07 00:00:00,1.6036129863177655
1991-08-08 00:00:00,1.6196564872042367
1991-08-09 00:00:00,1.6229065563330567
1991-08-12 00:00:00,1.619463318237778
1991-08-13 00:00:00,1.626303106351852
1991-08-14 00:00:00,1.6300362153323367
1991-08-15 00:00:00,1.6294299834084534
1991-08-16 00:00:00,1.65470057109713
1991-08-19 00:00:00,1.6991892591739453
1991-08-20 00:00:00,1.6884637070660777
1991-08-21 00:00:00,1.6411928408967604
1991-08-22 00:00:00,1.6181746272426303
1991-08-23 00:00:00,1.6445111005153938
1991-08-26 00:00:00,1.6419078201628465
1991-08-27 00:00:00,1.6403036953531163
1991-08-28 00:00:00,1.6326295096257388
1991-08-29 00:00:00,1.63834837875853
1991-08-30 00:00:00,1.6397624276717957
1991-09-03 00:00:00,1.6306891227635254
1991-09-04 00:00:00,1.6285566488684289
1991-09-05 00:00:00,1.6304959537970667
1991-09-06 00:00:00,1.6241492621204445
1991-09-09 00:00:00,1.588785417135891
1991-09-10 00:00:00,1.5861832420299864
1991-09-11 00:00:00,1.5861832420299864
1991-09-12 00:00:00,1.5933844371360546
1991-09-13 00:00:00,1.5948325296266357
1991-09-16 00:00:00,1.6051656925977666
1991-09-17 00:00:00,1.6071257514454782
1991-09-18 00:00:00,1.5978578588049246
1991-09-19 00:00:00,1.5897756848248603
1991-09-20 00:00:00,1.5942288380036416
1991-09-23 00:00:00,1.6087218274400383
1991-09-24 00:00:00,1.6057776972083344
1991-09-25 00:00:00,1.5977366252799772
1991-09-26 00:00:00,1.5984643025041825
1991-09-27 00:00:00,1.604431902566865
1991-09-30 00:00:00,1.6183652567775975
1991-10-01 00:00:00,1.6156336290616924
1991-10-02 00:00:00,1.6182408915077306
1991-10-03 00:00:00,1.6160055806300435
1991-10-04 00:00:00,1.6063901686772524
1991-10-07 00:00:00,1.602966333347804
1991-10-08 00:00:00,1.5877379718909823
1991-10-09 00:00:00,1.5879774316559914
1991-10-10 00:00:00,1.5886962445258468
1991-10-11 00:00:00,1.5880971886267043
1991-10-15 00:00:00,1.572326493032935
1991-10-16 00:00:00,1.5802317815691205
1991-10-17 00:00:00,1.5802317815691205
1991-10-18 00:00:00,1.5898957131891356
1991-10-21 00:00:00,1.5897756848248603
1991-10-22 00:00:00,1.585227997680676
1991-10-23 00:00:00,1.5764462285664096
1991-10-24 00:00:00,1.580350373072428
1991-10-25 00:00:00,1.5797575934876293
1991-10-28 00:00:00,1.5718570367388296
1991-10-29 00:00:00,1.588816109943421
1991-10-30 00:00:00,1.6095825667805626
1991-10-31 00:00:00,1.6114301133448194
1991-11-01 00:00:00,1.6178679103557236
1991-11-04 00:00:00,1.64709962621745
1991-11-05 00:00:00,1.6353318879545
1991-11-06 00:00:00,1.6367300420635862
1991-11-07 00:00:00,1.6467526119540257
1991-11-08 00:00:00,1.6467526119540257
1991-11-12 00:00:00,1.6521421241259318
1991-11-13 00:00:00,1.6494429655288692
1991-11-14 00:00:00,1.6560134248932343
1991-11-15 00:00:00,1.64790454522836
1991-11-18 00:00:00,1.6805595972501652
1991-11-19 00:00:00,1.6859048885900194
1991-11-20 00:00:00,1.6828271988973793
1991-11-21 00:00:00,1.6893975999129944
1991-11-22 00:00:00,1.6969697357858236
1991-11-25 00:00:00,1.699963107673836
1991-11-26 00:00:00,1.7002357561273522
1991-11-27 00:00:00,1.6660333081021592
1991-11-29 00:00:00,1.6589937307439813
1991-12-02 00:00:00,1.6728688558393627
1991-12-03 00:00:00,1.6686557436571763
1991-12-04 00:00:00,1.6656406535397974
1991-12-05 00:00:00,1.6918241205640023
1991-12-06 00:00:00,1.7105235884556744
1991-12-09 00:00:00,1.7098338612022645
1991-12-10 00:00:00,1.7035143724014208
1991-12-11 00:00:00,1.7059816445854585
1991-12-12 00:00:00,1.7054327444424133
1991-12-13 00:00:00,1.7024200962669087
1991-12-16 00:00:00,1.708731453812708
1991-12-17 00:00:00,1.713980588432343
1991-12-18 00:00:00,1.715089781500411
1991-12-19 00:00:00,1.7245762061906686
1991-12-20 00:00:00,1.7528058762324803
1991-12-23 00:00:00,1.7736272276148637
1991-12-24 00:00:00,1.7624222675734067
1991-12-26 00:00:00,1.77749328293998
1991-12-27 00:00:00,1.7718485608313626
1991-12-30 00:00:00,1.7715524631440578
1991-12-31 00:00:00,1.7712564644033484
1992-01-02 00:00:00,1.7597891665760361
1992-01-03 00:00:00,1.7418616397394087
1992-01-06 00:00:00,1.7715524631440578
1992-01-07 00:00:00,1.7697779531642805
1992-01-08 00:00:00,1.7754094690092184
1992-01-09 00:00:00,1.7425131987238194
1992-01-10 00:00:00,1.7425131987238194
1992-01-13 00:00:00,1.7492671258506558
1992-01-14 00:00:00,1.7388765521379452
1992-01-15 00:00:00,1.7001196112489816
1992-01-16 00:00:00,1.7019896359628004
1992-01-17 00:00:00,1.7151958896701918
1992-01-21 00:00:00,1.7427935709199132
1992-01-22 00:00:00,1.7380394806269677
1992-01-23 00:00:00,1.7294366985896954
1992-01-24 00:00:00,1.7335886752988572
1992-01-27 00:00:00,1.7092412881911414
1992-01-28 00:00:00,1.7269550451637852
1992-01-29 00:00:00,1.7346992381914257
1992-01-30 00:00:00,1.705070766354547
1992-01-31 00:00:00,1.7181887758989944
1992-02-03 00:00:00,1.7254419822010771
1992-02-04 00:00:00,1.73317258072922
1992-02-05 00:00:00,1.734977101276191
1992-02-06 00:00:00,1.7467282766113952
1992-02-07 00:00:00,1.7666713494156356
1992-02-10 00:00:00,1.7567856691699395
1992-02-11 00:00:00,1.7338661826904531
1992-02-12 00:00:00,1.7183250643717398
1992-02-13 00:00:00,1.7039978043368618
1992-02-14 00:00:00,1.6981205680437816
1992-02-18 00:00:00,1.6785157358232232
1992-02-19 00:00:00,1.6778657026205965
1992-02-20 00:00:00,1.6777357563920787
1992-02-21 00:00:00,1.6752705967469277
1992-02-24 00:00:00,1.676956501512194
1992-02-25 00:00:00,1.6851749581123705
1992-02-26 00:00:00,1.6759186203415228
1992-02-27 00:00:00,1.6803385112111793
1992-02-28 00:00:00,1.687537905003858
1992-03-02 00:00:00,1.6829493541434526
1992-03-03 00:00:00,1.6689463857114424
1992-03-04 00:00:00,1.6553009923232616
1992-03-05 00:00:00,1.6549216261676487
1992-03-06 00:00:00,1.6558070845016069
1992-03-09 00:00:00,1.6599941828762084
1992-03-10 00:00:00,1.652883144875257
1992-03-11 00:00:00,1.652883144875257
1992-03-12 00:00:00,1.6621093947491827
1992-03-13 00:00:00,1.6559802136661246
1992-03-16 00:00:00,1.6553803707753516
1992-03-17 00:00:00,1.644867431925406
1992-03-18 00:00:00,1.6406711261751767
1992-03-19 00:00:00,1.6615091663892338
1992-03-20 00:00:00,1.667280917993551
1992-03-23 00:00:00,1.6596890353955043
1992-03-24 00:00:00,1.6558198014596532
1992-03-25 00:00:00,1.6430179847147377
1992-03-26 00:00:00,1.6528510147938402
1992-03-27 00:00:00,1.635109473426464
1992-03-30 00:00:00,1.6390113157129242
1992-03-31 00:00:00,1.6362108829726558
1992-04-01 00:00:00,1.6408767337709644
1992-04-02 00:00:00,1.6367947755603636
1992-04-03 00:00:00,1.6152853683412125
1992-04-06 00:00:00,1.612541173432588
1992-04-07 00:00:00,1.6153598456055294
1992-04-08 00:00:00,1.6184319699926357
1992-04-09 00:00:00,1.6093324557407356
1992-04-10 00:00:00,1.625194121805918
1992-04-13 00:00:00,1.6384471580551083
1992-04-14 00:00:00,1.6303429851167806
1992-04-15 00:00:00,1.6424889336309945
1992-04-16 00:00:00,1.650413319486363
1992-04-17 00:00:00,1.652847991254019
1992-04-20 00:00:00,1.657538091227369
1992-04-21 00:00:00,1.6516470684039748
1992-04-22 00:00:00,1.6441855825698637
1992-04-23 00:00:00,1.6451105621733957
1992-04-24 00:00:00,1.6323044401895745
1992-04-27 00:00:00,1.6315622974925292
1992-04-28 00:00:00,1.6335364194708448
1992-04-29 00:00:00,1.6347320232316749
1992-04-30 00:00:00,1.6319244670528217
1992-05-01 00:00:00,1.6191846368517229
1992-05-04 00:00:00,1.6214505541212214
1992-05-05 00:00:00,1.6187319173920904
1992-05-06 00:00:00,1.6091590742985653
1992-05-07 00:00:00,1.6091590742985653
1992-05-08 00:00:00,1.620202209910391
1992-05-11 00:00:00,1.6147489081037558
1992-05-12 00:00:00,1.5946457866079706
1992-05-13 00:00:00,1.5931415468426806
1992-05-14 00:00:00,1.5854348016126358
1992-05-15 00:00:00,1.5879314107301772
1992-05-18 00:00:00,1.5667606968330603
1992-05-19 00:00:00,1.5625469237258585
1992-05-20 00:00:00,1.5733114491827085
1992-05-21 00:00:00,1.5862679717583246
1992-05-22 00:00:00,1.5905650958059498
1992-05-26 00:00:00,1.5802366834442079
1992-05-27 00:00:00,1.6029013496719866
1992-05-28 00:00:00,1.5961890619476524
1992-05-29 00:00:00,1.5747272112208286
1992-06-01 00:00:00,1.5801274883768675
1992-06-02 00:00:00,1.5788610839375095
1992-06-03 00:00:00,1.5781156955752094
1992-06-04 00:00:00,1.5713336996314256
1992-06-05 00:00:00,1.5602367976225522
1992-06-08 00:00:00,1.561611189129935
1992-06-09 00:00:00,1.5645774238267471
1992-06-10 00:00:00,1.5666060846428456
1992-06-11 00:00:00,1.5515501700712522
1992-06-12 00:00:00,1.5507833465886955
1992-06-15 00:00:00,1.544189264261798
1992-06-16 00:00:00,1.5409634075161707
1992-06-17 00:00:00,1.5495609066220972
1992-06-18 00:00:00,1.537085114475591
1992-06-19 00:00:00,1.5428669481733794
1992-06-22 00:00:00,1.5379961713590458
1992-06-23 00:00:00,1.5381774717725571
1992-06-24 00:00:00,1.5226143682374091
1992-06-25 00:00:00,1.5117192190886433
1992-06-26 00:00:00,1.508231430128263
1992-06-29 00:00:00,1.4855896872708765
1992-06-30 00:00:00,1.493319920468031
1992-07-01 00:00:00,1.4865681298662081
1992-07-02 00:00:00,1.4828348056000262
1992-07-03 00:00:00,1.4854643285315676
1992-07-06 00:00:00,1.4854643285315676
1992-07-07 00:00:00,1.4960693772819205
1992-07-08 00:00:00,1.4995103750829777
1992-07-09 00:00:00,1.4784774309675017
1992-07-10 00:00:00,1.4955609424893013
1992-07-13 00:00:00,1.5153884549844248
1992-07-14 00:00:00,1.4981065781360916
1992-07-15 00:00:00,1.5146061171140146
1992-07-16 00:00:00,1.5172170568090915
1992-07-17 00:00:00,1.5324063979367177
1992-07-20 00:00:00,1.5105768723160626
1992-07-21 00:00:00,1.5027106277188897
1992-07-22 00:00:00,1.5020694848621112
1992-07-23 00:00:00,1.5092816850809463
1992-07-24 00:00:00,1.4934039444387102
1992-07-27 00:00:00,1.510058530762553
1992-07-28 00:00:00,1.5193122987311476
1992-07-29 00:00:00,1.510058530762553
1992-07-30 00:00:00,1.5118742843853883
1992-07-31 00:00:00,1.5123938734512483
1992-08-03 00:00:00,1.5156494139055514
1992-08-04 00:00:00,1.5168248421455472
1992-08-05 00:00:00,1.513694409931987
1992-08-06 00:00:00,1.5090229141105083
1992-08-07 00:00:00,1.5256328907175487
1992-08-10 00:00:00,1.5231247116984579
1992-08-11 00:00:00,1.5193122987311476
1992-08-12 00:00:00,1.5245758092065718
1992-08-13 00:00:00,1.5296100358966873
1992-08-14 00:00:00,1.5204934173878448
1992-08-17 00:00:00,1.5261619813680487
1992-08-18 00:00:00,1.5297429645519316
1992-08-19 00:00:00,1.5337415956346672
1992-08-20 00:00:00,1.5389711744272665
1992-08-21 00:00:00,1.5513133244997865
1992-08-24 00:00:00,1.5842635490144072
1992-08-25 00:00:00,1.5849767957049414
1992-08-26 00:00:00,1.5804230825192203
1992-08-27 00:00:00,1.5770249321894891
1992-08-28 00:00:00,1.5775902754166589
1992-08-31 00:00:00,1.5851022163219664
1992-09-01 00:00:00,1.5851022163219664
1992-09-02 00:00:00,1.5889286723482994
1992-09-03 00:00:00,1.5674489740918451
1992-09-04 00:00:00,1.5746384603476853
1992-09-08 00:00:00,1.587919920243598
1992-09-09 00:00:00,1.5675893133320717
1992-09-10 00:00:00,1.5657668610808364
1992-09-11 00:00:00,1.5291183441577219
1992-09-14 00:00:00,1.4903306980427233
1992-09-15 00:00:00,1.4762567487863334
1992-09-16 00:00:00,1.4498513614281145
1992-09-17 00:00:00,1.4602506289079158
1992-09-18 00:00:00,1.4330009036344664
1992-09-21 00:00:00,1.455395265220774
1992-09-22 00:00:00,1.4476934877299414
1992-09-23 00:00:00,1.4441112702578283
1992-09-24 00:00:00,1.4573335309310733
1992-09-25 00:00:00,1.4597636352014267
1992-09-28 00:00:00,1.4893165226782845
1992-09-29 00:00:00,1.5198268264414854
1992-09-30 00:00:00,1.5247239432731787
1992-10-01 00:00:00,1.5109082706770722
1992-10-02 00:00:00,1.5156167798308444
1992-10-05 00:00:00,1.5160104806135521
1992-10-06 00:00:00,1.4941461888211225
1992-10-07 00:00:00,1.4855256270665123
1992-10-08 00:00:00,1.4592769662115281
1992-10-09 00:00:00,1.4488915127942663
1992-10-13 00:00:00,1.4651384971218337
1992-10-14 00:00:00,1.4687027129104868
1992-10-15 00:00:00,1.4783758372545732
1992-10-16 00:00:00,1.4518952683146127
1992-10-19 00:00:00,1.4472148322537535
1992-10-20 00:00:00,1.4130885772477397
1992-10-21 00:00:00,1.4130885772477397
1992-10-22 00:00:00,1.4161989931212
1992-10-23 00:00:00,1.4356853416934137
1992-10-26 00:00:00,1.4404896331803034
1992-10-27 00:00:00,1.4404118618844917
1992-10-28 00:00:00,1.4422347239478845
1992-10-29 00:00:00,1.4422623835994202
1992-10-30 00:00:00,1.4435536878501516
1992-11-02 00:00:00,1.4649003928558775
1992-11-03 00:00:00,1.4590954380217127
1992-11-04 00:00:00,1.4638277987954826
1992-11-05 00:00:00,1.4710504372292579
1992-11-06 00:00:00,1.4827617658053773
1992-11-09 00:00:00,1.4803036404674703
1992-11-10 00:00:00,1.487929909728961
1992-11-12 00:00:00,1.4814385519462796
1992-11-13 00:00:00,1.4623407072289716
1992-11-16 00:00:00,1.4805884717119826
1992-11-17 00:00:00,1.4887958699302948
1992-11-18 00:00:00,1.4922362546583896
1992-11-19 00:00:00,1.484511146939067
1992-11-20 00:00:00,1.478487976797208
1992-11-23 00:00:00,1.4703965734119164
1992-11-24 00:00:00,1.5169566969792045
1992-11-25 00:00:00,1.492042282592056
1992-11-27 00:00:00,1.4952684376169327
1992-11-30 00:00:00,1.484537488956848
1992-12-01 00:00:00,1.4841639813534435
1992-12-02 00:00:00,1.4738490279971357
1992-12-03 00:00:00,1.480647182906628
1992-12-04 00:00:00,1.4874705070303884
1992-12-07 00:00:00,1.4682839682415563
1992-12-08 00:00:00,1.457717454720343
1992-12-09 00:00:00,1.4667126748348045
1992-12-10 00:00:00,1.541786347469733
1992-12-11 00:00:00,1.5463626696948605
1992-12-14 00:00:00,1.5320325296001043
1992-12-15 00:00:00,1.5295773899102356
1992-12-16 00:00:00,1.5156027775363847
1992-12-17 00:00:00,1.520377889857242
1992-12-18 00:00:00,1.5304021907800707
1992-12-21 00:00:00,1.5304021907800707
1992-12-22 00:00:00,1.5281364614703465
1992-12-23 00:00:00,1.532265477672038
1992-12-24 00:00:00,1.536185264473707
1992-12-28 00:00:00,1.5450886374088006
1992-12-29 00:00:00,1.560324139839554
1992-12-30 00:00:00,1.5568560185114593
1992-12-31 00:00:00,1.5638195572616083
1993-01-04 00:00:00,1.567707133395247
1993-01-05 00:00:00,1.5655742046419463
1993-01-06 00:00:00,1.5694492970200589
1993-01-07 00:00:00,1.5768552668999853
1993-01-08 00:00:00,1.5735672365587277
1993-01-11 00:00:00,1.567609883089619
1993-01-12 00:00:00,1.5658218589291844
1993-01-13 00:00:00,1.5647183144174734
1993-01-14 00:00:00,1.5522032273294846
1993-01-15 00:00:00,1.5530109482942323
1993-01-19 00:00:00,1.539625347755502
1993-01-20 00:00:00,1.535954219969152
1993-01-21 00:00:00,1.546266083241067
1993-01-22 00:00:00,1.5341853924873587
1993-01-25 00:00:00,1.5118133778236873
1993-01-26 00:00:00,1.5184616823223014
1993-01-27 00:00:00,1.5246707415586802
1993-01-28 00:00:00,1.5300885602139673
1993-01-29 00:00:00,1.543974087496325
1993-02-01 00:00:00,1.5661884509788913
1993-02-02 00:00:00,1.5679165252512557
1993-02-03 00:00:00,1.5706616766943373
1993-02-04 00:00:00,1.5707610187944754
1993-02-05 00:00:00,1.5710304580171603
1993-02-08 00:00:00,1.5723189751620905
1993-02-09 00:00:00,1.5717386563032791
1993-02-10 00:00:00,1.5725165429806705
1993-02-11 00:00:00,1.5766714823305945
1993-02-12 00:00:00,1.5817990945726341
1993-02-16 00:00:00,1.562555295177569
1993-02-17 00:00:00,1.5573760602805078
1993-02-18 00:00:00,1.5618959824944527
1993-02-19 00:00:00,1.562834015713024
1993-02-22 00:00:00,1.562834015713024
1993-02-23 00:00:00,1.5492392054455464
1993-02-24 00:00:00,1.5581407795738833
1993-02-25 00:00:00,1.5688401032961705
1993-02-26 00:00:00,1.5742001863014854
1993-03-01 00:00:00,1.5735560049333273
1993-03-02 00:00:00,1.571467193696306
1993-03-03 00:00:00,1.5733763688395672
1993-03-04 00:00:00,1.565483648095986
1993-03-05 00:00:00,1.5874825813090918
1993-03-08 00:00:00,1.5837913262001022
1993-03-09 00:00:00,1.592727705581228
1993-03-10 00:00:00,1.592097134859682
1993-03-11 00:00:00,1.589514929538011
1993-03-12 00:00:00,1.5925663561845953
1993-03-15 00:00:00,1.5875966719323964
1993-03-16 00:00:00,1.5906552112556982
1993-03-17 00:00:00,1.59240499153186
1993-03-18 00:00:00,1.5794544317953916
1993-03-19 00:00:00,1.5618022716201065
1993-03-22 00:00:00,1.563396903882602
1993-03-23 00:00:00,1.5588071225551923
1993-03-24 00:00:00,1.557136179718068
1993-03-25 00:00:00,1.5708293638260682
1993-03-26 00:00:00,1.557860434488889
1993-03-29 00:00:00,1.558447850367672
1993-03-30 00:00:00,1.5463066468236644
1993-03-31 00:00:00,1.538618922096347
1993-04-01 00:00:00,1.5246432234437521
1993-04-02 00:00:00,1.5399416279138203
1993-04-05 00:00:00,1.525522281081983
1993-04-06 00:00:00,1.5451698498742197
1993-04-07 00:00:00,1.5470269783267352
1993-04-08 00:00:00,1.5288887291055917
1993-04-09 00:00:00,1.5332333071384734
1993-04-12 00:00:00,1.5234257273540188
1993-04-13 00:00:00,1.5071533496337521
1993-04-14 00:00:00,1.5132895062417855
1993-04-15 00:00:00,1.525978419557842
1993-04-16 00:00:00,1.536499351246089
1993-04-19 00:00:00,1.520266500785059
1993-04-20 00:00:00,1.520266500785059
1993-04-21 00:00:00,1.5152380559092538
1993-04-22 00:00:00,1.5169105040945843
1993-04-23 00:00:00,1.5384189366153282
1993-04-26 00:00:00,1.5546616704860785
1993-04-27 00:00:00,1.5430249813357337
1993-04-28 00:00:00,1.5389931878048082
1993-04-29 00:00:00,1.5406033742355132
1993-04-30 00:00:00,1.5326999071111824
1993-05-03 00:00:00,1.5372717189146459
1993-05-04 00:00:00,1.5482398611074277
1993-05-05 00:00:00,1.5418708863609127
1993-05-06 00:00:00,1.5430249813357337
1993-05-07 00:00:00,1.5407185164906874
1993-05-10 00:00:00,1.5195941140089486
1993-05-11 00:00:00,1.5160180725581263
1993-05-12 00:00:00,1.509137170618258
1993-05-13 00:00:00,1.5025374453823177
1993-05-14 00:00:00,1.5169105040945843
1993-05-17 00:00:00,1.5034140716631712
1993-05-18 00:00:00,1.496429569588081
1993-05-19 00:00:00,1.5003503457529404
1993-05-20 00:00:00,1.5107961708058193
1993-05-21 00:00:00,1.49925918186512
1993-05-24 00:00:00,1.4918811514434362
1993-05-25 00:00:00,1.4981696039713228
1993-05-26 00:00:00,1.493069729169653
1993-05-27 00:00:00,1.510464079033221
1993-05-28 00:00:00,1.5289485834491876
1993-06-01 00:00:00,1.5236373799442278
1993-06-02 00:00:00,1.5220624446725781
1993-06-03 00:00:00,1.518251123187907
1993-06-04 00:00:00,1.4955610672261608
1993-06-07 00:00:00,1.501880646265875
1993-06-08 00:00:00,1.4987141948851619
1993-06-09 00:00:00,1.4873602994693655
1993-06-10 00:00:00,1.4908022671858114
1993-06-11 00:00:00,1.5023184485239325
1993-06-14 00:00:00,1.49925918186512
1993-06-15 00:00:00,1.4880044572430635
1993-06-16 00:00:00,1.4704546407522547
1993-06-17 00:00:00,1.4704546407522547
1993-06-18 00:00:00,1.4922429502785828
1993-06-21 00:00:00,1.500786994642674
1993-06-22 00:00:00,1.5057302555495728
1993-06-23 00:00:00,1.5036388578519737
1993-06-24 00:00:00,1.5168943060108393
1993-06-25 00:00:00,1.5130520510564662
1993-06-28 00:00:00,1.5118760682762367
1993-06-29 00:00:00,1.5043049679264866
1993-06-30 00:00:00,1.5151741418873996
1993-07-01 00:00:00,1.5056395399343876
1993-07-02 00:00:00,1.510643766250626
1993-07-06 00:00:00,1.5155132845276953
1993-07-07 00:00:00,1.5197599990801323
1993-07-08 00:00:00,1.52261352605526
1993-07-09 00:00:00,1.535601118649819
1993-07-12 00:00:00,1.547972881560484
1993-07-13 00:00:00,1.537348225787396
1993-07-14 00:00:00,1.547709614936532
1993-07-15 00:00:00,1.542896330967261
1993-07-16 00:00:00,1.5451802197760565
1993-07-19 00:00:00,1.5278617136965909
1993-07-20 00:00:00,1.5335690223789826
1993-07-21 00:00:00,1.5257514677496147
1993-07-22 00:00:00,1.534840538663223
1993-07-23 00:00:00,1.5381058197236097
1993-07-26 00:00:00,1.5408798633659977
1993-07-27 00:00:00,1.5453448489849162
1993-07-28 00:00:00,1.5414711568161463
1993-07-29 00:00:00,1.556792765978636
1993-07-30 00:00:00,1.5616146748575979
1993-08-02 00:00:00,1.5553218690404855
1993-08-03 00:00:00,1.5474684048998042
1993-08-04 00:00:00,1.5459705458170714
1993-08-05 00:00:00,1.552457209955176
1993-08-06 00:00:00,1.5434395498569937
1993-08-09 00:00:00,1.5453396404770732
1993-08-10 00:00:00,1.556766715734641
1993-08-11 00:00:00,1.561123069403209
1993-08-12 00:00:00,1.5659089522609464
1993-08-13 00:00:00,1.5613423992927873
1993-08-16 00:00:00,1.5613423992927873
1993-08-17 00:00:00,1.5625248090670991
1993-08-18 00:00:00,1.5504805153874717
1993-08-19 00:00:00,1.551250752878887
1993-08-20 00:00:00,1.542735964995297
1993-08-23 00:00:00,1.5543948030978612
1993-08-24 00:00:00,1.546888297703416
1993-08-25 00:00:00,1.5547500728791888
1993-08-26 00:00:00,1.5390034713241283
1993-08-27 00:00:00,1.5384773904478026
1993-08-30 00:00:00,1.5453404943732396
1993-08-31 00:00:00,1.5457913817294229
1993-09-01 00:00:00,1.5324037813705103
1993-09-02 00:00:00,1.5243602950855915
1993-09-03 00:00:00,1.505625821186398
1993-09-07 00:00:00,1.4871485756367877
1993-09-08 00:00:00,1.5008883798858363
1993-09-09 00:00:00,1.4806685060482683
1993-09-10 00:00:00,1.4761158118109106
1993-09-13 00:00:00,1.4809574185190375
1993-09-14 00:00:00,1.477935933487278
1993-09-15 00:00:00,1.4696999061749865
1993-09-16 00:00:00,1.482442256276586
1993-09-17 00:00:00,1.4864307170624
1993-09-20 00:00:00,1.4862247467266514
1993-09-21 00:00:00,1.515810248973978
1993-09-22 00:00:00,1.5051169780435842
1993-09-23 00:00:00,1.5185391434994808
1993-09-24 00:00:00,1.5229032808541438
1993-09-27 00:00:00,1.5093770058385823
1993-09-28 00:00:00,1.5007740306234707
1993-09-29 00:00:00,1.4955330189857394
1993-09-30 00:00:00,1.5103488960901639
1993-10-01 00:00:00,1.5075488671618016
1993-10-04 00:00:00,1.5021249416723996
1993-10-05 00:00:00,1.5031730981708418
1993-10-06 00:00:00,1.4996648863231674
1993-10-07 00:00:00,1.5007162526619378
1993-10-08 00:00:00,1.4845033767611717
1993-10-12 00:00:00,1.4768182081574759
1993-10-13 00:00:00,1.4896505168192546
1993-10-14 00:00:00,1.4896505168192546
1993-10-15 00:00:00,1.4882865601550308
1993-10-18 00:00:00,1.4787048692149147
1993-10-19 00:00:00,1.4712917825568255
1993-10-20 00:00:00,1.4659839448509178
1993-10-21 00:00:00,1.453880045485147
1993-10-22 00:00:00,1.4484982575460057
1993-10-25 00:00:00,1.4510845063233848
1993-10-26 00:00:00,1.441777605150186
1993-10-27 00:00:00,1.4399109084212012
1993-10-28 00:00:00,1.4378533329532612
1993-10-29 00:00:00,1.4415808828681356
1993-11-01 00:00:00,1.4315217519870693
1993-11-02 00:00:00,1.4336584965792203
1993-11-03 00:00:00,1.4373643004612697
1993-11-04 00:00:00,1.4333667467834166
1993-11-05 00:00:00,1.439224395932511
1993-11-08 00:00:00,1.4426635202485922
1993-11-09 00:00:00,1.4327836032737409
1993-11-10 00:00:00,1.4341450102539113
1993-11-12 00:00:00,1.436777900393087
1993-11-15 00:00:00,1.4388323969141448
1993-11-16 00:00:00,1.4285216725987782
1993-11-17 00:00:00,1.4284251051903691
1993-11-18 00:00:00,1.4226548563307835
1993-11-19 00:00:00,1.418548105604265
1993-11-22 00:00:00,1.4265928018553287
1993-11-23 00:00:00,1.4271709159179475
1993-11-24 00:00:00,1.4289080728348071
1993-11-26 00:00:00,1.4219846959004798
1993-11-29 00:00:00,1.4232297825204505
1993-11-30 00:00:00,1.4148438286629479
1993-12-01 00:00:00,1.4152228639127407
1993-12-02 00:00:00,1.413329715810389
1993-12-03 00:00:00,1.4151280860622242
1993-12-06 00:00:00,1.429391367184004
1993-12-07 00:00:00,1.4271709159179475
1993-12-08 00:00:00,1.4282320095357304
1993-12-09 00:00:00,1.4262076526107672
1993-12-10 00:00:00,1.4318127511235352
1993-12-13 00:00:00,1.4263385593406412
1993-12-14 00:00:00,1.4263385593406412
1993-12-15 00:00:00,1.4289347966744321
1993-12-16 00:00:00,1.4219455762200275
1993-12-17 00:00:00,1.4184816462490608
1993-12-20 00:00:00,1.4231299493303433
1993-12-21 00:00:00,1.4192856031370127
1993-12-22 00:00:00,1.4138639283931886
1993-12-23 00:00:00,1.4072232173908057
1993-12-24 00:00:00,1.4103791254035667
1993-12-27 00:00:00,1.4127404476411203
1993-12-28 00:00:00,1.4135360344715011
1993-12-29 00:00:00,1.4269684897774402
1993-12-30 00:00:00,1.4385520459007035
1993-12-31 00:00:00,1.4423162485376233
1994-01-03 00:00:00,1.444382733328737
1994-01-04 00:00:00,1.4396218120640942
1994-01-05 00:00:00,1.4374712294929606
1994-01-06 00:00:00,1.4365412586233934
1994-01-07 00:00:00,1.4305897707375095
1994-01-10 00:00:00,1.4343001406241354
1994-01-11 00:00:00,1.4388362842603588
1994-01-12 00:00:00,1.4341361936632917
1994-01-13 00:00:00,1.444379524476775
1994-01-14 00:00:00,1.4444838909774917
1994-01-18 00:00:00,1.4363444575344948
1994-01-19 00:00:00,1.437580449586996
1994-01-20 00:00:00,1.4310738158644174
1994-01-21 00:00:00,1.4389197444687944
1994-01-24 00:00:00,1.4380865500781856
1994-01-25 00:00:00,1.4393186889436442
1994-01-26 00:00:00,1.4362294290397661
1994-01-27 00:00:00,1.435393629897487
1994-01-28 00:00:00,1.4261071487937236
1994-01-31 00:00:00,1.428884697674599
1994-02-01 00:00:00,1.4224005692155435
1994-02-02 00:00:00,1.4254790889848594
1994-02-03 00:00:00,1.4280677919137783
1994-02-04 00:00:00,1.437160858573264
1994-02-07 00:00:00,1.4425086324415486
1994-02-08 00:00:00,1.4467034173015028
1994-02-09 00:00:00,1.4462862265437078
1994-02-10 00:00:00,1.4462862265437078
1994-02-11 00:00:00,1.4456299416945562
1994-02-14 00:00:00,1.4382472125457086
1994-02-15 00:00:00,1.4257020979974284
1994-02-16 00:00:00,1.4225686425839357
1994-02-17 00:00:00,1.426222892061126
1994-02-18 00:00:00,1.4198342560975674
1994-02-22 00:00:00,1.4239936169351064
1994-02-23 00:00:00,1.4265619064233006
1994-02-24 00:00:00,1.429608821823224
1994-02-25 00:00:00,1.4141391504148388
1994-02-28 00:00:00,1.409055684988194
1994-03-01 00:00:00,1.4183453964995398
1994-03-02 00:00:00,1.4110937605183116
1994-03-03 00:00:00,1.411210707940174
1994-03-04 00:00:00,1.4191851178399806
1994-03-07 00:00:00,1.4171206513244383
1994-03-08 00:00:00,1.4182269788847206
1994-03-09 00:00:00,1.4143706735635924
1994-03-10 00:00:00,1.3949235679189762
1994-03-11 00:00:00,1.3866214143326419
1994-03-14 00:00:00,1.3961864339156351
1994-03-15 00:00:00,1.3978349904656124
1994-03-16 00:00:00,1.3938755101066649
1994-03-17 00:00:00,1.3924616415142077
1994-03-18 00:00:00,1.3969749092230626
1994-03-21 00:00:00,1.4039859311617817
1994-03-22 00:00:00,1.3972158726295287
1994-03-23 00:00:00,1.3941754888362812
1994-03-24 00:00:00,1.3817298601341415
1994-03-25 00:00:00,1.3815428608809297
1994-03-28 00:00:00,1.3853971245820034
1994-03-29 00:00:00,1.3893336886032945
1994-03-30 00:00:00,1.3894561274624424
1994-03-31 00:00:00,1.380066763373534
1994-04-01 00:00:00,1.4030360976977394
1994-04-04 00:00:00,1.4058730663671068
1994-04-05 00:00:00,1.4145811006700988
1994-04-06 00:00:00,1.4159860912679405
1994-04-07 00:00:00,1.416893377907265
1994-04-08 00:00:00,1.4108128815297485
1994-04-11 00:00:00,1.4108128815297485
1994-04-12 00:00:00,1.4050331914173702
1994-04-13 00:00:00,1.4097671307415525
1994-04-14 00:00:00,1.410147224333017
1994-04-15 00:00:00,1.4097671307415525
1994-04-18 00:00:00,1.4039959882024458
1994-04-19 00:00:00,1.4168321969527726
1994-04-20 00:00:00,1.4210667178511507
1994-04-21 00:00:00,1.4262011193813238
1994-04-22 00:00:00,1.4237746168643421
1994-04-25 00:00:00,1.433530507071717
1994-04-26 00:00:00,1.4349070109879725
1994-04-27 00:00:00,1.4412334127999888
1994-04-28 00:00:00,1.4462148638327554
1994-04-29 00:00:00,1.4532470283554206
1994-05-02 00:00:00,1.4654626099891177
1994-05-03 00:00:00,1.4698899894754893
1994-05-04 00:00:00,1.452641592848538
1994-05-05 00:00:00,1.4455153886688759
1994-05-06 00:00:00,1.450325422544516
1994-05-09 00:00:00,1.457905520571752
1994-05-10 00:00:00,1.4434210169866595
1994-05-11 00:00:00,1.4432218694953531
1994-05-12 00:00:00,1.4466148679438973
1994-05-13 00:00:00,1.4456152722640023
1994-05-16 00:00:00,1.442028137593372
1994-05-17 00:00:00,1.449521528455944
1994-05-18 00:00:00,1.4581087413022469
1994-05-19 00:00:00,1.4602459845190647
1994-05-20 00:00:00,1.4671068878123872
1994-05-23 00:00:00,1.4691674311941463
1994-05-24 00:00:00,1.4616742975060883
1994-05-25 00:00:00,1.4680334166167035
1994-05-26 00:00:00,1.469373803919416
1994-05-27 00:00:00,1.4686517529101188
1994-05-31 00:00:00,1.4662020786754766
1994-06-01 00:00:00,1.4665104109271574
1994-06-02 00:00:00,1.4590035859883845
1994-06-03 00:00:00,1.4469750608784264
1994-06-06 00:00:00,1.4474355685151754
1994-06-07 00:00:00,1.4479141661519235
1994-06-08 00:00:00,1.4479141661519235
1994-06-09 00:00:00,1.4450197351311471
1994-06-10 00:00:00,1.4520261340685425
1994-06-13 00:00:00,1.4626640592762732
1994-06-14 00:00:00,1.4695339150050857
1994-06-15 00:00:00,1.4755332791967022
1994-06-16 00:00:00,1.4775092541265538
1994-06-17 00:00:00,1.4971362160796704
1994-06-20 00:00:00,1.5055229314527112
1994-06-21 00:00:00,1.5131298756711093
1994-06-22 00:00:00,1.501102849806484
1994-06-23 00:00:00,1.5055229314527112
1994-06-24 00:00:00,1.5182806762908339
1994-06-27 00:00:00,1.5247964283930424
1994-06-28 00:00:00,1.5214763606871495
1994-06-29 00:00:00,1.5178409454454818
1994-06-30 00:00:00,1.5157556975811675
1994-07-01 00:00:00,1.5061719570015484
1994-07-05 00:00:00,1.5108397331565802
1994-07-06 00:00:00,1.5226920387555423
1994-07-07 00:00:00,1.5172916399498804
1994-07-08 00:00:00,1.5247964283930424
1994-07-11 00:00:00,1.5544194941085232
1994-07-12 00:00:00,1.5694318557720706
1994-07-13 00:00:00,1.5566125564377773
1994-07-14 00:00:00,1.545480779825092
1994-07-15 00:00:00,1.538561563122756
1994-07-18 00:00:00,1.5477629428195174
1994-07-19 00:00:00,1.530473921117584
1994-07-20 00:00:00,1.536306434411693
1994-07-21 00:00:00,1.5237988876606492
1994-07-22 00:00:00,1.5093168188888726
1994-07-25 00:00:00,1.5114933519033489
1994-07-26 00:00:00,1.5160845662506364
1994-07-27 00:00:00,1.525573196823197
1994-07-28 00:00:00,1.5189407504925403
1994-07-29 00:00:00,1.5138948001406476
1994-08-01 00:00:00,1.5212996964750463
1994-08-02 00:00:00,1.5192710028661798
1994-08-03 00:00:00,1.5176211755265
1994-08-04 00:00:00,1.5153213233313219
1994-08-05 00:00:00,1.5153213233313219
1994-08-08 00:00:00,1.51630864628144
1994-08-09 00:00:00,1.5138974579751014
1994-08-10 00:00:00,1.5165282261302966
1994-08-11 00:00:00,1.5128039964669935
1994-08-12 00:00:00,1.5270320305545007
1994-08-15 00:00:00,1.5335167177541025
1994-08-16 00:00:00,1.5328433351204283
1994-08-17 00:00:00,1.52859227346997
1994-08-18 00:00:00,1.5370053079243802
1994-08-19 00:00:00,1.5457395816299282
1994-08-22 00:00:00,1.555035364992615
1994-08-23 00:00:00,1.5472240031827973
1994-08-24 00:00:00,1.5403965088685394
1994-08-25 00:00:00,1.5399434843824371
1994-08-26 00:00:00,1.5213751239257305
1994-08-29 00:00:00,1.5116030117700294
1994-08-30 00:00:00,1.5136786392343375
1994-08-31 00:00:00,1.5136786392343375
1994-09-01 00:00:00,1.5177370529772123
1994-09-02 00:00:00,1.531946410992212
1994-09-06 00:00:00,1.5418706810280867
1994-09-07 00:00:00,1.5371181073745432
1994-09-08 00:00:00,1.529038642946819
1994-09-09 00:00:00,1.5474526288205044
1994-09-12 00:00:00,1.5469954450908878
1994-09-13 00:00:00,1.541076545587928
1994-09-14 00:00:00,1.548711278548176
1994-09-15 00:00:00,1.5420977272187841
1994-09-16 00:00:00,1.5549199206448052
1994-09-19 00:00:00,1.538021099360077
1994-09-20 00:00:00,1.537795251915237
1994-09-21 00:00:00,1.5430065810435782
1994-09-22 00:00:00,1.544258005683516
1994-09-23 00:00:00,1.546447181078097
1994-09-26 00:00:00,1.5366670088837513
1994-09-27 00:00:00,1.5436889247557142
1994-09-28 00:00:00,1.5433476774803279
1994-09-29 00:00:00,1.5458536667713876
1994-09-30 00:00:00,1.542665635345476
1994-10-03 00:00:00,1.543348110987502
1994-10-04 00:00:00,1.543348110987502
1994-10-05 00:00:00,1.5498843203883708
1994-10-06 00:00:00,1.551152072286368
1994-10-07 00:00:00,1.5526530009755921
1994-10-11 00:00:00,1.5466666470013404
1994-10-12 00:00:00,1.5512674253072865
1994-10-13 00:00:00,1.5538095395238047
1994-10-14 00:00:00,1.5738564258417898
1994-10-17 00:00:00,1.5950369374603974
1994-10-18 00:00:00,1.594671131267264
1994-10-19 00:00:00,1.5934529881679842
1994-10-20 00:00:00,1.595280901507118
1994-10-21 00:00:00,1.5984592389354084
1994-10-24 00:00:00,1.6007898908838216
1994-10-25 00:00:00,1.6063370605349667
1994-10-26 00:00:00,1.6039902397621746
1994-10-27 00:00:00,1.602019281783817
1994-10-28 00:00:00,1.589446286810963
1994-10-31 00:00:00,1.5944273536732463
1994-11-01 00:00:00,1.5979694398733784
1994-11-02 00:00:00,1.5890830401544205
1994-11-03 00:00:00,1.56829509571514
1994-11-04 00:00:00,1.5713667094619268
1994-11-07 00:00:00,1.5774268805283633
1994-11-08 00:00:00,1.5841352572985328
1994-11-09 00:00:00,1.5617199272371851
1994-11-10 00:00:00,1.553462397088701
1994-11-14 00:00:00,1.5496540426496606
1994-11-15 00:00:00,1.540840084806255
1994-11-16 00:00:00,1.534831363998755
1994-11-17 00:00:00,1.5401574917385616
1994-11-18 00:00:00,1.530102917047391
1994-11-21 00:00:00,1.528981387385991
1994-11-22 00:00:00,1.5313385015494845
1994-11-23 00:00:00,1.535057257201198
1994-11-25 00:00:00,1.5258498330851495
1994-11-28 00:00:00,1.5271903556707722
1994-11-29 00:00:00,1.5275258544308055
1994-11-30 00:00:00,1.5284212388706828
1994-12-01 00:00:00,1.5231758355682423
1994-12-02 00:00:00,1.5197157645586203
1994-12-05 00:00:00,1.5197157645586203
1994-12-06 00:00:00,1.5229506917831666
1994-12-07 00:00:00,1.5212040358891827
1994-12-08 00:00:00,1.5249827985341575
1994-12-09 00:00:00,1.5254461519978717
1994-12-12 00:00:00,1.5237055286605252
1994-12-13 00:00:00,1.5229558636355816
1994-12-14 00:00:00,1.5223161436660333
1994-12-15 00:00:00,1.5205692457833662
1994-12-16 00:00:00,1.5222519718914156
1994-12-19 00:00:00,1.523489475149808
1994-12-20 00:00:00,1.5235124342791009
1994-12-21 00:00:00,1.5212160561547097
1994-12-22 00:00:00,1.5277365880895166
1994-12-23 00:00:00,1.529839099539991
1994-12-27 00:00:00,1.5260252249820887
1994-12-28 00:00:00,1.5217510840800819
1994-12-29 00:00:00,1.5011719200066607
1994-12-30 00:00:00,1.4996077857578154
1995-01-03 00:00:00,1.504281430899668
1995-01-04 00:00:00,1.5100479679650773
1995-01-05 00:00:00,1.5017299479591337
1995-01-06 00:00:00,1.509761134937193
1995-01-09 00:00:00,1.4960948104505145
1995-01-10 00:00:00,1.495664902402338
1995-01-11 00:00:00,1.4923729022022756
1995-01-12 00:00:00,1.4838675668221
1995-01-13 00:00:00,1.4897859701903517
1995-01-17 00:00:00,1.4825325872132116
1995-01-18 00:00:00,1.4825613551907613
1995-01-19 00:00:00,1.4748907437616199
1995-01-20 00:00:00,1.465961009154671
1995-01-23 00:00:00,1.464449586683722
1995-01-24 00:00:00,1.4641246485314876
1995-01-25 00:00:00,1.4687756682287083
1995-01-26 00:00:00,1.466914793698139
1995-01-27 00:00:00,1.4701348124386209
1995-01-30 00:00:00,1.4593667326669795
1995-01-31 00:00:00,1.478517702138819
1995-02-01 00:00:00,1.4769132621450523
1995-02-02 00:00:00,1.4712132060814
1995-02-03 00:00:00,1.4712132060814
1995-02-06 00:00:00,1.4680287619123926
1995-02-07 00:00:00,1.463658978427016
1995-02-08 00:00:00,1.4661684198361713
1995-02-09 00:00:00,1.4703333596547983
1995-02-10 00:00:00,1.4757389970064705
1995-02-13 00:00:00,1.4756282805988628
1995-02-14 00:00:00,1.4818540911702132
1995-02-15 00:00:00,1.486558034321082
1995-02-16 00:00:00,1.5024558362311695
1995-02-17 00:00:00,1.5018822046504456
1995-02-21 00:00:00,1.5127402978082016
1995-02-22 00:00:00,1.5177598080177666
1995-02-23 00:00:00,1.5178769371895537
1995-02-24 00:00:00,1.5182284331997096
1995-02-27 00:00:00,1.5210462726859668
1995-02-28 00:00:00,1.524701500162964
1995-03-01 00:00:00,1.519401263198319
1995-03-02 00:00:00,1.5235204765377413
1995-03-03 00:00:00,1.5468855172711158
1995-03-06 00:00:00,1.57664523864547
1995-03-07 00:00:00,1.5919586687253937
1995-03-08 00:00:00,1.5815896873675006
1995-03-09 00:00:00,1.5833721906377585
1995-03-10 00:00:00,1.5580362287786942
1995-03-13 00:00:00,1.5651029961090346
1995-03-14 00:00:00,1.5642316965247525
1995-03-15 00:00:00,1.5817168759229787
1995-03-16 00:00:00,1.5701005310211735
1995-03-17 00:00:00,1.5805729148266021
1995-03-20 00:00:00,1.5695993418005139
1995-03-21 00:00:00,1.5579128199684942
1995-03-22 00:00:00,1.566848510483728
1995-03-23 00:00:00,1.5678476964609196
1995-03-24 00:00:00,1.55520276366745
1995-03-27 00:00:00,1.5719828446373272
1995-03-28 00:00:00,1.5820985643582883
1995-03-29 00:00:00,1.586437276343139
1995-03-30 00:00:00,1.5674728524149055
1995-03-31 00:00:00,1.5940229639437749
1995-04-03 00:00:00,1.593323270354863
1995-04-04 00:00:00,1.593323270354863
1995-04-05 00:00:00,1.5983458703826547
1995-04-06 00:00:00,1.6004155963397706
1995-04-07 00:00:00,1.592553363000258
1995-04-10 00:00:00,1.5686764325221485
1995-04-11 00:00:00,1.5761784718933687
1995-04-12 00:00:00,1.5709195351425331
1995-04-13 00:00:00,1.5887149601007637
1995-04-14 00:00:00,1.588204570586636
1995-04-17 00:00:00,1.6118955908358497
1995-04-18 00:00:00,1.6097960850190658
1995-04-19 00:00:00,1.613605475999527
1995-04-20 00:00:00,1.5883321372188117
1995-04-21 00:00:00,1.593708503253885
1995-04-24 00:00:00,1.5964103583090503
1995-04-25 00:00:00,1.6036602958701005
1995-04-26 00:00:00,1.5924251174403452
1995-04-27 00:00:00,1.5944795281707955
1995-04-28 00:00:00,1.5866753677585015
1995-05-01 00:00:00,1.5838794640267686
1995-05-02 00:00:00,1.589097967564626
1995-05-03 00:00:00,1.5946081048604308
1995-05-04 00:00:00,1.6008042668480695
1995-05-05 00:00:00,1.5970550079449364
1995-05-08 00:00:00,1.6088792700654304
1995-05-09 00:00:00,1.5987335361285637
1995-05-10 00:00:00,1.5836257794805964
1995-05-11 00:00:00,1.5699218091754688
1995-05-12 00:00:00,1.5354247308311364
1995-05-15 00:00:00,1.5403283306102356
1995-05-16 00:00:00,1.5490157534368012
1995-05-17 00:00:00,1.5427317138691063
1995-05-18 00:00:00,1.527832427441413
1995-05-19 00:00:00,1.5430928683865943
1995-05-22 00:00:00,1.5409284741193956
1995-05-23 00:00:00,1.5341144381981537
1995-05-24 00:00:00,1.5447804943656125
1995-05-25 00:00:00,1.5854032797542055
1995-05-26 00:00:00,1.6075713444739617
1995-05-30 00:00:00,1.5971840003532998
1995-05-31 00:00:00,1.5733170773025549
1995-06-01 00:00:00,1.5733170773025549
1995-06-02 00:00:00,1.5711946848002423
1995-06-05 00:00:00,1.5866812579415541
1995-06-06 00:00:00,1.5679597258356552
1995-06-07 00:00:00,1.581737930807849
1995-06-08 00:00:00,1.5657279311918908
1995-06-09 00:00:00,1.5859187359113058
1995-06-12 00:00:00,1.586808416240796
1995-06-13 00:00:00,1.581990685350963
1995-06-14 00:00:00,1.588335907095512
1995-06-15 00:00:00,1.5760722293920761
1995-06-16 00:00:00,1.586172828474938
1995-06-19 00:00:00,1.5828759627350433
1995-06-20 00:00:00,1.593064238301766
1995-06-21 00:00:00,1.5962750256250124
1995-06-22 00:00:00,1.5879537587499124
1995-06-23 00:00:00,1.6005331353853895
1995-06-26 00:00:00,1.5952461664399493
1995-06-27 00:00:00,1.6072891807656993
1995-06-28 00:00:00,1.586172828474938
1995-06-29 00:00:00,1.6065067276148197
1995-06-30 00:00:00,1.6057250359137665
1995-07-03 00:00:00,1.6080723964795463
1995-07-05 00:00:00,1.6093794536172195
1995-07-06 00:00:00,1.608333638035306
1995-07-07 00:00:00,1.598336730533795
1995-07-10 00:00:00,1.5948606860936492
1995-07-11 00:00:00,1.5866812579415541
1995-07-12 00:00:00,1.5887182394168862
1995-07-13 00:00:00,1.599628002734905
1995-07-14 00:00:00,1.6002744215511722
1995-07-17 00:00:00,1.598078726218939
1995-07-18 00:00:00,1.604293908430777
1995-07-19 00:00:00,1.6049441045515647
1995-07-20 00:00:00,1.611999952605443
1995-07-21 00:00:00,1.6129191444976094
1995-07-24 00:00:00,1.6088563758716707
1995-07-25 00:00:00,1.5985948181699219
1995-07-26 00:00:00,1.6071587189815464
1995-07-27 00:00:00,1.6141025041047243
1995-07-28 00:00:00,1.6183813625624157
1995-07-31 00:00:00,1.6183813625624157
1995-08-01 00:00:00,1.6216833730140652
1995-08-02 00:00:00,1.6077746071317536
1995-08-03 00:00:00,1.6185131847797787
1995-08-04 00:00:00,1.6165381036073334
1995-08-07 00:00:00,1.6019418227621203
1995-08-08 00:00:00,1.5978197466662385
1995-08-09 00:00:00,1.6011673142257328
1995-08-10 00:00:00,1.5883682149913145
1995-08-11 00:00:00,1.5766473355186337
1995-08-14 00:00:00,1.5717834495761227
1995-08-15 00:00:00,1.5378443130981612
1995-08-16 00:00:00,1.5407060843251408
1995-08-17 00:00:00,1.5383205364667756
1995-08-18 00:00:00,1.542380374877074
1995-08-21 00:00:00,1.5439383348516973
1995-08-22 00:00:00,1.5334531848696822
1995-08-23 00:00:00,1.5371305306367558
1995-08-24 00:00:00,1.5411840820244584
1995-08-25 00:00:00,1.5366550436579802
1995-08-28 00:00:00,1.5494764792218763
1995-08-29 00:00:00,1.5435785263373993
1995-08-30 00:00:00,1.541064554796133
1995-08-31 00:00:00,1.5474251514322361
1995-09-01 00:00:00,1.549839042940593
1995-09-05 00:00:00,1.5522604772706305
1995-09-06 00:00:00,1.5370116313073439
1995-09-07 00:00:00,1.5405866312251002
1995-09-08 00:00:00,1.5392738685832628
1995-09-11 00:00:00,1.5456196616009135
1995-09-12 00:00:00,1.5457398965026328
1995-09-13 00:00:00,1.5266200345375955
1995-09-14 00:00:00,1.5309720602158365
1995-09-15 00:00:00,1.53050037507058
1995-09-18 00:00:00,1.5303824991944963
1995-09-19 00:00:00,1.5309720602158365
1995-09-20 00:00:00,1.5469432751686525
1995-09-21 00:00:00,1.577047760245507
1995-09-22 00:00:00,1.5918037626805528
1995-09-25 00:00:00,1.578024648152902
1995-09-26 00:00:00,1.5815595787075802
1995-09-27 00:00:00,1.5815595787075802
1995-09-28 00:00:00,1.5754119699601727
1995-09-29 00:00:00,1.5796160275114042
1995-10-02 00:00:00,1.5772542341476008
1995-10-03 00:00:00,1.5895733036961213
1995-10-04 00:00:00,1.5819845195152584
1995-10-05 00:00:00,1.5778654525274818
1995-10-06 00:00:00,1.5831826899336756
1995-10-10 00:00:00,1.5743956250607098
1995-10-11 00:00:00,1.575317887465608
1995-10-12 00:00:00,1.5697660234433057
1995-10-13 00:00:00,1.5776633435689853
1995-10-16 00:00:00,1.571112003638063
1995-10-17 00:00:00,1.5657890910132877
1995-10-18 00:00:00,1.5718200605631805
1995-10-19 00:00:00,1.5609848792680991
1995-10-20 00:00:00,1.552219474530214
1995-10-23 00:00:00,1.5459871552276188
1995-10-24 00:00:00,1.5449775682611753
1995-10-25 00:00:00,1.5490779052573735
1995-10-26 00:00:00,1.5633583980889598
1995-10-27 00:00:00,1.5568257443071545
1995-10-30 00:00:00,1.560091033238197
1995-10-31 00:00:00,1.5638552520631028
1995-11-01 00:00:00,1.5660685271127672
1995-11-02 00:00:00,1.571074282780453
1995-11-03 00:00:00,1.567546730584555
1995-11-06 00:00:00,1.5687304036974017
1995-11-07 00:00:00,1.5687668540499373
1995-11-08 00:00:00,1.568548615240079
1995-11-09 00:00:00,1.563475340000888
1995-11-10 00:00:00,1.565815649523872
1995-11-13 00:00:00,1.5708189590869128
1995-11-14 00:00:00,1.565250479054815
1995-11-15 00:00:00,1.5535717729917056
1995-11-16 00:00:00,1.5614815481180313
1995-11-17 00:00:00,1.553649320555151
1995-11-20 00:00:00,1.5607859930680872
1995-11-21 00:00:00,1.561465624939122
1995-11-22 00:00:00,1.5564821517232779
1995-11-24 00:00:00,1.569363400399985
1995-11-27 00:00:00,1.569363400399985
1995-11-28 00:00:00,1.5735901395962462
1995-11-29 00:00:00,1.5706042000524205
1995-11-30 00:00:00,1.55865060198219
1995-12-01 00:00:00,1.5614684736883362
1995-12-04 00:00:00,1.5658995682061336
1995-12-05 00:00:00,1.5689915427109242
1995-12-06 00:00:00,1.5602420611265324
1995-12-07 00:00:00,1.5626968157853218
1995-12-08 00:00:00,1.5604871894943448
1995-12-11 00:00:00,1.557037977321488
1995-12-12 00:00:00,1.5531666866507439
1995-12-13 00:00:00,1.5480830675080275
1995-12-14 00:00:00,1.5607323948980998
1995-12-15 00:00:00,1.5587729066433624
1995-12-18 00:00:00,1.568496006495303
1995-12-19 00:00:00,1.5633117118330848
1995-12-20 00:00:00,1.5592623172890905
1995-12-21 00:00:00,1.5614684736883362
1995-12-22 00:00:00,1.5631886939143067
1995-12-26 00:00:00,1.569115475692181
1995-12-27 00:00:00,1.5723944024081031
1995-12-28 00:00:00,1.5587729066433624
1995-12-29 00:00:00,1.5713496220742769
1996-01-02 00:00:00,1.567877026224389
1996-01-03 00:00:00,1.5636808817902244
1996-01-04 00:00:00,1.5514684412888948
1996-01-05 00:00:00,1.5635578057664705
1996-01-08 00:00:00,1.5635578057664705
1996-01-09 00:00:00,1.565405982841845
1996-01-10 00:00:00,1.565405982841845
1996-01-11 00:00:00,1.5672585343008292
1996-01-12 00:00:00,1.569363400399985
1996-01-16 00:00:00,1.5526810944398164
1996-01-17 00:00:00,1.5447124356347597
1996-01-18 00:00:00,1.542433567999302
1996-01-19 00:00:00,1.531965907477675
1996-01-22 00:00:00,1.5346880347854612
1996-01-23 00:00:00,1.529842273566655
1996-01-24 00:00:00,1.5266678390918391
1996-01-25 00:00:00,1.523152593515776
1996-01-26 00:00:00,1.523152593515776
1996-01-29 00:00:00,1.5176837181224039
1996-01-30 00:00:00,1.521110051723705
1996-01-31 00:00:00,1.5196189062475096
1996-02-01 00:00:00,1.5207012213389066
1996-02-02 00:00:00,1.5138034666426985
1996-02-05 00:00:00,1.4940051638022578
1996-02-06 00:00:00,1.5007838864658967
1996-02-07 00:00:00,1.5022538372113456
1996-02-08 00:00:00,1.5010883733170222
1996-02-09 00:00:00,1.5041107454600617
1996-02-12 00:00:00,1.4982720174079793
1996-02-13 00:00:00,1.5026214692453985
1996-02-14 00:00:00,1.4946739005993688
1996-02-15 00:00:00,1.495841627791812
1996-02-16 00:00:00,1.4858012918845662
1996-02-20 00:00:00,1.478596402868972
1996-02-21 00:00:00,1.4797406270685964
1996-02-22 00:00:00,1.4761498131046837
1996-02-23 00:00:00,1.4691581407627863
1996-02-26 00:00:00,1.4720582464312426
1996-02-27 00:00:00,1.4872281054533412
1996-02-28 00:00:00,1.4864091265229007
1996-02-29 00:00:00,1.490942481067545
1996-03-01 00:00:00,1.4976149344874938
1996-03-04 00:00:00,1.4953609683172577
1996-03-05 00:00:00,1.4940672347206998
1996-03-06 00:00:00,1.4954269072780433
1996-03-07 00:00:00,1.4965433153232117
1996-03-08 00:00:00,1.5057826900343374
1996-03-11 00:00:00,1.4986505868390987
1996-03-12 00:00:00,1.4948357432850108
1996-03-13 00:00:00,1.493542009688453
1996-03-14 00:00:00,1.4934544721830785
1996-03-15 00:00:00,1.4940426358572638
1996-03-18 00:00:00,1.4954491992868946
1996-03-19 00:00:00,1.4929503949563814
1996-03-20 00:00:00,1.4899594016522586
1996-03-21 00:00:00,1.4934994884796786
1996-03-22 00:00:00,1.4935325799562702
1996-03-25 00:00:00,1.4943137769068184
1996-03-26 00:00:00,1.4943137769068184
1996-03-27 00:00:00,1.5027826871103684
1996-03-28 00:00:00,1.4915796703976698
1996-03-29 00:00:00,1.4914937902955487
1996-04-01 00:00:00,1.4948998451620397
1996-04-02 00:00:00,1.4924878214645243
1996-04-03 00:00:00,1.4893670991095704
1996-04-04 00:00:00,1.4913835735222283
1996-04-05 00:00:00,1.4926959894209573
1996-04-08 00:00:00,1.4865318795482032
1996-04-09 00:00:00,1.5001683917694648
1996-04-10 00:00:00,1.5065759779911214
1996-04-11 00:00:00,1.5089987864068841
1996-04-12 00:00:00,1.508389065289018
1996-04-15 00:00:00,1.5130723488581908
1996-04-16 00:00:00,1.513099645457039
1996-04-17 00:00:00,1.5087007998564699
1996-04-18 00:00:00,1.510888042472964
1996-04-19 00:00:00,1.509552810543973
1996-04-22 00:00:00,1.5137739339900569
1996-04-23 00:00:00,1.5168456023524743
1996-04-24 00:00:00,1.5185579661028534
1996-04-25 00:00:00,1.5247314421145954
1996-04-26 00:00:00,1.5239774705808893
1996-04-29 00:00:00,1.5196461242433885
1996-04-30 00:00:00,1.5258081553976321
1996-05-01 00:00:00,1.5290475273729045
1996-05-02 00:00:00,1.5259696031005903
1996-05-03 00:00:00,1.5237708350475736
1996-05-06 00:00:00,1.5230164563582635
1996-05-07 00:00:00,1.5200266728258494
1996-05-08 00:00:00,1.513985454536407
1996-05-09 00:00:00,1.515364791709129
1996-05-10 00:00:00,1.5222269305925187
1996-05-13 00:00:00,1.526256254035841
1996-05-14 00:00:00,1.5278321145322158
1996-05-15 00:00:00,1.5261953943921085
1996-05-16 00:00:00,1.526996112391898
1996-05-17 00:00:00,1.522132059585879
1996-05-20 00:00:00,1.5268243521876557
1996-05-21 00:00:00,1.532685938190124
1996-05-22 00:00:00,1.532685938190124
1996-05-23 00:00:00,1.533527175779518
1996-05-24 00:00:00,1.5356417223106005
1996-05-28 00:00:00,1.5377499432663109
1996-05-29 00:00:00,1.534654792927396
1996-05-30 00:00:00,1.524183048000911
1996-05-31 00:00:00,1.5157097766065808
1996-06-03 00:00:00,1.5182296602101597
1996-06-04 00:00:00,1.5212124214646778
1996-06-05 00:00:00,1.519472320255216
1996-06-06 00:00:00,1.522449455097271
1996-06-07 00:00:00,1.5242416215714654
1996-06-10 00:00:00,1.5241535361727188
1996-06-11 00:00:00,1.5259411229498556
1996-06-12 00:00:00,1.524681278225053
1996-06-13 00:00:00,1.523889279976479
1996-06-14 00:00:00,1.5187375860019106
1996-06-17 00:00:00,1.513433551492621
1996-06-18 00:00:00,1.5110822226558696
1996-06-19 00:00:00,1.5121861410315336
1996-06-20 00:00:00,1.513526046532716
1996-06-21 00:00:00,1.521245161381496
1996-06-24 00:00:00,1.520450581744717
1996-06-25 00:00:00,1.5170569465644732
1996-06-26 00:00:00,1.5160218154051115
1996-06-27 00:00:00,1.5090328003953604
1996-06-28 00:00:00,1.50738950136924
1996-07-01 00:00:00,1.5088566295978671
1996-07-02 00:00:00,1.5099627480880222
1996-07-03 00:00:00,1.5070054844220655
1996-07-05 00:00:00,1.5159669708563195
1996-07-08 00:00:00,1.515878885457573
1996-07-09 00:00:00,1.5136570077393823
1996-07-10 00:00:00,1.5145180008552686
1996-07-11 00:00:00,1.50776183582479
1996-07-12 00:00:00,1.5088686890401852
1996-07-15 00:00:00,1.509019370963662
1996-07-16 00:00:00,1.4854239367097135
1996-07-17 00:00:00,1.4818841479616571
1996-07-18 00:00:00,1.4845093852784788
1996-07-19 00:00:00,1.4824826561352589
1996-07-22 00:00:00,1.4824826561352589
1996-07-23 00:00:00,1.4773906001735142
1996-07-24 00:00:00,1.4776212982684818
1996-07-25 00:00:00,1.486838583050981
1996-07-26 00:00:00,1.480742789157555
1996-07-29 00:00:00,1.4832262444138307
1996-07-30 00:00:00,1.4822504376740848
1996-07-31 00:00:00,1.4855081309436982
1996-08-01 00:00:00,1.4878438355521
1996-08-02 00:00:00,1.4817862189338171
1996-08-05 00:00:00,1.476698937907515
1996-08-06 00:00:00,1.4769294200267453
1996-08-07 00:00:00,1.4746278314027361
1996-08-08 00:00:00,1.4760079229623082
1996-08-09 00:00:00,1.4785448115798996
1996-08-12 00:00:00,1.4776212982684818
1996-08-13 00:00:00,1.4801637406712589
1996-08-14 00:00:00,1.472104355026658
1996-08-15 00:00:00,1.4739387529768468
1996-08-16 00:00:00,1.467652081289082
1996-08-19 00:00:00,1.4709601731869049
1996-08-20 00:00:00,1.4717609136186882
1996-08-21 00:00:00,1.4714176324228514
1996-08-22 00:00:00,1.4657197636479797
1996-08-23 00:00:00,1.4698177685789622
1996-08-26 00:00:00,1.4771599741041768
1996-08-27 00:00:00,1.4742832116711626
1996-08-28 00:00:00,1.4776212982684818
1996-08-29 00:00:00,1.4723334050274401
1996-08-30 00:00:00,1.4757777283392635
1996-09-03 00:00:00,1.4740535546555584
1996-09-04 00:00:00,1.475547605506215
1996-09-05 00:00:00,1.4768141699744608
1996-09-06 00:00:00,1.47727527813775
1996-09-09 00:00:00,1.4752025557894393
1996-09-10 00:00:00,1.462322174951531
1996-09-11 00:00:00,1.462322174951531
1996-09-12 00:00:00,1.4571430234233689
1996-09-13 00:00:00,1.4584905662933656
1996-09-16 00:00:00,1.4634529530020657
1996-09-17 00:00:00,1.4597337590394925
1996-09-18 00:00:00,1.4597337590394925
1996-09-19 00:00:00,1.45658001326379
1996-09-20 00:00:00,1.4582678232443969
1996-09-23 00:00:00,1.460750365387195
1996-09-24 00:00:00,1.4597337590394925
1996-09-25 00:00:00,1.4627424932120443
1996-09-26 00:00:00,1.4533279676571498
1996-09-27 00:00:00,1.4532160871361601
1996-09-30 00:00:00,1.450536112793816
1996-10-01 00:00:00,1.450759066392462
1996-10-02 00:00:00,1.4509820885394864
1996-10-03 00:00:00,1.4518748632440177
1996-10-04 00:00:00,1.4496449832513223
1996-10-07 00:00:00,1.4498676629722518
1996-10-08 00:00:00,1.4532160871361601
1996-10-09 00:00:00,1.4514283386051607
1996-10-10 00:00:00,1.4500904111152804
1996-10-11 00:00:00,1.4498676629722518
1996-10-15 00:00:00,1.4447632765879932
1996-10-16 00:00:00,1.4467563589744572
1996-10-17 00:00:00,1.4425551713203972
1996-10-18 00:00:00,1.4458698661074387
1996-10-21 00:00:00,1.4503132277119484
1996-10-22 00:00:00,1.4518748632440177
1996-10-23 00:00:00,1.4608634090619652
1996-10-24 00:00:00,1.462221299140102
1996-10-25 00:00:00,1.4699639442375578
1996-10-28 00:00:00,1.4711094897053238
1996-10-29 00:00:00,1.4766330547480226
1996-10-30 00:00:00,1.4808030257215814
1996-10-31 00:00:00,1.4801063957894556
1996-11-01 00:00:00,1.4801528173926355
1996-11-04 00:00:00,1.4831298689423884
1996-11-05 00:00:00,1.4782519163585528
1996-11-06 00:00:00,1.4785992771910959
1996-11-07 00:00:00,1.488040120755062
1996-11-08 00:00:00,1.493171942977498
1996-11-12 00:00:00,1.4958222640173313
1996-11-13 00:00:00,1.494401280232641
1996-11-14 00:00:00,1.4913317247510443
1996-11-15 00:00:00,1.4904933332801829
1996-11-18 00:00:00,1.4904933332801829
1996-11-19 00:00:00,1.4903757401177937
1996-11-20 00:00:00,1.4992470242851617
1996-11-21 00:00:00,1.4945025716766638
1996-11-22 00:00:00,1.4886140666661178
1996-11-25 00:00:00,1.474669204214913
1996-11-26 00:00:00,1.4714529136931793
1996-11-27 00:00:00,1.4728296043967748
1996-11-29 00:00:00,1.4718656505947325
1996-12-02 00:00:00,1.4683647497857002
1996-12-03 00:00:00,1.448214696871591
1996-12-04 00:00:00,1.4484367816280506
1996-12-05 00:00:00,1.456252891303811
1996-12-06 00:00:00,1.4600798041422967
1996-12-09 00:00:00,1.4535635969523728
1996-12-10 00:00:00,1.4564774484188925
1996-12-11 00:00:00,1.4671103219938675
1996-12-12 00:00:00,1.4607572305902439
1996-12-13 00:00:00,1.4603055431348977
1996-12-16 00:00:00,1.458952155235792
1996-12-17 00:00:00,1.464267305324629
1996-12-18 00:00:00,1.4587268344396167
1996-12-19 00:00:00,1.4571515354823386
1996-12-20 00:00:00,1.4632465147941933
1996-12-23 00:00:00,1.4596962079831421
1996-12-24 00:00:00,1.4386633136332716
1996-12-26 00:00:00,1.460915387220472
1996-12-27 00:00:00,1.464267305324629
1996-12-30 00:00:00,1.4632465147941933
1996-12-31 00:00:00,1.4816088239994538
1997-01-02 00:00:00,1.4802156798302017
1997-01-03 00:00:00,1.4652895210978156
1997-01-06 00:00:00,1.4606442825325165
1997-01-07 00:00:00,1.4623403395257033
1997-01-08 00:00:00,1.4526246890277932
1997-01-09 00:00:00,1.4669963893758668
1997-01-10 00:00:00,1.4753602394558758
1997-01-13 00:00:00,1.4816088239994538
1997-01-14 00:00:00,1.4752219806010867
1997-01-15 00:00:00,1.486505548158092
1997-01-16 00:00:00,1.4888710880448783
1997-01-17 00:00:00,1.4888710880448783
1997-01-21 00:00:00,1.460123963237092
1997-01-22 00:00:00,1.4514029906795638
1997-01-23 00:00:00,1.429217196552303
1997-01-24 00:00:00,1.4393803447378575
1997-01-27 00:00:00,1.4564120696397707
1997-01-28 00:00:00,1.4446156549242657
1997-01-29 00:00:00,1.444063937976922
1997-01-30 00:00:00,1.4587719966044648
1997-01-31 00:00:00,1.4561877128547995
1997-02-03 00:00:00,1.4568609906753383
1997-02-04 00:00:00,1.464739453637804
1997-02-05 00:00:00,1.4638548258609265
1997-02-06 00:00:00,1.4592223738803538
1997-02-07 00:00:00,1.4407624657821874
1997-02-10 00:00:00,1.4405429042970026
1997-02-11 00:00:00,1.436274791156565
1997-02-12 00:00:00,1.4294333189168202
1997-02-13 00:00:00,1.4203053922315276
1997-02-14 00:00:00,1.4129809473836967
1997-02-18 00:00:00,1.4020828445560563
1997-02-19 00:00:00,1.4012514879924298
1997-02-20 00:00:00,1.3952535111434585
1997-02-21 00:00:00,1.4022908378574295
1997-02-24 00:00:00,1.4216938694535917
1997-02-25 00:00:00,1.4184937782108242
1997-02-26 00:00:00,1.4115040373296899
1997-02-27 00:00:00,1.4040195668894992
1997-02-28 00:00:00,1.4052510165304353
1997-03-03 00:00:00,1.3810455590452368
1997-03-04 00:00:00,1.355634954538496
1997-03-05 00:00:00,1.3602190859769672
1997-03-06 00:00:00,1.362964824165083
1997-03-07 00:00:00,1.3630630912756934
1997-03-10 00:00:00,1.3845247217864418
1997-03-11 00:00:00,1.38747138382459
1997-03-12 00:00:00,1.3898173252954396
1997-03-13 00:00:00,1.3799770128462676
1997-03-14 00:00:00,1.3823178723088636
1997-03-17 00:00:00,1.379473555344317
1997-03-18 00:00:00,1.3886558424203803
1997-03-19 00:00:00,1.3886558424203803
1997-03-20 00:00:00,1.390010808177469
1997-03-21 00:00:00,1.3749256251384931
1997-03-24 00:00:00,1.3774560675996783
1997-03-25 00:00:00,1.3700218789780974
1997-03-26 00:00:00,1.3724860556231055
1997-03-27 00:00:00,1.3592087009333502
1997-03-28 00:00:00,1.3609014572024882
1997-03-31 00:00:00,1.3515901683282003
1997-04-01 00:00:00,1.378850591629621
1997-04-02 00:00:00,1.3931720198553121
1997-04-03 00:00:00,1.3912572711076374
1997-04-04 00:00:00,1.4009079584472541
1997-04-07 00:00:00,1.4266629450166146
1997-04-08 00:00:00,1.421779142802982
1997-04-09 00:00:00,1.4288636013503155
1997-04-10 00:00:00,1.4256866648849238
1997-04-11 00:00:00,1.4298617493853862
1997-04-14 00:00:00,1.4275611436683784
1997-04-15 00:00:00,1.4379415654748935
1997-04-16 00:00:00,1.4441169538203174
1997-04-17 00:00:00,1.4500471818942622
1997-04-18 00:00:00,1.443957338206246
1997-04-21 00:00:00,1.4470771312151758
1997-04-22 00:00:00,1.4506859162716943
1997-04-23 00:00:00,1.4418475063216796
1997-04-24 00:00:00,1.4458982460019447
1997-04-25 00:00:00,1.4478835028460058
1997-04-28 00:00:00,1.4515419667505733
1997-04-29 00:00:00,1.4510892796367358
1997-04-30 00:00:00,1.45565541504559
1997-05-01 00:00:00,1.4488750664257684
1997-05-02 00:00:00,1.4506633377627125
1997-05-05 00:00:00,1.4629651533075185
1997-05-06 00:00:00,1.4575546737876004
1997-05-07 00:00:00,1.4548859008529886
1997-05-08 00:00:00,1.4456640043952624
1997-05-09 00:00:00,1.4397347202205528
1997-05-12 00:00:00,1.4511165580028953
1997-05-13 00:00:00,1.4365358240468233
1997-05-14 00:00:00,1.4396470282549925
1997-05-15 00:00:00,1.4396470282549925
1997-05-16 00:00:00,1.435889637834302
1997-05-19 00:00:00,1.4501935117840834
1997-05-20 00:00:00,1.4357241611643876
1997-05-21 00:00:00,1.4303003519941249
1997-05-22 00:00:00,1.4361724286533712
1997-05-23 00:00:00,1.4352712487151338
1997-05-27 00:00:00,1.4411012596677144
1997-05-28 00:00:00,1.4385777511655287
1997-05-29 00:00:00,1.4415446833063548
1997-05-30 00:00:00,1.447924931802325
1997-06-02 00:00:00,1.4582214554389907
1997-06-03 00:00:00,1.45146941829427
1997-06-04 00:00:00,1.4551769356441402
1997-06-05 00:00:00,1.4577750597922847
1997-06-06 00:00:00,1.4620592571686595
1997-06-09 00:00:00,1.446221123757957
1997-06-10 00:00:00,1.4559394062179487
1997-06-11 00:00:00,1.4572458704915305
1997-06-12 00:00:00,1.4645593082898043
1997-06-13 00:00:00,1.4778284621946574
1997-06-16 00:00:00,1.486697779986024
1997-06-17 00:00:00,1.4741504311248237
1997-06-18 00:00:00,1.4749378209633524
1997-06-19 00:00:00,1.4729199970763527
1997-06-20 00:00:00,1.4760272928273004
1997-06-23 00:00:00,1.472560718110241
1997-06-24 00:00:00,1.4740269021177645
1997-06-25 00:00:00,1.474620743593736
1997-06-26 00:00:00,1.4749243294019019
1997-06-27 00:00:00,1.483096379997789
1997-06-30 00:00:00,1.4878252627508777
1997-07-01 00:00:00,1.4833124818429915
1997-07-02 00:00:00,1.4923253547553512
1997-07-03 00:00:00,1.480758705639398
1997-07-07 00:00:00,1.4832549777535247
1997-07-08 00:00:00,1.4943325178958173
1997-07-09 00:00:00,1.4895427531352616
1997-07-10 00:00:00,1.4897433404118923
1997-07-11 00:00:00,1.5024769119510006
1997-07-14 00:00:00,1.5122651270258842
1997-07-15 00:00:00,1.5122651270258842
1997-07-16 00:00:00,1.4946702270836267
1997-07-17 00:00:00,1.4808453123022236
1997-07-18 00:00:00,1.4787338635984808
1997-07-21 00:00:00,1.4832518454350212
1997-07-22 00:00:00,1.499729220038985
1997-07-23 00:00:00,1.4965866491392876
1997-07-24 00:00:00,1.5100543443689205
1997-07-25 00:00:00,1.5151628596795585
1997-07-28 00:00:00,1.5259692441013342
1997-07-29 00:00:00,1.5177718304892036
1997-07-30 00:00:00,1.521642577847925
1997-07-31 00:00:00,1.526473582386867
1997-08-01 00:00:00,1.5412374195262006
1997-08-04 00:00:00,1.5387440864792221
1997-08-05 00:00:00,1.5496434935631267
1997-08-06 00:00:00,1.5450975304154269
1997-08-07 00:00:00,1.5355853108941284
1997-08-08 00:00:00,1.5128984842002366
1997-08-11 00:00:00,1.5283121003715252
1997-08-12 00:00:00,1.533968281128647
1997-08-13 00:00:00,1.521168082041469
1997-08-14 00:00:00,1.5266820871031102
1997-08-15 00:00:00,1.5163244632793083
1997-08-18 00:00:00,1.5175464343092981
1997-08-19 00:00:00,1.531786276483225
1997-08-20 00:00:00,1.5430807157733766
1997-08-21 00:00:00,1.5353934139545757
1997-08-22 00:00:00,1.5144196589231733
1997-08-25 00:00:00,1.5176070704739342
1997-08-26 00:00:00,1.4963356299544728
1997-08-27 00:00:00,1.4973678552095602
1997-08-28 00:00:00,1.4831208436422787
1997-08-29 00:00:00,1.4932187536695813
1997-09-02 00:00:00,1.5148919115386743
1997-09-03 00:00:00,1.4980361814850358
1997-09-04 00:00:00,1.4982537977131747
1997-09-05 00:00:00,1.4756743612572538
1997-09-08 00:00:00,1.4863804462110326
1997-09-09 00:00:00,1.4876732185934627
1997-09-10 00:00:00,1.4789626832025409
1997-09-11 00:00:00,1.4789626832025409
1997-09-12 00:00:00,1.4741117445785512
1997-09-15 00:00:00,1.4680003121359508
1997-09-16 00:00:00,1.4744502233791372
1997-09-17 00:00:00,1.452914120594866
1997-09-18 00:00:00,1.4600135609481337
1997-09-19 00:00:00,1.4582687231856843
1997-09-22 00:00:00,1.472176172329701
1997-09-23 00:00:00,1.4651277540635348
1997-09-24 00:00:00,1.4532002235933146
1997-09-25 00:00:00,1.4445586496167868
1997-09-26 00:00:00,1.4403607290189393
1997-09-29 00:00:00,1.4307994696711581
1997-09-30 00:00:00,1.434043532655754
1997-10-01 00:00:00,1.4404670401647062
1997-10-02 00:00:00,1.434044965323987
1997-10-03 00:00:00,1.4156808962605647
1997-10-06 00:00:00,1.4230207953938134
1997-10-07 00:00:00,1.4180302965548672
1997-10-08 00:00:00,1.4271850552158034
1997-10-09 00:00:00,1.4191715005956598
1997-10-10 00:00:00,1.4156946554189929
1997-10-14 00:00:00,1.42563235979519
1997-10-15 00:00:00,1.423271075791407
1997-10-16 00:00:00,1.4079467926533809
1997-10-17 00:00:00,1.4339873412152928
1997-10-20 00:00:00,1.4326170282595931
1997-10-21 00:00:00,1.458537280121705
1997-10-22 00:00:00,1.4626042756707212
1997-10-23 00:00:00,1.4400415223938916
1997-10-24 00:00:00,1.4370858088669178
1997-10-27 00:00:00,1.4304749043786327
1997-10-28 00:00:00,1.4206584218001208
1997-10-29 00:00:00,1.4232456774612188
1997-10-30 00:00:00,1.4134923433962219
1997-10-31 00:00:00,1.4043498409646262
1997-11-03 00:00:00,1.4244207427947284
1997-11-04 00:00:00,1.4164153373030943
1997-11-05 00:00:00,1.4161553437722842
1997-11-06 00:00:00,1.4106476945796
1997-11-07 00:00:00,1.3943165925180825
1997-11-10 00:00:00,1.3943165925180825
1997-11-12 00:00:00,1.3769172930084979
1997-11-13 00:00:00,1.3792643111215808
1997-11-14 00:00:00,1.3743836872322615
1997-11-17 00:00:00,1.3753570467841256
1997-11-18 00:00:00,1.382701424036444
1997-11-19 00:00:00,1.3772883718381197
1997-11-20 00:00:00,1.3753570467841256
1997-11-21 00:00:00,1.3674352195208954
1997-11-24 00:00:00,1.3745782489093894
1997-11-25 00:00:00,1.3658771627930688
1997-11-26 00:00:00,1.348988712183374
1997-11-28 00:00:00,1.3500202642052037
1997-12-01 00:00:00,1.3387592375976736
1997-12-02 00:00:00,1.3469303301839266
1997-12-03 00:00:00,1.3567166061612304
1997-12-04 00:00:00,1.3542567294694459
1997-12-05 00:00:00,1.34478509110116
1997-12-08 00:00:00,1.3444685484057388
1997-12-09 00:00:00,1.337707957388503
1997-12-10 00:00:00,1.3386484987173166
1997-12-11 00:00:00,1.3464260507641646
1997-12-12 00:00:00,1.335812457049928
1997-12-15 00:00:00,1.3330616076737956
1997-12-16 00:00:00,1.3283202120787863
1997-12-17 00:00:00,1.3432781936053906
1997-12-18 00:00:00,1.3387038658673882
1997-12-19 00:00:00,1.336547935346996
1997-12-22 00:00:00,1.3310515079226766
1997-12-23 00:00:00,1.3320923477283042
1997-12-24 00:00:00,1.3351695772149779
1997-12-26 00:00:00,1.3300487295796077
1997-12-29 00:00:00,1.3221525783003945
1997-12-30 00:00:00,1.3220985717411804
1997-12-31 00:00:00,1.3167915310951896
1998-01-02 00:00:00,1.3172202439492007
1998-01-05 00:00:00,1.3022921836209178
1998-01-06 00:00:00,1.3011753099224022
1998-01-07 00:00:00,1.2939620674425882
1998-01-08 00:00:00,1.2966230120442706
1998-01-09 00:00:00,1.2999554445323525
1998-01-12 00:00:00,1.2999554445323525
1998-01-13 00:00:00,1.3031569187504493
1998-01-14 00:00:00,1.3017047775053205
1998-01-15 00:00:00,1.3035576528673447
1998-01-16 00:00:00,1.3061069289333178
1998-01-20 00:00:00,1.3119102386913257
1998-01-21 00:00:00,1.3033507074174326
1998-01-22 00:00:00,1.2910815824445872
1998-01-23 00:00:00,1.278794905724129
1998-01-26 00:00:00,1.2893544111028352
1998-01-27 00:00:00,1.283461911668795
1998-01-28 00:00:00,1.2943623590479523
1998-01-29 00:00:00,1.3093488083213398
1998-01-30 00:00:00,1.3126002529005456
1998-02-02 00:00:00,1.3002909650539662
1998-02-03 00:00:00,1.3031421340575509
1998-02-04 00:00:00,1.2933790418393116
1998-02-05 00:00:00,1.286559085838966
1998-02-06 00:00:00,1.2985415127936055
1998-02-09 00:00:00,1.3069515715019688
1998-02-10 00:00:00,1.3037123707520097
1998-02-11 00:00:00,1.306716827967629
1998-02-12 00:00:00,1.2985883501351034
1998-02-13 00:00:00,1.3085099831261504
1998-02-17 00:00:00,1.3148011496146434
1998-02-18 00:00:00,1.3100767413524301
1998-02-19 00:00:00,1.3116459480079241
1998-02-20 00:00:00,1.3117066313836405
1998-02-23 00:00:00,1.2970851975613678
1998-02-24 00:00:00,1.2987561836982784
1998-02-25 00:00:00,1.3097031909373347
1998-02-26 00:00:00,1.305850255480609
1998-02-27 00:00:00,1.307514235702988
1998-03-02 00:00:00,1.306928632182066
1998-03-03 00:00:00,1.3016367754178404
1998-03-04 00:00:00,1.3031059331758774
1998-03-05 00:00:00,1.3097638069290014
1998-03-06 00:00:00,1.3146717136796768
1998-03-09 00:00:00,1.3115613604588263
1998-03-10 00:00:00,1.3114866503758071
1998-03-11 00:00:00,1.3138724966329145
1998-03-12 00:00:00,1.3138724966329145
1998-03-13 00:00:00,1.3053730570363618
1998-03-16 00:00:00,1.3103474709211638
1998-03-17 00:00:00,1.3079259415109963
1998-03-18 00:00:00,1.3147774264636118
1998-03-19 00:00:00,1.310970397363553
1998-03-20 00:00:00,1.3136955115340307
1998-03-23 00:00:00,1.3022049896586332
1998-03-24 00:00:00,1.3048444876411647
1998-03-25 00:00:00,1.3053106446922011
1998-03-26 00:00:00,1.296514858632842
1998-03-27 00:00:00,1.2964393487192425
1998-03-30 00:00:00,1.308637593745652
1998-03-31 00:00:00,1.3150446158654778
1998-04-01 00:00:00,1.3285033876530623
1998-04-02 00:00:00,1.3221638160190103
1998-04-03 00:00:00,1.319873044071308
1998-04-06 00:00:00,1.3203094160291802
1998-04-07 00:00:00,1.3189534487186405
1998-04-08 00:00:00,1.3044332724547312
1998-04-09 00:00:00,1.3013988589850454
1998-04-10 00:00:00,1.303338242050894
1998-04-13 00:00:00,1.303175255544051
1998-04-14 00:00:00,1.2923400896708546
1998-04-15 00:00:00,1.2927978337259003
1998-04-16 00:00:00,1.2912993645897646
1998-04-17 00:00:00,1.2940667419206568
1998-04-20 00:00:00,1.2882932938074407
1998-04-21 00:00:00,1.2771653804913312
1998-04-22 00:00:00,1.2807701403148155
1998-04-23 00:00:00,1.2899239348000289
1998-04-24 00:00:00,1.2827852172373453
1998-04-27 00:00:00,1.2823491759143182
1998-04-28 00:00:00,1.2856909166371469
1998-04-29 00:00:00,1.2843584448272527
1998-04-30 00:00:00,1.284282934913653
1998-05-01 00:00:00,1.271598408669542
1998-05-04 00:00:00,1.2730046343065091
1998-05-05 00:00:00,1.2652845717119672
1998-05-06 00:00:00,1.261595838578698
1998-05-07 00:00:00,1.2661239964004638
1998-05-08 00:00:00,1.2661239964004638
1998-05-11 00:00:00,1.261105095850368
1998-05-12 00:00:00,1.2645033849795795
1998-05-13 00:00:00,1.2577250232268076
1998-05-14 00:00:00,1.2553697329211395
1998-05-15 00:00:00,1.2516863327978713
1998-05-18 00:00:00,1.247195232334676
1998-05-19 00:00:00,1.2491872918033329
1998-05-20 00:00:00,1.2526051549307227
1998-05-21 00:00:00,1.2612745764438165
1998-05-22 00:00:00,1.265014708628985
1998-05-26 00:00:00,1.2563780620238874
1998-05-27 00:00:00,1.2391265016264112
1998-05-28 00:00:00,1.2430654467971443
1998-05-29 00:00:00,1.2459203371060097
1998-06-01 00:00:00,1.2475268009196383
1998-06-02 00:00:00,1.25210381206303
1998-06-03 00:00:00,1.2585345871531457
1998-06-04 00:00:00,1.2630568768344579
1998-06-05 00:00:00,1.2594127916423028
1998-06-08 00:00:00,1.2570511817999517
1998-06-09 00:00:00,1.2488548400956008
1998-06-10 00:00:00,1.2360258294901143
1998-06-11 00:00:00,1.2285828149389237
1998-06-12 00:00:00,1.2277791893404548
1998-06-15 00:00:00,1.217979900502036
1998-06-16 00:00:00,1.2283416168206842
1998-06-17 00:00:00,1.2383090280140439
1998-06-18 00:00:00,1.2372479234484792
1998-06-19 00:00:00,1.241749685540942
1998-06-22 00:00:00,1.2365958394253163
1998-06-23 00:00:00,1.2345624997788
1998-06-24 00:00:00,1.237819061371464
1998-06-25 00:00:00,1.2349686325835172
1998-06-26 00:00:00,1.2180589387824061
1998-06-29 00:00:00,1.2188498861452517
1998-06-30 00:00:00,1.2244154107395222
1998-07-01 00:00:00,1.2156922439531659
1998-07-02 00:00:00,1.2069372586572067
1998-07-03 00:00:00,1.2080247294784963
1998-07-06 00:00:00,1.2176791015834858
1998-07-07 00:00:00,1.2176791015834858
1998-07-08 00:00:00,1.218713662427256
1998-07-09 00:00:00,1.227563767038125
1998-07-10 00:00:00,1.217311201391071
1998-07-13 00:00:00,1.2092908538777494
1998-07-14 00:00:00,1.2111384122858644
1998-07-15 00:00:00,1.2046531777701401
1998-07-16 00:00:00,1.1943416576857224
1998-07-17 00:00:00,1.1870171341715616
1998-07-20 00:00:00,1.184621062463335
1998-07-21 00:00:00,1.1947870361374826
1998-07-22 00:00:00,1.1937338100506152
1998-07-23 00:00:00,1.19513811118135
1998-07-24 00:00:00,1.1883234265649754
1998-07-27 00:00:00,1.1900701945342376
1998-07-28 00:00:00,1.18511602777657
1998-07-29 00:00:00,1.1867888738493937
1998-07-30 00:00:00,1.1877126121200812
1998-07-31 00:00:00,1.1917661448690176
1998-08-03 00:00:00,1.2001862782140198
1998-08-04 00:00:00,1.1969461373087396
1998-08-05 00:00:00,1.1917205733625467
1998-08-06 00:00:00,1.1916505918049842
1998-08-07 00:00:00,1.198282661662203
1998-08-10 00:00:00,1.1996741934709823
1998-08-11 00:00:00,1.1988738877159566
1998-08-12 00:00:00,1.1915349952502343
1998-08-13 00:00:00,1.199058619828368
1998-08-14 00:00:00,1.2071309722709185
1998-08-17 00:00:00,1.2082610961618632
1998-08-18 00:00:00,1.213364542145837
1998-08-19 00:00:00,1.2142448806721187
1998-08-20 00:00:00,1.2207859068052636
1998-08-21 00:00:00,1.2183630990997139
1998-08-24 00:00:00,1.2281141134222935
1998-08-25 00:00:00,1.23930311815726
1998-08-26 00:00:00,1.259960377094271
1998-08-27 00:00:00,1.3043667373149712
1998-08-28 00:00:00,1.2524479927710224
1998-08-31 00:00:00,1.2297710270717965
1998-09-01 00:00:00,1.2192342219907661
1998-09-02 00:00:00,1.2192342219907661
1998-09-03 00:00:00,1.220390904218073
1998-09-04 00:00:00,1.2183315309155045
1998-09-08 00:00:00,1.2201019779175422
1998-09-09 00:00:00,1.2181955500183914
1998-09-10 00:00:00,1.202266840728864
1998-09-11 00:00:00,1.1883308556816428
1998-09-14 00:00:00,1.1965900650063879
1998-09-15 00:00:00,1.1898855875688812
1998-09-16 00:00:00,1.1869648092115903
1998-09-17 00:00:00,1.182226176634272
1998-09-18 00:00:00,1.1806096348208774
1998-09-21 00:00:00,1.1800518106723732
1998-09-22 00:00:00,1.1834044252711209
1998-09-23 00:00:00,1.186737934156458
1998-09-24 00:00:00,1.1771467127406536
1998-09-25 00:00:00,1.1683209769839853
1998-09-28 00:00:00,1.1710756944743015
1998-09-29 00:00:00,1.1678520608444434
1998-09-30 00:00:00,1.16711766016192
1998-10-01 00:00:00,1.1618604667566559
1998-10-02 00:00:00,1.1775585540416833
1998-10-05 00:00:00,1.1800249304898591
1998-10-06 00:00:00,1.171495501779446
1998-10-07 00:00:00,1.1552526093235123
1998-10-08 00:00:00,1.1554392985573247
1998-10-09 00:00:00,1.1827641453850402
1998-10-13 00:00:00,1.1883525271387325
1998-10-14 00:00:00,1.1998988605286653
1998-10-15 00:00:00,1.207684528768107
1998-10-16 00:00:00,1.1647005842913938
1998-10-19 00:00:00,1.173510538038427
1998-10-20 00:00:00,1.1766467901626967
1998-10-21 00:00:00,1.1674978948788246
1998-10-22 00:00:00,1.1638433417159613
1998-10-23 00:00:00,1.1510136211637503
1998-10-26 00:00:00,1.1541819400523752
1998-10-27 00:00:00,1.1625509479150764
1998-10-28 00:00:00,1.1648248747262657
1998-10-29 00:00:00,1.16525757066037
1998-10-30 00:00:00,1.1611535132000963
1998-11-02 00:00:00,1.1611535132000963
1998-11-03 00:00:00,1.1525844046734335
1998-11-04 00:00:00,1.1462980039745885
1998-11-05 00:00:00,1.1590979544513251
1998-11-06 00:00:00,1.1548518863731507
1998-11-09 00:00:00,1.1382959771739045
1998-11-10 00:00:00,1.1349114438017742
1998-11-12 00:00:00,1.1275448176597305
1998-11-13 00:00:00,1.1368820393366244
1998-11-16 00:00:00,1.1428351004985642
1998-11-17 00:00:00,1.1463751957593677
1998-11-18 00:00:00,1.14383334388407
1998-11-19 00:00:00,1.137945966378784
1998-11-20 00:00:00,1.1397744815898911
1998-11-23 00:00:00,1.1360474912930674
1998-11-24 00:00:00,1.1353655900377895
1998-11-25 00:00:00,1.1338531808329968
1998-11-27 00:00:00,1.1267239166739436
1998-11-30 00:00:00,1.1371858154326393
1998-12-01 00:00:00,1.143679654486168
1998-12-02 00:00:00,1.1452184094871587
1998-12-03 00:00:00,1.1459893407624782
1998-12-04 00:00:00,1.1429118265878895
1998-12-07 00:00:00,1.1368820393366244
1998-12-08 00:00:00,1.1309906761245425
1998-12-09 00:00:00,1.1265002419948793
1998-12-10 00:00:00,1.1259042101208079
1998-12-11 00:00:00,1.110480864776687
1998-12-14 00:00:00,1.0958974930492218
1998-12-15 00:00:00,1.0895847194717494
1998-12-16 00:00:00,1.1106982225501802
1998-12-17 00:00:00,1.105864080617553
1998-12-18 00:00:00,1.101784457771446
1998-12-21 00:00:00,1.1068707189224065
1998-12-22 00:00:00,1.1088895034540525
1998-12-23 00:00:00,1.1108431750098933
1998-12-24 00:00:00,1.1144063666553163
1998-12-28 00:00:00,1.1119315256059186
1998-12-29 00:00:00,1.1198310522975012
1998-12-30 00:00:00,1.120273207227337
1998-12-31 00:00:00,1.1225851405572942
1999-01-04 00:00:00,1.1225851405572942
1999-01-05 00:00:00,1.113158197654631
1999-01-06 00:00:00,1.1133220346194865
1999-01-07 00:00:00,1.1085961494247425
1999-01-08 00:00:00,1.1073026152382162
1999-01-11 00:00:00,1.1107643819785258
1999-01-12 00:00:00,1.1109749134192866
1999-01-13 00:00:00,1.1186031476852416
1999-01-14 00:00:00,1.1184632756020076
1999-01-15 00:00:00,1.1203547353492054
1999-01-19 00:00:00,1.11393109963769
1999-01-20 00:00:00,1.1109119764015785
1999-01-21 00:00:00,1.1138932009276092
1999-01-22 00:00:00,1.1170846539971628
1999-01-25 00:00:00,1.1147505129505504
1999-01-26 00:00:00,1.1137755855969553
1999-01-27 00:00:00,1.1168911048349979
1999-01-28 00:00:00,1.124326567915882
1999-01-29 00:00:00,1.1254527966404047
1999-02-01 00:00:00,1.130273451541203
1999-02-02 00:00:00,1.1344668731272067
1999-02-03 00:00:00,1.1387729926435857
1999-02-04 00:00:00,1.1427567803830327
1999-02-05 00:00:00,1.145279118782717
1999-02-08 00:00:00,1.141907013031005
1999-02-09 00:00:00,1.1435706768393596
1999-02-10 00:00:00,1.1420663872915124
1999-02-11 00:00:00,1.1406305909822796
1999-02-12 00:00:00,1.1392638139206073
1999-02-16 00:00:00,1.1556815969986567
1999-02-17 00:00:00,1.1574414716068118
1999-02-18 00:00:00,1.1637836371874535
1999-02-19 00:00:00,1.1688177171908438
1999-02-22 00:00:00,1.1702597240613342
1999-02-23 00:00:00,1.1737393397480251
1999-02-24 00:00:00,1.1794851617304587
1999-02-25 00:00:00,1.172590366702156
1999-02-26 00:00:00,1.1790200480992805
1999-03-01 00:00:00,1.1842408956746515
1999-03-02 00:00:00,1.180837332717171
1999-03-03 00:00:00,1.1825754525680747
1999-03-04 00:00:00,1.1825754525680747
1999-03-05 00:00:00,1.1767030700479884
1999-03-08 00:00:00,1.1694511359928546
1999-03-09 00:00:00,1.169383171886385
1999-03-10 00:00:00,1.1625057119497093
1999-03-11 00:00:00,1.1604337922819723
1999-03-12 00:00:00,1.1611373703230508
1999-03-15 00:00:00,1.1667482397738942
1999-03-16 00:00:00,1.1642311534254275
1999-03-17 00:00:00,1.1506688469774757
1999-03-18 00:00:00,1.144135737946452
1999-03-19 00:00:00,1.147056583004772
1999-03-22 00:00:00,1.1515619198876574
1999-03-23 00:00:00,1.151180739506402
1999-03-24 00:00:00,1.152051939244252
1999-03-25 00:00:00,1.1546370595928903
1999-03-26 00:00:00,1.1601492310524935
1999-03-29 00:00:00,1.1588456910657106
1999-03-30 00:00:00,1.1587777269592412
1999-03-31 00:00:00,1.148261388341197
1999-04-01 00:00:00,1.1521131914176634
1999-04-02 00:00:00,1.1509502429294327
1999-04-05 00:00:00,1.1577323468977667
1999-04-06 00:00:00,1.143410710280771
1999-04-07 00:00:00,1.1534021728529078
1999-04-08 00:00:00,1.155357296287393
1999-04-09 00:00:00,1.156453424015754
1999-04-12 00:00:00,1.146457988236828
1999-04-13 00:00:00,1.1526624874603824
1999-04-14 00:00:00,1.1477390248284205
1999-04-15 00:00:00,1.1511208994868645
1999-04-16 00:00:00,1.1540166201380073
1999-04-19 00:00:00,1.1574395917323013
1999-04-20 00:00:00,1.1573716276258317
1999-04-21 00:00:00,1.1569167776201335
1999-04-22 00:00:00,1.1591664112354372
1999-04-23 00:00:00,1.1587899489231048
1999-04-26 00:00:00,1.1607244010434705
1999-04-27 00:00:00,1.1560253869800783
1999-04-28 00:00:00,1.1592028949530653
1999-04-29 00:00:00,1.1577002759197719
1999-04-30 00:00:00,1.1577002759197719
1999-05-03 00:00:00,1.1551850739999692
1999-05-04 00:00:00,1.1527341614546667
1999-05-05 00:00:00,1.144547487342167
1999-05-06 00:00:00,1.1339386546434587
1999-05-07 00:00:00,1.1316325204706457
1999-05-10 00:00:00,1.1265932420308535
1999-05-11 00:00:00,1.1348172060979838
1999-05-12 00:00:00,1.140416951297953
1999-05-13 00:00:00,1.1421764618750858
1999-05-14 00:00:00,1.140131455133355
1999-05-17 00:00:00,1.1365481429349784
1999-05-18 00:00:00,1.139693413073233
1999-05-19 00:00:00,1.1481066940905136
1999-05-20 00:00:00,1.1491665636116624
1999-05-21 00:00:00,1.1525408093454985
1999-05-24 00:00:00,1.1528470487576288
1999-05-25 00:00:00,1.1524823142715666
1999-05-26 00:00:00,1.1626159723452005
1999-05-27 00:00:00,1.1693230503405627
1999-05-28 00:00:00,1.1691116852586048
1999-06-01 00:00:00,1.1667955815195992
1999-06-02 00:00:00,1.174743400333919
1999-06-03 00:00:00,1.1782504695511449
1999-06-04 00:00:00,1.1788959670224453
1999-06-07 00:00:00,1.1753319180530328
1999-06-08 00:00:00,1.1609102540345098
1999-06-09 00:00:00,1.163626749728521
1999-06-10 00:00:00,1.1571390441660134
1999-06-11 00:00:00,1.153693783871147
1999-06-14 00:00:00,1.1612311359768202
1999-06-15 00:00:00,1.1621904490572332
1999-06-16 00:00:00,1.1708425275350767
1999-06-17 00:00:00,1.1651239915276947
1999-06-18 00:00:00,1.1616979327030326
1999-06-21 00:00:00,1.1588412734145317
1999-06-22 00:00:00,1.1597307757061452
1999-06-23 00:00:00,1.1607653944865075
1999-06-24 00:00:00,1.1608455215689637
1999-06-25 00:00:00,1.1536968555990987
1999-06-28 00:00:00,1.1595580414181605
1999-06-29 00:00:00,1.1595580414181605
1999-06-30 00:00:00,1.1625835549285277
1999-07-01 00:00:00,1.1682159494943547
1999-07-02 00:00:00,1.1645757246234736
1999-07-06 00:00:00,1.1635572613570193
1999-07-07 00:00:00,1.1681614163259244
1999-07-08 00:00:00,1.173592526283458
1999-07-09 00:00:00,1.1751793375439181
1999-07-12 00:00:00,1.1800445282369985
1999-07-13 00:00:00,1.181541422883998
1999-07-14 00:00:00,1.1784147628272568
1999-07-15 00:00:00,1.1767045962459257
1999-07-16 00:00:00,1.1749179121427842
1999-07-19 00:00:00,1.1719729864820965
1999-07-20 00:00:00,1.1589202668510534
1999-07-21 00:00:00,1.1590011708099959
1999-07-22 00:00:00,1.1604079187551772
1999-07-23 00:00:00,1.1585727602579061
1999-07-26 00:00:00,1.1519750655375767
1999-07-27 00:00:00,1.1571095396936435
1999-07-28 00:00:00,1.1609501222459455
1999-07-29 00:00:00,1.1530425504633668
1999-07-30 00:00:00,1.1461592549655162
1999-08-02 00:00:00,1.1434495288537938
1999-08-03 00:00:00,1.1422464824333025
1999-08-04 00:00:00,1.1379177551828696
1999-08-05 00:00:00,1.1347877915008902
1999-08-06 00:00:00,1.1383189231686233
1999-08-09 00:00:00,1.1406133240988672
1999-08-10 00:00:00,1.135661838812322
1999-08-11 00:00:00,1.1394149364802963
1999-08-12 00:00:00,1.1416283066520228
1999-08-13 00:00:00,1.1497719176610677
1999-08-16 00:00:00,1.1475321165526053
1999-08-17 00:00:00,1.1497134276204997
1999-08-18 00:00:00,1.1524818157823864
1999-08-19 00:00:00,1.1405360780420877
1999-08-20 00:00:00,1.1404694367753394
1999-08-23 00:00:00,1.1601178280588453
1999-08-24 00:00:00,1.1563681744142595
1999-08-25 00:00:00,1.1706908105974814
1999-08-26 00:00:00,1.1706908105974814
1999-08-27 00:00:00,1.176285158032429
1999-08-30 00:00:00,1.1768771485498082
1999-08-31 00:00:00,1.194612972755284
1999-09-01 00:00:00,1.1957583351452703
1999-09-02 00:00:00,1.2012096541253212
1999-09-03 00:00:00,1.1927089036243388
1999-09-07 00:00:00,1.1965996644075572
1999-09-08 00:00:00,1.203682869215529
1999-09-09 00:00:00,1.2019814413613308
1999-09-10 00:00:00,1.185979406196764
1999-09-13 00:00:00,1.1896749859044673
1999-09-14 00:00:00,1.1840277945156803
1999-09-15 00:00:00,1.1819332292992009
1999-09-16 00:00:00,1.1851529397116092
1999-09-17 00:00:00,1.184552596298851
1999-09-20 00:00:00,1.1895993357082377
1999-09-21 00:00:00,1.194612972755284
1999-09-22 00:00:00,1.1947655609495307
1999-09-23 00:00:00,1.1908108945479154
1999-09-24 00:00:00,1.1927089036243388
1999-09-27 00:00:00,1.1889189166411027
1999-09-28 00:00:00,1.19951520603666
1999-09-29 00:00:00,1.2055444743747745
1999-09-30 00:00:00,1.2085818950415241
1999-10-01 00:00:00,1.2159661458139586
1999-10-04 00:00:00,1.2155710950843241
1999-10-05 00:00:00,1.2147817632043993
1999-10-06 00:00:00,1.2128129110760293
1999-10-07 00:00:00,1.2124199062441834
1999-10-08 00:00:00,1.1969058959275594
1999-10-12 00:00:00,1.2121056857164543
1999-10-13 00:00:00,1.210615359693765
1999-10-14 00:00:00,1.2130488362954062
1999-10-15 00:00:00,1.2199308218681284
1999-10-18 00:00:00,1.2139934557655905
1999-10-19 00:00:00,1.2140722404664643
1999-10-20 00:00:00,1.211164000605189
1999-10-21 00:00:00,1.2145451634972249
1999-10-22 00:00:00,1.2063218437804843
1999-10-25 00:00:00,1.2061262307387473
1999-10-26 00:00:00,1.2061262307387473
1999-10-27 00:00:00,1.2011135577849097
1999-10-28 00:00:00,1.1960662195183998
1999-10-29 00:00:00,1.1965233148889163
1999-11-01 00:00:00,1.1924219908439753
1999-11-02 00:00:00,1.1942413250957398
1999-11-03 00:00:00,1.191589980574436
1999-11-04 00:00:00,1.1871471210664806
1999-11-05 00:00:00,1.1850502172442585
1999-11-08 00:00:00,1.1848259882532945
1999-11-09 00:00:00,1.1901556033803844
1999-11-10 00:00:00,1.196218545832653
1999-11-12 00:00:00,1.1840045407636446
1999-11-15 00:00:00,1.1825139143746688
1999-11-16 00:00:00,1.181175556071176
1999-11-17 00:00:00,1.1910611237481605
1999-11-18 00:00:00,1.1796179619313019
1999-11-19 00:00:00,1.1829607080450872
1999-11-22 00:00:00,1.1865472488476496
1999-11-23 00:00:00,1.1799884449595468
1999-11-24 00:00:00,1.1731353302788974
1999-11-26 00:00:00,1.1740885027347492
1999-11-29 00:00:00,1.1679567299027596
1999-11-30 00:00:00,1.1654929919193442
1999-12-01 00:00:00,1.1607399928173496
1999-12-02 00:00:00,1.1600232211779664
1999-12-03 00:00:00,1.1605965676359808
1999-12-06 00:00:00,1.1834078394705798
1999-12-07 00:00:00,1.1833332940948653
1999-12-08 00:00:00,1.1859479825603527
1999-12-09 00:00:00,1.175925886933082
1999-12-10 00:00:00,1.175190243588113
1999-12-13 00:00:00,1.172183704215399
1999-12-14 00:00:00,1.1659270136392743
1999-12-15 00:00:00,1.1669409891760458
1999-12-16 00:00:00,1.175925886933082
1999-12-17 00:00:00,1.1754843904484067
1999-12-20 00:00:00,1.170576772417497
1999-12-21 00:00:00,1.1742352821450173
1999-12-22 00:00:00,1.1770310804358388
1999-12-23 00:00:00,1.1771119018672698
1999-12-24 00:00:00,1.1771119018672698
1999-12-27 00:00:00,1.172845016659304
1999-12-28 00:00:00,1.1796864784760093
1999-12-29 00:00:00,1.1807868065119478
1999-12-30 00:00:00,1.1787468433918638
1999-12-31 00:00:00,1.1756714866186333
2000-01-03 00:00:00,1.1687984815291457
2000-01-04 00:00:00,1.1642500420769533
2000-01-05 00:00:00,1.1643322974762693
2000-01-06 00:00:00,1.1650136085164529
2000-01-07 00:00:00,1.1688254004044005
2000-01-10 00:00:00,1.1773212934568313
2000-01-11 00:00:00,1.169136099145101
2000-01-12 00:00:00,1.1702561395493027
2000-01-13 00:00:00,1.1650494849275201
2000-01-14 00:00:00,1.1730796694238927
2000-01-18 00:00:00,1.1749273354163035
2000-01-19 00:00:00,1.173386917723789
2000-01-20 00:00:00,1.169917889002789
2000-01-21 00:00:00,1.1731041382160032
2000-01-24 00:00:00,1.1770055295299409
2000-01-25 00:00:00,1.1784011263992578
2000-01-26 00:00:00,1.1829189939582239
2000-01-27 00:00:00,1.1943377287019106
2000-01-28 00:00:00,1.2114279310724791
2000-01-31 00:00:00,1.2156219771890773
2000-02-01 00:00:00,1.2122577396964824
2000-02-02 00:00:00,1.2049814850422311
2000-02-03 00:00:00,1.1954903418825906
2000-02-04 00:00:00,1.2110896805259657
2000-02-07 00:00:00,1.2095021254680705
2000-02-08 00:00:00,1.1988921329366318
2000-02-09 00:00:00,1.1933733436105989
2000-02-10 00:00:00,1.1975577509568056
2000-02-11 00:00:00,1.2026915186713358
2000-02-14 00:00:00,1.207639915910298
2000-02-15 00:00:00,1.2080576025844887
2000-02-16 00:00:00,1.2062547133727235
2000-02-17 00:00:00,1.2125469229701933
2000-02-18 00:00:00,1.2086164930443586
2000-02-22 00:00:00,1.192479009165617
2000-02-23 00:00:00,1.192479009165617
2000-02-24 00:00:00,1.1964796261246358
2000-02-25 00:00:00,1.2116379516037892
2000-02-28 00:00:00,1.2158585500631303
2000-02-29 00:00:00,1.22115959248593
2000-03-01 00:00:00,1.2113617758857835
2000-03-02 00:00:00,1.2239858959065684
2000-03-03 00:00:00,1.2231710212007478
2000-03-06 00:00:00,1.2252421922447196
2000-03-07 00:00:00,1.228402729340198
2000-03-08 00:00:00,1.2307953851826956
2000-03-09 00:00:00,1.2223434234154853
2000-03-10 00:00:00,1.2225516884068452
2000-03-13 00:00:00,1.2257944764672644
2000-03-14 00:00:00,1.2290184390599388
2000-03-15 00:00:00,1.2253821877191033
2000-03-16 00:00:00,1.2237975913751282
2000-03-17 00:00:00,1.2240739661960618
2000-03-20 00:00:00,1.2257269015493435
2000-03-21 00:00:00,1.2267574286766154
2000-03-22 00:00:00,1.2317450308743487
2000-03-23 00:00:00,1.2209655174941842
2000-03-24 00:00:00,1.2149065957231984
2000-03-27 00:00:00,1.2233178584404065
2000-03-28 00:00:00,1.2210370459849305
2000-03-29 00:00:00,1.2292213612792844
2000-03-30 00:00:00,1.2229742379218247
2000-03-31 00:00:00,1.2270320896432665
2000-04-03 00:00:00,1.2309245902015349
2000-04-04 00:00:00,1.2343843227562603
2000-04-05 00:00:00,1.2278535039066898
2000-04-06 00:00:00,1.2323501104710812
2000-04-07 00:00:00,1.2330954065106263
2000-04-10 00:00:00,1.2357313417051294
2000-04-11 00:00:00,1.2388914223020842
2000-04-12 00:00:00,1.2397611469950405
2000-04-13 00:00:00,1.2414310149223273
2000-04-14 00:00:00,1.2410285845880997
2000-04-17 00:00:00,1.2467421202600606
2000-04-18 00:00:00,1.2524628248329372
2000-04-19 00:00:00,1.2627979959654223
2000-04-20 00:00:00,1.2627979959654223
2000-04-21 00:00:00,1.2604696453004798
2000-04-24 00:00:00,1.2598136260946706
2000-04-25 00:00:00,1.2788563989663453
2000-04-26 00:00:00,1.2818198164603178
2000-04-27 00:00:00,1.301747131747012
2000-04-28 00:00:00,1.2999265249320948
2000-05-01 00:00:00,1.2924241202337436
2000-05-02 00:00:00,1.2990287329598318
2000-05-03 00:00:00,1.314836814608363
2000-05-04 00:00:00,1.3188856733425027
2000-05-05 00:00:00,1.3193428525656412
2000-05-08 00:00:00,1.3175468739602196
2000-05-09 00:00:00,1.3118725442685464
2000-05-10 00:00:00,1.3109954721733024
2000-05-11 00:00:00,1.3234053289892196
2000-05-12 00:00:00,1.3063388565270888
2000-05-15 00:00:00,1.2996750007537357
2000-05-16 00:00:00,1.3114426705642286
2000-05-17 00:00:00,1.324821141457268
2000-05-18 00:00:00,1.3213314844292525
2000-05-19 00:00:00,1.322772710070235
2000-05-22 00:00:00,1.3199989581212321
2000-05-23 00:00:00,1.3246618816266746
2000-05-24 00:00:00,1.3174057122879126
2000-05-25 00:00:00,1.3183268082010713
2000-05-26 00:00:00,1.2929800940011469
2000-05-30 00:00:00,1.296759135681209
2000-05-31 00:00:00,1.2938001142783984
2000-06-01 00:00:00,1.295653344272084
2000-06-02 00:00:00,1.2773921259428087
2000-06-05 00:00:00,1.2687031825034296
2000-06-06 00:00:00,1.2560291370296257
2000-06-07 00:00:00,1.251463933111984
2000-06-08 00:00:00,1.2605483337018404
2000-06-09 00:00:00,1.265970267193328
2000-06-12 00:00:00,1.2599673611993716
2000-06-13 00:00:00,1.250451266232476
2000-06-14 00:00:00,1.2424378796194728
2000-06-15 00:00:00,1.2517058813871347
2000-06-16 00:00:00,1.2422871638021447
2000-06-19 00:00:00,1.2422871638021447
2000-06-20 00:00:00,1.236163973954468
2000-06-21 00:00:00,1.2251521684393567
2000-06-22 00:00:00,1.2198242006663313
2000-06-23 00:00:00,1.2196846167092803
2000-06-26 00:00:00,1.2170385779198907
2000-06-27 00:00:00,1.225898980461937
2000-06-28 00:00:00,1.231949129151919
2000-06-29 00:00:00,1.240840962214482
2000-06-30 00:00:00,1.2421423919615897
2000-07-03 00:00:00,1.241129933095296
2000-07-05 00:00:00,1.241129933095296
2000-07-06 00:00:00,1.2393981238863259
2000-07-07 00:00:00,1.2404799377855573
2000-07-10 00:00:00,1.241925297456732
2000-07-11 00:00:00,1.2380736729803468
2000-07-12 00:00:00,1.2289662014784275
2000-07-13 00:00:00,1.2210818954545082
2000-07-14 00:00:00,1.2254338773766844
2000-07-17 00:00:00,1.2181512989054173
2000-07-18 00:00:00,1.2126079482846874
2000-07-19 00:00:00,1.2038427677233343
2000-07-20 00:00:00,1.2098551493101477
2000-07-21 00:00:00,1.2153040152126333
2000-07-24 00:00:00,1.2134362324023682
2000-07-25 00:00:00,1.2224122788488332
2000-07-26 00:00:00,1.2244484624264678
2000-07-27 00:00:00,1.2102672721042809
2000-07-28 00:00:00,1.2037068171002145
2000-07-31 00:00:00,1.2024846418572204
2000-08-01 00:00:00,1.1996425284662242
2000-08-02 00:00:00,1.189999315108005
2000-08-03 00:00:00,1.182736780450777
2000-08-04 00:00:00,1.1970826443646003
2000-08-07 00:00:00,1.1984285884216777
2000-08-08 00:00:00,1.1862909143486258
2000-08-09 00:00:00,1.1852356127457357
2000-08-10 00:00:00,1.1917289652753131
2000-08-11 00:00:00,1.1907969908862028
2000-08-14 00:00:00,1.1935972973597315
2000-08-15 00:00:00,1.1991348386564415
2000-08-16 00:00:00,1.1991348386564415
2000-08-17 00:00:00,1.1962153646075748
2000-08-18 00:00:00,1.2042551877165224
2000-08-21 00:00:00,1.2077996190533744
2000-08-22 00:00:00,1.2162089282882003
2000-08-23 00:00:00,1.2187647433886966
2000-08-24 00:00:00,1.2167283742758837
2000-08-25 00:00:00,1.215278330134127
2000-08-28 00:00:00,1.2123712872862067
2000-08-29 00:00:00,1.2200583298757302
2000-08-30 00:00:00,1.2238294558209388
2000-08-31 00:00:00,1.2286702808384784
2000-09-01 00:00:00,1.219041325370217
2000-09-05 00:00:00,1.2285967773338342
2000-09-06 00:00:00,1.2461406111324962
2000-09-07 00:00:00,1.2411837905405694
2000-09-08 00:00:00,1.2497346714103756
2000-09-11 00:00:00,1.2564450852342097
2000-09-12 00:00:00,1.2590655239044592
2000-09-13 00:00:00,1.2552402255579111
2000-09-14 00:00:00,1.258195490489192
2000-09-15 00:00:00,1.2598335821028872
2000-09-18 00:00:00,1.2654580901925914
2000-09-19 00:00:00,1.2656301832254775
2000-09-20 00:00:00,1.2705988375354957
2000-09-21 00:00:00,1.2621088554743296
2000-09-22 00:00:00,1.2347339939536006
2000-09-25 00:00:00,1.2398531294359045
2000-09-26 00:00:00,1.233323715623979
2000-09-27 00:00:00,1.2345272465676254
2000-09-28 00:00:00,1.2255568149626623
2000-09-29 00:00:00,1.225745963733552
2000-10-02 00:00:00,1.2326530277803944
2000-10-03 00:00:00,1.239187634267091
2000-10-04 00:00:00,1.2423861821726678
2000-10-05 00:00:00,1.2479911311731389
2000-10-06 00:00:00,1.2479222153778138
2000-10-10 00:00:00,1.2500207212088168
2000-10-11 00:00:00,1.250322541818953
2000-10-12 00:00:00,1.2529035651367124
2000-10-13 00:00:00,1.263496159540152
2000-10-16 00:00:00,1.263496159540152
2000-10-17 00:00:00,1.2657633525211915
2000-10-18 00:00:00,1.2824798200086462
2000-10-19 00:00:00,1.2727178089641655
2000-10-20 00:00:00,1.270861235866132
2000-10-23 00:00:00,1.271317730318251
2000-10-24 00:00:00,1.2751992677861264
2000-10-25 00:00:00,1.283090429709151
2000-10-26 00:00:00,1.283536489963381
2000-10-27 00:00:00,1.264247552350962
2000-10-30 00:00:00,1.2546814799590054
2000-10-31 00:00:00,1.2417957206426298
2000-11-01 00:00:00,1.2309755908794864
2000-11-02 00:00:00,1.2381806461684832
2000-11-03 00:00:00,1.234899174694948
2000-11-06 00:00:00,1.244681046558588
2000-11-07 00:00:00,1.2410172531666528
2000-11-08 00:00:00,1.2435709376785062
2000-11-09 00:00:00,1.2432913739711988
2000-11-10 00:00:00,1.241699089690401
2000-11-13 00:00:00,1.243284117939819
2000-11-14 00:00:00,1.2546826785328238
2000-11-15 00:00:00,1.2525199126988253
2000-11-16 00:00:00,1.2535339481808345
2000-11-17 00:00:00,1.2561698591374326
2000-11-20 00:00:00,1.2597355064753697
2000-11-21 00:00:00,1.2701893605458294
2000-11-22 00:00:00,1.2722273985741772
2000-11-24 00:00:00,1.2783139682856082
2000-11-27 00:00:00,1.261390332607585
2000-11-28 00:00:00,1.25600438899172
2000-11-29 00:00:00,1.2528173006056609
2000-11-30 00:00:00,1.2409625380229623
2000-12-01 00:00:00,1.2358231189741948
2000-12-04 00:00:00,1.2230844313847036
2000-12-05 00:00:00,1.22676705764281
2000-12-06 00:00:00,1.2105433151698926
2000-12-07 00:00:00,1.2182313250732377
2000-12-08 00:00:00,1.2224385822770394
2000-12-11 00:00:00,1.2302804703380916
2000-12-12 00:00:00,1.2298288067684169
2000-12-13 00:00:00,1.2298288067684169
2000-12-14 00:00:00,1.2201071542993664
2000-12-15 00:00:00,1.1998544266788442
2000-12-18 00:00:00,1.2038864268406282
2000-12-19 00:00:00,1.2105030541448887
2000-12-20 00:00:00,1.1951615981596815
2000-12-21 00:00:00,1.1932614789563774
2000-12-22 00:00:00,1.1756157920463486
2000-12-26 00:00:00,1.1679967212019902
2000-12-27 00:00:00,1.1787257477989697
2000-12-28 00:00:00,1.184894465810345
2000-12-29 00:00:00,1.1667284509529356
2001-01-02 00:00:00,1.1606100292336343
2001-01-03 00:00:00,1.1605393494171534
2001-01-04 00:00:00,1.1608834865991449
2001-01-05 00:00:00,1.151595120439999
2001-01-08 00:00:00,1.1578774568725725
2001-01-09 00:00:00,1.1624757744700422
2001-01-10 00:00:00,1.1549782735522054
2001-01-11 00:00:00,1.1350395078001037
2001-01-12 00:00:00,1.145735854452578
2001-01-16 00:00:00,1.161084432208236
2001-01-17 00:00:00,1.1647018072828057
2001-01-18 00:00:00,1.1510296819081514
2001-01-19 00:00:00,1.1612421444421406
2001-01-22 00:00:00,1.162825367795977
2001-01-23 00:00:00,1.1674276795783225
2001-01-24 00:00:00,1.178389715665034
2001-01-25 00:00:00,1.1820502022101345
2001-01-26 00:00:00,1.1814069139876542
2001-01-29 00:00:00,1.181880224360803
2001-01-30 00:00:00,1.1710155238200932
2001-01-31 00:00:00,1.1702605073345227
2001-02-01 00:00:00,1.1583843485035796
2001-02-02 00:00:00,1.1579426487410576
2001-02-05 00:00:00,1.1541500787755203
2001-02-06 00:00:00,1.161870887730359
2001-02-07 00:00:00,1.1610621781404233
2001-02-08 00:00:00,1.177756147643567
2001-02-09 00:00:00,1.1719037022548058
2001-02-12 00:00:00,1.1703741693022829
2001-02-13 00:00:00,1.1703741693022829
2001-02-14 00:00:00,1.1676905754908968
2001-02-15 00:00:00,1.155093780723209
2001-02-16 00:00:00,1.1682132367455225
2001-02-20 00:00:00,1.1529251894175994
2001-02-21 00:00:00,1.149434361703976
2001-02-22 00:00:00,1.14760224141765
2001-02-23 00:00:00,1.1552215990014787
2001-02-26 00:00:00,1.1553494455706466
2001-02-27 00:00:00,1.159326772923527
2001-02-28 00:00:00,1.1700462415440027
2001-03-01 00:00:00,1.1776353739623648
2001-03-02 00:00:00,1.1861990217221183
2001-03-05 00:00:00,1.1771042496534405
2001-03-06 00:00:00,1.1847182921216934
2001-03-07 00:00:00,1.1781669777876496
2001-03-08 00:00:00,1.1802982012635796
2001-03-09 00:00:00,1.185929522909958
2001-03-12 00:00:00,1.1809657907439324
2001-03-13 00:00:00,1.1625542973470337
2001-03-14 00:00:00,1.1647592982457173
2001-03-15 00:00:00,1.1507013050621508
2001-03-16 00:00:00,1.1417035859772926
2001-03-19 00:00:00,1.1561171196208597
2001-03-20 00:00:00,1.1598419720227047
2001-03-21 00:00:00,1.1522253286437132
2001-03-22 00:00:00,1.1437674708492318
2001-03-23 00:00:00,1.152288917238009
2001-03-26 00:00:00,1.1534984354650422
2001-03-27 00:00:00,1.1457130805724718
2001-03-28 00:00:00,1.1449591566326347
2001-03-29 00:00:00,1.1438301293060549
2001-03-30 00:00:00,1.1412667494043578
2001-04-02 00:00:00,1.1395849350700102
2001-04-03 00:00:00,1.1462791754242507
2001-04-04 00:00:00,1.1499661379527404
2001-04-05 00:00:00,1.150764725548541
2001-04-06 00:00:00,1.1534984354650422
2001-04-09 00:00:00,1.1557331551174985
2001-04-10 00:00:00,1.1466568828794952
2001-04-11 00:00:00,1.1427275683773013
2001-04-12 00:00:00,1.1427275683773013
2001-04-13 00:00:00,1.14730304915738
2001-04-16 00:00:00,1.1504638156973177
2001-04-17 00:00:00,1.1499756370280807
2001-04-18 00:00:00,1.1487775923624535
2001-04-19 00:00:00,1.142021228959141
2001-04-20 00:00:00,1.136383137094417
2001-04-23 00:00:00,1.142267850390023
2001-04-24 00:00:00,1.1474052258281953
2001-04-25 00:00:00,1.1464027522371658
2001-04-26 00:00:00,1.1393565111309212
2001-04-27 00:00:00,1.1422569951837118
2001-04-30 00:00:00,1.1454551788843936
2001-05-01 00:00:00,1.139475769754233
2001-05-02 00:00:00,1.1409258146243815
2001-05-03 00:00:00,1.1443812618943272
2001-05-04 00:00:00,1.1385193806476006
2001-05-07 00:00:00,1.138643642829119
2001-05-08 00:00:00,1.1433687706319093
2001-05-09 00:00:00,1.1463707166663
2001-05-10 00:00:00,1.1502869730762462
2001-05-11 00:00:00,1.152819329449914
2001-05-14 00:00:00,1.1516416731581443
2001-05-15 00:00:00,1.1471061229666597
2001-05-16 00:00:00,1.1432885066852108
2001-05-17 00:00:00,1.1402034006443729
2001-05-18 00:00:00,1.1381158749137605
2001-05-21 00:00:00,1.1405764009991237
2001-05-22 00:00:00,1.1523596114626358
2001-05-23 00:00:00,1.1605647009738649
2001-05-24 00:00:00,1.1576333338047533
2001-05-25 00:00:00,1.1562212402139365
2001-05-29 00:00:00,1.162734542884608
2001-05-30 00:00:00,1.1598761245374873
2001-05-31 00:00:00,1.1777773729768317
2001-06-01 00:00:00,1.1864581580340976
2001-06-04 00:00:00,1.1856611583043097
2001-06-05 00:00:00,1.1759277906117815
2001-06-06 00:00:00,1.1788096602989293
2001-06-07 00:00:00,1.1722385505697495
2001-06-08 00:00:00,1.1730185604950139
2001-06-11 00:00:00,1.1730185604950139
2001-06-12 00:00:00,1.1729511456352153
2001-06-13 00:00:00,1.162459690034401
2001-06-14 00:00:00,1.1541628484289044
2001-06-15 00:00:00,1.1488693678264679
2001-06-18 00:00:00,1.1460740541205428
2001-06-19 00:00:00,1.1419569380988486
2001-06-20 00:00:00,1.1522206668451742
2001-06-21 00:00:00,1.1466524772152709
2001-06-22 00:00:00,1.1454136794519802
2001-06-25 00:00:00,1.1463876067835688
2001-06-26 00:00:00,1.1426675632395098
2001-06-27 00:00:00,1.1405029224496095
2001-06-28 00:00:00,1.1557327825264616
2001-06-29 00:00:00,1.1602552922063032
2001-07-02 00:00:00,1.169512349699503
2001-07-03 00:00:00,1.1630344139919637
2001-07-05 00:00:00,1.1727432533634292
2001-07-06 00:00:00,1.1654847476139987
2001-07-09 00:00:00,1.1621999215954923
2001-07-10 00:00:00,1.1539795815723053
2001-07-11 00:00:00,1.1528851398728546
2001-07-12 00:00:00,1.1592077318176748
2001-07-13 00:00:00,1.1591403169578762
2001-07-16 00:00:00,1.1599620388143013
2001-07-17 00:00:00,1.1619851777943078
2001-07-18 00:00:00,1.1408707368623185
2001-07-19 00:00:00,1.1446430033463428
2001-07-20 00:00:00,1.1403427203867509
2001-07-23 00:00:00,1.1443258873483348
2001-07-24 00:00:00,1.136393797282325
2001-07-25 00:00:00,1.13208958074582
2001-07-26 00:00:00,1.1329515045973637
2001-07-27 00:00:00,1.1320876010239853
2001-07-30 00:00:00,1.1346049517034373
2001-07-31 00:00:00,1.1336771744554235
2001-08-01 00:00:00,1.1286888961335075
2001-08-02 00:00:00,1.125542341916377
2001-08-03 00:00:00,1.1195406984121885
2001-08-06 00:00:00,1.12540751219678
2001-08-07 00:00:00,1.1267974018469564
2001-08-08 00:00:00,1.1267974018469564
2001-08-09 00:00:00,1.135501199505013
2001-08-10 00:00:00,1.135501199505013
2001-08-13 00:00:00,1.1341776246166027
2001-08-14 00:00:00,1.1405081538899702
2001-08-15 00:00:00,1.1454695536086594
2001-08-16 00:00:00,1.154165391159778
2001-08-17 00:00:00,1.153774369570452
2001-08-20 00:00:00,1.148263224787452
2001-08-21 00:00:00,1.1495552227900259
2001-08-22 00:00:00,1.1576965487304653
2001-08-23 00:00:00,1.152667912511576
2001-08-24 00:00:00,1.1498786767075244
2001-08-27 00:00:00,1.1493612377709927
2001-08-28 00:00:00,1.1507853167995443
2001-08-29 00:00:00,1.1524728756397469
2001-08-30 00:00:00,1.1603261831398473
2001-08-31 00:00:00,1.1524728756397469
2001-09-04 00:00:00,1.1430601971969518
2001-09-05 00:00:00,1.1444045973168697
2001-09-06 00:00:00,1.1496198990150055
2001-09-07 00:00:00,1.1561244814469114
2001-09-10 00:00:00,1.1495552227900259
2001-09-12 00:00:00,1.1610910131087318
2001-09-13 00:00:00,1.1605238873796053
2001-09-14 00:00:00,1.1695577863369417
2001-09-17 00:00:00,1.1751946308257055
2001-09-18 00:00:00,1.1812547164465668
2001-09-19 00:00:00,1.1964577112981878
2001-09-20 00:00:00,1.1887177030665823
2001-09-21 00:00:00,1.1766292804959524
2001-09-24 00:00:00,1.169290076400155
2001-09-25 00:00:00,1.1749513584822269
2001-09-26 00:00:00,1.1701203764097392
2001-09-27 00:00:00,1.1576834305046235
2001-09-28 00:00:00,1.1505261309173822
2001-10-01 00:00:00,1.157775264329173
2001-10-02 00:00:00,1.156255323964051
2001-10-03 00:00:00,1.161051428211416
2001-10-04 00:00:00,1.1594176105659795
2001-10-05 00:00:00,1.1630667733494897
2001-10-09 00:00:00,1.1630667733494897
2001-10-10 00:00:00,1.158742217392193
2001-10-11 00:00:00,1.1514664247090323
2001-10-12 00:00:00,1.1594166351164386
2001-10-15 00:00:00,1.1585572203452836
2001-10-16 00:00:00,1.1575012265247573
2001-10-17 00:00:00,1.1575012265247573
2001-10-18 00:00:00,1.153427368892801
2001-10-19 00:00:00,1.143431431086977
2001-10-22 00:00:00,1.1348101943823279
2001-10-23 00:00:00,1.1371600923671137
2001-10-24 00:00:00,1.1393280548623743
2001-10-25 00:00:00,1.140863364986838
2001-10-26 00:00:00,1.1398393655568038
2001-10-29 00:00:00,1.151205469145359
2001-10-30 00:00:00,1.1523807015889056
2001-10-31 00:00:00,1.1409914942955741
2001-11-01 00:00:00,1.1518580799555318
2001-11-02 00:00:00,1.1514664247090323
2001-11-05 00:00:00,1.1480832032102826
2001-11-06 00:00:00,1.1471757300370136
2001-11-07 00:00:00,1.1503581798344327
2001-11-08 00:00:00,1.1449778277028957
2001-11-09 00:00:00,1.1499675437441612
2001-11-13 00:00:00,1.1379243128592955
2001-11-14 00:00:00,1.1413760549609924
2001-11-15 00:00:00,1.1325962391536
2001-11-16 00:00:00,1.1312090263008343
2001-11-19 00:00:00,1.1244480647712
2001-11-20 00:00:00,1.1353808968716799
2001-11-21 00:00:00,1.1303909057254844
2001-11-23 00:00:00,1.1248838249690298
2001-11-26 00:00:00,1.1244480647712
2001-11-27 00:00:00,1.1266552366237998
2001-11-28 00:00:00,1.1320914046364823
2001-11-29 00:00:00,1.1325331102176905
2001-11-30 00:00:00,1.1381792813362974
2001-12-03 00:00:00,1.1314609940091094
2001-12-04 00:00:00,1.1293856111620022
2001-12-05 00:00:00,1.12719275104935
2001-12-06 00:00:00,1.1338278329914717
2001-12-07 00:00:00,1.1338278329914717
2001-12-10 00:00:00,1.1404322459605192
2001-12-11 00:00:00,1.1369162788678955
2001-12-12 00:00:00,1.1337589169715667
2001-12-13 00:00:00,1.1310933767338496
2001-12-14 00:00:00,1.1228326538487863
2001-12-17 00:00:00,1.1219930923223491
2001-12-18 00:00:00,1.1217341662798845
2001-12-19 00:00:00,1.1241185076301126
2001-12-20 00:00:00,1.12866589649481
2001-12-21 00:00:00,1.1375894611536006
2001-12-24 00:00:00,1.1523980639501519
2001-12-26 00:00:00,1.1504951403872818
2001-12-27 00:00:00,1.1406502143447563
2001-12-28 00:00:00,1.1423928897347135
2001-12-31 00:00:00,1.1347964685658372
2002-01-02 00:00:00,1.1226315505987816
2002-01-03 00:00:00,1.1260991777107103
2002-01-04 00:00:00,1.128971999139297
2002-01-07 00:00:00,1.1278866476143306
2002-01-08 00:00:00,1.129732840882275
2002-01-09 00:00:00,1.132332820286884
2002-01-10 00:00:00,1.1276911600569184
2002-01-11 00:00:00,1.1295373533248627
2002-01-14 00:00:00,1.1248741118429377
2002-01-15 00:00:00,1.124488256451974
2002-01-16 00:00:00,1.1309931905854356
2002-01-17 00:00:00,1.1328274505530211
2002-01-18 00:00:00,1.1317500545755583
2002-01-22 00:00:00,1.1302901143652775
2002-01-23 00:00:00,1.1316197295372834
2002-01-24 00:00:00,1.133829554101138
2002-01-25 00:00:00,1.145621645332542
2002-01-28 00:00:00,1.150842159386957
2002-01-29 00:00:00,1.1464168468382907
2002-01-30 00:00:00,1.1448577436510512
2002-01-31 00:00:00,1.1502795232315657
2002-02-01 00:00:00,1.1498469701713863
2002-02-04 00:00:00,1.1412644946708808
2002-02-05 00:00:00,1.1430619688696502
2002-02-06 00:00:00,1.1372379205473027
2002-02-07 00:00:00,1.1372379205473027
2002-02-08 00:00:00,1.1347421337208203
2002-02-11 00:00:00,1.1284267753209536
2002-02-12 00:00:00,1.127077474692298
2002-02-13 00:00:00,1.1311744465795301
2002-02-14 00:00:00,1.127268012882011
2002-02-15 00:00:00,1.122040883193402
2002-02-19 00:00:00,1.121132345067763
2002-02-20 00:00:00,1.1272646041444623
2002-02-21 00:00:00,1.1229455680156912
2002-02-22 00:00:00,1.1196366573598258
2002-02-25 00:00:00,1.1210007113317308
2002-02-26 00:00:00,1.1258461975701797
2002-02-27 00:00:00,1.1257808390689987
2002-02-28 00:00:00,1.1253936848454995
2002-03-01 00:00:00,1.1214526566827738
2002-03-04 00:00:00,1.1161788537310968
2002-03-05 00:00:00,1.114082540248503
2002-03-06 00:00:00,1.1095371186630887
2002-03-07 00:00:00,1.105090225091681
2002-03-08 00:00:00,1.1112553203819868
2002-03-11 00:00:00,1.1132958311163093
2002-03-12 00:00:00,1.114149391955273
2002-03-13 00:00:00,1.1165709187805155
2002-03-14 00:00:00,1.108350771384795
2002-03-15 00:00:00,1.1090796091548225
2002-03-18 00:00:00,1.1047659740598557
2002-03-19 00:00:00,1.1069613669286016
2002-03-20 00:00:00,1.101026573599191
2002-03-21 00:00:00,1.0984083750338145
2002-03-22 00:00:00,1.1042379926918267
2002-03-25 00:00:00,1.1093484613678954
2002-03-26 00:00:00,1.107894127797622
2002-03-27 00:00:00,1.113692729434048
2002-03-28 00:00:00,1.114675308778992
2002-03-29 00:00:00,1.1156559941890505
2002-04-01 00:00:00,1.1013075609787402
2002-04-02 00:00:00,1.1025795130133371
2002-04-03 00:00:00,1.094037725841785
2002-04-04 00:00:00,1.0970811399534306
2002-04-05 00:00:00,1.0926164210619402
2002-04-08 00:00:00,1.0926164210619402
2002-04-09 00:00:00,1.0963894849620104
2002-04-10 00:00:00,1.0940596887901979
2002-04-11 00:00:00,1.1028638511674247
2002-04-12 00:00:00,1.1006336550274398
2002-04-15 00:00:00,1.098982768040552
2002-04-16 00:00:00,1.1001251617703238
2002-04-17 00:00:00,1.1066438539104757
2002-04-18 00:00:00,1.1094797496339501
2002-04-19 00:00:00,1.1133703858103405
2002-04-22 00:00:00,1.1110327365691661
2002-04-23 00:00:00,1.1153259544036842
2002-04-24 00:00:00,1.1149342913036948
2002-04-25 00:00:00,1.1260724301717164
2002-04-26 00:00:00,1.128407019382474
2002-04-29 00:00:00,1.1342522953983285
2002-04-30 00:00:00,1.1332401725886334
2002-05-01 00:00:00,1.1407046288152651
2002-05-02 00:00:00,1.1364175446647333
2002-05-03 00:00:00,1.149515284891077
2002-05-06 00:00:00,1.151252027631288
2002-05-07 00:00:00,1.1425518683629177
2002-05-08 00:00:00,1.1368922953697138
2002-05-09 00:00:00,1.1467473694446744
2002-05-10 00:00:00,1.147299885642913
2002-05-13 00:00:00,1.1493765718121711
2002-05-14 00:00:00,1.1386591333661042
2002-05-15 00:00:00,1.1444051003973883
2002-05-16 00:00:00,1.148406516832344
2002-05-17 00:00:00,1.161287935943363
2002-05-20 00:00:00,1.1635577388965874
2002-05-21 00:00:00,1.1624217293882673
2002-05-22 00:00:00,1.180063637565194
2002-05-23 00:00:00,1.1798443763913617
2002-05-24 00:00:00,1.179917454395474
2002-05-28 00:00:00,1.19779723976452
2002-05-29 00:00:00,1.1988525677290702
2002-05-30 00:00:00,1.2012717430454614
2002-05-31 00:00:00,1.1902385067925603
2002-06-03 00:00:00,1.2026368245716494
2002-06-04 00:00:00,1.2058117174932663
2002-06-05 00:00:00,1.2058117174932663
2002-06-06 00:00:00,1.209343319365461
2002-06-07 00:00:00,1.2045881642538008
2002-06-10 00:00:00,1.2059648364415194
2002-06-11 00:00:00,1.2073446589088437
2002-06-12 00:00:00,1.211194118986987
2002-06-13 00:00:00,1.2067310148636552
2002-06-14 00:00:00,1.2047409725963423
2002-06-17 00:00:00,1.2096513930680126
2002-06-18 00:00:00,1.217170533415824
2002-06-19 00:00:00,1.2293816293821316
2002-06-20 00:00:00,1.243547608612933
2002-06-21 00:00:00,1.2483697781106757
2002-06-24 00:00:00,1.2568783863124626
2002-06-25 00:00:00,1.2510832679458526
2002-06-26 00:00:00,1.2633993730180877
2002-06-27 00:00:00,1.2681229919851735
2002-06-28 00:00:00,1.2622239615865185
2002-07-01 00:00:00,1.2672768997834223
2002-07-02 00:00:00,1.2694790919632355
2002-07-03 00:00:00,1.2723704564545775
2002-07-05 00:00:00,1.2671078168081342
2002-07-08 00:00:00,1.2833747414833738
2002-07-09 00:00:00,1.290349604208827
2002-07-10 00:00:00,1.287550581206205
2002-07-11 00:00:00,1.2910512625036659
2002-07-12 00:00:00,1.2804332057404566
2002-07-15 00:00:00,1.2931608233901097
2002-07-16 00:00:00,1.2963381227104787
2002-07-17 00:00:00,1.2954539744887417
2002-07-18 00:00:00,1.2910512625036659
2002-07-19 00:00:00,1.2957190922951043
2002-07-22 00:00:00,1.2748470483894176
2002-07-23 00:00:00,1.246649131921366
2002-07-24 00:00:00,1.2395709830942983
2002-07-25 00:00:00,1.2516603739014123
2002-07-26 00:00:00,1.243710461888026
2002-07-29 00:00:00,1.234014174503244
2002-07-30 00:00:00,1.2615532793540074
2002-07-31 00:00:00,1.2463219274247985
2002-08-01 00:00:00,1.2422096403624134
2002-08-02 00:00:00,1.2422096403624134
2002-08-05 00:00:00,1.2381480080044407
2002-08-06 00:00:00,1.2122260924773613
2002-08-07 00:00:00,1.2280295329098396
2002-08-08 00:00:00,1.2231110683723454
2002-08-09 00:00:00,1.232185301210719
2002-08-12 00:00:00,1.2409070217855491
2002-08-13 00:00:00,1.2456420617370991
2002-08-14 00:00:00,1.2537252905842873
2002-08-15 00:00:00,1.249258335867241
2002-08-16 00:00:00,1.259061001356823
2002-08-19 00:00:00,1.2550549740424173
2002-08-20 00:00:00,1.259731160239781
2002-08-21 00:00:00,1.2548886093852005
2002-08-22 00:00:00,1.2379860950963715
2002-08-23 00:00:00,1.2413951834778327
2002-08-26 00:00:00,1.2472832238737752
2002-08-27 00:00:00,1.2578899374437886
2002-08-28 00:00:00,1.2588935730321746
2002-08-29 00:00:00,1.259563553645816
2002-08-30 00:00:00,1.2561207532842333
2002-09-03 00:00:00,1.2663027914930383
2002-09-04 00:00:00,1.2685085983119326
2002-09-05 00:00:00,1.2707221032485845
2002-09-06 00:00:00,1.2646112301899484
2002-09-09 00:00:00,1.261830012556075
2002-09-10 00:00:00,1.2485498686680758
2002-09-11 00:00:00,1.245969948565669
2002-09-12 00:00:00,1.2570547960698384
2002-09-13 00:00:00,1.2551381729137492
2002-09-16 00:00:00,1.2540574472383033
2002-09-17 00:00:00,1.2490935043148108
2002-09-18 00:00:00,1.2613256504166217
2002-09-19 00:00:00,1.2691037829883978
2002-09-20 00:00:00,1.2642734600964147
2002-09-23 00:00:00,1.2661334317509634
2002-09-24 00:00:00,1.2705515594151058
2002-09-25 00:00:00,1.2664721965487562
2002-09-26 00:00:00,1.2605698627432695
2002-09-27 00:00:00,1.2622506225602603
2002-09-30 00:00:00,1.2772089388895314
2002-10-01 00:00:00,1.2772089388895314
2002-10-02 00:00:00,1.2766931032922417
2002-10-03 00:00:00,1.281350678456259
2002-10-04 00:00:00,1.2766931032922417
2002-10-07 00:00:00,1.2774670130335783
2002-10-08 00:00:00,1.2784141778450757
2002-10-09 00:00:00,1.2804856023838471
2002-10-10 00:00:00,1.2833447961641207
2002-10-11 00:00:00,1.2827372340396008
2002-10-15 00:00:00,1.2751480934859176
2002-10-16 00:00:00,1.2700249593216515
2002-10-17 00:00:00,1.2404547248207678
2002-10-18 00:00:00,1.24330073697211
2002-10-21 00:00:00,1.2489498710990083
2002-10-22 00:00:00,1.2502671550764364
2002-10-23 00:00:00,1.25340686905297
2002-10-24 00:00:00,1.2519176727729069
2002-10-25 00:00:00,1.2575621762703582
2002-10-28 00:00:00,1.2638470542086722
2002-10-29 00:00:00,1.2627531785958417
2002-10-30 00:00:00,1.2640155109969702
2002-10-31 00:00:00,1.2719839542961264
2002-11-01 00:00:00,1.2841267936702465
2002-11-04 00:00:00,1.2816970362555442
2002-11-05 00:00:00,1.2869149642088167
2002-11-06 00:00:00,1.2837791215994
2002-11-07 00:00:00,1.3042602628599602
2002-11-08 00:00:00,1.3131276217137833
2002-11-12 00:00:00,1.3089408379923768
2002-11-13 00:00:00,1.3012179433664612
2002-11-14 00:00:00,1.3001475694070155
2002-11-15 00:00:00,1.3080381201730717
2002-11-18 00:00:00,1.3080381201730717
2002-11-19 00:00:00,1.3008609562763747
2002-11-20 00:00:00,1.2973018291730192
2002-11-21 00:00:00,1.2956180574157758
2002-11-22 00:00:00,1.2944685191447953
2002-11-25 00:00:00,1.288838865351287
2002-11-26 00:00:00,1.291559601124245
2002-11-27 00:00:00,1.288838865351287
2002-11-29 00:00:00,1.2926733373530714
2002-12-02 00:00:00,1.2926733373530714
2002-12-03 00:00:00,1.2947976978088696
2002-12-04 00:00:00,1.3004969448968866
2002-12-05 00:00:00,1.2969290520439458
2002-12-06 00:00:00,1.309140513625085
2002-12-09 00:00:00,1.3038147678963476
2002-12-10 00:00:00,1.2994245175096708
2002-12-11 00:00:00,1.2961289724313338
2002-12-12 00:00:00,1.312684871836219
2002-12-13 00:00:00,1.3188189132933972
2002-12-16 00:00:00,1.3241754607003313
2002-12-17 00:00:00,1.3283614737478562
2002-12-18 00:00:00,1.326963198512332
2002-12-19 00:00:00,1.3265908221412046
2002-12-20 00:00:00,1.3320108184559545
2002-12-23 00:00:00,1.3311668834073025
2002-12-24 00:00:00,1.3403193633967063
2002-12-26 00:00:00,1.3483475170280041
2002-12-27 00:00:00,1.3500803640440333
2002-12-30 00:00:00,1.3582262303405204
2002-12-31 00:00:00,1.362827068742395
2003-01-02 00:00:00,1.3502731775778871
2003-01-03 00:00:00,1.3592025286659524
2003-01-06 00:00:00,1.366866096486969
2003-01-07 00:00:00,1.363908365464565
2003-01-08 00:00:00,1.3655828395176377
2003-01-09 00:00:00,1.3670637347311112
2003-01-10 00:00:00,1.375016403345021
2003-01-13 00:00:00,1.3599845784522964
2003-01-14 00:00:00,1.362827068742395
2003-01-15 00:00:00,1.371426282187462
2003-01-16 00:00:00,1.375816762136258
2003-01-17 00:00:00,1.3844798344414064
2003-01-21 00:00:00,1.3601802315350837
2003-01-22 00:00:00,1.371426282187462
2003-01-23 00:00:00,1.3634166543226427
2003-01-24 00:00:00,1.375716666336903
2003-01-27 00:00:00,1.3707303790359353
2003-01-28 00:00:00,1.3704323509784555
2003-01-29 00:00:00,1.375716666336903
2003-01-30 00:00:00,1.3708395786224876
2003-01-31 00:00:00,1.3708395786224876
2003-02-03 00:00:00,1.3720213368799208
2003-02-04 00:00:00,1.3813494148248586
2003-02-05 00:00:00,1.3710363969395905
2003-02-06 00:00:00,1.3797527098228939
2003-02-07 00:00:00,1.3777620119296274
2003-02-10 00:00:00,1.3744898891233175
2003-02-11 00:00:00,1.3739954682998918
2003-02-12 00:00:00,1.3694634310460703
2003-02-13 00:00:00,1.3720213368799208
2003-02-14 00:00:00,1.3698563340531127
2003-02-18 00:00:00,1.3599072208322769
2003-02-19 00:00:00,1.3628183965583343
2003-02-20 00:00:00,1.3786571146588102
2003-02-21 00:00:00,1.3641812149548924
2003-02-24 00:00:00,1.3561412347772845
2003-02-25 00:00:00,1.350540753346097
2003-02-26 00:00:00,1.3481954686833613
2003-02-27 00:00:00,1.3266558078194286
2003-02-28 00:00:00,1.3322082177293872
2003-03-03 00:00:00,1.3324870584921857
2003-03-04 00:00:00,1.3368708532387301
2003-03-05 00:00:00,1.3527792186831349
2003-03-06 00:00:00,1.3369644388777386
2003-03-07 00:00:00,1.3234382239185434
2003-03-10 00:00:00,1.3290561593158314
2003-03-11 00:00:00,1.330537620828236
2003-03-12 00:00:00,1.3402482111837541
2003-03-13 00:00:00,1.328131919983901
2003-03-14 00:00:00,1.3165956851901623
2003-03-17 00:00:00,1.298425250483955
2003-03-18 00:00:00,1.2805777798959699
2003-03-19 00:00:00,1.2839352611340165
2003-03-20 00:00:00,1.2882655655560535
2003-03-21 00:00:00,1.2793768093092508
2003-03-24 00:00:00,1.2921878896731054
2003-03-25 00:00:00,1.3027651438859822
2003-03-26 00:00:00,1.3013448493709794
2003-03-27 00:00:00,1.2987784433436584
2003-03-28 00:00:00,1.3031207020584399
2003-03-31 00:00:00,1.3120225722996195
2003-04-01 00:00:00,1.3120225722996195
2003-04-02 00:00:00,1.3229634628411948
2003-04-03 00:00:00,1.3192965995400148
2003-04-04 00:00:00,1.3209116484604404
2003-04-07 00:00:00,1.3298611741783262
2003-04-08 00:00:00,1.3253424932606632
2003-04-09 00:00:00,1.321690435027204
2003-04-10 00:00:00,1.3301661137824603
2003-04-11 00:00:00,1.3318580663022899
2003-04-14 00:00:00,1.3303691646492417
2003-04-15 00:00:00,1.3219265745824598
2003-04-16 00:00:00,1.314644389681875
2003-04-17 00:00:00,1.3107533796399782
2003-04-18 00:00:00,1.3124068363027825
2003-04-21 00:00:00,1.3147804131676957
2003-04-22 00:00:00,1.302090919773524
2003-04-23 00:00:00,1.3029377499233192
2003-04-24 00:00:00,1.2883272237666032
2003-04-25 00:00:00,1.2859871853640472
2003-04-28 00:00:00,1.2825003805909785
2003-04-29 00:00:00,1.2870640086224518
2003-04-30 00:00:00,1.2712378505181932
2003-05-01 00:00:00,1.2624330833944417
2003-05-02 00:00:00,1.277814331185107
2003-05-05 00:00:00,1.2708184421578665
2003-05-06 00:00:00,1.2545127372538158
2003-05-07 00:00:00,1.2574978307948412
2003-05-08 00:00:00,1.2470004300986384
2003-05-09 00:00:00,1.241704490688781
2003-05-12 00:00:00,1.2335196314333334
2003-05-13 00:00:00,1.2436667414842866
2003-05-14 00:00:00,1.241175885387954
2003-05-15 00:00:00,1.2399501732077505
2003-05-16 00:00:00,1.2311757416607259
2003-05-19 00:00:00,1.2323264236768448
2003-05-20 00:00:00,1.2285662588110944
2003-05-21 00:00:00,1.2127150248492256
2003-05-22 00:00:00,1.2144217500791143
2003-05-23 00:00:00,1.205602361362328
2003-05-27 00:00:00,1.1987100310106564
2003-05-28 00:00:00,1.213697226247776
2003-05-29 00:00:00,1.213697226247776
2003-05-30 00:00:00,1.2094712230839204
2003-06-02 00:00:00,1.2034823172506572
2003-06-03 00:00:00,1.1791110989963098
2003-06-04 00:00:00,1.1720759114161314
2003-06-05 00:00:00,1.1772245212379155
2003-06-06 00:00:00,1.1603467503241105
2003-06-09 00:00:00,1.1613290932129932
2003-06-10 00:00:00,1.15340153676937
2003-06-11 00:00:00,1.1558724055285161
2003-06-12 00:00:00,1.163683477140283
2003-06-13 00:00:00,1.1673761118578783
2003-06-16 00:00:00,1.165829071981601
2003-06-17 00:00:00,1.1655604400343713
2003-06-18 00:00:00,1.1586855523995232
2003-06-19 00:00:00,1.1580886849312693
2003-06-20 00:00:00,1.1490620548748023
2003-06-23 00:00:00,1.1435420110929948
2003-06-24 00:00:00,1.136716093189701
2003-06-25 00:00:00,1.1327387800574766
2003-06-26 00:00:00,1.1160257285591104
2003-06-27 00:00:00,1.1160257285591104
2003-06-30 00:00:00,1.1202738713420541
2003-07-01 00:00:00,1.1333732787439672
2003-07-02 00:00:00,1.1247107536840844
2003-07-03 00:00:00,1.1253675830126908
2003-07-07 00:00:00,1.1069285222811243
2003-07-08 00:00:00,1.1052656957242877
2003-07-09 00:00:00,1.1051147773650485
2003-07-10 00:00:00,1.1072616881701194
2003-07-11 00:00:00,1.1024953798543344
2003-07-14 00:00:00,1.0970408110485488
2003-07-15 00:00:00,1.0890277021078407
2003-07-16 00:00:00,1.0890277021078407
2003-07-17 00:00:00,1.0968165823881515
2003-07-18 00:00:00,1.0839593552693778
2003-07-21 00:00:00,1.0775945439608992
2003-07-22 00:00:00,1.0790248640274063
2003-07-23 00:00:00,1.056445041671404
2003-07-24 00:00:00,1.0567704729130405
2003-07-25 00:00:00,1.0422336890292638
2003-07-28 00:00:00,1.04552003447591
2003-07-29 00:00:00,1.0512512071262108
2003-07-30 00:00:00,1.0557438149060803
2003-07-31 00:00:00,1.066223964651759
2003-08-01 00:00:00,1.0614917439626539
2003-08-04 00:00:00,1.0562547759971135
2003-08-05 00:00:00,1.0582831483808337
2003-08-06 00:00:00,1.052158610864654
2003-08-07 00:00:00,1.0449402020221097
2003-08-08 00:00:00,1.0552280104870335
2003-08-11 00:00:00,1.0602699720865483
2003-08-12 00:00:00,1.066561170857471
2003-08-13 00:00:00,1.0746587019451408
2003-08-14 00:00:00,1.0791522839566707
2003-08-15 00:00:00,1.0798330178267228
2003-08-18 00:00:00,1.0862097780241133
2003-08-19 00:00:00,1.0947271006775385
2003-08-20 00:00:00,1.093028935021552
2003-08-21 00:00:00,1.1058858454028233
2003-08-22 00:00:00,1.117663743491281
2003-08-25 00:00:00,1.1162152389621718
2003-08-26 00:00:00,1.1185065554235187
2003-08-27 00:00:00,1.1170605857220854
2003-08-28 00:00:00,1.1120156853418444
2003-08-29 00:00:00,1.0972528886772415
2003-09-02 00:00:00,1.1087773035188422
2003-09-03 00:00:00,1.109979019304177
2003-09-04 00:00:00,1.1021857157465995
2003-09-05 00:00:00,1.0866866621962907
2003-09-08 00:00:00,1.0841429726485514
2003-09-09 00:00:00,1.0792028964548643
2003-09-10 00:00:00,1.0820277153192683
2003-09-11 00:00:00,1.081342974993877
2003-09-12 00:00:00,1.081342974993877
2003-09-15 00:00:00,1.084084529245027
2003-09-16 00:00:00,1.0931867856575934
2003-09-17 00:00:00,1.0789327711777015
2003-09-18 00:00:00,1.0727003289500299
2003-09-19 00:00:00,1.0620639559552827
2003-09-22 00:00:00,1.0514858342761784
2003-09-23 00:00:00,1.039988121949317
2003-09-24 00:00:00,1.0342240882536131
2003-09-25 00:00:00,1.0370681571853628
2003-09-26 00:00:00,1.043217404103817
2003-09-29 00:00:00,1.0329257988984206
2003-09-30 00:00:00,1.0417769517102524
2003-10-01 00:00:00,1.0360182488915082
2003-10-02 00:00:00,1.0282862080779496
2003-10-03 00:00:00,1.0454666748846448
2003-10-06 00:00:00,1.0292987748507985
2003-10-07 00:00:00,1.0297231562374052
2003-10-08 00:00:00,1.0281189034010865
2003-10-09 00:00:00,1.0385248088352221
2003-10-10 00:00:00,1.0277507363831875
2003-10-14 00:00:00,1.0403119724785492
2003-10-15 00:00:00,1.04696754626106
2003-10-16 00:00:00,1.0460405868582967
2003-10-17 00:00:00,1.0488037592227735
2003-10-20 00:00:00,1.0498364857944833
2003-10-21 00:00:00,1.047017403716087
2003-10-22 00:00:00,1.0265834591047125
2003-10-23 00:00:00,1.0307391076324102
2003-10-24 00:00:00,1.0289774024615472
2003-10-27 00:00:00,1.0354426955167484
2003-10-28 00:00:00,1.0375237016708496
2003-10-29 00:00:00,1.040168761579713
2003-10-30 00:00:00,1.0354164761602032
2003-10-31 00:00:00,1.0459860673712962
2003-11-03 00:00:00,1.0605058516167634
2003-11-04 00:00:00,1.0599842213488122
2003-11-05 00:00:00,1.060381559320787
2003-11-06 00:00:00,1.0662579782813904
2003-11-07 00:00:00,1.0562622775621793
2003-11-10 00:00:00,1.0533253610664894
2003-11-12 00:00:00,1.0533253610664894
2003-11-13 00:00:00,1.0573867369677807
2003-11-14 00:00:00,1.0593988762114244
2003-11-17 00:00:00,1.0596717842998664
2003-11-18 00:00:00,1.0741840454978802
2003-11-19 00:00:00,1.0799023737500018
2003-11-20 00:00:00,1.0782511468788243
2003-11-21 00:00:00,1.0807693220868324
2003-11-24 00:00:00,1.0674014856442289
2003-11-25 00:00:00,1.0693747292918667
2003-11-26 00:00:00,1.079508765945019
2003-11-28 00:00:00,1.0850455195804347
2003-12-01 00:00:00,1.0843304716433897
2003-12-02 00:00:00,1.095318139884155
2003-12-03 00:00:00,1.1027404312483262
2003-12-04 00:00:00,1.1059522965820592
2003-12-05 00:00:00,1.1131850899221056
2003-12-08 00:00:00,1.1134361843032912
2003-12-09 00:00:00,1.1144416956075989
2003-12-10 00:00:00,1.1107136830951034
2003-12-11 00:00:00,1.1019526774540334
2003-12-12 00:00:00,1.1110970326555953
2003-12-15 00:00:00,1.1062827768738814
2003-12-16 00:00:00,1.1092660113283725
2003-12-17 00:00:00,1.1030689945053087
2003-12-18 00:00:00,1.0962100267402304
2003-12-19 00:00:00,1.1033155454651893
2003-12-22 00:00:00,1.1023300023249794
2003-12-23 00:00:00,1.0958044436313286
2003-12-24 00:00:00,1.0969408334247237
2003-12-26 00:00:00,1.0919260618812694
2003-12-29 00:00:00,1.0971033672569102
2003-12-30 00:00:00,1.1012643155524482
2003-12-31 00:00:00,1.1107636702095538
2004-01-02 00:00:00,1.111931314854616
2004-01-05 00:00:00,1.1119981115575175
2004-01-06 00:00:00,1.1053744309348192
2004-01-07 00:00:00,1.0874358386865743
2004-01-08 00:00:00,1.0870367210771321
2004-01-09 00:00:00,1.102165916287122
2004-01-12 00:00:00,1.0997212369210052
2004-01-13 00:00:00,1.0997212369210052
2004-01-14 00:00:00,1.1006382171066451
2004-01-15 00:00:00,1.0829015918675986
2004-01-16 00:00:00,1.0630301234020116
2004-01-20 00:00:00,1.0787925081856724
2004-01-21 00:00:00,1.088002099806922
2004-01-22 00:00:00,1.091778489932535
2004-01-23 00:00:00,1.0825526882762995
2004-01-26 00:00:00,1.076906507297236
2004-01-27 00:00:00,1.0849678946261891
2004-01-28 00:00:00,1.0682379678437255
2004-01-29 00:00:00,1.04508500863682
2004-01-30 00:00:00,1.0535605630034104
2004-02-02 00:00:00,1.0584635812601277
2004-02-03 00:00:00,1.062968977004347
2004-02-04 00:00:00,1.0605288760528302
2004-02-05 00:00:00,1.0628161417811972
2004-02-06 00:00:00,1.0728427091564916
2004-02-09 00:00:00,1.0771418966977382
2004-02-10 00:00:00,1.0661887012964413
2004-02-11 00:00:00,1.068809465888986
2004-02-12 00:00:00,1.0693506352388034
2004-02-13 00:00:00,1.0680373162965218
2004-02-17 00:00:00,1.0804323938973672
2004-02-18 00:00:00,1.0739337884771507
2004-02-19 00:00:00,1.0671892393110847
2004-02-20 00:00:00,1.0550793985281512
2004-02-23 00:00:00,1.0562855481692237
2004-02-24 00:00:00,1.0643464745987368
2004-02-25 00:00:00,1.0458983043633856
2004-02-26 00:00:00,1.047974234931343
2004-02-27 00:00:00,1.0489408636424333
2004-03-01 00:00:00,1.0580999522027237
2004-03-02 00:00:00,1.036366809125584
2004-03-03 00:00:00,1.0351622039670945
2004-03-04 00:00:00,1.0421382019016252
2004-03-05 00:00:00,1.0561346286738431
2004-03-08 00:00:00,1.0580999522027237
2004-03-09 00:00:00,1.0678058889257098
2004-03-10 00:00:00,1.0430204975431392
2004-03-11 00:00:00,1.0567864606168718
2004-03-12 00:00:00,1.0567864606168718
2004-03-15 00:00:00,1.0519263062833681
2004-03-16 00:00:00,1.0447780604736594
2004-03-17 00:00:00,1.052263801503957
2004-03-18 00:00:00,1.0432432686916029
2004-03-19 00:00:00,1.0487673437759346
2004-03-22 00:00:00,1.0327742253378516
2004-03-23 00:00:00,1.0390179939806365
2004-03-24 00:00:00,1.044646258196378
2004-03-25 00:00:00,1.0543405182807828
2004-03-26 00:00:00,1.0588267517413978
2004-03-29 00:00:00,1.0525419829502678
2004-03-30 00:00:00,1.0458741472760067
2004-03-31 00:00:00,1.0394364782843288
2004-04-01 00:00:00,1.0330804537537503
2004-04-02 00:00:00,1.0503101938567072
2004-04-05 00:00:00,1.0561937511802786
2004-04-06 00:00:00,1.0503419774239169
2004-04-07 00:00:00,1.0403050066603925
2004-04-08 00:00:00,1.0525902919540164
2004-04-09 00:00:00,1.0498532220821484
2004-04-12 00:00:00,1.0574035545781648
2004-04-13 00:00:00,1.0537031626750424
2004-04-14 00:00:00,1.0518131647015665
2004-04-15 00:00:00,1.0519051098842094
2004-04-16 00:00:00,1.0426827302107913
2004-04-19 00:00:00,1.0440953865513487
2004-04-20 00:00:00,1.0533994884047502
2004-04-21 00:00:00,1.0556164760978932
2004-04-22 00:00:00,1.051982943413432
2004-04-23 00:00:00,1.0594199245832558
2004-04-26 00:00:00,1.0545243598034375
2004-04-27 00:00:00,1.044814038713486
2004-04-28 00:00:00,1.0473744718377822
2004-04-29 00:00:00,1.0356517608088405
2004-04-30 00:00:00,1.0400525612037492
2004-05-03 00:00:00,1.0433331354246786
2004-05-04 00:00:00,1.0291447110062952
2004-05-05 00:00:00,1.0141690175873819
2004-05-06 00:00:00,1.0180986110424397
2004-05-07 00:00:00,1.0294401400760829
2004-05-10 00:00:00,1.0294401400760829
2004-05-11 00:00:00,1.0179182099676116
2004-05-12 00:00:00,1.0316858646399485
2004-05-13 00:00:00,1.0232776062407913
2004-05-14 00:00:00,1.0272041710489845
2004-05-17 00:00:00,1.0306366417643886
2004-05-18 00:00:00,1.0261640395290448
2004-05-19 00:00:00,1.0298885025064297
2004-05-20 00:00:00,1.0249778941286356
2004-05-21 00:00:00,1.0363582184462072
2004-05-24 00:00:00,1.032061105006807
2004-05-25 00:00:00,1.04290973320557
2004-05-26 00:00:00,1.047143258582078
2004-05-27 00:00:00,1.0585498776787714
2004-05-28 00:00:00,1.0547567511098321
2004-06-01 00:00:00,1.057918425958435
2004-06-02 00:00:00,1.0592611625002668
2004-06-03 00:00:00,1.0557928270969321
2004-06-04 00:00:00,1.0621158863998035
2004-06-07 00:00:00,1.0666353925548118
2004-06-08 00:00:00,1.062274933402858
2004-06-09 00:00:00,1.0492341377406134
2004-06-10 00:00:00,1.039395165606489
2004-06-11 00:00:00,1.025422377170322
2004-06-14 00:00:00,1.0288429304226667
2004-06-15 00:00:00,1.037570865184187
2004-06-16 00:00:00,1.0228349802125711
2004-06-17 00:00:00,1.0236467540063907
2004-06-18 00:00:00,1.0298885025064297
2004-06-21 00:00:00,1.0272041710489845
2004-06-22 00:00:00,1.0294401400760829
2004-06-23 00:00:00,1.0242379447392849
2004-06-24 00:00:00,1.0321361858379583
2004-06-25 00:00:00,1.0372674375295052
2004-06-28 00:00:00,1.0403097236052627
2004-06-29 00:00:00,1.0275315051514073
2004-06-30 00:00:00,1.022466417593584
2004-07-01 00:00:00,1.017553181562689
2004-07-02 00:00:00,1.0248594303886687
2004-07-06 00:00:00,1.0317758974407725
2004-07-07 00:00:00,1.0418348443593708
2004-07-08 00:00:00,1.0418348443593708
2004-07-09 00:00:00,1.0434359077864874
2004-07-12 00:00:00,1.045961830978752
2004-07-13 00:00:00,1.0311362221508784
2004-07-14 00:00:00,1.0400110634502078
2004-07-15 00:00:00,1.0356298431073756
2004-07-16 00:00:00,1.0448887351533307
2004-07-19 00:00:00,1.0445825406521867
2004-07-20 00:00:00,1.0383448645428452
2004-07-21 00:00:00,1.0280138197478261
2004-07-22 00:00:00,1.030838033538342
2004-07-23 00:00:00,1.0165075696800705
2004-07-26 00:00:00,1.0210205284570244
2004-07-27 00:00:00,1.0109580033963663
2004-07-28 00:00:00,1.0175957522054202
2004-07-29 00:00:00,1.0161453591720602
2004-07-30 00:00:00,1.017160199736221
2004-08-02 00:00:00,1.015132541641916
2004-08-03 00:00:00,1.018467977135882
2004-08-04 00:00:00,1.0224848820295698
2004-08-05 00:00:00,1.0283845423658382
2004-08-06 00:00:00,1.04703713319888
2004-08-09 00:00:00,1.0527578027098603
2004-08-10 00:00:00,1.0524469796207814
2004-08-11 00:00:00,1.04473561546764
2004-08-12 00:00:00,1.05089561320035
2004-08-13 00:00:00,1.0639122280183815
2004-08-16 00:00:00,1.0639122280183815
2004-08-17 00:00:00,1.059800184324539
2004-08-18 00:00:00,1.0547826364774633
2004-08-19 00:00:00,1.065343072317868
2004-08-20 00:00:00,1.064786175782417
2004-08-23 00:00:00,1.0516707242884162
2004-08-24 00:00:00,1.0383448645428452
2004-08-25 00:00:00,1.0348781884092282
2004-08-26 00:00:00,1.032151355100645
2004-08-27 00:00:00,1.0246598502308484
2004-08-30 00:00:00,1.024056399200088
2004-08-31 00:00:00,1.035509504989422
2004-09-01 00:00:00,1.0398593698878609
2004-09-02 00:00:00,1.042741705574662
2004-09-03 00:00:00,1.042741705574662
2004-09-07 00:00:00,1.0413206937207202
2004-09-08 00:00:00,1.0348617703894374
2004-09-09 00:00:00,1.0267697749445337
2004-09-10 00:00:00,1.0242136731040143
2004-09-13 00:00:00,1.0289794394993867
2004-09-14 00:00:00,1.0327793434670691
2004-09-15 00:00:00,1.0450337620162597
2004-09-16 00:00:00,1.0484479890869653
2004-09-17 00:00:00,1.0450641348949996
2004-09-20 00:00:00,1.0407813445626644
2004-09-21 00:00:00,1.0358989468662123
2004-09-22 00:00:00,1.031187704185551
2004-09-23 00:00:00,1.0217944538252288
2004-09-24 00:00:00,1.0310678488170941
2004-09-27 00:00:00,1.0270768962490993
2004-09-28 00:00:00,1.0227120703716592
2004-09-29 00:00:00,1.023590968945459
2004-09-30 00:00:00,1.0142265152284158
2004-10-01 00:00:00,1.0085694212387228
2004-10-04 00:00:00,1.0202281101529522
2004-10-05 00:00:00,1.0140149138312695
2004-10-06 00:00:00,1.0148610681508894
2004-10-07 00:00:00,1.0159910187314372
2004-10-08 00:00:00,1.006740435124779
2004-10-12 00:00:00,1.0040139116197508
2004-10-13 00:00:00,1.006217396855273
2004-10-14 00:00:00,0.9947445262640422
2004-10-15 00:00:00,0.9878869194301931
2004-10-18 00:00:00,0.9871592576917009
2004-10-19 00:00:00,0.9912593688944792
2004-10-20 00:00:00,0.9789965583443272
2004-10-21 00:00:00,0.979360204250369
2004-10-22 00:00:00,0.9750327991884433
2004-10-25 00:00:00,0.9650365835384854
2004-10-26 00:00:00,0.9646464339981483
2004-10-27 00:00:00,0.9610286405128811
2004-10-28 00:00:00,0.9565070660967131
2004-10-29 00:00:00,0.9567292336796153
2004-11-01 00:00:00,0.9561755465415183
2004-11-02 00:00:00,0.9656484660942573
2004-11-03 00:00:00,0.9656484660942573
2004-11-04 00:00:00,0.9743004370860788
2004-11-05 00:00:00,0.9748087677489062
2004-11-08 00:00:00,0.9692156654895594
2004-11-09 00:00:00,0.9704666009808812
2004-11-10 00:00:00,0.9731317501873189
2004-11-12 00:00:00,0.9863486571767449
2004-11-15 00:00:00,0.9858282231443699
2004-11-16 00:00:00,0.9895145973378002
2004-11-17 00:00:00,0.9901661269671638
2004-11-18 00:00:00,0.9842387867971126
2004-11-19 00:00:00,0.9885468336264982
2004-11-22 00:00:00,0.9865064729618933
2004-11-23 00:00:00,0.9882933072614221
2004-11-24 00:00:00,0.9956987639506858
2004-11-26 00:00:00,1.0106488527565416
2004-11-29 00:00:00,1.0119758819590383
2004-11-30 00:00:00,1.0043272557886063
2004-12-01 00:00:00,1.007642788084759
2004-12-02 00:00:00,1.001000966963525
2004-12-03 00:00:00,1.0129734430827595
2004-12-06 00:00:00,1.0170337582495104
2004-12-07 00:00:00,1.014924354899067
2004-12-08 00:00:00,0.9945744609894396
2004-12-09 00:00:00,0.9908662846141958
2004-12-10 00:00:00,0.9925730796245583
2004-12-13 00:00:00,0.9987632961320252
2004-12-14 00:00:00,0.9943819782294704
2004-12-15 00:00:00,1.008285438432025
2004-12-16 00:00:00,0.9999457437580006
2004-12-17 00:00:00,0.9988280153593662
2004-12-20 00:00:00,0.9996053008238894
2004-12-21 00:00:00,0.9983266606236774
2004-12-22 00:00:00,0.9967128121583951
2004-12-23 00:00:00,1.004965682620262
2004-12-24 00:00:00,1.0080052080389477
2004-12-27 00:00:00,1.0158775239338693
2004-12-28 00:00:00,1.0152418791081708
2004-12-29 00:00:00,1.011760002627475
2004-12-30 00:00:00,1.018259889351428
2004-12-31 00:00:00,1.0139001031395205
2005-01-03 00:00:00,1.0139001031395205
2005-01-04 00:00:00,0.9916098001044856
2005-01-05 00:00:00,0.9959506364387324
2005-01-06 00:00:00,0.9875272128799273
2005-01-07 00:00:00,0.9827284431741696
2005-01-10 00:00:00,0.9873696497027625
2005-01-11 00:00:00,0.9936637784630309
2005-01-12 00:00:00,1.0025498622156084
2005-01-13 00:00:00,0.9988925748179339
2005-01-14 00:00:00,0.9892162920029515
2005-01-18 00:00:00,0.9890581894118501
2005-01-19 00:00:00,0.9866927005822992
2005-01-20 00:00:00,0.9782852932500852
2005-01-21 00:00:00,0.9833843346489001
2005-01-24 00:00:00,0.9839315800413496
2005-01-25 00:00:00,0.9767720431713462
2005-01-26 00:00:00,0.9804707648634362
2005-01-27 00:00:00,0.9774200052930779
2005-01-28 00:00:00,0.9772347855526355
2005-01-31 00:00:00,0.9736522986110425
2005-02-01 00:00:00,0.9739281207919521
2005-02-02 00:00:00,0.9760941465184094
2005-02-03 00:00:00,0.9688050722512468
2005-02-04 00:00:00,0.9646219630433593
2005-02-07 00:00:00,0.9458387637385275
2005-02-08 00:00:00,0.9433156427413896
2005-02-09 00:00:00,0.9460556594374219
2005-02-10 00:00:00,0.945333060326917
2005-02-11 00:00:00,0.9448711759110855
2005-02-14 00:00:00,0.9563631878331654
2005-02-15 00:00:00,0.9589864062470266
2005-02-16 00:00:00,0.9618183524264942
2005-02-17 00:00:00,0.9669280124237599
2005-02-18 00:00:00,0.976294336211792
2005-02-22 00:00:00,0.9914032809215099
2005-02-23 00:00:00,0.9913238733699742
2005-02-24 00:00:00,0.9906573518036828
2005-02-25 00:00:00,0.9886947451729584
2005-02-28 00:00:00,0.9979743713835191
2005-03-01 00:00:00,0.9957423053858634
2005-03-02 00:00:00,0.9885169602300019
2005-03-03 00:00:00,0.9885169602300019
2005-03-04 00:00:00,0.9800874729727816
2005-03-07 00:00:00,0.979597056817521
2005-03-08 00:00:00,0.9683462319924236
2005-03-09 00:00:00,0.9659675832512723
2005-03-10 00:00:00,0.9606014816663472
2005-03-11 00:00:00,0.9562232718499744
2005-03-14 00:00:00,0.9647562734992147
2005-03-15 00:00:00,0.9691125432431275
2005-03-16 00:00:00,0.9597567503458715
2005-03-17 00:00:00,0.9582617977699697
2005-03-18 00:00:00,0.9632041878325045
2005-03-21 00:00:00,0.9760316077007947
2005-03-22 00:00:00,0.9756676024106328
2005-03-23 00:00:00,0.9932777130884026
2005-03-24 00:00:00,0.9977416548077329
2005-03-25 00:00:00,0.9989049591526078
2005-03-28 00:00:00,1.0070467126556228
2005-03-29 00:00:00,1.0013145444729425
2005-03-30 00:00:00,0.9972978686208415
2005-03-31 00:00:00,1.0002024302388208
2005-04-01 00:00:00,1.0003301097748205
2005-04-04 00:00:00,1.004969578952416
2005-04-05 00:00:00,1.0013679761339995
2005-04-06 00:00:00,1.000589883273017
2005-04-07 00:00:00,0.9971116825598436
2005-04-08 00:00:00,0.9975804240018811
2005-04-11 00:00:00,0.9949057203903245
2005-04-12 00:00:00,1.0008231536819856
2005-04-13 00:00:00,1.0018544984754334
2005-04-14 00:00:00,1.0115428573537528
2005-04-15 00:00:00,1.002750224307616
2005-04-18 00:00:00,0.9918960169187616
2005-04-19 00:00:00,0.991636124239994
2005-04-20 00:00:00,0.9844816429752241
2005-04-21 00:00:00,0.9814836532230803
2005-04-22 00:00:00,0.9823826493792869
2005-04-25 00:00:00,0.9873925782151741
2005-04-26 00:00:00,0.9881699569111019
2005-04-27 00:00:00,0.9885532810639059
2005-04-28 00:00:00,0.9925641959318339
2005-04-29 00:00:00,0.9925641959318339
2005-05-02 00:00:00,0.9995234593673393
2005-05-03 00:00:00,0.9955074491432158
2005-05-04 00:00:00,0.9897142710102984
2005-05-05 00:00:00,0.9899114601527869
2005-05-06 00:00:00,1.0005250003909631
2005-05-09 00:00:00,0.9992849939955729
2005-05-10 00:00:00,0.9935855885449388
2005-05-11 00:00:00,0.99771945939958
2005-05-12 00:00:00,1.0058158457336648
2005-05-13 00:00:00,1.0097852068050548
2005-05-16 00:00:00,1.01223736744538
2005-05-17 00:00:00,1.010980560643175
2005-05-18 00:00:00,1.010999538848366
2005-05-19 00:00:00,1.0134294555338133
2005-05-20 00:00:00,1.020385070147692
2005-05-23 00:00:00,1.0171571463242768
2005-05-24 00:00:00,1.0141046218224616
2005-05-25 00:00:00,1.0082757070991633
2005-05-26 00:00:00,1.0070560368969477
2005-05-27 00:00:00,1.002892448237654
2005-05-31 00:00:00,1.0142839557704562
2005-06-01 00:00:00,1.0187318668492347
2005-06-02 00:00:00,1.0187794388408515
2005-06-03 00:00:00,1.0188568677723209
2005-06-06 00:00:00,1.0117571794990985
2005-06-07 00:00:00,1.0093906111709303
2005-06-08 00:00:00,1.013473781700183
2005-06-09 00:00:00,1.0198819671984218
2005-06-10 00:00:00,1.0188554122714832
2005-06-13 00:00:00,1.0281723549489652
2005-06-14 00:00:00,1.0301461922775579
2005-06-15 00:00:00,1.02543017690776
2005-06-16 00:00:00,1.0259763737790633
2005-06-17 00:00:00,1.016535353072544
2005-06-20 00:00:00,1.0212228773280825
2005-06-21 00:00:00,1.0203931799521329
2005-06-22 00:00:00,1.0237590435675914
2005-06-23 00:00:00,1.038157340161642
2005-06-24 00:00:00,1.0333787264835514
2005-06-27 00:00:00,1.0293641860405172
2005-06-28 00:00:00,1.0293641860405172
2005-06-29 00:00:00,1.0217101041356156
2005-06-30 00:00:00,1.0225073988601083
2005-07-01 00:00:00,1.0326630272039765
2005-07-05 00:00:00,1.0369202368977581
2005-07-06 00:00:00,1.038399334499635
2005-07-07 00:00:00,1.0332772864869342
2005-07-08 00:00:00,1.0310729571612676
2005-07-11 00:00:00,1.0236399393865419
2005-07-12 00:00:00,1.0123839233229277
2005-07-13 00:00:00,1.020431089241339
2005-07-14 00:00:00,1.024709291337729
2005-07-15 00:00:00,1.031679849029315
2005-07-18 00:00:00,1.0335762416765586
2005-07-19 00:00:00,1.0428648200371398
2005-07-20 00:00:00,1.0339069567072983
2005-07-21 00:00:00,1.026804024329617
2005-07-22 00:00:00,1.0287024876485753
2005-07-25 00:00:00,1.025491827081656
2005-07-26 00:00:00,1.028349647883425
2005-07-27 00:00:00,1.0271319473253484
2005-07-28 00:00:00,1.0193827838430216
2005-07-29 00:00:00,1.011792429048882
2005-08-01 00:00:00,1.0042066269012901
2005-08-02 00:00:00,1.0034101553292298
2005-08-03 00:00:00,0.9920656198219566
2005-08-04 00:00:00,0.9900095664964497
2005-08-05 00:00:00,1.0008169128729836
2005-08-08 00:00:00,0.9992732400314569
2005-08-09 00:00:00,0.9992636321914073
2005-08-10 00:00:00,0.9970861616816566
2005-08-11 00:00:00,0.9878949725732579
2005-08-12 00:00:00,0.9911823228909318
2005-08-15 00:00:00,1.0038278477109874
2005-08-16 00:00:00,1.0053212278344341
2005-08-17 00:00:00,1.0052131114362823
2005-08-18 00:00:00,1.018240803949291
2005-08-19 00:00:00,1.0259538083256148
2005-08-22 00:00:00,1.0174057622458592
2005-08-23 00:00:00,1.019192150015743
2005-08-24 00:00:00,1.014598404482781
2005-08-25 00:00:00,1.014598404482781
2005-08-26 00:00:00,1.0144928281269827
2005-08-29 00:00:00,1.0183426757177363
2005-08-30 00:00:00,1.021059746145649
2005-08-31 00:00:00,1.0036181423164563
2005-09-01 00:00:00,0.9899461664502462
2005-09-02 00:00:00,0.9770942351942016
2005-09-06 00:00:00,0.9858827882392429
2005-09-07 00:00:00,0.9852082116535826
2005-09-08 00:00:00,0.9896964049159888
2005-09-09 00:00:00,0.9860739411617113
2005-09-12 00:00:00,1.0005967213436961
2005-09-13 00:00:00,1.0031677501985976
2005-09-14 00:00:00,0.9999461383587679
2005-09-15 00:00:00,1.003501442165285
2005-09-16 00:00:00,1.0037324096895266
2005-09-19 00:00:00,1.0089964359974206
2005-09-20 00:00:00,1.006643375710922
2005-09-21 00:00:00,1.0053057340021763
2005-09-22 00:00:00,1.008535225440868
2005-09-23 00:00:00,1.0157428562354849
2005-09-26 00:00:00,1.0223990650387216
2005-09-27 00:00:00,1.025210999407186
2005-09-28 00:00:00,1.023395454101406
2005-09-29 00:00:00,1.0246171432062117
2005-09-30 00:00:00,1.0275991917949392
2005-10-03 00:00:00,1.038293282341282
2005-10-04 00:00:00,1.0399399100436324
2005-10-05 00:00:00,1.033797775890191
2005-10-06 00:00:00,1.0235086197272296
2005-10-07 00:00:00,1.0259125956590096
2005-10-11 00:00:00,1.0250861193484213
2005-10-12 00:00:00,1.0195708480339387
2005-10-13 00:00:00,1.0308237692962778
2005-10-14 00:00:00,1.0145028956862696
2005-10-17 00:00:00,1.019053855703577
2005-10-18 00:00:00,1.0270955393219068
2005-10-19 00:00:00,1.0234430827301242
2005-10-20 00:00:00,1.0207883856237778
2005-10-21 00:00:00,1.0251113992794085
2005-10-24 00:00:00,1.0251786055459258
2005-10-25 00:00:00,1.0251786055459258
2005-10-26 00:00:00,1.0249608974509392
2005-10-27 00:00:00,1.0208361537121073
2005-10-28 00:00:00,1.0254779250104922
2005-10-31 00:00:00,1.0309250217476513
2005-11-01 00:00:00,1.0294676191174623
2005-11-02 00:00:00,1.0251266608149407
2005-11-03 00:00:00,1.0340952790836835
2005-11-04 00:00:00,1.0440079275244212
2005-11-07 00:00:00,1.0476342689411564
2005-11-08 00:00:00,1.048257650707363
2005-11-09 00:00:00,1.0442589522099566
2005-11-10 00:00:00,1.0442000338992932
2005-11-14 00:00:00,1.054613925050587
2005-11-15 00:00:00,1.0574924183234409
2005-11-16 00:00:00,1.0586955617752165
2005-11-17 00:00:00,1.0634620759873443
2005-11-18 00:00:00,1.0609299220402528
2005-11-21 00:00:00,1.0631826800503092
2005-11-22 00:00:00,1.0602657164982028
2005-11-23 00:00:00,1.0576738210290855
2005-11-25 00:00:00,1.0628296181959225
2005-11-28 00:00:00,1.059260874924246
2005-11-29 00:00:00,1.0654374739161678
2005-11-30 00:00:00,1.0666774627743008
2005-12-01 00:00:00,1.0741683155013426
2005-12-02 00:00:00,1.0697122908301362
2005-12-05 00:00:00,1.0573504888713208
2005-12-06 00:00:00,1.06780994897914
2005-12-07 00:00:00,1.0696803322667028
2005-12-08 00:00:00,1.0610339731857246
2005-12-09 00:00:00,1.0613579539758877
2005-12-12 00:00:00,1.0520417368340447
2005-12-13 00:00:00,1.054123007514178
2005-12-14 00:00:00,1.0445047692324398
2005-12-15 00:00:00,1.050753849964087
2005-12-16 00:00:00,1.0522857868048066
2005-12-19 00:00:00,1.0570136575460403
2005-12-20 00:00:00,1.0741337801174116
2005-12-21 00:00:00,1.0748910139685852
2005-12-22 00:00:00,1.0700259199542477
2005-12-23 00:00:00,1.0700259199542477
2005-12-27 00:00:00,1.065673744243274
2005-12-28 00:00:00,1.068307831308695
2005-12-29 00:00:00,1.0672648091732788
2005-12-30 00:00:00,1.0632751236993256
2006-01-03 00:00:00,1.0464850289580836
2006-01-04 00:00:00,1.0315735468645364
2006-01-05 00:00:00,1.0325427247483145
2006-01-06 00:00:00,1.0266948671846883
2006-01-09 00:00:00,1.0350972530306717
2006-01-10 00:00:00,1.043487679135629
2006-01-11 00:00:00,1.0423332645556223
2006-01-12 00:00:00,1.0545481769514553
2006-01-13 00:00:00,1.0460095245439653
2006-01-17 00:00:00,1.0563180934671705
2006-01-18 00:00:00,1.0632208227564888
2006-01-19 00:00:00,1.0573244557630628
2006-01-20 00:00:00,1.0511037051341776
2006-01-23 00:00:00,1.031123027704692
2006-01-24 00:00:00,1.028910651697345
2006-01-25 00:00:00,1.0326203744740543
2006-01-26 00:00:00,1.0391929720215165
2006-01-27 00:00:00,1.0489674617585587
2006-01-30 00:00:00,1.0595788108860749
2006-01-31 00:00:00,1.0473704658479492
2006-02-01 00:00:00,1.0511982535699698
2006-02-02 00:00:00,1.045259461495139
2006-02-03 00:00:00,1.0532041955326437
2006-02-06 00:00:00,1.0584849515687136
2006-02-07 00:00:00,1.0568633580345246
2006-02-08 00:00:00,1.0599335767873046
2006-02-09 00:00:00,1.0554018541832273
2006-02-10 00:00:00,1.0666527244310582
2006-02-13 00:00:00,1.0719714317232725
2006-02-14 00:00:00,1.0778713544600158
2006-02-15 00:00:00,1.0775002078834888
2006-02-16 00:00:00,1.0712231531931933
2006-02-17 00:00:00,1.065269018926742
2006-02-21 00:00:00,1.0626030005586053
2006-02-22 00:00:00,1.0661906313343974
2006-02-23 00:00:00,1.060229247661164
2006-02-24 00:00:00,1.060229247661164
2006-02-27 00:00:00,1.0596981815124822
2006-02-28 00:00:00,1.056791907065794
2006-03-01 00:00:00,1.0537752345616198
2006-03-02 00:00:00,1.0471919972137815
2006-03-03 00:00:00,1.0415183796494287
2006-03-06 00:00:00,1.0400938527677144
2006-03-07 00:00:00,1.0515624722785586
2006-03-08 00:00:00,1.0541991739175953
2006-03-09 00:00:00,1.0542490282978134
2006-03-10 00:00:00,1.0499459786891878
2006-03-13 00:00:00,1.0444178490126401
2006-03-14 00:00:00,1.0354365237167484
2006-03-15 00:00:00,1.0361614157268417
2006-03-16 00:00:00,1.0301458033676967
2006-03-17 00:00:00,1.0221042747713396
2006-03-20 00:00:00,1.020126738921581
2006-03-21 00:00:00,1.0294500302124028
2006-03-22 00:00:00,1.0276313981032918
2006-03-23 00:00:00,1.0399839552373054
2006-03-24 00:00:00,1.035833034728972
2006-03-27 00:00:00,1.035673954003779
2006-03-28 00:00:00,1.026706281014697
2006-03-29 00:00:00,1.0360589953005974
2006-03-30 00:00:00,1.0254857615368218
2006-03-31 00:00:00,1.0226685011782723
2006-04-03 00:00:00,1.0172559857197974
2006-04-04 00:00:00,1.0008569850410174
2006-04-05 00:00:00,1.003402416159096
2006-04-06 00:00:00,1.0073143886864029
2006-04-07 00:00:00,1.013755738988697
2006-04-10 00:00:00,1.0126731929817079
2006-04-11 00:00:00,1.006494382427476
2006-04-12 00:00:00,1.0117497432589806
2006-04-13 00:00:00,1.0125415203678125
2006-04-14 00:00:00,1.0142670080434617
2006-04-17 00:00:00,0.9997858554122826
2006-04-18 00:00:00,0.9977690512417174
2006-04-19 00:00:00,0.9810371460396663
2006-04-20 00:00:00,0.9842460822615712
2006-04-21 00:00:00,0.988310347584182
2006-04-24 00:00:00,0.988310347584182
2006-04-25 00:00:00,0.9913576495429587
2006-04-26 00:00:00,1.0030305698569013
2006-04-27 00:00:00,1.0093443207876447
2006-04-28 00:00:00,1.0170562386251172
2006-05-01 00:00:00,1.0171057368360101
2006-05-02 00:00:00,1.020200664389315
2006-05-03 00:00:00,1.0233645936512747
2006-05-04 00:00:00,1.0247863980066254
2006-05-05 00:00:00,1.0247528984022318
2006-05-08 00:00:00,1.0236319259097346
2006-05-09 00:00:00,1.025641378560836
2006-05-10 00:00:00,1.0326859900850793
2006-05-11 00:00:00,1.0403284078924326
2006-05-12 00:00:00,1.0424733435875984
2006-05-15 00:00:00,1.0333668220933108
2006-05-16 00:00:00,1.0257084961970608
2006-05-17 00:00:00,1.0210812649432486
2006-05-18 00:00:00,1.027237799096329
2006-05-19 00:00:00,1.0265818255210213
2006-05-22 00:00:00,1.0291093976009937
2006-05-23 00:00:00,1.0276418919856638
2006-05-24 00:00:00,1.0227135558861633
2006-05-25 00:00:00,1.0247863980066254
2006-05-26 00:00:00,1.020200664389315
2006-05-30 00:00:00,1.0314627505601035
2006-05-31 00:00:00,1.033111404914485
2006-06-01 00:00:00,1.0327370213649596
2006-06-02 00:00:00,1.0413478803136735
2006-06-05 00:00:00,1.0472269760651647
2006-06-06 00:00:00,1.034236185975905
2006-06-07 00:00:00,1.0275913629889586
2006-06-08 00:00:00,1.0122613596080752
2006-06-09 00:00:00,1.0168912793779148
2006-06-12 00:00:00,1.013111930678603
2006-06-13 00:00:00,1.007252499478598
2006-06-14 00:00:00,1.0070907048437128
2006-06-15 00:00:00,1.0085162840421016
2006-06-16 00:00:00,1.008759683196765
2006-06-19 00:00:00,1.0041068518585097
2006-06-20 00:00:00,0.99743472206537
2006-06-21 00:00:00,0.99743472206537
2006-06-22 00:00:00,0.9894554965963718
2006-06-23 00:00:00,0.989846727991423
2006-06-26 00:00:00,0.9922163591653514
2006-06-27 00:00:00,0.9945973630625936
2006-06-28 00:00:00,0.9931610871955331
2006-06-29 00:00:00,0.992263552878628
2006-06-30 00:00:00,1.005866908883216
2006-07-03 00:00:00,1.0032065251376725
2006-07-05 00:00:00,1.001168400798466
2006-07-06 00:00:00,1.0042851033523814
2006-07-07 00:00:00,1.0054790673914547
2006-07-10 00:00:00,0.9987080565332669
2006-07-11 00:00:00,1.0003522700432157
2006-07-12 00:00:00,0.9994895806364676
2006-07-13 00:00:00,1.0010723163043236
2006-07-14 00:00:00,1.0002403559327746
2006-07-17 00:00:00,0.9904263185743584
2006-07-18 00:00:00,0.9867566270510635
2006-07-19 00:00:00,0.985948281593549
2006-07-20 00:00:00,0.9969104170297983
2006-07-21 00:00:00,1.0016170390934271
2006-07-24 00:00:00,0.9921848991837676
2006-07-25 00:00:00,0.9896588983177107
2006-07-26 00:00:00,0.9966881510791602
2006-07-27 00:00:00,1.0099247873279602
2006-07-28 00:00:00,1.0108219182865819
2006-07-31 00:00:00,1.0161228580126265
2006-08-01 00:00:00,1.0168657947700734
2006-08-02 00:00:00,1.017659459027199
2006-08-03 00:00:00,1.0169814603625889
2006-08-04 00:00:00,1.023065993244086
2006-08-07 00:00:00,1.021129696046887
2006-08-08 00:00:00,1.0152492346615898
2006-08-09 00:00:00,1.0167336377339566
2006-08-10 00:00:00,1.0046075166251518
2006-08-11 00:00:00,1.0014247163132632
2006-08-14 00:00:00,0.9934921671674531
2006-08-15 00:00:00,0.9997450371513827
2006-08-16 00:00:00,0.9985965099917621
2006-08-17 00:00:00,0.9978991023964479
2006-08-18 00:00:00,0.9978991023964479
2006-08-21 00:00:00,0.9865407885913994
2006-08-22 00:00:00,0.9958787408853879
2006-08-23 00:00:00,0.9967751295236288
2006-08-24 00:00:00,1.0050953407947378
2006-08-25 00:00:00,0.998594097548963
2006-08-28 00:00:00,0.9957288866154616
2006-08-29 00:00:00,1.000484377009113
2006-08-30 00:00:00,1.0004742907317883
2006-08-31 00:00:00,1.000983761086001
2006-09-01 00:00:00,1.003500442439683
2006-09-05 00:00:00,1.0045845685223607
2006-09-06 00:00:00,1.0110439037410819
2006-09-07 00:00:00,1.0233153475007761
2006-09-08 00:00:00,1.0297820283237058
2006-09-11 00:00:00,1.0368342809756248
2006-09-12 00:00:00,1.032653498330069
2006-09-13 00:00:00,1.0430191692309787
2006-09-14 00:00:00,1.0313583677946514
2006-09-15 00:00:00,1.0336295837295022
2006-09-18 00:00:00,1.0377441546734436
2006-09-19 00:00:00,1.0288909726530944
2006-09-20 00:00:00,1.0316605171825437
2006-09-21 00:00:00,1.0323109902145031
2006-09-22 00:00:00,1.0347521669564137
2006-09-25 00:00:00,1.0358807324881458
2006-09-26 00:00:00,1.0325219087312547
2006-09-27 00:00:00,1.0287694774419758
2006-09-28 00:00:00,1.0220340661426446
2006-09-29 00:00:00,1.028372789016182
2006-10-02 00:00:00,1.0356232246728694
2006-10-03 00:00:00,1.0399034966746725
2006-10-04 00:00:00,1.0473646501189167
2006-10-05 00:00:00,1.044589655531006
2006-10-06 00:00:00,1.0543980935310815
2006-10-10 00:00:00,1.0542704984892266
2006-10-11 00:00:00,1.0592996434807194
2006-10-12 00:00:00,1.061958428990902
2006-10-13 00:00:00,1.060794360954551
2006-10-16 00:00:00,1.0662307739564927
2006-10-17 00:00:00,1.0622601487446672
2006-10-18 00:00:00,1.0622601487446672
2006-10-19 00:00:00,1.0514695185223073
2006-10-20 00:00:00,1.0460265714796793
2006-10-23 00:00:00,1.0510915956742974
2006-10-24 00:00:00,1.0446274323100404
2006-10-25 00:00:00,1.0341741476173383
2006-10-26 00:00:00,1.0241408263130327
2006-10-27 00:00:00,1.0235250805868934
2006-10-30 00:00:00,1.0265497668102552
2006-10-31 00:00:00,1.0213474201722896
2006-11-01 00:00:00,1.0117688138953134
2006-11-02 00:00:00,1.0076747086633493
2006-11-03 00:00:00,1.0135667709954037
2006-11-06 00:00:00,1.015998719858374
2006-11-07 00:00:00,1.0043692496385805
2006-11-08 00:00:00,1.007274809164072
2006-11-09 00:00:00,1.0016318501592514
2006-11-10 00:00:00,0.9920892117727598
2006-11-13 00:00:00,1.0008102724154548
2006-11-14 00:00:00,1.0027055696985379
2006-11-15 00:00:00,1.0042290383777823
2006-11-16 00:00:00,1.001693480575549
2006-11-17 00:00:00,1.0072452813230466
2006-11-20 00:00:00,1.007650874220904
2006-11-21 00:00:00,1.0061540859522682
2006-11-22 00:00:00,0.9946671628280165
2006-11-24 00:00:00,0.9819327016225576
2006-11-27 00:00:00,0.9814195775149658
2006-11-28 00:00:00,0.9805438902790152
2006-11-29 00:00:00,0.9735936994855019
2006-11-30 00:00:00,0.9516773337706514
2006-12-01 00:00:00,0.9516773337706514
2006-12-04 00:00:00,0.9510881078857916
2006-12-05 00:00:00,0.9568565301449137
2006-12-06 00:00:00,0.9568722152890049
2006-12-07 00:00:00,0.958002898665569
2006-12-08 00:00:00,0.9499273005938237
2006-12-11 00:00:00,0.950453181931263
2006-12-12 00:00:00,0.9483685500071559
2006-12-13 00:00:00,0.9452204258936856
2006-12-14 00:00:00,0.942747385598541
2006-12-15 00:00:00,0.9360653082342921
2006-12-18 00:00:00,0.9365909766785473
2006-12-19 00:00:00,0.9454653809765217
2006-12-20 00:00:00,0.9435092878627152
2006-12-21 00:00:00,0.9426255954121122
2006-12-22 00:00:00,0.9348210787676833
2006-12-26 00:00:00,0.9347611994409731
2006-12-27 00:00:00,0.9300993088191595
2006-12-28 00:00:00,0.9321787387654177
2006-12-29 00:00:00,0.9371623713052555
2007-01-02 00:00:00,0.9444099179972244
2007-01-03 00:00:00,0.9325063519839363
2007-01-04 00:00:00,0.923200313487331
2007-01-05 00:00:00,0.9190721997306135
2007-01-08 00:00:00,0.9179304412739094
2007-01-09 00:00:00,0.9187394960572031
2007-01-10 00:00:00,0.9069346149416662
2007-01-11 00:00:00,0.9018204273496855
2007-01-12 00:00:00,0.9032857128497664
2007-01-16 00:00:00,0.9071460281825457
2007-01-17 00:00:00,0.906554319327387
2007-01-18 00:00:00,0.9023083273536621
2007-01-19 00:00:00,0.9057665738989301
2007-01-22 00:00:00,0.9053451303041511
2007-01-23 00:00:00,0.9117082532329124
2007-01-24 00:00:00,0.9190577293429867
2007-01-25 00:00:00,0.9249704097973387
2007-01-26 00:00:00,0.9221065433699364
2007-01-29 00:00:00,0.926453134119867
2007-01-30 00:00:00,0.9286639932146054
2007-01-31 00:00:00,0.9321016900639402
2007-02-01 00:00:00,0.9321016900639402
2007-02-02 00:00:00,0.9364800433875944
2007-02-05 00:00:00,0.9375500265535286
2007-02-06 00:00:00,0.9334031265777983
2007-02-07 00:00:00,0.9286484504115843
2007-02-08 00:00:00,0.9302321668558146
2007-02-09 00:00:00,0.9343731724757639
2007-02-12 00:00:00,0.9329057320599625
2007-02-13 00:00:00,0.9282234643945012
2007-02-14 00:00:00,0.9200919694507306
2007-02-15 00:00:00,0.9206047218378113
2007-02-16 00:00:00,0.913182148499696
2007-02-20 00:00:00,0.9161023093908056
2007-02-21 00:00:00,0.9170050365985783
2007-02-22 00:00:00,0.9167511137844363
2007-02-23 00:00:00,0.9141007059680687
2007-02-26 00:00:00,0.9127278251422275
2007-02-27 00:00:00,0.9119587451788316
2007-02-28 00:00:00,0.9150237442898697
2007-03-01 00:00:00,0.9185904351301797
2007-03-02 00:00:00,0.9193954913444851
2007-03-05 00:00:00,0.9328260295014327
2007-03-06 00:00:00,0.928676276244314
2007-03-07 00:00:00,0.924959659151807
2007-03-08 00:00:00,0.9253145131512213
2007-03-09 00:00:00,0.9217703526645077
2007-03-12 00:00:00,0.9150743460615
2007-03-13 00:00:00,0.9141393776581619
2007-03-14 00:00:00,0.9158469709091539
2007-03-15 00:00:00,0.9136141621252961
2007-03-16 00:00:00,0.911231213760735
2007-03-19 00:00:00,0.9136309372007246
2007-03-20 00:00:00,0.9182315406519954
2007-03-21 00:00:00,0.9183772920385269
2007-03-22 00:00:00,0.9087386672361415
2007-03-23 00:00:00,0.9093103663327293
2007-03-26 00:00:00,0.9070176807510534
2007-03-27 00:00:00,0.9090001060108935
2007-03-28 00:00:00,0.9059364636939221
2007-03-29 00:00:00,0.9075783958550765
2007-03-30 00:00:00,0.9051091369910929
2007-04-02 00:00:00,0.9051091369910929
2007-04-03 00:00:00,0.9033022954373914
2007-04-04 00:00:00,0.9023573258910186
2007-04-05 00:00:00,0.909493170835295
2007-04-06 00:00:00,0.9060301408724887
2007-04-09 00:00:00,0.9048865947081602
2007-04-10 00:00:00,0.9161190275869285
2007-04-11 00:00:00,0.9161190275869285
2007-04-12 00:00:00,0.9201656246184741
2007-04-13 00:00:00,0.9213942731809049
2007-04-16 00:00:00,0.9270107384151522
2007-04-17 00:00:00,0.9269640407589873
2007-04-18 00:00:00,0.9243100290223647
2007-04-19 00:00:00,0.9259068210284915
2007-04-20 00:00:00,0.926870659559448
2007-04-23 00:00:00,0.925255036259063
2007-04-24 00:00:00,0.9279612789268907
2007-04-25 00:00:00,0.9260621432490227
2007-04-26 00:00:00,0.9227958558307128
2007-04-27 00:00:00,0.9250689805509874
2007-04-30 00:00:00,0.9287262408667541
2007-05-01 00:00:00,0.9246661164343025
2007-05-02 00:00:00,0.9249759807540083
2007-05-03 00:00:00,0.9227958558307128
2007-05-04 00:00:00,0.9247745453280967
2007-05-07 00:00:00,0.9246970935236305
2007-05-08 00:00:00,0.9183135071672748
2007-05-09 00:00:00,0.9189096558252999
2007-05-10 00:00:00,0.9122887441063052
2007-05-11 00:00:00,0.9128469034040634
2007-05-14 00:00:00,0.9121078660260514
2007-05-15 00:00:00,0.9185274202319549
2007-05-16 00:00:00,0.9132244248694911
2007-05-17 00:00:00,0.9110842435199487
2007-05-18 00:00:00,0.9129525779480177
2007-05-21 00:00:00,0.909927911839007
2007-05-22 00:00:00,0.9142074436260783
2007-05-23 00:00:00,0.9176723653666361
2007-05-24 00:00:00,0.915222926545322
2007-05-25 00:00:00,0.9176418571346054
2007-05-29 00:00:00,0.9180572506265163
2007-05-30 00:00:00,0.9180572506265163
2007-05-31 00:00:00,0.9228144964495069
2007-06-01 00:00:00,0.9251118455353188
2007-06-04 00:00:00,0.9313877726375519
2007-06-05 00:00:00,0.9336029483131991
2007-06-06 00:00:00,0.9307656758401583
2007-06-07 00:00:00,0.9307345928140319
2007-06-08 00:00:00,0.9186473297796456
2007-06-11 00:00:00,0.9195869674014611
2007-06-12 00:00:00,0.9158549510209911
2007-06-13 00:00:00,0.9146827047758379
2007-06-14 00:00:00,0.9156744099129277
2007-06-15 00:00:00,0.9228603316066154
2007-06-18 00:00:00,0.9251732647685368
2007-06-19 00:00:00,0.9255112163820141
2007-06-20 00:00:00,0.930858937376456
2007-06-21 00:00:00,0.9337280605229671
2007-06-22 00:00:00,0.9384440969920965
2007-06-25 00:00:00,0.9371975927943972
2007-06-26 00:00:00,0.9364733044763206
2007-06-27 00:00:00,0.9407723886757732
2007-06-28 00:00:00,0.9449989663310937
2007-06-29 00:00:00,0.9456883721122386
2007-07-02 00:00:00,0.958898400637185
2007-07-03 00:00:00,0.9580249218678921
2007-07-05 00:00:00,0.9561022989543665
2007-07-06 00:00:00,0.9601537194515376
2007-07-09 00:00:00,0.9598395817167971
2007-07-10 00:00:00,0.9594595846364563
2007-07-11 00:00:00,0.9626077440859248
2007-07-12 00:00:00,0.9714319280069634
2007-07-13 00:00:00,0.9716351281034648
2007-07-16 00:00:00,0.9734167617665781
2007-07-17 00:00:00,0.9736888226289512
2007-07-18 00:00:00,0.9744037064773983
2007-07-19 00:00:00,0.9731958242377184
2007-07-20 00:00:00,0.9751708192624136
2007-07-23 00:00:00,0.9737398509719719
2007-07-24 00:00:00,0.9706368786292086
2007-07-25 00:00:00,0.9604184160212199
2007-07-26 00:00:00,0.9580295037242991
2007-07-27 00:00:00,0.9580295037242991
2007-07-30 00:00:00,0.9641725036370362
2007-07-31 00:00:00,0.9707623270702886
2007-08-01 00:00:00,0.967730152574394
2007-08-02 00:00:00,0.9717996093031298
2007-08-03 00:00:00,0.97925915269016
2007-08-06 00:00:00,0.9765625903639493
2007-08-07 00:00:00,0.9695605166994186
2007-08-08 00:00:00,0.9785284256868509
2007-08-09 00:00:00,0.9727384165436929
2007-08-10 00:00:00,0.9659397788509796
2007-08-13 00:00:00,0.9623295593515623
2007-08-14 00:00:00,0.9594640212728397
2007-08-15 00:00:00,0.9567940497879798
2007-08-16 00:00:00,0.9422133564516391
2007-08-17 00:00:00,0.9492079880515915
2007-08-20 00:00:00,0.9520767995509538
2007-08-21 00:00:00,0.9483778281817917
2007-08-22 00:00:00,0.9548336386454118
2007-08-23 00:00:00,0.960493646928046
2007-08-24 00:00:00,0.9677965901792667
2007-08-27 00:00:00,0.9680125754099467
2007-08-28 00:00:00,0.9663205067469502
2007-08-29 00:00:00,0.968345048688925
2007-08-30 00:00:00,0.9678298124026775
2007-08-31 00:00:00,0.9686943915170039
2007-09-03 00:00:00,0.9686943915170039
2007-09-04 00:00:00,0.9696272058707017
2007-09-05 00:00:00,0.9753632555560228
2007-09-06 00:00:00,0.978188924107985
2007-09-07 00:00:00,0.9809798112455385
2007-09-10 00:00:00,0.9882523139648217
2007-09-11 00:00:00,0.993265818745901
2007-09-12 00:00:00,1.0026975697098799
2007-09-13 00:00:00,1.0002785164657064
2007-09-14 00:00:00,1.0011309660216747
2007-09-17 00:00:00,1.0032506099137941
2007-09-18 00:00:00,0.9993035343045845
2007-09-19 00:00:00,1.0103512010429097
2007-09-20 00:00:00,1.0204256416186466
2007-09-21 00:00:00,1.019049886969498
2007-09-24 00:00:00,1.019049886969498
2007-09-25 00:00:00,1.0201039808549397
2007-09-26 00:00:00,1.0211973597538686
2007-09-27 00:00:00,1.0289359691208715
2007-09-28 00:00:00,1.0391501962290683
2007-10-01 00:00:00,1.0473009253085563
2007-10-02 00:00:00,1.0364868876537128
2007-10-03 00:00:00,1.0358565954449563
2007-10-04 00:00:00,1.0321477335575528
2007-10-05 00:00:00,1.0399961122830559
2007-10-08 00:00:00,1.0399961122830559
2007-10-09 00:00:00,1.0320150886745019
2007-10-10 00:00:00,1.035341471709792
2007-10-11 00:00:00,1.0470278249331593
2007-10-12 00:00:00,1.037137082380285
2007-10-15 00:00:00,1.0456061060064255
2007-10-16 00:00:00,1.0392654673780521
2007-10-17 00:00:00,1.0430257517536543
2007-10-18 00:00:00,1.0462093777221562
2007-10-19 00:00:00,1.0469108255114437
2007-10-22 00:00:00,1.0269434371919224
2007-10-23 00:00:00,1.0396306614575819
2007-10-24 00:00:00,1.0306905125691974
2007-10-25 00:00:00,1.038862130197957
2007-10-26 00:00:00,1.0486881306085751
2007-10-29 00:00:00,1.0496476428466865
2007-10-30 00:00:00,1.0509624743397734
2007-10-31 00:00:00,1.0435485522678347
2007-11-01 00:00:00,1.0367545161381677
2007-11-02 00:00:00,1.038248122806905
2007-11-05 00:00:00,1.0451395345358643
2007-11-06 00:00:00,1.0510410759495812
2007-11-07 00:00:00,1.0625641242464785
2007-11-08 00:00:00,1.068299090917947
2007-11-09 00:00:00,1.0570891525473693
2007-11-13 00:00:00,1.0341985845570052
2007-11-14 00:00:00,1.0399383924411043
2007-11-15 00:00:00,1.0293693322531352
2007-11-16 00:00:00,1.0260998825367622
2007-11-19 00:00:00,1.02091915993192
2007-11-20 00:00:00,1.0412319601744746
2007-11-21 00:00:00,1.0412319601744746
2007-11-22 00:00:00,1.0412319601744746
2007-11-23 00:00:00,1.0456872741966343
2007-11-26 00:00:00,1.0448743833712058
2007-11-27 00:00:00,1.034610240905716
2007-11-28 00:00:00,1.0296285325888141
2007-11-29 00:00:00,1.0259422659660062
2007-11-30 00:00:00,1.021671761556049
2007-12-03 00:00:00,1.021616294197754
2007-12-04 00:00:00,1.0276791885381835
2007-12-05 00:00:00,1.029590975465612
2007-12-06 00:00:00,1.030549538779085
2007-12-07 00:00:00,1.0326797860604306
2007-12-10 00:00:00,1.0390089482410227
2007-12-11 00:00:00,1.0369858591226786
2007-12-12 00:00:00,1.0438889991453153
2007-12-13 00:00:00,1.0347809217263222
2007-12-14 00:00:00,1.023060405668349
2007-12-17 00:00:00,1.0146935056130042
2007-12-18 00:00:00,1.0109140480414645
2007-12-19 00:00:00,1.0093596020808435
2007-12-20 00:00:00,1.0090889672669008
2007-12-21 00:00:00,1.0098832412304024
2007-12-24 00:00:00,1.0162827317775527
2007-12-26 00:00:00,1.022300812820838
2007-12-27 00:00:00,1.034553359810499
2007-12-28 00:00:00,1.0445070620900232
2007-12-31 00:00:00,1.039448963078245
2008-01-02 00:00:00,1.0447583592697096
2008-01-03 00:00:00,1.0559759293823328
2008-01-04 00:00:00,1.0607180095221718
2008-01-07 00:00:00,1.0489320348720619
2008-01-08 00:00:00,1.0538076009852435
2008-01-09 00:00:00,1.0487566542464797
2008-01-10 00:00:00,1.065181199003349
2008-01-11 00:00:00,1.0688112610242624
2008-01-14 00:00:00,1.0724865243987975
2008-01-15 00:00:00,1.065864987251331
2008-01-16 00:00:00,1.042520280420674
2008-01-17 00:00:00,1.0383400747641902
2008-01-18 00:00:00,1.0317066645206385
2008-01-22 00:00:00,1.0317066645206385
2008-01-23 00:00:00,1.0227631118752545
2008-01-24 00:00:00,1.0419928536551832
2008-01-25 00:00:00,1.0361143794022902
2008-01-28 00:00:00,1.0386364462860274
2008-01-29 00:00:00,1.0446205645293642
2008-01-30 00:00:00,1.0420885230567087
2008-01-31 00:00:00,1.0484805230133807
2008-02-01 00:00:00,1.050032505432821
2008-02-04 00:00:00,1.0515111504284276
2008-02-05 00:00:00,1.0328896636263443
2008-02-06 00:00:00,1.0298905102920393
2008-02-07 00:00:00,1.021676750596303
2008-02-08 00:00:00,1.025387239834172
2008-02-11 00:00:00,1.0277828308574006
2008-02-12 00:00:00,1.0359252453109096
2008-02-13 00:00:00,1.0363414314941972
2008-02-14 00:00:00,1.0465083866014284
2008-02-15 00:00:00,1.0533457715610335
2008-02-19 00:00:00,1.0645892057069848
2008-02-20 00:00:00,1.0563259770051048
2008-02-21 00:00:00,1.068799683383661
2008-02-22 00:00:00,1.0673121962841068
2008-02-25 00:00:00,1.068296690422466
2008-02-26 00:00:00,1.0721110987214448
2008-02-27 00:00:00,1.0934921728895572
2008-02-28 00:00:00,1.093471103270241
2008-02-29 00:00:00,1.0900685117193722
2008-03-03 00:00:00,1.0958994436239426
2008-03-04 00:00:00,1.097531413321644
2008-03-05 00:00:00,1.1046239764208707
2008-03-06 00:00:00,1.1081831046401531
2008-03-07 00:00:00,1.099019245669234
2008-03-10 00:00:00,1.103035176361489
2008-03-11 00:00:00,1.1036787333208007
2008-03-12 00:00:00,1.1107642596273757
2008-03-13 00:00:00,1.1113080481851376
2008-03-14 00:00:00,1.1057862627116042
2008-03-17 00:00:00,1.1094179576686067
2008-03-18 00:00:00,1.1099170113166876
2008-03-19 00:00:00,1.1025541759074835
2008-03-20 00:00:00,1.1025541759074835
2008-03-21 00:00:00,1.1069164080574634
2008-03-24 00:00:00,1.1025959567319144
2008-03-25 00:00:00,1.1228930496371754
2008-03-26 00:00:00,1.1428505941671474
2008-03-27 00:00:00,1.1455277441810425
2008-03-28 00:00:00,1.138757962592403
2008-03-31 00:00:00,1.1449192241209785
2008-04-01 00:00:00,1.1217674725190259
2008-04-02 00:00:00,1.1304623308350712
2008-04-03 00:00:00,1.1390477285599048
2008-04-04 00:00:00,1.148126850239656
2008-04-07 00:00:00,1.150942611981507
2008-04-08 00:00:00,1.1505330157653764
2008-04-09 00:00:00,1.1579506398248327
2008-04-10 00:00:00,1.1535206431255347
2008-04-11 00:00:00,1.1573058370502352
2008-04-14 00:00:00,1.16130132517256
2008-04-15 00:00:00,1.1626005794621201
2008-04-16 00:00:00,1.1763965755836614
2008-04-17 00:00:00,1.1721786565494403
2008-04-18 00:00:00,1.1497146973110142
2008-04-21 00:00:00,1.1626470351713611
2008-04-22 00:00:00,1.176230129045498
2008-04-23 00:00:00,1.1653945088396076
2008-04-24 00:00:00,1.1433895157559084
2008-04-25 00:00:00,1.1383792602436855
2008-04-28 00:00:00,1.1437715595030657
2008-04-29 00:00:00,1.1357797135685257
2008-04-30 00:00:00,1.1371335496706787
2008-05-01 00:00:00,1.1307698619279283
2008-05-02 00:00:00,1.1356245614893152
2008-05-05 00:00:00,1.1450543949232987
2008-05-06 00:00:00,1.1528122467639408
2008-05-07 00:00:00,1.1359127348115745
2008-05-08 00:00:00,1.1374669547380174
2008-05-09 00:00:00,1.1435692692514192
2008-05-12 00:00:00,1.1553757302280656
2008-05-13 00:00:00,1.1518538707546757
2008-05-14 00:00:00,1.1476966196828056
2008-05-15 00:00:00,1.1471848001693168
2008-05-16 00:00:00,1.1471848001693168
2008-05-19 00:00:00,1.1435360660866791
2008-05-20 00:00:00,1.1516171885908553
2008-05-21 00:00:00,1.1537189748398626
2008-05-22 00:00:00,1.1484215089435306
2008-05-23 00:00:00,1.1483756573671051
2008-05-27 00:00:00,1.1517785925416035
2008-05-28 00:00:00,1.1413126560817886
2008-05-29 00:00:00,1.134000587535294
2008-05-30 00:00:00,1.1307906472025946
2008-06-02 00:00:00,1.124205233623029
2008-06-03 00:00:00,1.1164596177484791
2008-06-04 00:00:00,1.1150529522095445
2008-06-05 00:00:00,1.1244249766319467
2008-06-06 00:00:00,1.1430361794760344
2008-06-09 00:00:00,1.139120431772087
2008-06-10 00:00:00,1.1143617412051139
2008-06-11 00:00:00,1.1200245673661025
2008-06-12 00:00:00,1.1041378465353242
2008-06-13 00:00:00,1.098235620551554
2008-06-16 00:00:00,1.110253832136537
2008-06-17 00:00:00,1.1092690141439363
2008-06-18 00:00:00,1.110275260644067
2008-06-19 00:00:00,1.1101038557408411
2008-06-20 00:00:00,1.1184566679853478
2008-06-23 00:00:00,1.1134342747409345
2008-06-24 00:00:00,1.1266050763692526
2008-06-25 00:00:00,1.126362425683161
2008-06-26 00:00:00,1.1378136359130187
2008-06-27 00:00:00,1.135679659733686
2008-06-30 00:00:00,1.130190805408562
2008-07-01 00:00:00,1.1347387672253753
2008-07-02 00:00:00,1.1367793416427634
2008-07-03 00:00:00,1.1289044057634945
2008-07-07 00:00:00,1.1277756784130017
2008-07-08 00:00:00,1.1201118017892475
2008-07-09 00:00:00,1.126980287682987
2008-07-10 00:00:00,1.1249307117056222
2008-07-11 00:00:00,1.135769349927746
2008-07-14 00:00:00,1.1376561219122001
2008-07-15 00:00:00,1.1385507525878722
2008-07-16 00:00:00,1.1385507525878722
2008-07-17 00:00:00,1.1427248851218994
2008-07-18 00:00:00,1.1411953136052604
2008-07-21 00:00:00,1.143784487576192
2008-07-22 00:00:00,1.1376570706784626
2008-07-23 00:00:00,1.124679993826617
2008-07-24 00:00:00,1.1209614323899235
2008-07-25 00:00:00,1.1273261967794048
2008-07-28 00:00:00,1.130359420573114
2008-07-29 00:00:00,1.1196624948680824
2008-07-30 00:00:00,1.1243746232065173
2008-07-31 00:00:00,1.1296105902183124
2008-08-01 00:00:00,1.1284892031333835
2008-08-04 00:00:00,1.1287968131186612
2008-08-05 00:00:00,1.1169875406387773
2008-08-06 00:00:00,1.1131913272230114
2008-08-07 00:00:00,1.1120382921274876
2008-08-08 00:00:00,1.084050193002514
2008-08-11 00:00:00,1.083644940593915
2008-08-12 00:00:00,1.0777625729062768
2008-08-13 00:00:00,1.0758026409681656
2008-08-14 00:00:00,1.079468306212867
2008-08-15 00:00:00,1.0693733043452696
2008-08-18 00:00:00,1.0720428321857736
2008-08-19 00:00:00,1.0753835826041893
2008-08-20 00:00:00,1.071943723130213
2008-08-21 00:00:00,1.0880990282046967
2008-08-22 00:00:00,1.0813407752037612
2008-08-25 00:00:00,1.083239991064545
2008-08-26 00:00:00,1.0718248164498883
2008-08-27 00:00:00,1.0769017241901078
2008-08-28 00:00:00,1.0761820705346927
2008-08-29 00:00:00,1.068840993377232
2008-09-02 00:00:00,1.055088525911306
2008-09-03 00:00:00,1.0487518871522152
2008-09-04 00:00:00,1.0416480284919138
2008-09-05 00:00:00,1.0340492334351379
2008-09-08 00:00:00,1.0218027659820101
2008-09-09 00:00:00,1.0218027659820101
2008-09-10 00:00:00,1.0335075157744642
2008-09-11 00:00:00,1.0486786488851279
2008-09-12 00:00:00,1.030567545755795
2008-09-15 00:00:00,1.0399374759137707
2008-09-16 00:00:00,1.052259617374939
2008-09-17 00:00:00,1.0654189341835747
2008-09-18 00:00:00,1.039031558725532
2008-09-19 00:00:00,1.0270440674183934
2008-09-22 00:00:00,0.9974903988518015
2008-09-23 00:00:00,1.0028702102328417
2008-09-24 00:00:00,1.0112863279638604
2008-09-25 00:00:00,1.0148123426117939
2008-09-26 00:00:00,1.0179332921942112
2008-09-29 00:00:00,1.0425692492874934
2008-09-30 00:00:00,1.0579663726675073
2008-10-01 00:00:00,1.056953571189335
2008-10-02 00:00:00,1.0723476240814445
2008-10-03 00:00:00,1.075315044258659
2008-10-06 00:00:00,1.1135409655669826
2008-10-07 00:00:00,1.0986515940868942
2008-10-08 00:00:00,1.0991761603352324
2008-10-09 00:00:00,1.0991787931045693
2008-10-10 00:00:00,1.1208188977424274
2008-10-14 00:00:00,1.1139759080569762
2008-10-15 00:00:00,1.1319813283144247
2008-10-16 00:00:00,1.1612035429073175
2008-10-17 00:00:00,1.151801137938063
2008-10-20 00:00:00,1.1660751923954105
2008-10-21 00:00:00,1.1922092483792515
2008-10-22 00:00:00,1.2213512169888328
2008-10-23 00:00:00,1.2104121881673413
2008-10-24 00:00:00,1.1955170510239632
2008-10-27 00:00:00,1.2162820537683383
2008-10-28 00:00:00,1.2022339459143114
2008-10-29 00:00:00,1.1769853384325697
2008-10-30 00:00:00,1.1750536400387501
2008-10-31 00:00:00,1.1770225318533813
2008-11-03 00:00:00,1.1739642238679997
2008-11-04 00:00:00,1.1617093996086807
2008-11-05 00:00:00,1.1735532083560598
2008-11-06 00:00:00,1.1735532083560598
2008-11-07 00:00:00,1.1727688548499227
2008-11-10 00:00:00,1.1662294950467085
2008-11-12 00:00:00,1.196564535980037
2008-11-13 00:00:00,1.1951578673164633
2008-11-14 00:00:00,1.1752634625129343
2008-11-17 00:00:00,1.1867371302545588
2008-11-18 00:00:00,1.1894625100466447
2008-11-19 00:00:00,1.1908173548408838
2008-11-20 00:00:00,1.205541857769534
2008-11-21 00:00:00,1.2137033565553093
2008-11-24 00:00:00,1.1848442129654018
2008-11-25 00:00:00,1.1814359461224375
2008-11-26 00:00:00,1.1952988181785402
2008-11-28 00:00:00,1.1897620308608443
2008-12-01 00:00:00,1.1991091462588825
2008-12-02 00:00:00,1.1916013062105555
2008-12-03 00:00:00,1.1999382777191894
2008-12-04 00:00:00,1.1977088072709126
2008-12-05 00:00:00,1.2204992569575972
2008-12-08 00:00:00,1.1951058387248599
2008-12-09 00:00:00,1.1961475709534757
2008-12-10 00:00:00,1.1906050518184743
2008-12-11 00:00:00,1.1767909074000966
2008-12-12 00:00:00,1.1804663136662161
2008-12-15 00:00:00,1.1763089961100877
2008-12-16 00:00:00,1.1862943878869188
2008-12-17 00:00:00,1.1432920514697869
2008-12-18 00:00:00,1.1635211788255755
2008-12-19 00:00:00,1.1982864317314088
2008-12-22 00:00:00,1.199307191517798
2008-12-23 00:00:00,1.2018284886174169
2008-12-24 00:00:00,1.2055698305291798
2008-12-26 00:00:00,1.2047025893883796
2008-12-29 00:00:00,1.1891215347269115
2008-12-30 00:00:00,1.188881030838962
2008-12-31 00:00:00,1.1856997109550473
2009-01-02 00:00:00,1.1742020942811586
2009-01-05 00:00:00,1.1842600756297887
2009-01-06 00:00:00,1.1874154045782246
2009-01-07 00:00:00,1.1706977419720124
2009-01-08 00:00:00,1.1706977419720124
2009-01-09 00:00:00,1.172573350587059
2009-01-12 00:00:00,1.1742157193350702
2009-01-13 00:00:00,1.1877879586786944
2009-01-14 00:00:00,1.19462468439081
2009-01-15 00:00:00,1.1921574973241396
2009-01-16 00:00:00,1.167677962614198
2009-01-20 00:00:00,1.185743767477839
2009-01-21 00:00:00,1.171104514750195
2009-01-22 00:00:00,1.1693414897440901
2009-01-23 00:00:00,1.1722496757803824
2009-01-26 00:00:00,1.1413172604310395
2009-01-27 00:00:00,1.1494631718719923
2009-01-28 00:00:00,1.1371178112961466
2009-01-29 00:00:00,1.1510077262472758
2009-01-30 00:00:00,1.1634163235934059
2009-02-02 00:00:00,1.1768762818648228
2009-02-03 00:00:00,1.163800163293119
2009-02-04 00:00:00,1.163188600102075
2009-02-05 00:00:00,1.153708024756404
2009-02-06 00:00:00,1.1494927652447473
2009-02-09 00:00:00,1.1291081742388318
2009-02-10 00:00:00,1.139484736600713
2009-02-11 00:00:00,1.146164406120602
2009-02-12 00:00:00,1.1580854609841773
2009-02-13 00:00:00,1.146752120893446
2009-02-17 00:00:00,1.1755369180848954
2009-02-18 00:00:00,1.1753880487060329
2009-02-19 00:00:00,1.1603100925949332
2009-02-20 00:00:00,1.1560149790867977
2009-02-23 00:00:00,1.1529310982443928
2009-02-24 00:00:00,1.1558285689019956
2009-02-25 00:00:00,1.1577518140581613
2009-02-26 00:00:00,1.1618962020530383
2009-02-27 00:00:00,1.176722603985655
2009-03-02 00:00:00,1.1871878689909707
2009-03-03 00:00:00,1.2001358677626617
2009-03-04 00:00:00,1.1766459916603271
2009-03-05 00:00:00,1.1812287541232884
2009-03-06 00:00:00,1.1779578432297106
2009-03-09 00:00:00,1.1779310486768408
2009-03-10 00:00:00,1.1779310486768408
2009-03-11 00:00:00,1.1728581587349427
2009-03-12 00:00:00,1.175541505780643
2009-03-13 00:00:00,1.161117675494597
2009-03-16 00:00:00,1.151512963044437
2009-03-17 00:00:00,1.1519124100255165
2009-03-18 00:00:00,1.1469135696118842
2009-03-19 00:00:00,1.0886554895756932
2009-03-20 00:00:00,1.0886554895756932
2009-03-23 00:00:00,1.0946565297955235
2009-03-24 00:00:00,1.0918842111497653
2009-03-25 00:00:00,1.07420640431383
2009-03-26 00:00:00,1.0744574191160525
2009-03-27 00:00:00,1.060154544537822
2009-03-30 00:00:00,1.041426721531284
2009-03-31 00:00:00,1.0495226242347813
2009-04-01 00:00:00,1.0508057607116605
2009-04-02 00:00:00,1.070894424543081
2009-04-03 00:00:00,1.0701278669935346
2009-04-06 00:00:00,1.065584503759307
2009-04-07 00:00:00,1.0568889592579969
2009-04-08 00:00:00,1.0578560411309441
2009-04-09 00:00:00,1.056743610464265
2009-04-10 00:00:00,1.0563182967431017
2009-04-13 00:00:00,1.0667148541612923
2009-04-14 00:00:00,1.0640229476985683
2009-04-15 00:00:00,1.0508057607116605
2009-04-16 00:00:00,1.0571174877861813
2009-04-17 00:00:00,1.05456035908493
2009-04-20 00:00:00,1.0400695962179467
2009-04-21 00:00:00,1.046154445755447
2009-04-22 00:00:00,1.052780541303733
2009-04-23 00:00:00,1.0596412878554777
2009-04-24 00:00:00,1.0697505980057933
2009-04-27 00:00:00,1.0541068169640133
2009-04-28 00:00:00,1.051530916289876
2009-04-29 00:00:00,1.0706027206960345
2009-04-30 00:00:00,1.0679667418081384
2009-05-01 00:00:00,1.0702141565496646
2009-05-04 00:00:00,1.0752224702575077
2009-05-05 00:00:00,1.0722263513347121
2009-05-06 00:00:00,1.0723023030253567
2009-05-07 00:00:00,1.078111662319166
2009-05-08 00:00:00,1.0847579539953263
2009-05-11 00:00:00,1.084499608549769
2009-05-12 00:00:00,1.0786856912513267
2009-05-13 00:00:00,1.0739010603961479
2009-05-14 00:00:00,1.076856435542413
2009-05-15 00:00:00,1.073258816439002
2009-05-18 00:00:00,1.073258816439002
2009-05-19 00:00:00,1.0784267035374184
2009-05-20 00:00:00,1.087553070107029
2009-05-21 00:00:00,1.0847753298251794
2009-05-22 00:00:00,1.099935632500194
2009-05-26 00:00:00,1.092020317447554
2009-05-27 00:00:00,1.0885048277555052
2009-05-28 00:00:00,1.0843193786770051
2009-05-29 00:00:00,1.10317591232162
2009-06-01 00:00:00,1.1257846798673818
2009-06-02 00:00:00,1.1251845426478866
2009-06-03 00:00:00,1.101936781016845
2009-06-04 00:00:00,1.1075260995702847
2009-06-05 00:00:00,1.0885898871309647
2009-06-08 00:00:00,1.0790615635642877
2009-06-09 00:00:00,1.0969561385274071
2009-06-10 00:00:00,1.0911478644642403
2009-06-11 00:00:00,1.0998140581076672
2009-06-12 00:00:00,1.101379208881357
2009-06-15 00:00:00,1.0743016831401504
2009-06-16 00:00:00,1.0843531396913642
2009-06-17 00:00:00,1.086128550258456
2009-06-18 00:00:00,1.0939411975134248
2009-06-19 00:00:00,1.0949558097884833
2009-06-22 00:00:00,1.0622433954748183
2009-06-23 00:00:00,1.0715087136077959
2009-06-24 00:00:00,1.0814405652725556
2009-06-25 00:00:00,1.0699121982131852
2009-06-26 00:00:00,1.0773258255958607
2009-06-29 00:00:00,1.0843869028081325
2009-06-30 00:00:00,1.0823480114379025
2009-07-01 00:00:00,1.1027916582713193
2009-07-02 00:00:00,1.087400264274058
2009-07-03 00:00:00,1.0862640580155762
2009-07-06 00:00:00,1.0718714729710044
2009-07-07 00:00:00,1.0734573015869864
2009-07-08 00:00:00,1.0590616236840271
2009-07-09 00:00:00,1.0744011094875023
2009-07-10 00:00:00,1.0667660723508252
2009-07-13 00:00:00,1.0713603828110065
2009-07-14 00:00:00,1.0741288519179786
2009-07-15 00:00:00,1.0741288519179786
2009-07-16 00:00:00,1.0706319228023276
2009-07-17 00:00:00,1.070280132494261
2009-07-20 00:00:00,1.0812087812825528
2009-07-21 00:00:00,1.085326038045866
2009-07-22 00:00:00,1.0862739963131762
2009-07-23 00:00:00,1.0968470655331
2009-07-24 00:00:00,1.0970229748021865
2009-07-27 00:00:00,1.1041237336622016
2009-07-28 00:00:00,1.1100725989587912
2009-07-29 00:00:00,1.0923280296999525
2009-07-30 00:00:00,1.098414644118584
2009-07-31 00:00:00,1.1186595180113614
2009-08-03 00:00:00,1.1377690210885016
2009-08-04 00:00:00,1.1322883837023177
2009-08-05 00:00:00,1.1350503376450405
2009-08-06 00:00:00,1.131483004397405
2009-08-07 00:00:00,1.1170336656189286
2009-08-10 00:00:00,1.1046943402429055
2009-08-11 00:00:00,1.095652376989648
2009-08-12 00:00:00,1.1212266387109793
2009-08-13 00:00:00,1.1327383964734248
2009-08-14 00:00:00,1.1256364130437189
2009-08-17 00:00:00,1.1062128818281023
2009-08-18 00:00:00,1.1087231306887222
2009-08-19 00:00:00,1.1309778864079745
2009-08-20 00:00:00,1.1346173063486442
2009-08-21 00:00:00,1.1390194416332087
2009-08-24 00:00:00,1.1421384796767526
2009-08-25 00:00:00,1.1396266960088086
2009-08-26 00:00:00,1.1253401149618438
2009-08-27 00:00:00,1.1264520378736698
2009-08-28 00:00:00,1.1404056875984183
2009-08-31 00:00:00,1.1390763442380765
2009-09-01 00:00:00,1.1271573929380865
2009-09-02 00:00:00,1.1249329597053042
2009-09-03 00:00:00,1.1327571547683357
2009-09-04 00:00:00,1.1346549481270751
2009-09-08 00:00:00,1.1561145513950701
2009-09-09 00:00:00,1.1621249328549221
2009-09-10 00:00:00,1.1477974288028945
2009-09-11 00:00:00,1.1477974288028945
2009-09-14 00:00:00,1.1443151510819352
2009-09-15 00:00:00,1.1493324628614923
2009-09-16 00:00:00,1.158827349304303
2009-09-17 00:00:00,1.1608285386877406
2009-09-18 00:00:00,1.1566556708808151
2009-09-21 00:00:00,1.1493713777733028
2009-09-22 00:00:00,1.1643123581089538
2009-09-23 00:00:00,1.1708784822311535
2009-09-24 00:00:00,1.1684402015952362
2009-09-25 00:00:00,1.1691243118543024
2009-09-28 00:00:00,1.167094442578753
2009-09-29 00:00:00,1.1593616447010109
2009-09-30 00:00:00,1.1751547939987745
2009-10-01 00:00:00,1.1655116292199486
2009-10-02 00:00:00,1.1686614437582405
2009-10-05 00:00:00,1.179544423254651
2009-10-06 00:00:00,1.196170018564629
2009-10-07 00:00:00,1.1900893618302344
2009-10-08 00:00:00,1.2028243553555953
2009-10-09 00:00:00,1.202291840012949
2009-10-13 00:00:00,1.2077672053384665
2009-10-14 00:00:00,1.2204903718282705
2009-10-15 00:00:00,1.2213466559993382
2009-10-16 00:00:00,1.2050019153329878
2009-10-19 00:00:00,1.219832508286311
2009-10-20 00:00:00,1.2099842793386424
2009-10-21 00:00:00,1.2261774262437684
2009-10-22 00:00:00,1.2249164275555011
2009-10-23 00:00:00,1.225203795385401
2009-10-26 00:00:00,1.213986909498278
2009-10-27 00:00:00,1.2030588115764038
2009-10-28 00:00:00,1.1941502429677986
2009-10-29 00:00:00,1.2026752035161683
2009-10-30 00:00:00,1.192137276798792
2009-11-02 00:00:00,1.1914677953334598
2009-11-03 00:00:00,1.170777525283954
2009-11-04 00:00:00,1.1939192458224077
2009-11-05 00:00:00,1.1949909866175805
2009-11-06 00:00:00,1.191969835908761
2009-11-09 00:00:00,1.2144680127260392
2009-11-10 00:00:00,1.2144680127260392
2009-11-12 00:00:00,1.2030549709102822
2009-11-13 00:00:00,1.2102086180579419
2009-11-16 00:00:00,1.2231654174775453
2009-11-17 00:00:00,1.2089387696084688
2009-11-18 00:00:00,1.219325884776943
2009-11-19 00:00:00,1.2057650828585167
2009-11-20 00:00:00,1.2036514285061726
2009-11-23 00:00:00,1.2167069639576622
2009-11-24 00:00:00,1.2057223093051417
2009-11-25 00:00:00,1.2191072108377798
2009-11-27 00:00:00,1.1993827844860276
2009-11-30 00:00:00,1.1940946120769145
2009-12-01 00:00:00,1.2104456645651558
2009-12-02 00:00:00,1.2122372864739746
2009-12-03 00:00:00,1.2112436847638108
2009-12-04 00:00:00,1.1972070813017714
2009-12-07 00:00:00,1.1889568348605064
2009-12-08 00:00:00,1.179364979897545
2009-12-09 00:00:00,1.1772816209680226
2009-12-10 00:00:00,1.180901571751695
2009-12-11 00:00:00,1.175998513533918
2009-12-14 00:00:00,1.175530774142089
2009-12-15 00:00:00,1.167836346830583
2009-12-16 00:00:00,1.1824010380114207
2009-12-17 00:00:00,1.1541353516411925
2009-12-18 00:00:00,1.1615703167409623
2009-12-21 00:00:00,1.1611338151871173
2009-12-22 00:00:00,1.1556265079359194
2009-12-23 00:00:00,1.1672347621194852
2009-12-24 00:00:00,1.1691016953532476
2009-12-28 00:00:00,1.174779104042489
2009-12-29 00:00:00,1.1710149539416812
2009-12-30 00:00:00,1.1717214181903746
2009-12-31 00:00:00,1.1740689489682825
2010-01-04 00:00:00,1.1902267097913715
2010-01-05 00:00:00,1.1928792699314672
2010-01-06 00:00:00,1.1966801879467404
2010-01-07 00:00:00,1.190122519631545
2010-01-08 00:00:00,1.1953544713426636
2010-01-11 00:00:00,1.2100166659049778
2010-01-12 00:00:00,1.2100166659049778
2010-01-13 00:00:00,1.2121765822999575
2010-01-14 00:00:00,1.210156715741262
2010-01-15 00:00:00,1.2199241701281633
2010-01-19 00:00:00,1.2249647050154575
2010-01-20 00:00:00,1.2396408122290143
2010-01-21 00:00:00,1.2417324505956588
2010-01-22 00:00:00,1.2421918016172457
2010-01-25 00:00:00,1.2472239420265214
2010-01-26 00:00:00,1.2565324253210808
2010-01-27 00:00:00,1.2547544973642437
2010-01-28 00:00:00,1.2538886462070997
2010-01-29 00:00:00,1.2676380704463701
2010-02-01 00:00:00,1.2594390814590084
2010-02-02 00:00:00,1.2513645532612396
2010-02-03 00:00:00,1.2556389235088228
2010-02-04 00:00:00,1.2738972600227276
2010-02-05 00:00:00,1.2857602002999062
2010-02-08 00:00:00,1.271426429137678
2010-02-09 00:00:00,1.2645583793420587
2010-02-10 00:00:00,1.2655820085338112
2010-02-11 00:00:00,1.2668371077361602
2010-02-12 00:00:00,1.2656574127652476
2010-02-16 00:00:00,1.2534922571497387
2010-02-17 00:00:00,1.259954987920434
2010-02-18 00:00:00,1.2730982797968453
2010-02-19 00:00:00,1.2756581974986183
2010-02-22 00:00:00,1.2645488940051957
2010-02-23 00:00:00,1.2691066900023418
2010-02-24 00:00:00,1.266494772364123
2010-02-25 00:00:00,1.2787403556454828
2010-02-26 00:00:00,1.2622369770528155
2010-03-01 00:00:00,1.2721881143993723
2010-03-02 00:00:00,1.2710008952610383
2010-03-03 00:00:00,1.253940329233902
2010-03-04 00:00:00,1.2695873167232894
2010-03-05 00:00:00,1.2618500902166276
2010-03-08 00:00:00,1.2627201578982048
2010-03-09 00:00:00,1.262494121348833
2010-03-10 00:00:00,1.2544858599798652
2010-03-11 00:00:00,1.2552817517051518
2010-03-12 00:00:00,1.2552817517051518
2010-03-15 00:00:00,1.2635663278695515
2010-03-16 00:00:00,1.2526582488763747
2010-03-17 00:00:00,1.2514834898856997
2010-03-18 00:00:00,1.2655539587100646
2010-03-19 00:00:00,1.2668554003956518
2010-03-22 00:00:00,1.279630992779241
2010-03-23 00:00:00,1.275368326162972
2010-03-24 00:00:00,1.2944367605894145
2010-03-25 00:00:00,1.3012855113259505
2010-03-26 00:00:00,1.2966484257564816
2010-03-29 00:00:00,1.2850321055324836
2010-03-30 00:00:00,1.2880652715821368
2010-03-31 00:00:00,1.2764323921518343
2010-04-01 00:00:00,1.2713144676606891
2010-04-02 00:00:00,1.2772840398675216
2010-04-05 00:00:00,1.2763405439201758
2010-04-06 00:00:00,1.2852133894399327
2010-04-07 00:00:00,1.2814677264849577
2010-04-08 00:00:00,1.278755159748891
2010-04-09 00:00:00,1.2707350449852473
2010-04-12 00:00:00,1.2646236393207984
2010-04-13 00:00:00,1.2629847709262687
2010-04-14 00:00:00,1.2559633329922175
2010-04-15 00:00:00,1.261376061397677
2010-04-16 00:00:00,1.268150641734216
2010-04-19 00:00:00,1.2738727086678696
2010-04-20 00:00:00,1.2677961620909426
2010-04-21 00:00:00,1.26820736010473
2010-04-22 00:00:00,1.2737603721481559
2010-04-23 00:00:00,1.2659166912674122
2010-04-26 00:00:00,1.2624202759922813
2010-04-27 00:00:00,1.2733565671592635
2010-04-28 00:00:00,1.285346798009306
2010-04-29 00:00:00,1.2704993661695756
2010-04-30 00:00:00,1.2668615270918502
2010-05-03 00:00:00,1.2754165024151063
2010-05-04 00:00:00,1.2898579696278003
2010-05-05 00:00:00,1.2943067900713787
2010-05-06 00:00:00,1.321670713739646
2010-05-07 00:00:00,1.3383923353150537
2010-05-10 00:00:00,1.3383923353150537
2010-05-11 00:00:00,1.3442300013527024
2010-05-12 00:00:00,1.3422886886808758
2010-05-13 00:00:00,1.349058315599641
2010-05-14 00:00:00,1.3614123662597923
2010-05-17 00:00:00,1.3700909544549034
2010-05-18 00:00:00,1.3711366333868502
2010-05-19 00:00:00,1.4013312604293904
2010-05-20 00:00:00,1.4209617768010876
2010-05-21 00:00:00,1.404498285464691
2010-05-24 00:00:00,1.4085481959782362
2010-05-25 00:00:00,1.4381407772701293
2010-05-26 00:00:00,1.4210381967136234
2010-05-27 00:00:00,1.3991034408355403
2010-05-28 00:00:00,1.4015454914369023
2010-06-01 00:00:00,1.4038987470053532
2010-06-02 00:00:00,1.4140135253636543
2010-06-03 00:00:00,1.405222178383599
2010-06-04 00:00:00,1.4292896746130648
2010-06-07 00:00:00,1.4457279225262898
2010-06-08 00:00:00,1.442675833362106
2010-06-09 00:00:00,1.4264786642459342
2010-06-10 00:00:00,1.412658747312259
2010-06-11 00:00:00,1.409113336089787
2010-06-14 00:00:00,1.3916651726584774
2010-06-15 00:00:00,1.3865082179501245
2010-06-16 00:00:00,1.3911498037210142
2010-06-17 00:00:00,1.3881934700303848
2010-06-18 00:00:00,1.3887015319141012
2010-06-21 00:00:00,1.3850053520822472
2010-06-22 00:00:00,1.4030012666933318
2010-06-23 00:00:00,1.4101371715948916
2010-06-24 00:00:00,1.4124334324814225
2010-06-25 00:00:00,1.404601075563529
2010-06-28 00:00:00,1.3959361129970647
2010-06-29 00:00:00,1.4111144538244587
2010-06-30 00:00:00,1.408835934708382
2010-07-01 00:00:00,1.408153694523067
2010-07-02 00:00:00,1.3995806503353458
2010-07-06 00:00:00,1.3824493795433217
2010-07-07 00:00:00,1.3954116644441728
2010-07-08 00:00:00,1.3954116644441728
2010-07-09 00:00:00,1.391217546013417
2010-07-12 00:00:00,1.3948782790395762
2010-07-13 00:00:00,1.3712311194612417
2010-07-14 00:00:00,1.3643328182741596
2010-07-15 00:00:00,1.3578081137228482
2010-07-16 00:00:00,1.3729847983420571
2010-07-19 00:00:00,1.3805797413431287
2010-07-20 00:00:00,1.3786166215638214
2010-07-21 00:00:00,1.3697734291098347
2010-07-22 00:00:00,1.3530938463046738
2010-07-23 00:00:00,1.3574656444904607
2010-07-26 00:00:00,1.3490385831760674
2010-07-27 00:00:00,1.3486777028599188
2010-07-28 00:00:00,1.3468876520164679
2010-07-29 00:00:00,1.3372470881912901
2010-07-30 00:00:00,1.321166881903779
2010-08-02 00:00:00,1.300646436822269
2010-08-03 00:00:00,1.2984407931093476
2010-08-04 00:00:00,1.3083348474094594
2010-08-05 00:00:00,1.3103764126945863
2010-08-06 00:00:00,1.2984255395075086
2010-08-09 00:00:00,1.300045672698072
2010-08-10 00:00:00,1.322376446013139
2010-08-11 00:00:00,1.3486606381147481
2010-08-12 00:00:00,1.347270709545138
2010-08-13 00:00:00,1.3581095695117504
2010-08-16 00:00:00,1.3442487074948521
2010-08-17 00:00:00,1.3404455640529471
2010-08-18 00:00:00,1.345731610319612
2010-08-19 00:00:00,1.3507219499833443
2010-08-20 00:00:00,1.3689629350511847
2010-08-23 00:00:00,1.3661313525511
2010-08-24 00:00:00,1.3761626629491202
2010-08-25 00:00:00,1.3893429052437538
2010-08-26 00:00:00,1.377281330146584
2010-08-27 00:00:00,1.3665164847524867
2010-08-30 00:00:00,1.376829426735182
2010-08-31 00:00:00,1.3759637934969158
2010-09-01 00:00:00,1.350232991660262
2010-09-02 00:00:00,1.3427405287592473
2010-09-03 00:00:00,1.3427405287592473
2010-09-07 00:00:00,1.3248454001226964
2010-09-08 00:00:00,1.3278840854422265
2010-09-09 00:00:00,1.328420508900457
2010-09-10 00:00:00,1.3311522468597883
2010-09-13 00:00:00,1.3468321037649682
2010-09-14 00:00:00,1.3646277075528466
2010-09-15 00:00:00,1.3498839383569288
2010-09-16 00:00:00,1.3482678411449558
2010-09-17 00:00:00,1.3487323492111047
2010-09-20 00:00:00,1.3599098740147502
2010-09-21 00:00:00,1.3638353591435437
2010-09-22 00:00:00,1.3922678433446294
2010-09-23 00:00:00,1.3857670731363454
2010-09-24 00:00:00,1.3965961371581361
2010-09-27 00:00:00,1.3929755602327034
2010-09-28 00:00:00,1.4037981594831834
2010-09-29 00:00:00,1.408246798688096
2010-09-30 00:00:00,1.3945350728357593
2010-10-01 00:00:00,1.4082226761988672
2010-10-04 00:00:00,1.3994966483464188
2010-10-05 00:00:00,1.41308796476011
2010-10-06 00:00:00,1.4237086383661277
2010-10-07 00:00:00,1.4141331661445544
2010-10-08 00:00:00,1.4125780788984978
2010-10-12 00:00:00,1.3989965219150104
2010-10-13 00:00:00,1.417669108705185
2010-10-14 00:00:00,1.4315925123430793
2010-10-15 00:00:00,1.4189169922472544
2010-10-18 00:00:00,1.4114867044470447
2010-10-19 00:00:00,1.393849402584115
2010-10-20 00:00:00,1.4095023079555205
2010-10-21 00:00:00,1.4109537571450532
2010-10-22 00:00:00,1.413209420415204
2010-10-25 00:00:00,1.4224769286398882
2010-10-26 00:00:00,1.4046136379198975
2010-10-27 00:00:00,1.3933296885550515
2010-10-28 00:00:00,1.397142034835894
2010-10-29 00:00:00,1.3984967528079217
2010-11-01 00:00:00,1.4013096223398789
2010-11-02 00:00:00,1.405387732113152
2010-11-03 00:00:00,1.405387732113152
2010-11-04 00:00:00,1.4348163408090495
2010-11-05 00:00:00,1.426403331472707
2010-11-08 00:00:00,1.41669572782123
2010-11-09 00:00:00,1.414843073211236
2010-11-10 00:00:00,1.3977191140739817
2010-11-12 00:00:00,1.3828162531153374
2010-11-15 00:00:00,1.3746555219049434
2010-11-16 00:00:00,1.3570948529063722
2010-11-17 00:00:00,1.3670222288441072
2010-11-18 00:00:00,1.371262612656875
2010-11-19 00:00:00,1.3727048421159296
2010-11-22 00:00:00,1.3669086019673538
2010-11-23 00:00:00,1.3464060920704795
2010-11-24 00:00:00,1.3526744212207245
2010-11-26 00:00:00,1.3356239956263372
2010-11-29 00:00:00,1.3264667361867488
2010-11-30 00:00:00,1.3289751263555492
2010-12-01 00:00:00,1.339999022892738
2010-12-02 00:00:00,1.3529192451419012
2010-12-03 00:00:00,1.3718803397414607
2010-12-06 00:00:00,1.366863156505489
2010-12-07 00:00:00,1.376127931628662
2010-12-08 00:00:00,1.363847800473456
2010-12-09 00:00:00,1.3603053972594414
2010-12-10 00:00:00,1.37204058206785
2010-12-13 00:00:00,1.3881857786795009
2010-12-14 00:00:00,1.3962475809601662
2010-12-15 00:00:00,1.3846092454785581
2010-12-16 00:00:00,1.3781114563436552
2010-12-17 00:00:00,1.3704626828018298
2010-12-20 00:00:00,1.373920497982258
2010-12-21 00:00:00,1.3766117536036195
2010-12-22 00:00:00,1.370691138940191
2010-12-23 00:00:00,1.3749313586733807
2010-12-27 00:00:00,1.3801238719450837
2010-12-28 00:00:00,1.3806568725169035
2010-12-29 00:00:00,1.3872723598850059
2010-12-30 00:00:00,1.3959157280107328
2011-01-03 00:00:00,1.4117337415483862
2011-01-04 00:00:00,1.4005601362956595
2011-01-05 00:00:00,1.4005601362956595
2011-01-06 00:00:00,1.3881666312695857
2011-01-07 00:00:00,1.3850734439964514
2011-01-10 00:00:00,1.3832657987026098
2011-01-11 00:00:00,1.3895198703339695
2011-01-12 00:00:00,1.3974587759302928
2011-01-13 00:00:00,1.4140229146043888
2011-01-14 00:00:00,1.409658869597084
2011-01-18 00:00:00,1.4166883221135818
2011-01-19 00:00:00,1.4224408762088814
2011-01-20 00:00:00,1.4065889191877528
2011-01-21 00:00:00,1.422220642454888
2011-01-24 00:00:00,1.4300438277362473
2011-01-25 00:00:00,1.4329438715509444
2011-01-26 00:00:00,1.4364295049042672
2011-01-27 00:00:00,1.4255804891236754
2011-01-28 00:00:00,1.4181707474956717
2011-01-31 00:00:00,1.431331285605017
2011-02-01 00:00:00,1.4453445641577682
2011-02-02 00:00:00,1.4410113772683095
2011-02-03 00:00:00,1.441715008375219
2011-02-04 00:00:00,1.435631294503181
2011-02-07 00:00:00,1.429376253073415
2011-02-08 00:00:00,1.4407602468632508
2011-02-09 00:00:00,1.4325465902834897
2011-02-10 00:00:00,1.4210716399419037
2011-02-11 00:00:00,1.409346466506311
2011-02-14 00:00:00,1.4155240005009964
2011-02-15 00:00:00,1.4183653940889078
2011-02-16 00:00:00,1.436329680066371
2011-02-17 00:00:00,1.448611594975647
2011-02-18 00:00:00,1.4573706299515254
2011-02-22 00:00:00,1.4562924082731805
2011-02-23 00:00:00,1.4691023159053949
2011-02-24 00:00:00,1.476132266636792
2011-02-25 00:00:00,1.461466972939828
2011-02-28 00:00:00,1.4726613653008689
2011-03-01 00:00:00,1.4821661537749684
2011-03-02 00:00:00,1.4896171773412166
2011-03-03 00:00:00,1.4837355969285195
2011-03-04 00:00:00,1.483075807505698
2011-03-07 00:00:00,1.483075807505698
2011-03-08 00:00:00,1.4768595766008414
2011-03-09 00:00:00,1.479058506457472
2011-03-10 00:00:00,1.4580811792397788
2011-03-11 00:00:00,1.4644000575896803
2011-03-14 00:00:00,1.4707214720121258
2011-03-15 00:00:00,1.4581327516574725
2011-03-16 00:00:00,1.4545314711558925
2011-03-17 00:00:00,1.4578749260449433
2011-03-18 00:00:00,1.4738499953965138
2011-03-21 00:00:00,1.4832892534535993
2011-03-22 00:00:00,1.4805458248930987
2011-03-23 00:00:00,1.4750893003394179
2011-03-24 00:00:00,1.4882155236719214
2011-03-25 00:00:00,1.4786341070366702
2011-03-28 00:00:00,1.4761720994462666
2011-03-29 00:00:00,1.470432951249675
2011-03-30 00:00:00,1.4754588579744774
2011-03-31 00:00:00,1.490044393003791
2011-04-01 00:00:00,1.4998838740876423
2011-04-04 00:00:00,1.5000748934297317
2011-04-05 00:00:00,1.5086385940582552
2011-04-06 00:00:00,1.5111547889971182
2011-04-07 00:00:00,1.5060757410260623
2011-04-08 00:00:00,1.5275329117102374
2011-04-11 00:00:00,1.519201732799082
2011-04-12 00:00:00,1.507259632965372
2011-04-13 00:00:00,1.5165471047229344
2011-04-14 00:00:00,1.5226807350681792
2011-04-15 00:00:00,1.5316759510026337
2011-04-18 00:00:00,1.502015128385619
2011-04-19 00:00:00,1.5189778268694134
2011-04-20 00:00:00,1.5406341245299955
2011-04-21 00:00:00,1.54129652750723
2011-04-22 00:00:00,1.534155451732724
2011-04-25 00:00:00,1.5394259870884774
2011-04-26 00:00:00,1.5489116575392492
2011-04-27 00:00:00,1.5476324062406717
2011-04-28 00:00:00,1.5637171931358085
2011-04-29 00:00:00,1.5735355632366077
2011-05-02 00:00:00,1.5776383440954953
2011-05-03 00:00:00,1.5776383440954953
2011-05-04 00:00:00,1.5566542166681048
2011-05-05 00:00:00,1.5191847651294674
2011-05-06 00:00:00,1.5143191477448104
2011-05-09 00:00:00,1.50613244685324
2011-05-10 00:00:00,1.5193242422470887
2011-05-11 00:00:00,1.5114147087912404
2011-05-12 00:00:00,1.5002610645629613
2011-05-13 00:00:00,1.4886010044756843
2011-05-16 00:00:00,1.4955427508364318
2011-05-17 00:00:00,1.4739106885314126
2011-05-18 00:00:00,1.4905317450781175
2011-05-19 00:00:00,1.496760156885303
2011-05-20 00:00:00,1.4939765678314394
2011-05-23 00:00:00,1.4729136683419333
2011-05-24 00:00:00,1.4884671109891605
2011-05-25 00:00:00,1.4891368193934282
2011-05-26 00:00:00,1.4974102508781955
2011-05-27 00:00:00,1.5264716950978037
2011-05-31 00:00:00,1.5373341427813245
2011-06-01 00:00:00,1.5382201154984374
2011-06-02 00:00:00,1.531982933397083
2011-06-03 00:00:00,1.5497152800564962
2011-06-06 00:00:00,1.5447101322276944
2011-06-07 00:00:00,1.5482653761606313
2011-06-08 00:00:00,1.5359928387899615
2011-06-09 00:00:00,1.529801953016001
2011-06-10 00:00:00,1.511111078836592
2011-06-13 00:00:00,1.5196590918449977
2011-06-14 00:00:00,1.5342554836413211
2011-06-15 00:00:00,1.4999618989680845
2011-06-16 00:00:00,1.4934911778054305
2011-06-17 00:00:00,1.502140374213032
2011-06-20 00:00:00,1.4948402629132904
2011-06-21 00:00:00,1.5057761279850126
2011-06-22 00:00:00,1.5202454339349303
2011-06-23 00:00:00,1.5015679121801764
2011-06-24 00:00:00,1.5103663222674266
2011-06-27 00:00:00,1.5146240684027978
2011-06-28 00:00:00,1.5248963018148662
2011-06-29 00:00:00,1.5356906472446399
2011-06-30 00:00:00,1.5356906472446399
2011-07-01 00:00:00,1.5379511197829727
2011-07-05 00:00:00,1.5428669059001505
2011-07-06 00:00:00,1.5279300395903919
2011-07-07 00:00:00,1.5317294499471523
2011-07-08 00:00:00,1.5237836511427596
2011-07-11 00:00:00,1.4960277775537778
2011-07-12 00:00:00,1.4834714796418498
2011-07-13 00:00:00,1.4988530342972972
2011-07-14 00:00:00,1.4915132830767812
2011-07-15 00:00:00,1.487052742874811
2011-07-18 00:00:00,1.4710717625869212
2011-07-19 00:00:00,1.4923222613720986
2011-07-20 00:00:00,1.5018529221024772
2011-07-21 00:00:00,1.5246280241369836
2011-07-22 00:00:00,1.5261784742022064
2011-07-25 00:00:00,1.523755521483333
2011-07-26 00:00:00,1.5418293938311787
2011-07-27 00:00:00,1.5300826122187399
2011-07-28 00:00:00,1.5272797964428189
2011-07-29 00:00:00,1.5356620762558537
2011-08-01 00:00:00,1.5254451413556118
2011-08-02 00:00:00,1.533721739915124
2011-08-03 00:00:00,1.5394426610233907
2011-08-04 00:00:00,1.5047276747562146
2011-08-05 00:00:00,1.4949981271961192
2011-08-08 00:00:00,1.5119490886881497
2011-08-09 00:00:00,1.4974662397045073
2011-08-10 00:00:00,1.4940239755059395
2011-08-11 00:00:00,1.497982588631123
2011-08-12 00:00:00,1.495187693121133
2011-08-15 00:00:00,1.5189326229942244
2011-08-16 00:00:00,1.52128417189635
2011-08-17 00:00:00,1.530366297069715
2011-08-18 00:00:00,1.5074482540498235
2011-08-19 00:00:00,1.5141401584685064
2011-08-22 00:00:00,1.5160312345948672
2011-08-23 00:00:00,1.5210879314245305
2011-08-24 00:00:00,1.520611558136254
2011-08-25 00:00:00,1.5233618152729984
2011-08-26 00:00:00,1.5377483570937105
2011-08-29 00:00:00,1.5377483570937105
2011-08-30 00:00:00,1.5377483570937105
2011-08-31 00:00:00,1.5377483570937105
2011-09-01 00:00:00,1.525485156174751
2011-09-02 00:00:00,1.524382579753935
2011-09-06 00:00:00,1.5248629939739458
2011-09-07 00:00:00,1.5269010510663186
2011-09-08 00:00:00,1.5261361415467014
2011-09-09 00:00:00,1.4998935014759769
2011-09-12 00:00:00,1.4634148704065788
2011-09-13 00:00:00,1.4576059191037298
2011-09-14 00:00:00,1.4507929945841431
2011-09-15 00:00:00,1.4712939509344716
2011-09-16 00:00:00,1.4721102393009855
2011-09-19 00:00:00,1.442271038925191
2011-09-20 00:00:00,1.4552334380861343
2011-09-21 00:00:00,1.451356170747478
2011-09-22 00:00:00,1.4041577975203157
2011-09-23 00:00:00,1.4093062558201415
2011-09-26 00:00:00,1.4215329246831752
2011-09-27 00:00:00,1.4361518249282845
2011-09-28 00:00:00,1.4314531276485776
2011-09-29 00:00:00,1.4251041203947223
2011-09-30 00:00:00,1.409233820260118
2011-10-03 00:00:00,1.4041098585026301
2011-10-04 00:00:00,1.391520353588039
2011-10-05 00:00:00,1.3984521680598214
2011-10-06 00:00:00,1.4057175995649343
2011-10-07 00:00:00,1.4223932977267513
2011-10-11 00:00:00,1.4464813087301958
2011-10-12 00:00:00,1.4625041716322777
2011-10-13 00:00:00,1.4568830411615963
2011-10-14 00:00:00,1.47652329326026
2011-10-17 00:00:00,1.4649787098320939
2011-10-18 00:00:00,1.4611532245166903
2011-10-19 00:00:00,1.4686406988580458
2011-10-20 00:00:00,1.4573218458052972
2011-10-21 00:00:00,1.4776638753425417
2011-10-24 00:00:00,1.4893561168418659
2011-10-25 00:00:00,1.486906119433514
2011-10-26 00:00:00,1.4856170574700196
2011-10-27 00:00:00,1.5191179333827534
2011-10-28 00:00:00,1.5165833014785335
2011-10-31 00:00:00,1.5165833014785335
2011-11-01 00:00:00,1.4748505758200248
2011-11-02 00:00:00,1.4813307937886546
2011-11-03 00:00:00,1.4913181841400702
2011-11-04 00:00:00,1.4843287470718993
2011-11-07 00:00:00,1.4916108394372036
2011-11-08 00:00:00,1.4886364347436711
2011-11-09 00:00:00,1.4641069219852738
2011-11-10 00:00:00,1.4685299726673053
2011-11-14 00:00:00,1.4646455171813233
2011-11-15 00:00:00,1.4538219469981921
2011-11-16 00:00:00,1.4482566686380693
2011-11-17 00:00:00,1.4465027852637111
2011-11-18 00:00:00,1.4475295440489784
2011-11-21 00:00:00,1.4440045938622679
2011-11-22 00:00:00,1.4454524928050108
2011-11-23 00:00:00,1.428145084871689
2011-11-25 00:00:00,1.4120575895732796
2011-11-28 00:00:00,1.4212748010099447
2011-11-29 00:00:00,1.4303928625359352
2011-11-30 00:00:00,1.4504927570357722
2011-12-01 00:00:00,1.4447281805645644
2011-12-02 00:00:00,1.4429330225871606
2011-12-05 00:00:00,1.4559231384309574
2011-12-06 00:00:00,1.4514495962817986
2011-12-07 00:00:00,1.4519537031138845
2011-12-08 00:00:00,1.4443039211230444
2011-12-09 00:00:00,1.4547831850401582
2011-12-12 00:00:00,1.4348358387186473
2011-12-13 00:00:00,1.4153562310629555
2011-12-14 00:00:00,1.3956525671665392
2011-12-15 00:00:00,1.3953497771034031
2011-12-16 00:00:00,1.4001867902638079
2011-12-19 00:00:00,1.4091541779386696
2011-12-20 00:00:00,1.4180928425002208
2011-12-21 00:00:00,1.407659544990707
2011-12-22 00:00:00,1.4054117191187556
2011-12-23 00:00:00,1.3992260730284163
2011-12-27 00:00:00,1.403359472193441
2011-12-28 00:00:00,1.3873158889263462
2011-12-29 00:00:00,1.3933363498380724
2011-12-30 00:00:00,1.3933363498380724
2012-01-03 00:00:00,1.377508491195436
2012-01-04 00:00:00,1.387220965823744
2012-01-05 00:00:00,1.4064377791660228
2012-01-06 00:00:00,1.4050511062821847
2012-01-09 00:00:00,1.4033860463805594
2012-01-10 00:00:00,1.3956517881947104
2012-01-11 00:00:00,1.410477752948577
2012-01-12 00:00:00,1.4006807369960774
2012-01-13 00:00:00,1.4161638416452036
2012-01-17 00:00:00,1.4066096863647428
2012-01-18 00:00:00,1.3986611265542936
2012-01-19 00:00:00,1.3787018624683474
2012-01-20 00:00:00,1.3814016394318718
2012-01-23 00:00:00,1.3684472800981582
2012-01-24 00:00:00,1.3745465072514294
2012-01-25 00:00:00,1.3790716042637376
2012-01-26 00:00:00,1.3541591690915527
2012-01-27 00:00:00,1.3521553348399173
2012-01-30 00:00:00,1.3581739769337242
2012-01-31 00:00:00,1.36914914710795
2012-02-01 00:00:00,1.3529762765932616
2012-02-02 00:00:00,1.3546695317432815
2012-02-03 00:00:00,1.3560393311845769
2012-02-06 00:00:00,1.3536232615044164
2012-02-07 00:00:00,1.3433483074773531
2012-02-08 00:00:00,1.3405902160802248
2012-02-09 00:00:00,1.3359825457790806
2012-02-10 00:00:00,1.3394263782571865
2012-02-13 00:00:00,1.3273200021333544
2012-02-14 00:00:00,1.3328854574793847
2012-02-15 00:00:00,1.3429677667677355
2012-02-16 00:00:00,1.3389805124097474
2012-02-17 00:00:00,1.323314185120909
2012-02-21 00:00:00,1.319452535830122
2012-02-22 00:00:00,1.3120368812769012
2012-02-23 00:00:00,1.3082221153979186
2012-02-24 00:00:00,1.2894223462240915
2012-02-27 00:00:00,1.2984428756183708
2012-02-28 00:00:00,1.2887787087406612
2012-02-29 00:00:00,1.2910965514198285
2012-03-01 00:00:00,1.2910965514198285
2012-03-02 00:00:00,1.2841007338019825
2012-03-05 00:00:00,1.2840091888719332
2012-03-06 00:00:00,1.2624316604907642
2012-03-07 00:00:00,1.273072761428281
2012-03-08 00:00:00,1.2887638426723391
2012-03-09 00:00:00,1.2640929879496496
2012-03-12 00:00:00,1.2645811404112064
2012-03-13 00:00:00,1.2682766630734883
2012-03-14 00:00:00,1.2372602110535555
2012-03-15 00:00:00,1.2442692153579693
2012-03-16 00:00:00,1.2543429541085824
2012-03-19 00:00:00,1.2604217706922292
2012-03-20 00:00:00,1.2513363481011313
2012-03-21 00:00:00,1.249990241506488
2012-03-22 00:00:00,1.2452370161477218
2012-03-23 00:00:00,1.2527942748448238
2012-03-26 00:00:00,1.266114612559119
2012-03-27 00:00:00,1.2643813961148218
2012-03-28 00:00:00,1.2527289218944242
2012-03-29 00:00:00,1.2506846443627317
2012-03-30 00:00:00,1.2638933978215545
2012-04-02 00:00:00,1.2688350898963776
2012-04-03 00:00:00,1.2683883091115413
2012-04-04 00:00:00,1.2488201835571153
2012-04-05 00:00:00,1.244785188493096
2012-04-06 00:00:00,1.2447421743879614
2012-04-09 00:00:00,1.2434960571876974
2012-04-10 00:00:00,1.2397939659816282
2012-04-11 00:00:00,1.241824172944917
2012-04-12 00:00:00,1.249448275567576
2012-04-13 00:00:00,1.2436033828041364
2012-04-16 00:00:00,1.2464866268011563
2012-04-17 00:00:00,1.2544521603556753
2012-04-18 00:00:00,1.2524240315913016
2012-04-19 00:00:00,1.2537972079572994
2012-04-20 00:00:00,1.2597605716098907
2012-04-23 00:00:00,1.2532301354977984
2012-04-24 00:00:00,1.2581325760404183
2012-04-25 00:00:00,1.2592981448587883
2012-04-26 00:00:00,1.2562748763621818
2012-04-27 00:00:00,1.2562748763621818
2012-04-30 00:00:00,1.2568670863918936
2012-05-01 00:00:00,1.2591974679059315
2012-05-02 00:00:00,1.2528859208497005
2012-05-03 00:00:00,1.2531476384810447
2012-05-04 00:00:00,1.243579312468596
2012-05-07 00:00:00,1.2432786301022782
2012-05-08 00:00:00,1.2349817165631418
2012-05-09 00:00:00,1.235257202377949
2012-05-10 00:00:00,1.2298967956020996
2012-05-11 00:00:00,1.2294976898803112
2012-05-14 00:00:00,1.215567175039379
2012-05-15 00:00:00,1.203777787368016
2012-05-16 00:00:00,1.2071690518862073
2012-05-17 00:00:00,1.2034960418647533
2012-05-18 00:00:00,1.2007058500572447
2012-05-21 00:00:00,1.208953065532229
2012-05-22 00:00:00,1.2108645502284547
2012-05-23 00:00:00,1.197888698751699
2012-05-24 00:00:00,1.1986865465595793
2012-05-25 00:00:00,1.197151634546457
2012-05-29 00:00:00,1.1932820454877022
2012-05-30 00:00:00,1.186477226492107
2012-05-31 00:00:00,1.1782627500561744
2012-06-01 00:00:00,1.1743416786052772
2012-06-04 00:00:00,1.182423692391546
2012-06-05 00:00:00,1.1774340732774304
2012-06-06 00:00:00,1.1842326611752472
2012-06-07 00:00:00,1.1918398576212663
2012-06-08 00:00:00,1.1864576718612625
2012-06-11 00:00:00,1.1947277278264394
2012-06-12 00:00:00,1.1929854206814725
2012-06-13 00:00:00,1.2040395263373211
2012-06-14 00:00:00,1.208465993624007
2012-06-15 00:00:00,1.2083848531269028
2012-06-18 00:00:00,1.201407196932278
2012-06-19 00:00:00,1.2145007801090208
2012-06-20 00:00:00,1.2203478426882877
2012-06-21 00:00:00,1.2102945400165115
2012-06-22 00:00:00,1.2078577053721828
2012-06-25 00:00:00,1.195124632752019
2012-06-26 00:00:00,1.195124632752019
2012-06-27 00:00:00,1.1982799199415142
2012-06-28 00:00:00,1.202417619084482
2012-06-29 00:00:00,1.1804665229762255
2012-07-02 00:00:00,1.1837405528449778
2012-07-03 00:00:00,1.1808977055565282
2012-07-05 00:00:00,1.1973246853241755
2012-07-06 00:00:00,1.2137686397853276
2012-07-09 00:00:00,1.207600390312389
2012-07-10 00:00:00,1.209468778962616
2012-07-11 00:00:00,1.2109258992027139
2012-07-12 00:00:00,1.2106835870909152
2012-07-13 00:00:00,1.208933868424564
2012-07-16 00:00:00,1.2063637727402567
2012-07-17 00:00:00,1.2081188668411038
2012-07-18 00:00:00,1.2092886893644976
2012-07-19 00:00:00,1.202317211529311
2012-07-20 00:00:00,1.2037721104867949
2012-07-23 00:00:00,1.2074565584685908
2012-07-24 00:00:00,1.2099797266282935
2012-07-25 00:00:00,1.206290903951295
2012-07-26 00:00:00,1.1919145401575708
2012-07-27 00:00:00,1.194010073482458
2012-07-30 00:00:00,1.1985021727062943
2012-07-31 00:00:00,1.1920465388088517
2012-08-01 00:00:00,1.1911622199572327
2012-08-02 00:00:00,1.2009454248558542
2012-08-03 00:00:00,1.1826050903486562
2012-08-06 00:00:00,1.1771220015963388
2012-08-07 00:00:00,1.1690979528910503
2012-08-08 00:00:00,1.1614494965829294
2012-08-09 00:00:00,1.1730537919920014
2012-08-10 00:00:00,1.171013929874753
2012-08-13 00:00:00,1.1741451676148447
2012-08-14 00:00:00,1.1715754153627467
2012-08-15 00:00:00,1.1771909372179432
2012-08-16 00:00:00,1.1763891637506705
2012-08-17 00:00:00,1.1742181194099437
2012-08-20 00:00:00,1.1717113911197383
2012-08-21 00:00:00,1.1622297383166855
2012-08-22 00:00:00,1.1631561381723354
2012-08-23 00:00:00,1.1631561381723354
2012-08-24 00:00:00,1.1635358431123777
2012-08-27 00:00:00,1.1621979865568852
2012-08-28 00:00:00,1.1628964828139385
2012-08-29 00:00:00,1.1622378780234381
2012-08-30 00:00:00,1.1635958191867648
2012-08-31 00:00:00,1.1678095650400018
2012-09-04 00:00:00,1.1680109809705022
2012-09-05 00:00:00,1.1623176691725545
2012-09-06 00:00:00,1.1577078206487574
2012-09-07 00:00:00,1.176860779171933
2012-09-10 00:00:00,1.1759411810705118
2012-09-11 00:00:00,1.1747987974094842
2012-09-12 00:00:00,1.1786017277827618
2012-09-13 00:00:00,1.1747580390422694
2012-09-14 00:00:00,1.1952641582242527
2012-09-17 00:00:00,1.1878008327195024
2012-09-18 00:00:00,1.185264573590551
2012-09-19 00:00:00,1.188676484530466
2012-09-20 00:00:00,1.1794433222451097
2012-09-21 00:00:00,1.1811713237637305
2012-09-24 00:00:00,1.1773108841255469
2012-09-25 00:00:00,1.1861780402975848
2012-09-26 00:00:00,1.1760228649243676
2012-09-27 00:00:00,1.1834211739042326
2012-09-28 00:00:00,1.1820372246852913
2012-10-01 00:00:00,1.1823880694311604
2012-10-02 00:00:00,1.1916466070151277
2012-10-03 00:00:00,1.1765745278965514
2012-10-04 00:00:00,1.1874884125036336
2012-10-05 00:00:00,1.1958129092504186
2012-10-09 00:00:00,1.1807388488653074
2012-10-10 00:00:00,1.1811919257089234
2012-10-11 00:00:00,1.186427411994914
2012-10-12 00:00:00,1.1853890543789551
2012-10-15 00:00:00,1.1862195949670646
2012-10-16 00:00:00,1.1950110583495626
2012-10-17 00:00:00,1.2034845067027369
2012-10-18 00:00:00,1.205777307112558
2012-10-19 00:00:00,1.1968907703410987
2012-10-22 00:00:00,1.1940087660149301
2012-10-23 00:00:00,1.1940087660149301
2012-10-24 00:00:00,1.1879126529069768
2012-10-25 00:00:00,1.1861000521049272
2012-10-26 00:00:00,1.1872528847020856
2012-10-29 00:00:00,1.1881189808767039
2012-10-30 00:00:00,1.1957620215536018
2012-10-31 00:00:00,1.1985065651335147
2012-11-01 00:00:00,1.203970047257733
2012-11-02 00:00:00,1.1957411191811378
2012-11-05 00:00:00,1.1936337370872363
2012-11-06 00:00:00,1.1964940652602778
2012-11-07 00:00:00,1.1922398641393526
2012-11-08 00:00:00,1.1924684855483467
2012-11-09 00:00:00,1.191616796533322
2012-11-13 00:00:00,1.186820309957065
2012-11-14 00:00:00,1.189213716816386
2012-11-15 00:00:00,1.188779712297024
2012-11-16 00:00:00,1.180450786998608
2012-11-19 00:00:00,1.192322989053622
2012-11-20 00:00:00,1.1932797593544764
2012-11-21 00:00:00,1.1959501757958522
2012-11-23 00:00:00,1.2080951256577892
2012-11-26 00:00:00,1.2109823889566687
2012-11-27 00:00:00,1.202488524505069
2012-11-28 00:00:00,1.2036522708556134
2012-11-29 00:00:00,1.2016646851997426
2012-11-30 00:00:00,1.2071357616424967
2012-12-03 00:00:00,1.2135389264298069
2012-12-04 00:00:00,1.2164739330807253
2012-12-05 00:00:00,1.2172099043559441
2012-12-06 00:00:00,1.211389852748377
2012-12-07 00:00:00,1.206965367534104
2012-12-10 00:00:00,1.205837720437797
2012-12-11 00:00:00,1.2101896929621991
2012-12-12 00:00:00,1.2152205046188551
2012-12-13 00:00:00,1.217816667349036
2012-12-14 00:00:00,1.2165172008713383
2012-12-17 00:00:00,1.2206417238578757
2012-12-18 00:00:00,1.2229112236304944
2012-12-19 00:00:00,1.230257224650109
2012-12-20 00:00:00,1.2297884013048683
2012-12-21 00:00:00,1.2297884013048683
2012-12-24 00:00:00,1.2212171488109254
2012-12-26 00:00:00,1.225937335342726
2012-12-27 00:00:00,1.2276728258810665
2012-12-28 00:00:00,1.2259153985558362
2012-12-31 00:00:00,1.2318005330701016
2013-01-02 00:00:00,1.2361567978112107
2013-01-03 00:00:00,1.231822680984104
2013-01-04 00:00:00,1.2209124647733705
2013-01-07 00:00:00,1.2249947618912673
2013-01-08 00:00:00,1.2224374071852993
2013-01-09 00:00:00,1.2260470310544733
2013-01-10 00:00:00,1.2373400648068937
2013-01-11 00:00:00,1.2397807102477907
2013-01-14 00:00:00,1.2443970946924516
2013-01-15 00:00:00,1.2311585898304114
2013-01-16 00:00:00,1.2308489256084676
2013-01-17 00:00:00,1.2332196070182688
2013-01-18 00:00:00,1.2215437647908158
2013-01-22 00:00:00,1.2287076661338805
2013-01-23 00:00:00,1.2309373852038903
2013-01-24 00:00:00,1.2380108431358159
2013-01-25 00:00:00,1.2391976639346833
2013-01-28 00:00:00,1.2388167377591253
2013-01-29 00:00:00,1.2456641402260569
2013-01-30 00:00:00,1.2493213109211299
2013-01-31 00:00:00,1.2529312737434695
2013-02-01 00:00:00,1.2614207182260444
2013-02-04 00:00:00,1.2520153883094463
2013-02-05 00:00:00,1.2482742155872915
2013-02-06 00:00:00,1.2469337686018764
2013-02-07 00:00:00,1.2401397807597732
2013-02-08 00:00:00,1.2365584082068608
2013-02-11 00:00:00,1.2450529213152495
2013-02-12 00:00:00,1.2485927109220503
2013-02-13 00:00:00,1.251397922229399
2013-02-14 00:00:00,1.242929645288333
2013-02-15 00:00:00,1.2360675864809458
2013-02-19 00:00:00,1.2376082888937787
2013-02-20 00:00:00,1.2306499379969986
2013-02-21 00:00:00,1.210316757412826
2013-02-22 00:00:00,1.210316757412826
2013-02-25 00:00:00,1.2120656776043404
2013-02-26 00:00:00,1.2031607572028178
2013-02-27 00:00:00,1.2056916403494222
2013-02-28 00:00:00,1.2022774564668757
2013-03-01 00:00:00,1.19413689485952
2013-03-04 00:00:00,1.2020883464471581
2013-03-05 00:00:00,1.204045356796735
2013-03-06 00:00:00,1.2051001490497326
2013-03-07 00:00:00,1.2124288913628327
2013-03-08 00:00:00,1.201584343786267
2013-03-11 00:00:00,1.2010388176121654
2013-03-12 00:00:00,1.203813550248766
2013-03-13 00:00:00,1.1959848897063725
2013-03-14 00:00:00,1.1854925284305744
2013-03-15 00:00:00,1.190890833974193
2013-03-18 00:00:00,1.1882163391323202
2013-03-19 00:00:00,1.179394211269286
2013-03-20 00:00:00,1.1771738521455697
2013-03-21 00:00:00,1.177536611374801
2013-03-22 00:00:00,1.1843901814442768
2013-03-25 00:00:00,1.1778390815640367
2013-03-26 00:00:00,1.177576931757323
2013-03-27 00:00:00,1.1747611574410066
2013-03-28 00:00:00,1.1792526661696927
2013-03-29 00:00:00,1.1768314513741487
2013-04-01 00:00:00,1.1829642606506972
2013-04-02 00:00:00,1.1835342167601048
2013-04-03 00:00:00,1.1850023432113002
2013-04-04 00:00:00,1.1836360524352691
2013-04-05 00:00:00,1.2023825433014037
2013-04-08 00:00:00,1.1975466354490032
2013-04-09 00:00:00,1.2049312581156122
2013-04-10 00:00:00,1.197192282375087
2013-04-11 00:00:00,1.2060721914642287
2013-04-12 00:00:00,1.2027189446564575
2013-04-15 00:00:00,1.2007662402369632
2013-04-16 00:00:00,1.1987571850569652
2013-04-17 00:00:00,1.1872318674183293
2013-04-18 00:00:00,1.1834527608357592
2013-04-19 00:00:00,1.1822350550563974
2013-04-22 00:00:00,1.1822350550563974
2013-04-23 00:00:00,1.19278107160627
2013-04-24 00:00:00,1.1944174473281133
2013-04-25 00:00:00,1.1879225912432387
2013-04-26 00:00:00,1.1820036910302611
2013-04-29 00:00:00,1.1768828521465076
2013-04-30 00:00:00,1.1648135670848496
2013-05-01 00:00:00,1.1632257675401354
2013-05-02 00:00:00,1.1710480800838192
2013-05-03 00:00:00,1.1701978391508092
2013-05-06 00:00:00,1.1772966916967382
2013-05-07 00:00:00,1.1790780398062752
2013-05-08 00:00:00,1.1599813973417537
2013-05-09 00:00:00,1.1609180836826583
2013-05-10 00:00:00,1.1747000542429977
2013-05-13 00:00:00,1.1706753256854863
2013-05-14 00:00:00,1.1731116167198123
2013-05-15 00:00:00,1.1823517175323353
2013-05-16 00:00:00,1.1741421387443236
2013-05-17 00:00:00,1.18340432564449
2013-05-20 00:00:00,1.1785679813442551
2013-05-21 00:00:00,1.1683103295446853
2013-05-22 00:00:00,1.1730930073357428
2013-05-23 00:00:00,1.1769830404101869
2013-05-24 00:00:00,1.1767727402050174
2013-05-28 00:00:00,1.1859674733030572
2013-05-29 00:00:00,1.1893532600100731
2013-05-30 00:00:00,1.175143468012544
2013-05-31 00:00:00,1.1827324504210976
2013-06-03 00:00:00,1.1697858080074204
2013-06-04 00:00:00,1.1724470919979308
2013-06-05 00:00:00,1.171518636157621
2013-06-06 00:00:00,1.1604003964968324
2013-06-07 00:00:00,1.1624589995049865
2013-06-10 00:00:00,1.1615788524153963
2013-06-11 00:00:00,1.1676892110542942
2013-06-12 00:00:00,1.1558738613458888
2013-06-13 00:00:00,1.16179167023176
2013-06-14 00:00:00,1.1524689294710344
2013-06-17 00:00:00,1.1549123427707193
2013-06-18 00:00:00,1.1542158852622182
2013-06-19 00:00:00,1.1542158852622182
2013-06-20 00:00:00,1.2080232169819356
2013-06-21 00:00:00,1.2252112074682477
2013-06-24 00:00:00,1.2361704136225236
2013-06-25 00:00:00,1.230874421597428
2013-06-26 00:00:00,1.2254916593086762
2013-06-27 00:00:00,1.2173965990193047
2013-06-28 00:00:00,1.2237591556750145
2013-07-01 00:00:00,1.2206758754265583
2013-07-02 00:00:00,1.2227534762796202
2013-07-03 00:00:00,1.2248759180994226
2013-07-05 00:00:00,1.2533904766995037
2013-07-08 00:00:00,1.2336553653143096
2013-07-09 00:00:00,1.2406000039586036
2013-07-10 00:00:00,1.2320884141174153
2013-07-11 00:00:00,1.222711971536585
2013-07-12 00:00:00,1.2195362120408642
2013-07-15 00:00:00,1.2202041627525582
2013-07-16 00:00:00,1.2060697964500116
2013-07-17 00:00:00,1.2084769675994322
2013-07-18 00:00:00,1.2067628663026264
2013-07-19 00:00:00,1.2008902199853475
2013-07-22 00:00:00,1.1940000666542967
2013-07-23 00:00:00,1.1853703708556909
2013-07-24 00:00:00,1.1902350310141923
2013-07-25 00:00:00,1.19346329347982
2013-07-26 00:00:00,1.1907251203117057
2013-07-29 00:00:00,1.1919586738946382
2013-07-30 00:00:00,1.1924565642241738
2013-07-31 00:00:00,1.188087742355804
2013-08-01 00:00:00,1.1960148267992796
2013-08-02 00:00:00,1.1950888409575258
2013-08-05 00:00:00,1.1934867786061778
2013-08-06 00:00:00,1.1916735590460867
2013-08-07 00:00:00,1.1894583851807639
2013-08-08 00:00:00,1.1868176594565045
2013-08-09 00:00:00,1.1786870385535784
2013-08-12 00:00:00,1.1798127791332444
2013-08-13 00:00:00,1.1865427596223996
2013-08-14 00:00:00,1.1841375546663193
2013-08-15 00:00:00,1.1940146347300353
2013-08-16 00:00:00,1.1940146347300353
2013-08-19 00:00:00,1.1957135799204701
2013-08-20 00:00:00,1.1882861623898215
2013-08-21 00:00:00,1.1653341564137247
2013-08-22 00:00:00,1.1561156164011492
2013-08-23 00:00:00,1.1725349853925944
2013-08-26 00:00:00,1.1688654135650174
2013-08-27 00:00:00,1.173178068284415
2013-08-28 00:00:00,1.1650264266480435
2013-08-29 00:00:00,1.1570252125195457
2013-08-30 00:00:00,1.1518896752762677
2013-09-03 00:00:00,1.1624938439215602
2013-09-04 00:00:00,1.1651610384201008
2013-09-05 00:00:00,1.1533765430967122
2013-09-06 00:00:00,1.160429906141788
2013-09-09 00:00:00,1.1727492680069274
2013-09-10 00:00:00,1.1909927819029333
2013-09-11 00:00:00,1.1933283382179256
2013-09-12 00:00:00,1.1993093749465658
2013-09-13 00:00:00,1.1886463339946276
2013-09-16 00:00:00,1.1967677329163482
2013-09-17 00:00:00,1.1964634596190544
2013-09-18 00:00:00,1.1960580024840723
2013-09-19 00:00:00,1.2125352341384663
2013-09-20 00:00:00,1.19270328451279
2013-09-23 00:00:00,1.19458041310191
2013-09-24 00:00:00,1.1829889591185683
2013-09-25 00:00:00,1.177188833143302
2013-09-26 00:00:00,1.1795887702717984
2013-09-27 00:00:00,1.177149571267134
2013-09-30 00:00:00,1.1744272721172109
2013-10-01 00:00:00,1.1796479083976164
2013-10-02 00:00:00,1.172184509973513
2013-10-03 00:00:00,1.1868476560394943
2013-10-04 00:00:00,1.184835610900263
2013-10-07 00:00:00,1.1827907371079922
2013-10-08 00:00:00,1.182929485539607
2013-10-09 00:00:00,1.175346351703436
2013-10-10 00:00:00,1.1697564204259665
2013-10-11 00:00:00,1.1772673647532517
2013-10-15 00:00:00,1.1700188484937846
2013-10-16 00:00:00,1.1700188484937846
2013-10-17 00:00:00,1.1523970826043413
2013-10-18 00:00:00,1.1456457511140716
2013-10-21 00:00:00,1.148869530902311
2013-10-22 00:00:00,1.1448225013479445
2013-10-23 00:00:00,1.1487149109548176
2013-10-24 00:00:00,1.1436939860502973
2013-10-25 00:00:00,1.14472211272904
2013-10-28 00:00:00,1.1438436785172579
2013-10-29 00:00:00,1.1426999088793877
2013-10-30 00:00:00,1.1406777866303661
2013-10-31 00:00:00,1.154859519425262
2013-11-01 00:00:00,1.1588014022536963
2013-11-04 00:00:00,1.1547648622855633
2013-11-05 00:00:00,1.1612721117583455
2013-11-06 00:00:00,1.15616171307646
2013-11-07 00:00:00,1.1710960210189785
2013-11-08 00:00:00,1.1942183402119688
2013-11-12 00:00:00,1.2023503080275548
2013-11-13 00:00:00,1.1987519203287333
2013-11-14 00:00:00,1.1959292034998745
2013-11-15 00:00:00,1.1872139997532547
2013-11-18 00:00:00,1.185318371832148
2013-11-19 00:00:00,1.1824312403277126
2013-11-20 00:00:00,1.1837283486283587
2013-11-21 00:00:00,1.1850222403849664
2013-11-22 00:00:00,1.1785754319285169
2013-11-25 00:00:00,1.1863587009259073
2013-11-26 00:00:00,1.1837999634392036
2013-11-27 00:00:00,1.1845644160407083
2013-11-29 00:00:00,1.1861946407537223
2013-12-02 00:00:00,1.187632069463415
2013-12-03 00:00:00,1.1807626653709868
2013-12-04 00:00:00,1.1938302443199094
2013-12-05 00:00:00,1.1926472602639553
2013-12-06 00:00:00,1.1928777616396682
2013-12-09 00:00:00,1.1904802666751602
2013-12-10 00:00:00,1.18515867648702
2013-12-11 00:00:00,1.185957950113644
2013-12-12 00:00:00,1.201029880992973
2013-12-13 00:00:00,1.1980394198090834
2013-12-16 00:00:00,1.1980394198090834
2013-12-17 00:00:00,1.1921989102284314
2013-12-18 00:00:00,1.189983384057433
2013-12-19 00:00:00,1.198825066718928
2013-12-20 00:00:00,1.1970821308716424
2013-12-23 00:00:00,1.1965257472039388
2013-12-24 00:00:00,1.1961837038406546
2013-12-26 00:00:00,1.1953531635129617
2013-12-27 00:00:00,1.1919528044509808
2013-12-30 00:00:00,1.1801968289352198
2013-12-31 00:00:00,1.1801279760950008
2014-01-02 00:00:00,1.1961906617425526
2014-01-03 00:00:00,1.195008899311867
2014-01-06 00:00:00,1.200696984134375
2014-01-07 00:00:00,1.1995044372503547
2014-01-08 00:00:00,1.2053403100647042
2014-01-09 00:00:00,1.2039450980470674
2014-01-10 00:00:00,1.198210924836619
2014-01-13 00:00:00,1.1903989888139366
2014-01-14 00:00:00,1.1831636754069152
2014-01-15 00:00:00,1.1916765606733524
2014-01-16 00:00:00,1.2034853584872145
2014-01-17 00:00:00,1.1972057595868448
2014-01-21 00:00:00,1.2001632822738009
2014-01-22 00:00:00,1.19662055969436
2014-01-23 00:00:00,1.1861662208117192
2014-01-24 00:00:00,1.1958207277908943
2014-01-27 00:00:00,1.1975029685821565
2014-01-28 00:00:00,1.1926160381452875
2014-01-29 00:00:00,1.198452252071485
2014-01-30 00:00:00,1.2133965133536835
2014-01-31 00:00:00,1.2195535103300934
2014-02-03 00:00:00,1.2194098126175756
2014-02-04 00:00:00,1.2222528582966468
2014-02-05 00:00:00,1.2117959914074974
2014-02-06 00:00:00,1.2062438148463224
2014-02-07 00:00:00,1.2015472336309494
2014-02-10 00:00:00,1.1919376049461738
2014-02-11 00:00:00,1.1886479005058086
2014-02-12 00:00:00,1.1882638935383816
2014-02-13 00:00:00,1.1848532212663134
2014-02-14 00:00:00,1.1848532212663134
2014-02-18 00:00:00,1.177848597174939
2014-02-19 00:00:00,1.1750939774979168
2014-02-20 00:00:00,1.1911777469603007
2014-02-21 00:00:00,1.1838206076694002
2014-02-24 00:00:00,1.1736410902708214
2014-02-25 00:00:00,1.1744651201291783
2014-02-26 00:00:00,1.1813884973193354
2014-02-27 00:00:00,1.1753581734380893
2014-02-28 00:00:00,1.1667654713005284
2014-03-03 00:00:00,1.175419711567717
2014-03-04 00:00:00,1.1710461517959154
2014-03-05 00:00:00,1.1651553773472954
2014-03-06 00:00:00,1.1639804098172866
2014-03-07 00:00:00,1.163085866422392
2014-03-10 00:00:00,1.160389812220326
2014-03-11 00:00:00,1.1574991194644388
2014-03-12 00:00:00,1.1581836505636804
2014-03-13 00:00:00,1.1533194031770178
2014-03-14 00:00:00,1.1581694198816213
2014-03-17 00:00:00,1.1563305053140078
2014-03-18 00:00:00,1.1594948272202978
2014-03-19 00:00:00,1.164595053928722
2014-03-20 00:00:00,1.1788679847492294
2014-03-21 00:00:00,1.1787606359400153
2014-03-24 00:00:00,1.1755043547468222
2014-03-25 00:00:00,1.1765599761719816
2014-03-26 00:00:00,1.175624637486086
2014-03-27 00:00:00,1.1683333514603709
2014-03-28 00:00:00,1.1677859252400153
2014-03-31 00:00:00,1.1643718468871538
2014-04-01 00:00:00,1.1634391881528414
2014-04-02 00:00:00,1.1625657316881308
2014-04-03 00:00:00,1.1688706564042983
2014-04-04 00:00:00,1.1656245005660693
2014-04-07 00:00:00,1.1651755096366407
2014-04-08 00:00:00,1.1594255973893453
2014-04-09 00:00:00,1.1560691241973933
2014-04-10 00:00:00,1.1481962207734009
2014-04-11 00:00:00,1.1512128604025285
2014-04-14 00:00:00,1.157602211661392
2014-04-15 00:00:00,1.157602211661392
2014-04-16 00:00:00,1.1548696409816182
2014-04-17 00:00:00,1.1533056926606928
2014-04-18 00:00:00,1.1525927050144362
2014-04-21 00:00:00,1.1484479305283193
2014-04-22 00:00:00,1.1533828252455989
2014-04-23 00:00:00,1.150919688925272
2014-04-24 00:00:00,1.1496920617175383
2014-04-25 00:00:00,1.1466534806368684
2014-04-28 00:00:00,1.149060089201353
2014-04-29 00:00:00,1.1483141077541328
2014-04-30 00:00:00,1.1600940651348572
2014-05-01 00:00:00,1.1605820080607356
2014-05-02 00:00:00,1.1604648643280064
2014-05-05 00:00:00,1.1594506083621423
2014-05-06 00:00:00,1.1655825726156837
2014-05-07 00:00:00,1.1686432438014844
2014-05-08 00:00:00,1.172596396252087
2014-05-09 00:00:00,1.1675356000797847
2014-05-12 00:00:00,1.1645003780531757
2014-05-13 00:00:00,1.164480720388832
2014-05-14 00:00:00,1.1651888146734797
2014-05-15 00:00:00,1.1599965257804874
2014-05-16 00:00:00,1.162910254642088
2014-05-19 00:00:00,1.1628906506256578
2014-05-20 00:00:00,1.1600355395539304
2014-05-21 00:00:00,1.1581269457241625
2014-05-22 00:00:00,1.16023064779188
2014-05-23 00:00:00,1.1576216377767081
2014-05-27 00:00:00,1.1565153887892772
2014-05-28 00:00:00,1.1547149882007703
2014-05-29 00:00:00,1.157155590886604
2014-05-30 00:00:00,1.1534985434696254
2014-06-02 00:00:00,1.1509772982800082
2014-06-03 00:00:00,1.1496345809465038
2014-06-04 00:00:00,1.1500562401239376
2014-06-05 00:00:00,1.150785289522121
2014-06-06 00:00:00,1.1592947263228357
2014-06-09 00:00:00,1.155295149809312
2014-06-10 00:00:00,1.1537879406421692
2014-06-11 00:00:00,1.1501117409524522
2014-06-12 00:00:00,1.1501117409524522
2014-06-13 00:00:00,1.1474109589346937
2014-06-16 00:00:00,1.1505919305633914
2014-06-17 00:00:00,1.14898008102256
2014-06-18 00:00:00,1.1422366141367921
2014-06-19 00:00:00,1.1257192467161443
2014-06-20 00:00:00,1.123992880630961
2014-06-23 00:00:00,1.1262897436369912
2014-06-24 00:00:00,1.1256640680065806
2014-06-25 00:00:00,1.122052468498473
2014-06-26 00:00:00,1.1226741346045064
2014-06-27 00:00:00,1.1238828668092649
2014-06-30 00:00:00,1.1237362152094268
2014-07-01 00:00:00,1.117865094161619
2014-07-02 00:00:00,1.1165787757005403
2014-07-03 00:00:00,1.1143573573517953
2014-07-07 00:00:00,1.1177381423517108
2014-07-08 00:00:00,1.1142852644919818
2014-07-09 00:00:00,1.1179376510015862
2014-07-10 00:00:00,1.117230623330113
2014-07-11 00:00:00,1.1149163934730677
2014-07-14 00:00:00,1.1153495809984582
2014-07-15 00:00:00,1.1083517313107263
2014-07-16 00:00:00,1.1119114219956867
2014-07-17 00:00:00,1.1126476682537911
2014-07-18 00:00:00,1.1130251477128024
2014-07-21 00:00:00,1.1108536539547686
2014-07-22 00:00:00,1.113115061528981
2014-07-23 00:00:00,1.1118217025187158
2014-07-24 00:00:00,1.1100303486333056
2014-07-25 00:00:00,1.106838197739172
2014-07-28 00:00:00,1.1072651294301723
2014-07-29 00:00:00,1.1022693889617257
2014-07-30 00:00:00,1.1000517909957808
2014-07-31 00:00:00,1.0961836693440692
2014-08-01 00:00:00,1.09901645639157
2014-08-04 00:00:00,1.0984382203452552
2014-08-05 00:00:00,1.0969341573116809
2014-08-06 00:00:00,1.0974583624301055
2014-08-07 00:00:00,1.1031871966545732
2014-08-08 00:00:00,1.105924433829622
2014-08-11 00:00:00,1.105924433829622
2014-08-12 00:00:00,1.1049830576237134
2014-08-13 00:00:00,1.1020073816039673
2014-08-14 00:00:00,1.100391648447348
2014-08-15 00:00:00,1.1000388337732856
2014-08-18 00:00:00,1.1010772561053421
2014-08-19 00:00:00,1.1022935826378562
2014-08-20 00:00:00,1.1047630405803872
2014-08-21 00:00:00,1.100164215636129
2014-08-22 00:00:00,1.1027687198838707
2014-08-25 00:00:00,1.103729311469828
2014-08-26 00:00:00,1.1039887754811322
2014-08-27 00:00:00,1.105859403726686
2014-08-28 00:00:00,1.1055991534690126
2014-08-29 00:00:00,1.1061433236740867
2014-09-02 00:00:00,1.108895172103457
2014-09-03 00:00:00,1.1136449235176227
2014-09-04 00:00:00,1.120705614572211
2014-09-05 00:00:00,1.123157878748776
2014-09-08 00:00:00,1.128211336459266
2014-09-09 00:00:00,1.1346250049080557
2014-09-10 00:00:00,1.1346630964460558
2014-09-11 00:00:00,1.1387171109003984
2014-09-12 00:00:00,1.1363624073502963
2014-09-15 00:00:00,1.1416575485712752
2014-09-16 00:00:00,1.1416775562576043
2014-09-17 00:00:00,1.1424322585891007
2014-09-18 00:00:00,1.1298250421459288
2014-09-19 00:00:00,1.1343875589982806
2014-09-22 00:00:00,1.134459461474343
2014-09-23 00:00:00,1.1337691076806529
2014-09-24 00:00:00,1.139857034870534
2014-09-25 00:00:00,1.142184380016928
2014-09-26 00:00:00,1.1502658708698132
2014-09-29 00:00:00,1.1482436849586246
2014-09-30 00:00:00,1.148180126083117
2014-10-01 00:00:00,1.149614991402716
2014-10-02 00:00:00,1.1501101982759232
2014-10-03 00:00:00,1.1624007699939618
2014-10-06 00:00:00,1.156707481835805
2014-10-07 00:00:00,1.1544763423639448
2014-10-08 00:00:00,1.1544763423639448
2014-10-09 00:00:00,1.1533217565212306
2014-10-10 00:00:00,1.1612178470097712
2014-10-14 00:00:00,1.1694737900385312
2014-10-15 00:00:00,1.1708635667348934
2014-10-16 00:00:00,1.1705201472440696
2014-10-17 00:00:00,1.1659149592092557
2014-10-20 00:00:00,1.1698329032505992
2014-10-21 00:00:00,1.1698185656379223
2014-10-22 00:00:00,1.1760793229035318
2014-10-23 00:00:00,1.1696685305349264
2014-10-24 00:00:00,1.1743671513393115
2014-10-27 00:00:00,1.1763087198461095
2014-10-28 00:00:00,1.1768245351973325
2014-10-29 00:00:00,1.1821403798225125
2014-10-30 00:00:00,1.1922036552050923
2014-10-31 00:00:00,1.199890762422992
2014-11-03 00:00:00,1.2057519063778888
2014-11-04 00:00:00,1.2172727903944711
2014-11-05 00:00:00,1.2122865008362356
2014-11-06 00:00:00,1.2164399509073867
2014-11-07 00:00:00,1.213419963386321
2014-11-10 00:00:00,1.2091754242227293
2014-11-12 00:00:00,1.203922674380677
2014-11-13 00:00:00,1.204539831051229
2014-11-14 00:00:00,1.2008019282455162
2014-11-17 00:00:00,1.2056093469778397
2014-11-18 00:00:00,1.1948263567674122
2014-11-19 00:00:00,1.2053955004225332
2014-11-20 00:00:00,1.201485313004548
2014-11-21 00:00:00,1.2067054534233743
2014-11-24 00:00:00,1.2040753865456804
2014-11-25 00:00:00,1.2092695814658565
2014-11-26 00:00:00,1.2104100847406396
2014-11-28 00:00:00,1.2393557335087677
2014-12-01 00:00:00,1.2268365066122788
2014-12-02 00:00:00,1.2397864043118747
2014-12-03 00:00:00,1.2446280535860696
2014-12-04 00:00:00,1.2437921460918553
2014-12-05 00:00:00,1.2574240966301473
2014-12-08 00:00:00,1.2619465291347862
2014-12-09 00:00:00,1.2619465291347862
2014-12-10 00:00:00,1.2776492134388253
2014-12-11 00:00:00,1.294382151197681
2014-12-12 00:00:00,1.3043564739026265
2014-12-15 00:00:00,1.3182715582344726
2014-12-16 00:00:00,1.3237078450326176
2014-12-17 00:00:00,1.3096772732178021
2014-12-18 00:00:00,1.309703483760776
2014-12-19 00:00:00,1.3068106666916635
2014-12-22 00:00:00,1.3137562648355998
2014-12-23 00:00:00,1.317836404258909
2014-12-24 00:00:00,1.322773971559432
2014-12-29 00:00:00,1.317301729876085
2014-12-30 00:00:00,1.3169205739389493
2014-12-31 00:00:00,1.3263426946657946
2015-01-02 00:00:00,1.339961658574665
2015-01-05 00:00:00,1.3459687119252506
2015-01-06 00:00:00,1.3596856123105943
2015-01-07 00:00:00,1.3618448492536412
2015-01-08 00:00:00,1.3466630914368225
2015-01-09 00:00:00,1.3551461193590226
2015-01-12 00:00:00,1.3620034138207568
2015-01-13 00:00:00,1.3661569424363587
2015-01-14 00:00:00,1.349791789889101
2015-01-15 00:00:00,1.3515743072412834
2015-01-16 00:00:00,1.3441546702013492
2015-01-20 00:00:00,1.3537055158625062
2015-01-21 00:00:00,1.346592347375683
2015-01-22 00:00:00,1.3516208546421877
2015-01-23 00:00:00,1.3682266414480895
2015-01-26 00:00:00,1.3679757090363718
2015-01-27 00:00:00,1.3619545980281706
2015-01-28 00:00:00,1.3707081516546813
2015-01-29 00:00:00,1.3776938865299742
2015-01-30 00:00:00,1.3663010807610758
2015-02-02 00:00:00,1.3474609179137484
2015-02-03 00:00:00,1.334675696573033
2015-02-04 00:00:00,1.335404793952708
2015-02-05 00:00:00,1.3308228452705406
2015-02-06 00:00:00,1.3420688787843664
2015-02-09 00:00:00,1.3451011584491486
2015-02-10 00:00:00,1.3451011584491486
2015-02-11 00:00:00,1.3591199093065764
2015-02-12 00:00:00,1.3589904267794684
2015-02-13 00:00:00,1.3440161147575078
2015-02-17 00:00:00,1.3385104230257674
2015-02-18 00:00:00,1.3366199048085592
2015-02-19 00:00:00,1.3447971718940326
2015-02-20 00:00:00,1.336123651997933
2015-02-23 00:00:00,1.3504948996314317
2015-02-24 00:00:00,1.3517717200109027
2015-02-25 00:00:00,1.3409804944144048
2015-02-26 00:00:00,1.3561169648446918
2015-02-27 00:00:00,1.3598156425759287
2015-03-02 00:00:00,1.3656118038641618
2015-03-03 00:00:00,1.3649322750002322
2015-03-04 00:00:00,1.3848274832144025
2015-03-05 00:00:00,1.3731932436670027
2015-03-06 00:00:00,1.3991388336596868
2015-03-09 00:00:00,1.4052859211201454
2015-03-10 00:00:00,1.4306676430764003
2015-03-11 00:00:00,1.4445271896454428
2015-03-12 00:00:00,1.4318633894614714
2015-03-13 00:00:00,1.4451015443757518
2015-03-16 00:00:00,1.4548570007850448
2015-03-17 00:00:00,1.459912121609768
2015-03-18 00:00:00,1.468718187827402
2015-03-19 00:00:00,1.4293957998900626
2015-03-20 00:00:00,1.4216653324488027
2015-03-23 00:00:00,1.3959817653053421
2015-03-24 00:00:00,1.3928324393324083
2015-03-25 00:00:00,1.3871984906170862
2015-03-26 00:00:00,1.3951759831272472
2015-03-27 00:00:00,1.407977069092009
2015-03-30 00:00:00,1.4191512377341131
2015-03-31 00:00:00,1.4224140397029437
2015-04-01 00:00:00,1.4153370367253868
2015-04-02 00:00:00,1.4114511094903697
2015-04-03 00:00:00,1.4010617785443658
2015-04-06 00:00:00,1.3982988230328597
2015-04-07 00:00:00,1.4242392795740018
2015-04-08 00:00:00,1.4191221287064892
2015-04-09 00:00:00,1.4191221287064892
2015-04-10 00:00:00,1.4202300667370624
2015-04-13 00:00:00,1.4169252570115436
2015-04-14 00:00:00,1.3882583101740318
2015-04-15 00:00:00,1.3816798667711276
2015-04-16 00:00:00,1.3569267911973586
2015-04-17 00:00:00,1.3699029675464316
2015-04-20 00:00:00,1.3738932755780826
2015-04-21 00:00:00,1.370245392535149
2015-04-22 00:00:00,1.3822300638725402
2015-04-23 00:00:00,1.3717462298570653
2015-04-24 00:00:00,1.35820836068264
2015-04-27 00:00:00,1.3465684846979677
2015-04-28 00:00:00,1.3340594183531724
2015-04-29 00:00:00,1.2976278407703297
2015-04-30 00:00:00,1.3170338171922336
2015-05-01 00:00:00,1.3282752131438165
2015-05-04 00:00:00,1.319297032263109
2015-05-05 00:00:00,1.3203757646145848
2015-05-06 00:00:00,1.2864315671084854
2015-05-07 00:00:00,1.2937729072439916
2015-05-08 00:00:00,1.2925109521358642
2015-05-11 00:00:00,1.3149550820451184
2015-05-12 00:00:00,1.2968526055896459
2015-05-13 00:00:00,1.2728541863276304
2015-05-14 00:00:00,1.2728541863276304
2015-05-15 00:00:00,1.285319323819056
2015-05-18 00:00:00,1.2732163413502957
2015-05-19 00:00:00,1.2510290842603222
2015-05-20 00:00:00,1.2386127813679004
2015-05-21 00:00:00,1.245177576817048
2015-05-22 00:00:00,1.231793835658443
2015-05-26 00:00:00,1.2122803958097812
2015-05-27 00:00:00,1.2104690177291213
2015-05-28 00:00:00,1.1976340290365588
2015-05-29 00:00:00,1.2071880239242418
2015-06-01 00:00:00,1.1800830274180631
2015-06-02 00:00:00,1.1963989932445873
2015-06-03 00:00:00,1.21716362146415
2015-06-04 00:00:00,1.213579798829762
2015-06-05 00:00:00,1.180409135953356
2015-06-08 00:00:00,1.194406971737749
2015-06-09 00:00:00,1.2098612352089222
2015-06-10 00:00:00,1.2107029428668576
2015-06-11 00:00:00,1.1958356882111194
2015-06-12 00:00:00,1.2171478567296476
2015-06-15 00:00:00,1.2095809260066497
2015-06-16 00:00:00,1.208771872996702
2015-06-17 00:00:00,1.2171005649762678
2015-06-18 00:00:00,1.2116083047199315
2015-06-19 00:00:00,1.2067849613127175
2015-06-22 00:00:00,1.217605199890937
2015-06-23 00:00:00,1.2010934524844405
2015-06-24 00:00:00,1.1933452496873904
2015-06-25 00:00:00,1.2020921230877215
2015-06-26 00:00:00,1.1989939870418953
2015-06-29 00:00:00,1.1913029641669641
2015-06-30 00:00:00,1.1959878804996895
2015-07-01 00:00:00,1.1909104376228645
2015-07-02 00:00:00,1.1803350045516305
2015-07-06 00:00:00,1.1658670999253464
2015-07-07 00:00:00,1.143488822254979
2015-07-08 00:00:00,1.143488822254979
2015-07-09 00:00:00,1.126182530244942
2015-07-10 00:00:00,1.1073764206054617
2015-07-13 00:00:00,1.1175096586716344
2015-07-14 00:00:00,1.1243128562554652
2015-07-15 00:00:00,1.1277723797565342
2015-07-16 00:00:00,1.1256969009715545
2015-07-17 00:00:00,1.1336427729204959
2015-07-20 00:00:00,1.1383171831223202
2015-07-21 00:00:00,1.1230960191542607
2015-07-22 00:00:00,1.1314566397237769
2015-07-23 00:00:00,1.133112282841967
2015-07-24 00:00:00,1.1328915709326994
2015-07-27 00:00:00,1.1261642276699053
2015-07-28 00:00:00,1.1287156113383008
2015-07-29 00:00:00,1.1252339321037055
2015-07-30 00:00:00,1.1286409382032585
2015-07-31 00:00:00,1.1258585884775476
2015-08-03 00:00:00,1.139932021654561
2015-08-04 00:00:00,1.140061027127259
2015-08-05 00:00:00,1.1459165031129714
2015-08-06 00:00:00,1.145740670221681
2015-08-07 00:00:00,1.1436616070302517
2015-08-10 00:00:00,1.1361290498297334
2015-08-11 00:00:00,1.1443998155846722
2015-08-12 00:00:00,1.1247194888948475
2015-08-13 00:00:00,1.1358899080891884
2015-08-14 00:00:00,1.1382126483584831
2015-08-17 00:00:00,1.1326427873984535
2015-08-18 00:00:00,1.145187396124064
2015-08-19 00:00:00,1.1544607406452434
2015-08-20 00:00:00,1.136693932944309
2015-08-21 00:00:00,1.1342625727239941
2015-08-24 00:00:00,1.133635512322174
2015-08-25 00:00:00,1.1424307622106855
2015-08-26 00:00:00,1.1542810913751198
2015-08-27 00:00:00,1.1471862397420736
2015-08-28 00:00:00,1.1429520618658826
2015-08-31 00:00:00,1.1503622671693308
2015-09-01 00:00:00,1.1449155471941939
2015-09-02 00:00:00,1.1407248317016137
2015-09-03 00:00:00,1.1407248317016137
2015-09-04 00:00:00,1.1460927332347375
2015-09-08 00:00:00,1.1341606902301349
2015-09-09 00:00:00,1.1324475579756947
2015-09-10 00:00:00,1.1281577789665398
2015-09-11 00:00:00,1.1243048912464828
2015-09-14 00:00:00,1.12880084666539
2015-09-15 00:00:00,1.1287212209465685
2015-09-16 00:00:00,1.1185950850213349
2015-09-17 00:00:00,1.124226943441695
2015-09-18 00:00:00,1.1187072492799954
2015-09-21 00:00:00,1.1294287908906504
2015-09-22 00:00:00,1.1418374978310577
2015-09-23 00:00:00,1.141235801115747
2015-09-24 00:00:00,1.1652289364218873
2015-09-25 00:00:00,1.1720526525624377
2015-09-28 00:00:00,1.1745324840678555
2015-09-29 00:00:00,1.1652167336360981
2015-09-30 00:00:00,1.173221033290854
2015-10-01 00:00:00,1.161411028063504
2015-10-02 00:00:00,1.1473133912236906
2015-10-05 00:00:00,1.157020072976687
2015-10-06 00:00:00,1.1418273535946675
2015-10-07 00:00:00,1.1302828113758063
2015-10-08 00:00:00,1.120615462745207
2015-10-09 00:00:00,1.1114231090930644
2015-10-13 00:00:00,1.1187732378690163
2015-10-14 00:00:00,1.1143789567705453
2015-10-15 00:00:00,1.114946080429403
2015-10-16 00:00:00,1.1141471215480092
2015-10-19 00:00:00,1.117252976556253
2015-10-20 00:00:00,1.116113082664878
2015-10-21 00:00:00,1.1246576346558705
2015-10-22 00:00:00,1.1396219636724845
2015-10-23 00:00:00,1.1553387096707097
2015-10-26 00:00:00,1.1462620224698485
2015-10-27 00:00:00,1.1605616938882957
2015-10-28 00:00:00,1.161767189363983
2015-10-29 00:00:00,1.1776836717512147
2015-10-30 00:00:00,1.163787612244578
2015-11-02 00:00:00,1.1649059535889528
2015-11-03 00:00:00,1.1649059535889528
2015-11-04 00:00:00,1.1799404874203159
2015-11-05 00:00:00,1.1698226594706072
2015-11-06 00:00:00,1.1824910620193403
2015-11-09 00:00:00,1.1820394897990956
2015-11-10 00:00:00,1.1822245650839192
2015-11-12 00:00:00,1.1870171776486294
2015-11-13 00:00:00,1.1894169771425034
2015-11-16 00:00:00,1.1862385965068245
2015-11-17 00:00:00,1.1860926569954864
2015-11-18 00:00:00,1.189726516746202
2015-11-19 00:00:00,1.1733664660121201
2015-11-20 00:00:00,1.1775766436300166
2015-11-23 00:00:00,1.1834103847024193
2015-11-24 00:00:00,1.181064773865358
2015-11-25 00:00:00,1.181276519727626
2015-11-27 00:00:00,1.1868602877208656
2015-11-30 00:00:00,1.1857545248178072
2015-12-01 00:00:00,1.1803454726367784
2015-12-02 00:00:00,1.182360461326657
2015-12-03 00:00:00,1.1607573038337986
2015-12-04 00:00:00,1.1634316647704013
2015-12-07 00:00:00,1.181828602308614
2015-12-08 00:00:00,1.1996622305407896
2015-12-09 00:00:00,1.1878859351908906
2015-12-10 00:00:00,1.1778939738467746
2015-12-11 00:00:00,1.1843617506132402
2015-12-14 00:00:00,1.182195380282812
2015-12-15 00:00:00,1.18743468746707
2015-12-16 00:00:00,1.1930534297985902
2015-12-17 00:00:00,1.195019994436183
2015-12-18 00:00:00,1.1933086660325494
2015-12-21 00:00:00,1.1951963107226662
2015-12-22 00:00:00,1.1864180294840396
2015-12-23 00:00:00,1.1912635599670691
2015-12-24 00:00:00,1.183561483115612
2015-12-28 00:00:00,1.1834286093251314
2015-12-29 00:00:00,1.188977476401997
2015-12-30 00:00:00,1.2011934262561887
2015-12-31 00:00:00,1.206277255184889
2016-01-04 00:00:00,1.214703026629687
2016-01-05 00:00:00,1.214703026629687
2016-01-06 00:00:00,1.2214471923610237
2016-01-07 00:00:00,1.2149038874361364
2016-01-08 00:00:00,1.2128566209232727
2016-01-11 00:00:00,1.217603244148458
2016-01-12 00:00:00,1.2126350353532807
2016-01-13 00:00:00,1.1984688319577608
2016-01-14 00:00:00,1.1930071226594536
2016-01-15 00:00:00,1.2007848062605568
2016-01-19 00:00:00,1.1972380027239182
2016-01-20 00:00:00,1.211479409417621
2016-01-21 00:00:00,1.1999902711225183
2016-01-22 00:00:00,1.1920231121758402
2016-01-25 00:00:00,1.1899312086667457
2016-01-26 00:00:00,1.1830969283044832
2016-01-27 00:00:00,1.1775187729514245
2016-01-28 00:00:00,1.1737253615489796
2016-01-29 00:00:00,1.1843034428839827
2016-02-01 00:00:00,1.184704899154811
2016-02-02 00:00:00,1.185776072820997
2016-02-03 00:00:00,1.1696856640443807
2016-02-04 00:00:00,1.1510124755455944
2016-02-05 00:00:00,1.1684925867979525
2016-02-08 00:00:00,1.167748810864175
2016-02-09 00:00:00,1.1672830758820383
2016-02-10 00:00:00,1.162560917964193
2016-02-11 00:00:00,1.1603003301552528
2016-02-12 00:00:00,1.1668975980217418
2016-02-16 00:00:00,1.1710102213088935
2016-02-17 00:00:00,1.1635069756627596
2016-02-18 00:00:00,1.167333429283846
2016-02-19 00:00:00,1.1627476202047897
2016-02-22 00:00:00,1.1677212594260278
2016-02-23 00:00:00,1.1674610313744123
2016-02-24 00:00:00,1.177981080384247
2016-02-25 00:00:00,1.175298614360484
2016-02-26 00:00:00,1.1794670416598554
2016-02-29 00:00:00,1.1807319289915181
2016-03-01 00:00:00,1.175696407732798
2016-03-02 00:00:00,1.1820814944684317
2016-03-03 00:00:00,1.1658457005671832
2016-03-04 00:00:00,1.1658457005671832
2016-03-07 00:00:00,1.1670529210045586
2016-03-08 00:00:00,1.1614087782785274
2016-03-09 00:00:00,1.165927931707749
2016-03-10 00:00:00,1.1626068227109847
2016-03-11 00:00:00,1.1810896877444377
2016-03-14 00:00:00,1.170827829520144
2016-03-15 00:00:00,1.1601860568115783
2016-03-16 00:00:00,1.155980622376412
2016-03-17 00:00:00,1.188263929920225
2016-03-18 00:00:00,1.1894752517168141
2016-03-21 00:00:00,1.1815962429251516
2016-03-22 00:00:00,1.1806960005553606
2016-03-23 00:00:00,1.1688408965829709
2016-03-24 00:00:00,1.1669018817418835
2016-03-25 00:00:00,1.1688546714748023
2016-03-28 00:00:00,1.1779894938969229
2016-03-29 00:00:00,1.1723917566657378
2016-03-30 00:00:00,1.1918623498005336
2016-03-31 00:00:00,1.2019004536918492
2016-04-01 00:00:00,1.193124080487103
2016-04-04 00:00:00,1.1935404635328337
2016-04-05 00:00:00,1.187993501169674
2016-04-06 00:00:00,1.197199862858522
2016-04-07 00:00:00,1.1913040266972326
2016-04-08 00:00:00,1.206139188114452
2016-04-11 00:00:00,1.209935410123596
2016-04-12 00:00:00,1.213919016910657
2016-04-13 00:00:00,1.2051279534216868
2016-04-14 00:00:00,1.205977863093243
2016-04-15 00:00:00,1.2054355409544641
2016-04-18 00:00:00,1.2076224651298737
2016-04-19 00:00:00,1.2226583838391918
2016-04-20 00:00:00,1.223699265128333
2016-04-21 00:00:00,1.213354686615669
2016-04-22 00:00:00,1.2070199031112498
2016-04-25 00:00:00,1.2111026026479847
2016-04-26 00:00:00,1.2190366941820479
2016-04-27 00:00:00,1.2158535966392239
2016-04-28 00:00:00,1.216838129714643
2016-04-29 00:00:00,1.2295254423843627
2016-05-02 00:00:00,1.2295254423843627
2016-05-03 00:00:00,1.221469558732736
2016-05-04 00:00:00,1.2128482320900718
2016-05-05 00:00:00,1.2106636697027404
2016-05-06 00:00:00,1.2068927306817043
2016-05-09 00:00:00,1.2027937000188655
2016-05-10 00:00:00,1.2041422713478735
2016-05-11 00:00:00,1.214741932842176
2016-05-12 00:00:00,1.2120150888772327
2016-05-13 00:00:00,1.2026472981663128
2016-05-16 00:00:00,1.2126993725201256
2016-05-17 00:00:00,1.2111830895026818
2016-05-18 00:00:00,1.2012436516048017
2016-05-19 00:00:00,1.183346636112073
2016-05-20 00:00:00,1.186544025308024
2016-05-23 00:00:00,1.1811822364070503
2016-05-24 00:00:00,1.1830915892408522
2016-05-25 00:00:00,1.1848792295800377
2016-05-26 00:00:00,1.1946786055915575
2016-05-27 00:00:00,1.1872711704431544
2016-05-31 00:00:00,1.1807869938986324
2016-06-01 00:00:00,1.1890142369396715
2016-06-02 00:00:00,1.1853625346463892
2016-06-03 00:00:00,1.2047001728355067
2016-06-06 00:00:00,1.2084721820360533
2016-06-07 00:00:00,1.2148464820175302
2016-06-08 00:00:00,1.2183067295773142
2016-06-09 00:00:00,1.2125505494864117
2016-06-10 00:00:00,1.200193064991798
2016-06-13 00:00:00,1.1934952839872173
2016-06-14 00:00:00,1.1831199223528044
2016-06-15 00:00:00,1.1885708417592897
2016-06-16 00:00:00,1.1692313363167832
2016-06-17 00:00:00,1.1784913595430608
2016-06-20 00:00:00,1.1959945538946153
2016-06-21 00:00:00,1.1891144042200184
2016-06-22 00:00:00,1.1918396911467728
2016-06-23 00:00:00,1.209952046576086
2016-06-24 00:00:00,1.170519524184355
2016-06-27 00:00:00,1.152941038698815
2016-06-28 00:00:00,1.160933110767766
2016-06-29 00:00:00,1.160933110767766
2016-06-30 00:00:00,1.1631901655107881
2016-07-01 00:00:00,1.1540525715646848
2016-07-05 00:00:00,1.164903553579597
2016-07-06 00:00:00,1.1738343604583674
2016-07-07 00:00:00,1.1766863738079099
2016-07-08 00:00:00,1.1830662069899205
2016-07-11 00:00:00,1.177226451426289
2016-07-12 00:00:00,1.1658345189402557
2016-07-13 00:00:00,1.1657952585246272
2016-07-14 00:00:00,1.1587393320689512
2016-07-15 00:00:00,1.1705970385170763
2016-07-18 00:00:00,1.1701081734109713
2016-07-19 00:00:00,1.1779692937178432
2016-07-20 00:00:00,1.1759376107335924
2016-07-21 00:00:00,1.1727345487726084
2016-07-22 00:00:00,1.1837700246826575
2016-07-25 00:00:00,1.1879813835426098
2016-07-26 00:00:00,1.187267739322258
2016-07-27 00:00:00,1.1886786179331534
2016-07-28 00:00:00,1.1827581441437887
2016-07-29 00:00:00,1.166242660266588
2016-08-01 00:00:00,1.172985511861366
2016-08-02 00:00:00,1.166725389197852
2016-08-03 00:00:00,1.166412280058057
2016-08-04 00:00:00,1.1664277010730988
2016-08-05 00:00:00,1.1758375910588192
2016-08-08 00:00:00,1.1729496865805367
2016-08-09 00:00:00,1.161678535524473
2016-08-10 00:00:00,1.1455527986805927
2016-08-11 00:00:00,1.1371302063550146
2016-08-12 00:00:00,1.13207968937129
2016-08-15 00:00:00,1.135080438061907
2016-08-16 00:00:00,1.1329029170948277
2016-08-17 00:00:00,1.1397333779746723
2016-08-18 00:00:00,1.1272694169191593
2016-08-19 00:00:00,1.1355491229222736
2016-08-22 00:00:00,1.1371951762255736
2016-08-23 00:00:00,1.135026378845156
2016-08-24 00:00:00,1.1369611214451165
2016-08-25 00:00:00,1.1361722613708642
2016-08-26 00:00:00,1.1361722613708642
2016-08-29 00:00:00,1.128797100880311
2016-08-30 00:00:00,1.1222839245466887
2016-08-31 00:00:00,1.121261685539695
2016-09-01 00:00:00,1.1237127956911344
2016-09-02 00:00:00,1.124388055165025
2016-09-06 00:00:00,1.142848116562765
2016-09-07 00:00:00,1.1431693021427567
2016-09-08 00:00:00,1.141843831841007
2016-09-09 00:00:00,1.1330075511130886
2016-09-12 00:00:00,1.1367520749208524
2016-09-13 00:00:00,1.134133814816902
2016-09-14 00:00:00,1.137705911543694
2016-09-15 00:00:00,1.1366415886241001
2016-09-16 00:00:00,1.1269071611426291
2016-09-19 00:00:00,1.129601223323043
2016-09-20 00:00:00,1.1277085922067125
2016-09-21 00:00:00,1.1279805225167416
2016-09-22 00:00:00,1.1540129828304067
2016-09-23 00:00:00,1.1536003220515796
2016-09-26 00:00:00,1.1565952418506975
2016-09-27 00:00:00,1.14747378352133
2016-09-28 00:00:00,1.1574681115215155
2016-09-29 00:00:00,1.1688634747383941
2016-09-30 00:00:00,1.1709555116970733
2016-10-03 00:00:00,1.1734817499913588
2016-10-04 00:00:00,1.1704134976112923
2016-10-05 00:00:00,1.1648322586508593
2016-10-06 00:00:00,1.1631812673976585
2016-10-07 00:00:00,1.1521938042570146
2016-10-11 00:00:00,1.1427085269452446
2016-10-12 00:00:00,1.1369040286554999
2016-10-13 00:00:00,1.1427364421407238
2016-10-14 00:00:00,1.1373601337036492
2016-10-17 00:00:00,1.1434347655592896
2016-10-18 00:00:00,1.1483752211673426
2016-10-19 00:00:00,1.1490098930039554
2016-10-20 00:00:00,1.1431413657953966
2016-10-21 00:00:00,1.1321437692780516
2016-10-24 00:00:00,1.1345189056675244
2016-10-25 00:00:00,1.1323923402151035
2016-10-26 00:00:00,1.1323923402151035
2016-10-27 00:00:00,1.1335448186072967
2016-10-28 00:00:00,1.1320223982548896
2016-10-31 00:00:00,1.1340257105801366
2016-11-01 00:00:00,1.141149161424778
2016-11-02 00:00:00,1.1433805287875718
2016-11-03 00:00:00,1.145704814457162
2016-11-04 00:00:00,1.1444294889184454
2016-11-07 00:00:00,1.1360361259009393
2016-11-08 00:00:00,1.1371131075339627
2016-11-09 00:00:00,1.1287718543593153
2016-11-10 00:00:00,1.1153422642081454
2016-11-14 00:00:00,1.101035095248748
2016-11-15 00:00:00,1.109048888068515
2016-11-16 00:00:00,1.1017871418309115
2016-11-17 00:00:00,1.0998960175470762
2016-11-18 00:00:00,1.0897874798901788
2016-11-21 00:00:00,1.0925873542983984
2016-11-22 00:00:00,1.096120335878481
2016-11-23 00:00:00,1.0875705335492225
2016-11-25 00:00:00,1.0909693103603422
2016-11-28 00:00:00,1.0916694493544126
2016-11-29 00:00:00,1.0947607670087978
2016-11-30 00:00:00,1.0978052303787929
2016-12-01 00:00:00,1.1079062969065658
2016-12-02 00:00:00,1.1117769648798823
2016-12-05 00:00:00,1.1164336362164158
2016-12-06 00:00:00,1.1150232417864046
2016-12-07 00:00:00,1.1185693039128162
2016-12-08 00:00:00,1.1094829014606626
2016-12-09 00:00:00,1.0981144749183893
2016-12-12 00:00:00,1.1071196737340763
2016-12-13 00:00:00,1.1114335711061305
2016-12-14 00:00:00,1.1055236464122022
2016-12-15 00:00:00,1.076421546649315
2016-12-16 00:00:00,1.0790286156502646
2016-12-19 00:00:00,1.0809110409401173
2016-12-20 00:00:00,1.0754440502163556
2016-12-21 00:00:00,1.0794643554195966
2016-12-22 00:00:00,1.0752092209135524
2016-12-23 00:00:00,1.0745112771920895
2016-12-27 00:00:00,1.0745112771920895
2016-12-28 00:00:00,1.0792764417927927
2016-12-29 00:00:00,1.068258199362655
2016-12-30 00:00:00,1.0620344072569214
2017-01-03 00:00:00,1.066772786730963
2017-01-04 00:00:00,1.0596089144660616
2017-01-05 00:00:00,1.0469693228423893
2017-01-06 00:00:00,1.0501275403851476
2017-01-09 00:00:00,1.0534207939429474
2017-01-10 00:00:00,1.0596660169709975
2017-01-11 00:00:00,1.0632782084854278
2017-01-12 00:00:00,1.0472309185706845
2017-01-13 00:00:00,1.0481012140613444
2017-01-17 00:00:00,1.0429327382377231
2017-01-18 00:00:00,1.0411581925367637
2017-01-19 00:00:00,1.042561139645992
2017-01-23 00:00:00,1.0298844000218095
2017-01-24 00:00:00,1.0241965820494208
2017-01-25 00:00:00,1.023311034818702
2017-01-26 00:00:00,1.0282275900893005
2017-01-27 00:00:00,1.0249821165279116
2017-01-30 00:00:00,1.022693137009615
2017-01-31 00:00:00,1.012574265670388
2017-02-01 00:00:00,1.0131729920272365
2017-02-02 00:00:00,1.0084855365872187
2017-02-03 00:00:00,1.007091246615893
2017-02-06 00:00:00,1.0138122512058982
2017-02-07 00:00:00,1.0215105232001398
2017-02-08 00:00:00,1.0203098683015785
2017-02-09 00:00:00,1.0248841830277315
2017-02-10 00:00:00,1.0285253069482803
2017-02-13 00:00:00,1.0311581826526832
2017-02-14 00:00:00,1.0336324075768983
2017-02-15 00:00:00,1.0252425706595134
2017-02-16 00:00:00,1.0189613104295339
2017-02-17 00:00:00,1.0245405825164857
2017-02-21 00:00:00,1.0267757761105563
2017-02-22 00:00:00,1.0278522852252032
2017-02-23 00:00:00,1.0234797402705278
2017-02-24 00:00:00,1.0241993406133996
2017-02-27 00:00:00,1.024151688992265
2017-02-28 00:00:00,1.024151688992265
2017-03-01 00:00:00,1.0201402371888644
2017-03-02 00:00:00,1.0120554568239792
2017-03-03 00:00:00,1.0110165816706684
2017-03-06 00:00:00,1.01005126849668
2017-03-07 00:00:00,1.0141876381885908
2017-03-08 00:00:00,1.006976982665239
2017-03-09 00:00:00,1.0000431744890041
2017-03-10 00:00:00,0.9959748397484232
2017-03-13 00:00:00,1.0027113293731962
2017-03-14 00:00:00,0.9966351391990398
2017-03-15 00:00:00,0.996565592767359
2017-03-16 00:00:00,1.0060784238924017
2017-03-17 00:00:00,1.0124620344654667
2017-03-20 00:00:00,1.012282621714817
2017-03-21 00:00:00,1.0127492271852385
2017-03-22 00:00:00,1.012151092771186
2017-03-23 00:00:00,1.0103370949866861
2017-03-24 00:00:00,1.008968977261567
2017-03-27 00:00:00,1.0121152271729446
2017-03-28 00:00:00,1.009099680420607
2017-03-29 00:00:00,1.0055589382368606
2017-03-30 00:00:00,1.0023828946108726
2017-03-31 00:00:00,0.999203546841222
2017-04-03 00:00:00,0.9973195298181504
2017-04-04 00:00:00,0.9973195298181504
2017-04-05 00:00:00,0.9965540026390473
2017-04-06 00:00:00,0.9944837037117537
2017-04-07 00:00:00,0.9932732805085992
2017-04-10 00:00:00,0.9943452203413501
2017-04-11 00:00:00,0.9968206438142395
2017-04-12 00:00:00,0.9984932980984635
2017-04-13 00:00:00,1.0021249896254747
2017-04-14 00:00:00,0.9993783529806726
2017-04-17 00:00:00,1.0038978309755238
2017-04-18 00:00:00,1.0058186139885885
2017-04-19 00:00:00,0.9991918952728739
2017-04-20 00:00:00,0.9979816140379898
2017-04-21 00:00:00,0.9874243695239153
2017-04-24 00:00:00,1.000697194409724
2017-04-25 00:00:00,1.001677124601535
2017-04-26 00:00:00,1.001677124601535
2017-04-27 00:00:00,1.0020042121565127
2017-04-28 00:00:00,0.9995054933251247
2017-05-01 00:00:00,1.0007575806697953
2017-05-02 00:00:00,1.001901414776613
2017-05-03 00:00:00,1.0047479280733878
2017-05-04 00:00:00,1.0113976653239753
2017-05-05 00:00:00,1.0026714825998237
2017-05-08 00:00:00,1.007508568803563
2017-05-09 00:00:00,1.0115448295747858
2017-05-10 00:00:00,1.0031727599911344
2017-05-11 00:00:00,1.00130035007525
2017-05-12 00:00:00,0.9987775816007509
2017-05-15 00:00:00,0.9952294021304599
2017-05-16 00:00:00,0.9862241459267056
2017-05-17 00:00:00,0.9778522220201645
2017-05-18 00:00:00,0.9833043117776091
2017-05-19 00:00:00,0.9763809367306643
2017-05-22 00:00:00,0.9713817193351679
2017-05-23 00:00:00,0.9741572741518312
2017-05-24 00:00:00,0.9769661652082928
2017-05-25 00:00:00,0.9720359277438724
2017-05-26 00:00:00,0.9769365324635555
2017-05-30 00:00:00,0.9813660686664765
2017-05-31 00:00:00,0.9819981307627992
2017-06-01 00:00:00,0.9823152338075167
2017-06-02 00:00:00,0.9803815550328329
2017-06-05 00:00:00,0.9845265484207883
2017-06-06 00:00:00,0.985502221314906
2017-06-07 00:00:00,0.9883289794626958
2017-06-08 00:00:00,0.9875309514690433
2017-06-09 00:00:00,0.9888817182458552
2017-06-12 00:00:00,0.9850798788653661
2017-06-13 00:00:00,0.9813470080410734
2017-06-14 00:00:00,0.9729005187056604
2017-06-15 00:00:00,0.9891160544327331
2017-06-16 00:00:00,0.9836475123415898
2017-06-19 00:00:00,0.9862906726669481
2017-06-20 00:00:00,0.9961082369083224
2017-06-21 00:00:00,0.9927882572823158
2017-06-22 00:00:00,0.9878723749327603
2017-06-23 00:00:00,0.9878723749327603
2017-06-26 00:00:00,0.9855854982808556
2017-06-27 00:00:00,0.9921477092625488
2017-06-28 00:00:00,0.9875567159334565
2017-06-29 00:00:00,0.993127765673441
2017-06-30 00:00:00,0.9960082522641792
2017-07-03 00:00:00,0.9976038277875502
2017-07-05 00:00:00,0.993092308221705
2017-07-06 00:00:00,0.9988457127819829
2017-07-07 00:00:00,0.9968173089358308
2017-07-10 00:00:00,1.0017114110120187
2017-07-11 00:00:00,1.002180596684624
2017-07-12 00:00:00,1.0076627467389412
2017-07-13 00:00:00,1.0092470838023413
2017-07-14 00:00:00,1.017926581638084
2017-07-17 00:00:00,1.023720969452053
2017-07-18 00:00:00,1.0349063322619456
2017-07-19 00:00:00,1.0347395050275303
2017-07-20 00:00:00,1.0399233251865607
2017-07-21 00:00:00,1.0394569860479725
2017-07-24 00:00:00,1.041311862121209
2017-07-25 00:00:00,1.0461551731078191
2017-07-26 00:00:00,1.048389564456878
2017-07-27 00:00:00,1.048613528650446
2017-07-28 00:00:00,1.053964273409771
2017-07-31 00:00:00,1.0573296087649224
2017-08-01 00:00:00,1.0531528665734233
2017-08-02 00:00:00,1.0606221307744983
2017-08-03 00:00:00,1.0589262767019683
2017-08-04 00:00:00,1.048982619521624
2017-08-07 00:00:00,1.0502632673775087
2017-08-08 00:00:00,1.048613528650446
2017-08-09 00:00:00,1.0482973717110775
2017-08-10 00:00:00,1.050355806245062
2017-08-11 00:00:00,1.0498800657123022
2017-08-14 00:00:00,1.0513615646081036
2017-08-15 00:00:00,1.048284202642428
2017-08-16 00:00:00,1.0492464149747918
2017-08-17 00:00:00,1.0495895474811985
2017-08-18 00:00:00,1.055297156877674
2017-08-21 00:00:00,1.0563236747920495
2017-08-22 00:00:00,1.0563236747920495
2017-08-23 00:00:00,1.0611643984464612
2017-08-24 00:00:00,1.0660496926865832
2017-08-25 00:00:00,1.0748220720285235
2017-08-28 00:00:00,1.0774820083268037
2017-08-29 00:00:00,1.0823648783812414
2017-08-30 00:00:00,1.0740073316547836
2017-08-31 00:00:00,1.0755411738097913
2017-09-01 00:00:00,1.0728770297758923
2017-09-05 00:00:00,1.0748220720285235
2017-09-06 00:00:00,1.075679572941701
2017-09-07 00:00:00,1.0789283115685337
2017-09-08 00:00:00,1.0798342244557628
2017-09-11 00:00:00,1.0657642747210263
2017-09-12 00:00:00,1.0680655531963459
2017-09-13 00:00:00,1.0595235196331771
2017-09-14 00:00:00,1.058343081710916
2017-09-15 00:00:00,1.0658865779899578
2017-09-18 00:00:00,1.0676972265054592
2017-09-19 00:00:00,1.0708018324262287
2017-09-20 00:00:00,1.070815549048477
2017-09-21 00:00:00,1.0716391899599826
2017-09-22 00:00:00,1.0740211305232796
2017-09-25 00:00:00,1.0672746460519429
2017-09-26 00:00:00,1.056938041648461
2017-09-27 00:00:00,1.0515665972956592
2017-09-28 00:00:00,1.0511038180814587
2017-09-29 00:00:00,1.0497970168157131
2017-10-02 00:00:00,1.0450592155521743
2017-10-03 00:00:00,1.0489276197003377
2017-10-04 00:00:00,1.0525728937913903
2017-10-05 00:00:00,1.0456082284987545
2017-10-06 00:00:00,1.0442628655734272
2017-10-10 00:00:00,1.0529573831971082
2017-10-11 00:00:00,1.0553235198204618
2017-10-12 00:00:00,1.0591208018956317
2017-10-13 00:00:00,1.0609893088123776
2017-10-16 00:00:00,1.060598932376087
2017-10-17 00:00:00,1.0514078842368395
2017-10-18 00:00:00,1.049190921267881
2017-10-19 00:00:00,1.0512100174365246
2017-10-20 00:00:00,1.0512100174365246
2017-10-23 00:00:00,1.0524211950543305
2017-10-24 00:00:00,1.0513941472079926
2017-10-25 00:00:00,1.0464582088550163
2017-10-26 00:00:00,1.032926643442318
2017-10-27 00:00:00,1.0271819193493934
2017-10-30 00:00:00,1.0295477990749327
2017-10-31 00:00:00,1.0294090697980405
2017-11-01 00:00:00,1.0298884749729549
2017-11-02 00:00:00,1.0324697759471841
2017-11-03 00:00:00,1.0273702871031984
2017-11-06 00:00:00,1.0313293734063136
2017-11-07 00:00:00,1.0270689318490982
2017-11-08 00:00:00,1.0289553079942846
2017-11-09 00:00:00,1.0337652848307692
2017-11-13 00:00:00,1.0276466848129384
2017-11-14 00:00:00,1.0246144655176215
2017-11-15 00:00:00,1.018134435095268
2017-11-16 00:00:00,1.0236284792483492
2017-11-17 00:00:00,1.019456029938897
2017-11-20 00:00:00,1.0147534807807135
2017-11-21 00:00:00,1.023217173240469
2017-11-22 00:00:00,1.0264918281569055
2017-11-24 00:00:00,1.0337907194652745
2017-11-27 00:00:00,1.031481281501083
2017-11-28 00:00:00,1.0224453096957444
2017-11-29 00:00:00,1.0207314644336463
2017-11-30 00:00:00,1.0133340568907527
2017-12-01 00:00:00,1.015194800535091
2017-12-04 00:00:00,1.0087482294659835
2017-12-05 00:00:00,1.014679964789399
2017-12-06 00:00:00,1.0149005447264314
2017-12-07 00:00:00,1.0129431902206247
2017-12-08 00:00:00,1.0114679473760049
2017-12-11 00:00:00,1.0049002093141193
2017-12-12 00:00:00,1.0042997311490078
2017-12-13 00:00:00,1.0032685856650856
2017-12-14 00:00:00,1.013982093777369
2017-12-15 00:00:00,1.0033883774986954
2017-12-18 00:00:00,1.0081189568354954
2017-12-19 00:00:00,1.0032887118982505
2017-12-20 00:00:00,1.0032887118982505
2017-12-21 00:00:00,1.0028238581855968
2017-12-22 00:00:00,0.9981200705872615
2017-12-26 00:00:00,0.9951640393898311
2017-12-27 00:00:00,0.9898741391197778
2017-12-28 00:00:00,0.9856336669605797
2017-12-29 00:00:00,0.9785653078792255
2018-01-02 00:00:00,0.9719981515263074
2018-01-03 00:00:00,0.9693391123075873
2018-01-04 00:00:00,0.9645426190752246
2018-01-05 00:00:00,0.9612366923850261
2018-01-08 00:00:00,0.9641821205999445
2018-01-09 00:00:00,0.9697089681050921
2018-01-10 00:00:00,0.9641442371385683
2018-01-11 00:00:00,0.9565080962958699
2018-01-12 00:00:00,0.9488804402224891
2018-01-16 00:00:00,0.937016326151697
2018-01-17 00:00:00,0.9349720454028558
2018-01-18 00:00:00,0.9314817107550843
2018-01-19 00:00:00,0.9347476554690628
2018-01-22 00:00:00,0.9376813286810203
2018-01-23 00:00:00,0.9331030267123508
2018-01-24 00:00:00,0.9228719833825547
2018-01-25 00:00:00,0.90868355090368
2018-01-26 00:00:00,0.9112651972177522
2018-01-29 00:00:00,0.9169695254378607
2018-01-30 00:00:00,0.9161790742068892
2018-01-31 00:00:00,0.9133079401526447
2018-02-01 00:00:00,0.9082951338109239
2018-02-02 00:00:00,0.918510409567082
2018-02-05 00:00:00,0.9245385258629915
2018-02-06 00:00:00,0.9302929127572831
2018-02-07 00:00:00,0.9369351667394868
2018-02-08 00:00:00,0.9437220143829724
2018-02-09 00:00:00,0.9518340094340645
2018-02-12 00:00:00,0.9433924573588717
2018-02-13 00:00:00,0.9373550264960064
2018-02-14 00:00:00,0.932358195436325
2018-02-15 00:00:00,0.9253803909701956
2018-02-16 00:00:00,0.920175067091961
2018-02-20 00:00:00,0.9305429402923755
2018-02-21 00:00:00,0.9305429402923755
2018-02-22 00:00:00,0.9267808286287645
2018-02-23 00:00:00,0.9296291890151643
2018-02-26 00:00:00,0.9306617410967227
2018-02-27 00:00:00,0.9266276787123787
2018-02-28 00:00:00,0.9251106989596704
2018-03-01 00:00:00,0.9272995580397918
2018-03-02 00:00:00,0.9341321790512719
2018-03-05 00:00:00,0.9316013349259941
2018-03-06 00:00:00,0.9371946318765796
2018-03-07 00:00:00,0.9324235463881315
2018-03-08 00:00:00,0.9297003259399317
2018-03-09 00:00:00,0.9381595435976436
2018-03-12 00:00:00,0.9399377584504431
2018-03-13 00:00:00,0.9439421031339719
2018-03-14 00:00:00,0.9421852508287981
2018-03-15 00:00:00,0.9459264099530793
2018-03-16 00:00:00,0.9448107427467319
2018-03-19 00:00:00,0.9431238644718682
2018-03-20 00:00:00,0.9430872600991527
2018-03-21 00:00:00,0.9418078946864267
2018-03-22 00:00:00,0.9403621369533555
2018-03-23 00:00:00,0.941066237079137
2018-03-26 00:00:00,0.9484617457730375
2018-03-27 00:00:00,0.9479930406864352
2018-03-28 00:00:00,0.9304954284626907
2018-03-29 00:00:00,0.9284924769347496
2018-03-30 00:00:00,0.9284097004078569
2018-04-02 00:00:00,0.924395095761094
2018-04-03 00:00:00,0.9276063529970239
2018-04-04 00:00:00,0.9314822941338903
2018-04-05 00:00:00,0.929854493298435
2018-04-06 00:00:00,0.9312205114475302
2018-04-09 00:00:00,0.9372548807054027
2018-04-10 00:00:00,0.9333667028158936
2018-04-11 00:00:00,0.9395137628125289
2018-04-12 00:00:00,0.936833301503934
2018-04-13 00:00:00,0.9391385431342564
2018-04-16 00:00:00,0.9364963111077096
2018-04-17 00:00:00,0.9373995095045857
2018-04-18 00:00:00,0.9398889249303364
2018-04-19 00:00:00,0.9398889249303364
2018-04-20 00:00:00,0.9356955133403858
2018-04-23 00:00:00,0.9291152257641826
2018-04-24 00:00:00,0.9265159895190385
2018-04-25 00:00:00,0.9183436862777757
2018-04-26 00:00:00,0.9155866218839519
2018-04-27 00:00:00,0.918193920014364
2018-04-30 00:00:00,0.9122658059131645
2018-05-01 00:00:00,0.9054718328924094
2018-05-02 00:00:00,0.9019459043749231
2018-05-03 00:00:00,0.907864081815222
2018-05-04 00:00:00,0.908382378405523
2018-05-07 00:00:00,0.9095224561973434
2018-05-08 00:00:00,0.8993083764194354
2018-05-09 00:00:00,0.9054942366887496
2018-05-10 00:00:00,0.9125615308084808
2018-05-11 00:00:00,0.915506455946678
2018-05-14 00:00:00,0.9158959649125937
2018-05-15 00:00:00,0.9041407994765481
2018-05-16 00:00:00,0.9042189872263608
2018-05-17 00:00:00,0.9010132474090282
2018-05-18 00:00:00,0.9021460106989228
2018-05-21 00:00:00,0.906728155150083
2018-05-22 00:00:00,0.9108353883872795
2018-05-23 00:00:00,0.9026689293953877
2018-05-24 00:00:00,0.905191878950086
2018-05-25 00:00:00,0.8983150069960604
2018-05-29 00:00:00,0.882831487570712
2018-05-30 00:00:00,0.8955452115505323
2018-05-31 00:00:00,0.8942431812242666
2018-06-01 00:00:00,0.8964665769299783
2018-06-04 00:00:00,0.9019792492639902
2018-06-05 00:00:00,0.8997948237119519
2018-06-06 00:00:00,0.9061668664886967
2018-06-07 00:00:00,0.9101444949579702
2018-06-08 00:00:00,0.9083936522950953
2018-06-11 00:00:00,0.9116862865117771
2018-06-12 00:00:00,0.9134270577814179
2018-06-13 00:00:00,0.9140430358662396
2018-06-14 00:00:00,0.9042413290673182
2018-06-15 00:00:00,0.8991921849456024
2018-06-18 00:00:00,0.8991921849456024
2018-06-19 00:00:00,0.9040816666191718
2018-06-20 00:00:00,0.8996074584329579
2018-06-21 00:00:00,0.8982193728373912
2018-06-22 00:00:00,0.8952937174581213
2018-06-25 00:00:00,0.8960650474534375
2018-06-26 00:00:00,0.894978806892805
2018-06-27 00:00:00,0.8999662301695863
2018-06-28 00:00:00,0.9037636005670263
2018-06-29 00:00:00,0.8991354179832372
2018-07-02 00:00:00,0.9036711639593777
2018-07-03 00:00:00,0.8976731981523575
2018-07-05 00:00:00,0.888072298937237
2018-07-06 00:00:00,0.8857662726943621
2018-07-09 00:00:00,0.884042134073336
2018-07-10 00:00:00,0.8858899898753079
2018-07-11 00:00:00,0.8888702112756139
2018-07-12 00:00:00,0.8925801678004878
2018-07-13 00:00:00,0.8966803422746112
2018-07-16 00:00:00,0.8935490389030796
2018-07-17 00:00:00,0.8970421024253081
2018-07-18 00:00:00,0.9013742225537711
2018-07-19 00:00:00,0.9103071853713025
2018-07-20 00:00:00,0.9029119957120396
2018-07-23 00:00:00,0.9020076821932563
2018-07-24 00:00:00,0.9013209385196461
2018-07-25 00:00:00,0.9004796483301796
2018-07-26 00:00:00,0.900570642503553
2018-07-27 00:00:00,0.9017681451910722
2018-07-30 00:00:00,0.896543796408046
2018-07-31 00:00:00,0.8979177945323165
2018-08-01 00:00:00,0.9008793667698594
2018-08-02 00:00:00,0.9062204291572823
2018-08-03 00:00:00,0.9075310988186365
2018-08-06 00:00:00,0.90746862523621
2018-08-07 00:00:00,0.9028921049030539
2018-08-08 00:00:00,0.9068791841464869
2018-08-09 00:00:00,0.9125510081736561
2018-08-10 00:00:00,0.9213087560592864
2018-08-13 00:00:00,0.9228541692367548
2018-08-14 00:00:00,0.9241551494152491
2018-08-15 00:00:00,0.9241551494152491
2018-08-16 00:00:00,0.9223868351582204
2018-08-17 00:00:00,0.9234160239206972
2018-08-20 00:00:00,0.9235266758788905
2018-08-21 00:00:00,0.9183807871240862
2018-08-22 00:00:00,0.9099873578508992
2018-08-23 00:00:00,0.9121423623899639
2018-08-24 00:00:00,0.9076964354469668
2018-08-27 00:00:00,0.9064679498506109
2018-08-28 00:00:00,0.9078948759605829
2018-08-29 00:00:00,0.9090809542960245
2018-08-30 00:00:00,0.9102637694955397
2018-08-31 00:00:00,0.9138544561055287
2018-09-04 00:00:00,0.9163551266910798
2018-09-05 00:00:00,0.9162355713530403
2018-09-06 00:00:00,0.9161603092234786
2018-09-07 00:00:00,0.9192749526126646
2018-09-10 00:00:00,0.9124518585113375
2018-09-11 00:00:00,0.912488025482781
2018-09-12 00:00:00,0.9088054086573008
2018-09-13 00:00:00,0.8985553330736433
2018-09-14 00:00:00,0.8961175286295485
2018-09-17 00:00:00,0.8888495870154842
2018-09-18 00:00:00,0.8856556128111744
2018-09-19 00:00:00,0.8860743520844268
2018-09-20 00:00:00,0.8879392555859503
2018-09-21 00:00:00,0.8866397162615403
2018-09-24 00:00:00,0.8835629623385676
2018-09-25 00:00:00,0.8830238250249339
2018-09-26 00:00:00,0.8804259180776878
2018-09-27 00:00:00,0.884184978051684
2018-09-28 00:00:00,0.8836229464613915
2018-10-01 00:00:00,0.8867329562596944
2018-10-02 00:00:00,0.8871736746990719
2018-10-03 00:00:00,0.8914491202493785
2018-10-04 00:00:00,0.8963661513734398
2018-10-05 00:00:00,0.8999753818698032
2018-10-09 00:00:00,0.900379506232631
2018-10-10 00:00:00,0.8915626481168457
2018-10-11 00:00:00,0.8941440883941325
2018-10-12 00:00:00,0.8880733786142032
2018-10-15 00:00:00,0.8880733786142032
2018-10-16 00:00:00,0.8901819083119759
2018-10-17 00:00:00,0.8834976369957618
2018-10-18 00:00:00,0.8774340293063319
2018-10-19 00:00:00,0.8806375514228465
2018-10-22 00:00:00,0.8764881291075836
2018-10-23 00:00:00,0.8720517120545673
2018-10-24 00:00:00,0.8685556337966185
2018-10-25 00:00:00,0.8683054977784377
2018-10-26 00:00:00,0.8673999611961196
2018-10-29 00:00:00,0.8644157513691616
2018-10-30 00:00:00,0.8618316257695611
2018-10-31 00:00:00,0.8604174430780486
2018-11-01 00:00:00,0.8604174430780486
2018-11-02 00:00:00,0.8643125017960116
2018-11-05 00:00:00,0.8659156470677535
2018-11-06 00:00:00,0.8636935219544275
2018-11-07 00:00:00,0.8689624123409015
2018-11-08 00:00:00,0.8673063927853089
2018-11-09 00:00:00,0.8575114885686306
2018-11-13 00:00:00,0.8539594382890848
2018-11-14 00:00:00,0.8513071407395751
2018-11-15 00:00:00,0.8536471381889639
2018-11-16 00:00:00,0.8570036947102965
2018-11-19 00:00:00,0.8536471381889639
2018-11-20 00:00:00,0.8460417748700896
2018-11-21 00:00:00,0.8493386734610828
2018-11-23 00:00:00,0.8414669274933587
2018-11-26 00:00:00,0.8427409270807776
2018-11-27 00:00:00,0.8394657358306232
2018-11-28 00:00:00,0.8414669274933587
2018-11-29 00:00:00,0.8480645410238955
2018-11-30 00:00:00,0.8426624157218172
2018-12-03 00:00:00,0.847865803068298
2018-12-04 00:00:00,0.8518984584931174
2018-12-06 00:00:00,0.8480844199437888
2018-12-07 00:00:00,0.8528724124612687
2018-12-10 00:00:00,0.8469032438714436
2018-12-11 00:00:00,0.8466158926754559
2018-12-12 00:00:00,0.8448564135350546
2018-12-13 00:00:00,0.8445998558080098
2018-12-14 00:00:00,0.8445998558080098
2018-12-17 00:00:00,0.8447764665117073
2018-12-18 00:00:00,0.8537227903029985
2018-12-19 00:00:00,0.8481879087171769
2018-12-20 00:00:00,0.8512529356196846
2018-12-21 00:00:00,0.855479083539071
2018-12-26 00:00:00,0.8584518711120142
2018-12-27 00:00:00,0.8599057954945387
2018-12-28 00:00:00,0.8532686714138586
2018-12-31 00:00:00,0.8467304040018798
2019-01-02 00:00:00,0.8511061742526905
2019-01-03 00:00:00,0.8507107983643647
2019-01-04 00:00:00,0.8425755241109407
2019-01-07 00:00:00,0.8353731769761269
2019-01-08 00:00:00,0.8365020774935215
2019-01-09 00:00:00,0.8288125704423134
2019-01-10 00:00:00,0.8283276138595014
2019-01-11 00:00:00,0.8337577742260496
2019-01-15 00:00:00,0.8367063118709176
2019-01-16 00:00:00,0.8342617957723893
2019-01-17 00:00:00,0.8366988190224779
2019-01-18 00:00:00,0.8362021522414852
2019-01-22 00:00:00,0.8406334825780921
2019-01-23 00:00:00,0.8394693972897435
2019-01-24 00:00:00,0.8385104545562614
2019-01-25 00:00:00,0.8328478125158469
2019-01-28 00:00:00,0.8323372904733537
2019-01-29 00:00:00,0.8308897236639288
2019-01-30 00:00:00,0.8279786183109382
2019-01-31 00:00:00,0.8241994805246614
2019-02-01 00:00:00,0.8237105199761907
2019-02-04 00:00:00,0.827579201315831
2019-02-05 00:00:00,0.8286766302412699
2019-02-06 00:00:00,0.8328808647388327
2019-02-07 00:00:00,0.8385101836297775
2019-02-08 00:00:00,0.8436737909154416
2019-02-11 00:00:00,0.852302259482033
2019-02-12 00:00:00,0.8454296677962497
2019-02-13 00:00:00,0.8444166558704602
2019-02-14 00:00:00,0.8457896956630632
2019-02-15 00:00:00,0.8445243513201423
2019-02-19 00:00:00,0.8445243513201423
2019-02-21 00:00:00,0.8486370467930784
2019-02-22 00:00:00,0.8463220646083393
2019-02-25 00:00:00,0.8469684365490731
2019-02-26 00:00:00,0.8438576419680959
2019-02-27 00:00:00,0.8403671231616054
2019-02-28 00:00:00,0.8413600669083653
2019-03-01 00:00:00,0.8436824813968905
2019-03-04 00:00:00,0.8512197067906114
2019-03-05 00:00:00,0.8529476392837958
2019-03-06 00:00:00,0.8519442239024456
2019-03-07 00:00:00,0.8601089913037341
2019-03-08 00:00:00,0.8613838024967312
2019-03-11 00:00:00,0.8541577309979028
2019-03-12 00:00:00,0.8488431341610533
2019-03-13 00:00:00,0.8431956696594369
2019-03-14 00:00:00,0.8435804706038316
2019-03-15 00:00:00,0.8392281893194689
2019-03-18 00:00:00,0.8411044306192517
2019-03-19 00:00:00,0.8374672021417955
2019-03-20 00:00:00,0.8393609245249001
2019-03-21 00:00:00,0.8322379929037064
2019-03-22 00:00:00,0.8433286275326052
2019-03-25 00:00:00,0.837562469800632
2019-03-26 00:00:00,0.8386795611640617
2019-03-27 00:00:00,0.8483967417387369
2019-03-28 00:00:00,0.8489213805077462
2019-03-29 00:00:00,0.8489893267438655
2019-04-01 00:00:00,0.8438633818781459
2019-04-02 00:00:00,0.8468003691836125
2019-04-03 00:00:00,0.8399772027493131
2019-04-04 00:00:00,0.8436981270610935
2019-04-05 00:00:00,0.8461667801121503
2019-04-08 00:00:00,0.839365485461601
2019-04-09 00:00:00,0.8385522142640195
2019-04-10 00:00:00,0.834518765964462
2019-04-11 00:00:00,0.8380672826179869
2019-04-12 00:00:00,0.8340502695367111
2019-04-15 00:00:00,0.8340117764126169
2019-04-16 00:00:00,0.8322928985670769
2019-04-17 00:00:00,0.832011168904822
2019-04-18 00:00:00,0.832011168904822
2019-04-19 00:00:00,0.8317669051596207
2019-04-22 00:00:00,0.8337741119348734
2019-04-23 00:00:00,0.8283428351932295
2019-04-24 00:00:00,0.8234506866112596
2019-04-25 00:00:00,0.817595442842256
2019-04-26 00:00:00,0.816577442775078
2019-04-29 00:00:00,0.8163233387371492
2019-04-30 00:00:00,0.8194589028491969
2019-05-01 00:00:00,0.820056625590389
2019-05-02 00:00:00,0.8083023589631904
2019-05-03 00:00:00,0.8136040113130341
2019-05-06 00:00:00,0.8114508553263086
2019-05-07 00:00:00,0.809392300321881
2019-05-08 00:00:00,0.8086345721463105
2019-05-09 00:00:00,0.8068475344178105
2019-05-10 00:00:00,0.811581025160903
2019-05-13 00:00:00,0.8089578190971206
2019-05-14 00:00:00,0.8087361362053835
2019-05-15 00:00:00,0.8125493100628376
2019-05-16 00:00:00,0.8124095110211447
2019-05-17 00:00:00,0.8063790565242895
2019-05-20 00:00:00,0.8067923911205874
2019-05-21 00:00:00,0.8074638136855319
2019-05-22 00:00:00,0.8095218104905136
2019-05-23 00:00:00,0.8094848033562383
2019-05-24 00:00:00,0.813389115732467
2019-05-28 00:00:00,0.8144834618438801
2019-05-29 00:00:00,0.8142961855196189
2019-05-30 00:00:00,0.8085330335936108
2019-05-31 00:00:00,0.808930102089648
2019-06-03 00:00:00,0.8121393692324252
2019-06-04 00:00:00,0.8131089876920581
2019-06-05 00:00:00,0.8115996242608369
2019-06-06 00:00:00,0.8114136716141124
2019-06-07 00:00:00,0.8209881516681637
2019-06-10 00:00:00,0.8190135498996022
2019-06-11 00:00:00,0.8204746001699063
2019-06-12 00:00:00,0.8195821711027123
2019-06-13 00:00:00,0.8161446195640664
2019-06-14 00:00:00,0.8123369945827593
2019-06-17 00:00:00,0.8123369945827593
2019-06-18 00:00:00,0.8148552604482897
2019-06-19 00:00:00,0.8138068289917415
2019-06-20 00:00:00,0.7988645578947428
2019-06-21 00:00:00,0.7959765347382142
2019-06-24 00:00:00,0.7905419229709023
2019-06-25 00:00:00,0.7925141246649758
2019-06-26 00:00:00,0.7896224997524615
2019-06-27 00:00:00,0.7933582579478299
2019-06-28 00:00:00,0.7943053588045941
2019-07-01 00:00:00,0.7985859091887895
2019-07-02 00:00:00,0.797478546301905
2019-07-03 00:00:00,0.7951761291296421
2019-07-05 00:00:00,0.8031663676506533
2019-07-08 00:00:00,0.8049150902015695
2019-07-09 00:00:00,0.8048778827974492
2019-07-10 00:00:00,0.7990850984442971
2019-07-11 00:00:00,0.7953308237990638
2019-07-12 00:00:00,0.7956912778706229
2019-07-15 00:00:00,0.7951404545985756
2019-07-16 00:00:00,0.796671995309045
2019-07-17 00:00:00,0.7973591164493811
2019-07-18 00:00:00,0.799515655460777
2019-07-19 00:00:00,0.7976225215379877
2019-07-22 00:00:00,0.8007634557285735
2019-07-23 00:00:00,0.8084102926759413
2019-07-24 00:00:00,0.8043358998732713
2019-07-25 00:00:00,0.8067746732324984
2019-07-26 00:00:00,0.8115887651508745
2019-07-29 00:00:00,0.809788033271761
2019-07-30 00:00:00,0.8149808909489686
2019-07-31 00:00:00,0.817115843564742
2019-08-01 00:00:00,0.8252296829621112
2019-08-02 00:00:00,0.8290234715056495
2019-08-05 00:00:00,0.8294041906290703
2019-08-06 00:00:00,0.828502233708642
2019-08-07 00:00:00,0.8334452269831027
2019-08-08 00:00:00,0.8295488137925762
2019-08-09 00:00:00,0.8255967138591115
2019-08-12 00:00:00,0.8286364320760617
2019-08-13 00:00:00,0.8250620126950509
2019-08-14 00:00:00,0.8250620126950509
2019-08-15 00:00:00,0.8285028618704333
2019-08-16 00:00:00,0.8264723134116201
2019-08-19 00:00:00,0.8247450294918667
2019-08-20 00:00:00,0.8273748089306279
2019-08-21 00:00:00,0.8224181799801001
2019-08-22 00:00:00,0.8245935789952112
2019-08-23 00:00:00,0.8238925488821478
2019-08-26 00:00:00,0.8260870268995857
2019-08-27 00:00:00,0.8291160587672137
2019-08-28 00:00:00,0.8300859996970862
2019-08-29 00:00:00,0.8352042416433698
2019-08-30 00:00:00,0.8376752501391893
2019-09-03 00:00:00,0.83621872186555
2019-09-04 00:00:00,0.8301774749153903
2019-09-05 00:00:00,0.8263685795061173
2019-09-06 00:00:00,0.8236868479985707
2019-09-09 00:00:00,0.8198188578963812
2019-09-10 00:00:00,0.8221345537497876
2019-09-11 00:00:00,0.8244092577995873
2019-09-12 00:00:00,0.823497178570365
2019-09-13 00:00:00,0.8243419888573712
2019-09-16 00:00:00,0.8228402628974039
2019-09-17 00:00:00,0.8204812175183802
2019-09-18 00:00:00,0.8201926480705074
2019-09-19 00:00:00,0.8242993057665036
2019-09-20 00:00:00,0.8304507444277823
2019-09-23 00:00:00,0.8312258166800248
2019-09-24 00:00:00,0.8262093752329994
2019-09-25 00:00:00,0.8307786889288696
2019-09-26 00:00:00,0.8334334295220239
2019-09-27 00:00:00,0.8334668011002129
2019-09-30 00:00:00,0.8335270774199196
2019-10-01 00:00:00,0.836679485641109
2019-10-02 00:00:00,0.8385860081249165
2019-10-03 00:00:00,0.8354523967085391
2019-10-04 00:00:00,0.8350477095811234
2019-10-07 00:00:00,0.8373613707880232
2019-10-08 00:00:00,0.8412480969368755
2019-10-09 00:00:00,0.840443351404676
2019-10-10 00:00:00,0.8360288155180277
2019-10-11 00:00:00,0.8360288155180277
2019-10-15 00:00:00,0.8408395883361282
2019-10-16 00:00:00,0.8453869451969934
2019-10-17 00:00:00,0.8464101497560128
2019-10-18 00:00:00,0.845786311835039
2019-10-21 00:00:00,0.8422938193535607
2019-10-22 00:00:00,0.842536173487883
2019-10-23 00:00:00,0.8434395801234683
2019-10-24 00:00:00,0.8421224408600536
2019-10-25 00:00:00,0.8472172437326606
2019-10-28 00:00:00,0.8483689730930811
2019-10-29 00:00:00,0.8503543310048094
2019-10-30 00:00:00,0.8486839368177697
2019-10-31 00:00:00,0.8459116921288128
2019-11-01 00:00:00,0.837526696514838
2019-11-04 00:00:00,0.8404584769489423
2019-11-05 00:00:00,0.8467015391041143
2019-11-06 00:00:00,0.8443325854328
2019-11-07 00:00:00,0.8405783795787068
2019-11-08 00:00:00,0.842537041695595
2019-11-12 00:00:00,0.8421446395052907
2019-11-13 00:00:00,0.8461741446153741
2019-11-14 00:00:00,0.8448764369941618
2019-11-15 00:00:00,0.8366996267272093
2019-11-18 00:00:00,0.8382553476483883
2019-11-19 00:00:00,0.8403057561333529
2019-11-20 00:00:00,0.8417384824844648
2019-11-21 00:00:00,0.8409915866765297
2019-11-22 00:00:00,0.8430907814489697
2019-11-25 00:00:00,0.846184551957555
2019-11-26 00:00:00,0.8442578860980051
2019-11-27 00:00:00,0.843614810711491
2019-11-29 00:00:00,0.8480265466173982
2019-12-02 00:00:00,0.8425703123052426
2019-12-03 00:00:00,0.8444889057044094
2019-12-04 00:00:00,0.8440536827009525
2019-12-05 00:00:00,0.8402774707628173
2019-12-06 00:00:00,0.8405020266456149
2019-12-09 00:00:00,0.84134323734829
2019-12-10 00:00:00,0.8437804095200386
2019-12-11 00:00:00,0.8417117982129172
2019-12-12 00:00:00,0.8417117982129172
2019-12-13 00:00:00,0.8368166971052732
2019-12-16 00:00:00,0.8335186141006284
2019-12-17 00:00:00,0.8337058814020272
2019-12-18 00:00:00,0.834071919032431
2019-12-19 00:00:00,0.8284900264817544
2019-12-20 00:00:00,0.828956337282038
2019-12-23 00:00:00,0.8269699063314697
2019-12-24 00:00:00,0.8237714373750984
2019-12-26 00:00:00,0.8204040172928061
2019-12-27 00:00:00,0.815392591560795
2019-12-30 00:00:00,0.8108800116406235
2019-12-31 00:00:00,0.8106727703202207
2020-01-02 00:00:00,0.8131099735948715
2020-01-03 00:00:00,0.814116886423069
2020-01-06 00:00:00,0.8126180665337263
2020-01-07 00:00:00,0.8180108838038873
2020-01-08 00:00:00,0.8190055936547181
2020-01-09 00:00:00,0.8196771337687855
2020-01-10 00:00:00,0.8204833130676424
2020-01-13 00:00:00,0.8209681757854103
2020-01-14 00:00:00,0.8189581223305772
2020-01-15 00:00:00,0.8175937368216872
2020-01-16 00:00:00,0.8199404306844494
2020-01-17 00:00:00,0.8229106871877445
2020-01-21 00:00:00,0.828275296948428
2020-01-22 00:00:00,0.8296335848137553
2020-01-23 00:00:00,0.8325354764587864
2020-01-24 00:00:00,0.8346958105647421
2020-01-27 00:00:00,0.8443316497350131
2020-01-28 00:00:00,0.8432467699630779
2020-01-29 00:00:00,0.8461361225985994
2020-01-30 00:00:00,0.8499096030311838
2020-01-31 00:00:00,0.8491195729389613
2020-02-03 00:00:00,0.8565177037779578
2020-02-04 00:00:00,0.8502702182554206
2020-02-05 00:00:00,0.8502398947122113
2020-02-06 00:00:00,0.8521453763945556
2020-02-07 00:00:00,0.856972773530796
2020-02-10 00:00:00,0.8575719474002974
2020-02-11 00:00:00,0.8535761889903506
2020-02-12 00:00:00,0.8535761889903506
2020-02-13 00:00:00,0.857711962478706
2020-02-14 00:00:00,0.8565331889567347
2020-02-18 00:00:00,0.8620847152894631
2020-02-19 00:00:00,0.8590298619512889
2020-02-20 00:00:00,0.8629113610127442
2020-02-21 00:00:00,0.8591145279335862
2020-02-24 00:00:00,0.8637721292793972
2020-02-25 00:00:00,0.867707000799976
2020-02-26 00:00:00,0.8687752755878235
2020-02-27 00:00:00,0.8692436509167002
2020-02-28 00:00:00,0.8742018575564766
2020-03-02 00:00:00,0.8613254243050046
2020-03-03 00:00:00,0.8550083625067109
2020-03-04 00:00:00,0.8593429359652704
2020-03-05 00:00:00,0.8587643825557754
2020-03-06 00:00:00,0.8557912184745381
2020-03-09 00:00:00,0.8759463006400157
2020-03-10 00:00:00,0.8870111952373164
2020-03-11 00:00:00,0.8891238600203619
2020-03-12 00:00:00,0.9347303957444866
2020-03-13 00:00:00,0.926615553275523
2020-03-16 00:00:00,0.9399298153555276
2020-03-17 00:00:00,0.9521294180698522
2020-03-18 00:00:00,0.9968061529149349
2020-03-19 00:00:00,1.0072890584142669
2020-03-20 00:00:00,1.0324439180938494
2020-03-23 00:00:00,1.0324439180938494
2020-03-24 00:00:00,1.0189677413130345
2020-03-25 00:00:00,1.0062414296700033
2020-03-26 00:00:00,0.9693460814727592
2020-03-27 00:00:00,0.9769227740081954
2020-03-30 00:00:00,0.984876355144421
2020-03-31 00:00:00,0.9695940858696881
2020-04-01 00:00:00,0.97360663410599
2020-04-02 00:00:00,0.9659298648296454
2020-04-03 00:00:00,0.9818861098660425
2020-04-06 00:00:00,0.9715722707789559
2020-04-07 00:00:00,0.9566840497518343
2020-04-08 00:00:00,0.9566840497518343
2020-04-09 00:00:00,0.9532523914228845
2020-04-10 00:00:00,0.9520084692299556
2020-04-13 00:00:00,0.9587859551117863
2020-04-14 00:00:00,0.9583449688351003
2020-04-15 00:00:00,0.9694440225578963
2020-04-16 00:00:00,0.9662741378481186
2020-04-17 00:00:00,0.9585615278887953
2020-04-20 00:00:00,0.9611407697476373
2020-04-21 00:00:00,0.9722571848567774
2020-04-22 00:00:00,0.9797897965435953
2020-04-23 00:00:00,0.9720736206626786
2020-04-24 00:00:00,0.9759251063885163
2020-04-27 00:00:00,0.9711554034670462
2020-04-28 00:00:00,0.9631149961304957
2020-04-29 00:00:00,0.9605191871154877
2020-04-30 00:00:00,0.9556090144021747
2020-05-01 00:00:00,0.9594873096206838
2020-05-04 00:00:00,0.9599307989340217
2020-05-05 00:00:00,0.9557690763445976
2020-05-06 00:00:00,0.9567079380532851
2020-05-07 00:00:00,0.9540775288248258
2020-05-08 00:00:00,0.9519982709499034
2020-05-11 00:00:00,0.9568717416029722
2020-05-12 00:00:00,0.9505354248361358
2020-05-13 00:00:00,0.9496618653307863
2020-05-14 00:00:00,0.9537224841662353
2020-05-15 00:00:00,0.9546385846161352
2020-05-18 00:00:00,0.943937042969961
2020-05-19 00:00:00,0.9394387494069765
2020-05-20 00:00:00,0.9374433275152693
2020-05-21 00:00:00,0.9396383346148629
2020-05-22 00:00:00,0.9430012488633726
2020-05-26 00:00:00,0.9372550294649424
2020-05-27 00:00:00,0.9370719078294756
2020-05-28 00:00:00,0.9299816478845649
2020-05-29 00:00:00,0.9276353384334425
2020-06-01 00:00:00,0.9225915988503749
2020-06-02 00:00:00,0.9182059409162595
2020-06-03 00:00:00,0.9119082082510754
2020-06-04 00:00:00,0.9062649790549493
2020-06-05 00:00:00,0.9062649790549493
2020-06-08 00:00:00,0.9082288756070123
2020-06-09 00:00:00,0.9071335163359336
2020-06-10 00:00:00,0.9015127735893073
2020-06-11 00:00:00,0.8844382736622202
2020-06-12 00:00:00,0.8745041692503224
2020-06-15 00:00:00,0.8762597633407478
2020-06-16 00:00:00,0.8799484110101093
2020-06-17 00:00:00,0.883066145979987
2020-06-18 00:00:00,0.883019864657479
2020-06-19 00:00:00,0.8761139539494232
2020-06-22 00:00:00,0.8778394323769375
2020-06-23 00:00:00,0.8885053856333289
2020-06-24 00:00:00,0.8761959657605992
2020-06-25 00:00:00,0.8694408323499652
2020-06-26 00:00:00,0.8669890818604534
2020-06-29 00:00:00,0.8678107539408371
2020-06-30 00:00:00,0.8722766406913947
2020-07-01 00:00:00,0.8854608638734149
2020-07-02 00:00:00,0.8834365712853048
2020-07-06 00:00:00,0.8955231330716786
2020-07-07 00:00:00,0.8931684421643038
2020-07-08 00:00:00,0.8946671742571454
2020-07-09 00:00:00,0.8909391578151408
2020-07-10 00:00:00,0.8941638747099955
2020-07-13 00:00:00,0.8993760996728071
2020-07-14 00:00:00,0.8973833409113483
2020-07-15 00:00:00,0.9043775148209087
2020-07-16 00:00:00,0.9105653198155217
2020-07-17 00:00:00,0.9086403176293556
2020-07-20 00:00:00,0.9108606830012415
2020-07-21 00:00:00,0.9230770871562403
2020-07-22 00:00:00,0.9230770871562403
2020-07-23 00:00:00,0.9202335612170411
2020-07-24 00:00:00,0.9165989655635897
2020-07-27 00:00:00,0.9245663296718742
2020-07-28 00:00:00,0.9262131114757381
2020-07-29 00:00:00,0.9293397589335864
2020-07-30 00:00:00,0.922672681080949
2020-07-31 00:00:00,0.9268653096420119
2020-08-03 00:00:00,0.9215930515436083
2020-08-04 00:00:00,0.9215930515436083
2020-08-05 00:00:00,0.9394200317993296
2020-08-06 00:00:00,0.9355808394464827
2020-08-07 00:00:00,0.9271049352148246
2020-08-10 00:00:00,0.9305448181815197
2020-08-11 00:00:00,0.9348209239941367
2020-08-12 00:00:00,0.9399244917490579
2020-08-13 00:00:00,0.945807550787147
2020-08-14 00:00:00,0.9445953178253196
2020-08-17 00:00:00,0.9479204195274112
2020-08-18 00:00:00,0.950558685598256
2020-08-19 00:00:00,0.9493020715896799
2020-08-20 00:00:00,0.9393990243855792
2020-08-21 00:00:00,0.9288062896621936
2020-08-24 00:00:00,0.9340103225459189
2020-08-25 00:00:00,0.9360707542083788
2020-08-26 00:00:00,0.9418844020131282
2020-08-27 00:00:00,0.9453073937754342
2020-08-28 00:00:00,0.9560426780151688
2020-08-31 00:00:00,0.9652359241291436
2020-09-01 00:00:00,0.9604141580243835
2020-09-02 00:00:00,0.9495488358401584
2020-09-03 00:00:00,0.9413356474737327
2020-09-04 00:00:00,0.9387377714410396
2020-09-08 00:00:00,0.9239849832723669
2020-09-09 00:00:00,0.9307200600854432
2020-09-10 00:00:00,0.9337819454734432
2020-09-11 00:00:00,0.9278728469317163
2020-09-14 00:00:00,0.9315456147949689
2020-09-15 00:00:00,0.9293919307961621
2020-09-16 00:00:00,0.9323933296782014
2020-09-17 00:00:00,0.9242695959777456
2020-09-18 00:00:00,0.9271356272784491
2020-09-21 00:00:00,0.9034186447593313
2020-09-22 00:00:00,0.898011207302056
2020-09-23 00:00:00,0.8898789432072897
2020-09-24 00:00:00,0.8812358983005354
2020-09-25 00:00:00,0.8757429855111952
2020-09-28 00:00:00,0.8858911475655906
2020-09-29 00:00:00,0.8877914381839157
2020-09-30 00:00:00,0.8967088801010321
2020-10-01 00:00:00,0.8967088801010321
2020-10-02 00:00:00,0.8990685242575958
2020-10-05 00:00:00,0.8889998319850027
2020-10-06 00:00:00,0.8941397431595604
2020-10-07 00:00:00,0.8962040427237647
2020-10-08 00:00:00,0.893290375929369
2020-10-09 00:00:00,0.8810775094702763
2020-10-13 00:00:00,0.8869458755113943
2020-10-14 00:00:00,0.8873858359455185
2020-10-15 00:00:00,0.901949332302264
2020-10-16 00:00:00,0.9008409313972211
2020-10-19 00:00:00,0.8952453055803764
2020-10-20 00:00:00,0.8919391197831066
2020-10-21 00:00:00,0.8856914973042308
2020-10-22 00:00:00,0.889487039105615
2020-10-23 00:00:00,0.8915025006367122
2020-10-26 00:00:00,0.8899113677556753
2020-10-27 00:00:00,0.878663518569425
2020-10-28 00:00:00,0.8992450396630519
2020-10-29 00:00:00,0.9216399389619917
2020-10-30 00:00:00,0.9193298300042109
2020-11-02 00:00:00,0.9197163522635566
2020-11-03 00:00:00,0.9023811772053285
2020-11-04 00:00:00,0.8939604401129474
2020-11-05 00:00:00,0.8836339449750302
2020-11-06 00:00:00,0.8803075443112693
2020-11-09 00:00:00,0.8687895332545789
2020-11-10 00:00:00,0.8677464022699588
2020-11-12 00:00:00,0.8761918018416945
2020-11-13 00:00:00,0.8814241103961087
2020-11-16 00:00:00,0.8715048696224138
2020-11-17 00:00:00,0.8710371133161462
2020-11-18 00:00:00,0.8633357690898993
2020-11-19 00:00:00,0.8671915201967126
2020-11-20 00:00:00,0.8646966489540985
2020-11-23 00:00:00,0.8699770504138664
2020-11-24 00:00:00,0.8555301045830966
2020-11-25 00:00:00,0.8472625581521898
2020-11-30 00:00:00,0.8511781406270602
2020-12-01 00:00:00,0.8459617462340814
2020-12-02 00:00:00,0.8445799474144937
2020-12-03 00:00:00,0.8445799474144937
2020-12-04 00:00:00,0.8417160849572549
2020-12-07 00:00:00,0.8470460860448692
2020-12-08 00:00:00,0.8440113948963811
2020-12-09 00:00:00,0.8379213499427786
2020-12-10 00:00:00,0.8430398848287473
2020-12-11 00:00:00,0.8383581877293413
2020-12-14 00:00:00,0.8457580313309448
2020-12-15 00:00:00,0.8481046387257476
2020-12-16 00:00:00,0.8512766375241487
2020-12-17 00:00:00,0.8628446500600533
2020-12-18 00:00:00,0.860556017337317
2020-12-21 00:00:00,0.8548773222500684
2020-12-22 00:00:00,0.848338070051704
2020-12-23 00:00:00,0.8570861540118234
2020-12-28 00:00:00,0.853486572144067
2020-12-29 00:00:00,0.8599757570514949
2020-12-30 00:00:00,0.8648117131301257
2020-12-31 00:00:00,0.8625830508797934
2021-01-04 00:00:00,0.8635598259899421
2021-01-05 00:00:00,0.8712798988739643
2021-01-06 00:00:00,0.8784710673146621
2021-01-07 00:00:00,0.8766180163810491
2021-01-08 00:00:00,0.8798503068047009
2021-01-11 00:00:00,0.8683037690663258
2021-01-12 00:00:00,0.8693957183322376
2021-01-13 00:00:00,0.871793316452351
2021-01-14 00:00:00,0.8744418598753863
2021-01-15 00:00:00,0.8664933196005438
2021-01-19 00:00:00,0.8669401436174019
2021-01-21 00:00:00,0.8772729770080813
2021-01-22 00:00:00,0.872111939333865
2021-01-25 00:00:00,0.8644882981289549
2021-01-26 00:00:00,0.8649937404324053
2021-01-27 00:00:00,0.8567486442628466
2021-01-28 00:00:00,0.8595460689553617
2021-01-29 00:00:00,0.8656415696667029
2021-02-01 00:00:00,0.8611170121450756
2021-02-02 00:00:00,0.8578514982523303
2021-02-03 00:00:00,0.8612974872713329
2021-02-04 00:00:00,0.8560688001950036
2021-02-05 00:00:00,0.8560688001950036
2021-02-08 00:00:00,0.8591765112731443
2021-02-09 00:00:00,0.8635592884747217
2021-02-10 00:00:00,0.8660750756511502
2021-02-11 00:00:00,0.8642634600564746
2021-02-12 00:00:00,0.8648767173189853
2021-02-16 00:00:00,0.866208431599218
2021-02-17 00:00:00,0.8587023631855291
2021-02-18 00:00:00,0.8619816301249237
2021-02-19 00:00:00,0.8658084869009053
2021-02-22 00:00:00,0.8626628777712625
2021-02-23 00:00:00,0.8613826157884921
2021-02-24 00:00:00,0.8688429105053791
2021-02-25 00:00:00,0.8699591437840071
2021-02-26 00:00:00,0.8453226698922576
2021-03-01 00:00:00,0.8550778755604519
2021-03-02 00:00:00,0.8618495723653146
2021-03-03 00:00:00,0.8631821616432035
2021-03-04 00:00:00,0.8638449008736079
2021-03-05 00:00:00,0.8540094525896114
2021-03-08 00:00:00,0.8570218492618185
2021-03-09 00:00:00,0.8617987916928915
2021-03-10 00:00:00,0.8650608642424741
2021-03-11 00:00:00,0.8681827895799749
2021-03-12 00:00:00,0.8684714690178934
2021-03-15 00:00:00,0.8613217457107044
2021-03-16 00:00:00,0.8623272033659416
2021-03-17 00:00:00,0.8594794328651033
2021-03-18 00:00:00,0.8647335461270723
2021-03-19 00:00:00,0.855838380628182
2021-03-22 00:00:00,0.8617784810994176
2021-03-23 00:00:00,0.8550578805207448
2021-03-24 00:00:00,0.8540293986250324
2021-03-25 00:00:00,0.8442784713067127
2021-03-26 00:00:00,0.8523373052266704
2021-03-29 00:00:00,0.8575544730658862
2021-03-30 00:00:00,0.8555880652236743
2021-03-31 00:00:00,0.8570921578775375
2021-04-01 00:00:00,0.8571122481723638
2021-04-02 00:00:00,0.8572629554098485
2021-04-05 00:00:00,0.859889792194807
2021-04-06 00:00:00,0.859889792194807
2021-04-07 00:00:00,0.8640298440724334
2021-04-08 00:00:00,0.8605685939017731
2021-04-09 00:00:00,0.8586666059911487
2021-04-12 00:00:00,0.8600720516093296
2021-04-13 00:00:00,0.8597986914516669
2021-04-14 00:00:00,0.8704448622805007
2021-04-15 00:00:00,0.8708184660365914
2021-04-16 00:00:00,0.8731607751203717
2021-04-19 00:00:00,0.8788869362712124
2021-04-20 00:00:00,0.8761458506425851
2021-04-21 00:00:00,0.8759882326555422
2021-04-22 00:00:00,0.8743314280784685
2021-04-23 00:00:00,0.8786754747527109
2021-04-26 00:00:00,0.8818048875868537
2021-04-27 00:00:00,0.8822202756195613
2021-04-28 00:00:00,0.8880014934447684
2021-04-29 00:00:00,0.8891148868375647
2021-04-30 00:00:00,0.879670229659032
2021-05-03 00:00:00,0.8814111629336056
2021-05-04 00:00:00,0.8739234339449741
2021-05-05 00:00:00,0.8745303324850524
2021-05-06 00:00:00,0.878147265870984
2021-05-07 00:00:00,0.8898081115772565
2021-05-10 00:00:00,0.8875482883177278
2021-05-11 00:00:00,0.8850853560682368
2021-05-12 00:00:00,0.8770822186322481
2021-05-13 00:00:00,0.8717226671936208
2021-05-14 00:00:00,0.8867186126041822
2021-05-17 00:00:00,0.8836718751293824
2021-05-18 00:00:00,0.8887903094320823
2021-05-19 00:00:00,0.8817090843542186
2021-05-20 00:00:00,0.8807097155392798
2021-05-21 00:00:00,0.8696054247883023
2021-05-24 00:00:00,0.8739234339449741
2021-05-25 00:00:00,0.8775564253561665
2021-05-26 00:00:00,0.8748340979616611
2021-05-27 00:00:00,0.8735262672824146
2021-05-28 00:00:00,0.8750437143742553
2021-06-01 00:00:00,0.8794583910948586
2021-06-02 00:00:00,0.8799316987587468
2021-06-03 00:00:00,0.8799316987587468
2021-06-04 00:00:00,0.8887879030875372
2021-06-07 00:00:00,0.8936724762938677
2021-06-08 00:00:00,0.893813133737228
2021-06-09 00:00:00,0.8923330423671341
2021-06-10 00:00:00,0.8923438281941705
2021-06-11 00:00:00,0.8842846656225009
2021-06-14 00:00:00,0.8884349378328693
2021-06-15 00:00:00,0.8846237399544672
2021-06-16 00:00:00,0.8820448468799746
2021-06-17 00:00:00,0.8641825817549293
2021-06-18 00:00:00,0.850826788301814
2021-06-21 00:00:00,0.8603956644697229
2021-06-22 00:00:00,0.8611483814597172
2021-06-23 00:00:00,0.8679417526177443
2021-06-24 00:00:00,0.8670549015697939
2021-06-25 00:00:00,0.8691986765663168
2021-06-28 00:00:00,0.8666477618613618
2021-06-29 00:00:00,0.8636871859583292
2021-06-30 00:00:00,0.8569003133245132
2021-07-01 00:00:00,0.8567213200826266
2021-07-02 00:00:00,0.8572087548524797
2021-07-06 00:00:00,0.8482946821041516
2021-07-07 00:00:00,0.8451288961485461
2021-07-08 00:00:00,0.8411232721221387
2021-07-09 00:00:00,0.8487042695854518
2021-07-12 00:00:00,0.8491630866948103
2021-07-13 00:00:00,0.8447614151656915
2021-07-14 00:00:00,0.8439212793260109
2021-07-15 00:00:00,0.8375448362829441
2021-07-16 00:00:00,0.8356392999587995
2021-07-19 00:00:00,0.8264992173814146
2021-07-20 00:00:00,0.8187537662381345
2021-07-21 00:00:00,0.8306186948037816
2021-07-22 00:00:00,0.832388738363082
2021-07-23 00:00:00,0.8314793620101827
2021-07-26 00:00:00,0.8361409125769891
2021-07-27 00:00:00,0.8325295411854403
2021-07-28 00:00:00,0.8351382888286079
2021-07-29 00:00:00,0.8446744269992346
2021-07-30 00:00:00,0.8362464290175791
2021-08-02 00:00:00,0.8362464290175791
2021-08-03 00:00:00,0.8361319458909259
2021-08-04 00:00:00,0.8382136424285318
2021-08-05 00:00:00,0.835883962010493
2021-08-06 00:00:00,0.8423259660486901
2021-08-09 00:00:00,0.8475252670761668
2021-08-10 00:00:00,0.8463405188299143
2021-08-11 00:00:00,0.8413303856380109
2021-08-12 00:00:00,0.8386799167116092
2021-08-13 00:00:00,0.8332919200396743
2021-08-16 00:00:00,0.8371771900193494
2021-08-17 00:00:00,0.8441336765518651
2021-08-18 00:00:00,0.8441042124501388
2021-08-19 00:00:00,0.8533052420988906
2021-08-20 00:00:00,0.8563997184521133
2021-08-23 00:00:00,0.8446010841149072
2021-08-24 00:00:00,0.8381634730252036
2021-08-25 00:00:00,0.8362256602863316
2021-08-26 00:00:00,0.8360165759864941
2021-08-27 00:00:00,0.8264635701991531
2021-08-30 00:00:00,0.8202660162796319
2021-08-31 00:00:00,0.8238696079902673
2021-09-01 00:00:00,0.8226012992167122
2021-09-02 00:00:00,0.8191374861395551
2021-09-03 00:00:00,0.8205552774851871
2021-09-07 00:00:00,0.8217624517308432
2021-09-08 00:00:00,0.825758746368787
2021-09-09 00:00:00,0.8199590906643123
2021-09-10 00:00:00,0.8192025772373938
2021-09-13 00:00:00,0.8182179458991228
2021-09-14 00:00:00,0.8157152096653157
2021-09-15 00:00:00,0.8127687863940644
2021-09-16 00:00:00,0.8178269570257168
2021-09-17 00:00:00,0.8226880818220855
2021-09-20 00:00:00,0.8260429695746729
2021-09-21 00:00:00,0.8217711708405838
2021-09-22 00:00:00,0.8156253302507015
2021-09-23 00:00:00,0.8108182482581785
2021-09-24 00:00:00,0.8135203044836653
2021-09-27 00:00:00,0.8139205894995467
2021-09-28 00:00:00,0.8204870136461775
2021-09-29 00:00:00,0.8204870136461775
2021-09-30 00:00:00,0.8209470015602832
2021-10-01 00:00:00,0.8319988153009807
2021-10-04 00:00:00,0.8368506295747878
2021-10-05 00:00:00,0.841976669878453
2021-10-06 00:00:00,0.834815704832715
2021-10-07 00:00:00,0.8380332846341028
2021-10-08 00:00:00,0.840054438738051
2021-10-12 00:00:00,0.8394451054140564
2021-10-13 00:00:00,0.8421545501857005
2021-10-14 00:00:00,0.8488897939115276
2021-10-15 00:00:00,0.851852760033383
2021-10-18 00:00:00,0.851741528339449
2021-10-19 00:00:00,0.858796048239041
2021-10-20 00:00:00,0.8593926343885867
2021-10-21 00:00:00,0.8594749871876273
2021-10-22 00:00:00,0.8572467453240924
2021-10-25 00:00:00,0.8594029276253953
2021-10-26 00:00:00,0.8582002898092512
2021-10-27 00:00:00,0.8535450350967345
2021-10-28 00:00:00,0.8615182603363336
2021-10-29 00:00:00,0.8486889801924641
2021-11-01 00:00:00,0.8548975924315434
2021-11-02 00:00:00,0.8436001390908456
2021-11-03 00:00:00,0.8408518372771596
2021-11-04 00:00:00,0.8382682582173452
2021-11-05 00:00:00,0.8381801276838022
2021-11-08 00:00:00,0.8434216476481594
2021-11-09 00:00:00,0.8417889888356352
2021-11-10 00:00:00,0.834485599999673
2021-11-12 00:00:00,0.8260030832234551
2021-11-15 00:00:00,0.8252430771662264
2021-11-16 00:00:00,0.8226317580268034
2021-11-17 00:00:00,0.8205996160794597
2021-11-18 00:00:00,0.8132335554439128
2021-11-19 00:00:00,0.8089153551258356
2021-11-22 00:00:00,0.8055913440334561
2021-11-23 00:00:00,0.8054647384474065
2021-11-24 00:00:00,0.8002901004971321
2021-11-26 00:00:00,0.7897985649855461
2021-11-29 00:00:00,0.7919066689012813
2021-11-30 00:00:00,0.7919066689012813
2021-12-01 00:00:00,0.7918611570237581
2021-12-02 00:00:00,0.7902307345626439
2021-12-03 00:00:00,0.7981068350088915
2021-12-06 00:00:00,0.7923498725690562
2021-12-07 00:00:00,0.7848858784369095
2021-12-08 00:00:00,0.7716661946229364
2021-12-09 00:00:00,0.7818133067484283
2021-12-10 00:00:00,0.7774786213790803
2021-12-13 00:00:00,0.7862567604716263
2021-12-14 00:00:00,0.7916166429162054
2021-12-15 00:00:00,0.7890350340993411
2021-12-16 00:00:00,0.7808458022935162
2021-12-17 00:00:00,0.7821098643653657
2021-12-20 00:00:00,0.7857472995826643
2021-12-21 00:00:00,0.7777986979922183
2021-12-22 00:00:00,0.7706077374616053
2021-12-23 00:00:00,0.7662489024523007
2021-12-27 00:00:00,0.7666469420133264
2021-12-28 00:00:00,0.7630487875271355
2021-12-29 00:00:00,0.7624625799153663
2021-12-30 00:00:00,0.763590776035055
2022-01-03 00:00:00,0.7697395922033231
2022-01-04 00:00:00,0.7666594385734566
2022-01-05 00:00:00,0.7628771215081616
2022-01-06 00:00:00,0.7704724864125843
2022-01-07 00:00:00,0.7663936595920798
2022-01-10 00:00:00,0.7690536900959463
2022-01-11 00:00:00,0.7617531855736654
2022-01-12 00:00:00,0.7514511595033797
2022-01-13 00:00:00,0.7509651421367329
2022-01-14 00:00:00,0.7580157661797284
2022-01-18 00:00:00,0.7622148404294709
2022-01-19 00:00:00,0.7591097601034326
2022-01-20 00:00:00,0.7582652058222558
2022-01-21 00:00:00,0.7701453369670819
2022-01-24 00:00:00,0.783510371277657
2022-01-25 00:00:00,0.7772106762092305
2022-01-26 00:00:00,0.7696979486978442
2022-01-27 00:00:00,0.7764636616230732
2022-01-28 00:00:00,0.7781721985063503
2022-01-31 00:00:00,0.7781721985063503
2022-02-01 00:00:00,0.7781973651336275
2022-02-02 00:00:00,0.7737956421144523
2022-02-03 00:00:00,0.7630868805987828
2022-02-04 00:00:00,0.7664580665635717
2022-02-07 00:00:00,0.7682536098526118
2022-02-08 00:00:00,0.7704682543230116
2022-02-09 00:00:00,0.7690498108523907
2022-02-10 00:00:00,0.7630356722092401
2022-02-11 00:00:00,0.7687190234590707
2022-02-14 00:00:00,0.7761140499303413
2022-02-15 00:00:00,0.776385032609335
2022-02-16 00:00:00,0.7745831500099889
2022-02-17 00:00:00,0.7784112111176537
2022-02-18 00:00:00,0.7852107585846861
2022-02-22 00:00:00,0.7753373372896764
2022-02-23 00:00:00,0.7748442921672944
2022-02-24 00:00:00,0.7878248980521836
2022-02-25 00:00:00,0.7728768590577904
2022-02-28 00:00:00,0.7691470756393217
2022-03-01 00:00:00,0.7751752188818102
2022-03-02 00:00:00,0.7744359262842124
2022-03-03 00:00:00,0.778487931137993
2022-03-04 00:00:00,0.7830138619780809
2022-03-07 00:00:00,0.7900040971078276
2022-03-08 00:00:00,0.7835177478437158
2022-03-09 00:00:00,0.7768608562877077
2022-03-10 00:00:00,0.7804005399862871
2022-03-11 00:00:00,0.7829365169502075
2022-03-14 00:00:00,0.7853442527440045
2022-03-15 00:00:00,0.7858376647173226
2022-03-16 00:00:00,0.7781376713940886
2022-03-17 00:00:00,0.7656734478526546
2022-03-18 00:00:00,0.7631313876956052
2022-03-21 00:00:00,0.7602821119623998
2022-03-22 00:00:00,0.7630419426153171
2022-03-23 00:00:00,0.7588697535975872
2022-03-24 00:00:00,0.7539518462781177
2022-03-25 00:00:00,0.7518016275674411
2022-03-28 00:00:00,0.7601951013887475
2022-03-29 00:00:00,0.7534917064235618
2022-03-30 00:00:00,0.7534917064235618
2022-03-31 00:00:00,0.7377400159391115
2022-04-01 00:00:00,0.7391493339745935
2022-04-04 00:00:00,0.7418564055069283
2022-04-05 00:00:00,0.7398009545820383
2022-04-06 00:00:00,0.7398517784679913
2022-04-07 00:00:00,0.7331779010581737
2022-04-08 00:00:00,0.7433499157451047
2022-04-11 00:00:00,0.7335940915971364
2022-04-12 00:00:00,0.7389887210061753
2022-04-13 00:00:00,0.7365458944711437
2022-04-14 00:00:00,0.7330365038294134
2022-04-15 00:00:00,0.7340107549079762
2022-04-18 00:00:00,0.7297663848037017
2022-04-19 00:00:00,0.7326541728676111
2022-04-20 00:00:00,0.7339607303216675
2022-04-21 00:00:00,0.7293956899395971
2022-04-22 00:00:00,0.722778912483881
2022-04-25 00:00:00,0.7053425911588141
2022-04-26 00:00:00,0.7005478796584772
2022-04-27 00:00:00,0.69116617758302
2022-04-28 00:00:00,0.6864376443548912
2022-04-29 00:00:00,0.6925662891324648
2022-05-02 00:00:00,0.6845686489676763
2022-05-03 00:00:00,0.6881775896060383
2022-05-04 00:00:00,0.6869703888588025
2022-05-05 00:00:00,0.6792720683730942
2022-05-06 00:00:00,0.6833234785226514
2022-05-09 00:00:00,0.6694090089786576
2022-05-10 00:00:00,0.6694090089786576
2022-05-11 00:00:00,0.6666551482723692
2022-05-12 00:00:00,0.6802175352676476
2022-05-13 00:00:00,0.6730026857602575
2022-05-16 00:00:00,0.6747763163964093
2022-05-17 00:00:00,0.6654868700866438
2022-05-18 00:00:00,0.6738793817583435
2022-05-19 00:00:00,0.6672834572932493
2022-05-20 00:00:00,0.6709609329362088
2022-05-23 00:00:00,0.6607582873324894
2022-05-24 00:00:00,0.6579222732114433
2022-05-25 00:00:00,0.6617306538790446
2022-05-26 00:00:00,0.6574539655390643
2022-05-27 00:00:00,0.6520478987387334
2022-05-31 00:00:00,0.642625240067324
2022-06-01 00:00:00,0.6517683854698749
2022-06-02 00:00:00,0.6448002038256858
2022-06-03 00:00:00,0.6489960592307311
2022-06-06 00:00:00,0.6461821393122412
2022-06-07 00:00:00,0.6508973098333559
2022-06-08 00:00:00,0.6475945556117735
2022-06-09 00:00:00,0.656409263045148
2022-06-10 00:00:00,0.6651249744974415
2022-06-13 00:00:00,0.6794895320106825
2022-06-14 00:00:00,0.6865508575627355
2022-06-15 00:00:00,0.6883509453573768
2022-06-16 00:00:00,0.6860371117692263
2022-06-17 00:00:00,0.6881768121721984
2022-06-21 00:00:00,0.6753858787359813
2022-06-22 00:00:00,0.6790855511069604
2022-06-23 00:00:00,0.6853151586459229
2022-06-24 00:00:00,0.6775732907975422
2022-06-27 00:00:00,0.6719210294669181
2022-06-28 00:00:00,0.6748767196943014
2022-06-29 00:00:00,0.677277184105298
2022-06-30 00:00:00,0.677185155146242
2022-07-01 00:00:00,0.6834267248821101
2022-07-05 00:00:00,0.6919963285266028
2022-07-06 00:00:00,0.6960132871714078
2022-07-07 00:00:00,0.6918170220387214
2022-07-08 00:00:00,0.6917184682044462
2022-07-11 00:00:00,0.6917184682044462
2022-07-12 00:00:00,0.6946810586947012
2022-07-13 00:00:00,0.6923529414127424
2022-07-14 00:00:00,0.6971428395031526
2022-07-15 00:00:00,0.6911167243103763
2022-07-18 00:00:00,0.6843743296916676
2022-07-19 00:00:00,0.6737544930417534
2022-07-20 00:00:00,0.6761622046786048
2022-07-21 00:00:00,0.678355294969322
2022-07-22 00:00:00,0.673978752957342
2022-07-25 00:00:00,0.6689831765700865
2022-07-26 00:00:00,0.6731688633711533
2022-07-27 00:00:00,0.6693386179725719
2022-07-28 00:00:00,0.6634040652672405
2022-07-29 00:00:00,0.6561712334264299
2022-08-01 00:00:00,0.6515271258146073
2022-08-02 00:00:00,0.6605568435151353
2022-08-03 00:00:00,0.6601235689363587
2022-08-04 00:00:00,0.6612704972147462
2022-08-05 00:00:00,0.6662090557645854
2022-08-08 00:00:00,0.6598705610422417
2022-08-09 00:00:00,0.6588261311903794
2022-08-10 00:00:00,0.643109551558752
2022-08-11 00:00:00,0.6420649793225057
2022-08-12 00:00:00,0.6482743349989843
2022-08-15 00:00:00,0.6564169727332452
2022-08-16 00:00:00,0.6562797213343018
2022-08-17 00:00:00,0.6598671523251808
2022-08-18 00:00:00,0.6583391265906137
2022-08-19 00:00:00,0.6655119785917643
2022-08-22 00:00:00,0.6681953513701883
2022-08-23 00:00:00,0.6581079971910109
2022-08-24 00:00:00,0.6561086987576278
2022-08-25 00:00:00,0.6570799564274585
2022-08-26 00:00:00,0.6581826172512613
2022-08-29 00:00:00,0.6608981405827777
2022-08-30 00:00:00,0.6647436729835945
2022-08-31 00:00:00,0.6721567643526175
2022-09-01 00:00:00,0.6827287770093025
2022-09-02 00:00:00,0.6754016896096549
2022-09-06 00:00:00,0.6785041297074282
2022-09-07 00:00:00,0.6785041297074282
2022-09-08 00:00:00,0.6805188618044306
2022-09-09 00:00:00,0.6691216219807494
2022-09-12 00:00:00,0.6694502763838542
2022-09-13 00:00:00,0.6798442276766832
2022-09-14 00:00:00,0.6811608061897513
2022-09-15 00:00:00,0.6857049643016402
2022-09-16 00:00:00,0.689410812992634
2022-09-19 00:00:00,0.6926613409469192
2022-09-20 00:00:00,0.6955719814266518
2022-09-21 00:00:00,0.6958021663153778
2022-09-22 00:00:00,0.7015357398037094
2022-09-23 00:00:00,0.7132731014030447
2022-09-26 00:00:00,0.7245652188404212
2022-09-27 00:00:00,0.7241627765254522
2022-09-28 00:00:00,0.7214022884799405
2022-09-29 00:00:00,0.7207829929551324
2022-09-30 00:00:00,0.7293847954012682
2022-10-03 00:00:00,0.7198503899793118
2022-10-04 00:00:00,0.7058491798758396
2022-10-05 00:00:00,0.7129125763926418
2022-10-06 00:00:00,0.7187215244333877
2022-10-07 00:00:00,0.7173802218768469
2022-10-11 00:00:00,0.7164420492429483
2022-10-12 00:00:00,0.7235850820300169
2022-10-13 00:00:00,0.7122011040603681
2022-10-14 00:00:00,0.7168049422429413
2022-10-17 00:00:00,0.7076344091929405
2022-10-18 00:00:00,0.7120780391844724
2022-10-19 00:00:00,0.7138885625067544
2022-10-20 00:00:00,0.711677571241992
2022-10-21 00:00:00,0.7085373265955008
2022-10-24 00:00:00,0.7076675147550958
2022-10-25 00:00:00,0.699435396712852
2022-10-26 00:00:00,0.6909869912939348
2022-10-27 00:00:00,0.6903511300631846
2022-10-28 00:00:00,0.6979062691644703
2022-10-31 00:00:00,0.6998665496189296
2022-11-01 00:00:00,0.6970785855718425
2022-11-02 00:00:00,0.6981127781339043
2022-11-03 00:00:00,0.7102306881494624
2022-11-04 00:00:00,0.7102306881494624
2022-11-07 00:00:00,0.688186117971576
2022-11-08 00:00:00,0.6832702564119423
2022-11-09 00:00:00,0.6939361683408678
2022-11-10 00:00:00,0.6775874404670861
2022-11-14 00:00:00,0.6713818188205067
2022-11-15 00:00:00,0.6666346859051998
2022-11-16 00:00:00,0.670492431525596
2022-11-17 00:00:00,0.6809129965291183
2022-11-18 00:00:00,0.6828614614528935
2022-11-21 00:00:00,0.6909410647253471
2022-11-22 00:00:00,0.6801420771889907
2022-11-23 00:00:00,0.6683441157714685
2022-11-25 00:00:00,0.6598861785941859
2022-11-28 00:00:00,0.6671846996938317
2022-11-29 00:00:00,0.6688007280337139
2022-11-30 00:00:00,0.6646344331588063
2022-12-01 00:00:00,0.6499879392448514
2022-12-02 00:00:00,0.6520333727967693
2022-12-05 00:00:00,0.6646866775865267
2022-12-06 00:00:00,0.6694673150575022
2022-12-07 00:00:00,0.6703549905573398
2022-12-08 00:00:00,0.6662084915587632
2022-12-09 00:00:00,0.6657288937656725
2022-12-12 00:00:00,0.6678768792266522
2022-12-13 00:00:00,0.6522105957788689
2022-12-14 00:00:00,0.6495495256155008
2022-12-15 00:00:00,0.6573782012280853
2022-12-16 00:00:00,0.6612771789735098
2022-12-19 00:00:00,0.6601784793243218
2022-12-20 00:00:00,0.6605366300885881
2022-12-21 00:00:00,0.6577868832358233
2022-12-22 00:00:00,0.6590952477438603
2022-12-23 00:00:00,0.6584305460563273
2022-12-27 00:00:00,0.6540638728035116
2022-12-28 00:00:00,0.6593266431757947
2022-12-29 00:00:00,0.6585546874617711
2022-12-30 00:00:00,0.6560251939965871
2023-01-03 00:00:00,0.6732485042601518
2023-01-04 00:00:00,0.6731410161997432
2023-01-05 00:00:00,0.6868094682103408
2023-01-06 00:00:00,0.6868094682103408
2023-01-09 00:00:00,0.698065785089763
2023-01-10 00:00:00,0.6890302167861505
2023-01-11 00:00:00,0.6883411452250707
2023-01-12 00:00:00,0.6935360418724945
2023-01-13 00:00:00,0.6960961213150862
2023-01-17 00:00:00,0.697407993146855
2023-01-18 00:00:00,0.6970689724295206
2023-01-19 00:00:00,0.6934452082012101
2023-01-20 00:00:00,0.695835745884284
2023-01-23 00:00:00,0.7011448178187975
2023-01-24 00:00:00,0.6974998680154815
2023-01-25 00:00:00,0.6937317644721743
2023-01-26 00:00:00,0.6952172564581156
2023-01-27 00:00:00,0.6957935411950276
2023-01-30 00:00:00,0.6916057200984278
2023-01-31 00:00:00,0.6880315124664953
2023-02-01 00:00:00,0.688602830001558
2023-02-02 00:00:00,0.6867135364870721
2023-02-03 00:00:00,0.676009983260678
2023-02-06 00:00:00,0.6649726057467609
2023-02-07 00:00:00,0.6634599058802024
2023-02-08 00:00:00,0.6681614584001759
2023-02-09 00:00:00,0.6784287070685103
2023-02-10 00:00:00,0.6773471414786475
2023-02-13 00:00:00,0.6806224238157159
2023-02-14 00:00:00,0.6774338065000957
2023-02-15 00:00:00,0.6736611871593838
2023-02-16 00:00:00,0.6723647990195929
2023-02-17 00:00:00,0.6680836339917664
2023-02-21 00:00:00,0.6692398926146907
2023-02-22 00:00:00,0.6664147832736504
2023-02-23 00:00:00,0.6658990023183673
2023-02-24 00:00:00,0.6627316574133502
2023-02-27 00:00:00,0.6647799308044943
2023-02-28 00:00:00,0.6655448657948319
2023-03-01 00:00:00,0.6629870010560377
2023-03-02 00:00:00,0.6586160207032613
2023-03-03 00:00:00,0.6606135316451106
2023-03-06 00:00:00,0.6611084540416251
2023-03-07 00:00:00,0.6449037043420265
2023-03-08 00:00:00,0.6449037043420265
2023-03-09 00:00:00,0.6434232520785902
2023-03-10 00:00:00,0.6416370149880197
2023-03-13 00:00:00,0.6370211142285039
2023-03-14 00:00:00,0.6379927361293367
2023-03-15 00:00:00,0.654292210457253
2023-03-16 00:00:00,0.6526891350503147
2023-03-17 00:00:00,0.6474158110536087
2023-03-20 00:00:00,0.6451694600094717
2023-03-21 00:00:00,0.6384062011929897
2023-03-22 00:00:00,0.6338981591132099
2023-03-23 00:00:00,0.6213276153532663
2023-03-24 00:00:00,0.6342614037258847
2023-03-27 00:00:00,0.6343928847905428
2023-03-28 00:00:00,0.6254685378960421
2023-03-29 00:00:00,0.6304769949792769
2023-03-30 00:00:00,0.6288893080959987
2023-03-31 00:00:00,0.6311156022277972
2023-04-03 00:00:00,0.6219242416621764
2023-04-04 00:00:00,0.622482537036795
2023-04-05 00:00:00,0.6295963813322321
2023-04-06 00:00:00,0.630330376232664
2023-04-07 00:00:00,0.63029331280138
2023-04-10 00:00:00,0.6374182575921472
2023-04-11 00:00:00,0.6392226675606131
2023-04-12 00:00:00,0.6310647248012305
2023-04-13 00:00:00,0.6219190751313627
2023-04-14 00:00:00,0.6276813009974377
2023-04-17 00:00:00,0.6334247824588239
2023-04-18 00:00:00,0.6328999623642607
2023-04-19 00:00:00,0.6389757205758895
2023-04-20 00:00:00,0.6396319435375286
2023-04-21 00:00:00,0.6400358489365089
2023-04-24 00:00:00,0.6381512957303229
2023-04-25 00:00:00,0.6454297170818171
2023-04-26 00:00:00,0.6413414909632841
2023-04-27 00:00:00,0.6430243601187073
2023-04-28 00:00:00,0.6427083541546179
2023-05-01 00:00:00,0.6485444390173448
2023-05-02 00:00:00,0.6522146861393402
2023-05-03 00:00:00,0.6498692728760086
2023-05-04 00:00:00,0.6498692728760086
2023-05-05 00:00:00,0.6404948631775603
2023-05-08 00:00:00,0.6349181766919856
2023-05-09 00:00:00,0.6412297412339311
2023-05-10 00:00:00,0.6363112020891618
2023-05-11 00:00:00,0.6458361746582074
2023-05-12 00:00:00,0.6476514736069494
2023-05-15 00:00:00,0.6425387746591721
2023-05-16 00:00:00,0.6491338849339506
2023-05-17 00:00:00,0.6541957702545188
2023-05-18 00:00:00,0.6610838008545431
2023-05-19 00:00:00,0.6567741387211168
2023-05-22 00:00:00,0.6602717064941594
2023-05-23 00:00:00,0.6621037898613479
2023-05-24 00:00:00,0.6635251399586182
2023-05-25 00:00:00,0.6690798539153076
2023-05-26 00:00:00,0.6710357148448612
2023-05-30 00:00:00,0.676686332987627
2023-05-31 00:00:00,0.6750439684873129
2023-06-01 00:00:00,0.6689874203373718
2023-06-02 00:00:00,0.6669903867965036
2023-06-05 00:00:00,0.6667695883550974
2023-06-06 00:00:00,0.6697683237209303
2023-06-07 00:00:00,0.6674566555787124
2023-06-08 00:00:00,0.6604264403643861
2023-06-09 00:00:00,0.6510736580180152
2023-06-12 00:00:00,0.6541576020399787
2023-06-13 00:00:00,0.6443823222735656
2023-06-14 00:00:00,0.6384497806497886
2023-06-15 00:00:00,0.6352890961576118
2023-06-16 00:00:00,0.6393992771616016
2023-06-20 00:00:00,0.6516312174138246
2023-06-21 00:00:00,0.6469790217392909
2023-06-22 00:00:00,0.6431244754468629
2023-06-23 00:00:00,0.6570269232756977
2023-06-26 00:00:00,0.6478037078113764
2023-06-27 00:00:00,0.6504279569965897
2023-06-28 00:00:00,0.6519771399934903
2023-06-29 00:00:00,0.652616502941606
2023-06-30 00:00:00,0.6475935675684242
2023-07-03 00:00:00,0.6456496735162245
2023-07-05 00:00:00,0.6456496735162245
2023-07-06 00:00:00,0.6520042477507395
2023-07-07 00:00:00,0.6423987279533703
2023-07-10 00:00:00,0.6362937274674112
2023-07-11 00:00:00,0.627460881210292
2023-07-12 00:00:00,0.6102978569190145
2023-07-13 00:00:00,0.6027104261318414
2023-07-14 00:00:00,0.6034983775497765
2023-07-17 00:00:00,0.6044213423779764
2023-07-18 00:00:00,0.606459757597587
2023-07-19 00:00:00,0.6062183883263196
2023-07-20 00:00:00,0.608658230148296
2023-07-21 00:00:00,0.6083031800614714
2023-07-24 00:00:00,0.6063249455833692
2023-07-25 00:00:00,0.6071579591346744
2023-07-26 00:00:00,0.610686835809614
2023-07-27 00:00:00,0.6107907892865725
2023-07-28 00:00:00,0.6128692533450572
2023-07-31 00:00:00,0.6098491410733314
2023-08-01 00:00:00,0.6171253274409969
2023-08-02 00:00:00,0.6210641366672902
2023-08-03 00:00:00,0.6180380175612253
2023-08-04 00:00:00,0.6090402529132946
2023-08-07 00:00:00,0.6131201393174898
2023-08-08 00:00:00,0.621839060502881
2023-08-09 00:00:00,0.6170015102258876
2023-08-10 00:00:00,0.6173791339650594
2023-08-11 00:00:00,0.63030457246071
2023-08-14 00:00:00,0.6319841924653109
2023-08-15 00:00:00,0.6343618003593786
2023-08-16 00:00:00,0.6383738733195363
2023-08-17 00:00:00,0.6388732938653073
2023-08-18 00:00:00,0.6427073599839516
2023-08-21 00:00:00,0.6423656672336299
2023-08-22 00:00:00,0.6426453248773365
2023-08-23 00:00:00,0.6410396480053251
2023-08-24 00:00:00,0.6458905763183248
2023-08-25 00:00:00,0.64774020296006
2023-08-28 00:00:00,0.647768992015418
2023-08-29 00:00:00,0.6433171539975134
2023-08-30 00:00:00,0.6381484017494111
2023-08-31 00:00:00,0.6381484017494111
2023-09-01 00:00:00,0.6388527589353225
2023-09-05 00:00:00,0.6404652542250096
2023-09-06 00:00:00,0.6421637463476566
2023-09-07 00:00:00,0.6407598641070615
2023-09-08 00:00:00,0.6383775869288525
2023-09-11 00:00:00,0.6370656316435398
2023-09-12 00:00:00,0.639169476885227
2023-09-13 00:00:00,0.6399838113034775
2023-09-14 00:00:00,0.641654173451079
2023-09-15 00:00:00,0.6431213073025127
2023-09-18 00:00:00,0.6446867092742766
2023-09-19 00:00:00,0.6429832338904966
2023-09-20 00:00:00,0.6402517952550715
2023-09-21 00:00:00,0.6440083773954779
2023-09-22 00:00:00,0.6413099605799611
2023-09-25 00:00:00,0.6450472450514636
2023-09-26 00:00:00,0.6462585986116325
2023-09-27 00:00:00,0.6419205770360604
2023-09-28 00:00:00,0.639835837565959
2023-09-29 00:00:00,0.6369898208002207
2023-10-02 00:00:00,0.6467340617301662
2023-10-03 00:00:00,0.6574484661269144
2023-10-04 00:00:00,0.6560450771218962
2023-10-05 00:00:00,0.6566897013939097
2023-10-06 00:00:00,0.6517036645688524
2023-10-10 00:00:00,0.6449083062530827
2023-10-11 00:00:00,0.6483442699438788
2023-10-12 00:00:00,0.6536668831059562
2023-10-13 00:00:00,0.653953616686334
2023-10-16 00:00:00,0.6537524422479217
2023-10-17 00:00:00,0.6531649119101139
2023-10-18 00:00:00,0.6598026901724602
2023-10-19 00:00:00,0.6581821640528642
2023-10-20 00:00:00,0.6587041120569433
2023-10-23 00:00:00,0.6606091301098327
2023-10-24 00:00:00,0.6659435905596992
2023-10-25 00:00:00,0.6657379333714736
2023-10-26 00:00:00,0.6688527980958904
2023-10-27 00:00:00,0.6651133777104411
2023-10-30 00:00:00,0.6639168748854858
2023-10-31 00:00:00,0.6639168748854858
2023-11-01 00:00:00,0.6671251259070197
2023-11-02 00:00:00,0.6640425416073343
2023-11-03 00:00:00,0.6564301586964986
2023-11-06 00:00:00,0.6546439172441351
2023-11-07 00:00:00,0.6657344627156601
2023-11-08 00:00:00,0.6638958557370098
2023-11-09 00:00:00,0.6617248323769205
2023-11-13 00:00:00,0.657736573489397
2023-11-14 00:00:00,0.6466508988469719
2023-11-15 00:00:00,0.6399872742766138
2023-11-16 00:00:00,0.6489472183085037
2023-11-17 00:00:00,0.6434857313746674
2023-11-20 00:00:00,0.6338959118891642
2023-11-21 00:00:00,0.630640472317315
2023-11-22 00:00:00,0.6404775552268818
2023-11-24 00:00:00,0.6340341743845709
2023-11-27 00:00:00,0.6322165121137518
2023-11-28 00:00:00,0.6283943791721626
2023-11-29 00:00:00,0.6312339600143729
2023-11-30 00:00:00,0.638444163476163
2023-12-01 00:00:00,0.6316338811090138
2023-12-04 00:00:00,0.6427761378566479
2023-12-05 00:00:00,0.6479925267974589
2023-12-06 00:00:00,0.6491207403143917
2023-12-07 00:00:00,0.6449136907530142
2023-12-08 00:00:00,0.6471127800555861
2023-12-11 00:00:00,0.650612748652361
2023-12-12 00:00:00,0.6511473693591473
2023-12-13 00:00:00,0.6476765720118315
2023-12-14 00:00:00,0.6179418315015409
2023-12-15 00:00:00,0.6165602845021204
2023-12-18 00:00:00,0.6135185052939836
2023-12-19 00:00:00,0.6043994414157609
2023-12-20 00:00:00,0.6067579074969623
2023-12-21 00:00:00,0.60559350158425
2023-12-22 00:00:00,0.6004042110723526
2023-12-26 00:00:00,0.598227745269458
2023-12-27 00:00:00,0.5897852254108837
2023-12-28 00:00:00,0.5897852254108837
2023-12-29 00:00:00,0.5926170335471186
