date,combined_equity
1971-01-04 00:00:00,1.0
1971-01-05 00:00:00,1.0
1971-01-06 00:00:00,1.0
1971-01-07 00:00:00,1.0
1971-01-08 00:00:00,1.0
1971-01-11 00:00:00,1.0
1971-01-12 00:00:00,1.0
1971-01-13 00:00:00,1.0
1971-01-14 00:00:00,1.0
1971-01-15 00:00:00,1.0
1971-01-18 00:00:00,1.0
1971-01-19 00:00:00,1.0
1971-01-20 00:00:00,1.0
1971-01-21 00:00:00,1.0
1971-01-22 00:00:00,1.0
1971-01-25 00:00:00,1.0
1971-01-26 00:00:00,1.0
1971-01-27 00:00:00,1.0
1971-01-28 00:00:00,1.0
1971-01-29 00:00:00,1.0
1971-02-01 00:00:00,1.0
1971-02-02 00:00:00,1.0
1971-02-03 00:00:00,1.0
1971-02-04 00:00:00,1.0
1971-02-05 00:00:00,1.0
1971-02-08 00:00:00,1.0
1971-02-09 00:00:00,1.0
1971-02-10 00:00:00,1.0
1971-02-11 00:00:00,1.0
1971-02-16 00:00:00,1.0
1971-02-17 00:00:00,1.0
1971-02-18 00:00:00,1.0
1971-02-19 00:00:00,1.0
1971-02-22 00:00:00,1.0
1971-02-23 00:00:00,1.0
1971-02-24 00:00:00,1.0
1971-02-25 00:00:00,1.0
1971-02-26 00:00:00,1.0
1971-03-01 00:00:00,1.0
1971-03-02 00:00:00,1.0
1971-03-03 00:00:00,1.0
1971-03-04 00:00:00,1.0
1971-03-05 00:00:00,1.0
1971-03-08 00:00:00,1.0
1971-03-09 00:00:00,1.0
1971-03-10 00:00:00,1.0
1971-03-11 00:00:00,1.0
1971-03-12 00:00:00,1.0
1971-03-15 00:00:00,1.0
1971-03-16 00:00:00,1.0
1971-03-17 00:00:00,1.0
1971-03-18 00:00:00,1.0
1971-03-19 00:00:00,1.0
1971-03-22 00:00:00,1.0
1971-03-23 00:00:00,1.0
1971-03-24 00:00:00,1.0
1971-03-25 00:00:00,1.0
1971-03-26 00:00:00,1.0
1971-03-29 00:00:00,1.0
1971-03-30 00:00:00,1.0
1971-03-31 00:00:00,1.0
1971-04-01 00:00:00,1.0
1971-04-02 00:00:00,1.0
1971-04-05 00:00:00,1.0
1971-04-06 00:00:00,1.0
1971-04-07 00:00:00,1.0
1971-04-08 00:00:00,1.0
1971-04-09 00:00:00,1.0
1971-04-12 00:00:00,1.0003614353892663
1971-04-13 00:00:00,1.0014657543726335
1971-04-14 00:00:00,1.0012243136148549
1971-04-15 00:00:00,1.0012243136148549
1971-04-16 00:00:00,1.000295548253228
1971-04-19 00:00:00,1.000295548253228
1971-04-20 00:00:00,1.0005976891516528
1971-04-21 00:00:00,1.001318916094633
1971-04-22 00:00:00,1.001321586958224
1971-04-23 00:00:00,1.001321586958224
1971-04-26 00:00:00,1.001321586958224
1971-04-27 00:00:00,1.001321586958224
1971-04-28 00:00:00,1.001321586958224
1971-04-29 00:00:00,1.001321586958224
1971-04-30 00:00:00,1.001321586958224
1971-05-03 00:00:00,1.001321586958224
1971-05-04 00:00:00,1.001321586958224
1971-05-05 00:00:00,1.001321586958224
1971-05-06 00:00:00,1.001321586958224
1971-05-07 00:00:00,1.001321586958224
1971-05-10 00:00:00,1.001321586958224
1971-05-11 00:00:00,1.001321586958224
1971-05-12 00:00:00,1.001321586958224
1971-05-13 00:00:00,1.001321586958224
1971-05-14 00:00:00,1.001321586958224
1971-05-17 00:00:00,1.001321586958224
1971-05-18 00:00:00,1.001321586958224
1971-05-19 00:00:00,1.001321586958224
1971-05-20 00:00:00,1.001321586958224
1971-05-21 00:00:00,1.001321586958224
1971-05-24 00:00:00,1.001321586958224
1971-05-25 00:00:00,1.001321586958224
1971-05-26 00:00:00,1.001321586958224
1971-05-27 00:00:00,1.001321586958224
1971-05-28 00:00:00,1.001321586958224
1971-06-01 00:00:00,1.001321586958224
1971-06-02 00:00:00,1.001321586958224
1971-06-03 00:00:00,1.001321586958224
1971-06-04 00:00:00,1.001321586958224
1971-06-07 00:00:00,1.001321586958224
1971-06-08 00:00:00,1.001321586958224
1971-06-09 00:00:00,1.001321586958224
1971-06-10 00:00:00,1.001321586958224
1971-06-11 00:00:00,1.001321586958224
1971-06-14 00:00:00,1.001321586958224
1971-06-15 00:00:00,1.001321586958224
1971-06-16 00:00:00,1.001321586958224
1971-06-17 00:00:00,1.001321586958224
1971-06-18 00:00:00,1.001321586958224
1971-06-21 00:00:00,1.001321586958224
1971-06-22 00:00:00,1.001321586958224
1971-06-23 00:00:00,1.001321586958224
1971-06-24 00:00:00,1.001321586958224
1971-06-25 00:00:00,1.001321586958224
1971-06-28 00:00:00,1.001321586958224
1971-06-29 00:00:00,1.001321586958224
1971-06-30 00:00:00,1.001321586958224
1971-07-01 00:00:00,1.0013525718444791
1971-07-02 00:00:00,1.0013525718444791
1971-07-06 00:00:00,1.0013525718444791
1971-07-07 00:00:00,1.0013525718444791
1971-07-08 00:00:00,1.001310200777831
1971-07-09 00:00:00,1.001310200777831
1971-07-12 00:00:00,1.001272057413063
1971-07-13 00:00:00,1.001272057413063
1971-07-14 00:00:00,1.0014354910592433
1971-07-15 00:00:00,1.0014354910592433
1971-07-16 00:00:00,1.0014354910592433
1971-07-19 00:00:00,1.0014354910592433
1971-07-20 00:00:00,1.0014354910592433
1971-07-21 00:00:00,1.0014354910592433
1971-07-22 00:00:00,1.0012145482533292
1971-07-23 00:00:00,1.0012145482533292
1971-07-26 00:00:00,1.0010783375772356
1971-07-27 00:00:00,1.0010783375772356
1971-07-28 00:00:00,1.0008768784208661
1971-07-29 00:00:00,1.0008768784208661
1971-07-30 00:00:00,1.0008768784208661
1971-08-02 00:00:00,1.0008768784208661
1971-08-03 00:00:00,1.0008768784208661
1971-08-04 00:00:00,1.0008768784208661
1971-08-05 00:00:00,1.0008768784208661
1971-08-06 00:00:00,1.0008768784208661
1971-08-09 00:00:00,0.9963952794596195
1971-08-10 00:00:00,0.9963952794596195
1971-08-11 00:00:00,0.9963952794596195
1971-08-12 00:00:00,0.9942443215577901
1971-08-13 00:00:00,0.9942443215577901
1971-08-23 00:00:00,0.9764351045823306
1971-08-24 00:00:00,0.9764351045823306
1971-08-25 00:00:00,0.9764351045823306
1971-08-26 00:00:00,0.9764351045823306
1971-08-27 00:00:00,0.9764351045823306
1971-08-30 00:00:00,0.9764351045823306
1971-08-31 00:00:00,0.9777970874837197
1971-09-01 00:00:00,0.9798847216833765
1971-09-02 00:00:00,0.9790501504296353
1971-09-03 00:00:00,0.9740511421655885
1971-09-07 00:00:00,0.9791083098182756
1971-09-08 00:00:00,0.9781752485016207
1971-09-09 00:00:00,0.9777532715765441
1971-09-10 00:00:00,0.9773310197961113
1971-09-13 00:00:00,0.9785186404045577
1971-09-14 00:00:00,0.9763389390421273
1971-09-15 00:00:00,0.9752052950597124
1971-09-16 00:00:00,0.9753207619780735
1971-09-17 00:00:00,0.9753626658933828
1971-09-20 00:00:00,0.9713243223497356
1971-09-21 00:00:00,0.9713243223497356
1971-09-22 00:00:00,0.9713243223497356
1971-09-23 00:00:00,0.9713243223497356
1971-09-24 00:00:00,0.9713243223497356
1971-09-27 00:00:00,0.9711795632487611
1971-09-28 00:00:00,0.9710475923099456
1971-09-29 00:00:00,0.9698987680588992
1971-09-30 00:00:00,0.9691850560205274
1971-10-01 00:00:00,0.9697628363829116
1971-10-04 00:00:00,0.9698754340407519
1971-10-05 00:00:00,0.9698074809059217
1971-10-06 00:00:00,0.9698684630328446
1971-10-07 00:00:00,0.9698520837425706
1971-10-08 00:00:00,0.9705307920238768
1971-10-12 00:00:00,0.9710151832249557
1971-10-13 00:00:00,0.9720356891533486
1971-10-14 00:00:00,0.9725551836027361
1971-10-15 00:00:00,0.9726406214785321
1971-10-18 00:00:00,0.9712570511982186
1971-10-19 00:00:00,0.971509456602142
1971-10-20 00:00:00,0.971556953191033
1971-10-21 00:00:00,0.971770624205242
1971-10-22 00:00:00,0.9720606599773094
1971-10-26 00:00:00,0.9734950439889669
1971-10-27 00:00:00,0.973744104111323
1971-10-28 00:00:00,0.973744104111323
1971-10-29 00:00:00,0.9733378057982629
1971-11-01 00:00:00,0.9733378057982629
1971-11-03 00:00:00,0.9733378057982629
1971-11-04 00:00:00,0.9732810997593674
1971-11-05 00:00:00,0.9732810997593674
1971-11-08 00:00:00,0.9732810997593674
1971-11-09 00:00:00,0.9732810997593674
1971-11-10 00:00:00,0.9732810997593674
1971-11-11 00:00:00,0.9732810997593674
1971-11-12 00:00:00,0.9732810997593674
1971-11-15 00:00:00,0.9732810997593674
1971-11-16 00:00:00,0.9732810997593674
1971-11-17 00:00:00,0.9732810997593674
1971-11-18 00:00:00,0.9732810997593674
1971-11-19 00:00:00,0.9732810997593674
1971-11-22 00:00:00,0.9732810997593674
1971-11-23 00:00:00,0.9732810997593674
1971-11-24 00:00:00,0.9702456818732466
1971-11-26 00:00:00,0.9709054978369797
1971-11-29 00:00:00,0.97045479451255
1971-11-30 00:00:00,0.9707936264462027
1971-12-01 00:00:00,0.96910721242016
1971-12-02 00:00:00,0.9649335647342937
1971-12-03 00:00:00,0.9649335647342937
1971-12-06 00:00:00,0.9649335647342937
1971-12-07 00:00:00,0.9649335647342937
1971-12-08 00:00:00,0.9649335647342937
1971-12-09 00:00:00,0.9649335647342937
1971-12-10 00:00:00,0.9648286224719878
1971-12-13 00:00:00,0.9654902215967406
1971-12-14 00:00:00,0.9607521045898334
1971-12-15 00:00:00,0.9607521045898334
1971-12-16 00:00:00,0.9607521045898334
1971-12-17 00:00:00,0.9589119338107377
1971-12-21 00:00:00,0.9610374313504509
1971-12-22 00:00:00,0.9611799724888951
1971-12-23 00:00:00,0.9658710777744716
1971-12-24 00:00:00,0.9670134268854267
1971-12-27 00:00:00,0.969417213750598
1971-12-28 00:00:00,0.9693377136742118
1971-12-29 00:00:00,0.9697679514615183
1971-12-30 00:00:00,0.9693244127158176
1971-12-31 00:00:00,0.9680779829378348
1972-01-03 00:00:00,0.9687524357810396
1972-01-04 00:00:00,0.9692558762967148
1972-01-05 00:00:00,0.9695889045366207
1972-01-06 00:00:00,0.968781178434173
1972-01-07 00:00:00,0.9692843909298194
1972-01-10 00:00:00,0.9689864609736297
1972-01-11 00:00:00,0.9693680419838414
1972-01-12 00:00:00,0.9680498738875213
1972-01-13 00:00:00,0.9640384869371795
1972-01-14 00:00:00,0.9598704458478583
1972-01-17 00:00:00,0.9550542248317537
1972-01-18 00:00:00,0.9550542248317537
1972-01-19 00:00:00,0.9542939422081789
1972-01-20 00:00:00,0.9549854723205788
1972-01-21 00:00:00,0.9549973707707954
1972-01-24 00:00:00,0.9541908134414164
1972-01-25 00:00:00,0.9530254654871602
1972-01-26 00:00:00,0.9534563887471124
1972-01-27 00:00:00,0.9537627737328249
1972-01-28 00:00:00,0.9540842339421026
1972-01-31 00:00:00,0.954281697341206
1972-02-01 00:00:00,0.9531948744322585
1972-02-02 00:00:00,0.9498084253895294
1972-02-03 00:00:00,0.9516184169910333
1972-02-04 00:00:00,0.9541441923188563
1972-02-07 00:00:00,0.953877976408578
1972-02-08 00:00:00,0.9532554685116554
1972-02-09 00:00:00,0.9519480216345697
1972-02-10 00:00:00,0.9519136453789823
1972-02-11 00:00:00,0.9514121594575086
1972-02-14 00:00:00,0.9518448928678073
1972-02-15 00:00:00,0.9522769009525376
1972-02-16 00:00:00,0.9492293982455781
1972-02-17 00:00:00,0.9497750095583384
1972-02-18 00:00:00,0.9498502352485074
1972-02-22 00:00:00,0.951439547528335
1972-02-23 00:00:00,0.9509376983093939
1972-02-24 00:00:00,0.9509033220538065
1972-02-25 00:00:00,0.952842953444606
1972-02-28 00:00:00,0.9537366789020264
1972-02-29 00:00:00,0.9524862908144344
1972-03-01 00:00:00,0.9524862908144344
1972-03-02 00:00:00,0.9524862908144344
1972-03-03 00:00:00,0.9524862908144344
1972-03-06 00:00:00,0.9524862908144344
1972-03-07 00:00:00,0.9524862908144344
1972-03-08 00:00:00,0.9524862908144344
1972-03-09 00:00:00,0.9524862908144344
1972-03-10 00:00:00,0.9522319460232304
1972-03-13 00:00:00,0.9914647017176457
1972-03-14 00:00:00,0.9563818338910244
1972-03-15 00:00:00,0.9563818338910244
1972-03-16 00:00:00,0.9563818338910244
1972-03-17 00:00:00,0.9563818338910244
1972-03-20 00:00:00,0.9563818338910244
1972-03-21 00:00:00,0.9563818338910244
1972-03-22 00:00:00,0.9563818338910244
1972-03-23 00:00:00,0.9563818338910244
1972-03-24 00:00:00,0.9563818338910244
1972-03-27 00:00:00,0.9563818338910244
1972-03-28 00:00:00,0.9563818338910244
1972-03-29 00:00:00,0.9563818338910244
1972-03-30 00:00:00,0.9563818338910244
1972-03-31 00:00:00,0.9563818338910244
1972-04-03 00:00:00,0.9563818338910244
1972-04-04 00:00:00,0.9563818338910244
1972-04-05 00:00:00,0.9563818338910244
1972-04-06 00:00:00,0.9563818338910244
1972-04-07 00:00:00,0.9563818338910244
1972-04-10 00:00:00,0.9563818338910244
1972-04-11 00:00:00,0.9563818338910244
1972-04-12 00:00:00,0.9560337976864374
1972-04-13 00:00:00,0.9560337976864374
1972-04-14 00:00:00,0.9560337976864374
1972-04-17 00:00:00,0.9560337976864374
1972-04-18 00:00:00,0.9560337976864374
1972-04-19 00:00:00,0.9560337976864374
1972-04-20 00:00:00,0.9560337976864374
1972-04-21 00:00:00,0.9560337976864374
1972-04-24 00:00:00,0.9560337976864374
1972-04-25 00:00:00,0.9560337976864374
1972-04-26 00:00:00,0.9560337976864374
1972-04-27 00:00:00,0.9560337976864374
1972-04-28 00:00:00,0.9560337976864374
1972-05-01 00:00:00,0.9560337976864374
1972-05-02 00:00:00,0.9560337976864374
1972-05-03 00:00:00,0.9560337976864374
1972-05-04 00:00:00,0.9560337976864374
1972-05-05 00:00:00,0.9560337976864374
1972-05-08 00:00:00,0.9560337976864374
1972-05-09 00:00:00,0.9560337976864374
1972-05-10 00:00:00,0.9560337976864374
1972-05-11 00:00:00,0.9560337976864374
1972-05-12 00:00:00,0.9560337976864374
1972-05-15 00:00:00,0.9560337976864374
1972-05-16 00:00:00,0.9560337976864374
1972-05-17 00:00:00,0.9560337976864374
1972-05-18 00:00:00,0.9560337976864374
1972-05-19 00:00:00,0.9560337976864374
1972-05-22 00:00:00,0.9560337976864374
1972-05-23 00:00:00,0.9560337976864374
1972-05-24 00:00:00,0.9560337976864374
1972-05-25 00:00:00,0.9562158776324806
1972-05-26 00:00:00,0.9562158776324806
1972-05-30 00:00:00,0.9562158776324806
1972-05-31 00:00:00,0.9562158776324806
1972-06-01 00:00:00,0.9549478437302077
1972-06-02 00:00:00,0.9549478437302077
1972-06-05 00:00:00,0.955766995172208
1972-06-06 00:00:00,0.9554103701462434
1972-06-07 00:00:00,0.9554103701462434
1972-06-08 00:00:00,0.9554103701462434
1972-06-09 00:00:00,0.9553643923401778
1972-06-12 00:00:00,0.9542525097035914
1972-06-13 00:00:00,0.9521292932766365
1972-06-14 00:00:00,0.9524617961219805
1972-06-15 00:00:00,0.9515742652710292
1972-06-16 00:00:00,0.9500724540566527
1972-06-19 00:00:00,0.9494130286989154
1972-06-20 00:00:00,0.9476699249604188
1972-06-21 00:00:00,0.9467940032565431
1972-06-22 00:00:00,0.9432140678704493
1972-06-23 00:00:00,0.9432140678704493
1972-06-26 00:00:00,0.9432140678704493
1972-06-27 00:00:00,0.9432140678704493
1972-06-28 00:00:00,0.9375531346545943
1972-06-29 00:00:00,0.9375531346545943
1972-06-30 00:00:00,0.9357456458930503
1972-07-03 00:00:00,0.9370951726562519
1972-07-05 00:00:00,0.9426626909078597
1972-07-06 00:00:00,0.9398065566355707
1972-07-07 00:00:00,0.9388812999960339
1972-07-10 00:00:00,0.938652947859326
1972-07-11 00:00:00,0.9384245306653052
1972-07-12 00:00:00,0.9378216863214962
1972-07-13 00:00:00,0.9376928956266194
1972-07-14 00:00:00,0.9378886611262427
1972-07-17 00:00:00,0.9380344012853943
1972-07-18 00:00:00,0.9421777496313142
1972-07-19 00:00:00,0.9437035459520589
1972-07-20 00:00:00,0.9418968821573264
1972-07-21 00:00:00,0.943078039573471
1972-07-24 00:00:00,0.9445264824494403
1972-07-25 00:00:00,0.9429702748453498
1972-07-26 00:00:00,0.942126344233323
1972-07-27 00:00:00,0.9428625101172287
1972-07-28 00:00:00,0.942808627753168
1972-07-31 00:00:00,0.9424092641531566
1972-08-01 00:00:00,0.942355381789096
1972-08-02 00:00:00,0.9435341854403726
1972-08-03 00:00:00,0.9436526188365446
1972-08-04 00:00:00,0.9432540410958914
1972-08-07 00:00:00,0.9426579781104769
1972-08-08 00:00:00,0.9428752650126487
1972-08-09 00:00:00,0.9429835076796731
1972-08-10 00:00:00,0.9429835076796731
1972-08-11 00:00:00,0.9429835076796731
1972-08-14 00:00:00,0.9429835076796731
1972-08-15 00:00:00,0.9429835076796731
1972-08-16 00:00:00,0.9429835076796731
1972-08-17 00:00:00,0.9424828299745984
1972-08-18 00:00:00,0.9424828299745984
1972-08-21 00:00:00,0.9420443117978793
1972-08-22 00:00:00,0.9420443117978793
1972-08-23 00:00:00,0.94220561191428
1972-08-24 00:00:00,0.94220561191428
1972-08-25 00:00:00,0.94220561191428
1972-08-28 00:00:00,0.94220561191428
1972-08-29 00:00:00,0.94220561191428
1972-08-30 00:00:00,0.94220561191428
1972-08-31 00:00:00,0.94220561191428
1972-09-01 00:00:00,0.94220561191428
1972-09-05 00:00:00,0.94220561191428
1972-09-06 00:00:00,0.94220561191428
1972-09-07 00:00:00,0.94220561191428
1972-09-08 00:00:00,0.94220561191428
1972-09-11 00:00:00,0.94220561191428
1972-09-12 00:00:00,0.94220561191428
1972-09-13 00:00:00,0.94220561191428
1972-09-14 00:00:00,0.94220561191428
1972-09-15 00:00:00,0.94220561191428
1972-09-18 00:00:00,0.94220561191428
1972-09-19 00:00:00,0.94220561191428
1972-09-20 00:00:00,0.94220561191428
1972-09-21 00:00:00,0.9419322567321342
1972-09-22 00:00:00,0.9423050531398118
1972-09-25 00:00:00,0.9416838896242284
1972-09-26 00:00:00,0.9408652066494247
1972-09-27 00:00:00,0.941038747700953
1972-09-28 00:00:00,0.9393556251873765
1972-09-29 00:00:00,0.9392568054598235
1972-10-02 00:00:00,0.9381958050228253
1972-10-03 00:00:00,0.9387136683926631
1972-10-04 00:00:00,0.9406917295930164
1972-10-05 00:00:00,0.9427527985322545
1972-10-06 00:00:00,0.9430017298795644
1972-10-10 00:00:00,0.9414757243192439
1972-10-11 00:00:00,0.9414757243192439
1972-10-12 00:00:00,0.9414757243192439
1972-10-13 00:00:00,0.9414757243192439
1972-10-16 00:00:00,0.9414757243192439
1972-10-17 00:00:00,0.9414757243192439
1972-10-18 00:00:00,0.9414757243192439
1972-10-19 00:00:00,0.9414757243192439
1972-10-20 00:00:00,0.9414757243192439
1972-10-24 00:00:00,0.9414757243192439
1972-10-25 00:00:00,0.9414757243192439
1972-10-26 00:00:00,0.9414757243192439
1972-10-27 00:00:00,0.9414757243192439
1972-10-30 00:00:00,0.9414757243192439
1972-10-31 00:00:00,0.9414757243192439
1972-11-01 00:00:00,0.9414757243192439
1972-11-02 00:00:00,0.9414757243192439
1972-11-03 00:00:00,0.9414757243192439
1972-11-06 00:00:00,0.9414757243192439
1972-11-08 00:00:00,0.9414757243192439
1972-11-09 00:00:00,0.9414757243192439
1972-11-10 00:00:00,0.9414757243192439
1972-11-13 00:00:00,0.9414757243192439
1972-11-14 00:00:00,0.9414757243192439
1972-11-15 00:00:00,0.9414757243192439
1972-11-16 00:00:00,0.9414757243192439
1972-11-17 00:00:00,0.9414757243192439
1972-11-20 00:00:00,0.9414757243192439
1972-11-21 00:00:00,0.9414757243192439
1972-11-22 00:00:00,0.9414757243192439
1972-11-24 00:00:00,0.9414757243192439
1972-11-27 00:00:00,0.9414757243192439
1972-11-28 00:00:00,0.9441826153406453
1972-11-29 00:00:00,0.9419907714321247
1972-11-30 00:00:00,0.9418619156806883
1972-12-01 00:00:00,0.9389517950695552
1972-12-04 00:00:00,0.9389517950695552
1972-12-05 00:00:00,0.9386239983509808
1972-12-06 00:00:00,0.9391921546918104
1972-12-07 00:00:00,0.9391381919449673
1972-12-08 00:00:00,0.9391836917789869
1972-12-11 00:00:00,0.939204312135246
1972-12-12 00:00:00,0.939771414553373
1972-12-13 00:00:00,0.938922340957595
1972-12-14 00:00:00,0.9382462591230792
1972-12-15 00:00:00,0.9381922963762361
1972-12-18 00:00:00,0.9385863424624106
1972-12-19 00:00:00,0.9387562238957734
1972-12-20 00:00:00,0.9375819714958462
1972-12-21 00:00:00,0.9351229071375621
1972-12-22 00:00:00,0.9351229071375621
1972-12-26 00:00:00,0.9347207950777281
1972-12-27 00:00:00,0.9350154217459371
1972-12-28 00:00:00,0.9370712214240381
1972-12-29 00:00:00,0.9377103043100378
1973-01-02 00:00:00,0.9378296072676766
1973-01-03 00:00:00,0.9358440039996668
1973-01-04 00:00:00,0.9366828833241247
1973-01-05 00:00:00,0.9361086518929882
1973-01-08 00:00:00,0.937095306705314
1973-01-09 00:00:00,0.9355049228613772
1973-01-10 00:00:00,0.9343078155423119
1973-01-11 00:00:00,0.9349255171830176
1973-01-12 00:00:00,0.935045695316924
1973-01-15 00:00:00,0.9356125704246878
1973-01-16 00:00:00,0.9352858574818259
1973-01-17 00:00:00,0.9344371114051621
1973-01-18 00:00:00,0.9343833687093495
1973-01-19 00:00:00,0.9340560309878093
1973-01-22 00:00:00,0.9239678054780267
1973-01-23 00:00:00,0.9239678054780267
1973-01-24 00:00:00,0.9145603737984885
1973-01-25 00:00:00,0.9145603737984885
1973-01-26 00:00:00,0.9145603737984885
1973-01-29 00:00:00,0.9145603737984885
1973-01-30 00:00:00,0.9145603737984885
1973-01-31 00:00:00,0.9145603737984885
1973-02-01 00:00:00,0.9145603737984885
1973-02-02 00:00:00,0.9145603737984885
1973-02-05 00:00:00,0.9145603737984885
1973-02-06 00:00:00,0.9145603737984885
1973-02-07 00:00:00,0.9145603737984885
1973-02-08 00:00:00,0.9076825207195223
1973-02-09 00:00:00,0.9076825207195223
1973-02-13 00:00:00,0.8795161551152055
1973-02-14 00:00:00,0.8795161551152055
1973-02-15 00:00:00,0.8795161551152055
1973-02-16 00:00:00,0.8795161551152055
1973-02-20 00:00:00,0.8795161551152055
1973-02-21 00:00:00,0.8795161551152055
1973-02-22 00:00:00,0.8795161551152055
1973-02-23 00:00:00,0.8795161551152055
1973-02-26 00:00:00,0.8795161551152055
1973-02-27 00:00:00,0.8795161551152055
1973-02-28 00:00:00,0.8795161551152055
1973-03-01 00:00:00,0.8795161551152055
1973-03-02 00:00:00,0.8795161551152055
1973-03-05 00:00:00,0.9017595748358337
1973-03-06 00:00:00,0.8967420364222713
1973-03-07 00:00:00,0.8931121408012549
1973-03-08 00:00:00,0.8911513689380286
1973-03-09 00:00:00,0.8938543191928576
1973-03-12 00:00:00,0.9067334813215735
1973-03-13 00:00:00,0.9163291508348997
1973-03-14 00:00:00,0.9099420261523347
1973-03-15 00:00:00,0.8994289177166549
1973-03-16 00:00:00,0.9087405801721409
1973-03-19 00:00:00,0.9119825630602308
1973-03-20 00:00:00,0.9094519265799009
1973-03-21 00:00:00,0.9105257444118297
1973-03-22 00:00:00,0.9107362509751876
1973-03-23 00:00:00,0.9087500929787812
1973-03-26 00:00:00,0.9059642365556169
1973-03-27 00:00:00,0.9045394188486825
1973-03-28 00:00:00,0.9053086817704614
1973-03-29 00:00:00,0.9071824488562102
1973-03-30 00:00:00,0.909335463286738
1973-04-02 00:00:00,0.9147958638412349
1973-04-03 00:00:00,0.9135038323300639
1973-04-04 00:00:00,0.9069802612343447
1973-04-05 00:00:00,0.9063770348920042
1973-04-06 00:00:00,0.9082446239241173
1973-04-09 00:00:00,0.9073805829209842
1973-04-10 00:00:00,0.9073300360155179
1973-04-11 00:00:00,0.9054895819585835
1973-04-12 00:00:00,0.9053071267845537
1973-04-13 00:00:00,0.9068893614759485
1973-04-16 00:00:00,0.9071278483936523
1973-04-17 00:00:00,0.9051554860681545
1973-04-18 00:00:00,0.9067377207595493
1973-04-19 00:00:00,0.9079469724963642
1973-04-20 00:00:00,0.9080274400507079
1973-04-23 00:00:00,0.907582023838897
1973-04-24 00:00:00,0.907582023838897
1973-04-25 00:00:00,0.907582023838897
1973-04-26 00:00:00,0.907582023838897
1973-04-27 00:00:00,0.907582023838897
1973-04-30 00:00:00,0.907582023838897
1973-05-01 00:00:00,0.907582023838897
1973-05-02 00:00:00,0.907582023838897
1973-05-03 00:00:00,0.907582023838897
1973-05-04 00:00:00,0.907582023838897
1973-05-07 00:00:00,0.907582023838897
1973-05-08 00:00:00,0.9079388974001998
1973-05-09 00:00:00,0.9079388974001998
1973-05-10 00:00:00,0.9079388974001998
1973-05-11 00:00:00,0.9079388974001998
1973-05-14 00:00:00,0.9079388974001998
1973-05-15 00:00:00,0.9079388974001998
1973-05-16 00:00:00,0.9115959935988261
1973-05-17 00:00:00,0.9132587511607091
1973-05-18 00:00:00,0.9077823562109929
1973-05-21 00:00:00,0.8931759387502187
1973-05-22 00:00:00,0.8931759387502187
1973-05-23 00:00:00,0.8931759387502187
1973-05-24 00:00:00,0.8958838952991534
1973-05-25 00:00:00,0.9011021436524378
1973-05-29 00:00:00,0.8971830568660273
1973-05-30 00:00:00,0.8916057095976118
1973-05-31 00:00:00,0.8916057095976118
1973-06-01 00:00:00,0.8916057095976118
1973-06-04 00:00:00,0.8916057095976118
1973-06-05 00:00:00,0.8916057095976118
1973-06-06 00:00:00,0.8977980019931335
1973-06-07 00:00:00,0.9029070488453795
1973-06-08 00:00:00,0.9006843739114877
1973-06-11 00:00:00,0.9028045654304833
1973-06-12 00:00:00,0.8983997170452794
1973-06-13 00:00:00,0.9054297162563875
1973-06-14 00:00:00,0.9002215539781997
1973-06-15 00:00:00,0.8955320115593357
1973-06-18 00:00:00,0.8895038297176492
1973-06-19 00:00:00,0.8932521441202189
1973-06-20 00:00:00,0.8953782864369912
1973-06-21 00:00:00,0.8890858565682531
1973-06-22 00:00:00,0.888476244166797
1973-06-25 00:00:00,0.8911514483410206
1973-06-26 00:00:00,0.8889321314459087
1973-06-27 00:00:00,0.8861690644211835
1973-06-28 00:00:00,0.8861690644211835
1973-06-29 00:00:00,0.8861690644211835
1973-07-02 00:00:00,0.874170379610167
1973-07-03 00:00:00,0.874170379610167
1973-07-05 00:00:00,0.874170379610167
1973-07-06 00:00:00,0.874170379610167
1973-07-09 00:00:00,0.874170379610167
1973-07-10 00:00:00,0.874170379610167
1973-07-11 00:00:00,0.8749163422027206
1973-07-12 00:00:00,0.8736034938813062
1973-07-13 00:00:00,0.8738098401554695
1973-07-16 00:00:00,0.8725551162925713
1973-07-17 00:00:00,0.8703275103024355
1973-07-18 00:00:00,0.8682636100274354
1973-07-19 00:00:00,0.8724693665963242
1973-07-20 00:00:00,0.8706760321810773
1973-07-23 00:00:00,0.8699564812465687
1973-07-24 00:00:00,0.8694587981393513
1973-07-25 00:00:00,0.8693998460318147
1973-07-26 00:00:00,0.8686294635877231
1973-07-27 00:00:00,0.8694263447689571
1973-07-30 00:00:00,0.8715300873972597
1973-07-31 00:00:00,0.8718415084324654
1973-08-01 00:00:00,0.871830690642334
1973-08-02 00:00:00,0.8726340164370292
1973-08-03 00:00:00,0.8722436884089769
1973-08-06 00:00:00,0.8745004382025523
1973-08-07 00:00:00,0.8734614654138511
1973-08-08 00:00:00,0.8732397039158093
1973-08-09 00:00:00,0.875117040616381
1973-08-10 00:00:00,0.8787901810796267
1973-08-13 00:00:00,0.8789339895348829
1973-08-14 00:00:00,0.8789339895348829
1973-08-15 00:00:00,0.8786147658966518
1973-08-16 00:00:00,0.8780208901615817
1973-08-17 00:00:00,0.8782926744033998
1973-08-20 00:00:00,0.8807353700728964
1973-08-21 00:00:00,0.8780707529006577
1973-08-22 00:00:00,0.8780707529006577
1973-08-23 00:00:00,0.8772646746129945
1973-08-24 00:00:00,0.8781031435944696
1973-08-27 00:00:00,0.877892984594453
1973-08-28 00:00:00,0.877744798349514
1973-08-29 00:00:00,0.8786112148550177
1973-08-30 00:00:00,0.8783109502630475
1973-08-31 00:00:00,0.8781615006339327
1973-09-04 00:00:00,0.8782816744265686
1973-09-05 00:00:00,0.8787883103625304
1973-09-06 00:00:00,0.8784608543114992
1973-09-07 00:00:00,0.8792968618444993
1973-09-10 00:00:00,0.8789100201886372
1973-09-11 00:00:00,0.8783695541366052
1973-09-12 00:00:00,0.878670176305465
1973-09-13 00:00:00,0.8781031435944696
1973-09-14 00:00:00,0.8782524159696304
1973-09-17 00:00:00,0.8791179453139908
1973-09-18 00:00:00,0.8790584492467717
1973-09-19 00:00:00,0.8787587504143687
1973-09-20 00:00:00,0.8795364214608388
1973-09-21 00:00:00,0.8788474832213674
1973-09-24 00:00:00,0.8790287279116367
1973-09-25 00:00:00,0.8789990243541919
1973-09-26 00:00:00,0.878817887959593
1973-09-27 00:00:00,0.8785784888426909
1973-09-28 00:00:00,0.8783109502630475
1973-10-01 00:00:00,0.878490236693534
1973-10-02 00:00:00,0.8787587504143687
1973-10-03 00:00:00,0.8786406867951765
1973-10-04 00:00:00,0.8786112148550177
1973-10-05 00:00:00,0.8786996834015997
1973-10-09 00:00:00,0.8786996834015997
1973-10-10 00:00:00,0.8791179453139908
1973-10-11 00:00:00,0.8792673535985297
1973-10-12 00:00:00,0.8792673535985297
1973-10-15 00:00:00,0.8792673535985297
1973-10-16 00:00:00,0.8792673535985297
1973-10-17 00:00:00,0.8792673535985297
1973-10-18 00:00:00,0.8792673535985297
1973-10-19 00:00:00,0.8792673535985297
1973-10-23 00:00:00,0.8792673535985297
1973-10-24 00:00:00,0.8788593094903648
1973-10-25 00:00:00,0.8788593094903648
1973-10-26 00:00:00,0.8788593094903648
1973-10-29 00:00:00,0.8788593094903648
1973-10-30 00:00:00,0.8788593094903648
1973-10-31 00:00:00,0.8787579192836937
1973-11-01 00:00:00,0.8787579192836937
1973-11-02 00:00:00,0.8813561825978784
1973-11-05 00:00:00,0.8792993484472099
1973-11-07 00:00:00,0.87692062135394
1973-11-08 00:00:00,0.8763754188924683
1973-11-09 00:00:00,0.8750805069305456
1973-11-12 00:00:00,0.8691330967892149
1973-11-13 00:00:00,0.8691330967892149
1973-11-14 00:00:00,0.8691330967892149
1973-11-15 00:00:00,0.8636738651271946
1973-11-16 00:00:00,0.8636738651271946
1973-11-19 00:00:00,0.8636738651271946
1973-11-20 00:00:00,0.8636738651271946
1973-11-21 00:00:00,0.8636738651271946
1973-11-23 00:00:00,0.8636738651271946
1973-11-26 00:00:00,0.8636738651271946
1973-11-27 00:00:00,0.8656978129295808
1973-11-28 00:00:00,0.8655007415116686
1973-11-29 00:00:00,0.8628718297911524
1973-11-30 00:00:00,0.8638893944507517
1973-12-03 00:00:00,0.8642816452062352
1973-12-04 00:00:00,0.8628718297911524
1973-12-05 00:00:00,0.8658950077137442
1973-12-06 00:00:00,0.8703247468169334
1973-12-07 00:00:00,0.8697251959763261
1973-12-10 00:00:00,0.86630951883329
1973-12-11 00:00:00,0.8652841053018638
1973-12-12 00:00:00,0.8667047985887287
1973-12-13 00:00:00,0.8660923259800353
1973-12-14 00:00:00,0.8650872925765447
1973-12-17 00:00:00,0.8650872925765447
1973-12-18 00:00:00,0.8652841053018638
1973-12-19 00:00:00,0.8650872925765447
1973-12-20 00:00:00,0.8665070967898745
1973-12-21 00:00:00,0.869525597349187
1973-12-24 00:00:00,0.8679134681870123
1973-12-26 00:00:00,0.8669026243463257
1973-12-27 00:00:00,0.8588536104167642
1973-12-28 00:00:00,0.855630101165795
1973-12-31 00:00:00,0.8548314786134021
1974-01-02 00:00:00,0.8548314786134021
1974-01-03 00:00:00,0.855708255146209
1974-01-04 00:00:00,0.8548314786134021
1974-01-07 00:00:00,0.8423401994520179
1974-01-08 00:00:00,0.8423401994520179
1974-01-09 00:00:00,0.8482688583461141
1974-01-10 00:00:00,0.8539789970651244
1974-01-11 00:00:00,0.8514739942712682
1974-01-14 00:00:00,0.8475916675296503
1974-01-15 00:00:00,0.8455286729987073
1974-01-16 00:00:00,0.8496473487807867
1974-01-17 00:00:00,0.8475916675296503
1974-01-18 00:00:00,0.8512325531599622
1974-01-21 00:00:00,0.8457660661010703
1974-01-22 00:00:00,0.8485081918685988
1974-01-23 00:00:00,0.8455286729987073
1974-01-24 00:00:00,0.8503286786634855
1974-01-25 00:00:00,0.849867628866761
1974-01-28 00:00:00,0.8528454168476027
1974-01-29 00:00:00,0.8605918888154255
1974-01-30 00:00:00,0.8665344633949853
1974-01-31 00:00:00,0.8749857966313197
1974-02-01 00:00:00,0.8725085307758571
1974-02-04 00:00:00,0.8725085307758571
1974-02-05 00:00:00,0.8734473346990419
1974-02-06 00:00:00,0.8734473346990419
1974-02-07 00:00:00,0.8728945822310131
1974-02-08 00:00:00,0.8728945822310131
1974-02-11 00:00:00,0.8719300883274343
1974-02-13 00:00:00,0.8719300883274343
1974-02-14 00:00:00,0.8716623547810818
1974-02-15 00:00:00,0.871553540151216
1974-02-19 00:00:00,0.8693089393475165
1974-02-20 00:00:00,0.8684387542185193
1974-02-21 00:00:00,0.8668066515694616
1974-02-22 00:00:00,0.8650175674030725
1974-02-25 00:00:00,0.8679539383939111
1974-02-26 00:00:00,0.8665727914153076
1974-02-27 00:00:00,0.868951025220728
1974-02-28 00:00:00,0.868534184640856
1974-03-01 00:00:00,0.8694408213792927
1974-03-04 00:00:00,0.8698399125171382
1974-03-05 00:00:00,0.8688630267844407
1974-03-06 00:00:00,0.8686010955293181
1974-03-07 00:00:00,0.8685919699382522
1974-03-08 00:00:00,0.8675689011886302
1974-03-11 00:00:00,0.8656273613870556
1974-03-12 00:00:00,0.866125590109419
1974-03-13 00:00:00,0.8659672532197146
1974-03-14 00:00:00,0.8675323988243667
1974-03-15 00:00:00,0.8671141328936784
1974-03-18 00:00:00,0.8664450331403856
1974-03-19 00:00:00,0.8656743290291024
1974-03-20 00:00:00,0.8644470666509312
1974-03-21 00:00:00,0.8628669677460167
1974-03-22 00:00:00,0.8628669677460167
1974-03-25 00:00:00,0.8591088017433236
1974-03-26 00:00:00,0.859785534439006
1974-03-27 00:00:00,0.8608851425237516
1974-03-28 00:00:00,0.8586064392448178
1974-03-29 00:00:00,0.8603906837028201
1974-04-01 00:00:00,0.8619110733992064
1974-04-02 00:00:00,0.8611623677973104
1974-04-03 00:00:00,0.8633165192833803
1974-04-04 00:00:00,0.8637262808223729
1974-04-05 00:00:00,0.862716962791034
1974-04-08 00:00:00,0.8631295535127256
1974-04-09 00:00:00,0.863802516900055
1974-04-10 00:00:00,0.8636866030971286
1974-04-11 00:00:00,0.8628352644655519
1974-04-12 00:00:00,0.8629830355856816
1974-04-15 00:00:00,0.8630237411897698
1974-04-16 00:00:00,0.8626983374137287
1974-04-17 00:00:00,0.8618946288600586
1974-04-18 00:00:00,0.8606744649821639
1974-04-19 00:00:00,0.8608722266775867
1974-04-22 00:00:00,0.8600751301408451
1974-04-23 00:00:00,0.8583212042266152
1974-04-24 00:00:00,0.8572553150613819
1974-04-25 00:00:00,0.858087608171311
1974-04-26 00:00:00,0.8574452824151281
1974-04-29 00:00:00,0.8546933970547276
1974-04-30 00:00:00,0.8552067059430964
1974-05-01 00:00:00,0.8555153863750264
1974-05-02 00:00:00,0.8563515978541648
1974-05-03 00:00:00,0.8568672280487047
1974-05-06 00:00:00,0.8542726269640608
1974-05-07 00:00:00,0.8553716751683172
1974-05-08 00:00:00,0.8527765209988497
1974-05-09 00:00:00,0.8527765209988497
1974-05-10 00:00:00,0.8502823094867952
1974-05-13 00:00:00,0.8386318140833028
1974-05-14 00:00:00,0.8386318140833028
1974-05-15 00:00:00,0.8386318140833028
1974-05-16 00:00:00,0.8381488608905703
1974-05-17 00:00:00,0.8382732093847304
1974-05-20 00:00:00,0.842327779087829
1974-05-21 00:00:00,0.8402782037434751
1974-05-22 00:00:00,0.8383623892616353
1974-05-23 00:00:00,0.8379436065249671
1974-05-24 00:00:00,0.8408492677362697
1974-05-28 00:00:00,0.8428067905848513
1974-05-29 00:00:00,0.8465234688920842
1974-05-30 00:00:00,0.8456230316076374
1974-05-31 00:00:00,0.8456230316076374
1974-06-03 00:00:00,0.8462194968340899
1974-06-04 00:00:00,0.8462194968340899
1974-06-05 00:00:00,0.8462194968340899
1974-06-06 00:00:00,0.8462194968340899
1974-06-07 00:00:00,0.8462194968340899
1974-06-10 00:00:00,0.8462194968340899
1974-06-11 00:00:00,0.8462194968340899
1974-06-12 00:00:00,0.8462194968340899
1974-06-13 00:00:00,0.8462194968340899
1974-06-14 00:00:00,0.8464349014024656
1974-06-17 00:00:00,0.8464349014024656
1974-06-18 00:00:00,0.8464349014024656
1974-06-19 00:00:00,0.8464349014024656
1974-06-20 00:00:00,0.8464349014024656
1974-06-21 00:00:00,0.8464349014024656
1974-06-24 00:00:00,0.8464349014024656
1974-06-25 00:00:00,0.8464349014024656
1974-06-26 00:00:00,0.846386912927359
1974-06-27 00:00:00,0.847260499930851
1974-06-28 00:00:00,0.8471637778699511
1974-07-01 00:00:00,0.8471637778699511
1974-07-02 00:00:00,0.8471637778699511
1974-07-03 00:00:00,0.8471637778699511
1974-07-05 00:00:00,0.8471637778699511
1974-07-08 00:00:00,0.8471637778699511
1974-07-09 00:00:00,0.8471637778699511
1974-07-10 00:00:00,0.8471637778699511
1974-07-11 00:00:00,0.8471637778699511
1974-07-12 00:00:00,0.8471637778699511
1974-07-15 00:00:00,0.8471637778699511
1974-07-16 00:00:00,0.8471637778699511
1974-07-17 00:00:00,0.8454423726849473
1974-07-18 00:00:00,0.8454423726849473
1974-07-19 00:00:00,0.8455362995355582
1974-07-22 00:00:00,0.8455362995355582
1974-07-23 00:00:00,0.8455362995355582
1974-07-24 00:00:00,0.8426049837097672
1974-07-25 00:00:00,0.8466384246690368
1974-07-26 00:00:00,0.8470253389120622
1974-07-29 00:00:00,0.8470253389120622
1974-07-30 00:00:00,0.8470253389120622
1974-07-31 00:00:00,0.8470253389120622
1974-08-01 00:00:00,0.8470253389120622
1974-08-02 00:00:00,0.8470253389120622
1974-08-05 00:00:00,0.8470253389120622
1974-08-06 00:00:00,0.8470253389120622
1974-08-07 00:00:00,0.8470253389120622
1974-08-08 00:00:00,0.8470253389120622
1974-08-09 00:00:00,0.8470253389120622
1974-08-12 00:00:00,0.8470253389120622
1974-08-13 00:00:00,0.8470253389120622
1974-08-14 00:00:00,0.8470253389120622
1974-08-15 00:00:00,0.8462291598782907
1974-08-16 00:00:00,0.8462291598782907
1974-08-19 00:00:00,0.8462291598782907
1974-08-20 00:00:00,0.8462291598782907
1974-08-21 00:00:00,0.8445273063162743
1974-08-22 00:00:00,0.8441887668301805
1974-08-23 00:00:00,0.8453195999025457
1974-08-26 00:00:00,0.8466855818358316
1974-08-27 00:00:00,0.8434996174398293
1974-08-28 00:00:00,0.8434996174398293
1974-08-29 00:00:00,0.8425819260241796
1974-08-30 00:00:00,0.8421247260716086
1974-09-03 00:00:00,0.8421247260716086
1974-09-04 00:00:00,0.8421247260716086
1974-09-05 00:00:00,0.840394777411477
1974-09-06 00:00:00,0.8412009740968031
1974-09-09 00:00:00,0.8417698812230548
1974-09-10 00:00:00,0.8434996174398293
1974-09-11 00:00:00,0.8414283332677651
1974-09-12 00:00:00,0.8428109367000932
1974-09-13 00:00:00,0.8424675234532792
1974-09-16 00:00:00,0.8428109367000932
1974-09-17 00:00:00,0.8443062180797744
1974-09-18 00:00:00,0.8454527012539759
1974-09-19 00:00:00,0.8454527012539759
1974-09-20 00:00:00,0.8455156288542325
1974-09-23 00:00:00,0.8455156288542325
1974-09-24 00:00:00,0.8455156288542325
1974-09-25 00:00:00,0.8451552871989654
1974-09-26 00:00:00,0.8451552871989654
1974-09-27 00:00:00,0.8441791074309025
1974-09-30 00:00:00,0.8441791074309025
1974-10-01 00:00:00,0.8426906242067292
1974-10-02 00:00:00,0.8444066739748235
1974-10-03 00:00:00,0.842919874682339
1974-10-04 00:00:00,0.8396932854005454
1974-10-07 00:00:00,0.8402433040186004
1974-10-08 00:00:00,0.8407919806701935
1974-10-09 00:00:00,0.8364028489300397
1974-10-10 00:00:00,0.8387097019296019
1974-10-11 00:00:00,0.839551440765494
1974-10-15 00:00:00,0.8382082085159454
1974-10-16 00:00:00,0.8349654586699476
1974-10-17 00:00:00,0.8349654586699476
1974-10-18 00:00:00,0.83274948151751
1974-10-21 00:00:00,0.8331938923617204
1974-10-22 00:00:00,0.8283128596752689
1974-10-23 00:00:00,0.8212249692686984
1974-10-24 00:00:00,0.8212249692686984
1974-10-25 00:00:00,0.8209472369638372
1974-10-28 00:00:00,0.8211305755940698
1974-10-29 00:00:00,0.8210833787567555
1974-10-30 00:00:00,0.8273539567726588
1974-10-31 00:00:00,0.826625375666593
1974-11-01 00:00:00,0.8228101030746213
1974-11-04 00:00:00,0.8164495842162853
1974-11-06 00:00:00,0.8164495842162853
1974-11-07 00:00:00,0.8076859243903866
1974-11-08 00:00:00,0.8076859243903866
1974-11-12 00:00:00,0.8168112163874769
1974-11-13 00:00:00,0.810334064820783
1974-11-14 00:00:00,0.7901864378166444
1974-11-15 00:00:00,0.7901864378166444
1974-11-18 00:00:00,0.7901864378166444
1974-11-19 00:00:00,0.7901864378166444
1974-11-20 00:00:00,0.7901864378166444
1974-11-21 00:00:00,0.7936393023705743
1974-11-22 00:00:00,0.7885838992199024
1974-11-25 00:00:00,0.7852148728660312
1974-11-26 00:00:00,0.7834709505884021
1974-11-27 00:00:00,0.7849476409490993
1974-11-29 00:00:00,0.7868116610633867
1974-12-02 00:00:00,0.7888813132394937
1974-12-03 00:00:00,0.7873873756767586
1974-12-04 00:00:00,0.784507705018259
1974-12-05 00:00:00,0.7825687990681194
1974-12-06 00:00:00,0.7836495937473574
1974-12-09 00:00:00,0.781802510892275
1974-12-10 00:00:00,0.781802510892275
1974-12-11 00:00:00,0.781802510892275
1974-12-12 00:00:00,0.781802510892275
1974-12-13 00:00:00,0.781802510892275
1974-12-16 00:00:00,0.7807251515285744
1974-12-17 00:00:00,0.7770489448851549
1974-12-18 00:00:00,0.7784327419580716
1974-12-19 00:00:00,0.781345913610255
1974-12-20 00:00:00,0.7784123244077236
1974-12-23 00:00:00,0.778634727240051
1974-12-24 00:00:00,0.7765380525582788
1974-12-26 00:00:00,0.7758264479818585
1974-12-27 00:00:00,0.7746621645924859
1974-12-30 00:00:00,0.7753475947593963
1974-12-31 00:00:00,0.7769570659085889
1975-01-02 00:00:00,0.7789458141003576
1975-01-03 00:00:00,0.7759204618681893
1975-01-06 00:00:00,0.7761852320557262
1975-01-07 00:00:00,0.7761750232805522
1975-01-08 00:00:00,0.7792269002528255
1975-01-09 00:00:00,0.778106127222109
1975-01-10 00:00:00,0.7781383419719776
1975-01-13 00:00:00,0.7779441542722536
1975-01-14 00:00:00,0.7790952039542478
1975-01-15 00:00:00,0.7786644446278008
1975-01-16 00:00:00,0.7782387752297658
1975-01-17 00:00:00,0.7779953553326381
1975-01-20 00:00:00,0.775014807909079
1975-01-21 00:00:00,0.7742190934856474
1975-01-22 00:00:00,0.7756426900287267
1975-01-23 00:00:00,0.7734943238099788
1975-01-24 00:00:00,0.7734943238099788
1975-01-27 00:00:00,0.7699130430185761
1975-01-28 00:00:00,0.7732964490007169
1975-01-29 00:00:00,0.7756098396772816
1975-01-30 00:00:00,0.7747117248585839
1975-01-31 00:00:00,0.7748066657477595
1975-02-03 00:00:00,0.7761945195144061
1975-02-04 00:00:00,0.7777205425861531
1975-02-05 00:00:00,0.777320730701379
1975-02-06 00:00:00,0.7765954624403214
1975-02-07 00:00:00,0.7761950394860434
1975-02-10 00:00:00,0.7751854415214205
1975-02-11 00:00:00,0.775359216787338
1975-02-13 00:00:00,0.773386449503527
1975-02-14 00:00:00,0.7731265780273227
1975-02-18 00:00:00,0.7730831070170125
1975-02-19 00:00:00,0.7738272779073627
1975-02-20 00:00:00,0.7721043896264153
1975-02-21 00:00:00,0.7719890598943975
1975-02-24 00:00:00,0.7708715267003764
1975-02-25 00:00:00,0.7705059128591972
1975-02-26 00:00:00,0.7694274777270653
1975-02-27 00:00:00,0.7686701123216789
1975-02-28 00:00:00,0.7691640906879298
1975-03-03 00:00:00,0.7690815950928547
1975-03-04 00:00:00,0.7715371745138806
1975-03-05 00:00:00,0.7711690259390127
1975-03-06 00:00:00,0.7715205784667342
1975-03-07 00:00:00,0.7733670293109284
1975-03-10 00:00:00,0.7731835626592536
1975-03-11 00:00:00,0.7731401798570272
1975-03-12 00:00:00,0.774055907065073
1975-03-13 00:00:00,0.7742579143758435
1975-03-14 00:00:00,0.7742579143758435
1975-03-17 00:00:00,0.7742579143758435
1975-03-18 00:00:00,0.7742579143758435
1975-03-19 00:00:00,0.7742579143758435
1975-03-20 00:00:00,0.7742579143758435
1975-03-21 00:00:00,0.7742579143758435
1975-03-24 00:00:00,0.7742579143758435
1975-03-25 00:00:00,0.7742579143758435
1975-03-26 00:00:00,0.7742579143758435
1975-03-27 00:00:00,0.7742579143758435
1975-03-28 00:00:00,0.7745501036748423
1975-03-31 00:00:00,0.7746502640281919
1975-04-01 00:00:00,0.7760399018784214
1975-04-02 00:00:00,0.7749977666410234
1975-04-03 00:00:00,0.7745501036748423
1975-04-04 00:00:00,0.7726663538741751
1975-04-07 00:00:00,0.7736074835175755
1975-04-08 00:00:00,0.7738594884666492
1975-04-09 00:00:00,0.7732648889993171
1975-04-10 00:00:00,0.7717193231497234
1975-04-11 00:00:00,0.772221746901184
1975-04-14 00:00:00,0.7715250557297616
1975-04-15 00:00:00,0.7722668679044168
1975-04-16 00:00:00,0.7724701734728072
1975-04-17 00:00:00,0.7723647024070978
1975-04-18 00:00:00,0.772221746901184
1975-04-21 00:00:00,0.772221746901184
1975-04-22 00:00:00,0.7727192396696831
1975-04-23 00:00:00,0.7739053776850516
1975-04-24 00:00:00,0.7737601359180883
1975-04-25 00:00:00,0.7723195357161606
1975-04-28 00:00:00,0.7724174235616424
1975-04-29 00:00:00,0.77316614170166
1975-04-30 00:00:00,0.7731130116494027
1975-05-01 00:00:00,0.77316614170166
1975-05-02 00:00:00,0.7730144186534257
1975-05-05 00:00:00,0.7737601359180883
1975-05-06 00:00:00,0.7740584979670544
1975-05-07 00:00:00,0.77534650586906
1975-05-08 00:00:00,0.7771769441286394
1975-05-09 00:00:00,0.7771769441286394
1975-05-12 00:00:00,0.7771961180123567
1975-05-13 00:00:00,0.7771961180123567
1975-05-14 00:00:00,0.7773386964618337
1975-05-15 00:00:00,0.7798133974041941
1975-05-16 00:00:00,0.7799466425615332
1975-05-19 00:00:00,0.7799466425615332
1975-05-20 00:00:00,0.7799466425615332
1975-05-21 00:00:00,0.7799466425615332
1975-05-22 00:00:00,0.7799466425615332
1975-05-23 00:00:00,0.7799466425615332
1975-05-27 00:00:00,0.7799466425615332
1975-05-28 00:00:00,0.7799466425615332
1975-05-29 00:00:00,0.7799466425615332
1975-05-30 00:00:00,0.7799466425615332
1975-06-02 00:00:00,0.7799466425615332
1975-06-03 00:00:00,0.7799466425615332
1975-06-04 00:00:00,0.7799466425615332
1975-06-05 00:00:00,0.7799466425615332
1975-06-06 00:00:00,0.7799466425615332
1975-06-09 00:00:00,0.7799466425615332
1975-06-10 00:00:00,0.7799466425615332
1975-06-11 00:00:00,0.7799466425615332
1975-06-12 00:00:00,0.7799466425615332
1975-06-13 00:00:00,0.7799466425615332
1975-06-16 00:00:00,0.7799466425615332
1975-06-17 00:00:00,0.7799466425615332
1975-06-18 00:00:00,0.7799466425615332
1975-06-19 00:00:00,0.7799466425615332
1975-06-20 00:00:00,0.7799466425615332
1975-06-23 00:00:00,0.7799466425615332
1975-06-24 00:00:00,0.7799466425615332
1975-06-25 00:00:00,0.7799466425615332
1975-06-26 00:00:00,0.7799466425615332
1975-06-27 00:00:00,0.7799466425615332
1975-06-30 00:00:00,0.7799466425615332
1975-07-01 00:00:00,0.7799466425615332
1975-07-02 00:00:00,0.7799466425615332
1975-07-03 00:00:00,0.7795229770743122
1975-07-07 00:00:00,0.7795229770743122
1975-07-08 00:00:00,0.7808147176354755
1975-07-09 00:00:00,0.7804710444506591
1975-07-10 00:00:00,0.7782410879197632
1975-07-11 00:00:00,0.7772925467681555
1975-07-14 00:00:00,0.7766846804772761
1975-07-15 00:00:00,0.7757449232704217
1975-07-16 00:00:00,0.7738431402018346
1975-07-17 00:00:00,0.7715112142649353
1975-07-18 00:00:00,0.7715112142649353
1975-07-21 00:00:00,0.7715112142649353
1975-07-22 00:00:00,0.7715112142649353
1975-07-23 00:00:00,0.7632978154927458
1975-07-24 00:00:00,0.7632978154927458
1975-07-25 00:00:00,0.7663670701435433
1975-07-28 00:00:00,0.7596274730042488
1975-07-29 00:00:00,0.7596274730042488
1975-07-30 00:00:00,0.7567606360542938
1975-07-31 00:00:00,0.7583881386272905
1975-08-01 00:00:00,0.7579946525827148
1975-08-04 00:00:00,0.7614657375517274
1975-08-05 00:00:00,0.7671781586886496
1975-08-06 00:00:00,0.7635123828072046
1975-08-07 00:00:00,0.7590072999086873
1975-08-08 00:00:00,0.7608425604731566
1975-08-11 00:00:00,0.7608425604731566
1975-08-12 00:00:00,0.7604465240422145
1975-08-13 00:00:00,0.7624876867968757
1975-08-14 00:00:00,0.7694293021834097
1975-08-15 00:00:00,0.7663732655365482
1975-08-18 00:00:00,0.7678117617929049
1975-08-19 00:00:00,0.7686196809710408
1975-08-20 00:00:00,0.7651404627825147
1975-08-21 00:00:00,0.7655414047475165
1975-08-22 00:00:00,0.7639116198789645
1975-08-25 00:00:00,0.7618628365730238
1975-08-26 00:00:00,0.7633129207180219
1975-08-27 00:00:00,0.7641113950251951
1975-08-28 00:00:00,0.7626867177775066
1975-08-29 00:00:00,0.7618628365730238
1975-09-02 00:00:00,0.7620899363081972
1975-09-03 00:00:00,0.7649401492497344
1975-09-04 00:00:00,0.7624876867968757
1975-09-05 00:00:00,0.7620899363081972
1975-09-08 00:00:00,0.7622887596675263
1975-09-09 00:00:00,0.7622887596675263
1975-09-10 00:00:00,0.761069052267597
1975-09-11 00:00:00,0.7596274730042488
1975-09-12 00:00:00,0.7579946525827148
1975-09-15 00:00:00,0.7579946525827148
1975-09-16 00:00:00,0.7534652138194687
1975-09-17 00:00:00,0.7534652138194687
1975-09-18 00:00:00,0.7534652138194687
1975-09-19 00:00:00,0.7535880618570442
1975-09-22 00:00:00,0.7529702567126559
1975-09-23 00:00:00,0.7530923053900961
1975-09-24 00:00:00,0.7532590527630844
1975-09-25 00:00:00,0.7532980132870889
1975-09-26 00:00:00,0.7522256040810936
1975-09-29 00:00:00,0.7518096048722883
1975-09-30 00:00:00,0.7522640356521377
1975-10-01 00:00:00,0.754087071942867
1975-10-02 00:00:00,0.7545384235547274
1975-10-03 00:00:00,0.7534652138194687
1975-10-06 00:00:00,0.7542503789125409
1975-10-07 00:00:00,0.7549526184472115
1975-10-08 00:00:00,0.7547422232253027
1975-10-09 00:00:00,0.7547422232253027
1975-10-10 00:00:00,0.7547422232253027
1975-10-14 00:00:00,0.7584117312176897
1975-10-15 00:00:00,0.7549047952559453
1975-10-16 00:00:00,0.7549047952559453
1975-10-17 00:00:00,0.7564560185206114
1975-10-20 00:00:00,0.7550177197590021
1975-10-21 00:00:00,0.7525709972355825
1975-10-22 00:00:00,0.7495307603581502
1975-10-23 00:00:00,0.7515070899589456
1975-10-24 00:00:00,0.7508589180494444
1975-10-27 00:00:00,0.7519954107614082
1975-10-28 00:00:00,0.7545577125914599
1975-10-29 00:00:00,0.7525115478129599
1975-10-30 00:00:00,0.7496752518459204
1975-10-31 00:00:00,0.7484451510825723
1975-11-03 00:00:00,0.7477692248255265
1975-11-05 00:00:00,0.7477692248255265
1975-11-06 00:00:00,0.7477692248255265
1975-11-07 00:00:00,0.7477692248255265
1975-11-10 00:00:00,0.7477692248255265
1975-11-12 00:00:00,0.7477692248255265
1975-11-13 00:00:00,0.7477692248255265
1975-11-14 00:00:00,0.7477692248255265
1975-11-17 00:00:00,0.7477692248255265
1975-11-18 00:00:00,0.7485771344742588
1975-11-19 00:00:00,0.7485771344742588
1975-11-20 00:00:00,0.7491376836819934
1975-11-21 00:00:00,0.7491376836819934
1975-11-24 00:00:00,0.7491376836819934
1975-11-25 00:00:00,0.7491376836819934
1975-11-26 00:00:00,0.7491376836819934
1975-11-28 00:00:00,0.7491376836819934
1975-12-01 00:00:00,0.7491376836819934
1975-12-02 00:00:00,0.7491376836819934
1975-12-03 00:00:00,0.7491376836819934
1975-12-04 00:00:00,0.7491376836819934
1975-12-05 00:00:00,0.7491376836819934
1975-12-08 00:00:00,0.7491376836819934
1975-12-09 00:00:00,0.7491376836819934
1975-12-10 00:00:00,0.7490455394690674
1975-12-11 00:00:00,0.7494723345922796
1975-12-12 00:00:00,0.749606965905192
1975-12-15 00:00:00,0.7495905837580187
1975-12-16 00:00:00,0.7490557729461261
1975-12-17 00:00:00,0.7483560792913414
1975-12-18 00:00:00,0.7480458454586042
1975-12-19 00:00:00,0.7481057051022262
1975-12-22 00:00:00,0.7478604755493123
1975-12-23 00:00:00,0.7473196356202951
1975-12-24 00:00:00,0.7479803168699104
1975-12-26 00:00:00,0.7479639347227369
1975-12-29 00:00:00,0.747642178417388
1975-12-30 00:00:00,0.7476257962702145
1975-12-31 00:00:00,0.7474564823904617
1976-01-02 00:00:00,0.747068013597377
1976-01-05 00:00:00,0.7440509665957449
1976-01-06 00:00:00,0.7444033315644648
1976-01-07 00:00:00,0.744921637121068
1976-01-08 00:00:00,0.7451274590238658
1976-01-09 00:00:00,0.7457866934517237
1976-01-12 00:00:00,0.7456155314709902
1976-01-13 00:00:00,0.7457539291573768
1976-01-14 00:00:00,0.745061930435172
1976-01-15 00:00:00,0.7451232389894296
1976-01-16 00:00:00,0.745029166140825
1976-01-19 00:00:00,0.745157033455737
1976-01-20 00:00:00,0.7453733654455148
1976-01-21 00:00:00,0.7460308389361971
1976-01-22 00:00:00,0.745340601151168
1976-01-23 00:00:00,0.7453906398375939
1976-01-26 00:00:00,0.7451527358231238
1976-01-27 00:00:00,0.7451363536759503
1976-01-28 00:00:00,0.7451199715287768
1976-01-29 00:00:00,0.7450259762783494
1976-01-30 00:00:00,0.745009594131176
1976-02-02 00:00:00,0.7411724956706195
1976-02-03 00:00:00,0.743628601618237
1976-02-04 00:00:00,0.7438359354597126
1976-02-05 00:00:00,0.7438977723674666
1976-02-06 00:00:00,0.7441046406818074
1976-02-09 00:00:00,0.7419873343268848
1976-02-10 00:00:00,0.7418237640964437
1976-02-11 00:00:00,0.7392428240531951
1976-02-13 00:00:00,0.7392428240531951
1976-02-17 00:00:00,0.7452361472724254
1976-02-18 00:00:00,0.7429346489785318
1976-02-19 00:00:00,0.7408211576941665
1976-02-20 00:00:00,0.7428496785389854
1976-02-23 00:00:00,0.7414853946351075
1976-02-24 00:00:00,0.7404917319525658
1976-02-25 00:00:00,0.7419757026085009
1976-02-26 00:00:00,0.7426797376598927
1976-02-27 00:00:00,0.7439543169988327
1976-03-01 00:00:00,0.750146161192288
1976-03-02 00:00:00,0.7487562764430916
1976-03-03 00:00:00,0.7487562764430916
1976-03-04 00:00:00,0.7487562764430916
1976-03-05 00:00:00,0.7487562764430916
1976-03-08 00:00:00,0.7487562764430916
1976-03-09 00:00:00,0.7487562764430916
1976-03-10 00:00:00,0.7487562764430916
1976-03-11 00:00:00,0.7487562764430916
1976-03-12 00:00:00,0.7487562764430916
1976-03-15 00:00:00,0.7487562764430916
1976-03-16 00:00:00,0.7487562764430916
1976-03-17 00:00:00,0.7487562764430916
1976-03-18 00:00:00,0.7487562764430916
1976-03-19 00:00:00,0.7494810481879324
1976-03-22 00:00:00,0.7509689093018915
1976-03-23 00:00:00,0.7579399243022833
1976-03-24 00:00:00,0.7556122492457734
1976-03-25 00:00:00,0.7529199801303166
1976-03-26 00:00:00,0.7534316475699531
1976-03-29 00:00:00,0.7537676706872812
1976-03-30 00:00:00,0.7499460550549921
1976-03-31 00:00:00,0.7500796226617323
1976-04-01 00:00:00,0.7462046189292363
1976-04-02 00:00:00,0.7462046189292363
1976-04-05 00:00:00,0.7458779901111308
1976-04-06 00:00:00,0.7449622462396871
1976-04-07 00:00:00,0.7468272587329894
1976-04-08 00:00:00,0.7431453973740835
1976-04-09 00:00:00,0.7448633228853959
1976-04-12 00:00:00,0.7454191627422949
1976-04-13 00:00:00,0.7437754141729135
1976-04-14 00:00:00,0.7414124924094557
1976-04-15 00:00:00,0.7424097555114069
1976-04-16 00:00:00,0.7445623989117364
1976-04-19 00:00:00,0.7426407477341858
1976-04-20 00:00:00,0.7417160320043661
1976-04-21 00:00:00,0.7435775674643312
1976-04-22 00:00:00,0.7428156528597797
1976-04-23 00:00:00,0.7427826784083493
1976-04-26 00:00:00,0.7421789343513941
1976-04-27 00:00:00,0.7428763427849344
1976-04-28 00:00:00,0.7413807496082119
1976-04-29 00:00:00,0.739301441527079
1976-04-30 00:00:00,0.7397065403847298
1976-05-03 00:00:00,0.7364442399417326
1976-05-04 00:00:00,0.7364442399417326
1976-05-05 00:00:00,0.7342144281537247
1976-05-06 00:00:00,0.7269476523592288
1976-05-07 00:00:00,0.7269476523592288
1976-05-10 00:00:00,0.728515978497555
1976-05-11 00:00:00,0.7277724866937294
1976-05-12 00:00:00,0.732238823520957
1976-05-13 00:00:00,0.7312709289741294
1976-05-14 00:00:00,0.7333960021130259
1976-05-17 00:00:00,0.7394944415078116
1976-05-18 00:00:00,0.7385454094976208
1976-05-19 00:00:00,0.732203312986562
1976-05-20 00:00:00,0.7280064485847382
1976-05-21 00:00:00,0.7313967785532158
1976-05-24 00:00:00,0.7248708188864466
1976-05-25 00:00:00,0.7253591198565543
1976-05-26 00:00:00,0.7231222645234331
1976-05-27 00:00:00,0.7231222645234331
1976-05-28 00:00:00,0.7220010123847559
1976-06-01 00:00:00,0.7139847622944218
1976-06-02 00:00:00,0.7139847622944218
1976-06-03 00:00:00,0.7139847622944218
1976-06-04 00:00:00,0.7139847622944218
1976-06-07 00:00:00,0.7144186104031333
1976-06-08 00:00:00,0.7195612113311486
1976-06-09 00:00:00,0.7196808097335892
1976-06-10 00:00:00,0.7196808097335892
1976-06-11 00:00:00,0.7196808097335892
1976-06-14 00:00:00,0.7196808097335892
1976-06-15 00:00:00,0.7196808097335892
1976-06-16 00:00:00,0.7196808097335892
1976-06-17 00:00:00,0.7196808097335892
1976-06-18 00:00:00,0.7196808097335892
1976-06-21 00:00:00,0.7196808097335892
1976-06-22 00:00:00,0.7196808097335892
1976-06-23 00:00:00,0.7196808097335892
1976-06-24 00:00:00,0.7196808097335892
1976-06-25 00:00:00,0.7196808097335892
1976-06-28 00:00:00,0.7196808097335892
1976-06-29 00:00:00,0.7196808097335892
1976-06-30 00:00:00,0.7196808097335892
1976-07-01 00:00:00,0.7196808097335892
1976-07-02 00:00:00,0.7196808097335892
1976-07-06 00:00:00,0.7196808097335892
1976-07-07 00:00:00,0.7196808097335892
1976-07-08 00:00:00,0.7196808097335892
1976-07-09 00:00:00,0.7196808097335892
1976-07-12 00:00:00,0.7196808097335892
1976-07-13 00:00:00,0.7196808097335892
1976-07-14 00:00:00,0.7196808097335892
1976-07-15 00:00:00,0.7196808097335892
1976-07-16 00:00:00,0.7196808097335892
1976-07-19 00:00:00,0.7196808097335892
1976-07-20 00:00:00,0.7196808097335892
1976-07-21 00:00:00,0.7196808097335892
1976-07-22 00:00:00,0.7196808097335892
1976-07-23 00:00:00,0.7191660426323743
1976-07-26 00:00:00,0.7198741860321068
1976-07-27 00:00:00,0.7203907619293795
1976-07-28 00:00:00,0.7257627688753282
1976-07-29 00:00:00,0.7234133054009618
1976-07-30 00:00:00,0.7234133054009618
1976-08-02 00:00:00,0.7234133054009618
1976-08-03 00:00:00,0.7234133054009618
1976-08-04 00:00:00,0.7234133054009618
1976-08-05 00:00:00,0.7234133054009618
1976-08-06 00:00:00,0.7234133054009618
1976-08-09 00:00:00,0.7234133054009618
1976-08-10 00:00:00,0.7234133054009618
1976-08-11 00:00:00,0.7234133054009618
1976-08-12 00:00:00,0.7234133054009618
1976-08-13 00:00:00,0.7234133054009618
1976-08-16 00:00:00,0.7234133054009618
1976-08-17 00:00:00,0.7234133054009618
1976-08-18 00:00:00,0.7234133054009618
1976-08-19 00:00:00,0.7234133054009618
1976-08-20 00:00:00,0.7234133054009618
1976-08-23 00:00:00,0.7234133054009618
1976-08-24 00:00:00,0.7234133054009618
1976-08-25 00:00:00,0.7234133054009618
1976-08-26 00:00:00,0.7234133054009618
1976-08-27 00:00:00,0.7234133054009618
1976-08-30 00:00:00,0.7234133054009618
1976-08-31 00:00:00,0.7234133054009618
1976-09-01 00:00:00,0.7234133054009618
1976-09-02 00:00:00,0.7234133054009618
1976-09-03 00:00:00,0.7234133054009618
1976-09-07 00:00:00,0.7234133054009618
1976-09-08 00:00:00,0.7234133054009618
1976-09-09 00:00:00,0.7234133054009618
1976-09-10 00:00:00,0.7234133054009618
1976-09-13 00:00:00,0.7234133054009618
1976-09-14 00:00:00,0.7234133054009618
1976-09-15 00:00:00,0.7234133054009618
1976-09-16 00:00:00,0.7234133054009618
1976-09-17 00:00:00,0.7230224919901566
1976-09-20 00:00:00,0.7238830483714485
1976-09-21 00:00:00,0.7227235788030554
1976-09-22 00:00:00,0.7227235788030554
1976-09-23 00:00:00,0.7227235788030554
1976-09-24 00:00:00,0.7227235788030554
1976-09-27 00:00:00,0.7227235788030554
1976-09-28 00:00:00,0.7227235788030554
1976-09-29 00:00:00,0.720359401897524
1976-09-30 00:00:00,0.7161866890259827
1976-10-01 00:00:00,0.7161866890259827
1976-10-04 00:00:00,0.7187650851590268
1976-10-05 00:00:00,0.7175038541864175
1976-10-06 00:00:00,0.7148341556515505
1976-10-07 00:00:00,0.7154958274753942
1976-10-08 00:00:00,0.7158055671543694
1976-10-12 00:00:00,0.7154135071663108
1976-10-13 00:00:00,0.7130448516241964
1976-10-14 00:00:00,0.7130448516241964
1976-10-15 00:00:00,0.7154452092623982
1976-10-18 00:00:00,0.7166186399761486
1976-10-19 00:00:00,0.7137957423317046
1976-10-20 00:00:00,0.7120049567913044
1976-10-21 00:00:00,0.7138882921026707
1976-10-22 00:00:00,0.7136728035641832
1976-10-25 00:00:00,0.710475970110242
1976-10-26 00:00:00,0.7118410384346092
1976-10-27 00:00:00,0.7100710112341747
1976-10-28 00:00:00,0.7077242638801052
1976-10-29 00:00:00,0.7077242638801052
1976-11-01 00:00:00,0.7095692302240008
1976-11-03 00:00:00,0.7088334913012779
1976-11-04 00:00:00,0.7107009615090331
1976-11-05 00:00:00,0.7106602877007642
1976-11-08 00:00:00,0.709580087639985
1976-11-09 00:00:00,0.710232771798878
1976-11-10 00:00:00,0.7091515493365695
1976-11-12 00:00:00,0.7099782124592168
1976-11-15 00:00:00,0.710110750374071
1976-11-16 00:00:00,0.710243203214405
1976-11-17 00:00:00,0.711584487418809
1976-11-18 00:00:00,0.7106807257228707
1976-11-19 00:00:00,0.711158158621079
1976-11-22 00:00:00,0.7056098356724355
1976-11-23 00:00:00,0.7074630328669262
1976-11-24 00:00:00,0.7108635196810326
1976-11-26 00:00:00,0.7090920019407574
1976-11-29 00:00:00,0.7095714743765271
1976-11-30 00:00:00,0.7103960090649879
1976-12-01 00:00:00,0.7125949723194379
1976-12-02 00:00:00,0.7128567991830747
1976-12-03 00:00:00,0.7128567991830747
1976-12-06 00:00:00,0.7140502605398455
1976-12-07 00:00:00,0.7140502605398455
1976-12-08 00:00:00,0.7140502605398455
1976-12-09 00:00:00,0.7144556393358652
1976-12-10 00:00:00,0.7144556393358652
1976-12-13 00:00:00,0.7144556393358652
1976-12-14 00:00:00,0.7144556393358652
1976-12-15 00:00:00,0.7144556393358652
1976-12-16 00:00:00,0.7144556393358652
1976-12-17 00:00:00,0.7144556393358652
1976-12-20 00:00:00,0.7144556393358652
1976-12-21 00:00:00,0.7144556393358652
1976-12-22 00:00:00,0.7144556393358652
1976-12-23 00:00:00,0.7154257233462106
1976-12-24 00:00:00,0.7154257233462106
1976-12-27 00:00:00,0.7154257233462106
1976-12-28 00:00:00,0.7154257233462106
1976-12-29 00:00:00,0.7154257233462106
1976-12-30 00:00:00,0.7154257233462106
1976-12-31 00:00:00,0.7154257233462106
1977-01-03 00:00:00,0.7154257233462106
1977-01-04 00:00:00,0.7154257233462106
1977-01-05 00:00:00,0.7154257233462106
1977-01-06 00:00:00,0.7154257233462106
1977-01-07 00:00:00,0.7154257233462106
1977-01-10 00:00:00,0.7097645693377205
1977-01-11 00:00:00,0.7097645693377205
1977-01-12 00:00:00,0.7097645693377205
1977-01-13 00:00:00,0.706382920697463
1977-01-14 00:00:00,0.706382920697463
1977-01-17 00:00:00,0.706382920697463
1977-01-18 00:00:00,0.706382920697463
1977-01-19 00:00:00,0.706382920697463
1977-01-20 00:00:00,0.706382920697463
1977-01-21 00:00:00,0.706382920697463
1977-01-24 00:00:00,0.7017435025893353
1977-01-25 00:00:00,0.7017435025893353
1977-01-26 00:00:00,0.7017435025893353
1977-01-27 00:00:00,0.6964006937772492
1977-01-28 00:00:00,0.6964006937772492
1977-01-31 00:00:00,0.7025414013272142
1977-02-01 00:00:00,0.7000833025113901
1977-02-02 00:00:00,0.7002503536076345
1977-02-03 00:00:00,0.6995548327955491
1977-02-04 00:00:00,0.6988606922589391
1977-02-07 00:00:00,0.7009751638784971
1977-02-08 00:00:00,0.6991937077180627
1977-02-09 00:00:00,0.7002503536076345
1977-02-10 00:00:00,0.6995548327955491
1977-02-11 00:00:00,0.6999163310992554
1977-02-14 00:00:00,0.7032428764862996
1977-02-15 00:00:00,0.7000833025113901
1977-02-16 00:00:00,0.7000833025113901
1977-02-17 00:00:00,0.7007798750881148
1977-02-18 00:00:00,0.7015057825284451
1977-02-22 00:00:00,0.6978082329276729
1977-02-23 00:00:00,0.6960428169926857
1977-02-24 00:00:00,0.6914320233641809
1977-02-25 00:00:00,0.6914320233641809
1977-02-28 00:00:00,0.6895796454596724
1977-03-01 00:00:00,0.6898793042564229
1977-03-02 00:00:00,0.6897846269884399
1977-03-03 00:00:00,0.6899898173296412
1977-03-04 00:00:00,0.6908126732132605
1977-03-07 00:00:00,0.6901952168025113
1977-03-08 00:00:00,0.6892646962682774
1977-03-09 00:00:00,0.688448129548927
1977-03-10 00:00:00,0.6890602433725257
1977-03-11 00:00:00,0.6890602433725257
1977-03-14 00:00:00,0.6894693571690097
1977-03-15 00:00:00,0.6890602433725257
1977-03-16 00:00:00,0.6891703075657442
1977-03-17 00:00:00,0.6900845910802252
1977-03-18 00:00:00,0.6906066444234549
1977-03-21 00:00:00,0.6908126732132605
1977-03-22 00:00:00,0.6928685684453867
1977-03-23 00:00:00,0.6918300427797391
1977-03-24 00:00:00,0.6898793042564229
1977-03-25 00:00:00,0.6909078343728502
1977-03-28 00:00:00,0.6915274766415292
1977-03-29 00:00:00,0.6911141708012047
1977-03-30 00:00:00,0.691320718116274
1977-03-31 00:00:00,0.691320718116274
1977-04-01 00:00:00,0.6912253623607867
1977-04-04 00:00:00,0.6918300427797391
1977-04-05 00:00:00,0.6916388957522122
1977-04-06 00:00:00,0.6922448147338598
1977-04-07 00:00:00,0.6927472186938937
1977-04-08 00:00:00,0.6927472186938937
1977-04-11 00:00:00,0.692724578485075
1977-04-12 00:00:00,0.692724578485075
1977-04-13 00:00:00,0.692724578485075
1977-04-14 00:00:00,0.6939086030277399
1977-04-15 00:00:00,0.6919348471288551
1977-04-18 00:00:00,0.6916553565927843
1977-04-19 00:00:00,0.6929791300363405
1977-04-20 00:00:00,0.694180488441873
1977-04-21 00:00:00,0.6935387439540338
1977-04-22 00:00:00,0.6935108472109175
1977-04-25 00:00:00,0.6932331296491778
1977-04-26 00:00:00,0.6955205735913996
1977-04-27 00:00:00,0.6933967510578483
1977-04-28 00:00:00,0.6933967510578483
1977-04-29 00:00:00,0.6933967510578483
1977-05-02 00:00:00,0.6933967510578483
1977-05-03 00:00:00,0.6933967510578483
1977-05-04 00:00:00,0.6933967510578483
1977-05-05 00:00:00,0.6933967510578483
1977-05-06 00:00:00,0.6933967510578483
1977-05-09 00:00:00,0.6933967510578483
1977-05-10 00:00:00,0.6933967510578483
1977-05-11 00:00:00,0.6933967510578483
1977-05-12 00:00:00,0.6933967510578483
1977-05-13 00:00:00,0.6933967510578483
1977-05-16 00:00:00,0.6933967510578483
1977-05-17 00:00:00,0.6933967510578483
1977-05-18 00:00:00,0.6933967510578483
1977-05-19 00:00:00,0.6933967510578483
1977-05-20 00:00:00,0.6933967510578483
1977-05-23 00:00:00,0.6933967510578483
1977-05-24 00:00:00,0.6933967510578483
1977-05-25 00:00:00,0.6933967510578483
1977-05-26 00:00:00,0.6933967510578483
1977-05-27 00:00:00,0.6942141409204164
1977-05-31 00:00:00,0.6934001017552217
1977-06-01 00:00:00,0.692056821612011
1977-06-02 00:00:00,0.6900945219871478
1977-06-03 00:00:00,0.6884749606137769
1977-06-06 00:00:00,0.6884749606137769
1977-06-07 00:00:00,0.6910022697445003
1977-06-08 00:00:00,0.6905224531269135
1977-06-09 00:00:00,0.6897110882781389
1977-06-10 00:00:00,0.6902780789279023
1977-06-13 00:00:00,0.6901558619886695
1977-06-14 00:00:00,0.6899509359212895
1977-06-15 00:00:00,0.6897459301854433
1977-06-16 00:00:00,0.6890438119841907
1977-06-17 00:00:00,0.6892252366457486
1977-06-20 00:00:00,0.691168224802998
1977-06-21 00:00:00,0.692662756048857
1977-06-22 00:00:00,0.6909792478459453
1977-06-23 00:00:00,0.6901698000833902
1977-06-24 00:00:00,0.6902403213065953
1977-06-27 00:00:00,0.6882137366410964
1977-06-28 00:00:00,0.6875092702007976
1977-06-29 00:00:00,0.6815310195685537
1977-06-30 00:00:00,0.6815310195685537
1977-07-01 00:00:00,0.6797643865282075
1977-07-05 00:00:00,0.6797643865282075
1977-07-06 00:00:00,0.6797643865282075
1977-07-07 00:00:00,0.6797643865282075
1977-07-08 00:00:00,0.6797643865282075
1977-07-11 00:00:00,0.6797643865282075
1977-07-12 00:00:00,0.6797643865282075
1977-07-13 00:00:00,0.6773789795206479
1977-07-15 00:00:00,0.6773789795206479
1977-07-18 00:00:00,0.6736960734264162
1977-07-19 00:00:00,0.6736960734264162
1977-07-20 00:00:00,0.6730113799542852
1977-07-21 00:00:00,0.6744873438169984
1977-07-22 00:00:00,0.6722867283377073
1977-07-25 00:00:00,0.6685635105332746
1977-07-26 00:00:00,0.6685635105332746
1977-07-27 00:00:00,0.6685635105332746
1977-07-28 00:00:00,0.6685635105332746
1977-07-29 00:00:00,0.6685635105332746
1977-08-01 00:00:00,0.6685635105332746
1977-08-02 00:00:00,0.6685635105332746
1977-08-03 00:00:00,0.6685635105332746
1977-08-04 00:00:00,0.6685635105332746
1977-08-05 00:00:00,0.6685635105332746
1977-08-08 00:00:00,0.6685635105332746
1977-08-09 00:00:00,0.6685635105332746
1977-08-10 00:00:00,0.6685635105332746
1977-08-11 00:00:00,0.6685635105332746
1977-08-12 00:00:00,0.6682317792085689
1977-08-15 00:00:00,0.6682317792085689
1977-08-16 00:00:00,0.6674547832373103
1977-08-17 00:00:00,0.6674547832373103
1977-08-18 00:00:00,0.6677570678264029
1977-08-19 00:00:00,0.6677570678264029
1977-08-22 00:00:00,0.6677570678264029
1977-08-23 00:00:00,0.6677570678264029
1977-08-24 00:00:00,0.6677570678264029
1977-08-25 00:00:00,0.6677570678264029
1977-08-26 00:00:00,0.6660462776310967
1977-08-29 00:00:00,0.668522689336609
1977-08-30 00:00:00,0.6677367267157517
1977-08-31 00:00:00,0.6679435322357723
1977-09-01 00:00:00,0.6678825860292934
1977-09-02 00:00:00,0.6678885388035649
1977-09-06 00:00:00,0.6679040434432616
1977-09-07 00:00:00,0.6667481974314232
1977-09-08 00:00:00,0.6666191721129265
1977-09-09 00:00:00,0.6671264725026503
1977-09-12 00:00:00,0.6673054766466822
1977-09-13 00:00:00,0.6672923137158453
1977-09-14 00:00:00,0.66744223998954
1977-09-15 00:00:00,0.6669968637489766
1977-09-16 00:00:00,0.6667332336937517
1977-09-19 00:00:00,0.6664207217884283
1977-09-20 00:00:00,0.6651730099943624
1977-09-21 00:00:00,0.6650522941128679
1977-09-22 00:00:00,0.6645195169700056
1977-09-23 00:00:00,0.6642801346076369
1977-09-26 00:00:00,0.6635064074068391
1977-09-27 00:00:00,0.664911570126018
1977-09-28 00:00:00,0.663529620033862
1977-09-29 00:00:00,0.6625316580083783
1977-09-30 00:00:00,0.6630666311975963
1977-10-03 00:00:00,0.6619546153481183
1977-10-04 00:00:00,0.6618912586562391
1977-10-05 00:00:00,0.6618379252425765
1977-10-06 00:00:00,0.6603210304046968
1977-10-07 00:00:00,0.6603210304046968
1977-10-11 00:00:00,0.659942224843178
1977-10-12 00:00:00,0.659942224843178
1977-10-13 00:00:00,0.6571196582367651
1977-10-14 00:00:00,0.6571196582367651
1977-10-17 00:00:00,0.6571196582367651
1977-10-18 00:00:00,0.6571196582367651
1977-10-19 00:00:00,0.6571196582367651
1977-10-20 00:00:00,0.6579248382909354
1977-10-21 00:00:00,0.6567529540502163
1977-10-24 00:00:00,0.6492432676830231
1977-10-25 00:00:00,0.6492432676830231
1977-10-26 00:00:00,0.6486253921513029
1977-10-27 00:00:00,0.6503555584143728
1977-10-28 00:00:00,0.6493632639095678
1977-10-31 00:00:00,0.6474366709203357
1977-11-01 00:00:00,0.6418852329785798
1977-11-02 00:00:00,0.6418852329785798
1977-11-03 00:00:00,0.6407686862407656
1977-11-04 00:00:00,0.6415699684305375
1977-11-07 00:00:00,0.6418414048450065
1977-11-09 00:00:00,0.6417124543486147
1977-11-10 00:00:00,0.6403408102023056
1977-11-14 00:00:00,0.6395026789311734
1977-11-15 00:00:00,0.6396857335257812
1977-11-16 00:00:00,0.6385977611842939
1977-11-17 00:00:00,0.640062512249072
1977-11-18 00:00:00,0.6390830093532486
1977-11-21 00:00:00,0.6387880368996348
1977-11-22 00:00:00,0.6381521190018173
1977-11-23 00:00:00,0.6376548111667173
1977-11-25 00:00:00,0.6340247183302422
1977-11-28 00:00:00,0.6340247183302422
1977-11-29 00:00:00,0.635270608797682
1977-11-30 00:00:00,0.6357437333386075
1977-12-01 00:00:00,0.6338262691074942
1977-12-02 00:00:00,0.6331936966705677
1977-12-05 00:00:00,0.6316246915592287
1977-12-06 00:00:00,0.6317707168681368
1977-12-07 00:00:00,0.6311850600645152
1977-12-08 00:00:00,0.6318457258696588
1977-12-09 00:00:00,0.6331697131377036
1977-12-12 00:00:00,0.6314069855733633
1977-12-13 00:00:00,0.6293747246665017
1977-12-14 00:00:00,0.6259885569239451
1977-12-15 00:00:00,0.6259885569239451
1977-12-16 00:00:00,0.6248612380351286
1977-12-19 00:00:00,0.6208289376098418
1977-12-20 00:00:00,0.6212988628379439
1977-12-21 00:00:00,0.6195207089577953
1977-12-22 00:00:00,0.6195207089577953
1977-12-23 00:00:00,0.6199898599995002
1977-12-27 00:00:00,0.6204560833440108
1977-12-28 00:00:00,0.6186673836717497
1977-12-29 00:00:00,0.6169395491599418
1977-12-30 00:00:00,0.6154303656096234
1978-01-03 00:00:00,0.6098020827795173
1978-01-04 00:00:00,0.6098020827795173
1978-01-05 00:00:00,0.6442137351764944
1978-01-06 00:00:00,0.6318373160868519
1978-01-09 00:00:00,0.6376786557425566
1978-01-10 00:00:00,0.6349528097775299
1978-01-11 00:00:00,0.6254958807260486
1978-01-12 00:00:00,0.6293369037591275
1978-01-13 00:00:00,0.6251855972256397
1978-01-16 00:00:00,0.6222226971879238
1978-01-17 00:00:00,0.6298235979516608
1978-01-18 00:00:00,0.6356712039427369
1978-01-19 00:00:00,0.6322556050332762
1978-01-20 00:00:00,0.6326599025394554
1978-01-23 00:00:00,0.626742178237918
1978-01-24 00:00:00,0.6227092607380965
1978-01-25 00:00:00,0.6188060086788547
1978-01-26 00:00:00,0.62453960192419
1978-01-27 00:00:00,0.6277938984596209
1978-01-30 00:00:00,0.6274017848808285
1978-01-31 00:00:00,0.6277238062661978
1978-02-01 00:00:00,0.6270934079883723
1978-02-02 00:00:00,0.6248150718040871
1978-02-03 00:00:00,0.621489290803482
1978-02-06 00:00:00,0.6202984288961967
1978-02-07 00:00:00,0.6190724905861638
1978-02-08 00:00:00,0.6205633746895841
1978-02-09 00:00:00,0.6184818070805271
1978-02-10 00:00:00,0.6153351026758203
1978-02-14 00:00:00,0.6064706356148656
1978-02-15 00:00:00,0.6064355895181541
1978-02-16 00:00:00,0.5996439829195654
1978-02-17 00:00:00,0.5996439829195654
1978-02-21 00:00:00,0.5952822955980503
1978-02-22 00:00:00,0.5941055758069558
1978-02-23 00:00:00,0.5909296968216999
1978-02-24 00:00:00,0.5909296968216999
1978-02-27 00:00:00,0.593818795057523
1978-02-28 00:00:00,0.5882092654040738
1978-03-01 00:00:00,0.5895888383204728
1978-03-02 00:00:00,0.5895798337088526
1978-03-03 00:00:00,0.5914578838819157
1978-03-06 00:00:00,0.5930449466944634
1978-03-07 00:00:00,0.5931263955480459
1978-03-08 00:00:00,0.5941622067431597
1978-03-09 00:00:00,0.6002489926742473
1978-03-10 00:00:00,0.5991995276335678
1978-03-13 00:00:00,0.5991995276335678
1978-03-14 00:00:00,0.5991995276335678
1978-03-15 00:00:00,0.5991995276335678
1978-03-16 00:00:00,0.5991995276335678
1978-03-17 00:00:00,0.5991995276335678
1978-03-20 00:00:00,0.5991995276335678
1978-03-21 00:00:00,0.5991995276335678
1978-03-22 00:00:00,0.5991995276335678
1978-03-23 00:00:00,0.5991995276335678
1978-03-24 00:00:00,0.5991995276335678
1978-03-27 00:00:00,0.5991995276335678
1978-03-28 00:00:00,0.5991995276335678
1978-03-29 00:00:00,0.5991995276335678
1978-03-30 00:00:00,0.5991995276335678
1978-03-31 00:00:00,0.5991995276335678
1978-04-03 00:00:00,0.5991995276335678
1978-04-04 00:00:00,0.6012590082933322
1978-04-05 00:00:00,0.6005620065165982
1978-04-06 00:00:00,0.6001872568338974
1978-04-07 00:00:00,0.6004364030302984
1978-04-10 00:00:00,0.5995575887017945
1978-04-11 00:00:00,0.5997297809854697
1978-04-12 00:00:00,0.6001851225521204
1978-04-13 00:00:00,0.600975763894648
1978-04-14 00:00:00,0.6015441100580373
1978-04-17 00:00:00,0.602413180531508
1978-04-18 00:00:00,0.602413180531508
1978-04-19 00:00:00,0.602413180531508
1978-04-20 00:00:00,0.602413180531508
1978-04-21 00:00:00,0.6045367918328317
1978-04-24 00:00:00,0.6040611039467239
1978-04-25 00:00:00,0.6039722586481704
1978-04-26 00:00:00,0.6036326914372703
1978-04-27 00:00:00,0.6061884216074014
1978-04-28 00:00:00,0.6049930965660061
1978-05-01 00:00:00,0.6049106006321139
1978-05-02 00:00:00,0.6033753894527732
1978-05-03 00:00:00,0.6036326914372703
1978-05-04 00:00:00,0.6048806252351048
1978-05-05 00:00:00,0.6045666259959619
1978-05-08 00:00:00,0.6026961311924788
1978-05-09 00:00:00,0.602725214953941
1978-05-10 00:00:00,0.6034928994610563
1978-05-11 00:00:00,0.6027688626906608
1978-05-12 00:00:00,0.6015638235450212
1978-05-15 00:00:00,0.6015781355526066
1978-05-16 00:00:00,0.6012211958043089
1978-05-17 00:00:00,0.6015781355526066
1978-05-18 00:00:00,0.6029802012565512
1978-05-19 00:00:00,0.6023552771308417
1978-05-22 00:00:00,0.602725214953941
1978-05-23 00:00:00,0.6028343840562833
1978-05-24 00:00:00,0.6031190018785375
1978-05-25 00:00:00,0.6040611039467239
1978-05-26 00:00:00,0.6046562019647426
1978-05-29 00:00:00,0.6054017249548612
1978-05-31 00:00:00,0.6054017249548612
1978-06-01 00:00:00,0.6055074524437242
1978-06-02 00:00:00,0.6049535175700005
1978-06-05 00:00:00,0.6084678159820194
1978-06-06 00:00:00,0.6068268027087189
1978-06-07 00:00:00,0.6068268027087189
1978-06-08 00:00:00,0.6068268027087189
1978-06-09 00:00:00,0.6068268027087189
1978-06-12 00:00:00,0.6068268027087189
1978-06-13 00:00:00,0.6068268027087189
1978-06-14 00:00:00,0.6068268027087189
1978-06-15 00:00:00,0.6068268027087189
1978-06-16 00:00:00,0.6068268027087189
1978-06-19 00:00:00,0.6068268027087189
1978-06-20 00:00:00,0.6068268027087189
1978-06-21 00:00:00,0.6068268027087189
1978-06-22 00:00:00,0.6068268027087189
1978-06-23 00:00:00,0.6056240457971094
1978-06-26 00:00:00,0.605616766903716
1978-06-27 00:00:00,0.6058763373921482
1978-06-28 00:00:00,0.6052722427384498
1978-06-29 00:00:00,0.6050025300520216
1978-06-30 00:00:00,0.6046622158347736
1978-07-03 00:00:00,0.6031987147440943
1978-07-05 00:00:00,0.6022382895739932
1978-07-06 00:00:00,0.6034681141789036
1978-07-07 00:00:00,0.6024615257939094
1978-07-10 00:00:00,0.6015853816551234
1978-07-11 00:00:00,0.6019850036769557
1978-07-12 00:00:00,0.6024181071063087
1978-07-13 00:00:00,0.6020283696093182
1978-07-14 00:00:00,0.6020427989475746
1978-07-17 00:00:00,0.6034879578518912
1978-07-18 00:00:00,0.6030333723195748
1978-07-19 00:00:00,0.6019413303165959
1978-07-20 00:00:00,0.6011543813490682
1978-07-21 00:00:00,0.6003497933007718
1978-07-24 00:00:00,0.6003497933007718
1978-07-25 00:00:00,0.6001877321402761
1978-07-26 00:00:00,0.6011174796631295
1978-07-27 00:00:00,0.6019289899003583
1978-07-28 00:00:00,0.5977832378015214
1978-07-31 00:00:00,0.5948188764000111
1978-08-01 00:00:00,0.5944137034798291
1978-08-02 00:00:00,0.5915757543210747
1978-08-03 00:00:00,0.5915757543210747
1978-08-04 00:00:00,0.594758471528563
1978-08-07 00:00:00,0.5914078117086857
1978-08-08 00:00:00,0.5888217916495373
1978-08-09 00:00:00,0.5877887788566323
1978-08-10 00:00:00,0.586678969688425
1978-08-11 00:00:00,0.5809301057327507
1978-08-14 00:00:00,0.5809301057327507
1978-08-15 00:00:00,0.5809301057327507
1978-08-16 00:00:00,0.5755824333302428
1978-08-17 00:00:00,0.5755824333302428
1978-08-18 00:00:00,0.575053385691957
1978-08-21 00:00:00,0.5765262734763108
1978-08-22 00:00:00,0.5763454692192713
1978-08-23 00:00:00,0.576514215600553
1978-08-24 00:00:00,0.5759065001011551
1978-08-25 00:00:00,0.5773059879989729
1978-08-28 00:00:00,0.5779341272102425
1978-08-29 00:00:00,0.5750111831268048
1978-08-30 00:00:00,0.5751779426143485
1978-08-31 00:00:00,0.5747420970611451
1978-09-01 00:00:00,0.5723853495528053
1978-09-05 00:00:00,0.5731810592758049
1978-09-06 00:00:00,0.5731086735644777
1978-09-07 00:00:00,0.573202149018561
1978-09-08 00:00:00,0.5742136281475815
1978-09-11 00:00:00,0.5734545361585885
1978-09-12 00:00:00,0.5733164480008787
1978-09-13 00:00:00,0.5717339310973146
1978-09-14 00:00:00,0.5717959319029822
1978-09-15 00:00:00,0.5715855576626563
1978-09-18 00:00:00,0.5706156569374126
1978-09-19 00:00:00,0.5699809245048744
1978-09-20 00:00:00,0.5676484820024255
1978-09-21 00:00:00,0.5676484820024255
1978-09-22 00:00:00,0.568404903855465
1978-09-25 00:00:00,0.5649484724093053
1978-09-26 00:00:00,0.5647115914902767
1978-09-27 00:00:00,0.5654949158767074
1978-09-28 00:00:00,0.568039169474147
1978-09-29 00:00:00,0.5712467745983768
1978-10-02 00:00:00,0.5755375519789017
1978-10-03 00:00:00,0.573713066120582
1978-10-04 00:00:00,0.5754186448434818
1978-10-05 00:00:00,0.5752091883508677
1978-10-06 00:00:00,0.5753994885545458
1978-10-10 00:00:00,0.5734705315268454
1978-10-11 00:00:00,0.5705992667664184
1978-10-12 00:00:00,0.5705367143949098
1978-10-13 00:00:00,0.568651175373765
1978-10-16 00:00:00,0.5679338098849989
1978-10-17 00:00:00,0.5670999947047488
1978-10-18 00:00:00,0.5667584284067495
1978-10-19 00:00:00,0.5689914881022444
1978-10-20 00:00:00,0.5673469127013533
1978-10-23 00:00:00,0.5683765686280391
1978-10-24 00:00:00,0.5689627536688404
1978-10-25 00:00:00,0.5674281846796612
1978-10-26 00:00:00,0.5666454998445343
1978-10-27 00:00:00,0.5660792966321337
1978-10-30 00:00:00,0.5623010905464237
1978-10-31 00:00:00,0.5656121684885257
1978-11-01 00:00:00,0.575136783779343
1978-11-02 00:00:00,0.5763167024471281
1978-11-03 00:00:00,0.5763167024471281
1978-11-06 00:00:00,0.575201549627321
1978-11-08 00:00:00,0.5765130154115231
1978-11-09 00:00:00,0.5760632988983717
1978-11-10 00:00:00,0.5762385159405446
1978-11-13 00:00:00,0.5760438901310057
1978-11-14 00:00:00,0.5758890481266519
1978-11-15 00:00:00,0.5755243228084466
1978-11-16 00:00:00,0.5737622395659628
1978-11-17 00:00:00,0.5725259947559885
1978-11-20 00:00:00,0.5719434675182961
1978-11-21 00:00:00,0.5725606190406092
1978-11-22 00:00:00,0.5725259947559885
1978-11-24 00:00:00,0.5720624677502804
1978-11-27 00:00:00,0.5721136147393895
1978-11-28 00:00:00,0.5721136147393895
1978-11-29 00:00:00,0.5725952835392654
1978-11-30 00:00:00,0.5721477618646833
1978-12-01 00:00:00,0.5721306833831189
1978-12-04 00:00:00,0.5729617064299685
1978-12-05 00:00:00,0.5730672259279058
1978-12-06 00:00:00,0.5730848485489752
1978-12-07 00:00:00,0.5731377783727617
1978-12-08 00:00:00,0.5732971276189904
1978-12-11 00:00:00,0.5736183674166154
1978-12-12 00:00:00,0.5734751735095749
1978-12-13 00:00:00,0.5731731166465922
1978-12-14 00:00:00,0.5737622395659628
1978-12-15 00:00:00,0.5739067947878295
1978-12-18 00:00:00,0.5748820849442835
1978-12-19 00:00:00,0.5754671201573932
1978-12-20 00:00:00,0.5754100085429964
1978-12-21 00:00:00,0.5754100085429964
1978-12-22 00:00:00,0.5755086141061186
1978-12-26 00:00:00,0.5755086141061186
1978-12-27 00:00:00,0.5755086141061186
1978-12-28 00:00:00,0.5755086141061186
1978-12-29 00:00:00,0.5753775373714495
1979-01-02 00:00:00,0.5753775373714495
1979-01-03 00:00:00,0.5758858102034282
1979-01-04 00:00:00,0.5758858102034282
1979-01-05 00:00:00,0.5758858102034282
1979-01-08 00:00:00,0.5758858102034282
1979-01-09 00:00:00,0.5758858102034282
1979-01-10 00:00:00,0.5758858102034282
1979-01-11 00:00:00,0.5758858102034282
1979-01-12 00:00:00,0.5758858102034282
1979-01-15 00:00:00,0.5758858102034282
1979-01-16 00:00:00,0.5764930467704044
1979-01-17 00:00:00,0.5769003635151423
1979-01-18 00:00:00,0.5769003635151423
1979-01-19 00:00:00,0.5769003635151423
1979-01-22 00:00:00,0.5769003635151423
1979-01-23 00:00:00,0.5769003635151423
1979-01-24 00:00:00,0.5769003635151423
1979-01-25 00:00:00,0.5769003635151423
1979-01-26 00:00:00,0.5769003635151423
1979-01-29 00:00:00,0.5769003635151423
1979-01-30 00:00:00,0.5769003635151423
1979-01-31 00:00:00,0.5769003635151423
1979-02-01 00:00:00,0.5769003635151423
1979-02-02 00:00:00,0.576974081887475
1979-02-05 00:00:00,0.5783159219231939
1979-02-06 00:00:00,0.5786938496890093
1979-02-07 00:00:00,0.5786938496890093
1979-02-08 00:00:00,0.5786938496890093
1979-02-09 00:00:00,0.5790709698722173
1979-02-13 00:00:00,0.5794838755399855
1979-02-14 00:00:00,0.5800218874897264
1979-02-15 00:00:00,0.5800218874897264
1979-02-16 00:00:00,0.5800218874897264
1979-02-20 00:00:00,0.5800218874897264
1979-02-21 00:00:00,0.5800218874897264
1979-02-22 00:00:00,0.5800218874897264
1979-02-23 00:00:00,0.5800218874897264
1979-02-26 00:00:00,0.5800218874897264
1979-02-27 00:00:00,0.5800218874897264
1979-02-28 00:00:00,0.5800218874897264
1979-03-01 00:00:00,0.5800218874897264
1979-03-02 00:00:00,0.5800218874897264
1979-03-05 00:00:00,0.5800218874897264
1979-03-06 00:00:00,0.5800218874897264
1979-03-07 00:00:00,0.5800218874897264
1979-03-08 00:00:00,0.5800218874897264
1979-03-09 00:00:00,0.5800218874897264
1979-03-12 00:00:00,0.5800218874897264
1979-03-13 00:00:00,0.5800218874897264
1979-03-14 00:00:00,0.5800218874897264
1979-03-15 00:00:00,0.5797339135461976
1979-03-16 00:00:00,0.5796994142061203
1979-03-19 00:00:00,0.5796189635904925
1979-03-20 00:00:00,0.5793321856223645
1979-03-21 00:00:00,0.5788181240204259
1979-03-22 00:00:00,0.579034837857118
1979-03-23 00:00:00,0.5786473781502768
1979-03-26 00:00:00,0.5796994142061203
1979-03-27 00:00:00,0.5789310659665499
1979-03-28 00:00:00,0.5789310659665499
1979-03-29 00:00:00,0.5789310659665499
1979-03-30 00:00:00,0.5789310659665499
1979-04-02 00:00:00,0.5789310659665499
1979-04-03 00:00:00,0.5782864521448572
1979-04-04 00:00:00,0.578591616499551
1979-04-05 00:00:00,0.577237789961968
1979-04-06 00:00:00,0.5756551172208519
1979-04-09 00:00:00,0.5714796644063046
1979-04-10 00:00:00,0.5714796644063046
1979-04-11 00:00:00,0.5732121276808996
1979-04-12 00:00:00,0.5688937040408605
1979-04-13 00:00:00,0.5688937040408605
1979-04-16 00:00:00,0.5687292838951841
1979-04-17 00:00:00,0.5700473123630755
1979-04-18 00:00:00,0.5738709018014979
1979-04-19 00:00:00,0.5740383087156757
1979-04-20 00:00:00,0.5707748353281519
1979-04-23 00:00:00,0.5717034637644789
1979-04-24 00:00:00,0.5727017818036486
1979-04-25 00:00:00,0.5740383087156757
1979-04-26 00:00:00,0.574541115993383
1979-04-27 00:00:00,0.5733692663978254
1979-04-30 00:00:00,0.5715374157064584
1979-05-01 00:00:00,0.5728018054017979
1979-05-02 00:00:00,0.5703777745731411
1979-05-03 00:00:00,0.5713714640758817
1979-05-04 00:00:00,0.5723686219538501
1979-05-07 00:00:00,0.5742058133286655
1979-05-08 00:00:00,0.5740383087156757
1979-05-09 00:00:00,0.5742058133286655
1979-05-10 00:00:00,0.5724685292015294
1979-05-11 00:00:00,0.5716038233536678
1979-05-14 00:00:00,0.5722021873443839
1979-05-15 00:00:00,0.5692228297012834
1979-05-16 00:00:00,0.5695853080575827
1979-05-17 00:00:00,0.5675809986378243
1979-05-18 00:00:00,0.565452592100727
1979-05-21 00:00:00,0.565452592100727
1979-05-22 00:00:00,0.5659519499463146
1979-05-23 00:00:00,0.5663524717574877
1979-05-24 00:00:00,0.5668544236667886
1979-05-25 00:00:00,0.5662923346635679
1979-05-28 00:00:00,0.5659519499463146
1979-05-29 00:00:00,0.5653528926250656
1979-05-31 00:00:00,0.5685719430577789
1979-06-01 00:00:00,0.5667539174944073
1979-06-04 00:00:00,0.5678424610892757
1979-06-05 00:00:00,0.5663925747018256
1979-06-06 00:00:00,0.5662923346635679
1979-06-07 00:00:00,0.5677211760638625
1979-06-08 00:00:00,0.5675192212850995
1979-06-11 00:00:00,0.5669549878346531
1979-06-12 00:00:00,0.5670556100482136
1979-06-13 00:00:00,0.5675192212850995
1979-06-14 00:00:00,0.5680852839050042
1979-06-15 00:00:00,0.5735561585997344
1979-06-18 00:00:00,0.5735561585997344
1979-06-19 00:00:00,0.5688622120243103
1979-06-20 00:00:00,0.5678559541549281
1979-06-21 00:00:00,0.5644665908422593
1979-06-22 00:00:00,0.5644665908422593
1979-06-25 00:00:00,0.5644665908422593
1979-06-26 00:00:00,0.5644665908422593
1979-06-27 00:00:00,0.5627327839241358
1979-06-28 00:00:00,0.5627327839241358
1979-06-29 00:00:00,0.5627327839241358
1979-07-02 00:00:00,0.5627327839241358
1979-07-03 00:00:00,0.5627327839241358
1979-07-05 00:00:00,0.5627327839241358
1979-07-06 00:00:00,0.5627327839241358
1979-07-09 00:00:00,0.5627327839241358
1979-07-10 00:00:00,0.5627327839241358
1979-07-11 00:00:00,0.5627327839241358
1979-07-12 00:00:00,0.5627327839241358
1979-07-13 00:00:00,0.5627327839241358
1979-07-16 00:00:00,0.5627327839241358
1979-07-17 00:00:00,0.5627327839241358
1979-07-18 00:00:00,0.5627327839241358
1979-07-19 00:00:00,0.5640426328172758
1979-07-20 00:00:00,0.5652330461988568
1979-07-23 00:00:00,0.5630926555157143
1979-07-24 00:00:00,0.563315923012022
1979-07-25 00:00:00,0.5647309457454375
1979-07-26 00:00:00,0.5657631454136273
1979-07-27 00:00:00,0.5654576900988594
1979-07-30 00:00:00,0.5685858995914593
1979-07-31 00:00:00,0.5687801884313437
1979-08-01 00:00:00,0.5683718757194345
1979-08-02 00:00:00,0.5685233218947006
1979-08-03 00:00:00,0.5688895425353335
1979-08-06 00:00:00,0.56805052776392
1979-08-07 00:00:00,0.568675892270079
1979-08-08 00:00:00,0.5684398849656889
1979-08-09 00:00:00,0.5670142123904803
1979-08-10 00:00:00,0.5659488336755719
1979-08-13 00:00:00,0.5671893383828692
1979-08-14 00:00:00,0.5682918529980678
1979-08-15 00:00:00,0.5681201810484342
1979-08-16 00:00:00,0.5676677253697383
1979-08-17 00:00:00,0.5686164952133823
1979-08-20 00:00:00,0.5687229719314177
1979-08-21 00:00:00,0.5687229719314177
1979-08-22 00:00:00,0.5687229719314177
1979-08-23 00:00:00,0.5687229719314177
1979-08-24 00:00:00,0.5687229719314177
1979-08-27 00:00:00,0.5687229719314177
1979-08-28 00:00:00,0.5687229719314177
1979-08-29 00:00:00,0.5687229719314177
1979-08-30 00:00:00,0.5687229719314177
1979-08-31 00:00:00,0.5687229719314177
1979-09-04 00:00:00,0.5687229719314177
1979-09-05 00:00:00,0.5687229719314177
1979-09-06 00:00:00,0.5687229719314177
1979-09-07 00:00:00,0.5687229719314177
1979-09-10 00:00:00,0.5685779787530792
1979-09-11 00:00:00,0.5705004691458163
1979-09-12 00:00:00,0.5686544239582163
1979-09-13 00:00:00,0.5704547704970153
1979-09-14 00:00:00,0.5699473725975244
1979-09-17 00:00:00,0.5695603324668
1979-09-18 00:00:00,0.5685630266606144
1979-09-19 00:00:00,0.5669464316749778
1979-09-20 00:00:00,0.5569668948999846
1979-09-21 00:00:00,0.5569668948999846
1979-09-24 00:00:00,0.5569668948999846
1979-09-25 00:00:00,0.5569668948999846
1979-09-26 00:00:00,0.5569668948999846
1979-09-27 00:00:00,0.5569668948999846
1979-09-28 00:00:00,0.5569668948999846
1979-10-01 00:00:00,0.5569668948999846
1979-10-02 00:00:00,0.5569668948999846
1979-10-03 00:00:00,0.5632720560467559
1979-10-04 00:00:00,0.5639352860058041
1979-10-05 00:00:00,0.5625110372125968
1979-10-09 00:00:00,0.5770859586892862
1979-10-10 00:00:00,0.5728889462340414
1979-10-11 00:00:00,0.5728889462340414
1979-10-12 00:00:00,0.5728889462340414
1979-10-15 00:00:00,0.5728889462340414
1979-10-16 00:00:00,0.5728889462340414
1979-10-17 00:00:00,0.5728889462340414
1979-10-18 00:00:00,0.57378114838984
1979-10-19 00:00:00,0.5734590402159682
1979-10-22 00:00:00,0.5734590402159682
1979-10-23 00:00:00,0.5734590402159682
1979-10-24 00:00:00,0.5747087013962625
1979-10-25 00:00:00,0.5749340779598683
1979-10-26 00:00:00,0.5737694906349722
1979-10-29 00:00:00,0.5726666718159777
1979-10-30 00:00:00,0.5733263873197022
1979-10-31 00:00:00,0.5745738012056165
1979-11-01 00:00:00,0.5755687667827004
1979-11-02 00:00:00,0.5763023144536816
1979-11-05 00:00:00,0.5763023144536816
1979-11-07 00:00:00,0.5763023144536816
1979-11-08 00:00:00,0.5763023144536816
1979-11-09 00:00:00,0.5763023144536816
1979-11-13 00:00:00,0.5763023144536816
1979-11-14 00:00:00,0.5763023144536816
1979-11-15 00:00:00,0.5763023144536816
1979-11-16 00:00:00,0.5763023144536816
1979-11-19 00:00:00,0.5763023144536816
1979-11-20 00:00:00,0.5763023144536816
1979-11-21 00:00:00,0.5763023144536816
1979-11-23 00:00:00,0.5763023144536816
1979-11-26 00:00:00,0.5763023144536816
1979-11-27 00:00:00,0.5763023144536816
1979-11-28 00:00:00,0.5763023144536816
1979-11-29 00:00:00,0.5763023144536816
1979-11-30 00:00:00,0.5763023144536816
1979-12-03 00:00:00,0.5733459857793062
1979-12-04 00:00:00,0.5755501484245825
1979-12-05 00:00:00,0.577262417896556
1979-12-06 00:00:00,0.5767871703737336
1979-12-07 00:00:00,0.5767871703737336
1979-12-10 00:00:00,0.5767871703737336
1979-12-11 00:00:00,0.5767871703737336
1979-12-12 00:00:00,0.5767871703737336
1979-12-13 00:00:00,0.5767871703737336
1979-12-14 00:00:00,0.5767871703737336
1979-12-17 00:00:00,0.5767871703737336
1979-12-18 00:00:00,0.5767871703737336
1979-12-19 00:00:00,0.5767871703737336
1979-12-20 00:00:00,0.5767871703737336
1979-12-21 00:00:00,0.5767871703737336
1979-12-24 00:00:00,0.5767871703737336
1979-12-26 00:00:00,0.5767871703737336
1979-12-27 00:00:00,0.5767871703737336
1979-12-28 00:00:00,0.5767871703737336
1979-12-31 00:00:00,0.5767791879619732
1980-01-02 00:00:00,0.5752303850234033
1980-01-03 00:00:00,0.5747310595338008
1980-01-04 00:00:00,0.5750361469086634
1980-01-07 00:00:00,0.5745355709800435
1980-01-08 00:00:00,0.5751539294457473
1980-01-09 00:00:00,0.5748781973940471
1980-01-10 00:00:00,0.5753158991517875
1980-01-11 00:00:00,0.5756624369587481
1980-01-14 00:00:00,0.5756544545469877
1980-01-15 00:00:00,0.5766993638443693
1980-01-16 00:00:00,0.5758150788166405
1980-01-17 00:00:00,0.5765090186509414
1980-01-18 00:00:00,0.5765010362391809
1980-01-21 00:00:00,0.5774898041967008
1980-01-22 00:00:00,0.5778263078378396
1980-01-23 00:00:00,0.5778263078378396
1980-01-24 00:00:00,0.5776586258054169
1980-01-25 00:00:00,0.5776586258054169
1980-01-28 00:00:00,0.5774466610637973
1980-01-29 00:00:00,0.5774466610637973
1980-01-30 00:00:00,0.5770888117003482
1980-01-31 00:00:00,0.5770888117003482
1980-02-01 00:00:00,0.5775724915302383
1980-02-04 00:00:00,0.5778423558130095
1980-02-05 00:00:00,0.5783845739014558
1980-02-06 00:00:00,0.580587208278183
1980-02-07 00:00:00,0.5794264032747333
1980-02-08 00:00:00,0.5794264032747333
1980-02-11 00:00:00,0.5794264032747333
1980-02-13 00:00:00,0.5794264032747333
1980-02-14 00:00:00,0.5794264032747333
1980-02-15 00:00:00,0.5794264032747333
1980-02-19 00:00:00,0.5794264032747333
1980-02-20 00:00:00,0.5794264032747333
1980-02-21 00:00:00,0.5801863210439302
1980-02-22 00:00:00,0.5757777747739613
1980-02-25 00:00:00,0.5742807334304281
1980-02-26 00:00:00,0.5740821435700707
1980-02-27 00:00:00,0.575177339813474
1980-02-28 00:00:00,0.5737847041814345
1980-02-29 00:00:00,0.5677493792332975
1980-03-03 00:00:00,0.5677493792332975
1980-03-04 00:00:00,0.5677493792332975
1980-03-05 00:00:00,0.5677493792332975
1980-03-06 00:00:00,0.5662596578300613
1980-03-07 00:00:00,0.5662596578300613
1980-03-10 00:00:00,0.5595618441652244
1980-03-11 00:00:00,0.5595618441652244
1980-03-12 00:00:00,0.5608836119466555
1980-03-13 00:00:00,0.5570713653704011
1980-03-14 00:00:00,0.5544789537580738
1980-03-17 00:00:00,0.5457444986712918
1980-03-18 00:00:00,0.5457444986712918
1980-03-19 00:00:00,0.547151630342831
1980-03-20 00:00:00,0.5493706781070141
1980-03-21 00:00:00,0.5461185736976324
1980-03-24 00:00:00,0.54425656245696
1980-03-25 00:00:00,0.5425984611235668
1980-03-26 00:00:00,0.5432413019953071
1980-03-27 00:00:00,0.537000904556543
1980-03-28 00:00:00,0.537000904556543
1980-03-31 00:00:00,0.5355159586964097
1980-04-01 00:00:00,0.5345555300452722
1980-04-02 00:00:00,0.5351687140616794
1980-04-03 00:00:00,0.5345936998042758
1980-04-04 00:00:00,0.5340990850448237
1980-04-07 00:00:00,0.5335702540764475
1980-04-08 00:00:00,0.536332797786472
1980-04-09 00:00:00,0.5407683956448828
1980-04-10 00:00:00,0.5433909701631667
1980-04-11 00:00:00,0.5439960381971888
1980-04-14 00:00:00,0.5444312051505977
1980-04-15 00:00:00,0.5421094324030604
1980-04-16 00:00:00,0.5421094324030604
1980-04-17 00:00:00,0.5421094324030604
1980-04-18 00:00:00,0.5421545069026295
1980-04-21 00:00:00,0.5421545069026295
1980-04-22 00:00:00,0.5421545069026295
1980-04-23 00:00:00,0.5421545069026295
1980-04-24 00:00:00,0.5421545069026295
1980-04-25 00:00:00,0.5419699806086806
1980-04-28 00:00:00,0.5419699806086806
1980-04-29 00:00:00,0.5419699806086806
1980-04-30 00:00:00,0.5418820876085297
1980-05-01 00:00:00,0.5418957926927825
1980-05-02 00:00:00,0.5427929941369761
1980-05-05 00:00:00,0.5416853549239073
1980-05-06 00:00:00,0.5416853549239073
1980-05-07 00:00:00,0.5416853549239073
1980-05-08 00:00:00,0.5416853549239073
1980-05-09 00:00:00,0.5425344396301524
1980-05-12 00:00:00,0.5416339074587104
1980-05-13 00:00:00,0.5418882048722222
1980-05-14 00:00:00,0.5415824079455827
1980-05-15 00:00:00,0.5417725080796869
1980-05-16 00:00:00,0.5420470831804248
1980-05-19 00:00:00,0.542277093560107
1980-05-20 00:00:00,0.5424000329518828
1980-05-21 00:00:00,0.5416698207547501
1980-05-22 00:00:00,0.5416225231196079
1980-05-23 00:00:00,0.5411181392960102
1980-05-27 00:00:00,0.5405622849797116
1980-05-28 00:00:00,0.5408902056187848
1980-05-29 00:00:00,0.5412369414421669
1980-05-30 00:00:00,0.5416234973042093
1980-06-02 00:00:00,0.5415415763842735
1980-06-03 00:00:00,0.5412681887323465
1980-06-04 00:00:00,0.5409576208727138
1980-06-05 00:00:00,0.540997434133195
1980-06-06 00:00:00,0.5404179358047135
1980-06-09 00:00:00,0.5398518722011308
1980-06-10 00:00:00,0.5398477483598176
1980-06-11 00:00:00,0.5401369094699356
1980-06-12 00:00:00,0.5399073901977315
1980-06-13 00:00:00,0.5394253889287547
1980-06-16 00:00:00,0.5403485539678854
1980-06-17 00:00:00,0.5401653272555745
1980-06-18 00:00:00,0.539845649095335
1980-06-19 00:00:00,0.5405144105756466
1980-06-20 00:00:00,0.54024261691154
1980-06-23 00:00:00,0.5403502609833847
1980-06-24 00:00:00,0.5405908270904873
1980-06-25 00:00:00,0.540506803770008
1980-06-26 00:00:00,0.5400780625155543
1980-06-27 00:00:00,0.540019950161317
1980-06-30 00:00:00,0.5401192344627713
1980-07-01 00:00:00,0.5399666511973096
1980-07-02 00:00:00,0.5396456105772786
1980-07-03 00:00:00,0.5393447438953135
1980-07-07 00:00:00,0.5381530088340261
1980-07-08 00:00:00,0.5383141444581462
1980-07-09 00:00:00,0.538521431693735
1980-07-10 00:00:00,0.5384845000442193
1980-07-11 00:00:00,0.5384897528008438
1980-07-14 00:00:00,0.5389514793766953
1980-07-15 00:00:00,0.5391781106333254
1980-07-16 00:00:00,0.5389200770846773
1980-07-17 00:00:00,0.5385668942445515
1980-07-18 00:00:00,0.5391979304985383
1980-07-21 00:00:00,0.5388149426326289
1980-07-22 00:00:00,0.5386012532307157
1980-07-23 00:00:00,0.5387137001870218
1980-07-24 00:00:00,0.538452638229025
1980-07-25 00:00:00,0.5386262240258334
1980-07-28 00:00:00,0.5390257979488475
1980-07-29 00:00:00,0.5397528113744512
1980-07-30 00:00:00,0.5408192017116387
1980-07-31 00:00:00,0.5408192017116387
1980-08-01 00:00:00,0.5395210657641093
1980-08-04 00:00:00,0.5406883256837065
1980-08-05 00:00:00,0.5415653560548855
1980-08-06 00:00:00,0.5423653263829622
1980-08-07 00:00:00,0.5423653263829622
1980-08-08 00:00:00,0.5423653263829622
1980-08-11 00:00:00,0.5423653263829622
1980-08-12 00:00:00,0.5423653263829622
1980-08-13 00:00:00,0.5423653263829622
1980-08-14 00:00:00,0.5423653263829622
1980-08-15 00:00:00,0.5423653263829622
1980-08-18 00:00:00,0.5423653263829622
1980-08-19 00:00:00,0.5423653263829622
1980-08-20 00:00:00,0.5423653263829622
1980-08-21 00:00:00,0.5423653263829622
1980-08-22 00:00:00,0.5423653263829622
1980-08-25 00:00:00,0.5423653263829622
1980-08-26 00:00:00,0.5437634442296051
1980-08-27 00:00:00,0.543898155842851
1980-08-28 00:00:00,0.547106702189674
1980-08-29 00:00:00,0.5463229765516937
1980-09-02 00:00:00,0.5488840970847328
1980-09-03 00:00:00,0.5501845885607305
1980-09-04 00:00:00,0.5501845885607305
1980-09-05 00:00:00,0.550538027599247
1980-09-08 00:00:00,0.550538027599247
1980-09-09 00:00:00,0.550538027599247
1980-09-10 00:00:00,0.5504049084211196
1980-09-11 00:00:00,0.5504049084211196
1980-09-12 00:00:00,0.5504049084211196
1980-09-15 00:00:00,0.5504049084211196
1980-09-16 00:00:00,0.5504049084211196
1980-09-17 00:00:00,0.5504049084211196
1980-09-18 00:00:00,0.5504049084211196
1980-09-19 00:00:00,0.5504049084211196
1980-09-22 00:00:00,0.5504049084211196
1980-09-23 00:00:00,0.5504049084211196
1980-09-24 00:00:00,0.5504049084211196
1980-09-25 00:00:00,0.5503565981326008
1980-09-26 00:00:00,0.550308317203115
1980-09-29 00:00:00,0.5494633498631677
1980-09-30 00:00:00,0.5495397934268417
1980-10-01 00:00:00,0.5506469011879078
1980-10-02 00:00:00,0.5502123833511391
1980-10-03 00:00:00,0.5502123833511391
1980-10-06 00:00:00,0.5502123833511391
1980-10-07 00:00:00,0.5502123833511391
1980-10-08 00:00:00,0.5502123833511391
1980-10-09 00:00:00,0.5502123833511391
1980-10-10 00:00:00,0.5502123833511391
1980-10-14 00:00:00,0.5502123833511391
1980-10-15 00:00:00,0.5502123833511391
1980-10-16 00:00:00,0.5502123833511391
1980-10-17 00:00:00,0.5502123833511391
1980-10-20 00:00:00,0.5502123833511391
1980-10-21 00:00:00,0.5503932577104107
1980-10-22 00:00:00,0.5491317025339042
1980-10-23 00:00:00,0.5494011414504418
1980-10-24 00:00:00,0.5470820316752336
1980-10-27 00:00:00,0.5428038971546328
1980-10-28 00:00:00,0.5428038971546328
1980-10-29 00:00:00,0.5428038971546328
1980-10-30 00:00:00,0.5375681223672188
1980-10-31 00:00:00,0.5375681223672188
1980-11-03 00:00:00,0.5375681223672188
1980-11-05 00:00:00,0.5375681223672188
1980-11-06 00:00:00,0.5375681223672188
1980-11-07 00:00:00,0.5375681223672188
1980-11-10 00:00:00,0.5375681223672188
1980-11-12 00:00:00,0.5371685738091325
1980-11-13 00:00:00,0.5380360404677907
1980-11-14 00:00:00,0.5367042015667631
1980-11-17 00:00:00,0.5336991681638226
1980-11-18 00:00:00,0.5349958694685832
1980-11-19 00:00:00,0.536505764945893
1980-11-20 00:00:00,0.5354532698504976
1980-11-21 00:00:00,0.5348655239728444
1980-11-24 00:00:00,0.5344105003811641
1980-11-25 00:00:00,0.5350610988391703
1980-11-26 00:00:00,0.5348004077821757
1980-11-28 00:00:00,0.5335059496001192
1980-12-01 00:00:00,0.5316501835069855
1980-12-02 00:00:00,0.5316501835069855
1980-12-03 00:00:00,0.5324698481221531
1980-12-04 00:00:00,0.5323523520525674
1980-12-05 00:00:00,0.530030287476671
1980-12-08 00:00:00,0.5296293061705756
1980-12-09 00:00:00,0.5276478880848069
1980-12-10 00:00:00,0.5245497247070308
1980-12-11 00:00:00,0.5245497247070308
1980-12-12 00:00:00,0.5271235136828051
1980-12-15 00:00:00,0.5289802271230405
1980-12-16 00:00:00,0.5236983566519466
1980-12-17 00:00:00,0.5304767196196295
1980-12-18 00:00:00,0.5294779537364606
1980-12-19 00:00:00,0.5309777662467495
1980-12-22 00:00:00,0.5381111102748168
1980-12-23 00:00:00,0.5375941222428431
1980-12-24 00:00:00,0.5407136450358876
1980-12-26 00:00:00,0.538240539577603
1980-12-29 00:00:00,0.5375941222428431
1980-12-30 00:00:00,0.5396690962794918
1980-12-31 00:00:00,0.5343891579746977
1981-01-02 00:00:00,0.5337535365695626
1981-01-05 00:00:00,0.5422893857751175
1981-01-06 00:00:00,0.544008627991742
1981-01-07 00:00:00,0.5395355166316491
1981-01-08 00:00:00,0.5395355166316491
1981-01-09 00:00:00,0.5395355166316491
1981-01-12 00:00:00,0.5395355166316491
1981-01-13 00:00:00,0.5395355166316491
1981-01-14 00:00:00,0.5395355166316491
1981-01-15 00:00:00,0.5395355166316491
1981-01-16 00:00:00,0.5395355166316491
1981-01-19 00:00:00,0.5390462881949518
1981-01-20 00:00:00,0.5397463386242791
1981-01-21 00:00:00,0.540240971386237
1981-01-22 00:00:00,0.5387337568183902
1981-01-23 00:00:00,0.5382506345733337
1981-01-26 00:00:00,0.537532802615221
1981-01-27 00:00:00,0.5362876701097246
1981-01-28 00:00:00,0.5354273528639757
1981-01-29 00:00:00,0.5340562324706025
1981-01-30 00:00:00,0.5340562324706025
1981-02-02 00:00:00,0.5340562324706025
1981-02-03 00:00:00,0.5296468431228036
1981-02-04 00:00:00,0.5351051072301121
1981-02-05 00:00:00,0.5277029041083389
1981-02-06 00:00:00,0.5277029041083389
1981-02-09 00:00:00,0.5278171521062022
1981-02-10 00:00:00,0.526963150520942
1981-02-11 00:00:00,0.5265668622853228
1981-02-13 00:00:00,0.5193377257168378
1981-02-17 00:00:00,0.5193377257168378
1981-02-18 00:00:00,0.5201272885783693
1981-02-19 00:00:00,0.5270025148628178
1981-02-20 00:00:00,0.5316062620241108
1981-02-23 00:00:00,0.5295683023329668
1981-02-24 00:00:00,0.5276808418611793
1981-02-25 00:00:00,0.5279647316498229
1981-02-26 00:00:00,0.5244409715083792
1981-02-27 00:00:00,0.5229111750849842
1981-03-02 00:00:00,0.5207100981485097
1981-03-03 00:00:00,0.5219392104950386
1981-03-04 00:00:00,0.5244960138810676
1981-03-05 00:00:00,0.5247716502358158
1981-03-06 00:00:00,0.5234005089819913
1981-03-09 00:00:00,0.5265526411770202
1981-03-10 00:00:00,0.5272281535367397
1981-03-11 00:00:00,0.5256584678727759
1981-03-12 00:00:00,0.5256584678727759
1981-03-13 00:00:00,0.5267773445618568
1981-03-16 00:00:00,0.5296260093183627
1981-03-17 00:00:00,0.5297365264204436
1981-03-18 00:00:00,0.5297365264204436
1981-03-19 00:00:00,0.5297365264204436
1981-03-20 00:00:00,0.5301088260701052
1981-03-23 00:00:00,0.5301088260701052
1981-03-24 00:00:00,0.5301088260701052
1981-03-25 00:00:00,0.5301088260701052
1981-03-26 00:00:00,0.5301088260701052
1981-03-27 00:00:00,0.5301088260701052
1981-03-30 00:00:00,0.5301088260701052
1981-03-31 00:00:00,0.5301088260701052
1981-04-01 00:00:00,0.5301088260701052
1981-04-02 00:00:00,0.5301088260701052
1981-04-03 00:00:00,0.5301088260701052
1981-04-06 00:00:00,0.5301088260701052
1981-04-07 00:00:00,0.5301088260701052
1981-04-08 00:00:00,0.5299498796908995
1981-04-09 00:00:00,0.5295161325923733
1981-04-10 00:00:00,0.5292426453044843
1981-04-13 00:00:00,0.5284909818623207
1981-04-14 00:00:00,0.5287398862882043
1981-04-15 00:00:00,0.5281868717914474
1981-04-16 00:00:00,0.5279792116250417
1981-04-17 00:00:00,0.5278101580090079
1981-04-20 00:00:00,0.528130123362236
1981-04-21 00:00:00,0.5280168827686715
1981-04-22 00:00:00,0.5287591006950747
1981-04-23 00:00:00,0.5283956838801076
1981-04-24 00:00:00,0.5283956838801076
1981-04-27 00:00:00,0.5280923385802212
1981-04-28 00:00:00,0.5282437059002199
1981-04-29 00:00:00,0.5269761824761738
1981-04-30 00:00:00,0.5269761824761738
1981-05-01 00:00:00,0.5270863047161718
1981-05-04 00:00:00,0.5258926784278274
1981-05-05 00:00:00,0.5253101541594166
1981-05-06 00:00:00,0.5255561462596445
1981-05-07 00:00:00,0.5250310521337321
1981-05-08 00:00:00,0.5257860688035962
1981-05-11 00:00:00,0.5250310521337321
1981-05-12 00:00:00,0.5250310521337321
1981-05-13 00:00:00,0.5249442734646238
1981-05-14 00:00:00,0.5248404142847674
1981-05-15 00:00:00,0.5252576581238039
1981-05-18 00:00:00,0.5258109165182522
1981-05-19 00:00:00,0.5256444061283141
1981-05-20 00:00:00,0.5259996003849421
1981-05-21 00:00:00,0.5250136796795503
1981-05-22 00:00:00,0.5251180401098089
1981-05-26 00:00:00,0.5250136796795503
1981-05-27 00:00:00,0.5246448170395879
1981-05-28 00:00:00,0.5246448170395879
1981-05-29 00:00:00,0.5246448170395879
1981-06-01 00:00:00,0.5246448170395879
1981-06-02 00:00:00,0.5246448170395879
1981-06-03 00:00:00,0.5246448170395879
1981-06-04 00:00:00,0.5223473870487456
1981-06-05 00:00:00,0.5227222214500618
1981-06-08 00:00:00,0.5235666080604341
1981-06-09 00:00:00,0.5236946453767086
1981-06-10 00:00:00,0.5247321891465193
1981-06-11 00:00:00,0.5235666080604341
1981-06-12 00:00:00,0.5243837011627661
1981-06-15 00:00:00,0.5266748242899945
1981-06-16 00:00:00,0.5263746093478978
1981-06-17 00:00:00,0.5263746093478978
1981-06-18 00:00:00,0.5263746093478978
1981-06-19 00:00:00,0.5263746093478978
1981-06-22 00:00:00,0.5263746093478978
1981-06-23 00:00:00,0.5263746093478978
1981-06-24 00:00:00,0.5263746093478978
1981-06-25 00:00:00,0.5263973953086627
1981-06-26 00:00:00,0.5263973953086627
1981-06-29 00:00:00,0.5263973953086627
1981-06-30 00:00:00,0.5263973953086627
1981-07-01 00:00:00,0.5263973953086627
1981-07-02 00:00:00,0.5263973953086627
1981-07-03 00:00:00,0.5263973953086627
1981-07-06 00:00:00,0.5263973953086627
1981-07-07 00:00:00,0.5263973953086627
1981-07-08 00:00:00,0.5263973953086627
1981-07-09 00:00:00,0.5263973953086627
1981-07-10 00:00:00,0.528348469425729
1981-07-13 00:00:00,0.5288010419951004
1981-07-14 00:00:00,0.5288010419951004
1981-07-15 00:00:00,0.5288010419951004
1981-07-16 00:00:00,0.5288010419951004
1981-07-17 00:00:00,0.5288010419951004
1981-07-20 00:00:00,0.5288010419951004
1981-07-21 00:00:00,0.5288010419951004
1981-07-22 00:00:00,0.5288010419951004
1981-07-23 00:00:00,0.5281895612338633
1981-07-24 00:00:00,0.5284947932575544
1981-07-27 00:00:00,0.52784196310849
1981-07-28 00:00:00,0.5276253819479255
1981-07-29 00:00:00,0.5270216696177003
1981-07-30 00:00:00,0.5261661003477816
1981-07-31 00:00:00,0.5247718230916651
1981-08-03 00:00:00,0.52065933443518
1981-08-04 00:00:00,0.52065933443518
1981-08-05 00:00:00,0.52065933443518
1981-08-06 00:00:00,0.5187802130764895
1981-08-07 00:00:00,0.5197061823355275
1981-08-10 00:00:00,0.5160065332920001
1981-08-11 00:00:00,0.5160065332920001
1981-08-12 00:00:00,0.5213625553507126
1981-08-13 00:00:00,0.5199687831611602
1981-08-14 00:00:00,0.5173674151221055
1981-08-17 00:00:00,0.5195836745663035
1981-08-18 00:00:00,0.5188161114675264
1981-08-19 00:00:00,0.5198146332415784
1981-08-20 00:00:00,0.5226112508811294
1981-08-21 00:00:00,0.524818953923681
1981-08-24 00:00:00,0.5234751282921096
1981-08-25 00:00:00,0.5190460098494567
1981-08-26 00:00:00,0.5232390866226797
1981-08-27 00:00:00,0.5232390866226797
1981-08-28 00:00:00,0.525773988153292
1981-08-31 00:00:00,0.5240860739211526
1981-09-01 00:00:00,0.5240860739211526
1981-09-02 00:00:00,0.5240860739211526
1981-09-03 00:00:00,0.5240860739211526
1981-09-04 00:00:00,0.5240860739211526
1981-09-08 00:00:00,0.5252409330683603
1981-09-09 00:00:00,0.5252409330683603
1981-09-10 00:00:00,0.5252409330683603
1981-09-11 00:00:00,0.5245782604080766
1981-09-14 00:00:00,0.5234220447191282
1981-09-15 00:00:00,0.5212408788792288
1981-09-16 00:00:00,0.5200857926119342
1981-09-17 00:00:00,0.5188401669645492
1981-09-18 00:00:00,0.5188401669645492
1981-09-21 00:00:00,0.5188401669645492
1981-09-22 00:00:00,0.5188401669645492
1981-09-23 00:00:00,0.5194262989134647
1981-09-24 00:00:00,0.5210553492553717
1981-09-25 00:00:00,0.5213356468034126
1981-09-28 00:00:00,0.5216153434064819
1981-09-29 00:00:00,0.5192076614702438
1981-09-30 00:00:00,0.5209872693483594
1981-10-01 00:00:00,0.5200746728152054
1981-10-02 00:00:00,0.5148778108261931
1981-10-05 00:00:00,0.5071414526610251
1981-10-06 00:00:00,0.5071414526610251
1981-10-07 00:00:00,0.5046886130304081
1981-10-08 00:00:00,0.503570342709767
1981-10-09 00:00:00,0.5010582370598202
1981-10-13 00:00:00,0.5010582370598202
1981-10-14 00:00:00,0.5011997286675148
1981-10-15 00:00:00,0.5017864932003764
1981-10-16 00:00:00,0.5017784946159594
1981-10-19 00:00:00,0.5013621446582487
1981-10-20 00:00:00,0.5022052408870398
1981-10-21 00:00:00,0.5036888118402902
1981-10-22 00:00:00,0.5040755200982125
1981-10-23 00:00:00,0.5031308739518864
1981-10-26 00:00:00,0.5051244845547828
1981-10-27 00:00:00,0.5045150630519164
1981-10-28 00:00:00,0.5026702173065848
1981-10-29 00:00:00,0.5009622540468162
1981-10-30 00:00:00,0.499058133270901
1981-11-02 00:00:00,0.49650654330837446
1981-11-04 00:00:00,0.4952921284135407
1981-11-05 00:00:00,0.4952921284135407
1981-11-06 00:00:00,0.495183843500324
1981-11-09 00:00:00,0.4943156476881569
1981-11-10 00:00:00,0.4952585081173982
1981-11-12 00:00:00,0.49383522032724037
1981-11-13 00:00:00,0.49374451090262256
1981-11-16 00:00:00,0.49412761674044164
1981-11-17 00:00:00,0.49561361657734043
1981-11-18 00:00:00,0.49509133526268695
1981-11-19 00:00:00,0.4954194048110764
1981-11-20 00:00:00,0.49627362734986047
1981-11-23 00:00:00,0.49578121777294265
1981-11-24 00:00:00,0.49492787182825043
1981-11-25 00:00:00,0.49469246560323427
1981-11-27 00:00:00,0.4945826549066636
1981-11-30 00:00:00,0.49436642135538905
1981-12-01 00:00:00,0.4949526181156563
1981-12-02 00:00:00,0.4946120597244573
1981-12-03 00:00:00,0.4952150721993664
1981-12-04 00:00:00,0.4950233747306963
1981-12-07 00:00:00,0.4957836146766102
1981-12-08 00:00:00,0.49658842594246744
1981-12-09 00:00:00,0.49670398352898554
1981-12-10 00:00:00,0.4973295074442512
1981-12-11 00:00:00,0.4973295074442512
1981-12-14 00:00:00,0.49729623648364796
1981-12-15 00:00:00,0.49729623648364796
1981-12-16 00:00:00,0.49740750543027845
1981-12-17 00:00:00,0.49740750543027845
1981-12-18 00:00:00,0.49740750543027845
1981-12-21 00:00:00,0.49740750543027845
1981-12-22 00:00:00,0.49740750543027845
1981-12-23 00:00:00,0.49740750543027845
1981-12-24 00:00:00,0.49740750543027845
1981-12-28 00:00:00,0.49740750543027845
1981-12-29 00:00:00,0.49740750543027845
1981-12-30 00:00:00,0.49740750543027845
1981-12-31 00:00:00,0.49740750543027845
1982-01-04 00:00:00,0.49740750543027845
1982-01-05 00:00:00,0.498452075381733
1982-01-06 00:00:00,0.49839056563411227
1982-01-07 00:00:00,0.49839056563411227
1982-01-08 00:00:00,0.49839056563411227
1982-01-11 00:00:00,0.49839056563411227
1982-01-12 00:00:00,0.49839056563411227
1982-01-13 00:00:00,0.49827063110095576
1982-01-14 00:00:00,0.4986010735367407
1982-01-15 00:00:00,0.49851075864686606
1982-01-18 00:00:00,0.49893348182801167
1982-01-19 00:00:00,0.49905484840303
1982-01-20 00:00:00,0.4982406877574184
1982-01-21 00:00:00,0.499267873569895
1982-01-22 00:00:00,0.49869153464608085
1982-01-25 00:00:00,0.49770444644068684
1982-01-26 00:00:00,0.49881237752544066
1982-01-27 00:00:00,0.49854084738544013
1982-01-28 00:00:00,0.49842058962222413
1982-01-29 00:00:00,0.4991156303090996
1982-02-01 00:00:00,0.49737927765053663
1982-02-02 00:00:00,0.49690969580092653
1982-02-03 00:00:00,0.49609745782304926
1982-02-04 00:00:00,0.49726150692293725
1982-02-05 00:00:00,0.49679292312612294
1982-02-08 00:00:00,0.49621275703996165
1982-02-09 00:00:00,0.4952687541262902
1982-02-10 00:00:00,0.49569581808766516
1982-02-11 00:00:00,0.4960801839062162
1982-02-16 00:00:00,0.4952971207679248
1982-02-17 00:00:00,0.4950988654279443
1982-02-18 00:00:00,0.49621275703996165
1982-02-19 00:00:00,0.4968512784728998
1982-02-22 00:00:00,0.4975564055797866
1982-02-23 00:00:00,0.4971439869047102
1982-02-24 00:00:00,0.49726150692293725
1982-02-25 00:00:00,0.4970853206615686
1982-02-26 00:00:00,0.495982401469153
1982-03-01 00:00:00,0.4962993912944439
1982-03-02 00:00:00,0.4972321034456738
1982-03-03 00:00:00,0.49705601093786134
1982-03-04 00:00:00,0.49764518260928237
1982-03-05 00:00:00,0.4988728969458336
1982-03-08 00:00:00,0.49932595615417635
1982-03-09 00:00:00,0.49932595615417635
1982-03-10 00:00:00,0.4989969925060234
1982-03-11 00:00:00,0.4989969925060234
1982-03-12 00:00:00,0.4989969925060234
1982-03-15 00:00:00,0.4989969925060234
1982-03-16 00:00:00,0.4989969925060234
1982-03-17 00:00:00,0.4989969925060234
1982-03-18 00:00:00,0.4989969925060234
1982-03-19 00:00:00,0.4989969925060234
1982-03-22 00:00:00,0.4989969925060234
1982-03-23 00:00:00,0.4989969925060234
1982-03-24 00:00:00,0.49876729827736804
1982-03-25 00:00:00,0.49819622529345703
1982-03-26 00:00:00,0.49770491744352463
1982-03-29 00:00:00,0.49580929635621657
1982-03-30 00:00:00,0.4965467023743085
1982-03-31 00:00:00,0.49580929635621657
1982-04-01 00:00:00,0.49562613207158357
1982-04-02 00:00:00,0.4957359739790116
1982-04-05 00:00:00,0.494681233083888
1982-04-06 00:00:00,0.493705204930183
1982-04-07 00:00:00,0.493705204930183
1982-04-08 00:00:00,0.4878394600789788
1982-04-09 00:00:00,0.4878394600789788
1982-04-12 00:00:00,0.4889490267053905
1982-04-13 00:00:00,0.49457344035614276
1982-04-14 00:00:00,0.4911833710772354
1982-04-15 00:00:00,0.48870202037717364
1982-04-16 00:00:00,0.48907262352710573
1982-04-19 00:00:00,0.49419445687694263
1982-04-20 00:00:00,0.4963497431178117
1982-04-21 00:00:00,0.4952063728367622
1982-04-22 00:00:00,0.49205780739400573
1982-04-23 00:00:00,0.4908095633366895
1982-04-26 00:00:00,0.49444704796146954
1982-04-27 00:00:00,0.49457344035614276
1982-04-28 00:00:00,0.4958409273893466
1982-04-29 00:00:00,0.49356410680439544
1982-04-30 00:00:00,0.49432072015156614
1982-05-03 00:00:00,0.49762636282747696
1982-05-04 00:00:00,0.49419445687694263
1982-05-05 00:00:00,0.49903825088295856
1982-05-06 00:00:00,0.5040942785172619
1982-05-07 00:00:00,0.5040942785172619
1982-05-10 00:00:00,0.5047076006233772
1982-05-11 00:00:00,0.5054300926857629
1982-05-12 00:00:00,0.5063662142300194
1982-05-13 00:00:00,0.5063662142300194
1982-05-14 00:00:00,0.5063662142300194
1982-05-17 00:00:00,0.5063662142300194
1982-05-18 00:00:00,0.5063662142300194
1982-05-19 00:00:00,0.5063662142300194
1982-05-20 00:00:00,0.5063662142300194
1982-05-21 00:00:00,0.5063662142300194
1982-05-24 00:00:00,0.5063662142300194
1982-05-25 00:00:00,0.5063662142300194
1982-05-26 00:00:00,0.5063662142300194
1982-05-27 00:00:00,0.5063662142300194
1982-05-28 00:00:00,0.5063662142300194
1982-06-01 00:00:00,0.5041074283132344
1982-06-02 00:00:00,0.5045135421628093
1982-06-03 00:00:00,0.5041884905638412
1982-06-04 00:00:00,0.5037839783472841
1982-06-07 00:00:00,0.5035422265580188
1982-06-08 00:00:00,0.5025028317828844
1982-06-09 00:00:00,0.5015550511390461
1982-06-10 00:00:00,0.5010353969504977
1982-06-11 00:00:00,0.5010353969504977
1982-06-14 00:00:00,0.49818227578328766
1982-06-15 00:00:00,0.49749424820090127
1982-06-16 00:00:00,0.49512767604930297
1982-06-17 00:00:00,0.49512767604930297
1982-06-18 00:00:00,0.49253377528246295
1982-06-21 00:00:00,0.49253377528246295
1982-06-22 00:00:00,0.5019647714582881
1982-06-23 00:00:00,0.4956768648434714
1982-06-24 00:00:00,0.4986231134457269
1982-06-25 00:00:00,0.49322879001710435
1982-06-28 00:00:00,0.4908047777095079
1982-06-29 00:00:00,0.4976765104776286
1982-06-30 00:00:00,0.49945434988157356
1982-07-01 00:00:00,0.4987416920696141
1982-07-02 00:00:00,0.498386125273937
1982-07-06 00:00:00,0.4947414048484849
1982-07-07 00:00:00,0.4889401165354953
1982-07-08 00:00:00,0.4889401165354953
1982-07-09 00:00:00,0.4901772745170131
1982-07-12 00:00:00,0.4909648036282319
1982-07-13 00:00:00,0.48981355684674255
1982-07-14 00:00:00,0.48976179224166216
1982-07-15 00:00:00,0.4901772745170131
1982-07-16 00:00:00,0.4911767078491594
1982-07-19 00:00:00,0.49112365629361127
1982-07-20 00:00:00,0.49219435627321045
1982-07-21 00:00:00,0.49356196759423976
1982-07-22 00:00:00,0.49339088344257936
1982-07-23 00:00:00,0.49339088344257936
1982-07-26 00:00:00,0.49354514090156465
1982-07-27 00:00:00,0.49354514090156465
1982-07-28 00:00:00,0.4940425908346771
1982-07-29 00:00:00,0.4940425908346771
1982-07-30 00:00:00,0.4940425908346771
1982-08-02 00:00:00,0.4940425908346771
1982-08-03 00:00:00,0.4940425908346771
1982-08-04 00:00:00,0.4940425908346771
1982-08-05 00:00:00,0.4940425908346771
1982-08-06 00:00:00,0.4940425908346771
1982-08-09 00:00:00,0.4940425908346771
1982-08-10 00:00:00,0.4940425908346771
1982-08-11 00:00:00,0.49367763309122314
1982-08-12 00:00:00,0.49347353292427915
1982-08-13 00:00:00,0.4941113234796309
1982-08-16 00:00:00,0.49342829282040246
1982-08-17 00:00:00,0.4939968224145216
1982-08-18 00:00:00,0.49574282799266944
1982-08-19 00:00:00,0.49547696362783783
1982-08-20 00:00:00,0.49547696362783783
1982-08-23 00:00:00,0.49547696362783783
1982-08-24 00:00:00,0.49547696362783783
1982-08-25 00:00:00,0.49547696362783783
1982-08-26 00:00:00,0.49753228330429755
1982-08-27 00:00:00,0.4996079388207949
1982-08-30 00:00:00,0.5025761993613374
1982-08-31 00:00:00,0.5025761993613374
1982-09-01 00:00:00,0.5025761993613374
1982-09-02 00:00:00,0.5025761993613374
1982-09-03 00:00:00,0.5025761993613374
1982-09-07 00:00:00,0.5025761993613374
1982-09-08 00:00:00,0.5025761993613374
1982-09-09 00:00:00,0.5025761993613374
1982-09-10 00:00:00,0.5025761993613374
1982-09-13 00:00:00,0.5025761993613374
1982-09-14 00:00:00,0.5025761993613374
1982-09-15 00:00:00,0.5025761993613374
1982-09-16 00:00:00,0.5025761993613374
1982-09-17 00:00:00,0.5025761993613374
1982-09-20 00:00:00,0.5025761993613374
1982-09-21 00:00:00,0.5025761993613374
1982-09-22 00:00:00,0.5025761993613374
1982-09-23 00:00:00,0.5025761993613374
1982-09-24 00:00:00,0.5025761993613374
1982-09-27 00:00:00,0.5025761993613374
1982-09-28 00:00:00,0.5024631910646634
1982-09-29 00:00:00,0.503826166446442
1982-09-30 00:00:00,0.5036549705231722
1982-10-01 00:00:00,0.5033132873994061
1982-10-04 00:00:00,0.5001137216395352
1982-10-05 00:00:00,0.500557779172348
1982-10-06 00:00:00,0.501731155031376
1982-10-07 00:00:00,0.5053776493521789
1982-10-08 00:00:00,0.5056091526476152
1982-10-12 00:00:00,0.5099109047919042
1982-10-13 00:00:00,0.5069918868292177
1982-10-14 00:00:00,0.5069918868292177
1982-10-15 00:00:00,0.5069918868292177
1982-10-18 00:00:00,0.5069918868292177
1982-10-19 00:00:00,0.5069918868292177
1982-10-20 00:00:00,0.5069918868292177
1982-10-21 00:00:00,0.5069918868292177
1982-10-22 00:00:00,0.5069918868292177
1982-10-25 00:00:00,0.5069918868292177
1982-10-26 00:00:00,0.5069918868292177
1982-10-27 00:00:00,0.5069918868292177
1982-10-28 00:00:00,0.5069918868292177
1982-10-29 00:00:00,0.5069918868292177
1982-11-01 00:00:00,0.50865832749219
1982-11-03 00:00:00,0.5077462611045426
1982-11-04 00:00:00,0.5055478700645695
1982-11-05 00:00:00,0.5059443337327342
1982-11-08 00:00:00,0.5037326397927774
1982-11-09 00:00:00,0.5066915704472743
1982-11-10 00:00:00,0.5060436731858985
1982-11-12 00:00:00,0.5053501730286006
1982-11-15 00:00:00,0.5057459233114139
1982-11-16 00:00:00,0.5085057964353429
1982-11-17 00:00:00,0.5073935807175989
1982-11-18 00:00:00,0.5078977535960394
1982-11-19 00:00:00,0.5096292286306437
1982-11-22 00:00:00,0.508490231989618
1982-11-23 00:00:00,0.508490231989618
1982-11-24 00:00:00,0.508490231989618
1982-11-26 00:00:00,0.508490231989618
1982-11-29 00:00:00,0.5074204812587593
1982-11-30 00:00:00,0.5064838271079246
1982-12-01 00:00:00,0.5060827731751402
1982-12-02 00:00:00,0.5052498086324304
1982-12-03 00:00:00,0.503905352660887
1982-12-06 00:00:00,0.5034883710061598
1982-12-07 00:00:00,0.5027760009328782
1982-12-08 00:00:00,0.5027760009328782
1982-12-09 00:00:00,0.5093515194339978
1982-12-10 00:00:00,0.5068215192849473
1982-12-13 00:00:00,0.5152646471990734
1982-12-14 00:00:00,0.5060444894800569
1982-12-15 00:00:00,0.5088801751777376
1982-12-16 00:00:00,0.4999113714989198
1982-12-17 00:00:00,0.4982515051386701
1982-12-20 00:00:00,0.4982515051386701
1982-12-21 00:00:00,0.4982515051386701
1982-12-22 00:00:00,0.4982515051386701
1982-12-23 00:00:00,0.49609679968988485
1982-12-24 00:00:00,0.4939229572119249
1982-12-27 00:00:00,0.49389565150640785
1982-12-28 00:00:00,0.49338871277186414
1982-12-29 00:00:00,0.49225672021479355
1982-12-30 00:00:00,0.49225672021479355
1982-12-31 00:00:00,0.49225672021479355
1983-01-03 00:00:00,0.49225672021479355
1983-01-04 00:00:00,0.49225672021479355
1983-01-05 00:00:00,0.49225672021479355
1983-01-06 00:00:00,0.49225672021479355
1983-01-07 00:00:00,0.49027050297780034
1983-01-10 00:00:00,0.4887035822112993
1983-01-11 00:00:00,0.4902521716948076
1983-01-12 00:00:00,0.4910727039650905
1983-01-13 00:00:00,0.4885484623989522
1983-01-14 00:00:00,0.49005770557318074
1983-01-17 00:00:00,0.4900067436599416
1983-01-18 00:00:00,0.49250820600346773
1983-01-19 00:00:00,0.4934655829800853
1983-01-20 00:00:00,0.4936163675999621
1983-01-21 00:00:00,0.49463904583444557
1983-01-24 00:00:00,0.4972659130266586
1983-01-25 00:00:00,0.494533432823123
1983-01-26 00:00:00,0.494533432823123
1983-01-27 00:00:00,0.494533432823123
1983-01-28 00:00:00,0.494533432823123
1983-01-31 00:00:00,0.494533432823123
1983-02-01 00:00:00,0.494533432823123
1983-02-02 00:00:00,0.49399906123164083
1983-02-03 00:00:00,0.49399906123164083
1983-02-04 00:00:00,0.49368650396350144
1983-02-07 00:00:00,0.49368650396350144
1983-02-08 00:00:00,0.49368650396350144
1983-02-09 00:00:00,0.49368650396350144
1983-02-10 00:00:00,0.49368650396350144
1983-02-11 00:00:00,0.49368650396350144
1983-02-14 00:00:00,0.49368650396350144
1983-02-15 00:00:00,0.49368650396350144
1983-02-16 00:00:00,0.49368650396350144
1983-02-17 00:00:00,0.49368650396350144
1983-02-18 00:00:00,0.4938553174572913
1983-02-22 00:00:00,0.4938553174572913
1983-02-23 00:00:00,0.4938553174572913
1983-02-24 00:00:00,0.4938553174572913
1983-02-25 00:00:00,0.4938553174572913
1983-02-28 00:00:00,0.4938553174572913
1983-03-01 00:00:00,0.4938553174572913
1983-03-02 00:00:00,0.4946738533189756
1983-03-03 00:00:00,0.4946738533189756
1983-03-04 00:00:00,0.4954066261372809
1983-03-07 00:00:00,0.49527859537251356
1983-03-08 00:00:00,0.49416891781679345
1983-03-09 00:00:00,0.4942003614997843
1983-03-10 00:00:00,0.49483245308037466
1983-03-11 00:00:00,0.49357437118927683
1983-03-14 00:00:00,0.4941060761649136
1983-03-15 00:00:00,0.49483245308037466
1983-03-16 00:00:00,0.494959611406148
1983-03-17 00:00:00,0.49426329463531904
1983-03-18 00:00:00,0.49388660922030403
1983-03-21 00:00:00,0.4930779127199436
1983-03-22 00:00:00,0.49320166896975814
1983-03-23 00:00:00,0.4926466337525736
1983-03-24 00:00:00,0.4936366981820468
1983-03-25 00:00:00,0.49401192780631625
1983-03-28 00:00:00,0.49273880694695626
1983-03-29 00:00:00,0.49298525160279927
1983-03-30 00:00:00,0.4928311128282789
1983-03-31 00:00:00,0.49273880694695626
1983-04-01 00:00:00,0.49261593879099524
1983-04-04 00:00:00,0.49357437118927683
1983-04-05 00:00:00,0.4948642194181562
1983-04-06 00:00:00,0.49527859537251356
1983-04-07 00:00:00,0.49492080336165967
1983-04-08 00:00:00,0.49492080336165967
1983-04-11 00:00:00,0.49492080336165967
1983-04-12 00:00:00,0.49492080336165967
1983-04-13 00:00:00,0.49492080336165967
1983-04-14 00:00:00,0.49460934781962884
1983-04-15 00:00:00,0.49460934781962884
1983-04-18 00:00:00,0.49460934781962884
1983-04-19 00:00:00,0.49472966602197765
1983-04-20 00:00:00,0.49472966602197765
1983-04-21 00:00:00,0.49472966602197765
1983-04-22 00:00:00,0.49472966602197765
1983-04-25 00:00:00,0.49472966602197765
1983-04-26 00:00:00,0.49472966602197765
1983-04-27 00:00:00,0.49472966602197765
1983-04-28 00:00:00,0.49472966602197765
1983-04-29 00:00:00,0.49472966602197765
1983-05-02 00:00:00,0.49472966602197765
1983-05-03 00:00:00,0.49478691093700844
1983-05-04 00:00:00,0.4956750559143026
1983-05-05 00:00:00,0.4959141545629455
1983-05-06 00:00:00,0.4959141545629455
1983-05-09 00:00:00,0.4959141545629455
1983-05-10 00:00:00,0.4959141545629455
1983-05-11 00:00:00,0.4943725539317509
1983-05-12 00:00:00,0.4942337830554579
1983-05-13 00:00:00,0.4942668634394846
1983-05-16 00:00:00,0.49595886432218195
1983-05-17 00:00:00,0.49636924699082796
1983-05-18 00:00:00,0.49423716836857434
1983-05-19 00:00:00,0.498133517337499
1983-05-20 00:00:00,0.49880780947538184
1983-05-23 00:00:00,0.49880780947538184
1983-05-24 00:00:00,0.4981161619734681
1983-05-25 00:00:00,0.49976318303725403
1983-05-26 00:00:00,0.4995021242127814
1983-05-27 00:00:00,0.4976852299192932
1983-05-31 00:00:00,0.49580134136375636
1983-06-01 00:00:00,0.49349223706716216
1983-06-02 00:00:00,0.49349223706716216
1983-06-03 00:00:00,0.49243901673668933
1983-06-06 00:00:00,0.48950423565324175
1983-06-07 00:00:00,0.48950423565324175
1983-06-08 00:00:00,0.48950423565324175
1983-06-09 00:00:00,0.49007904100276406
1983-06-10 00:00:00,0.4905398581546238
1983-06-13 00:00:00,0.4905398581546238
1983-06-14 00:00:00,0.4887017696931545
1983-06-15 00:00:00,0.4879833374052735
1983-06-16 00:00:00,0.4879833374052735
1983-06-17 00:00:00,0.4879833374052735
1983-06-20 00:00:00,0.4879833374052735
1983-06-21 00:00:00,0.4879833374052735
1983-06-22 00:00:00,0.4879833374052735
1983-06-23 00:00:00,0.4879833374052735
1983-06-24 00:00:00,0.4879833374052735
1983-06-27 00:00:00,0.4879833374052735
1983-06-28 00:00:00,0.4879833374052735
1983-06-29 00:00:00,0.4879833374052735
1983-06-30 00:00:00,0.4879833374052735
1983-07-01 00:00:00,0.4879833374052735
1983-07-05 00:00:00,0.4879833374052735
1983-07-06 00:00:00,0.4879833374052735
1983-07-07 00:00:00,0.4879833374052735
1983-07-08 00:00:00,0.4879833374052735
1983-07-11 00:00:00,0.4879833374052735
1983-07-12 00:00:00,0.4879833374052735
1983-07-13 00:00:00,0.4879833374052735
1983-07-14 00:00:00,0.4879833374052735
1983-07-15 00:00:00,0.4879833374052735
1983-07-18 00:00:00,0.4879833374052735
1983-07-19 00:00:00,0.4879833374052735
1983-07-20 00:00:00,0.4879833374052735
1983-07-21 00:00:00,0.4879833374052735
1983-07-22 00:00:00,0.4879833374052735
1983-07-25 00:00:00,0.4879833374052735
1983-07-26 00:00:00,0.4879833374052735
1983-07-27 00:00:00,0.4879833374052735
1983-07-28 00:00:00,0.4879833374052735
1983-07-29 00:00:00,0.4879833374052735
1983-08-01 00:00:00,0.4879833374052735
1983-08-02 00:00:00,0.48950664791774406
1983-08-03 00:00:00,0.48809148861256885
1983-08-04 00:00:00,0.4873902953535131
1983-08-05 00:00:00,0.48631973714820326
1983-08-08 00:00:00,0.48547036703020585
1983-08-09 00:00:00,0.48557619698664173
1983-08-10 00:00:00,0.483686007926418
1983-08-11 00:00:00,0.4840511134458632
1983-08-12 00:00:00,0.4848374220172349
1983-08-15 00:00:00,0.48653305889158094
1983-08-16 00:00:00,0.48945190100879543
1983-08-17 00:00:00,0.48950664791774406
1983-08-18 00:00:00,0.48906938729112076
1983-08-19 00:00:00,0.4879833374052735
1983-08-22 00:00:00,0.48945190100879543
1983-08-23 00:00:00,0.48983566711001725
1983-08-24 00:00:00,0.48883594739508246
1983-08-25 00:00:00,0.48883594739508246
1983-08-26 00:00:00,0.48883594739508246
1983-08-29 00:00:00,0.48883594739508246
1983-08-30 00:00:00,0.48883594739508246
1983-08-31 00:00:00,0.48883594739508246
1983-09-01 00:00:00,0.48883594739508246
1983-09-02 00:00:00,0.48883594739508246
1983-09-06 00:00:00,0.48883594739508246
1983-09-07 00:00:00,0.48883594739508246
1983-09-08 00:00:00,0.48883594739508246
1983-09-09 00:00:00,0.48883594739508246
1983-09-12 00:00:00,0.48883594739508246
1983-09-13 00:00:00,0.48883594739508246
1983-09-14 00:00:00,0.48883594739508246
1983-09-15 00:00:00,0.48883594739508246
1983-09-16 00:00:00,0.48883594739508246
1983-09-19 00:00:00,0.48883594739508246
1983-09-20 00:00:00,0.48883594739508246
1983-09-21 00:00:00,0.48883594739508246
1983-09-22 00:00:00,0.48883594739508246
1983-09-23 00:00:00,0.48883594739508246
1983-09-26 00:00:00,0.48883594739508246
1983-09-27 00:00:00,0.48838840508584874
1983-09-28 00:00:00,0.48838840508584874
1983-09-29 00:00:00,0.48818848335480897
1983-09-30 00:00:00,0.48733350236136297
1983-10-03 00:00:00,0.48676094679731996
1983-10-04 00:00:00,0.487113501684287
1983-10-05 00:00:00,0.48580871356402894
1983-10-06 00:00:00,0.48522618786079014
1983-10-07 00:00:00,0.48459848228299235
1983-10-11 00:00:00,0.4859425617526939
1983-10-12 00:00:00,0.4875056536530604
1983-10-13 00:00:00,0.48689445829653283
1983-10-14 00:00:00,0.48732626235270105
1983-10-17 00:00:00,0.4864555053831365
1983-10-18 00:00:00,0.4854451418781541
1983-10-19 00:00:00,0.48555809627203766
1983-10-20 00:00:00,0.4859153198578954
1983-10-21 00:00:00,0.48566117063644954
1983-10-24 00:00:00,0.48725201829214504
1983-10-25 00:00:00,0.48673629809649055
1983-10-26 00:00:00,0.48740860479974024
1983-10-27 00:00:00,0.4875186883909264
1983-10-28 00:00:00,0.4879070596355905
1983-10-31 00:00:00,0.48896288176522695
1983-11-01 00:00:00,0.490341066941949
1983-11-02 00:00:00,0.490341066941949
1983-11-03 00:00:00,0.48988339581064116
1983-11-04 00:00:00,0.48988339581064116
1983-11-07 00:00:00,0.4893693398406192
1983-11-09 00:00:00,0.4900677918967736
1983-11-10 00:00:00,0.49122061017875585
1983-11-14 00:00:00,0.490352817581767
1983-11-15 00:00:00,0.490352817581767
1983-11-16 00:00:00,0.490352817581767
1983-11-17 00:00:00,0.490352817581767
1983-11-18 00:00:00,0.490352817581767
1983-11-21 00:00:00,0.490352817581767
1983-11-22 00:00:00,0.490352817581767
1983-11-23 00:00:00,0.490352817581767
1983-11-25 00:00:00,0.490352817581767
1983-11-28 00:00:00,0.490352817581767
1983-11-29 00:00:00,0.490352817581767
1983-11-30 00:00:00,0.490352817581767
1983-12-01 00:00:00,0.490352817581767
1983-12-02 00:00:00,0.490352817581767
1983-12-05 00:00:00,0.490352817581767
1983-12-06 00:00:00,0.490352817581767
1983-12-07 00:00:00,0.4899793998490437
1983-12-08 00:00:00,0.48965377626721845
1983-12-09 00:00:00,0.4880411186683304
1983-12-12 00:00:00,0.4879954176767008
1983-12-13 00:00:00,0.487267001511016
1983-12-14 00:00:00,0.4879497373408867
1983-12-15 00:00:00,0.48785843858071426
1983-12-16 00:00:00,0.4876305521785464
1983-12-19 00:00:00,0.4880411186683304
1983-12-20 00:00:00,0.4883616051512978
1983-12-21 00:00:00,0.48813258267510223
1983-12-22 00:00:00,0.4880411186683304
1983-12-23 00:00:00,0.4892829048485323
1983-12-27 00:00:00,0.4900260024673428
1983-12-28 00:00:00,0.49011927157230767
1983-12-29 00:00:00,0.4905868982661564
1983-12-30 00:00:00,0.4910566710210142
1984-01-03 00:00:00,0.4875236887205237
1984-01-04 00:00:00,0.4875236887205237
1984-01-05 00:00:00,0.4875236887205237
1984-01-06 00:00:00,0.4869461207093378
1984-01-09 00:00:00,0.4857930835833602
1984-01-10 00:00:00,0.4871835172943557
1984-01-11 00:00:00,0.4857094694241669
1984-01-12 00:00:00,0.4859605348728379
1984-01-13 00:00:00,0.4878650818622514
1984-01-16 00:00:00,0.4883365043843835
1984-01-17 00:00:00,0.4870986645626887
1984-01-18 00:00:00,0.48743853158466727
1984-01-19 00:00:00,0.48825061769006795
1984-01-20 00:00:00,0.4867600110806234
1984-01-23 00:00:00,0.48705626664546875
1984-01-24 00:00:00,0.486212270723241
1984-01-25 00:00:00,0.48646467966415324
1984-01-26 00:00:00,0.4869461207093378
1984-01-27 00:00:00,0.48629633211585116
1984-01-30 00:00:00,0.48667553656437995
1984-01-31 00:00:00,0.4857094694241669
1984-02-01 00:00:00,0.48722597213426033
1984-02-02 00:00:00,0.4887239531088866
1984-02-03 00:00:00,0.49045204801512293
1984-02-06 00:00:00,0.49045204801512293
1984-02-07 00:00:00,0.49155170047209856
1984-02-08 00:00:00,0.49155170047209856
1984-02-09 00:00:00,0.49155170047209856
1984-02-10 00:00:00,0.49155170047209856
1984-02-14 00:00:00,0.49155170047209856
1984-02-15 00:00:00,0.49155170047209856
1984-02-16 00:00:00,0.49155170047209856
1984-02-17 00:00:00,0.49171940654493407
1984-02-21 00:00:00,0.4940056922961699
1984-02-22 00:00:00,0.49159319382119154
1984-02-23 00:00:00,0.49159319382119154
1984-02-24 00:00:00,0.48970655719764117
1984-02-27 00:00:00,0.49009154129854976
1984-02-28 00:00:00,0.48893299707332843
1984-02-29 00:00:00,0.48907086816739115
1984-03-01 00:00:00,0.4898560931943031
1984-03-02 00:00:00,0.48768692074326786
1984-03-05 00:00:00,0.4848918529357789
1984-03-06 00:00:00,0.4848918529357789
1984-03-07 00:00:00,0.4848918529357789
1984-03-08 00:00:00,0.4848918529357789
1984-03-09 00:00:00,0.48440954148956245
1984-03-12 00:00:00,0.4886648044917383
1984-03-13 00:00:00,0.48252748018221725
1984-03-14 00:00:00,0.48295748184153325
1984-03-15 00:00:00,0.4863363906577222
1984-03-16 00:00:00,0.48922271798525524
1984-03-19 00:00:00,0.49074952307686454
1984-03-20 00:00:00,0.49160553041539906
1984-03-21 00:00:00,0.4937075687944232
1984-03-22 00:00:00,0.49330779199248026
1984-03-23 00:00:00,0.4926221936495823
1984-03-26 00:00:00,0.48927822775237023
1984-03-27 00:00:00,0.48817944639291466
1984-03-28 00:00:00,0.4894450005033148
1984-03-29 00:00:00,0.48628314067644646
1984-03-30 00:00:00,0.4881629164028181
1984-04-02 00:00:00,0.48835848760238404
1984-04-03 00:00:00,0.4914371118932571
1984-04-04 00:00:00,0.49228945634684546
1984-04-05 00:00:00,0.49419368463162955
1984-04-06 00:00:00,0.49419368463162955
1984-04-09 00:00:00,0.4941339320035843
1984-04-10 00:00:00,0.4941339320035843
1984-04-11 00:00:00,0.4941339320035843
1984-04-12 00:00:00,0.4941339320035843
1984-04-13 00:00:00,0.4941339320035843
1984-04-16 00:00:00,0.4941339320035843
1984-04-17 00:00:00,0.4941339320035843
1984-04-18 00:00:00,0.49423125534067697
1984-04-19 00:00:00,0.49423125534067697
1984-04-20 00:00:00,0.49423125534067697
1984-04-23 00:00:00,0.4945617257134467
1984-04-24 00:00:00,0.4933495318471977
1984-04-25 00:00:00,0.4933495318471977
1984-04-26 00:00:00,0.49257531452294456
1984-04-27 00:00:00,0.4919505300863015
1984-04-30 00:00:00,0.49105538978214675
1984-05-01 00:00:00,0.49118161946542876
1984-05-02 00:00:00,0.49096640143807796
1984-05-03 00:00:00,0.49138994447822737
1984-05-04 00:00:00,0.49075913102340657
1984-05-07 00:00:00,0.4884623872681968
1984-05-08 00:00:00,0.4884623872681968
1984-05-09 00:00:00,0.48860632549768995
1984-05-10 00:00:00,0.487981389403425
1984-05-11 00:00:00,0.487981389403425
1984-05-14 00:00:00,0.4898696918266367
1984-05-15 00:00:00,0.4914562316350009
1984-05-16 00:00:00,0.49211296924630643
1984-05-17 00:00:00,0.49108186086559175
1984-05-18 00:00:00,0.48968381745911466
1984-05-21 00:00:00,0.49183126223392226
1984-05-22 00:00:00,0.49230098102828135
1984-05-23 00:00:00,0.4903350918621115
1984-05-24 00:00:00,0.49211296924630643
1984-05-25 00:00:00,0.4957137836015788
1984-05-29 00:00:00,0.49381106769147476
1984-05-30 00:00:00,0.4926775026366868
1984-05-31 00:00:00,0.49362172220112854
1984-06-01 00:00:00,0.49947317302512867
1984-06-04 00:00:00,0.5000282798269088
1984-06-05 00:00:00,0.5000282798269088
1984-06-06 00:00:00,0.49997751411315167
1984-06-07 00:00:00,0.49997751411315167
1984-06-08 00:00:00,0.5000659514570056
1984-06-11 00:00:00,0.5000659514570056
1984-06-12 00:00:00,0.5000659514570056
1984-06-13 00:00:00,0.5000659514570056
1984-06-14 00:00:00,0.5000659514570056
1984-06-15 00:00:00,0.5000659514570056
1984-06-18 00:00:00,0.5000659514570056
1984-06-19 00:00:00,0.5000659514570056
1984-06-20 00:00:00,0.49901533823329774
1984-06-21 00:00:00,0.49861118246179115
1984-06-22 00:00:00,0.49858240777874774
1984-06-25 00:00:00,0.49730029609870613
1984-06-26 00:00:00,0.4980951341732562
1984-06-27 00:00:00,0.49752641886385013
1984-06-28 00:00:00,0.4978101655223032
1984-06-29 00:00:00,0.4975830708135902
1984-07-02 00:00:00,0.49693449365750525
1984-07-03 00:00:00,0.49571131627030696
1984-07-05 00:00:00,0.4951901344563305
1984-07-06 00:00:00,0.4944432823499027
1984-07-09 00:00:00,0.4944432823499027
1984-07-10 00:00:00,0.4960985245338814
1984-07-11 00:00:00,0.4923185868858677
1984-07-12 00:00:00,0.4912635170187364
1984-07-13 00:00:00,0.4928961177438191
1984-07-16 00:00:00,0.4954155265514635
1984-07-17 00:00:00,0.4914549893412675
1984-07-18 00:00:00,0.4886495230757886
1984-07-19 00:00:00,0.4886495230757886
1984-07-20 00:00:00,0.4874284950363059
1984-07-23 00:00:00,0.4861071405919397
1984-07-24 00:00:00,0.4860917048185041
1984-07-25 00:00:00,0.4865713933569887
1984-07-26 00:00:00,0.48707692365933514
1984-07-27 00:00:00,0.48442424003258133
1984-07-30 00:00:00,0.4843105913795701
1984-07-31 00:00:00,0.4835743329851051
1984-08-01 00:00:00,0.4835743329851051
1984-08-02 00:00:00,0.48438433822700167
1984-08-03 00:00:00,0.48717264216389033
1984-08-06 00:00:00,0.4861814350222
1984-08-07 00:00:00,0.4841519654692158
1984-08-08 00:00:00,0.48473432296342145
1984-08-09 00:00:00,0.4849392751145155
1984-08-10 00:00:00,0.4848806574207679
1984-08-13 00:00:00,0.48441343816172744
1984-08-14 00:00:00,0.48612179600634775
1984-08-15 00:00:00,0.48672041196268373
1984-08-16 00:00:00,0.48891715990533285
1984-08-17 00:00:00,0.48838071636490443
1984-08-20 00:00:00,0.48838071636490443
1984-08-21 00:00:00,0.48858964625217643
1984-08-22 00:00:00,0.48858964625217643
1984-08-23 00:00:00,0.48858964625217643
1984-08-24 00:00:00,0.48858964625217643
1984-08-27 00:00:00,0.48858964625217643
1984-08-28 00:00:00,0.48858964625217643
1984-08-29 00:00:00,0.48858964625217643
1984-08-30 00:00:00,0.48858964625217643
1984-08-31 00:00:00,0.48858964625217643
1984-09-04 00:00:00,0.48858964625217643
1984-09-05 00:00:00,0.48858964625217643
1984-09-06 00:00:00,0.48858964625217643
1984-09-07 00:00:00,0.4873939570987426
1984-09-10 00:00:00,0.48716237770340876
1984-09-11 00:00:00,0.48683972338621245
1984-09-12 00:00:00,0.4872548978570144
1984-09-13 00:00:00,0.48619980730308227
1984-09-14 00:00:00,0.4865645977887948
1984-09-17 00:00:00,0.48554451044762753
1984-09-18 00:00:00,0.4848522844461564
1984-09-19 00:00:00,0.4852308438199364
1984-09-20 00:00:00,0.48423426138329156
1984-09-21 00:00:00,0.48622253865051285
1984-09-24 00:00:00,0.48716237770340876
1984-09-25 00:00:00,0.48576962387475
1984-09-26 00:00:00,0.4864275286364928
1984-09-27 00:00:00,0.4865645977887948
1984-09-28 00:00:00,0.4852979121523618
1984-10-01 00:00:00,0.48574707238101034
1984-10-02 00:00:00,0.486359116955577
1984-10-03 00:00:00,0.4870238755896944
1984-10-04 00:00:00,0.4864275286364928
1984-10-05 00:00:00,0.48583733202870305
1984-10-09 00:00:00,0.4848522844461564
1984-10-10 00:00:00,0.48509694503291506
1984-10-11 00:00:00,0.4846750131497578
1984-10-12 00:00:00,0.48401517575698605
1984-10-15 00:00:00,0.4835445754775386
1984-10-16 00:00:00,0.4835445754775386
1984-10-17 00:00:00,0.48432334745133476
1984-10-18 00:00:00,0.4846082004734295
1984-10-19 00:00:00,0.4860821897792935
1984-10-22 00:00:00,0.48640894689127834
1984-10-23 00:00:00,0.48820855728223944
1984-10-24 00:00:00,0.4896119316862818
1984-10-25 00:00:00,0.4896119316862818
1984-10-26 00:00:00,0.49006636365133366
1984-10-29 00:00:00,0.49006636365133366
1984-10-30 00:00:00,0.49006636365133366
1984-10-31 00:00:00,0.49006636365133366
1984-11-01 00:00:00,0.49006636365133366
1984-11-02 00:00:00,0.49006636365133366
1984-11-05 00:00:00,0.4893414140138461
1984-11-07 00:00:00,0.4896508065889845
1984-11-08 00:00:00,0.4895545960208546
1984-11-09 00:00:00,0.49004147666545217
1984-11-13 00:00:00,0.4894971022002521
1984-11-14 00:00:00,0.4910895235096653
1984-11-15 00:00:00,0.49071009589176257
1984-11-16 00:00:00,0.49120818221596707
1984-11-19 00:00:00,0.49211077320878904
1984-11-20 00:00:00,0.49275421359752664
1984-11-21 00:00:00,0.49275421359752664
1984-11-23 00:00:00,0.49275421359752664
1984-11-26 00:00:00,0.49275421359752664
1984-11-27 00:00:00,0.49275421359752664
1984-11-28 00:00:00,0.4928390182377464
1984-11-29 00:00:00,0.49252169258922784
1984-11-30 00:00:00,0.491415395606175
1984-12-03 00:00:00,0.4909833733783211
1984-12-04 00:00:00,0.49245845322480775
1984-12-05 00:00:00,0.4918301595786922
1984-12-06 00:00:00,0.4926272584324471
1984-12-07 00:00:00,0.4918397464410128
1984-12-10 00:00:00,0.4918397464410128
1984-12-11 00:00:00,0.4918397464410128
1984-12-12 00:00:00,0.4918397464410128
1984-12-13 00:00:00,0.4918397464410128
1984-12-14 00:00:00,0.4918397464410128
1984-12-17 00:00:00,0.4918397464410128
1984-12-18 00:00:00,0.4918397464410128
1984-12-19 00:00:00,0.4918397464410128
1984-12-20 00:00:00,0.4918397464410128
1984-12-21 00:00:00,0.4918397464410128
1984-12-24 00:00:00,0.4916656601525444
1984-12-26 00:00:00,0.4913187040170643
1984-12-27 00:00:00,0.49000354580440353
1984-12-28 00:00:00,0.4904583438586467
1984-12-31 00:00:00,0.4898902834285343
1985-01-02 00:00:00,0.4889904166654185
1985-01-03 00:00:00,0.4887393082702037
1985-01-04 00:00:00,0.4880462868090999
1985-01-07 00:00:00,0.48730517397770934
1985-01-08 00:00:00,0.4879084710867192
1985-01-09 00:00:00,0.48705981309310875
1985-01-10 00:00:00,0.4879360133183391
1985-01-11 00:00:00,0.4874418463293079
1985-01-14 00:00:00,0.48566697815504944
1985-01-15 00:00:00,0.48566697815504944
1985-01-16 00:00:00,0.48595790586047527
1985-01-17 00:00:00,0.4857759742361766
1985-01-18 00:00:00,0.4855943818466798
1985-01-22 00:00:00,0.4862862406953155
1985-01-23 00:00:00,0.485449351547008
1985-01-24 00:00:00,0.4874256862376519
1985-01-25 00:00:00,0.48690945572786043
1985-01-28 00:00:00,0.4869830367526363
1985-01-29 00:00:00,0.4866523566747556
1985-01-30 00:00:00,0.48599433297717903
1985-01-31 00:00:00,0.4860672280634277
1985-02-01 00:00:00,0.48393948397075165
1985-02-04 00:00:00,0.48147447840958846
1985-02-05 00:00:00,0.4813355219980272
1985-02-06 00:00:00,0.4816136378624817
1985-02-07 00:00:00,0.48000132205079676
1985-02-08 00:00:00,0.48000132205079676
1985-02-11 00:00:00,0.47897102177713236
1985-02-13 00:00:00,0.4781067896396836
1985-02-14 00:00:00,0.4787922332938741
1985-02-15 00:00:00,0.47989762420186294
1985-02-19 00:00:00,0.47815733746281897
1985-02-20 00:00:00,0.47755312713909265
1985-02-21 00:00:00,0.4773028862120543
1985-02-22 00:00:00,0.4758198278418039
1985-02-25 00:00:00,0.4729489413224738
1985-02-26 00:00:00,0.4729489413224738
1985-02-27 00:00:00,0.47779512547939457
1985-02-28 00:00:00,0.47652545720200995
1985-03-01 00:00:00,0.4762289045439288
1985-03-04 00:00:00,0.47388600528603014
1985-03-05 00:00:00,0.4716297905968661
1985-03-06 00:00:00,0.47352460115080497
1985-03-07 00:00:00,0.47330835664962473
1985-03-08 00:00:00,0.4731644419488737
1985-03-11 00:00:00,0.47712106068026194
1985-03-12 00:00:00,0.47779512547939457
1985-03-13 00:00:00,0.4770464273847634
1985-03-14 00:00:00,0.47483152885481295
1985-03-15 00:00:00,0.47512417886920144
1985-03-18 00:00:00,0.4775699630204042
1985-03-19 00:00:00,0.48220457382648096
1985-03-20 00:00:00,0.4843159454451693
1985-03-21 00:00:00,0.4843159454451693
1985-03-22 00:00:00,0.4844759711547559
1985-03-25 00:00:00,0.4844759711547559
1985-03-26 00:00:00,0.4841114427665373
1985-03-27 00:00:00,0.4841114427665373
1985-03-28 00:00:00,0.4841072887091381
1985-03-29 00:00:00,0.4827131231373946
1985-04-01 00:00:00,0.4837976973104424
1985-04-02 00:00:00,0.48436655811117324
1985-04-03 00:00:00,0.4838718061699398
1985-04-04 00:00:00,0.48513484246494254
1985-04-05 00:00:00,0.4847578839791907
1985-04-08 00:00:00,0.4845120023478293
1985-04-09 00:00:00,0.48415579081317023
1985-04-10 00:00:00,0.48415163675577105
1985-04-11 00:00:00,0.4824768572255756
1985-04-12 00:00:00,0.48178260283663443
1985-04-15 00:00:00,0.48059917491625354
1985-04-16 00:00:00,0.48059502085885436
1985-04-17 00:00:00,0.4806507157653825
1985-04-18 00:00:00,0.47906857520610563
1985-04-19 00:00:00,0.47906857520610563
1985-04-22 00:00:00,0.4820300131548781
1985-04-23 00:00:00,0.48789039442152865
1985-04-24 00:00:00,0.4918629676958047
1985-04-25 00:00:00,0.49455998369232046
1985-04-26 00:00:00,0.4935775015092825
1985-04-29 00:00:00,0.493663386778584
1985-04-30 00:00:00,0.492314467989409
1985-05-01 00:00:00,0.49635715061407626
1985-05-02 00:00:00,0.498324633775918
1985-05-03 00:00:00,0.5031499214122073
1985-05-06 00:00:00,0.5031499214122073
1985-05-07 00:00:00,0.5036961896357198
1985-05-08 00:00:00,0.5036961896357198
1985-05-09 00:00:00,0.5036961896357198
1985-05-10 00:00:00,0.5036961896357198
1985-05-13 00:00:00,0.5036961896357198
1985-05-14 00:00:00,0.5036961896357198
1985-05-15 00:00:00,0.5036961896357198
1985-05-16 00:00:00,0.5036961896357198
1985-05-17 00:00:00,0.5036961896357198
1985-05-20 00:00:00,0.5036961896357198
1985-05-21 00:00:00,0.5036961896357198
1985-05-22 00:00:00,0.5036961896357198
1985-05-23 00:00:00,0.5036961896357198
1985-05-24 00:00:00,0.5036961896357198
1985-05-28 00:00:00,0.5036961896357198
1985-05-29 00:00:00,0.5036961896357198
1985-05-30 00:00:00,0.5036961896357198
1985-05-31 00:00:00,0.5036961896357198
1985-06-03 00:00:00,0.5036961896357198
1985-06-04 00:00:00,0.5036961896357198
1985-06-05 00:00:00,0.5036961896357198
1985-06-06 00:00:00,0.5036961896357198
1985-06-07 00:00:00,0.5036961896357198
1985-06-10 00:00:00,0.5036961896357198
1985-06-11 00:00:00,0.5036961896357198
1985-06-12 00:00:00,0.5036345727635868
1985-06-13 00:00:00,0.5036345727635868
1985-06-14 00:00:00,0.5036345727635868
1985-06-17 00:00:00,0.5036345727635868
1985-06-18 00:00:00,0.5036345727635868
1985-06-19 00:00:00,0.5036345727635868
1985-06-20 00:00:00,0.5064900939100113
1985-06-21 00:00:00,0.5058035239531723
1985-06-24 00:00:00,0.5058035239531723
1985-06-25 00:00:00,0.5058035239531723
1985-06-26 00:00:00,0.5058035239531723
1985-06-27 00:00:00,0.5058035239531723
1985-06-28 00:00:00,0.5048023573300205
1985-07-01 00:00:00,0.5051441117825078
1985-07-02 00:00:00,0.505094405801272
1985-07-03 00:00:00,0.5048270361480276
1985-07-05 00:00:00,0.503852889595886
1985-07-08 00:00:00,0.5029744862670357
1985-07-09 00:00:00,0.5017609903609135
1985-07-10 00:00:00,0.5006528004403554
1985-07-11 00:00:00,0.5006528004403554
1985-07-12 00:00:00,0.4927522167712008
1985-07-15 00:00:00,0.4927522167712008
1985-07-16 00:00:00,0.4927522167712008
1985-07-17 00:00:00,0.4927522167712008
1985-07-18 00:00:00,0.4927522167712008
1985-07-19 00:00:00,0.4945888135533631
1985-07-22 00:00:00,0.4947668363271523
1985-07-23 00:00:00,0.48641267558537943
1985-07-24 00:00:00,0.48641267558537943
1985-07-25 00:00:00,0.4841956496419246
1985-07-26 00:00:00,0.48379939437080394
1985-07-29 00:00:00,0.4801856906664505
1985-07-30 00:00:00,0.4801856906664505
1985-07-31 00:00:00,0.479856051151119
1985-08-01 00:00:00,0.4825516559968184
1985-08-02 00:00:00,0.4819179186029923
1985-08-05 00:00:00,0.48298669833104907
1985-08-06 00:00:00,0.486810569802649
1985-08-07 00:00:00,0.4867469981919685
1985-08-08 00:00:00,0.4845761512995718
1985-08-09 00:00:00,0.4846128867495905
1985-08-12 00:00:00,0.48074213236486835
1985-08-13 00:00:00,0.48025697513554044
1985-08-14 00:00:00,0.48055749029917183
1985-08-15 00:00:00,0.47682393485263996
1985-08-16 00:00:00,0.47594366215541495
1985-08-19 00:00:00,0.47620119276191675
1985-08-20 00:00:00,0.47807049411528046
1985-08-21 00:00:00,0.4768762980831364
1985-08-22 00:00:00,0.4741745766789146
1985-08-23 00:00:00,0.4741745766789146
1985-08-26 00:00:00,0.47470249569990147
1985-08-27 00:00:00,0.4752530920848195
1985-08-28 00:00:00,0.4745854530690405
1985-08-29 00:00:00,0.4750148746716681
1985-08-30 00:00:00,0.4759070459636485
1985-09-03 00:00:00,0.4771401952179809
1985-09-04 00:00:00,0.4769407660449659
1985-09-05 00:00:00,0.4769407660449659
1985-09-06 00:00:00,0.4769407660449659
1985-09-09 00:00:00,0.47685514739245055
1985-09-10 00:00:00,0.47685514739245055
1985-09-11 00:00:00,0.4766128493977222
1985-09-12 00:00:00,0.4766128493977222
1985-09-13 00:00:00,0.47717212006754633
1985-09-16 00:00:00,0.47717212006754633
1985-09-17 00:00:00,0.47717212006754633
1985-09-18 00:00:00,0.47717212006754633
1985-09-19 00:00:00,0.47717212006754633
1985-09-20 00:00:00,0.47717212006754633
1985-09-23 00:00:00,0.47717212006754633
1985-09-24 00:00:00,0.47717212006754633
1985-09-25 00:00:00,0.47580247707184314
1985-09-26 00:00:00,0.4750485167650577
1985-09-27 00:00:00,0.4753098617164812
1985-09-30 00:00:00,0.47519616547337107
1985-10-01 00:00:00,0.47372501330643196
1985-10-02 00:00:00,0.4735533893419787
1985-10-03 00:00:00,0.4725471949155925
1985-10-04 00:00:00,0.4733746612639699
1985-10-07 00:00:00,0.473862949990945
1985-10-08 00:00:00,0.4738563037248409
1985-10-09 00:00:00,0.4741228522746675
1985-10-10 00:00:00,0.47465884639775413
1985-10-11 00:00:00,0.4742184864541921
1985-10-15 00:00:00,0.4744832837574086
1985-10-16 00:00:00,0.4756563644815599
1985-10-17 00:00:00,0.47403508246641035
1985-10-18 00:00:00,0.47370014926377835
1985-10-21 00:00:00,0.47341853993276817
1985-10-22 00:00:00,0.4739059161231787
1985-10-23 00:00:00,0.4734603416165213
1985-10-24 00:00:00,0.4738379343851235
1985-10-25 00:00:00,0.47399520486978575
1985-10-28 00:00:00,0.4735504387050021
1985-10-29 00:00:00,0.47260196201717247
1985-10-30 00:00:00,0.4725953157510684
1985-10-31 00:00:00,0.47264448337518983
1985-11-01 00:00:00,0.47176044792597027
1985-11-04 00:00:00,0.47176044792597027
1985-11-05 00:00:00,0.4722149750097611
1985-11-06 00:00:00,0.4718403977020091
1985-11-07 00:00:00,0.47248589355775816
1985-11-08 00:00:00,0.4723943599138092
1985-11-12 00:00:00,0.4722325818391189
1985-11-13 00:00:00,0.47189373073225777
1985-11-14 00:00:00,0.47190704335196004
1985-11-15 00:00:00,0.47211417691495805
1985-11-18 00:00:00,0.4718275487272248
1985-11-19 00:00:00,0.4713241170056662
1985-11-20 00:00:00,0.4718188171850167
1985-11-21 00:00:00,0.47108143727221274
1985-11-22 00:00:00,0.47056828168352804
1985-11-25 00:00:00,0.4703437879226214
1985-11-26 00:00:00,0.4699511583818421
1985-11-27 00:00:00,0.469909611644141
1985-11-29 00:00:00,0.4695690091549255
1985-12-02 00:00:00,0.47045488533581264
1985-12-03 00:00:00,0.4707609652071618
1985-12-04 00:00:00,0.47009620473073394
1985-12-05 00:00:00,0.47011033641787975
1985-12-06 00:00:00,0.47043742225139645
1985-12-09 00:00:00,0.47085247582973094
1985-12-10 00:00:00,0.4709929286892727
1985-12-11 00:00:00,0.4712944956765032
1985-12-12 00:00:00,0.47036491419722476
1985-12-13 00:00:00,0.4704705599726059
1985-12-16 00:00:00,0.4707034808984895
1985-12-17 00:00:00,0.4704435149381509
1985-12-18 00:00:00,0.47073112548809165
1985-12-19 00:00:00,0.4707631014505645
1985-12-20 00:00:00,0.4706131621602156
1985-12-23 00:00:00,0.47038939876925207
1985-12-24 00:00:00,0.47034834507233025
1985-12-26 00:00:00,0.47030725648437105
1985-12-27 00:00:00,0.4696358564111383
1985-12-30 00:00:00,0.4694816937328447
1985-12-31 00:00:00,0.46868135009993295
1986-01-02 00:00:00,0.46829221547158806
1986-01-03 00:00:00,0.4690347047377087
1986-01-06 00:00:00,0.46901136469653354
1986-01-07 00:00:00,0.46917743792577193
1986-01-08 00:00:00,0.46964265547696005
1986-01-09 00:00:00,0.46933840719766806
1986-01-10 00:00:00,0.46955916915404006
1986-01-13 00:00:00,0.46992714930596624
1986-01-14 00:00:00,0.4697742727399158
1986-01-15 00:00:00,0.46943367025070026
1986-01-16 00:00:00,0.46957910138678577
1986-01-17 00:00:00,0.469872611739773
1986-01-21 00:00:00,0.46962639561090797
1986-01-22 00:00:00,0.4693786679173069
1986-01-23 00:00:00,0.4692426300441439
1986-01-24 00:00:00,0.4680329333436788
1986-01-27 00:00:00,0.46761849635527025
1986-01-28 00:00:00,0.4674961887903632
1986-01-29 00:00:00,0.4671557549807547
1986-01-30 00:00:00,0.4670321016930132
1986-01-31 00:00:00,0.4676598738293292
1986-02-03 00:00:00,0.46763590417445905
1986-02-04 00:00:00,0.467944049349068
1986-02-05 00:00:00,0.4669947228995801
1986-02-06 00:00:00,0.4670898371784615
1986-02-07 00:00:00,0.4677359201403675
1986-02-10 00:00:00,0.46643754394235737
1986-02-11 00:00:00,0.46643754394235737
1986-02-12 00:00:00,0.46643754394235737
1986-02-13 00:00:00,0.46643754394235737
1986-02-14 00:00:00,0.46643754394235737
1986-02-18 00:00:00,0.46643754394235737
1986-02-19 00:00:00,0.46643754394235737
1986-02-20 00:00:00,0.46643754394235737
1986-02-21 00:00:00,0.46954766841885215
1986-02-24 00:00:00,0.46182976373674556
1986-02-25 00:00:00,0.46182976373674556
1986-02-26 00:00:00,0.46182976373674556
1986-02-27 00:00:00,0.46069542119032253
1986-02-28 00:00:00,0.4636112790232427
1986-03-03 00:00:00,0.46162731085058806
1986-03-04 00:00:00,0.45948806361007544
1986-03-05 00:00:00,0.45948806361007544
1986-03-06 00:00:00,0.45948806361007544
1986-03-07 00:00:00,0.45948806361007544
1986-03-10 00:00:00,0.45948806361007544
1986-03-11 00:00:00,0.45948806361007544
1986-03-12 00:00:00,0.45948806361007544
1986-03-13 00:00:00,0.45948806361007544
1986-03-14 00:00:00,0.45948806361007544
1986-03-17 00:00:00,0.45948806361007544
1986-03-18 00:00:00,0.45948806361007544
1986-03-19 00:00:00,0.45948806361007544
1986-03-20 00:00:00,0.45948806361007544
1986-03-21 00:00:00,0.45948806361007544
1986-03-24 00:00:00,0.45948806361007544
1986-03-25 00:00:00,0.45948806361007544
1986-03-26 00:00:00,0.45948806361007544
1986-03-27 00:00:00,0.4596387522962208
1986-03-28 00:00:00,0.4596387522962208
1986-03-31 00:00:00,0.4596387522962208
1986-04-01 00:00:00,0.4596387522962208
1986-04-02 00:00:00,0.4596387522962208
1986-04-03 00:00:00,0.4596387522962208
1986-04-04 00:00:00,0.45983478579419873
1986-04-07 00:00:00,0.45983478579419873
1986-04-08 00:00:00,0.4607943714056621
1986-04-09 00:00:00,0.4613197671892206
1986-04-10 00:00:00,0.4613197671892206
1986-04-11 00:00:00,0.4613197671892206
1986-04-14 00:00:00,0.4613197671892206
1986-04-15 00:00:00,0.4613197671892206
1986-04-16 00:00:00,0.4613197671892206
1986-04-17 00:00:00,0.4613197671892206
1986-04-18 00:00:00,0.4621802338734219
1986-04-21 00:00:00,0.46156311453095533
1986-04-22 00:00:00,0.46111683904345563
1986-04-23 00:00:00,0.46040341966610204
1986-04-24 00:00:00,0.4607469708234861
1986-04-25 00:00:00,0.4586876929979201
1986-04-28 00:00:00,0.4578164569467349
1986-04-29 00:00:00,0.4588944631130889
1986-04-30 00:00:00,0.4582073121935261
1986-05-01 00:00:00,0.46113945080720736
1986-05-02 00:00:00,0.4619142110473199
1986-05-05 00:00:00,0.4598859525572044
1986-05-06 00:00:00,0.46111160384335936
1986-05-07 00:00:00,0.4599118176055244
1986-05-08 00:00:00,0.4583329309979762
1986-05-09 00:00:00,0.45786961555047695
1986-05-12 00:00:00,0.4573579906764144
1986-05-13 00:00:00,0.4592952044659979
1986-05-14 00:00:00,0.45852188148133294
1986-05-15 00:00:00,0.4595446057139605
1986-05-16 00:00:00,0.46064245009216187
1986-05-19 00:00:00,0.4622875084291439
1986-05-20 00:00:00,0.4629219912497653
1986-05-21 00:00:00,0.46247861795466183
1986-05-22 00:00:00,0.46247861795466183
1986-05-23 00:00:00,0.46263307639372137
1986-05-27 00:00:00,0.46263307639372137
1986-05-28 00:00:00,0.46255055515559856
1986-05-29 00:00:00,0.46255055515559856
1986-05-30 00:00:00,0.46255055515559856
1986-06-02 00:00:00,0.4626963526106489
1986-06-03 00:00:00,0.4645134871000135
1986-06-04 00:00:00,0.46430073414580936
1986-06-05 00:00:00,0.46430073414580936
1986-06-06 00:00:00,0.46430073414580936
1986-06-09 00:00:00,0.46430073414580936
1986-06-10 00:00:00,0.46430073414580936
1986-06-11 00:00:00,0.46430073414580936
1986-06-12 00:00:00,0.46430073414580936
1986-06-13 00:00:00,0.46430073414580936
1986-06-16 00:00:00,0.46430073414580936
1986-06-17 00:00:00,0.46430073414580936
1986-06-18 00:00:00,0.46430073414580936
1986-06-19 00:00:00,0.46430073414580936
1986-06-20 00:00:00,0.46430073414580936
1986-06-23 00:00:00,0.46430073414580936
1986-06-24 00:00:00,0.46430073414580936
1986-06-25 00:00:00,0.46430073414580936
1986-06-26 00:00:00,0.46430073414580936
1986-06-27 00:00:00,0.46430073414580936
1986-06-30 00:00:00,0.46430073414580936
1986-07-01 00:00:00,0.46430073414580936
1986-07-02 00:00:00,0.465454013338702
1986-07-03 00:00:00,0.4636593837577415
1986-07-07 00:00:00,0.46511624828261866
1986-07-08 00:00:00,0.4644700648590294
1986-07-09 00:00:00,0.4655157294019274
1986-07-10 00:00:00,0.4647453859476662
1986-07-11 00:00:00,0.4660178590124488
1986-07-14 00:00:00,0.4650619952111447
1986-07-15 00:00:00,0.46275447998240454
1986-07-16 00:00:00,0.46088753875967986
1986-07-17 00:00:00,0.46111892568280666
1986-07-18 00:00:00,0.45874774170237687
1986-07-21 00:00:00,0.45874774170237687
1986-07-22 00:00:00,0.4628351113393818
1986-07-23 00:00:00,0.4624138704346432
1986-07-24 00:00:00,0.46185993590208185
1986-07-25 00:00:00,0.46354371659607946
1986-07-28 00:00:00,0.4556490120898003
1986-07-29 00:00:00,0.4556490120898003
1986-07-30 00:00:00,0.4566079839573461
1986-07-31 00:00:00,0.453190921494779
1986-08-01 00:00:00,0.4518103138201008
1986-08-04 00:00:00,0.45315629759428167
1986-08-05 00:00:00,0.454848430568301
1986-08-06 00:00:00,0.45312167369378437
1986-08-07 00:00:00,0.4510089575360681
1986-08-08 00:00:00,0.45144962462301047
1986-08-11 00:00:00,0.44885242502119466
1986-08-12 00:00:00,0.44885242502119466
1986-08-13 00:00:00,0.44848209899813113
1986-08-14 00:00:00,0.44803124986689974
1986-08-15 00:00:00,0.4481230856485149
1986-08-18 00:00:00,0.4487157935813138
1986-08-19 00:00:00,0.44794511581111
1986-08-20 00:00:00,0.4473316721165665
1986-08-21 00:00:00,0.4472288311868618
1986-08-22 00:00:00,0.447469522455247
1986-08-25 00:00:00,0.4472197086351432
1986-08-26 00:00:00,0.44753368617378647
1986-08-27 00:00:00,0.4472105860834246
1986-08-28 00:00:00,0.4475001496571752
1986-08-29 00:00:00,0.44697945841784376
1986-09-02 00:00:00,0.446875836897971
1986-09-03 00:00:00,0.4467222311290561
1986-09-04 00:00:00,0.4470645936650911
1986-09-05 00:00:00,0.4481073394449388
1986-09-08 00:00:00,0.4493010582727088
1986-09-09 00:00:00,0.4485761110990876
1986-09-10 00:00:00,0.4485761110990876
1986-09-11 00:00:00,0.4485761110990876
1986-09-12 00:00:00,0.4485761110990876
1986-09-15 00:00:00,0.448828241579064
1986-09-16 00:00:00,0.448828241579064
1986-09-17 00:00:00,0.448828241579064
1986-09-18 00:00:00,0.448828241579064
1986-09-19 00:00:00,0.448828241579064
1986-09-22 00:00:00,0.45159421579502695
1986-09-23 00:00:00,0.4532702313582527
1986-09-24 00:00:00,0.453035832521812
1986-09-25 00:00:00,0.45310410446475874
1986-09-26 00:00:00,0.4532478389174804
1986-09-29 00:00:00,0.45171180391856164
1986-09-30 00:00:00,0.45216680902212264
1986-10-01 00:00:00,0.4516581838206116
1986-10-02 00:00:00,0.45055769107554944
1986-10-03 00:00:00,0.45007600466514963
1986-10-06 00:00:00,0.4499891618507826
1986-10-07 00:00:00,0.45077110016222804
1986-10-08 00:00:00,0.4506458438825033
1986-10-09 00:00:00,0.4508737473387658
1986-10-10 00:00:00,0.4498798285064651
1986-10-14 00:00:00,0.44963334373308245
1986-10-15 00:00:00,0.44958595648152233
1986-10-16 00:00:00,0.4498971867165106
1986-10-17 00:00:00,0.45004847994984204
1986-10-20 00:00:00,0.4508524516044037
1986-10-21 00:00:00,0.45072745524783847
1986-10-22 00:00:00,0.450814034163373
1986-10-23 00:00:00,0.4517548776250682
1986-10-24 00:00:00,0.45400386067310916
1986-10-27 00:00:00,0.45400386067310916
1986-10-28 00:00:00,0.4570028935177937
1986-10-29 00:00:00,0.45709469511260914
1986-10-30 00:00:00,0.4521256340301657
1986-10-31 00:00:00,0.450798157322099
1986-11-03 00:00:00,0.44953468257567586
1986-11-04 00:00:00,0.44991961941526454
1986-11-05 00:00:00,0.4480863976956083
1986-11-06 00:00:00,0.4480863976956083
1986-11-07 00:00:00,0.4479866939539663
1986-11-10 00:00:00,0.45222477783722065
1986-11-12 00:00:00,0.4562550400593773
1986-11-13 00:00:00,0.45846418918635834
1986-11-14 00:00:00,0.4599563535891704
1986-11-17 00:00:00,0.4599563535891704
1986-11-18 00:00:00,0.4599563535891704
1986-11-19 00:00:00,0.4599563535891704
1986-11-20 00:00:00,0.4599563535891704
1986-11-21 00:00:00,0.4599563535891704
1986-11-24 00:00:00,0.4599563535891704
1986-11-25 00:00:00,0.4599563535891704
1986-11-26 00:00:00,0.4599563535891704
1986-11-28 00:00:00,0.4599563535891704
1986-12-01 00:00:00,0.4599563535891704
1986-12-02 00:00:00,0.4603678184161767
1986-12-03 00:00:00,0.4601377583924083
1986-12-04 00:00:00,0.4601377583924083
1986-12-05 00:00:00,0.4601377583924083
1986-12-08 00:00:00,0.4601377583924083
1986-12-09 00:00:00,0.4601377583924083
1986-12-10 00:00:00,0.4601377583924083
1986-12-11 00:00:00,0.4601377583924083
1986-12-12 00:00:00,0.4601377583924083
1986-12-15 00:00:00,0.4601377583924083
1986-12-16 00:00:00,0.4601377583924083
1986-12-17 00:00:00,0.4601377583924083
1986-12-18 00:00:00,0.46110385289066563
1986-12-19 00:00:00,0.46135726901006413
1986-12-22 00:00:00,0.463309817542286
1986-12-23 00:00:00,0.46475446423932626
1986-12-24 00:00:00,0.46475446423932626
1986-12-26 00:00:00,0.46475446423932626
1986-12-29 00:00:00,0.46475446423932626
1986-12-30 00:00:00,0.46475446423932626
1986-12-31 00:00:00,0.46375908699488133
1987-01-02 00:00:00,0.4634043681371702
1987-01-05 00:00:00,0.4650283206717363
1987-01-06 00:00:00,0.4636659803606457
1987-01-07 00:00:00,0.4642870541366701
1987-01-08 00:00:00,0.463459360416634
1987-01-09 00:00:00,0.4629898581082432
1987-01-12 00:00:00,0.4608531952448698
1987-01-13 00:00:00,0.46033013745124
1987-01-14 00:00:00,0.45693928698374875
1987-01-15 00:00:00,0.45693928698374875
1987-01-16 00:00:00,0.45693928698374875
1987-01-20 00:00:00,0.45587553826578137
1987-01-21 00:00:00,0.45865442204280893
1987-01-22 00:00:00,0.4499706252173794
1987-01-23 00:00:00,0.4499706252173794
1987-01-26 00:00:00,0.4492895407736556
1987-01-27 00:00:00,0.44671707131321836
1987-01-28 00:00:00,0.44471690343534354
1987-01-29 00:00:00,0.44471690343534354
1987-01-30 00:00:00,0.4508155562800885
1987-02-02 00:00:00,0.44793238335580277
1987-02-03 00:00:00,0.44685018491979184
1987-02-04 00:00:00,0.44889594873968586
1987-02-05 00:00:00,0.451247547610578
1987-02-06 00:00:00,0.45348052219958385
1987-02-09 00:00:00,0.44885806566145425
1987-02-10 00:00:00,0.4467870464560725
1987-02-11 00:00:00,0.4496034264249739
1987-02-12 00:00:00,0.45070190704539376
1987-02-13 00:00:00,0.45110298607932325
1987-02-17 00:00:00,0.448935450378477
1987-02-18 00:00:00,0.4509400066198827
1987-02-19 00:00:00,0.4516142256449527
1987-02-20 00:00:00,0.4505281754813867
1987-02-23 00:00:00,0.4508331947563351
1987-02-24 00:00:00,0.45116476628833047
1987-02-25 00:00:00,0.44969898961137583
1987-02-26 00:00:00,0.44919756397472427
1987-02-27 00:00:00,0.449534304606715
1987-03-02 00:00:00,0.44996721500561954
1987-03-03 00:00:00,0.450412115461784
1987-03-04 00:00:00,0.45088261396449864
1987-03-05 00:00:00,0.4502484217132935
1987-03-06 00:00:00,0.45120111374709754
1987-03-09 00:00:00,0.4529868442667141
1987-03-10 00:00:00,0.4529868442667141
1987-03-11 00:00:00,0.45281859608082686
1987-03-12 00:00:00,0.45281859608082686
1987-03-13 00:00:00,0.452965512103793
1987-03-16 00:00:00,0.452965512103793
1987-03-17 00:00:00,0.452965512103793
1987-03-18 00:00:00,0.452965512103793
1987-03-19 00:00:00,0.452965512103793
1987-03-20 00:00:00,0.452965512103793
1987-03-23 00:00:00,0.452965512103793
1987-03-24 00:00:00,0.452965512103793
1987-03-25 00:00:00,0.45304908216189993
1987-03-26 00:00:00,0.4531943427760213
1987-03-27 00:00:00,0.4527053689786166
1987-03-30 00:00:00,0.4517905496394425
1987-03-31 00:00:00,0.45167864002111974
1987-04-01 00:00:00,0.45279110695556846
1987-04-02 00:00:00,0.45240324239656343
1987-04-03 00:00:00,0.4527444285969711
1987-04-06 00:00:00,0.4526344598988907
1987-04-07 00:00:00,0.4523154002115008
1987-04-08 00:00:00,0.4533455960103877
1987-04-09 00:00:00,0.45223689237151626
1987-04-10 00:00:00,0.45223689237151626
1987-04-13 00:00:00,0.45223689237151626
1987-04-14 00:00:00,0.44810242392114674
1987-04-15 00:00:00,0.44899586654604684
1987-04-16 00:00:00,0.45019003918045036
1987-04-17 00:00:00,0.4512263407080743
1987-04-20 00:00:00,0.45029011878338643
1987-04-21 00:00:00,0.4505679446263272
1987-04-22 00:00:00,0.45145096881774605
1987-04-23 00:00:00,0.4467074432298375
1987-04-24 00:00:00,0.4467074432298375
1987-04-27 00:00:00,0.4467074432298375
1987-04-28 00:00:00,0.4489639950641743
1987-04-29 00:00:00,0.4508974703545867
1987-04-30 00:00:00,0.45162072451102786
1987-05-01 00:00:00,0.4467576291542109
1987-05-04 00:00:00,0.4439847159829587
1987-05-05 00:00:00,0.4439847159829587
1987-05-06 00:00:00,0.4443304157140172
1987-05-07 00:00:00,0.4455249563633785
1987-05-08 00:00:00,0.4480290660471434
1987-05-11 00:00:00,0.4497899289357224
1987-05-12 00:00:00,0.4475101522811953
1987-05-13 00:00:00,0.4478484171042737
1987-05-14 00:00:00,0.4475889603042651
1987-05-15 00:00:00,0.4456686296934811
1987-05-18 00:00:00,0.44513971202489827
1987-05-19 00:00:00,0.4449980077070814
1987-05-20 00:00:00,0.4437601293391188
1987-05-21 00:00:00,0.44495717377183786
1987-05-22 00:00:00,0.4453003697195386
1987-05-26 00:00:00,0.45181626959556875
1987-05-27 00:00:00,0.4560659310428553
1987-05-28 00:00:00,0.4560659310428553
1987-05-29 00:00:00,0.45576279625872756
1987-06-01 00:00:00,0.45576279625872756
1987-06-02 00:00:00,0.4577737150030532
1987-06-03 00:00:00,0.4573977978411562
1987-06-04 00:00:00,0.4573977978411562
1987-06-05 00:00:00,0.4573977978411562
1987-06-08 00:00:00,0.4573977978411562
1987-06-09 00:00:00,0.4573977978411562
1987-06-10 00:00:00,0.4573977978411562
1987-06-11 00:00:00,0.4573977978411562
1987-06-12 00:00:00,0.4573977978411562
1987-06-15 00:00:00,0.4573977978411562
1987-06-16 00:00:00,0.4573977978411562
1987-06-17 00:00:00,0.4573977978411562
1987-06-18 00:00:00,0.4573977978411562
1987-06-19 00:00:00,0.4573977978411562
1987-06-22 00:00:00,0.4573977978411562
1987-06-23 00:00:00,0.4573977978411562
1987-06-24 00:00:00,0.45821817209345095
1987-06-25 00:00:00,0.4573977978411562
1987-06-26 00:00:00,0.4578890473686611
1987-06-29 00:00:00,0.45707191198508695
1987-06-30 00:00:00,0.4577796286902227
1987-07-01 00:00:00,0.45734339416967024
1987-07-02 00:00:00,0.45707191198508695
1987-07-03 00:00:00,0.45613406669563067
1987-07-06 00:00:00,0.45572776998614806
1987-07-07 00:00:00,0.45572776998614806
1987-07-08 00:00:00,0.4558131388221868
1987-07-09 00:00:00,0.45567445965071135
1987-07-10 00:00:00,0.45509032994801446
1987-07-13 00:00:00,0.45546156515564906
1987-07-14 00:00:00,0.45509032994801446
1987-07-15 00:00:00,0.45696356866808774
1987-07-16 00:00:00,0.45629500283200947
1987-07-17 00:00:00,0.4543528972964677
1987-07-20 00:00:00,0.4540388930582843
1987-07-21 00:00:00,0.4543004787379725
1987-07-22 00:00:00,0.4545313740444764
1987-07-23 00:00:00,0.45546156515564906
1987-07-24 00:00:00,0.4555679431015867
1987-07-27 00:00:00,0.45527043327046024
1987-07-28 00:00:00,0.45529164806222877
1987-07-29 00:00:00,0.45509032994801446
1987-07-30 00:00:00,0.45527043327046024
1987-07-31 00:00:00,0.4553022575265035
1987-08-03 00:00:00,0.45472077780155445
1987-08-04 00:00:00,0.45218154933743104
1987-08-05 00:00:00,0.45218154933743104
1987-08-06 00:00:00,0.45172643708707394
1987-08-07 00:00:00,0.45067463818733494
1987-08-10 00:00:00,0.4505751989704607
1987-08-11 00:00:00,0.4502083702717677
1987-08-12 00:00:00,0.4506547402274251
1987-08-13 00:00:00,0.45132408866650847
1987-08-14 00:00:00,0.45213085148155757
1987-08-17 00:00:00,0.4521714071623603
1987-08-18 00:00:00,0.4553369015486315
1987-08-19 00:00:00,0.4553422867465518
1987-08-20 00:00:00,0.4553422867465518
1987-08-21 00:00:00,0.45448406313837825
1987-08-24 00:00:00,0.4538003221072147
1987-08-25 00:00:00,0.4543203469282809
1987-08-26 00:00:00,0.45440035278588076
1987-08-27 00:00:00,0.45342375808242286
1987-08-28 00:00:00,0.45334521475262735
1987-08-31 00:00:00,0.4534531034536822
1987-09-01 00:00:00,0.4537994032519016
1987-09-02 00:00:00,0.4530377849953
1987-09-03 00:00:00,0.4524927595143141
1987-09-04 00:00:00,0.45284408033695606
1987-09-08 00:00:00,0.45259457688946303
1987-09-09 00:00:00,0.45282906657366256
1987-09-10 00:00:00,0.45362190617750064
1987-09-11 00:00:00,0.45312644717452716
1987-09-14 00:00:00,0.454659160516697
1987-09-15 00:00:00,0.45437268977162215
1987-09-16 00:00:00,0.4544699332649877
1987-09-17 00:00:00,0.4545495909289717
1987-09-18 00:00:00,0.45363871062652283
1987-09-21 00:00:00,0.45438632853103805
1987-09-22 00:00:00,0.45461411922681644
1987-09-23 00:00:00,0.45499690815045685
1987-09-24 00:00:00,0.45485089578363247
1987-09-25 00:00:00,0.45487804276725585
1987-09-28 00:00:00,0.4551039705249734
1987-09-29 00:00:00,0.4563221983083195
1987-09-30 00:00:00,0.4563221983083195
1987-10-01 00:00:00,0.45626742544926263
1987-10-02 00:00:00,0.45626742544926263
1987-10-05 00:00:00,0.456217977668006
1987-10-06 00:00:00,0.456217977668006
1987-10-07 00:00:00,0.4566042806309523
1987-10-08 00:00:00,0.4566042806309523
1987-10-09 00:00:00,0.4566042806309523
1987-10-13 00:00:00,0.4566042806309523
1987-10-14 00:00:00,0.4566042806309523
1987-10-15 00:00:00,0.4566042806309523
1987-10-16 00:00:00,0.4566042806309523
1987-10-19 00:00:00,0.45507458833007924
1987-10-20 00:00:00,0.4573508525835357
1987-10-21 00:00:00,0.4578154003948981
1987-10-22 00:00:00,0.4576699199206092
1987-10-23 00:00:00,0.4576699199206092
1987-10-26 00:00:00,0.4576699199206092
1987-10-27 00:00:00,0.45574604815829445
1987-10-28 00:00:00,0.4537970829431703
1987-10-29 00:00:00,0.4518386774486923
1987-10-30 00:00:00,0.4518386774486923
1987-11-02 00:00:00,0.44762550859354905
1987-11-03 00:00:00,0.44762550859354905
1987-11-04 00:00:00,0.4464503276350449
1987-11-05 00:00:00,0.4464503276350449
1987-11-06 00:00:00,0.4464503276350449
1987-11-09 00:00:00,0.4464503276350449
1987-11-10 00:00:00,0.4464503276350449
1987-11-12 00:00:00,0.4464503276350449
1987-11-13 00:00:00,0.4453272773583162
1987-11-16 00:00:00,0.4466641540661922
1987-11-17 00:00:00,0.445485426249995
1987-11-18 00:00:00,0.4447069138821582
1987-11-19 00:00:00,0.4438971339725877
1987-11-20 00:00:00,0.4442710411875966
1987-11-23 00:00:00,0.4429367163725988
1987-11-24 00:00:00,0.4450253861387954
1987-11-25 00:00:00,0.44322100236306106
1987-11-27 00:00:00,0.44157505884715414
1987-11-30 00:00:00,0.44157505884715414
1987-12-01 00:00:00,0.44157505884715414
1987-12-02 00:00:00,0.44096910540452317
1987-12-03 00:00:00,0.44143186939027956
1987-12-04 00:00:00,0.441790990004011
1987-12-07 00:00:00,0.44191755160543933
1987-12-08 00:00:00,0.4417806166114052
1987-12-09 00:00:00,0.44154393866933667
1987-12-10 00:00:00,0.4397466308300803
1987-12-11 00:00:00,0.43949941390924885
1987-12-14 00:00:00,0.4392996846231954
1987-12-15 00:00:00,0.4392805706362859
1987-12-16 00:00:00,0.43931019430389656
1987-12-17 00:00:00,0.43849768205301715
1987-12-18 00:00:00,0.4392301739609672
1987-12-21 00:00:00,0.4393641763936675
1987-12-22 00:00:00,0.43894016030087407
1987-12-23 00:00:00,0.4394232406443355
1987-12-24 00:00:00,0.43878933194985376
1987-12-28 00:00:00,0.4364874573926332
1987-12-29 00:00:00,0.4364874573926332
1987-12-30 00:00:00,0.43651320521971937
1987-12-31 00:00:00,0.43540553214639566
1988-01-04 00:00:00,0.43623134378472117
1988-01-05 00:00:00,0.43858765456644705
1988-01-06 00:00:00,0.4398218446811743
1988-01-07 00:00:00,0.4393043309239339
1988-01-08 00:00:00,0.4399400491375897
1988-01-11 00:00:00,0.43926636739387837
1988-01-12 00:00:00,0.43926636739387837
1988-01-13 00:00:00,0.43926636739387837
1988-01-14 00:00:00,0.43926636739387837
1988-01-15 00:00:00,0.43926636739387837
1988-01-19 00:00:00,0.43926636739387837
1988-01-20 00:00:00,0.4397367308702796
1988-01-21 00:00:00,0.4397367308702796
1988-01-22 00:00:00,0.4397367308702796
1988-01-25 00:00:00,0.4397367308702796
1988-01-26 00:00:00,0.4397367308702796
1988-01-27 00:00:00,0.4397367308702796
1988-01-28 00:00:00,0.4397367308702796
1988-01-29 00:00:00,0.4397367308702796
1988-02-01 00:00:00,0.4397367308702796
1988-02-02 00:00:00,0.4397367308702796
1988-02-03 00:00:00,0.43934691510204743
1988-02-04 00:00:00,0.43919796234412056
1988-02-05 00:00:00,0.4386075016269939
1988-02-08 00:00:00,0.4389312010075117
1988-02-09 00:00:00,0.4385372159498992
1988-02-10 00:00:00,0.4389430202920082
1988-02-11 00:00:00,0.43887215569544874
1988-02-12 00:00:00,0.43773754777724005
1988-02-16 00:00:00,0.4380254640299403
1988-02-17 00:00:00,0.43798503218887885
1988-02-18 00:00:00,0.4377547650340661
1988-02-19 00:00:00,0.43817019363606724
1988-02-22 00:00:00,0.4386544261072164
1988-02-23 00:00:00,0.4387131576534595
1988-02-24 00:00:00,0.43844952893610073
1988-02-25 00:00:00,0.43837368595046977
1988-02-26 00:00:00,0.43887215569544874
1988-02-29 00:00:00,0.4385782012064887
1988-03-01 00:00:00,0.4386250919850682
1988-03-02 00:00:00,0.4382166163789662
1988-03-03 00:00:00,0.43773754777724005
1988-03-04 00:00:00,0.4381817943454385
1988-03-07 00:00:00,0.4390910496130299
1988-03-08 00:00:00,0.43946646658601396
1988-03-09 00:00:00,0.43937677046266455
1988-03-10 00:00:00,0.43934691510204743
1988-03-11 00:00:00,0.43979703036033074
1988-03-14 00:00:00,0.43974205036168645
1988-03-15 00:00:00,0.43974205036168645
1988-03-16 00:00:00,0.4399686860044175
1988-03-17 00:00:00,0.4399686860044175
1988-03-18 00:00:00,0.4399686860044175
1988-03-21 00:00:00,0.4399686860044175
1988-03-22 00:00:00,0.4398635355503152
1988-03-23 00:00:00,0.44009757094347063
1988-03-24 00:00:00,0.44064691455209665
1988-03-25 00:00:00,0.44077794466215875
1988-03-28 00:00:00,0.4417067665747089
1988-03-29 00:00:00,0.4417067665747089
1988-03-30 00:00:00,0.44160689443816165
1988-03-31 00:00:00,0.44160689443816165
1988-04-01 00:00:00,0.44160689443816165
1988-04-04 00:00:00,0.4414634350015866
1988-04-05 00:00:00,0.44255656219589884
1988-04-06 00:00:00,0.44316132421344306
1988-04-07 00:00:00,0.44316132421344306
1988-04-08 00:00:00,0.44316132421344306
1988-04-11 00:00:00,0.44316132421344306
1988-04-12 00:00:00,0.44316132421344306
1988-04-13 00:00:00,0.44316132421344306
1988-04-14 00:00:00,0.44316132421344306
1988-04-15 00:00:00,0.44316132421344306
1988-04-18 00:00:00,0.44316132421344306
1988-04-19 00:00:00,0.44316132421344306
1988-04-20 00:00:00,0.44316132421344306
1988-04-21 00:00:00,0.44316132421344306
1988-04-22 00:00:00,0.44316132421344306
1988-04-25 00:00:00,0.44316132421344306
1988-04-26 00:00:00,0.44316132421344306
1988-04-27 00:00:00,0.44316132421344306
1988-04-28 00:00:00,0.44316132421344306
1988-04-29 00:00:00,0.44316132421344306
1988-05-02 00:00:00,0.44316132421344306
1988-05-03 00:00:00,0.44316132421344306
1988-05-04 00:00:00,0.44316132421344306
1988-05-05 00:00:00,0.44316132421344306
1988-05-06 00:00:00,0.44316132421344306
1988-05-09 00:00:00,0.44316132421344306
1988-05-10 00:00:00,0.44316132421344306
1988-05-11 00:00:00,0.44316132421344306
1988-05-12 00:00:00,0.44316132421344306
1988-05-13 00:00:00,0.44316132421344306
1988-05-16 00:00:00,0.44316132421344306
1988-05-17 00:00:00,0.44316132421344306
1988-05-18 00:00:00,0.44316132421344306
1988-05-19 00:00:00,0.4445059429645846
1988-05-20 00:00:00,0.44341086954980596
1988-05-23 00:00:00,0.4444118676327402
1988-05-24 00:00:00,0.4430055009630164
1988-05-25 00:00:00,0.44207285780309424
1988-05-26 00:00:00,0.4423833022257088
1988-05-27 00:00:00,0.43840086459919214
1988-05-31 00:00:00,0.43840086459919214
1988-06-01 00:00:00,0.4391917626341337
1988-06-02 00:00:00,0.4404754128798285
1988-06-03 00:00:00,0.4397104330033439
1988-06-06 00:00:00,0.44185910527630967
1988-06-07 00:00:00,0.4429413354151949
1988-06-08 00:00:00,0.44185910527630967
1988-06-09 00:00:00,0.4408742552819625
1988-06-10 00:00:00,0.4403834747848838
1988-06-13 00:00:00,0.43879595723279974
1988-06-14 00:00:00,0.4326046309051199
1988-06-15 00:00:00,0.4326046309051199
1988-06-16 00:00:00,0.4339663260619309
1988-06-17 00:00:00,0.4351275395587689
1988-06-20 00:00:00,0.43334362070851096
1988-06-21 00:00:00,0.4336102754730657
1988-06-22 00:00:00,0.4305195770191472
1988-06-23 00:00:00,0.4290922793686778
1988-06-24 00:00:00,0.42070524774603424
1988-06-27 00:00:00,0.42070524774603424
1988-06-28 00:00:00,0.422811582431011
1988-06-29 00:00:00,0.4179292315946252
1988-06-30 00:00:00,0.4205655713689605
1988-07-01 00:00:00,0.4184815001530588
1988-07-05 00:00:00,0.4176536435751102
1988-07-06 00:00:00,0.41842620762479654
1988-07-07 00:00:00,0.41945149038520174
1988-07-08 00:00:00,0.4136529420688816
1988-07-11 00:00:00,0.4136529420688816
1988-07-12 00:00:00,0.41479911666356706
1988-07-13 00:00:00,0.4140198325143257
1988-07-14 00:00:00,0.4139204981754253
1988-07-15 00:00:00,0.41160365258392306
1988-07-18 00:00:00,0.4109423369637204
1988-07-19 00:00:00,0.4123486028487427
1988-07-20 00:00:00,0.41345535852394766
1988-07-21 00:00:00,0.41421889099332565
1988-07-22 00:00:00,0.4153230885706767
1988-07-25 00:00:00,0.4136925205911393
1988-07-26 00:00:00,0.4125433104522742
1988-07-27 00:00:00,0.4132976616032377
1988-07-28 00:00:00,0.41205748296957473
1988-07-29 00:00:00,0.41099961073259805
1988-08-01 00:00:00,0.41099961073259805
1988-08-02 00:00:00,0.41095187953726564
1988-08-03 00:00:00,0.41095187953726564
1988-08-04 00:00:00,0.4103909497362656
1988-08-05 00:00:00,0.4091615052430376
1988-08-08 00:00:00,0.4091615052430376
1988-08-09 00:00:00,0.40846062881066103
1988-08-10 00:00:00,0.4085999282752902
1988-08-11 00:00:00,0.4091615052430376
1988-08-12 00:00:00,0.4100345182086458
1988-08-15 00:00:00,0.409873485547917
1988-08-16 00:00:00,0.4103467034525809
1988-08-17 00:00:00,0.40840503060788325
1988-08-18 00:00:00,0.40877886786929557
1988-08-19 00:00:00,0.40907681894245224
1988-08-22 00:00:00,0.4079792353750814
1988-08-23 00:00:00,0.408349501686355
1988-08-24 00:00:00,0.4088798368203238
1988-08-25 00:00:00,0.41019034281784433
1988-08-26 00:00:00,0.41056767998464383
1988-08-29 00:00:00,0.41001723733146644
1988-08-30 00:00:00,0.4099884504895323
1988-08-31 00:00:00,0.40947339304447855
1988-09-01 00:00:00,0.4097015835099799
1988-09-02 00:00:00,0.41068441472688116
1988-09-06 00:00:00,0.41130220338687734
1988-09-07 00:00:00,0.41120421250463757
1988-09-08 00:00:00,0.41120421250463757
1988-09-09 00:00:00,0.4111705090040999
1988-09-12 00:00:00,0.4111705090040999
1988-09-13 00:00:00,0.4111705090040999
1988-09-14 00:00:00,0.4111705090040999
1988-09-15 00:00:00,0.4111705090040999
1988-09-16 00:00:00,0.4111705090040999
1988-09-19 00:00:00,0.4111705090040999
1988-09-20 00:00:00,0.4111705090040999
1988-09-21 00:00:00,0.4111705090040999
1988-09-22 00:00:00,0.4111705090040999
1988-09-23 00:00:00,0.4111705090040999
1988-09-26 00:00:00,0.4111705090040999
1988-09-27 00:00:00,0.4111705090040999
1988-09-28 00:00:00,0.41123049195786243
1988-09-29 00:00:00,0.41099092157662853
1988-09-30 00:00:00,0.41172010021370054
1988-10-03 00:00:00,0.412076636092545
1988-10-04 00:00:00,0.41194204275057394
1988-10-05 00:00:00,0.41194204275057394
1988-10-06 00:00:00,0.41194204275057394
1988-10-07 00:00:00,0.41194204275057394
1988-10-11 00:00:00,0.41194204275057394
1988-10-12 00:00:00,0.41194204275057394
1988-10-13 00:00:00,0.41194204275057394
1988-10-14 00:00:00,0.4104707552771762
1988-10-17 00:00:00,0.41032125809391834
1988-10-18 00:00:00,0.4093761698559485
1988-10-19 00:00:00,0.41025808575317085
1988-10-20 00:00:00,0.40900673258873294
1988-10-21 00:00:00,0.40637123941024506
1988-10-24 00:00:00,0.40637123941024506
1988-10-25 00:00:00,0.40677634865107054
1988-10-26 00:00:00,0.4030145456834449
1988-10-27 00:00:00,0.4030145456834449
1988-10-28 00:00:00,0.403663971621009
1988-10-31 00:00:00,0.40457866990744557
1988-11-01 00:00:00,0.40428799459116777
1988-11-02 00:00:00,0.40253132916178946
1988-11-03 00:00:00,0.40253132916178946
1988-11-04 00:00:00,0.40253132916178946
1988-11-07 00:00:00,0.40253132916178946
1988-11-08 00:00:00,0.40253132916178946
1988-11-09 00:00:00,0.40253132916178946
1988-11-10 00:00:00,0.40253132916178946
1988-11-14 00:00:00,0.4006984714997641
1988-11-15 00:00:00,0.40045609165797375
1988-11-16 00:00:00,0.39774113730571065
1988-11-17 00:00:00,0.39774113730571065
1988-11-18 00:00:00,0.3986952885205272
1988-11-21 00:00:00,0.3976366181881216
1988-11-22 00:00:00,0.3968842874618942
1988-11-23 00:00:00,0.39579311387230054
1988-11-25 00:00:00,0.3952211561598307
1988-11-28 00:00:00,0.39739601465250146
1988-11-29 00:00:00,0.39651594011993196
1988-11-30 00:00:00,0.3977930729970463
1988-12-01 00:00:00,0.39762343170172465
1988-12-02 00:00:00,0.397265154949938
1988-12-05 00:00:00,0.39641614600270947
1988-12-06 00:00:00,0.3975528580486014
1988-12-07 00:00:00,0.4016485017674422
1988-12-08 00:00:00,0.3996536169601069
1988-12-09 00:00:00,0.39889988072080607
1988-12-12 00:00:00,0.3996582156619419
1988-12-13 00:00:00,0.40038076038027953
1988-12-14 00:00:00,0.3995089864794849
1988-12-15 00:00:00,0.4005835022671603
1988-12-16 00:00:00,0.40313238850137273
1988-12-19 00:00:00,0.40282733989446695
1988-12-20 00:00:00,0.40282733989446695
1988-12-21 00:00:00,0.4029489039463883
1988-12-22 00:00:00,0.4029489039463883
1988-12-23 00:00:00,0.4029080838582725
1988-12-27 00:00:00,0.4029080838582725
1988-12-28 00:00:00,0.40246331920683903
1988-12-29 00:00:00,0.40246331920683903
1988-12-30 00:00:00,0.40296960029950113
1989-01-03 00:00:00,0.4031372556730953
1989-01-04 00:00:00,0.4031372556730953
1989-01-05 00:00:00,0.4031372556730953
1989-01-06 00:00:00,0.4020526081255844
1989-01-09 00:00:00,0.4015491281591306
1989-01-10 00:00:00,0.40113860547560015
1989-01-11 00:00:00,0.4016848207938199
1989-01-12 00:00:00,0.40162577471207994
1989-01-13 00:00:00,0.40124381718274416
1989-01-17 00:00:00,0.4004433339468807
1989-01-18 00:00:00,0.39965674327047757
1989-01-19 00:00:00,0.399617207378324
1989-01-20 00:00:00,0.4009056662417193
1989-01-23 00:00:00,0.4015491281591306
1989-01-24 00:00:00,0.4013434065901417
1989-01-25 00:00:00,0.40093471865174857
1989-01-26 00:00:00,0.4009521589930629
1989-01-27 00:00:00,0.39987197544983183
1989-01-30 00:00:00,0.40028835403996366
1989-01-31 00:00:00,0.39912872008620814
1989-02-01 00:00:00,0.4000141387501155
1989-02-02 00:00:00,0.39992878697115614
1989-02-03 00:00:00,0.3992517430005941
1989-02-06 00:00:00,0.3993077745913304
1989-02-07 00:00:00,0.39987197544983183
1989-02-08 00:00:00,0.399617207378324
1989-02-09 00:00:00,0.40027116675683927
1989-02-10 00:00:00,0.4000996523333952
1989-02-13 00:00:00,0.399701969786932
1989-02-14 00:00:00,0.4008186200399502
1989-02-15 00:00:00,0.4011970265162689
1989-02-16 00:00:00,0.40115612394454636
1989-02-17 00:00:00,0.4014020899864238
1989-02-21 00:00:00,0.4008766323482038
1989-02-22 00:00:00,0.4009056662417193
1989-02-23 00:00:00,0.4017557764018537
1989-02-24 00:00:00,0.401550590471596
1989-02-27 00:00:00,0.401550590471596
1989-02-28 00:00:00,0.4015925698214667
1989-03-01 00:00:00,0.4015925698214667
1989-03-02 00:00:00,0.4015925698214667
1989-03-03 00:00:00,0.4015925698214667
1989-03-06 00:00:00,0.4015925698214667
1989-03-07 00:00:00,0.4015925698214667
1989-03-08 00:00:00,0.4015925698214667
1989-03-09 00:00:00,0.4015925698214667
1989-03-10 00:00:00,0.4015925698214667
1989-03-13 00:00:00,0.40132547275760866
1989-03-14 00:00:00,0.4016803846883358
1989-03-15 00:00:00,0.400772897691773
1989-03-16 00:00:00,0.40065381627051105
1989-03-17 00:00:00,0.4003459267663657
1989-03-20 00:00:00,0.4004640525992658
1989-03-21 00:00:00,0.40015768283733977
1989-03-22 00:00:00,0.40011076683654434
1989-03-23 00:00:00,0.39999372938146865
1989-03-24 00:00:00,0.3998537587658682
1989-03-27 00:00:00,0.3992531314811567
1989-03-28 00:00:00,0.3987296823848165
1989-03-29 00:00:00,0.399115873740929
1989-03-30 00:00:00,0.3984819032599376
1989-03-31 00:00:00,0.3983027299914537
1989-04-03 00:00:00,0.39888822033021487
1989-04-04 00:00:00,0.39968183696871573
1989-04-05 00:00:00,0.3992302203612009
1989-04-06 00:00:00,0.3993449157055359
1989-04-07 00:00:00,0.398910923546341
1989-04-10 00:00:00,0.398580817440563
1989-04-11 00:00:00,0.39819118387066527
1989-04-12 00:00:00,0.3980799722210036
1989-04-13 00:00:00,0.3990018742567235
1989-04-14 00:00:00,0.3988655308736137
1989-04-17 00:00:00,0.3994922371544813
1989-04-18 00:00:00,0.3998537587658682
1989-04-19 00:00:00,0.3995060780879058
1989-04-20 00:00:00,0.39989103381420366
1989-04-21 00:00:00,0.39964476712258107
1989-04-24 00:00:00,0.3991844399553489
1989-04-25 00:00:00,0.3991295769753642
1989-04-26 00:00:00,0.3984953761021244
1989-04-27 00:00:00,0.39846843529097564
1989-04-28 00:00:00,0.39781441993415095
1989-05-01 00:00:00,0.397092227746934
1989-05-02 00:00:00,0.397092227746934
1989-05-03 00:00:00,0.3966773877769963
1989-05-04 00:00:00,0.3964522518679144
1989-05-05 00:00:00,0.39553750802399434
1989-05-08 00:00:00,0.3950814206647124
1989-05-09 00:00:00,0.3951400841720206
1989-05-10 00:00:00,0.39596719457925406
1989-05-11 00:00:00,0.3950447839199328
1989-05-12 00:00:00,0.39399158400968404
1989-05-15 00:00:00,0.3926705181218462
1989-05-16 00:00:00,0.3926705181218462
1989-05-17 00:00:00,0.39017776452949987
1989-05-18 00:00:00,0.39091274978323964
1989-05-19 00:00:00,0.39071317014886586
1989-05-22 00:00:00,0.3877763163750902
1989-05-23 00:00:00,0.3877763163750902
1989-05-24 00:00:00,0.3880776940443994
1989-05-25 00:00:00,0.3920538728106995
1989-05-26 00:00:00,0.3946879742915166
1989-05-30 00:00:00,0.39214889571462413
1989-05-31 00:00:00,0.39906609683813354
1989-06-01 00:00:00,0.39920997724421564
1989-06-02 00:00:00,0.40212344873117345
1989-06-05 00:00:00,0.4005879107829515
1989-06-06 00:00:00,0.4005879107829515
1989-06-07 00:00:00,0.4005879107829515
1989-06-08 00:00:00,0.4005879107829515
1989-06-09 00:00:00,0.4005879107829515
1989-06-12 00:00:00,0.4005879107829515
1989-06-13 00:00:00,0.4005879107829515
1989-06-14 00:00:00,0.4005879107829515
1989-06-15 00:00:00,0.4005879107829515
1989-06-16 00:00:00,0.4005879107829515
1989-06-19 00:00:00,0.4005879107829515
1989-06-20 00:00:00,0.4005879107829515
1989-06-21 00:00:00,0.4005879107829515
1989-06-22 00:00:00,0.4005879107829515
1989-06-23 00:00:00,0.4005879107829515
1989-06-26 00:00:00,0.401343072612429
1989-06-27 00:00:00,0.4013580829598853
1989-06-28 00:00:00,0.4013580829598853
1989-06-29 00:00:00,0.4013580829598853
1989-06-30 00:00:00,0.4013580829598853
1989-07-03 00:00:00,0.4013580829598853
1989-07-05 00:00:00,0.4013580829598853
1989-07-06 00:00:00,0.40153997800634283
1989-07-07 00:00:00,0.40129252110503316
1989-07-10 00:00:00,0.39895540830880716
1989-07-11 00:00:00,0.40098748284111807
1989-07-12 00:00:00,0.40073839905122455
1989-07-13 00:00:00,0.4012091390986009
1989-07-14 00:00:00,0.40373993711184397
1989-07-17 00:00:00,0.4038235058631399
1989-07-18 00:00:00,0.40321157965104587
1989-07-19 00:00:00,0.403741002145247
1989-07-20 00:00:00,0.40324034554154825
1989-07-21 00:00:00,0.403621408307203
1989-07-24 00:00:00,0.4035476582477252
1989-07-25 00:00:00,0.40227710682171486
1989-07-26 00:00:00,0.4005049753241202
1989-07-27 00:00:00,0.4000125651704934
1989-07-28 00:00:00,0.40155945515654307
1989-07-31 00:00:00,0.39984913316902093
1989-08-01 00:00:00,0.39993736227395843
1989-08-02 00:00:00,0.3984291169157818
1989-08-03 00:00:00,0.3999001564018138
1989-08-04 00:00:00,0.4025350408183648
1989-08-07 00:00:00,0.40280710892620863
1989-08-08 00:00:00,0.40174399623592
1989-08-09 00:00:00,0.4025552536557848
1989-08-10 00:00:00,0.40212323379482257
1989-08-11 00:00:00,0.4059301613904892
1989-08-14 00:00:00,0.40611654054085383
1989-08-15 00:00:00,0.40611654054085383
1989-08-16 00:00:00,0.40625669304727346
1989-08-17 00:00:00,0.40625669304727346
1989-08-18 00:00:00,0.40625669304727346
1989-08-21 00:00:00,0.4063411125819038
1989-08-22 00:00:00,0.4063411125819038
1989-08-23 00:00:00,0.4063411125819038
1989-08-24 00:00:00,0.4063411125819038
1989-08-25 00:00:00,0.4063411125819038
1989-08-28 00:00:00,0.4063411125819038
1989-08-29 00:00:00,0.4063411125819038
1989-08-30 00:00:00,0.4063411125819038
1989-08-31 00:00:00,0.4063411125819038
1989-09-01 00:00:00,0.4063411125819038
1989-09-05 00:00:00,0.4063411125819038
1989-09-06 00:00:00,0.40700443248260637
1989-09-07 00:00:00,0.40658544673914876
1989-09-08 00:00:00,0.4067944492823305
1989-09-11 00:00:00,0.40645531509156146
1989-09-12 00:00:00,0.4064293342626201
1989-09-13 00:00:00,0.40676303655217694
1989-09-14 00:00:00,0.4073477645962749
1989-09-15 00:00:00,0.40586669112018753
1989-09-18 00:00:00,0.40806930277718034
1989-09-19 00:00:00,0.4079348136029397
1989-09-20 00:00:00,0.4083123916595105
1989-09-21 00:00:00,0.4081393949850535
1989-09-22 00:00:00,0.40785431120201765
1989-09-25 00:00:00,0.4096033072389474
1989-09-26 00:00:00,0.4105335070956987
1989-09-27 00:00:00,0.4105335070956987
1989-09-28 00:00:00,0.4105441874469965
1989-09-29 00:00:00,0.410044451017332
1989-10-02 00:00:00,0.41012857393856955
1989-10-03 00:00:00,0.4101759701992771
1989-10-04 00:00:00,0.4102754293253694
1989-10-05 00:00:00,0.4107626013717149
1989-10-06 00:00:00,0.4111931649138728
1989-10-10 00:00:00,0.411744931337369
1989-10-11 00:00:00,0.411744931337369
1989-10-12 00:00:00,0.411744931337369
1989-10-13 00:00:00,0.411744931337369
1989-10-16 00:00:00,0.411744931337369
1989-10-17 00:00:00,0.411744931337369
1989-10-18 00:00:00,0.411744931337369
1989-10-19 00:00:00,0.411744931337369
1989-10-20 00:00:00,0.411744931337369
1989-10-23 00:00:00,0.411744931337369
1989-10-24 00:00:00,0.411744931337369
1989-10-25 00:00:00,0.411744931337369
1989-10-26 00:00:00,0.411744931337369
1989-10-27 00:00:00,0.411744931337369
1989-10-30 00:00:00,0.411744931337369
1989-10-31 00:00:00,0.41243640322497904
1989-11-01 00:00:00,0.41238126827239713
1989-11-02 00:00:00,0.41325070130257935
1989-11-03 00:00:00,0.41310407677211514
1989-11-06 00:00:00,0.4132976730850914
1989-11-07 00:00:00,0.4128562473624635
1989-11-08 00:00:00,0.4126163670025341
1989-11-09 00:00:00,0.41304180637210336
1989-11-10 00:00:00,0.4144922570003348
1989-11-13 00:00:00,0.4147809977182281
1989-11-14 00:00:00,0.41386770893151953
1989-11-15 00:00:00,0.41386770893151953
1989-11-16 00:00:00,0.41386770893151953
1989-11-17 00:00:00,0.41386770893151953
1989-11-20 00:00:00,0.41386770893151953
1989-11-21 00:00:00,0.41386770893151953
1989-11-22 00:00:00,0.41386770893151953
1989-11-24 00:00:00,0.41386770893151953
1989-11-27 00:00:00,0.41386770893151953
1989-11-28 00:00:00,0.41386770893151953
1989-11-29 00:00:00,0.4132554813592179
1989-11-30 00:00:00,0.4134907487631775
1989-12-01 00:00:00,0.4135640596432489
1989-12-04 00:00:00,0.4141585342357265
1989-12-05 00:00:00,0.41334746017859136
1989-12-06 00:00:00,0.4130564048690596
1989-12-07 00:00:00,0.4135346089795317
1989-12-08 00:00:00,0.413969146011056
1989-12-11 00:00:00,0.41388166434151824
1989-12-12 00:00:00,0.4123327470573636
1989-12-13 00:00:00,0.41216095327165697
1989-12-14 00:00:00,0.41115817254814996
1989-12-15 00:00:00,0.40997000859069405
1989-12-18 00:00:00,0.4097666140984658
1989-12-19 00:00:00,0.41096869457397045
1989-12-20 00:00:00,0.4110032195757334
1989-12-21 00:00:00,0.41061790002121773
1989-12-22 00:00:00,0.40989062915170477
1989-12-26 00:00:00,0.41001088248090384
1989-12-27 00:00:00,0.408677710497968
1989-12-28 00:00:00,0.408677710497968
1989-12-29 00:00:00,0.4089680722150678
1990-01-02 00:00:00,0.4161404347739682
1990-01-03 00:00:00,0.41645555591164807
1990-01-04 00:00:00,0.40911880150052127
1990-01-05 00:00:00,0.4080709739508006
1990-01-08 00:00:00,0.4053021235500604
1990-01-09 00:00:00,0.40595509079113756
1990-01-10 00:00:00,0.4027777310157086
1990-01-11 00:00:00,0.4027777310157086
1990-01-12 00:00:00,0.3987513944971396
1990-01-16 00:00:00,0.4028375994035445
1990-01-17 00:00:00,0.40100901977710024
1990-01-18 00:00:00,0.4031725930534465
1990-01-19 00:00:00,0.40242153188984353
1990-01-22 00:00:00,0.40559297449814663
1990-01-23 00:00:00,0.401186732936303
1990-01-24 00:00:00,0.3990171618769584
1990-01-25 00:00:00,0.39730436289319077
1990-01-26 00:00:00,0.39730436289319077
1990-01-29 00:00:00,0.39630258827340226
1990-01-30 00:00:00,0.3967119114351226
1990-01-31 00:00:00,0.3977745210284685
1990-02-01 00:00:00,0.3972924897254195
1990-02-02 00:00:00,0.39718668515333816
1990-02-05 00:00:00,0.3957806417942925
1990-02-06 00:00:00,0.3954950262700937
1990-02-07 00:00:00,0.39587586935136054
1990-02-08 00:00:00,0.39697696035312013
1990-02-09 00:00:00,0.3971512896185663
1990-02-12 00:00:00,0.39704532664220876
1990-02-13 00:00:00,0.3971371314046576
1990-02-14 00:00:00,0.39674184879097407
1990-02-15 00:00:00,0.3969993435586415
1990-02-16 00:00:00,0.39682703864272406
1990-02-20 00:00:00,0.39611278472867006
1990-02-21 00:00:00,0.3952378517079503
1990-02-22 00:00:00,0.3950438321730023
1990-02-23 00:00:00,0.39541853577092567
1990-02-26 00:00:00,0.39625158971774466
1990-02-27 00:00:00,0.3959349816466181
1990-02-28 00:00:00,0.39661181597194883
1990-03-01 00:00:00,0.3977958672632853
1990-03-02 00:00:00,0.39835898158659167
1990-03-05 00:00:00,0.39835898158659167
1990-03-06 00:00:00,0.398360567421395
1990-03-07 00:00:00,0.398360567421395
1990-03-08 00:00:00,0.398360567421395
1990-03-09 00:00:00,0.398360567421395
1990-03-12 00:00:00,0.398360567421395
1990-03-13 00:00:00,0.398360567421395
1990-03-14 00:00:00,0.3984162897483913
1990-03-15 00:00:00,0.3986959997209614
1990-03-16 00:00:00,0.39937785511845064
1990-03-19 00:00:00,0.39937785511845064
1990-03-20 00:00:00,0.39937785511845064
1990-03-21 00:00:00,0.39937785511845064
1990-03-22 00:00:00,0.39937785511845064
1990-03-23 00:00:00,0.39937785511845064
1990-03-26 00:00:00,0.39937785511845064
1990-03-27 00:00:00,0.39937785511845064
1990-03-28 00:00:00,0.39937785511845064
1990-03-29 00:00:00,0.39937785511845064
1990-03-30 00:00:00,0.39937785511845064
1990-04-02 00:00:00,0.4001666690036395
1990-04-03 00:00:00,0.4001666690036395
1990-04-04 00:00:00,0.4001666690036395
1990-04-05 00:00:00,0.4001666690036395
1990-04-06 00:00:00,0.4001666690036395
1990-04-09 00:00:00,0.4001666690036395
1990-04-10 00:00:00,0.4001666690036395
1990-04-11 00:00:00,0.3987702963569464
1990-04-12 00:00:00,0.3987702963569464
1990-04-13 00:00:00,0.39912577597105137
1990-04-16 00:00:00,0.39999789077672343
1990-04-17 00:00:00,0.40001687200700436
1990-04-18 00:00:00,0.3989147688956512
1990-04-19 00:00:00,0.3986985628025306
1990-04-20 00:00:00,0.40010705424602216
1990-04-23 00:00:00,0.40037533103350564
1990-04-24 00:00:00,0.39945300542019213
1990-04-25 00:00:00,0.39945300542019213
1990-04-26 00:00:00,0.39945300542019213
1990-04-27 00:00:00,0.398196322527723
1990-04-30 00:00:00,0.3962579668177079
1990-05-01 00:00:00,0.3962579668177079
1990-05-02 00:00:00,0.3962351933713391
1990-05-03 00:00:00,0.3959127198675586
1990-05-04 00:00:00,0.3931085028453006
1990-05-07 00:00:00,0.3931085028453006
1990-05-08 00:00:00,0.3931085028453006
1990-05-09 00:00:00,0.3848482153285968
1990-05-10 00:00:00,0.3848482153285968
1990-05-11 00:00:00,0.3848482153285968
1990-05-14 00:00:00,0.3848482153285968
1990-05-15 00:00:00,0.3848482153285968
1990-05-16 00:00:00,0.3853758807798274
1990-05-17 00:00:00,0.3864486303944048
1990-05-18 00:00:00,0.38664473794559306
1990-05-21 00:00:00,0.3917864675071834
1990-05-22 00:00:00,0.390165669290291
1990-05-23 00:00:00,0.38861222325774364
1990-05-24 00:00:00,0.39065582847281816
1990-05-25 00:00:00,0.39209556398976947
1990-05-29 00:00:00,0.38787032837167684
1990-05-30 00:00:00,0.3908561085329408
1990-05-31 00:00:00,0.3940045628639856
1990-06-01 00:00:00,0.39476680846441176
1990-06-04 00:00:00,0.39604470535751624
1990-06-05 00:00:00,0.39438308501023517
1990-06-06 00:00:00,0.3927333698690051
1990-06-07 00:00:00,0.3953294745752602
1990-06-08 00:00:00,0.3977098444814272
1990-06-11 00:00:00,0.39568906697818446
1990-06-12 00:00:00,0.39568906697818446
1990-06-13 00:00:00,0.39568906697818446
1990-06-14 00:00:00,0.39568906697818446
1990-06-15 00:00:00,0.39568906697818446
1990-06-18 00:00:00,0.39568906697818446
1990-06-19 00:00:00,0.39568906697818446
1990-06-20 00:00:00,0.39568906697818446
1990-06-21 00:00:00,0.39574175083154234
1990-06-22 00:00:00,0.3953628602280344
1990-06-25 00:00:00,0.39545640214300565
1990-06-26 00:00:00,0.3951796430896987
1990-06-27 00:00:00,0.3952909842612188
1990-06-28 00:00:00,0.39561513679842786
1990-06-29 00:00:00,0.3957137584660277
1990-07-02 00:00:00,0.39504464444388004
1990-07-03 00:00:00,0.3944828208466586
1990-07-05 00:00:00,0.39478406315505193
1990-07-06 00:00:00,0.394884759999666
1990-07-09 00:00:00,0.3945278301225725
1990-07-10 00:00:00,0.3945703082431045
1990-07-11 00:00:00,0.3949875160044885
1990-07-12 00:00:00,0.39507019661960957
1990-07-13 00:00:00,0.39436149605432624
1990-07-16 00:00:00,0.3957243727979437
1990-07-17 00:00:00,0.39514801871984556
1990-07-18 00:00:00,0.39514801871984556
1990-07-19 00:00:00,0.39514801871984556
1990-07-20 00:00:00,0.39514801871984556
1990-07-23 00:00:00,0.39514801871984556
1990-07-24 00:00:00,0.39514801871984556
1990-07-25 00:00:00,0.3948377195303223
1990-07-26 00:00:00,0.3960200813837701
1990-07-27 00:00:00,0.3932030449416897
1990-07-30 00:00:00,0.39216232281485364
1990-07-31 00:00:00,0.38691151784789385
1990-08-01 00:00:00,0.38691151784789385
1990-08-02 00:00:00,0.387174509359034
1990-08-03 00:00:00,0.3855782948300903
1990-08-06 00:00:00,0.3799617047596221
1990-08-07 00:00:00,0.3799617047596221
1990-08-08 00:00:00,0.3799617047596221
1990-08-09 00:00:00,0.37879185098693824
1990-08-10 00:00:00,0.37888098966391565
1990-08-13 00:00:00,0.3739640780608999
1990-08-14 00:00:00,0.3739640780608999
1990-08-15 00:00:00,0.3739640780608999
1990-08-16 00:00:00,0.3739640780608999
1990-08-17 00:00:00,0.36765223279703996
1990-08-20 00:00:00,0.36765223279703996
1990-08-21 00:00:00,0.36660456931477753
1990-08-22 00:00:00,0.3637239614995262
1990-08-23 00:00:00,0.3637239614995262
1990-08-24 00:00:00,0.3659969416958651
1990-08-27 00:00:00,0.367818622729389
1990-08-28 00:00:00,0.36962161191646503
1990-08-29 00:00:00,0.37057516162587983
1990-08-30 00:00:00,0.3735825608923415
1990-08-31 00:00:00,0.3769411073857376
1990-09-04 00:00:00,0.3793137008953822
1990-09-05 00:00:00,0.3739288219381695
1990-09-06 00:00:00,0.374261596606192
1990-09-07 00:00:00,0.37564835443730554
1990-09-10 00:00:00,0.379625826786402
1990-09-11 00:00:00,0.3826092897331054
1990-09-12 00:00:00,0.3805782026195927
1990-09-13 00:00:00,0.3805782026195927
1990-09-14 00:00:00,0.3805782026195927
1990-09-17 00:00:00,0.3805782026195927
1990-09-18 00:00:00,0.3805782026195927
1990-09-19 00:00:00,0.3805782026195927
1990-09-20 00:00:00,0.3805782026195927
1990-09-21 00:00:00,0.3805782026195927
1990-09-24 00:00:00,0.3805782026195927
1990-09-25 00:00:00,0.3805782026195927
1990-09-26 00:00:00,0.3805782026195927
1990-09-27 00:00:00,0.3805782026195927
1990-09-28 00:00:00,0.3805782026195927
1990-10-01 00:00:00,0.3805782026195927
1990-10-02 00:00:00,0.3805782026195927
1990-10-03 00:00:00,0.3805782026195927
1990-10-04 00:00:00,0.3805782026195927
1990-10-05 00:00:00,0.3805782026195927
1990-10-09 00:00:00,0.37997279627659447
1990-10-10 00:00:00,0.3799920496162273
1990-10-11 00:00:00,0.3805683785685737
1990-10-12 00:00:00,0.38000801065151957
1990-10-15 00:00:00,0.38045127527047445
1990-10-16 00:00:00,0.3800239540868099
1990-10-17 00:00:00,0.3797722871535293
1990-10-18 00:00:00,0.3797916822063518
1990-10-19 00:00:00,0.37960654982550057
1990-10-22 00:00:00,0.3801454437210905
1990-10-23 00:00:00,0.3801287385525992
1990-10-24 00:00:00,0.3795967257744816
1990-10-25 00:00:00,0.37991095440784756
1990-10-26 00:00:00,0.38008755224012836
1990-10-29 00:00:00,0.3803519899141163
1990-10-30 00:00:00,0.38044243291397073
1990-10-31 00:00:00,0.38044243291397073
1990-11-01 00:00:00,0.38044243291397073
1990-11-02 00:00:00,0.38044243291397073
1990-11-05 00:00:00,0.38044243291397073
1990-11-06 00:00:00,0.38044243291397073
1990-11-07 00:00:00,0.3785856370578724
1990-11-08 00:00:00,0.37994162448389873
1990-11-09 00:00:00,0.38037683939105454
1990-11-13 00:00:00,0.3814777610378241
1990-11-14 00:00:00,0.37911178635358134
1990-11-15 00:00:00,0.38097964816202967
1990-11-16 00:00:00,0.37845445001204
1990-11-19 00:00:00,0.3789542773397116
1990-11-20 00:00:00,0.37942211785563046
1990-11-21 00:00:00,0.3806190369087799
1990-11-23 00:00:00,0.3827714590309926
1990-11-26 00:00:00,0.38543271568699594
1990-11-27 00:00:00,0.38317757870287333
1990-11-28 00:00:00,0.38562564347282174
1990-11-29 00:00:00,0.38815827554894117
1990-11-30 00:00:00,0.387876411244188
1990-12-03 00:00:00,0.387876411244188
1990-12-04 00:00:00,0.3884125143841464
1990-12-05 00:00:00,0.3884344654544816
1990-12-06 00:00:00,0.3884344654544816
1990-12-07 00:00:00,0.38892698091474504
1990-12-10 00:00:00,0.38892698091474504
1990-12-11 00:00:00,0.38892698091474504
1990-12-12 00:00:00,0.38892698091474504
1990-12-13 00:00:00,0.38892698091474504
1990-12-14 00:00:00,0.38892698091474504
1990-12-17 00:00:00,0.38892698091474504
1990-12-18 00:00:00,0.38892698091474504
1990-12-19 00:00:00,0.38892698091474504
1990-12-20 00:00:00,0.38892698091474504
1990-12-21 00:00:00,0.38892698091474504
1990-12-24 00:00:00,0.38714043894087186
1990-12-26 00:00:00,0.38944093637165117
1990-12-27 00:00:00,0.38969850440116494
1990-12-28 00:00:00,0.3966707572235378
1990-12-31 00:00:00,0.3972426933341224
1991-01-02 00:00:00,0.3972426933341224
1991-01-03 00:00:00,0.3972426933341224
1991-01-04 00:00:00,0.3972426933341224
1991-01-07 00:00:00,0.3972426933341224
1991-01-08 00:00:00,0.3972426933341224
1991-01-09 00:00:00,0.3972426933341224
1991-01-10 00:00:00,0.3972426933341224
1991-01-11 00:00:00,0.3972426933341224
1991-01-14 00:00:00,0.3972426933341224
1991-01-15 00:00:00,0.3972426933341224
1991-01-16 00:00:00,0.3972426933341224
1991-01-17 00:00:00,0.3972426933341224
1991-01-18 00:00:00,0.3972426933341224
1991-01-22 00:00:00,0.3972426933341224
1991-01-23 00:00:00,0.3966741076973963
1991-01-24 00:00:00,0.3972042105227244
1991-01-25 00:00:00,0.3974191667125893
1991-01-28 00:00:00,0.3977996965208928
1991-01-29 00:00:00,0.3974165197743337
1991-01-30 00:00:00,0.3974165197743337
1991-01-31 00:00:00,0.3974165197743337
1991-02-01 00:00:00,0.3974165197743337
1991-02-04 00:00:00,0.3974165197743337
1991-02-05 00:00:00,0.3974165197743337
1991-02-06 00:00:00,0.3974165197743337
1991-02-07 00:00:00,0.3974165197743337
1991-02-08 00:00:00,0.39889338640143596
1991-02-11 00:00:00,0.39695660491151524
1991-02-12 00:00:00,0.39896883228797636
1991-02-13 00:00:00,0.3999032079559036
1991-02-14 00:00:00,0.4014555552467941
1991-02-15 00:00:00,0.40370590177895227
1991-02-19 00:00:00,0.40633841456466574
1991-02-20 00:00:00,0.40633841456466574
1991-02-21 00:00:00,0.4068562281612328
1991-02-22 00:00:00,0.40539995263482337
1991-02-25 00:00:00,0.40539995263482337
1991-02-26 00:00:00,0.40521102395505254
1991-02-27 00:00:00,0.40315175877068127
1991-02-28 00:00:00,0.4011439905547929
1991-03-01 00:00:00,0.4011439905547929
1991-03-04 00:00:00,0.39862875786177693
1991-03-05 00:00:00,0.39862875786177693
1991-03-06 00:00:00,0.3956660766439265
1991-03-07 00:00:00,0.39422760109442145
1991-03-08 00:00:00,0.39422760109442145
1991-03-11 00:00:00,0.39422760109442145
1991-03-12 00:00:00,0.3965423319632327
1991-03-13 00:00:00,0.3945154635267649
1991-03-14 00:00:00,0.3948037466568539
1991-03-15 00:00:00,0.389335294251139
1991-03-18 00:00:00,0.389335294251139
1991-03-19 00:00:00,0.3847214461618879
1991-03-20 00:00:00,0.3847214461618879
1991-03-21 00:00:00,0.3878200588991331
1991-03-22 00:00:00,0.3881204174379891
1991-03-25 00:00:00,0.38325336724822484
1991-03-26 00:00:00,0.3817250943374398
1991-03-27 00:00:00,0.37704426245631595
1991-03-28 00:00:00,0.37704426245631595
1991-03-29 00:00:00,0.37786082516633407
1991-04-01 00:00:00,0.37839600788587985
1991-04-02 00:00:00,0.3795058835847203
1991-04-03 00:00:00,0.3801708485374348
1991-04-04 00:00:00,0.38137407155627434
1991-04-05 00:00:00,0.37993479963763943
1991-04-08 00:00:00,0.3788724483044114
1991-04-09 00:00:00,0.3804652231971149
1991-04-10 00:00:00,0.3795300766051421
1991-04-11 00:00:00,0.38050622728465555
1991-04-12 00:00:00,0.37932877902956774
1991-04-15 00:00:00,0.37957042096644267
1991-04-16 00:00:00,0.380016086746
1991-04-17 00:00:00,0.3793689820797245
1991-04-18 00:00:00,0.37801770825044206
1991-04-19 00:00:00,0.3758223845632934
1991-04-22 00:00:00,0.3751093861206745
1991-04-23 00:00:00,0.37673628141493487
1991-04-24 00:00:00,0.3759509459987183
1991-04-25 00:00:00,0.37625461980419334
1991-04-26 00:00:00,0.3752213560829641
1991-04-29 00:00:00,0.374886125259209
1991-04-30 00:00:00,0.3775483582369098
1991-05-01 00:00:00,0.37786082516633407
1991-05-02 00:00:00,0.3767746866930132
1991-05-03 00:00:00,0.37548350436640043
1991-05-06 00:00:00,0.37592066950136654
1991-05-07 00:00:00,0.3767746866930132
1991-05-08 00:00:00,0.3763155535597274
1991-05-09 00:00:00,0.3757091944364289
1991-05-10 00:00:00,0.3767746866930132
1991-05-13 00:00:00,0.37793921238599054
1991-05-14 00:00:00,0.3788724483044114
1991-05-15 00:00:00,0.37889458080415434
1991-05-16 00:00:00,0.37889458080415434
1991-05-17 00:00:00,0.37942650484241686
1991-05-20 00:00:00,0.37942650484241686
1991-05-21 00:00:00,0.37942650484241686
1991-05-22 00:00:00,0.37942650484241686
1991-05-23 00:00:00,0.37942650484241686
1991-05-24 00:00:00,0.37942650484241686
1991-05-28 00:00:00,0.37942650484241686
1991-05-29 00:00:00,0.37942650484241686
1991-05-30 00:00:00,0.37942650484241686
1991-05-31 00:00:00,0.37942650484241686
1991-06-03 00:00:00,0.37942650484241686
1991-06-04 00:00:00,0.37978593837180774
1991-06-05 00:00:00,0.3788953542385649
1991-06-06 00:00:00,0.37840023539743384
1991-06-07 00:00:00,0.3771229594779531
1991-06-10 00:00:00,0.37767688760284307
1991-06-11 00:00:00,0.37746854735316304
1991-06-12 00:00:00,0.37609837317386424
1991-06-13 00:00:00,0.37573841241243433
1991-06-14 00:00:00,0.37602319551945895
1991-06-17 00:00:00,0.3750560967603336
1991-06-18 00:00:00,0.3750560967603336
1991-06-19 00:00:00,0.38075981591558916
1991-06-20 00:00:00,0.38001889391536425
1991-06-21 00:00:00,0.37876592238771467
1991-06-24 00:00:00,0.3820509479943378
1991-06-25 00:00:00,0.3773752842185617
1991-06-26 00:00:00,0.3794528035941172
1991-06-27 00:00:00,0.378105923684619
1991-06-28 00:00:00,0.3759948201446009
1991-07-01 00:00:00,0.3743611046321515
1991-07-02 00:00:00,0.3705772198045164
1991-07-03 00:00:00,0.3705772198045164
1991-07-05 00:00:00,0.37121841798663047
1991-07-08 00:00:00,0.3722571303343494
1991-07-09 00:00:00,0.3713904364969216
1991-07-10 00:00:00,0.37151973762428975
1991-07-11 00:00:00,0.3700010959646824
1991-07-12 00:00:00,0.3734537818243436
1991-07-15 00:00:00,0.3736404331657956
1991-07-16 00:00:00,0.3724318011961096
1991-07-17 00:00:00,0.3731349821226935
1991-07-18 00:00:00,0.37474392923303995
1991-07-19 00:00:00,0.3766229074650321
1991-07-22 00:00:00,0.3758432211387866
1991-07-23 00:00:00,0.3758432211387866
1991-07-24 00:00:00,0.375514541569374
1991-07-25 00:00:00,0.375514541569374
1991-07-26 00:00:00,0.37515360633749256
1991-07-29 00:00:00,0.37515360633749256
1991-07-30 00:00:00,0.37515360633749256
1991-07-31 00:00:00,0.37515360633749256
1991-08-01 00:00:00,0.37515360633749256
1991-08-02 00:00:00,0.37515360633749256
1991-08-05 00:00:00,0.37515360633749256
1991-08-06 00:00:00,0.37515360633749256
1991-08-07 00:00:00,0.3751104900324617
1991-08-08 00:00:00,0.3751104900324617
1991-08-09 00:00:00,0.3751104900324617
1991-08-12 00:00:00,0.3751104900324617
1991-08-13 00:00:00,0.3751104900324617
1991-08-14 00:00:00,0.3751104900324617
1991-08-15 00:00:00,0.3751104900324617
1991-08-16 00:00:00,0.3751104900324617
1991-08-19 00:00:00,0.3751104900324617
1991-08-20 00:00:00,0.37523181491479785
1991-08-21 00:00:00,0.37649208011738106
1991-08-22 00:00:00,0.37738484715543347
1991-08-23 00:00:00,0.37738484715543347
1991-08-26 00:00:00,0.37738484715543347
1991-08-27 00:00:00,0.37738484715543347
1991-08-28 00:00:00,0.37738484715543347
1991-08-29 00:00:00,0.37738484715543347
1991-08-30 00:00:00,0.37738484715543347
1991-09-03 00:00:00,0.37738484715543347
1991-09-04 00:00:00,0.37738484715543347
1991-09-05 00:00:00,0.37738484715543347
1991-09-06 00:00:00,0.37738484715543347
1991-09-09 00:00:00,0.37738484715543347
1991-09-10 00:00:00,0.37738484715543347
1991-09-11 00:00:00,0.3788358301826607
1991-09-12 00:00:00,0.3765752059377484
1991-09-13 00:00:00,0.37616921724407487
1991-09-16 00:00:00,0.37280117830528586
1991-09-17 00:00:00,0.37280117830528586
1991-09-18 00:00:00,0.37514182609249125
1991-09-19 00:00:00,0.3776021948371075
1991-09-20 00:00:00,0.3762813616602808
1991-09-23 00:00:00,0.37284323602765385
1991-09-24 00:00:00,0.372438270275499
1991-09-25 00:00:00,0.3741999782197874
1991-09-26 00:00:00,0.37448252270268223
1991-09-27 00:00:00,0.3728852062137815
1991-09-30 00:00:00,0.3700523336388657
1991-10-01 00:00:00,0.3700523336388657
1991-10-02 00:00:00,0.3700523336388657
1991-10-03 00:00:00,0.3700523336388657
1991-10-04 00:00:00,0.3700523336388657
1991-10-07 00:00:00,0.3700523336388657
1991-10-08 00:00:00,0.3700523336388657
1991-10-09 00:00:00,0.3700523336388657
1991-10-10 00:00:00,0.370003932794731
1991-10-11 00:00:00,0.370003932794731
1991-10-15 00:00:00,0.370003932794731
1991-10-16 00:00:00,0.370003932794731
1991-10-17 00:00:00,0.36996728884792734
1991-10-18 00:00:00,0.36996728884792734
1991-10-21 00:00:00,0.36996728884792734
1991-10-22 00:00:00,0.36996728884792734
1991-10-23 00:00:00,0.36996728884792734
1991-10-24 00:00:00,0.36996728884792734
1991-10-25 00:00:00,0.36996728884792734
1991-10-28 00:00:00,0.36996728884792734
1991-10-29 00:00:00,0.36996728884792734
1991-10-30 00:00:00,0.36996728884792734
1991-10-31 00:00:00,0.36996728884792734
1991-11-01 00:00:00,0.36996728884792734
1991-11-04 00:00:00,0.36996728884792734
1991-11-05 00:00:00,0.37242336499526885
1991-11-06 00:00:00,0.3727529582929276
1991-11-07 00:00:00,0.3706596314540227
1991-11-08 00:00:00,0.3727239810519645
1991-11-12 00:00:00,0.37279536475311326
1991-11-13 00:00:00,0.3730381384974331
1991-11-14 00:00:00,0.37207774785102143
1991-11-15 00:00:00,0.3730091612564701
1991-11-18 00:00:00,0.3682811426183402
1991-11-19 00:00:00,0.3670153472923149
1991-11-20 00:00:00,0.36753864148138893
1991-11-21 00:00:00,0.3669504370020525
1991-11-22 00:00:00,0.3653964669449831
1991-11-25 00:00:00,0.3653964669449831
1991-11-26 00:00:00,0.3637190017666378
1991-11-27 00:00:00,0.36948722240558357
1991-11-29 00:00:00,0.3712800697139424
1991-12-02 00:00:00,0.36859202793370155
1991-12-03 00:00:00,0.36975486458369977
1991-12-04 00:00:00,0.3697370472152578
1991-12-05 00:00:00,0.3651616522512268
1991-12-06 00:00:00,0.3609669099901991
1991-12-09 00:00:00,0.3609669099901991
1991-12-10 00:00:00,0.36223948941611467
1991-12-11 00:00:00,0.3613143925041264
1991-12-12 00:00:00,0.36258419107693346
1991-12-13 00:00:00,0.3629488095203258
1991-12-16 00:00:00,0.3620275932537038
1991-12-17 00:00:00,0.36200684802899175
1991-12-18 00:00:00,0.3618570950952072
1991-12-19 00:00:00,0.35892213538838946
1991-12-20 00:00:00,0.3531186405491834
1991-12-23 00:00:00,0.3531186405491834
1991-12-24 00:00:00,0.3554437838393415
1991-12-26 00:00:00,0.35268409313623356
1991-12-27 00:00:00,0.3543646367834599
1991-12-30 00:00:00,0.3555122901764457
1991-12-31 00:00:00,0.35703724968171446
1992-01-02 00:00:00,0.35791208002118297
1992-01-03 00:00:00,0.3607255879707824
1992-01-06 00:00:00,0.353741576937477
1992-01-07 00:00:00,0.35377351124639167
1992-01-08 00:00:00,0.3542225775602505
1992-01-09 00:00:00,0.3623425410697446
1992-01-10 00:00:00,0.3691420924761345
1992-01-13 00:00:00,0.3659321112937457
1992-01-14 00:00:00,0.3659321112937457
1992-01-15 00:00:00,0.3659321112937457
1992-01-16 00:00:00,0.3661592624675303
1992-01-17 00:00:00,0.36665818471070055
1992-01-21 00:00:00,0.36730579346290504
1992-01-22 00:00:00,0.36730579346290504
1992-01-23 00:00:00,0.36730579346290504
1992-01-24 00:00:00,0.36730579346290504
1992-01-27 00:00:00,0.36730579346290504
1992-01-28 00:00:00,0.36730579346290504
1992-01-29 00:00:00,0.36730579346290504
1992-01-30 00:00:00,0.36730579346290504
1992-01-31 00:00:00,0.36730579346290504
1992-02-03 00:00:00,0.36730579346290504
1992-02-04 00:00:00,0.36730579346290504
1992-02-05 00:00:00,0.36730579346290504
1992-02-06 00:00:00,0.36730579346290504
1992-02-07 00:00:00,0.36730579346290504
1992-02-10 00:00:00,0.36730579346290504
1992-02-11 00:00:00,0.3681294876283543
1992-02-12 00:00:00,0.3681294876283543
1992-02-13 00:00:00,0.3681294876283543
1992-02-14 00:00:00,0.3681294876283543
1992-02-18 00:00:00,0.36508395481289757
1992-02-19 00:00:00,0.3651817263761095
1992-02-20 00:00:00,0.36508395481289757
1992-02-21 00:00:00,0.3644576109948686
1992-02-24 00:00:00,0.3649165600472823
1992-02-25 00:00:00,0.3656438905855952
1992-02-26 00:00:00,0.36370278646016935
1992-02-27 00:00:00,0.36370278646016935
1992-02-28 00:00:00,0.36370278646016935
1992-03-02 00:00:00,0.36370278646016935
1992-03-03 00:00:00,0.36370278646016935
1992-03-04 00:00:00,0.36370278646016935
1992-03-05 00:00:00,0.36370278646016935
1992-03-06 00:00:00,0.36370278646016935
1992-03-09 00:00:00,0.36370278646016935
1992-03-10 00:00:00,0.36370278646016935
1992-03-11 00:00:00,0.36370278646016935
1992-03-12 00:00:00,0.36370278646016935
1992-03-13 00:00:00,0.36370278646016935
1992-03-16 00:00:00,0.36370278646016935
1992-03-17 00:00:00,0.36370278646016935
1992-03-18 00:00:00,0.36370278646016935
1992-03-19 00:00:00,0.36370278646016935
1992-03-20 00:00:00,0.36370278646016935
1992-03-23 00:00:00,0.36370278646016935
1992-03-24 00:00:00,0.36370278646016935
1992-03-25 00:00:00,0.36370278646016935
1992-03-26 00:00:00,0.36370278646016935
1992-03-27 00:00:00,0.36370278646016935
1992-03-30 00:00:00,0.36370278646016935
1992-03-31 00:00:00,0.36370278646016935
1992-04-01 00:00:00,0.36370278646016935
1992-04-02 00:00:00,0.36370278646016935
1992-04-03 00:00:00,0.36370278646016935
1992-04-06 00:00:00,0.36370278646016935
1992-04-07 00:00:00,0.3637652571665505
1992-04-08 00:00:00,0.3637652571665505
1992-04-09 00:00:00,0.3637652571665505
1992-04-10 00:00:00,0.3637652571665505
1992-04-13 00:00:00,0.3637652571665505
1992-04-14 00:00:00,0.3637652571665505
1992-04-15 00:00:00,0.36298200210133474
1992-04-16 00:00:00,0.36261706894704315
1992-04-17 00:00:00,0.36254081277370215
1992-04-20 00:00:00,0.36240783845528823
1992-04-21 00:00:00,0.3624495655651212
1992-04-22 00:00:00,0.3626743909326798
1992-04-23 00:00:00,0.3626552712128706
1992-04-24 00:00:00,0.3630013343997888
1992-04-27 00:00:00,0.3631175935357862
1992-04-28 00:00:00,0.36361484979023956
1992-04-29 00:00:00,0.36342985854758464
1992-04-30 00:00:00,0.363626696660658
1992-05-01 00:00:00,0.3642473742703391
1992-05-04 00:00:00,0.3642473742703391
1992-05-05 00:00:00,0.3642473742703391
1992-05-06 00:00:00,0.3642473742703391
1992-05-07 00:00:00,0.3642473742703391
1992-05-08 00:00:00,0.3642473742703391
1992-05-11 00:00:00,0.3642473742703391
1992-05-12 00:00:00,0.3642473742703391
1992-05-13 00:00:00,0.3642473742703391
1992-05-14 00:00:00,0.3642473742703391
1992-05-15 00:00:00,0.367182907635088
1992-05-18 00:00:00,0.3615641238063984
1992-05-19 00:00:00,0.36010196823370894
1992-05-20 00:00:00,0.36010196823370894
1992-05-21 00:00:00,0.3625644773549165
1992-05-22 00:00:00,0.3638735746675501
1992-05-26 00:00:00,0.3618512381104036
1992-05-27 00:00:00,0.3633294579080324
1992-05-28 00:00:00,0.3613210104683568
1992-05-29 00:00:00,0.3569874616369971
1992-06-01 00:00:00,0.35813407047987506
1992-06-02 00:00:00,0.35796877502463864
1992-06-03 00:00:00,0.3599018082546248
1992-06-04 00:00:00,0.35803906157733645
1992-06-05 00:00:00,0.35548451612443827
1992-06-08 00:00:00,0.35548451612443827
1992-06-09 00:00:00,0.35548451612443827
1992-06-10 00:00:00,0.35548451612443827
1992-06-11 00:00:00,0.35548451612443827
1992-06-12 00:00:00,0.35548451612443827
1992-06-15 00:00:00,0.3523427309476156
1992-06-16 00:00:00,0.3523427309476156
1992-06-17 00:00:00,0.3555481542543342
1992-06-18 00:00:00,0.353674185779749
1992-06-19 00:00:00,0.3546450291080677
1992-06-22 00:00:00,0.3542537763271999
1992-06-23 00:00:00,0.3547280231277972
1992-06-24 00:00:00,0.3514883630824846
1992-06-25 00:00:00,0.3514883630824846
1992-06-26 00:00:00,0.3514883630824846
1992-06-29 00:00:00,0.348729328691347
1992-06-30 00:00:00,0.3498392155599417
1992-07-01 00:00:00,0.348450240313173
1992-07-02 00:00:00,0.3469250892752604
1992-07-03 00:00:00,0.3469250892752604
1992-07-06 00:00:00,0.3465120867279616
1992-07-07 00:00:00,0.34592029963871734
1992-07-08 00:00:00,0.34585653048181897
1992-07-09 00:00:00,0.3484552274871474
1992-07-10 00:00:00,0.3467188408599934
1992-07-13 00:00:00,0.3444922844658168
1992-07-14 00:00:00,0.3458335629584111
1992-07-15 00:00:00,0.3444977819143579
1992-07-16 00:00:00,0.3435608402081196
1992-07-17 00:00:00,0.34107711138248
1992-07-20 00:00:00,0.34107711138248
1992-07-21 00:00:00,0.3417422521292482
1992-07-22 00:00:00,0.3417018381829171
1992-07-23 00:00:00,0.34127380234400834
1992-07-24 00:00:00,0.3422487389141332
1992-07-27 00:00:00,0.3410360689483814
1992-07-28 00:00:00,0.3403934893388466
1992-07-29 00:00:00,0.34158376304868004
1992-07-30 00:00:00,0.3415994729038801
1992-07-31 00:00:00,0.34148864111621235
1992-08-03 00:00:00,0.3415043893159148
1992-08-04 00:00:00,0.3415130946351797
1992-08-05 00:00:00,0.34175326276126217
1992-08-06 00:00:00,0.34226969126788764
1992-08-07 00:00:00,0.34098778892375353
1992-08-10 00:00:00,0.3412942713070004
1992-08-11 00:00:00,0.34185059568755805
1992-08-12 00:00:00,0.3415862954535422
1992-08-13 00:00:00,0.3410515873917838
1992-08-14 00:00:00,0.34176466239322345
1992-08-17 00:00:00,0.3411117865163487
1992-08-18 00:00:00,0.3408363200373614
1992-08-19 00:00:00,0.34019940478679245
1992-08-20 00:00:00,0.3393998462553819
1992-08-21 00:00:00,0.33846704568829233
1992-08-24 00:00:00,0.3356187665156182
1992-08-25 00:00:00,0.3356187665156182
1992-08-26 00:00:00,0.3367532926343757
1992-08-27 00:00:00,0.3372156026255333
1992-08-28 00:00:00,0.3366452301718174
1992-08-31 00:00:00,0.3354469931634193
1992-09-01 00:00:00,0.33485972956261856
1992-09-02 00:00:00,0.3347555661540268
1992-09-03 00:00:00,0.3369939300712285
1992-09-04 00:00:00,0.33589883726916625
1992-09-08 00:00:00,0.33406924325405307
1992-09-09 00:00:00,0.3359327905340912
1992-09-10 00:00:00,0.3356868759534764
1992-09-11 00:00:00,0.3393482048020976
1992-09-14 00:00:00,0.34167880377002674
1992-09-15 00:00:00,0.3415494654674249
1992-09-16 00:00:00,0.3415494654674249
1992-09-17 00:00:00,0.3422425756399469
1992-09-18 00:00:00,0.3422425756399469
1992-09-21 00:00:00,0.3422425756399469
1992-09-22 00:00:00,0.3422425756399469
1992-09-23 00:00:00,0.3422425756399469
1992-09-24 00:00:00,0.3422425756399469
1992-09-25 00:00:00,0.3422425756399469
1992-09-28 00:00:00,0.3422425756399469
1992-09-29 00:00:00,0.3422425756399469
1992-09-30 00:00:00,0.3422425756399469
1992-10-01 00:00:00,0.3422425756399469
1992-10-02 00:00:00,0.3422425756399469
1992-10-05 00:00:00,0.3422425756399469
1992-10-06 00:00:00,0.3422425756399469
1992-10-07 00:00:00,0.3432059558196371
1992-10-08 00:00:00,0.345401259511252
1992-10-09 00:00:00,0.3461399262474827
1992-10-13 00:00:00,0.3461399262474827
1992-10-14 00:00:00,0.3461399262474827
1992-10-15 00:00:00,0.3461399262474827
1992-10-16 00:00:00,0.3461399262474827
1992-10-19 00:00:00,0.3461399262474827
1992-10-20 00:00:00,0.3461399262474827
1992-10-21 00:00:00,0.3461399262474827
1992-10-22 00:00:00,0.3459255750813496
1992-10-23 00:00:00,0.34507760627152595
1992-10-26 00:00:00,0.34469392387952774
1992-10-27 00:00:00,0.3448679419483064
1992-10-28 00:00:00,0.34458981788743215
1992-10-29 00:00:00,0.3441756636717844
1992-10-30 00:00:00,0.34410698886236324
1992-11-02 00:00:00,0.34262527666843157
1992-11-03 00:00:00,0.34262527666843157
1992-11-04 00:00:00,0.34262527666843157
1992-11-05 00:00:00,0.34262527666843157
1992-11-06 00:00:00,0.34262527666843157
1992-11-09 00:00:00,0.3431824389801632
1992-11-10 00:00:00,0.3419617980978422
1992-11-12 00:00:00,0.34223757323541437
1992-11-13 00:00:00,0.34470647308699853
1992-11-16 00:00:00,0.34179679295993415
1992-11-17 00:00:00,0.34005790719962037
1992-11-18 00:00:00,0.33995049577237574
1992-11-19 00:00:00,0.3423481525269793
1992-11-20 00:00:00,0.34256977443116304
1992-11-23 00:00:00,0.34168698051283103
1992-11-24 00:00:00,0.3419838248047185
1992-11-25 00:00:00,0.3426808176913306
1992-11-27 00:00:00,0.3414678125358804
1992-11-30 00:00:00,0.3419617980978422
1992-12-01 00:00:00,0.34447885527222033
1992-12-02 00:00:00,0.347194688311609
1992-12-03 00:00:00,0.34487760975432646
1992-12-04 00:00:00,0.34232602433239057
1992-12-07 00:00:00,0.3462018408380148
1992-12-08 00:00:00,0.34695998745882073
1992-12-09 00:00:00,0.34539320913798194
1992-12-10 00:00:00,0.34476347825654036
1992-12-11 00:00:00,0.345565809287402
1992-12-14 00:00:00,0.34522097661401324
1992-12-15 00:00:00,0.3450491105422232
1992-12-16 00:00:00,0.34655087799987583
1992-12-17 00:00:00,0.34598019508702743
1992-12-18 00:00:00,0.34598019508702743
1992-12-21 00:00:00,0.34598019508702743
1992-12-22 00:00:00,0.34598019508702743
1992-12-23 00:00:00,0.34598019508702743
1992-12-24 00:00:00,0.34598019508702743
1992-12-28 00:00:00,0.34582960366511206
1992-12-29 00:00:00,0.34564609734015744
1992-12-30 00:00:00,0.34572613382181483
1992-12-31 00:00:00,0.34557779881454126
1993-01-04 00:00:00,0.3452850402707742
1993-01-05 00:00:00,0.3454826491477156
1993-01-06 00:00:00,0.34510742544477974
1993-01-07 00:00:00,0.34498641976621586
1993-01-08 00:00:00,0.344931711513244
1993-01-11 00:00:00,0.3450743352120396
1993-01-12 00:00:00,0.3448771859255575
1993-01-13 00:00:00,0.34498641976621586
1993-01-14 00:00:00,0.3452293295792762
1993-01-15 00:00:00,0.3448880764737995
1993-01-19 00:00:00,0.34538579557834814
1993-01-20 00:00:00,0.34547587354118886
1993-01-21 00:00:00,0.3452404566707989
1993-01-22 00:00:00,0.34572613382181483
1993-01-25 00:00:00,0.3461039889798831
1993-01-26 00:00:00,0.3458772511459018
1993-01-27 00:00:00,0.3458772511459018
1993-01-28 00:00:00,0.3458772511459018
1993-01-29 00:00:00,0.3458772511459018
1993-02-01 00:00:00,0.3458772511459018
1993-02-02 00:00:00,0.3458772511459018
1993-02-03 00:00:00,0.34569370718342296
1993-02-04 00:00:00,0.34488649750590245
1993-02-05 00:00:00,0.345266559061319
1993-02-08 00:00:00,0.3446439090349978
1993-02-09 00:00:00,0.34519044729022774
1993-02-10 00:00:00,0.3442809748661615
1993-02-11 00:00:00,0.34422059618350315
1993-02-12 00:00:00,0.34339356913376595
1993-02-16 00:00:00,0.34843061247865476
1993-02-17 00:00:00,0.3488223695179295
1993-02-18 00:00:00,0.3481181411468981
1993-02-19 00:00:00,0.3485088599032213
1993-02-22 00:00:00,0.351120475974084
1993-02-23 00:00:00,0.35216523972570274
1993-02-24 00:00:00,0.3499355035440144
1993-02-25 00:00:00,0.3499355035440144
1993-02-26 00:00:00,0.3499355035440144
1993-03-01 00:00:00,0.3499355035440144
1993-03-02 00:00:00,0.3499355035440144
1993-03-03 00:00:00,0.3499355035440144
1993-03-04 00:00:00,0.3499355035440144
1993-03-05 00:00:00,0.3499355035440144
1993-03-08 00:00:00,0.3499355035440144
1993-03-09 00:00:00,0.3497248521880314
1993-03-10 00:00:00,0.3500369071626139
1993-03-11 00:00:00,0.350557480056483
1993-03-12 00:00:00,0.350656259342608
1993-03-15 00:00:00,0.35066975137059425
1993-03-16 00:00:00,0.3506247986146225
1993-03-17 00:00:00,0.35015633432170745
1993-03-18 00:00:00,0.35069224990734915
1993-03-19 00:00:00,0.35123668617802256
1993-03-22 00:00:00,0.35098392801025363
1993-03-23 00:00:00,0.35098392801025363
1993-03-24 00:00:00,0.35098392801025363
1993-03-25 00:00:00,0.35098392801025363
1993-03-26 00:00:00,0.3505242837030632
1993-03-29 00:00:00,0.3505242837030632
1993-03-30 00:00:00,0.3505242837030632
1993-03-31 00:00:00,0.3505242837030632
1993-04-01 00:00:00,0.3499773493426521
1993-04-02 00:00:00,0.3504845368705362
1993-04-05 00:00:00,0.3496425026078727
1993-04-06 00:00:00,0.3503854690461992
1993-04-07 00:00:00,0.35032101525718173
1993-04-08 00:00:00,0.34978993030365724
1993-04-09 00:00:00,0.34959202567212905
1993-04-12 00:00:00,0.3487641580359953
1993-04-13 00:00:00,0.34766962553617037
1993-04-14 00:00:00,0.34841442960287194
1993-04-15 00:00:00,0.3489024521636985
1993-04-16 00:00:00,0.3495968458071811
1993-04-19 00:00:00,0.34915512708623797
1993-04-20 00:00:00,0.34877675668561303
1993-04-21 00:00:00,0.3486670949635747
1993-04-22 00:00:00,0.34841496873814204
1993-04-23 00:00:00,0.3466153428328699
1993-04-26 00:00:00,0.3466153428328699
1993-04-27 00:00:00,0.3466153428328699
1993-04-28 00:00:00,0.3482402125931873
1993-04-29 00:00:00,0.34725466431212154
1993-04-30 00:00:00,0.3486811669445153
1993-05-03 00:00:00,0.348060042757321
1993-05-04 00:00:00,0.3441613248186257
1993-05-05 00:00:00,0.3441613248186257
1993-05-06 00:00:00,0.3445364756830045
1993-05-07 00:00:00,0.3456098496282192
1993-05-10 00:00:00,0.3487749516747781
1993-05-11 00:00:00,0.3492525146641064
1993-05-12 00:00:00,0.349545699015012
1993-05-13 00:00:00,0.3492071865257551
1993-05-14 00:00:00,0.34830371636474217
1993-05-17 00:00:00,0.3504790418691255
1993-05-18 00:00:00,0.3515696151257188
1993-05-19 00:00:00,0.3515696151257188
1993-05-20 00:00:00,0.3518661420497012
1993-05-21 00:00:00,0.3518661420497012
1993-05-24 00:00:00,0.3518661420497012
1993-05-25 00:00:00,0.3518661420497012
1993-05-26 00:00:00,0.3518661420497012
1993-05-27 00:00:00,0.3518661420497012
1993-05-28 00:00:00,0.3518661420497012
1993-06-01 00:00:00,0.3518661420497012
1993-06-02 00:00:00,0.3518605987454107
1993-06-03 00:00:00,0.3521048475109885
1993-06-04 00:00:00,0.3540972289416583
1993-06-07 00:00:00,0.3538362155989523
1993-06-08 00:00:00,0.3538362155989523
1993-06-09 00:00:00,0.3538362155989523
1993-06-10 00:00:00,0.3538362155989523
1993-06-11 00:00:00,0.3538362155989523
1993-06-14 00:00:00,0.3538362155989523
1993-06-15 00:00:00,0.3538362155989523
1993-06-16 00:00:00,0.3538362155989523
1993-06-17 00:00:00,0.3538362155989523
1993-06-18 00:00:00,0.3525530359736344
1993-06-21 00:00:00,0.3524956030708998
1993-06-22 00:00:00,0.35181797716923197
1993-06-23 00:00:00,0.35215260577516533
1993-06-24 00:00:00,0.3515588849127119
1993-06-25 00:00:00,0.35185188797488437
1993-06-28 00:00:00,0.35230661607407243
1993-06-29 00:00:00,0.35252430995649386
1993-06-30 00:00:00,0.3519821289663122
1993-07-01 00:00:00,0.3522095822592394
1993-07-02 00:00:00,0.35206728264071446
1993-07-06 00:00:00,0.35195378197873817
1993-07-07 00:00:00,0.35161507565259004
1993-07-08 00:00:00,0.3517558771434038
1993-07-09 00:00:00,0.35080749199248085
1993-07-12 00:00:00,0.35094563777317883
1993-07-13 00:00:00,0.3515308172958548
1993-07-14 00:00:00,0.3519254537453736
1993-07-15 00:00:00,0.35161507565259004
1993-07-16 00:00:00,0.3517276796699299
1993-07-19 00:00:00,0.3526681317406762
1993-07-20 00:00:00,0.3522666344344248
1993-07-21 00:00:00,0.3525357980664937
1993-07-22 00:00:00,0.35245544553569325
1993-07-23 00:00:00,0.3515308172958548
1993-07-26 00:00:00,0.35139075601252434
1993-07-27 00:00:00,0.35139075601252434
1993-07-28 00:00:00,0.3517840932413647
1993-07-29 00:00:00,0.3512232890371407
1993-07-30 00:00:00,0.35127903805652316
1993-08-02 00:00:00,0.35243824661795253
1993-08-03 00:00:00,0.3525070835305752
1993-08-04 00:00:00,0.35218332665431495
1993-08-05 00:00:00,0.35218332665431495
1993-08-06 00:00:00,0.35218332665431495
1993-08-09 00:00:00,0.35218332665431495
1993-08-10 00:00:00,0.35218332665431495
1993-08-11 00:00:00,0.35218332665431495
1993-08-12 00:00:00,0.35218332665431495
1993-08-13 00:00:00,0.35218332665431495
1993-08-16 00:00:00,0.3539431726271471
1993-08-17 00:00:00,0.3533625003890771
1993-08-18 00:00:00,0.3533625003890771
1993-08-19 00:00:00,0.3533625003890771
1993-08-20 00:00:00,0.35298816053888366
1993-08-23 00:00:00,0.35298816053888366
1993-08-24 00:00:00,0.3526957597650176
1993-08-25 00:00:00,0.3526957597650176
1993-08-26 00:00:00,0.35180605350892674
1993-08-27 00:00:00,0.3519331345336367
1993-08-30 00:00:00,0.3520754631525423
1993-08-31 00:00:00,0.35241990414229757
1993-09-01 00:00:00,0.35128475440970364
1993-09-02 00:00:00,0.3508888119205933
1993-09-03 00:00:00,0.3496413045025128
1993-09-07 00:00:00,0.34893506407447383
1993-09-08 00:00:00,0.34893506407447383
1993-09-09 00:00:00,0.34893506407447383
1993-09-10 00:00:00,0.34893506407447383
1993-09-13 00:00:00,0.34893506407447383
1993-09-14 00:00:00,0.3461886352379176
1993-09-15 00:00:00,0.3461886352379176
1993-09-16 00:00:00,0.3489348895245905
1993-09-17 00:00:00,0.34874340494682954
1993-09-20 00:00:00,0.3493355398172798
1993-09-21 00:00:00,0.35567160485472726
1993-09-22 00:00:00,0.3530422044443148
1993-09-23 00:00:00,0.3565707979446775
1993-09-24 00:00:00,0.35760101809554706
1993-09-27 00:00:00,0.35464776857591257
1993-09-28 00:00:00,0.35152213003667965
1993-09-29 00:00:00,0.3515022341381027
1993-09-30 00:00:00,0.35576757191690905
1993-10-01 00:00:00,0.35426016123265813
1993-10-04 00:00:00,0.35281130209254913
1993-10-05 00:00:00,0.3534597568804056
1993-10-06 00:00:00,0.35355893234997754
1993-10-07 00:00:00,0.35448860138729743
1993-10-08 00:00:00,0.3495450542175844
1993-10-12 00:00:00,0.3480568025377323
1993-10-13 00:00:00,0.34957835119251396
1993-10-14 00:00:00,0.35362601216668266
1993-10-15 00:00:00,0.3546256813441056
1993-10-18 00:00:00,0.3563694684810547
1993-10-19 00:00:00,0.3586841145859369
1993-10-20 00:00:00,0.3586841145859369
1993-10-21 00:00:00,0.35831591812077457
1993-10-22 00:00:00,0.35831591812077457
1993-10-25 00:00:00,0.35844143878736584
1993-10-26 00:00:00,0.3580652667360276
1993-10-27 00:00:00,0.3580652667360276
1993-10-28 00:00:00,0.35768808153617293
1993-10-29 00:00:00,0.35802731931066123
1993-11-01 00:00:00,0.3573344091799455
1993-11-02 00:00:00,0.3573344091799455
1993-11-03 00:00:00,0.3573159187757304
1993-11-04 00:00:00,0.3572605213525265
1993-11-05 00:00:00,0.35766935495439117
1993-11-08 00:00:00,0.35794401484953514
1993-11-09 00:00:00,0.35753861937943904
1993-11-10 00:00:00,0.35761325041620173
1993-11-12 00:00:00,0.3574716218550492
1993-11-15 00:00:00,0.3577068206734905
1993-11-16 00:00:00,0.35737142695686136
1993-11-17 00:00:00,0.3574827769242186
1993-11-18 00:00:00,0.3572789748742946
1993-11-19 00:00:00,0.35713168956584973
1993-11-22 00:00:00,0.35763193940699467
1993-11-23 00:00:00,0.3577931827788077
1993-11-24 00:00:00,0.35766186783440235
1993-11-26 00:00:00,0.35746418762448345
1993-11-29 00:00:00,0.3577255723789754
1993-11-30 00:00:00,0.357382541913275
1993-12-01 00:00:00,0.35751999278924135
1993-12-02 00:00:00,0.3574716218550492
1993-12-03 00:00:00,0.35777438572307124
1993-12-06 00:00:00,0.3586600696635312
1993-12-07 00:00:00,0.35865482322721154
1993-12-08 00:00:00,0.35865482322721154
1993-12-09 00:00:00,0.35866791403429577
1993-12-10 00:00:00,0.35866791403429577
1993-12-13 00:00:00,0.35891543754074123
1993-12-14 00:00:00,0.35891543754074123
1993-12-15 00:00:00,0.35891543754074123
1993-12-16 00:00:00,0.35891543754074123
1993-12-17 00:00:00,0.35891543754074123
1993-12-20 00:00:00,0.35891543754074123
1993-12-21 00:00:00,0.35891543754074123
1993-12-22 00:00:00,0.35891543754074123
1993-12-23 00:00:00,0.35891543754074123
1993-12-24 00:00:00,0.35919985514843916
1993-12-27 00:00:00,0.3595394711314087
1993-12-28 00:00:00,0.3591614586080174
1993-12-29 00:00:00,0.36021019357115763
1993-12-30 00:00:00,0.361670865519148
1993-12-31 00:00:00,0.361670865519148
1994-01-03 00:00:00,0.3615183143838827
1994-01-04 00:00:00,0.3616963505323335
1994-01-05 00:00:00,0.36204465546569764
1994-01-06 00:00:00,0.3620219100914296
1994-01-07 00:00:00,0.3620219100914296
1994-01-10 00:00:00,0.3620219100914296
1994-01-11 00:00:00,0.3620219100914296
1994-01-12 00:00:00,0.3620219100914296
1994-01-13 00:00:00,0.3620219100914296
1994-01-14 00:00:00,0.3620219100914296
1994-01-18 00:00:00,0.3620219100914296
1994-01-19 00:00:00,0.3620219100914296
1994-01-20 00:00:00,0.3620219100914296
1994-01-21 00:00:00,0.3620219100914296
1994-01-24 00:00:00,0.3620219100914296
1994-01-25 00:00:00,0.3620219100914296
1994-01-26 00:00:00,0.3620219100914296
1994-01-27 00:00:00,0.3620219100914296
1994-01-28 00:00:00,0.3620219100914296
1994-01-31 00:00:00,0.3620219100914296
1994-02-01 00:00:00,0.3620219100914296
1994-02-02 00:00:00,0.3620219100914296
1994-02-03 00:00:00,0.3617919849502127
1994-02-04 00:00:00,0.3624760166845525
1994-02-07 00:00:00,0.36397532025994134
1994-02-08 00:00:00,0.3649115612971068
1994-02-09 00:00:00,0.3649115612971068
1994-02-10 00:00:00,0.3647356744977935
1994-02-11 00:00:00,0.3647356744977935
1994-02-14 00:00:00,0.3647356744977935
1994-02-15 00:00:00,0.3647356744977935
1994-02-16 00:00:00,0.3647356744977935
1994-02-17 00:00:00,0.3647356744977935
1994-02-18 00:00:00,0.3647356744977935
1994-02-22 00:00:00,0.3647356744977935
1994-02-23 00:00:00,0.3647356744977935
1994-02-24 00:00:00,0.3647356744977935
1994-02-25 00:00:00,0.3647356744977935
1994-02-28 00:00:00,0.3638188706698816
1994-03-01 00:00:00,0.3676065704797721
1994-03-02 00:00:00,0.36441728243457316
1994-03-03 00:00:00,0.36567028634229704
1994-03-04 00:00:00,0.36766927434696656
1994-03-07 00:00:00,0.3671454313788048
1994-03-08 00:00:00,0.36737608480448525
1994-03-09 00:00:00,0.3663465586331582
1994-03-10 00:00:00,0.3623834718253305
1994-03-11 00:00:00,0.3623834718253305
1994-03-14 00:00:00,0.36753234677038216
1994-03-15 00:00:00,0.36788400581732783
1994-03-16 00:00:00,0.3666185287291126
1994-03-17 00:00:00,0.3665977020928008
1994-03-18 00:00:00,0.3668264996705097
1994-03-21 00:00:00,0.36742821358882316
1994-03-22 00:00:00,0.36553323285889133
1994-03-23 00:00:00,0.36526103210683747
1994-03-24 00:00:00,0.3628344807803871
1994-03-25 00:00:00,0.3621752054622125
1994-03-28 00:00:00,0.36350522451493866
1994-03-29 00:00:00,0.3644214871221935
1994-03-30 00:00:00,0.36211272555327706
1994-03-31 00:00:00,0.3603438620237169
1994-04-01 00:00:00,0.3646114401167932
1994-04-04 00:00:00,0.364842692712698
1994-04-05 00:00:00,0.36858578155803756
1994-04-06 00:00:00,0.37000342104411943
1994-04-07 00:00:00,0.37000342104411943
1994-04-08 00:00:00,0.3704924557859982
1994-04-11 00:00:00,0.3704924557859982
1994-04-12 00:00:00,0.3704924557859982
1994-04-13 00:00:00,0.3704924557859982
1994-04-14 00:00:00,0.3704924557859982
1994-04-15 00:00:00,0.3704924557859982
1994-04-18 00:00:00,0.3704924557859982
1994-04-19 00:00:00,0.3704924557859982
1994-04-20 00:00:00,0.3706322240420987
1994-04-21 00:00:00,0.3706322240420987
1994-04-22 00:00:00,0.3706322240420987
1994-04-25 00:00:00,0.3706322240420987
1994-04-26 00:00:00,0.3706322240420987
1994-04-27 00:00:00,0.3706322240420987
1994-04-28 00:00:00,0.3706322240420987
1994-04-29 00:00:00,0.3706322240420987
1994-05-02 00:00:00,0.3683455682491955
1994-05-03 00:00:00,0.36822493185856114
1994-05-04 00:00:00,0.37047999496460976
1994-05-05 00:00:00,0.37170792692496496
1994-05-06 00:00:00,0.37130483096503036
1994-05-09 00:00:00,0.3708394110273368
1994-05-10 00:00:00,0.37439459818587695
1994-05-11 00:00:00,0.3738521864618438
1994-05-12 00:00:00,0.3738521864618438
1994-05-13 00:00:00,0.3738521864618438
1994-05-16 00:00:00,0.3738521864618438
1994-05-17 00:00:00,0.3738521864618438
1994-05-18 00:00:00,0.3738521864618438
1994-05-19 00:00:00,0.3738521864618438
1994-05-20 00:00:00,0.3738521864618438
1994-05-23 00:00:00,0.3738521864618438
1994-05-24 00:00:00,0.3738521864618438
1994-05-25 00:00:00,0.3738521864618438
1994-05-26 00:00:00,0.3738521864618438
1994-05-27 00:00:00,0.3738521864618438
1994-05-31 00:00:00,0.3738521864618438
1994-06-01 00:00:00,0.3738521864618438
1994-06-02 00:00:00,0.3738521864618438
1994-06-03 00:00:00,0.3738521864618438
1994-06-06 00:00:00,0.3738521864618438
1994-06-07 00:00:00,0.3738521864618438
1994-06-08 00:00:00,0.3738521864618438
1994-06-09 00:00:00,0.3738521864618438
1994-06-10 00:00:00,0.3738521864618438
1994-06-13 00:00:00,0.3738521864618438
1994-06-14 00:00:00,0.3738521864618438
1994-06-15 00:00:00,0.37099665071634186
1994-06-16 00:00:00,0.37099665071634186
1994-06-17 00:00:00,0.3673702417217021
1994-06-20 00:00:00,0.3673702417217021
1994-06-21 00:00:00,0.3673702417217021
1994-06-22 00:00:00,0.3673702417217021
1994-06-23 00:00:00,0.36612228909220385
1994-06-24 00:00:00,0.3617017344890988
1994-06-27 00:00:00,0.3617017344890988
1994-06-28 00:00:00,0.3617017344890988
1994-06-29 00:00:00,0.36263172140088323
1994-06-30 00:00:00,0.36288166637273656
1994-07-01 00:00:00,0.36367064356149387
1994-07-05 00:00:00,0.3618363460946322
1994-07-06 00:00:00,0.3596811339680257
1994-07-07 00:00:00,0.36075806242969644
1994-07-08 00:00:00,0.3599146107940867
1994-07-11 00:00:00,0.3524960172962889
1994-07-12 00:00:00,0.3524960172962889
1994-07-13 00:00:00,0.355468777962969
1994-07-14 00:00:00,0.3586561952720145
1994-07-15 00:00:00,0.35995515715654713
1994-07-18 00:00:00,0.3580851609510186
1994-07-19 00:00:00,0.36239366682641133
1994-07-20 00:00:00,0.3618544734712685
1994-07-21 00:00:00,0.3647968017290087
1994-07-22 00:00:00,0.3694365347047938
1994-07-25 00:00:00,0.3694162763129952
1994-07-26 00:00:00,0.36904164537045286
1994-07-27 00:00:00,0.36904164537045286
1994-07-28 00:00:00,0.36904164537045286
1994-07-29 00:00:00,0.36904164537045286
1994-08-01 00:00:00,0.36904164537045286
1994-08-02 00:00:00,0.36904164537045286
1994-08-03 00:00:00,0.36904164537045286
1994-08-04 00:00:00,0.36904164537045286
1994-08-05 00:00:00,0.36904164537045286
1994-08-08 00:00:00,0.36904164537045286
1994-08-09 00:00:00,0.36904164537045286
1994-08-10 00:00:00,0.36904164537045286
1994-08-11 00:00:00,0.36904164537045286
1994-08-12 00:00:00,0.36904164537045286
1994-08-15 00:00:00,0.36904164537045286
1994-08-16 00:00:00,0.36893840635283925
1994-08-17 00:00:00,0.36937748967579515
1994-08-18 00:00:00,0.3687839636480302
1994-08-19 00:00:00,0.36834884603872775
1994-08-22 00:00:00,0.36811049208248264
1994-08-23 00:00:00,0.368703349637718
1994-08-24 00:00:00,0.36896146563835797
1994-08-25 00:00:00,0.36925053387454754
1994-08-26 00:00:00,0.3703508328536557
1994-08-29 00:00:00,0.3711554472858583
1994-08-30 00:00:00,0.3711554472858583
1994-08-31 00:00:00,0.3711554472858583
1994-09-01 00:00:00,0.3711554472858583
1994-09-02 00:00:00,0.3711554472858583
1994-09-06 00:00:00,0.3711554472858583
1994-09-07 00:00:00,0.3711554472858583
1994-09-08 00:00:00,0.3711554472858583
1994-09-09 00:00:00,0.3711554472858583
1994-09-12 00:00:00,0.3711554472858583
1994-09-13 00:00:00,0.37318074450473165
1994-09-14 00:00:00,0.37025499974511805
1994-09-15 00:00:00,0.37164769937203845
1994-09-16 00:00:00,0.3692394615556062
1994-09-19 00:00:00,0.3723684163751119
1994-09-20 00:00:00,0.3721378531782917
1994-09-21 00:00:00,0.3711519964648454
1994-09-22 00:00:00,0.371567957427012
1994-09-23 00:00:00,0.37133622261694016
1994-09-26 00:00:00,0.3721814086989562
1994-09-27 00:00:00,0.3713043258389296
1994-09-28 00:00:00,0.37150416387099083
1994-09-29 00:00:00,0.37159598274713684
1994-09-30 00:00:00,0.3719028335468301
1994-10-03 00:00:00,0.37327702706223553
1994-10-04 00:00:00,0.37240726590959744
1994-10-05 00:00:00,0.3700157739100386
1994-10-06 00:00:00,0.37054330564492016
1994-10-07 00:00:00,0.3707874746368911
1994-10-11 00:00:00,0.37266427240298844
1994-10-12 00:00:00,0.3718986273432123
1994-10-13 00:00:00,0.37123682878489467
1994-10-14 00:00:00,0.3665307698089757
1994-10-17 00:00:00,0.3665307698089757
1994-10-18 00:00:00,0.3665097048222051
1994-10-19 00:00:00,0.36560614199480285
1994-10-20 00:00:00,0.3658797147527392
1994-10-21 00:00:00,0.36624097310080495
1994-10-24 00:00:00,0.365837584779198
1994-10-25 00:00:00,0.3652267709893673
1994-10-26 00:00:00,0.3668229759609282
1994-10-27 00:00:00,0.36709443283492443
1994-10-28 00:00:00,0.36982918590956865
1994-10-31 00:00:00,0.3680724582829855
1994-11-01 00:00:00,0.3660053604274082
1994-11-02 00:00:00,0.3677394364183221
1994-11-03 00:00:00,0.37344944401174585
1994-11-04 00:00:00,0.37275342254438126
1994-11-07 00:00:00,0.37275342254438126
1994-11-08 00:00:00,0.37275342254438126
1994-11-09 00:00:00,0.37275342254438126
1994-11-10 00:00:00,0.37275342254438126
1994-11-14 00:00:00,0.3723020038306813
1994-11-15 00:00:00,0.3723020038306813
1994-11-16 00:00:00,0.3718628902433164
1994-11-17 00:00:00,0.3724106148147293
1994-11-18 00:00:00,0.3709125407944218
1994-11-21 00:00:00,0.37070241543475474
1994-11-22 00:00:00,0.37087745354856105
1994-11-23 00:00:00,0.37126488189726287
1994-11-25 00:00:00,0.37066748722437026
1994-11-28 00:00:00,0.37031965224035307
1994-11-29 00:00:00,0.3704584713324278
1994-11-30 00:00:00,0.3704932415861503
1994-12-01 00:00:00,0.37011220612248935
1994-12-02 00:00:00,0.37007772268629296
1994-12-05 00:00:00,0.37035431778416333
1994-12-06 00:00:00,0.37014671548608136
1994-12-07 00:00:00,0.37026424165342386
1994-12-08 00:00:00,0.3696659332006453
1994-12-09 00:00:00,0.3695635626729282
1994-12-12 00:00:00,0.3699056933954822
1994-12-13 00:00:00,0.37011220612248935
1994-12-14 00:00:00,0.3701398115377678
1994-12-15 00:00:00,0.370409837023383
1994-12-16 00:00:00,0.3700639365649411
1994-12-19 00:00:00,0.3700915129513544
1994-12-20 00:00:00,0.37015362047266065
1994-12-21 00:00:00,0.3704237273006161
1994-12-22 00:00:00,0.36994692157213205
1994-12-23 00:00:00,0.3698507801709134
1994-12-27 00:00:00,0.37011220612248935
1994-12-28 00:00:00,0.370243479887049
1994-12-29 00:00:00,0.3715700469019179
1994-12-30 00:00:00,0.37152049589932906
1995-01-03 00:00:00,0.37152049589932906
1995-01-04 00:00:00,0.37150572840974755
1995-01-05 00:00:00,0.37150572840974755
1995-01-06 00:00:00,0.3717160157654063
1995-01-09 00:00:00,0.3717160157654063
1995-01-10 00:00:00,0.3717160157654063
1995-01-11 00:00:00,0.3715909008907727
1995-01-12 00:00:00,0.3715909008907727
1995-01-13 00:00:00,0.37208133762001183
1995-01-17 00:00:00,0.37187241624809325
1995-01-18 00:00:00,0.37187241624809325
1995-01-19 00:00:00,0.37187241624809325
1995-01-20 00:00:00,0.37187241624809325
1995-01-23 00:00:00,0.37187241624809325
1995-01-24 00:00:00,0.37197497710119476
1995-01-25 00:00:00,0.372291638429067
1995-01-26 00:00:00,0.3721435974401317
1995-01-27 00:00:00,0.3722097987962631
1995-01-30 00:00:00,0.37173809969483
1995-01-31 00:00:00,0.3729076943451469
1995-02-01 00:00:00,0.373217636387305
1995-02-02 00:00:00,0.3728761027860717
1995-02-03 00:00:00,0.3733465162669336
1995-02-06 00:00:00,0.37360490207146296
1995-02-07 00:00:00,0.3740333280727322
1995-02-08 00:00:00,0.3740333280727322
1995-02-09 00:00:00,0.374204460307331
1995-02-10 00:00:00,0.374204460307331
1995-02-13 00:00:00,0.374204460307331
1995-02-14 00:00:00,0.374204460307331
1995-02-15 00:00:00,0.374204460307331
1995-02-16 00:00:00,0.374204460307331
1995-02-17 00:00:00,0.374204460307331
1995-02-21 00:00:00,0.37217372658781805
1995-02-22 00:00:00,0.3723454559361367
1995-02-23 00:00:00,0.3725168894689064
1995-02-24 00:00:00,0.37218975699677614
1995-02-27 00:00:00,0.369772747755355
1995-02-28 00:00:00,0.369772747755355
1995-03-01 00:00:00,0.37149597029589
1995-03-02 00:00:00,0.37064718709222505
1995-03-03 00:00:00,0.36545019559898856
1995-03-06 00:00:00,0.36545019559898856
1995-03-07 00:00:00,0.36545019559898856
1995-03-08 00:00:00,0.36545019559898856
1995-03-09 00:00:00,0.36545019559898856
1995-03-10 00:00:00,0.36545019559898856
1995-03-13 00:00:00,0.36476914547128697
1995-03-14 00:00:00,0.3652069813763533
1995-03-15 00:00:00,0.3607949147036934
1995-03-16 00:00:00,0.3607949147036934
1995-03-17 00:00:00,0.3594169100102503
1995-03-20 00:00:00,0.36076188914858925
1995-03-21 00:00:00,0.36199846274099445
1995-03-22 00:00:00,0.36109396351017586
1995-03-23 00:00:00,0.3609888956614516
1995-03-24 00:00:00,0.3619107832624458
1995-03-27 00:00:00,0.36028175974590926
1995-03-28 00:00:00,0.3592691974308956
1995-03-29 00:00:00,0.35841425673974914
1995-03-30 00:00:00,0.36139749863576415
1995-03-31 00:00:00,0.35755071267974897
1995-04-03 00:00:00,0.3565832208435382
1995-04-04 00:00:00,0.3565832208435382
1995-04-05 00:00:00,0.3563123330321028
1995-04-06 00:00:00,0.35607298743815297
1995-04-07 00:00:00,0.35646126609693984
1995-04-10 00:00:00,0.3578453036314297
1995-04-11 00:00:00,0.3574129465209681
1995-04-12 00:00:00,0.35760835042794026
1995-04-13 00:00:00,0.3572433866284241
1995-04-14 00:00:00,0.35738588402651555
1995-04-17 00:00:00,0.3561151543142321
1995-04-18 00:00:00,0.3559311361389265
1995-04-19 00:00:00,0.3554260979600511
1995-04-20 00:00:00,0.3568706685207156
1995-04-21 00:00:00,0.356480627284893
1995-04-24 00:00:00,0.35656020850195963
1995-04-25 00:00:00,0.356250425108522
1995-04-26 00:00:00,0.35666356067278665
1995-04-27 00:00:00,0.3564105433924915
1995-04-28 00:00:00,0.35698579218137494
1995-05-01 00:00:00,0.35700946986809257
1995-05-02 00:00:00,0.3563996742415383
1995-05-03 00:00:00,0.3562845734134195
1995-05-04 00:00:00,0.35605680992412186
1995-05-05 00:00:00,0.35622144070598005
1995-05-08 00:00:00,0.35579549978877334
1995-05-09 00:00:00,0.3562141946053446
1995-05-10 00:00:00,0.3574177028905516
1995-05-11 00:00:00,0.35927419792954257
1995-05-12 00:00:00,0.35927419792954257
1995-05-15 00:00:00,0.35912420432661385
1995-05-16 00:00:00,0.35955508171270156
1995-05-17 00:00:00,0.3594683319715792
1995-05-18 00:00:00,0.35872142417894154
1995-05-19 00:00:00,0.359446689680835
1995-05-22 00:00:00,0.3595333671455169
1995-05-23 00:00:00,0.359295696745784
1995-05-24 00:00:00,0.3594899922975657
1995-05-25 00:00:00,0.3610524176145397
1995-05-26 00:00:00,0.3623078465327701
1995-05-30 00:00:00,0.3623078465327701
1995-05-31 00:00:00,0.3623078465327701
1995-06-01 00:00:00,0.3623078465327701
1995-06-02 00:00:00,0.3623078465327701
1995-06-05 00:00:00,0.3623078465327701
1995-06-06 00:00:00,0.3623078465327701
1995-06-07 00:00:00,0.3623078465327701
1995-06-08 00:00:00,0.3623078465327701
1995-06-09 00:00:00,0.3623078465327701
1995-06-12 00:00:00,0.3623078465327701
1995-06-13 00:00:00,0.3623078465327701
1995-06-14 00:00:00,0.3623078465327701
1995-06-15 00:00:00,0.3623078465327701
1995-06-16 00:00:00,0.3623078465327701
1995-06-19 00:00:00,0.3623078465327701
1995-06-20 00:00:00,0.3623078465327701
1995-06-21 00:00:00,0.3623078465327701
1995-06-22 00:00:00,0.3623078465327701
1995-06-23 00:00:00,0.3623078465327701
1995-06-26 00:00:00,0.3623078465327701
1995-06-27 00:00:00,0.3623078465327701
1995-06-28 00:00:00,0.3623078465327701
1995-06-29 00:00:00,0.3617152320588449
1995-06-30 00:00:00,0.3617152320588449
1995-07-03 00:00:00,0.3617152320588449
1995-07-05 00:00:00,0.3617152320588449
1995-07-06 00:00:00,0.3617152320588449
1995-07-07 00:00:00,0.3617152320588449
1995-07-10 00:00:00,0.3617152320588449
1995-07-11 00:00:00,0.3617152320588449
1995-07-12 00:00:00,0.3617152320588449
1995-07-13 00:00:00,0.3617152320588449
1995-07-14 00:00:00,0.3617152320588449
1995-07-17 00:00:00,0.3617152320588449
1995-07-18 00:00:00,0.3617152320588449
1995-07-19 00:00:00,0.3617152320588449
1995-07-20 00:00:00,0.3617152320588449
1995-07-21 00:00:00,0.3617152320588449
1995-07-24 00:00:00,0.3617152320588449
1995-07-25 00:00:00,0.3617152320588449
1995-07-26 00:00:00,0.3617152320588449
1995-07-27 00:00:00,0.3617152320588449
1995-07-28 00:00:00,0.3617152320588449
1995-07-31 00:00:00,0.3617152320588449
1995-08-01 00:00:00,0.3617152320588449
1995-08-02 00:00:00,0.3617152320588449
1995-08-03 00:00:00,0.3617152320588449
1995-08-04 00:00:00,0.3617152320588449
1995-08-07 00:00:00,0.3617152320588449
1995-08-08 00:00:00,0.3617152320588449
1995-08-09 00:00:00,0.3617152320588449
1995-08-10 00:00:00,0.36072248869683027
1995-08-11 00:00:00,0.36072248869683027
1995-08-14 00:00:00,0.3602006589084049
1995-08-15 00:00:00,0.3550607439511552
1995-08-16 00:00:00,0.3550607439511552
1995-08-17 00:00:00,0.3550607439511552
1995-08-18 00:00:00,0.3550607439511552
1995-08-21 00:00:00,0.3550607439511552
1995-08-22 00:00:00,0.35206989799481675
1995-08-23 00:00:00,0.35206989799481675
1995-08-24 00:00:00,0.35336745290143146
1995-08-25 00:00:00,0.35412152002022973
1995-08-28 00:00:00,0.3583568604590099
1995-08-29 00:00:00,0.3562854335199404
1995-08-30 00:00:00,0.3562854335199404
1995-08-31 00:00:00,0.35776257047483245
1995-09-01 00:00:00,0.35925200665499407
1995-09-05 00:00:00,0.35910250519571196
1995-09-06 00:00:00,0.3554049917567116
1995-09-07 00:00:00,0.3554049917567116
1995-09-08 00:00:00,0.3545288907088315
1995-09-11 00:00:00,0.3576143058372548
1995-09-12 00:00:00,0.35901286403115984
1995-09-13 00:00:00,0.35351221629876933
1995-09-14 00:00:00,0.3564325980938851
1995-09-15 00:00:00,0.35672729226345423
1995-09-18 00:00:00,0.3564325980938851
1995-09-19 00:00:00,0.3588038752537613
1995-09-20 00:00:00,0.36611086974344326
1995-09-21 00:00:00,0.3766180846035064
1995-09-22 00:00:00,0.3766180846035064
1995-09-25 00:00:00,0.3780022155554717
1995-09-26 00:00:00,0.3792090262654271
1995-09-27 00:00:00,0.3782338719178538
1995-09-28 00:00:00,0.37773668011529593
1995-09-29 00:00:00,0.37861019480086705
1995-10-02 00:00:00,0.3780870312302138
1995-10-03 00:00:00,0.379080105889487
1995-10-04 00:00:00,0.37817174225909767
1995-10-05 00:00:00,0.3776742942631398
1995-10-06 00:00:00,0.37779577346284127
1995-10-10 00:00:00,0.37778921105719854
1995-10-11 00:00:00,0.37851572445381354
1995-10-12 00:00:00,0.37828536584649647
1995-10-13 00:00:00,0.3787931722868067
1995-10-16 00:00:00,0.37791034187647343
1995-10-17 00:00:00,0.3778055686176953
1995-10-18 00:00:00,0.37836626046046196
1995-10-19 00:00:00,0.3779886947854261
1995-10-20 00:00:00,0.37709358737557747
1995-10-23 00:00:00,0.37552345669247733
1995-10-24 00:00:00,0.37599553709086253
1995-10-25 00:00:00,0.3764234095391972
1995-10-26 00:00:00,0.37681802767902867
1995-10-27 00:00:00,0.37615810777355463
1995-10-30 00:00:00,0.3763029849674861
1995-10-31 00:00:00,0.3764977199169113
1995-11-01 00:00:00,0.37684172758685625
1995-11-02 00:00:00,0.37703452572479285
1995-11-03 00:00:00,0.37662854118392614
1995-11-06 00:00:00,0.3767920759132265
1995-11-07 00:00:00,0.37681547796428533
1995-11-08 00:00:00,0.3772069392761691
1995-11-09 00:00:00,0.3767224128489704
1995-11-10 00:00:00,0.37639496281165336
1995-11-13 00:00:00,0.3771376514439608
1995-11-14 00:00:00,0.37683257165109263
1995-11-15 00:00:00,0.3762947708916786
1995-11-16 00:00:00,0.3770186326971327
1995-11-17 00:00:00,0.3763420352442547
1995-11-20 00:00:00,0.37670646678310216
1995-11-21 00:00:00,0.37668990920845613
1995-11-22 00:00:00,0.37624181494757486
1995-11-24 00:00:00,0.37713475281409903
1995-11-27 00:00:00,0.3786445826441947
1995-11-28 00:00:00,0.37816771617938544
1995-11-29 00:00:00,0.37816771617938544
1995-11-30 00:00:00,0.37752397747843996
1995-12-01 00:00:00,0.37752397747843996
1995-12-04 00:00:00,0.3778588714782031
1995-12-05 00:00:00,0.37789627307216445
1995-12-06 00:00:00,0.37783395841190887
1995-12-07 00:00:00,0.3778651024098458
1995-12-08 00:00:00,0.3778526416128617
1995-12-11 00:00:00,0.3778152847978205
1995-12-12 00:00:00,0.37745613568074654
1995-12-13 00:00:00,0.37727788735197126
1995-12-14 00:00:00,0.3781654464868819
1995-12-15 00:00:00,0.37808385892067625
1995-12-18 00:00:00,0.379133098355452
1995-12-19 00:00:00,0.3787902350828867
1995-12-20 00:00:00,0.3787902350828867
1995-12-21 00:00:00,0.3787902350828867
1995-12-22 00:00:00,0.3787902350828867
1995-12-26 00:00:00,0.3787902350828867
1995-12-27 00:00:00,0.3787902350828867
1995-12-28 00:00:00,0.3787902350828867
1995-12-29 00:00:00,0.3787902350828867
1996-01-02 00:00:00,0.3787902350828867
1996-01-03 00:00:00,0.3787902350828867
1996-01-04 00:00:00,0.3787902350828867
1996-01-05 00:00:00,0.3787902350828867
1996-01-08 00:00:00,0.3787902350828867
1996-01-09 00:00:00,0.3787902350828867
1996-01-10 00:00:00,0.3787902350828867
1996-01-11 00:00:00,0.3787902350828867
1996-01-12 00:00:00,0.3787902350828867
1996-01-16 00:00:00,0.3787902350828867
1996-01-17 00:00:00,0.3787902350828867
1996-01-18 00:00:00,0.37818371102536313
1996-01-19 00:00:00,0.3757769146731669
1996-01-22 00:00:00,0.3775473595008378
1996-01-23 00:00:00,0.37647046267004686
1996-01-24 00:00:00,0.3759658105753149
1996-01-25 00:00:00,0.37543109805295394
1996-01-26 00:00:00,0.37140121639639784
1996-01-29 00:00:00,0.37140121639639784
1996-01-30 00:00:00,0.36977884233647784
1996-01-31 00:00:00,0.37008386489057876
1996-02-01 00:00:00,0.36778744753737597
1996-02-02 00:00:00,0.36778744753737597
1996-02-05 00:00:00,0.3733472212904431
1996-02-06 00:00:00,0.3719524219526249
1996-02-07 00:00:00,0.37019938115427564
1996-02-08 00:00:00,0.371073502119757
1996-02-09 00:00:00,0.3702786494300412
1996-02-12 00:00:00,0.37213948017554466
1996-02-13 00:00:00,0.370675581873062
1996-02-14 00:00:00,0.3730511578855139
1996-02-15 00:00:00,0.3726751352594345
1996-02-16 00:00:00,0.3758175037947523
1996-02-20 00:00:00,0.37675020649177166
1996-02-21 00:00:00,0.37605101057334017
1996-02-22 00:00:00,0.37605101057334017
1996-02-23 00:00:00,0.3755227552093553
1996-02-26 00:00:00,0.3755227552093553
1996-02-27 00:00:00,0.3757176729893789
1996-02-28 00:00:00,0.3757176729893789
1996-02-29 00:00:00,0.3757176729893789
1996-03-01 00:00:00,0.3757176729893789
1996-03-04 00:00:00,0.3757176729893789
1996-03-05 00:00:00,0.3757176729893789
1996-03-06 00:00:00,0.3757176729893789
1996-03-07 00:00:00,0.3757176729893789
1996-03-08 00:00:00,0.3757176729893789
1996-03-11 00:00:00,0.3757176729893789
1996-03-12 00:00:00,0.3757176729893789
1996-03-13 00:00:00,0.3757176729893789
1996-03-14 00:00:00,0.3757176729893789
1996-03-15 00:00:00,0.3757176729893789
1996-03-18 00:00:00,0.3757176729893789
1996-03-19 00:00:00,0.3757176729893789
1996-03-20 00:00:00,0.3757176729893789
1996-03-21 00:00:00,0.3757176729893789
1996-03-22 00:00:00,0.3757176729893789
1996-03-25 00:00:00,0.3757176729893789
1996-03-26 00:00:00,0.3757176729893789
1996-03-27 00:00:00,0.3757176729893789
1996-03-28 00:00:00,0.3757176729893789
1996-03-29 00:00:00,0.3757176729893789
1996-04-01 00:00:00,0.3757176729893789
1996-04-02 00:00:00,0.3757176729893789
1996-04-03 00:00:00,0.3757176729893789
1996-04-04 00:00:00,0.3757176729893789
1996-04-05 00:00:00,0.3757176729893789
1996-04-08 00:00:00,0.3757176729893789
1996-04-09 00:00:00,0.3757176729893789
1996-04-10 00:00:00,0.3757176729893789
1996-04-11 00:00:00,0.3776714669141276
1996-04-12 00:00:00,0.3730311292311856
1996-04-15 00:00:00,0.3730311292311856
1996-04-16 00:00:00,0.3730311292311856
1996-04-17 00:00:00,0.3747045967766762
1996-04-18 00:00:00,0.3757773706733784
1996-04-19 00:00:00,0.3757773706733784
1996-04-22 00:00:00,0.3742467092857068
1996-04-23 00:00:00,0.37363793058007727
1996-04-24 00:00:00,0.3726982278502394
1996-04-25 00:00:00,0.37159116991376323
1996-04-26 00:00:00,0.37159116991376323
1996-04-29 00:00:00,0.37159116991376323
1996-04-30 00:00:00,0.37159116991376323
1996-05-01 00:00:00,0.37159116991376323
1996-05-02 00:00:00,0.37159116991376323
1996-05-03 00:00:00,0.3722676486867867
1996-05-06 00:00:00,0.3713213387981967
1996-05-07 00:00:00,0.37275640214572875
1996-05-08 00:00:00,0.374615678316765
1996-05-09 00:00:00,0.374039305802021
1996-05-10 00:00:00,0.3707561014392858
1996-05-13 00:00:00,0.37032671996510896
1996-05-14 00:00:00,0.36981825590266
1996-05-15 00:00:00,0.36923143404920167
1996-05-16 00:00:00,0.3679846454027029
1996-05-17 00:00:00,0.36888564304478155
1996-05-20 00:00:00,0.3666987880878198
1996-05-21 00:00:00,0.3666987880878198
1996-05-22 00:00:00,0.3669227830264009
1996-05-23 00:00:00,0.3673202107307774
1996-05-24 00:00:00,0.3667504384294343
1996-05-28 00:00:00,0.3655516018373473
1996-05-29 00:00:00,0.3660637719943129
1996-05-30 00:00:00,0.36820664483495025
1996-05-31 00:00:00,0.36954101569254943
1996-06-03 00:00:00,0.36945273010045077
1996-06-04 00:00:00,0.36827647299141675
1996-06-05 00:00:00,0.36841626258538634
1996-06-06 00:00:00,0.3677886061999013
1996-06-07 00:00:00,0.3667848855812751
1996-06-10 00:00:00,0.3668710510661174
1996-06-11 00:00:00,0.36659556073104804
1996-06-12 00:00:00,0.3671991014121735
1996-06-13 00:00:00,0.368136861049036
1996-06-14 00:00:00,0.36918829608038195
1996-06-17 00:00:00,0.3699835043529878
1996-06-18 00:00:00,0.36981170455548773
1996-06-19 00:00:00,0.36981170455548773
1996-06-20 00:00:00,0.3698176330164718
1996-06-21 00:00:00,0.3698176330164718
1996-06-24 00:00:00,0.3698176330164718
1996-06-25 00:00:00,0.3698176330164718
1996-06-26 00:00:00,0.3698176330164718
1996-06-27 00:00:00,0.3698176330164718
1996-06-28 00:00:00,0.3698176330164718
1996-07-01 00:00:00,0.3698176330164718
1996-07-02 00:00:00,0.3698176330164718
1996-07-03 00:00:00,0.3698176330164718
1996-07-05 00:00:00,0.3698176330164718
1996-07-08 00:00:00,0.3698176330164718
1996-07-09 00:00:00,0.3698176330164718
1996-07-10 00:00:00,0.3698176330164718
1996-07-11 00:00:00,0.3698176330164718
1996-07-12 00:00:00,0.3698176330164718
1996-07-15 00:00:00,0.3698176330164718
1996-07-16 00:00:00,0.3698176330164718
1996-07-17 00:00:00,0.3698176330164718
1996-07-18 00:00:00,0.3698176330164718
1996-07-19 00:00:00,0.3698176330164718
1996-07-22 00:00:00,0.36692902912147674
1996-07-23 00:00:00,0.36692902912147674
1996-07-24 00:00:00,0.3671497794595346
1996-07-25 00:00:00,0.3652580286808035
1996-07-26 00:00:00,0.3652580286808035
1996-07-29 00:00:00,0.3652580286808035
1996-07-30 00:00:00,0.3652580286808035
1996-07-31 00:00:00,0.3652580286808035
1996-08-01 00:00:00,0.3652580286808035
1996-08-02 00:00:00,0.3652580286808035
1996-08-05 00:00:00,0.3652580286808035
1996-08-06 00:00:00,0.3652580286808035
1996-08-07 00:00:00,0.3652580286808035
1996-08-08 00:00:00,0.3652580286808035
1996-08-09 00:00:00,0.3652580286808035
1996-08-12 00:00:00,0.3652580286808035
1996-08-13 00:00:00,0.3652580286808035
1996-08-14 00:00:00,0.3652580286808035
1996-08-15 00:00:00,0.3652580286808035
1996-08-16 00:00:00,0.3652580286808035
1996-08-19 00:00:00,0.3652580286808035
1996-08-20 00:00:00,0.3652580286808035
1996-08-21 00:00:00,0.3652580286808035
1996-08-22 00:00:00,0.3652580286808035
1996-08-23 00:00:00,0.3652580286808035
1996-08-26 00:00:00,0.3652580286808035
1996-08-27 00:00:00,0.3652580286808035
1996-08-28 00:00:00,0.3651639496735523
1996-08-29 00:00:00,0.36570873562979667
1996-08-30 00:00:00,0.36593269807462525
1996-09-03 00:00:00,0.36660292815050893
1996-09-04 00:00:00,0.36640640290681237
1996-09-05 00:00:00,0.3665137396551284
1996-09-06 00:00:00,0.3673829200946253
1996-09-09 00:00:00,0.36752810886642445
1996-09-10 00:00:00,0.36752810886642445
1996-09-11 00:00:00,0.36753542833541386
1996-09-12 00:00:00,0.36753542833541386
1996-09-13 00:00:00,0.36742092517263153
1996-09-16 00:00:00,0.36754179937408676
1996-09-17 00:00:00,0.3671865973368466
1996-09-18 00:00:00,0.36735745568044026
1996-09-19 00:00:00,0.3672497917277739
1996-09-20 00:00:00,0.36753542833541386
1996-09-23 00:00:00,0.3678809419306533
1996-09-24 00:00:00,0.3676438759930568
1996-09-25 00:00:00,0.3677654352550055
1996-09-26 00:00:00,0.366653515972934
1996-09-27 00:00:00,0.36646709160138713
1996-09-30 00:00:00,0.36652913406779736
1996-10-01 00:00:00,0.3665912754460711
1996-10-02 00:00:00,0.3665912754460711
1996-10-03 00:00:00,0.3666348333901578
1996-10-04 00:00:00,0.3664608927858072
1996-10-07 00:00:00,0.36648569396961944
1996-10-08 00:00:00,0.36682206250360544
1996-10-09 00:00:00,0.3666410599242861
1996-10-10 00:00:00,0.3667470631865317
1996-10-11 00:00:00,0.3665788392461153
1996-10-15 00:00:00,0.3657606368374699
1996-10-16 00:00:00,0.3658947917560913
1996-10-17 00:00:00,0.36566943416498376
1996-10-18 00:00:00,0.36553605943028883
1996-10-21 00:00:00,0.3660049022229575
1996-10-22 00:00:00,0.3659559255454119
1996-10-23 00:00:00,0.3665850568504691
1996-10-24 00:00:00,0.36646709160138713
1996-10-25 00:00:00,0.3662507184997816
1996-10-28 00:00:00,0.3663433024610169
1996-10-29 00:00:00,0.3665912754460711
1996-10-30 00:00:00,0.3666846734912699
1996-10-31 00:00:00,0.36610918378537477
1996-11-01 00:00:00,0.36563908114957366
1996-11-04 00:00:00,0.36553000790611784
1996-11-05 00:00:00,0.36516864979272257
1996-11-06 00:00:00,0.3651327005398584
1996-11-07 00:00:00,0.3658215585910722
1996-11-08 00:00:00,0.3658825765875711
1996-11-12 00:00:00,0.36603554414112116
1996-11-13 00:00:00,0.36573629503305044
1996-11-14 00:00:00,0.3653669757140555
1996-11-15 00:00:00,0.3650848206614866
1996-11-18 00:00:00,0.36580327196985357
1996-11-19 00:00:00,0.36560875202477
1996-11-20 00:00:00,0.3659253465718396
1996-11-21 00:00:00,0.3658398538741465
1996-11-22 00:00:00,0.36566943416498376
1996-11-25 00:00:00,0.36465066758479936
1996-11-26 00:00:00,0.3644148585416024
1996-11-27 00:00:00,0.36430336058533136
1996-11-29 00:00:00,0.3636463077268616
1996-12-02 00:00:00,0.3636463077268616
1996-12-03 00:00:00,0.35956817246304223
1996-12-04 00:00:00,0.35956817246304223
1996-12-05 00:00:00,0.3620860802014042
1996-12-06 00:00:00,0.3616181620437893
1996-12-09 00:00:00,0.3584304866243877
1996-12-10 00:00:00,0.3584304866243877
1996-12-11 00:00:00,0.36308009995717255
1996-12-12 00:00:00,0.36211299162395333
1996-12-13 00:00:00,0.36137044960421855
1996-12-16 00:00:00,0.35856553955830794
1996-12-17 00:00:00,0.3601941491248105
1996-12-18 00:00:00,0.35716594429805926
1996-12-19 00:00:00,0.3558836731442592
1996-12-20 00:00:00,0.3570855317027201
1996-12-23 00:00:00,0.3556431033727975
1996-12-24 00:00:00,0.3556431033727975
1996-12-26 00:00:00,0.3556431033727975
1996-12-27 00:00:00,0.35501111128069024
1996-12-30 00:00:00,0.35486012900117647
1996-12-31 00:00:00,0.35644613357569904
1997-01-02 00:00:00,0.35593539995068824
1997-01-03 00:00:00,0.35395983590324126
1997-01-06 00:00:00,0.3540344957295832
1997-01-07 00:00:00,0.35454644212890385
1997-01-08 00:00:00,0.3531798704405108
1997-01-09 00:00:00,0.3527741835152567
1997-01-10 00:00:00,0.35168698546575766
1997-01-13 00:00:00,0.35168698546575766
1997-01-14 00:00:00,0.35190908996178466
1997-01-15 00:00:00,0.35214987076541177
1997-01-16 00:00:00,0.35184681942155377
1997-01-17 00:00:00,0.3503277123209436
1997-01-21 00:00:00,0.34861782950203024
1997-01-22 00:00:00,0.34751196536116086
1997-01-23 00:00:00,0.34751196536116086
1997-01-24 00:00:00,0.34887959033394683
1997-01-27 00:00:00,0.34754830590643676
1997-01-28 00:00:00,0.346960292692649
1997-01-29 00:00:00,0.3472852990172924
1997-01-30 00:00:00,0.34754830590643676
1997-01-31 00:00:00,0.3478762927727854
1997-02-03 00:00:00,0.3477394295450289
1997-02-04 00:00:00,0.34724006112005185
1997-02-05 00:00:00,0.3470143466555214
1997-02-06 00:00:00,0.3472852990172924
1997-02-07 00:00:00,0.3455618378319739
1997-02-10 00:00:00,0.34719485493532254
1997-02-11 00:00:00,0.3464758418221933
1997-02-12 00:00:00,0.3452542133231662
1997-02-13 00:00:00,0.34483473805874393
1997-02-14 00:00:00,0.3439223067693533
1997-02-18 00:00:00,0.3439223067693533
1997-02-19 00:00:00,0.3430440910865453
1997-02-20 00:00:00,0.34362070325113675
1997-02-21 00:00:00,0.34382473780821626
1997-02-24 00:00:00,0.3446576349500305
1997-02-25 00:00:00,0.3442313912046177
1997-02-26 00:00:00,0.3435916501634285
1997-02-27 00:00:00,0.34355778470759507
1997-02-28 00:00:00,0.3437760526513272
1997-03-03 00:00:00,0.3436061737567321
1997-03-04 00:00:00,0.34311565872904903
1997-03-05 00:00:00,0.3434033788192334
1997-03-06 00:00:00,0.34317301687138835
1997-03-07 00:00:00,0.3432113071260283
1997-03-10 00:00:00,0.3437906512584788
1997-03-11 00:00:00,0.3438198663170662
1997-03-12 00:00:00,0.3441624761357712
1997-03-13 00:00:00,0.3442313912046177
1997-03-14 00:00:00,0.3445282403284927
1997-03-17 00:00:00,0.34451333986612803
1997-03-18 00:00:00,0.34546929501301565
1997-03-19 00:00:00,0.3450724401591536
1997-03-20 00:00:00,0.3450724401591536
1997-03-21 00:00:00,0.34525135154363806
1997-03-24 00:00:00,0.34525135154363806
1997-03-25 00:00:00,0.34525135154363806
1997-03-26 00:00:00,0.34525135154363806
1997-03-27 00:00:00,0.34525135154363806
1997-03-28 00:00:00,0.34525135154363806
1997-03-31 00:00:00,0.34525135154363806
1997-04-01 00:00:00,0.34525135154363806
1997-04-02 00:00:00,0.3452871538053782
1997-04-03 00:00:00,0.3452871538053782
1997-04-04 00:00:00,0.3452871538053782
1997-04-07 00:00:00,0.34601684098569974
1997-04-08 00:00:00,0.34601684098569974
1997-04-09 00:00:00,0.34601684098569974
1997-04-10 00:00:00,0.34601684098569974
1997-04-11 00:00:00,0.34625623047332993
1997-04-14 00:00:00,0.34609828991831143
1997-04-15 00:00:00,0.3460765539423569
1997-04-16 00:00:00,0.34595721730427503
1997-04-17 00:00:00,0.34609285481458957
1997-04-18 00:00:00,0.34664556302596
1997-04-21 00:00:00,0.3471373753042032
1997-04-22 00:00:00,0.3471373753042032
1997-04-23 00:00:00,0.3471373753042032
1997-04-24 00:00:00,0.3471373753042032
1997-04-25 00:00:00,0.3471373753042032
1997-04-28 00:00:00,0.3471373753042032
1997-04-29 00:00:00,0.3471373753042032
1997-04-30 00:00:00,0.3471373753042032
1997-05-01 00:00:00,0.3471373753042032
1997-05-02 00:00:00,0.3471373753042032
1997-05-05 00:00:00,0.3471373753042032
1997-05-06 00:00:00,0.3471373753042032
1997-05-07 00:00:00,0.3471373753042032
1997-05-08 00:00:00,0.3471373753042032
1997-05-09 00:00:00,0.3471373753042032
1997-05-12 00:00:00,0.3471373753042032
1997-05-13 00:00:00,0.34691760400839616
1997-05-14 00:00:00,0.34732378081036336
1997-05-15 00:00:00,0.34640998234723863
1997-05-16 00:00:00,0.34289268766538333
1997-05-19 00:00:00,0.34289268766538333
1997-05-20 00:00:00,0.33758104464582006
1997-05-21 00:00:00,0.33758104464582006
1997-05-22 00:00:00,0.33758104464582006
1997-05-23 00:00:00,0.33523068092705777
1997-05-27 00:00:00,0.33801888330652224
1997-05-28 00:00:00,0.33792807175878137
1997-05-29 00:00:00,0.3369057396581018
1997-05-30 00:00:00,0.33748403859850806
1997-06-02 00:00:00,0.3407730970495577
1997-06-03 00:00:00,0.34303129532063203
1997-06-04 00:00:00,0.3452586663354268
1997-06-05 00:00:00,0.34516076033427207
1997-06-06 00:00:00,0.34516076033427207
1997-06-09 00:00:00,0.3461492093894707
1997-06-10 00:00:00,0.3461492093894707
1997-06-11 00:00:00,0.3461492093894707
1997-06-12 00:00:00,0.3461492093894707
1997-06-13 00:00:00,0.3461492093894707
1997-06-16 00:00:00,0.3461492093894707
1997-06-17 00:00:00,0.3461492093894707
1997-06-18 00:00:00,0.3461492093894707
1997-06-19 00:00:00,0.3461492093894707
1997-06-20 00:00:00,0.3461492093894707
1997-06-23 00:00:00,0.3461492093894707
1997-06-24 00:00:00,0.3461492093894707
1997-06-25 00:00:00,0.3461492093894707
1997-06-26 00:00:00,0.3461492093894707
1997-06-27 00:00:00,0.3461492093894707
1997-06-30 00:00:00,0.3461492093894707
1997-07-01 00:00:00,0.3461492093894707
1997-07-02 00:00:00,0.3452298335677993
1997-07-03 00:00:00,0.3456483154893138
1997-07-07 00:00:00,0.3461492093894707
1997-07-08 00:00:00,0.3456839349366175
1997-07-09 00:00:00,0.34606300079288355
1997-07-10 00:00:00,0.34681488309916425
1997-07-11 00:00:00,0.3460387089821455
1997-07-14 00:00:00,0.3460387089821455
1997-07-15 00:00:00,0.3460387089821455
1997-07-16 00:00:00,0.3456198884567263
1997-07-17 00:00:00,0.3458652050720911
1997-07-18 00:00:00,0.34710028179954905
1997-07-21 00:00:00,0.346735546780168
1997-07-22 00:00:00,0.34464421982407395
1997-07-23 00:00:00,0.3455046398232514
1997-07-24 00:00:00,0.34329597027995884
1997-07-25 00:00:00,0.34106823312422546
1997-07-28 00:00:00,0.34106823312422546
1997-07-29 00:00:00,0.34174272534530176
1997-07-30 00:00:00,0.3421938708573087
1997-07-31 00:00:00,0.3423068434128905
1997-08-01 00:00:00,0.33962488421474335
1997-08-04 00:00:00,0.33962488421474335
1997-08-05 00:00:00,0.3381054213087544
1997-08-06 00:00:00,0.33872515878384557
1997-08-07 00:00:00,0.3390435812620575
1997-08-08 00:00:00,0.34235355094059944
1997-08-11 00:00:00,0.3399897491466758
1997-08-12 00:00:00,0.33918862176816195
1997-08-13 00:00:00,0.341891652001388
1997-08-14 00:00:00,0.3405025770737098
1997-08-15 00:00:00,0.34257773332179414
1997-08-18 00:00:00,0.3416094888266474
1997-08-19 00:00:00,0.3409440279330416
1997-08-20 00:00:00,0.33940653871716653
1997-08-21 00:00:00,0.3409440279330416
1997-08-22 00:00:00,0.34373560483696997
1997-08-25 00:00:00,0.3434638686494
1997-08-26 00:00:00,0.34530318823374395
1997-08-27 00:00:00,0.343865582575269
1997-08-28 00:00:00,0.343865582575269
1997-08-29 00:00:00,0.343865582575269
1997-09-02 00:00:00,0.3443888404816165
1997-09-03 00:00:00,0.3443888404816165
1997-09-04 00:00:00,0.3443888404816165
1997-09-05 00:00:00,0.3443888404816165
1997-09-08 00:00:00,0.3443888404816165
1997-09-09 00:00:00,0.34440554755616337
1997-09-10 00:00:00,0.34440554755616337
1997-09-11 00:00:00,0.34440554755616337
1997-09-12 00:00:00,0.34416650718629016
1997-09-15 00:00:00,0.3433279227049662
1997-09-16 00:00:00,0.34325338632208924
1997-09-17 00:00:00,0.3438137354806208
1997-09-18 00:00:00,0.3441647386127269
1997-09-19 00:00:00,0.34378069575370573
1997-09-22 00:00:00,0.344454644874038
1997-09-23 00:00:00,0.344542884744035
1997-09-24 00:00:00,0.34383274712878853
1997-09-25 00:00:00,0.3437145652809918
1997-09-26 00:00:00,0.343471244346415
1997-09-29 00:00:00,0.34336698789717474
1997-09-30 00:00:00,0.3435528802270533
1997-10-01 00:00:00,0.34385171537190495
1997-10-02 00:00:00,0.3436044313638058
1997-10-03 00:00:00,0.34325511013106674
1997-10-06 00:00:00,0.34340147501501816
1997-10-07 00:00:00,0.34304018352361726
1997-10-08 00:00:00,0.3430613270345888
1997-10-09 00:00:00,0.3435887902955159
1997-10-10 00:00:00,0.34363938811057465
1997-10-14 00:00:00,0.3438483862174968
1997-10-15 00:00:00,0.34367088596315276
1997-10-16 00:00:00,0.34355735591754777
1997-10-17 00:00:00,0.3445212941691328
1997-10-20 00:00:00,0.34438395546056333
1997-10-21 00:00:00,0.34438395546056333
1997-10-22 00:00:00,0.3447527864994778
1997-10-23 00:00:00,0.3447527864994778
1997-10-24 00:00:00,0.3449119183525672
1997-10-27 00:00:00,0.3449119183525672
1997-10-28 00:00:00,0.3449119183525672
1997-10-29 00:00:00,0.3449119183525672
1997-10-30 00:00:00,0.3425471650545885
1997-10-31 00:00:00,0.341168227652941
1997-11-03 00:00:00,0.341168227652941
1997-11-04 00:00:00,0.3402811151168499
1997-11-05 00:00:00,0.34031128912324843
1997-11-06 00:00:00,0.33998357753181363
1997-11-07 00:00:00,0.3386955015288678
1997-11-10 00:00:00,0.3380395956178311
1997-11-12 00:00:00,0.3392306475998268
1997-11-13 00:00:00,0.33889953102260967
1997-11-14 00:00:00,0.3401348585634184
1997-11-17 00:00:00,0.34054941899031654
1997-11-18 00:00:00,0.33969903222202813
1997-11-19 00:00:00,0.33979845362555594
1997-11-20 00:00:00,0.34033795189857746
1997-11-21 00:00:00,0.34167618066356165
1997-11-24 00:00:00,0.33993074706602955
1997-11-25 00:00:00,0.3401673979547537
1997-11-26 00:00:00,0.34161590294292193
1997-11-28 00:00:00,0.3426148380181656
1997-12-01 00:00:00,0.3436032008293478
1997-12-02 00:00:00,0.3435476095220229
1997-12-03 00:00:00,0.3435476095220229
1997-12-04 00:00:00,0.3434521767968488
1997-12-05 00:00:00,0.3434521767968488
1997-12-08 00:00:00,0.3428915059068441
1997-12-09 00:00:00,0.3428915059068441
1997-12-10 00:00:00,0.3434863319213181
1997-12-11 00:00:00,0.34414989376064387
1997-12-12 00:00:00,0.34414989376064387
1997-12-15 00:00:00,0.34414989376064387
1997-12-16 00:00:00,0.34414989376064387
1997-12-17 00:00:00,0.34414989376064387
1997-12-18 00:00:00,0.34414989376064387
1997-12-19 00:00:00,0.34414989376064387
1997-12-22 00:00:00,0.34414989376064387
1997-12-23 00:00:00,0.34414989376064387
1997-12-24 00:00:00,0.34414989376064387
1997-12-26 00:00:00,0.34414989376064387
1997-12-29 00:00:00,0.34414989376064387
1997-12-30 00:00:00,0.34414989376064387
1997-12-31 00:00:00,0.34414989376064387
1998-01-02 00:00:00,0.34370368668863804
1998-01-05 00:00:00,0.34272749003049824
1998-01-06 00:00:00,0.3428221335686915
1998-01-07 00:00:00,0.34300460879543293
1998-01-08 00:00:00,0.34324642439118547
1998-01-09 00:00:00,0.3430192335118375
1998-01-12 00:00:00,0.343158366203663
1998-01-13 00:00:00,0.34300460879543293
1998-01-14 00:00:00,0.34254594965860846
1998-01-15 00:00:00,0.34179011781468194
1998-01-16 00:00:00,0.34149075288428477
1998-01-20 00:00:00,0.3414339212814127
1998-01-21 00:00:00,0.34230725161640996
1998-01-22 00:00:00,0.34347457342538823
1998-01-23 00:00:00,0.34536552932614817
1998-01-26 00:00:00,0.3443041676071632
1998-01-27 00:00:00,0.3443041676071632
1998-01-28 00:00:00,0.3443041676071632
1998-01-29 00:00:00,0.3443041676071632
1998-01-30 00:00:00,0.3443041676071632
1998-02-02 00:00:00,0.3443041676071632
1998-02-03 00:00:00,0.3443041676071632
1998-02-04 00:00:00,0.3443041676071632
1998-02-05 00:00:00,0.3443041676071632
1998-02-06 00:00:00,0.3443041676071632
1998-02-09 00:00:00,0.344624582681668
1998-02-10 00:00:00,0.344624582681668
1998-02-11 00:00:00,0.344624582681668
1998-02-12 00:00:00,0.344624582681668
1998-02-13 00:00:00,0.344624582681668
1998-02-17 00:00:00,0.344624582681668
1998-02-18 00:00:00,0.344624582681668
1998-02-19 00:00:00,0.344624582681668
1998-02-20 00:00:00,0.344624582681668
1998-02-23 00:00:00,0.344624582681668
1998-02-24 00:00:00,0.344624582681668
1998-02-25 00:00:00,0.344624582681668
1998-02-26 00:00:00,0.344624582681668
1998-02-27 00:00:00,0.344624582681668
1998-03-02 00:00:00,0.344624582681668
1998-03-03 00:00:00,0.344624582681668
1998-03-04 00:00:00,0.344624582681668
1998-03-05 00:00:00,0.344624582681668
1998-03-06 00:00:00,0.3435148506240212
1998-03-09 00:00:00,0.34339119703850285
1998-03-10 00:00:00,0.34378527336186276
1998-03-11 00:00:00,0.34361615726672645
1998-03-12 00:00:00,0.3444879103358695
1998-03-13 00:00:00,0.3454953331657127
1998-03-16 00:00:00,0.3448071566537553
1998-03-17 00:00:00,0.34523087213180603
1998-03-18 00:00:00,0.3438982065297207
1998-03-19 00:00:00,0.3435148506240212
1998-03-20 00:00:00,0.3429095648871079
1998-03-23 00:00:00,0.3439321160357991
1998-03-24 00:00:00,0.343954729959204
1998-03-25 00:00:00,0.34350360186472034
1998-03-26 00:00:00,0.344011291336609
1998-03-27 00:00:00,0.3431444349607499
1998-03-30 00:00:00,0.34046980084860634
1998-03-31 00:00:00,0.34046980084860634
1998-04-01 00:00:00,0.34046980084860634
1998-04-02 00:00:00,0.34046980084860634
1998-04-03 00:00:00,0.3408035511435174
1998-04-06 00:00:00,0.341182593365921
1998-04-07 00:00:00,0.3409149466953064
1998-04-08 00:00:00,0.3452711824416117
1998-04-09 00:00:00,0.3447462113834933
1998-04-10 00:00:00,0.34408656239100704
1998-04-13 00:00:00,0.3448373959927331
1998-04-14 00:00:00,0.34941212325615434
1998-04-15 00:00:00,0.3491929655298126
1998-04-16 00:00:00,0.3491929655298126
1998-04-17 00:00:00,0.3491929655298126
1998-04-20 00:00:00,0.3491929655298126
1998-04-21 00:00:00,0.3491929655298126
1998-04-22 00:00:00,0.3491929655298126
1998-04-23 00:00:00,0.34952569873784517
1998-04-24 00:00:00,0.34952569873784517
1998-04-27 00:00:00,0.34952569873784517
1998-04-28 00:00:00,0.34952569873784517
1998-04-29 00:00:00,0.34952569873784517
1998-04-30 00:00:00,0.34952569873784517
1998-05-01 00:00:00,0.34952569873784517
1998-05-04 00:00:00,0.34952569873784517
1998-05-05 00:00:00,0.34952569873784517
1998-05-06 00:00:00,0.34952569873784517
1998-05-07 00:00:00,0.34952569873784517
1998-05-08 00:00:00,0.35032065273482516
1998-05-11 00:00:00,0.3508741393006919
1998-05-12 00:00:00,0.35035372457931846
1998-05-13 00:00:00,0.35035372457931846
1998-05-14 00:00:00,0.35035372457931846
1998-05-15 00:00:00,0.35035372457931846
1998-05-18 00:00:00,0.35035372457931846
1998-05-19 00:00:00,0.35035372457931846
1998-05-20 00:00:00,0.35035372457931846
1998-05-21 00:00:00,0.35035372457931846
1998-05-22 00:00:00,0.35035372457931846
1998-05-26 00:00:00,0.3511582961130662
1998-05-27 00:00:00,0.35150280273470197
1998-05-28 00:00:00,0.3520244731672407
1998-05-29 00:00:00,0.3530584400736797
1998-06-01 00:00:00,0.3521586166106425
1998-06-02 00:00:00,0.3527093656012776
1998-06-03 00:00:00,0.35234097260067326
1998-06-04 00:00:00,0.3506529964576647
1998-06-05 00:00:00,0.3521841217758438
1998-06-08 00:00:00,0.35220260540248166
1998-06-09 00:00:00,0.3522049298688307
1998-06-10 00:00:00,0.35398645900572817
1998-06-11 00:00:00,0.35421820827757616
1998-06-12 00:00:00,0.35421820827757616
1998-06-15 00:00:00,0.35324892849518047
1998-06-16 00:00:00,0.35324892849518047
1998-06-17 00:00:00,0.3536292308635881
1998-06-18 00:00:00,0.3536292308635881
1998-06-19 00:00:00,0.3536292308635881
1998-06-22 00:00:00,0.3536292308635881
1998-06-23 00:00:00,0.3536292308635881
1998-06-24 00:00:00,0.3536292308635881
1998-06-25 00:00:00,0.35339629470409156
1998-06-26 00:00:00,0.35194755038510767
1998-06-29 00:00:00,0.3517578118460159
1998-06-30 00:00:00,0.35295189658770115
1998-07-01 00:00:00,0.35166312877719536
1998-07-02 00:00:00,0.35100380040639495
1998-07-03 00:00:00,0.3515213362403096
1998-07-06 00:00:00,0.35194755038510767
1998-07-07 00:00:00,0.3517009871340106
1998-07-08 00:00:00,0.35171045482026586
1998-07-09 00:00:00,0.3503969269400253
1998-07-10 00:00:00,0.35072306775916856
1998-07-13 00:00:00,0.35261557123767234
1998-07-14 00:00:00,0.35242408050425056
1998-07-15 00:00:00,0.3529230078220243
1998-07-16 00:00:00,0.35372650657009763
1998-07-17 00:00:00,0.35392144579324225
1998-07-20 00:00:00,0.35392628323384656
1998-07-21 00:00:00,0.35392628323384656
1998-07-22 00:00:00,0.35392628323384656
1998-07-23 00:00:00,0.35392628323384656
1998-07-24 00:00:00,0.35392628323384656
1998-07-27 00:00:00,0.35392628323384656
1998-07-28 00:00:00,0.35351619226994135
1998-07-29 00:00:00,0.35351619226994135
1998-07-30 00:00:00,0.35347969114175787
1998-07-31 00:00:00,0.35347969114175787
1998-08-03 00:00:00,0.3541116562279517
1998-08-04 00:00:00,0.3541116562279517
1998-08-05 00:00:00,0.3541116562279517
1998-08-06 00:00:00,0.3541116562279517
1998-08-07 00:00:00,0.3541116562279517
1998-08-10 00:00:00,0.3541116562279517
1998-08-11 00:00:00,0.3541116562279517
1998-08-12 00:00:00,0.3541116562279517
1998-08-13 00:00:00,0.3541116562279517
1998-08-14 00:00:00,0.3556052002096465
1998-08-17 00:00:00,0.3551237008726089
1998-08-18 00:00:00,0.3551237008726089
1998-08-19 00:00:00,0.3551237008726089
1998-08-20 00:00:00,0.35527336392569
1998-08-21 00:00:00,0.35527336392569
1998-08-24 00:00:00,0.35527336392569
1998-08-25 00:00:00,0.35527336392569
1998-08-26 00:00:00,0.35527336392569
1998-08-27 00:00:00,0.35527336392569
1998-08-28 00:00:00,0.35527336392569
1998-08-31 00:00:00,0.35527336392569
1998-09-01 00:00:00,0.35527336392569
1998-09-02 00:00:00,0.35527336392569
1998-09-03 00:00:00,0.35527336392569
1998-09-04 00:00:00,0.35527336392569
1998-09-08 00:00:00,0.35527336392569
1998-09-09 00:00:00,0.35527336392569
1998-09-10 00:00:00,0.35527336392569
1998-09-11 00:00:00,0.35527336392569
1998-09-14 00:00:00,0.35527336392569
1998-09-15 00:00:00,0.352906969165383
1998-09-16 00:00:00,0.3531202292119585
1998-09-17 00:00:00,0.35055585446472265
1998-09-18 00:00:00,0.35055585446472265
1998-09-21 00:00:00,0.35055585446472265
1998-09-22 00:00:00,0.35055585446472265
1998-09-23 00:00:00,0.35055585446472265
1998-09-24 00:00:00,0.35055585446472265
1998-09-25 00:00:00,0.35055585446472265
1998-09-28 00:00:00,0.35055585446472265
1998-09-29 00:00:00,0.35055585446472265
1998-09-30 00:00:00,0.35055585446472265
1998-10-01 00:00:00,0.35055585446472265
1998-10-02 00:00:00,0.35055585446472265
1998-10-05 00:00:00,0.35005444492956694
1998-10-06 00:00:00,0.3497845711956012
1998-10-07 00:00:00,0.3472655718848157
1998-10-08 00:00:00,0.3447798073532272
1998-10-09 00:00:00,0.3447798073532272
1998-10-13 00:00:00,0.34519596497902233
1998-10-14 00:00:00,0.3454819478111882
1998-10-15 00:00:00,0.34476254903564063
1998-10-16 00:00:00,0.34413251455911165
1998-10-19 00:00:00,0.3447888592223556
1998-10-20 00:00:00,0.34647035327521836
1998-10-21 00:00:00,0.346595959347646
1998-10-22 00:00:00,0.34617302831584473
1998-10-23 00:00:00,0.34581320960348355
1998-10-26 00:00:00,0.34645464911368085
1998-10-27 00:00:00,0.3466966876774167
1998-10-28 00:00:00,0.3465890545268915
1998-10-29 00:00:00,0.3463569548313542
1998-10-30 00:00:00,0.34704878440413167
1998-11-02 00:00:00,0.3466954806053413
1998-11-03 00:00:00,0.34711657939653956
1998-11-04 00:00:00,0.3479038995019509
1998-11-05 00:00:00,0.34726197150921334
1998-11-06 00:00:00,0.34726197150921334
1998-11-09 00:00:00,0.34726197150921334
1998-11-10 00:00:00,0.3474048747942093
1998-11-12 00:00:00,0.3474048747942093
1998-11-13 00:00:00,0.34749807404696187
1998-11-16 00:00:00,0.34749807404696187
1998-11-17 00:00:00,0.34749807404696187
1998-11-18 00:00:00,0.34749807404696187
1998-11-19 00:00:00,0.34749807404696187
1998-11-20 00:00:00,0.34749807404696187
1998-11-23 00:00:00,0.34749807404696187
1998-11-24 00:00:00,0.34749807404696187
1998-11-25 00:00:00,0.3475619959839085
1998-11-27 00:00:00,0.3472353009252525
1998-11-30 00:00:00,0.348043620898596
1998-12-01 00:00:00,0.3488340593795927
1998-12-02 00:00:00,0.3491875422717563
1998-12-03 00:00:00,0.3491875422717563
1998-12-04 00:00:00,0.3491875422717563
1998-12-07 00:00:00,0.3491875422717563
1998-12-08 00:00:00,0.3491875422717563
1998-12-09 00:00:00,0.3491875422717563
1998-12-10 00:00:00,0.3491875422717563
1998-12-11 00:00:00,0.34851136429961194
1998-12-14 00:00:00,0.3487932460120419
1998-12-15 00:00:00,0.3492974287440751
1998-12-16 00:00:00,0.3494629918542776
1998-12-17 00:00:00,0.34975820487924025
1998-12-18 00:00:00,0.3496940850967498
1998-12-21 00:00:00,0.3496940850967498
1998-12-22 00:00:00,0.3496940850967498
1998-12-23 00:00:00,0.3496940850967498
1998-12-24 00:00:00,0.3496940850967498
1998-12-28 00:00:00,0.3496940850967498
1998-12-29 00:00:00,0.3496940850967498
1998-12-30 00:00:00,0.3496940850967498
1998-12-31 00:00:00,0.3496940850967498
1999-01-04 00:00:00,0.3496940850967498
1999-01-05 00:00:00,0.3496940850967498
1999-01-06 00:00:00,0.3496940850967498
1999-01-07 00:00:00,0.3496940850967498
1999-01-08 00:00:00,0.3490079917617887
1999-01-11 00:00:00,0.3490525549185682
1999-01-12 00:00:00,0.3495199616131612
1999-01-13 00:00:00,0.3515271632521198
1999-01-14 00:00:00,0.35127877984650163
1999-01-15 00:00:00,0.35127877984650163
1999-01-19 00:00:00,0.35127877984650163
1999-01-20 00:00:00,0.35127877984650163
1999-01-21 00:00:00,0.35127877984650163
1999-01-22 00:00:00,0.35127877984650163
1999-01-25 00:00:00,0.35127877984650163
1999-01-26 00:00:00,0.35127877984650163
1999-01-27 00:00:00,0.35127877984650163
1999-01-28 00:00:00,0.35127877984650163
1999-01-29 00:00:00,0.35122138090767685
1999-02-01 00:00:00,0.35000263484291655
1999-02-02 00:00:00,0.35231613417821833
1999-02-03 00:00:00,0.3518541092877961
1999-02-04 00:00:00,0.3511831284509159
1999-02-05 00:00:00,0.3511257700080257
1999-02-08 00:00:00,0.3510875445342689
1999-02-09 00:00:00,0.3509347504456966
1999-02-10 00:00:00,0.3528571535252186
1999-02-11 00:00:00,0.3514894507950666
1999-02-12 00:00:00,0.35143196261408793
1999-02-16 00:00:00,0.3489075757257013
1999-02-17 00:00:00,0.34971857513551885
1999-02-18 00:00:00,0.3496618349564917
1999-02-19 00:00:00,0.34563048231266735
1999-02-22 00:00:00,0.34563048231266735
1999-02-23 00:00:00,0.3454560167436329
1999-02-24 00:00:00,0.3450934730056385
1999-02-25 00:00:00,0.347657816008469
1999-02-26 00:00:00,0.3454560167436329
1999-03-01 00:00:00,0.343655696950309
1999-03-02 00:00:00,0.3441997288501092
1999-03-03 00:00:00,0.34379858886217335
1999-03-04 00:00:00,0.342519560442914
1999-03-05 00:00:00,0.34271749080204306
1999-03-08 00:00:00,0.34376999483327303
1999-03-09 00:00:00,0.34287327244755866
1999-03-10 00:00:00,0.34442964412143545
1999-03-11 00:00:00,0.3427316431259849
1999-03-12 00:00:00,0.34382719072076395
1999-03-15 00:00:00,0.34308607871501884
1999-03-16 00:00:00,0.3430150949219747
1999-03-17 00:00:00,0.34563048231266735
1999-03-18 00:00:00,0.3448909933008051
1999-03-19 00:00:00,0.343655696950309
1999-03-22 00:00:00,0.34337049874916986
1999-03-23 00:00:00,0.34414232884595897
1999-03-24 00:00:00,0.3443002546686982
1999-03-25 00:00:00,0.34278827170153414
1999-03-26 00:00:00,0.340428302289992
1999-03-29 00:00:00,0.340428302289992
1999-03-30 00:00:00,0.3403372790797729
1999-03-31 00:00:00,0.3411480431787935
1999-04-01 00:00:00,0.3408999559814212
1999-04-02 00:00:00,0.3408999559814212
1999-04-05 00:00:00,0.3401836013469947
1999-04-06 00:00:00,0.3415044992926022
1999-04-07 00:00:00,0.34092117464252464
1999-04-08 00:00:00,0.34151165310825216
1999-04-09 00:00:00,0.3407446147433532
1999-04-12 00:00:00,0.34100613533760843
1999-04-13 00:00:00,0.3402673693070094
1999-04-14 00:00:00,0.34041428836639126
1999-04-15 00:00:00,0.33975985694675587
1999-04-16 00:00:00,0.3396216749427745
1999-04-19 00:00:00,0.33890903034072195
1999-04-20 00:00:00,0.33912725762288026
1999-04-21 00:00:00,0.3390248482661554
1999-04-22 00:00:00,0.33892264243912257
1999-04-23 00:00:00,0.3390862694177337
1999-04-26 00:00:00,0.3386714010819491
1999-04-27 00:00:00,0.33899075707271686
1999-04-28 00:00:00,0.3386375437510976
1999-04-29 00:00:00,0.33828002638554694
1999-04-30 00:00:00,0.33783162521333293
1999-05-03 00:00:00,0.33786495195984195
1999-05-04 00:00:00,0.338414645118208
1999-05-05 00:00:00,0.3397460221368347
1999-05-06 00:00:00,0.3401278308999787
1999-05-07 00:00:00,0.34019755330993035
1999-05-10 00:00:00,0.340302312459626
1999-05-11 00:00:00,0.33958718702529195
1999-05-12 00:00:00,0.3394013489106294
1999-05-13 00:00:00,0.3390248482661554
1999-05-14 00:00:00,0.3391751184795495
1999-05-17 00:00:00,0.3394838611050596
1999-05-18 00:00:00,0.3393670077159359
1999-05-19 00:00:00,0.3392298711178578
1999-05-20 00:00:00,0.3390043908378048
1999-05-21 00:00:00,0.33838095716846955
1999-05-24 00:00:00,0.33878668355751224
1999-05-25 00:00:00,0.3392298711178578
1999-05-26 00:00:00,0.33807876165087525
1999-05-27 00:00:00,0.3377783478297489
1999-05-28 00:00:00,0.33767860310118125
1999-06-01 00:00:00,0.3380118496062339
1999-06-02 00:00:00,0.33711706159370847
1999-06-03 00:00:00,0.3370514060854603
1999-06-04 00:00:00,0.3369545589518507
1999-06-07 00:00:00,0.3369545589518507
1999-06-08 00:00:00,0.33941785405598884
1999-06-09 00:00:00,0.33941785405598884
1999-06-10 00:00:00,0.3395603224736166
1999-06-11 00:00:00,0.3402037509145318
1999-06-14 00:00:00,0.33870830546623476
1999-06-15 00:00:00,0.33849634433021614
1999-06-16 00:00:00,0.33602620080473217
1999-06-17 00:00:00,0.3365378810352659
1999-06-18 00:00:00,0.3371356231520641
1999-06-21 00:00:00,0.33649630219671417
1999-06-22 00:00:00,0.3365378810352659
1999-06-23 00:00:00,0.336219521841881
1999-06-24 00:00:00,0.3373728608161455
1999-06-25 00:00:00,0.33884984393574097
1999-06-28 00:00:00,0.3370798785652553
1999-06-29 00:00:00,0.33598482031775956
1999-06-30 00:00:00,0.3351605625174644
1999-07-01 00:00:00,0.3332646341688444
1999-07-02 00:00:00,0.3332646341688444
1999-07-06 00:00:00,0.3338608903833318
1999-07-07 00:00:00,0.33300974725934623
1999-07-08 00:00:00,0.332141817716556
1999-07-09 00:00:00,0.33121539996824995
1999-07-12 00:00:00,0.33010632641515936
1999-07-13 00:00:00,0.331173412847762
1999-07-14 00:00:00,0.3324376747788472
1999-07-15 00:00:00,0.3325858010502319
1999-07-16 00:00:00,0.3318464867894025
1999-07-19 00:00:00,0.3319940865738431
1999-07-20 00:00:00,0.33917058971107705
1999-07-21 00:00:00,0.34213640853790434
1999-07-22 00:00:00,0.34213640853790434
1999-07-23 00:00:00,0.3421532754265535
1999-07-26 00:00:00,0.3421532754265535
1999-07-27 00:00:00,0.3421176832724049
1999-07-28 00:00:00,0.34178111244749904
1999-07-29 00:00:00,0.34088439350585764
1999-07-30 00:00:00,0.3410647381188535
1999-08-02 00:00:00,0.34157779117519405
1999-08-03 00:00:00,0.3414235574507657
1999-08-04 00:00:00,0.3405741079117073
1999-08-05 00:00:00,0.3401376025414422
1999-08-06 00:00:00,0.3405689590506736
1999-08-09 00:00:00,0.3413760056994256
1999-08-10 00:00:00,0.34079631758894446
1999-08-11 00:00:00,0.3417472155556571
1999-08-12 00:00:00,0.34200508990387796
1999-08-13 00:00:00,0.3427044024424837
1999-08-16 00:00:00,0.3428135976150436
1999-08-17 00:00:00,0.34310937026269916
1999-08-18 00:00:00,0.34317746921216846
1999-08-19 00:00:00,0.34317746921216846
1999-08-20 00:00:00,0.34317746921216846
1999-08-23 00:00:00,0.34317746921216846
1999-08-24 00:00:00,0.34317746921216846
1999-08-25 00:00:00,0.34317746921216846
1999-08-26 00:00:00,0.34305852171205575
1999-08-27 00:00:00,0.34305852171205575
1999-08-30 00:00:00,0.34292070819284876
1999-08-31 00:00:00,0.34292070819284876
1999-09-01 00:00:00,0.34292070819284876
1999-09-02 00:00:00,0.34292070819284876
1999-09-03 00:00:00,0.34292070819284876
1999-09-07 00:00:00,0.34292070819284876
1999-09-08 00:00:00,0.34292070819284876
1999-09-09 00:00:00,0.34292070819284876
1999-09-10 00:00:00,0.34292070819284876
1999-09-13 00:00:00,0.34292070819284876
1999-09-14 00:00:00,0.3429793596522078
1999-09-15 00:00:00,0.3429793596522078
1999-09-16 00:00:00,0.3429793596522078
1999-09-17 00:00:00,0.34270221563420655
1999-09-20 00:00:00,0.34270221563420655
1999-09-21 00:00:00,0.34270221563420655
1999-09-22 00:00:00,0.34270221563420655
1999-09-23 00:00:00,0.34270221563420655
1999-09-24 00:00:00,0.34270221563420655
1999-09-27 00:00:00,0.34270221563420655
1999-09-28 00:00:00,0.34270221563420655
1999-09-29 00:00:00,0.34270221563420655
1999-09-30 00:00:00,0.34270221563420655
1999-10-01 00:00:00,0.34270221563420655
1999-10-04 00:00:00,0.34279480460913464
1999-10-05 00:00:00,0.3429327619371155
1999-10-06 00:00:00,0.3427518319332586
1999-10-07 00:00:00,0.3426070368320013
1999-10-08 00:00:00,0.34386716384141774
1999-10-12 00:00:00,0.3423349707800466
1999-10-13 00:00:00,0.341940658561921
1999-10-14 00:00:00,0.34142338086400736
1999-10-15 00:00:00,0.3400729708579363
1999-10-18 00:00:00,0.34033012287081804
1999-10-19 00:00:00,0.34089604492324754
1999-10-20 00:00:00,0.3419016396643054
1999-10-21 00:00:00,0.34133785749652207
1999-10-22 00:00:00,0.34357225236895267
1999-10-25 00:00:00,0.3436765750574188
1999-10-26 00:00:00,0.3436765750574188
1999-10-27 00:00:00,0.3436765750574188
1999-10-28 00:00:00,0.3434512105150598
1999-10-29 00:00:00,0.3434216409365833
1999-11-01 00:00:00,0.3431387568954136
1999-11-02 00:00:00,0.34305658328636196
1999-11-03 00:00:00,0.34282846177965703
1999-11-04 00:00:00,0.34229489594167095
1999-11-05 00:00:00,0.34185318952237714
1999-11-08 00:00:00,0.3417277919355783
1999-11-09 00:00:00,0.3421280226426903
1999-11-10 00:00:00,0.34251450894920876
1999-11-12 00:00:00,0.3415007039140974
1999-11-15 00:00:00,0.3415857251001604
1999-11-16 00:00:00,0.34168796715186006
1999-11-17 00:00:00,0.34243925630499944
1999-11-18 00:00:00,0.3415630367600091
1999-11-19 00:00:00,0.34168228082530916
1999-11-22 00:00:00,0.3418703167556365
1999-11-23 00:00:00,0.3414158463351918
1999-11-24 00:00:00,0.340681639267445
1999-11-26 00:00:00,0.34027227920530495
1999-11-29 00:00:00,0.33979056075250874
1999-11-30 00:00:00,0.33979056075250874
1999-12-01 00:00:00,0.3394895153481047
1999-12-02 00:00:00,0.33915621582792405
1999-12-03 00:00:00,0.3394338782225486
1999-12-06 00:00:00,0.3430317836981541
1999-12-07 00:00:00,0.3426043231043474
1999-12-08 00:00:00,0.3431244742177675
1999-12-09 00:00:00,0.3415046071361991
1999-12-10 00:00:00,0.34145907666006475
1999-12-13 00:00:00,0.3404519736695056
1999-12-14 00:00:00,0.33976822601953605
1999-12-15 00:00:00,0.33967894326505327
1999-12-16 00:00:00,0.3413112622495619
1999-12-17 00:00:00,0.3398464221857604
1999-12-20 00:00:00,0.33971241376935757
1999-12-21 00:00:00,0.3403058155864723
1999-12-22 00:00:00,0.3401262575758721
1999-12-23 00:00:00,0.3411750344815485
1999-12-24 00:00:00,0.34021599128113805
1999-12-27 00:00:00,0.34044072221998123
1999-12-28 00:00:00,0.33926717627044334
1999-12-29 00:00:00,0.33885731643973166
1999-12-30 00:00:00,0.3384383506109754
1999-12-31 00:00:00,0.3393782760229973
2000-01-03 00:00:00,0.34074501101032373
2000-01-04 00:00:00,0.3435311155368681
2000-01-05 00:00:00,0.34393313819673843
2000-01-06 00:00:00,0.34393313819673843
2000-01-07 00:00:00,0.3441411653067857
2000-01-10 00:00:00,0.3441411653067857
2000-01-11 00:00:00,0.3441411653067857
2000-01-12 00:00:00,0.3441411653067857
2000-01-13 00:00:00,0.3441411653067857
2000-01-14 00:00:00,0.3441411653067857
2000-01-18 00:00:00,0.3441411653067857
2000-01-19 00:00:00,0.3441411653067857
2000-01-20 00:00:00,0.3441411653067857
2000-01-21 00:00:00,0.3441411653067857
2000-01-24 00:00:00,0.3441411653067857
2000-01-25 00:00:00,0.3441411653067857
2000-01-26 00:00:00,0.3439416845578135
2000-01-27 00:00:00,0.34145471035497255
2000-01-28 00:00:00,0.3394998666325779
2000-01-31 00:00:00,0.3394998666325779
2000-02-01 00:00:00,0.3394998666325779
2000-02-02 00:00:00,0.3394998666325779
2000-02-03 00:00:00,0.3446586772790403
2000-02-04 00:00:00,0.3401594899314389
2000-02-07 00:00:00,0.3410706684019725
2000-02-08 00:00:00,0.3436860805576835
2000-02-09 00:00:00,0.34514704282718084
2000-02-10 00:00:00,0.3441294102684767
2000-02-11 00:00:00,0.3436017662784912
2000-02-14 00:00:00,0.34088389407793124
2000-02-15 00:00:00,0.34307573785491735
2000-02-16 00:00:00,0.3436649981088701
2000-02-17 00:00:00,0.3442562860495761
2000-02-18 00:00:00,0.3440871391211645
2000-02-22 00:00:00,0.3505241068116624
2000-02-23 00:00:00,0.3482644477126131
2000-02-24 00:00:00,0.3482644477126131
2000-02-25 00:00:00,0.34912008543658396
2000-02-28 00:00:00,0.34912008543658396
2000-02-29 00:00:00,0.34912008543658396
2000-03-01 00:00:00,0.3503338650213229
2000-03-02 00:00:00,0.34851229499987507
2000-03-03 00:00:00,0.34853703300465166
2000-03-06 00:00:00,0.34806802111062846
2000-03-07 00:00:00,0.3473317932913872
2000-03-08 00:00:00,0.3478220264844817
2000-03-09 00:00:00,0.3499945837242913
2000-03-10 00:00:00,0.3491698588135362
2000-03-13 00:00:00,0.34866081189695086
2000-03-14 00:00:00,0.3484999282174693
2000-03-15 00:00:00,0.3497064359145267
2000-03-16 00:00:00,0.35001967780693316
2000-03-17 00:00:00,0.34968141727327184
2000-03-20 00:00:00,0.34986920398527427
2000-03-21 00:00:00,0.3497439751698071
2000-03-22 00:00:00,0.34806802111062846
2000-03-23 00:00:00,0.3509144537844872
2000-03-24 00:00:00,0.35333423846249573
2000-03-27 00:00:00,0.351537957636565
2000-03-28 00:00:00,0.351537957636565
2000-03-29 00:00:00,0.3519455383561683
2000-03-30 00:00:00,0.3519455383561683
2000-03-31 00:00:00,0.3519455383561683
2000-04-03 00:00:00,0.3519455383561683
2000-04-04 00:00:00,0.3519455383561683
2000-04-05 00:00:00,0.3519455383561683
2000-04-06 00:00:00,0.3519455383561683
2000-04-07 00:00:00,0.35189577440137804
2000-04-10 00:00:00,0.35189577440137804
2000-04-11 00:00:00,0.35189577440137804
2000-04-12 00:00:00,0.35189577440137804
2000-04-13 00:00:00,0.35189577440137804
2000-04-14 00:00:00,0.35189577440137804
2000-04-17 00:00:00,0.35189577440137804
2000-04-18 00:00:00,0.35189577440137804
2000-04-19 00:00:00,0.35189577440137804
2000-04-20 00:00:00,0.35189577440137804
2000-04-21 00:00:00,0.352042313526704
2000-04-24 00:00:00,0.35263057446733725
2000-04-25 00:00:00,0.3493291612489963
2000-04-26 00:00:00,0.3480848541353923
2000-04-27 00:00:00,0.3480848541353923
2000-04-28 00:00:00,0.3480848541353923
2000-05-01 00:00:00,0.3504209940960325
2000-05-02 00:00:00,0.3494014392688692
2000-05-03 00:00:00,0.34559559952133534
2000-05-04 00:00:00,0.34559559952133534
2000-05-05 00:00:00,0.34619410255115934
2000-05-08 00:00:00,0.34655420043303853
2000-05-09 00:00:00,0.3482850594397893
2000-05-10 00:00:00,0.3496863229442409
2000-05-11 00:00:00,0.3476188522196691
2000-05-12 00:00:00,0.35091401044433773
2000-05-15 00:00:00,0.3520883249277128
2000-05-16 00:00:00,0.349645547953226
2000-05-17 00:00:00,0.34470171505309416
2000-05-18 00:00:00,0.3451182850028044
2000-05-19 00:00:00,0.3457151345185757
2000-05-22 00:00:00,0.34897413084048484
2000-05-23 00:00:00,0.3467545786929015
2000-05-24 00:00:00,0.3485076963327366
2000-05-25 00:00:00,0.3484671957288629
2000-05-26 00:00:00,0.3563774921852705
2000-05-30 00:00:00,0.3550707624509539
2000-05-31 00:00:00,0.3550707624509539
2000-06-01 00:00:00,0.35503386439695006
2000-06-02 00:00:00,0.35503386439695006
2000-06-05 00:00:00,0.35479474387902593
2000-06-06 00:00:00,0.35479474387902593
2000-06-07 00:00:00,0.35437499250214954
2000-06-08 00:00:00,0.35465580694562576
2000-06-09 00:00:00,0.35485914332271784
2000-06-12 00:00:00,0.35429948195600025
2000-06-13 00:00:00,0.3536432894750766
2000-06-14 00:00:00,0.3540438207180769
2000-06-15 00:00:00,0.3544731074147315
2000-06-16 00:00:00,0.3531241733501501
2000-06-19 00:00:00,0.3534571502079042
2000-06-20 00:00:00,0.3537750479484397
2000-06-21 00:00:00,0.3544746514195878
2000-06-22 00:00:00,0.3548811700767398
2000-06-23 00:00:00,0.35556589465312366
2000-06-26 00:00:00,0.35521570240974376
2000-06-27 00:00:00,0.3543805710078242
2000-06-28 00:00:00,0.35463550963520946
2000-06-29 00:00:00,0.35434307097176904
2000-06-30 00:00:00,0.3539655490159118
2000-07-03 00:00:00,0.3539981191486977
2000-07-05 00:00:00,0.35332627706050296
2000-07-06 00:00:00,0.3535150997149709
2000-07-07 00:00:00,0.3536902872121518
2000-07-10 00:00:00,0.3536649185183964
2000-07-11 00:00:00,0.35404521355231405
2000-07-12 00:00:00,0.3551498458217283
2000-07-13 00:00:00,0.3557555821543577
2000-07-14 00:00:00,0.35524457689569183
2000-07-17 00:00:00,0.35524457689569183
2000-07-18 00:00:00,0.35524457689569183
2000-07-19 00:00:00,0.35524457689569183
2000-07-20 00:00:00,0.35553126392090995
2000-07-21 00:00:00,0.35553126392090995
2000-07-24 00:00:00,0.35553126392090995
2000-07-25 00:00:00,0.35553126392090995
2000-07-26 00:00:00,0.35553126392090995
2000-07-27 00:00:00,0.35553126392090995
2000-07-28 00:00:00,0.35553126392090995
2000-07-31 00:00:00,0.35553126392090995
2000-08-01 00:00:00,0.35553126392090995
2000-08-02 00:00:00,0.35553126392090995
2000-08-03 00:00:00,0.35553126392090995
2000-08-04 00:00:00,0.3557173009467472
2000-08-07 00:00:00,0.35598120793552745
2000-08-08 00:00:00,0.35520476303394954
2000-08-09 00:00:00,0.3549883622405013
2000-08-10 00:00:00,0.3556515561717075
2000-08-11 00:00:00,0.3550207581232082
2000-08-14 00:00:00,0.3548428602378552
2000-08-15 00:00:00,0.3554875980481697
2000-08-16 00:00:00,0.35549851068444643
2000-08-17 00:00:00,0.3555421867785994
2000-08-18 00:00:00,0.3547300071905269
2000-08-21 00:00:00,0.3545158080470676
2000-08-22 00:00:00,0.3538264603152699
2000-08-23 00:00:00,0.3544784251404847
2000-08-24 00:00:00,0.35536772735758954
2000-08-25 00:00:00,0.3554875980481697
2000-08-28 00:00:00,0.3552970394020594
2000-08-29 00:00:00,0.35471390777265677
2000-08-30 00:00:00,0.3540639123238689
2000-08-31 00:00:00,0.3537213197606573
2000-09-01 00:00:00,0.35475685201208274
2000-09-05 00:00:00,0.3533916988913727
2000-09-06 00:00:00,0.3518664435447789
2000-09-07 00:00:00,0.3518664435447789
2000-09-08 00:00:00,0.35039014563752013
2000-09-11 00:00:00,0.351916414405754
2000-09-12 00:00:00,0.3519664134829127
2000-09-13 00:00:00,0.3527198019024183
2000-09-14 00:00:00,0.35170672612444964
2000-09-15 00:00:00,0.3510212329501723
2000-09-18 00:00:00,0.3503803207655264
2000-09-19 00:00:00,0.35141797159321275
2000-09-20 00:00:00,0.3506262729056997
2000-09-21 00:00:00,0.351916414405754
2000-09-22 00:00:00,0.3562171155994105
2000-09-25 00:00:00,0.35522615780260136
2000-09-26 00:00:00,0.3563850859055528
2000-09-27 00:00:00,0.35584989346307294
2000-09-28 00:00:00,0.35584989346307294
2000-09-29 00:00:00,0.35584989346307294
2000-10-02 00:00:00,0.35584989346307294
2000-10-03 00:00:00,0.35584989346307294
2000-10-04 00:00:00,0.35584989346307294
2000-10-05 00:00:00,0.35584989346307294
2000-10-06 00:00:00,0.35584989346307294
2000-10-10 00:00:00,0.35584989346307294
2000-10-11 00:00:00,0.35584989346307294
2000-10-12 00:00:00,0.35584989346307294
2000-10-13 00:00:00,0.35584989346307294
2000-10-16 00:00:00,0.35584989346307294
2000-10-17 00:00:00,0.35584989346307294
2000-10-18 00:00:00,0.35584989346307294
2000-10-19 00:00:00,0.35584989346307294
2000-10-20 00:00:00,0.3557848118781642
2000-10-23 00:00:00,0.3551379765541472
2000-10-24 00:00:00,0.35500947169694036
2000-10-25 00:00:00,0.3539916198469587
2000-10-26 00:00:00,0.35345814521767505
2000-10-27 00:00:00,0.35462566435840764
2000-10-30 00:00:00,0.3546065409049809
2000-10-31 00:00:00,0.35518302080177777
2000-11-01 00:00:00,0.3565706266804684
2000-11-02 00:00:00,0.35634690337993974
2000-11-03 00:00:00,0.35722029422374246
2000-11-06 00:00:00,0.3568000098874295
2000-11-07 00:00:00,0.3568000098874295
2000-11-08 00:00:00,0.3568000098874295
2000-11-09 00:00:00,0.3568000098874295
2000-11-10 00:00:00,0.3568000098874295
2000-11-13 00:00:00,0.3568000098874295
2000-11-14 00:00:00,0.3568000098874295
2000-11-15 00:00:00,0.3568000098874295
2000-11-16 00:00:00,0.3568000098874295
2000-11-17 00:00:00,0.3568000098874295
2000-11-20 00:00:00,0.3568000098874295
2000-11-21 00:00:00,0.3568000098874295
2000-11-22 00:00:00,0.3568000098874295
2000-11-24 00:00:00,0.3568000098874295
2000-11-27 00:00:00,0.3568000098874295
2000-11-28 00:00:00,0.3576752012714892
2000-11-29 00:00:00,0.3576752012714892
2000-11-30 00:00:00,0.3576752012714892
2000-12-01 00:00:00,0.3576752012714892
2000-12-04 00:00:00,0.3548209351134959
2000-12-05 00:00:00,0.35599223546044273
2000-12-06 00:00:00,0.3550262738200207
2000-12-07 00:00:00,0.3542063880897904
2000-12-08 00:00:00,0.3548097847384552
2000-12-11 00:00:00,0.35590471734561036
2000-12-12 00:00:00,0.35581632772258875
2000-12-13 00:00:00,0.35619606916407986
2000-12-14 00:00:00,0.3537577288292501
2000-12-15 00:00:00,0.3537577288292501
2000-12-18 00:00:00,0.3537577288292501
2000-12-19 00:00:00,0.35506708951531224
2000-12-20 00:00:00,0.35260494923609975
2000-12-21 00:00:00,0.35198189654688256
2000-12-22 00:00:00,0.3484811999648595
2000-12-26 00:00:00,0.3484811999648595
2000-12-27 00:00:00,0.3484811999648595
2000-12-28 00:00:00,0.3487475852070597
2000-12-29 00:00:00,0.34386803975427227
2001-01-02 00:00:00,0.34386803975427227
2001-01-03 00:00:00,0.34277536602277053
2001-01-04 00:00:00,0.34468205000654556
2001-01-05 00:00:00,0.3427358409607298
2001-01-08 00:00:00,0.3438103797794664
2001-01-09 00:00:00,0.346633026319826
2001-01-10 00:00:00,0.3475572927536788
2001-01-11 00:00:00,0.34475343620001536
2001-01-12 00:00:00,0.34703591795863653
2001-01-16 00:00:00,0.3502989892095366
2001-01-17 00:00:00,0.35293320365052455
2001-01-18 00:00:00,0.34619860898439825
2001-01-19 00:00:00,0.34908343145967924
2001-01-22 00:00:00,0.34980789360284087
2001-01-23 00:00:00,0.3489610122157214
2001-01-24 00:00:00,0.35338037164235525
2001-01-25 00:00:00,0.3535825351874859
2001-01-26 00:00:00,0.35404595298765557
2001-01-29 00:00:00,0.3535833286452308
2001-01-30 00:00:00,0.3514335942116264
2001-01-31 00:00:00,0.3508002663889028
2001-02-01 00:00:00,0.3488226744985789
2001-02-02 00:00:00,0.3507607413268621
2001-02-05 00:00:00,0.3493005728420083
2001-02-06 00:00:00,0.3530207133964221
2001-02-07 00:00:00,0.3517228211465453
2001-02-08 00:00:00,0.3563622106631736
2001-02-09 00:00:00,0.3533023054541212
2001-02-12 00:00:00,0.3533023054541212
2001-02-13 00:00:00,0.3533023054541212
2001-02-14 00:00:00,0.3533023054541212
2001-02-15 00:00:00,0.35283191918283763
2001-02-16 00:00:00,0.35283191918283763
2001-02-20 00:00:00,0.3525769040526934
2001-02-21 00:00:00,0.3525769040526934
2001-02-22 00:00:00,0.352559909732042
2001-02-23 00:00:00,0.35261092892707546
2001-02-26 00:00:00,0.352582571508587
2001-02-27 00:00:00,0.3527475134260798
2001-02-28 00:00:00,0.3530374686571118
2001-03-01 00:00:00,0.3535456773444506
2001-03-02 00:00:00,0.3535456773444506
2001-03-05 00:00:00,0.3535456773444506
2001-03-06 00:00:00,0.3535456773444506
2001-03-07 00:00:00,0.3535456773444506
2001-03-08 00:00:00,0.3535456773444506
2001-03-09 00:00:00,0.3535456773444506
2001-03-12 00:00:00,0.3535456773444506
2001-03-13 00:00:00,0.3535456773444506
2001-03-14 00:00:00,0.3535456773444506
2001-03-15 00:00:00,0.3535456773444506
2001-03-16 00:00:00,0.3535456773444506
2001-03-19 00:00:00,0.35545136062987875
2001-03-20 00:00:00,0.3577781342944372
2001-03-21 00:00:00,0.35509767768397843
2001-03-22 00:00:00,0.35204803709341215
2001-03-23 00:00:00,0.3536487218438223
2001-03-26 00:00:00,0.3536487218438223
2001-03-27 00:00:00,0.3527644972223963
2001-03-28 00:00:00,0.35180306310413295
2001-03-29 00:00:00,0.35021900497781977
2001-03-30 00:00:00,0.3493665067593988
2001-04-02 00:00:00,0.3493665067593988
2001-04-03 00:00:00,0.3493665067593988
2001-04-04 00:00:00,0.3493665067593988
2001-04-05 00:00:00,0.3493665067593988
2001-04-06 00:00:00,0.3493665067593988
2001-04-09 00:00:00,0.3493665067593988
2001-04-10 00:00:00,0.3493665067593988
2001-04-11 00:00:00,0.3493665067593988
2001-04-12 00:00:00,0.3493665067593988
2001-04-13 00:00:00,0.3493665067593988
2001-04-16 00:00:00,0.3493665067593988
2001-04-17 00:00:00,0.3493665067593988
2001-04-18 00:00:00,0.3493665067593988
2001-04-19 00:00:00,0.3493665067593988
2001-04-20 00:00:00,0.3508204193753233
2001-04-23 00:00:00,0.349826158512592
2001-04-24 00:00:00,0.349826158512592
2001-04-25 00:00:00,0.349826158512592
2001-04-26 00:00:00,0.349826158512592
2001-04-27 00:00:00,0.349826158512592
2001-04-30 00:00:00,0.349826158512592
2001-05-01 00:00:00,0.349826158512592
2001-05-02 00:00:00,0.34948107927745115
2001-05-03 00:00:00,0.34916438000467115
2001-05-04 00:00:00,0.34950093131989474
2001-05-07 00:00:00,0.3494943132076233
2001-05-08 00:00:00,0.3487382983571273
2001-05-09 00:00:00,0.34867955292141395
2001-05-10 00:00:00,0.3483153846028737
2001-05-11 00:00:00,0.34807605046366713
2001-05-14 00:00:00,0.3481147927171499
2001-05-15 00:00:00,0.3486599845894167
2001-05-16 00:00:00,0.3493357076588973
2001-05-17 00:00:00,0.34891489943785764
2001-05-18 00:00:00,0.3483089027953626
2001-05-21 00:00:00,0.3483153846028737
2001-05-22 00:00:00,0.34715413132588224
2001-05-23 00:00:00,0.34659181156667057
2001-05-24 00:00:00,0.3463534336709845
2001-05-25 00:00:00,0.3463722159534816
2001-05-29 00:00:00,0.34602554712169276
2001-05-30 00:00:00,0.34602554712169276
2001-05-31 00:00:00,0.34419545807022384
2001-06-01 00:00:00,0.34399147672136876
2001-06-04 00:00:00,0.34421402659825645
2001-06-05 00:00:00,0.34574138579920427
2001-06-06 00:00:00,0.344028527127083
2001-06-07 00:00:00,0.344632914066694
2001-06-08 00:00:00,0.3445955944679119
2001-06-11 00:00:00,0.343492903828605
2001-06-12 00:00:00,0.34428834206568343
2001-06-13 00:00:00,0.34482911557203866
2001-06-14 00:00:00,0.34623454246826696
2001-06-15 00:00:00,0.34649174578467085
2001-06-18 00:00:00,0.346073000623352
2001-06-19 00:00:00,0.34521350535129164
2001-06-20 00:00:00,0.34462358260542186
2001-06-21 00:00:00,0.3458170684799142
2001-06-22 00:00:00,0.34645359215950217
2001-06-25 00:00:00,0.3471718495508986
2001-06-26 00:00:00,0.3471718495508986
2001-06-27 00:00:00,0.3472391983910665
2001-06-28 00:00:00,0.34402426838915084
2001-06-29 00:00:00,0.34402426838915084
2001-07-02 00:00:00,0.34402426838915084
2001-07-03 00:00:00,0.34402426838915084
2001-07-05 00:00:00,0.34402426838915084
2001-07-06 00:00:00,0.34402426838915084
2001-07-09 00:00:00,0.34392332568550943
2001-07-10 00:00:00,0.34482875282218833
2001-07-11 00:00:00,0.34585087173753376
2001-07-12 00:00:00,0.34518020702114505
2001-07-13 00:00:00,0.34518020702114505
2001-07-16 00:00:00,0.34518020702114505
2001-07-17 00:00:00,0.34518020702114505
2001-07-18 00:00:00,0.34518020702114505
2001-07-19 00:00:00,0.34518020702114505
2001-07-20 00:00:00,0.3446473066284895
2001-07-23 00:00:00,0.345354476826193
2001-07-24 00:00:00,0.3443315272824426
2001-07-25 00:00:00,0.34381396926687946
2001-07-26 00:00:00,0.34447889832598355
2001-07-27 00:00:00,0.3445744394957697
2001-07-30 00:00:00,0.3446917811339222
2001-07-31 00:00:00,0.34481618400217273
2001-08-01 00:00:00,0.3438742299498319
2001-08-02 00:00:00,0.34360695446252804
2001-08-03 00:00:00,0.34308394684306787
2001-08-06 00:00:00,0.34368174916147115
2001-08-07 00:00:00,0.34389714980063657
2001-08-08 00:00:00,0.3436077666005931
2001-08-09 00:00:00,0.3422544667319765
2001-08-10 00:00:00,0.34201884315279196
2001-08-13 00:00:00,0.34175944387576
2001-08-14 00:00:00,0.3411221888354389
2001-08-15 00:00:00,0.3411221888354389
2001-08-16 00:00:00,0.3398702062621036
2001-08-17 00:00:00,0.3393344787521916
2001-08-20 00:00:00,0.34038666698646675
2001-08-21 00:00:00,0.34063396433256926
2001-08-22 00:00:00,0.3385311703988545
2001-08-23 00:00:00,0.3385311703988545
2001-08-24 00:00:00,0.33918593735074104
2001-08-27 00:00:00,0.3394823562134569
2001-08-28 00:00:00,0.33917007448422304
2001-08-29 00:00:00,0.33940901705993004
2001-08-30 00:00:00,0.33844988218015937
2001-08-31 00:00:00,0.3394588374447296
2001-09-04 00:00:00,0.342476437168955
2001-09-05 00:00:00,0.3418042226232304
2001-09-06 00:00:00,0.3418042226232304
2001-09-07 00:00:00,0.3418042226232304
2001-09-10 00:00:00,0.3418042226232304
2001-09-12 00:00:00,0.3418042226232304
2001-09-13 00:00:00,0.3418042226232304
2001-09-14 00:00:00,0.3418042226232304
2001-09-17 00:00:00,0.3418042226232304
2001-09-18 00:00:00,0.3407182137504702
2001-09-19 00:00:00,0.3388580650041211
2001-09-20 00:00:00,0.33949446968771185
2001-09-21 00:00:00,0.3390482048371091
2001-09-24 00:00:00,0.3407216546360769
2001-09-25 00:00:00,0.33940411185611874
2001-09-26 00:00:00,0.3401800960214678
2001-09-27 00:00:00,0.3416788638801355
2001-09-28 00:00:00,0.3421727737208912
2001-10-01 00:00:00,0.34224364734129636
2001-10-02 00:00:00,0.34254444944726475
2001-10-03 00:00:00,0.34183302822742656
2001-10-04 00:00:00,0.34273516495126555
2001-10-05 00:00:00,0.3422863574894382
2001-10-09 00:00:00,0.3421667614142953
2001-10-10 00:00:00,0.3430053409211461
2001-10-11 00:00:00,0.34492756879391706
2001-10-12 00:00:00,0.34340282185029125
2001-10-15 00:00:00,0.34340282185029125
2001-10-16 00:00:00,0.34340282185029125
2001-10-17 00:00:00,0.34340282185029125
2001-10-18 00:00:00,0.34340282185029125
2001-10-19 00:00:00,0.34340282185029125
2001-10-22 00:00:00,0.34340282185029125
2001-10-23 00:00:00,0.34340282185029125
2001-10-24 00:00:00,0.3435392520964729
2001-10-25 00:00:00,0.3435392520964729
2001-10-26 00:00:00,0.3433955242816888
2001-10-29 00:00:00,0.3433955242816888
2001-10-30 00:00:00,0.3433955242816888
2001-10-31 00:00:00,0.3433955242816888
2001-11-01 00:00:00,0.3433955242816888
2001-11-02 00:00:00,0.3433955242816888
2001-11-05 00:00:00,0.3433955242816888
2001-11-06 00:00:00,0.3433955242816888
2001-11-07 00:00:00,0.3433955242816888
2001-11-08 00:00:00,0.3433955242816888
2001-11-09 00:00:00,0.3433955242816888
2001-11-13 00:00:00,0.3433955242816888
2001-11-14 00:00:00,0.3433955242816888
2001-11-15 00:00:00,0.34337855210954116
2001-11-16 00:00:00,0.3439018306727998
2001-11-19 00:00:00,0.3434294869908231
2001-11-20 00:00:00,0.34425200609972534
2001-11-21 00:00:00,0.3437422179601127
2001-11-23 00:00:00,0.3437422179601127
2001-11-26 00:00:00,0.3437422179601127
2001-11-27 00:00:00,0.3437422179601127
2001-11-28 00:00:00,0.3437422179601127
2001-11-29 00:00:00,0.3437422179601127
2001-11-30 00:00:00,0.3437422179601127
2001-12-03 00:00:00,0.3437422179601127
2001-12-04 00:00:00,0.3437422179601127
2001-12-05 00:00:00,0.3437422179601127
2001-12-06 00:00:00,0.3437422179601127
2001-12-07 00:00:00,0.3437422179601127
2001-12-10 00:00:00,0.3437422179601127
2001-12-11 00:00:00,0.3437422179601127
2001-12-12 00:00:00,0.3437422179601127
2001-12-13 00:00:00,0.3437422179601127
2001-12-14 00:00:00,0.3437422179601127
2001-12-17 00:00:00,0.3438425024585447
2001-12-18 00:00:00,0.3438425024585447
2001-12-19 00:00:00,0.34410616628984153
2001-12-20 00:00:00,0.34410616628984153
2001-12-21 00:00:00,0.34410616628984153
2001-12-24 00:00:00,0.34410616628984153
2001-12-26 00:00:00,0.34410616628984153
2001-12-27 00:00:00,0.3469156147273688
2001-12-28 00:00:00,0.3467089943493299
2001-12-31 00:00:00,0.3507196056829286
2002-01-02 00:00:00,0.3544352176768905
2002-01-03 00:00:00,0.35280637803948856
2002-01-04 00:00:00,0.35280637803948856
2002-01-07 00:00:00,0.35280637803948856
2002-01-08 00:00:00,0.35280637803948856
2002-01-09 00:00:00,0.35280637803948856
2002-01-10 00:00:00,0.35280637803948856
2002-01-11 00:00:00,0.35280637803948856
2002-01-14 00:00:00,0.35280637803948856
2002-01-15 00:00:00,0.35280637803948856
2002-01-16 00:00:00,0.35280637803948856
2002-01-17 00:00:00,0.35280637803948856
2002-01-18 00:00:00,0.35280637803948856
2002-01-22 00:00:00,0.35280637803948856
2002-01-23 00:00:00,0.35280637803948856
2002-01-24 00:00:00,0.35280637803948856
2002-01-25 00:00:00,0.35280637803948856
2002-01-28 00:00:00,0.35280637803948856
2002-01-29 00:00:00,0.35280637803948856
2002-01-30 00:00:00,0.35266148835651545
2002-01-31 00:00:00,0.34958089857738545
2002-02-01 00:00:00,0.34958089857738545
2002-02-04 00:00:00,0.3528259360002882
2002-02-05 00:00:00,0.3538862850124281
2002-02-06 00:00:00,0.35434566064791745
2002-02-07 00:00:00,0.35434566064791745
2002-02-08 00:00:00,0.35535208619295294
2002-02-11 00:00:00,0.3567241019697598
2002-02-12 00:00:00,0.35630081617685583
2002-02-13 00:00:00,0.3538862850124281
2002-02-14 00:00:00,0.3531579098301032
2002-02-15 00:00:00,0.3536778714170144
2002-02-19 00:00:00,0.3554572510601305
2002-02-20 00:00:00,0.353282561130708
2002-02-21 00:00:00,0.35353212790138955
2002-02-22 00:00:00,0.3555624781918831
2002-02-25 00:00:00,0.35434566064791745
2002-02-26 00:00:00,0.3533657108950224
2002-02-27 00:00:00,0.3515042585110275
2002-02-28 00:00:00,0.3527430400388197
2002-03-01 00:00:00,0.3520193585381539
2002-03-04 00:00:00,0.3538862850124281
2002-03-05 00:00:00,0.35374036971555073
2002-03-06 00:00:00,0.35706345541714163
2002-03-07 00:00:00,0.3588580818966494
2002-03-08 00:00:00,0.3588580818966494
2002-03-11 00:00:00,0.3586663574252341
2002-03-12 00:00:00,0.3586663574252341
2002-03-13 00:00:00,0.35849488280251923
2002-03-14 00:00:00,0.35849488280251923
2002-03-15 00:00:00,0.35849521749123786
2002-03-18 00:00:00,0.35840858497925204
2002-03-19 00:00:00,0.3586694192821281
2002-03-20 00:00:00,0.3582713498836156
2002-03-21 00:00:00,0.35816989185233056
2002-03-22 00:00:00,0.35865591331023766
2002-03-25 00:00:00,0.3589155262537722
2002-03-26 00:00:00,0.3591238487058091
2002-03-27 00:00:00,0.3598005095635867
2002-03-28 00:00:00,0.36020892393984405
2002-03-29 00:00:00,0.36020892393984405
2002-04-01 00:00:00,0.36020892393984405
2002-04-02 00:00:00,0.36020892393984405
2002-04-03 00:00:00,0.36020892393984405
2002-04-04 00:00:00,0.36020892393984405
2002-04-05 00:00:00,0.36020892393984405
2002-04-08 00:00:00,0.36020892393984405
2002-04-09 00:00:00,0.36020892393984405
2002-04-10 00:00:00,0.36020892393984405
2002-04-11 00:00:00,0.36020892393984405
2002-04-12 00:00:00,0.36020892393984405
2002-04-15 00:00:00,0.36020892393984405
2002-04-16 00:00:00,0.36020892393984405
2002-04-17 00:00:00,0.36020892393984405
2002-04-18 00:00:00,0.36020892393984405
2002-04-19 00:00:00,0.3606350640251969
2002-04-22 00:00:00,0.3612907324075104
2002-04-23 00:00:00,0.3602506514059719
2002-04-24 00:00:00,0.3593596265427663
2002-04-25 00:00:00,0.3566547833081068
2002-04-26 00:00:00,0.3562438565971434
2002-04-29 00:00:00,0.3562438565971434
2002-04-30 00:00:00,0.3562453514763539
2002-05-01 00:00:00,0.3515345124099525
2002-05-02 00:00:00,0.3515345124099525
2002-05-03 00:00:00,0.34747837510367335
2002-05-06 00:00:00,0.34747837510367335
2002-05-07 00:00:00,0.34747837510367335
2002-05-08 00:00:00,0.35117013533412367
2002-05-09 00:00:00,0.34906673110134373
2002-05-10 00:00:00,0.3477671201250193
2002-05-13 00:00:00,0.3485507413967515
2002-05-14 00:00:00,0.3522180566825656
2002-05-15 00:00:00,0.3500424542214218
2002-05-16 00:00:00,0.34870737990253076
2002-05-17 00:00:00,0.344576964397021
2002-05-20 00:00:00,0.344576964397021
2002-05-21 00:00:00,0.34475558690229247
2002-05-22 00:00:00,0.3430772834723376
2002-05-23 00:00:00,0.34409236318331504
2002-05-24 00:00:00,0.34514259888911475
2002-05-28 00:00:00,0.34388731902356967
2002-05-29 00:00:00,0.3440818046793039
2002-05-30 00:00:00,0.3420330442623294
2002-05-31 00:00:00,0.34310156437029893
2002-06-03 00:00:00,0.34226257519168485
2002-06-04 00:00:00,0.3415542077587372
2002-06-05 00:00:00,0.3427467922698215
2002-06-06 00:00:00,0.34149707558437126
2002-06-07 00:00:00,0.3408058468698049
2002-06-10 00:00:00,0.3408058468698049
2002-06-11 00:00:00,0.3408058468698049
2002-06-12 00:00:00,0.3408058468698049
2002-06-13 00:00:00,0.3408058468698049
2002-06-14 00:00:00,0.3408058468698049
2002-06-17 00:00:00,0.3408058468698049
2002-06-18 00:00:00,0.3408058468698049
2002-06-19 00:00:00,0.3408058468698049
2002-06-20 00:00:00,0.3408058468698049
2002-06-21 00:00:00,0.33969134620216723
2002-06-24 00:00:00,0.3384789730158103
2002-06-25 00:00:00,0.33983442817086296
2002-06-26 00:00:00,0.33779606589841393
2002-06-27 00:00:00,0.337174474036199
2002-06-28 00:00:00,0.337174474036199
2002-07-01 00:00:00,0.33642014902406703
2002-07-02 00:00:00,0.3369593487485633
2002-07-03 00:00:00,0.3370202797796524
2002-07-05 00:00:00,0.33853231729345223
2002-07-08 00:00:00,0.33686441528293715
2002-07-09 00:00:00,0.3361274364205563
2002-07-10 00:00:00,0.33679777770495756
2002-07-11 00:00:00,0.3358392032102008
2002-07-12 00:00:00,0.33622222857578915
2002-07-15 00:00:00,0.33362346417923594
2002-07-16 00:00:00,0.33362346417923594
2002-07-17 00:00:00,0.3335413775033535
2002-07-18 00:00:00,0.33353361413489163
2002-07-19 00:00:00,0.3320885107382613
2002-07-22 00:00:00,0.33227983674834044
2002-07-23 00:00:00,0.3344793563358999
2002-07-24 00:00:00,0.3336974851597343
2002-07-25 00:00:00,0.3331032542348601
2002-07-26 00:00:00,0.33479423217403687
2002-07-29 00:00:00,0.3366828157039897
2002-07-30 00:00:00,0.33538674207225555
2002-07-31 00:00:00,0.3361335329255537
2002-08-01 00:00:00,0.3349543535938967
2002-08-02 00:00:00,0.33499202759333
2002-08-05 00:00:00,0.3355451317732788
2002-08-06 00:00:00,0.3387031854791283
2002-08-07 00:00:00,0.3372666655099547
2002-08-08 00:00:00,0.3372666655099547
2002-08-09 00:00:00,0.3372666655099547
2002-08-12 00:00:00,0.3374007897546877
2002-08-13 00:00:00,0.3374007897546877
2002-08-14 00:00:00,0.3374007897546877
2002-08-15 00:00:00,0.3374007897546877
2002-08-16 00:00:00,0.3374007897546877
2002-08-19 00:00:00,0.3374007897546877
2002-08-20 00:00:00,0.3374007897546877
2002-08-21 00:00:00,0.3374007897546877
2002-08-22 00:00:00,0.3374007897546877
2002-08-23 00:00:00,0.3374007897546877
2002-08-26 00:00:00,0.3373957745045638
2002-08-27 00:00:00,0.3373957745045638
2002-08-28 00:00:00,0.3373957745045638
2002-08-29 00:00:00,0.3373957745045638
2002-08-30 00:00:00,0.3373957745045638
2002-09-03 00:00:00,0.3373957745045638
2002-09-04 00:00:00,0.3373957745045638
2002-09-05 00:00:00,0.3373044185886894
2002-09-06 00:00:00,0.3377440407790341
2002-09-09 00:00:00,0.3378285842677459
2002-09-10 00:00:00,0.3378285842677459
2002-09-11 00:00:00,0.3378285842677459
2002-09-12 00:00:00,0.3378285842677459
2002-09-13 00:00:00,0.3378285842677459
2002-09-16 00:00:00,0.3378285842677459
2002-09-17 00:00:00,0.3378285842677459
2002-09-18 00:00:00,0.3378285842677459
2002-09-19 00:00:00,0.33825999822234687
2002-09-20 00:00:00,0.33850909241986754
2002-09-23 00:00:00,0.33850909241986754
2002-09-24 00:00:00,0.33850909241986754
2002-09-25 00:00:00,0.33850909241986754
2002-09-26 00:00:00,0.33850909241986754
2002-09-27 00:00:00,0.33850909241986754
2002-09-30 00:00:00,0.33850909241986754
2002-10-01 00:00:00,0.33850909241986754
2002-10-02 00:00:00,0.33850909241986754
2002-10-03 00:00:00,0.33850909241986754
2002-10-04 00:00:00,0.33850909241986754
2002-10-07 00:00:00,0.33850909241986754
2002-10-08 00:00:00,0.33850909241986754
2002-10-09 00:00:00,0.33850909241986754
2002-10-10 00:00:00,0.33850909241986754
2002-10-11 00:00:00,0.33850909241986754
2002-10-15 00:00:00,0.33850909241986754
2002-10-16 00:00:00,0.33850909241986754
2002-10-17 00:00:00,0.33850909241986754
2002-10-18 00:00:00,0.33850909241986754
2002-10-21 00:00:00,0.33896301774671694
2002-10-22 00:00:00,0.34041241456680243
2002-10-23 00:00:00,0.3405814251081783
2002-10-24 00:00:00,0.33962447126557554
2002-10-25 00:00:00,0.33962447126557554
2002-10-28 00:00:00,0.33962447126557554
2002-10-29 00:00:00,0.33962447126557554
2002-10-30 00:00:00,0.33962447126557554
2002-10-31 00:00:00,0.33962447126557554
2002-11-01 00:00:00,0.33962447126557554
2002-11-04 00:00:00,0.33962447126557554
2002-11-05 00:00:00,0.33809654191522137
2002-11-06 00:00:00,0.33872843980533934
2002-11-07 00:00:00,0.3349219662529325
2002-11-08 00:00:00,0.3349219662529325
2002-11-12 00:00:00,0.3349219662529325
2002-11-13 00:00:00,0.33747603612024696
2002-11-14 00:00:00,0.33832091695641614
2002-11-15 00:00:00,0.33663763543109554
2002-11-18 00:00:00,0.3369159432892113
2002-11-19 00:00:00,0.336255142764426
2002-11-20 00:00:00,0.33901329152425685
2002-11-21 00:00:00,0.34045499765436327
2002-11-22 00:00:00,0.34163968524809496
2002-11-25 00:00:00,0.3430895787389562
2002-11-26 00:00:00,0.3430895787389562
2002-11-27 00:00:00,0.3430895787389562
2002-11-29 00:00:00,0.3430895787389562
2002-12-02 00:00:00,0.3431583709776819
2002-12-03 00:00:00,0.3431583709776819
2002-12-04 00:00:00,0.3431583709776819
2002-12-05 00:00:00,0.3431583709776819
2002-12-06 00:00:00,0.3431583709776819
2002-12-09 00:00:00,0.3431583709776819
2002-12-10 00:00:00,0.3431583709776819
2002-12-11 00:00:00,0.3431583709776819
2002-12-12 00:00:00,0.3431583709776819
2002-12-13 00:00:00,0.3431583709776819
2002-12-16 00:00:00,0.3437750174348072
2002-12-17 00:00:00,0.34078987171352226
2002-12-18 00:00:00,0.34012292997099464
2002-12-19 00:00:00,0.34043934559330846
2002-12-20 00:00:00,0.3388730781912052
2002-12-23 00:00:00,0.3388730781912052
2002-12-24 00:00:00,0.33509458055673297
2002-12-26 00:00:00,0.33509458055673297
2002-12-27 00:00:00,0.332933584231134
2002-12-30 00:00:00,0.332933584231134
2002-12-31 00:00:00,0.33067251199248476
2003-01-02 00:00:00,0.33067251199248476
2003-01-03 00:00:00,0.33011798412446003
2003-01-06 00:00:00,0.329464334179037
2003-01-07 00:00:00,0.33020512504455524
2003-01-08 00:00:00,0.32992154734931034
2003-01-09 00:00:00,0.3296371874336417
2003-01-10 00:00:00,0.3284830435137501
2003-01-13 00:00:00,0.3285829149477945
2003-01-14 00:00:00,0.328183686141897
2003-01-15 00:00:00,0.32801978894097167
2003-01-16 00:00:00,0.3279949542073587
2003-01-17 00:00:00,0.32581608326041533
2003-01-21 00:00:00,0.32581608326041533
2003-01-22 00:00:00,0.3252560272406721
2003-01-23 00:00:00,0.3247780400796839
2003-01-24 00:00:00,0.32426751728286557
2003-01-27 00:00:00,0.32451206722121756
2003-01-28 00:00:00,0.3245626240878424
2003-01-29 00:00:00,0.32408956264608435
2003-01-30 00:00:00,0.32521125140721563
2003-01-31 00:00:00,0.3257184226615938
2003-02-03 00:00:00,0.32521545935665885
2003-02-04 00:00:00,0.3238744974180766
2003-02-05 00:00:00,0.3243242499338514
2003-02-06 00:00:00,0.3243264807933042
2003-02-07 00:00:00,0.32473448845890257
2003-02-10 00:00:00,0.3254549483537769
2003-02-11 00:00:00,0.32538077905516627
2003-02-12 00:00:00,0.32581989628759533
2003-02-13 00:00:00,0.3244634060692072
2003-02-14 00:00:00,0.3250238291721
2003-02-18 00:00:00,0.32622222292742115
2003-02-19 00:00:00,0.3257616322030592
2003-02-20 00:00:00,0.3244432218652918
2003-02-21 00:00:00,0.32499397861646234
2003-02-24 00:00:00,0.3247368688370359
2003-02-25 00:00:00,0.32420784433517585
2003-02-26 00:00:00,0.3243166435878815
2003-02-27 00:00:00,0.3247721765332297
2003-02-28 00:00:00,0.32436944269857526
2003-03-03 00:00:00,0.3234956702212468
2003-03-04 00:00:00,0.322818552837576
2003-03-05 00:00:00,0.32176486143434585
2003-03-06 00:00:00,0.32176486143434585
2003-03-07 00:00:00,0.3219342457348766
2003-03-10 00:00:00,0.3212618628415827
2003-03-11 00:00:00,0.32176270087748887
2003-03-12 00:00:00,0.3217498102712321
2003-03-13 00:00:00,0.32300559512334714
2003-03-14 00:00:00,0.3244020883331496
2003-03-17 00:00:00,0.3254260789077965
2003-03-18 00:00:00,0.3254260789077965
2003-03-19 00:00:00,0.3251156096008487
2003-03-20 00:00:00,0.32528603531381506
2003-03-21 00:00:00,0.32461931295589674
2003-03-24 00:00:00,0.32540529724739115
2003-03-25 00:00:00,0.32562410532507385
2003-03-26 00:00:00,0.3255093257875631
2003-03-27 00:00:00,0.325613655706862
2003-03-28 00:00:00,0.32604987434907334
2003-03-31 00:00:00,0.32702526620380284
2003-04-01 00:00:00,0.32702526620380284
2003-04-02 00:00:00,0.32702526620380284
2003-04-03 00:00:00,0.32702526620380284
2003-04-04 00:00:00,0.32702526620380284
2003-04-07 00:00:00,0.32702526620380284
2003-04-08 00:00:00,0.32702526620380284
2003-04-09 00:00:00,0.32702526620380284
2003-04-10 00:00:00,0.32702526620380284
2003-04-11 00:00:00,0.32702526620380284
2003-04-14 00:00:00,0.32702526620380284
2003-04-15 00:00:00,0.32702526620380284
2003-04-16 00:00:00,0.32702526620380284
2003-04-17 00:00:00,0.32702526620380284
2003-04-18 00:00:00,0.32702526620380284
2003-04-21 00:00:00,0.32702526620380284
2003-04-22 00:00:00,0.32702526620380284
2003-04-23 00:00:00,0.32702526620380284
2003-04-24 00:00:00,0.32702526620380284
2003-04-25 00:00:00,0.32702526620380284
2003-04-28 00:00:00,0.327524574350784
2003-04-29 00:00:00,0.327524574350784
2003-04-30 00:00:00,0.327524574350784
2003-05-01 00:00:00,0.327524574350784
2003-05-02 00:00:00,0.3281656209014349
2003-05-05 00:00:00,0.3277249251694885
2003-05-06 00:00:00,0.3265253271251353
2003-05-07 00:00:00,0.32577501271669973
2003-05-08 00:00:00,0.3247355615085989
2003-05-09 00:00:00,0.3240259496243669
2003-05-12 00:00:00,0.3240259496243669
2003-05-13 00:00:00,0.32550835895361274
2003-05-14 00:00:00,0.3252200876049131
2003-05-15 00:00:00,0.3250541939309573
2003-05-16 00:00:00,0.32382780575238973
2003-05-19 00:00:00,0.3197806132566131
2003-05-20 00:00:00,0.3197806132566131
2003-05-21 00:00:00,0.3189777077273599
2003-05-22 00:00:00,0.31974906203773956
2003-05-23 00:00:00,0.3195209928442349
2003-05-27 00:00:00,0.31781648297871506
2003-05-28 00:00:00,0.3207583002756332
2003-05-29 00:00:00,0.3187921144010167
2003-05-30 00:00:00,0.3213986926331898
2003-06-02 00:00:00,0.32035265511962135
2003-06-03 00:00:00,0.32354894571335635
2003-06-04 00:00:00,0.32357438958617385
2003-06-05 00:00:00,0.32030532829131103
2003-06-06 00:00:00,0.32566908211132567
2003-06-09 00:00:00,0.3235682696837299
2003-06-10 00:00:00,0.3248033032583326
2003-06-11 00:00:00,0.32206614393159855
2003-06-12 00:00:00,0.3229635880514705
2003-06-13 00:00:00,0.3217635990197701
2003-06-16 00:00:00,0.3209525825419426
2003-06-17 00:00:00,0.32181548797653864
2003-06-18 00:00:00,0.3249737216746887
2003-06-19 00:00:00,0.3257905344940087
2003-06-20 00:00:00,0.32658020504057494
2003-06-23 00:00:00,0.32658020504057494
2003-06-24 00:00:00,0.3264492391548139
2003-06-25 00:00:00,0.3264492391548139
2003-06-26 00:00:00,0.3258076043272175
2003-06-27 00:00:00,0.3258076043272175
2003-06-30 00:00:00,0.32575279661834905
2003-07-01 00:00:00,0.32575279661834905
2003-07-02 00:00:00,0.32552383887618697
2003-07-03 00:00:00,0.32552383887618697
2003-07-07 00:00:00,0.32552383887618697
2003-07-08 00:00:00,0.32552383887618697
2003-07-09 00:00:00,0.3261722907068962
2003-07-10 00:00:00,0.32653958632684177
2003-07-11 00:00:00,0.3257885611619144
2003-07-14 00:00:00,0.32580151490990333
2003-07-15 00:00:00,0.3251839648016957
2003-07-16 00:00:00,0.32555603761988844
2003-07-17 00:00:00,0.32547879991317036
2003-07-18 00:00:00,0.32612006550716116
2003-07-21 00:00:00,0.32692319993667057
2003-07-22 00:00:00,0.32644747932679485
2003-07-23 00:00:00,0.3275317391372016
2003-07-24 00:00:00,0.3271496074477096
2003-07-25 00:00:00,0.32773416395386756
2003-07-28 00:00:00,0.3275586769620909
2003-07-29 00:00:00,0.3272833211785208
2003-07-30 00:00:00,0.32632277935030873
2003-07-31 00:00:00,0.3257109178902614
2003-08-01 00:00:00,0.3261526990926519
2003-08-04 00:00:00,0.32722978816113835
2003-08-05 00:00:00,0.32712958450882546
2003-08-06 00:00:00,0.32732351260612536
2003-08-07 00:00:00,0.32743086472949023
2003-08-08 00:00:00,0.3267773053899976
2003-08-11 00:00:00,0.326664892221781
2003-08-12 00:00:00,0.3262049625204017
2003-08-13 00:00:00,0.3262049625204017
2003-08-14 00:00:00,0.32583391580612703
2003-08-15 00:00:00,0.3257885611619144
2003-08-18 00:00:00,0.32448682109512533
2003-08-19 00:00:00,0.32452456305384625
2003-08-20 00:00:00,0.32463798437168234
2003-08-21 00:00:00,0.3236769896656833
2003-08-22 00:00:00,0.32292443459234027
2003-08-25 00:00:00,0.32316773149746036
2003-08-26 00:00:00,0.32347993849530793
2003-08-27 00:00:00,0.32342467901729033
2003-08-28 00:00:00,0.32326543608964464
2003-08-29 00:00:00,0.32400533646705165
2003-09-02 00:00:00,0.32326543608964464
2003-09-03 00:00:00,0.32321655614065725
2003-09-04 00:00:00,0.32326543608964464
2003-09-05 00:00:00,0.32472640418696436
2003-09-08 00:00:00,0.3250309157014063
2003-09-09 00:00:00,0.32513927058975045
2003-09-10 00:00:00,0.3248213377091019
2003-09-11 00:00:00,0.3248847408403671
2003-09-12 00:00:00,0.3255302767534513
2003-09-15 00:00:00,0.3254007995600056
2003-09-16 00:00:00,0.3254007995600056
2003-09-17 00:00:00,0.3254007995600056
2003-09-18 00:00:00,0.3254007995600056
2003-09-19 00:00:00,0.3254007995600056
2003-09-22 00:00:00,0.3254007995600056
2003-09-23 00:00:00,0.32527749524336896
2003-09-24 00:00:00,0.3253820272859071
2003-09-25 00:00:00,0.3247557609673345
2003-09-26 00:00:00,0.3245787799740781
2003-09-29 00:00:00,0.3236091235444563
2003-09-30 00:00:00,0.32280644899826505
2003-10-01 00:00:00,0.32233521434805795
2003-10-02 00:00:00,0.3222671083680153
2003-10-03 00:00:00,0.32389703533363423
2003-10-06 00:00:00,0.32283762197642596
2003-10-07 00:00:00,0.3222499616967419
2003-10-08 00:00:00,0.3221426995119695
2003-10-09 00:00:00,0.3230053050634092
2003-10-10 00:00:00,0.32198401379523006
2003-10-14 00:00:00,0.32198401379523006
2003-10-15 00:00:00,0.32198401379523006
2003-10-16 00:00:00,0.32198401379523006
2003-10-17 00:00:00,0.32198401379523006
2003-10-20 00:00:00,0.32198401379523006
2003-10-21 00:00:00,0.32198401379523006
2003-10-22 00:00:00,0.32198401379523006
2003-10-23 00:00:00,0.32198401379523006
2003-10-24 00:00:00,0.32198401379523006
2003-10-27 00:00:00,0.32198401379523006
2003-10-28 00:00:00,0.3227776675455505
2003-10-29 00:00:00,0.3228099528838415
2003-10-30 00:00:00,0.3225389338447437
2003-10-31 00:00:00,0.3233460782844383
2003-11-03 00:00:00,0.3246889389863309
2003-11-04 00:00:00,0.3245767614335743
2003-11-05 00:00:00,0.3245767614335743
2003-11-06 00:00:00,0.32428766303676687
2003-11-07 00:00:00,0.32428766303676687
2003-11-10 00:00:00,0.3241872769581314
2003-11-12 00:00:00,0.3241872769581314
2003-11-13 00:00:00,0.3241872769581314
2003-11-14 00:00:00,0.3241872769581314
2003-11-17 00:00:00,0.3241872769581314
2003-11-18 00:00:00,0.3241872769581314
2003-11-19 00:00:00,0.3241872769581314
2003-11-20 00:00:00,0.3241872769581314
2003-11-21 00:00:00,0.3241872769581314
2003-11-24 00:00:00,0.3241872769581314
2003-11-25 00:00:00,0.3241872769581314
2003-11-26 00:00:00,0.3241872769581314
2003-11-28 00:00:00,0.3241872769581314
2003-12-01 00:00:00,0.3241872769581314
2003-12-02 00:00:00,0.32327814456739673
2003-12-03 00:00:00,0.32336554148502294
2003-12-04 00:00:00,0.3234882542900268
2003-12-05 00:00:00,0.32239857920530396
2003-12-08 00:00:00,0.32171995038477547
2003-12-09 00:00:00,0.32172209727784956
2003-12-10 00:00:00,0.3216652421071671
2003-12-11 00:00:00,0.32239947327554425
2003-12-12 00:00:00,0.3214402865696345
2003-12-15 00:00:00,0.32148692846712
2003-12-16 00:00:00,0.32118454258259865
2003-12-17 00:00:00,0.3208379843666807
2003-12-18 00:00:00,0.3208379843666807
2003-12-19 00:00:00,0.3209621769293572
2003-12-22 00:00:00,0.32061746316813755
2003-12-23 00:00:00,0.32118325412281773
2003-12-24 00:00:00,0.31959851407803946
2003-12-26 00:00:00,0.32035986787815246
2003-12-29 00:00:00,0.31994527854083693
2003-12-30 00:00:00,0.31937906202482463
2003-12-31 00:00:00,0.3183831183062739
2004-01-02 00:00:00,0.3185111204458522
2004-01-05 00:00:00,0.31756090227421796
2004-01-06 00:00:00,0.31680254578635847
2004-01-07 00:00:00,0.31680254578635847
2004-01-08 00:00:00,0.31593968293746477
2004-01-09 00:00:00,0.3155189157511914
2004-01-12 00:00:00,0.3157460823178071
2004-01-13 00:00:00,0.31598505295599844
2004-01-14 00:00:00,0.3160198302412528
2004-01-15 00:00:00,0.31701237963652634
2004-01-16 00:00:00,0.3184949447134025
2004-01-20 00:00:00,0.31727238656080653
2004-01-21 00:00:00,0.31727238656080653
2004-01-22 00:00:00,0.31727238656080653
2004-01-23 00:00:00,0.31727238656080653
2004-01-26 00:00:00,0.31727238656080653
2004-01-27 00:00:00,0.31727238656080653
2004-01-28 00:00:00,0.31727238656080653
2004-01-29 00:00:00,0.31727238656080653
2004-01-30 00:00:00,0.31727238656080653
2004-02-02 00:00:00,0.3171852241987527
2004-02-03 00:00:00,0.3171852241987527
2004-02-04 00:00:00,0.31713419583022046
2004-02-05 00:00:00,0.31713419583022046
2004-02-06 00:00:00,0.31713419583022046
2004-02-09 00:00:00,0.31713419583022046
2004-02-10 00:00:00,0.31713419583022046
2004-02-11 00:00:00,0.31713419583022046
2004-02-12 00:00:00,0.31713419583022046
2004-02-13 00:00:00,0.31713419583022046
2004-02-17 00:00:00,0.31713419583022046
2004-02-18 00:00:00,0.31713419583022046
2004-02-19 00:00:00,0.3179940424417468
2004-02-20 00:00:00,0.31893628711380934
2004-02-23 00:00:00,0.31893628711380934
2004-02-24 00:00:00,0.31893628711380934
2004-02-25 00:00:00,0.31893628711380934
2004-02-26 00:00:00,0.31893628711380934
2004-02-27 00:00:00,0.31893628711380934
2004-03-01 00:00:00,0.31873329533622274
2004-03-02 00:00:00,0.3164887018868148
2004-03-03 00:00:00,0.31585785941035927
2004-03-04 00:00:00,0.3170071955329572
2004-03-05 00:00:00,0.3185310373022924
2004-03-08 00:00:00,0.3179894439746105
2004-03-09 00:00:00,0.31869806743048373
2004-03-10 00:00:00,0.3170242783468724
2004-03-11 00:00:00,0.31802422695276905
2004-03-12 00:00:00,0.3173240873744549
2004-03-15 00:00:00,0.31801552916777315
2004-03-16 00:00:00,0.3178852254763028
2004-03-17 00:00:00,0.31757373915119574
2004-03-18 00:00:00,0.31989939800022954
2004-03-19 00:00:00,0.3186380270800385
2004-03-22 00:00:00,0.3186380270800385
2004-03-23 00:00:00,0.3186380270800385
2004-03-24 00:00:00,0.3186380270800385
2004-03-25 00:00:00,0.3186380270800385
2004-03-26 00:00:00,0.3186380270800385
2004-03-29 00:00:00,0.3186380270800385
2004-03-30 00:00:00,0.3186380270800385
2004-03-31 00:00:00,0.3186380270800385
2004-04-01 00:00:00,0.3186380270800385
2004-04-02 00:00:00,0.3186380270800385
2004-04-05 00:00:00,0.3186380270800385
2004-04-06 00:00:00,0.3205342533052743
2004-04-07 00:00:00,0.3230806276313204
2004-04-08 00:00:00,0.322112316529347
2004-04-09 00:00:00,0.3222730722365147
2004-04-12 00:00:00,0.3219357744614964
2004-04-13 00:00:00,0.3190113370867683
2004-04-14 00:00:00,0.31952689036047516
2004-04-15 00:00:00,0.3188400660391055
2004-04-16 00:00:00,0.3207876543929995
2004-04-19 00:00:00,0.32085110282153434
2004-04-20 00:00:00,0.3181578625541487
2004-04-21 00:00:00,0.31754164826438314
2004-04-22 00:00:00,0.31729621334020125
2004-04-23 00:00:00,0.31629008259510777
2004-04-26 00:00:00,0.3176799686560222
2004-04-27 00:00:00,0.319903486254706
2004-04-28 00:00:00,0.3179263410340535
2004-04-29 00:00:00,0.32017108616843026
2004-04-30 00:00:00,0.3196522676339498
2004-05-03 00:00:00,0.31924535525922304
2004-05-04 00:00:00,0.32209625474127074
2004-05-05 00:00:00,0.32340972532228246
2004-05-06 00:00:00,0.32340972532228246
2004-05-07 00:00:00,0.32418436460842437
2004-05-10 00:00:00,0.32418436460842437
2004-05-11 00:00:00,0.32418436460842437
2004-05-12 00:00:00,0.32418436460842437
2004-05-13 00:00:00,0.32418436460842437
2004-05-14 00:00:00,0.32418436460842437
2004-05-17 00:00:00,0.32418436460842437
2004-05-18 00:00:00,0.32418436460842437
2004-05-19 00:00:00,0.3238337531628706
2004-05-20 00:00:00,0.3238337531628706
2004-05-21 00:00:00,0.3238337531628706
2004-05-24 00:00:00,0.3238337531628706
2004-05-25 00:00:00,0.3238337531628706
2004-05-26 00:00:00,0.3238337531628706
2004-05-27 00:00:00,0.32081012542160026
2004-05-28 00:00:00,0.3216484704685004
2004-06-01 00:00:00,0.32137464400219296
2004-06-02 00:00:00,0.32077392238606145
2004-06-03 00:00:00,0.3214739040678579
2004-06-04 00:00:00,0.32049287453088743
2004-06-07 00:00:00,0.32049287453088743
2004-06-08 00:00:00,0.3205262606009319
2004-06-09 00:00:00,0.32442189891931833
2004-06-10 00:00:00,0.32226650269504364
2004-06-11 00:00:00,0.32616909001753125
2004-06-14 00:00:00,0.32547461197447397
2004-06-15 00:00:00,0.32379131306651265
2004-06-16 00:00:00,0.32812473194578645
2004-06-17 00:00:00,0.3252938396434223
2004-06-18 00:00:00,0.3221815978109858
2004-06-21 00:00:00,0.32282759425937635
2004-06-22 00:00:00,0.3238512960321976
2004-06-23 00:00:00,0.32449020203767587
2004-06-24 00:00:00,0.3216463123687218
2004-06-25 00:00:00,0.32364396002075135
2004-06-28 00:00:00,0.32306666841233206
2004-06-29 00:00:00,0.3263971586403585
2004-06-30 00:00:00,0.32399392169723096
2004-07-01 00:00:00,0.3236970258118889
2004-07-02 00:00:00,0.31923360084871355
2004-07-06 00:00:00,0.31944949679799045
2004-07-07 00:00:00,0.3172137134447023
2004-07-08 00:00:00,0.3172137134447023
2004-07-09 00:00:00,0.3173378706744853
2004-07-12 00:00:00,0.3171484257448625
2004-07-13 00:00:00,0.31890613342412505
2004-07-14 00:00:00,0.31767295720600003
2004-07-15 00:00:00,0.3182853022742697
2004-07-16 00:00:00,0.3174037498421422
2004-07-19 00:00:00,0.3175634941840622
2004-07-20 00:00:00,0.3187456475044844
2004-07-21 00:00:00,0.3206947233287229
2004-07-22 00:00:00,0.319623069184886
2004-07-23 00:00:00,0.319623069184886
2004-07-26 00:00:00,0.319623069184886
2004-07-27 00:00:00,0.31905697489926527
2004-07-28 00:00:00,0.31905697489926527
2004-07-29 00:00:00,0.3191000617243632
2004-07-30 00:00:00,0.31884224788797294
2004-08-02 00:00:00,0.3189157361248164
2004-08-03 00:00:00,0.3188850992663622
2004-08-04 00:00:00,0.3191370309503533
2004-08-05 00:00:00,0.31903852358416146
2004-08-06 00:00:00,0.3206000857303323
2004-08-09 00:00:00,0.3203596559627351
2004-08-10 00:00:00,0.3203596559627351
2004-08-11 00:00:00,0.3203596559627351
2004-08-12 00:00:00,0.3203596559627351
2004-08-13 00:00:00,0.3203596559627351
2004-08-16 00:00:00,0.3203596559627351
2004-08-17 00:00:00,0.3203596559627351
2004-08-18 00:00:00,0.3203596559627351
2004-08-19 00:00:00,0.3203596559627351
2004-08-20 00:00:00,0.3203596559627351
2004-08-23 00:00:00,0.3203596559627351
2004-08-24 00:00:00,0.3203596559627351
2004-08-25 00:00:00,0.3203596559627351
2004-08-26 00:00:00,0.3203596559627351
2004-08-27 00:00:00,0.3203596559627351
2004-08-30 00:00:00,0.3203596559627351
2004-08-31 00:00:00,0.32246950390838824
2004-09-01 00:00:00,0.3228427725673819
2004-09-02 00:00:00,0.3227890733971517
2004-09-03 00:00:00,0.3227890733971517
2004-09-07 00:00:00,0.3227890733971517
2004-09-08 00:00:00,0.3227890733971517
2004-09-09 00:00:00,0.3227890733971517
2004-09-10 00:00:00,0.3227890733971517
2004-09-13 00:00:00,0.3227890733971517
2004-09-14 00:00:00,0.3227890733971517
2004-09-15 00:00:00,0.3227890733971517
2004-09-16 00:00:00,0.3227890733971517
2004-09-17 00:00:00,0.3227890733971517
2004-09-20 00:00:00,0.3227890733971517
2004-09-21 00:00:00,0.3227890733971517
2004-09-22 00:00:00,0.3227890733971517
2004-09-23 00:00:00,0.3227890733971517
2004-09-24 00:00:00,0.3227890733971517
2004-09-27 00:00:00,0.3227890733971517
2004-09-28 00:00:00,0.3227890733971517
2004-09-29 00:00:00,0.3227890733971517
2004-09-30 00:00:00,0.3227890733971517
2004-10-01 00:00:00,0.3227890733971517
2004-10-04 00:00:00,0.3241574531765625
2004-10-05 00:00:00,0.3237697975328631
2004-10-06 00:00:00,0.3237697975328631
2004-10-07 00:00:00,0.3237697975328631
2004-10-08 00:00:00,0.3237697975328631
2004-10-12 00:00:00,0.3237697975328631
2004-10-13 00:00:00,0.32407780228926675
2004-10-14 00:00:00,0.32407780228926675
2004-10-15 00:00:00,0.32407780228926675
2004-10-18 00:00:00,0.3231449066282114
2004-10-19 00:00:00,0.3231449066282114
2004-10-20 00:00:00,0.3199255451214403
2004-10-21 00:00:00,0.3199255451214403
2004-10-22 00:00:00,0.3199255451214403
2004-10-25 00:00:00,0.3149783881041649
2004-10-26 00:00:00,0.3149783881041649
2004-10-27 00:00:00,0.3149783881041649
2004-10-28 00:00:00,0.3124696183874162
2004-10-29 00:00:00,0.3124696183874162
2004-11-01 00:00:00,0.3134908010962856
2004-11-02 00:00:00,0.31468503623578165
2004-11-03 00:00:00,0.311893569150863
2004-11-04 00:00:00,0.3088784213215257
2004-11-05 00:00:00,0.3088784213215257
2004-11-08 00:00:00,0.3088784213215257
2004-11-09 00:00:00,0.30912225371701335
2004-11-10 00:00:00,0.30868575467886517
2004-11-12 00:00:00,0.30698158784929014
2004-11-15 00:00:00,0.3085191597073307
2004-11-16 00:00:00,0.3073429874180674
2004-11-17 00:00:00,0.3047552989512756
2004-11-18 00:00:00,0.3047552989512756
2004-11-19 00:00:00,0.303708089549839
2004-11-22 00:00:00,0.30408664888169556
2004-11-23 00:00:00,0.303655372578364
2004-11-24 00:00:00,0.3027898235332008
2004-11-26 00:00:00,0.3017066548100375
2004-11-29 00:00:00,0.301823005949311
2004-11-30 00:00:00,0.3020207084236786
2004-12-01 00:00:00,0.30220753748567136
2004-12-02 00:00:00,0.30292796283524703
2004-12-03 00:00:00,0.30169447084743983
2004-12-06 00:00:00,0.30155124445783177
2004-12-07 00:00:00,0.30155124445783177
2004-12-08 00:00:00,0.30155124445783177
2004-12-09 00:00:00,0.30155124445783177
2004-12-10 00:00:00,0.30155124445783177
2004-12-13 00:00:00,0.30155124445783177
2004-12-14 00:00:00,0.30155124445783177
2004-12-15 00:00:00,0.30155124445783177
2004-12-16 00:00:00,0.30155124445783177
2004-12-17 00:00:00,0.30155124445783177
2004-12-20 00:00:00,0.30155124445783177
2004-12-21 00:00:00,0.30155124445783177
2004-12-22 00:00:00,0.30155124445783177
2004-12-23 00:00:00,0.30155124445783177
2004-12-24 00:00:00,0.30155124445783177
2004-12-27 00:00:00,0.30155124445783177
2004-12-28 00:00:00,0.30155124445783177
2004-12-29 00:00:00,0.30170300812631123
2004-12-30 00:00:00,0.3015643308699716
2004-12-31 00:00:00,0.3018987043755822
2005-01-03 00:00:00,0.3021531105661981
2005-01-04 00:00:00,0.30311980159628743
2005-01-05 00:00:00,0.30309554357869173
2005-01-06 00:00:00,0.30309554357869173
2005-01-07 00:00:00,0.3026924454510128
2005-01-10 00:00:00,0.3026924454510128
2005-01-11 00:00:00,0.30281101210581574
2005-01-12 00:00:00,0.30281101210581574
2005-01-13 00:00:00,0.30281101210581574
2005-01-14 00:00:00,0.30281101210581574
2005-01-18 00:00:00,0.30281101210581574
2005-01-19 00:00:00,0.30281101210581574
2005-01-20 00:00:00,0.30281101210581574
2005-01-21 00:00:00,0.30281101210581574
2005-01-24 00:00:00,0.30281101210581574
2005-01-25 00:00:00,0.30281101210581574
2005-01-26 00:00:00,0.30281101210581574
2005-01-27 00:00:00,0.30281101210581574
2005-01-28 00:00:00,0.30281101210581574
2005-01-31 00:00:00,0.30281101210581574
2005-02-01 00:00:00,0.30281101210581574
2005-02-02 00:00:00,0.30281101210581574
2005-02-03 00:00:00,0.30281101210581574
2005-02-04 00:00:00,0.30281101210581574
2005-02-07 00:00:00,0.30010116293992667
2005-02-08 00:00:00,0.30041330752005235
2005-02-09 00:00:00,0.3009577698516001
2005-02-10 00:00:00,0.30234031741220435
2005-02-11 00:00:00,0.30220623349771175
2005-02-14 00:00:00,0.3042363031525832
2005-02-15 00:00:00,0.3048704731849727
2005-02-16 00:00:00,0.30533573247452855
2005-02-17 00:00:00,0.30683183089842575
2005-02-18 00:00:00,0.3068844132783217
2005-02-22 00:00:00,0.31054187681351847
2005-02-23 00:00:00,0.31010032958448075
2005-02-24 00:00:00,0.31010032958448075
2005-02-25 00:00:00,0.31006084604229905
2005-02-28 00:00:00,0.31006084604229905
2005-03-01 00:00:00,0.31006084604229905
2005-03-02 00:00:00,0.31051828651402585
2005-03-03 00:00:00,0.31051828651402585
2005-03-04 00:00:00,0.31051828651402585
2005-03-07 00:00:00,0.31051828651402585
2005-03-08 00:00:00,0.31051828651402585
2005-03-09 00:00:00,0.31051828651402585
2005-03-10 00:00:00,0.31051828651402585
2005-03-11 00:00:00,0.31051828651402585
2005-03-14 00:00:00,0.31051828651402585
2005-03-15 00:00:00,0.3106878234865935
2005-03-16 00:00:00,0.30991169064052343
2005-03-17 00:00:00,0.30991169064052343
2005-03-18 00:00:00,0.30991169064052343
2005-03-21 00:00:00,0.30991169064052343
2005-03-22 00:00:00,0.30991169064052343
2005-03-23 00:00:00,0.30895243703671754
2005-03-24 00:00:00,0.30895243703671754
2005-03-25 00:00:00,0.3088915737816692
2005-03-28 00:00:00,0.30842262139218085
2005-03-29 00:00:00,0.30861869054034186
2005-03-30 00:00:00,0.3091508047511715
2005-03-31 00:00:00,0.3092426501673093
2005-04-01 00:00:00,0.30855827139384634
2005-04-04 00:00:00,0.3080628598416786
2005-04-05 00:00:00,0.3082723732943097
2005-04-06 00:00:00,0.30841509715280485
2005-04-07 00:00:00,0.30878525815987
2005-04-08 00:00:00,0.3089905178321947
2005-04-11 00:00:00,0.3093730806623339
2005-04-12 00:00:00,0.3085686400489055
2005-04-13 00:00:00,0.3085686400489055
2005-04-14 00:00:00,0.3085686400489055
2005-04-15 00:00:00,0.3085686400489055
2005-04-18 00:00:00,0.3085686400489055
2005-04-19 00:00:00,0.3085686400489055
2005-04-20 00:00:00,0.3082827278231867
2005-04-21 00:00:00,0.3082827278231867
2005-04-22 00:00:00,0.3084644339567548
2005-04-25 00:00:00,0.3084644339567548
2005-04-26 00:00:00,0.3084644339567548
2005-04-27 00:00:00,0.3084644339567548
2005-04-28 00:00:00,0.3084644339567548
2005-04-29 00:00:00,0.3084644339567548
2005-05-02 00:00:00,0.3084644339567548
2005-05-03 00:00:00,0.3084644339567548
2005-05-04 00:00:00,0.3084644339567548
2005-05-05 00:00:00,0.3084644339567548
2005-05-06 00:00:00,0.3084644339567548
2005-05-09 00:00:00,0.3084644339567548
2005-05-10 00:00:00,0.3084644339567548
2005-05-11 00:00:00,0.3084644339567548
2005-05-12 00:00:00,0.3084644339567548
2005-05-13 00:00:00,0.3084644339567548
2005-05-16 00:00:00,0.30853016618440304
2005-05-17 00:00:00,0.30882649439116644
2005-05-18 00:00:00,0.30909063197760733
2005-05-19 00:00:00,0.3083330984408505
2005-05-20 00:00:00,0.30670577846419717
2005-05-23 00:00:00,0.30709392421835563
2005-05-24 00:00:00,0.3073860281318152
2005-05-25 00:00:00,0.3078584435440399
2005-05-26 00:00:00,0.3063191401941555
2005-05-27 00:00:00,0.3068834909431471
2005-05-31 00:00:00,0.3048539646042299
2005-06-01 00:00:00,0.3048539646042299
2005-06-02 00:00:00,0.3051282199715247
2005-06-03 00:00:00,0.3045412794436816
2005-06-06 00:00:00,0.30563918266393825
2005-06-07 00:00:00,0.30613250328081915
2005-06-08 00:00:00,0.30629078410764576
2005-06-09 00:00:00,0.30440473035471377
2005-06-10 00:00:00,0.30170812730684143
2005-06-13 00:00:00,0.30170812730684143
2005-06-14 00:00:00,0.30175535775883067
2005-06-15 00:00:00,0.30332230139471444
2005-06-16 00:00:00,0.30256054392770526
2005-06-17 00:00:00,0.3052194165724662
2005-06-20 00:00:00,0.30303619326574593
2005-06-21 00:00:00,0.30351334047605255
2005-06-22 00:00:00,0.3032984384176556
2005-06-23 00:00:00,0.30175535775883067
2005-06-24 00:00:00,0.302394419227141
2005-06-27 00:00:00,0.3037046203503088
2005-06-28 00:00:00,0.30140148938525685
2005-06-29 00:00:00,0.3015193532556562
2005-06-30 00:00:00,0.3005555820321837
2005-07-01 00:00:00,0.29726594346052143
2005-07-05 00:00:00,0.29726594346052143
2005-07-06 00:00:00,0.2972244268604331
2005-07-07 00:00:00,0.29774987384951207
2005-07-08 00:00:00,0.2973990108600303
2005-07-11 00:00:00,0.2985264230082905
2005-07-12 00:00:00,0.2996601706967453
2005-07-13 00:00:00,0.29840753796468017
2005-07-14 00:00:00,0.29841602119522936
2005-07-15 00:00:00,0.29788413402755787
2005-07-18 00:00:00,0.29827198492552937
2005-07-19 00:00:00,0.2972742506025506
2005-07-20 00:00:00,0.2978085719211469
2005-07-21 00:00:00,0.2985179226532119
2005-07-22 00:00:00,0.29797663033333277
2005-07-25 00:00:00,0.2978589350024324
2005-07-26 00:00:00,0.29750736917699416
2005-07-27 00:00:00,0.29768286782657083
2005-07-28 00:00:00,0.2985774528573114
2005-07-29 00:00:00,0.29866260833963243
2005-08-01 00:00:00,0.29943500454547367
2005-08-02 00:00:00,0.29963636418943795
2005-08-03 00:00:00,0.29963636418943795
2005-08-04 00:00:00,0.29951097183799424
2005-08-05 00:00:00,0.29951097183799424
2005-08-08 00:00:00,0.2992928351217936
2005-08-09 00:00:00,0.2992928351217936
2005-08-10 00:00:00,0.299230814999079
2005-08-11 00:00:00,0.299230814999079
2005-08-12 00:00:00,0.299230814999079
2005-08-15 00:00:00,0.2996206602063464
2005-08-16 00:00:00,0.2997405117930598
2005-08-17 00:00:00,0.29989089997066437
2005-08-18 00:00:00,0.300542485575696
2005-08-19 00:00:00,0.30082324403438576
2005-08-22 00:00:00,0.30082324403438576
2005-08-23 00:00:00,0.30082324403438576
2005-08-24 00:00:00,0.30082324403438576
2005-08-25 00:00:00,0.30082324403438576
2005-08-26 00:00:00,0.30082324403438576
2005-08-29 00:00:00,0.30082324403438576
2005-08-30 00:00:00,0.30082324403438576
2005-08-31 00:00:00,0.30082324403438576
2005-09-01 00:00:00,0.30082324403438576
2005-09-02 00:00:00,0.30082324403438576
2005-09-06 00:00:00,0.30082324403438576
2005-09-07 00:00:00,0.301606597898304
2005-09-08 00:00:00,0.3026261981197627
2005-09-09 00:00:00,0.301910400955461
2005-09-12 00:00:00,0.30563618487288285
2005-09-13 00:00:00,0.3069081447481024
2005-09-14 00:00:00,0.30581334692215806
2005-09-15 00:00:00,0.3079895849754459
2005-09-16 00:00:00,0.30873655974617686
2005-09-19 00:00:00,0.30873655974617686
2005-09-20 00:00:00,0.30873655974617686
2005-09-21 00:00:00,0.30873655974617686
2005-09-22 00:00:00,0.30873655974617686
2005-09-23 00:00:00,0.30873655974617686
2005-09-26 00:00:00,0.30873655974617686
2005-09-27 00:00:00,0.3084845424551185
2005-09-28 00:00:00,0.30853170090633525
2005-09-29 00:00:00,0.30850811622425695
2005-09-30 00:00:00,0.3090930761096173
2005-10-03 00:00:00,0.3080542816433885
2005-10-04 00:00:00,0.3080854507487989
2005-10-05 00:00:00,0.30883138800431603
2005-10-06 00:00:00,0.3102427149789591
2005-10-07 00:00:00,0.3098152522955567
2005-10-11 00:00:00,0.3098152522955567
2005-10-12 00:00:00,0.3098152522955567
2005-10-13 00:00:00,0.3098152522955567
2005-10-14 00:00:00,0.3098152522955567
2005-10-17 00:00:00,0.3098152522955567
2005-10-18 00:00:00,0.3098152522955567
2005-10-19 00:00:00,0.3098152522955567
2005-10-20 00:00:00,0.3098152522955567
2005-10-21 00:00:00,0.3098152522955567
2005-10-24 00:00:00,0.3098152522955567
2005-10-25 00:00:00,0.3098152522955567
2005-10-26 00:00:00,0.3098152522955567
2005-10-27 00:00:00,0.30942087854048
2005-10-28 00:00:00,0.30942087854048
2005-10-31 00:00:00,0.31006171348163897
2005-11-01 00:00:00,0.31006171348163897
2005-11-02 00:00:00,0.31006171348163897
2005-11-03 00:00:00,0.31006171348163897
2005-11-04 00:00:00,0.31006171348163897
2005-11-07 00:00:00,0.31006171348163897
2005-11-08 00:00:00,0.30980535741967624
2005-11-09 00:00:00,0.3096470722231366
2005-11-10 00:00:00,0.3098297368718502
2005-11-14 00:00:00,0.30859580271781467
2005-11-15 00:00:00,0.3086558450975365
2005-11-16 00:00:00,0.30796213840827047
2005-11-17 00:00:00,0.30838002621050137
2005-11-18 00:00:00,0.30876403611169784
2005-11-21 00:00:00,0.3087399809046574
2005-11-22 00:00:00,0.3086798747905139
2005-11-23 00:00:00,0.3092951027564786
2005-11-25 00:00:00,0.3086558450975365
2005-11-28 00:00:00,0.30970791399527364
2005-11-29 00:00:00,0.30942842543430105
2005-11-30 00:00:00,0.3092466770926281
2005-12-01 00:00:00,0.30849982945087273
2005-12-02 00:00:00,0.3086438329821087
2005-12-05 00:00:00,0.3100372631617121
2005-12-06 00:00:00,0.3102453294710027
2005-12-07 00:00:00,0.3094162959627193
2005-12-08 00:00:00,0.31109542191399603
2005-12-09 00:00:00,0.3107137217962538
2005-12-12 00:00:00,0.3107137217962538
2005-12-13 00:00:00,0.31124513975158646
2005-12-14 00:00:00,0.3099787136928573
2005-12-15 00:00:00,0.3099787136928573
2005-12-16 00:00:00,0.3100397553124975
2005-12-19 00:00:00,0.31032687030365913
2005-12-20 00:00:00,0.3117557461951943
2005-12-21 00:00:00,0.3117557461951943
2005-12-22 00:00:00,0.3117557461951943
2005-12-23 00:00:00,0.3117557461951943
2005-12-27 00:00:00,0.3117557461951943
2005-12-28 00:00:00,0.3117557461951943
2005-12-29 00:00:00,0.3117557461951943
2005-12-30 00:00:00,0.3117557461951943
2006-01-03 00:00:00,0.3117557461951943
2006-01-04 00:00:00,0.3117557461951943
2006-01-05 00:00:00,0.3117557461951943
2006-01-06 00:00:00,0.3105878647173401
2006-01-09 00:00:00,0.31210050041694865
2006-01-10 00:00:00,0.3122571150425971
2006-01-11 00:00:00,0.3111572575831405
2006-01-12 00:00:00,0.31305451704343823
2006-01-13 00:00:00,0.31213183240587145
2006-01-17 00:00:00,0.312638105833651
2006-01-18 00:00:00,0.31247492580124425
2006-01-19 00:00:00,0.3124484682705818
2006-01-20 00:00:00,0.3124980258695178
2006-01-23 00:00:00,0.3090692239392569
2006-01-24 00:00:00,0.30890049579874324
2006-01-25 00:00:00,0.3095333137247197
2006-01-26 00:00:00,0.3102708039189647
2006-01-27 00:00:00,0.31201530451766635
2006-01-30 00:00:00,0.31300631775932486
2006-01-31 00:00:00,0.3117788691298251
2006-02-01 00:00:00,0.31263570990471173
2006-02-02 00:00:00,0.31268508771367615
2006-02-03 00:00:00,0.31416247475463355
2006-02-06 00:00:00,0.315087098342142
2006-02-07 00:00:00,0.315087098342142
2006-02-08 00:00:00,0.3147790946890488
2006-02-09 00:00:00,0.3147790946890488
2006-02-10 00:00:00,0.3145180275239058
2006-02-13 00:00:00,0.3145180275239058
2006-02-14 00:00:00,0.31435540720190913
2006-02-15 00:00:00,0.3142848807295036
2006-02-16 00:00:00,0.3141441501423024
2006-02-17 00:00:00,0.314172261943056
2006-02-21 00:00:00,0.3144613990770604
2006-02-22 00:00:00,0.3142355761964575
2006-02-23 00:00:00,0.3144543253906538
2006-02-24 00:00:00,0.31392686320659846
2006-02-27 00:00:00,0.3136271547265118
2006-02-28 00:00:00,0.31425670026396796
2006-03-01 00:00:00,0.31387794003730823
2006-03-02 00:00:00,0.31475235426527753
2006-03-03 00:00:00,0.3151168373843468
2006-03-06 00:00:00,0.3150030389075111
2006-03-07 00:00:00,0.3150030389075111
2006-03-08 00:00:00,0.3150030389075111
2006-03-09 00:00:00,0.3150030389075111
2006-03-10 00:00:00,0.3150030389075111
2006-03-13 00:00:00,0.3150030389075111
2006-03-14 00:00:00,0.31626941268769554
2006-03-15 00:00:00,0.3163188861526806
2006-03-16 00:00:00,0.3163188861526806
2006-03-17 00:00:00,0.3160269245471292
2006-03-20 00:00:00,0.3160269245471292
2006-03-21 00:00:00,0.31689355110010775
2006-03-22 00:00:00,0.31689355110010775
2006-03-23 00:00:00,0.31689355110010775
2006-03-24 00:00:00,0.31689355110010775
2006-03-27 00:00:00,0.31689355110010775
2006-03-28 00:00:00,0.31689355110010775
2006-03-29 00:00:00,0.31689355110010775
2006-03-30 00:00:00,0.31689355110010775
2006-03-31 00:00:00,0.31689355110010775
2006-04-03 00:00:00,0.31689355110010775
2006-04-04 00:00:00,0.31689355110010775
2006-04-05 00:00:00,0.31689355110010775
2006-04-06 00:00:00,0.3174021535609125
2006-04-07 00:00:00,0.31841325495647316
2006-04-10 00:00:00,0.31841325495647316
2006-04-11 00:00:00,0.31841325495647316
2006-04-12 00:00:00,0.31841325495647316
2006-04-13 00:00:00,0.31841325495647316
2006-04-14 00:00:00,0.31841325495647316
2006-04-17 00:00:00,0.31841325495647316
2006-04-18 00:00:00,0.31841325495647316
2006-04-19 00:00:00,0.31746603837884857
2006-04-20 00:00:00,0.31868056512548315
2006-04-21 00:00:00,0.318237386887462
2006-04-24 00:00:00,0.3173585827941629
2006-04-25 00:00:00,0.31710219549172913
2006-04-26 00:00:00,0.31688020107306
2006-04-27 00:00:00,0.31574426266048117
2006-04-28 00:00:00,0.31208067372129134
2006-05-01 00:00:00,0.31208067372129134
2006-05-02 00:00:00,0.31208067372129134
2006-05-03 00:00:00,0.31208067372129134
2006-05-04 00:00:00,0.31208067372129134
2006-05-05 00:00:00,0.31208067372129134
2006-05-08 00:00:00,0.31208067372129134
2006-05-09 00:00:00,0.31070952887856185
2006-05-10 00:00:00,0.3096462987554972
2006-05-11 00:00:00,0.3096462987554972
2006-05-12 00:00:00,0.3096462987554972
2006-05-15 00:00:00,0.3113449174874877
2006-05-16 00:00:00,0.3121148611531333
2006-05-17 00:00:00,0.31361032936401817
2006-05-18 00:00:00,0.3122059470743589
2006-05-19 00:00:00,0.3136750920895231
2006-05-22 00:00:00,0.3102847928778205
2006-05-23 00:00:00,0.31113620467965936
2006-05-24 00:00:00,0.31377211266991945
2006-05-25 00:00:00,0.3136540614497049
2006-05-26 00:00:00,0.3156536931871447
2006-05-30 00:00:00,0.31175179777499235
2006-05-31 00:00:00,0.312972583083984
2006-06-01 00:00:00,0.3139084681985684
2006-06-02 00:00:00,0.31101163432958534
2006-06-05 00:00:00,0.3095595838002645
2006-06-06 00:00:00,0.3128006656902277
2006-06-07 00:00:00,0.3141122425978169
2006-06-08 00:00:00,0.31711108064408483
2006-06-09 00:00:00,0.31689730293328006
2006-06-12 00:00:00,0.31744227063810404
2006-06-13 00:00:00,0.31769288200616913
2006-06-14 00:00:00,0.31549562969405687
2006-06-15 00:00:00,0.31549562969405687
2006-06-16 00:00:00,0.31549562969405687
2006-06-19 00:00:00,0.31549562969405687
2006-06-20 00:00:00,0.31549562969405687
2006-06-21 00:00:00,0.315692528258535
2006-06-22 00:00:00,0.315692528258535
2006-06-23 00:00:00,0.315692528258535
2006-06-26 00:00:00,0.315692528258535
2006-06-27 00:00:00,0.31578450011922615
2006-06-28 00:00:00,0.31578450011922615
2006-06-29 00:00:00,0.31578450011922615
2006-06-30 00:00:00,0.31578450011922615
2006-07-03 00:00:00,0.31578450011922615
2006-07-05 00:00:00,0.31578450011922615
2006-07-06 00:00:00,0.31578450011922615
2006-07-07 00:00:00,0.31578450011922615
2006-07-10 00:00:00,0.31578450011922615
2006-07-11 00:00:00,0.3157219763643184
2006-07-12 00:00:00,0.3157219763643184
2006-07-13 00:00:00,0.3157219763643184
2006-07-14 00:00:00,0.3157219763643184
2006-07-17 00:00:00,0.3157219763643184
2006-07-18 00:00:00,0.3157219763643184
2006-07-19 00:00:00,0.3157219763643184
2006-07-20 00:00:00,0.31640617755923733
2006-07-21 00:00:00,0.3170972356965445
2006-07-24 00:00:00,0.3160853006496679
2006-07-25 00:00:00,0.31531688781964223
2006-07-26 00:00:00,0.3158208743731545
2006-07-27 00:00:00,0.3173104001030197
2006-07-28 00:00:00,0.3175055990613213
2006-07-31 00:00:00,0.3175055990613213
2006-08-01 00:00:00,0.3175055990613213
2006-08-02 00:00:00,0.3175055990613213
2006-08-03 00:00:00,0.3175055990613213
2006-08-04 00:00:00,0.3175055990613213
2006-08-07 00:00:00,0.3175055990613213
2006-08-08 00:00:00,0.317858035655968
2006-08-09 00:00:00,0.3175048986670549
2006-08-10 00:00:00,0.3175048986670549
2006-08-11 00:00:00,0.3175048986670549
2006-08-14 00:00:00,0.3175048986670549
2006-08-15 00:00:00,0.3175048986670549
2006-08-16 00:00:00,0.3175048986670549
2006-08-17 00:00:00,0.3175048986670549
2006-08-18 00:00:00,0.3175048986670549
2006-08-21 00:00:00,0.3175048986670549
2006-08-22 00:00:00,0.3175048986670549
2006-08-23 00:00:00,0.3175048986670549
2006-08-24 00:00:00,0.3175048986670549
2006-08-25 00:00:00,0.3175048986670549
2006-08-28 00:00:00,0.3175048986670549
2006-08-29 00:00:00,0.3175048986670549
2006-08-30 00:00:00,0.3175048986670549
2006-08-31 00:00:00,0.3175048986670549
2006-09-01 00:00:00,0.3175048986670549
2006-09-05 00:00:00,0.3175048986670549
2006-09-06 00:00:00,0.3175048986670549
2006-09-07 00:00:00,0.3175048986670549
2006-09-08 00:00:00,0.3175048986670549
2006-09-11 00:00:00,0.3175048986670549
2006-09-12 00:00:00,0.31686759728519387
2006-09-13 00:00:00,0.3166831668035052
2006-09-14 00:00:00,0.31651945157135775
2006-09-15 00:00:00,0.3148735620230162
2006-09-18 00:00:00,0.31566337338262
2006-09-19 00:00:00,0.31625386083304846
2006-09-20 00:00:00,0.316539904513476
2006-09-21 00:00:00,0.31611107890485995
2006-09-22 00:00:00,0.31962440991528374
2006-09-25 00:00:00,0.31879537877962344
2006-09-26 00:00:00,0.31879537877962344
2006-09-27 00:00:00,0.31879537877962344
2006-09-28 00:00:00,0.31879537877962344
2006-09-29 00:00:00,0.31879537877962344
2006-10-02 00:00:00,0.31879537877962344
2006-10-03 00:00:00,0.31879537877962344
2006-10-04 00:00:00,0.31879537877962344
2006-10-05 00:00:00,0.31879537877962344
2006-10-06 00:00:00,0.31879537877962344
2006-10-10 00:00:00,0.31879537877962344
2006-10-11 00:00:00,0.3184236616612992
2006-10-12 00:00:00,0.3184236616612992
2006-10-13 00:00:00,0.3172294330953371
2006-10-16 00:00:00,0.3172294330953371
2006-10-17 00:00:00,0.31898554699938403
2006-10-18 00:00:00,0.3170798083332451
2006-10-19 00:00:00,0.31959212754989397
2006-10-20 00:00:00,0.32045540969311287
2006-10-23 00:00:00,0.3181050663885813
2006-10-24 00:00:00,0.3186579429457427
2006-10-25 00:00:00,0.31890988629089273
2006-10-26 00:00:00,0.320965404774983
2006-10-27 00:00:00,0.32278907184756805
2006-10-30 00:00:00,0.32290068653579945
2006-10-31 00:00:00,0.32290068653579945
2006-11-01 00:00:00,0.32290068653579945
2006-11-02 00:00:00,0.32294720323548504
2006-11-03 00:00:00,0.32294720323548504
2006-11-06 00:00:00,0.3230307253610302
2006-11-07 00:00:00,0.3230307253610302
2006-11-08 00:00:00,0.3230307253610302
2006-11-09 00:00:00,0.3230307253610302
2006-11-10 00:00:00,0.3230307253610302
2006-11-13 00:00:00,0.3230307253610302
2006-11-14 00:00:00,0.32306542941802935
2006-11-15 00:00:00,0.32306542941802935
2006-11-16 00:00:00,0.32306542941802935
2006-11-17 00:00:00,0.32306542941802935
2006-11-20 00:00:00,0.32306542941802935
2006-11-21 00:00:00,0.32306542941802935
2006-11-22 00:00:00,0.32306542941802935
2006-11-24 00:00:00,0.32306542941802935
2006-11-27 00:00:00,0.32306542941802935
2006-11-28 00:00:00,0.32306542941802935
2006-11-29 00:00:00,0.32306542941802935
2006-11-30 00:00:00,0.31938612560482077
2006-12-01 00:00:00,0.31938612560482077
2006-12-04 00:00:00,0.31938612560482077
2006-12-05 00:00:00,0.31938612560482077
2006-12-06 00:00:00,0.3199565989384271
2006-12-07 00:00:00,0.32047166146256867
2006-12-08 00:00:00,0.32272680818647154
2006-12-11 00:00:00,0.32262969135182956
2006-12-12 00:00:00,0.32245369535965884
2006-12-13 00:00:00,0.32330042179503576
2006-12-14 00:00:00,0.32492051150106177
2006-12-15 00:00:00,0.32698387821253405
2006-12-18 00:00:00,0.3278818908198107
2006-12-19 00:00:00,0.3252530446942215
2006-12-20 00:00:00,0.3259556521277353
2006-12-21 00:00:00,0.32583450509047196
2006-12-22 00:00:00,0.3268921005902338
2006-12-26 00:00:00,0.3266949343525271
2006-12-27 00:00:00,0.3280253487614938
2006-12-28 00:00:00,0.32674121817917223
2006-12-29 00:00:00,0.32674121817917223
2007-01-02 00:00:00,0.32674121817917223
2007-01-03 00:00:00,0.32674121817917223
2007-01-04 00:00:00,0.32674121817917223
2007-01-05 00:00:00,0.32674121817917223
2007-01-08 00:00:00,0.3267654923377869
2007-01-09 00:00:00,0.3267654923377869
2007-01-10 00:00:00,0.3265289195864012
2007-01-11 00:00:00,0.3265289195864012
2007-01-12 00:00:00,0.3265103968025253
2007-01-16 00:00:00,0.32654127305630987
2007-01-17 00:00:00,0.32668982412702297
2007-01-18 00:00:00,0.326442556019562
2007-01-19 00:00:00,0.32654745127617524
2007-01-22 00:00:00,0.32651657007466933
2007-01-23 00:00:00,0.327013656838413
2007-01-24 00:00:00,0.3265350958264645
2007-01-25 00:00:00,0.3267953946282774
2007-01-26 00:00:00,0.3262091131466398
2007-01-29 00:00:00,0.32624587839845515
2007-01-30 00:00:00,0.3262336194022792
2007-01-31 00:00:00,0.32660309984516317
2007-02-01 00:00:00,0.3268700888849173
2007-02-02 00:00:00,0.32656599187827207
2007-02-05 00:00:00,0.3265350958264645
2007-02-06 00:00:00,0.3269511706216559
2007-02-07 00:00:00,0.32705119695269697
2007-02-08 00:00:00,0.3265969127043975
2007-02-09 00:00:00,0.32651657007466933
2007-02-12 00:00:00,0.3262213643189651
2007-02-13 00:00:00,0.32648571359988415
2007-02-14 00:00:00,0.32704493774392235
2007-02-15 00:00:00,0.32727720289554385
2007-02-16 00:00:00,0.32738652292115555
2007-02-20 00:00:00,0.32738652292115555
2007-02-21 00:00:00,0.32748136553425095
2007-02-22 00:00:00,0.32748136553425095
2007-02-23 00:00:00,0.32748136553425095
2007-02-26 00:00:00,0.32748136553425095
2007-02-27 00:00:00,0.32679517249188067
2007-02-28 00:00:00,0.32679517249188067
2007-03-01 00:00:00,0.3270633328706553
2007-03-02 00:00:00,0.32663897247213225
2007-03-05 00:00:00,0.32663897247213225
2007-03-06 00:00:00,0.3268165385248064
2007-03-07 00:00:00,0.32654791340923467
2007-03-08 00:00:00,0.32716961339270506
2007-03-09 00:00:00,0.3274884964298643
2007-03-12 00:00:00,0.3274884964298643
2007-03-13 00:00:00,0.3274884964298643
2007-03-14 00:00:00,0.3274884964298643
2007-03-15 00:00:00,0.3274884964298643
2007-03-16 00:00:00,0.3262188168436144
2007-03-19 00:00:00,0.32712322803306515
2007-03-20 00:00:00,0.3273477885129383
2007-03-21 00:00:00,0.3276114869571862
2007-03-22 00:00:00,0.3268826875421377
2007-03-23 00:00:00,0.3279397051283084
2007-03-26 00:00:00,0.3274312844235942
2007-03-27 00:00:00,0.32713958957791445
2007-03-28 00:00:00,0.3274630656579956
2007-03-29 00:00:00,0.3278251101949679
2007-03-30 00:00:00,0.3270185698311454
2007-04-02 00:00:00,0.3272629330118959
2007-04-03 00:00:00,0.3282960631367121
2007-04-04 00:00:00,0.32832155508689137
2007-04-05 00:00:00,0.32734040213740523
2007-04-06 00:00:00,0.3287060667065343
2007-04-09 00:00:00,0.3293760677940408
2007-04-10 00:00:00,0.32762241667924047
2007-04-11 00:00:00,0.32762241667924047
2007-04-12 00:00:00,0.32762241667924047
2007-04-13 00:00:00,0.32762241667924047
2007-04-16 00:00:00,0.32762241667924047
2007-04-17 00:00:00,0.32762241667924047
2007-04-18 00:00:00,0.32762241667924047
2007-04-19 00:00:00,0.32740018841909563
2007-04-20 00:00:00,0.3280345636862631
2007-04-23 00:00:00,0.3281443088087889
2007-04-24 00:00:00,0.32713573912835087
2007-04-25 00:00:00,0.3271060537701635
2007-04-26 00:00:00,0.32817752390638555
2007-04-27 00:00:00,0.32797396622458913
2007-04-30 00:00:00,0.3276653010367328
2007-05-01 00:00:00,0.3291620550026021
2007-05-02 00:00:00,0.32886258246325195
2007-05-03 00:00:00,0.32886258246325195
2007-05-04 00:00:00,0.32886258246325195
2007-05-07 00:00:00,0.32886258246325195
2007-05-08 00:00:00,0.32886258246325195
2007-05-09 00:00:00,0.32886258246325195
2007-05-10 00:00:00,0.32855030902891924
2007-05-11 00:00:00,0.32855030902891924
2007-05-14 00:00:00,0.32842599870195627
2007-05-15 00:00:00,0.32842599870195627
2007-05-16 00:00:00,0.32842599870195627
2007-05-17 00:00:00,0.32842599870195627
2007-05-18 00:00:00,0.32845277183301536
2007-05-21 00:00:00,0.32741184398469036
2007-05-22 00:00:00,0.327571557079317
2007-05-23 00:00:00,0.32847954932949613
2007-05-24 00:00:00,0.3277314260676427
2007-05-25 00:00:00,0.32807834476635445
2007-05-29 00:00:00,0.32952728813900384
2007-05-30 00:00:00,0.32866711412640504
2007-05-31 00:00:00,0.32885489324809003
2007-06-01 00:00:00,0.32759819107859167
2007-06-04 00:00:00,0.32941952024164817
2007-06-05 00:00:00,0.3306088579696069
2007-06-06 00:00:00,0.33080900768623034
2007-06-07 00:00:00,0.33080900768623034
2007-06-08 00:00:00,0.33080900768623034
2007-06-11 00:00:00,0.33080900768623034
2007-06-12 00:00:00,0.3296979537884901
2007-06-13 00:00:00,0.3296979537884901
2007-06-14 00:00:00,0.3296979537884901
2007-06-15 00:00:00,0.33033464117913414
2007-06-18 00:00:00,0.33084043199083557
2007-06-19 00:00:00,0.33102716663233983
2007-06-20 00:00:00,0.3317762179226021
2007-06-21 00:00:00,0.3309737923713543
2007-06-22 00:00:00,0.3333386587020362
2007-06-25 00:00:00,0.33363664531282233
2007-06-26 00:00:00,0.3342070107924356
2007-06-27 00:00:00,0.3340166724086143
2007-06-28 00:00:00,0.33415260626520255
2007-06-29 00:00:00,0.33540840854365017
2007-07-02 00:00:00,0.33885410585282305
2007-07-03 00:00:00,0.33885410585282305
2007-07-05 00:00:00,0.3391747817181411
2007-07-06 00:00:00,0.33915753846799496
2007-07-09 00:00:00,0.33915753846799496
2007-07-10 00:00:00,0.33915753846799496
2007-07-11 00:00:00,0.33915753846799496
2007-07-12 00:00:00,0.3389124615917535
2007-07-13 00:00:00,0.33860388866110425
2007-07-16 00:00:00,0.33856836074183694
2007-07-17 00:00:00,0.3388060141075346
2007-07-18 00:00:00,0.3380968927437859
2007-07-19 00:00:00,0.33862999557161644
2007-07-20 00:00:00,0.3380890056859724
2007-07-23 00:00:00,0.3392508222737437
2007-07-24 00:00:00,0.33915266629359475
2007-07-25 00:00:00,0.3410071800499198
2007-07-26 00:00:00,0.33949970601850327
2007-07-27 00:00:00,0.33958946418471037
2007-07-30 00:00:00,0.3383602824204079
2007-07-31 00:00:00,0.3384719868857867
2007-08-01 00:00:00,0.3382891950649706
2007-08-02 00:00:00,0.3392602380748596
2007-08-03 00:00:00,0.3365648356657997
2007-08-06 00:00:00,0.3351881508075312
2007-08-07 00:00:00,0.3351881508075312
2007-08-08 00:00:00,0.3350278525852464
2007-08-09 00:00:00,0.33540228802401645
2007-08-10 00:00:00,0.3354264149458377
2007-08-13 00:00:00,0.3370206964707721
2007-08-14 00:00:00,0.3376947088890214
2007-08-15 00:00:00,0.33915415467502547
2007-08-16 00:00:00,0.33915415467502547
2007-08-17 00:00:00,0.34011058632542107
2007-08-20 00:00:00,0.34011058632542107
2007-08-21 00:00:00,0.34011058632542107
2007-08-22 00:00:00,0.34011058632542107
2007-08-23 00:00:00,0.34011058632542107
2007-08-24 00:00:00,0.34011058632542107
2007-08-27 00:00:00,0.34011058632542107
2007-08-28 00:00:00,0.34011058632542107
2007-08-29 00:00:00,0.34011058632542107
2007-08-30 00:00:00,0.34011058632542107
2007-08-31 00:00:00,0.34011058632542107
2007-09-03 00:00:00,0.34011058632542107
2007-09-04 00:00:00,0.34011058632542107
2007-09-05 00:00:00,0.34011058632542107
2007-09-06 00:00:00,0.34011058632542107
2007-09-07 00:00:00,0.34011058632542107
2007-09-10 00:00:00,0.34011058632542107
2007-09-11 00:00:00,0.34018526326397414
2007-09-12 00:00:00,0.3397191996589577
2007-09-13 00:00:00,0.34028949234010425
2007-09-14 00:00:00,0.3412594035639116
2007-09-17 00:00:00,0.340348672544679
2007-09-18 00:00:00,0.3407146024507355
2007-09-19 00:00:00,0.3399130874960714
2007-09-20 00:00:00,0.3361869493403088
2007-09-21 00:00:00,0.3361869493403088
2007-09-24 00:00:00,0.3362821821142325
2007-09-25 00:00:00,0.3344932951606014
2007-09-26 00:00:00,0.3344932951606014
2007-09-27 00:00:00,0.3351866689690639
2007-09-28 00:00:00,0.33336585303442845
2007-10-01 00:00:00,0.3336625930914364
2007-10-02 00:00:00,0.33555510072948974
2007-10-03 00:00:00,0.3366950270386223
2007-10-04 00:00:00,0.335573384775453
2007-10-05 00:00:00,0.3357808942630141
2007-10-08 00:00:00,0.33576167051041866
2007-10-09 00:00:00,0.3379370360569972
2007-10-10 00:00:00,0.33707717068730103
2007-10-11 00:00:00,0.33686118223046396
2007-10-12 00:00:00,0.33827020782712786
2007-10-15 00:00:00,0.3367664733562058
2007-10-16 00:00:00,0.33764514890728725
2007-10-17 00:00:00,0.33720564040239287
2007-10-18 00:00:00,0.33381396058055274
2007-10-19 00:00:00,0.334394853404479
2007-10-22 00:00:00,0.33605021834630777
2007-10-23 00:00:00,0.3346129407673792
2007-10-24 00:00:00,0.33456523258716525
2007-10-25 00:00:00,0.33297184821872566
2007-10-26 00:00:00,0.3315822252257449
2007-10-29 00:00:00,0.3315822252257449
2007-10-30 00:00:00,0.3309214703653448
2007-10-31 00:00:00,0.330474831607853
2007-11-01 00:00:00,0.3304972832341798
2007-11-02 00:00:00,0.32967725235142215
2007-11-05 00:00:00,0.32954760440244796
2007-11-06 00:00:00,0.32806198689522176
2007-11-07 00:00:00,0.32806198689522176
2007-11-08 00:00:00,0.32806198689522176
2007-11-09 00:00:00,0.32806198689522176
2007-11-13 00:00:00,0.32806198689522176
2007-11-14 00:00:00,0.3270491826997265
2007-11-15 00:00:00,0.32708896290626804
2007-11-16 00:00:00,0.3253811929177906
2007-11-19 00:00:00,0.3253811929177906
2007-11-20 00:00:00,0.32348625207558235
2007-11-21 00:00:00,0.32153157931908877
2007-11-22 00:00:00,0.32153157931908877
2007-11-23 00:00:00,0.32119232710501566
2007-11-26 00:00:00,0.3205596820444661
2007-11-27 00:00:00,0.3219706278089952
2007-11-28 00:00:00,0.32574053593541347
2007-11-29 00:00:00,0.3254666005136347
2007-11-30 00:00:00,0.3285424300100138
2007-12-03 00:00:00,0.3286353354208563
2007-12-04 00:00:00,0.32526906585864845
2007-12-05 00:00:00,0.32742489249824447
2007-12-06 00:00:00,0.3281618005848447
2007-12-07 00:00:00,0.32870053948116185
2007-12-10 00:00:00,0.32812484293204935
2007-12-11 00:00:00,0.32960633716554805
2007-12-12 00:00:00,0.33027745894841826
2007-12-13 00:00:00,0.33236399925264115
2007-12-14 00:00:00,0.33504759472558543
2007-12-17 00:00:00,0.33504759472558543
2007-12-18 00:00:00,0.33500257225349017
2007-12-19 00:00:00,0.33500257225349017
2007-12-20 00:00:00,0.33498651173461685
2007-12-21 00:00:00,0.33498651173461685
2007-12-24 00:00:00,0.33498651173461685
2007-12-26 00:00:00,0.33498651173461685
2007-12-27 00:00:00,0.33498651173461685
2007-12-28 00:00:00,0.33498651173461685
2007-12-31 00:00:00,0.33498651173461685
2008-01-02 00:00:00,0.33498651173461685
2008-01-03 00:00:00,0.33498651173461685
2008-01-04 00:00:00,0.334413604160098
2008-01-07 00:00:00,0.3353134334873456
2008-01-08 00:00:00,0.3350032671654156
2008-01-09 00:00:00,0.3351026889965581
2008-01-10 00:00:00,0.3344337667000249
2008-01-11 00:00:00,0.3340765914771261
2008-01-14 00:00:00,0.3332588093276641
2008-01-15 00:00:00,0.3331615283265012
2008-01-16 00:00:00,0.3339129466782462
2008-01-17 00:00:00,0.3337839412914881
2008-01-18 00:00:00,0.3339191196635486
2008-01-22 00:00:00,0.33371571518176185
2008-01-23 00:00:00,0.3329761810433155
2008-01-24 00:00:00,0.33272640805854714
2008-01-25 00:00:00,0.33370024328752895
2008-01-28 00:00:00,0.3327921482511842
2008-01-29 00:00:00,0.333307523646198
2008-01-30 00:00:00,0.33319371183110447
2008-01-31 00:00:00,0.33249719166375263
2008-02-01 00:00:00,0.33228770208298464
2008-02-04 00:00:00,0.3328844193871005
2008-02-05 00:00:00,0.3338211591946253
2008-02-06 00:00:00,0.3335844187136268
2008-02-07 00:00:00,0.3341723895939854
2008-02-08 00:00:00,0.33407711627227016
2008-02-11 00:00:00,0.3339487836368601
2008-02-12 00:00:00,0.33380362173917566
2008-02-13 00:00:00,0.33435590374088703
2008-02-14 00:00:00,0.3335845603142661
2008-02-15 00:00:00,0.3335845603142661
2008-02-19 00:00:00,0.3335845603142661
2008-02-20 00:00:00,0.3335845603142661
2008-02-21 00:00:00,0.3335845603142661
2008-02-22 00:00:00,0.3335845603142661
2008-02-25 00:00:00,0.3335845603142661
2008-02-26 00:00:00,0.3335845603142661
2008-02-27 00:00:00,0.3335845603142661
2008-02-28 00:00:00,0.3335845603142661
2008-02-29 00:00:00,0.3303324636918016
2008-03-03 00:00:00,0.3303324636918016
2008-03-04 00:00:00,0.3277577828724556
2008-03-05 00:00:00,0.3277577828724556
2008-03-06 00:00:00,0.32552273391237174
2008-03-07 00:00:00,0.3241519447157053
2008-03-10 00:00:00,0.3241519447157053
2008-03-11 00:00:00,0.32728286780735055
2008-03-12 00:00:00,0.3249078539852066
2008-03-13 00:00:00,0.3216607512103088
2008-03-14 00:00:00,0.3201181646283334
2008-03-17 00:00:00,0.3201181646283334
2008-03-18 00:00:00,0.3201181646283334
2008-03-19 00:00:00,0.3231696228554817
2008-03-20 00:00:00,0.3259894494180743
2008-03-21 00:00:00,0.3253599895605641
2008-03-24 00:00:00,0.32933496599114326
2008-03-25 00:00:00,0.32541075747186343
2008-03-26 00:00:00,0.3216331150686167
2008-03-27 00:00:00,0.3209559855407604
2008-03-28 00:00:00,0.3223432840216571
2008-03-31 00:00:00,0.3206059673144485
2008-04-01 00:00:00,0.3258853421540304
2008-04-02 00:00:00,0.326976319176859
2008-04-03 00:00:00,0.32504395658825797
2008-04-04 00:00:00,0.3242706185711174
2008-04-07 00:00:00,0.32681650084612246
2008-04-08 00:00:00,0.32668957200396903
2008-04-09 00:00:00,0.3232905754641847
2008-04-10 00:00:00,0.3241765559043893
2008-04-11 00:00:00,0.3231726968200192
2008-04-14 00:00:00,0.3219907617161592
2008-04-15 00:00:00,0.3232246223592047
2008-04-16 00:00:00,0.32207190887639653
2008-04-17 00:00:00,0.32336129754740733
2008-04-18 00:00:00,0.32964444352650196
2008-04-21 00:00:00,0.32592932388939094
2008-04-22 00:00:00,0.32592932388939094
2008-04-23 00:00:00,0.32592932388939094
2008-04-24 00:00:00,0.32592932388939094
2008-04-25 00:00:00,0.32592932388939094
2008-04-28 00:00:00,0.32591015897195197
2008-04-29 00:00:00,0.32591015897195197
2008-04-30 00:00:00,0.32564466178152446
2008-05-01 00:00:00,0.32564466178152446
2008-05-02 00:00:00,0.3253597592635847
2008-05-05 00:00:00,0.3253597592635847
2008-05-06 00:00:00,0.32556346326878705
2008-05-07 00:00:00,0.3251953152290218
2008-05-08 00:00:00,0.3254688956387157
2008-05-09 00:00:00,0.32576544565750887
2008-05-12 00:00:00,0.3257233561856351
2008-05-13 00:00:00,0.325544513682666
2008-05-14 00:00:00,0.3252885811971082
2008-05-15 00:00:00,0.32538980581390414
2008-05-16 00:00:00,0.3257042539054863
2008-05-19 00:00:00,0.325337254269174
2008-05-20 00:00:00,0.32598110294239324
2008-05-21 00:00:00,0.3262893224079747
2008-05-22 00:00:00,0.32617158523818657
2008-05-23 00:00:00,0.32617158523818657
2008-05-27 00:00:00,0.32617158523818657
2008-05-28 00:00:00,0.32661982528647837
2008-05-29 00:00:00,0.32661982528647837
2008-05-30 00:00:00,0.32661982528647837
2008-06-02 00:00:00,0.32661982528647837
2008-06-03 00:00:00,0.32661982528647837
2008-06-04 00:00:00,0.32661982528647837
2008-06-05 00:00:00,0.32661982528647837
2008-06-06 00:00:00,0.32661982528647837
2008-06-09 00:00:00,0.32661982528647837
2008-06-10 00:00:00,0.32745275215180464
2008-06-11 00:00:00,0.32745275215180464
2008-06-12 00:00:00,0.32745275215180464
2008-06-13 00:00:00,0.32745275215180464
2008-06-16 00:00:00,0.32745275215180464
2008-06-17 00:00:00,0.32745275215180464
2008-06-18 00:00:00,0.32745275215180464
2008-06-19 00:00:00,0.32745275215180464
2008-06-20 00:00:00,0.32745275215180464
2008-06-23 00:00:00,0.32745275215180464
2008-06-24 00:00:00,0.32745275215180464
2008-06-25 00:00:00,0.32745275215180464
2008-06-26 00:00:00,0.32745275215180464
2008-06-27 00:00:00,0.32745275215180464
2008-06-30 00:00:00,0.32742315541148875
2008-07-01 00:00:00,0.32726117714568986
2008-07-02 00:00:00,0.3269903526820942
2008-07-03 00:00:00,0.3279907004989872
2008-07-07 00:00:00,0.32840599534865744
2008-07-08 00:00:00,0.32840599534865744
2008-07-09 00:00:00,0.32840599534865744
2008-07-10 00:00:00,0.32840599534865744
2008-07-11 00:00:00,0.32840599534865744
2008-07-14 00:00:00,0.32840599534865744
2008-07-15 00:00:00,0.32840599534865744
2008-07-16 00:00:00,0.32840599534865744
2008-07-17 00:00:00,0.3293242400856571
2008-07-18 00:00:00,0.3295016939766625
2008-07-21 00:00:00,0.32949057893839323
2008-07-22 00:00:00,0.3309006020918769
2008-07-23 00:00:00,0.33252723978308013
2008-07-24 00:00:00,0.33278592399795026
2008-07-25 00:00:00,0.33278592399795026
2008-07-28 00:00:00,0.333278303886203
2008-07-29 00:00:00,0.333278303886203
2008-07-30 00:00:00,0.333278303886203
2008-07-31 00:00:00,0.33320842552982094
2008-08-01 00:00:00,0.33333425457933974
2008-08-04 00:00:00,0.3331665304847404
2008-08-05 00:00:00,0.3323888639710372
2008-08-06 00:00:00,0.3316467516988651
2008-08-07 00:00:00,0.33144194912210484
2008-08-08 00:00:00,0.32893201308915304
2008-08-11 00:00:00,0.32893201308915304
2008-08-12 00:00:00,0.32893201308915304
2008-08-13 00:00:00,0.32893201308915304
2008-08-14 00:00:00,0.32714511125692525
2008-08-15 00:00:00,0.32714511125692525
2008-08-18 00:00:00,0.32714511125692525
2008-08-19 00:00:00,0.32810316411317325
2008-08-20 00:00:00,0.3256888875603783
2008-08-21 00:00:00,0.33006658757730106
2008-08-22 00:00:00,0.32681707149176337
2008-08-25 00:00:00,0.32813319369070504
2008-08-26 00:00:00,0.3258072768324831
2008-08-27 00:00:00,0.32565930368468016
2008-08-28 00:00:00,0.32610362691146483
2008-08-29 00:00:00,0.32526561672296594
2008-09-02 00:00:00,0.32526561672296594
2008-09-03 00:00:00,0.32526561672296594
2008-09-04 00:00:00,0.32526561672296594
2008-09-05 00:00:00,0.32526561672296594
2008-09-08 00:00:00,0.32526561672296594
2008-09-09 00:00:00,0.32597383135604874
2008-09-10 00:00:00,0.3245893082634624
2008-09-11 00:00:00,0.32415438388059437
2008-09-12 00:00:00,0.3249016129671476
2008-09-15 00:00:00,0.3266891319315029
2008-09-16 00:00:00,0.32662497496377413
2008-09-17 00:00:00,0.3265096366720039
2008-09-18 00:00:00,0.32938315704268756
2008-09-19 00:00:00,0.3278147098138965
2008-09-22 00:00:00,0.33146405896443715
2008-09-23 00:00:00,0.3317097281636301
2008-09-24 00:00:00,0.3317097281636301
2008-09-25 00:00:00,0.3316865711909673
2008-09-26 00:00:00,0.3316865711909673
2008-09-29 00:00:00,0.3316865711909673
2008-09-30 00:00:00,0.3316865711909673
2008-10-01 00:00:00,0.3316865711909673
2008-10-02 00:00:00,0.3316865711909673
2008-10-03 00:00:00,0.3316865711909673
2008-10-06 00:00:00,0.3316865711909673
2008-10-07 00:00:00,0.3316865711909673
2008-10-08 00:00:00,0.33235180330153513
2008-10-09 00:00:00,0.33214593008891713
2008-10-10 00:00:00,0.3326231814348064
2008-10-14 00:00:00,0.3319571493591304
2008-10-15 00:00:00,0.33196237709194526
2008-10-16 00:00:00,0.3320356622295643
2008-10-17 00:00:00,0.3319989970398904
2008-10-20 00:00:00,0.3311120905050941
2008-10-21 00:00:00,0.33075868269606057
2008-10-22 00:00:00,0.3303847418725314
2008-10-23 00:00:00,0.3305387190699462
2008-10-24 00:00:00,0.3310359988891869
2008-10-27 00:00:00,0.33075868269606057
2008-10-28 00:00:00,0.3306035348244212
2008-10-29 00:00:00,0.33183195961711903
2008-10-30 00:00:00,0.33142358366295
2008-10-31 00:00:00,0.3303204142662758
2008-11-03 00:00:00,0.33026116202271005
2008-11-04 00:00:00,0.33052876027984934
2008-11-05 00:00:00,0.3306334987613413
2008-11-06 00:00:00,0.32994719491946894
2008-11-07 00:00:00,0.3298692370559166
2008-11-10 00:00:00,0.32975754351238973
2008-11-12 00:00:00,0.3297284777359671
2008-11-13 00:00:00,0.3287528659891337
2008-11-14 00:00:00,0.32934374186473553
2008-11-17 00:00:00,0.32894531140481326
2008-11-18 00:00:00,0.3288418841830045
2008-11-19 00:00:00,0.3282344644242945
2008-11-20 00:00:00,0.3282344644242945
2008-11-21 00:00:00,0.32756316827826215
2008-11-24 00:00:00,0.3321640162813937
2008-11-25 00:00:00,0.3340165039876961
2008-11-26 00:00:00,0.3304985322601838
2008-11-28 00:00:00,0.32877467985801406
2008-12-01 00:00:00,0.33029220863516473
2008-12-02 00:00:00,0.33053295944328953
2008-12-03 00:00:00,0.3291647185044397
2008-12-04 00:00:00,0.3321115655691729
2008-12-05 00:00:00,0.3275464420993662
2008-12-08 00:00:00,0.3309815539913821
2008-12-09 00:00:00,0.33053295944328953
2008-12-10 00:00:00,0.3324968157358509
2008-12-11 00:00:00,0.33385643535415965
2008-12-12 00:00:00,0.3352158034937634
2008-12-15 00:00:00,0.3389900578668566
2008-12-16 00:00:00,0.34241489577657475
2008-12-17 00:00:00,0.34241489577657475
2008-12-18 00:00:00,0.3416188825010556
2008-12-19 00:00:00,0.344919697995101
2008-12-22 00:00:00,0.34337480483918786
2008-12-23 00:00:00,0.34243020849619416
2008-12-24 00:00:00,0.34172759044338213
2008-12-26 00:00:00,0.340807051031636
2008-12-29 00:00:00,0.33768973430956595
2008-12-30 00:00:00,0.33768973430956595
2008-12-31 00:00:00,0.33974421063310495
2009-01-02 00:00:00,0.3399636052544453
2009-01-05 00:00:00,0.34723352394021184
2009-01-06 00:00:00,0.3496114810652765
2009-01-07 00:00:00,0.3447423553889775
2009-01-08 00:00:00,0.3444360940302587
2009-01-09 00:00:00,0.34752556732199885
2009-01-12 00:00:00,0.3482785184030978
2009-01-13 00:00:00,0.3495516918332885
2009-01-14 00:00:00,0.34896086294987155
2009-01-15 00:00:00,0.349876951619797
2009-01-16 00:00:00,0.3489017543036516
2009-01-20 00:00:00,0.3532775945991088
2009-01-21 00:00:00,0.35389050449747456
2009-01-22 00:00:00,0.35389050449747456
2009-01-23 00:00:00,0.35366682683137995
2009-01-26 00:00:00,0.35366682683137995
2009-01-27 00:00:00,0.3537707557432948
2009-01-28 00:00:00,0.3537707557432948
2009-01-29 00:00:00,0.3537707557432948
2009-01-30 00:00:00,0.3537707557432948
2009-02-02 00:00:00,0.3537707557432948
2009-02-03 00:00:00,0.3537707557432948
2009-02-04 00:00:00,0.3537707557432948
2009-02-05 00:00:00,0.3537707557432948
2009-02-06 00:00:00,0.3537707557432948
2009-02-09 00:00:00,0.3537707557432948
2009-02-10 00:00:00,0.3537707557432948
2009-02-11 00:00:00,0.3537707557432948
2009-02-12 00:00:00,0.3537707557432948
2009-02-13 00:00:00,0.3537707557432948
2009-02-17 00:00:00,0.3537707557432948
2009-02-18 00:00:00,0.3537707557432948
2009-02-19 00:00:00,0.3539858275488731
2009-02-20 00:00:00,0.3541726956392197
2009-02-23 00:00:00,0.3543211171670226
2009-02-24 00:00:00,0.35419593047543607
2009-02-25 00:00:00,0.35419593047543607
2009-02-26 00:00:00,0.35419593047543607
2009-02-27 00:00:00,0.35419593047543607
2009-03-02 00:00:00,0.35419593047543607
2009-03-03 00:00:00,0.35419593047543607
2009-03-04 00:00:00,0.35419593047543607
2009-03-05 00:00:00,0.35419593047543607
2009-03-06 00:00:00,0.35419593047543607
2009-03-09 00:00:00,0.35419593047543607
2009-03-10 00:00:00,0.35396271594346024
2009-03-11 00:00:00,0.35396271594346024
2009-03-12 00:00:00,0.3547048946249923
2009-03-13 00:00:00,0.3547048946249923
2009-03-16 00:00:00,0.35501847852172713
2009-03-17 00:00:00,0.35498232916915795
2009-03-18 00:00:00,0.35581413343374324
2009-03-19 00:00:00,0.3584859821571733
2009-03-20 00:00:00,0.3581290714460755
2009-03-23 00:00:00,0.3581290714460755
2009-03-24 00:00:00,0.3580959604052515
2009-03-25 00:00:00,0.3580959604052515
2009-03-26 00:00:00,0.35823174156549975
2009-03-27 00:00:00,0.3589014030605263
2009-03-30 00:00:00,0.3592755986361313
2009-03-31 00:00:00,0.3592755986361313
2009-04-01 00:00:00,0.3592755986361313
2009-04-02 00:00:00,0.3592755986361313
2009-04-03 00:00:00,0.3592755986361313
2009-04-06 00:00:00,0.3592755986361313
2009-04-07 00:00:00,0.3592755986361313
2009-04-08 00:00:00,0.3592755986361313
2009-04-09 00:00:00,0.3592755986361313
2009-04-10 00:00:00,0.3592755986361313
2009-04-13 00:00:00,0.3592755986361313
2009-04-14 00:00:00,0.3592755986361313
2009-04-15 00:00:00,0.3592755986361313
2009-04-16 00:00:00,0.3592755986361313
2009-04-17 00:00:00,0.3592755986361313
2009-04-20 00:00:00,0.3592755986361313
2009-04-21 00:00:00,0.35986088395939236
2009-04-22 00:00:00,0.36006063299979574
2009-04-23 00:00:00,0.3605586219622259
2009-04-24 00:00:00,0.3605586219622259
2009-04-27 00:00:00,0.3605586219622259
2009-04-28 00:00:00,0.3605586219622259
2009-04-29 00:00:00,0.3605586219622259
2009-04-30 00:00:00,0.3605586219622259
2009-05-01 00:00:00,0.3605586219622259
2009-05-04 00:00:00,0.3605586219622259
2009-05-05 00:00:00,0.3605586219622259
2009-05-06 00:00:00,0.3607615128098591
2009-05-07 00:00:00,0.3602895168224997
2009-05-08 00:00:00,0.359264707502239
2009-05-11 00:00:00,0.3574165782106345
2009-05-12 00:00:00,0.35720081747745813
2009-05-13 00:00:00,0.3573165911922482
2009-05-14 00:00:00,0.35729418872537744
2009-05-15 00:00:00,0.35827347453833747
2009-05-18 00:00:00,0.35892991202371105
2009-05-19 00:00:00,0.3581061886377303
2009-05-20 00:00:00,0.3566883691457773
2009-05-21 00:00:00,0.3566883691457773
2009-05-22 00:00:00,0.3566883691457773
2009-05-26 00:00:00,0.3566883691457773
2009-05-27 00:00:00,0.3575874236615685
2009-05-28 00:00:00,0.356811924998779
2009-05-29 00:00:00,0.3518160617924712
2009-06-01 00:00:00,0.3518160617924712
2009-06-02 00:00:00,0.34967646861235546
2009-06-03 00:00:00,0.3516439061816043
2009-06-04 00:00:00,0.35145890187905027
2009-06-05 00:00:00,0.3570519772141781
2009-06-08 00:00:00,0.3594730099564507
2009-06-09 00:00:00,0.3560509972748486
2009-06-10 00:00:00,0.35583803028505007
2009-06-11 00:00:00,0.3527372221249877
2009-06-12 00:00:00,0.35385828768866756
2009-06-15 00:00:00,0.35978068273642794
2009-06-16 00:00:00,0.3569423686057852
2009-06-17 00:00:00,0.35746400254147026
2009-06-18 00:00:00,0.3560699219512374
2009-06-19 00:00:00,0.3543088537623885
2009-06-22 00:00:00,0.35756239080174823
2009-06-23 00:00:00,0.35211686445165535
2009-06-24 00:00:00,0.35646953632619116
2009-06-25 00:00:00,0.3601833156758769
2009-06-26 00:00:00,0.3568763585702591
2009-06-29 00:00:00,0.3566326531114322
2009-06-30 00:00:00,0.3571865307438433
2009-07-01 00:00:00,0.35242143408613713
2009-07-02 00:00:00,0.35615618342237
2009-07-03 00:00:00,0.3569984601215882
2009-07-06 00:00:00,0.35742377520127644
2009-07-07 00:00:00,0.35679862363050163
2009-07-08 00:00:00,0.35883919410480974
2009-07-09 00:00:00,0.35392023854930516
2009-07-10 00:00:00,0.35392023854930516
2009-07-13 00:00:00,0.35392023854930516
2009-07-14 00:00:00,0.35392023854930516
2009-07-15 00:00:00,0.35392023854930516
2009-07-16 00:00:00,0.35392023854930516
2009-07-17 00:00:00,0.35392023854930516
2009-07-20 00:00:00,0.35392023854930516
2009-07-21 00:00:00,0.35392023854930516
2009-07-22 00:00:00,0.3537401346731934
2009-07-23 00:00:00,0.3538116912307096
2009-07-24 00:00:00,0.3541337790171388
2009-07-27 00:00:00,0.3543964207135223
2009-07-28 00:00:00,0.35415076618531066
2009-07-29 00:00:00,0.3558276955566288
2009-07-30 00:00:00,0.35590229784886884
2009-07-31 00:00:00,0.35590229784886884
2009-08-03 00:00:00,0.35590229784886884
2009-08-04 00:00:00,0.35590229784886884
2009-08-05 00:00:00,0.35643711703090886
2009-08-06 00:00:00,0.3570346688086007
2009-08-07 00:00:00,0.36062059690117343
2009-08-10 00:00:00,0.36114730609947904
2009-08-11 00:00:00,0.36114730609947904
2009-08-12 00:00:00,0.36114730609947904
2009-08-13 00:00:00,0.36114730609947904
2009-08-14 00:00:00,0.36114730609947904
2009-08-17 00:00:00,0.36114730609947904
2009-08-18 00:00:00,0.36114730609947904
2009-08-19 00:00:00,0.36114730609947904
2009-08-20 00:00:00,0.36114730609947904
2009-08-21 00:00:00,0.36114730609947904
2009-08-24 00:00:00,0.36114730609947904
2009-08-25 00:00:00,0.36114730609947904
2009-08-26 00:00:00,0.36114730609947904
2009-08-27 00:00:00,0.36114730609947904
2009-08-28 00:00:00,0.36114730609947904
2009-08-31 00:00:00,0.36114730609947904
2009-09-01 00:00:00,0.36114730609947904
2009-09-02 00:00:00,0.36114730609947904
2009-09-03 00:00:00,0.36114730609947904
2009-09-04 00:00:00,0.36114730609947904
2009-09-08 00:00:00,0.36114730609947904
2009-09-09 00:00:00,0.36114730609947904
2009-09-10 00:00:00,0.36114730609947904
2009-09-11 00:00:00,0.36021743623530145
2009-09-14 00:00:00,0.36021743623530145
2009-09-15 00:00:00,0.36071758057921777
2009-09-16 00:00:00,0.3589867563486563
2009-09-17 00:00:00,0.3589867563486563
2009-09-18 00:00:00,0.3590707552833095
2009-09-21 00:00:00,0.359884976145477
2009-09-22 00:00:00,0.3569585846246301
2009-09-23 00:00:00,0.3569585846246301
2009-09-24 00:00:00,0.35755537313941427
2009-09-25 00:00:00,0.3574758215147907
2009-09-28 00:00:00,0.3581927347760668
2009-09-29 00:00:00,0.3607205855508151
2009-09-30 00:00:00,0.3604014863198393
2009-10-01 00:00:00,0.3618523875645395
2009-10-02 00:00:00,0.3594588619109955
2009-10-05 00:00:00,0.35874230299978876
2009-10-06 00:00:00,0.35645586091662873
2009-10-07 00:00:00,0.3590403776754152
2009-10-08 00:00:00,0.3570973001360692
2009-10-09 00:00:00,0.3584869445808557
2009-10-13 00:00:00,0.35582649940779876
2009-10-14 00:00:00,0.35400110485459774
2009-10-15 00:00:00,0.35275599227558674
2009-10-16 00:00:00,0.35275599227558674
2009-10-19 00:00:00,0.3519617790791282
2009-10-20 00:00:00,0.35214451101106653
2009-10-21 00:00:00,0.35104019039318923
2009-10-22 00:00:00,0.3511013347480253
2009-10-23 00:00:00,0.3511072411428156
2009-10-26 00:00:00,0.35200407581976967
2009-10-27 00:00:00,0.3531039572811451
2009-10-28 00:00:00,0.35328342216182856
2009-10-29 00:00:00,0.35276578976807077
2009-10-30 00:00:00,0.3533477758333532
2009-11-02 00:00:00,0.3525207303388748
2009-11-03 00:00:00,0.35423371409213095
2009-11-04 00:00:00,0.352544751818231
2009-11-05 00:00:00,0.352544751818231
2009-11-06 00:00:00,0.352544751818231
2009-11-09 00:00:00,0.352544751818231
2009-11-10 00:00:00,0.352544751818231
2009-11-12 00:00:00,0.352544751818231
2009-11-13 00:00:00,0.352544751818231
2009-11-16 00:00:00,0.352544751818231
2009-11-17 00:00:00,0.352544751818231
2009-11-18 00:00:00,0.352544751818231
2009-11-19 00:00:00,0.352544751818231
2009-11-20 00:00:00,0.352544751818231
2009-11-23 00:00:00,0.352544751818231
2009-11-24 00:00:00,0.352544751818231
2009-11-25 00:00:00,0.352544751818231
2009-11-27 00:00:00,0.352544751818231
2009-11-30 00:00:00,0.3523435863271515
2009-12-01 00:00:00,0.3513494354968937
2009-12-02 00:00:00,0.35167085375553375
2009-12-03 00:00:00,0.35149748992948593
2009-12-04 00:00:00,0.35357435541619636
2009-12-07 00:00:00,0.35447894512389017
2009-12-08 00:00:00,0.35508536609418667
2009-12-09 00:00:00,0.35508536609418667
2009-12-10 00:00:00,0.354981819898354
2009-12-11 00:00:00,0.35387880194619326
2009-12-14 00:00:00,0.354325486401801
2009-12-15 00:00:00,0.3530572055342468
2009-12-16 00:00:00,0.35389152245461936
2009-12-17 00:00:00,0.3521837951078033
2009-12-18 00:00:00,0.35266896621942206
2009-12-21 00:00:00,0.35280646466969307
2009-12-22 00:00:00,0.35224579484932234
2009-12-23 00:00:00,0.35357424503347135
2009-12-24 00:00:00,0.353713658611081
2009-12-28 00:00:00,0.35406986789448486
2009-12-29 00:00:00,0.3537644278233983
2009-12-30 00:00:00,0.3534351266246335
2009-12-31 00:00:00,0.35385336829785335
2010-01-04 00:00:00,0.35467214696412963
2010-01-05 00:00:00,0.3543126819502211
2010-01-06 00:00:00,0.35482680272344125
2010-01-07 00:00:00,0.35406986789448486
2010-01-08 00:00:00,0.3546464060531409
2010-01-11 00:00:00,0.3564992091433518
2010-01-12 00:00:00,0.35637999551786126
2010-01-13 00:00:00,0.35637999551786126
2010-01-14 00:00:00,0.3564598183099391
2010-01-15 00:00:00,0.3564598183099391
2010-01-19 00:00:00,0.3564598183099391
2010-01-20 00:00:00,0.3564598183099391
2010-01-21 00:00:00,0.3564598183099391
2010-01-22 00:00:00,0.3564598183099391
2010-01-25 00:00:00,0.3564598183099391
2010-01-26 00:00:00,0.3564598183099391
2010-01-27 00:00:00,0.3564598183099391
2010-01-28 00:00:00,0.35565520328010586
2010-01-29 00:00:00,0.35494574848192767
2010-02-01 00:00:00,0.3544347463393319
2010-02-02 00:00:00,0.35494574848192767
2010-02-03 00:00:00,0.3543644829207603
2010-02-04 00:00:00,0.3532300963490813
2010-02-05 00:00:00,0.3510475664115765
2010-02-08 00:00:00,0.3510475664115765
2010-02-09 00:00:00,0.3522124727615712
2010-02-10 00:00:00,0.3513429499090218
2010-02-11 00:00:00,0.34997803463190863
2010-02-12 00:00:00,0.3495613761815118
2010-02-16 00:00:00,0.35136407836066946
2010-02-17 00:00:00,0.34954058388783416
2010-02-18 00:00:00,0.34875332830861633
2010-02-19 00:00:00,0.3483823470939026
2010-02-22 00:00:00,0.3494366803205701
2010-02-23 00:00:00,0.34850587032697694
2010-02-24 00:00:00,0.3493121232805146
2010-02-25 00:00:00,0.3476849607212809
2010-02-26 00:00:00,0.35073194096780264
2010-03-01 00:00:00,0.34832063681703
2010-03-02 00:00:00,0.3490841284872229
2010-03-03 00:00:00,0.3519785291205734
2010-03-04 00:00:00,0.3492913772540378
2010-03-05 00:00:00,0.34989457892480375
2010-03-08 00:00:00,0.35004066719243665
2010-03-09 00:00:00,0.3496029723576977
2010-03-10 00:00:00,0.3509212100621741
2010-03-11 00:00:00,0.351195161440097
2010-03-12 00:00:00,0.3531101787362701
2010-03-15 00:00:00,0.35227266907838584
2010-03-16 00:00:00,0.35227266907838584
2010-03-17 00:00:00,0.3522232065889302
2010-03-18 00:00:00,0.3522232065889302
2010-03-19 00:00:00,0.35212835205135967
2010-03-22 00:00:00,0.35212835205135967
2010-03-23 00:00:00,0.35212835205135967
2010-03-24 00:00:00,0.35212835205135967
2010-03-25 00:00:00,0.35212835205135967
2010-03-26 00:00:00,0.35212835205135967
2010-03-29 00:00:00,0.35212835205135967
2010-03-30 00:00:00,0.35212835205135967
2010-03-31 00:00:00,0.35212835205135967
2010-04-01 00:00:00,0.35212835205135967
2010-04-02 00:00:00,0.352575530263897
2010-04-05 00:00:00,0.352575530263897
2010-04-06 00:00:00,0.352575530263897
2010-04-07 00:00:00,0.352575530263897
2010-04-08 00:00:00,0.352575530263897
2010-04-09 00:00:00,0.35303166030912747
2010-04-12 00:00:00,0.3536726679664039
2010-04-13 00:00:00,0.3536726679664039
2010-04-14 00:00:00,0.3536726679664039
2010-04-15 00:00:00,0.3536726679664039
2010-04-16 00:00:00,0.35402772468210897
2010-04-19 00:00:00,0.35430372093178814
2010-04-20 00:00:00,0.35430372093178814
2010-04-21 00:00:00,0.35430372093178814
2010-04-22 00:00:00,0.35430372093178814
2010-04-23 00:00:00,0.35430372093178814
2010-04-26 00:00:00,0.35412543792165685
2010-04-27 00:00:00,0.35264085060285477
2010-04-28 00:00:00,0.3513692397793936
2010-04-29 00:00:00,0.3528691010699693
2010-04-30 00:00:00,0.3538763980657103
2010-05-03 00:00:00,0.35209876462894774
2010-05-04 00:00:00,0.3499887512683419
2010-05-05 00:00:00,0.3499887512683419
2010-05-06 00:00:00,0.3499887512683419
2010-05-07 00:00:00,0.3499887512683419
2010-05-10 00:00:00,0.3504946524355922
2010-05-11 00:00:00,0.35081158403197116
2010-05-12 00:00:00,0.3493793117981462
2010-05-13 00:00:00,0.3493793117981462
2010-05-14 00:00:00,0.3493793117981462
2010-05-17 00:00:00,0.3493793117981462
2010-05-18 00:00:00,0.3493793117981462
2010-05-19 00:00:00,0.3425672853429682
2010-05-20 00:00:00,0.3425672853429682
2010-05-21 00:00:00,0.34301469581577126
2010-05-24 00:00:00,0.34065700677522526
2010-05-25 00:00:00,0.34065700677522526
2010-05-26 00:00:00,0.3403927494867426
2010-05-27 00:00:00,0.3434118851778423
2010-05-28 00:00:00,0.34239957339562915
2010-06-01 00:00:00,0.34198447173061886
2010-06-02 00:00:00,0.34118675417237027
2010-06-03 00:00:00,0.34222154935400234
2010-06-04 00:00:00,0.34004104352894665
2010-06-07 00:00:00,0.3400703245970194
2010-06-08 00:00:00,0.34311352559037245
2010-06-09 00:00:00,0.3447609497638749
2010-06-10 00:00:00,0.34587814674594386
2010-06-11 00:00:00,0.34278592826535775
2010-06-14 00:00:00,0.3470941008564938
2010-06-15 00:00:00,0.3491809619403348
2010-06-16 00:00:00,0.3505135954153889
2010-06-17 00:00:00,0.35460507134283803
2010-06-18 00:00:00,0.3554606623150185
2010-06-21 00:00:00,0.3554606623150185
2010-06-22 00:00:00,0.3553480789579019
2010-06-23 00:00:00,0.3553480789579019
2010-06-24 00:00:00,0.3553191270057991
2010-06-25 00:00:00,0.3553191270057991
2010-06-28 00:00:00,0.35500185029922987
2010-06-29 00:00:00,0.35500185029922987
2010-06-30 00:00:00,0.354821884466388
2010-07-01 00:00:00,0.3543261508271031
2010-07-02 00:00:00,0.3541214390580256
2010-07-06 00:00:00,0.3538743820009434
2010-07-07 00:00:00,0.3536560043996144
2010-07-08 00:00:00,0.3534307154361564
2010-07-09 00:00:00,0.3538141378359825
2010-07-12 00:00:00,0.3540352808915212
2010-07-13 00:00:00,0.35353552039602015
2010-07-14 00:00:00,0.3536973519203248
2010-07-15 00:00:00,0.35299186938083965
2010-07-16 00:00:00,0.3535160532896192
2010-07-19 00:00:00,0.35352334819889325
2010-07-20 00:00:00,0.353297169571102
2010-07-21 00:00:00,0.3534965822524356
2010-07-22 00:00:00,0.3528816180710059
2010-07-23 00:00:00,0.35353700371568114
2010-07-26 00:00:00,0.3532797863877594
2010-07-27 00:00:00,0.3540068809026622
2010-07-28 00:00:00,0.353779694046012
2010-07-29 00:00:00,0.3529139619302903
2010-07-30 00:00:00,0.35290035729756264
2010-08-02 00:00:00,0.352733089206754
2010-08-03 00:00:00,0.3527566003892043
2010-08-04 00:00:00,0.3534351024844748
2010-08-05 00:00:00,0.35322937213836164
2010-08-06 00:00:00,0.3526464288669878
2010-08-09 00:00:00,0.3531292281364922
2010-08-10 00:00:00,0.35373695614779
2010-08-11 00:00:00,0.35377993835635213
2010-08-12 00:00:00,0.35326627173828745
2010-08-13 00:00:00,0.35347586429255395
2010-08-16 00:00:00,0.35269734479714526
2010-08-17 00:00:00,0.3529903124794299
2010-08-18 00:00:00,0.352829088543048
2010-08-19 00:00:00,0.35232445098570175
2010-08-20 00:00:00,0.35265326758128834
2010-08-23 00:00:00,0.3527511306912345
2010-08-24 00:00:00,0.3522991628467705
2010-08-25 00:00:00,0.35211232497172135
2010-08-26 00:00:00,0.3520005979063304
2010-08-27 00:00:00,0.35207910756187116
2010-08-30 00:00:00,0.351945465546163
2010-08-31 00:00:00,0.35142496322921707
2010-09-01 00:00:00,0.3514163637654705
2010-09-02 00:00:00,0.3512246423824759
2010-09-03 00:00:00,0.3512246423824759
2010-09-07 00:00:00,0.3507847886840555
2010-09-08 00:00:00,0.350722093097008
2010-09-09 00:00:00,0.351031093530859
2010-09-10 00:00:00,0.3512149782000556
2010-09-13 00:00:00,0.35051139277906157
2010-09-14 00:00:00,0.3494554836189642
2010-09-15 00:00:00,0.350155674001421
2010-09-16 00:00:00,0.350966446227065
2010-09-17 00:00:00,0.35058999615224423
2010-09-20 00:00:00,0.3502763970254021
2010-09-21 00:00:00,0.3501833072524975
2010-09-22 00:00:00,0.3488738588356938
2010-09-23 00:00:00,0.3487003674768277
2010-09-24 00:00:00,0.34858030059225775
2010-09-27 00:00:00,0.3485992778868968
2010-09-28 00:00:00,0.34801083764759655
2010-09-29 00:00:00,0.3479752065370179
2010-09-30 00:00:00,0.34840840607150003
2010-10-01 00:00:00,0.3480374040463621
2010-10-04 00:00:00,0.3477340443591119
2010-10-05 00:00:00,0.3472306785129098
2010-10-06 00:00:00,0.3472306785129098
2010-10-07 00:00:00,0.3490029738558261
2010-10-08 00:00:00,0.3473419082932214
2010-10-12 00:00:00,0.34686876371222536
2010-10-13 00:00:00,0.3467097522730428
2010-10-14 00:00:00,0.34502137908702085
2010-10-15 00:00:00,0.34593093650176543
2010-10-18 00:00:00,0.34579984132738084
2010-10-19 00:00:00,0.34987593041455123
2010-10-20 00:00:00,0.347402653848781
2010-10-21 00:00:00,0.34815430648194134
2010-10-22 00:00:00,0.35232492178190145
2010-10-25 00:00:00,0.3500645690134744
2010-10-26 00:00:00,0.3531699348151679
2010-10-27 00:00:00,0.35502493058874346
2010-10-28 00:00:00,0.35332883955325706
2010-10-29 00:00:00,0.35332883955325706
2010-11-01 00:00:00,0.35332883955325706
2010-11-02 00:00:00,0.35332883955325706
2010-11-03 00:00:00,0.35328328192272906
2010-11-04 00:00:00,0.35328328192272906
2010-11-05 00:00:00,0.35328328192272906
2010-11-08 00:00:00,0.35328328192272906
2010-11-09 00:00:00,0.35328328192272906
2010-11-10 00:00:00,0.35328328192272906
2010-11-12 00:00:00,0.35328328192272906
2010-11-15 00:00:00,0.35328328192272906
2010-11-16 00:00:00,0.35328328192272906
2010-11-17 00:00:00,0.35328328192272906
2010-11-18 00:00:00,0.35289850184352195
2010-11-19 00:00:00,0.35289850184352195
2010-11-22 00:00:00,0.35328970744592325
2010-11-23 00:00:00,0.3530557995034896
2010-11-24 00:00:00,0.3530557995034896
2010-11-26 00:00:00,0.3530557995034896
2010-11-29 00:00:00,0.3530557995034896
2010-11-30 00:00:00,0.3530557995034896
2010-12-01 00:00:00,0.3530557995034896
2010-12-02 00:00:00,0.3530557995034896
2010-12-03 00:00:00,0.3530557995034896
2010-12-06 00:00:00,0.3530557995034896
2010-12-07 00:00:00,0.3530557995034896
2010-12-08 00:00:00,0.3530557995034896
2010-12-09 00:00:00,0.3530557995034896
2010-12-10 00:00:00,0.3530557995034896
2010-12-13 00:00:00,0.3530557995034896
2010-12-14 00:00:00,0.3530557995034896
2010-12-15 00:00:00,0.3531782925072374
2010-12-16 00:00:00,0.3537617416438475
2010-12-17 00:00:00,0.35442560002738027
2010-12-20 00:00:00,0.35338711704906134
2010-12-21 00:00:00,0.35338711704906134
2010-12-22 00:00:00,0.35338711704906134
2010-12-23 00:00:00,0.3564822570761685
2010-12-27 00:00:00,0.35662500274421105
2010-12-28 00:00:00,0.35369234487927204
2010-12-29 00:00:00,0.3531398479009694
2010-12-30 00:00:00,0.34957982033907803
2011-01-03 00:00:00,0.34957982033907803
2011-01-04 00:00:00,0.35505533971894826
2011-01-05 00:00:00,0.36095789294037256
2011-01-06 00:00:00,0.3604461861620827
2011-01-07 00:00:00,0.36112796724787916
2011-01-10 00:00:00,0.3622590676705358
2011-01-11 00:00:00,0.3622590676705358
2011-01-12 00:00:00,0.3622590676705358
2011-01-13 00:00:00,0.3622590676705358
2011-01-14 00:00:00,0.3622590676705358
2011-01-18 00:00:00,0.3622590676705358
2011-01-19 00:00:00,0.3622590676705358
2011-01-20 00:00:00,0.3622590676705358
2011-01-21 00:00:00,0.3622590676705358
2011-01-24 00:00:00,0.3622590676705358
2011-01-25 00:00:00,0.3622590676705358
2011-01-26 00:00:00,0.3622590676705358
2011-01-27 00:00:00,0.3622590676705358
2011-01-28 00:00:00,0.3622590676705358
2011-01-31 00:00:00,0.3622590676705358
2011-02-01 00:00:00,0.3622590676705358
2011-02-02 00:00:00,0.3622590676705358
2011-02-03 00:00:00,0.3626794907920344
2011-02-04 00:00:00,0.3644453798871842
2011-02-07 00:00:00,0.3646094076322871
2011-02-08 00:00:00,0.36461571385766234
2011-02-09 00:00:00,0.36519213788065047
2011-02-10 00:00:00,0.3658202223242137
2011-02-11 00:00:00,0.3658202223242137
2011-02-14 00:00:00,0.3658202223242137
2011-02-15 00:00:00,0.3660154224228713
2011-02-16 00:00:00,0.3660154224228713
2011-02-17 00:00:00,0.3660154224228713
2011-02-18 00:00:00,0.3660154224228713
2011-02-22 00:00:00,0.3660154224228713
2011-02-23 00:00:00,0.3660154224228713
2011-02-24 00:00:00,0.3660154224228713
2011-02-25 00:00:00,0.36694701556133613
2011-02-28 00:00:00,0.3676531600202992
2011-03-01 00:00:00,0.36697629794109377
2011-03-02 00:00:00,0.3649294700509041
2011-03-03 00:00:00,0.3676339188063833
2011-03-04 00:00:00,0.36626271309667285
2011-03-07 00:00:00,0.3660241829531253
2011-03-08 00:00:00,0.36883198668443806
2011-03-09 00:00:00,0.36731543648651943
2011-03-10 00:00:00,0.36798784455180605
2011-03-11 00:00:00,0.36658916356441823
2011-03-14 00:00:00,0.36584475541617834
2011-03-15 00:00:00,0.3637199329983465
2011-03-16 00:00:00,0.3614439291210859
2011-03-17 00:00:00,0.3614439291210859
2011-03-18 00:00:00,0.3614439291210859
2011-03-21 00:00:00,0.36270020249361273
2011-03-22 00:00:00,0.3620420368521562
2011-03-23 00:00:00,0.36293680904381237
2011-03-24 00:00:00,0.36279688110194097
2011-03-25 00:00:00,0.3660048787455813
2011-03-28 00:00:00,0.3669958038945864
2011-03-29 00:00:00,0.36836640844850244
2011-03-30 00:00:00,0.36865335406902283
2011-03-31 00:00:00,0.36646726242852773
2011-04-01 00:00:00,0.3697610081505935
2011-04-04 00:00:00,0.3690132772119629
2011-04-05 00:00:00,0.36968127642649173
2011-04-06 00:00:00,0.36696676068725453
2011-04-07 00:00:00,0.36717849037053507
2011-04-08 00:00:00,0.3643081236379097
2011-04-11 00:00:00,0.36278584118134377
2011-04-12 00:00:00,0.35927954961412645
2011-04-13 00:00:00,0.35748422206808156
2011-04-14 00:00:00,0.35748422206808156
2011-04-15 00:00:00,0.3576882784379356
2011-04-18 00:00:00,0.35866384634445064
2011-04-19 00:00:00,0.35873067998377295
2011-04-20 00:00:00,0.3572492047815609
2011-04-21 00:00:00,0.3554040841226766
2011-04-22 00:00:00,0.35626712363612956
2011-04-25 00:00:00,0.3550844809809477
2011-04-26 00:00:00,0.3550144424476008
2011-04-27 00:00:00,0.35508450271870495
2011-04-28 00:00:00,0.3535905199302207
2011-04-29 00:00:00,0.3535905199302207
2011-05-02 00:00:00,0.3529796938567487
2011-05-03 00:00:00,0.35224887093813395
2011-05-04 00:00:00,0.35160663626109334
2011-05-05 00:00:00,0.3542775099980396
2011-05-06 00:00:00,0.35503875498293563
2011-05-09 00:00:00,0.35550156006957134
2011-05-10 00:00:00,0.35665471546919447
2011-05-11 00:00:00,0.3575518589539017
2011-05-12 00:00:00,0.3574521398833392
2011-05-13 00:00:00,0.35886528986988375
2011-05-16 00:00:00,0.3568979318138914
2011-05-17 00:00:00,0.3575501769387126
2011-05-18 00:00:00,0.35629617420190457
2011-05-19 00:00:00,0.3573507387705021
2011-05-20 00:00:00,0.3559153516118223
2011-05-23 00:00:00,0.3571288502523292
2011-05-24 00:00:00,0.35642886227815584
2011-05-25 00:00:00,0.35461791684774724
2011-05-26 00:00:00,0.35337302641941654
2011-05-27 00:00:00,0.3499484306722023
2011-05-31 00:00:00,0.35005580559048477
2011-06-01 00:00:00,0.34699607970224117
2011-06-02 00:00:00,0.34699607970224117
2011-06-03 00:00:00,0.3447701027681151
2011-06-06 00:00:00,0.3449655872271708
2011-06-07 00:00:00,0.3456775485269663
2011-06-08 00:00:00,0.34517422157335825
2011-06-09 00:00:00,0.34626984312805414
2011-06-10 00:00:00,0.3464367851239965
2011-06-13 00:00:00,0.34513715627750785
2011-06-14 00:00:00,0.3470499949881047
2011-06-15 00:00:00,0.3486536320651904
2011-06-16 00:00:00,0.34861621408098736
2011-06-17 00:00:00,0.3474698981722158
2011-06-20 00:00:00,0.3462858494420205
2011-06-21 00:00:00,0.34670800064544977
2011-06-22 00:00:00,0.34471345601111725
2011-06-23 00:00:00,0.3452969992857649
2011-06-24 00:00:00,0.34512950805682246
2011-06-27 00:00:00,0.34496179433074076
2011-06-28 00:00:00,0.3430821733156714
2011-06-29 00:00:00,0.3430821733156714
2011-06-30 00:00:00,0.34367276173106387
2011-07-01 00:00:00,0.34427253757818993
2011-07-05 00:00:00,0.34402198050429766
2011-07-06 00:00:00,0.3434742856601537
2011-07-07 00:00:00,0.3439031231105886
2011-07-08 00:00:00,0.3433073590586309
2011-07-11 00:00:00,0.34306943766227366
2011-07-12 00:00:00,0.3429148146426894
2011-07-13 00:00:00,0.34174636400092634
2011-07-14 00:00:00,0.34129397224834573
2011-07-15 00:00:00,0.341201253888779
2011-07-18 00:00:00,0.34138277816767115
2011-07-19 00:00:00,0.34127069215245803
2011-07-20 00:00:00,0.34163664874830124
2011-07-21 00:00:00,0.341320422213727
2011-07-22 00:00:00,0.3412572049679217
2011-07-25 00:00:00,0.3402209819352582
2011-07-26 00:00:00,0.3398632577031662
2011-07-27 00:00:00,0.33981819676854813
2011-07-28 00:00:00,0.3399959266471842
2011-07-29 00:00:00,0.3383189947638523
2011-08-01 00:00:00,0.3383189947638523
2011-08-02 00:00:00,0.33376726985489574
2011-08-03 00:00:00,0.33376726985489574
2011-08-04 00:00:00,0.33435699345441966
2011-08-05 00:00:00,0.33099377085792064
2011-08-08 00:00:00,0.33099377085792064
2011-08-09 00:00:00,0.320012807540992
2011-08-10 00:00:00,0.320012807540992
2011-08-11 00:00:00,0.320012807540992
2011-08-12 00:00:00,0.32174303001314974
2011-08-15 00:00:00,0.32274449953186723
2011-08-16 00:00:00,0.32407376988887676
2011-08-17 00:00:00,0.32369633315399143
2011-08-18 00:00:00,0.323829970490395
2011-08-19 00:00:00,0.32331051912171493
2011-08-22 00:00:00,0.3235312777870075
2011-08-23 00:00:00,0.3236760960736611
2011-08-24 00:00:00,0.32429686380582673
2011-08-25 00:00:00,0.32438645403790173
2011-08-26 00:00:00,0.3253514196154758
2011-08-29 00:00:00,0.3253514196154758
2011-08-30 00:00:00,0.3253514196154758
2011-08-31 00:00:00,0.3258284472089673
2011-09-01 00:00:00,0.3258284472089673
2011-09-02 00:00:00,0.3258284472089673
2011-09-06 00:00:00,0.3258284472089673
2011-09-07 00:00:00,0.3258284472089673
2011-09-08 00:00:00,0.3251387400578926
2011-09-09 00:00:00,0.32440366257825115
2011-09-12 00:00:00,0.32443819078182395
2011-09-13 00:00:00,0.32466377242790584
2011-09-14 00:00:00,0.32479774804383477
2011-09-15 00:00:00,0.32519205986522853
2011-09-16 00:00:00,0.32490895461301006
2011-09-19 00:00:00,0.3244094140235572
2011-09-20 00:00:00,0.32418036671415035
2011-09-21 00:00:00,0.32388003894350575
2011-09-22 00:00:00,0.3230981377420288
2011-09-23 00:00:00,0.32330646059853285
2011-09-26 00:00:00,0.32337813181334635
2011-09-27 00:00:00,0.32372840797593244
2011-09-28 00:00:00,0.3237508141268908
2011-09-29 00:00:00,0.3237956865324872
2011-09-30 00:00:00,0.32323499533548605
2011-10-03 00:00:00,0.3226759481433536
2011-10-04 00:00:00,0.32227689430335993
2011-10-05 00:00:00,0.32227689430335993
2011-10-06 00:00:00,0.3223134486802342
2011-10-07 00:00:00,0.32259196126181156
2011-10-11 00:00:00,0.3229501817025862
2011-10-12 00:00:00,0.32346585429285973
2011-10-13 00:00:00,0.32322547226005305
2011-10-14 00:00:00,0.3235090967673404
2011-10-17 00:00:00,0.32331526414534467
2011-10-18 00:00:00,0.32317435049618054
2011-10-19 00:00:00,0.323131852909277
2011-10-20 00:00:00,0.3232169425011843
2011-10-21 00:00:00,0.3238673703408148
2011-10-24 00:00:00,0.3240801882022361
2011-10-25 00:00:00,0.32412481767757206
2011-10-26 00:00:00,0.3239159369928043
2011-10-27 00:00:00,0.3249691644270052
2011-10-28 00:00:00,0.3248834758247467
2011-10-31 00:00:00,0.3248834758247467
2011-11-01 00:00:00,0.3251727179494423
2011-11-02 00:00:00,0.3251727179494423
2011-11-03 00:00:00,0.3251727179494423
2011-11-04 00:00:00,0.3251727179494423
2011-11-07 00:00:00,0.3251727179494423
2011-11-08 00:00:00,0.3251727179494423
2011-11-09 00:00:00,0.3251727179494423
2011-11-10 00:00:00,0.3251727179494423
2011-11-14 00:00:00,0.3251727179494423
2011-11-15 00:00:00,0.3251727179494423
2011-11-16 00:00:00,0.3251727179494423
2011-11-17 00:00:00,0.3251796590131751
2011-11-18 00:00:00,0.32520745358173747
2011-11-21 00:00:00,0.32521093131718753
2011-11-22 00:00:00,0.32525621109048763
2011-11-23 00:00:00,0.32505862600579616
2011-11-25 00:00:00,0.3247617238839564
2011-11-28 00:00:00,0.3250139050554129
2011-11-29 00:00:00,0.32508620945036915
2011-11-30 00:00:00,0.3253928261236139
2011-12-01 00:00:00,0.32529112938141286
2011-12-02 00:00:00,0.3250001701372113
2011-12-05 00:00:00,0.3251380580021505
2011-12-06 00:00:00,0.32483627596922465
2011-12-07 00:00:00,0.3248907183839066
2011-12-08 00:00:00,0.3248091251995091
2011-12-09 00:00:00,0.3249180102727337
2011-12-12 00:00:00,0.3245235145484532
2011-12-13 00:00:00,0.3243315863886896
2011-12-14 00:00:00,0.32396757776177026
2011-12-15 00:00:00,0.3243842955723669
2011-12-16 00:00:00,0.32448361037147727
2011-12-19 00:00:00,0.32451020179227286
2011-12-20 00:00:00,0.3246942550440087
2011-12-21 00:00:00,0.3244636965787446
2011-12-22 00:00:00,0.3244969004047997
2011-12-23 00:00:00,0.32446038009039313
2011-12-27 00:00:00,0.3245935936154391
2011-12-28 00:00:00,0.324292171880874
2011-12-29 00:00:00,0.32435133133177824
2011-12-30 00:00:00,0.3244769696080804
2012-01-03 00:00:00,0.3246606292228758
2012-01-04 00:00:00,0.3243348754652594
2012-01-05 00:00:00,0.32397400287206235
2012-01-06 00:00:00,0.32388749082971513
2012-01-09 00:00:00,0.3239997303094924
2012-01-10 00:00:00,0.32410955603701647
2012-01-11 00:00:00,0.3238906862597444
2012-01-12 00:00:00,0.32424631488450506
2012-01-13 00:00:00,0.323954735628172
2012-01-17 00:00:00,0.3240901178551538
2012-01-18 00:00:00,0.32430201610052517
2012-01-19 00:00:00,0.32460697775739306
2012-01-20 00:00:00,0.3246337804810359
2012-01-23 00:00:00,0.3248233352499965
2012-01-24 00:00:00,0.3248233352499965
2012-01-25 00:00:00,0.32488959075217577
2012-01-26 00:00:00,0.32488959075217577
2012-01-27 00:00:00,0.32488959075217577
2012-01-30 00:00:00,0.32510607231029787
2012-01-31 00:00:00,0.32534019878985765
2012-02-01 00:00:00,0.32534019878985765
2012-02-02 00:00:00,0.32534019878985765
2012-02-03 00:00:00,0.3259154334044467
2012-02-06 00:00:00,0.3257302457488618
2012-02-07 00:00:00,0.3251886894023736
2012-02-08 00:00:00,0.32515641499882425
2012-02-09 00:00:00,0.3249403501119773
2012-02-10 00:00:00,0.32560244900501994
2012-02-13 00:00:00,0.3253522333044243
2012-02-14 00:00:00,0.32567434273311247
2012-02-15 00:00:00,0.3260118449625142
2012-02-16 00:00:00,0.3258812676300502
2012-02-17 00:00:00,0.3256147042511642
2012-02-21 00:00:00,0.3250079521384323
2012-02-22 00:00:00,0.32493880047027923
2012-02-23 00:00:00,0.32449002972942775
2012-02-24 00:00:00,0.32344982817608997
2012-02-27 00:00:00,0.32380558323699166
2012-02-28 00:00:00,0.32355442461438555
2012-02-29 00:00:00,0.3241347644897931
2012-03-01 00:00:00,0.3243915956940117
2012-03-02 00:00:00,0.3251529130025516
2012-03-05 00:00:00,0.3249831565091758
2012-03-06 00:00:00,0.32561624164523495
2012-03-07 00:00:00,0.3254574270033894
2012-03-08 00:00:00,0.3247478050051693
2012-03-09 00:00:00,0.32572826480171496
2012-03-12 00:00:00,0.32549055356785483
2012-03-13 00:00:00,0.32549055356785483
2012-03-14 00:00:00,0.32549055356785483
2012-03-15 00:00:00,0.32549055356785483
2012-03-16 00:00:00,0.3259916165403215
2012-03-19 00:00:00,0.3259916165403215
2012-03-20 00:00:00,0.3259916165403215
2012-03-21 00:00:00,0.3259916165403215
2012-03-22 00:00:00,0.3259916165403215
2012-03-23 00:00:00,0.3259916165403215
2012-03-26 00:00:00,0.3259916165403215
2012-03-27 00:00:00,0.3259916165403215
2012-03-28 00:00:00,0.3259916165403215
2012-03-29 00:00:00,0.3259916165403215
2012-03-30 00:00:00,0.3259916165403215
2012-04-02 00:00:00,0.3259916165403215
2012-04-03 00:00:00,0.32583386877345344
2012-04-04 00:00:00,0.3274841323026881
2012-04-05 00:00:00,0.3278075191647803
2012-04-06 00:00:00,0.3278075191647803
2012-04-09 00:00:00,0.3278075191647803
2012-04-10 00:00:00,0.3278075191647803
2012-04-11 00:00:00,0.3278075191647803
2012-04-12 00:00:00,0.3278075191647803
2012-04-13 00:00:00,0.3278075191647803
2012-04-16 00:00:00,0.3278075191647803
2012-04-17 00:00:00,0.3278075191647803
2012-04-18 00:00:00,0.3278075191647803
2012-04-19 00:00:00,0.3278075191647803
2012-04-20 00:00:00,0.3278075191647803
2012-04-23 00:00:00,0.3278075191647803
2012-04-24 00:00:00,0.3278075191647803
2012-04-25 00:00:00,0.3278075191647803
2012-04-26 00:00:00,0.3278075191647803
2012-04-27 00:00:00,0.3278075191647803
2012-04-30 00:00:00,0.3278075191647803
2012-05-01 00:00:00,0.3278075191647803
2012-05-02 00:00:00,0.3278075191647803
2012-05-03 00:00:00,0.3278075191647803
2012-05-04 00:00:00,0.3278075191647803
2012-05-07 00:00:00,0.3278075191647803
2012-05-08 00:00:00,0.3278075191647803
2012-05-09 00:00:00,0.3278075191647803
2012-05-10 00:00:00,0.32791361718587153
2012-05-11 00:00:00,0.327419079790568
2012-05-14 00:00:00,0.3250092968175036
2012-05-15 00:00:00,0.3250092968175036
2012-05-16 00:00:00,0.3250092968175036
2012-05-17 00:00:00,0.3250092968175036
2012-05-18 00:00:00,0.3250092968175036
2012-05-21 00:00:00,0.3262532192803391
2012-05-22 00:00:00,0.32538837668867243
2012-05-23 00:00:00,0.32106814666682804
2012-05-24 00:00:00,0.32106814666682804
2012-05-25 00:00:00,0.32106814666682804
2012-05-29 00:00:00,0.32106814666682804
2012-05-30 00:00:00,0.3188163387684442
2012-05-31 00:00:00,0.3188163387684442
2012-06-01 00:00:00,0.3188163387684442
2012-06-04 00:00:00,0.32084004289590257
2012-06-05 00:00:00,0.3193116002723305
2012-06-06 00:00:00,0.32187836018682786
2012-06-07 00:00:00,0.32258556311253644
2012-06-08 00:00:00,0.3205065293377988
2012-06-11 00:00:00,0.3210404844054169
2012-06-12 00:00:00,0.32037331797897173
2012-06-13 00:00:00,0.32343153385394136
2012-06-14 00:00:00,0.3237031823863122
2012-06-15 00:00:00,0.32435018012093664
2012-06-18 00:00:00,0.322957244394011
2012-06-19 00:00:00,0.32589290901909135
2012-06-20 00:00:00,0.32616870964028594
2012-06-21 00:00:00,0.3231264737193066
2012-06-22 00:00:00,0.322113749710575
2012-06-25 00:00:00,0.32047321611367047
2012-06-26 00:00:00,0.32017370843505955
2012-06-27 00:00:00,0.3197752346224459
2012-06-28 00:00:00,0.3191463422243684
2012-06-29 00:00:00,0.3250682986009092
2012-07-02 00:00:00,0.3230587607114023
2012-07-03 00:00:00,0.323975287614755
2012-07-05 00:00:00,0.31792872883374135
2012-07-06 00:00:00,0.3152641599699685
2012-07-09 00:00:00,0.3152641599699685
2012-07-10 00:00:00,0.314936478919618
2012-07-11 00:00:00,0.3148405344992283
2012-07-12 00:00:00,0.31450626425556
2012-07-13 00:00:00,0.31475435164419296
2012-07-16 00:00:00,0.3150037566249217
2012-07-17 00:00:00,0.3147447855247957
2012-07-18 00:00:00,0.31496530044718873
2012-07-19 00:00:00,0.314936478919618
2012-07-20 00:00:00,0.31431631784401337
2012-07-23 00:00:00,0.3139293260039336
2012-07-24 00:00:00,0.31343379098997975
2012-07-25 00:00:00,0.31397634849842926
2012-07-26 00:00:00,0.31510967331382345
2012-07-27 00:00:00,0.315799091298764
2012-07-30 00:00:00,0.31487888878037795
2012-07-31 00:00:00,0.31537066357442406
2012-08-01 00:00:00,0.3152351551675004
2012-08-02 00:00:00,0.314098829587066
2012-08-03 00:00:00,0.31591660999514115
2012-08-06 00:00:00,0.31616362568557443
2012-08-07 00:00:00,0.31616362568557443
2012-08-08 00:00:00,0.3164064685167134
2012-08-09 00:00:00,0.3164064685167134
2012-08-10 00:00:00,0.3164064685167134
2012-08-13 00:00:00,0.3164064685167134
2012-08-14 00:00:00,0.3164064685167134
2012-08-15 00:00:00,0.3164064685167134
2012-08-16 00:00:00,0.3164064685167134
2012-08-17 00:00:00,0.3164064685167134
2012-08-20 00:00:00,0.3164064685167134
2012-08-21 00:00:00,0.3164064685167134
2012-08-22 00:00:00,0.3164064685167134
2012-08-23 00:00:00,0.31545527920201316
2012-08-24 00:00:00,0.3158799749974209
2012-08-27 00:00:00,0.3160496421113335
2012-08-28 00:00:00,0.31561433032023034
2012-08-29 00:00:00,0.31582888613778176
2012-08-30 00:00:00,0.3161520114748219
2012-08-31 00:00:00,0.3154634561215329
2012-09-04 00:00:00,0.31559022249020535
2012-09-05 00:00:00,0.31547355760750523
2012-09-06 00:00:00,0.31536775818327256
2012-09-07 00:00:00,0.3143874683587612
2012-09-10 00:00:00,0.3142229857221623
2012-09-11 00:00:00,0.31363573034071124
2012-09-12 00:00:00,0.3135035114109665
2012-09-13 00:00:00,0.3137152668021433
2012-09-14 00:00:00,0.31199311648815253
2012-09-17 00:00:00,0.31199311648815253
2012-09-18 00:00:00,0.31271418763251463
2012-09-19 00:00:00,0.3119572552103953
2012-09-20 00:00:00,0.3142786045794612
2012-09-21 00:00:00,0.3139618764142267
2012-09-24 00:00:00,0.3153992777459263
2012-09-25 00:00:00,0.314622314378461
2012-09-26 00:00:00,0.3163478775958235
2012-09-27 00:00:00,0.3159041196314433
2012-09-28 00:00:00,0.3162793021860547
2012-10-01 00:00:00,0.31547413889775544
2012-10-02 00:00:00,0.31433403797612663
2012-10-03 00:00:00,0.31563546337209136
2012-10-04 00:00:00,0.3134345196666728
2012-10-05 00:00:00,0.3123469858739666
2012-10-09 00:00:00,0.3161717183527829
2012-10-10 00:00:00,0.3158918238680437
2012-10-11 00:00:00,0.31459040202457167
2012-10-12 00:00:00,0.3139432953420113
2012-10-15 00:00:00,0.3137925800574159
2012-10-16 00:00:00,0.311870020998989
2012-10-17 00:00:00,0.30986433754231857
2012-10-18 00:00:00,0.30986433754231857
2012-10-19 00:00:00,0.3105852763142293
2012-10-22 00:00:00,0.3103058097095674
2012-10-23 00:00:00,0.31106778596259677
2012-10-24 00:00:00,0.31122551194806636
2012-10-25 00:00:00,0.3111488853085782
2012-10-26 00:00:00,0.31128295928756755
2012-10-29 00:00:00,0.31148657702776644
2012-10-30 00:00:00,0.31081248911587755
2012-10-31 00:00:00,0.31082969341925687
2012-11-01 00:00:00,0.31099976321752115
2012-11-02 00:00:00,0.31180930501693876
2012-11-05 00:00:00,0.31220757618544015
2012-11-06 00:00:00,0.31220757618544015
2012-11-07 00:00:00,0.31198890875517815
2012-11-08 00:00:00,0.31198890875517815
2012-11-09 00:00:00,0.3117983321272472
2012-11-13 00:00:00,0.3117983321272472
2012-11-14 00:00:00,0.3119593965671127
2012-11-15 00:00:00,0.3119593965671127
2012-11-16 00:00:00,0.3119593965671127
2012-11-19 00:00:00,0.3119593965671127
2012-11-20 00:00:00,0.3119593965671127
2012-11-21 00:00:00,0.3119593965671127
2012-11-23 00:00:00,0.3119593965671127
2012-11-26 00:00:00,0.3119593965671127
2012-11-27 00:00:00,0.3124322695508356
2012-11-28 00:00:00,0.3124778689960898
2012-11-29 00:00:00,0.31209702105081605
2012-11-30 00:00:00,0.3115464179330546
2012-12-03 00:00:00,0.3112742569794295
2012-12-04 00:00:00,0.3116760337760005
2012-12-05 00:00:00,0.3114791983711878
2012-12-06 00:00:00,0.31273227932651015
2012-12-07 00:00:00,0.3127257761683483
2012-12-10 00:00:00,0.3127257761683483
2012-12-11 00:00:00,0.3127257761683483
2012-12-12 00:00:00,0.3127257761683483
2012-12-13 00:00:00,0.3127257761683483
2012-12-14 00:00:00,0.3127257761683483
2012-12-17 00:00:00,0.3127257761683483
2012-12-18 00:00:00,0.3111068735154357
2012-12-19 00:00:00,0.3111068735154357
2012-12-20 00:00:00,0.31160012229885986
2012-12-21 00:00:00,0.31300450832518173
2012-12-24 00:00:00,0.3126153909522771
2012-12-26 00:00:00,0.3114784297767272
2012-12-27 00:00:00,0.31180051920949303
2012-12-28 00:00:00,0.31151072377198763
2012-12-31 00:00:00,0.31234100284604144
2013-01-02 00:00:00,0.31269484727864644
2013-01-03 00:00:00,0.31455563253511504
2013-01-04 00:00:00,0.31586574763495495
2013-01-07 00:00:00,0.31459317008428367
2013-01-08 00:00:00,0.31459317008428367
2013-01-09 00:00:00,0.31459317008428367
2013-01-10 00:00:00,0.31459317008428367
2013-01-11 00:00:00,0.31459317008428367
2013-01-14 00:00:00,0.31459317008428367
2013-01-15 00:00:00,0.31459317008428367
2013-01-16 00:00:00,0.31459317008428367
2013-01-17 00:00:00,0.31436531995387523
2013-01-18 00:00:00,0.31436531995387523
2013-01-22 00:00:00,0.31520173329793133
2013-01-23 00:00:00,0.3149572462831654
2013-01-24 00:00:00,0.3149572462831654
2013-01-25 00:00:00,0.3149572462831654
2013-01-28 00:00:00,0.3149572462831654
2013-01-29 00:00:00,0.3149572462831654
2013-01-30 00:00:00,0.3149572462831654
2013-01-31 00:00:00,0.3149572462831654
2013-02-01 00:00:00,0.313274004991398
2013-02-04 00:00:00,0.3147717397143529
2013-02-05 00:00:00,0.3146789081596787
2013-02-06 00:00:00,0.3150863081492642
2013-02-07 00:00:00,0.31705297288628004
2013-02-08 00:00:00,0.3172199785690899
2013-02-11 00:00:00,0.3172836095327405
2013-02-12 00:00:00,0.3169083011413962
2013-02-13 00:00:00,0.31715291536446527
2013-02-14 00:00:00,0.31842260065666234
2013-02-15 00:00:00,0.318183782116
2013-02-19 00:00:00,0.318183782116
2013-02-20 00:00:00,0.318183782116
2013-02-21 00:00:00,0.318183782116
2013-02-22 00:00:00,0.318183782116
2013-02-25 00:00:00,0.318183782116
2013-02-26 00:00:00,0.31791551766141224
2013-02-27 00:00:00,0.3182733572790321
2013-02-28 00:00:00,0.31769249074677797
2013-03-01 00:00:00,0.3152268441691057
2013-03-04 00:00:00,0.31577213031473406
2013-03-05 00:00:00,0.31555366901911663
2013-03-06 00:00:00,0.31468682802765097
2013-03-07 00:00:00,0.31468682802765097
2013-03-08 00:00:00,0.31131106969179395
2013-03-11 00:00:00,0.31131106969179395
2013-03-12 00:00:00,0.3120998646318914
2013-03-13 00:00:00,0.31059150218462656
2013-03-14 00:00:00,0.3107874177663242
2013-03-15 00:00:00,0.31462429946714293
2013-03-18 00:00:00,0.31285955315835284
2013-03-19 00:00:00,0.31249576298026166
2013-03-20 00:00:00,0.3131910072881954
2013-03-21 00:00:00,0.3126940890409642
2013-03-22 00:00:00,0.31442351816563235
2013-03-25 00:00:00,0.3120669183778397
2013-03-26 00:00:00,0.3117049681350986
2013-03-27 00:00:00,0.3100702661834776
2013-03-28 00:00:00,0.31223171924305826
2013-03-29 00:00:00,0.3115078943933905
2013-04-01 00:00:00,0.31249576298026166
2013-04-02 00:00:00,0.3116721051969716
2013-04-03 00:00:00,0.312793346502304
2013-04-04 00:00:00,0.31256184370831847
2013-04-05 00:00:00,0.31705383073715954
2013-04-08 00:00:00,0.31621410911791925
2013-04-09 00:00:00,0.31621410911791925
2013-04-10 00:00:00,0.31631346443607045
2013-04-11 00:00:00,0.31631346443607045
2013-04-12 00:00:00,0.3162487881192423
2013-04-15 00:00:00,0.3162487881192423
2013-04-16 00:00:00,0.3158141232879337
2013-04-17 00:00:00,0.3158141232879337
2013-04-18 00:00:00,0.31578605643222674
2013-04-19 00:00:00,0.31578605643222674
2013-04-22 00:00:00,0.31578605643222674
2013-04-23 00:00:00,0.31578605643222674
2013-04-24 00:00:00,0.31578605643222674
2013-04-25 00:00:00,0.31578605643222674
2013-04-26 00:00:00,0.31578605643222674
2013-04-29 00:00:00,0.31578605643222674
2013-04-30 00:00:00,0.31578605643222674
2013-05-01 00:00:00,0.31578605643222674
2013-05-02 00:00:00,0.31578605643222674
2013-05-03 00:00:00,0.31578605643222674
2013-05-06 00:00:00,0.31578605643222674
2013-05-07 00:00:00,0.31578605643222674
2013-05-08 00:00:00,0.31578605643222674
2013-05-09 00:00:00,0.31578605643222674
2013-05-10 00:00:00,0.31578605643222674
2013-05-13 00:00:00,0.31578605643222674
2013-05-14 00:00:00,0.31493098067017317
2013-05-15 00:00:00,0.3122985778602401
2013-05-16 00:00:00,0.3122985778602401
2013-05-17 00:00:00,0.30857836076677037
2013-05-20 00:00:00,0.30857836076677037
2013-05-21 00:00:00,0.30841897111761407
2013-05-22 00:00:00,0.3041152561655527
2013-05-23 00:00:00,0.3041152561655527
2013-05-24 00:00:00,0.3051284964351884
2013-05-28 00:00:00,0.3027089256769934
2013-05-29 00:00:00,0.30530194961675033
2013-05-30 00:00:00,0.3065023003476751
2013-05-31 00:00:00,0.3059549783107166
2013-06-03 00:00:00,0.309079798764536
2013-06-04 00:00:00,0.30805476952836663
2013-06-05 00:00:00,0.30805476952836663
2013-06-06 00:00:00,0.30805476952836663
2013-06-07 00:00:00,0.30805476952836663
2013-06-10 00:00:00,0.3082170224673761
2013-06-11 00:00:00,0.3072387600268803
2013-06-12 00:00:00,0.30619577309183726
2013-06-13 00:00:00,0.30680283733378916
2013-06-14 00:00:00,0.30665860683017987
2013-06-17 00:00:00,0.3070203034759018
2013-06-18 00:00:00,0.3062297820868331
2013-06-19 00:00:00,0.3062934353695101
2013-06-20 00:00:00,0.3074810073210786
2013-06-21 00:00:00,0.3081291100488381
2013-06-24 00:00:00,0.3079906122227451
2013-06-25 00:00:00,0.3079906122227451
2013-06-26 00:00:00,0.3079906122227451
2013-06-27 00:00:00,0.3079906122227451
2013-06-28 00:00:00,0.3079906122227451
2013-07-01 00:00:00,0.3079906122227451
2013-07-02 00:00:00,0.3079906122227451
2013-07-03 00:00:00,0.3079906122227451
2013-07-05 00:00:00,0.3068646257346279
2013-07-08 00:00:00,0.3068646257346279
2013-07-09 00:00:00,0.30580208862251895
2013-07-10 00:00:00,0.30642330395160977
2013-07-11 00:00:00,0.30861712504312044
2013-07-12 00:00:00,0.3089211089559495
2013-07-15 00:00:00,0.3089211089559495
2013-07-16 00:00:00,0.3089211089559495
2013-07-17 00:00:00,0.3089211089559495
2013-07-18 00:00:00,0.3089211089559495
2013-07-19 00:00:00,0.3089211089559495
2013-07-22 00:00:00,0.3089211089559495
2013-07-23 00:00:00,0.3089211089559495
2013-07-24 00:00:00,0.3089211089559495
2013-07-25 00:00:00,0.3089211089559495
2013-07-26 00:00:00,0.3089211089559495
2013-07-29 00:00:00,0.3089211089559495
2013-07-30 00:00:00,0.3088151990022574
2013-07-31 00:00:00,0.3086687101699079
2013-08-01 00:00:00,0.30935475028958037
2013-08-02 00:00:00,0.30874873187783675
2013-08-05 00:00:00,0.308833950349546
2013-08-06 00:00:00,0.308465158563764
2013-08-07 00:00:00,0.3080117537011571
2013-08-08 00:00:00,0.30771903696885294
2013-08-09 00:00:00,0.3079907766464431
2013-08-12 00:00:00,0.30826089823878683
2013-08-13 00:00:00,0.30918228597591324
2013-08-14 00:00:00,0.30928830020088616
2013-08-15 00:00:00,0.30928830020088616
2013-08-16 00:00:00,0.30928830020088616
2013-08-19 00:00:00,0.30928830020088616
2013-08-20 00:00:00,0.30928830020088616
2013-08-21 00:00:00,0.30928830020088616
2013-08-22 00:00:00,0.30960898337429016
2013-08-23 00:00:00,0.30922179972161273
2013-08-26 00:00:00,0.30950351017778216
2013-08-27 00:00:00,0.30893105113360014
2013-08-28 00:00:00,0.3093847867344021
2013-08-29 00:00:00,0.310610830844249
2013-08-30 00:00:00,0.310529009160013
2013-09-03 00:00:00,0.310529009160013
2013-09-04 00:00:00,0.310529009160013
2013-09-05 00:00:00,0.309822322881521
2013-09-06 00:00:00,0.309822322881521
2013-09-09 00:00:00,0.3104452285297092
2013-09-10 00:00:00,0.3104452285297092
2013-09-11 00:00:00,0.3104452285297092
2013-09-12 00:00:00,0.3104452285297092
2013-09-13 00:00:00,0.3104452285297092
2013-09-16 00:00:00,0.3104452285297092
2013-09-17 00:00:00,0.3104452285297092
2013-09-18 00:00:00,0.3104452285297092
2013-09-19 00:00:00,0.3104452285297092
2013-09-20 00:00:00,0.3104452285297092
2013-09-23 00:00:00,0.3103240784519033
2013-09-24 00:00:00,0.310684654209447
2013-09-25 00:00:00,0.3098127563320025
2013-09-26 00:00:00,0.31041596539006167
2013-09-27 00:00:00,0.3089207831534544
2013-09-30 00:00:00,0.3086626850721772
2013-10-01 00:00:00,0.30927149772395984
2013-10-02 00:00:00,0.30798138034018063
2013-10-03 00:00:00,0.30665991275444227
2013-10-04 00:00:00,0.30665991275444227
2013-10-07 00:00:00,0.30660492746119916
2013-10-08 00:00:00,0.3063751040160202
2013-10-09 00:00:00,0.30775370405277874
2013-10-10 00:00:00,0.3077423558907753
2013-10-11 00:00:00,0.3077094400935884
2013-10-15 00:00:00,0.3087493633241555
2013-10-16 00:00:00,0.30897246951907614
2013-10-17 00:00:00,0.306044205830964
2013-10-18 00:00:00,0.30570336203961357
2013-10-21 00:00:00,0.3058239436499461
2013-10-22 00:00:00,0.3042177596260042
2013-10-23 00:00:00,0.3035567719793663
2013-10-24 00:00:00,0.3035004653198997
2013-10-25 00:00:00,0.30400492525995737
2013-10-28 00:00:00,0.30432854604828774
2013-10-29 00:00:00,0.30493947984662684
2013-10-30 00:00:00,0.3045285395537494
2013-10-31 00:00:00,0.3065428622778063
2013-11-01 00:00:00,0.3080024933534797
2013-11-04 00:00:00,0.3075446689523808
2013-11-05 00:00:00,0.3075446689523808
2013-11-06 00:00:00,0.3075446689523808
2013-11-07 00:00:00,0.3075446689523808
2013-11-08 00:00:00,0.3075446689523808
2013-11-12 00:00:00,0.3079449962925384
2013-11-13 00:00:00,0.30811237223318844
2013-11-14 00:00:00,0.30811237223318844
2013-11-15 00:00:00,0.30811237223318844
2013-11-18 00:00:00,0.30811237223318844
2013-11-19 00:00:00,0.30811237223318844
2013-11-20 00:00:00,0.30811237223318844
2013-11-21 00:00:00,0.30811237223318844
2013-11-22 00:00:00,0.30811237223318844
2013-11-25 00:00:00,0.30811237223318844
2013-11-26 00:00:00,0.30811237223318844
2013-11-27 00:00:00,0.30811237223318844
2013-11-29 00:00:00,0.30811237223318844
2013-12-02 00:00:00,0.30811237223318844
2013-12-03 00:00:00,0.30761523996680784
2013-12-04 00:00:00,0.30761523996680784
2013-12-05 00:00:00,0.30670181263986024
2013-12-06 00:00:00,0.30624837401808647
2013-12-09 00:00:00,0.30593789728443993
2013-12-10 00:00:00,0.3054658917466604
2013-12-11 00:00:00,0.30521294496262097
2013-12-12 00:00:00,0.30577274257215753
2013-12-13 00:00:00,0.3057910584637888
2013-12-16 00:00:00,0.3054412588144559
2013-12-17 00:00:00,0.3053611808720174
2013-12-18 00:00:00,0.30537967365115903
2013-12-19 00:00:00,0.3064955709730925
2013-12-20 00:00:00,0.30634436557714617
2013-12-23 00:00:00,0.3062170373254384
2013-12-24 00:00:00,0.30644087090282435
2013-12-26 00:00:00,0.306458865611621
2013-12-27 00:00:00,0.30560089045329875
2013-12-30 00:00:00,0.3052625796184421
2013-12-31 00:00:00,0.3057233179002264
2014-01-02 00:00:00,0.3068551711055354
2014-01-03 00:00:00,0.3073651453795992
2014-01-06 00:00:00,0.3073651453795992
2014-01-07 00:00:00,0.30681287703128635
2014-01-08 00:00:00,0.30681287703128635
2014-01-09 00:00:00,0.3070391692684993
2014-01-10 00:00:00,0.3077501363722933
2014-01-13 00:00:00,0.30779486936015676
2014-01-14 00:00:00,0.30779486936015676
2014-01-15 00:00:00,0.30779486936015676
2014-01-16 00:00:00,0.30779486936015676
2014-01-17 00:00:00,0.30779486936015676
2014-01-21 00:00:00,0.30779486936015676
2014-01-22 00:00:00,0.30779486936015676
2014-01-23 00:00:00,0.30779486936015676
2014-01-24 00:00:00,0.30779486936015676
2014-01-27 00:00:00,0.30779486936015676
2014-01-28 00:00:00,0.30779486936015676
2014-01-29 00:00:00,0.30779486936015676
2014-01-30 00:00:00,0.30779486936015676
2014-01-31 00:00:00,0.30779486936015676
2014-02-03 00:00:00,0.30779486936015676
2014-02-04 00:00:00,0.30779486936015676
2014-02-05 00:00:00,0.30779486936015676
2014-02-06 00:00:00,0.30779486936015676
2014-02-07 00:00:00,0.30779486936015676
2014-02-10 00:00:00,0.30779486936015676
2014-02-11 00:00:00,0.30779486936015676
2014-02-12 00:00:00,0.30779486936015676
2014-02-13 00:00:00,0.30779486936015676
2014-02-14 00:00:00,0.30779486936015676
2014-02-18 00:00:00,0.30779486936015676
2014-02-19 00:00:00,0.30779486936015676
2014-02-20 00:00:00,0.3090786530096402
2014-02-21 00:00:00,0.3083566344654647
2014-02-24 00:00:00,0.3082528836787521
2014-02-25 00:00:00,0.30779371022130114
2014-02-26 00:00:00,0.30931159188024415
2014-02-27 00:00:00,0.3078227642245475
2014-02-28 00:00:00,0.3059570153300872
2014-03-03 00:00:00,0.30594189538648536
2014-03-04 00:00:00,0.3076884535297846
2014-03-05 00:00:00,0.30776228445014014
2014-03-06 00:00:00,0.3058965355556798
2014-03-07 00:00:00,0.3051278042486828
2014-03-10 00:00:00,0.3049917082684289
2014-03-11 00:00:00,0.3050370901170386
2014-03-12 00:00:00,0.3037277490034184
2014-03-13 00:00:00,0.3037277490034184
2014-03-14 00:00:00,0.30322220930783034
2014-03-17 00:00:00,0.3036928377679008
2014-03-18 00:00:00,0.3042659542344446
2014-03-19 00:00:00,0.3043871231402569
2014-03-20 00:00:00,0.30731972701599025
2014-03-21 00:00:00,0.30740414390600723
2014-03-24 00:00:00,0.30752241074091546
2014-03-25 00:00:00,0.3082492385529372
2014-03-26 00:00:00,0.3079615623663852
2014-03-27 00:00:00,0.30811305179608134
2014-03-28 00:00:00,0.30843291480503715
2014-03-31 00:00:00,0.3074351326521214
2014-04-01 00:00:00,0.30690808344012754
2014-04-02 00:00:00,0.30841423798235895
2014-04-03 00:00:00,0.31001384035983726
2014-04-04 00:00:00,0.31001384035983726
2014-04-07 00:00:00,0.31038651758587354
2014-04-08 00:00:00,0.31038651758587354
2014-04-09 00:00:00,0.31038651758587354
2014-04-10 00:00:00,0.31038651758587354
2014-04-11 00:00:00,0.31038651758587354
2014-04-14 00:00:00,0.31038651758587354
2014-04-15 00:00:00,0.31038651758587354
2014-04-16 00:00:00,0.31038651758587354
2014-04-17 00:00:00,0.31038651758587354
2014-04-18 00:00:00,0.31038651758587354
2014-04-21 00:00:00,0.31038651758587354
2014-04-22 00:00:00,0.31038651758587354
2014-04-23 00:00:00,0.31038651758587354
2014-04-24 00:00:00,0.31038651758587354
2014-04-25 00:00:00,0.31038651758587354
2014-04-28 00:00:00,0.31038651758587354
2014-04-29 00:00:00,0.31038651758587354
2014-04-30 00:00:00,0.31038651758587354
2014-05-01 00:00:00,0.31038651758587354
2014-05-02 00:00:00,0.31038651758587354
2014-05-05 00:00:00,0.31038651758587354
2014-05-06 00:00:00,0.31038651758587354
2014-05-07 00:00:00,0.31038651758587354
2014-05-08 00:00:00,0.3111161424299362
2014-05-09 00:00:00,0.3132516358462153
2014-05-12 00:00:00,0.31360970171854013
2014-05-13 00:00:00,0.31360970171854013
2014-05-14 00:00:00,0.31360970171854013
2014-05-15 00:00:00,0.3134687218571247
2014-05-16 00:00:00,0.31304654176034746
2014-05-19 00:00:00,0.31283587786952627
2014-05-20 00:00:00,0.31283587786952627
2014-05-21 00:00:00,0.31161263401683564
2014-05-22 00:00:00,0.3117171085253348
2014-05-23 00:00:00,0.3113691322934467
2014-05-27 00:00:00,0.31071011329895243
2014-05-28 00:00:00,0.31053715064403203
2014-05-29 00:00:00,0.31095258495927486
2014-05-30 00:00:00,0.31185651689229604
2014-06-02 00:00:00,0.3106063125929506
2014-06-03 00:00:00,0.31116071921962246
2014-06-04 00:00:00,0.3114386653734587
2014-06-05 00:00:00,0.31185651689229604
2014-06-06 00:00:00,0.31206586340173365
2014-06-09 00:00:00,0.31081398340591665
2014-06-10 00:00:00,0.30995979515581346
2014-06-11 00:00:00,0.30995979515581346
2014-06-12 00:00:00,0.3105119390794933
2014-06-13 00:00:00,0.30961570124467247
2014-06-16 00:00:00,0.3109620065572538
2014-06-17 00:00:00,0.30995979515581346
2014-06-18 00:00:00,0.31071950053609737
2014-06-19 00:00:00,0.3122501384697727
2014-06-20 00:00:00,0.3112743567870546
2014-06-23 00:00:00,0.31169180116361306
2014-06-24 00:00:00,0.31144815598124054
2014-06-25 00:00:00,0.3127403270701961
2014-06-26 00:00:00,0.3121221958532376
2014-06-27 00:00:00,0.3121221958532376
2014-06-30 00:00:00,0.3121221958532376
2014-07-01 00:00:00,0.312119674498923
2014-07-02 00:00:00,0.312119674498923
2014-07-03 00:00:00,0.3127205375216684
2014-07-07 00:00:00,0.3127205375216684
2014-07-08 00:00:00,0.3127205375216684
2014-07-09 00:00:00,0.3127205375216684
2014-07-10 00:00:00,0.3127205375216684
2014-07-11 00:00:00,0.3127205375216684
2014-07-14 00:00:00,0.3127205375216684
2014-07-15 00:00:00,0.3127205375216684
2014-07-16 00:00:00,0.3127205375216684
2014-07-17 00:00:00,0.3127205375216684
2014-07-18 00:00:00,0.3123751410362006
2014-07-21 00:00:00,0.3125692751117638
2014-07-22 00:00:00,0.3116666298419299
2014-07-23 00:00:00,0.3116238563146001
2014-07-24 00:00:00,0.3116238563146001
2014-07-25 00:00:00,0.31117587632372334
2014-07-28 00:00:00,0.3113462898696292
2014-07-29 00:00:00,0.31068761229182434
2014-07-30 00:00:00,0.3100965366698657
2014-07-31 00:00:00,0.310307216905547
2014-08-01 00:00:00,0.31111204893586064
2014-08-04 00:00:00,0.31068761229182434
2014-08-05 00:00:00,0.30997035073569296
2014-08-06 00:00:00,0.3101175838454721
2014-08-07 00:00:00,0.310307216905547
2014-08-08 00:00:00,0.31106952085311895
2014-08-11 00:00:00,0.3107935458335666
2014-08-12 00:00:00,0.3103916189061529
2014-08-13 00:00:00,0.31045496921269866
2014-08-14 00:00:00,0.310942049311827
2014-08-15 00:00:00,0.311581101742966
2014-08-18 00:00:00,0.31072997168687444
2014-08-19 00:00:00,0.3102439641574859
2014-08-20 00:00:00,0.3096765628608704
2014-08-21 00:00:00,0.30976041013406225
2014-08-22 00:00:00,0.3090751296390187
2014-08-25 00:00:00,0.3090751296390187
2014-08-26 00:00:00,0.3082996602399026
2014-08-27 00:00:00,0.30893998528849875
2014-08-28 00:00:00,0.3088724574228619
2014-08-29 00:00:00,0.3080644196009578
2014-09-02 00:00:00,0.3073274233818168
2014-09-03 00:00:00,0.3076619840430206
2014-09-04 00:00:00,0.30291821189009793
2014-09-05 00:00:00,0.30291821189009793
2014-09-08 00:00:00,0.3024696998127291
2014-09-09 00:00:00,0.3024696998127291
2014-09-10 00:00:00,0.30128282057474937
2014-09-11 00:00:00,0.30128282057474937
2014-09-12 00:00:00,0.301670032082396
2014-09-15 00:00:00,0.3014440378374713
2014-09-16 00:00:00,0.30241497633168685
2014-09-17 00:00:00,0.3013795302325414
2014-09-18 00:00:00,0.3014440378374713
2014-09-19 00:00:00,0.29952074537998
2014-09-22 00:00:00,0.29932976509599707
2014-09-23 00:00:00,0.30009515124156527
2014-09-24 00:00:00,0.29809859351009815
2014-09-25 00:00:00,0.29809859351009815
2014-09-26 00:00:00,0.29809859351009815
2014-09-29 00:00:00,0.29848531085892427
2014-09-30 00:00:00,0.2970477617708953
2014-10-01 00:00:00,0.29674190528726063
2014-10-02 00:00:00,0.29761049876814927
2014-10-03 00:00:00,0.2940494863776095
2014-10-06 00:00:00,0.2940494863776095
2014-10-07 00:00:00,0.29442653933807844
2014-10-08 00:00:00,0.29522348358470063
2014-10-09 00:00:00,0.29558631000149327
2014-10-10 00:00:00,0.2951472826925099
2014-10-14 00:00:00,0.29575867978387943
2014-10-15 00:00:00,0.29753952594963473
2014-10-16 00:00:00,0.29791164085183314
2014-10-17 00:00:00,0.29707162081279
2014-10-20 00:00:00,0.29765687405928837
2014-10-21 00:00:00,0.2967997700008434
2014-10-22 00:00:00,0.29587377384284236
2014-10-23 00:00:00,0.29577785206812895
2014-10-24 00:00:00,0.2961814010438152
2014-10-27 00:00:00,0.2967609996886256
2014-10-28 00:00:00,0.2971689053268703
2014-10-29 00:00:00,0.2973832935531174
2014-10-30 00:00:00,0.29545246918032914
2014-10-31 00:00:00,0.2941059444063676
2014-11-03 00:00:00,0.29350553427295045
2014-11-04 00:00:00,0.2946156552091431
2014-11-05 00:00:00,0.29378648020366915
2014-11-06 00:00:00,0.2926308625056857
2014-11-07 00:00:00,0.29296484003921974
2014-11-10 00:00:00,0.29307644195526117
2014-11-12 00:00:00,0.29359908587129685
2014-11-13 00:00:00,0.2938991035360789
2014-11-14 00:00:00,0.29423781680285205
2014-11-17 00:00:00,0.29354294328254504
2014-11-18 00:00:00,0.2948620959035688
2014-11-19 00:00:00,0.2950711454868149
2014-11-20 00:00:00,0.2946156552091431
2014-11-21 00:00:00,0.29274205057068653
2014-11-24 00:00:00,0.29311367335098065
2014-11-25 00:00:00,0.2936927344645612
2014-11-26 00:00:00,0.2942755299019447
2014-11-28 00:00:00,0.29344944980883514
2014-12-01 00:00:00,0.2939554678245448
2014-12-02 00:00:00,0.2922981219259796
2014-12-03 00:00:00,0.29121606004079365
2014-12-04 00:00:00,0.2931509201411164
2014-12-05 00:00:00,0.2913437571114071
2014-12-08 00:00:00,0.2912342912854834
2014-12-09 00:00:00,0.29303922594441595
2014-12-10 00:00:00,0.29303922594441595
2014-12-11 00:00:00,0.2928905155592136
2014-12-12 00:00:00,0.29416243764803357
2014-12-15 00:00:00,0.2938823462661328
2014-12-16 00:00:00,0.2938823462661328
2014-12-17 00:00:00,0.2938823462661328
2014-12-18 00:00:00,0.2938823462661328
2014-12-19 00:00:00,0.2938823462661328
2014-12-22 00:00:00,0.29424146929619327
2014-12-23 00:00:00,0.29269157500897663
2014-12-24 00:00:00,0.29289926289798457
2014-12-29 00:00:00,0.2925137911002853
2014-12-30 00:00:00,0.29245457778224876
2014-12-31 00:00:00,0.2907766660278111
2015-01-02 00:00:00,0.2907766660278111
2015-01-05 00:00:00,0.2885257015117724
2015-01-06 00:00:00,0.2885257015117724
2015-01-07 00:00:00,0.2856561203024849
2015-01-08 00:00:00,0.2856561203024849
2015-01-09 00:00:00,0.28616265268012697
2015-01-12 00:00:00,0.286190846044923
2015-01-13 00:00:00,0.28484192330672126
2015-01-14 00:00:00,0.28484192330672126
2015-01-15 00:00:00,0.28484192330672126
2015-01-16 00:00:00,0.28484192330672126
2015-01-20 00:00:00,0.28484192330672126
2015-01-21 00:00:00,0.28484192330672126
2015-01-22 00:00:00,0.28484192330672126
2015-01-23 00:00:00,0.28484192330672126
2015-01-26 00:00:00,0.2898380114301493
2015-01-27 00:00:00,0.29097564982739843
2015-01-28 00:00:00,0.291238865469444
2015-01-29 00:00:00,0.29476701867066735
2015-01-30 00:00:00,0.2944300664726164
2015-02-02 00:00:00,0.2954728328621294
2015-02-03 00:00:00,0.29489536507871394
2015-02-04 00:00:00,0.2949651051821611
2015-02-05 00:00:00,0.29515616565954245
2015-02-06 00:00:00,0.29473957184339195
2015-02-09 00:00:00,0.2953354441538218
2015-02-10 00:00:00,0.2954249198729864
2015-02-11 00:00:00,0.2959160491451708
2015-02-12 00:00:00,0.2958044261302922
2015-02-13 00:00:00,0.2962933954999342
2015-02-17 00:00:00,0.2970374019349823
2015-02-18 00:00:00,0.2989255639547336
2015-02-19 00:00:00,0.2989255639547336
2015-02-20 00:00:00,0.2989255639547336
2015-02-23 00:00:00,0.2989255639547336
2015-02-24 00:00:00,0.2989255639547336
2015-02-25 00:00:00,0.29896515982479777
2015-02-26 00:00:00,0.29896515982479777
2015-02-27 00:00:00,0.29896515982479777
2015-03-02 00:00:00,0.2988662593667218
2015-03-03 00:00:00,0.2988662593667218
2015-03-04 00:00:00,0.2988662593667218
2015-03-05 00:00:00,0.29861945272664775
2015-03-06 00:00:00,0.29861945272664775
2015-03-09 00:00:00,0.2985409029097511
2015-03-10 00:00:00,0.29818843457370847
2015-03-11 00:00:00,0.2979693777480586
2015-03-12 00:00:00,0.2980812891482311
2015-03-13 00:00:00,0.29804482020031287
2015-03-16 00:00:00,0.2979693777480586
2015-03-17 00:00:00,0.2980644455907809
2015-03-18 00:00:00,0.29831351992224076
2015-03-19 00:00:00,0.29840231446151416
2015-03-20 00:00:00,0.2988547429147442
2015-03-23 00:00:00,0.29913966316472484
2015-03-24 00:00:00,0.29913966316472484
2015-03-25 00:00:00,0.29913966316472484
2015-03-26 00:00:00,0.29913966316472484
2015-03-27 00:00:00,0.29913966316472484
2015-03-30 00:00:00,0.29913966316472484
2015-03-31 00:00:00,0.29913966316472484
2015-04-01 00:00:00,0.29913966316472484
2015-04-02 00:00:00,0.29913966316472484
2015-04-03 00:00:00,0.29913966316472484
2015-04-06 00:00:00,0.29913966316472484
2015-04-07 00:00:00,0.29913966316472484
2015-04-08 00:00:00,0.29913966316472484
2015-04-09 00:00:00,0.29913966316472484
2015-04-10 00:00:00,0.29913966316472484
2015-04-13 00:00:00,0.29913966316472484
2015-04-14 00:00:00,0.29913966316472484
2015-04-15 00:00:00,0.29913966316472484
2015-04-16 00:00:00,0.29913966316472484
2015-04-17 00:00:00,0.29913966316472484
2015-04-20 00:00:00,0.29913966316472484
2015-04-21 00:00:00,0.29913966316472484
2015-04-22 00:00:00,0.29913966316472484
2015-04-23 00:00:00,0.29913966316472484
2015-04-24 00:00:00,0.29913966316472484
2015-04-27 00:00:00,0.29913966316472484
2015-04-28 00:00:00,0.29913966316472484
2015-04-29 00:00:00,0.29913966316472484
2015-04-30 00:00:00,0.29913966316472484
2015-05-01 00:00:00,0.2986646262324778
2015-05-04 00:00:00,0.29877614788998247
2015-05-05 00:00:00,0.29812370361008245
2015-05-06 00:00:00,0.29733784793997936
2015-05-07 00:00:00,0.29765781616435355
2015-05-08 00:00:00,0.2981955494634159
2015-05-11 00:00:00,0.2986700648505562
2015-05-12 00:00:00,0.29813321599015713
2015-05-13 00:00:00,0.2974044991681798
2015-05-14 00:00:00,0.29728786638947946
2015-05-15 00:00:00,0.2974817737714294
2015-05-18 00:00:00,0.29786960833705445
2015-05-19 00:00:00,0.29880391502190723
2015-05-20 00:00:00,0.29898862544049215
2015-05-21 00:00:00,0.2986547004072937
2015-05-22 00:00:00,0.2992019143224318
2015-05-26 00:00:00,0.2996937828120796
2015-05-27 00:00:00,0.29970405175821335
2015-05-28 00:00:00,0.29970405175821335
2015-05-29 00:00:00,0.2998863921230695
2015-06-01 00:00:00,0.2998863921230695
2015-06-02 00:00:00,0.2998863921230695
2015-06-03 00:00:00,0.2998863921230695
2015-06-04 00:00:00,0.2998863921230695
2015-06-05 00:00:00,0.2998863921230695
2015-06-08 00:00:00,0.2998863921230695
2015-06-09 00:00:00,0.2998863921230695
2015-06-10 00:00:00,0.2998863921230695
2015-06-11 00:00:00,0.2998863921230695
2015-06-12 00:00:00,0.2998863921230695
2015-06-15 00:00:00,0.2998863921230695
2015-06-16 00:00:00,0.2998863921230695
2015-06-17 00:00:00,0.2998863921230695
2015-06-18 00:00:00,0.2998863921230695
2015-06-19 00:00:00,0.2998863921230695
2015-06-22 00:00:00,0.2996769709280969
2015-06-23 00:00:00,0.30132054248167656
2015-06-24 00:00:00,0.30154599612777994
2015-06-25 00:00:00,0.30154599612777994
2015-06-26 00:00:00,0.30154599612777994
2015-06-29 00:00:00,0.30154599612777994
2015-06-30 00:00:00,0.30154599612777994
2015-07-01 00:00:00,0.30154599612777994
2015-07-02 00:00:00,0.30154599612777994
2015-07-06 00:00:00,0.3015538762715433
2015-07-07 00:00:00,0.3015538762715433
2015-07-08 00:00:00,0.3015538762715433
2015-07-09 00:00:00,0.3012442901811507
2015-07-10 00:00:00,0.30195064439116476
2015-07-13 00:00:00,0.3012454678977514
2015-07-14 00:00:00,0.3012454678977514
2015-07-15 00:00:00,0.3012454678977514
2015-07-16 00:00:00,0.3012454678977514
2015-07-17 00:00:00,0.3012454678977514
2015-07-20 00:00:00,0.3007042275211446
2015-07-21 00:00:00,0.30169014799482713
2015-07-22 00:00:00,0.3011222411870773
2015-07-23 00:00:00,0.30191311461484077
2015-07-24 00:00:00,0.3009499389905473
2015-07-27 00:00:00,0.30151701863374825
2015-07-28 00:00:00,0.30050802545966687
2015-07-29 00:00:00,0.3007042275211446
2015-07-30 00:00:00,0.2990952431342516
2015-07-31 00:00:00,0.3005570454329968
2015-08-03 00:00:00,0.29943470980317327
2015-08-04 00:00:00,0.29815573890366537
2015-08-05 00:00:00,0.29815573890366537
2015-08-06 00:00:00,0.29821653738223464
2015-08-07 00:00:00,0.29773084269594435
2015-08-10 00:00:00,0.2970052598136634
2015-08-11 00:00:00,0.29637326969753347
2015-08-12 00:00:00,0.30181692277834665
2015-08-13 00:00:00,0.29968317609067185
2015-08-14 00:00:00,0.29907032705981157
2015-08-17 00:00:00,0.2993764379370478
2015-08-18 00:00:00,0.29956040543270757
2015-08-19 00:00:00,0.3014747267207748
2015-08-20 00:00:00,0.30401286754442963
2015-08-21 00:00:00,0.3082744307172173
2015-08-24 00:00:00,0.3128353204383757
2015-08-25 00:00:00,0.3128353204383757
2015-08-26 00:00:00,0.3127220422168982
2015-08-27 00:00:00,0.3127220422168982
2015-08-28 00:00:00,0.31266570459669785
2015-08-31 00:00:00,0.31266570459669785
2015-09-01 00:00:00,0.31266570459669785
2015-09-02 00:00:00,0.31266570459669785
2015-09-03 00:00:00,0.31266570459669785
2015-09-04 00:00:00,0.31266570459669785
2015-09-08 00:00:00,0.31266570459669785
2015-09-09 00:00:00,0.31266570459669785
2015-09-10 00:00:00,0.31266570459669785
2015-09-11 00:00:00,0.31266570459669785
2015-09-14 00:00:00,0.31266570459669785
2015-09-15 00:00:00,0.31266570459669785
2015-09-16 00:00:00,0.31266570459669785
2015-09-17 00:00:00,0.31266570459669785
2015-09-18 00:00:00,0.31266570459669785
2015-09-21 00:00:00,0.31266570459669785
2015-09-22 00:00:00,0.31266570459669785
2015-09-23 00:00:00,0.31266570459669785
2015-09-24 00:00:00,0.31266570459669785
2015-09-25 00:00:00,0.31266570459669785
2015-09-28 00:00:00,0.31266570459669785
2015-09-29 00:00:00,0.31266570459669785
2015-09-30 00:00:00,0.31266570459669785
2015-10-01 00:00:00,0.31266570459669785
2015-10-02 00:00:00,0.31266570459669785
2015-10-05 00:00:00,0.31266570459669785
2015-10-06 00:00:00,0.31266570459669785
2015-10-07 00:00:00,0.31266570459669785
2015-10-08 00:00:00,0.31266570459669785
2015-10-09 00:00:00,0.31266570459669785
2015-10-13 00:00:00,0.31266570459669785
2015-10-14 00:00:00,0.311376265023376
2015-10-15 00:00:00,0.3108964385377336
2015-10-16 00:00:00,0.3116759264888926
2015-10-19 00:00:00,0.3120665216863024
2015-10-20 00:00:00,0.31172449177597417
2015-10-21 00:00:00,0.3122142781177702
2015-10-22 00:00:00,0.3144925349140407
2015-10-23 00:00:00,0.3153802850036094
2015-10-26 00:00:00,0.3153802850036094
2015-10-27 00:00:00,0.3153802850036094
2015-10-28 00:00:00,0.3153802850036094
2015-10-29 00:00:00,0.3141049019962145
2015-10-30 00:00:00,0.31518882867420467
2015-11-02 00:00:00,0.3152845082607254
2015-11-03 00:00:00,0.3139726468192705
2015-11-04 00:00:00,0.313765193872047
2015-11-05 00:00:00,0.31318301810827104
2015-11-06 00:00:00,0.31156694297771687
2015-11-09 00:00:00,0.31156694297771687
2015-11-10 00:00:00,0.30974256329970123
2015-11-12 00:00:00,0.31166028238543936
2015-11-13 00:00:00,0.30937411457254066
2015-11-16 00:00:00,0.3096503688667318
2015-11-17 00:00:00,0.3068163605600205
2015-11-18 00:00:00,0.3068163605600205
2015-11-19 00:00:00,0.30857132593600484
2015-11-20 00:00:00,0.3072683143465667
2015-11-23 00:00:00,0.30660590347781375
2015-11-24 00:00:00,0.3079335936414811
2015-11-25 00:00:00,0.3061558948132181
2015-11-27 00:00:00,0.3035385465514233
2015-11-30 00:00:00,0.3035385465514233
2015-12-01 00:00:00,0.3032969124097538
2015-12-02 00:00:00,0.3036769188711557
2015-12-03 00:00:00,0.3086229333423681
2015-12-04 00:00:00,0.308805978644198
2015-12-07 00:00:00,0.30807598828429716
2015-12-08 00:00:00,0.30965273074184596
2015-12-09 00:00:00,0.3109781537726436
2015-12-10 00:00:00,0.3109781537726436
2015-12-11 00:00:00,0.31069487768173626
2015-12-14 00:00:00,0.31069487768173626
2015-12-15 00:00:00,0.31116484228050445
2015-12-16 00:00:00,0.31116484228050445
2015-12-17 00:00:00,0.31116484228050445
2015-12-18 00:00:00,0.31116484228050445
2015-12-21 00:00:00,0.31116484228050445
2015-12-22 00:00:00,0.31116484228050445
2015-12-23 00:00:00,0.31116484228050445
2015-12-24 00:00:00,0.31116484228050445
2015-12-28 00:00:00,0.31116484228050445
2015-12-29 00:00:00,0.31116484228050445
2015-12-30 00:00:00,0.31116484228050445
2015-12-31 00:00:00,0.31116484228050445
2016-01-04 00:00:00,0.31116484228050445
2016-01-05 00:00:00,0.31083887926875475
2016-01-06 00:00:00,0.31091101379570596
2016-01-07 00:00:00,0.3113108427049238
2016-01-08 00:00:00,0.31157435828775704
2016-01-11 00:00:00,0.31157435828775704
2016-01-12 00:00:00,0.31157435828775704
2016-01-13 00:00:00,0.31157435828775704
2016-01-14 00:00:00,0.31157435828775704
2016-01-15 00:00:00,0.31157435828775704
2016-01-19 00:00:00,0.31157435828775704
2016-01-20 00:00:00,0.31157435828775704
2016-01-21 00:00:00,0.31157435828775704
2016-01-22 00:00:00,0.31157435828775704
2016-01-25 00:00:00,0.31157435828775704
2016-01-26 00:00:00,0.3110844387878778
2016-01-27 00:00:00,0.3112393516869566
2016-01-28 00:00:00,0.31174255579958576
2016-01-29 00:00:00,0.31064568865279246
2016-02-01 00:00:00,0.3109299206874047
2016-02-02 00:00:00,0.3111797229845957
2016-02-03 00:00:00,0.3125174144632434
2016-02-04 00:00:00,0.31426085490046746
2016-02-05 00:00:00,0.31426085490046746
2016-02-08 00:00:00,0.3136171085353379
2016-02-09 00:00:00,0.3115829479680011
2016-02-10 00:00:00,0.31230890404233114
2016-02-11 00:00:00,0.3113941052478458
2016-02-12 00:00:00,0.31215930061574987
2016-02-16 00:00:00,0.31357089006048294
2016-02-17 00:00:00,0.3140694527602606
2016-02-18 00:00:00,0.31423013984138704
2016-02-19 00:00:00,0.31362343040109225
2016-02-22 00:00:00,0.31362343040109225
2016-02-23 00:00:00,0.31362343040109225
2016-02-24 00:00:00,0.31362343040109225
2016-02-25 00:00:00,0.31362343040109225
2016-02-26 00:00:00,0.31362343040109225
2016-02-29 00:00:00,0.31362343040109225
2016-03-01 00:00:00,0.31362343040109225
2016-03-02 00:00:00,0.31362343040109225
2016-03-03 00:00:00,0.31362343040109225
2016-03-04 00:00:00,0.31362343040109225
2016-03-07 00:00:00,0.31362343040109225
2016-03-08 00:00:00,0.31362343040109225
2016-03-09 00:00:00,0.31362343040109225
2016-03-10 00:00:00,0.31362343040109225
2016-03-11 00:00:00,0.31362343040109225
2016-03-14 00:00:00,0.31362343040109225
2016-03-15 00:00:00,0.31350782030717494
2016-03-16 00:00:00,0.3138638716961593
2016-03-17 00:00:00,0.31112804871463656
2016-03-18 00:00:00,0.3111483839511904
2016-03-21 00:00:00,0.3110847772180412
2016-03-22 00:00:00,0.31145400526322586
2016-03-23 00:00:00,0.31180729857326883
2016-03-24 00:00:00,0.3122824960327381
2016-03-25 00:00:00,0.3124670224242757
2016-03-28 00:00:00,0.3117982174730121
2016-03-29 00:00:00,0.3119564774342157
2016-03-30 00:00:00,0.31044084677191164
2016-03-31 00:00:00,0.3096408515823894
2016-04-01 00:00:00,0.3096408515823894
2016-04-04 00:00:00,0.30986189700039724
2016-04-05 00:00:00,0.3091922721871327
2016-04-06 00:00:00,0.3082547989554671
2016-04-07 00:00:00,0.3086367860362039
2016-04-08 00:00:00,0.30819946512680946
2016-04-11 00:00:00,0.3082379731657441
2016-04-12 00:00:00,0.3084350759356511
2016-04-13 00:00:00,0.31116451581488114
2016-04-14 00:00:00,0.31156296518199234
2016-04-15 00:00:00,0.31162579729422596
2016-04-18 00:00:00,0.31073290294455935
2016-04-19 00:00:00,0.3097554261378948
2016-04-20 00:00:00,0.31160824851012947
2016-04-21 00:00:00,0.31289972173132696
2016-04-22 00:00:00,0.314127440398858
2016-04-25 00:00:00,0.314127440398858
2016-04-26 00:00:00,0.31427348892312096
2016-04-27 00:00:00,0.31427348892312096
2016-04-28 00:00:00,0.31427348892312096
2016-04-29 00:00:00,0.31427348892312096
2016-05-02 00:00:00,0.31427348892312096
2016-05-03 00:00:00,0.31427348892312096
2016-05-04 00:00:00,0.31427348892312096
2016-05-05 00:00:00,0.31427348892312096
2016-05-06 00:00:00,0.31427348892312096
2016-05-09 00:00:00,0.31427348892312096
2016-05-10 00:00:00,0.31427348892312096
2016-05-11 00:00:00,0.31427348892312096
2016-05-12 00:00:00,0.31427348892312096
2016-05-13 00:00:00,0.31427348892312096
2016-05-16 00:00:00,0.31427348892312096
2016-05-17 00:00:00,0.31427348892312096
2016-05-18 00:00:00,0.31427348892312096
2016-05-19 00:00:00,0.31427348892312096
2016-05-20 00:00:00,0.3139324926975167
2016-05-23 00:00:00,0.313945574881112
2016-05-24 00:00:00,0.3138018157800123
2016-05-25 00:00:00,0.314089653188936
2016-05-26 00:00:00,0.31422091136187325
2016-05-27 00:00:00,0.31398483726350374
2016-05-31 00:00:00,0.3137496186782751
2016-06-01 00:00:00,0.3142997936492244
2016-06-02 00:00:00,0.3141683762789622
2016-06-03 00:00:00,0.3157765723307218
2016-06-06 00:00:00,0.3166024963823288
2016-06-07 00:00:00,0.3173446549586303
2016-06-08 00:00:00,0.3173446549586303
2016-06-09 00:00:00,0.3179719265339883
2016-06-10 00:00:00,0.31786570637288136
2016-06-13 00:00:00,0.31827860710771366
2016-06-14 00:00:00,0.31792170690612326
2016-06-15 00:00:00,0.31792170690612326
2016-06-16 00:00:00,0.31792170690612326
2016-06-17 00:00:00,0.31792170690612326
2016-06-20 00:00:00,0.31792170690612326
2016-06-21 00:00:00,0.31792170690612326
2016-06-22 00:00:00,0.31792170690612326
2016-06-23 00:00:00,0.31792170690612326
2016-06-24 00:00:00,0.31792170690612326
2016-06-27 00:00:00,0.31792170690612326
2016-06-28 00:00:00,0.31792170690612326
2016-06-29 00:00:00,0.31792170690612326
2016-06-30 00:00:00,0.31792170690612326
2016-07-01 00:00:00,0.31792170690612326
2016-07-05 00:00:00,0.31792170690612326
2016-07-06 00:00:00,0.31792170690612326
2016-07-07 00:00:00,0.31792170690612326
2016-07-08 00:00:00,0.31792170690612326
2016-07-11 00:00:00,0.31792170690612326
2016-07-12 00:00:00,0.3173800082614753
2016-07-13 00:00:00,0.3178659503323939
2016-07-14 00:00:00,0.3182572015906355
2016-07-15 00:00:00,0.3178659503323939
2016-07-18 00:00:00,0.3180333562944463
2016-07-19 00:00:00,0.31764337688274535
2016-07-20 00:00:00,0.3173385164144729
2016-07-21 00:00:00,0.3173800082614753
2016-07-22 00:00:00,0.31711765177689694
2016-07-25 00:00:00,0.3173800082614753
2016-07-26 00:00:00,0.31662331024829576
2016-07-27 00:00:00,0.3164593257798709
2016-07-28 00:00:00,0.3182572015906355
2016-07-29 00:00:00,0.31986106404887465
2016-08-01 00:00:00,0.31986106404887465
2016-08-02 00:00:00,0.31942940897435024
2016-08-03 00:00:00,0.3205194644025303
2016-08-04 00:00:00,0.3208388918352897
2016-08-05 00:00:00,0.3216439380377354
2016-08-08 00:00:00,0.3216439380377354
2016-08-09 00:00:00,0.3216439380377354
2016-08-10 00:00:00,0.3216439380377354
2016-08-11 00:00:00,0.3216439380377354
2016-08-12 00:00:00,0.3216439380377354
2016-08-15 00:00:00,0.3216439380377354
2016-08-16 00:00:00,0.3216439380377354
2016-08-17 00:00:00,0.3216439380377354
2016-08-18 00:00:00,0.3205188215559635
2016-08-19 00:00:00,0.3208244744021832
2016-08-22 00:00:00,0.3213550405051346
2016-08-23 00:00:00,0.3212933266589995
2016-08-24 00:00:00,0.32216539937152844
2016-08-25 00:00:00,0.322344752438243
2016-08-26 00:00:00,0.322916469276911
2016-08-29 00:00:00,0.32390643315981316
2016-08-30 00:00:00,0.32390643315981316
2016-08-31 00:00:00,0.32390643315981316
2016-09-01 00:00:00,0.32390643315981316
2016-09-02 00:00:00,0.32390643315981316
2016-09-06 00:00:00,0.32390643315981316
2016-09-07 00:00:00,0.32390643315981316
2016-09-08 00:00:00,0.32390643315981316
2016-09-09 00:00:00,0.32390643315981316
2016-09-12 00:00:00,0.32390643315981316
2016-09-13 00:00:00,0.32390643315981316
2016-09-14 00:00:00,0.32390643315981316
2016-09-15 00:00:00,0.32390643315981316
2016-09-16 00:00:00,0.32390643315981316
2016-09-19 00:00:00,0.32390643315981316
2016-09-20 00:00:00,0.32390643315981316
2016-09-21 00:00:00,0.32390643315981316
2016-09-22 00:00:00,0.32390643315981316
2016-09-23 00:00:00,0.32390643315981316
2016-09-26 00:00:00,0.3232898167321188
2016-09-27 00:00:00,0.3241706412681164
2016-09-28 00:00:00,0.3242152444100381
2016-09-29 00:00:00,0.3242152444100381
2016-09-30 00:00:00,0.3242152444100381
2016-10-03 00:00:00,0.32499934366262356
2016-10-04 00:00:00,0.325623418829898
2016-10-05 00:00:00,0.325623418829898
2016-10-06 00:00:00,0.325623418829898
2016-10-07 00:00:00,0.325623418829898
2016-10-11 00:00:00,0.325623418829898
2016-10-12 00:00:00,0.325623418829898
2016-10-13 00:00:00,0.32667913812093713
2016-10-14 00:00:00,0.325623418829898
2016-10-17 00:00:00,0.32634849122000503
2016-10-18 00:00:00,0.32615042416079804
2016-10-19 00:00:00,0.3258867084347736
2016-10-20 00:00:00,0.32516368427326037
2016-10-21 00:00:00,0.324020007361436
2016-10-24 00:00:00,0.3250325698844405
2016-10-25 00:00:00,0.3243785808102263
2016-10-26 00:00:00,0.3248033739552382
2016-10-27 00:00:00,0.3243785808102263
2016-10-28 00:00:00,0.3246398603759213
2016-10-31 00:00:00,0.32601851296801315
2016-11-01 00:00:00,0.32934863056727776
2016-11-02 00:00:00,0.33227249061105346
2016-11-03 00:00:00,0.33227249061105346
2016-11-04 00:00:00,0.33142112181389527
2016-11-07 00:00:00,0.33142112181389527
2016-11-08 00:00:00,0.3313683131776366
2016-11-09 00:00:00,0.3313683131776366
2016-11-10 00:00:00,0.3313683131776366
2016-11-14 00:00:00,0.3313683131776366
2016-11-15 00:00:00,0.3313683131776366
2016-11-16 00:00:00,0.3313683131776366
2016-11-17 00:00:00,0.3304119356814034
2016-11-18 00:00:00,0.3288067842481451
2016-11-21 00:00:00,0.3288067842481451
2016-11-22 00:00:00,0.32919744577398447
2016-11-23 00:00:00,0.3272836149869039
2016-11-25 00:00:00,0.3272836149869039
2016-11-28 00:00:00,0.3265747904614351
2016-11-29 00:00:00,0.32741282288859624
2016-11-30 00:00:00,0.32564510861954044
2016-12-01 00:00:00,0.3276068261413449
2016-12-02 00:00:00,0.3281252939176319
2016-12-05 00:00:00,0.32835263995914665
2016-12-06 00:00:00,0.3286779670570948
2016-12-07 00:00:00,0.329592322057353
2016-12-08 00:00:00,0.32670343918724226
2016-12-09 00:00:00,0.3257410370686625
2016-12-12 00:00:00,0.32660694314337485
2016-12-13 00:00:00,0.3278658550610059
2016-12-14 00:00:00,0.3284826934852221
2016-12-15 00:00:00,0.32091465810374253
2016-12-16 00:00:00,0.32091465810374253
2016-12-19 00:00:00,0.3214161508103432
2016-12-20 00:00:00,0.320540587075414
2016-12-21 00:00:00,0.3208521914254915
2016-12-22 00:00:00,0.32110235077958066
2016-12-23 00:00:00,0.3207585826625144
2016-12-27 00:00:00,0.32050949330022444
2016-12-28 00:00:00,0.32005998880597086
2016-12-29 00:00:00,0.32135329264582335
2016-12-30 00:00:00,0.3224604563103569
2017-01-03 00:00:00,0.32078977342573506
2017-01-04 00:00:00,0.3213847155823887
2017-01-05 00:00:00,0.32330893906951036
2017-01-06 00:00:00,0.32257179169967715
2017-01-09 00:00:00,0.32257179169967715
2017-01-10 00:00:00,0.32257179169967715
2017-01-11 00:00:00,0.32257179169967715
2017-01-12 00:00:00,0.32257179169967715
2017-01-13 00:00:00,0.32257179169967715
2017-01-17 00:00:00,0.32213586133611394
2017-01-18 00:00:00,0.32213586133611394
2017-01-19 00:00:00,0.3225743008393266
2017-01-23 00:00:00,0.3225743008393266
2017-01-24 00:00:00,0.3225743008393266
2017-01-25 00:00:00,0.3225301826226791
2017-01-26 00:00:00,0.3225301826226791
2017-01-27 00:00:00,0.3225301826226791
2017-01-30 00:00:00,0.3225301826226791
2017-01-31 00:00:00,0.3225301826226791
2017-02-01 00:00:00,0.3225301826226791
2017-02-02 00:00:00,0.3221584551690785
2017-02-03 00:00:00,0.32231564651336386
2017-02-06 00:00:00,0.3225533392766864
2017-02-07 00:00:00,0.32291057064432516
2017-02-08 00:00:00,0.32254177898717895
2017-02-09 00:00:00,0.32332918646935943
2017-02-10 00:00:00,0.32347259983377935
2017-02-13 00:00:00,0.3237243671977535
2017-02-14 00:00:00,0.32386593789770995
2017-02-15 00:00:00,0.32386593789770995
2017-02-16 00:00:00,0.32386593789770995
2017-02-17 00:00:00,0.32386593789770995
2017-02-21 00:00:00,0.32386593789770995
2017-02-22 00:00:00,0.32386593789770995
2017-02-23 00:00:00,0.3242998535824861
2017-02-24 00:00:00,0.3242998535824861
2017-02-27 00:00:00,0.3242998535824861
2017-02-28 00:00:00,0.3242998535824861
2017-03-01 00:00:00,0.3242998535824861
2017-03-02 00:00:00,0.3242998535824861
2017-03-03 00:00:00,0.3242998535824861
2017-03-06 00:00:00,0.3242998535824861
2017-03-07 00:00:00,0.3242998535824861
2017-03-08 00:00:00,0.3242998535824861
2017-03-09 00:00:00,0.3242998535824861
2017-03-10 00:00:00,0.32455728921794597
2017-03-13 00:00:00,0.32455728921794597
2017-03-14 00:00:00,0.32455728921794597
2017-03-15 00:00:00,0.32455728921794597
2017-03-16 00:00:00,0.32455728921794597
2017-03-17 00:00:00,0.32455728921794597
2017-03-20 00:00:00,0.32436063552684974
2017-03-21 00:00:00,0.3238804558001912
2017-03-22 00:00:00,0.3233022620921164
2017-03-23 00:00:00,0.3236732523360615
2017-03-24 00:00:00,0.32344288046172065
2017-03-27 00:00:00,0.3221566047132615
2017-03-28 00:00:00,0.3224689204756032
2017-03-29 00:00:00,0.32429792489174986
2017-03-30 00:00:00,0.3243359323495334
2017-03-31 00:00:00,0.32477952640420416
2017-04-03 00:00:00,0.32520467258825597
2017-04-04 00:00:00,0.32520467258825597
2017-04-05 00:00:00,0.32520467258825597
2017-04-06 00:00:00,0.32520467258825597
2017-04-07 00:00:00,0.32520467258825597
2017-04-10 00:00:00,0.32520467258825597
2017-04-11 00:00:00,0.32520467258825597
2017-04-12 00:00:00,0.32520467258825597
2017-04-13 00:00:00,0.32520467258825597
2017-04-14 00:00:00,0.32520467258825597
2017-04-17 00:00:00,0.32520467258825597
2017-04-18 00:00:00,0.32520467258825597
2017-04-19 00:00:00,0.32520467258825597
2017-04-20 00:00:00,0.32520467258825597
2017-04-21 00:00:00,0.32520467258825597
2017-04-24 00:00:00,0.32520467258825597
2017-04-25 00:00:00,0.32520467258825597
2017-04-26 00:00:00,0.32520467258825597
2017-04-27 00:00:00,0.3250198553131809
2017-04-28 00:00:00,0.3249314804240392
2017-05-01 00:00:00,0.32513296469965997
2017-05-02 00:00:00,0.3243079344854425
2017-05-03 00:00:00,0.32429689525199357
2017-05-04 00:00:00,0.3238371694064986
2017-05-05 00:00:00,0.3235519933750459
2017-05-08 00:00:00,0.32553982986649477
2017-05-09 00:00:00,0.32727855347908935
2017-05-10 00:00:00,0.32727855347908935
2017-05-11 00:00:00,0.32785302855695864
2017-05-12 00:00:00,0.32898971603302934
2017-05-15 00:00:00,0.3298783477999192
2017-05-16 00:00:00,0.3298783477999192
2017-05-17 00:00:00,0.3298783477999192
2017-05-18 00:00:00,0.3298783477999192
2017-05-19 00:00:00,0.3298783477999192
2017-05-22 00:00:00,0.32915054386142134
2017-05-23 00:00:00,0.32915054386142134
2017-05-24 00:00:00,0.33010873493010506
2017-05-25 00:00:00,0.3284354459720332
2017-05-26 00:00:00,0.32953252616488365
2017-05-30 00:00:00,0.3292099963406082
2017-05-31 00:00:00,0.3270538250334886
2017-06-01 00:00:00,0.3270538250334886
2017-06-02 00:00:00,0.3270538250334886
2017-06-05 00:00:00,0.3270538250334886
2017-06-06 00:00:00,0.3270538250334886
2017-06-07 00:00:00,0.3270538250334886
2017-06-08 00:00:00,0.3270538250334886
2017-06-09 00:00:00,0.3270538250334886
2017-06-12 00:00:00,0.3270538250334886
2017-06-13 00:00:00,0.3270538250334886
2017-06-14 00:00:00,0.3270538250334886
2017-06-15 00:00:00,0.3270538250334886
2017-06-16 00:00:00,0.3270538250334886
2017-06-19 00:00:00,0.3270538250334886
2017-06-20 00:00:00,0.3270538250334886
2017-06-21 00:00:00,0.3270538250334886
2017-06-22 00:00:00,0.3270538250334886
2017-06-23 00:00:00,0.3270538250334886
2017-06-26 00:00:00,0.3270538250334886
2017-06-27 00:00:00,0.3270538250334886
2017-06-28 00:00:00,0.3270538250334886
2017-06-29 00:00:00,0.3270538250334886
2017-06-30 00:00:00,0.32738895715630234
2017-07-03 00:00:00,0.3283088027943724
2017-07-05 00:00:00,0.3286996233661952
2017-07-06 00:00:00,0.32832663363478226
2017-07-07 00:00:00,0.32851655671543406
2017-07-10 00:00:00,0.3287862389946595
2017-07-11 00:00:00,0.32905510806186694
2017-07-12 00:00:00,0.3285632257907918
2017-07-13 00:00:00,0.32929202099327914
2017-07-14 00:00:00,0.3286611655372718
2017-07-17 00:00:00,0.32810701106329215
2017-07-18 00:00:00,0.32603753614379233
2017-07-19 00:00:00,0.3264783530468506
2017-07-20 00:00:00,0.3256230044349565
2017-07-21 00:00:00,0.32480204809884217
2017-07-24 00:00:00,0.3245403316635697
2017-07-25 00:00:00,0.3253616187622567
2017-07-26 00:00:00,0.3270760394767201
2017-07-27 00:00:00,0.3286002423187799
2017-07-28 00:00:00,0.3291099614458597
2017-07-31 00:00:00,0.3291099614458597
2017-08-01 00:00:00,0.3291099614458597
2017-08-02 00:00:00,0.3291099614458597
2017-08-03 00:00:00,0.3291099614458597
2017-08-04 00:00:00,0.3291099614458597
2017-08-07 00:00:00,0.3291099614458597
2017-08-08 00:00:00,0.3291099614458597
2017-08-09 00:00:00,0.3291099614458597
2017-08-10 00:00:00,0.32909992921879555
2017-08-11 00:00:00,0.32909992921879555
2017-08-14 00:00:00,0.32909992921879555
2017-08-15 00:00:00,0.32909992921879555
2017-08-16 00:00:00,0.32909992921879555
2017-08-17 00:00:00,0.32909992921879555
2017-08-18 00:00:00,0.32909992921879555
2017-08-21 00:00:00,0.32909992921879555
2017-08-22 00:00:00,0.32909992921879555
2017-08-23 00:00:00,0.32909992921879555
2017-08-24 00:00:00,0.32909992921879555
2017-08-25 00:00:00,0.32909992921879555
2017-08-28 00:00:00,0.32909992921879555
2017-08-29 00:00:00,0.3267941161746891
2017-08-30 00:00:00,0.3299536077687458
2017-08-31 00:00:00,0.3307581256014602
2017-09-01 00:00:00,0.3311378664439605
2017-09-05 00:00:00,0.3311378664439605
2017-09-06 00:00:00,0.3311378664439605
2017-09-07 00:00:00,0.3311378664439605
2017-09-08 00:00:00,0.3311378664439605
2017-09-11 00:00:00,0.3337935041271012
2017-09-12 00:00:00,0.33593091146705856
2017-09-13 00:00:00,0.3372682079018358
2017-09-14 00:00:00,0.3372682079018358
2017-09-15 00:00:00,0.3372682079018358
2017-09-18 00:00:00,0.3372682079018358
2017-09-19 00:00:00,0.3372682079018358
2017-09-20 00:00:00,0.3372682079018358
2017-09-21 00:00:00,0.3372682079018358
2017-09-22 00:00:00,0.3372682079018358
2017-09-25 00:00:00,0.3375495487744395
2017-09-26 00:00:00,0.33698756270004837
2017-09-27 00:00:00,0.3360802392105754
2017-09-28 00:00:00,0.3368941684471775
2017-09-29 00:00:00,0.3374087912177188
2017-10-02 00:00:00,0.33626576430073
2017-10-03 00:00:00,0.33633541482994045
2017-10-04 00:00:00,0.3358256390179863
2017-10-05 00:00:00,0.3349964014254794
2017-10-06 00:00:00,0.33534117495657695
2017-10-10 00:00:00,0.3361034131869049
2017-10-11 00:00:00,0.33638187237226963
2017-10-12 00:00:00,0.3357331994175101
2017-10-13 00:00:00,0.3360802392105754
2017-10-16 00:00:00,0.3363121932171028
2017-10-17 00:00:00,0.33472134219956823
2017-10-18 00:00:00,0.3344241202103185
2017-10-19 00:00:00,0.3359412951687205
2017-10-20 00:00:00,0.33374122280290075
2017-10-23 00:00:00,0.33374122280290075
2017-10-24 00:00:00,0.33279635382024336
2017-10-25 00:00:00,0.3328636669986051
2017-10-26 00:00:00,0.33068941926956186
2017-10-27 00:00:00,0.33068941926956186
2017-10-30 00:00:00,0.3313860265325431
2017-10-31 00:00:00,0.33141927151915357
2017-11-01 00:00:00,0.32979766740059446
2017-11-02 00:00:00,0.32979766740059446
2017-11-03 00:00:00,0.329078166709666
2017-11-06 00:00:00,0.32942307762346273
2017-11-07 00:00:00,0.3292505186518843
2017-11-08 00:00:00,0.3292217789612093
2017-11-09 00:00:00,0.33034690408387496
2017-11-13 00:00:00,0.3298553832575221
2017-11-14 00:00:00,0.3316269031979397
2017-11-15 00:00:00,0.33197796812085306
2017-11-16 00:00:00,0.3312766871122366
2017-11-17 00:00:00,0.33256497102946847
2017-11-20 00:00:00,0.3313641617235855
2017-11-21 00:00:00,0.3315684749865189
2017-11-22 00:00:00,0.3338647785271758
2017-11-24 00:00:00,0.3352696601809129
2017-11-27 00:00:00,0.3352696601809129
2017-11-28 00:00:00,0.33542730959092476
2017-11-29 00:00:00,0.33542730959092476
2017-11-30 00:00:00,0.33542730959092476
2017-12-01 00:00:00,0.33542730959092476
2017-12-04 00:00:00,0.33542730959092476
2017-12-05 00:00:00,0.3354708990276844
2017-12-06 00:00:00,0.3354708990276844
2017-12-07 00:00:00,0.3354708990276844
2017-12-08 00:00:00,0.3354708990276844
2017-12-11 00:00:00,0.3354708990276844
2017-12-12 00:00:00,0.3354708990276844
2017-12-13 00:00:00,0.3354708990276844
2017-12-14 00:00:00,0.3354708990276844
2017-12-15 00:00:00,0.3354708990276844
2017-12-18 00:00:00,0.3354708990276844
2017-12-19 00:00:00,0.3354708990276844
2017-12-20 00:00:00,0.3354708990276844
2017-12-21 00:00:00,0.3354708990276844
2017-12-22 00:00:00,0.3354708990276844
2017-12-26 00:00:00,0.3354708990276844
2017-12-27 00:00:00,0.3354708990276844
2017-12-28 00:00:00,0.3354708990276844
2017-12-29 00:00:00,0.3354708990276844
2018-01-02 00:00:00,0.33482375277168147
2018-01-03 00:00:00,0.3361878108383513
2018-01-04 00:00:00,0.33588863627074284
2018-01-05 00:00:00,0.3358397351936917
2018-01-08 00:00:00,0.33613506844924174
2018-01-09 00:00:00,0.338290063409611
2018-01-10 00:00:00,0.3365697678296947
2018-01-11 00:00:00,0.3365697678296947
2018-01-12 00:00:00,0.3365697678296947
2018-01-16 00:00:00,0.3365697678296947
2018-01-17 00:00:00,0.3365697678296947
2018-01-18 00:00:00,0.33539613719804817
2018-01-19 00:00:00,0.33539613719804817
2018-01-22 00:00:00,0.3362122193094066
2018-01-23 00:00:00,0.33486836463006164
2018-01-24 00:00:00,0.3295602282593983
2018-01-25 00:00:00,0.3295602282593983
2018-01-26 00:00:00,0.3295602282593983
2018-01-29 00:00:00,0.3295602282593983
2018-01-30 00:00:00,0.3295602282593983
2018-01-31 00:00:00,0.32824029058831833
2018-02-01 00:00:00,0.32824029058831833
2018-02-02 00:00:00,0.3293484314933754
2018-02-05 00:00:00,0.33093614527709947
2018-02-06 00:00:00,0.33098677421178246
2018-02-07 00:00:00,0.33338162088541284
2018-02-08 00:00:00,0.331573152607527
2018-02-09 00:00:00,0.33179635058290885
2018-02-12 00:00:00,0.33174292795262067
2018-02-13 00:00:00,0.32974200472028975
2018-02-14 00:00:00,0.3291624146589749
2018-02-15 00:00:00,0.32596211570093436
2018-02-16 00:00:00,0.32596211570093436
2018-02-20 00:00:00,0.32733158549706814
2018-02-21 00:00:00,0.32762137229275334
2018-02-22 00:00:00,0.3271882526557381
2018-02-23 00:00:00,0.32733684019534026
2018-02-26 00:00:00,0.32778173518198683
2018-02-27 00:00:00,0.3279148307522968
2018-02-28 00:00:00,0.32835569617781785
2018-03-01 00:00:00,0.3287796498638075
2018-03-02 00:00:00,0.3276097792167386
2018-03-05 00:00:00,0.3278699153979132
2018-03-06 00:00:00,0.3276931622694538
2018-03-07 00:00:00,0.3282612304583961
2018-03-08 00:00:00,0.32926638474816544
2018-03-09 00:00:00,0.3291357542556137
2018-03-12 00:00:00,0.3291357542556137
2018-03-13 00:00:00,0.32936436766046595
2018-03-14 00:00:00,0.32936436766046595
2018-03-15 00:00:00,0.32936436766046595
2018-03-16 00:00:00,0.32936436766046595
2018-03-19 00:00:00,0.32936436766046595
2018-03-20 00:00:00,0.32912687388865824
2018-03-21 00:00:00,0.32912687388865824
2018-03-22 00:00:00,0.32941766480828477
2018-03-23 00:00:00,0.32941766480828477
2018-03-26 00:00:00,0.32941766480828477
2018-03-27 00:00:00,0.32941766480828477
2018-03-28 00:00:00,0.32941766480828477
2018-03-29 00:00:00,0.32941766480828477
2018-03-30 00:00:00,0.32941766480828477
2018-04-02 00:00:00,0.32941766480828477
2018-04-03 00:00:00,0.32941766480828477
2018-04-04 00:00:00,0.32941766480828477
2018-04-05 00:00:00,0.3289622635028114
2018-04-06 00:00:00,0.3293335042566744
2018-04-09 00:00:00,0.32967088486778834
2018-04-10 00:00:00,0.32967088486778834
2018-04-11 00:00:00,0.3296225668677896
2018-04-12 00:00:00,0.3290578386339341
2018-04-13 00:00:00,0.32898614240004576
2018-04-16 00:00:00,0.3294056343548732
2018-04-17 00:00:00,0.3285696883550919
2018-04-18 00:00:00,0.32852228556109636
2018-04-19 00:00:00,0.3280034313841998
2018-04-20 00:00:00,0.32765235380564867
2018-04-23 00:00:00,0.32728024604808775
2018-04-24 00:00:00,0.32695664438132277
2018-04-25 00:00:00,0.3266807391053508
2018-04-26 00:00:00,0.32605290949272975
2018-04-27 00:00:00,0.32605290949272975
2018-04-30 00:00:00,0.3251646612275392
2018-05-01 00:00:00,0.3236621758316068
2018-05-02 00:00:00,0.3236621758316068
2018-05-03 00:00:00,0.32356486309082755
2018-05-04 00:00:00,0.3226916745547504
2018-05-07 00:00:00,0.3221121624184653
2018-05-08 00:00:00,0.3223372807428392
2018-05-09 00:00:00,0.32140561036141874
2018-05-10 00:00:00,0.32140561036141874
2018-05-11 00:00:00,0.32140561036141874
2018-05-14 00:00:00,0.32140561036141874
2018-05-15 00:00:00,0.32140561036141874
2018-05-16 00:00:00,0.32140561036141874
2018-05-17 00:00:00,0.32140561036141874
2018-05-18 00:00:00,0.32140561036141874
2018-05-21 00:00:00,0.32140561036141874
2018-05-22 00:00:00,0.32140561036141874
2018-05-23 00:00:00,0.32140561036141874
2018-05-24 00:00:00,0.32140561036141874
2018-05-25 00:00:00,0.32140561036141874
2018-05-29 00:00:00,0.32140561036141874
2018-05-30 00:00:00,0.32127044310166875
2018-05-31 00:00:00,0.32127044310166875
2018-06-01 00:00:00,0.32135209140725296
2018-06-04 00:00:00,0.32135209140725296
2018-06-05 00:00:00,0.3212385413825293
2018-06-06 00:00:00,0.3212385413825293
2018-06-07 00:00:00,0.3212385413825293
2018-06-08 00:00:00,0.32140498913454346
2018-06-11 00:00:00,0.32140498913454346
2018-06-12 00:00:00,0.32140498913454346
2018-06-13 00:00:00,0.32140498913454346
2018-06-14 00:00:00,0.32140498913454346
2018-06-15 00:00:00,0.32140498913454346
2018-06-18 00:00:00,0.32140498913454346
2018-06-19 00:00:00,0.32140498913454346
2018-06-20 00:00:00,0.32140498913454346
2018-06-21 00:00:00,0.32140498913454346
2018-06-22 00:00:00,0.32140498913454346
2018-06-25 00:00:00,0.32140498913454346
2018-06-26 00:00:00,0.32140498913454346
2018-06-27 00:00:00,0.32140498913454346
2018-06-28 00:00:00,0.32140498913454346
2018-06-29 00:00:00,0.32140498913454346
2018-07-02 00:00:00,0.3211600746868895
2018-07-03 00:00:00,0.3211600746868895
2018-07-05 00:00:00,0.3211600746868895
2018-07-06 00:00:00,0.3211600746868895
2018-07-09 00:00:00,0.3211600746868895
2018-07-10 00:00:00,0.3211600746868895
2018-07-11 00:00:00,0.3211600746868895
2018-07-12 00:00:00,0.3211600746868895
2018-07-13 00:00:00,0.3211600746868895
2018-07-16 00:00:00,0.32255761398107496
2018-07-17 00:00:00,0.3220900891598148
2018-07-18 00:00:00,0.3220382459142314
2018-07-19 00:00:00,0.3214693366881365
2018-07-20 00:00:00,0.3233405832781435
2018-07-23 00:00:00,0.3237089273176247
2018-07-24 00:00:00,0.3237089273176247
2018-07-25 00:00:00,0.3237089273176247
2018-07-26 00:00:00,0.3237089273176247
2018-07-27 00:00:00,0.3237089273176247
2018-07-30 00:00:00,0.3237089273176247
2018-07-31 00:00:00,0.3237089273176247
2018-08-01 00:00:00,0.3244287668722684
2018-08-02 00:00:00,0.32485800522148045
2018-08-03 00:00:00,0.32485800522148045
2018-08-06 00:00:00,0.32485800522148045
2018-08-07 00:00:00,0.32485800522148045
2018-08-08 00:00:00,0.32485800522148045
2018-08-09 00:00:00,0.32485800522148045
2018-08-10 00:00:00,0.32485800522148045
2018-08-13 00:00:00,0.32485800522148045
2018-08-14 00:00:00,0.32485800522148045
2018-08-15 00:00:00,0.32485800522148045
2018-08-16 00:00:00,0.32485800522148045
2018-08-17 00:00:00,0.32485800522148045
2018-08-20 00:00:00,0.32485800522148045
2018-08-21 00:00:00,0.32485800522148045
2018-08-22 00:00:00,0.32485800522148045
2018-08-23 00:00:00,0.3252351816938304
2018-08-24 00:00:00,0.32442385169658694
2018-08-27 00:00:00,0.32367516680010167
2018-08-28 00:00:00,0.32188766514863526
2018-08-29 00:00:00,0.32188766514863526
2018-08-30 00:00:00,0.32188766514863526
2018-08-31 00:00:00,0.32188766514863526
2018-09-04 00:00:00,0.32188766514863526
2018-09-05 00:00:00,0.3206433688618061
2018-09-06 00:00:00,0.3193936350504516
2018-09-07 00:00:00,0.3193936350504516
2018-09-10 00:00:00,0.32121162853618274
2018-09-11 00:00:00,0.32109543219226144
2018-09-12 00:00:00,0.3199968393073404
2018-09-13 00:00:00,0.31918823038537214
2018-09-14 00:00:00,0.3185781552277621
2018-09-17 00:00:00,0.3185781552277621
2018-09-18 00:00:00,0.3185781552277621
2018-09-19 00:00:00,0.32020709616541204
2018-09-20 00:00:00,0.31867394692232853
2018-09-21 00:00:00,0.3176265730871969
2018-09-24 00:00:00,0.3185049188702385
2018-09-25 00:00:00,0.3193453110078866
2018-09-26 00:00:00,0.3204756622728106
2018-09-27 00:00:00,0.32353368556849627
2018-09-28 00:00:00,0.3228415185170003
2018-10-01 00:00:00,0.3228415185170003
2018-10-02 00:00:00,0.3228415185170003
2018-10-03 00:00:00,0.3223932566085848
2018-10-04 00:00:00,0.3223932566085848
2018-10-05 00:00:00,0.3224255069586671
2018-10-09 00:00:00,0.32236102574904446
2018-10-10 00:00:00,0.32257626682086377
2018-10-11 00:00:00,0.3224470180288665
2018-10-12 00:00:00,0.32249006620121784
2018-10-15 00:00:00,0.3230093664076133
2018-10-16 00:00:00,0.3226954545358141
2018-10-17 00:00:00,0.3226954545358141
2018-10-18 00:00:00,0.3226954545358141
2018-10-19 00:00:00,0.3226954545358141
2018-10-22 00:00:00,0.3226954545358141
2018-10-23 00:00:00,0.3226954545358141
2018-10-24 00:00:00,0.3226954545358141
2018-10-25 00:00:00,0.3226954545358141
2018-10-26 00:00:00,0.3226954545358141
2018-10-29 00:00:00,0.32232274834330304
2018-10-30 00:00:00,0.32175312127378275
2018-10-31 00:00:00,0.32159726820369766
2018-11-01 00:00:00,0.32193775186769547
2018-11-02 00:00:00,0.3218951023533368
2018-11-05 00:00:00,0.3216255797618021
2018-11-06 00:00:00,0.3218098797726636
2018-11-07 00:00:00,0.3224372207085841
2018-11-08 00:00:00,0.32193775186769547
2018-11-09 00:00:00,0.32152653854837543
2018-11-13 00:00:00,0.32123024000597566
2018-11-14 00:00:00,0.32145587915197377
2018-11-15 00:00:00,0.32158311664689004
2018-11-16 00:00:00,0.32223701412126343
2018-11-19 00:00:00,0.3233016379607997
2018-11-20 00:00:00,0.32321472682154334
2018-11-21 00:00:00,0.3230990083191412
2018-11-23 00:00:00,0.32275296638212625
2018-11-26 00:00:00,0.32263798877271216
2018-11-27 00:00:00,0.3224372207085841
2018-11-28 00:00:00,0.3224945256158786
2018-11-29 00:00:00,0.32289694797609464
2018-11-30 00:00:00,0.32259491965918274
2018-12-03 00:00:00,0.32276735155070263
2018-12-04 00:00:00,0.32276735155070263
2018-12-06 00:00:00,0.3234757754519875
2018-12-07 00:00:00,0.32360730413511946
2018-12-10 00:00:00,0.32360730413511946
2018-12-11 00:00:00,0.32384584007520495
2018-12-12 00:00:00,0.32384584007520495
2018-12-13 00:00:00,0.32384584007520495
2018-12-14 00:00:00,0.32384584007520495
2018-12-17 00:00:00,0.32384584007520495
2018-12-18 00:00:00,0.32384584007520495
2018-12-19 00:00:00,0.32384584007520495
2018-12-20 00:00:00,0.32384584007520495
2018-12-21 00:00:00,0.32384584007520495
2018-12-26 00:00:00,0.32384584007520495
2018-12-27 00:00:00,0.32384584007520495
2018-12-28 00:00:00,0.32384584007520495
2018-12-31 00:00:00,0.32384584007520495
2019-01-02 00:00:00,0.32553099025299564
2019-01-03 00:00:00,0.32567525741899445
2019-01-04 00:00:00,0.32467689348725404
2019-01-07 00:00:00,0.32304513297158477
2019-01-08 00:00:00,0.3230265211416954
2019-01-09 00:00:00,0.3215789546385236
2019-01-10 00:00:00,0.3232207332259337
2019-01-11 00:00:00,0.3235981014519383
2019-01-15 00:00:00,0.3254146845949699
2019-01-16 00:00:00,0.32585162714908
2019-01-17 00:00:00,0.32728860935193493
2019-01-18 00:00:00,0.32749452182976746
2019-01-22 00:00:00,0.32749452182976746
2019-01-23 00:00:00,0.32787883222571423
2019-01-24 00:00:00,0.32787883222571423
2019-01-25 00:00:00,0.32787883222571423
2019-01-28 00:00:00,0.32787883222571423
2019-01-29 00:00:00,0.32787883222571423
2019-01-30 00:00:00,0.32787883222571423
2019-01-31 00:00:00,0.32787883222571423
2019-02-01 00:00:00,0.32787883222571423
2019-02-04 00:00:00,0.32787883222571423
2019-02-05 00:00:00,0.32787883222571423
2019-02-06 00:00:00,0.32787883222571423
2019-02-07 00:00:00,0.32787883222571423
2019-02-08 00:00:00,0.32787883222571423
2019-02-11 00:00:00,0.32787883222571423
2019-02-12 00:00:00,0.32787883222571423
2019-02-13 00:00:00,0.3277160808943205
2019-02-14 00:00:00,0.3280091497265989
2019-02-15 00:00:00,0.32804174528952507
2019-02-19 00:00:00,0.3295152807794461
2019-02-21 00:00:00,0.32977862965519394
2019-02-22 00:00:00,0.33017444317348377
2019-02-25 00:00:00,0.3299104620076445
2019-02-26 00:00:00,0.33004239980488814
2019-02-27 00:00:00,0.3300094054632101
2019-02-28 00:00:00,0.3309689274963396
2019-03-01 00:00:00,0.33043974417535393
2019-03-04 00:00:00,0.33043974417535393
2019-03-05 00:00:00,0.33043974417535393
2019-03-06 00:00:00,0.33043974417535393
2019-03-07 00:00:00,0.33043974417535393
2019-03-08 00:00:00,0.33043974417535393
2019-03-11 00:00:00,0.3292631041367474
2019-03-12 00:00:00,0.33030859127034284
2019-03-13 00:00:00,0.331360738883388
2019-03-14 00:00:00,0.33142672071112267
2019-03-15 00:00:00,0.332021741753692
2019-03-18 00:00:00,0.3327518975232423
2019-03-19 00:00:00,0.3328517131109405
2019-03-20 00:00:00,0.33365362352315964
2019-03-21 00:00:00,0.33365362352315964
2019-03-22 00:00:00,0.33365362352315964
2019-03-25 00:00:00,0.33325986711499284
2019-03-26 00:00:00,0.33325986711499284
2019-03-27 00:00:00,0.33329754692612323
2019-03-28 00:00:00,0.33329754692612323
2019-03-29 00:00:00,0.33329754692612323
2019-04-01 00:00:00,0.33329754692612323
2019-04-02 00:00:00,0.33329754692612323
2019-04-03 00:00:00,0.33329754692612323
2019-04-04 00:00:00,0.33329754692612323
2019-04-05 00:00:00,0.33329754692612323
2019-04-08 00:00:00,0.33329754692612323
2019-04-09 00:00:00,0.33329754692612323
2019-04-10 00:00:00,0.33329754692612323
2019-04-11 00:00:00,0.33329754692612323
2019-04-12 00:00:00,0.33329754692612323
2019-04-15 00:00:00,0.33329754692612323
2019-04-16 00:00:00,0.33329754692612323
2019-04-17 00:00:00,0.332208447109452
2019-04-18 00:00:00,0.33030902268770035
2019-04-19 00:00:00,0.33030902268770035
2019-04-22 00:00:00,0.3299512285715443
2019-04-23 00:00:00,0.32781779182480775
2019-04-24 00:00:00,0.32781779182480775
2019-04-25 00:00:00,0.3273356595689618
2019-04-26 00:00:00,0.32762476859115236
2019-04-29 00:00:00,0.32727148239818077
2019-04-30 00:00:00,0.32730356783763154
2019-05-01 00:00:00,0.3293377125326864
2019-05-02 00:00:00,0.32794660038741075
2019-05-03 00:00:00,0.32801104263547276
2019-05-06 00:00:00,0.3279788183459909
2019-05-07 00:00:00,0.32672460052088054
2019-05-08 00:00:00,0.32672460052088054
2019-05-09 00:00:00,0.32672460052088054
2019-05-10 00:00:00,0.32672460052088054
2019-05-13 00:00:00,0.32672460052088054
2019-05-14 00:00:00,0.32672460052088054
2019-05-15 00:00:00,0.3267064804521555
2019-05-16 00:00:00,0.3267064804521555
2019-05-17 00:00:00,0.32674309769622795
2019-05-20 00:00:00,0.32674309769622795
2019-05-21 00:00:00,0.32674309769622795
2019-05-22 00:00:00,0.32674309769622795
2019-05-23 00:00:00,0.32674309769622795
2019-05-24 00:00:00,0.32674309769622795
2019-05-28 00:00:00,0.32777056951868916
2019-05-29 00:00:00,0.3273955005251399
2019-05-30 00:00:00,0.3273955005251399
2019-05-31 00:00:00,0.3273955005251399
2019-06-03 00:00:00,0.3273955005251399
2019-06-04 00:00:00,0.3273955005251399
2019-06-05 00:00:00,0.32679422861372565
2019-06-06 00:00:00,0.32585342839282244
2019-06-07 00:00:00,0.3255842171332438
2019-06-10 00:00:00,0.32615869171359324
2019-06-11 00:00:00,0.3268981711103912
2019-06-12 00:00:00,0.3274113782664937
2019-06-13 00:00:00,0.3274510646404757
2019-06-14 00:00:00,0.32865223588850984
2019-06-17 00:00:00,0.32841585946310287
2019-06-18 00:00:00,0.32873056541683915
2019-06-19 00:00:00,0.3277759158733262
2019-06-20 00:00:00,0.3237716038089033
2019-06-21 00:00:00,0.3237716038089033
2019-06-24 00:00:00,0.3213574860953095
2019-06-25 00:00:00,0.3213574860953095
2019-06-26 00:00:00,0.32245850032009343
2019-06-27 00:00:00,0.32263677817305475
2019-06-28 00:00:00,0.3223559266864067
2019-07-01 00:00:00,0.32577948804970935
2019-07-02 00:00:00,0.3256324749654415
2019-07-03 00:00:00,0.32574255040762945
2019-07-05 00:00:00,0.32760807180351464
2019-07-08 00:00:00,0.3280650169772017
2019-07-09 00:00:00,0.3277297651136103
2019-07-10 00:00:00,0.32656557413762133
2019-07-11 00:00:00,0.3263553403702881
2019-07-12 00:00:00,0.3250202219335707
2019-07-15 00:00:00,0.3250662342995734
2019-07-16 00:00:00,0.32642780305774005
2019-07-17 00:00:00,0.32576895205708845
2019-07-18 00:00:00,0.32549360309991554
2019-07-19 00:00:00,0.32421685179387016
2019-07-22 00:00:00,0.3239390377661555
2019-07-23 00:00:00,0.32498765214539066
2019-07-24 00:00:00,0.32516243058177635
2019-07-25 00:00:00,0.3265858490658644
2019-07-26 00:00:00,0.3275517344454893
2019-07-29 00:00:00,0.3275517344454893
2019-07-30 00:00:00,0.3275517344454893
2019-07-31 00:00:00,0.3275517344454893
2019-08-01 00:00:00,0.3275517344454893
2019-08-02 00:00:00,0.3275517344454893
2019-08-05 00:00:00,0.3275517344454893
2019-08-06 00:00:00,0.3294389150157813
2019-08-07 00:00:00,0.3271076045673366
2019-08-08 00:00:00,0.3284388045360928
2019-08-09 00:00:00,0.32713549364255895
2019-08-12 00:00:00,0.3266764100942359
2019-08-13 00:00:00,0.3281673882398092
2019-08-14 00:00:00,0.32789944484336975
2019-08-15 00:00:00,0.32869415468967406
2019-08-16 00:00:00,0.32985600282201843
2019-08-19 00:00:00,0.33008557926723237
2019-08-20 00:00:00,0.3295733597184012
2019-08-21 00:00:00,0.3302971986080318
2019-08-22 00:00:00,0.33074168103503226
2019-08-23 00:00:00,0.33074168103503226
2019-08-26 00:00:00,0.33074168103503226
2019-08-27 00:00:00,0.33074168103503226
2019-08-28 00:00:00,0.33074168103503226
2019-08-29 00:00:00,0.33074168103503226
2019-08-30 00:00:00,0.33074168103503226
2019-09-03 00:00:00,0.3312376344376015
2019-09-04 00:00:00,0.33220194799626435
2019-09-05 00:00:00,0.33220194799626435
2019-09-06 00:00:00,0.33220194799626435
2019-09-09 00:00:00,0.33220194799626435
2019-09-10 00:00:00,0.33220194799626435
2019-09-11 00:00:00,0.33168300560106806
2019-09-12 00:00:00,0.33255632725739154
2019-09-13 00:00:00,0.33241025896055953
2019-09-16 00:00:00,0.3319732910634028
2019-09-17 00:00:00,0.33184878272958324
2019-09-18 00:00:00,0.3313316143195513
2019-09-19 00:00:00,0.33180731339802433
2019-09-20 00:00:00,0.33174514072193334
2019-09-23 00:00:00,0.33249370125019917
2019-09-24 00:00:00,0.3329538425392686
2019-09-25 00:00:00,0.3321192841667373
2019-09-26 00:00:00,0.3321192841667373
2019-09-27 00:00:00,0.3321192841667373
2019-09-30 00:00:00,0.3321192841667373
2019-10-01 00:00:00,0.3321192841667373
2019-10-02 00:00:00,0.33114461719127347
2019-10-03 00:00:00,0.33116951343707207
2019-10-04 00:00:00,0.33156853340387804
2019-10-07 00:00:00,0.3318436042583955
2019-10-08 00:00:00,0.3320189663306928
2019-10-09 00:00:00,0.33176852461739176
2019-10-10 00:00:00,0.33166848882755007
2019-10-11 00:00:00,0.33134392703824456
2019-10-15 00:00:00,0.33097048314106653
2019-10-16 00:00:00,0.3315435570938261
2019-10-17 00:00:00,0.33378626778271064
2019-10-18 00:00:00,0.33406795357199986
2019-10-21 00:00:00,0.33406795357199986
2019-10-22 00:00:00,0.3343583135910366
2019-10-23 00:00:00,0.3343583135910366
2019-10-24 00:00:00,0.3343583135910366
2019-10-25 00:00:00,0.3343583135910366
2019-10-28 00:00:00,0.3343583135910366
2019-10-29 00:00:00,0.3343583135910366
2019-10-30 00:00:00,0.3343583135910366
2019-10-31 00:00:00,0.3343583135910366
2019-11-01 00:00:00,0.3343583135910366
2019-11-04 00:00:00,0.3345569239496459
2019-11-05 00:00:00,0.3345569239496459
2019-11-06 00:00:00,0.3345569239496459
2019-11-07 00:00:00,0.3345569239496459
2019-11-08 00:00:00,0.3345569239496459
2019-11-12 00:00:00,0.3345569239496459
2019-11-13 00:00:00,0.3345569239496459
2019-11-14 00:00:00,0.3345569239496459
2019-11-15 00:00:00,0.3345569239496459
2019-11-18 00:00:00,0.3345569239496459
2019-11-19 00:00:00,0.3345569239496459
2019-11-20 00:00:00,0.3345569239496459
2019-11-21 00:00:00,0.3345569239496459
2019-11-22 00:00:00,0.3345569239496459
2019-11-25 00:00:00,0.3345569239496459
2019-11-26 00:00:00,0.3345569239496459
2019-11-27 00:00:00,0.3345569239496459
2019-11-29 00:00:00,0.3343896622138447
2019-12-02 00:00:00,0.33712006167345376
2019-12-03 00:00:00,0.33900235162091497
2019-12-04 00:00:00,0.33900235162091497
2019-12-05 00:00:00,0.33826173325469244
2019-12-06 00:00:00,0.3395107707991544
2019-12-09 00:00:00,0.33836178590425414
2019-12-10 00:00:00,0.33836178590425414
2019-12-11 00:00:00,0.33836178590425414
2019-12-12 00:00:00,0.33836178590425414
2019-12-13 00:00:00,0.33836178590425414
2019-12-16 00:00:00,0.33836178590425414
2019-12-17 00:00:00,0.33836178590425414
2019-12-18 00:00:00,0.33836178590425414
2019-12-19 00:00:00,0.33678729799559615
2019-12-20 00:00:00,0.33678729799559615
2019-12-23 00:00:00,0.3366307581683213
2019-12-24 00:00:00,0.33616478095223407
2019-12-26 00:00:00,0.33617982290361054
2019-12-27 00:00:00,0.33373918070425285
2019-12-30 00:00:00,0.33373918070425285
2019-12-31 00:00:00,0.33373918070425285
2020-01-02 00:00:00,0.33373918070425285
2020-01-03 00:00:00,0.3331008819516041
2020-01-06 00:00:00,0.3325640121824312
2020-01-07 00:00:00,0.3335098922550517
2020-01-08 00:00:00,0.3337997296676877
2020-01-09 00:00:00,0.33374624218897203
2020-01-10 00:00:00,0.3338985265810757
2020-01-13 00:00:00,0.3330547038132724
2020-01-14 00:00:00,0.3319681490834152
2020-01-15 00:00:00,0.3319681490834152
2020-01-16 00:00:00,0.3319681490834152
2020-01-17 00:00:00,0.33308042942552524
2020-01-21 00:00:00,0.3329930031482741
2020-01-22 00:00:00,0.3334858445959968
2020-01-23 00:00:00,0.3335349023283978
2020-01-24 00:00:00,0.33399199247369726
2020-01-27 00:00:00,0.3333945299854096
2020-01-28 00:00:00,0.33483451623040256
2020-01-29 00:00:00,0.33511919404761914
2020-01-30 00:00:00,0.33323501573515024
2020-01-31 00:00:00,0.331605269400956
2020-02-03 00:00:00,0.3319301993086982
2020-02-04 00:00:00,0.33321187966938987
2020-02-05 00:00:00,0.33441572601680697
2020-02-06 00:00:00,0.3351058498028685
2020-02-07 00:00:00,0.33589453578503475
2020-02-10 00:00:00,0.33589453578503475
2020-02-11 00:00:00,0.3360404667934548
2020-02-12 00:00:00,0.3360404667934548
2020-02-13 00:00:00,0.3360404667934548
2020-02-14 00:00:00,0.3360404667934548
2020-02-18 00:00:00,0.3360537805630095
2020-02-19 00:00:00,0.3360537805630095
2020-02-20 00:00:00,0.33616676338811685
2020-02-21 00:00:00,0.3368770933749736
2020-02-24 00:00:00,0.33690687347617637
2020-02-25 00:00:00,0.33690687347617637
2020-02-26 00:00:00,0.33690687347617637
2020-02-27 00:00:00,0.33690687347617637
2020-02-28 00:00:00,0.33690687347617637
2020-03-02 00:00:00,0.33690687347617637
2020-03-03 00:00:00,0.33639428752283224
2020-03-04 00:00:00,0.33605708950590973
2020-03-05 00:00:00,0.33355159105252735
2020-03-06 00:00:00,0.33355159105252735
2020-03-09 00:00:00,0.33355159105252735
2020-03-10 00:00:00,0.33355159105252735
2020-03-11 00:00:00,0.33355159105252735
2020-03-12 00:00:00,0.3390916146050664
2020-03-13 00:00:00,0.3391068221244153
2020-03-16 00:00:00,0.33652412724366143
2020-03-17 00:00:00,0.34267204357383985
2020-03-18 00:00:00,0.345220471341421
2020-03-19 00:00:00,0.345220471341421
2020-03-20 00:00:00,0.345220471341421
2020-03-23 00:00:00,0.345931517921303
2020-03-24 00:00:00,0.3461187502155101
2020-03-25 00:00:00,0.34666582052683065
2020-03-26 00:00:00,0.34903136786754635
2020-03-27 00:00:00,0.35053003336843475
2020-03-30 00:00:00,0.35053003336843475
2020-03-31 00:00:00,0.35053003336843475
2020-04-01 00:00:00,0.35053003336843475
2020-04-02 00:00:00,0.35053003336843475
2020-04-03 00:00:00,0.35053003336843475
2020-04-06 00:00:00,0.35053003336843475
2020-04-07 00:00:00,0.35053003336843475
2020-04-08 00:00:00,0.35053003336843475
2020-04-09 00:00:00,0.35053003336843475
2020-04-10 00:00:00,0.35053003336843475
2020-04-13 00:00:00,0.35053003336843475
2020-04-14 00:00:00,0.35053003336843475
2020-04-15 00:00:00,0.35053003336843475
2020-04-16 00:00:00,0.35053003336843475
2020-04-17 00:00:00,0.35053003336843475
2020-04-20 00:00:00,0.35053003336843475
2020-04-21 00:00:00,0.35053003336843475
2020-04-22 00:00:00,0.35053003336843475
2020-04-23 00:00:00,0.35053003336843475
2020-04-24 00:00:00,0.35053003336843475
2020-04-27 00:00:00,0.35053003336843475
2020-04-28 00:00:00,0.35053003336843475
2020-04-29 00:00:00,0.35053003336843475
2020-04-30 00:00:00,0.35053003336843475
2020-05-01 00:00:00,0.35053003336843475
2020-05-04 00:00:00,0.35053003336843475
2020-05-05 00:00:00,0.3512094777214925
2020-05-06 00:00:00,0.3512094777214925
2020-05-07 00:00:00,0.3512094777214925
2020-05-08 00:00:00,0.3512094777214925
2020-05-11 00:00:00,0.3512094777214925
2020-05-12 00:00:00,0.3512094777214925
2020-05-13 00:00:00,0.3512094777214925
2020-05-14 00:00:00,0.3512094777214925
2020-05-15 00:00:00,0.3512094777214925
2020-05-18 00:00:00,0.3512094777214925
2020-05-19 00:00:00,0.3512094777214925
2020-05-20 00:00:00,0.3512094777214925
2020-05-21 00:00:00,0.3512094777214925
2020-05-22 00:00:00,0.3512094777214925
2020-05-26 00:00:00,0.3512094777214925
2020-05-27 00:00:00,0.3512094777214925
2020-05-28 00:00:00,0.3512094777214925
2020-05-29 00:00:00,0.3512094777214925
2020-06-01 00:00:00,0.3512094777214925
2020-06-02 00:00:00,0.35132401687207954
2020-06-03 00:00:00,0.35119606696151884
2020-06-04 00:00:00,0.35060385887740037
2020-06-05 00:00:00,0.3512917876197473
2020-06-08 00:00:00,0.35061496136389375
2020-06-09 00:00:00,0.3496196644272176
2020-06-10 00:00:00,0.3491500745887052
2020-06-11 00:00:00,0.3482831418315494
2020-06-12 00:00:00,0.34994744627968966
2020-06-15 00:00:00,0.349791892795155
2020-06-16 00:00:00,0.3496733044063121
2020-06-17 00:00:00,0.349890153322616
2020-06-18 00:00:00,0.3498586503671065
2020-06-19 00:00:00,0.3499634520175506
2020-06-22 00:00:00,0.34940958742544387
2020-06-23 00:00:00,0.34893882206552523
2020-06-24 00:00:00,0.34934618282263735
2020-06-25 00:00:00,0.3495142714134406
2020-06-26 00:00:00,0.3494451988809013
2020-06-29 00:00:00,0.3497372573604904
2020-06-30 00:00:00,0.3492693252130268
2020-07-01 00:00:00,0.34911225754688446
2020-07-02 00:00:00,0.34910555216689765
2020-07-06 00:00:00,0.3486075225271552
2020-07-07 00:00:00,0.34852486732494986
2020-07-08 00:00:00,0.34816244499178606
2020-07-09 00:00:00,0.3483465658935188
2020-07-10 00:00:00,0.34831445221585455
2020-07-13 00:00:00,0.3484980458050025
2020-07-14 00:00:00,0.3481738375276579
2020-07-15 00:00:00,0.3488508313626869
2020-07-16 00:00:00,0.34875593994162146
2020-07-17 00:00:00,0.3481919110203876
2020-07-20 00:00:00,0.3481979300946486
2020-07-21 00:00:00,0.34756452218281514
2020-07-22 00:00:00,0.3468505104871114
2020-07-23 00:00:00,0.3468505104871114
2020-07-24 00:00:00,0.34577746287659333
2020-07-27 00:00:00,0.3450771437550625
2020-07-28 00:00:00,0.34362253624081585
2020-07-29 00:00:00,0.34362253624081585
2020-07-30 00:00:00,0.3428115517160068
2020-07-31 00:00:00,0.3425272475601131
2020-08-03 00:00:00,0.345544147449817
2020-08-04 00:00:00,0.34403153610590015
2020-08-05 00:00:00,0.3400805126088558
2020-08-06 00:00:00,0.3400805126088558
2020-08-07 00:00:00,0.34095590224147515
2020-08-10 00:00:00,0.34126063919943994
2020-08-11 00:00:00,0.3414517621125388
2020-08-12 00:00:00,0.34021534469679426
2020-08-13 00:00:00,0.33992931549931027
2020-08-14 00:00:00,0.33978005380886833
2020-08-17 00:00:00,0.33900964472460915
2020-08-18 00:00:00,0.33832659303373674
2020-08-19 00:00:00,0.34026957314493383
2020-08-20 00:00:00,0.3395259423096104
2020-08-21 00:00:00,0.34063228883471647
2020-08-24 00:00:00,0.3401197325766719
2020-08-25 00:00:00,0.3396505828591741
2020-08-26 00:00:00,0.33956987801332433
2020-08-27 00:00:00,0.3393513938254145
2020-08-28 00:00:00,0.3385091996974496
2020-08-31 00:00:00,0.3378236177953745
2020-09-01 00:00:00,0.33920062183806027
2020-09-02 00:00:00,0.3399904425166141
2020-09-03 00:00:00,0.3399100092290022
2020-09-04 00:00:00,0.3408753373550568
2020-09-08 00:00:00,0.34129228618254515
2020-09-09 00:00:00,0.34048887065453287
2020-09-10 00:00:00,0.3392438301902768
2020-09-11 00:00:00,0.33957587263807126
2020-09-14 00:00:00,0.3390820110270805
2020-09-15 00:00:00,0.33939158045080003
2020-09-16 00:00:00,0.33926491384629204
2020-09-17 00:00:00,0.3396653465604424
2020-09-18 00:00:00,0.3396076551744115
2020-09-21 00:00:00,0.34111711969211045
2020-09-22 00:00:00,0.341873468498829
2020-09-23 00:00:00,0.341873468498829
2020-09-24 00:00:00,0.3415777534711105
2020-09-25 00:00:00,0.3415777534711105
2020-09-28 00:00:00,0.34208381646278785
2020-09-29 00:00:00,0.34245489770429516
2020-09-30 00:00:00,0.34273810192539955
2020-10-01 00:00:00,0.34273810192539955
2020-10-02 00:00:00,0.34273810192539955
2020-10-05 00:00:00,0.34273810192539955
2020-10-06 00:00:00,0.34273810192539955
2020-10-07 00:00:00,0.34273810192539955
2020-10-08 00:00:00,0.34273810192539955
2020-10-09 00:00:00,0.34273810192539955
2020-10-13 00:00:00,0.34273810192539955
2020-10-14 00:00:00,0.34273810192539955
2020-10-15 00:00:00,0.34273810192539955
2020-10-16 00:00:00,0.34273810192539955
2020-10-19 00:00:00,0.34273810192539955
2020-10-20 00:00:00,0.34273810192539955
2020-10-21 00:00:00,0.34181850413209636
2020-10-22 00:00:00,0.34279885185018855
2020-10-23 00:00:00,0.3421918197276066
2020-10-26 00:00:00,0.3427354398533409
2020-10-27 00:00:00,0.34250181238771155
2020-10-28 00:00:00,0.3434460283603256
2020-10-29 00:00:00,0.34561166695169965
2020-10-30 00:00:00,0.34561166695169965
2020-11-02 00:00:00,0.34561166695169965
2020-11-03 00:00:00,0.34561166695169965
2020-11-04 00:00:00,0.3459314122252129
2020-11-05 00:00:00,0.3459314122252129
2020-11-06 00:00:00,0.3459314122252129
2020-11-09 00:00:00,0.3459314122252129
2020-11-10 00:00:00,0.3460343594142625
2020-11-12 00:00:00,0.3460343594142625
2020-11-13 00:00:00,0.3460343594142625
2020-11-16 00:00:00,0.3460343594142625
2020-11-17 00:00:00,0.3460343594142625
2020-11-18 00:00:00,0.3460343594142625
2020-11-19 00:00:00,0.3460343594142625
2020-11-20 00:00:00,0.3460343594142625
2020-11-23 00:00:00,0.3460343594142625
2020-11-24 00:00:00,0.3460343594142625
2020-11-25 00:00:00,0.3460343594142625
2020-11-30 00:00:00,0.3460343594142625
2020-12-01 00:00:00,0.3460343594142625
2020-12-02 00:00:00,0.3460343594142625
2020-12-03 00:00:00,0.3437736881502161
2020-12-04 00:00:00,0.3437736881502161
2020-12-07 00:00:00,0.3437736881502161
2020-12-08 00:00:00,0.3437736881502161
2020-12-09 00:00:00,0.34433325980501517
2020-12-10 00:00:00,0.3433212660320586
2020-12-11 00:00:00,0.3433212660320586
2020-12-14 00:00:00,0.34214061991343553
2020-12-15 00:00:00,0.34161538385602136
2020-12-16 00:00:00,0.3416735192843821
2020-12-17 00:00:00,0.34087353748274235
2020-12-18 00:00:00,0.3412053555993829
2020-12-21 00:00:00,0.34153645942704847
2020-12-22 00:00:00,0.34268104720604764
2020-12-23 00:00:00,0.3423903451947566
2020-12-28 00:00:00,0.34298934969193945
2020-12-29 00:00:00,0.34063780865661075
2020-12-30 00:00:00,0.34038315403555297
2020-12-31 00:00:00,0.34071568862479656
2021-01-04 00:00:00,0.3394159435342286
2021-01-05 00:00:00,0.3394159435342286
2021-01-06 00:00:00,0.3401788216397351
2021-01-07 00:00:00,0.3410853400010618
2021-01-08 00:00:00,0.34112942937865337
2021-01-11 00:00:00,0.342703708193687
2021-01-12 00:00:00,0.3425421984486656
2021-01-13 00:00:00,0.3419987910769869
2021-01-14 00:00:00,0.3418659583951525
2021-01-15 00:00:00,0.3425553077431357
2021-01-19 00:00:00,0.34236438799577473
2021-01-21 00:00:00,0.3418205045564083
2021-01-22 00:00:00,0.34130402093239315
2021-01-25 00:00:00,0.3421429282177791
2021-01-26 00:00:00,0.34206905543714416
2021-01-27 00:00:00,0.3423472474491025
2021-01-28 00:00:00,0.3422441624991417
2021-01-29 00:00:00,0.3427557245242249
2021-02-01 00:00:00,0.34440191901365935
2021-02-02 00:00:00,0.34440191901365935
2021-02-03 00:00:00,0.34431125772231697
2021-02-04 00:00:00,0.34431125772231697
2021-02-05 00:00:00,0.3447689790960502
2021-02-08 00:00:00,0.34486511729658176
2021-02-09 00:00:00,0.34486511729658176
2021-02-10 00:00:00,0.34486511729658176
2021-02-11 00:00:00,0.34486511729658176
2021-02-12 00:00:00,0.34486511729658176
2021-02-16 00:00:00,0.34486511729658176
2021-02-17 00:00:00,0.34486511729658176
2021-02-18 00:00:00,0.34486511729658176
2021-02-19 00:00:00,0.34486511729658176
2021-02-22 00:00:00,0.34486511729658176
2021-02-23 00:00:00,0.34486511729658176
2021-02-24 00:00:00,0.34486511729658176
2021-02-25 00:00:00,0.34643043001762236
2021-02-26 00:00:00,0.34418236629445476
2021-03-01 00:00:00,0.34244977832667794
2021-03-02 00:00:00,0.3423373891641159
2021-03-03 00:00:00,0.34077955509979824
2021-03-04 00:00:00,0.34077955509979824
2021-03-05 00:00:00,0.34077955509979824
2021-03-08 00:00:00,0.34077955509979824
2021-03-09 00:00:00,0.34077955509979824
2021-03-10 00:00:00,0.3397629186490143
2021-03-11 00:00:00,0.3397629186490143
2021-03-12 00:00:00,0.3397629186490143
2021-03-15 00:00:00,0.3397629186490143
2021-03-16 00:00:00,0.3397629186490143
2021-03-17 00:00:00,0.3397629186490143
2021-03-18 00:00:00,0.3397629186490143
2021-03-19 00:00:00,0.3397629186490143
2021-03-22 00:00:00,0.3397629186490143
2021-03-23 00:00:00,0.3397629186490143
2021-03-24 00:00:00,0.3397629186490143
2021-03-25 00:00:00,0.3397629186490143
2021-03-26 00:00:00,0.3397629186490143
2021-03-29 00:00:00,0.3400531516772553
2021-03-30 00:00:00,0.33927023115502053
2021-03-31 00:00:00,0.33942280946660647
2021-04-01 00:00:00,0.3395756796699566
2021-04-02 00:00:00,0.33940584192177015
2021-04-05 00:00:00,0.3404303125100932
2021-04-06 00:00:00,0.34101669786849914
2021-04-07 00:00:00,0.3419043375982793
2021-04-08 00:00:00,0.34234303051898723
2021-04-09 00:00:00,0.34234303051898723
2021-04-12 00:00:00,0.34271336949202386
2021-04-13 00:00:00,0.34297893097824794
2021-04-14 00:00:00,0.3426653222678251
2021-04-15 00:00:00,0.3426653222678251
2021-04-16 00:00:00,0.3426653222678251
2021-04-19 00:00:00,0.3426653222678251
2021-04-20 00:00:00,0.3426653222678251
2021-04-21 00:00:00,0.3427806375192249
2021-04-22 00:00:00,0.3427806375192249
2021-04-23 00:00:00,0.3427806375192249
2021-04-26 00:00:00,0.3427806375192249
2021-04-27 00:00:00,0.3427806375192249
2021-04-28 00:00:00,0.3427806375192249
2021-04-29 00:00:00,0.3427806375192249
2021-04-30 00:00:00,0.3427806375192249
2021-05-03 00:00:00,0.3427806375192249
2021-05-04 00:00:00,0.3427806375192249
2021-05-05 00:00:00,0.3427806375192249
2021-05-06 00:00:00,0.3427806375192249
2021-05-07 00:00:00,0.3427806375192249
2021-05-10 00:00:00,0.3427806375192249
2021-05-11 00:00:00,0.3434153448411566
2021-05-12 00:00:00,0.3446801185829131
2021-05-13 00:00:00,0.3442973932895118
2021-05-14 00:00:00,0.3434047469468267
2021-05-17 00:00:00,0.34330046125606956
2021-05-18 00:00:00,0.3427216750415172
2021-05-19 00:00:00,0.3430347236867675
2021-05-20 00:00:00,0.34268299014378906
2021-05-21 00:00:00,0.3427112203059851
2021-05-24 00:00:00,0.342434636263937
2021-05-25 00:00:00,0.34238663308002487
2021-05-26 00:00:00,0.34241498210470106
2021-05-27 00:00:00,0.3424814562017842
2021-05-28 00:00:00,0.3428141446378333
2021-06-01 00:00:00,0.342022139306721
2021-06-02 00:00:00,0.34250915623730727
2021-06-03 00:00:00,0.34384155496352103
2021-06-04 00:00:00,0.34267983070249886
2021-06-07 00:00:00,0.3422698233129853
2021-06-08 00:00:00,0.3421453145742939
2021-06-09 00:00:00,0.3420398020924072
2021-06-10 00:00:00,0.3418958358590913
2021-06-11 00:00:00,0.34268771135180237
2021-06-14 00:00:00,0.3426398778015608
2021-06-15 00:00:00,0.34251592979028395
2021-06-16 00:00:00,0.34252513344915825
2021-06-17 00:00:00,0.3460011181716638
2021-06-18 00:00:00,0.3467034474194686
2021-06-21 00:00:00,0.3467034474194686
2021-06-22 00:00:00,0.3465505359871096
2021-06-23 00:00:00,0.34684728656267905
2021-06-24 00:00:00,0.3466387924117505
2021-06-25 00:00:00,0.3466387924117505
2021-06-28 00:00:00,0.3466387924117505
2021-06-29 00:00:00,0.3466387924117505
2021-06-30 00:00:00,0.3466387924117505
2021-07-01 00:00:00,0.3466387924117505
2021-07-02 00:00:00,0.3466387924117505
2021-07-06 00:00:00,0.3466387924117505
2021-07-07 00:00:00,0.3466387924117505
2021-07-08 00:00:00,0.3466387924117505
2021-07-09 00:00:00,0.3466387924117505
2021-07-12 00:00:00,0.3466387924117505
2021-07-13 00:00:00,0.3466387924117505
2021-07-14 00:00:00,0.3466387924117505
2021-07-15 00:00:00,0.3466387924117505
2021-07-16 00:00:00,0.3466387924117505
2021-07-19 00:00:00,0.3466387924117505
2021-07-20 00:00:00,0.3466387924117505
2021-07-21 00:00:00,0.3466387924117505
2021-07-22 00:00:00,0.3466387924117505
2021-07-23 00:00:00,0.3466387924117505
2021-07-26 00:00:00,0.3466387924117505
2021-07-27 00:00:00,0.3466387924117505
2021-07-28 00:00:00,0.3466387924117505
2021-07-29 00:00:00,0.34588261688803207
2021-07-30 00:00:00,0.34588261688803207
2021-08-02 00:00:00,0.34571330305637793
2021-08-03 00:00:00,0.34571330305637793
2021-08-04 00:00:00,0.3458572715164993
2021-08-05 00:00:00,0.3458572715164993
2021-08-06 00:00:00,0.3458572715164993
2021-08-09 00:00:00,0.3458572715164993
2021-08-10 00:00:00,0.3458572715164993
2021-08-11 00:00:00,0.3458572715164993
2021-08-12 00:00:00,0.3458572715164993
2021-08-13 00:00:00,0.3458572715164993
2021-08-16 00:00:00,0.3458572715164993
2021-08-17 00:00:00,0.3458572715164993
2021-08-18 00:00:00,0.3458572715164993
2021-08-19 00:00:00,0.3458572715164993
2021-08-20 00:00:00,0.3458572715164993
2021-08-23 00:00:00,0.3458572715164993
2021-08-24 00:00:00,0.3458572715164993
2021-08-25 00:00:00,0.3458572715164993
2021-08-26 00:00:00,0.3458572715164993
2021-08-27 00:00:00,0.3458572715164993
2021-08-30 00:00:00,0.3458572715164993
2021-08-31 00:00:00,0.3458572715164993
2021-09-01 00:00:00,0.3458572715164993
2021-09-02 00:00:00,0.3458572715164993
2021-09-03 00:00:00,0.3458572715164993
2021-09-07 00:00:00,0.3458572715164993
2021-09-08 00:00:00,0.3458572715164993
2021-09-09 00:00:00,0.3458572715164993
2021-09-10 00:00:00,0.3456533690778401
2021-09-13 00:00:00,0.3456533690778401
2021-09-14 00:00:00,0.3456533690778401
2021-09-15 00:00:00,0.34556930529726204
2021-09-16 00:00:00,0.3440377984901788
2021-09-17 00:00:00,0.342469698740047
2021-09-20 00:00:00,0.3433201347635697
2021-09-21 00:00:00,0.34448144624440824
2021-09-22 00:00:00,0.3448151922089298
2021-09-23 00:00:00,0.344259430374324
2021-09-24 00:00:00,0.34417627347295204
2021-09-27 00:00:00,0.3438994731130481
2021-09-28 00:00:00,0.34318258344143127
2021-09-29 00:00:00,0.34165629345854226
2021-09-30 00:00:00,0.34165629345854226
2021-10-01 00:00:00,0.3431997552553862
2021-10-04 00:00:00,0.3450181795641572
2021-10-05 00:00:00,0.3441622397378197
2021-10-06 00:00:00,0.3438655161773172
2021-10-07 00:00:00,0.34382846170359105
2021-10-08 00:00:00,0.3441251212909109
2021-10-12 00:00:00,0.34301527893026507
2021-10-13 00:00:00,0.3445710717720654
2021-10-14 00:00:00,0.34561613134849717
2021-10-15 00:00:00,0.34527952868838063
2021-10-18 00:00:00,0.34561613134849717
2021-10-19 00:00:00,0.3458034165611061
2021-10-20 00:00:00,0.34682890733174343
2021-10-21 00:00:00,0.34682890733174343
2021-10-22 00:00:00,0.346607770370688
2021-10-25 00:00:00,0.346607770370688
2021-10-26 00:00:00,0.34673468144069275
2021-10-27 00:00:00,0.34673468144069275
2021-10-28 00:00:00,0.34673468144069275
2021-10-29 00:00:00,0.34673468144069275
2021-11-01 00:00:00,0.345249509931953
2021-11-02 00:00:00,0.3462203699385805
2021-11-03 00:00:00,0.34561834435586114
2021-11-04 00:00:00,0.34575309051085074
2021-11-05 00:00:00,0.3458876427491749
2021-11-08 00:00:00,0.34585025014126397
2021-11-09 00:00:00,0.34549311579757097
2021-11-10 00:00:00,0.3466075758812847
2021-11-12 00:00:00,0.34773491313748883
2021-11-15 00:00:00,0.34779976232880244
2021-11-16 00:00:00,0.34779976232880244
2021-11-17 00:00:00,0.34779976232880244
2021-11-18 00:00:00,0.3486758546563163
2021-11-19 00:00:00,0.34860828831117324
2021-11-22 00:00:00,0.3473300493042412
2021-11-23 00:00:00,0.34649478405221606
2021-11-24 00:00:00,0.34553146979747495
2021-11-26 00:00:00,0.34955688057718426
2021-11-29 00:00:00,0.3489205175546073
2021-11-30 00:00:00,0.3489205175546073
2021-12-01 00:00:00,0.3489205175546073
2021-12-02 00:00:00,0.3489205175546073
2021-12-03 00:00:00,0.3489205175546073
2021-12-06 00:00:00,0.3489205175546073
2021-12-07 00:00:00,0.3489205175546073
2021-12-08 00:00:00,0.3489205175546073
2021-12-09 00:00:00,0.3489205175546073
2021-12-10 00:00:00,0.3489205175546073
2021-12-13 00:00:00,0.3489205175546073
2021-12-14 00:00:00,0.3489205175546073
2021-12-15 00:00:00,0.3489205175546073
2021-12-16 00:00:00,0.3489205175546073
2021-12-17 00:00:00,0.3489205175546073
2021-12-20 00:00:00,0.3489205175546073
2021-12-21 00:00:00,0.3489205175546073
2021-12-22 00:00:00,0.3489205175546073
2021-12-23 00:00:00,0.3489205175546073
2021-12-27 00:00:00,0.3489205175546073
2021-12-28 00:00:00,0.3489205175546073
2021-12-29 00:00:00,0.34837628661146997
2021-12-30 00:00:00,0.34827250700211065
2022-01-03 00:00:00,0.3494884745733121
2022-01-04 00:00:00,0.34839640941260597
2022-01-05 00:00:00,0.34839640941260597
2022-01-06 00:00:00,0.34839640941260597
2022-01-07 00:00:00,0.34839640941260597
2022-01-10 00:00:00,0.34839640941260597
2022-01-11 00:00:00,0.34839640941260597
2022-01-12 00:00:00,0.3511993428661084
2022-01-13 00:00:00,0.35200850406257544
2022-01-14 00:00:00,0.35200850406257544
2022-01-18 00:00:00,0.35329957336526596
2022-01-19 00:00:00,0.3527941408262438
2022-01-20 00:00:00,0.35284922052042045
2022-01-21 00:00:00,0.3514401398844102
2022-01-24 00:00:00,0.35239787931916094
2022-01-25 00:00:00,0.35416818641970604
2022-01-26 00:00:00,0.35474885145931395
2022-01-27 00:00:00,0.35474885145931395
2022-01-28 00:00:00,0.35474885145931395
2022-01-31 00:00:00,0.35455818777477166
2022-02-01 00:00:00,0.3573236725022967
2022-02-02 00:00:00,0.35896769039667425
2022-02-03 00:00:00,0.35896769039667425
2022-02-04 00:00:00,0.35896769039667425
2022-02-07 00:00:00,0.35896769039667425
2022-02-08 00:00:00,0.35896769039667425
2022-02-09 00:00:00,0.35896769039667425
2022-02-10 00:00:00,0.35896769039667425
2022-02-11 00:00:00,0.35896769039667425
2022-02-14 00:00:00,0.35896769039667425
2022-02-15 00:00:00,0.35896769039667425
2022-02-16 00:00:00,0.35896769039667425
2022-02-17 00:00:00,0.35896769039667425
2022-02-18 00:00:00,0.35896769039667425
2022-02-22 00:00:00,0.35896769039667425
2022-02-23 00:00:00,0.35896769039667425
2022-02-24 00:00:00,0.35896769039667425
2022-02-25 00:00:00,0.3590537247387913
2022-02-28 00:00:00,0.3590537247387913
2022-03-01 00:00:00,0.3590537247387913
2022-03-02 00:00:00,0.35988040145409494
2022-03-03 00:00:00,0.35988040145409494
2022-03-04 00:00:00,0.35988040145409494
2022-03-07 00:00:00,0.35988040145409494
2022-03-08 00:00:00,0.35988040145409494
2022-03-09 00:00:00,0.35988040145409494
2022-03-10 00:00:00,0.35871874747909793
2022-03-11 00:00:00,0.3574878875263496
2022-03-14 00:00:00,0.3561574813882981
2022-03-15 00:00:00,0.3561574813882981
2022-03-16 00:00:00,0.3561574813882981
2022-03-17 00:00:00,0.3561574813882981
2022-03-18 00:00:00,0.35661521832485793
2022-03-21 00:00:00,0.3579185524561108
2022-03-22 00:00:00,0.3570741333511206
2022-03-23 00:00:00,0.3573423796414681
2022-03-24 00:00:00,0.3577262885151697
2022-03-25 00:00:00,0.3577262885151697
2022-03-28 00:00:00,0.3563480622323629
2022-03-29 00:00:00,0.3579185524561108
2022-03-30 00:00:00,0.3606321123685909
2022-03-31 00:00:00,0.36138661638593844
2022-04-01 00:00:00,0.36138661638593844
2022-04-04 00:00:00,0.3613333073596887
2022-04-05 00:00:00,0.3613333073596887
2022-04-06 00:00:00,0.3613333073596887
2022-04-07 00:00:00,0.3613333073596887
2022-04-08 00:00:00,0.3613333073596887
2022-04-11 00:00:00,0.3613333073596887
2022-04-12 00:00:00,0.3613333073596887
2022-04-13 00:00:00,0.3613333073596887
2022-04-14 00:00:00,0.3613333073596887
2022-04-15 00:00:00,0.3613333073596887
2022-04-18 00:00:00,0.36095057956881943
2022-04-19 00:00:00,0.35928143566579923
2022-04-20 00:00:00,0.35928143566579923
2022-04-21 00:00:00,0.35676160760952397
2022-04-22 00:00:00,0.35676160760952397
2022-04-25 00:00:00,0.35676160760952397
2022-04-26 00:00:00,0.35676160760952397
2022-04-27 00:00:00,0.35676160760952397
2022-04-28 00:00:00,0.35676160760952397
2022-04-29 00:00:00,0.35676160760952397
2022-05-02 00:00:00,0.35676160760952397
2022-05-03 00:00:00,0.35676160760952397
2022-05-04 00:00:00,0.3550575183138503
2022-05-05 00:00:00,0.3550575183138503
2022-05-06 00:00:00,0.3550575183138503
2022-05-09 00:00:00,0.35248308841972853
2022-05-10 00:00:00,0.35248308841972853
2022-05-11 00:00:00,0.35397741462479854
2022-05-12 00:00:00,0.3505452065861535
2022-05-13 00:00:00,0.3500894065302225
2022-05-16 00:00:00,0.3500894065302225
2022-05-17 00:00:00,0.3500894065302225
2022-05-18 00:00:00,0.3500894065302225
2022-05-19 00:00:00,0.3500894065302225
2022-05-20 00:00:00,0.3500894065302225
2022-05-23 00:00:00,0.3500894065302225
2022-05-24 00:00:00,0.3500894065302225
2022-05-25 00:00:00,0.3500894065302225
2022-05-26 00:00:00,0.3499145791194925
2022-05-27 00:00:00,0.3499145791194925
2022-05-31 00:00:00,0.3498781378642794
2022-06-01 00:00:00,0.3498781378642794
2022-06-02 00:00:00,0.34965087759299074
2022-06-03 00:00:00,0.34965087759299074
2022-06-06 00:00:00,0.34965087759299074
2022-06-07 00:00:00,0.34965087759299074
2022-06-08 00:00:00,0.34965087759299074
2022-06-09 00:00:00,0.34965087759299074
2022-06-10 00:00:00,0.34965087759299074
2022-06-13 00:00:00,0.34965087759299074
2022-06-14 00:00:00,0.34965087759299074
2022-06-15 00:00:00,0.3495999240946397
2022-06-16 00:00:00,0.35338146990309294
2022-06-17 00:00:00,0.3527625876358031
2022-06-21 00:00:00,0.3527625876358031
2022-06-22 00:00:00,0.3527625876358031
2022-06-23 00:00:00,0.3527625876358031
2022-06-24 00:00:00,0.3527625876358031
2022-06-27 00:00:00,0.3527625876358031
2022-06-28 00:00:00,0.3527625876358031
2022-06-29 00:00:00,0.3527625876358031
2022-06-30 00:00:00,0.3527625876358031
2022-07-01 00:00:00,0.3527625876358031
2022-07-05 00:00:00,0.3527625876358031
2022-07-06 00:00:00,0.3527625876358031
2022-07-07 00:00:00,0.3527625876358031
2022-07-08 00:00:00,0.3527625876358031
2022-07-11 00:00:00,0.3527625876358031
2022-07-12 00:00:00,0.3527625876358031
2022-07-13 00:00:00,0.3527625876358031
2022-07-14 00:00:00,0.3527625876358031
2022-07-15 00:00:00,0.3527625876358031
2022-07-18 00:00:00,0.3527625876358031
2022-07-19 00:00:00,0.3527625876358031
2022-07-20 00:00:00,0.3527625876358031
2022-07-21 00:00:00,0.3527625876358031
2022-07-22 00:00:00,0.3527625876358031
2022-07-25 00:00:00,0.3527625876358031
2022-07-26 00:00:00,0.3527625876358031
2022-07-27 00:00:00,0.3527625876358031
2022-07-28 00:00:00,0.3527625876358031
2022-07-29 00:00:00,0.3527625876358031
2022-08-01 00:00:00,0.3522207118921921
2022-08-02 00:00:00,0.3533277807855571
2022-08-03 00:00:00,0.35499765026739294
2022-08-04 00:00:00,0.35373419708135534
2022-08-05 00:00:00,0.35507186434684
2022-08-08 00:00:00,0.3533238600923796
2022-08-09 00:00:00,0.35292261475276154
2022-08-10 00:00:00,0.3506341818850039
2022-08-11 00:00:00,0.35024177046291505
2022-08-12 00:00:00,0.3510128461232015
2022-08-15 00:00:00,0.3513806605786351
2022-08-16 00:00:00,0.35249647428266645
2022-08-17 00:00:00,0.3530927750082939
2022-08-18 00:00:00,0.35325754498607115
2022-08-19 00:00:00,0.3541000528756427
2022-08-22 00:00:00,0.35522242349682265
2022-08-23 00:00:00,0.35522242349682265
2022-08-24 00:00:00,0.35522242349682265
2022-08-25 00:00:00,0.35522242349682265
2022-08-26 00:00:00,0.3553127892770204
2022-08-29 00:00:00,0.3553127892770204
2022-08-30 00:00:00,0.3553127892770204
2022-08-31 00:00:00,0.3553127892770204
2022-09-01 00:00:00,0.35429033462471266
2022-09-02 00:00:00,0.3547084040441322
2022-09-06 00:00:00,0.35427907909066936
2022-09-07 00:00:00,0.354629067901993
2022-09-08 00:00:00,0.3555656007504215
2022-09-09 00:00:00,0.3569885758441847
2022-09-12 00:00:00,0.3579680225590354
2022-09-13 00:00:00,0.3579680225590354
2022-09-14 00:00:00,0.3579680225590354
2022-09-15 00:00:00,0.3579680225590354
2022-09-16 00:00:00,0.3579680225590354
2022-09-19 00:00:00,0.3579680225590354
2022-09-20 00:00:00,0.3579680225590354
2022-09-21 00:00:00,0.3579680225590354
2022-09-22 00:00:00,0.3579680225590354
2022-09-23 00:00:00,0.3579680225590354
2022-09-26 00:00:00,0.3579680225590354
2022-09-27 00:00:00,0.3579680225590354
2022-09-28 00:00:00,0.36206590842599967
2022-09-29 00:00:00,0.3608242464988876
2022-09-30 00:00:00,0.3594473287336151
2022-10-03 00:00:00,0.3570189224057345
2022-10-04 00:00:00,0.3605889453953669
2022-10-05 00:00:00,0.35965156779329466
2022-10-06 00:00:00,0.35788147924040703
2022-10-07 00:00:00,0.35744954829369213
2022-10-11 00:00:00,0.35670395610402206
2022-10-12 00:00:00,0.35556447699682475
2022-10-13 00:00:00,0.35536600659460493
2022-10-14 00:00:00,0.3535345268908456
2022-10-17 00:00:00,0.3535345268908456
2022-10-18 00:00:00,0.35338856221058723
2022-10-19 00:00:00,0.3521504513139609
2022-10-20 00:00:00,0.35272693575444547
2022-10-21 00:00:00,0.35308127900817354
2022-10-24 00:00:00,0.3526626770988597
2022-10-25 00:00:00,0.35340476748295624
2022-10-26 00:00:00,0.3549757704875857
2022-10-27 00:00:00,0.35441588873228436
2022-10-28 00:00:00,0.353291398857015
2022-10-31 00:00:00,0.35267873694624685
2022-11-01 00:00:00,0.35285560736353944
2022-11-02 00:00:00,0.3529683641058849
2022-11-03 00:00:00,0.35069582690770673
2022-11-04 00:00:00,0.35308127900817354
2022-11-07 00:00:00,0.35430109604985677
2022-11-08 00:00:00,0.3553567075233441
2022-11-09 00:00:00,0.3554079053896343
2022-11-10 00:00:00,0.3554079053896343
2022-11-14 00:00:00,0.35272068635192505
2022-11-15 00:00:00,0.3529052973948323
2022-11-16 00:00:00,0.35291055500922475
2022-11-17 00:00:00,0.3539566862612958
2022-11-18 00:00:00,0.35375303114911694
2022-11-21 00:00:00,0.3544467534702886
2022-11-22 00:00:00,0.35384012886140465
2022-11-23 00:00:00,0.3527352939659825
2022-11-25 00:00:00,0.35303134748569015
2022-11-28 00:00:00,0.3530700098400638
2022-11-29 00:00:00,0.35354107055084655
2022-11-30 00:00:00,0.3533138233792098
2022-12-01 00:00:00,0.35208511805619525
2022-12-02 00:00:00,0.3519883230107156
2022-12-05 00:00:00,0.3525702627333015
2022-12-06 00:00:00,0.35239542291753506
2022-12-07 00:00:00,0.3523330703439759
2022-12-08 00:00:00,0.35183941179187345
2022-12-09 00:00:00,0.3513677691474153
2022-12-12 00:00:00,0.3513677691474153
2022-12-13 00:00:00,0.350269908099933
2022-12-14 00:00:00,0.3498865319922733
2022-12-15 00:00:00,0.35050652633964724
2022-12-16 00:00:00,0.35094691163502467
2022-12-19 00:00:00,0.3506799825257364
2022-12-20 00:00:00,0.3501241075652077
2022-12-21 00:00:00,0.3503428334980661
2022-12-22 00:00:00,0.3507470723166323
2022-12-23 00:00:00,0.35104977878203913
2022-12-27 00:00:00,0.3504228848388027
2022-12-28 00:00:00,0.35029141942404196
2022-12-29 00:00:00,0.3497574475856325
2022-12-30 00:00:00,0.34985166285316116
2023-01-03 00:00:00,0.35142251662472457
2023-01-04 00:00:00,0.3502149794058154
2023-01-05 00:00:00,0.35136027525632135
2023-01-06 00:00:00,0.350476343755942
2023-01-09 00:00:00,0.3490454434481901
2023-01-10 00:00:00,0.34961021649247825
2023-01-11 00:00:00,0.3505311868933747
2023-01-12 00:00:00,0.35038763417740487
2023-01-13 00:00:00,0.3503311494719227
2023-01-17 00:00:00,0.3494573053494296
2023-01-18 00:00:00,0.3484931977440527
2023-01-19 00:00:00,0.34876908477096324
2023-01-20 00:00:00,0.3495134173090012
2023-01-23 00:00:00,0.34963313838201154
2023-01-24 00:00:00,0.3496139129604038
2023-01-25 00:00:00,0.3492147175486469
2023-01-26 00:00:00,0.3493477211718568
2023-01-27 00:00:00,0.3494424404036866
2023-01-30 00:00:00,0.34960011278138864
2023-01-31 00:00:00,0.3490228738466511
2023-02-01 00:00:00,0.3485171778066985
2023-02-02 00:00:00,0.3481625476974894
2023-02-03 00:00:00,0.3498129595734421
2023-02-06 00:00:00,0.35015717265030816
2023-02-07 00:00:00,0.3496268673948007
2023-02-08 00:00:00,0.3496268673948007
2023-02-09 00:00:00,0.3496268673948007
2023-02-10 00:00:00,0.3496268673948007
2023-02-13 00:00:00,0.3496268673948007
2023-02-14 00:00:00,0.3496268673948007
2023-02-15 00:00:00,0.3496268673948007
2023-02-16 00:00:00,0.3496268673948007
2023-02-17 00:00:00,0.3496268673948007
2023-02-21 00:00:00,0.3496268673948007
2023-02-22 00:00:00,0.3496268673948007
2023-02-23 00:00:00,0.3496268673948007
2023-02-24 00:00:00,0.348599780249467
2023-02-27 00:00:00,0.3490487194400566
2023-02-28 00:00:00,0.34903071590596296
2023-03-01 00:00:00,0.3488329301966412
2023-03-02 00:00:00,0.3482423445881695
2023-03-03 00:00:00,0.3489407558099563
2023-03-06 00:00:00,0.35026376843977014
2023-03-07 00:00:00,0.3483672742944978
2023-03-08 00:00:00,0.3486893769479614
2023-03-09 00:00:00,0.34926506181193956
2023-03-10 00:00:00,0.3520168931052248
2023-03-13 00:00:00,0.35375573542740596
2023-03-14 00:00:00,0.35375573542740596
2023-03-15 00:00:00,0.3577923242480217
2023-03-16 00:00:00,0.3597718064826806
2023-03-17 00:00:00,0.3597718064826806
2023-03-20 00:00:00,0.3597718064826806
2023-03-21 00:00:00,0.3597718064826806
2023-03-22 00:00:00,0.3597718064826806
2023-03-23 00:00:00,0.3597718064826806
2023-03-24 00:00:00,0.3597718064826806
2023-03-27 00:00:00,0.35931913801169
2023-03-28 00:00:00,0.36015986038749387
2023-03-29 00:00:00,0.36007408335504903
2023-03-30 00:00:00,0.3587160478316928
2023-03-31 00:00:00,0.3584322021998328
2023-04-03 00:00:00,0.3584439967500462
2023-04-04 00:00:00,0.35696680296347194
2023-04-05 00:00:00,0.3564281276881882
2023-04-06 00:00:00,0.35616401724493224
2023-04-07 00:00:00,0.3563772945886866
2023-04-10 00:00:00,0.35793492876951516
2023-04-11 00:00:00,0.35612541664995373
2023-04-12 00:00:00,0.3542198905971972
2023-04-13 00:00:00,0.3542198905971972
2023-04-14 00:00:00,0.3542198905971972
2023-04-17 00:00:00,0.35573550997603737
2023-04-18 00:00:00,0.355165311220131
2023-04-19 00:00:00,0.35530222613050777
2023-04-20 00:00:00,0.3537028146285499
2023-04-21 00:00:00,0.35296726562641123
2023-04-24 00:00:00,0.35128112172598913
2023-04-25 00:00:00,0.35128112172598913
2023-04-26 00:00:00,0.3507003296357448
2023-04-27 00:00:00,0.35201036724154544
2023-04-28 00:00:00,0.35091340612100774
2023-05-01 00:00:00,0.3520799327492314
2023-05-02 00:00:00,0.35136220679981733
2023-05-03 00:00:00,0.34992455861533633
2023-05-04 00:00:00,0.34967297283510496
2023-05-05 00:00:00,0.3509002007883998
2023-05-08 00:00:00,0.3504369209089406
2023-05-09 00:00:00,0.3509470185693482
2023-05-10 00:00:00,0.35081643790015454
2023-05-11 00:00:00,0.351795265580341
2023-05-12 00:00:00,0.35220499642154074
2023-05-15 00:00:00,0.3516770482053511
2023-05-16 00:00:00,0.352040325298418
2023-05-17 00:00:00,0.35265865925935325
2023-05-18 00:00:00,0.35389615772594907
2023-05-19 00:00:00,0.3525012819158212
2023-05-22 00:00:00,0.3525012819158212
2023-05-23 00:00:00,0.3525012819158212
2023-05-24 00:00:00,0.3525012819158212
2023-05-25 00:00:00,0.3525012819158212
2023-05-26 00:00:00,0.3524810114886792
2023-05-30 00:00:00,0.3524810114886792
2023-05-31 00:00:00,0.35181085467052137
2023-06-01 00:00:00,0.35181085467052137
2023-06-02 00:00:00,0.3518039629794484
2023-06-05 00:00:00,0.3518039629794484
2023-06-06 00:00:00,0.3518039629794484
2023-06-07 00:00:00,0.3518039629794484
2023-06-08 00:00:00,0.3518039629794484
2023-06-09 00:00:00,0.3518039629794484
2023-06-12 00:00:00,0.3518039629794484
2023-06-13 00:00:00,0.3518039629794484
2023-06-14 00:00:00,0.3518039629794484
2023-06-15 00:00:00,0.3518039629794484
2023-06-16 00:00:00,0.35210716146066356
2023-06-20 00:00:00,0.3530688557666946
2023-06-21 00:00:00,0.35217120734994145
2023-06-22 00:00:00,0.35217120734994145
2023-06-23 00:00:00,0.35232115158884814
2023-06-26 00:00:00,0.35232115158884814
2023-06-27 00:00:00,0.35232115158884814
2023-06-28 00:00:00,0.35232115158884814
2023-06-29 00:00:00,0.35232115158884814
2023-06-30 00:00:00,0.35232115158884814
2023-07-03 00:00:00,0.35232115158884814
2023-07-05 00:00:00,0.35232115158884814
2023-07-06 00:00:00,0.35232115158884814
2023-07-07 00:00:00,0.35232115158884814
2023-07-10 00:00:00,0.35232115158884814
2023-07-11 00:00:00,0.3497400226446805
2023-07-12 00:00:00,0.3443374778934616
2023-07-13 00:00:00,0.3443374778934616
2023-07-14 00:00:00,0.3443374778934616
2023-07-17 00:00:00,0.3443374778934616
2023-07-18 00:00:00,0.3443374778934616
2023-07-19 00:00:00,0.3443374778934616
2023-07-20 00:00:00,0.34721661998123377
2023-07-21 00:00:00,0.3466841599810768
2023-07-24 00:00:00,0.3469011787927266
2023-07-25 00:00:00,0.3460907497441791
2023-07-26 00:00:00,0.3453164563600962
2023-07-27 00:00:00,0.3477073084184217
2023-07-28 00:00:00,0.347726755573365
2023-07-31 00:00:00,0.34774619369592696
2023-08-01 00:00:00,0.3506429605534643
2023-08-02 00:00:00,0.35123892024409065
2023-08-03 00:00:00,0.3497917901714896
2023-08-04 00:00:00,0.34864480004734566
2023-08-07 00:00:00,0.34975221115104205
2023-08-08 00:00:00,0.35031252695257403
2023-08-09 00:00:00,0.3507938902227363
2023-08-10 00:00:00,0.3494602427020996
2023-08-11 00:00:00,0.3505617360608678
2023-08-14 00:00:00,0.3509268773746353
2023-08-15 00:00:00,0.350676234722278
2023-08-16 00:00:00,0.35130971020708
2023-08-17 00:00:00,0.3514165804102957
2023-08-18 00:00:00,0.3514165804102957
2023-08-21 00:00:00,0.3514165804102957
2023-08-22 00:00:00,0.35139304843170605
2023-08-23 00:00:00,0.35139304843170605
2023-08-24 00:00:00,0.35139304843170605
2023-08-25 00:00:00,0.35139304843170605
2023-08-28 00:00:00,0.3515924581046832
2023-08-29 00:00:00,0.3515924581046832
2023-08-30 00:00:00,0.3515924581046832
2023-08-31 00:00:00,0.3515924581046832
2023-09-01 00:00:00,0.3515924581046832
2023-09-05 00:00:00,0.3515924581046832
2023-09-06 00:00:00,0.3512121599976989
2023-09-07 00:00:00,0.3511806069416622
2023-09-08 00:00:00,0.3511806069416622
2023-09-11 00:00:00,0.35135968853632055
2023-09-12 00:00:00,0.3513280362624671
2023-09-13 00:00:00,0.35120163995544906
2023-09-14 00:00:00,0.35094986427448993
2023-09-15 00:00:00,0.35083491785764576
2023-09-18 00:00:00,0.35079318910488366
2023-09-19 00:00:00,0.3506370374072774
2023-09-20 00:00:00,0.35090803289669176
2023-09-21 00:00:00,0.3500791853379282
2023-09-22 00:00:00,0.34976194013988937
2023-09-25 00:00:00,0.34919431899905196
2023-09-26 00:00:00,0.3489531811090749
2023-09-27 00:00:00,0.34841522182419465
2023-09-28 00:00:00,0.34889309429058885
2023-09-29 00:00:00,0.3489832540983074
2023-10-02 00:00:00,0.348633626102305
2023-10-03 00:00:00,0.3481387591871494
2023-10-04 00:00:00,0.3487931245183478
2023-10-05 00:00:00,0.3489832540983074
2023-10-06 00:00:00,0.34957872709981036
2023-10-10 00:00:00,0.3500176132155119
2023-10-11 00:00:00,0.3501614088525388
2023-10-12 00:00:00,0.34976194013988937
2023-10-13 00:00:00,0.3502334740977754
2023-10-16 00:00:00,0.35034694579789527
2023-10-17 00:00:00,0.35047104962830783
2023-10-18 00:00:00,0.35057472271312756
2023-10-19 00:00:00,0.3508766838848632
2023-10-20 00:00:00,0.3512470482935819
2023-10-23 00:00:00,0.3512470482935819
2023-10-24 00:00:00,0.35134640796990796
2023-10-25 00:00:00,0.35134640796990796
2023-10-26 00:00:00,0.35134640796990796
2023-10-27 00:00:00,0.35134640796990796
2023-10-30 00:00:00,0.35134640796990796
2023-10-31 00:00:00,0.35134640796990796
2023-11-01 00:00:00,0.35134640796990796
2023-11-02 00:00:00,0.35134640796990796
2023-11-03 00:00:00,0.35134640796990796
2023-11-06 00:00:00,0.35134640796990796
2023-11-07 00:00:00,0.35134640796990796
2023-11-08 00:00:00,0.35134640796990796
2023-11-09 00:00:00,0.35134640796990796
2023-11-13 00:00:00,0.35134640796990796
2023-11-14 00:00:00,0.35134640796990796
2023-11-15 00:00:00,0.35134640796990796
2023-11-16 00:00:00,0.3514972514825727
2023-11-17 00:00:00,0.35129834512927827
2023-11-20 00:00:00,0.3508270115634051
2023-11-21 00:00:00,0.3506584611678681
2023-11-22 00:00:00,0.3510028283334649
2023-11-24 00:00:00,0.3504331217433937
2023-11-27 00:00:00,0.3503121537097923
2023-11-28 00:00:00,0.3495253273363857
2023-11-29 00:00:00,0.3493375552816916
2023-11-30 00:00:00,0.34888654204309627
2023-12-01 00:00:00,0.34856511139112684
2023-12-04 00:00:00,0.34895253878469146
2023-12-05 00:00:00,0.34943580372670513
2023-12-06 00:00:00,0.3491168744539931
2023-12-07 00:00:00,0.3493869215541105
2023-12-08 00:00:00,0.3502229897442292
2023-12-11 00:00:00,0.3499723859070785
2023-12-12 00:00:00,0.34934624657617913
2023-12-13 00:00:00,0.34940344017816793
2023-12-14 00:00:00,0.34733387660750653
2023-12-15 00:00:00,0.34733387660750653
2023-12-18 00:00:00,0.3471895447914383
2023-12-19 00:00:00,0.3455423712232103
2023-12-20 00:00:00,0.3456668091418751
2023-12-21 00:00:00,0.3447942377002505
2023-12-22 00:00:00,0.34448668102078334
2023-12-26 00:00:00,0.34420113012784526
2023-12-27 00:00:00,0.3409904941467976
2023-12-28 00:00:00,0.3409904941467976
2023-12-29 00:00:00,0.3413360266109171
