date,combined_equity
2002-07-26 00:00:00,1.0
2002-07-29 00:00:00,1.0
2002-07-30 00:00:00,1.0
2002-07-31 00:00:00,1.0
2002-08-01 00:00:00,1.0
2002-08-02 00:00:00,1.0
2002-08-05 00:00:00,1.0
2002-08-06 00:00:00,1.0
2002-08-07 00:00:00,1.0
2002-08-08 00:00:00,1.0
2002-08-09 00:00:00,1.0
2002-08-12 00:00:00,1.0
2002-08-13 00:00:00,1.0
2002-08-14 00:00:00,1.0
2002-08-15 00:00:00,1.0
2002-08-16 00:00:00,1.0
2002-08-19 00:00:00,1.0
2002-08-20 00:00:00,1.0
2002-08-21 00:00:00,1.0
2002-08-22 00:00:00,1.0
2002-08-23 00:00:00,1.0
2002-08-26 00:00:00,1.0
2002-08-27 00:00:00,1.0
2002-08-28 00:00:00,1.0
2002-08-29 00:00:00,1.0
2002-08-30 00:00:00,1.0
2002-09-03 00:00:00,1.0
2002-09-04 00:00:00,1.0
2002-09-05 00:00:00,1.0
2002-09-06 00:00:00,1.0
2002-09-09 00:00:00,1.0
2002-09-10 00:00:00,1.0
2002-09-11 00:00:00,1.0
2002-09-12 00:00:00,1.0
2002-09-13 00:00:00,1.0
2002-09-16 00:00:00,1.0
2002-09-17 00:00:00,1.0
2002-09-18 00:00:00,1.0
2002-09-19 00:00:00,1.0
2002-09-20 00:00:00,1.0
2002-09-23 00:00:00,1.0
2002-09-24 00:00:00,1.0
2002-09-25 00:00:00,1.0
2002-09-26 00:00:00,1.0
2002-09-27 00:00:00,1.0
2002-09-30 00:00:00,1.0
2002-10-01 00:00:00,1.0
2002-10-02 00:00:00,1.0
2002-10-03 00:00:00,1.0
2002-10-04 00:00:00,1.0
2002-10-07 00:00:00,1.0
2002-10-08 00:00:00,1.0
2002-10-09 00:00:00,1.0
2002-10-10 00:00:00,1.0
2002-10-11 00:00:00,1.0
2002-10-14 00:00:00,1.0
2002-10-15 00:00:00,1.0
2002-10-16 00:00:00,1.0
2002-10-17 00:00:00,1.0
2002-10-18 00:00:00,1.0
2002-10-21 00:00:00,1.0
2002-10-22 00:00:00,1.0
2002-10-23 00:00:00,1.0
2002-10-24 00:00:00,1.0
2002-10-25 00:00:00,1.0
2002-10-28 00:00:00,1.0
2002-10-29 00:00:00,1.0
2002-10-30 00:00:00,1.0
2002-10-31 00:00:00,1.0
2002-11-01 00:00:00,1.0
2002-11-04 00:00:00,1.0
2002-11-05 00:00:00,1.0
2002-11-06 00:00:00,1.0
2002-11-07 00:00:00,1.0
2002-11-08 00:00:00,1.0
2002-11-11 00:00:00,1.0
2002-11-12 00:00:00,1.0
2002-11-13 00:00:00,1.0
2002-11-14 00:00:00,1.0
2002-11-15 00:00:00,1.0
2002-11-18 00:00:00,1.0
2002-11-19 00:00:00,1.0
2002-11-20 00:00:00,1.0
2002-11-21 00:00:00,1.0
2002-11-22 00:00:00,1.0
2002-11-25 00:00:00,1.0
2002-11-26 00:00:00,1.0
2002-11-27 00:00:00,1.0
2002-11-29 00:00:00,1.0
2002-12-02 00:00:00,1.0
2002-12-03 00:00:00,1.0
2002-12-04 00:00:00,1.0
2002-12-05 00:00:00,1.0
2002-12-06 00:00:00,1.0
2002-12-09 00:00:00,1.0
2002-12-10 00:00:00,1.0
2002-12-11 00:00:00,1.0
2002-12-12 00:00:00,1.0
2002-12-13 00:00:00,1.0
2002-12-16 00:00:00,1.0
2002-12-17 00:00:00,1.0
2002-12-18 00:00:00,1.0
2002-12-19 00:00:00,1.0
2002-12-20 00:00:00,1.0
2002-12-23 00:00:00,1.0
2002-12-24 00:00:00,1.0
2002-12-26 00:00:00,1.0
2002-12-27 00:00:00,1.0
2002-12-30 00:00:00,1.0
2002-12-31 00:00:00,1.0
2003-01-02 00:00:00,1.0
2003-01-03 00:00:00,1.0
2003-01-06 00:00:00,1.0
2003-01-07 00:00:00,1.0
2003-01-08 00:00:00,1.0
2003-01-09 00:00:00,1.0
2003-01-10 00:00:00,1.0
2003-01-13 00:00:00,1.0
2003-01-14 00:00:00,1.0
2003-01-15 00:00:00,1.0
2003-01-16 00:00:00,1.0
2003-01-17 00:00:00,1.0
2003-01-21 00:00:00,1.0
2003-01-22 00:00:00,1.0
2003-01-23 00:00:00,1.0
2003-01-24 00:00:00,1.0
2003-01-27 00:00:00,1.0
2003-01-28 00:00:00,1.0
2003-01-29 00:00:00,1.0
2003-01-30 00:00:00,1.0
2003-01-31 00:00:00,1.0
2003-02-03 00:00:00,1.0
2003-02-04 00:00:00,1.0
2003-02-05 00:00:00,1.0
2003-02-06 00:00:00,1.0
2003-02-07 00:00:00,1.0
2003-02-10 00:00:00,1.0
2003-02-11 00:00:00,1.0
2003-02-12 00:00:00,1.0
2003-02-13 00:00:00,1.0
2003-02-14 00:00:00,1.0
2003-02-18 00:00:00,1.0
2003-02-19 00:00:00,1.0
2003-02-20 00:00:00,1.0
2003-02-21 00:00:00,1.0
2003-02-24 00:00:00,1.0
2003-02-25 00:00:00,1.0
2003-02-26 00:00:00,1.0
2003-02-27 00:00:00,1.0
2003-02-28 00:00:00,1.0
2003-03-03 00:00:00,1.0
2003-03-04 00:00:00,1.0
2003-03-05 00:00:00,1.0
2003-03-06 00:00:00,1.0
2003-03-07 00:00:00,1.0
2003-03-10 00:00:00,1.0
2003-03-11 00:00:00,1.0
2003-03-12 00:00:00,1.0
2003-03-13 00:00:00,1.0
2003-03-14 00:00:00,1.0
2003-03-17 00:00:00,1.0
2003-03-18 00:00:00,1.0
2003-03-19 00:00:00,1.0
2003-03-20 00:00:00,1.0
2003-03-21 00:00:00,1.0
2003-03-24 00:00:00,1.0
2003-03-25 00:00:00,1.0
2003-03-26 00:00:00,1.0
2003-03-27 00:00:00,1.0
2003-03-28 00:00:00,1.0
2003-03-31 00:00:00,1.0
2003-04-01 00:00:00,1.0
2003-04-02 00:00:00,1.0
2003-04-03 00:00:00,1.0
2003-04-04 00:00:00,1.0
2003-04-07 00:00:00,1.0
2003-04-08 00:00:00,1.0
2003-04-09 00:00:00,1.0
2003-04-10 00:00:00,1.0
2003-04-11 00:00:00,1.0
2003-04-14 00:00:00,1.0
2003-04-15 00:00:00,1.0
2003-04-16 00:00:00,1.0
2003-04-17 00:00:00,1.0
2003-04-21 00:00:00,1.0
2003-04-22 00:00:00,1.0
2003-04-23 00:00:00,1.0
2003-04-24 00:00:00,1.0
2003-04-25 00:00:00,1.0
2003-04-28 00:00:00,1.0
2003-04-29 00:00:00,1.0
2003-04-30 00:00:00,1.0
2003-05-01 00:00:00,1.0
2003-05-02 00:00:00,1.0
2003-05-05 00:00:00,1.0
2003-05-06 00:00:00,1.0
2003-05-07 00:00:00,1.0
2003-05-08 00:00:00,1.0
2003-05-09 00:00:00,1.0
2003-05-12 00:00:00,1.0
2003-05-13 00:00:00,1.0
2003-05-14 00:00:00,1.0
2003-05-15 00:00:00,1.0
2003-05-16 00:00:00,1.0
2003-05-19 00:00:00,1.0
2003-05-20 00:00:00,1.0
2003-05-21 00:00:00,1.0
2003-05-22 00:00:00,1.0
2003-05-23 00:00:00,1.0
2003-05-27 00:00:00,1.0
2003-05-28 00:00:00,1.0
2003-05-29 00:00:00,1.0
2003-05-30 00:00:00,1.0
2003-06-02 00:00:00,1.0
2003-06-03 00:00:00,1.0
2003-06-04 00:00:00,1.0
2003-06-05 00:00:00,1.0
2003-06-06 00:00:00,1.0
2003-06-09 00:00:00,1.0
2003-06-10 00:00:00,1.0
2003-06-11 00:00:00,1.0
2003-06-12 00:00:00,1.0
2003-06-13 00:00:00,1.0
2003-06-16 00:00:00,1.0
2003-06-17 00:00:00,1.0
2003-06-18 00:00:00,1.0
2003-06-19 00:00:00,1.0
2003-06-20 00:00:00,1.0
2003-06-23 00:00:00,1.0
2003-06-24 00:00:00,1.0
2003-06-25 00:00:00,1.0
2003-06-26 00:00:00,1.0
2003-06-27 00:00:00,1.0
2003-06-30 00:00:00,1.0
2003-07-01 00:00:00,1.0
2003-07-02 00:00:00,1.0
2003-07-03 00:00:00,1.0
2003-07-07 00:00:00,1.0
2003-07-08 00:00:00,1.0
2003-07-09 00:00:00,1.0
2003-07-10 00:00:00,1.0
2003-07-11 00:00:00,1.0
2003-07-14 00:00:00,1.0
2003-07-15 00:00:00,1.0
2003-07-16 00:00:00,0.9945087816015784
2003-07-17 00:00:00,0.9964994645854243
2003-07-18 00:00:00,0.9978222966829755
2003-07-21 00:00:00,1.0116116786580245
2003-07-22 00:00:00,1.0084821715136123
2003-07-23 00:00:00,1.0063173378716257
2003-07-24 00:00:00,1.011944097903075
2003-07-25 00:00:00,1.01363795827079
2003-07-28 00:00:00,1.0221587388095155
2003-07-29 00:00:00,1.030679519348241
2003-07-30 00:00:00,1.0236913181941272
2003-07-31 00:00:00,1.03295415527318
2003-08-01 00:00:00,1.036206334375582
2003-08-04 00:00:00,1.030924863264221
2003-08-05 00:00:00,1.0397424664190775
2003-08-06 00:00:00,1.0277082807907385
2003-08-07 00:00:00,1.0250982132245556
2003-08-08 00:00:00,1.0276083357866304
2003-08-11 00:00:00,1.0307121035809672
2003-08-12 00:00:00,1.0335932544132056
2003-08-13 00:00:00,1.0454532893834036
2003-08-14 00:00:00,1.039503967385748
2003-08-15 00:00:00,1.039862125980874
2003-08-18 00:00:00,1.037029441452593
2003-08-19 00:00:00,1.0275924537153993
2003-08-20 00:00:00,1.0309188384718342
2003-08-21 00:00:00,1.032390081877451
2003-08-22 00:00:00,1.0296316030032024
2003-08-25 00:00:00,1.0344421008402918
2003-08-26 00:00:00,1.029605863653127
2003-08-27 00:00:00,1.032412808831333
2003-08-28 00:00:00,1.026018252909481
2003-08-29 00:00:00,1.0274894963150976
2003-09-02 00:00:00,1.039275325631263
2003-09-03 00:00:00,1.0382977824538
2003-09-04 00:00:00,1.034871452693257
2003-09-05 00:00:00,1.0243213801455724
2003-09-08 00:00:00,1.0307644023713818
2003-09-09 00:00:00,1.0262991934543806
2003-09-10 00:00:00,1.0199788431865613
2003-09-11 00:00:00,1.0226005413700399
2003-09-12 00:00:00,1.0226005413700399
2003-09-15 00:00:00,1.0226005413700399
2003-09-16 00:00:00,1.0226005413700399
2003-09-17 00:00:00,1.0226005413700399
2003-09-18 00:00:00,1.0226005413700399
2003-09-19 00:00:00,1.0226005413700399
2003-09-22 00:00:00,1.0226005413700399
2003-09-23 00:00:00,1.0226005413700399
2003-09-24 00:00:00,1.0226005413700399
2003-09-25 00:00:00,1.0226005413700399
2003-09-26 00:00:00,1.0226005413700399
2003-09-29 00:00:00,1.0226005413700399
2003-09-30 00:00:00,1.0226005413700399
2003-10-01 00:00:00,1.0226005413700399
2003-10-02 00:00:00,1.0226005413700399
2003-10-03 00:00:00,1.0226005413700399
2003-10-06 00:00:00,1.0226005413700399
2003-10-07 00:00:00,1.0226005413700399
2003-10-08 00:00:00,1.0226005413700399
2003-10-09 00:00:00,1.0226005413700399
2003-10-10 00:00:00,1.0226005413700399
2003-10-13 00:00:00,1.0226005413700399
2003-10-14 00:00:00,1.0226005413700399
2003-10-15 00:00:00,1.0226005413700399
2003-10-16 00:00:00,1.0226005413700399
2003-10-17 00:00:00,1.0226005413700399
2003-10-20 00:00:00,1.0226005413700399
2003-10-21 00:00:00,1.0226005413700399
2003-10-22 00:00:00,1.0226005413700399
2003-10-23 00:00:00,1.0226005413700399
2003-10-24 00:00:00,1.0226005413700399
2003-10-27 00:00:00,1.0226005413700399
2003-10-28 00:00:00,1.0226005413700399
2003-10-29 00:00:00,1.0226005413700399
2003-10-30 00:00:00,1.0226005413700399
2003-10-31 00:00:00,1.0226005413700399
2003-11-03 00:00:00,1.0226005413700399
2003-11-04 00:00:00,1.0226005413700399
2003-11-05 00:00:00,1.0226005413700399
2003-11-06 00:00:00,1.0226005413700399
2003-11-07 00:00:00,1.0226005413700399
2003-11-10 00:00:00,1.0226005413700399
2003-11-11 00:00:00,1.0226005413700399
2003-11-12 00:00:00,1.0226005413700399
2003-11-13 00:00:00,1.0226005413700399
2003-11-14 00:00:00,1.0226005413700399
2003-11-17 00:00:00,1.0226005413700399
2003-11-18 00:00:00,1.0226005413700399
2003-11-19 00:00:00,1.0226005413700399
2003-11-20 00:00:00,1.0226005413700399
2003-11-21 00:00:00,1.0226005413700399
2003-11-24 00:00:00,1.0226005413700399
2003-11-25 00:00:00,1.0226005413700399
2003-11-26 00:00:00,1.0226005413700399
2003-11-28 00:00:00,1.0226005413700399
2003-12-01 00:00:00,1.0226005413700399
2003-12-02 00:00:00,1.0226005413700399
2003-12-03 00:00:00,1.0226005413700399
2003-12-04 00:00:00,1.0226005413700399
2003-12-05 00:00:00,1.0226005413700399
2003-12-08 00:00:00,1.0226005413700399
2003-12-09 00:00:00,1.0226005413700399
2003-12-10 00:00:00,1.0226005413700399
2003-12-11 00:00:00,1.0226005413700399
2003-12-12 00:00:00,1.0226005413700399
2003-12-15 00:00:00,1.0226005413700399
2003-12-16 00:00:00,1.0226005413700399
2003-12-17 00:00:00,1.0226005413700399
2003-12-18 00:00:00,1.0226005413700399
2003-12-19 00:00:00,1.0226005413700399
2003-12-22 00:00:00,1.0226005413700399
2003-12-23 00:00:00,1.0226005413700399
2003-12-24 00:00:00,1.0226005413700399
2003-12-26 00:00:00,1.0226005413700399
2003-12-29 00:00:00,1.0226005413700399
2003-12-30 00:00:00,1.0226005413700399
2003-12-31 00:00:00,1.0226005413700399
2004-01-02 00:00:00,1.0226005413700399
2004-01-05 00:00:00,1.0226005413700399
2004-01-06 00:00:00,1.0226005413700399
2004-01-07 00:00:00,1.0226005413700399
2004-01-08 00:00:00,1.0226005413700399
2004-01-09 00:00:00,1.0226005413700399
2004-01-12 00:00:00,1.0226005413700399
2004-01-13 00:00:00,1.0226005413700399
2004-01-14 00:00:00,1.0226005413700399
2004-01-15 00:00:00,1.0226005413700399
2004-01-16 00:00:00,1.0226005413700399
2004-01-20 00:00:00,1.0226005413700399
2004-01-21 00:00:00,1.0226005413700399
2004-01-22 00:00:00,1.0226005413700399
2004-01-23 00:00:00,1.0226005413700399
2004-01-26 00:00:00,1.0226005413700399
2004-01-27 00:00:00,1.0226005413700399
2004-01-28 00:00:00,1.0226005413700399
2004-01-29 00:00:00,1.0226005413700399
2004-01-30 00:00:00,1.0226005413700399
2004-02-02 00:00:00,1.0226005413700399
2004-02-03 00:00:00,1.0226005413700399
2004-02-04 00:00:00,1.0226005413700399
2004-02-05 00:00:00,1.0226005413700399
2004-02-06 00:00:00,1.0226005413700399
2004-02-09 00:00:00,1.0226005413700399
2004-02-10 00:00:00,1.0226005413700399
2004-02-11 00:00:00,1.0226005413700399
2004-02-12 00:00:00,1.0226005413700399
2004-02-13 00:00:00,1.0226005413700399
2004-02-17 00:00:00,1.0226005413700399
2004-02-18 00:00:00,1.0226005413700399
2004-02-19 00:00:00,1.0226005413700399
2004-02-20 00:00:00,1.0226005413700399
2004-02-23 00:00:00,1.0226005413700399
2004-02-24 00:00:00,1.0226005413700399
2004-02-25 00:00:00,1.0226005413700399
2004-02-26 00:00:00,1.0226005413700399
2004-02-27 00:00:00,1.0226005413700399
2004-03-01 00:00:00,1.0226005413700399
2004-03-02 00:00:00,1.0226005413700399
2004-03-03 00:00:00,1.0226005413700399
2004-03-04 00:00:00,1.0226005413700399
2004-03-05 00:00:00,1.0226005413700399
2004-03-08 00:00:00,1.0226005413700399
2004-03-09 00:00:00,1.0226005413700399
2004-03-10 00:00:00,1.0226005413700399
2004-03-11 00:00:00,1.0226005413700399
2004-03-12 00:00:00,1.0226005413700399
2004-03-15 00:00:00,1.0226005413700399
2004-03-16 00:00:00,1.0226005413700399
2004-03-17 00:00:00,1.0226005413700399
2004-03-18 00:00:00,1.0226005413700399
2004-03-19 00:00:00,1.0226005413700399
2004-03-22 00:00:00,1.0226005413700399
2004-03-23 00:00:00,1.0226005413700399
2004-03-24 00:00:00,1.0226005413700399
2004-03-25 00:00:00,1.0226005413700399
2004-03-26 00:00:00,1.0226005413700399
2004-03-29 00:00:00,1.0226005413700399
2004-03-30 00:00:00,1.0226005413700399
2004-03-31 00:00:00,1.0226005413700399
2004-04-01 00:00:00,1.0226005413700399
2004-04-02 00:00:00,1.0226005413700399
2004-04-05 00:00:00,1.0226005413700399
2004-04-06 00:00:00,1.0226005413700399
2004-04-07 00:00:00,1.0226005413700399
2004-04-08 00:00:00,1.0226005413700399
2004-04-12 00:00:00,1.0226005413700399
2004-04-13 00:00:00,1.0226005413700399
2004-04-14 00:00:00,1.0141909567854421
2004-04-15 00:00:00,1.0197051405421895
2004-04-16 00:00:00,1.0161458251418707
2004-04-19 00:00:00,1.0181191311787874
2004-04-20 00:00:00,1.0266209305116418
2004-04-21 00:00:00,1.022065743252621
2004-04-22 00:00:00,1.0165146841348973
2004-04-23 00:00:00,1.0218075630341552
2004-04-26 00:00:00,1.0202399913512412
2004-04-27 00:00:00,1.0166806759509226
2004-04-28 00:00:00,1.0254037801412665
2004-04-29 00:00:00,1.0299220920393115
2004-04-30 00:00:00,1.0261414717815034
2004-05-03 00:00:00,1.0285573875333989
2004-05-04 00:00:00,1.0348461382913592
2004-05-05 00:00:00,1.0373727064719993
2004-05-06 00:00:00,1.0397886222238948
2004-05-07 00:00:00,1.0517206468478353
2004-05-10 00:00:00,1.0538046053134968
2004-05-11 00:00:00,1.0496920277694546
2004-05-12 00:00:00,1.0556488212411808
2004-05-13 00:00:00,1.0590606088517784
2004-05-14 00:00:00,1.0517391108741398
2004-05-17 00:00:00,1.0437536983240328
2004-05-18 00:00:00,1.0472761383633755
2004-05-19 00:00:00,1.0502453162589944
2004-05-20 00:00:00,1.0432557755675897
2004-05-21 00:00:00,1.046888868035677
2004-05-24 00:00:00,1.0439934672078266
2004-05-25 00:00:00,1.0413193712374655
2004-05-26 00:00:00,1.0364322266922101
2004-05-27 00:00:00,1.0292213811433162
2004-05-28 00:00:00,1.0317479493239565
2004-06-01 00:00:00,1.043679973947897
2004-06-02 00:00:00,1.0459852372710476
2004-06-03 00:00:00,1.0440857083018995
2004-06-04 00:00:00,1.0493785872011576
2004-06-07 00:00:00,1.04913884466318
2004-06-08 00:00:00,1.0474606205515213
2004-06-09 00:00:00,1.0513150178770982
2004-06-10 00:00:00,1.0495261413366948
2004-06-14 00:00:00,1.0567001115246126
2004-06-15 00:00:00,1.0377601085287793
2004-06-16 00:00:00,1.041282548568122
2004-06-17 00:00:00,1.0352888797354198
2004-06-18 00:00:00,1.0372621857723365
2004-06-21 00:00:00,1.03657983351938
2004-06-22 00:00:00,1.03932770655751
2004-06-23 00:00:00,1.0375388300171065
2004-06-24 00:00:00,1.031987770899383
2004-06-25 00:00:00,1.0310841137889373
2004-06-28 00:00:00,1.0404711325517495
2004-06-29 00:00:00,1.0346987685765365
2004-06-30 00:00:00,1.0252748744527482
2004-07-01 00:00:00,1.0282043059959622
2004-07-02 00:00:00,1.0282043059959622
2004-07-06 00:00:00,1.0282043059959622
2004-07-07 00:00:00,1.0282043059959622
2004-07-08 00:00:00,1.0282043059959622
2004-07-09 00:00:00,1.0282043059959622
2004-07-12 00:00:00,1.0282043059959622
2004-07-13 00:00:00,1.0282043059959622
2004-07-14 00:00:00,1.0282043059959622
2004-07-15 00:00:00,1.0282043059959622
2004-07-16 00:00:00,1.0282043059959622
2004-07-19 00:00:00,1.0282043059959622
2004-07-20 00:00:00,1.0282043059959622
2004-07-21 00:00:00,1.0282043059959622
2004-07-22 00:00:00,1.0282043059959622
2004-07-23 00:00:00,1.0282043059959622
2004-07-26 00:00:00,1.0282043059959622
2004-07-27 00:00:00,1.0282043059959622
2004-07-28 00:00:00,1.0282043059959622
2004-07-29 00:00:00,1.0282043059959622
2004-07-30 00:00:00,1.0282043059959622
2004-08-02 00:00:00,1.0282043059959622
2004-08-03 00:00:00,1.0282043059959622
2004-08-04 00:00:00,1.0282043059959622
2004-08-05 00:00:00,1.0282043059959622
2004-08-06 00:00:00,1.0282043059959622
2004-08-09 00:00:00,1.0282043059959622
2004-08-10 00:00:00,1.0282043059959622
2004-08-11 00:00:00,1.0282043059959622
2004-08-12 00:00:00,1.0282043059959622
2004-08-13 00:00:00,1.0282043059959622
2004-08-16 00:00:00,1.0282043059959622
2004-08-17 00:00:00,1.0282043059959622
2004-08-18 00:00:00,1.0282043059959622
2004-08-19 00:00:00,1.0282043059959622
2004-08-20 00:00:00,1.0282043059959622
2004-08-23 00:00:00,1.0282043059959622
2004-08-24 00:00:00,1.0282043059959622
2004-08-25 00:00:00,1.0282043059959622
2004-08-26 00:00:00,1.0282043059959622
2004-08-27 00:00:00,1.0282043059959622
2004-08-30 00:00:00,1.0282043059959622
2004-08-31 00:00:00,1.0282043059959622
2004-09-01 00:00:00,1.0282043059959622
2004-09-02 00:00:00,1.0282043059959622
2004-09-03 00:00:00,1.0282043059959622
2004-09-07 00:00:00,1.0282043059959622
2004-09-08 00:00:00,1.0282043059959622
2004-09-09 00:00:00,1.0282043059959622
2004-09-10 00:00:00,1.0282043059959622
2004-09-13 00:00:00,1.0282043059959622
2004-09-14 00:00:00,1.0282043059959622
2004-09-15 00:00:00,1.0282043059959622
2004-09-16 00:00:00,1.0282043059959622
2004-09-17 00:00:00,1.0282043059959622
2004-09-20 00:00:00,1.0282043059959622
2004-09-21 00:00:00,1.0282043059959622
2004-09-22 00:00:00,1.0282043059959622
2004-09-23 00:00:00,1.0282043059959622
2004-09-24 00:00:00,1.0282043059959622
2004-09-27 00:00:00,1.0282043059959622
2004-09-28 00:00:00,1.0282043059959622
2004-09-29 00:00:00,1.0282043059959622
2004-09-30 00:00:00,1.0282043059959622
2004-10-01 00:00:00,1.0282043059959622
2004-10-04 00:00:00,1.0282043059959622
2004-10-05 00:00:00,1.0282043059959622
2004-10-06 00:00:00,1.0282043059959622
2004-10-07 00:00:00,1.0282043059959622
2004-10-08 00:00:00,1.0282043059959622
2004-10-11 00:00:00,1.0282043059959622
2004-10-12 00:00:00,1.0282043059959622
2004-10-13 00:00:00,1.0282043059959622
2004-10-14 00:00:00,1.0282043059959622
2004-10-15 00:00:00,1.0282043059959622
2004-10-18 00:00:00,1.0282043059959622
2004-10-19 00:00:00,1.0282043059959622
2004-10-20 00:00:00,1.0282043059959622
2004-10-21 00:00:00,1.0282043059959622
2004-10-22 00:00:00,1.0282043059959622
2004-10-25 00:00:00,1.0282043059959622
2004-10-26 00:00:00,1.0282043059959622
2004-10-27 00:00:00,1.0282043059959622
2004-10-28 00:00:00,1.0282043059959622
2004-10-29 00:00:00,1.0282043059959622
2004-11-01 00:00:00,1.0282043059959622
2004-11-02 00:00:00,1.0282043059959622
2004-11-03 00:00:00,1.0282043059959622
2004-11-04 00:00:00,1.0282043059959622
2004-11-05 00:00:00,1.0282043059959622
2004-11-08 00:00:00,1.0282043059959622
2004-11-09 00:00:00,1.0282043059959622
2004-11-10 00:00:00,1.0282043059959622
2004-11-11 00:00:00,1.0282043059959622
2004-11-12 00:00:00,1.0282043059959622
2004-11-15 00:00:00,1.0282043059959622
2004-11-16 00:00:00,1.0282043059959622
2004-11-17 00:00:00,1.0282043059959622
2004-11-18 00:00:00,1.0282043059959622
2004-11-19 00:00:00,1.0282043059959622
2004-11-22 00:00:00,1.0282043059959622
2004-11-23 00:00:00,1.0282043059959622
2004-11-24 00:00:00,1.0282043059959622
2004-11-26 00:00:00,1.0282043059959622
2004-11-29 00:00:00,1.0282043059959622
2004-11-30 00:00:00,1.0282043059959622
2004-12-01 00:00:00,1.0282043059959622
2004-12-02 00:00:00,1.0282043059959622
2004-12-03 00:00:00,1.0282043059959622
2004-12-06 00:00:00,1.0282043059959622
2004-12-07 00:00:00,1.0282043059959622
2004-12-08 00:00:00,1.0282043059959622
2004-12-09 00:00:00,1.0282043059959622
2004-12-10 00:00:00,1.0282043059959622
2004-12-13 00:00:00,1.0282043059959622
2004-12-14 00:00:00,1.0282043059959622
2004-12-15 00:00:00,1.0282043059959622
2004-12-16 00:00:00,1.0282043059959622
2004-12-17 00:00:00,1.0282043059959622
2004-12-20 00:00:00,1.0282043059959622
2004-12-21 00:00:00,1.0282043059959622
2004-12-22 00:00:00,1.0282043059959622
2004-12-23 00:00:00,1.0282043059959622
2004-12-27 00:00:00,1.0282043059959622
2004-12-28 00:00:00,1.0282043059959622
2004-12-29 00:00:00,1.0282043059959622
2004-12-30 00:00:00,1.0282043059959622
2004-12-31 00:00:00,1.0282043059959622
2005-01-03 00:00:00,1.0282043059959622
2005-01-04 00:00:00,1.0282043059959622
2005-01-05 00:00:00,1.0282043059959622
2005-01-06 00:00:00,1.0282043059959622
2005-01-07 00:00:00,1.0282043059959622
2005-01-10 00:00:00,1.0282043059959622
2005-01-11 00:00:00,1.0282043059959622
2005-01-12 00:00:00,1.0282043059959622
2005-01-13 00:00:00,1.0282043059959622
2005-01-14 00:00:00,1.0282043059959622
2005-01-18 00:00:00,1.0282043059959622
2005-01-19 00:00:00,1.0282043059959622
2005-01-20 00:00:00,1.0282043059959622
2005-01-21 00:00:00,1.0282043059959622
2005-01-24 00:00:00,1.0282043059959622
2005-01-25 00:00:00,1.0282043059959622
2005-01-26 00:00:00,1.0282043059959622
2005-01-27 00:00:00,1.0282043059959622
2005-01-28 00:00:00,1.0282043059959622
2005-01-31 00:00:00,1.0282043059959622
2005-02-01 00:00:00,1.0282043059959622
2005-02-02 00:00:00,1.0282043059959622
2005-02-03 00:00:00,1.0282043059959622
2005-02-04 00:00:00,1.0282043059959622
2005-02-07 00:00:00,1.0282043059959622
2005-02-08 00:00:00,1.0282043059959622
2005-02-09 00:00:00,1.0282043059959622
2005-02-10 00:00:00,1.0282043059959622
2005-02-11 00:00:00,1.0282043059959622
2005-02-14 00:00:00,1.0282043059959622
2005-02-15 00:00:00,1.0282043059959622
2005-02-16 00:00:00,1.0282043059959622
2005-02-17 00:00:00,1.0282043059959622
2005-02-18 00:00:00,1.0282043059959622
2005-02-22 00:00:00,1.0282043059959622
2005-02-23 00:00:00,1.0282043059959622
2005-02-24 00:00:00,1.0282043059959622
2005-02-25 00:00:00,1.0282043059959622
2005-02-28 00:00:00,1.0282043059959622
2005-03-01 00:00:00,1.0282043059959622
2005-03-02 00:00:00,1.0282043059959622
2005-03-03 00:00:00,1.0282043059959622
2005-03-04 00:00:00,1.0282043059959622
2005-03-07 00:00:00,1.0282043059959622
2005-03-08 00:00:00,1.0282043059959622
2005-03-09 00:00:00,1.0282043059959622
2005-03-10 00:00:00,1.0282043059959622
2005-03-11 00:00:00,1.0282043059959622
2005-03-14 00:00:00,1.0282043059959622
2005-03-15 00:00:00,1.0282043059959622
2005-03-16 00:00:00,1.0282043059959622
2005-03-17 00:00:00,1.0282043059959622
2005-03-18 00:00:00,1.0282043059959622
2005-03-21 00:00:00,1.0282043059959622
2005-03-22 00:00:00,1.0282043059959622
2005-03-23 00:00:00,1.0282043059959622
2005-03-24 00:00:00,1.0282043059959622
2005-03-28 00:00:00,1.0282043059959622
2005-03-29 00:00:00,1.0282043059959622
2005-03-30 00:00:00,1.0282043059959622
2005-03-31 00:00:00,1.0282043059959622
2005-04-01 00:00:00,1.0282043059959622
2005-04-04 00:00:00,1.0282043059959622
2005-04-05 00:00:00,1.0282043059959622
2005-04-06 00:00:00,1.0282043059959622
2005-04-07 00:00:00,1.0282043059959622
2005-04-08 00:00:00,1.0282043059959622
2005-04-11 00:00:00,1.0282043059959622
2005-04-12 00:00:00,1.0282043059959622
2005-04-13 00:00:00,1.0282043059959622
2005-04-14 00:00:00,1.0282043059959622
2005-04-15 00:00:00,1.0282043059959622
2005-04-18 00:00:00,1.0282043059959622
2005-04-19 00:00:00,1.0282043059959622
2005-04-20 00:00:00,1.0282043059959622
2005-04-21 00:00:00,1.0282043059959622
2005-04-22 00:00:00,1.0282043059959622
2005-04-25 00:00:00,1.0282043059959622
2005-04-26 00:00:00,1.0282043059959622
2005-04-27 00:00:00,1.0282043059959622
2005-04-28 00:00:00,1.0282043059959622
2005-04-29 00:00:00,1.0282043059959622
2005-05-02 00:00:00,1.0282043059959622
2005-05-03 00:00:00,1.0282043059959622
2005-05-04 00:00:00,1.0282043059959622
2005-05-05 00:00:00,1.0282043059959622
2005-05-06 00:00:00,1.0282043059959622
2005-05-09 00:00:00,1.0282043059959622
2005-05-10 00:00:00,1.0282043059959622
2005-05-11 00:00:00,1.0282043059959622
2005-05-12 00:00:00,1.0282043059959622
2005-05-13 00:00:00,1.0282043059959622
2005-05-16 00:00:00,1.0282043059959622
2005-05-17 00:00:00,1.0282043059959622
2005-05-18 00:00:00,1.0282043059959622
2005-05-19 00:00:00,1.0282043059959622
2005-05-20 00:00:00,1.0282043059959622
2005-05-23 00:00:00,1.0282043059959622
2005-05-24 00:00:00,1.0282043059959622
2005-05-25 00:00:00,1.0282043059959622
2005-05-26 00:00:00,1.0282043059959622
2005-05-27 00:00:00,1.0282043059959622
2005-05-31 00:00:00,1.0282043059959622
2005-06-01 00:00:00,1.0282043059959622
2005-06-02 00:00:00,1.0282043059959622
2005-06-03 00:00:00,1.0282043059959622
2005-06-06 00:00:00,1.0282043059959622
2005-06-07 00:00:00,1.0282043059959622
2005-06-08 00:00:00,1.0282043059959622
2005-06-09 00:00:00,1.0282043059959622
2005-06-10 00:00:00,1.0282043059959622
2005-06-13 00:00:00,1.0282043059959622
2005-06-14 00:00:00,1.0282043059959622
2005-06-15 00:00:00,1.0282043059959622
2005-06-16 00:00:00,1.0282043059959622
2005-06-17 00:00:00,1.0282043059959622
2005-06-20 00:00:00,1.0282043059959622
2005-06-21 00:00:00,1.0282043059959622
2005-06-22 00:00:00,1.0282043059959622
2005-06-23 00:00:00,1.0282043059959622
2005-06-24 00:00:00,1.0282043059959622
2005-06-27 00:00:00,1.0282043059959622
2005-06-28 00:00:00,1.0282043059959622
2005-06-29 00:00:00,1.0282043059959622
2005-06-30 00:00:00,1.0282043059959622
2005-07-01 00:00:00,1.0282043059959622
2005-07-05 00:00:00,1.0282043059959622
2005-07-06 00:00:00,1.0282043059959622
2005-07-07 00:00:00,1.0282043059959622
2005-07-08 00:00:00,1.0282043059959622
2005-07-11 00:00:00,1.0282043059959622
2005-07-12 00:00:00,1.0282043059959622
2005-07-13 00:00:00,1.0282043059959622
2005-07-14 00:00:00,1.0282043059959622
2005-07-15 00:00:00,1.0282043059959622
2005-07-18 00:00:00,1.0282043059959622
2005-07-19 00:00:00,1.0282043059959622
2005-07-20 00:00:00,1.0282043059959622
2005-07-21 00:00:00,1.0282043059959622
2005-07-22 00:00:00,1.0282043059959622
2005-07-25 00:00:00,1.0282043059959622
2005-07-26 00:00:00,1.0282043059959622
2005-07-27 00:00:00,1.0282043059959622
2005-07-28 00:00:00,1.0282043059959622
2005-07-29 00:00:00,1.0282043059959622
2005-08-01 00:00:00,1.0282043059959622
2005-08-02 00:00:00,1.0282043059959622
2005-08-03 00:00:00,1.0282043059959622
2005-08-04 00:00:00,1.0282043059959622
2005-08-05 00:00:00,1.0282043059959622
2005-08-08 00:00:00,1.0282043059959622
2005-08-09 00:00:00,1.0282043059959622
2005-08-10 00:00:00,1.0282043059959622
2005-08-11 00:00:00,1.0282043059959622
2005-08-12 00:00:00,1.0282043059959622
2005-08-15 00:00:00,1.0282043059959622
2005-08-16 00:00:00,1.0282043059959622
2005-08-17 00:00:00,1.0282043059959622
2005-08-18 00:00:00,1.0282043059959622
2005-08-19 00:00:00,1.0282043059959622
2005-08-22 00:00:00,1.0282043059959622
2005-08-23 00:00:00,1.0282043059959622
2005-08-24 00:00:00,1.0282043059959622
2005-08-25 00:00:00,1.0282043059959622
2005-08-26 00:00:00,1.0282043059959622
2005-08-29 00:00:00,1.0282043059959622
2005-08-30 00:00:00,1.0282043059959622
2005-08-31 00:00:00,1.0282043059959622
2005-09-01 00:00:00,1.0282043059959622
2005-09-02 00:00:00,1.0282043059959622
2005-09-06 00:00:00,1.0282043059959622
2005-09-07 00:00:00,1.0282043059959622
2005-09-08 00:00:00,1.0282043059959622
2005-09-09 00:00:00,1.0282043059959622
2005-09-12 00:00:00,1.0282043059959622
2005-09-13 00:00:00,1.0282043059959622
2005-09-14 00:00:00,1.0282043059959622
2005-09-15 00:00:00,1.0282043059959622
2005-09-16 00:00:00,1.0282043059959622
2005-09-19 00:00:00,1.0282043059959622
2005-09-20 00:00:00,1.0282043059959622
2005-09-21 00:00:00,1.0282043059959622
2005-09-22 00:00:00,1.0282043059959622
2005-09-23 00:00:00,1.0282043059959622
2005-09-26 00:00:00,1.0282043059959622
2005-09-27 00:00:00,1.0282043059959622
2005-09-28 00:00:00,1.0282043059959622
2005-09-29 00:00:00,1.0282043059959622
2005-09-30 00:00:00,1.0282043059959622
2005-10-03 00:00:00,1.0282043059959622
2005-10-04 00:00:00,1.0282043059959622
2005-10-05 00:00:00,1.0282043059959622
2005-10-06 00:00:00,1.0282043059959622
2005-10-07 00:00:00,1.0282043059959622
2005-10-10 00:00:00,1.0282043059959622
2005-10-11 00:00:00,1.0282043059959622
2005-10-12 00:00:00,1.0282043059959622
2005-10-13 00:00:00,1.0282043059959622
2005-10-14 00:00:00,1.0282043059959622
2005-10-17 00:00:00,1.0282043059959622
2005-10-18 00:00:00,1.0282043059959622
2005-10-19 00:00:00,1.0282043059959622
2005-10-20 00:00:00,1.0282043059959622
2005-10-21 00:00:00,1.0282043059959622
2005-10-24 00:00:00,1.0282043059959622
2005-10-25 00:00:00,1.0282043059959622
2005-10-26 00:00:00,1.0282043059959622
2005-10-27 00:00:00,1.0282043059959622
2005-10-28 00:00:00,1.0282043059959622
2005-10-31 00:00:00,1.0282043059959622
2005-11-01 00:00:00,1.0282043059959622
2005-11-02 00:00:00,1.0282043059959622
2005-11-03 00:00:00,1.0282043059959622
2005-11-04 00:00:00,1.0282043059959622
2005-11-07 00:00:00,1.0282043059959622
2005-11-08 00:00:00,1.0282043059959622
2005-11-09 00:00:00,1.0282043059959622
2005-11-10 00:00:00,1.0282043059959622
2005-11-11 00:00:00,1.0282043059959622
2005-11-14 00:00:00,1.0282043059959622
2005-11-15 00:00:00,1.0282043059959622
2005-11-16 00:00:00,1.0282043059959622
2005-11-17 00:00:00,1.0282043059959622
2005-11-18 00:00:00,1.0282043059959622
2005-11-21 00:00:00,1.0282043059959622
2005-11-22 00:00:00,1.0282043059959622
2005-11-23 00:00:00,1.0282043059959622
2005-11-25 00:00:00,1.0282043059959622
2005-11-28 00:00:00,1.0282043059959622
2005-11-29 00:00:00,1.0282043059959622
2005-11-30 00:00:00,1.0282043059959622
2005-12-01 00:00:00,1.0282043059959622
2005-12-02 00:00:00,1.0282043059959622
2005-12-05 00:00:00,1.0282043059959622
2005-12-06 00:00:00,1.0282043059959622
2005-12-07 00:00:00,1.0282043059959622
2005-12-08 00:00:00,1.0282043059959622
2005-12-09 00:00:00,1.0282043059959622
2005-12-12 00:00:00,1.0282043059959622
2005-12-13 00:00:00,1.0282043059959622
2005-12-14 00:00:00,1.0282043059959622
2005-12-15 00:00:00,1.0282043059959622
2005-12-16 00:00:00,1.0282043059959622
2005-12-19 00:00:00,1.0282043059959622
2005-12-20 00:00:00,1.0282043059959622
2005-12-21 00:00:00,1.0282043059959622
2005-12-22 00:00:00,1.0282043059959622
2005-12-23 00:00:00,1.0282043059959622
2005-12-27 00:00:00,1.0282043059959622
2005-12-28 00:00:00,1.0282043059959622
2005-12-29 00:00:00,1.0282043059959622
2005-12-30 00:00:00,1.0282043059959622
2006-01-03 00:00:00,1.0282043059959622
2006-01-04 00:00:00,1.0282043059959622
2006-01-05 00:00:00,1.0282043059959622
2006-01-06 00:00:00,1.0282043059959622
2006-01-09 00:00:00,1.0282043059959622
2006-01-10 00:00:00,1.0282043059959622
2006-01-11 00:00:00,1.0322607832579738
2006-01-12 00:00:00,1.0253669070182558
2006-01-13 00:00:00,1.0193744701700962
2006-01-17 00:00:00,1.0147341924092736
2006-01-18 00:00:00,1.0132489525189046
2006-01-19 00:00:00,1.0180737883694424
2006-01-20 00:00:00,1.0153490693156808
2006-01-23 00:00:00,1.0156667082084279
2006-01-24 00:00:00,1.0207169039068547
2006-01-25 00:00:00,1.0319644954222438
2006-01-26 00:00:00,1.0363386115770024
2006-01-27 00:00:00,1.0363182106979152
2006-01-30 00:00:00,1.037311929134331
2006-01-31 00:00:00,1.0381929676468018
2006-02-01 00:00:00,1.0415529644860573
2006-02-02 00:00:00,1.0396170048999094
2006-02-03 00:00:00,1.0323850888883572
2006-02-06 00:00:00,1.0303364493782643
2006-02-07 00:00:00,1.035161285228802
2006-02-08 00:00:00,1.0375071627525547
2006-02-09 00:00:00,1.0328668849917322
2006-02-10 00:00:00,1.038480480309883
2006-02-13 00:00:00,1.038347399506851
2006-02-14 00:00:00,1.0419327561939964
2006-02-15 00:00:00,1.0394333969881244
2006-02-16 00:00:00,1.0391876362611474
2006-02-17 00:00:00,1.0310542808580374
2006-02-21 00:00:00,1.0327240788381216
2006-02-22 00:00:00,1.025717522674459
2006-02-23 00:00:00,1.0282887600461015
2006-02-24 00:00:00,1.0298458781022408
2006-02-27 00:00:00,1.031515676082325
2006-02-28 00:00:00,1.030030436191956
2006-03-01 00:00:00,1.0362074311298306
2006-03-02 00:00:00,1.0432858654592636
2006-03-03 00:00:00,1.049124820625304
2006-03-06 00:00:00,1.0578934538139082
2006-03-07 00:00:00,1.0571969733911526
2006-03-08 00:00:00,1.0575146122838996
2006-03-09 00:00:00,1.057156171632978
2006-03-10 00:00:00,1.060854208244068
2006-03-13 00:00:00,1.0616225668325943
2006-03-14 00:00:00,1.054954050440766
2006-03-15 00:00:00,1.0603422859110274
2006-03-16 00:00:00,1.051307491116359
2006-03-17 00:00:00,1.0543294481837804
2006-03-20 00:00:00,1.0527315283694665
2006-03-21 00:00:00,1.0578944039918383
2006-03-22 00:00:00,1.0557330845578006
2006-03-23 00:00:00,1.0588677215491669
2006-03-24 00:00:00,1.05152312561367
2006-03-27 00:00:00,1.0552211622247598
2006-03-28 00:00:00,1.064553195033088
2006-03-29 00:00:00,1.0692653509596808
2006-03-30 00:00:00,1.0761184254412242
2006-03-31 00:00:00,1.0801545018241483
2006-04-03 00:00:00,1.079796061173227
2006-04-04 00:00:00,1.0807897796096426
2006-04-05 00:00:00,1.0794172196432184
2006-04-06 00:00:00,1.0868336937444854
2006-04-07 00:00:00,1.0962784064767583
2006-04-10 00:00:00,1.0944551268145546
2006-04-11 00:00:00,1.0910543282171246
2006-04-12 00:00:00,1.096893283383165
2006-04-13 00:00:00,1.1036336779407636
2006-04-17 00:00:00,1.1001201994193888
2006-04-18 00:00:00,1.09840959968113
2006-04-19 00:00:00,1.1042485548471705
2006-04-20 00:00:00,1.1050169134356966
2006-04-21 00:00:00,1.099475196283316
2006-04-24 00:00:00,1.095623677990107
2006-04-25 00:00:00,1.1069839494294407
2006-04-26 00:00:00,1.1085410674855802
2006-04-27 00:00:00,1.1072811874431008
2006-04-28 00:00:00,1.110303144510522
2006-05-01 00:00:00,1.1173815788399548
2006-05-02 00:00:00,1.1148822196340828
2006-05-03 00:00:00,1.1168900573860014
2006-05-04 00:00:00,1.1184471754421408
2006-05-05 00:00:00,1.1127927783658156
2006-05-08 00:00:00,1.1122089778670043
2006-05-09 00:00:00,1.112751976607641
2006-05-10 00:00:00,1.1110413768693823
2006-05-11 00:00:00,1.1156408528720303
2006-05-12 00:00:00,1.1233953667451317
2006-05-15 00:00:00,1.1196565283758673
2006-05-16 00:00:00,1.112649972212205
2006-05-17 00:00:00,1.1184889273782455
2006-05-18 00:00:00,1.1057356950933999
2006-05-19 00:00:00,1.103236335887528
2006-05-22 00:00:00,1.101187696377435
2006-05-23 00:00:00,1.1017306951180714
2006-05-24 00:00:00,1.1012595745432052
2006-05-25 00:00:00,1.1049576111542954
2006-05-26 00:00:00,1.1056132898188766
2006-05-30 00:00:00,1.1060436086355683
2006-05-31 00:00:00,1.1116572039537194
2006-06-01 00:00:00,1.1111860833788532
2006-06-02 00:00:00,1.0989962507137314
2006-06-05 00:00:00,1.1002153289980365
2006-06-06 00:00:00,1.0956877311611588
2006-06-07 00:00:00,1.0954419704341822
2006-06-08 00:00:00,1.093506010848034
2006-06-09 00:00:00,1.0921728888549902
2006-06-12 00:00:00,1.0921728888549902
2006-06-13 00:00:00,1.0921728888549902
2006-06-14 00:00:00,1.0921728888549902
2006-06-15 00:00:00,1.0921728888549902
2006-06-16 00:00:00,1.0921728888549902
2006-06-19 00:00:00,1.0921728888549902
2006-06-20 00:00:00,1.0921728888549902
2006-06-21 00:00:00,1.0921728888549902
2006-06-22 00:00:00,1.0921728888549902
2006-06-23 00:00:00,1.0921728888549902
2006-06-26 00:00:00,1.0921728888549902
2006-06-27 00:00:00,1.0921728888549902
2006-06-28 00:00:00,1.0921728888549902
2006-06-29 00:00:00,1.0921728888549902
2006-06-30 00:00:00,1.0921728888549902
2006-07-03 00:00:00,1.0921728888549902
2006-07-05 00:00:00,1.0921728888549902
2006-07-06 00:00:00,1.0921728888549902
2006-07-07 00:00:00,1.0921728888549902
2006-07-10 00:00:00,1.0921728888549902
2006-07-11 00:00:00,1.0921728888549902
2006-07-12 00:00:00,1.0921728888549902
2006-07-13 00:00:00,1.0921728888549902
2006-07-14 00:00:00,1.0921728888549902
2006-07-17 00:00:00,1.0921728888549902
2006-07-18 00:00:00,1.0921728888549902
2006-07-19 00:00:00,1.0921728888549902
2006-07-20 00:00:00,1.0921728888549902
2006-07-21 00:00:00,1.0921728888549902
2006-07-24 00:00:00,1.0921728888549902
2006-07-25 00:00:00,1.0921728888549902
2006-07-26 00:00:00,1.0921728888549902
2006-07-27 00:00:00,1.0921728888549902
2006-07-28 00:00:00,1.0921728888549902
2006-07-31 00:00:00,1.0921728888549902
2006-08-01 00:00:00,1.0921728888549902
2006-08-02 00:00:00,1.0921728888549902
2006-08-03 00:00:00,1.0921728888549902
2006-08-04 00:00:00,1.0921728888549902
2006-08-07 00:00:00,1.0921728888549902
2006-08-08 00:00:00,1.0921728888549902
2006-08-09 00:00:00,1.0921728888549902
2006-08-10 00:00:00,1.0921728888549902
2006-08-11 00:00:00,1.0921728888549902
2006-08-14 00:00:00,1.0921728888549902
2006-08-15 00:00:00,1.0921728888549902
2006-08-16 00:00:00,1.0921728888549902
2006-08-17 00:00:00,1.0921728888549902
2006-08-18 00:00:00,1.0921728888549902
2006-08-21 00:00:00,1.0921728888549902
2006-08-22 00:00:00,1.0921728888549902
2006-08-23 00:00:00,1.0921728888549902
2006-08-24 00:00:00,1.0921728888549902
2006-08-25 00:00:00,1.0921728888549902
2006-08-28 00:00:00,1.0921728888549902
2006-08-29 00:00:00,1.0921728888549902
2006-08-30 00:00:00,1.0921728888549902
2006-08-31 00:00:00,1.0921728888549902
2006-09-01 00:00:00,1.0921728888549902
2006-09-05 00:00:00,1.0921728888549902
2006-09-06 00:00:00,1.0921728888549902
2006-09-07 00:00:00,1.0921728888549902
2006-09-08 00:00:00,1.0921728888549902
2006-09-11 00:00:00,1.0921728888549902
2006-09-12 00:00:00,1.0921728888549902
2006-09-13 00:00:00,1.0921728888549902
2006-09-14 00:00:00,1.0921728888549902
2006-09-15 00:00:00,1.0921728888549902
2006-09-18 00:00:00,1.0921728888549902
2006-09-19 00:00:00,1.0921728888549902
2006-09-20 00:00:00,1.0921728888549902
2006-09-21 00:00:00,1.0921728888549902
2006-09-22 00:00:00,1.0921728888549902
2006-09-25 00:00:00,1.0921728888549902
2006-09-26 00:00:00,1.0921728888549902
2006-09-27 00:00:00,1.0921728888549902
2006-09-28 00:00:00,1.0921728888549902
2006-09-29 00:00:00,1.0921728888549902
2006-10-02 00:00:00,1.0921728888549902
2006-10-03 00:00:00,1.0921728888549902
2006-10-04 00:00:00,1.0921728888549902
2006-10-05 00:00:00,1.0921728888549902
2006-10-06 00:00:00,1.0921728888549902
2006-10-09 00:00:00,1.0921728888549902
2006-10-10 00:00:00,1.0921728888549902
2006-10-11 00:00:00,1.0921728888549902
2006-10-12 00:00:00,1.0921728888549902
2006-10-13 00:00:00,1.0921728888549902
2006-10-16 00:00:00,1.0921728888549902
2006-10-17 00:00:00,1.0921728888549902
2006-10-18 00:00:00,1.0921728888549902
2006-10-19 00:00:00,1.0921728888549902
2006-10-20 00:00:00,1.0921728888549902
2006-10-23 00:00:00,1.0921728888549902
2006-10-24 00:00:00,1.0921728888549902
2006-10-25 00:00:00,1.0921728888549902
2006-10-26 00:00:00,1.0921728888549902
2006-10-27 00:00:00,1.0921728888549902
2006-10-30 00:00:00,1.0921728888549902
2006-10-31 00:00:00,1.0921728888549902
2006-11-01 00:00:00,1.0921728888549902
2006-11-02 00:00:00,1.0921728888549902
2006-11-03 00:00:00,1.0921728888549902
2006-11-06 00:00:00,1.0921728888549902
2006-11-07 00:00:00,1.0921728888549902
2006-11-08 00:00:00,1.0921728888549902
2006-11-09 00:00:00,1.0921728888549902
2006-11-10 00:00:00,1.0921728888549902
2006-11-13 00:00:00,1.0921728888549902
2006-11-14 00:00:00,1.0921728888549902
2006-11-15 00:00:00,1.0921728888549902
2006-11-16 00:00:00,1.0921728888549902
2006-11-17 00:00:00,1.0921728888549902
2006-11-20 00:00:00,1.0921728888549902
2006-11-21 00:00:00,1.0921728888549902
2006-11-22 00:00:00,1.0921728888549902
2006-11-24 00:00:00,1.0921728888549902
2006-11-27 00:00:00,1.0921728888549902
2006-11-28 00:00:00,1.0921728888549902
2006-11-29 00:00:00,1.0921728888549902
2006-11-30 00:00:00,1.0921728888549902
2006-12-01 00:00:00,1.0921728888549902
2006-12-04 00:00:00,1.0921728888549902
2006-12-05 00:00:00,1.0921728888549902
2006-12-06 00:00:00,1.0921728888549902
2006-12-07 00:00:00,1.0921728888549902
2006-12-08 00:00:00,1.0921728888549902
2006-12-11 00:00:00,1.0921728888549902
2006-12-12 00:00:00,1.0921728888549902
2006-12-13 00:00:00,1.0921728888549902
2006-12-14 00:00:00,1.0921728888549902
2006-12-15 00:00:00,1.0921728888549902
2006-12-18 00:00:00,1.0921728888549902
2006-12-19 00:00:00,1.0921728888549902
2006-12-20 00:00:00,1.0921728888549902
2006-12-21 00:00:00,1.0921728888549902
2006-12-22 00:00:00,1.0921728888549902
2006-12-26 00:00:00,1.0921728888549902
2006-12-27 00:00:00,1.0921728888549902
2006-12-28 00:00:00,1.0921728888549902
2006-12-29 00:00:00,1.0921728888549902
2007-01-03 00:00:00,1.0921728888549902
2007-01-04 00:00:00,1.0921728888549902
2007-01-05 00:00:00,1.0921728888549902
2007-01-08 00:00:00,1.0921728888549902
2007-01-09 00:00:00,1.0921728888549902
2007-01-10 00:00:00,1.0921728888549902
2007-01-11 00:00:00,1.0921728888549902
2007-01-12 00:00:00,1.0921728888549902
2007-01-16 00:00:00,1.0921728888549902
2007-01-17 00:00:00,1.0921728888549902
2007-01-18 00:00:00,1.0921728888549902
2007-01-19 00:00:00,1.0921728888549902
2007-01-22 00:00:00,1.0921728888549902
2007-01-23 00:00:00,1.0921728888549902
2007-01-24 00:00:00,1.0921728888549902
2007-01-25 00:00:00,1.0921728888549902
2007-01-26 00:00:00,1.0921728888549902
2007-01-29 00:00:00,1.0921728888549902
2007-01-30 00:00:00,1.0921728888549902
2007-01-31 00:00:00,1.0921728888549902
2007-02-01 00:00:00,1.0921728888549902
2007-02-02 00:00:00,1.0921728888549902
2007-02-05 00:00:00,1.0921728888549902
2007-02-06 00:00:00,1.0921728888549902
2007-02-07 00:00:00,1.0921728888549902
2007-02-08 00:00:00,1.0921728888549902
2007-02-09 00:00:00,1.0921728888549902
2007-02-12 00:00:00,1.0921728888549902
2007-02-13 00:00:00,1.0921728888549902
2007-02-14 00:00:00,1.0921728888549902
2007-02-15 00:00:00,1.0921728888549902
2007-02-16 00:00:00,1.0921728888549902
2007-02-20 00:00:00,1.0921728888549902
2007-02-21 00:00:00,1.0921728888549902
2007-02-22 00:00:00,1.0921728888549902
2007-02-23 00:00:00,1.0921728888549902
2007-02-26 00:00:00,1.0921728888549902
2007-02-27 00:00:00,1.0921728888549902
2007-02-28 00:00:00,1.0921728888549902
2007-03-01 00:00:00,1.0921728888549902
2007-03-02 00:00:00,1.0921728888549902
2007-03-05 00:00:00,1.0921728888549902
2007-03-06 00:00:00,1.0921728888549902
2007-03-07 00:00:00,1.0921728888549902
2007-03-08 00:00:00,1.0921728888549902
2007-03-09 00:00:00,1.0921728888549902
2007-03-12 00:00:00,1.0921728888549902
2007-03-13 00:00:00,1.0921728888549902
2007-03-14 00:00:00,1.0921728888549902
2007-03-15 00:00:00,1.0921728888549902
2007-03-16 00:00:00,1.0921728888549902
2007-03-19 00:00:00,1.0921728888549902
2007-03-20 00:00:00,1.0921728888549902
2007-03-21 00:00:00,1.0921728888549902
2007-03-22 00:00:00,1.0921728888549902
2007-03-23 00:00:00,1.0921728888549902
2007-03-26 00:00:00,1.0921728888549902
2007-03-27 00:00:00,1.0921728888549902
2007-03-28 00:00:00,1.0921728888549902
2007-03-29 00:00:00,1.0921728888549902
2007-03-30 00:00:00,1.0921728888549902
2007-04-02 00:00:00,1.0921728888549902
2007-04-03 00:00:00,1.0921728888549902
2007-04-04 00:00:00,1.0921728888549902
2007-04-05 00:00:00,1.0921728888549902
2007-04-09 00:00:00,1.0921728888549902
2007-04-10 00:00:00,1.0921728888549902
2007-04-11 00:00:00,1.0921728888549902
2007-04-12 00:00:00,1.0921728888549902
2007-04-13 00:00:00,1.0921728888549902
2007-04-16 00:00:00,1.0921728888549902
2007-04-17 00:00:00,1.0921728888549902
2007-04-18 00:00:00,1.0921728888549902
2007-04-19 00:00:00,1.0921728888549902
2007-04-20 00:00:00,1.0921728888549902
2007-04-23 00:00:00,1.0921728888549902
2007-04-24 00:00:00,1.0921728888549902
2007-04-25 00:00:00,1.0921728888549902
2007-04-26 00:00:00,1.0921728888549902
2007-04-27 00:00:00,1.0921728888549902
2007-04-30 00:00:00,1.0921728888549902
2007-05-01 00:00:00,1.0921728888549902
2007-05-02 00:00:00,1.0921728888549902
2007-05-03 00:00:00,1.0921728888549902
2007-05-04 00:00:00,1.0921728888549902
2007-05-07 00:00:00,1.0921728888549902
2007-05-08 00:00:00,1.0921728888549902
2007-05-09 00:00:00,1.0921728888549902
2007-05-10 00:00:00,1.0921728888549902
2007-05-11 00:00:00,1.0921728888549902
2007-05-14 00:00:00,1.0921728888549902
2007-05-15 00:00:00,1.0921728888549902
2007-05-16 00:00:00,1.0921728888549902
2007-05-17 00:00:00,1.0921728888549902
2007-05-18 00:00:00,1.0921728888549902
2007-05-21 00:00:00,1.0921728888549902
2007-05-22 00:00:00,1.0921728888549902
2007-05-23 00:00:00,1.0921728888549902
2007-05-24 00:00:00,1.0921728888549902
2007-05-25 00:00:00,1.0921728888549902
2007-05-29 00:00:00,1.0921728888549902
2007-05-30 00:00:00,1.0921728888549902
2007-05-31 00:00:00,1.0921728888549902
2007-06-01 00:00:00,1.0921728888549902
2007-06-04 00:00:00,1.0921728888549902
2007-06-05 00:00:00,1.0921728888549902
2007-06-06 00:00:00,1.0921728888549902
2007-06-07 00:00:00,1.0921728888549902
2007-06-08 00:00:00,1.0921728888549902
2007-06-11 00:00:00,1.0921728888549902
2007-06-12 00:00:00,1.0921728888549902
2007-06-13 00:00:00,1.0921728888549902
2007-06-14 00:00:00,1.0921728888549902
2007-06-15 00:00:00,1.0921728888549902
2007-06-18 00:00:00,1.0921728888549902
2007-06-19 00:00:00,1.0921728888549902
2007-06-20 00:00:00,1.0921728888549902
2007-06-21 00:00:00,1.0921728888549902
2007-06-22 00:00:00,1.0921728888549902
2007-06-25 00:00:00,1.0921728888549902
2007-06-26 00:00:00,1.0921728888549902
2007-06-27 00:00:00,1.0921728888549902
2007-06-28 00:00:00,1.0921728888549902
2007-06-29 00:00:00,1.0921728888549902
2007-07-02 00:00:00,1.0921728888549902
2007-07-03 00:00:00,1.0921728888549902
2007-07-05 00:00:00,1.0921728888549902
2007-07-06 00:00:00,1.0921728888549902
2007-07-09 00:00:00,1.0921728888549902
2007-07-10 00:00:00,1.0921728888549902
2007-07-11 00:00:00,1.0921728888549902
2007-07-12 00:00:00,1.0921728888549902
2007-07-13 00:00:00,1.0921728888549902
2007-07-16 00:00:00,1.0921728888549902
2007-07-17 00:00:00,1.0921728888549902
2007-07-18 00:00:00,1.0921728888549902
2007-07-19 00:00:00,1.0921728888549902
2007-07-20 00:00:00,1.0921728888549902
2007-07-23 00:00:00,1.0921728888549902
2007-07-24 00:00:00,1.0921728888549902
2007-07-25 00:00:00,1.0921728888549902
2007-07-26 00:00:00,1.0921728888549902
2007-07-27 00:00:00,1.0921728888549902
2007-07-30 00:00:00,1.0921728888549902
2007-07-31 00:00:00,1.0921728888549902
2007-08-01 00:00:00,1.0921728888549902
2007-08-02 00:00:00,1.0921728888549902
2007-08-03 00:00:00,1.0921728888549902
2007-08-06 00:00:00,1.0921728888549902
2007-08-07 00:00:00,1.0921728888549902
2007-08-08 00:00:00,1.0921728888549902
2007-08-09 00:00:00,1.0921728888549902
2007-08-10 00:00:00,1.096919393311479
2007-08-13 00:00:00,1.0940053165924408
2007-08-14 00:00:00,1.0913227766761586
2007-08-15 00:00:00,1.094891730434276
2007-08-16 00:00:00,1.0845684760270606
2007-08-17 00:00:00,1.0890635769962
2007-08-20 00:00:00,1.0880017946992067
2007-08-21 00:00:00,1.0831196551567466
2007-08-22 00:00:00,1.0847205460914418
2007-08-23 00:00:00,1.0812276273655153
2007-08-24 00:00:00,1.0762297194216774
2007-08-27 00:00:00,1.0697103851859544
2007-08-28 00:00:00,1.0697103851859544
2007-08-29 00:00:00,1.0697103851859544
2007-08-30 00:00:00,1.0697103851859544
2007-08-31 00:00:00,1.0697103851859544
2007-09-04 00:00:00,1.0697103851859544
2007-09-05 00:00:00,1.0697103851859544
2007-09-06 00:00:00,1.0697103851859544
2007-09-07 00:00:00,1.0697103851859544
2007-09-10 00:00:00,1.0697103851859544
2007-09-11 00:00:00,1.0697103851859544
2007-09-12 00:00:00,1.0697103851859544
2007-09-13 00:00:00,1.0697103851859544
2007-09-14 00:00:00,1.0697103851859544
2007-09-17 00:00:00,1.0697103851859544
2007-09-18 00:00:00,1.0697103851859544
2007-09-19 00:00:00,1.0697103851859544
2007-09-20 00:00:00,1.0697103851859544
2007-09-21 00:00:00,1.0697103851859544
2007-09-24 00:00:00,1.0697103851859544
2007-09-25 00:00:00,1.0697103851859544
2007-09-26 00:00:00,1.0697103851859544
2007-09-27 00:00:00,1.0697103851859544
2007-09-28 00:00:00,1.0697103851859544
2007-10-01 00:00:00,1.0697103851859544
2007-10-02 00:00:00,1.0697103851859544
2007-10-03 00:00:00,1.0697103851859544
2007-10-04 00:00:00,1.0697103851859544
2007-10-05 00:00:00,1.0697103851859544
2007-10-08 00:00:00,1.0697103851859544
2007-10-09 00:00:00,1.0697103851859544
2007-10-10 00:00:00,1.0697103851859544
2007-10-11 00:00:00,1.0697103851859544
2007-10-12 00:00:00,1.0697103851859544
2007-10-15 00:00:00,1.0697103851859544
2007-10-16 00:00:00,1.0697103851859544
2007-10-17 00:00:00,1.0697103851859544
2007-10-18 00:00:00,1.0697103851859544
2007-10-19 00:00:00,1.0697103851859544
2007-10-22 00:00:00,1.0697103851859544
2007-10-23 00:00:00,1.0697103851859544
2007-10-24 00:00:00,1.0697103851859544
2007-10-25 00:00:00,1.0697103851859544
2007-10-26 00:00:00,1.0697103851859544
2007-10-29 00:00:00,1.0697103851859544
2007-10-30 00:00:00,1.0697103851859544
2007-10-31 00:00:00,1.0697103851859544
2007-11-01 00:00:00,1.0697103851859544
2007-11-02 00:00:00,1.0697103851859544
2007-11-05 00:00:00,1.0697103851859544
2007-11-06 00:00:00,1.0697103851859544
2007-11-07 00:00:00,1.0697103851859544
2007-11-08 00:00:00,1.0697103851859544
2007-11-09 00:00:00,1.0697103851859544
2007-11-12 00:00:00,1.0697103851859544
2007-11-13 00:00:00,1.0697103851859544
2007-11-14 00:00:00,1.0697103851859544
2007-11-15 00:00:00,1.0697103851859544
2007-11-16 00:00:00,1.0697103851859544
2007-11-19 00:00:00,1.0697103851859544
2007-11-20 00:00:00,1.0697103851859544
2007-11-21 00:00:00,1.0697103851859544
2007-11-23 00:00:00,1.0697103851859544
2007-11-26 00:00:00,1.0697103851859544
2007-11-27 00:00:00,1.0697103851859544
2007-11-28 00:00:00,1.0697103851859544
2007-11-29 00:00:00,1.0697103851859544
2007-11-30 00:00:00,1.0697103851859544
2007-12-03 00:00:00,1.0697103851859544
2007-12-04 00:00:00,1.0697103851859544
2007-12-05 00:00:00,1.0697103851859544
2007-12-06 00:00:00,1.0697103851859544
2007-12-07 00:00:00,1.0697103851859544
2007-12-10 00:00:00,1.0697103851859544
2007-12-11 00:00:00,1.0697103851859544
2007-12-12 00:00:00,1.0697103851859544
2007-12-13 00:00:00,1.0697103851859544
2007-12-14 00:00:00,1.0697103851859544
2007-12-17 00:00:00,1.0697103851859544
2007-12-18 00:00:00,1.0697103851859544
2007-12-19 00:00:00,1.0697103851859544
2007-12-20 00:00:00,1.0697103851859544
2007-12-21 00:00:00,1.0697103851859544
2007-12-24 00:00:00,1.0697103851859544
2007-12-26 00:00:00,1.0697103851859544
2007-12-27 00:00:00,1.0697103851859544
2007-12-28 00:00:00,1.0697103851859544
2007-12-31 00:00:00,1.0697103851859544
2008-01-02 00:00:00,1.0697103851859544
2008-01-03 00:00:00,1.0697103851859544
2008-01-04 00:00:00,1.0697103851859544
2008-01-07 00:00:00,1.0697103851859544
2008-01-08 00:00:00,1.0697103851859544
2008-01-09 00:00:00,1.0697103851859544
2008-01-10 00:00:00,1.0697103851859544
2008-01-11 00:00:00,1.0697103851859544
2008-01-14 00:00:00,1.0697103851859544
2008-01-15 00:00:00,1.0697103851859544
2008-01-16 00:00:00,1.0697103851859544
2008-01-17 00:00:00,1.0697103851859544
2008-01-18 00:00:00,1.0697103851859544
2008-01-22 00:00:00,1.0697103851859544
2008-01-23 00:00:00,1.0697103851859544
2008-01-24 00:00:00,1.0697103851859544
2008-01-25 00:00:00,1.0697103851859544
2008-01-28 00:00:00,1.0697103851859544
2008-01-29 00:00:00,1.0697103851859544
2008-01-30 00:00:00,1.0697103851859544
2008-01-31 00:00:00,1.0697103851859544
2008-02-01 00:00:00,1.0697103851859544
2008-02-04 00:00:00,1.0697103851859544
2008-02-05 00:00:00,1.0697103851859544
2008-02-06 00:00:00,1.0697103851859544
2008-02-07 00:00:00,1.0697103851859544
2008-02-08 00:00:00,1.0697103851859544
2008-02-11 00:00:00,1.0697103851859544
2008-02-12 00:00:00,1.0697103851859544
2008-02-13 00:00:00,1.0697103851859544
2008-02-14 00:00:00,1.0697103851859544
2008-02-15 00:00:00,1.0697103851859544
2008-02-19 00:00:00,1.0697103851859544
2008-02-20 00:00:00,1.0697103851859544
2008-02-21 00:00:00,1.0697103851859544
2008-02-22 00:00:00,1.0697103851859544
2008-02-25 00:00:00,1.0697103851859544
2008-02-26 00:00:00,1.0697103851859544
2008-02-27 00:00:00,1.0697103851859544
2008-02-28 00:00:00,1.0697103851859544
2008-02-29 00:00:00,1.0697103851859544
2008-03-03 00:00:00,1.0697103851859544
2008-03-04 00:00:00,1.0697103851859544
2008-03-05 00:00:00,1.0697103851859544
2008-03-06 00:00:00,1.0697103851859544
2008-03-07 00:00:00,1.0697103851859544
2008-03-10 00:00:00,1.0697103851859544
2008-03-11 00:00:00,1.0697103851859544
2008-03-12 00:00:00,1.0697103851859544
2008-03-13 00:00:00,1.0697103851859544
2008-03-14 00:00:00,1.0697103851859544
2008-03-17 00:00:00,1.0697103851859544
2008-03-18 00:00:00,1.0697103851859544
2008-03-19 00:00:00,1.0697103851859544
2008-03-20 00:00:00,1.0697103851859544
2008-03-24 00:00:00,1.0697103851859544
2008-03-25 00:00:00,1.0697103851859544
2008-03-26 00:00:00,1.0697103851859544
2008-03-27 00:00:00,1.0697103851859544
2008-03-28 00:00:00,1.0697103851859544
2008-03-31 00:00:00,1.0697103851859544
2008-04-01 00:00:00,1.0697103851859544
2008-04-02 00:00:00,1.0697103851859544
2008-04-03 00:00:00,1.0697103851859544
2008-04-04 00:00:00,1.0697103851859544
2008-04-07 00:00:00,1.0697103851859544
2008-04-08 00:00:00,1.0697103851859544
2008-04-09 00:00:00,1.0697103851859544
2008-04-10 00:00:00,1.0697103851859544
2008-04-11 00:00:00,1.0697103851859544
2008-04-14 00:00:00,1.0697103851859544
2008-04-15 00:00:00,1.0697103851859544
2008-04-16 00:00:00,1.0697103851859544
2008-04-17 00:00:00,1.0697103851859544
2008-04-18 00:00:00,1.0697103851859544
2008-04-21 00:00:00,1.0697103851859544
2008-04-22 00:00:00,1.0697103851859544
2008-04-23 00:00:00,1.0697103851859544
2008-04-24 00:00:00,1.0697103851859544
2008-04-25 00:00:00,1.0697103851859544
2008-04-28 00:00:00,1.0697103851859544
2008-04-29 00:00:00,1.0697103851859544
2008-04-30 00:00:00,1.0697103851859544
2008-05-01 00:00:00,1.0697103851859544
2008-05-02 00:00:00,1.0697103851859544
2008-05-05 00:00:00,1.0697103851859544
2008-05-06 00:00:00,1.0697103851859544
2008-05-07 00:00:00,1.0697103851859544
2008-05-08 00:00:00,1.0697103851859544
2008-05-09 00:00:00,1.0697103851859544
2008-05-12 00:00:00,1.0697103851859544
2008-05-13 00:00:00,1.0697103851859544
2008-05-14 00:00:00,1.0697103851859544
2008-05-15 00:00:00,1.0697103851859544
2008-05-16 00:00:00,1.0697103851859544
2008-05-19 00:00:00,1.0697103851859544
2008-05-20 00:00:00,1.0697103851859544
2008-05-21 00:00:00,1.0697103851859544
2008-05-22 00:00:00,1.0697103851859544
2008-05-23 00:00:00,1.0697103851859544
2008-05-27 00:00:00,1.0697103851859544
2008-05-28 00:00:00,1.0697103851859544
2008-05-29 00:00:00,1.0697103851859544
2008-05-30 00:00:00,1.0697103851859544
2008-06-02 00:00:00,1.0697103851859544
2008-06-03 00:00:00,1.0697103851859544
2008-06-04 00:00:00,1.0697103851859544
2008-06-05 00:00:00,1.0697103851859544
2008-06-06 00:00:00,1.0697103851859544
2008-06-09 00:00:00,1.0697103851859544
2008-06-10 00:00:00,1.0697103851859544
2008-06-11 00:00:00,1.0697103851859544
2008-06-12 00:00:00,1.0697103851859544
2008-06-13 00:00:00,1.0697103851859544
2008-06-16 00:00:00,1.0697103851859544
2008-06-17 00:00:00,1.0697103851859544
2008-06-18 00:00:00,1.0697103851859544
2008-06-19 00:00:00,1.0697103851859544
2008-06-20 00:00:00,1.0697103851859544
2008-06-23 00:00:00,1.0697103851859544
2008-06-24 00:00:00,1.0697103851859544
2008-06-25 00:00:00,1.0697103851859544
2008-06-26 00:00:00,1.0697103851859544
2008-06-27 00:00:00,1.0697103851859544
2008-06-30 00:00:00,1.0697103851859544
2008-07-01 00:00:00,1.0697103851859544
2008-07-02 00:00:00,1.0697103851859544
2008-07-03 00:00:00,1.0697103851859544
2008-07-07 00:00:00,1.0697103851859544
2008-07-08 00:00:00,1.0697103851859544
2008-07-09 00:00:00,1.0697103851859544
2008-07-10 00:00:00,1.0697103851859544
2008-07-11 00:00:00,1.0697103851859544
2008-07-14 00:00:00,1.0697103851859544
2008-07-15 00:00:00,1.0697103851859544
2008-07-16 00:00:00,1.0697103851859544
2008-07-17 00:00:00,1.0697103851859544
2008-07-18 00:00:00,1.0697103851859544
2008-07-21 00:00:00,1.0697103851859544
2008-07-22 00:00:00,1.0697103851859544
2008-07-23 00:00:00,1.0697103851859544
2008-07-24 00:00:00,1.0697103851859544
2008-07-25 00:00:00,1.0697103851859544
2008-07-28 00:00:00,1.0697103851859544
2008-07-29 00:00:00,1.0697103851859544
2008-07-30 00:00:00,1.0697103851859544
2008-07-31 00:00:00,1.0697103851859544
2008-08-01 00:00:00,1.0697103851859544
2008-08-04 00:00:00,1.0697103851859544
2008-08-05 00:00:00,1.0697103851859544
2008-08-06 00:00:00,1.0697103851859544
2008-08-07 00:00:00,1.0697103851859544
2008-08-08 00:00:00,1.0697103851859544
2008-08-11 00:00:00,1.0697103851859544
2008-08-12 00:00:00,1.0697103851859544
2008-08-13 00:00:00,1.0697103851859544
2008-08-14 00:00:00,1.0697103851859544
2008-08-15 00:00:00,1.0697103851859544
2008-08-18 00:00:00,1.0697103851859544
2008-08-19 00:00:00,1.0697103851859544
2008-08-20 00:00:00,1.0697103851859544
2008-08-21 00:00:00,1.0697103851859544
2008-08-22 00:00:00,1.0697103851859544
2008-08-25 00:00:00,1.0697103851859544
2008-08-26 00:00:00,1.0697103851859544
2008-08-27 00:00:00,1.0697103851859544
2008-08-28 00:00:00,1.0697103851859544
2008-08-29 00:00:00,1.0697103851859544
2008-09-02 00:00:00,1.0697103851859544
2008-09-03 00:00:00,1.0697103851859544
2008-09-04 00:00:00,1.0697103851859544
2008-09-05 00:00:00,1.0697103851859544
2008-09-08 00:00:00,1.0697103851859544
2008-09-09 00:00:00,1.0697103851859544
2008-09-10 00:00:00,1.0697103851859544
2008-09-11 00:00:00,1.0697103851859544
2008-09-12 00:00:00,1.0697103851859544
2008-09-15 00:00:00,1.0697103851859544
2008-09-16 00:00:00,1.0697103851859544
2008-09-17 00:00:00,1.0697103851859544
2008-09-18 00:00:00,1.0697103851859544
2008-09-19 00:00:00,1.0697103851859544
2008-09-22 00:00:00,1.0697103851859544
2008-09-23 00:00:00,1.0697103851859544
2008-09-24 00:00:00,1.0697103851859544
2008-09-25 00:00:00,1.0697103851859544
2008-09-26 00:00:00,1.0697103851859544
2008-09-29 00:00:00,1.0697103851859544
2008-09-30 00:00:00,1.0697103851859544
2008-10-01 00:00:00,1.0697103851859544
2008-10-02 00:00:00,1.0697103851859544
2008-10-03 00:00:00,1.0697103851859544
2008-10-06 00:00:00,1.0697103851859544
2008-10-07 00:00:00,1.0697103851859544
2008-10-08 00:00:00,1.0697103851859544
2008-10-09 00:00:00,1.0697103851859544
2008-10-10 00:00:00,1.0697103851859544
2008-10-13 00:00:00,1.0697103851859544
2008-10-14 00:00:00,1.0697103851859544
2008-10-15 00:00:00,1.0697103851859544
2008-10-16 00:00:00,1.0697103851859544
2008-10-17 00:00:00,1.0697103851859544
2008-10-20 00:00:00,1.0697103851859544
2008-10-21 00:00:00,1.0697103851859544
2008-10-22 00:00:00,1.0697103851859544
2008-10-23 00:00:00,1.0697103851859544
2008-10-24 00:00:00,1.0697103851859544
2008-10-27 00:00:00,1.0697103851859544
2008-10-28 00:00:00,1.0697103851859544
2008-10-29 00:00:00,1.0697103851859544
2008-10-30 00:00:00,1.0697103851859544
2008-10-31 00:00:00,1.0697103851859544
2008-11-03 00:00:00,1.0697103851859544
2008-11-04 00:00:00,1.0697103851859544
2008-11-05 00:00:00,1.0697103851859544
2008-11-06 00:00:00,1.0697103851859544
2008-11-07 00:00:00,1.0697103851859544
2008-11-10 00:00:00,1.0697103851859544
2008-11-11 00:00:00,1.0697103851859544
2008-11-12 00:00:00,1.0697103851859544
2008-11-13 00:00:00,1.0697103851859544
2008-11-14 00:00:00,1.0697103851859544
2008-11-17 00:00:00,1.0697103851859544
2008-11-18 00:00:00,1.0697103851859544
2008-11-19 00:00:00,1.0697103851859544
2008-11-20 00:00:00,1.0697103851859544
2008-11-21 00:00:00,1.0697103851859544
2008-11-24 00:00:00,1.0697103851859544
2008-11-25 00:00:00,1.0697103851859544
2008-11-26 00:00:00,1.0697103851859544
2008-11-28 00:00:00,1.0697103851859544
2008-12-01 00:00:00,1.0697103851859544
2008-12-02 00:00:00,1.0697103851859544
2008-12-03 00:00:00,1.0697103851859544
2008-12-04 00:00:00,1.0697103851859544
2008-12-05 00:00:00,1.0697103851859544
2008-12-08 00:00:00,1.0697103851859544
2008-12-09 00:00:00,1.0697103851859544
2008-12-10 00:00:00,1.0697103851859544
2008-12-11 00:00:00,1.0697103851859544
2008-12-12 00:00:00,1.0697103851859544
2008-12-15 00:00:00,1.0697103851859544
2008-12-16 00:00:00,1.0697103851859544
2008-12-17 00:00:00,1.0697103851859544
2008-12-18 00:00:00,1.0697103851859544
2008-12-19 00:00:00,1.0697103851859544
2008-12-22 00:00:00,1.0697103851859544
2008-12-23 00:00:00,1.0697103851859544
2008-12-24 00:00:00,1.0697103851859544
2008-12-26 00:00:00,1.0697103851859544
2008-12-29 00:00:00,1.0697103851859544
2008-12-30 00:00:00,1.0697103851859544
2008-12-31 00:00:00,1.0697103851859544
2009-01-02 00:00:00,1.0697103851859544
2009-01-05 00:00:00,1.0697103851859544
2009-01-06 00:00:00,1.0697103851859544
2009-01-07 00:00:00,1.0697103851859544
2009-01-08 00:00:00,1.0697103851859544
2009-01-09 00:00:00,1.0697103851859544
2009-01-12 00:00:00,1.0697103851859544
2009-01-13 00:00:00,1.0697103851859544
2009-01-14 00:00:00,1.0697103851859544
2009-01-15 00:00:00,1.0697103851859544
2009-01-16 00:00:00,1.0697103851859544
2009-01-20 00:00:00,1.0697103851859544
2009-01-21 00:00:00,1.0697103851859544
2009-01-22 00:00:00,1.0697103851859544
2009-01-23 00:00:00,1.0697103851859544
2009-01-26 00:00:00,1.0697103851859544
2009-01-27 00:00:00,1.0697103851859544
2009-01-28 00:00:00,1.0697103851859544
2009-01-29 00:00:00,1.0697103851859544
2009-01-30 00:00:00,1.0697103851859544
2009-02-02 00:00:00,1.0697103851859544
2009-02-03 00:00:00,1.0697103851859544
2009-02-04 00:00:00,1.0697103851859544
2009-02-05 00:00:00,1.0697103851859544
2009-02-06 00:00:00,1.0697103851859544
2009-02-09 00:00:00,1.0697103851859544
2009-02-10 00:00:00,1.0697103851859544
2009-02-11 00:00:00,1.0697103851859544
2009-02-12 00:00:00,1.0697103851859544
2009-02-13 00:00:00,1.0697103851859544
2009-02-17 00:00:00,1.0697103851859544
2009-02-18 00:00:00,1.0697103851859544
2009-02-19 00:00:00,1.0697103851859544
2009-02-20 00:00:00,1.0697103851859544
2009-02-23 00:00:00,1.0697103851859544
2009-02-24 00:00:00,1.0697103851859544
2009-02-25 00:00:00,1.0697103851859544
2009-02-26 00:00:00,1.0697103851859544
2009-02-27 00:00:00,1.0697103851859544
2009-03-02 00:00:00,1.0697103851859544
2009-03-03 00:00:00,1.0697103851859544
2009-03-04 00:00:00,1.0697103851859544
2009-03-05 00:00:00,1.0697103851859544
2009-03-06 00:00:00,1.0697103851859544
2009-03-09 00:00:00,1.0697103851859544
2009-03-10 00:00:00,1.0697103851859544
2009-03-11 00:00:00,1.0697103851859544
2009-03-12 00:00:00,1.0697103851859544
2009-03-13 00:00:00,1.0697103851859544
2009-03-16 00:00:00,1.0697103851859544
2009-03-17 00:00:00,1.0697103851859544
2009-03-18 00:00:00,1.0697103851859544
2009-03-19 00:00:00,1.0697103851859544
2009-03-20 00:00:00,1.0697103851859544
2009-03-23 00:00:00,1.0697103851859544
2009-03-24 00:00:00,1.0697103851859544
2009-03-25 00:00:00,1.0697103851859544
2009-03-26 00:00:00,1.0697103851859544
2009-03-27 00:00:00,1.0697103851859544
2009-03-30 00:00:00,1.0697103851859544
2009-03-31 00:00:00,1.0697103851859544
2009-04-01 00:00:00,1.0697103851859544
2009-04-02 00:00:00,1.0697103851859544
2009-04-03 00:00:00,1.0697103851859544
2009-04-06 00:00:00,1.0697103851859544
2009-04-07 00:00:00,1.0697103851859544
2009-04-08 00:00:00,1.0697103851859544
2009-04-09 00:00:00,1.0697103851859544
2009-04-13 00:00:00,1.0697103851859544
2009-04-14 00:00:00,1.0697103851859544
2009-04-15 00:00:00,1.0697103851859544
2009-04-16 00:00:00,1.0697103851859544
2009-04-17 00:00:00,1.0697103851859544
2009-04-20 00:00:00,1.0697103851859544
2009-04-21 00:00:00,1.0697103851859544
2009-04-22 00:00:00,1.0697103851859544
2009-04-23 00:00:00,1.0697103851859544
2009-04-24 00:00:00,1.0697103851859544
2009-04-27 00:00:00,1.0697103851859544
2009-04-28 00:00:00,1.0697103851859544
2009-04-29 00:00:00,1.0697103851859544
2009-04-30 00:00:00,1.0697103851859544
2009-05-01 00:00:00,1.0697103851859544
2009-05-04 00:00:00,1.0697103851859544
2009-05-05 00:00:00,1.0697103851859544
2009-05-06 00:00:00,1.0697103851859544
2009-05-07 00:00:00,1.0697103851859544
2009-05-08 00:00:00,1.0697103851859544
2009-05-11 00:00:00,1.0697103851859544
2009-05-12 00:00:00,1.0697103851859544
2009-05-13 00:00:00,1.0697103851859544
2009-05-14 00:00:00,1.0697103851859544
2009-05-15 00:00:00,1.0697103851859544
2009-05-18 00:00:00,1.0697103851859544
2009-05-19 00:00:00,1.0697103851859544
2009-05-20 00:00:00,1.0697103851859544
2009-05-21 00:00:00,1.0697103851859544
2009-05-22 00:00:00,1.0697103851859544
2009-05-26 00:00:00,1.0697103851859544
2009-05-27 00:00:00,1.0697103851859544
2009-05-28 00:00:00,1.0697103851859544
2009-05-29 00:00:00,1.0697103851859544
2009-06-01 00:00:00,1.0697103851859544
2009-06-02 00:00:00,1.0697103851859544
2009-06-03 00:00:00,1.0697103851859544
2009-06-04 00:00:00,1.0697103851859544
2009-06-05 00:00:00,1.0697103851859544
2009-06-08 00:00:00,1.0697103851859544
2009-06-09 00:00:00,1.0697103851859544
2009-06-10 00:00:00,1.0697103851859544
2009-06-11 00:00:00,1.0697103851859544
2009-06-12 00:00:00,1.0697103851859544
2009-06-15 00:00:00,1.0697103851859544
2009-06-16 00:00:00,1.0697103851859544
2009-06-17 00:00:00,1.0697103851859544
2009-06-18 00:00:00,1.0697103851859544
2009-06-19 00:00:00,1.0697103851859544
2009-06-22 00:00:00,1.0697103851859544
2009-06-23 00:00:00,1.0697103851859544
2009-06-24 00:00:00,1.0697103851859544
2009-06-25 00:00:00,1.0697103851859544
2009-06-26 00:00:00,1.0697103851859544
2009-06-29 00:00:00,1.0697103851859544
2009-06-30 00:00:00,1.0697103851859544
2009-07-01 00:00:00,1.0697103851859544
2009-07-02 00:00:00,1.0697103851859544
2009-07-06 00:00:00,1.0697103851859544
2009-07-07 00:00:00,1.0697103851859544
2009-07-08 00:00:00,1.0697103851859544
2009-07-09 00:00:00,1.0697103851859544
2009-07-10 00:00:00,1.0697103851859544
2009-07-13 00:00:00,1.0697103851859544
2009-07-14 00:00:00,1.0697103851859544
2009-07-15 00:00:00,1.0697103851859544
2009-07-16 00:00:00,1.0697103851859544
2009-07-17 00:00:00,1.0697103851859544
2009-07-20 00:00:00,1.0697103851859544
2009-07-21 00:00:00,1.0697103851859544
2009-07-22 00:00:00,1.0697103851859544
2009-07-23 00:00:00,1.0697103851859544
2009-07-24 00:00:00,1.0697103851859544
2009-07-27 00:00:00,1.0697103851859544
2009-07-28 00:00:00,1.0697103851859544
2009-07-29 00:00:00,1.0697103851859544
2009-07-30 00:00:00,1.0697103851859544
2009-07-31 00:00:00,1.0697103851859544
2009-08-03 00:00:00,1.0697103851859544
2009-08-04 00:00:00,1.0697103851859544
2009-08-05 00:00:00,1.0697103851859544
2009-08-06 00:00:00,1.0697103851859544
2009-08-07 00:00:00,1.0697103851859544
2009-08-10 00:00:00,1.0697103851859544
2009-08-11 00:00:00,1.0697103851859544
2009-08-12 00:00:00,1.0697103851859544
2009-08-13 00:00:00,1.0697103851859544
2009-08-14 00:00:00,1.0697103851859544
2009-08-17 00:00:00,1.0697103851859544
2009-08-18 00:00:00,1.0697103851859544
2009-08-19 00:00:00,1.0697103851859544
2009-08-20 00:00:00,1.0697103851859544
2009-08-21 00:00:00,1.0697103851859544
2009-08-24 00:00:00,1.0697103851859544
2009-08-25 00:00:00,1.0697103851859544
2009-08-26 00:00:00,1.0697103851859544
2009-08-27 00:00:00,1.0697103851859544
2009-08-28 00:00:00,1.0697103851859544
2009-08-31 00:00:00,1.0697103851859544
2009-09-01 00:00:00,1.0697103851859544
2009-09-02 00:00:00,1.0697103851859544
2009-09-03 00:00:00,1.0697103851859544
2009-09-04 00:00:00,1.0697103851859544
2009-09-08 00:00:00,1.0697103851859544
2009-09-09 00:00:00,1.0697103851859544
2009-09-10 00:00:00,1.0697103851859544
2009-09-11 00:00:00,1.0697103851859544
2009-09-14 00:00:00,1.0697103851859544
2009-09-15 00:00:00,1.0697103851859544
2009-09-16 00:00:00,1.0697103851859544
2009-09-17 00:00:00,1.0697103851859544
2009-09-18 00:00:00,1.0697103851859544
2009-09-21 00:00:00,1.0697103851859544
2009-09-22 00:00:00,1.0697103851859544
2009-09-23 00:00:00,1.0697103851859544
2009-09-24 00:00:00,1.0697103851859544
2009-09-25 00:00:00,1.0697103851859544
2009-09-28 00:00:00,1.0697103851859544
2009-09-29 00:00:00,1.0697103851859544
2009-09-30 00:00:00,1.0697103851859544
2009-10-01 00:00:00,1.0697103851859544
2009-10-02 00:00:00,1.0697103851859544
2009-10-05 00:00:00,1.0697103851859544
2009-10-06 00:00:00,1.0697103851859544
2009-10-07 00:00:00,1.0697103851859544
2009-10-08 00:00:00,1.0697103851859544
2009-10-09 00:00:00,1.0697103851859544
2009-10-12 00:00:00,1.0697103851859544
2009-10-13 00:00:00,1.0697103851859544
2009-10-14 00:00:00,1.0697103851859544
2009-10-15 00:00:00,1.0697103851859544
2009-10-16 00:00:00,1.0697103851859544
2009-10-19 00:00:00,1.0697103851859544
2009-10-20 00:00:00,1.0697103851859544
2009-10-21 00:00:00,1.0697103851859544
2009-10-22 00:00:00,1.0697103851859544
2009-10-23 00:00:00,1.0697103851859544
2009-10-26 00:00:00,1.0697103851859544
2009-10-27 00:00:00,1.0697103851859544
2009-10-28 00:00:00,1.0697103851859544
2009-10-29 00:00:00,1.0697103851859544
2009-10-30 00:00:00,1.0697103851859544
2009-11-02 00:00:00,1.0697103851859544
2009-11-03 00:00:00,1.0697103851859544
2009-11-04 00:00:00,1.0697103851859544
2009-11-05 00:00:00,1.0697103851859544
2009-11-06 00:00:00,1.0697103851859544
2009-11-09 00:00:00,1.0685193933369463
2009-11-10 00:00:00,1.0697710454255656
2009-11-11 00:00:00,1.0668542260426563
2009-11-12 00:00:00,1.0681058781312758
2009-11-13 00:00:00,1.0648913107861147
2009-11-16 00:00:00,1.056689465073232
2009-11-17 00:00:00,1.0528794018035665
2009-11-18 00:00:00,1.0570340965241434
2009-11-19 00:00:00,1.0557548909336203
2009-11-20 00:00:00,1.0558899881637944
2009-11-23 00:00:00,1.0567694552995988
2009-11-24 00:00:00,1.0522894591148666
2009-11-25 00:00:00,1.0478731171716247
2009-11-27 00:00:00,1.0478731171716247
2009-11-30 00:00:00,1.0478731171716247
2009-12-01 00:00:00,1.0478731171716247
2009-12-02 00:00:00,1.0478731171716247
2009-12-03 00:00:00,1.0478731171716247
2009-12-04 00:00:00,1.0478731171716247
2009-12-07 00:00:00,1.0478731171716247
2009-12-08 00:00:00,1.0478731171716247
2009-12-09 00:00:00,1.0478731171716247
2009-12-10 00:00:00,1.052664172305835
2009-12-11 00:00:00,1.0527304424459765
2009-12-14 00:00:00,1.0518222606944143
2009-12-15 00:00:00,1.055136703806902
2009-12-16 00:00:00,1.05601501719013
2009-12-17 00:00:00,1.0437382300353573
2009-12-18 00:00:00,1.046971468823536
2009-12-21 00:00:00,1.060355248150296
2009-12-22 00:00:00,1.0644817345058701
2009-12-23 00:00:00,1.0643043916730859
2009-12-24 00:00:00,1.0719226639739319
2009-12-28 00:00:00,1.073937837897481
2009-12-29 00:00:00,1.0717303869569805
2009-12-30 00:00:00,1.0669243976386034
2009-12-31 00:00:00,1.0704012493997082
2010-01-04 00:00:00,1.0710359498100104
2010-01-05 00:00:00,1.0663111648159418
2010-01-06 00:00:00,1.076121953873121
2010-01-07 00:00:00,1.0748889548243243
2010-01-08 00:00:00,1.0751988379373918
2010-01-11 00:00:00,1.0791629156443487
2010-01-12 00:00:00,1.0668049241652673
2010-01-13 00:00:00,1.0753164440335083
2010-01-14 00:00:00,1.0651509693107604
2010-01-15 00:00:00,1.060588592965309
2010-01-19 00:00:00,1.0626849712131667
2010-01-20 00:00:00,1.0551992391926042
2010-01-21 00:00:00,1.051773723387474
2010-01-22 00:00:00,1.0530580583922453
2010-01-25 00:00:00,1.0564537058290415
2010-01-26 00:00:00,1.0561951586719487
2010-01-27 00:00:00,1.056586246109325
2010-01-28 00:00:00,1.056977333546701
2010-01-29 00:00:00,1.0504660534178423
2010-02-01 00:00:00,1.0598708208534784
2010-02-02 00:00:00,1.0577445742372866
2010-02-03 00:00:00,1.0663372984298363
2010-02-04 00:00:00,1.0547101458695325
2010-02-05 00:00:00,1.0530711251991927
2010-02-08 00:00:00,1.052081739123322
2010-02-09 00:00:00,1.0595376027755505
2010-02-10 00:00:00,1.0665874448062358
2010-02-11 00:00:00,1.0705515225131927
2010-02-12 00:00:00,1.0675320283296057
2010-02-16 00:00:00,1.0661366206321916
2010-02-17 00:00:00,1.0744857318518153
2010-02-18 00:00:00,1.0773941533427598
2010-02-19 00:00:00,1.0734814115917775
2010-02-22 00:00:00,1.0764710374070305
2010-02-23 00:00:00,1.0651687021439615
2010-02-24 00:00:00,1.0633672728250043
2010-02-25 00:00:00,1.059210918101096
2010-02-26 00:00:00,1.0553793806744227
2010-03-01 00:00:00,1.058044189192441
2010-03-02 00:00:00,1.0590037068999778
2010-03-03 00:00:00,1.0608564721749099
2010-03-04 00:00:00,1.0569437304239278
2010-03-05 00:00:00,1.0666733151567984
2010-03-08 00:00:00,1.070474984215138
2010-03-09 00:00:00,1.0702976413823537
2010-03-10 00:00:00,1.0721504066572856
2010-03-11 00:00:00,1.069455729770933
2010-03-12 00:00:00,1.0648933534254819
2010-03-15 00:00:00,1.0658528711330186
2010-03-16 00:00:00,1.0599912255986288
2010-03-17 00:00:00,1.0568093227664246
2010-03-18 00:00:00,1.0592305183115172
2010-03-19 00:00:00,1.0584847452085722
2010-03-22 00:00:00,1.0576577677813188
2010-03-23 00:00:00,1.0611346195424236
2010-03-24 00:00:00,1.0745996031934921
2010-03-25 00:00:00,1.0792133154949182
2010-03-26 00:00:00,1.077168273203035
2010-03-29 00:00:00,1.079914286045362
2010-03-30 00:00:00,1.0776256307805527
2010-03-31 00:00:00,1.0726572328135582
2010-04-01 00:00:00,1.077108536466367
2010-04-05 00:00:00,1.0891118422798798
2010-04-06 00:00:00,1.0879600475553919
2010-04-07 00:00:00,1.0788502290486561
2010-04-08 00:00:00,1.0785104775672545
2010-04-09 00:00:00,1.076790252572606
2010-04-12 00:00:00,1.0729587151459326
2010-04-13 00:00:00,1.0705888555568148
2010-04-14 00:00:00,1.0756897938040926
2010-04-15 00:00:00,1.0748628163768392
2010-04-16 00:00:00,1.06956960111261
2010-04-19 00:00:00,1.0713411620632332
2010-04-20 00:00:00,1.0687276895011895
2010-04-21 00:00:00,1.0627036353181825
2010-04-22 00:00:00,1.0648812178903488
2010-04-23 00:00:00,1.0674648220840588
2010-04-26 00:00:00,1.0666378446568054
2010-04-27 00:00:00,1.0563099612854399
2010-04-28 00:00:00,1.058836105299269
2010-04-29 00:00:00,1.058836105299269
2010-04-30 00:00:00,1.058836105299269
2010-05-03 00:00:00,1.058836105299269
2010-05-04 00:00:00,1.058836105299269
2010-05-05 00:00:00,1.058836105299269
2010-05-06 00:00:00,1.058836105299269
2010-05-07 00:00:00,1.058836105299269
2010-05-10 00:00:00,1.058836105299269
2010-05-11 00:00:00,1.058836105299269
2010-05-12 00:00:00,1.058836105299269
2010-05-13 00:00:00,1.058836105299269
2010-05-14 00:00:00,1.058836105299269
2010-05-17 00:00:00,1.058836105299269
2010-05-18 00:00:00,1.058836105299269
2010-05-19 00:00:00,1.058836105299269
2010-05-20 00:00:00,1.058836105299269
2010-05-21 00:00:00,1.058836105299269
2010-05-24 00:00:00,1.058836105299269
2010-05-25 00:00:00,1.058836105299269
2010-05-26 00:00:00,1.058836105299269
2010-05-27 00:00:00,1.058836105299269
2010-05-28 00:00:00,1.058836105299269
2010-06-01 00:00:00,1.058836105299269
2010-06-02 00:00:00,1.058836105299269
2010-06-03 00:00:00,1.058836105299269
2010-06-04 00:00:00,1.058836105299269
2010-06-07 00:00:00,1.058836105299269
2010-06-08 00:00:00,1.058836105299269
2010-06-09 00:00:00,1.058836105299269
2010-06-10 00:00:00,1.058836105299269
2010-06-11 00:00:00,1.058836105299269
2010-06-14 00:00:00,1.058836105299269
2010-06-15 00:00:00,1.058836105299269
2010-06-16 00:00:00,1.058836105299269
2010-06-17 00:00:00,1.058836105299269
2010-06-18 00:00:00,1.058836105299269
2010-06-21 00:00:00,1.058836105299269
2010-06-22 00:00:00,1.058836105299269
2010-06-23 00:00:00,1.058836105299269
2010-06-24 00:00:00,1.058836105299269
2010-06-25 00:00:00,1.058836105299269
2010-06-28 00:00:00,1.058836105299269
2010-06-29 00:00:00,1.058836105299269
2010-06-30 00:00:00,1.058836105299269
2010-07-01 00:00:00,1.058836105299269
2010-07-02 00:00:00,1.058836105299269
2010-07-06 00:00:00,1.058836105299269
2010-07-07 00:00:00,1.058836105299269
2010-07-08 00:00:00,1.058836105299269
2010-07-09 00:00:00,1.058836105299269
2010-07-12 00:00:00,1.058836105299269
2010-07-13 00:00:00,1.058836105299269
2010-07-14 00:00:00,1.058836105299269
2010-07-15 00:00:00,1.058836105299269
2010-07-16 00:00:00,1.058836105299269
2010-07-19 00:00:00,1.058836105299269
2010-07-20 00:00:00,1.058836105299269
2010-07-21 00:00:00,1.058836105299269
2010-07-22 00:00:00,1.058836105299269
2010-07-23 00:00:00,1.058836105299269
2010-07-26 00:00:00,1.058836105299269
2010-07-27 00:00:00,1.058836105299269
2010-07-28 00:00:00,1.058836105299269
2010-07-29 00:00:00,1.058836105299269
2010-07-30 00:00:00,1.058836105299269
2010-08-02 00:00:00,1.058836105299269
2010-08-03 00:00:00,1.058836105299269
2010-08-04 00:00:00,1.058836105299269
2010-08-05 00:00:00,1.058836105299269
2010-08-06 00:00:00,1.058836105299269
2010-08-09 00:00:00,1.058836105299269
2010-08-10 00:00:00,1.058836105299269
2010-08-11 00:00:00,1.058836105299269
2010-08-12 00:00:00,1.058836105299269
2010-08-13 00:00:00,1.058836105299269
2010-08-16 00:00:00,1.058836105299269
2010-08-17 00:00:00,1.058836105299269
2010-08-18 00:00:00,1.058836105299269
2010-08-19 00:00:00,1.058836105299269
2010-08-20 00:00:00,1.058836105299269
2010-08-23 00:00:00,1.058836105299269
2010-08-24 00:00:00,1.058836105299269
2010-08-25 00:00:00,1.058836105299269
2010-08-26 00:00:00,1.058836105299269
2010-08-27 00:00:00,1.058836105299269
2010-08-30 00:00:00,1.058836105299269
2010-08-31 00:00:00,1.058836105299269
2010-09-01 00:00:00,1.058836105299269
2010-09-02 00:00:00,1.058836105299269
2010-09-03 00:00:00,1.058836105299269
2010-09-07 00:00:00,1.058836105299269
2010-09-08 00:00:00,1.058836105299269
2010-09-09 00:00:00,1.058836105299269
2010-09-10 00:00:00,1.058836105299269
2010-09-13 00:00:00,1.058836105299269
2010-09-14 00:00:00,1.058836105299269
2010-09-15 00:00:00,1.058836105299269
2010-09-16 00:00:00,1.058836105299269
2010-09-17 00:00:00,1.058836105299269
2010-09-20 00:00:00,1.058836105299269
2010-09-21 00:00:00,1.058836105299269
2010-09-22 00:00:00,1.058836105299269
2010-09-23 00:00:00,1.058836105299269
2010-09-24 00:00:00,1.058836105299269
2010-09-27 00:00:00,1.058836105299269
2010-09-28 00:00:00,1.058836105299269
2010-09-29 00:00:00,1.058836105299269
2010-09-30 00:00:00,1.058836105299269
2010-10-01 00:00:00,1.058836105299269
2010-10-04 00:00:00,1.058836105299269
2010-10-05 00:00:00,1.058836105299269
2010-10-06 00:00:00,1.058836105299269
2010-10-07 00:00:00,1.058836105299269
2010-10-08 00:00:00,1.058836105299269
2010-10-11 00:00:00,1.058836105299269
2010-10-12 00:00:00,1.058836105299269
2010-10-13 00:00:00,1.058836105299269
2010-10-14 00:00:00,1.058836105299269
2010-10-15 00:00:00,1.058836105299269
2010-10-18 00:00:00,1.058836105299269
2010-10-19 00:00:00,1.058836105299269
2010-10-20 00:00:00,1.058836105299269
2010-10-21 00:00:00,1.058836105299269
2010-10-22 00:00:00,1.058836105299269
2010-10-25 00:00:00,1.058836105299269
2010-10-26 00:00:00,1.058836105299269
2010-10-27 00:00:00,1.058836105299269
2010-10-28 00:00:00,1.058836105299269
2010-10-29 00:00:00,1.058836105299269
2010-11-01 00:00:00,1.058836105299269
2010-11-02 00:00:00,1.058836105299269
2010-11-03 00:00:00,1.058836105299269
2010-11-04 00:00:00,1.058836105299269
2010-11-05 00:00:00,1.058836105299269
2010-11-08 00:00:00,1.058836105299269
2010-11-09 00:00:00,1.058836105299269
2010-11-10 00:00:00,1.058836105299269
2010-11-11 00:00:00,1.058836105299269
2010-11-12 00:00:00,1.058836105299269
2010-11-15 00:00:00,1.058836105299269
2010-11-16 00:00:00,1.058836105299269
2010-11-17 00:00:00,1.058836105299269
2010-11-18 00:00:00,1.058836105299269
2010-11-19 00:00:00,1.058836105299269
2010-11-22 00:00:00,1.058836105299269
2010-11-23 00:00:00,1.058836105299269
2010-11-24 00:00:00,1.058836105299269
2010-11-26 00:00:00,1.058836105299269
2010-11-29 00:00:00,1.058836105299269
2010-11-30 00:00:00,1.058836105299269
2010-12-01 00:00:00,1.058836105299269
2010-12-02 00:00:00,1.058836105299269
2010-12-03 00:00:00,1.058836105299269
2010-12-06 00:00:00,1.058836105299269
2010-12-07 00:00:00,1.058836105299269
2010-12-08 00:00:00,1.058836105299269
2010-12-09 00:00:00,1.058836105299269
2010-12-10 00:00:00,1.058836105299269
2010-12-13 00:00:00,1.058836105299269
2010-12-14 00:00:00,1.058836105299269
2010-12-15 00:00:00,1.058836105299269
2010-12-16 00:00:00,1.058836105299269
2010-12-17 00:00:00,1.058836105299269
2010-12-20 00:00:00,1.058836105299269
2010-12-21 00:00:00,1.058836105299269
2010-12-22 00:00:00,1.058836105299269
2010-12-23 00:00:00,1.058836105299269
2010-12-27 00:00:00,1.058836105299269
2010-12-28 00:00:00,1.058836105299269
2010-12-29 00:00:00,1.058836105299269
2010-12-30 00:00:00,1.058836105299269
2010-12-31 00:00:00,1.058836105299269
2011-01-03 00:00:00,1.058836105299269
2011-01-04 00:00:00,1.058836105299269
2011-01-05 00:00:00,1.058836105299269
2011-01-06 00:00:00,1.058836105299269
2011-01-07 00:00:00,1.058836105299269
2011-01-10 00:00:00,1.058836105299269
2011-01-11 00:00:00,1.058836105299269
2011-01-12 00:00:00,1.058836105299269
2011-01-13 00:00:00,1.058836105299269
2011-01-14 00:00:00,1.058836105299269
2011-01-18 00:00:00,1.058836105299269
2011-01-19 00:00:00,1.058836105299269
2011-01-20 00:00:00,1.058836105299269
2011-01-21 00:00:00,1.058836105299269
2011-01-24 00:00:00,1.058836105299269
2011-01-25 00:00:00,1.058836105299269
2011-01-26 00:00:00,1.058836105299269
2011-01-27 00:00:00,1.058836105299269
2011-01-28 00:00:00,1.058836105299269
2011-01-31 00:00:00,1.058836105299269
2011-02-01 00:00:00,1.058836105299269
2011-02-02 00:00:00,1.058836105299269
2011-02-03 00:00:00,1.058836105299269
2011-02-04 00:00:00,1.058836105299269
2011-02-07 00:00:00,1.058836105299269
2011-02-08 00:00:00,1.058836105299269
2011-02-09 00:00:00,1.058836105299269
2011-02-10 00:00:00,1.058836105299269
2011-02-11 00:00:00,1.058836105299269
2011-02-14 00:00:00,1.058836105299269
2011-02-15 00:00:00,1.058836105299269
2011-02-16 00:00:00,1.058836105299269
2011-02-17 00:00:00,1.058836105299269
2011-02-18 00:00:00,1.058836105299269
2011-02-22 00:00:00,1.058836105299269
2011-02-23 00:00:00,1.058836105299269
2011-02-24 00:00:00,1.058836105299269
2011-02-25 00:00:00,1.058836105299269
2011-02-28 00:00:00,1.058836105299269
2011-03-01 00:00:00,1.058836105299269
2011-03-02 00:00:00,1.058836105299269
2011-03-03 00:00:00,1.058836105299269
2011-03-04 00:00:00,1.058836105299269
2011-03-07 00:00:00,1.058836105299269
2011-03-08 00:00:00,1.058836105299269
2011-03-09 00:00:00,1.058836105299269
2011-03-10 00:00:00,1.058836105299269
2011-03-11 00:00:00,1.058836105299269
2011-03-14 00:00:00,1.058836105299269
2011-03-15 00:00:00,1.058836105299269
2011-03-16 00:00:00,1.058836105299269
2011-03-17 00:00:00,1.058836105299269
2011-03-18 00:00:00,1.058836105299269
2011-03-21 00:00:00,1.058836105299269
2011-03-22 00:00:00,1.058836105299269
2011-03-23 00:00:00,1.058836105299269
2011-03-24 00:00:00,1.058836105299269
2011-03-25 00:00:00,1.058836105299269
2011-03-28 00:00:00,1.058836105299269
2011-03-29 00:00:00,1.058836105299269
2011-03-30 00:00:00,1.058836105299269
2011-03-31 00:00:00,1.058836105299269
2011-04-01 00:00:00,1.058836105299269
2011-04-04 00:00:00,1.058836105299269
2011-04-05 00:00:00,1.058836105299269
2011-04-06 00:00:00,1.058836105299269
2011-04-07 00:00:00,1.058836105299269
2011-04-08 00:00:00,1.058836105299269
2011-04-11 00:00:00,1.058836105299269
2011-04-12 00:00:00,1.058836105299269
2011-04-13 00:00:00,1.058836105299269
2011-04-14 00:00:00,1.058836105299269
2011-04-15 00:00:00,1.058836105299269
2011-04-18 00:00:00,1.058836105299269
2011-04-19 00:00:00,1.058836105299269
2011-04-20 00:00:00,1.058836105299269
2011-04-21 00:00:00,1.058836105299269
2011-04-25 00:00:00,1.058836105299269
2011-04-26 00:00:00,1.058836105299269
2011-04-27 00:00:00,1.058836105299269
2011-04-28 00:00:00,1.058836105299269
2011-04-29 00:00:00,1.058836105299269
2011-05-02 00:00:00,1.058836105299269
2011-05-03 00:00:00,1.058836105299269
2011-05-04 00:00:00,1.058836105299269
2011-05-05 00:00:00,1.058836105299269
2011-05-06 00:00:00,1.058836105299269
2011-05-09 00:00:00,1.058836105299269
2011-05-10 00:00:00,1.058836105299269
2011-05-11 00:00:00,1.058836105299269
2011-05-12 00:00:00,1.058836105299269
2011-05-13 00:00:00,1.058836105299269
2011-05-16 00:00:00,1.058836105299269
2011-05-17 00:00:00,1.058836105299269
2011-05-18 00:00:00,1.058836105299269
2011-05-19 00:00:00,1.058836105299269
2011-05-20 00:00:00,1.058836105299269
2011-05-23 00:00:00,1.058836105299269
2011-05-24 00:00:00,1.058836105299269
2011-05-25 00:00:00,1.058836105299269
2011-05-26 00:00:00,1.058836105299269
2011-05-27 00:00:00,1.058836105299269
2011-05-31 00:00:00,1.058836105299269
2011-06-01 00:00:00,1.058836105299269
2011-06-02 00:00:00,1.058836105299269
2011-06-03 00:00:00,1.058836105299269
2011-06-06 00:00:00,1.058836105299269
2011-06-07 00:00:00,1.058836105299269
2011-06-08 00:00:00,1.058836105299269
2011-06-09 00:00:00,1.058836105299269
2011-06-10 00:00:00,1.058836105299269
2011-06-13 00:00:00,1.058836105299269
2011-06-14 00:00:00,1.058836105299269
2011-06-15 00:00:00,1.058836105299269
2011-06-16 00:00:00,1.058836105299269
2011-06-17 00:00:00,1.058836105299269
2011-06-20 00:00:00,1.058836105299269
2011-06-21 00:00:00,1.058836105299269
2011-06-22 00:00:00,1.058836105299269
2011-06-23 00:00:00,1.058836105299269
2011-06-24 00:00:00,1.058836105299269
2011-06-27 00:00:00,1.058836105299269
2011-06-28 00:00:00,1.058836105299269
2011-06-29 00:00:00,1.058836105299269
2011-06-30 00:00:00,1.058836105299269
2011-07-01 00:00:00,1.058836105299269
2011-07-05 00:00:00,1.058836105299269
2011-07-06 00:00:00,1.058836105299269
2011-07-07 00:00:00,1.058836105299269
2011-07-08 00:00:00,1.058836105299269
2011-07-11 00:00:00,1.058836105299269
2011-07-12 00:00:00,1.058836105299269
2011-07-13 00:00:00,1.058836105299269
2011-07-14 00:00:00,1.058836105299269
2011-07-15 00:00:00,1.058836105299269
2011-07-18 00:00:00,1.058836105299269
2011-07-19 00:00:00,1.058836105299269
2011-07-20 00:00:00,1.058836105299269
2011-07-21 00:00:00,1.058836105299269
2011-07-22 00:00:00,1.058836105299269
2011-07-25 00:00:00,1.058836105299269
2011-07-26 00:00:00,1.058836105299269
2011-07-27 00:00:00,1.058836105299269
2011-07-28 00:00:00,1.058836105299269
2011-07-29 00:00:00,1.058836105299269
2011-08-01 00:00:00,1.058836105299269
2011-08-02 00:00:00,1.058836105299269
2011-08-03 00:00:00,1.058836105299269
2011-08-04 00:00:00,1.058836105299269
2011-08-05 00:00:00,1.058836105299269
2011-08-08 00:00:00,1.058836105299269
2011-08-09 00:00:00,1.058836105299269
2011-08-10 00:00:00,1.058836105299269
2011-08-11 00:00:00,1.058836105299269
2011-08-12 00:00:00,1.058836105299269
2011-08-15 00:00:00,1.058836105299269
2011-08-16 00:00:00,1.058836105299269
2011-08-17 00:00:00,1.058836105299269
2011-08-18 00:00:00,1.058836105299269
2011-08-19 00:00:00,1.058836105299269
2011-08-22 00:00:00,1.058836105299269
2011-08-23 00:00:00,1.058836105299269
2011-08-24 00:00:00,1.058836105299269
2011-08-25 00:00:00,1.058836105299269
2011-08-26 00:00:00,1.058836105299269
2011-08-29 00:00:00,1.058836105299269
2011-08-30 00:00:00,1.058836105299269
2011-08-31 00:00:00,1.058836105299269
2011-09-01 00:00:00,1.058836105299269
2011-09-02 00:00:00,1.058836105299269
2011-09-06 00:00:00,1.058836105299269
2011-09-07 00:00:00,1.058836105299269
2011-09-08 00:00:00,1.058836105299269
2011-09-09 00:00:00,1.058836105299269
2011-09-12 00:00:00,1.058836105299269
2011-09-13 00:00:00,1.058836105299269
2011-09-14 00:00:00,1.058836105299269
2011-09-15 00:00:00,1.058836105299269
2011-09-16 00:00:00,1.058836105299269
2011-09-19 00:00:00,1.058836105299269
2011-09-20 00:00:00,1.058836105299269
2011-09-21 00:00:00,1.058836105299269
2011-09-22 00:00:00,1.058836105299269
2011-09-23 00:00:00,1.058836105299269
2011-09-26 00:00:00,1.058836105299269
2011-09-27 00:00:00,1.058836105299269
2011-09-28 00:00:00,1.058836105299269
2011-09-29 00:00:00,1.058836105299269
2011-09-30 00:00:00,1.058836105299269
2011-10-03 00:00:00,1.058836105299269
2011-10-04 00:00:00,1.058836105299269
2011-10-05 00:00:00,1.058836105299269
2011-10-06 00:00:00,1.058836105299269
2011-10-07 00:00:00,1.058836105299269
2011-10-10 00:00:00,1.058836105299269
2011-10-11 00:00:00,1.058836105299269
2011-10-12 00:00:00,1.058836105299269
2011-10-13 00:00:00,1.058836105299269
2011-10-14 00:00:00,1.058836105299269
2011-10-17 00:00:00,1.058836105299269
2011-10-18 00:00:00,1.058836105299269
2011-10-19 00:00:00,1.058836105299269
2011-10-20 00:00:00,1.058836105299269
2011-10-21 00:00:00,1.058836105299269
2011-10-24 00:00:00,1.058836105299269
2011-10-25 00:00:00,1.058836105299269
2011-10-26 00:00:00,1.058836105299269
2011-10-27 00:00:00,1.058836105299269
2011-10-28 00:00:00,1.058836105299269
2011-10-31 00:00:00,1.058836105299269
2011-11-01 00:00:00,1.058836105299269
2011-11-02 00:00:00,1.058836105299269
2011-11-03 00:00:00,1.058836105299269
2011-11-04 00:00:00,1.058836105299269
2011-11-07 00:00:00,1.058836105299269
2011-11-08 00:00:00,1.058836105299269
2011-11-09 00:00:00,1.058836105299269
2011-11-10 00:00:00,1.058836105299269
2011-11-11 00:00:00,1.058836105299269
2011-11-14 00:00:00,1.058836105299269
2011-11-15 00:00:00,1.058836105299269
2011-11-16 00:00:00,1.058836105299269
2011-11-17 00:00:00,1.058836105299269
2011-11-18 00:00:00,1.058836105299269
2011-11-21 00:00:00,1.058836105299269
2011-11-22 00:00:00,1.058836105299269
2011-11-23 00:00:00,1.058836105299269
2011-11-25 00:00:00,1.058836105299269
2011-11-28 00:00:00,1.058836105299269
2011-11-29 00:00:00,1.058836105299269
2011-11-30 00:00:00,1.058836105299269
2011-12-01 00:00:00,1.058836105299269
2011-12-02 00:00:00,1.058836105299269
2011-12-05 00:00:00,1.058836105299269
2011-12-06 00:00:00,1.058836105299269
2011-12-07 00:00:00,1.058836105299269
2011-12-08 00:00:00,1.058836105299269
2011-12-09 00:00:00,1.058836105299269
2011-12-12 00:00:00,1.058836105299269
2011-12-13 00:00:00,1.058836105299269
2011-12-14 00:00:00,1.058836105299269
2011-12-15 00:00:00,1.058836105299269
2011-12-16 00:00:00,1.058836105299269
2011-12-19 00:00:00,1.058836105299269
2011-12-20 00:00:00,1.058836105299269
2011-12-21 00:00:00,1.058836105299269
2011-12-22 00:00:00,1.058836105299269
2011-12-23 00:00:00,1.058836105299269
2011-12-27 00:00:00,1.058836105299269
2011-12-28 00:00:00,1.058836105299269
2011-12-29 00:00:00,1.058836105299269
2011-12-30 00:00:00,1.058836105299269
2012-01-03 00:00:00,1.058836105299269
2012-01-04 00:00:00,1.058836105299269
2012-01-05 00:00:00,1.058836105299269
2012-01-06 00:00:00,1.058836105299269
2012-01-09 00:00:00,1.058836105299269
2012-01-10 00:00:00,1.058836105299269
2012-01-11 00:00:00,1.058836105299269
2012-01-12 00:00:00,1.058836105299269
2012-01-13 00:00:00,1.058836105299269
2012-01-17 00:00:00,1.058836105299269
2012-01-18 00:00:00,1.058836105299269
2012-01-19 00:00:00,1.058836105299269
2012-01-20 00:00:00,1.058836105299269
2012-01-23 00:00:00,1.058836105299269
2012-01-24 00:00:00,1.058836105299269
2012-01-25 00:00:00,1.058836105299269
2012-01-26 00:00:00,1.058836105299269
2012-01-27 00:00:00,1.058836105299269
2012-01-30 00:00:00,1.058836105299269
2012-01-31 00:00:00,1.058836105299269
2012-02-01 00:00:00,1.058836105299269
2012-02-02 00:00:00,1.058836105299269
2012-02-03 00:00:00,1.058836105299269
2012-02-06 00:00:00,1.058836105299269
2012-02-07 00:00:00,1.058836105299269
2012-02-08 00:00:00,1.058836105299269
2012-02-09 00:00:00,1.058836105299269
2012-02-10 00:00:00,1.058836105299269
2012-02-13 00:00:00,1.058836105299269
2012-02-14 00:00:00,1.058836105299269
2012-02-15 00:00:00,1.058836105299269
2012-02-16 00:00:00,1.058836105299269
2012-02-17 00:00:00,1.058836105299269
2012-02-21 00:00:00,1.058836105299269
2012-02-22 00:00:00,1.058836105299269
2012-02-23 00:00:00,1.058836105299269
2012-02-24 00:00:00,1.058836105299269
2012-02-27 00:00:00,1.058836105299269
2012-02-28 00:00:00,1.058836105299269
2012-02-29 00:00:00,1.058836105299269
2012-03-01 00:00:00,1.058836105299269
2012-03-02 00:00:00,1.058836105299269
2012-03-05 00:00:00,1.058836105299269
2012-03-06 00:00:00,1.058836105299269
2012-03-07 00:00:00,1.058836105299269
2012-03-08 00:00:00,1.058836105299269
2012-03-09 00:00:00,1.058836105299269
2012-03-12 00:00:00,1.058836105299269
2012-03-13 00:00:00,1.058836105299269
2012-03-14 00:00:00,1.058836105299269
2012-03-15 00:00:00,1.058836105299269
2012-03-16 00:00:00,1.058836105299269
2012-03-19 00:00:00,1.058836105299269
2012-03-20 00:00:00,1.058836105299269
2012-03-21 00:00:00,1.058836105299269
2012-03-22 00:00:00,1.058836105299269
2012-03-23 00:00:00,1.058836105299269
2012-03-26 00:00:00,1.058836105299269
2012-03-27 00:00:00,1.058836105299269
2012-03-28 00:00:00,1.058836105299269
2012-03-29 00:00:00,1.058836105299269
2012-03-30 00:00:00,1.058836105299269
2012-04-02 00:00:00,1.058836105299269
2012-04-03 00:00:00,1.058836105299269
2012-04-04 00:00:00,1.058836105299269
2012-04-05 00:00:00,1.058836105299269
2012-04-09 00:00:00,1.058836105299269
2012-04-10 00:00:00,1.058836105299269
2012-04-11 00:00:00,1.058836105299269
2012-04-12 00:00:00,1.058836105299269
2012-04-13 00:00:00,1.058836105299269
2012-04-16 00:00:00,1.058836105299269
2012-04-17 00:00:00,1.058836105299269
2012-04-18 00:00:00,1.058836105299269
2012-04-19 00:00:00,1.058836105299269
2012-04-20 00:00:00,1.058836105299269
2012-04-23 00:00:00,1.058836105299269
2012-04-24 00:00:00,1.058836105299269
2012-04-25 00:00:00,1.058836105299269
2012-04-26 00:00:00,1.058836105299269
2012-04-27 00:00:00,1.058836105299269
2012-04-30 00:00:00,1.058836105299269
2012-05-01 00:00:00,1.058836105299269
2012-05-02 00:00:00,1.058836105299269
2012-05-03 00:00:00,1.058836105299269
2012-05-04 00:00:00,1.058836105299269
2012-05-07 00:00:00,1.058836105299269
2012-05-08 00:00:00,1.058836105299269
2012-05-09 00:00:00,1.058836105299269
2012-05-10 00:00:00,1.058836105299269
2012-05-11 00:00:00,1.058836105299269
2012-05-14 00:00:00,1.058836105299269
2012-05-15 00:00:00,1.058836105299269
2012-05-16 00:00:00,1.058836105299269
2012-05-17 00:00:00,1.058836105299269
2012-05-18 00:00:00,1.058836105299269
2012-05-21 00:00:00,1.058836105299269
2012-05-22 00:00:00,1.058836105299269
2012-05-23 00:00:00,1.058836105299269
2012-05-24 00:00:00,1.058836105299269
2012-05-25 00:00:00,1.058836105299269
2012-05-29 00:00:00,1.058836105299269
2012-05-30 00:00:00,1.058836105299269
2012-05-31 00:00:00,1.058836105299269
2012-06-01 00:00:00,1.058836105299269
2012-06-04 00:00:00,1.058836105299269
2012-06-05 00:00:00,1.058836105299269
2012-06-06 00:00:00,1.058836105299269
2012-06-07 00:00:00,1.058836105299269
2012-06-08 00:00:00,1.058836105299269
2012-06-11 00:00:00,1.058836105299269
2012-06-12 00:00:00,1.058836105299269
2012-06-13 00:00:00,1.058836105299269
2012-06-14 00:00:00,1.058836105299269
2012-06-15 00:00:00,1.058836105299269
2012-06-18 00:00:00,1.058836105299269
2012-06-19 00:00:00,1.058836105299269
2012-06-20 00:00:00,1.058836105299269
2012-06-21 00:00:00,1.058836105299269
2012-06-22 00:00:00,1.058836105299269
2012-06-25 00:00:00,1.058836105299269
2012-06-26 00:00:00,1.058836105299269
2012-06-27 00:00:00,1.058836105299269
2012-06-28 00:00:00,1.058836105299269
2012-06-29 00:00:00,1.058836105299269
2012-07-02 00:00:00,1.058836105299269
2012-07-03 00:00:00,1.058836105299269
2012-07-05 00:00:00,1.058836105299269
2012-07-06 00:00:00,1.058836105299269
2012-07-09 00:00:00,1.058836105299269
2012-07-10 00:00:00,1.058836105299269
2012-07-11 00:00:00,1.058836105299269
2012-07-12 00:00:00,1.058836105299269
2012-07-13 00:00:00,1.058836105299269
2012-07-16 00:00:00,1.058836105299269
2012-07-17 00:00:00,1.058836105299269
2012-07-18 00:00:00,1.058836105299269
2012-07-19 00:00:00,1.058836105299269
2012-07-20 00:00:00,1.058836105299269
2012-07-23 00:00:00,1.058836105299269
2012-07-24 00:00:00,1.058836105299269
2012-07-25 00:00:00,1.058836105299269
2012-07-26 00:00:00,1.058836105299269
2012-07-27 00:00:00,1.058836105299269
2012-07-30 00:00:00,1.058836105299269
2012-07-31 00:00:00,1.058836105299269
2012-08-01 00:00:00,1.058836105299269
2012-08-02 00:00:00,1.058836105299269
2012-08-03 00:00:00,1.058836105299269
2012-08-06 00:00:00,1.058836105299269
2012-08-07 00:00:00,1.058836105299269
2012-08-08 00:00:00,1.058836105299269
2012-08-09 00:00:00,1.058836105299269
2012-08-10 00:00:00,1.058836105299269
2012-08-13 00:00:00,1.058836105299269
2012-08-14 00:00:00,1.058836105299269
2012-08-15 00:00:00,1.058836105299269
2012-08-16 00:00:00,1.058836105299269
2012-08-17 00:00:00,1.058836105299269
2012-08-20 00:00:00,1.058836105299269
2012-08-21 00:00:00,1.058836105299269
2012-08-22 00:00:00,1.058836105299269
2012-08-23 00:00:00,1.058836105299269
2012-08-24 00:00:00,1.058836105299269
2012-08-27 00:00:00,1.058836105299269
2012-08-28 00:00:00,1.058836105299269
2012-08-29 00:00:00,1.058836105299269
2012-08-30 00:00:00,1.058836105299269
2012-08-31 00:00:00,1.058836105299269
2012-09-04 00:00:00,1.058836105299269
2012-09-05 00:00:00,1.058836105299269
2012-09-06 00:00:00,1.058836105299269
2012-09-07 00:00:00,1.058836105299269
2012-09-10 00:00:00,1.058836105299269
2012-09-11 00:00:00,1.058836105299269
2012-09-12 00:00:00,1.058836105299269
2012-09-13 00:00:00,1.058836105299269
2012-09-14 00:00:00,1.058836105299269
2012-09-17 00:00:00,1.058836105299269
2012-09-18 00:00:00,1.060858512492125
2012-09-19 00:00:00,1.0567494216515163
2012-09-20 00:00:00,1.05518130395065
2012-09-21 00:00:00,1.054442891764801
2012-09-24 00:00:00,1.0495040954091746
2012-09-25 00:00:00,1.0432170275916441
2012-09-26 00:00:00,1.0373344796502406
2012-09-27 00:00:00,1.0373344796502406
2012-09-28 00:00:00,1.0373344796502406
2012-10-01 00:00:00,1.0373344796502406
2012-10-02 00:00:00,1.0373344796502406
2012-10-03 00:00:00,1.0373344796502406
2012-10-04 00:00:00,1.0373344796502406
2012-10-05 00:00:00,1.0373344796502406
2012-10-08 00:00:00,1.0373344796502406
2012-10-09 00:00:00,1.0373344796502406
2012-10-10 00:00:00,1.0373344796502406
2012-10-11 00:00:00,1.0373344796502406
2012-10-12 00:00:00,1.0373344796502406
2012-10-15 00:00:00,1.0373344796502406
2012-10-16 00:00:00,1.0373344796502406
2012-10-17 00:00:00,1.0373344796502406
2012-10-18 00:00:00,1.0373344796502406
2012-10-19 00:00:00,1.0373344796502406
2012-10-22 00:00:00,1.0373344796502406
2012-10-23 00:00:00,1.0373344796502406
2012-10-24 00:00:00,1.0373344796502406
2012-10-25 00:00:00,1.0373344796502406
2012-10-26 00:00:00,1.0373344796502406
2012-10-31 00:00:00,1.0373344796502406
2012-11-01 00:00:00,1.0373344796502406
2012-11-02 00:00:00,1.0373344796502406
2012-11-05 00:00:00,1.0373344796502406
2012-11-06 00:00:00,1.0373344796502406
2012-11-07 00:00:00,1.0373344796502406
2012-11-08 00:00:00,1.0373344796502406
2012-11-09 00:00:00,1.0373344796502406
2012-11-12 00:00:00,1.0373344796502406
2012-11-13 00:00:00,1.0373344796502406
2012-11-14 00:00:00,1.0373344796502406
2012-11-15 00:00:00,1.0373344796502406
2012-11-16 00:00:00,1.0373344796502406
2012-11-19 00:00:00,1.0373344796502406
2012-11-20 00:00:00,1.0373344796502406
2012-11-21 00:00:00,1.0373344796502406
2012-11-23 00:00:00,1.0373344796502406
2012-11-26 00:00:00,1.0373344796502406
2012-11-27 00:00:00,1.0373344796502406
2012-11-28 00:00:00,1.0373344796502406
2012-11-29 00:00:00,1.0373344796502406
2012-11-30 00:00:00,1.0373344796502406
2012-12-03 00:00:00,1.0373344796502406
2012-12-04 00:00:00,1.0373344796502406
2012-12-05 00:00:00,1.0373344796502406
2012-12-06 00:00:00,1.0373344796502406
2012-12-07 00:00:00,1.0373344796502406
2012-12-10 00:00:00,1.0373344796502406
2012-12-11 00:00:00,1.0373344796502406
2012-12-12 00:00:00,1.0373344796502406
2012-12-13 00:00:00,1.0373344796502406
2012-12-14 00:00:00,1.0373344796502406
2012-12-17 00:00:00,1.0373344796502406
2012-12-18 00:00:00,1.0373344796502406
2012-12-19 00:00:00,1.0373344796502406
2012-12-20 00:00:00,1.0373344796502406
2012-12-21 00:00:00,1.0373344796502406
2012-12-24 00:00:00,1.0373344796502406
2012-12-26 00:00:00,1.0373344796502406
2012-12-27 00:00:00,1.0373344796502406
2012-12-28 00:00:00,1.0373344796502406
2012-12-31 00:00:00,1.0373344796502406
2013-01-02 00:00:00,1.0373344796502406
2013-01-03 00:00:00,1.0373344796502406
2013-01-04 00:00:00,1.0373344796502406
2013-01-07 00:00:00,1.0373344796502406
2013-01-08 00:00:00,1.0373344796502406
2013-01-09 00:00:00,1.0373344796502406
2013-01-10 00:00:00,1.0373344796502406
2013-01-11 00:00:00,1.0373344796502406
2013-01-14 00:00:00,1.0373344796502406
2013-01-15 00:00:00,1.0373344796502406
2013-01-16 00:00:00,1.0373344796502406
2013-01-17 00:00:00,1.0373344796502406
2013-01-18 00:00:00,1.0373344796502406
2013-01-22 00:00:00,1.0373344796502406
2013-01-23 00:00:00,1.0373344796502406
2013-01-24 00:00:00,1.0373344796502406
2013-01-25 00:00:00,1.0373344796502406
2013-01-28 00:00:00,1.0373344796502406
2013-01-29 00:00:00,1.0373344796502406
2013-01-30 00:00:00,1.0373344796502406
2013-01-31 00:00:00,1.0373344796502406
2013-02-01 00:00:00,1.0373344796502406
2013-02-04 00:00:00,1.0373344796502406
2013-02-05 00:00:00,1.0373344796502406
2013-02-06 00:00:00,1.0373344796502406
2013-02-07 00:00:00,1.0373344796502406
2013-02-08 00:00:00,1.0373344796502406
2013-02-11 00:00:00,1.0373344796502406
2013-02-12 00:00:00,1.0373344796502406
2013-02-13 00:00:00,1.0373344796502406
2013-02-14 00:00:00,1.0373344796502406
2013-02-15 00:00:00,1.0373344796502406
2013-02-19 00:00:00,1.0373344796502406
2013-02-20 00:00:00,1.0373344796502406
2013-02-21 00:00:00,1.0373344796502406
2013-02-22 00:00:00,1.0373344796502406
2013-02-25 00:00:00,1.0373344796502406
2013-02-26 00:00:00,1.0373344796502406
2013-02-27 00:00:00,1.0373344796502406
2013-02-28 00:00:00,1.0373344796502406
2013-03-01 00:00:00,1.0373344796502406
2013-03-04 00:00:00,1.0373344796502406
2013-03-05 00:00:00,1.0373344796502406
2013-03-06 00:00:00,1.0373344796502406
2013-03-07 00:00:00,1.0373344796502406
2013-03-08 00:00:00,1.0373344796502406
2013-03-11 00:00:00,1.0373344796502406
2013-03-12 00:00:00,1.0373344796502406
2013-03-13 00:00:00,1.0373344796502406
2013-03-14 00:00:00,1.0373344796502406
2013-03-15 00:00:00,1.0373344796502406
2013-03-18 00:00:00,1.0373344796502406
2013-03-19 00:00:00,1.0373344796502406
2013-03-20 00:00:00,1.0373344796502406
2013-03-21 00:00:00,1.0373344796502406
2013-03-22 00:00:00,1.0373344796502406
2013-03-25 00:00:00,1.0373344796502406
2013-03-26 00:00:00,1.0373344796502406
2013-03-27 00:00:00,1.0373344796502406
2013-03-28 00:00:00,1.0373344796502406
2013-04-01 00:00:00,1.0373344796502406
2013-04-02 00:00:00,1.0373344796502406
2013-04-03 00:00:00,1.0373344796502406
2013-04-04 00:00:00,1.0373344796502406
2013-04-05 00:00:00,1.0373344796502406
2013-04-08 00:00:00,1.0373344796502406
2013-04-09 00:00:00,1.0373344796502406
2013-04-10 00:00:00,1.0373344796502406
2013-04-11 00:00:00,1.0373344796502406
2013-04-12 00:00:00,1.0373344796502406
2013-04-15 00:00:00,1.0373344796502406
2013-04-16 00:00:00,1.0373344796502406
2013-04-17 00:00:00,1.0373344796502406
2013-04-18 00:00:00,1.0373344796502406
2013-04-19 00:00:00,1.0373344796502406
2013-04-22 00:00:00,1.0373344796502406
2013-04-23 00:00:00,1.0373344796502406
2013-04-24 00:00:00,1.0373344796502406
2013-04-25 00:00:00,1.0373344796502406
2013-04-26 00:00:00,1.0373344796502406
2013-04-29 00:00:00,1.0373344796502406
2013-04-30 00:00:00,1.0373344796502406
2013-05-01 00:00:00,1.0373344796502406
2013-05-02 00:00:00,1.0373344796502406
2013-05-03 00:00:00,1.0373344796502406
2013-05-06 00:00:00,1.0373344796502406
2013-05-07 00:00:00,1.0373344796502406
2013-05-08 00:00:00,1.0373344796502406
2013-05-09 00:00:00,1.0373344796502406
2013-05-10 00:00:00,1.0373344796502406
2013-05-13 00:00:00,1.0373344796502406
2013-05-14 00:00:00,1.050039022992241
2013-05-15 00:00:00,1.0444862985246826
2013-05-16 00:00:00,1.0358106695484761
2013-05-17 00:00:00,1.0464402684439125
2013-05-20 00:00:00,1.0474172534035275
2013-05-21 00:00:00,1.0408708775013995
2013-05-22 00:00:00,1.0532748539585677
2013-05-23 00:00:00,1.0493545568478029
2013-05-24 00:00:00,1.0482022887333395
2013-05-28 00:00:00,1.0691942525892901
2013-05-29 00:00:00,1.060092772998268
2013-05-30 00:00:00,1.062063409392453
2013-05-31 00:00:00,1.0648147719138
2013-06-03 00:00:00,1.062455927057359
2013-06-04 00:00:00,1.0699626214441473
2013-06-05 00:00:00,1.0588028638815163
2013-06-06 00:00:00,1.0592830231238464
2013-06-07 00:00:00,1.0738872277575624
2013-06-10 00:00:00,1.0777032168159482
2013-06-11 00:00:00,1.0681758866101105
2013-06-12 00:00:00,1.0797281618376475
2013-06-13 00:00:00,1.0672198773281003
2013-06-14 00:00:00,1.069119538619816
2013-06-17 00:00:00,1.0733613782930176
2013-06-18 00:00:00,1.072918861203247
2013-06-19 00:00:00,1.0812062817171975
2013-06-20 00:00:00,1.0942490340965894
2013-06-21 00:00:00,1.107504711783389
2013-06-24 00:00:00,1.1042941656973169
2013-06-25 00:00:00,1.1111620841618817
2013-06-26 00:00:00,1.1061771605140776
2013-06-27 00:00:00,1.098282257665033
2013-06-28 00:00:00,1.0929424585048826
2013-07-01 00:00:00,1.0931387173373357
2013-07-02 00:00:00,1.0936188765796657
2013-07-03 00:00:00,1.0959443884861968
2013-07-05 00:00:00,1.1225433854372204
2013-07-08 00:00:00,1.1152162834079302
2013-07-09 00:00:00,1.1144188908058132
2013-07-10 00:00:00,1.1203641329382776
2013-07-11 00:00:00,1.1114755786546633
2013-07-12 00:00:00,1.112097688101932
2013-07-15 00:00:00,1.1080354407862285
2013-07-16 00:00:00,1.1053926955199105
2013-07-17 00:00:00,1.10395652699557
2013-07-18 00:00:00,1.1135924744564367
2013-07-19 00:00:00,1.101510040561705
2013-07-22 00:00:00,1.1003577724472418
2013-07-23 00:00:00,1.1036059606858735
2013-07-24 00:00:00,1.1133838583516789
2013-07-25 00:00:00,1.113651092286601
2013-07-26 00:00:00,1.108950069048674
2013-07-29 00:00:00,1.114540435668792
2013-07-30 00:00:00,1.1148076696037141
2013-07-31 00:00:00,1.1120229741324577
2013-08-01 00:00:00,1.1286144816353132
2013-08-02 00:00:00,1.1203647032739226
2013-08-05 00:00:00,1.1261679952014483
2013-08-06 00:00:00,1.1239511005499458
2013-08-07 00:00:00,1.1183274009799182
2013-08-08 00:00:00,1.1162524565333545
2013-08-09 00:00:00,1.115029213316422
2013-08-12 00:00:00,1.1201937293217241
2013-08-13 00:00:00,1.1311072286270378
2013-08-14 00:00:00,1.1299549605125745
2013-08-15 00:00:00,1.1400167585882568
2013-08-16 00:00:00,1.1425551958021958
2013-08-19 00:00:00,1.1489262885494758
2013-08-20 00:00:00,1.1433025889794481
2013-08-21 00:00:00,1.1513061090835215
2013-08-22 00:00:00,1.1439080319517618
2013-08-23 00:00:00,1.1359421540002483
2013-08-26 00:00:00,1.1322347821968912
2013-08-27 00:00:00,1.122849402195992
2013-08-28 00:00:00,1.128936594533395
2013-08-29 00:00:00,1.1229580194510207
2013-08-30 00:00:00,1.1237930542056973
2013-09-03 00:00:00,1.1363389808678042
2013-09-04 00:00:00,1.1379547417496427
2013-09-05 00:00:00,1.1482294651327327
2013-09-06 00:00:00,1.144593068431845
2013-09-09 00:00:00,1.1442215264445437
2013-09-10 00:00:00,1.1493150673473767
2013-09-11 00:00:00,1.1428396665477176
2013-09-12 00:00:00,1.1438166515073327
2013-09-13 00:00:00,1.140960980933607
2013-09-16 00:00:00,1.145841596529032
2013-09-17 00:00:00,1.1397920463441888
2013-09-18 00:00:00,1.1306905667531668
2013-09-19 00:00:00,1.135074356631307
2013-09-20 00:00:00,1.131154059520542
2013-09-23 00:00:00,1.125672310155453
2013-09-24 00:00:00,1.1175644819990007
2013-09-25 00:00:00,1.1192700973605654
2013-09-26 00:00:00,1.1192700973605654
2013-09-27 00:00:00,1.1192700973605654
2013-09-30 00:00:00,1.1192700973605654
2013-10-01 00:00:00,1.1192700973605654
2013-10-02 00:00:00,1.1192700973605654
2013-10-03 00:00:00,1.1192700973605654
2013-10-04 00:00:00,1.1192700973605654
2013-10-07 00:00:00,1.1192700973605654
2013-10-08 00:00:00,1.1192700973605654
2013-10-09 00:00:00,1.1192700973605654
2013-10-10 00:00:00,1.1192700973605654
2013-10-11 00:00:00,1.1192700973605654
2013-10-14 00:00:00,1.1192700973605654
2013-10-15 00:00:00,1.1192700973605654
2013-10-16 00:00:00,1.1192700973605654
2013-10-17 00:00:00,1.1192700973605654
2013-10-18 00:00:00,1.1192700973605654
2013-10-21 00:00:00,1.1192700973605654
2013-10-22 00:00:00,1.1192700973605654
2013-10-23 00:00:00,1.1192700973605654
2013-10-24 00:00:00,1.1192700973605654
2013-10-25 00:00:00,1.1192700973605654
2013-10-28 00:00:00,1.1192700973605654
2013-10-29 00:00:00,1.1192700973605654
2013-10-30 00:00:00,1.1192700973605654
2013-10-31 00:00:00,1.1192700973605654
2013-11-01 00:00:00,1.1192700973605654
2013-11-04 00:00:00,1.1192700973605654
2013-11-05 00:00:00,1.1192700973605654
2013-11-06 00:00:00,1.1192700973605654
2013-11-07 00:00:00,1.1192700973605654
2013-11-08 00:00:00,1.1192700973605654
2013-11-11 00:00:00,1.1192700973605654
2013-11-12 00:00:00,1.1192700973605654
2013-11-13 00:00:00,1.1192700973605654
2013-11-14 00:00:00,1.1192700973605654
2013-11-15 00:00:00,1.1192700973605654
2013-11-18 00:00:00,1.1192700973605654
2013-11-19 00:00:00,1.1192700973605654
2013-11-20 00:00:00,1.1192700973605654
2013-11-21 00:00:00,1.1192700973605654
2013-11-22 00:00:00,1.1192700973605654
2013-11-25 00:00:00,1.1192700973605654
2013-11-26 00:00:00,1.1192700973605654
2013-11-27 00:00:00,1.1192700973605654
2013-11-29 00:00:00,1.1192700973605654
2013-12-02 00:00:00,1.1192700973605654
2013-12-03 00:00:00,1.1192700973605654
2013-12-04 00:00:00,1.1192700973605654
2013-12-05 00:00:00,1.1192700973605654
2013-12-06 00:00:00,1.1192700973605654
2013-12-09 00:00:00,1.1192700973605654
2013-12-10 00:00:00,1.1192700973605654
2013-12-11 00:00:00,1.1192700973605654
2013-12-12 00:00:00,1.1192700973605654
2013-12-13 00:00:00,1.1192700973605654
2013-12-16 00:00:00,1.1192700973605654
2013-12-17 00:00:00,1.1192700973605654
2013-12-18 00:00:00,1.1192700973605654
2013-12-19 00:00:00,1.1192700973605654
2013-12-20 00:00:00,1.1192700973605654
2013-12-23 00:00:00,1.1192700973605654
2013-12-24 00:00:00,1.1192700973605654
2013-12-26 00:00:00,1.1192700973605654
2013-12-27 00:00:00,1.1192700973605654
2013-12-30 00:00:00,1.1192700973605654
2013-12-31 00:00:00,1.1192700973605654
2014-01-02 00:00:00,1.1192700973605654
2014-01-03 00:00:00,1.1192700973605654
2014-01-06 00:00:00,1.1192700973605654
2014-01-07 00:00:00,1.1192700973605654
2014-01-08 00:00:00,1.1192700973605654
2014-01-09 00:00:00,1.1192700973605654
2014-01-10 00:00:00,1.1192700973605654
2014-01-13 00:00:00,1.1192700973605654
2014-01-14 00:00:00,1.1192700973605654
2014-01-15 00:00:00,1.1192700973605654
2014-01-16 00:00:00,1.1192700973605654
2014-01-17 00:00:00,1.1192700973605654
2014-01-21 00:00:00,1.1192700973605654
2014-01-22 00:00:00,1.1192700973605654
2014-01-23 00:00:00,1.1192700973605654
2014-01-24 00:00:00,1.1192700973605654
2014-01-27 00:00:00,1.1192700973605654
2014-01-28 00:00:00,1.1192700973605654
2014-01-29 00:00:00,1.1192700973605654
2014-01-30 00:00:00,1.1192700973605654
2014-01-31 00:00:00,1.1192700973605654
2014-02-03 00:00:00,1.1192700973605654
2014-02-04 00:00:00,1.1192700973605654
2014-02-05 00:00:00,1.1192700973605654
2014-02-06 00:00:00,1.1192700973605654
2014-02-07 00:00:00,1.1192700973605654
2014-02-10 00:00:00,1.1192700973605654
2014-02-11 00:00:00,1.1192700973605654
2014-02-12 00:00:00,1.1192700973605654
2014-02-13 00:00:00,1.1192700973605654
2014-02-14 00:00:00,1.1192700973605654
2014-02-18 00:00:00,1.1192700973605654
2014-02-19 00:00:00,1.1192700973605654
2014-02-20 00:00:00,1.1192700973605654
2014-02-21 00:00:00,1.1192700973605654
2014-02-24 00:00:00,1.1192700973605654
2014-02-25 00:00:00,1.1192700973605654
2014-02-26 00:00:00,1.1192700973605654
2014-02-27 00:00:00,1.1192700973605654
2014-02-28 00:00:00,1.1192700973605654
2014-03-03 00:00:00,1.1192700973605654
2014-03-04 00:00:00,1.1192700973605654
2014-03-05 00:00:00,1.1192700973605654
2014-03-06 00:00:00,1.1192700973605654
2014-03-07 00:00:00,1.1192700973605654
2014-03-10 00:00:00,1.1192700973605654
2014-03-11 00:00:00,1.1192700973605654
2014-03-12 00:00:00,1.1192700973605654
2014-03-13 00:00:00,1.1192700973605654
2014-03-14 00:00:00,1.1192700973605654
2014-03-17 00:00:00,1.1192700973605654
2014-03-18 00:00:00,1.1192700973605654
2014-03-19 00:00:00,1.1192700973605654
2014-03-20 00:00:00,1.1192700973605654
2014-03-21 00:00:00,1.1192700973605654
2014-03-24 00:00:00,1.1192700973605654
2014-03-25 00:00:00,1.1192700973605654
2014-03-26 00:00:00,1.1192700973605654
2014-03-27 00:00:00,1.1192700973605654
2014-03-28 00:00:00,1.1192700973605654
2014-03-31 00:00:00,1.1192700973605654
2014-04-01 00:00:00,1.1192700973605654
2014-04-02 00:00:00,1.1192700973605654
2014-04-03 00:00:00,1.1192700973605654
2014-04-04 00:00:00,1.1192700973605654
2014-04-07 00:00:00,1.1192700973605654
2014-04-08 00:00:00,1.1192700973605654
2014-04-09 00:00:00,1.1192700973605654
2014-04-10 00:00:00,1.1192700973605654
2014-04-11 00:00:00,1.1192700973605654
2014-04-14 00:00:00,1.1192700973605654
2014-04-15 00:00:00,1.1192700973605654
2014-04-16 00:00:00,1.1192700973605654
2014-04-17 00:00:00,1.1192700973605654
2014-04-21 00:00:00,1.1192700973605654
2014-04-22 00:00:00,1.1192700973605654
2014-04-23 00:00:00,1.1192700973605654
2014-04-24 00:00:00,1.1192700973605654
2014-04-25 00:00:00,1.1192700973605654
2014-04-28 00:00:00,1.1192700973605654
2014-04-29 00:00:00,1.1192700973605654
2014-04-30 00:00:00,1.1192700973605654
2014-05-01 00:00:00,1.1192700973605654
2014-05-02 00:00:00,1.1192700973605654
2014-05-05 00:00:00,1.1192700973605654
2014-05-06 00:00:00,1.1192700973605654
2014-05-07 00:00:00,1.1192700973605654
2014-05-08 00:00:00,1.1192700973605654
2014-05-09 00:00:00,1.1192700973605654
2014-05-12 00:00:00,1.1192700973605654
2014-05-13 00:00:00,1.1192700973605654
2014-05-14 00:00:00,1.1192700973605654
2014-05-15 00:00:00,1.1192700973605654
2014-05-16 00:00:00,1.1192700973605654
2014-05-19 00:00:00,1.1192700973605654
2014-05-20 00:00:00,1.1192700973605654
2014-05-21 00:00:00,1.1192700973605654
2014-05-22 00:00:00,1.1192700973605654
2014-05-23 00:00:00,1.1192700973605654
2014-05-27 00:00:00,1.1192700973605654
2014-05-28 00:00:00,1.1192700973605654
2014-05-29 00:00:00,1.1192700973605654
2014-05-30 00:00:00,1.1192700973605654
2014-06-02 00:00:00,1.1192700973605654
2014-06-03 00:00:00,1.1192700973605654
2014-06-04 00:00:00,1.1192700973605654
2014-06-05 00:00:00,1.1192700973605654
2014-06-06 00:00:00,1.1192700973605654
2014-06-09 00:00:00,1.1192700973605654
2014-06-10 00:00:00,1.1192700973605654
2014-06-11 00:00:00,1.1192700973605654
2014-06-12 00:00:00,1.1192700973605654
2014-06-13 00:00:00,1.1192700973605654
2014-06-16 00:00:00,1.1192700973605654
2014-06-17 00:00:00,1.1192700973605654
2014-06-18 00:00:00,1.1192700973605654
2014-06-19 00:00:00,1.1192700973605654
2014-06-20 00:00:00,1.1192700973605654
2014-06-23 00:00:00,1.1192700973605654
2014-06-24 00:00:00,1.1192700973605654
2014-06-25 00:00:00,1.1192700973605654
2014-06-26 00:00:00,1.1192700973605654
2014-06-27 00:00:00,1.1192700973605654
2014-06-30 00:00:00,1.1192700973605654
2014-07-01 00:00:00,1.1192700973605654
2014-07-02 00:00:00,1.1192700973605654
2014-07-03 00:00:00,1.1192700973605654
2014-07-07 00:00:00,1.1192700973605654
2014-07-08 00:00:00,1.1192700973605654
2014-07-09 00:00:00,1.1192700973605654
2014-07-10 00:00:00,1.1192700973605654
2014-07-11 00:00:00,1.1192700973605654
2014-07-14 00:00:00,1.1192700973605654
2014-07-15 00:00:00,1.1192700973605654
2014-07-16 00:00:00,1.1192700973605654
2014-07-17 00:00:00,1.1192700973605654
2014-07-18 00:00:00,1.1192700973605654
2014-07-21 00:00:00,1.1192700973605654
2014-07-22 00:00:00,1.1192700973605654
2014-07-23 00:00:00,1.1192700973605654
2014-07-24 00:00:00,1.1192700973605654
2014-07-25 00:00:00,1.1192700973605654
2014-07-28 00:00:00,1.1192700973605654
2014-07-29 00:00:00,1.1192700973605654
2014-07-30 00:00:00,1.1192700973605654
2014-07-31 00:00:00,1.1192700973605654
2014-08-01 00:00:00,1.1192700973605654
2014-08-04 00:00:00,1.1192700973605654
2014-08-05 00:00:00,1.1192700973605654
2014-08-06 00:00:00,1.1192700973605654
2014-08-07 00:00:00,1.1192700973605654
2014-08-08 00:00:00,1.1192700973605654
2014-08-11 00:00:00,1.1192700973605654
2014-08-12 00:00:00,1.1192700973605654
2014-08-13 00:00:00,1.1192700973605654
2014-08-14 00:00:00,1.1192700973605654
2014-08-15 00:00:00,1.1192700973605654
2014-08-18 00:00:00,1.1192700973605654
2014-08-19 00:00:00,1.1192700973605654
2014-08-20 00:00:00,1.1192700973605654
2014-08-21 00:00:00,1.1192700973605654
2014-08-22 00:00:00,1.1192700973605654
2014-08-25 00:00:00,1.1192700973605654
2014-08-26 00:00:00,1.1192700973605654
2014-08-27 00:00:00,1.1192700973605654
2014-08-28 00:00:00,1.1192700973605654
2014-08-29 00:00:00,1.1192700973605654
2014-09-02 00:00:00,1.1192700973605654
2014-09-03 00:00:00,1.1192700973605654
2014-09-04 00:00:00,1.1192700973605654
2014-09-05 00:00:00,1.1192700973605654
2014-09-08 00:00:00,1.1192700973605654
2014-09-09 00:00:00,1.1192700973605654
2014-09-10 00:00:00,1.1192700973605654
2014-09-11 00:00:00,1.1192700973605654
2014-09-12 00:00:00,1.1192700973605654
2014-09-15 00:00:00,1.1192700973605654
2014-09-16 00:00:00,1.1192700973605654
2014-09-17 00:00:00,1.1192700973605654
2014-09-18 00:00:00,1.1192700973605654
2014-09-19 00:00:00,1.1192700973605654
2014-09-22 00:00:00,1.1192700973605654
2014-09-23 00:00:00,1.1192700973605654
2014-09-24 00:00:00,1.1192700973605654
2014-09-25 00:00:00,1.1192700973605654
2014-09-26 00:00:00,1.1192700973605654
2014-09-29 00:00:00,1.1192700973605654
2014-09-30 00:00:00,1.1192700973605654
2014-10-01 00:00:00,1.1192700973605654
2014-10-02 00:00:00,1.1192700973605654
2014-10-03 00:00:00,1.1192700973605654
2014-10-06 00:00:00,1.1192700973605654
2014-10-07 00:00:00,1.1192700973605654
2014-10-08 00:00:00,1.1192700973605654
2014-10-09 00:00:00,1.1192700973605654
2014-10-10 00:00:00,1.1192700973605654
2014-10-13 00:00:00,1.1192700973605654
2014-10-14 00:00:00,1.1192700973605654
2014-10-15 00:00:00,1.1192700973605654
2014-10-16 00:00:00,1.1192700973605654
2014-10-17 00:00:00,1.1192700973605654
2014-10-20 00:00:00,1.1192700973605654
2014-10-21 00:00:00,1.1192700973605654
2014-10-22 00:00:00,1.1192700973605654
2014-10-23 00:00:00,1.1192700973605654
2014-10-24 00:00:00,1.1192700973605654
2014-10-27 00:00:00,1.1192700973605654
2014-10-28 00:00:00,1.1192700973605654
2014-10-29 00:00:00,1.1192700973605654
2014-10-30 00:00:00,1.1192700973605654
2014-10-31 00:00:00,1.1192700973605654
2014-11-03 00:00:00,1.1192700973605654
2014-11-04 00:00:00,1.1192700973605654
2014-11-05 00:00:00,1.1192700973605654
2014-11-06 00:00:00,1.1192700973605654
2014-11-07 00:00:00,1.1192700973605654
2014-11-10 00:00:00,1.1192700973605654
2014-11-11 00:00:00,1.1192700973605654
2014-11-12 00:00:00,1.1192700973605654
2014-11-13 00:00:00,1.1192700973605654
2014-11-14 00:00:00,1.1192700973605654
2014-11-17 00:00:00,1.1192700973605654
2014-11-18 00:00:00,1.1192700973605654
2014-11-19 00:00:00,1.1192700973605654
2014-11-20 00:00:00,1.1192700973605654
2014-11-21 00:00:00,1.1192700973605654
2014-11-24 00:00:00,1.1192700973605654
2014-11-25 00:00:00,1.1192700973605654
2014-11-26 00:00:00,1.1192700973605654
2014-11-28 00:00:00,1.1192700973605654
2014-12-01 00:00:00,1.1192700973605654
2014-12-02 00:00:00,1.1192700973605654
2014-12-03 00:00:00,1.1192700973605654
2014-12-04 00:00:00,1.1192700973605654
2014-12-05 00:00:00,1.1192700973605654
2014-12-08 00:00:00,1.1192700973605654
2014-12-09 00:00:00,1.1192700973605654
2014-12-10 00:00:00,1.1192700973605654
2014-12-11 00:00:00,1.1192700973605654
2014-12-12 00:00:00,1.1192700973605654
2014-12-15 00:00:00,1.1192700973605654
2014-12-16 00:00:00,1.1192700973605654
2014-12-17 00:00:00,1.1192700973605654
2014-12-18 00:00:00,1.1192700973605654
2014-12-19 00:00:00,1.1192700973605654
2014-12-22 00:00:00,1.1192700973605654
2014-12-23 00:00:00,1.1192700973605654
2014-12-24 00:00:00,1.1192700973605654
2014-12-26 00:00:00,1.1192700973605654
2014-12-29 00:00:00,1.1192700973605654
2014-12-30 00:00:00,1.1192700973605654
2014-12-31 00:00:00,1.1192700973605654
2015-01-02 00:00:00,1.1192700973605654
2015-01-05 00:00:00,1.1192700973605654
2015-01-06 00:00:00,1.1192700973605654
2015-01-07 00:00:00,1.1192700973605654
2015-01-08 00:00:00,1.1192700973605654
2015-01-09 00:00:00,1.1192700973605654
2015-01-12 00:00:00,1.1192700973605654
2015-01-13 00:00:00,1.1192700973605654
2015-01-14 00:00:00,1.1192700973605654
2015-01-15 00:00:00,1.1192700973605654
2015-01-16 00:00:00,1.1192700973605654
2015-01-20 00:00:00,1.1192700973605654
2015-01-21 00:00:00,1.1192700973605654
2015-01-22 00:00:00,1.1192700973605654
2015-01-23 00:00:00,1.1192700973605654
2015-01-26 00:00:00,1.1192700973605654
2015-01-27 00:00:00,1.1192700973605654
2015-01-28 00:00:00,1.1192700973605654
2015-01-29 00:00:00,1.1192700973605654
2015-01-30 00:00:00,1.1192700973605654
2015-02-02 00:00:00,1.1192700973605654
2015-02-03 00:00:00,1.1192700973605654
2015-02-04 00:00:00,1.1192700973605654
2015-02-05 00:00:00,1.1192700973605654
2015-02-06 00:00:00,1.1192700973605654
2015-02-09 00:00:00,1.1192700973605654
2015-02-10 00:00:00,1.1192700973605654
2015-02-11 00:00:00,1.1192700973605654
2015-02-12 00:00:00,1.1192700973605654
2015-02-13 00:00:00,1.1192700973605654
2015-02-17 00:00:00,1.1192700973605654
2015-02-18 00:00:00,1.1192700973605654
2015-02-19 00:00:00,1.1192700973605654
2015-02-20 00:00:00,1.1192700973605654
2015-02-23 00:00:00,1.1192700973605654
2015-02-24 00:00:00,1.1192700973605654
2015-02-25 00:00:00,1.1192700973605654
2015-02-26 00:00:00,1.1192700973605654
2015-02-27 00:00:00,1.1192700973605654
2015-03-02 00:00:00,1.1192700973605654
2015-03-03 00:00:00,1.1192700973605654
2015-03-04 00:00:00,1.1192700973605654
2015-03-05 00:00:00,1.1192700973605654
2015-03-06 00:00:00,1.1192700973605654
2015-03-09 00:00:00,1.1192700973605654
2015-03-10 00:00:00,1.1192700973605654
2015-03-11 00:00:00,1.1192700973605654
2015-03-12 00:00:00,1.1192700973605654
2015-03-13 00:00:00,1.1192700973605654
2015-03-16 00:00:00,1.1192700973605654
2015-03-17 00:00:00,1.1192700973605654
2015-03-18 00:00:00,1.1192700973605654
2015-03-19 00:00:00,1.1192700973605654
2015-03-20 00:00:00,1.1192700973605654
2015-03-23 00:00:00,1.1192700973605654
2015-03-24 00:00:00,1.1192700973605654
2015-03-25 00:00:00,1.1192700973605654
2015-03-26 00:00:00,1.1192700973605654
2015-03-27 00:00:00,1.1192700973605654
2015-03-30 00:00:00,1.1192700973605654
2015-03-31 00:00:00,1.1192700973605654
2015-04-01 00:00:00,1.1192700973605654
2015-04-02 00:00:00,1.1192700973605654
2015-04-06 00:00:00,1.1192700973605654
2015-04-07 00:00:00,1.1192700973605654
2015-04-08 00:00:00,1.1192700973605654
2015-04-09 00:00:00,1.1192700973605654
2015-04-10 00:00:00,1.1192700973605654
2015-04-13 00:00:00,1.1192700973605654
2015-04-14 00:00:00,1.1192700973605654
2015-04-15 00:00:00,1.1192700973605654
2015-04-16 00:00:00,1.1192700973605654
2015-04-17 00:00:00,1.1192700973605654
2015-04-20 00:00:00,1.1192700973605654
2015-04-21 00:00:00,1.1192700973605654
2015-04-22 00:00:00,1.1192700973605654
2015-04-23 00:00:00,1.1192700973605654
2015-04-24 00:00:00,1.1192700973605654
2015-04-27 00:00:00,1.1192700973605654
2015-04-28 00:00:00,1.1192700973605654
2015-04-29 00:00:00,1.1192700973605654
2015-04-30 00:00:00,1.1192700973605654
2015-05-01 00:00:00,1.1192700973605654
2015-05-04 00:00:00,1.1192700973605654
2015-05-05 00:00:00,1.1204008113506838
2015-05-06 00:00:00,1.1322595265484332
2015-05-07 00:00:00,1.1230869615299788
2015-05-08 00:00:00,1.1212075017477887
2015-05-11 00:00:00,1.1380413585020595
2015-05-12 00:00:00,1.136274970118881
2015-05-13 00:00:00,1.141688615572955
2015-05-14 00:00:00,1.139865691490271
2015-05-15 00:00:00,1.1263398776098605
2015-05-18 00:00:00,1.1378593786105744
2015-05-19 00:00:00,1.1438383810597077
2015-05-20 00:00:00,1.1426938853710944
2015-05-21 00:00:00,1.1332951775546165
2015-05-22 00:00:00,1.1329987173585923
2015-05-26 00:00:00,1.1213385815618775
2015-05-27 00:00:00,1.1197418002772168
2015-05-28 00:00:00,1.1214240895639
2015-05-29 00:00:00,1.1198838439787455
2015-06-01 00:00:00,1.1288027028021868
2015-06-02 00:00:00,1.1383434543201931
2015-06-03 00:00:00,1.1491845269268357
2015-06-04 00:00:00,1.1405207832039348
2015-06-05 00:00:00,1.148704677933799
2015-06-08 00:00:00,1.1494258603288816
2015-06-09 00:00:00,1.1546698986844377
2015-06-10 00:00:00,1.1604227583355473
2015-06-11 00:00:00,1.1466708016571132
2015-06-12 00:00:00,1.1465439485596067
2015-06-15 00:00:00,1.1455690599695114
2015-06-16 00:00:00,1.1403539939164717
2015-06-17 00:00:00,1.1454849608730162
2015-06-18 00:00:00,1.1485806426473475
2015-06-19 00:00:00,1.140199577421976
2015-06-22 00:00:00,1.1539239707034208
2015-06-23 00:00:00,1.157867687970341
2015-06-24 00:00:00,1.1522003363212538
2015-06-25 00:00:00,1.154504518302502
2015-06-26 00:00:00,1.1618969132392833
2015-06-29 00:00:00,1.1450354930880235
2015-06-30 00:00:00,1.1488661389559318
2015-07-01 00:00:00,1.1596506758630685
2015-07-02 00:00:00,1.1570927876868073
2015-07-06 00:00:00,1.1453195804910805
2015-07-07 00:00:00,1.1390303361474283
2015-07-08 00:00:00,1.1344420022448316
2015-07-09 00:00:00,1.1344420022448316
2015-07-10 00:00:00,1.1344420022448316
2015-07-13 00:00:00,1.1344420022448316
2015-07-14 00:00:00,1.1344420022448316
2015-07-15 00:00:00,1.1344420022448316
2015-07-16 00:00:00,1.1344420022448316
2015-07-17 00:00:00,1.1344420022448316
2015-07-20 00:00:00,1.1344420022448316
2015-07-21 00:00:00,1.1344420022448316
2015-07-22 00:00:00,1.1344420022448316
2015-07-23 00:00:00,1.1344420022448316
2015-07-24 00:00:00,1.1344420022448316
2015-07-27 00:00:00,1.1344420022448316
2015-07-28 00:00:00,1.1344420022448316
2015-07-29 00:00:00,1.1344420022448316
2015-07-30 00:00:00,1.1344420022448316
2015-07-31 00:00:00,1.1344420022448316
2015-08-03 00:00:00,1.1344420022448316
2015-08-04 00:00:00,1.1344420022448316
2015-08-05 00:00:00,1.1344420022448316
2015-08-06 00:00:00,1.1344420022448316
2015-08-07 00:00:00,1.1344420022448316
2015-08-10 00:00:00,1.1344420022448316
2015-08-11 00:00:00,1.1344420022448316
2015-08-12 00:00:00,1.1344420022448316
2015-08-13 00:00:00,1.1344420022448316
2015-08-14 00:00:00,1.1344420022448316
2015-08-17 00:00:00,1.1344420022448316
2015-08-18 00:00:00,1.1344420022448316
2015-08-19 00:00:00,1.1344420022448316
2015-08-20 00:00:00,1.1344420022448316
2015-08-21 00:00:00,1.1344420022448316
2015-08-24 00:00:00,1.1344420022448316
2015-08-25 00:00:00,1.1344420022448316
2015-08-26 00:00:00,1.1344420022448316
2015-08-27 00:00:00,1.1344420022448316
2015-08-28 00:00:00,1.1344420022448316
2015-08-31 00:00:00,1.1344420022448316
2015-09-01 00:00:00,1.1344420022448316
2015-09-02 00:00:00,1.1344420022448316
2015-09-03 00:00:00,1.1337124434154913
2015-09-04 00:00:00,1.1271328984064488
2015-09-08 00:00:00,1.1372770865622848
2015-09-09 00:00:00,1.1340086162402485
2015-09-10 00:00:00,1.1385969333111081
2015-09-11 00:00:00,1.134318304609985
2015-09-14 00:00:00,1.1332385107759697
2015-09-15 00:00:00,1.1463009342491672
2015-09-16 00:00:00,1.1488128146519043
2015-09-17 00:00:00,1.1406619121642825
2015-09-18 00:00:00,1.1302662132786907
2015-09-21 00:00:00,1.1414205598136133
2015-09-22 00:00:00,1.1320350193071078
2015-09-23 00:00:00,1.1320776236720778
2015-09-24 00:00:00,1.12740615560131
2015-09-25 00:00:00,1.1333413505109518
2015-09-28 00:00:00,1.121654893696527
2015-09-29 00:00:00,1.1196771813033235
2015-09-30 00:00:00,1.1225339073287168
2015-10-01 00:00:00,1.1225339073287168
2015-10-02 00:00:00,1.1225339073287168
2015-10-05 00:00:00,1.1225339073287168
2015-10-06 00:00:00,1.1225339073287168
2015-10-07 00:00:00,1.1225339073287168
2015-10-08 00:00:00,1.1225339073287168
2015-10-09 00:00:00,1.1225339073287168
2015-10-12 00:00:00,1.1225339073287168
2015-10-13 00:00:00,1.1225339073287168
2015-10-14 00:00:00,1.1225339073287168
2015-10-15 00:00:00,1.1225339073287168
2015-10-16 00:00:00,1.1225339073287168
2015-10-19 00:00:00,1.1225339073287168
2015-10-20 00:00:00,1.1225339073287168
2015-10-21 00:00:00,1.1225339073287168
2015-10-22 00:00:00,1.1225339073287168
2015-10-23 00:00:00,1.1225339073287168
2015-10-26 00:00:00,1.1225339073287168
2015-10-27 00:00:00,1.1225339073287168
2015-10-28 00:00:00,1.1225339073287168
2015-10-29 00:00:00,1.1225339073287168
2015-10-30 00:00:00,1.1225339073287168
2015-11-02 00:00:00,1.1225339073287168
2015-11-03 00:00:00,1.1225339073287168
2015-11-04 00:00:00,1.1225339073287168
2015-11-05 00:00:00,1.1225339073287168
2015-11-06 00:00:00,1.1225339073287168
2015-11-09 00:00:00,1.1225339073287168
2015-11-10 00:00:00,1.1212165307055206
2015-11-11 00:00:00,1.1230290126634597
2015-11-12 00:00:00,1.1188401122268385
2015-11-13 00:00:00,1.113846148298264
2015-11-16 00:00:00,1.1146340039937173
2015-11-17 00:00:00,1.1131530443936657
2015-11-18 00:00:00,1.1113061468427265
2015-11-19 00:00:00,1.1054339318320214
2015-11-20 00:00:00,1.108124664872091
2015-11-23 00:00:00,1.105399516239021
2015-11-24 00:00:00,1.1054554960326985
2015-11-25 00:00:00,1.1033890357112266
2015-11-27 00:00:00,1.1042500789968572
2015-11-30 00:00:00,1.100719866871834
2015-12-01 00:00:00,1.0994954108536998
2015-12-02 00:00:00,1.0994954108536998
2015-12-03 00:00:00,1.0994954108536998
2015-12-04 00:00:00,1.0994954108536998
2015-12-07 00:00:00,1.0994954108536998
2015-12-08 00:00:00,1.0994954108536998
2015-12-09 00:00:00,1.0994954108536998
2015-12-10 00:00:00,1.0994954108536998
2015-12-11 00:00:00,1.0994954108536998
2015-12-14 00:00:00,1.0994954108536998
2015-12-15 00:00:00,1.0994954108536998
2015-12-16 00:00:00,1.0994954108536998
2015-12-17 00:00:00,1.0994954108536998
2015-12-18 00:00:00,1.0994954108536998
2015-12-21 00:00:00,1.0994954108536998
2015-12-22 00:00:00,1.0994954108536998
2015-12-23 00:00:00,1.0994954108536998
2015-12-24 00:00:00,1.0994954108536998
2015-12-28 00:00:00,1.0994954108536998
2015-12-29 00:00:00,1.0994954108536998
2015-12-30 00:00:00,1.0994954108536998
2015-12-31 00:00:00,1.0994954108536998
2016-01-04 00:00:00,1.1029285358158765
2016-01-05 00:00:00,1.106415880935721
2016-01-06 00:00:00,1.0947402574726186
2016-01-07 00:00:00,1.09314943858591
2016-01-08 00:00:00,1.0891983462877053
2016-01-11 00:00:00,1.0988367069647824
2016-01-12 00:00:00,1.0862312788244242
2016-01-13 00:00:00,1.0770355455777842
2016-01-14 00:00:00,1.0770355455777842
2016-01-15 00:00:00,1.0770355455777842
2016-01-19 00:00:00,1.0770355455777842
2016-01-20 00:00:00,1.0770355455777842
2016-01-21 00:00:00,1.0770355455777842
2016-01-22 00:00:00,1.0770355455777842
2016-01-25 00:00:00,1.0770355455777842
2016-01-26 00:00:00,1.0770355455777842
2016-01-27 00:00:00,1.0770355455777842
2016-01-28 00:00:00,1.0770355455777842
2016-01-29 00:00:00,1.0770355455777842
2016-02-01 00:00:00,1.0770355455777842
2016-02-02 00:00:00,1.0770355455777842
2016-02-03 00:00:00,1.0770355455777842
2016-02-04 00:00:00,1.0770355455777842
2016-02-05 00:00:00,1.0770355455777842
2016-02-08 00:00:00,1.0770355455777842
2016-02-09 00:00:00,1.0770355455777842
2016-02-10 00:00:00,1.0770355455777842
2016-02-11 00:00:00,1.0770355455777842
2016-02-12 00:00:00,1.0770355455777842
2016-02-16 00:00:00,1.0770355455777842
2016-02-17 00:00:00,1.0770355455777842
2016-02-18 00:00:00,1.0770355455777842
2016-02-19 00:00:00,1.0770355455777842
2016-02-22 00:00:00,1.0770355455777842
2016-02-23 00:00:00,1.0770355455777842
2016-02-24 00:00:00,1.0770355455777842
2016-02-25 00:00:00,1.0770355455777842
2016-02-26 00:00:00,1.0770355455777842
2016-02-29 00:00:00,1.0770355455777842
2016-03-01 00:00:00,1.0770355455777842
2016-03-02 00:00:00,1.0770355455777842
2016-03-03 00:00:00,1.0770355455777842
2016-03-04 00:00:00,1.0770355455777842
2016-03-07 00:00:00,1.0770355455777842
2016-03-08 00:00:00,1.0770355455777842
2016-03-09 00:00:00,1.0770355455777842
2016-03-10 00:00:00,1.0770355455777842
2016-03-11 00:00:00,1.0770355455777842
2016-03-14 00:00:00,1.0770355455777842
2016-03-15 00:00:00,1.0770355455777842
2016-03-16 00:00:00,1.0770355455777842
2016-03-17 00:00:00,1.0770355455777842
2016-03-18 00:00:00,1.0770355455777842
2016-03-21 00:00:00,1.0770355455777842
2016-03-22 00:00:00,1.0770355455777842
2016-03-23 00:00:00,1.0770355455777842
2016-03-24 00:00:00,1.0770355455777842
2016-03-28 00:00:00,1.0770355455777842
2016-03-29 00:00:00,1.0770355455777842
2016-03-30 00:00:00,1.0770355455777842
2016-03-31 00:00:00,1.0770355455777842
2016-04-01 00:00:00,1.0770355455777842
2016-04-04 00:00:00,1.0770355455777842
2016-04-05 00:00:00,1.0770355455777842
2016-04-06 00:00:00,1.0770355455777842
2016-04-07 00:00:00,1.0770355455777842
2016-04-08 00:00:00,1.0770355455777842
2016-04-11 00:00:00,1.0770355455777842
2016-04-12 00:00:00,1.0770355455777842
2016-04-13 00:00:00,1.0770355455777842
2016-04-14 00:00:00,1.0770355455777842
2016-04-15 00:00:00,1.0770355455777842
2016-04-18 00:00:00,1.0770355455777842
2016-04-19 00:00:00,1.0770355455777842
2016-04-20 00:00:00,1.0770355455777842
2016-04-21 00:00:00,1.0770355455777842
2016-04-22 00:00:00,1.0770355455777842
2016-04-25 00:00:00,1.0770355455777842
2016-04-26 00:00:00,1.0770355455777842
2016-04-27 00:00:00,1.0770355455777842
2016-04-28 00:00:00,1.0770355455777842
2016-04-29 00:00:00,1.0770355455777842
2016-05-02 00:00:00,1.0770355455777842
2016-05-03 00:00:00,1.0770355455777842
2016-05-04 00:00:00,1.0770355455777842
2016-05-05 00:00:00,1.0770355455777842
2016-05-06 00:00:00,1.0770355455777842
2016-05-09 00:00:00,1.0770355455777842
2016-05-10 00:00:00,1.0770355455777842
2016-05-11 00:00:00,1.0770355455777842
2016-05-12 00:00:00,1.0770355455777842
2016-05-13 00:00:00,1.0770355455777842
2016-05-16 00:00:00,1.0770355455777842
2016-05-17 00:00:00,1.0770355455777842
2016-05-18 00:00:00,1.0770355455777842
2016-05-19 00:00:00,1.0770355455777842
2016-05-20 00:00:00,1.0770355455777842
2016-05-23 00:00:00,1.0770355455777842
2016-05-24 00:00:00,1.0770355455777842
2016-05-25 00:00:00,1.0770355455777842
2016-05-26 00:00:00,1.0770355455777842
2016-05-27 00:00:00,1.0770355455777842
2016-05-31 00:00:00,1.0770355455777842
2016-06-01 00:00:00,1.0770355455777842
2016-06-02 00:00:00,1.0770355455777842
2016-06-03 00:00:00,1.0770355455777842
2016-06-06 00:00:00,1.0770355455777842
2016-06-07 00:00:00,1.0770355455777842
2016-06-08 00:00:00,1.0770355455777842
2016-06-09 00:00:00,1.0770355455777842
2016-06-10 00:00:00,1.0770355455777842
2016-06-13 00:00:00,1.0770355455777842
2016-06-14 00:00:00,1.0770355455777842
2016-06-15 00:00:00,1.0770355455777842
2016-06-16 00:00:00,1.0770355455777842
2016-06-17 00:00:00,1.0770355455777842
2016-06-20 00:00:00,1.0770355455777842
2016-06-21 00:00:00,1.0770355455777842
2016-06-22 00:00:00,1.0770355455777842
2016-06-23 00:00:00,1.0770355455777842
2016-06-24 00:00:00,1.0770355455777842
2016-06-27 00:00:00,1.0770355455777842
2016-06-28 00:00:00,1.0770355455777842
2016-06-29 00:00:00,1.0770355455777842
2016-06-30 00:00:00,1.0770355455777842
2016-07-01 00:00:00,1.0770355455777842
2016-07-05 00:00:00,1.0770355455777842
2016-07-06 00:00:00,1.0770355455777842
2016-07-07 00:00:00,1.0770355455777842
2016-07-08 00:00:00,1.0770355455777842
2016-07-11 00:00:00,1.0770355455777842
2016-07-12 00:00:00,1.0770355455777842
2016-07-13 00:00:00,1.0770355455777842
2016-07-14 00:00:00,1.0770355455777842
2016-07-15 00:00:00,1.0770355455777842
2016-07-18 00:00:00,1.0770355455777842
2016-07-19 00:00:00,1.0770355455777842
2016-07-20 00:00:00,1.0770355455777842
2016-07-21 00:00:00,1.0770355455777842
2016-07-22 00:00:00,1.0770355455777842
2016-07-25 00:00:00,1.0770355455777842
2016-07-26 00:00:00,1.0770355455777842
2016-07-27 00:00:00,1.0770355455777842
2016-07-28 00:00:00,1.0770355455777842
2016-07-29 00:00:00,1.0770355455777842
2016-08-01 00:00:00,1.0770355455777842
2016-08-02 00:00:00,1.0770355455777842
2016-08-03 00:00:00,1.0770355455777842
2016-08-04 00:00:00,1.0770355455777842
2016-08-05 00:00:00,1.0770355455777842
2016-08-08 00:00:00,1.0770355455777842
2016-08-09 00:00:00,1.0770355455777842
2016-08-10 00:00:00,1.0770355455777842
2016-08-11 00:00:00,1.0770355455777842
2016-08-12 00:00:00,1.0770355455777842
2016-08-15 00:00:00,1.0770355455777842
2016-08-16 00:00:00,1.0770355455777842
2016-08-17 00:00:00,1.0770355455777842
2016-08-18 00:00:00,1.0770355455777842
2016-08-19 00:00:00,1.0770355455777842
2016-08-22 00:00:00,1.0770355455777842
2016-08-23 00:00:00,1.0770355455777842
2016-08-24 00:00:00,1.0770355455777842
2016-08-25 00:00:00,1.0770355455777842
2016-08-26 00:00:00,1.0770355455777842
2016-08-29 00:00:00,1.0770355455777842
2016-08-30 00:00:00,1.0770355455777842
2016-08-31 00:00:00,1.0770355455777842
2016-09-01 00:00:00,1.0770355455777842
2016-09-02 00:00:00,1.0770355455777842
2016-09-06 00:00:00,1.0770355455777842
2016-09-07 00:00:00,1.0770355455777842
2016-09-08 00:00:00,1.0770355455777842
2016-09-09 00:00:00,1.0770355455777842
2016-09-12 00:00:00,1.0770355455777842
2016-09-13 00:00:00,1.0770355455777842
2016-09-14 00:00:00,1.0770355455777842
2016-09-15 00:00:00,1.0770355455777842
2016-09-16 00:00:00,1.0770355455777842
2016-09-19 00:00:00,1.0770355455777842
2016-09-20 00:00:00,1.0770355455777842
2016-09-21 00:00:00,1.0770355455777842
2016-09-22 00:00:00,1.0770355455777842
2016-09-23 00:00:00,1.0770355455777842
2016-09-26 00:00:00,1.0770355455777842
2016-09-27 00:00:00,1.0770355455777842
2016-09-28 00:00:00,1.0770355455777842
2016-09-29 00:00:00,1.0770355455777842
2016-09-30 00:00:00,1.0770355455777842
2016-10-03 00:00:00,1.0770355455777842
2016-10-04 00:00:00,1.0770355455777842
2016-10-05 00:00:00,1.0770355455777842
2016-10-06 00:00:00,1.0770355455777842
2016-10-07 00:00:00,1.0770355455777842
2016-10-10 00:00:00,1.0770355455777842
2016-10-11 00:00:00,1.0770355455777842
2016-10-12 00:00:00,1.0770355455777842
2016-10-13 00:00:00,1.0770355455777842
2016-10-14 00:00:00,1.0770355455777842
2016-10-17 00:00:00,1.0770355455777842
2016-10-18 00:00:00,1.0770355455777842
2016-10-19 00:00:00,1.0770355455777842
2016-10-20 00:00:00,1.0770355455777842
2016-10-21 00:00:00,1.0770355455777842
2016-10-24 00:00:00,1.0770355455777842
2016-10-25 00:00:00,1.0770355455777842
2016-10-26 00:00:00,1.0770355455777842
2016-10-27 00:00:00,1.0770355455777842
2016-10-28 00:00:00,1.0770355455777842
2016-10-31 00:00:00,1.0770355455777842
2016-11-01 00:00:00,1.0770355455777842
2016-11-02 00:00:00,1.0770355455777842
2016-11-03 00:00:00,1.0770355455777842
2016-11-04 00:00:00,1.0770355455777842
2016-11-07 00:00:00,1.0770355455777842
2016-11-08 00:00:00,1.0770355455777842
2016-11-09 00:00:00,1.0770355455777842
2016-11-10 00:00:00,1.0770355455777842
2016-11-11 00:00:00,1.0770355455777842
2016-11-14 00:00:00,1.0770355455777842
2016-11-15 00:00:00,1.0770355455777842
2016-11-16 00:00:00,1.0770355455777842
2016-11-17 00:00:00,1.0770355455777842
2016-11-18 00:00:00,1.0770355455777842
2016-11-21 00:00:00,1.0770355455777842
2016-11-22 00:00:00,1.0770355455777842
2016-11-23 00:00:00,1.0770355455777842
2016-11-25 00:00:00,1.0770355455777842
2016-11-28 00:00:00,1.0770355455777842
2016-11-29 00:00:00,1.0770355455777842
2016-11-30 00:00:00,1.0770355455777842
2016-12-01 00:00:00,1.0770355455777842
2016-12-02 00:00:00,1.0770355455777842
2016-12-05 00:00:00,1.0770355455777842
2016-12-06 00:00:00,1.0770355455777842
2016-12-07 00:00:00,1.0770355455777842
2016-12-08 00:00:00,1.0770355455777842
2016-12-09 00:00:00,1.0770355455777842
2016-12-12 00:00:00,1.0770355455777842
2016-12-13 00:00:00,1.0770355455777842
2016-12-14 00:00:00,1.0770355455777842
2016-12-15 00:00:00,1.0770355455777842
2016-12-16 00:00:00,1.0770355455777842
2016-12-19 00:00:00,1.0770355455777842
2016-12-20 00:00:00,1.0770355455777842
2016-12-21 00:00:00,1.0770355455777842
2016-12-22 00:00:00,1.0770355455777842
2016-12-23 00:00:00,1.0770355455777842
2016-12-27 00:00:00,1.0770355455777842
2016-12-28 00:00:00,1.0770355455777842
2016-12-29 00:00:00,1.0770355455777842
2016-12-30 00:00:00,1.0770355455777842
2017-01-03 00:00:00,1.0770355455777842
2017-01-04 00:00:00,1.0770355455777842
2017-01-05 00:00:00,1.0770355455777842
2017-01-06 00:00:00,1.0770355455777842
2017-01-09 00:00:00,1.0770355455777842
2017-01-10 00:00:00,1.0770355455777842
2017-01-11 00:00:00,1.0770355455777842
2017-01-12 00:00:00,1.0770355455777842
2017-01-13 00:00:00,1.0770355455777842
2017-01-17 00:00:00,1.0770355455777842
2017-01-18 00:00:00,1.0770355455777842
2017-01-19 00:00:00,1.0770355455777842
2017-01-20 00:00:00,1.0770355455777842
2017-01-23 00:00:00,1.0770355455777842
2017-01-24 00:00:00,1.0770355455777842
2017-01-25 00:00:00,1.0770355455777842
2017-01-26 00:00:00,1.0770355455777842
2017-01-27 00:00:00,1.0770355455777842
2017-01-30 00:00:00,1.0770355455777842
2017-01-31 00:00:00,1.0770355455777842
2017-02-01 00:00:00,1.0770355455777842
2017-02-02 00:00:00,1.0770355455777842
2017-02-03 00:00:00,1.0770355455777842
2017-02-06 00:00:00,1.0770355455777842
2017-02-07 00:00:00,1.0770355455777842
2017-02-08 00:00:00,1.0770355455777842
2017-02-09 00:00:00,1.0770355455777842
2017-02-10 00:00:00,1.0770355455777842
2017-02-13 00:00:00,1.0770355455777842
2017-02-14 00:00:00,1.0770355455777842
2017-02-15 00:00:00,1.0770355455777842
2017-02-16 00:00:00,1.0770355455777842
2017-02-17 00:00:00,1.0770355455777842
2017-02-21 00:00:00,1.0770355455777842
2017-02-22 00:00:00,1.0770355455777842
2017-02-23 00:00:00,1.0770355455777842
2017-02-24 00:00:00,1.0770355455777842
2017-02-27 00:00:00,1.0770355455777842
2017-02-28 00:00:00,1.0770355455777842
2017-03-01 00:00:00,1.0770355455777842
2017-03-02 00:00:00,1.0770355455777842
2017-03-03 00:00:00,1.0770355455777842
2017-03-06 00:00:00,1.0770355455777842
2017-03-07 00:00:00,1.0770355455777842
2017-03-08 00:00:00,1.0770355455777842
2017-03-09 00:00:00,1.0770355455777842
2017-03-10 00:00:00,1.0770355455777842
2017-03-13 00:00:00,1.0770355455777842
2017-03-14 00:00:00,1.0770355455777842
2017-03-15 00:00:00,1.0770355455777842
2017-03-16 00:00:00,1.0770355455777842
2017-03-17 00:00:00,1.0770355455777842
2017-03-20 00:00:00,1.0770355455777842
2017-03-21 00:00:00,1.0770355455777842
2017-03-22 00:00:00,1.0770355455777842
2017-03-23 00:00:00,1.0770355455777842
2017-03-24 00:00:00,1.0770355455777842
2017-03-27 00:00:00,1.0770355455777842
2017-03-28 00:00:00,1.0770355455777842
2017-03-29 00:00:00,1.0770355455777842
2017-03-30 00:00:00,1.0770355455777842
2017-03-31 00:00:00,1.0770355455777842
2017-04-03 00:00:00,1.0770355455777842
2017-04-04 00:00:00,1.0770355455777842
2017-04-05 00:00:00,1.0770355455777842
2017-04-06 00:00:00,1.0770355455777842
2017-04-07 00:00:00,1.0770355455777842
2017-04-10 00:00:00,1.0770355455777842
2017-04-11 00:00:00,1.0770355455777842
2017-04-12 00:00:00,1.0770355455777842
2017-04-13 00:00:00,1.0770355455777842
2017-04-17 00:00:00,1.0770355455777842
2017-04-18 00:00:00,1.0770355455777842
2017-04-19 00:00:00,1.0770355455777842
2017-04-20 00:00:00,1.0770355455777842
2017-04-21 00:00:00,1.0770355455777842
2017-04-24 00:00:00,1.0770355455777842
2017-04-25 00:00:00,1.0770355455777842
2017-04-26 00:00:00,1.0770355455777842
2017-04-27 00:00:00,1.0770355455777842
2017-04-28 00:00:00,1.0770355455777842
2017-05-01 00:00:00,1.0770355455777842
2017-05-02 00:00:00,1.0770355455777842
2017-05-03 00:00:00,1.0770355455777842
2017-05-04 00:00:00,1.0770355455777842
2017-05-05 00:00:00,1.0770355455777842
2017-05-08 00:00:00,1.0770355455777842
2017-05-09 00:00:00,1.0770355455777842
2017-05-10 00:00:00,1.0770355455777842
2017-05-11 00:00:00,1.0770355455777842
2017-05-12 00:00:00,1.0770355455777842
2017-05-15 00:00:00,1.0770355455777842
2017-05-16 00:00:00,1.0770355455777842
2017-05-17 00:00:00,1.0770355455777842
2017-05-18 00:00:00,1.0770355455777842
2017-05-19 00:00:00,1.0770355455777842
2017-05-22 00:00:00,1.0770355455777842
2017-05-23 00:00:00,1.0770355455777842
2017-05-24 00:00:00,1.0770355455777842
2017-05-25 00:00:00,1.0770355455777842
2017-05-26 00:00:00,1.0770355455777842
2017-05-30 00:00:00,1.0770355455777842
2017-05-31 00:00:00,1.0770355455777842
2017-06-01 00:00:00,1.0770355455777842
2017-06-02 00:00:00,1.0770355455777842
2017-06-05 00:00:00,1.0770355455777842
2017-06-06 00:00:00,1.0770355455777842
2017-06-07 00:00:00,1.0770355455777842
2017-06-08 00:00:00,1.0770355455777842
2017-06-09 00:00:00,1.0770355455777842
2017-06-12 00:00:00,1.0770355455777842
2017-06-13 00:00:00,1.0770355455777842
2017-06-14 00:00:00,1.0770355455777842
2017-06-15 00:00:00,1.0770355455777842
2017-06-16 00:00:00,1.0770355455777842
2017-06-19 00:00:00,1.0770355455777842
2017-06-20 00:00:00,1.0770355455777842
2017-06-21 00:00:00,1.0770355455777842
2017-06-22 00:00:00,1.0770355455777842
2017-06-23 00:00:00,1.0770355455777842
2017-06-26 00:00:00,1.0770355455777842
2017-06-27 00:00:00,1.0770355455777842
2017-06-28 00:00:00,1.0770355455777842
2017-06-29 00:00:00,1.0770355455777842
2017-06-30 00:00:00,1.0770355455777842
2017-07-03 00:00:00,1.0770355455777842
2017-07-05 00:00:00,1.0770355455777842
2017-07-06 00:00:00,1.0770355455777842
2017-07-07 00:00:00,1.0770355455777842
2017-07-10 00:00:00,1.0770355455777842
2017-07-11 00:00:00,1.0770355455777842
2017-07-12 00:00:00,1.0770355455777842
2017-07-13 00:00:00,1.0770355455777842
2017-07-14 00:00:00,1.0770355455777842
2017-07-17 00:00:00,1.0770355455777842
2017-07-18 00:00:00,1.0770355455777842
2017-07-19 00:00:00,1.0770355455777842
2017-07-20 00:00:00,1.0770355455777842
2017-07-21 00:00:00,1.0770355455777842
2017-07-24 00:00:00,1.0770355455777842
2017-07-25 00:00:00,1.0770355455777842
2017-07-26 00:00:00,1.0770355455777842
2017-07-27 00:00:00,1.0770355455777842
2017-07-28 00:00:00,1.0770355455777842
2017-07-31 00:00:00,1.0770355455777842
2017-08-01 00:00:00,1.0770355455777842
2017-08-02 00:00:00,1.0770355455777842
2017-08-03 00:00:00,1.0770355455777842
2017-08-04 00:00:00,1.0770355455777842
2017-08-07 00:00:00,1.0770355455777842
2017-08-08 00:00:00,1.0770355455777842
2017-08-09 00:00:00,1.0770355455777842
2017-08-10 00:00:00,1.0770355455777842
2017-08-11 00:00:00,1.0770355455777842
2017-08-14 00:00:00,1.0770355455777842
2017-08-15 00:00:00,1.0770355455777842
2017-08-16 00:00:00,1.0770355455777842
2017-08-17 00:00:00,1.0770355455777842
2017-08-18 00:00:00,1.0770355455777842
2017-08-21 00:00:00,1.0770355455777842
2017-08-22 00:00:00,1.0770355455777842
2017-08-23 00:00:00,1.0770355455777842
2017-08-24 00:00:00,1.0770355455777842
2017-08-25 00:00:00,1.0770355455777842
2017-08-28 00:00:00,1.0770355455777842
2017-08-29 00:00:00,1.0770355455777842
2017-08-30 00:00:00,1.0770355455777842
2017-08-31 00:00:00,1.0770355455777842
2017-09-01 00:00:00,1.0770355455777842
2017-09-05 00:00:00,1.0770355455777842
2017-09-06 00:00:00,1.0770355455777842
2017-09-07 00:00:00,1.0770355455777842
2017-09-08 00:00:00,1.0770355455777842
2017-09-11 00:00:00,1.0770355455777842
2017-09-12 00:00:00,1.0770355455777842
2017-09-13 00:00:00,1.0770355455777842
2017-09-14 00:00:00,1.0770355455777842
2017-09-15 00:00:00,1.0770355455777842
2017-09-18 00:00:00,1.0770355455777842
2017-09-19 00:00:00,1.0770355455777842
2017-09-20 00:00:00,1.0770355455777842
2017-09-21 00:00:00,1.0770355455777842
2017-09-22 00:00:00,1.0770355455777842
2017-09-25 00:00:00,1.0770355455777842
2017-09-26 00:00:00,1.0770355455777842
2017-09-27 00:00:00,1.0770355455777842
2017-09-28 00:00:00,1.0770355455777842
2017-09-29 00:00:00,1.0770355455777842
2017-10-02 00:00:00,1.0770355455777842
2017-10-03 00:00:00,1.0770355455777842
2017-10-04 00:00:00,1.0770355455777842
2017-10-05 00:00:00,1.0770355455777842
2017-10-06 00:00:00,1.0770355455777842
2017-10-09 00:00:00,1.0770355455777842
2017-10-10 00:00:00,1.0770355455777842
2017-10-11 00:00:00,1.0770355455777842
2017-10-12 00:00:00,1.0770355455777842
2017-10-13 00:00:00,1.0770355455777842
2017-10-16 00:00:00,1.0770355455777842
2017-10-17 00:00:00,1.0770355455777842
2017-10-18 00:00:00,1.0770355455777842
2017-10-19 00:00:00,1.0770355455777842
2017-10-20 00:00:00,1.0770355455777842
2017-10-23 00:00:00,1.0770355455777842
2017-10-24 00:00:00,1.0770355455777842
2017-10-25 00:00:00,1.0770355455777842
2017-10-26 00:00:00,1.082549379428865
2017-10-27 00:00:00,1.0754387947245871
2017-10-30 00:00:00,1.065089926647452
2017-10-31 00:00:00,1.0647184722056062
2017-11-01 00:00:00,1.0621589884577756
2017-11-02 00:00:00,1.0567680631311163
2017-11-03 00:00:00,1.0567680631311163
2017-11-06 00:00:00,1.0567680631311163
2017-11-07 00:00:00,1.0567680631311163
2017-11-08 00:00:00,1.0567680631311163
2017-11-09 00:00:00,1.0567680631311163
2017-11-10 00:00:00,1.0567680631311163
2017-11-13 00:00:00,1.0567680631311163
2017-11-14 00:00:00,1.0567680631311163
2017-11-15 00:00:00,1.0567680631311163
2017-11-16 00:00:00,1.0567680631311163
2017-11-17 00:00:00,1.0567680631311163
2017-11-20 00:00:00,1.0567680631311163
2017-11-21 00:00:00,1.0567680631311163
2017-11-22 00:00:00,1.0567680631311163
2017-11-24 00:00:00,1.0567680631311163
2017-11-27 00:00:00,1.0567680631311163
2017-11-28 00:00:00,1.0567680631311163
2017-11-29 00:00:00,1.0567680631311163
2017-11-30 00:00:00,1.0567680631311163
2017-12-01 00:00:00,1.0567680631311163
2017-12-04 00:00:00,1.0567680631311163
2017-12-05 00:00:00,1.0567680631311163
2017-12-06 00:00:00,1.0567680631311163
2017-12-07 00:00:00,1.0567680631311163
2017-12-08 00:00:00,1.0567680631311163
2017-12-11 00:00:00,1.0567680631311163
2017-12-12 00:00:00,1.0567680631311163
2017-12-13 00:00:00,1.0567680631311163
2017-12-14 00:00:00,1.0567680631311163
2017-12-15 00:00:00,1.0567680631311163
2017-12-18 00:00:00,1.0567680631311163
2017-12-19 00:00:00,1.0567680631311163
2017-12-20 00:00:00,1.0567680631311163
2017-12-21 00:00:00,1.0567680631311163
2017-12-22 00:00:00,1.0567680631311163
2017-12-26 00:00:00,1.0567680631311163
2017-12-27 00:00:00,1.0567680631311163
2017-12-28 00:00:00,1.0567680631311163
2017-12-29 00:00:00,1.0567680631311163
2018-01-02 00:00:00,1.0567680631311163
2018-01-03 00:00:00,1.0567680631311163
2018-01-04 00:00:00,1.0567680631311163
2018-01-05 00:00:00,1.0567680631311163
2018-01-08 00:00:00,1.0567680631311163
2018-01-09 00:00:00,1.0567680631311163
2018-01-10 00:00:00,1.0567680631311163
2018-01-11 00:00:00,1.0505241280989772
2018-01-12 00:00:00,1.0488659684562198
2018-01-16 00:00:00,1.0447882839885083
2018-01-17 00:00:00,1.046095993486017
2018-01-18 00:00:00,1.055130572585798
2018-01-19 00:00:00,1.0601846431025899
2018-01-22 00:00:00,1.0592289261509482
2018-01-23 00:00:00,1.0550731924953352
2018-01-24 00:00:00,1.0602833613879306
2018-01-25 00:00:00,1.0523812667130343
2018-01-26 00:00:00,1.0559524026596931
2018-01-29 00:00:00,1.0626455061224218
2018-01-30 00:00:00,1.068245920954526
2018-01-31 00:00:00,1.06260725272878
2018-02-01 00:00:00,1.0784321111760118
2018-02-02 00:00:00,1.0871544935241857
2018-02-05 00:00:00,1.0783158085944684
2018-02-06 00:00:00,1.0841503709902778
2018-02-07 00:00:00,1.093028851714255
2018-02-08 00:00:00,1.0940243644601568
2018-02-09 00:00:00,1.0998589268559662
2018-02-12 00:00:00,1.095781242388255
2018-02-13 00:00:00,1.0916255087326419
2018-02-14 00:00:00,1.1019088748388504
2018-02-15 00:00:00,1.09876778062596
2018-02-16 00:00:00,1.0937535059034278
2018-02-20 00:00:00,1.0977929369774972
2018-02-21 00:00:00,1.1090909425264284
2018-02-22 00:00:00,1.1063400942530466
2018-02-23 00:00:00,1.0982038520144448
2018-02-26 00:00:00,1.097872528566017
2018-02-27 00:00:00,1.0991802380635256
2018-02-28 00:00:00,1.0933074222740744
2018-03-01 00:00:00,1.0888394918668545
2018-03-02 00:00:00,1.0963911363965022
2018-03-05 00:00:00,1.0988695837125368
2018-03-06 00:00:00,1.0979919159487967
2018-03-07 00:00:00,1.0989874286946983
2018-03-08 00:00:00,1.0936609572205593
2018-03-09 00:00:00,1.099729667180074
2018-03-12 00:00:00,1.0944031957059348
2018-03-13 00:00:00,1.0897011177350096
2018-03-14 00:00:00,1.0814868263085062
2018-03-15 00:00:00,1.0816284497190876
2018-03-16 00:00:00,1.0816284497190876
2018-03-19 00:00:00,1.0816284497190876
2018-03-20 00:00:00,1.0816284497190876
2018-03-21 00:00:00,1.0816284497190876
2018-03-22 00:00:00,1.0816284497190876
2018-03-23 00:00:00,1.0816284497190876
2018-03-26 00:00:00,1.0816284497190876
2018-03-27 00:00:00,1.0816284497190876
2018-03-28 00:00:00,1.0816284497190876
2018-03-29 00:00:00,1.0816284497190876
2018-04-02 00:00:00,1.0816284497190876
2018-04-03 00:00:00,1.0816284497190876
2018-04-04 00:00:00,1.0816284497190876
2018-04-05 00:00:00,1.0816284497190876
2018-04-06 00:00:00,1.0816284497190876
2018-04-09 00:00:00,1.0816284497190876
2018-04-10 00:00:00,1.0816284497190876
2018-04-11 00:00:00,1.0816284497190876
2018-04-12 00:00:00,1.0816284497190876
2018-04-13 00:00:00,1.0816284497190876
2018-04-16 00:00:00,1.0816284497190876
2018-04-17 00:00:00,1.0816284497190876
2018-04-18 00:00:00,1.0816284497190876
2018-04-19 00:00:00,1.0816284497190876
2018-04-20 00:00:00,1.0816284497190876
2018-04-23 00:00:00,1.0816284497190876
2018-04-24 00:00:00,1.0816284497190876
2018-04-25 00:00:00,1.0816284497190876
2018-04-26 00:00:00,1.0816284497190876
2018-04-27 00:00:00,1.0816284497190876
2018-04-30 00:00:00,1.0816284497190876
2018-05-01 00:00:00,1.0816284497190876
2018-05-02 00:00:00,1.0816284497190876
2018-05-03 00:00:00,1.0816284497190876
2018-05-04 00:00:00,1.0816284497190876
2018-05-07 00:00:00,1.0816284497190876
2018-05-08 00:00:00,1.0816284497190876
2018-05-09 00:00:00,1.0816284497190876
2018-05-10 00:00:00,1.0816284497190876
2018-05-11 00:00:00,1.0816284497190876
2018-05-14 00:00:00,1.0816284497190876
2018-05-15 00:00:00,1.0816284497190876
2018-05-16 00:00:00,1.0816284497190876
2018-05-17 00:00:00,1.0816284497190876
2018-05-18 00:00:00,1.0816284497190876
2018-05-21 00:00:00,1.0816284497190876
2018-05-22 00:00:00,1.0816284497190876
2018-05-23 00:00:00,1.0816284497190876
2018-05-24 00:00:00,1.0816284497190876
2018-05-25 00:00:00,1.0816284497190876
2018-05-29 00:00:00,1.0816284497190876
2018-05-30 00:00:00,1.0816284497190876
2018-05-31 00:00:00,1.0816284497190876
2018-06-01 00:00:00,1.0816284497190876
2018-06-04 00:00:00,1.0816284497190876
2018-06-05 00:00:00,1.0816284497190876
2018-06-06 00:00:00,1.0816284497190876
2018-06-07 00:00:00,1.0816284497190876
2018-06-08 00:00:00,1.0816284497190876
2018-06-11 00:00:00,1.0816284497190876
2018-06-12 00:00:00,1.0816284497190876
2018-06-13 00:00:00,1.0816284497190876
2018-06-14 00:00:00,1.0816284497190876
2018-06-15 00:00:00,1.0816284497190876
2018-06-18 00:00:00,1.0816284497190876
2018-06-19 00:00:00,1.0816284497190876
2018-06-20 00:00:00,1.0816284497190876
2018-06-21 00:00:00,1.0816284497190876
2018-06-22 00:00:00,1.0816284497190876
2018-06-25 00:00:00,1.0816284497190876
2018-06-26 00:00:00,1.0816284497190876
2018-06-27 00:00:00,1.0816284497190876
2018-06-28 00:00:00,1.0816284497190876
2018-06-29 00:00:00,1.0816284497190876
2018-07-02 00:00:00,1.0816284497190876
2018-07-03 00:00:00,1.0816284497190876
2018-07-05 00:00:00,1.0816284497190876
2018-07-06 00:00:00,1.0816284497190876
2018-07-09 00:00:00,1.0816284497190876
2018-07-10 00:00:00,1.0816284497190876
2018-07-11 00:00:00,1.0816284497190876
2018-07-12 00:00:00,1.0816284497190876
2018-07-13 00:00:00,1.0816284497190876
2018-07-16 00:00:00,1.0816284497190876
2018-07-17 00:00:00,1.0816284497190876
2018-07-18 00:00:00,1.0816284497190876
2018-07-19 00:00:00,1.0816284497190876
2018-07-20 00:00:00,1.0816284497190876
2018-07-23 00:00:00,1.0816284497190876
2018-07-24 00:00:00,1.0816284497190876
2018-07-25 00:00:00,1.0816284497190876
2018-07-26 00:00:00,1.0816284497190876
2018-07-27 00:00:00,1.0816284497190876
2018-07-30 00:00:00,1.0816284497190876
2018-07-31 00:00:00,1.0816284497190876
2018-08-01 00:00:00,1.0800739917221966
2018-08-02 00:00:00,1.0784980728433666
2018-08-03 00:00:00,1.0730817283251588
2018-08-06 00:00:00,1.0724201965033233
2018-08-07 00:00:00,1.0780679353747522
2018-08-08 00:00:00,1.0769492100244193
2018-08-09 00:00:00,1.0677838785725333
2018-08-10 00:00:00,1.062026321380137
2018-08-13 00:00:00,1.062026321380137
2018-08-14 00:00:00,1.062026321380137
2018-08-15 00:00:00,1.062026321380137
2018-08-16 00:00:00,1.062026321380137
2018-08-17 00:00:00,1.062026321380137
2018-08-20 00:00:00,1.062026321380137
2018-08-21 00:00:00,1.062026321380137
2018-08-22 00:00:00,1.062026321380137
2018-08-23 00:00:00,1.062026321380137
2018-08-24 00:00:00,1.062026321380137
2018-08-27 00:00:00,1.062026321380137
2018-08-28 00:00:00,1.062026321380137
2018-08-29 00:00:00,1.062026321380137
2018-08-30 00:00:00,1.062026321380137
2018-08-31 00:00:00,1.062026321380137
2018-09-04 00:00:00,1.062026321380137
2018-09-05 00:00:00,1.062026321380137
2018-09-06 00:00:00,1.062026321380137
2018-09-07 00:00:00,1.062026321380137
2018-09-10 00:00:00,1.062026321380137
2018-09-11 00:00:00,1.062026321380137
2018-09-12 00:00:00,1.0630076140752385
2018-09-13 00:00:00,1.0613807904415242
2018-09-14 00:00:00,1.0664445988198648
2018-09-17 00:00:00,1.0664235268690438
2018-09-18 00:00:00,1.0774642998448196
2018-09-19 00:00:00,1.0836878177719163
2018-09-20 00:00:00,1.0788494907724158
2018-09-21 00:00:00,1.0792744609557319
2018-09-24 00:00:00,1.0819296418097328
2018-09-25 00:00:00,1.0829790709808402
2018-09-26 00:00:00,1.0756429080301728
2018-09-27 00:00:00,1.0749081686647328
2018-09-28 00:00:00,1.077652557945561
2018-10-01 00:00:00,1.087622829799408
2018-10-02 00:00:00,1.0812679595438421
2018-10-03 00:00:00,1.0993561982389821
2018-10-04 00:00:00,1.1065610088611801
2018-10-05 00:00:00,1.1152823627394437
2018-10-08 00:00:00,1.118651211008064
2018-10-09 00:00:00,1.1084603783989198
2018-10-10 00:00:00,1.111204767679748
2018-10-11 00:00:00,1.0988729328267464
2018-10-12 00:00:00,1.1024201979490211
2018-10-15 00:00:00,1.102845168132337
2018-10-16 00:00:00,1.100504677084004
2018-10-17 00:00:00,1.1065497781574456
2018-10-18 00:00:00,1.1068855399139343
2018-10-19 00:00:00,1.109094678633798
2018-10-22 00:00:00,1.110411733085388
2018-10-23 00:00:00,1.1071791577687806
2018-10-24 00:00:00,1.0994861611108038
2018-10-25 00:00:00,1.1037470936476976
2018-10-26 00:00:00,1.0975706402457863
2018-10-29 00:00:00,1.0998689873924774
2018-10-30 00:00:00,1.104932795770818
2018-10-31 00:00:00,1.110085812575986
2018-11-01 00:00:00,1.1115812838812307
2018-11-02 00:00:00,1.1241386001130722
2018-11-05 00:00:00,1.120192357381846
2018-11-06 00:00:00,1.1207957444188166
2018-11-07 00:00:00,1.1194365460655846
2018-11-08 00:00:00,1.1195046825415909
2018-11-09 00:00:00,1.1119901027372687
2018-11-12 00:00:00,1.1053676072012204
2018-11-13 00:00:00,1.1059709942381912
2018-11-14 00:00:00,1.1053254632995784
2018-11-15 00:00:00,1.1057504334828943
2018-11-16 00:00:00,1.0998416053614652
2018-11-19 00:00:00,1.0969658637521675
2018-11-20 00:00:00,1.096587958094037
2018-11-21 00:00:00,1.0969237198505255
2018-11-23 00:00:00,1.0958321467777756
2018-11-26 00:00:00,1.098130493924467
2018-11-27 00:00:00,1.0969497124248897
2018-11-28 00:00:00,1.1019243123764029
2018-11-29 00:00:00,1.097888861218349
2018-11-30 00:00:00,1.0940318269139502
2018-12-03 00:00:00,1.0891042914876223
2018-12-04 00:00:00,1.0803620253133015
2018-12-06 00:00:00,1.0803620253133015
2018-12-07 00:00:00,1.0803620253133015
2018-12-10 00:00:00,1.0803620253133015
2018-12-11 00:00:00,1.0803620253133015
2018-12-12 00:00:00,1.0803620253133015
2018-12-13 00:00:00,1.0803620253133015
2018-12-14 00:00:00,1.0803620253133015
2018-12-17 00:00:00,1.0803620253133015
2018-12-18 00:00:00,1.0803620253133015
2018-12-19 00:00:00,1.0803620253133015
2018-12-20 00:00:00,1.0803620253133015
2018-12-21 00:00:00,1.0803620253133015
2018-12-24 00:00:00,1.0803620253133015
2018-12-26 00:00:00,1.0803620253133015
2018-12-27 00:00:00,1.0803620253133015
2018-12-28 00:00:00,1.0803620253133015
2018-12-31 00:00:00,1.0803620253133015
2019-01-02 00:00:00,1.0803620253133015
2019-01-03 00:00:00,1.0803620253133015
2019-01-04 00:00:00,1.0803620253133015
2019-01-07 00:00:00,1.0803620253133015
2019-01-08 00:00:00,1.0803620253133015
2019-01-09 00:00:00,1.0803620253133015
2019-01-10 00:00:00,1.0803620253133015
2019-01-11 00:00:00,1.0803620253133015
2019-01-14 00:00:00,1.0803620253133015
2019-01-15 00:00:00,1.0803620253133015
2019-01-16 00:00:00,1.0803620253133015
2019-01-17 00:00:00,1.0803620253133015
2019-01-18 00:00:00,1.0803620253133015
2019-01-22 00:00:00,1.0803620253133015
2019-01-23 00:00:00,1.0803620253133015
2019-01-24 00:00:00,1.0803620253133015
2019-01-25 00:00:00,1.0803620253133015
2019-01-28 00:00:00,1.0803620253133015
2019-01-29 00:00:00,1.0803620253133015
2019-01-30 00:00:00,1.0803620253133015
2019-01-31 00:00:00,1.0803620253133015
2019-02-01 00:00:00,1.0803620253133015
2019-02-04 00:00:00,1.0803620253133015
2019-02-05 00:00:00,1.0803620253133015
2019-02-06 00:00:00,1.0803620253133015
2019-02-07 00:00:00,1.0803620253133015
2019-02-08 00:00:00,1.0803620253133015
2019-02-11 00:00:00,1.0803620253133015
2019-02-12 00:00:00,1.0803620253133015
2019-02-13 00:00:00,1.0803620253133015
2019-02-14 00:00:00,1.0803620253133015
2019-02-15 00:00:00,1.0803620253133015
2019-02-19 00:00:00,1.0803620253133015
2019-02-20 00:00:00,1.0803620253133015
2019-02-21 00:00:00,1.0803620253133015
2019-02-22 00:00:00,1.0803620253133015
2019-02-25 00:00:00,1.0803620253133015
2019-02-26 00:00:00,1.0803620253133015
2019-02-27 00:00:00,1.0803620253133015
2019-02-28 00:00:00,1.0803620253133015
2019-03-01 00:00:00,1.0803620253133015
2019-03-04 00:00:00,1.0803620253133015
2019-03-05 00:00:00,1.0803620253133015
2019-03-06 00:00:00,1.0803620253133015
2019-03-07 00:00:00,1.0803620253133015
2019-03-08 00:00:00,1.0803620253133015
2019-03-11 00:00:00,1.0803620253133015
2019-03-12 00:00:00,1.0803620253133015
2019-03-13 00:00:00,1.0803620253133015
2019-03-14 00:00:00,1.0803620253133015
2019-03-15 00:00:00,1.0803620253133015
2019-03-18 00:00:00,1.0803620253133015
2019-03-19 00:00:00,1.0803620253133015
2019-03-20 00:00:00,1.0803620253133015
2019-03-21 00:00:00,1.0803620253133015
2019-03-22 00:00:00,1.0803620253133015
2019-03-25 00:00:00,1.0803620253133015
2019-03-26 00:00:00,1.0803620253133015
2019-03-27 00:00:00,1.0803620253133015
2019-03-28 00:00:00,1.0803620253133015
2019-03-29 00:00:00,1.0803620253133015
2019-04-01 00:00:00,1.0803620253133015
2019-04-02 00:00:00,1.0803620253133015
2019-04-03 00:00:00,1.0803620253133015
2019-04-04 00:00:00,1.0803620253133015
2019-04-05 00:00:00,1.0803620253133015
2019-04-08 00:00:00,1.0803620253133015
2019-04-09 00:00:00,1.0803620253133015
2019-04-10 00:00:00,1.0803620253133015
2019-04-11 00:00:00,1.0803620253133015
2019-04-12 00:00:00,1.0803620253133015
2019-04-15 00:00:00,1.0803620253133015
2019-04-16 00:00:00,1.0803620253133015
2019-04-17 00:00:00,1.0803620253133015
2019-04-18 00:00:00,1.0803620253133015
2019-04-22 00:00:00,1.0803620253133015
2019-04-23 00:00:00,1.0803620253133015
2019-04-24 00:00:00,1.0803620253133015
2019-04-25 00:00:00,1.0803620253133015
2019-04-26 00:00:00,1.0803620253133015
2019-04-29 00:00:00,1.0803620253133015
2019-04-30 00:00:00,1.0803620253133015
2019-05-01 00:00:00,1.0803620253133015
2019-05-02 00:00:00,1.0803620253133015
2019-05-03 00:00:00,1.0803620253133015
2019-05-06 00:00:00,1.0803620253133015
2019-05-07 00:00:00,1.0803620253133015
2019-05-08 00:00:00,1.0803620253133015
2019-05-09 00:00:00,1.0803620253133015
2019-05-10 00:00:00,1.0803620253133015
2019-05-13 00:00:00,1.0803620253133015
2019-05-14 00:00:00,1.0803620253133015
2019-05-15 00:00:00,1.0803620253133015
2019-05-16 00:00:00,1.0803620253133015
2019-05-17 00:00:00,1.0803620253133015
2019-05-20 00:00:00,1.0803620253133015
2019-05-21 00:00:00,1.0803620253133015
2019-05-22 00:00:00,1.0803620253133015
2019-05-23 00:00:00,1.0803620253133015
2019-05-24 00:00:00,1.0803620253133015
2019-05-28 00:00:00,1.0803620253133015
2019-05-29 00:00:00,1.0803620253133015
2019-05-30 00:00:00,1.0803620253133015
2019-05-31 00:00:00,1.0803620253133015
2019-06-03 00:00:00,1.0803620253133015
2019-06-04 00:00:00,1.0803620253133015
2019-06-05 00:00:00,1.0803620253133015
2019-06-06 00:00:00,1.0803620253133015
2019-06-07 00:00:00,1.0803620253133015
2019-06-10 00:00:00,1.0803620253133015
2019-06-11 00:00:00,1.0803620253133015
2019-06-12 00:00:00,1.0803620253133015
2019-06-13 00:00:00,1.0803620253133015
2019-06-14 00:00:00,1.0803620253133015
2019-06-17 00:00:00,1.0803620253133015
2019-06-18 00:00:00,1.0803620253133015
2019-06-19 00:00:00,1.0803620253133015
2019-06-20 00:00:00,1.0803620253133015
2019-06-21 00:00:00,1.0803620253133015
2019-06-24 00:00:00,1.0803620253133015
2019-06-25 00:00:00,1.0803620253133015
2019-06-26 00:00:00,1.0803620253133015
2019-06-27 00:00:00,1.0803620253133015
2019-06-28 00:00:00,1.0803620253133015
2019-07-01 00:00:00,1.0803620253133015
2019-07-02 00:00:00,1.0803620253133015
2019-07-03 00:00:00,1.0803620253133015
2019-07-05 00:00:00,1.0803620253133015
2019-07-08 00:00:00,1.0803620253133015
2019-07-09 00:00:00,1.0803620253133015
2019-07-10 00:00:00,1.0803620253133015
2019-07-11 00:00:00,1.0803620253133015
2019-07-12 00:00:00,1.0803620253133015
2019-07-15 00:00:00,1.0803620253133015
2019-07-16 00:00:00,1.0803620253133015
2019-07-17 00:00:00,1.0803620253133015
2019-07-18 00:00:00,1.0803620253133015
2019-07-19 00:00:00,1.0803620253133015
2019-07-22 00:00:00,1.0803620253133015
2019-07-23 00:00:00,1.0803620253133015
2019-07-24 00:00:00,1.0803620253133015
2019-07-25 00:00:00,1.0803620253133015
2019-07-26 00:00:00,1.0803620253133015
2019-07-29 00:00:00,1.0803620253133015
2019-07-30 00:00:00,1.0803620253133015
2019-07-31 00:00:00,1.0803620253133015
2019-08-01 00:00:00,1.0803620253133015
2019-08-02 00:00:00,1.0803620253133015
2019-08-05 00:00:00,1.0803620253133015
2019-08-06 00:00:00,1.0803620253133015
2019-08-07 00:00:00,1.0803620253133015
2019-08-08 00:00:00,1.0803620253133015
2019-08-09 00:00:00,1.0803620253133015
2019-08-12 00:00:00,1.0803620253133015
2019-08-13 00:00:00,1.0803620253133015
2019-08-14 00:00:00,1.0803620253133015
2019-08-15 00:00:00,1.0803620253133015
2019-08-16 00:00:00,1.0803620253133015
2019-08-19 00:00:00,1.0803620253133015
2019-08-20 00:00:00,1.0803620253133015
2019-08-21 00:00:00,1.0803620253133015
2019-08-22 00:00:00,1.0803620253133015
2019-08-23 00:00:00,1.0803620253133015
2019-08-26 00:00:00,1.0803620253133015
2019-08-27 00:00:00,1.0803620253133015
2019-08-28 00:00:00,1.0803620253133015
2019-08-29 00:00:00,1.0803620253133015
2019-08-30 00:00:00,1.0803620253133015
2019-09-03 00:00:00,1.0803620253133015
2019-09-04 00:00:00,1.0803620253133015
2019-09-05 00:00:00,1.0803620253133015
2019-09-06 00:00:00,1.0803620253133015
2019-09-09 00:00:00,1.0803620253133015
2019-09-10 00:00:00,1.0803620253133015
2019-09-11 00:00:00,1.0803620253133015
2019-09-12 00:00:00,1.0803620253133015
2019-09-13 00:00:00,1.0803620253133015
2019-09-16 00:00:00,1.0803620253133015
2019-09-17 00:00:00,1.0803620253133015
2019-09-18 00:00:00,1.0803620253133015
2019-09-19 00:00:00,1.0803620253133015
2019-09-20 00:00:00,1.0803620253133015
2019-09-23 00:00:00,1.0803620253133015
2019-09-24 00:00:00,1.0803620253133015
2019-09-25 00:00:00,1.0803620253133015
2019-09-26 00:00:00,1.0803620253133015
2019-09-27 00:00:00,1.0803620253133015
2019-09-30 00:00:00,1.0803620253133015
2019-10-01 00:00:00,1.0803620253133015
2019-10-02 00:00:00,1.0803620253133015
2019-10-03 00:00:00,1.0803620253133015
2019-10-04 00:00:00,1.0803620253133015
2019-10-07 00:00:00,1.0803620253133015
2019-10-08 00:00:00,1.0803620253133015
2019-10-09 00:00:00,1.0803620253133015
2019-10-10 00:00:00,1.0803620253133015
2019-10-11 00:00:00,1.0803620253133015
2019-10-14 00:00:00,1.0803620253133015
2019-10-15 00:00:00,1.0803620253133015
2019-10-16 00:00:00,1.0803620253133015
2019-10-17 00:00:00,1.0803620253133015
2019-10-18 00:00:00,1.0803620253133015
2019-10-21 00:00:00,1.0803620253133015
2019-10-22 00:00:00,1.0803620253133015
2019-10-23 00:00:00,1.0803620253133015
2019-10-24 00:00:00,1.0803620253133015
2019-10-25 00:00:00,1.0803620253133015
2019-10-28 00:00:00,1.0803620253133015
2019-10-29 00:00:00,1.0803620253133015
2019-10-30 00:00:00,1.0803620253133015
2019-10-31 00:00:00,1.0803620253133015
2019-11-01 00:00:00,1.0803620253133015
2019-11-04 00:00:00,1.0803620253133015
2019-11-05 00:00:00,1.0803620253133015
2019-11-06 00:00:00,1.0803620253133015
2019-11-07 00:00:00,1.0803620253133015
2019-11-08 00:00:00,1.0803620253133015
2019-11-11 00:00:00,1.0803620253133015
2019-11-12 00:00:00,1.0803620253133015
2019-11-13 00:00:00,1.0803620253133015
2019-11-14 00:00:00,1.0803620253133015
2019-11-15 00:00:00,1.0803620253133015
2019-11-18 00:00:00,1.0803620253133015
2019-11-19 00:00:00,1.0803620253133015
2019-11-20 00:00:00,1.0803620253133015
2019-11-21 00:00:00,1.0803620253133015
2019-11-22 00:00:00,1.0803620253133015
2019-11-25 00:00:00,1.0803620253133015
2019-11-26 00:00:00,1.0803620253133015
2019-11-27 00:00:00,1.0803620253133015
2019-11-29 00:00:00,1.0803620253133015
2019-12-02 00:00:00,1.0803620253133015
2019-12-03 00:00:00,1.0803620253133015
2019-12-04 00:00:00,1.0803620253133015
2019-12-05 00:00:00,1.0803620253133015
2019-12-06 00:00:00,1.0803620253133015
2019-12-09 00:00:00,1.0803620253133015
2019-12-10 00:00:00,1.0803620253133015
2019-12-11 00:00:00,1.0803620253133015
2019-12-12 00:00:00,1.0803620253133015
2019-12-13 00:00:00,1.0803620253133015
2019-12-16 00:00:00,1.0803620253133015
2019-12-17 00:00:00,1.0803620253133015
2019-12-18 00:00:00,1.0803620253133015
2019-12-19 00:00:00,1.0803620253133015
2019-12-20 00:00:00,1.0803620253133015
2019-12-23 00:00:00,1.0803620253133015
2019-12-24 00:00:00,1.0803620253133015
2019-12-26 00:00:00,1.0803620253133015
2019-12-27 00:00:00,1.0803620253133015
2019-12-30 00:00:00,1.0803620253133015
2019-12-31 00:00:00,1.0803620253133015
2020-01-02 00:00:00,1.0803620253133015
2020-01-03 00:00:00,1.0803620253133015
2020-01-06 00:00:00,1.0803620253133015
2020-01-07 00:00:00,1.0803620253133015
2020-01-08 00:00:00,1.0803620253133015
2020-01-09 00:00:00,1.0803620253133015
2020-01-10 00:00:00,1.0803620253133015
2020-01-13 00:00:00,1.0803620253133015
2020-01-14 00:00:00,1.0803620253133015
2020-01-15 00:00:00,1.0803620253133015
2020-01-16 00:00:00,1.0803620253133015
2020-01-17 00:00:00,1.0803620253133015
2020-01-21 00:00:00,1.0803620253133015
2020-01-22 00:00:00,1.0803620253133015
2020-01-23 00:00:00,1.0803620253133015
2020-01-24 00:00:00,1.0803620253133015
2020-01-27 00:00:00,1.0803620253133015
2020-01-28 00:00:00,1.0803620253133015
2020-01-29 00:00:00,1.0803620253133015
2020-01-30 00:00:00,1.0803620253133015
2020-01-31 00:00:00,1.0803620253133015
2020-02-03 00:00:00,1.0803620253133015
2020-02-04 00:00:00,1.0803620253133015
2020-02-05 00:00:00,1.0803620253133015
2020-02-06 00:00:00,1.0803620253133015
2020-02-07 00:00:00,1.0803620253133015
2020-02-10 00:00:00,1.0803620253133015
2020-02-11 00:00:00,1.0803620253133015
2020-02-12 00:00:00,1.0803620253133015
2020-02-13 00:00:00,1.0803620253133015
2020-02-14 00:00:00,1.0803620253133015
2020-02-18 00:00:00,1.0803620253133015
2020-02-19 00:00:00,1.0803620253133015
2020-02-20 00:00:00,1.0803620253133015
2020-02-21 00:00:00,1.0803620253133015
2020-02-24 00:00:00,1.0803620253133015
2020-02-25 00:00:00,1.0803620253133015
2020-02-26 00:00:00,1.0803620253133015
2020-02-27 00:00:00,1.0803620253133015
2020-02-28 00:00:00,1.0803620253133015
2020-03-02 00:00:00,1.0803620253133015
2020-03-03 00:00:00,1.0803620253133015
2020-03-04 00:00:00,1.0803620253133015
2020-03-05 00:00:00,1.0803620253133015
2020-03-06 00:00:00,1.0803620253133015
2020-03-09 00:00:00,1.0803620253133015
2020-03-10 00:00:00,1.0803620253133015
2020-03-11 00:00:00,1.0803620253133015
2020-03-12 00:00:00,1.0803620253133015
2020-03-13 00:00:00,1.0803620253133015
2020-03-16 00:00:00,1.0803620253133015
2020-03-17 00:00:00,1.0803620253133015
2020-03-18 00:00:00,1.0803620253133015
2020-03-19 00:00:00,1.0803620253133015
2020-03-20 00:00:00,1.0803620253133015
2020-03-23 00:00:00,1.0803620253133015
2020-03-24 00:00:00,1.0803620253133015
2020-03-25 00:00:00,1.0803620253133015
2020-03-26 00:00:00,1.0803620253133015
2020-03-27 00:00:00,1.0803620253133015
2020-03-30 00:00:00,1.0803620253133015
2020-03-31 00:00:00,1.0803620253133015
2020-04-01 00:00:00,1.0803620253133015
2020-04-02 00:00:00,1.0803620253133015
2020-04-03 00:00:00,1.0803620253133015
2020-04-06 00:00:00,1.0803620253133015
2020-04-07 00:00:00,1.0803620253133015
2020-04-08 00:00:00,1.0803620253133015
2020-04-09 00:00:00,1.0803620253133015
2020-04-13 00:00:00,1.0803620253133015
2020-04-14 00:00:00,1.0803620253133015
2020-04-15 00:00:00,1.0803620253133015
2020-04-16 00:00:00,1.0803620253133015
2020-04-17 00:00:00,1.0803620253133015
2020-04-20 00:00:00,1.0803620253133015
2020-04-21 00:00:00,1.0803620253133015
2020-04-22 00:00:00,1.0803620253133015
2020-04-23 00:00:00,1.0803620253133015
2020-04-24 00:00:00,1.0803620253133015
2020-04-27 00:00:00,1.0803620253133015
2020-04-28 00:00:00,1.0803620253133015
2020-04-29 00:00:00,1.0803620253133015
2020-04-30 00:00:00,1.0803620253133015
2020-05-01 00:00:00,1.0803620253133015
2020-05-04 00:00:00,1.0803620253133015
2020-05-05 00:00:00,1.0803620253133015
2020-05-06 00:00:00,1.0803620253133015
2020-05-07 00:00:00,1.0803620253133015
2020-05-08 00:00:00,1.0803620253133015
2020-05-11 00:00:00,1.0803620253133015
2020-05-12 00:00:00,1.0803620253133015
2020-05-13 00:00:00,1.0803620253133015
2020-05-14 00:00:00,1.0803620253133015
2020-05-15 00:00:00,1.0803620253133015
2020-05-18 00:00:00,1.0803620253133015
2020-05-19 00:00:00,1.0803620253133015
2020-05-20 00:00:00,1.0803620253133015
2020-05-21 00:00:00,1.0803620253133015
2020-05-22 00:00:00,1.0803620253133015
2020-05-26 00:00:00,1.0803620253133015
2020-05-27 00:00:00,1.0803620253133015
2020-05-28 00:00:00,1.0803620253133015
2020-05-29 00:00:00,1.0803620253133015
2020-06-01 00:00:00,1.0803620253133015
2020-06-02 00:00:00,1.0803620253133015
2020-06-03 00:00:00,1.0803620253133015
2020-06-04 00:00:00,1.0803620253133015
2020-06-05 00:00:00,1.0803620253133015
2020-06-08 00:00:00,1.0803620253133015
2020-06-09 00:00:00,1.0803620253133015
2020-06-10 00:00:00,1.0803620253133015
2020-06-11 00:00:00,1.0803620253133015
2020-06-12 00:00:00,1.0803620253133015
2020-06-15 00:00:00,1.0803620253133015
2020-06-16 00:00:00,1.0803620253133015
2020-06-17 00:00:00,1.0803620253133015
2020-06-18 00:00:00,1.0803620253133015
2020-06-19 00:00:00,1.0803620253133015
2020-06-22 00:00:00,1.0803620253133015
2020-06-23 00:00:00,1.0803620253133015
2020-06-24 00:00:00,1.0803620253133015
2020-06-25 00:00:00,1.0803620253133015
2020-06-26 00:00:00,1.0803620253133015
2020-06-29 00:00:00,1.0803620253133015
2020-06-30 00:00:00,1.0803620253133015
2020-07-01 00:00:00,1.0803620253133015
2020-07-02 00:00:00,1.0803620253133015
2020-07-06 00:00:00,1.0803620253133015
2020-07-07 00:00:00,1.0803620253133015
2020-07-08 00:00:00,1.0803620253133015
2020-07-09 00:00:00,1.0803620253133015
2020-07-10 00:00:00,1.0803620253133015
2020-07-13 00:00:00,1.0803620253133015
2020-07-14 00:00:00,1.0803620253133015
2020-07-15 00:00:00,1.0803620253133015
2020-07-16 00:00:00,1.0803620253133015
2020-07-17 00:00:00,1.0803620253133015
2020-07-20 00:00:00,1.0803620253133015
2020-07-21 00:00:00,1.0803620253133015
2020-07-22 00:00:00,1.0803620253133015
2020-07-23 00:00:00,1.0803620253133015
2020-07-24 00:00:00,1.0803620253133015
2020-07-27 00:00:00,1.0803620253133015
2020-07-28 00:00:00,1.0803620253133015
2020-07-29 00:00:00,1.0803620253133015
2020-07-30 00:00:00,1.0803620253133015
2020-07-31 00:00:00,1.0803620253133015
2020-08-03 00:00:00,1.0803620253133015
2020-08-04 00:00:00,1.0803620253133015
2020-08-05 00:00:00,1.0803620253133015
2020-08-06 00:00:00,1.0803620253133015
2020-08-07 00:00:00,1.0803620253133015
2020-08-10 00:00:00,1.0803620253133015
2020-08-11 00:00:00,1.0803620253133015
2020-08-12 00:00:00,1.0803620253133015
2020-08-13 00:00:00,1.0803620253133015
2020-08-14 00:00:00,1.0803620253133015
2020-08-17 00:00:00,1.0803620253133015
2020-08-18 00:00:00,1.0803620253133015
2020-08-19 00:00:00,1.0803620253133015
2020-08-20 00:00:00,1.0803620253133015
2020-08-21 00:00:00,1.0803620253133015
2020-08-24 00:00:00,1.0803620253133015
2020-08-25 00:00:00,1.0803620253133015
2020-08-26 00:00:00,1.0803620253133015
2020-08-27 00:00:00,1.0803620253133015
2020-08-28 00:00:00,1.0803620253133015
2020-08-31 00:00:00,1.0803620253133015
2020-09-01 00:00:00,1.0803620253133015
2020-09-02 00:00:00,1.0803620253133015
2020-09-03 00:00:00,1.0803620253133015
2020-09-04 00:00:00,1.0803620253133015
2020-09-08 00:00:00,1.0803620253133015
2020-09-09 00:00:00,1.0803620253133015
2020-09-10 00:00:00,1.0803620253133015
2020-09-11 00:00:00,1.0803620253133015
2020-09-14 00:00:00,1.0803620253133015
2020-09-15 00:00:00,1.0803620253133015
2020-09-16 00:00:00,1.0803620253133015
2020-09-17 00:00:00,1.0803620253133015
2020-09-18 00:00:00,1.0803620253133015
2020-09-21 00:00:00,1.0803620253133015
2020-09-22 00:00:00,1.0803620253133015
2020-09-23 00:00:00,1.0803620253133015
2020-09-24 00:00:00,1.0803620253133015
2020-09-25 00:00:00,1.0803620253133015
2020-09-28 00:00:00,1.0803620253133015
2020-09-29 00:00:00,1.0803620253133015
2020-09-30 00:00:00,1.0803620253133015
2020-10-01 00:00:00,1.0803620253133015
2020-10-02 00:00:00,1.0803620253133015
2020-10-05 00:00:00,1.0803620253133015
2020-10-06 00:00:00,1.0803620253133015
2020-10-07 00:00:00,1.0803620253133015
2020-10-08 00:00:00,1.0803620253133015
2020-10-09 00:00:00,1.0803620253133015
2020-10-12 00:00:00,1.0803620253133015
2020-10-13 00:00:00,1.0803620253133015
2020-10-14 00:00:00,1.0803620253133015
2020-10-15 00:00:00,1.0803620253133015
2020-10-16 00:00:00,1.0803620253133015
2020-10-19 00:00:00,1.0803620253133015
2020-10-20 00:00:00,1.0803620253133015
2020-10-21 00:00:00,1.0803620253133015
2020-10-22 00:00:00,1.0803620253133015
2020-10-23 00:00:00,1.0803620253133015
2020-10-26 00:00:00,1.0803620253133015
2020-10-27 00:00:00,1.0803620253133015
2020-10-28 00:00:00,1.0803620253133015
2020-10-29 00:00:00,1.0803620253133015
2020-10-30 00:00:00,1.0803620253133015
2020-11-02 00:00:00,1.0803620253133015
2020-11-03 00:00:00,1.0803620253133015
2020-11-04 00:00:00,1.0803620253133015
2020-11-05 00:00:00,1.0803620253133015
2020-11-06 00:00:00,1.0803620253133015
2020-11-09 00:00:00,1.0803620253133015
2020-11-10 00:00:00,1.0803620253133015
2020-11-11 00:00:00,1.0803620253133015
2020-11-12 00:00:00,1.0803620253133015
2020-11-13 00:00:00,1.0803620253133015
2020-11-16 00:00:00,1.0803620253133015
2020-11-17 00:00:00,1.0803620253133015
2020-11-18 00:00:00,1.0803620253133015
2020-11-19 00:00:00,1.0803620253133015
2020-11-20 00:00:00,1.0803620253133015
2020-11-23 00:00:00,1.0803620253133015
2020-11-24 00:00:00,1.0803620253133015
2020-11-25 00:00:00,1.0803620253133015
2020-11-27 00:00:00,1.0803620253133015
2020-11-30 00:00:00,1.0803620253133015
2020-12-01 00:00:00,1.0803620253133015
2020-12-02 00:00:00,1.0803620253133015
2020-12-03 00:00:00,1.0803620253133015
2020-12-04 00:00:00,1.0803620253133015
2020-12-07 00:00:00,1.0803620253133015
2020-12-08 00:00:00,1.0803620253133015
2020-12-09 00:00:00,1.0803620253133015
2020-12-10 00:00:00,1.0803620253133015
2020-12-11 00:00:00,1.0803620253133015
2020-12-14 00:00:00,1.0803620253133015
2020-12-15 00:00:00,1.0803620253133015
2020-12-16 00:00:00,1.0803620253133015
2020-12-17 00:00:00,1.0803620253133015
2020-12-18 00:00:00,1.0803620253133015
2020-12-21 00:00:00,1.0803620253133015
2020-12-22 00:00:00,1.0803620253133015
2020-12-23 00:00:00,1.0803620253133015
2020-12-24 00:00:00,1.0803620253133015
2020-12-28 00:00:00,1.0803620253133015
2020-12-29 00:00:00,1.0803620253133015
2020-12-30 00:00:00,1.0803620253133015
2020-12-31 00:00:00,1.0803620253133015
2021-01-04 00:00:00,1.0803620253133015
2021-01-05 00:00:00,1.0803620253133015
2021-01-06 00:00:00,1.0803620253133015
2021-01-07 00:00:00,1.0803620253133015
2021-01-08 00:00:00,1.0803620253133015
2021-01-11 00:00:00,1.0803620253133015
2021-01-12 00:00:00,1.0803620253133015
2021-01-13 00:00:00,1.0803620253133015
2021-01-14 00:00:00,1.0803620253133015
2021-01-15 00:00:00,1.0803620253133015
2021-01-19 00:00:00,1.0803620253133015
2021-01-20 00:00:00,1.0803620253133015
2021-01-21 00:00:00,1.0803620253133015
2021-01-22 00:00:00,1.0803620253133015
2021-01-25 00:00:00,1.0803620253133015
2021-01-26 00:00:00,1.0803620253133015
2021-01-27 00:00:00,1.0803620253133015
2021-01-28 00:00:00,1.0803620253133015
2021-01-29 00:00:00,1.0803620253133015
2021-02-01 00:00:00,1.0803620253133015
2021-02-02 00:00:00,1.0803620253133015
2021-02-03 00:00:00,1.0803620253133015
2021-02-04 00:00:00,1.0803620253133015
2021-02-05 00:00:00,1.0803620253133015
2021-02-08 00:00:00,1.0803620253133015
2021-02-09 00:00:00,1.0803620253133015
2021-02-10 00:00:00,1.0803620253133015
2021-02-11 00:00:00,1.0803620253133015
2021-02-12 00:00:00,1.0803620253133015
2021-02-16 00:00:00,1.0803620253133015
2021-02-17 00:00:00,1.0803620253133015
2021-02-18 00:00:00,1.0803620253133015
2021-02-19 00:00:00,1.0803620253133015
2021-02-22 00:00:00,1.0803620253133015
2021-02-23 00:00:00,1.0803620253133015
2021-02-24 00:00:00,1.0803620253133015
2021-02-25 00:00:00,1.0803620253133015
2021-02-26 00:00:00,1.0803620253133015
2021-03-01 00:00:00,1.0803620253133015
2021-03-02 00:00:00,1.0803620253133015
2021-03-03 00:00:00,1.0803620253133015
2021-03-04 00:00:00,1.0803620253133015
2021-03-05 00:00:00,1.0803620253133015
2021-03-08 00:00:00,1.0803620253133015
2021-03-09 00:00:00,1.0803620253133015
2021-03-10 00:00:00,1.0803620253133015
2021-03-11 00:00:00,1.0803620253133015
2021-03-12 00:00:00,1.0803620253133015
2021-03-15 00:00:00,1.0803620253133015
2021-03-16 00:00:00,1.0803620253133015
2021-03-17 00:00:00,1.0803620253133015
2021-03-18 00:00:00,1.0803620253133015
2021-03-19 00:00:00,1.0803620253133015
2021-03-22 00:00:00,1.0803620253133015
2021-03-23 00:00:00,1.0803620253133015
2021-03-24 00:00:00,1.0803620253133015
2021-03-25 00:00:00,1.0803620253133015
2021-03-26 00:00:00,1.0803620253133015
2021-03-29 00:00:00,1.0803620253133015
2021-03-30 00:00:00,1.0803620253133015
2021-03-31 00:00:00,1.0803620253133015
2021-04-01 00:00:00,1.0803620253133015
2021-04-05 00:00:00,1.0803620253133015
2021-04-06 00:00:00,1.0803620253133015
2021-04-07 00:00:00,1.0803620253133015
2021-04-08 00:00:00,1.0803620253133015
2021-04-09 00:00:00,1.0803620253133015
2021-04-12 00:00:00,1.0803620253133015
2021-04-13 00:00:00,1.0803620253133015
2021-04-14 00:00:00,1.0803620253133015
2021-04-15 00:00:00,1.0803620253133015
2021-04-16 00:00:00,1.0803620253133015
2021-04-19 00:00:00,1.0803620253133015
2021-04-20 00:00:00,1.0803620253133015
2021-04-21 00:00:00,1.0803620253133015
2021-04-22 00:00:00,1.0803620253133015
2021-04-23 00:00:00,1.0803620253133015
2021-04-26 00:00:00,1.0803620253133015
2021-04-27 00:00:00,1.0803620253133015
2021-04-28 00:00:00,1.0803620253133015
2021-04-29 00:00:00,1.0803620253133015
2021-04-30 00:00:00,1.0803620253133015
2021-05-03 00:00:00,1.0803620253133015
2021-05-04 00:00:00,1.0803620253133015
2021-05-05 00:00:00,1.0803620253133015
2021-05-06 00:00:00,1.0803620253133015
2021-05-07 00:00:00,1.0803620253133015
2021-05-10 00:00:00,1.0803620253133015
2021-05-11 00:00:00,1.0803620253133015
2021-05-12 00:00:00,1.0803620253133015
2021-05-13 00:00:00,1.0803620253133015
2021-05-14 00:00:00,1.0803620253133015
2021-05-17 00:00:00,1.0803620253133015
2021-05-18 00:00:00,1.0803620253133015
2021-05-19 00:00:00,1.0803620253133015
2021-05-20 00:00:00,1.0803620253133015
2021-05-21 00:00:00,1.0803620253133015
2021-05-24 00:00:00,1.0803620253133015
2021-05-25 00:00:00,1.0803620253133015
2021-05-26 00:00:00,1.0803620253133015
2021-05-27 00:00:00,1.0803620253133015
2021-05-28 00:00:00,1.0803620253133015
2021-06-01 00:00:00,1.0803620253133015
2021-06-02 00:00:00,1.0803620253133015
2021-06-03 00:00:00,1.0803620253133015
2021-06-04 00:00:00,1.0803620253133015
2021-06-07 00:00:00,1.0803620253133015
2021-06-08 00:00:00,1.0803620253133015
2021-06-09 00:00:00,1.0803620253133015
2021-06-10 00:00:00,1.0803620253133015
2021-06-11 00:00:00,1.0803620253133015
2021-06-14 00:00:00,1.0803620253133015
2021-06-15 00:00:00,1.0803620253133015
2021-06-16 00:00:00,1.0803620253133015
2021-06-17 00:00:00,1.0803620253133015
2021-06-18 00:00:00,1.0803620253133015
2021-06-21 00:00:00,1.0803620253133015
2021-06-22 00:00:00,1.0803620253133015
2021-06-23 00:00:00,1.0803620253133015
2021-06-24 00:00:00,1.0803620253133015
2021-06-25 00:00:00,1.0803620253133015
2021-06-28 00:00:00,1.0803620253133015
2021-06-29 00:00:00,1.0803620253133015
2021-06-30 00:00:00,1.0803620253133015
2021-07-01 00:00:00,1.0803620253133015
2021-07-02 00:00:00,1.0803620253133015
2021-07-06 00:00:00,1.0803620253133015
2021-07-07 00:00:00,1.0803620253133015
2021-07-08 00:00:00,1.0803620253133015
2021-07-09 00:00:00,1.0803620253133015
2021-07-12 00:00:00,1.0803620253133015
2021-07-13 00:00:00,1.0803620253133015
2021-07-14 00:00:00,1.0803620253133015
2021-07-15 00:00:00,1.0803620253133015
2021-07-16 00:00:00,1.0803620253133015
2021-07-19 00:00:00,1.0803620253133015
2021-07-20 00:00:00,1.0803620253133015
2021-07-21 00:00:00,1.0803620253133015
2021-07-22 00:00:00,1.0803620253133015
2021-07-23 00:00:00,1.0803620253133015
2021-07-26 00:00:00,1.0803620253133015
2021-07-27 00:00:00,1.0803620253133015
2021-07-28 00:00:00,1.0803620253133015
2021-07-29 00:00:00,1.0803620253133015
2021-07-30 00:00:00,1.0803620253133015
2021-08-02 00:00:00,1.0803620253133015
2021-08-03 00:00:00,1.0803620253133015
2021-08-04 00:00:00,1.0803620253133015
2021-08-05 00:00:00,1.0803620253133015
2021-08-06 00:00:00,1.0803620253133015
2021-08-09 00:00:00,1.0803620253133015
2021-08-10 00:00:00,1.0803620253133015
2021-08-11 00:00:00,1.0803620253133015
2021-08-12 00:00:00,1.0803620253133015
2021-08-13 00:00:00,1.0803620253133015
2021-08-16 00:00:00,1.0803620253133015
2021-08-17 00:00:00,1.0803620253133015
2021-08-18 00:00:00,1.0803620253133015
2021-08-19 00:00:00,1.0803620253133015
2021-08-20 00:00:00,1.0803620253133015
2021-08-23 00:00:00,1.0803620253133015
2021-08-24 00:00:00,1.0803620253133015
2021-08-25 00:00:00,1.0803620253133015
2021-08-26 00:00:00,1.0803620253133015
2021-08-27 00:00:00,1.0803620253133015
2021-08-30 00:00:00,1.0803620253133015
2021-08-31 00:00:00,1.0803620253133015
2021-09-01 00:00:00,1.0803620253133015
2021-09-02 00:00:00,1.0803620253133015
2021-09-03 00:00:00,1.0803620253133015
2021-09-07 00:00:00,1.0803620253133015
2021-09-08 00:00:00,1.0803620253133015
2021-09-09 00:00:00,1.0803620253133015
2021-09-10 00:00:00,1.0803620253133015
2021-09-13 00:00:00,1.0803620253133015
2021-09-14 00:00:00,1.0803620253133015
2021-09-15 00:00:00,1.0803620253133015
2021-09-16 00:00:00,1.0803620253133015
2021-09-17 00:00:00,1.0803620253133015
2021-09-20 00:00:00,1.0803620253133015
2021-09-21 00:00:00,1.0803620253133015
2021-09-22 00:00:00,1.0803620253133015
2021-09-23 00:00:00,1.0803620253133015
2021-09-24 00:00:00,1.0803620253133015
2021-09-27 00:00:00,1.0803620253133015
2021-09-28 00:00:00,1.0803620253133015
2021-09-29 00:00:00,1.0803620253133015
2021-09-30 00:00:00,1.0803620253133015
2021-10-01 00:00:00,1.0803620253133015
2021-10-04 00:00:00,1.0803620253133015
2021-10-05 00:00:00,1.0803620253133015
2021-10-06 00:00:00,1.0803620253133015
2021-10-07 00:00:00,1.0803620253133015
2021-10-08 00:00:00,1.0803620253133015
2021-10-11 00:00:00,1.0808234140223556
2021-10-12 00:00:00,1.066850202041424
2021-10-13 00:00:00,1.058395714536937
2021-10-14 00:00:00,1.058395714536937
2021-10-15 00:00:00,1.058395714536937
2021-10-18 00:00:00,1.058395714536937
2021-10-19 00:00:00,1.058395714536937
2021-10-20 00:00:00,1.058395714536937
2021-10-21 00:00:00,1.058395714536937
2021-10-22 00:00:00,1.058395714536937
2021-10-25 00:00:00,1.058395714536937
2021-10-26 00:00:00,1.058395714536937
2021-10-27 00:00:00,1.058395714536937
2021-10-28 00:00:00,1.058395714536937
2021-10-29 00:00:00,1.058395714536937
2021-11-01 00:00:00,1.058395714536937
2021-11-02 00:00:00,1.058395714536937
2021-11-03 00:00:00,1.058395714536937
2021-11-04 00:00:00,1.058395714536937
2021-11-05 00:00:00,1.058395714536937
2021-11-08 00:00:00,1.058395714536937
2021-11-09 00:00:00,1.058395714536937
2021-11-10 00:00:00,1.058395714536937
2021-11-11 00:00:00,1.058395714536937
2021-11-12 00:00:00,1.058395714536937
2021-11-15 00:00:00,1.058395714536937
2021-11-16 00:00:00,1.058395714536937
2021-11-17 00:00:00,1.058395714536937
2021-11-18 00:00:00,1.058395714536937
2021-11-19 00:00:00,1.058395714536937
2021-11-22 00:00:00,1.058395714536937
2021-11-23 00:00:00,1.058395714536937
2021-11-24 00:00:00,1.058395714536937
2021-11-26 00:00:00,1.058395714536937
2021-11-29 00:00:00,1.058395714536937
2021-11-30 00:00:00,1.058395714536937
2021-12-01 00:00:00,1.058395714536937
2021-12-02 00:00:00,1.058395714536937
2021-12-03 00:00:00,1.058395714536937
2021-12-06 00:00:00,1.058395714536937
2021-12-07 00:00:00,1.058395714536937
2021-12-08 00:00:00,1.058395714536937
2021-12-09 00:00:00,1.058395714536937
2021-12-10 00:00:00,1.058395714536937
2021-12-13 00:00:00,1.058395714536937
2021-12-14 00:00:00,1.058395714536937
2021-12-15 00:00:00,1.058395714536937
2021-12-16 00:00:00,1.058395714536937
2021-12-17 00:00:00,1.058395714536937
2021-12-20 00:00:00,1.058395714536937
2021-12-21 00:00:00,1.058395714536937
2021-12-22 00:00:00,1.058395714536937
2021-12-23 00:00:00,1.058395714536937
2021-12-27 00:00:00,1.058395714536937
2021-12-28 00:00:00,1.058395714536937
2021-12-29 00:00:00,1.058395714536937
2021-12-30 00:00:00,1.058395714536937
2021-12-31 00:00:00,1.058395714536937
2022-01-03 00:00:00,1.058395714536937
2022-01-04 00:00:00,1.0579991025629751
2022-01-05 00:00:00,1.061423849581232
2022-01-06 00:00:00,1.0597807769321967
2022-01-07 00:00:00,1.0643072238781257
2022-01-10 00:00:00,1.0627522872233042
2022-01-11 00:00:00,1.0585532707420695
2022-01-12 00:00:00,1.060964453826868
2022-01-13 00:00:00,1.0553552614382127
2022-01-14 00:00:00,1.064949528051434
2022-01-18 00:00:00,1.0737505707167314
2022-01-19 00:00:00,1.0694634182412828
2022-01-20 00:00:00,1.0656169457369031
2022-01-21 00:00:00,1.0581568974697584
2022-01-24 00:00:00,1.063344364372291
2022-01-25 00:00:00,1.064345371549669
2022-01-26 00:00:00,1.0719125102959735
2022-01-27 00:00:00,1.0605304102863158
2022-01-28 00:00:00,1.0602975135447008
2022-01-31 00:00:00,1.0635459885745302
2022-02-01 00:00:00,1.0664859876246113
2022-02-02 00:00:00,1.0643581670074005
2022-02-03 00:00:00,1.0692371579301847
2022-02-04 00:00:00,1.078390744572337
2022-02-07 00:00:00,1.0779815758422948
2022-02-08 00:00:00,1.082067342817155
2022-02-09 00:00:00,1.0809090181362955
2022-02-10 00:00:00,1.0905914207437306
2022-02-11 00:00:00,1.0816771285720586
2022-02-14 00:00:00,1.089244267318363
2022-02-15 00:00:00,1.0960622501138504
2022-02-16 00:00:00,1.092524253589219
2022-02-17 00:00:00,1.0880608291253429
2022-02-18 00:00:00,1.0817024807858704
2022-02-22 00:00:00,1.080103476133942
2022-02-23 00:00:00,1.0885079068252774
2022-02-24 00:00:00,1.088098738095235
2022-02-25 00:00:00,1.0876455013680857
2022-02-28 00:00:00,1.0744125454799387
2022-03-01 00:00:00,1.0680982651375732
2022-03-02 00:00:00,1.08937055098412
2022-03-03 00:00:00,1.083232542630182
2022-03-04 00:00:00,1.0727318025626622
2022-03-07 00:00:00,1.077434521497019
2022-03-08 00:00:00,1.083591484335903
2022-03-09 00:00:00,1.0895281071892526
2022-03-10 00:00:00,1.0981528778661223
2022-03-11 00:00:00,1.096157261240232
2022-03-14 00:00:00,1.1100261235728215
2022-03-15 00:00:00,1.1110271307501995
2022-03-16 00:00:00,1.1053298023673306
2022-03-17 00:00:00,1.109679977324832
2022-03-18 00:00:00,1.1025724730345425
2022-03-21 00:00:00,1.1161769273844908
2022-03-22 00:00:00,1.1235237261452609
2022-03-23 00:00:00,1.111083994205038
2022-03-24 00:00:00,1.115610441150967
2022-03-25 00:00:00,1.1235741918712334
2022-03-28 00:00:00,1.1187141554333953
2022-03-29 00:00:00,1.1143829349608398
2022-03-30 00:00:00,1.109875442499857
2022-03-31 00:00:00,1.108452709836356
2022-04-01 00:00:00,1.1071181131670689
2022-04-04 00:00:00,1.1111598121448223
2022-04-05 00:00:00,1.1242354505294878
2022-04-06 00:00:00,1.1288059654725238
2022-04-07 00:00:00,1.133023936438705
2022-04-08 00:00:00,1.1390486952862682
2022-04-11 00:00:00,1.1477616019573518
2022-04-12 00:00:00,1.1484982011520883
2022-04-13 00:00:00,1.1473839444683358
2022-04-14 00:00:00,1.158256182997657
2022-04-18 00:00:00,1.1608877060679899
2022-04-19 00:00:00,1.1648412690515295
2022-04-20 00:00:00,1.1542523929897957
2022-04-21 00:00:00,1.1582059559733353
2022-04-22 00:00:00,1.1615425669973785
2022-04-25 00:00:00,1.1562418505884715
2022-04-26 00:00:00,1.1508529981853506
2022-04-27 00:00:00,1.1577591169750516
2022-04-28 00:00:00,1.1569533362710474
2022-04-29 00:00:00,1.1638594550607486
2022-05-02 00:00:00,1.1738503336479318
2022-05-03 00:00:00,1.1703564051204072
2022-05-04 00:00:00,1.167479428552379
2022-05-05 00:00:00,1.1817889708560376
2022-05-06 00:00:00,1.1892679736081282
2022-05-09 00:00:00,1.184848617141359
2022-05-10 00:00:00,1.1802529886861621
2022-05-11 00:00:00,1.1704132685752455
2022-05-12 00:00:00,1.1713702077555166
2022-05-13 00:00:00,1.179025482496035
2022-05-16 00:00:00,1.1795417417052372
2022-05-17 00:00:00,1.1856987045441212
2022-05-18 00:00:00,1.17493355649396
2022-05-19 00:00:00,1.1736870958188867
2022-05-20 00:00:00,1.16781349544759
2022-05-23 00:00:00,1.176394198127353
2022-05-24 00:00:00,1.1662460020366883
2022-05-25 00:00:00,1.164162249416584
2022-05-26 00:00:00,1.1665293645042756
2022-05-27 00:00:00,1.1652388358320955
2022-05-31 00:00:00,1.176331414346951
2022-06-01 00:00:00,1.1778171694925048
2022-06-02 00:00:00,1.177540204753783
2022-06-03 00:00:00,1.1786293479253749
2022-06-06 00:00:00,1.1880473425501688
2022-06-07 00:00:00,1.182614422149941
2022-06-08 00:00:00,1.1870968010987633
2022-06-09 00:00:00,1.185409660452621
2022-06-10 00:00:00,1.1885259314911298
2022-06-13 00:00:00,1.2042456497022087
2022-06-14 00:00:00,1.2103585445439857
2022-06-15 00:00:00,1.201400184375207
2022-06-16 00:00:00,1.1975096438737205
2022-06-17 00:00:00,1.195910639221792
2022-06-21 00:00:00,1.2042710019160205
2022-06-22 00:00:00,1.1909058420365528
2022-06-23 00:00:00,1.1867949615495317
2022-06-24 00:00:00,1.1937451483363397
2022-06-27 00:00:00,1.1979631193025206
2022-06-28 00:00:00,1.195659026696882
2022-06-29 00:00:00,1.187934570447096
2022-06-30 00:00:00,1.1835152139803269
2022-07-01 00:00:00,1.179316197499092
2022-07-05 00:00:00,1.1752934530062848
2022-07-06 00:00:00,1.1839182236831545
2022-07-07 00:00:00,1.18835653463487
2022-07-08 00:00:00,1.1938965455142574
2022-07-11 00:00:00,1.1853347973194408
2022-07-12 00:00:00,1.1823256167600917
2022-07-13 00:00:00,1.1764960843859023
2022-07-14 00:00:00,1.1806699873549762
2022-07-15 00:00:00,1.177793010786948
2022-07-18 00:00:00,1.183112681680801
2022-07-19 00:00:00,1.185832340745348
2022-07-20 00:00:00,1.184497744076061
2022-07-21 00:00:00,1.1757597238928164
2022-07-22 00:00:00,1.1671098397037858
2022-07-25 00:00:00,1.174952650212792
2022-07-26 00:00:00,1.174952650212792
2022-07-27 00:00:00,1.174952650212792
2022-07-28 00:00:00,1.174952650212792
2022-07-29 00:00:00,1.174952650212792
2022-08-01 00:00:00,1.174952650212792
2022-08-02 00:00:00,1.174952650212792
2022-08-03 00:00:00,1.174952650212792
2022-08-04 00:00:00,1.174952650212792
2022-08-05 00:00:00,1.174952650212792
2022-08-08 00:00:00,1.174952650212792
2022-08-09 00:00:00,1.174952650212792
2022-08-10 00:00:00,1.174952650212792
2022-08-11 00:00:00,1.174952650212792
2022-08-12 00:00:00,1.174952650212792
2022-08-15 00:00:00,1.174952650212792
2022-08-16 00:00:00,1.174952650212792
2022-08-17 00:00:00,1.174952650212792
2022-08-18 00:00:00,1.174952650212792
2022-08-19 00:00:00,1.174952650212792
2022-08-22 00:00:00,1.174952650212792
2022-08-23 00:00:00,1.174952650212792
2022-08-24 00:00:00,1.174952650212792
2022-08-25 00:00:00,1.174952650212792
2022-08-26 00:00:00,1.174952650212792
2022-08-29 00:00:00,1.174952650212792
2022-08-30 00:00:00,1.174952650212792
2022-08-31 00:00:00,1.174952650212792
2022-09-01 00:00:00,1.174952650212792
2022-09-02 00:00:00,1.174952650212792
2022-09-06 00:00:00,1.174952650212792
2022-09-07 00:00:00,1.174952650212792
2022-09-08 00:00:00,1.174952650212792
2022-09-09 00:00:00,1.174952650212792
2022-09-12 00:00:00,1.174952650212792
2022-09-13 00:00:00,1.174952650212792
2022-09-14 00:00:00,1.174952650212792
2022-09-15 00:00:00,1.174952650212792
2022-09-16 00:00:00,1.174952650212792
2022-09-19 00:00:00,1.174952650212792
2022-09-20 00:00:00,1.174952650212792
2022-09-21 00:00:00,1.174952650212792
2022-09-22 00:00:00,1.174952650212792
2022-09-23 00:00:00,1.174952650212792
2022-09-26 00:00:00,1.174952650212792
2022-09-27 00:00:00,1.174952650212792
2022-09-28 00:00:00,1.174952650212792
2022-09-29 00:00:00,1.174952650212792
2022-09-30 00:00:00,1.174952650212792
2022-10-03 00:00:00,1.174952650212792
2022-10-04 00:00:00,1.174952650212792
2022-10-05 00:00:00,1.174952650212792
2022-10-06 00:00:00,1.174952650212792
2022-10-07 00:00:00,1.174952650212792
2022-10-10 00:00:00,1.174952650212792
2022-10-11 00:00:00,1.174952650212792
2022-10-12 00:00:00,1.174952650212792
2022-10-13 00:00:00,1.174952650212792
2022-10-14 00:00:00,1.174952650212792
2022-10-17 00:00:00,1.174952650212792
2022-10-18 00:00:00,1.174952650212792
2022-10-19 00:00:00,1.174952650212792
2022-10-20 00:00:00,1.174952650212792
2022-10-21 00:00:00,1.174952650212792
2022-10-24 00:00:00,1.174952650212792
2022-10-25 00:00:00,1.174952650212792
2022-10-26 00:00:00,1.174952650212792
2022-10-27 00:00:00,1.174952650212792
2022-10-28 00:00:00,1.174952650212792
2022-10-31 00:00:00,1.174952650212792
2022-11-01 00:00:00,1.174952650212792
2022-11-02 00:00:00,1.174952650212792
2022-11-03 00:00:00,1.174952650212792
2022-11-04 00:00:00,1.174952650212792
2022-11-07 00:00:00,1.174952650212792
2022-11-08 00:00:00,1.174952650212792
2022-11-09 00:00:00,1.174952650212792
2022-11-10 00:00:00,1.174952650212792
2022-11-11 00:00:00,1.174952650212792
2022-11-14 00:00:00,1.174952650212792
2022-11-15 00:00:00,1.174952650212792
2022-11-16 00:00:00,1.174952650212792
2022-11-17 00:00:00,1.174952650212792
2022-11-18 00:00:00,1.174952650212792
2022-11-21 00:00:00,1.174952650212792
2022-11-22 00:00:00,1.174952650212792
2022-11-23 00:00:00,1.174952650212792
2022-11-25 00:00:00,1.174952650212792
2022-11-28 00:00:00,1.174952650212792
2022-11-29 00:00:00,1.174952650212792
2022-11-30 00:00:00,1.174952650212792
2022-12-01 00:00:00,1.174952650212792
2022-12-02 00:00:00,1.174952650212792
2022-12-05 00:00:00,1.174952650212792
2022-12-06 00:00:00,1.174952650212792
2022-12-07 00:00:00,1.174952650212792
2022-12-08 00:00:00,1.174952650212792
2022-12-09 00:00:00,1.174952650212792
2022-12-12 00:00:00,1.174952650212792
2022-12-13 00:00:00,1.174952650212792
2022-12-14 00:00:00,1.174952650212792
2022-12-15 00:00:00,1.174952650212792
2022-12-16 00:00:00,1.174952650212792
2022-12-19 00:00:00,1.174952650212792
2022-12-20 00:00:00,1.1746442942818731
2022-12-21 00:00:00,1.1732975436354112
2022-12-22 00:00:00,1.1733897873332377
2022-12-23 00:00:00,1.1811909293040392
2022-12-27 00:00:00,1.1915617040324988
2022-12-28 00:00:00,1.1945833290740557
2022-12-29 00:00:00,1.1887654174292686
2022-12-30 00:00:00,1.1945108531939435
2023-01-03 00:00:00,1.1847357071023625
2023-01-04 00:00:00,1.177581586423593
2023-01-05 00:00:00,1.1753611606395273
2023-01-06 00:00:00,1.1655860145479464
2023-01-09 00:00:00,1.1626974842468898
2023-01-10 00:00:00,1.1716806572862137
2023-01-11 00:00:00,1.1629847569528493
2023-01-12 00:00:00,1.1522845430685116
2023-01-13 00:00:00,1.1574646596265017
2023-01-17 00:00:00,1.1610002112195903
2023-01-18 00:00:00,1.1484429134627618
2023-01-19 00:00:00,1.1484429134627618
2023-01-20 00:00:00,1.1484429134627618
2023-01-23 00:00:00,1.1484429134627618
2023-01-24 00:00:00,1.1484429134627618
2023-01-25 00:00:00,1.1484429134627618
2023-01-26 00:00:00,1.1484429134627618
2023-01-27 00:00:00,1.1484429134627618
2023-01-30 00:00:00,1.1484429134627618
2023-01-31 00:00:00,1.1484429134627618
2023-02-01 00:00:00,1.1484429134627618
2023-02-02 00:00:00,1.1484429134627618
2023-02-03 00:00:00,1.1484429134627618
2023-02-06 00:00:00,1.1484429134627618
2023-02-07 00:00:00,1.1484429134627618
2023-02-08 00:00:00,1.1484429134627618
2023-02-09 00:00:00,1.1484429134627618
2023-02-10 00:00:00,1.1484429134627618
2023-02-13 00:00:00,1.1484429134627618
2023-02-14 00:00:00,1.1484429134627618
2023-02-15 00:00:00,1.1484429134627618
2023-02-16 00:00:00,1.1484429134627618
2023-02-17 00:00:00,1.1409462200115712
2023-02-21 00:00:00,1.1525894871660958
2023-02-22 00:00:00,1.1471894903026794
2023-02-23 00:00:00,1.141379518016151
2023-02-24 00:00:00,1.1491573026099056
2023-02-27 00:00:00,1.1475056524720844
2023-02-28 00:00:00,1.1447997798176897
2023-03-01 00:00:00,1.1526361323290315
2023-03-02 00:00:00,1.1578369285489394
2023-03-03 00:00:00,1.1437103119649963
2023-03-06 00:00:00,1.14832542900903
2023-03-07 00:00:00,1.1446824696732363
2023-03-08 00:00:00,1.1440850420519888
2023-03-09 00:00:00,1.14260909566693
2023-03-10 00:00:00,1.1250727282995585
2023-03-13 00:00:00,1.1250727282995585
2023-03-14 00:00:00,1.1250727282995585
2023-03-15 00:00:00,1.1250727282995585
2023-03-16 00:00:00,1.1250727282995585
2023-03-17 00:00:00,1.1250727282995585
2023-03-20 00:00:00,1.1250727282995585
2023-03-21 00:00:00,1.1250727282995585
2023-03-22 00:00:00,1.1250727282995585
2023-03-23 00:00:00,1.1250727282995585
2023-03-24 00:00:00,1.1250727282995585
2023-03-27 00:00:00,1.1250727282995585
2023-03-28 00:00:00,1.1250727282995585
2023-03-29 00:00:00,1.1250727282995585
2023-03-30 00:00:00,1.1250727282995585
2023-03-31 00:00:00,1.1250727282995585
2023-04-03 00:00:00,1.1250727282995585
2023-04-04 00:00:00,1.1250727282995585
2023-04-05 00:00:00,1.1250727282995585
2023-04-06 00:00:00,1.1250727282995585
2023-04-10 00:00:00,1.1250727282995585
2023-04-11 00:00:00,1.1250727282995585
2023-04-12 00:00:00,1.1250727282995585
2023-04-13 00:00:00,1.1250727282995585
2023-04-14 00:00:00,1.1250727282995585
2023-04-17 00:00:00,1.1250727282995585
2023-04-18 00:00:00,1.1250727282995585
2023-04-19 00:00:00,1.1250727282995585
2023-04-20 00:00:00,1.1250727282995585
2023-04-21 00:00:00,1.1250727282995585
2023-04-24 00:00:00,1.1250727282995585
2023-04-25 00:00:00,1.1250727282995585
2023-04-26 00:00:00,1.1250727282995585
2023-04-27 00:00:00,1.1250727282995585
2023-04-28 00:00:00,1.1250727282995585
2023-05-01 00:00:00,1.1250727282995585
2023-05-02 00:00:00,1.1250727282995585
2023-05-03 00:00:00,1.1250727282995585
2023-05-04 00:00:00,1.1250727282995585
2023-05-05 00:00:00,1.1250727282995585
2023-05-08 00:00:00,1.1250727282995585
2023-05-09 00:00:00,1.1250727282995585
2023-05-10 00:00:00,1.1250727282995585
2023-05-11 00:00:00,1.1250727282995585
2023-05-12 00:00:00,1.1250727282995585
2023-05-15 00:00:00,1.1250727282995585
2023-05-16 00:00:00,1.1220462132790183
2023-05-17 00:00:00,1.1239249745212665
2023-05-18 00:00:00,1.1287041459915321
2023-05-19 00:00:00,1.1332311078767527
2023-05-22 00:00:00,1.1354881834965682
2023-05-23 00:00:00,1.1336468533594022
2023-05-24 00:00:00,1.1367866625268752
2023-05-25 00:00:00,1.138350161787817
2023-05-26 00:00:00,1.1332301070450659
2023-05-30 00:00:00,1.1268490043770898
2023-05-31 00:00:00,1.1212245304642487
2023-06-01 00:00:00,1.1203920386672628
2023-06-02 00:00:00,1.1275041487991948
2023-06-05 00:00:00,1.1286893336825692
2023-06-06 00:00:00,1.1248933792613043
2023-06-07 00:00:00,1.1344645328474252
2023-06-08 00:00:00,1.1270115394430076
2023-06-09 00:00:00,1.1278814623450757
2023-06-12 00:00:00,1.1259770798116486
2023-06-13 00:00:00,1.1323325611884454
2023-06-14 00:00:00,1.1272125064456944
2023-06-15 00:00:00,1.121020560966502
2023-06-16 00:00:00,1.1235298461713628
2023-06-20 00:00:00,1.119040315391224
2023-06-21 00:00:00,1.1174511948391033
2023-06-22 00:00:00,1.1253199337261701
2023-06-23 00:00:00,1.1188757786619328
2023-06-26 00:00:00,1.1181693916574695
2023-06-27 00:00:00,1.1198589957109335
2023-06-28 00:00:00,1.1170718796298489
2023-06-29 00:00:00,1.1288498670851137
2023-06-30 00:00:00,1.1212707688881738
2023-07-03 00:00:00,1.1266804643210517
2023-07-05 00:00:00,1.1327837361128037
2023-07-06 00:00:00,1.1417874181325731
2023-07-07 00:00:00,1.145557751262659
2023-07-10 00:00:00,1.144725259465673
2023-07-11 00:00:00,1.1414967766107595
2023-07-12 00:00:00,1.134485149980171
2023-07-13 00:00:00,1.1277887853308886
2023-07-14 00:00:00,1.1315591184609741
2023-07-17 00:00:00,1.1312310458340782
2023-07-18 00:00:00,1.128317824960471
2023-07-19 00:00:00,1.1210539887448374
2023-07-20 00:00:00,1.1289227276319043
2023-07-21 00:00:00,1.128720759797531
2023-07-24 00:00:00,1.1310408878136078
2023-07-25 00:00:00,1.132226072696982
2023-07-26 00:00:00,1.13158273808878
2023-07-27 00:00:00,1.143991249506657
2023-07-28 00:00:00,1.1407627666517435
2023-07-31 00:00:00,1.139236698495884
2023-08-01 00:00:00,1.1512668955361935
2023-08-02 00:00:00,1.1578745864980355
2023-08-03 00:00:00,1.1719855126149665
2023-08-04 00:00:00,1.1613798993974864
2023-08-07 00:00:00,1.1673570663967159
2023-08-08 00:00:00,1.1603454397661273
2023-08-09 00:00:00,1.157180009307475
2023-08-10 00:00:00,1.1672555820636858
2023-08-11 00:00:00,1.1686299241358438
2023-08-14 00:00:00,1.1699412138117407
2023-08-15 00:00:00,1.1735854421493037
2023-08-16 00:00:00,1.1782385088270466
2023-08-17 00:00:00,1.1807477940319073
2023-08-18 00:00:00,1.1786542543096963
2023-08-21 00:00:00,1.1865229931967634
2023-08-22 00:00:00,1.1820334624166249
2023-08-23 00:00:00,1.1674555482346858
2023-08-24 00:00:00,1.171415038553555
2023-08-25 00:00:00,1.1694476036238668
2023-08-28 00:00:00,1.1688042690156646
2023-08-29 00:00:00,1.162549271140211
2023-08-30 00:00:00,1.163166984457234
2023-08-31 00:00:00,1.1604429207724105
2023-09-01 00:00:00,1.1717164890575853
2023-09-05 00:00:00,1.1800896471147422
2023-09-06 00:00:00,1.1786266313551437
2023-09-07 00:00:00,1.1769744584067616
2023-09-08 00:00:00,1.1746917614957668
2023-09-11 00:00:00,1.1789665137959424
2023-09-12 00:00:00,1.1755488737522453
2023-09-13 00:00:00,1.1756621678991783
2023-09-14 00:00:00,1.1799369201993537
2023-09-15 00:00:00,1.1835180961406557
2023-09-18 00:00:00,1.1801635084932196
2023-09-19 00:00:00,1.1845013131896565
2023-09-20 00:00:00,1.1826599830524906
2023-09-21 00:00:00,1.1977166951133402
2023-09-22 00:00:00,1.1931010595406792
2023-09-25 00:00:00,1.2072750380538715
2023-09-26 00:00:00,1.2092168516923807
2023-09-27 00:00:00,1.212104451274809
2023-09-28 00:00:00,1.2103892259301654
2023-09-29 00:00:00,1.2103133628883145
2023-10-02 00:00:00,1.2213977739847053
2023-10-03 00:00:00,1.23317576143997
2023-10-04 00:00:00,1.2255966632430302
2023-10-05 00:00:00,1.2282951056366744
2023-10-06 00:00:00,1.2348397442022552
2023-10-09 00:00:00,1.2222795067006764
2023-10-10 00:00:00,1.2230233248102218
2023-10-11 00:00:00,1.2115980304413454
2023-10-12 00:00:00,1.2267177948984564
2023-10-13 00:00:00,1.216994915228634
2023-10-16 00:00:00,1.225872492455881
2023-10-17 00:00:00,1.2318496594551105
2023-10-18 00:00:00,1.2365657785291149
2023-10-19 00:00:00,1.247461032436722
2023-10-20 00:00:00,1.2444847591668535
2023-10-23 00:00:00,1.2381667088951387
2023-10-24 00:00:00,1.23115508226455
2023-10-25 00:00:00,1.2431222269085984
2023-10-26 00:00:00,1.2350387095415685
2023-10-27 00:00:00,1.237295785161384
2023-10-30 00:00:00,1.239678965573722
2023-10-31 00:00:00,1.2422513031748437
2023-11-01 00:00:00,1.2326545282975439
2023-11-02 00:00:00,1.2204095527772711
2023-11-03 00:00:00,1.2166766507522677
2023-11-06 00:00:00,1.2220232937888846
2023-11-07 00:00:00,1.2139397764218547
2023-11-08 00:00:00,1.2044691063370772
2023-11-09 00:00:00,1.208107281644599
2023-11-10 00:00:00,1.208107281644599
2023-11-13 00:00:00,1.208107281644599
2023-11-14 00:00:00,1.208107281644599
2023-11-15 00:00:00,1.208107281644599
2023-11-16 00:00:00,1.208107281644599
2023-11-17 00:00:00,1.208107281644599
2023-11-20 00:00:00,1.208107281644599
2023-11-21 00:00:00,1.208107281644599
2023-11-22 00:00:00,1.208107281644599
2023-11-24 00:00:00,1.208107281644599
2023-11-27 00:00:00,1.208107281644599
2023-11-28 00:00:00,1.208107281644599
2023-11-29 00:00:00,1.208107281644599
2023-11-30 00:00:00,1.208107281644599
2023-12-01 00:00:00,1.208107281644599
2023-12-04 00:00:00,1.208107281644599
2023-12-05 00:00:00,1.208107281644599
2023-12-06 00:00:00,1.208107281644599
2023-12-07 00:00:00,1.208107281644599
2023-12-08 00:00:00,1.208107281644599
2023-12-11 00:00:00,1.208107281644599
2023-12-12 00:00:00,1.208107281644599
2023-12-13 00:00:00,1.208107281644599
2023-12-14 00:00:00,1.208107281644599
2023-12-15 00:00:00,1.208107281644599
2023-12-18 00:00:00,1.208107281644599
2023-12-19 00:00:00,1.208107281644599
2023-12-20 00:00:00,1.208107281644599
2023-12-21 00:00:00,1.208107281644599
2023-12-22 00:00:00,1.208107281644599
2023-12-26 00:00:00,1.208107281644599
2023-12-27 00:00:00,1.208107281644599
2023-12-28 00:00:00,1.208107281644599
2023-12-29 00:00:00,1.208107281644599
