date,combined_equity
1971-01-04 00:00:00,1.0
1971-01-05 00:00:00,1.0
1971-01-06 00:00:00,1.0
1971-01-07 00:00:00,1.0
1971-01-08 00:00:00,1.0
1971-01-11 00:00:00,1.0
1971-01-12 00:00:00,1.0
1971-01-13 00:00:00,1.0
1971-01-14 00:00:00,1.0
1971-01-15 00:00:00,1.0
1971-01-18 00:00:00,1.0
1971-01-19 00:00:00,1.0
1971-01-20 00:00:00,1.0
1971-01-21 00:00:00,1.0
1971-01-22 00:00:00,1.0
1971-01-25 00:00:00,1.0
1971-01-26 00:00:00,1.0
1971-01-27 00:00:00,1.0
1971-01-28 00:00:00,1.0
1971-01-29 00:00:00,1.0
1971-02-01 00:00:00,1.0
1971-02-02 00:00:00,1.0
1971-02-03 00:00:00,1.0
1971-02-04 00:00:00,1.0
1971-02-05 00:00:00,1.0
1971-02-08 00:00:00,1.0
1971-02-09 00:00:00,1.0
1971-02-10 00:00:00,1.0
1971-02-11 00:00:00,1.0
1971-02-16 00:00:00,1.0
1971-02-17 00:00:00,1.0
1971-02-18 00:00:00,1.0
1971-02-19 00:00:00,1.0
1971-02-22 00:00:00,1.0
1971-02-23 00:00:00,1.0
1971-02-24 00:00:00,1.0
1971-02-25 00:00:00,1.0
1971-02-26 00:00:00,1.0
1971-03-01 00:00:00,1.0
1971-03-02 00:00:00,1.0
1971-03-03 00:00:00,1.0
1971-03-04 00:00:00,1.0
1971-03-05 00:00:00,1.0
1971-03-08 00:00:00,1.0
1971-03-09 00:00:00,1.0
1971-03-10 00:00:00,1.0
1971-03-11 00:00:00,1.0
1971-03-12 00:00:00,1.0
1971-03-15 00:00:00,1.0
1971-03-16 00:00:00,1.0
1971-03-17 00:00:00,1.0
1971-03-18 00:00:00,1.0
1971-03-19 00:00:00,1.0
1971-03-22 00:00:00,1.0
1971-03-23 00:00:00,1.0
1971-03-24 00:00:00,1.0
1971-03-25 00:00:00,1.0
1971-03-26 00:00:00,1.0
1971-03-29 00:00:00,1.0
1971-03-30 00:00:00,1.0
1971-03-31 00:00:00,1.0
1971-04-01 00:00:00,1.0
1971-04-02 00:00:00,1.0
1971-04-05 00:00:00,1.0
1971-04-06 00:00:00,1.0
1971-04-07 00:00:00,1.0
1971-04-08 00:00:00,1.0
1971-04-09 00:00:00,1.0
1971-04-12 00:00:00,1.0
1971-04-13 00:00:00,1.0
1971-04-14 00:00:00,1.0
1971-04-15 00:00:00,1.0
1971-04-16 00:00:00,1.0
1971-04-19 00:00:00,1.0
1971-04-20 00:00:00,1.0
1971-04-21 00:00:00,1.0
1971-04-22 00:00:00,1.0
1971-04-23 00:00:00,1.0
1971-04-26 00:00:00,1.0
1971-04-27 00:00:00,1.0
1971-04-28 00:00:00,1.0
1971-04-29 00:00:00,1.0
1971-04-30 00:00:00,1.0
1971-05-03 00:00:00,1.0
1971-05-04 00:00:00,1.0
1971-05-05 00:00:00,1.0
1971-05-06 00:00:00,1.0
1971-05-07 00:00:00,1.0
1971-05-10 00:00:00,1.0
1971-05-11 00:00:00,1.0
1971-05-12 00:00:00,1.0
1971-05-13 00:00:00,1.0
1971-05-14 00:00:00,1.0
1971-05-17 00:00:00,1.0
1971-05-18 00:00:00,1.0
1971-05-19 00:00:00,1.0
1971-05-20 00:00:00,1.0
1971-05-21 00:00:00,1.0
1971-05-24 00:00:00,1.0
1971-05-25 00:00:00,1.0
1971-05-26 00:00:00,1.0
1971-05-27 00:00:00,1.0
1971-05-28 00:00:00,1.0
1971-06-01 00:00:00,1.0
1971-06-02 00:00:00,1.0
1971-06-03 00:00:00,1.0
1971-06-04 00:00:00,1.0
1971-06-07 00:00:00,1.0
1971-06-08 00:00:00,1.0
1971-06-09 00:00:00,1.0
1971-06-10 00:00:00,1.0
1971-06-11 00:00:00,1.0
1971-06-14 00:00:00,1.0
1971-06-15 00:00:00,1.0
1971-06-16 00:00:00,1.0
1971-06-17 00:00:00,1.0
1971-06-18 00:00:00,1.0
1971-06-21 00:00:00,1.0
1971-06-22 00:00:00,1.0
1971-06-23 00:00:00,1.0
1971-06-24 00:00:00,1.0
1971-06-25 00:00:00,1.0
1971-06-28 00:00:00,1.0
1971-06-29 00:00:00,1.0
1971-06-30 00:00:00,1.0
1971-07-01 00:00:00,1.0
1971-07-02 00:00:00,1.0
1971-07-06 00:00:00,1.0
1971-07-07 00:00:00,1.0
1971-07-08 00:00:00,1.0
1971-07-09 00:00:00,1.0
1971-07-12 00:00:00,1.0
1971-07-13 00:00:00,1.0
1971-07-14 00:00:00,1.0
1971-07-15 00:00:00,1.0
1971-07-16 00:00:00,1.0
1971-07-19 00:00:00,1.0
1971-07-20 00:00:00,1.0
1971-07-21 00:00:00,1.0
1971-07-22 00:00:00,1.0
1971-07-23 00:00:00,1.0
1971-07-26 00:00:00,1.0
1971-07-27 00:00:00,1.0
1971-07-28 00:00:00,1.0
1971-07-29 00:00:00,1.0
1971-07-30 00:00:00,1.0
1971-08-02 00:00:00,1.0
1971-08-03 00:00:00,1.0
1971-08-04 00:00:00,1.0
1971-08-05 00:00:00,1.0
1971-08-06 00:00:00,1.0
1971-08-09 00:00:00,1.0
1971-08-10 00:00:00,1.0
1971-08-11 00:00:00,1.0
1971-08-12 00:00:00,1.0
1971-08-13 00:00:00,1.0
1971-08-23 00:00:00,1.0
1971-08-24 00:00:00,1.0
1971-08-25 00:00:00,1.0
1971-08-26 00:00:00,1.0
1971-08-27 00:00:00,1.0
1971-08-30 00:00:00,1.0
1971-08-31 00:00:00,1.0
1971-09-01 00:00:00,1.0
1971-09-02 00:00:00,1.0
1971-09-03 00:00:00,1.0
1971-09-07 00:00:00,1.0
1971-09-08 00:00:00,1.0
1971-09-09 00:00:00,1.0
1971-09-10 00:00:00,1.0
1971-09-13 00:00:00,1.0
1971-09-14 00:00:00,1.0
1971-09-15 00:00:00,1.0
1971-09-16 00:00:00,1.0
1971-09-17 00:00:00,1.0
1971-09-20 00:00:00,1.0
1971-09-21 00:00:00,1.0
1971-09-22 00:00:00,1.0
1971-09-23 00:00:00,1.0
1971-09-24 00:00:00,1.0
1971-09-27 00:00:00,1.0
1971-09-28 00:00:00,1.0
1971-09-29 00:00:00,1.0
1971-09-30 00:00:00,1.0
1971-10-01 00:00:00,1.0
1971-10-04 00:00:00,1.0
1971-10-05 00:00:00,1.0
1971-10-06 00:00:00,1.0
1971-10-07 00:00:00,1.0
1971-10-08 00:00:00,1.0
1971-10-12 00:00:00,1.0
1971-10-13 00:00:00,1.0
1971-10-14 00:00:00,1.0
1971-10-15 00:00:00,1.0
1971-10-18 00:00:00,1.0
1971-10-19 00:00:00,1.0
1971-10-20 00:00:00,1.0
1971-10-21 00:00:00,1.0
1971-10-22 00:00:00,1.0
1971-10-26 00:00:00,1.0
1971-10-27 00:00:00,1.0
1971-10-28 00:00:00,1.0
1971-10-29 00:00:00,1.0
1971-11-01 00:00:00,1.0
1971-11-03 00:00:00,1.0
1971-11-04 00:00:00,1.0
1971-11-05 00:00:00,1.0
1971-11-08 00:00:00,1.0
1971-11-09 00:00:00,1.0
1971-11-10 00:00:00,1.0
1971-11-11 00:00:00,1.0
1971-11-12 00:00:00,1.0
1971-11-15 00:00:00,1.0
1971-11-16 00:00:00,1.0
1971-11-17 00:00:00,1.0
1971-11-18 00:00:00,1.0
1971-11-19 00:00:00,1.0
1971-11-22 00:00:00,1.0
1971-11-23 00:00:00,1.0
1971-11-24 00:00:00,1.0
1971-11-26 00:00:00,1.0
1971-11-29 00:00:00,1.0
1971-11-30 00:00:00,1.0
1971-12-01 00:00:00,1.0
1971-12-02 00:00:00,1.0
1971-12-03 00:00:00,1.0
1971-12-06 00:00:00,1.0
1971-12-07 00:00:00,1.0
1971-12-08 00:00:00,1.0
1971-12-09 00:00:00,1.0
1971-12-10 00:00:00,1.0
1971-12-13 00:00:00,1.0
1971-12-14 00:00:00,1.0
1971-12-15 00:00:00,1.0
1971-12-16 00:00:00,1.0
1971-12-17 00:00:00,1.0
1971-12-21 00:00:00,1.0
1971-12-22 00:00:00,1.0
1971-12-23 00:00:00,1.0
1971-12-24 00:00:00,1.0
1971-12-27 00:00:00,1.0
1971-12-28 00:00:00,1.0
1971-12-29 00:00:00,1.0
1971-12-30 00:00:00,1.0
1971-12-31 00:00:00,1.0
1972-01-03 00:00:00,1.0
1972-01-04 00:00:00,1.0
1972-01-05 00:00:00,1.0
1972-01-06 00:00:00,1.0
1972-01-07 00:00:00,1.0
1972-01-10 00:00:00,1.0
1972-01-11 00:00:00,1.0
1972-01-12 00:00:00,1.0
1972-01-13 00:00:00,1.0
1972-01-14 00:00:00,1.0
1972-01-17 00:00:00,1.0
1972-01-18 00:00:00,1.0
1972-01-19 00:00:00,1.0
1972-01-20 00:00:00,1.0
1972-01-21 00:00:00,1.0
1972-01-24 00:00:00,1.0
1972-01-25 00:00:00,1.0
1972-01-26 00:00:00,1.0
1972-01-27 00:00:00,1.0
1972-01-28 00:00:00,1.0
1972-01-31 00:00:00,1.0
1972-02-01 00:00:00,1.0
1972-02-02 00:00:00,1.0
1972-02-03 00:00:00,1.0
1972-02-04 00:00:00,1.0
1972-02-07 00:00:00,1.0
1972-02-08 00:00:00,1.0
1972-02-09 00:00:00,1.0
1972-02-10 00:00:00,1.0
1972-02-11 00:00:00,1.0
1972-02-14 00:00:00,1.0
1972-02-15 00:00:00,1.0
1972-02-16 00:00:00,1.0
1972-02-17 00:00:00,1.0
1972-02-18 00:00:00,1.0
1972-02-22 00:00:00,1.0
1972-02-23 00:00:00,1.0
1972-02-24 00:00:00,1.0
1972-02-25 00:00:00,1.0
1972-02-28 00:00:00,1.0
1972-02-29 00:00:00,1.0
1972-03-01 00:00:00,1.0
1972-03-02 00:00:00,1.0
1972-03-03 00:00:00,1.0
1972-03-06 00:00:00,1.0
1972-03-07 00:00:00,1.0
1972-03-08 00:00:00,1.0
1972-03-09 00:00:00,1.0
1972-03-10 00:00:00,1.0
1972-03-13 00:00:00,1.0
1972-03-14 00:00:00,1.0
1972-03-15 00:00:00,1.0
1972-03-16 00:00:00,1.0
1972-03-17 00:00:00,1.0
1972-03-20 00:00:00,1.0
1972-03-21 00:00:00,1.0
1972-03-22 00:00:00,1.0
1972-03-23 00:00:00,1.0
1972-03-24 00:00:00,1.0
1972-03-27 00:00:00,1.0
1972-03-28 00:00:00,1.0
1972-03-29 00:00:00,1.0
1972-03-30 00:00:00,1.0
1972-03-31 00:00:00,1.0
1972-04-03 00:00:00,1.0
1972-04-04 00:00:00,1.0
1972-04-05 00:00:00,1.0
1972-04-06 00:00:00,1.0
1972-04-07 00:00:00,1.0
1972-04-10 00:00:00,1.0
1972-04-11 00:00:00,1.0
1972-04-12 00:00:00,1.0
1972-04-13 00:00:00,1.0
1972-04-14 00:00:00,1.0
1972-04-17 00:00:00,1.0
1972-04-18 00:00:00,1.0
1972-04-19 00:00:00,1.0
1972-04-20 00:00:00,1.0
1972-04-21 00:00:00,1.0
1972-04-24 00:00:00,1.0
1972-04-25 00:00:00,1.0
1972-04-26 00:00:00,1.0
1972-04-27 00:00:00,1.0
1972-04-28 00:00:00,1.0
1972-05-01 00:00:00,1.0
1972-05-02 00:00:00,1.0
1972-05-03 00:00:00,1.0
1972-05-04 00:00:00,1.0
1972-05-05 00:00:00,1.0
1972-05-08 00:00:00,1.0
1972-05-09 00:00:00,1.0
1972-05-10 00:00:00,1.0
1972-05-11 00:00:00,1.0
1972-05-12 00:00:00,1.0
1972-05-15 00:00:00,1.0
1972-05-16 00:00:00,1.0
1972-05-17 00:00:00,1.0
1972-05-18 00:00:00,1.0
1972-05-19 00:00:00,1.0
1972-05-22 00:00:00,1.0
1972-05-23 00:00:00,1.0
1972-05-24 00:00:00,1.0
1972-05-25 00:00:00,1.0
1972-05-26 00:00:00,1.0
1972-05-30 00:00:00,1.0
1972-05-31 00:00:00,1.0
1972-06-01 00:00:00,1.0
1972-06-02 00:00:00,1.0
1972-06-05 00:00:00,1.0
1972-06-06 00:00:00,1.0
1972-06-07 00:00:00,1.0
1972-06-08 00:00:00,1.0
1972-06-09 00:00:00,1.0
1972-06-12 00:00:00,1.0
1972-06-13 00:00:00,1.0
1972-06-14 00:00:00,1.0
1972-06-15 00:00:00,1.0
1972-06-16 00:00:00,1.0
1972-06-19 00:00:00,1.0
1972-06-20 00:00:00,1.0
1972-06-21 00:00:00,1.0
1972-06-22 00:00:00,1.0
1972-06-23 00:00:00,1.0
1972-06-26 00:00:00,1.0
1972-06-27 00:00:00,1.0
1972-06-28 00:00:00,1.0
1972-06-29 00:00:00,1.0
1972-06-30 00:00:00,1.0
1972-07-03 00:00:00,1.0
1972-07-05 00:00:00,1.0
1972-07-06 00:00:00,1.0
1972-07-07 00:00:00,1.0
1972-07-10 00:00:00,1.0
1972-07-11 00:00:00,1.0
1972-07-12 00:00:00,1.0
1972-07-13 00:00:00,1.0
1972-07-14 00:00:00,1.0
1972-07-17 00:00:00,1.0
1972-07-18 00:00:00,1.0
1972-07-19 00:00:00,1.0
1972-07-20 00:00:00,1.0
1972-07-21 00:00:00,1.0
1972-07-24 00:00:00,1.0
1972-07-25 00:00:00,1.0
1972-07-26 00:00:00,1.0
1972-07-27 00:00:00,1.0
1972-07-28 00:00:00,1.0
1972-07-31 00:00:00,1.0
1972-08-01 00:00:00,1.0
1972-08-02 00:00:00,1.0
1972-08-03 00:00:00,1.0
1972-08-04 00:00:00,1.0
1972-08-07 00:00:00,1.0
1972-08-08 00:00:00,1.0
1972-08-09 00:00:00,1.0
1972-08-10 00:00:00,1.0
1972-08-11 00:00:00,1.0
1972-08-14 00:00:00,1.0
1972-08-15 00:00:00,1.0
1972-08-16 00:00:00,1.0
1972-08-17 00:00:00,1.0
1972-08-18 00:00:00,1.0
1972-08-21 00:00:00,1.0
1972-08-22 00:00:00,1.0
1972-08-23 00:00:00,1.0
1972-08-24 00:00:00,1.0
1972-08-25 00:00:00,1.0
1972-08-28 00:00:00,1.0
1972-08-29 00:00:00,1.0
1972-08-30 00:00:00,1.0
1972-08-31 00:00:00,1.0
1972-09-01 00:00:00,1.0
1972-09-05 00:00:00,1.0
1972-09-06 00:00:00,1.0
1972-09-07 00:00:00,1.0
1972-09-08 00:00:00,1.0
1972-09-11 00:00:00,1.0
1972-09-12 00:00:00,1.0
1972-09-13 00:00:00,1.0
1972-09-14 00:00:00,1.0
1972-09-15 00:00:00,1.0
1972-09-18 00:00:00,1.0
1972-09-19 00:00:00,1.0
1972-09-20 00:00:00,1.0
1972-09-21 00:00:00,1.0
1972-09-22 00:00:00,1.0
1972-09-25 00:00:00,1.0
1972-09-26 00:00:00,1.0
1972-09-27 00:00:00,1.0
1972-09-28 00:00:00,1.0
1972-09-29 00:00:00,1.0
1972-10-02 00:00:00,1.0
1972-10-03 00:00:00,1.0
1972-10-04 00:00:00,1.0
1972-10-05 00:00:00,1.0
1972-10-06 00:00:00,1.0
1972-10-10 00:00:00,1.0
1972-10-11 00:00:00,1.0
1972-10-12 00:00:00,1.0
1972-10-13 00:00:00,1.0
1972-10-16 00:00:00,1.0
1972-10-17 00:00:00,1.0
1972-10-18 00:00:00,1.0
1972-10-19 00:00:00,1.0
1972-10-20 00:00:00,1.0
1972-10-24 00:00:00,1.0
1972-10-25 00:00:00,1.0
1972-10-26 00:00:00,1.0
1972-10-27 00:00:00,1.0
1972-10-30 00:00:00,1.0
1972-10-31 00:00:00,1.0
1972-11-01 00:00:00,1.0
1972-11-02 00:00:00,1.0
1972-11-03 00:00:00,1.0
1972-11-06 00:00:00,1.0
1972-11-08 00:00:00,1.0
1972-11-09 00:00:00,1.0
1972-11-10 00:00:00,1.0
1972-11-13 00:00:00,1.0
1972-11-14 00:00:00,1.0
1972-11-15 00:00:00,1.0
1972-11-16 00:00:00,1.0
1972-11-17 00:00:00,1.0
1972-11-20 00:00:00,1.0
1972-11-21 00:00:00,1.0
1972-11-22 00:00:00,1.0
1972-11-24 00:00:00,1.0
1972-11-27 00:00:00,1.0
1972-11-28 00:00:00,1.0
1972-11-29 00:00:00,1.0
1972-11-30 00:00:00,1.0
1972-12-01 00:00:00,1.0
1972-12-04 00:00:00,1.0
1972-12-05 00:00:00,1.0
1972-12-06 00:00:00,1.0
1972-12-07 00:00:00,1.0
1972-12-08 00:00:00,1.0
1972-12-11 00:00:00,1.0
1972-12-12 00:00:00,1.0
1972-12-13 00:00:00,1.0
1972-12-14 00:00:00,1.0
1972-12-15 00:00:00,1.0
1972-12-18 00:00:00,1.0
1972-12-19 00:00:00,1.0
1972-12-20 00:00:00,1.0
1972-12-21 00:00:00,1.0
1972-12-22 00:00:00,1.0
1972-12-26 00:00:00,1.0
1972-12-27 00:00:00,1.0
1972-12-28 00:00:00,1.0
1972-12-29 00:00:00,1.0
1973-01-02 00:00:00,1.0
1973-01-03 00:00:00,1.0
1973-01-04 00:00:00,1.0
1973-01-05 00:00:00,1.0
1973-01-08 00:00:00,1.0
1973-01-09 00:00:00,1.0
1973-01-10 00:00:00,1.0
1973-01-11 00:00:00,1.0
1973-01-12 00:00:00,1.0
1973-01-15 00:00:00,1.0
1973-01-16 00:00:00,1.0
1973-01-17 00:00:00,1.0
1973-01-18 00:00:00,1.0
1973-01-19 00:00:00,1.0
1973-01-22 00:00:00,1.0
1973-01-23 00:00:00,1.0
1973-01-24 00:00:00,1.0
1973-01-25 00:00:00,1.0
1973-01-26 00:00:00,1.0
1973-01-29 00:00:00,1.0
1973-01-30 00:00:00,1.0
1973-01-31 00:00:00,1.0
1973-02-01 00:00:00,1.0
1973-02-02 00:00:00,1.0
1973-02-05 00:00:00,1.0
1973-02-06 00:00:00,1.0
1973-02-07 00:00:00,1.0
1973-02-08 00:00:00,1.0
1973-02-09 00:00:00,1.0
1973-02-13 00:00:00,1.0
1973-02-14 00:00:00,1.0
1973-02-15 00:00:00,1.0
1973-02-16 00:00:00,1.0
1973-02-20 00:00:00,1.0
1973-02-21 00:00:00,1.0
1973-02-22 00:00:00,1.0
1973-02-23 00:00:00,1.0
1973-02-26 00:00:00,1.0
1973-02-27 00:00:00,1.0
1973-02-28 00:00:00,1.0
1973-03-01 00:00:00,1.0
1973-03-02 00:00:00,1.0
1973-03-05 00:00:00,1.0
1973-03-06 00:00:00,1.0
1973-03-07 00:00:00,1.0
1973-03-08 00:00:00,1.0
1973-03-09 00:00:00,1.0
1973-03-12 00:00:00,1.0
1973-03-13 00:00:00,1.0
1973-03-14 00:00:00,1.0
1973-03-15 00:00:00,1.0
1973-03-16 00:00:00,1.0
1973-03-19 00:00:00,1.0
1973-03-20 00:00:00,1.0
1973-03-21 00:00:00,1.0
1973-03-22 00:00:00,1.0
1973-03-23 00:00:00,1.0
1973-03-26 00:00:00,1.0
1973-03-27 00:00:00,1.0
1973-03-28 00:00:00,1.0
1973-03-29 00:00:00,1.0
1973-03-30 00:00:00,1.0
1973-04-02 00:00:00,1.0
1973-04-03 00:00:00,1.0
1973-04-04 00:00:00,1.0
1973-04-05 00:00:00,1.0
1973-04-06 00:00:00,1.0
1973-04-09 00:00:00,1.0
1973-04-10 00:00:00,1.0
1973-04-11 00:00:00,1.0
1973-04-12 00:00:00,1.0
1973-04-13 00:00:00,1.0
1973-04-16 00:00:00,1.0
1973-04-17 00:00:00,1.0
1973-04-18 00:00:00,1.0
1973-04-19 00:00:00,1.0
1973-04-20 00:00:00,1.0
1973-04-23 00:00:00,1.0
1973-04-24 00:00:00,1.0
1973-04-25 00:00:00,1.0
1973-04-26 00:00:00,1.0
1973-04-27 00:00:00,1.0
1973-04-30 00:00:00,1.0
1973-05-01 00:00:00,1.0
1973-05-02 00:00:00,1.0
1973-05-03 00:00:00,1.0
1973-05-04 00:00:00,1.0
1973-05-07 00:00:00,1.0
1973-05-08 00:00:00,1.0
1973-05-09 00:00:00,1.0
1973-05-10 00:00:00,1.0
1973-05-11 00:00:00,1.0
1973-05-14 00:00:00,1.0
1973-05-15 00:00:00,1.0
1973-05-16 00:00:00,1.0
1973-05-17 00:00:00,1.0
1973-05-18 00:00:00,1.0
1973-05-21 00:00:00,1.0
1973-05-22 00:00:00,1.0
1973-05-23 00:00:00,1.0
1973-05-24 00:00:00,1.0
1973-05-25 00:00:00,1.0
1973-05-29 00:00:00,1.0
1973-05-30 00:00:00,1.0
1973-05-31 00:00:00,1.0
1973-06-01 00:00:00,1.0
1973-06-04 00:00:00,1.0
1973-06-05 00:00:00,1.0
1973-06-06 00:00:00,1.0
1973-06-07 00:00:00,1.0
1973-06-08 00:00:00,1.0
1973-06-11 00:00:00,1.0
1973-06-12 00:00:00,1.0
1973-06-13 00:00:00,1.0
1973-06-14 00:00:00,1.0
1973-06-15 00:00:00,1.0
1973-06-18 00:00:00,1.0
1973-06-19 00:00:00,1.0
1973-06-20 00:00:00,1.0
1973-06-21 00:00:00,1.0
1973-06-22 00:00:00,1.0
1973-06-25 00:00:00,1.0
1973-06-26 00:00:00,1.0
1973-06-27 00:00:00,1.0
1973-06-28 00:00:00,1.0
1973-06-29 00:00:00,1.0
1973-07-02 00:00:00,1.0
1973-07-03 00:00:00,1.0
1973-07-05 00:00:00,1.0
1973-07-06 00:00:00,1.0
1973-07-09 00:00:00,1.0
1973-07-10 00:00:00,1.0
1973-07-11 00:00:00,1.0
1973-07-12 00:00:00,1.0
1973-07-13 00:00:00,1.0
1973-07-16 00:00:00,1.0
1973-07-17 00:00:00,1.0
1973-07-18 00:00:00,1.0
1973-07-19 00:00:00,1.0
1973-07-20 00:00:00,1.0
1973-07-23 00:00:00,1.0
1973-07-24 00:00:00,1.0
1973-07-25 00:00:00,1.0
1973-07-26 00:00:00,1.0
1973-07-27 00:00:00,1.0
1973-07-30 00:00:00,1.0
1973-07-31 00:00:00,1.0
1973-08-01 00:00:00,1.0
1973-08-02 00:00:00,1.0
1973-08-03 00:00:00,1.0
1973-08-06 00:00:00,1.0
1973-08-07 00:00:00,1.0
1973-08-08 00:00:00,1.0
1973-08-09 00:00:00,1.0
1973-08-10 00:00:00,1.0
1973-08-13 00:00:00,1.0
1973-08-14 00:00:00,1.0
1973-08-15 00:00:00,1.0
1973-08-16 00:00:00,1.0
1973-08-17 00:00:00,1.0
1973-08-20 00:00:00,1.0
1973-08-21 00:00:00,1.0
1973-08-22 00:00:00,1.0
1973-08-23 00:00:00,1.0
1973-08-24 00:00:00,1.0
1973-08-27 00:00:00,1.0
1973-08-28 00:00:00,1.0
1973-08-29 00:00:00,1.0
1973-08-30 00:00:00,1.0
1973-08-31 00:00:00,1.0
1973-09-04 00:00:00,1.0
1973-09-05 00:00:00,1.0
1973-09-06 00:00:00,1.0
1973-09-07 00:00:00,1.0
1973-09-10 00:00:00,1.0
1973-09-11 00:00:00,1.0
1973-09-12 00:00:00,1.0
1973-09-13 00:00:00,1.0
1973-09-14 00:00:00,1.0
1973-09-17 00:00:00,1.0
1973-09-18 00:00:00,1.0
1973-09-19 00:00:00,1.0
1973-09-20 00:00:00,1.0
1973-09-21 00:00:00,1.0
1973-09-24 00:00:00,1.0
1973-09-25 00:00:00,1.0
1973-09-26 00:00:00,1.0
1973-09-27 00:00:00,1.0
1973-09-28 00:00:00,1.0
1973-10-01 00:00:00,1.0
1973-10-02 00:00:00,1.0
1973-10-03 00:00:00,1.0
1973-10-04 00:00:00,1.0
1973-10-05 00:00:00,1.0
1973-10-09 00:00:00,1.0
1973-10-10 00:00:00,1.0
1973-10-11 00:00:00,1.0
1973-10-12 00:00:00,1.0
1973-10-15 00:00:00,1.0
1973-10-16 00:00:00,1.0
1973-10-17 00:00:00,1.0
1973-10-18 00:00:00,1.0
1973-10-19 00:00:00,1.0
1973-10-23 00:00:00,1.0
1973-10-24 00:00:00,1.0
1973-10-25 00:00:00,1.0
1973-10-26 00:00:00,1.0
1973-10-29 00:00:00,1.0
1973-10-30 00:00:00,1.0
1973-10-31 00:00:00,1.0
1973-11-01 00:00:00,1.0
1973-11-02 00:00:00,1.0
1973-11-05 00:00:00,1.0
1973-11-07 00:00:00,1.0
1973-11-08 00:00:00,1.0
1973-11-09 00:00:00,1.0
1973-11-12 00:00:00,1.0
1973-11-13 00:00:00,1.0
1973-11-14 00:00:00,1.0
1973-11-15 00:00:00,1.0
1973-11-16 00:00:00,1.0
1973-11-19 00:00:00,1.0
1973-11-20 00:00:00,1.0
1973-11-21 00:00:00,1.0
1973-11-23 00:00:00,1.0
1973-11-26 00:00:00,1.0
1973-11-27 00:00:00,1.0
1973-11-28 00:00:00,1.0
1973-11-29 00:00:00,1.0
1973-11-30 00:00:00,1.0
1973-12-03 00:00:00,1.0
1973-12-04 00:00:00,1.0
1973-12-05 00:00:00,1.0
1973-12-06 00:00:00,1.0
1973-12-07 00:00:00,1.0
1973-12-10 00:00:00,1.0
1973-12-11 00:00:00,1.0
1973-12-12 00:00:00,1.0
1973-12-13 00:00:00,1.0
1973-12-14 00:00:00,1.0
1973-12-17 00:00:00,1.0
1973-12-18 00:00:00,1.0
1973-12-19 00:00:00,1.0
1973-12-20 00:00:00,1.0
1973-12-21 00:00:00,1.0
1973-12-24 00:00:00,1.0
1973-12-26 00:00:00,1.0
1973-12-27 00:00:00,1.0
1973-12-28 00:00:00,1.0
1973-12-31 00:00:00,1.0
1974-01-02 00:00:00,1.0
1974-01-03 00:00:00,1.0
1974-01-04 00:00:00,1.0
1974-01-07 00:00:00,1.0
1974-01-08 00:00:00,1.0
1974-01-09 00:00:00,1.0
1974-01-10 00:00:00,1.0
1974-01-11 00:00:00,1.0
1974-01-14 00:00:00,1.0
1974-01-15 00:00:00,1.0
1974-01-16 00:00:00,1.0
1974-01-17 00:00:00,1.0
1974-01-18 00:00:00,1.0
1974-01-21 00:00:00,1.0
1974-01-22 00:00:00,1.0
1974-01-23 00:00:00,1.0
1974-01-24 00:00:00,1.0
1974-01-25 00:00:00,1.0
1974-01-28 00:00:00,1.0
1974-01-29 00:00:00,1.0
1974-01-30 00:00:00,1.0
1974-01-31 00:00:00,1.0
1974-02-01 00:00:00,1.0
1974-02-04 00:00:00,1.0
1974-02-05 00:00:00,1.0
1974-02-06 00:00:00,1.0
1974-02-07 00:00:00,1.0
1974-02-08 00:00:00,1.0
1974-02-11 00:00:00,1.0
1974-02-13 00:00:00,1.0
1974-02-14 00:00:00,1.0
1974-02-15 00:00:00,1.0
1974-02-19 00:00:00,1.0
1974-02-20 00:00:00,1.0
1974-02-21 00:00:00,1.0
1974-02-22 00:00:00,1.0
1974-02-25 00:00:00,1.0
1974-02-26 00:00:00,1.0
1974-02-27 00:00:00,1.0
1974-02-28 00:00:00,1.0
1974-03-01 00:00:00,1.0
1974-03-04 00:00:00,1.0
1974-03-05 00:00:00,1.0
1974-03-06 00:00:00,1.0
1974-03-07 00:00:00,1.0
1974-03-08 00:00:00,1.0
1974-03-11 00:00:00,1.0
1974-03-12 00:00:00,1.0
1974-03-13 00:00:00,1.0
1974-03-14 00:00:00,1.0
1974-03-15 00:00:00,1.0
1974-03-18 00:00:00,1.0
1974-03-19 00:00:00,1.0
1974-03-20 00:00:00,1.0
1974-03-21 00:00:00,1.0
1974-03-22 00:00:00,1.0
1974-03-25 00:00:00,1.0
1974-03-26 00:00:00,1.0
1974-03-27 00:00:00,1.0
1974-03-28 00:00:00,1.0
1974-03-29 00:00:00,1.0
1974-04-01 00:00:00,1.0
1974-04-02 00:00:00,1.0
1974-04-03 00:00:00,1.0
1974-04-04 00:00:00,1.0
1974-04-05 00:00:00,1.0
1974-04-08 00:00:00,1.0
1974-04-09 00:00:00,1.0
1974-04-10 00:00:00,1.0
1974-04-11 00:00:00,1.0
1974-04-12 00:00:00,1.0
1974-04-15 00:00:00,1.0
1974-04-16 00:00:00,1.0
1974-04-17 00:00:00,1.0
1974-04-18 00:00:00,1.0
1974-04-19 00:00:00,1.0
1974-04-22 00:00:00,1.0
1974-04-23 00:00:00,1.0
1974-04-24 00:00:00,1.0
1974-04-25 00:00:00,1.0
1974-04-26 00:00:00,1.0
1974-04-29 00:00:00,1.0
1974-04-30 00:00:00,1.0
1974-05-01 00:00:00,1.0
1974-05-02 00:00:00,1.0
1974-05-03 00:00:00,1.0
1974-05-06 00:00:00,1.0
1974-05-07 00:00:00,1.0
1974-05-08 00:00:00,1.0
1974-05-09 00:00:00,1.0
1974-05-10 00:00:00,1.0
1974-05-13 00:00:00,1.0
1974-05-14 00:00:00,1.0
1974-05-15 00:00:00,1.0
1974-05-16 00:00:00,1.0
1974-05-17 00:00:00,1.0
1974-05-20 00:00:00,1.0
1974-05-21 00:00:00,1.0
1974-05-22 00:00:00,1.0
1974-05-23 00:00:00,1.0
1974-05-24 00:00:00,1.0
1974-05-28 00:00:00,1.0
1974-05-29 00:00:00,1.0
1974-05-30 00:00:00,1.0
1974-05-31 00:00:00,1.0
1974-06-03 00:00:00,1.0
1974-06-04 00:00:00,1.0
1974-06-05 00:00:00,1.0
1974-06-06 00:00:00,1.0
1974-06-07 00:00:00,1.0
1974-06-10 00:00:00,1.0
1974-06-11 00:00:00,1.0
1974-06-12 00:00:00,1.0
1974-06-13 00:00:00,1.0
1974-06-14 00:00:00,1.0
1974-06-17 00:00:00,1.0
1974-06-18 00:00:00,1.0
1974-06-19 00:00:00,1.0
1974-06-20 00:00:00,1.0
1974-06-21 00:00:00,1.0
1974-06-24 00:00:00,1.0
1974-06-25 00:00:00,1.0
1974-06-26 00:00:00,1.0
1974-06-27 00:00:00,1.0
1974-06-28 00:00:00,1.0
1974-07-01 00:00:00,1.0
1974-07-02 00:00:00,1.0
1974-07-03 00:00:00,1.0
1974-07-05 00:00:00,1.0
1974-07-08 00:00:00,1.0
1974-07-09 00:00:00,1.0
1974-07-10 00:00:00,1.0
1974-07-11 00:00:00,1.0
1974-07-12 00:00:00,1.0
1974-07-15 00:00:00,1.0
1974-07-16 00:00:00,1.0
1974-07-17 00:00:00,1.0
1974-07-18 00:00:00,1.0
1974-07-19 00:00:00,1.0
1974-07-22 00:00:00,1.0
1974-07-23 00:00:00,1.0
1974-07-24 00:00:00,1.0
1974-07-25 00:00:00,1.0
1974-07-26 00:00:00,1.0
1974-07-29 00:00:00,1.0
1974-07-30 00:00:00,1.0
1974-07-31 00:00:00,1.0
1974-08-01 00:00:00,1.0
1974-08-02 00:00:00,1.0
1974-08-05 00:00:00,1.0
1974-08-06 00:00:00,1.0
1974-08-07 00:00:00,1.0
1974-08-08 00:00:00,1.0
1974-08-09 00:00:00,1.0
1974-08-12 00:00:00,1.0
1974-08-13 00:00:00,1.0
1974-08-14 00:00:00,1.0
1974-08-15 00:00:00,1.0
1974-08-16 00:00:00,1.0
1974-08-19 00:00:00,1.005929272374717
1974-08-20 00:00:00,1.0077961115657694
1974-08-21 00:00:00,1.0066695789372793
1974-08-22 00:00:00,1.010674540856576
1974-08-23 00:00:00,1.0065546364085436
1974-08-26 00:00:00,1.005641916052878
1974-08-27 00:00:00,1.0107159393362972
1974-08-28 00:00:00,1.008092720798036
1974-08-29 00:00:00,1.0088904986249658
1974-08-30 00:00:00,1.0089613147242926
1974-09-03 00:00:00,1.011555115642948
1974-09-04 00:00:00,1.0100009584688092
1974-09-05 00:00:00,1.0110125485685637
1974-09-06 00:00:00,1.0111261271224554
1974-09-09 00:00:00,1.01004235694853
1974-09-10 00:00:00,1.008488199774391
1974-09-11 00:00:00,1.0090721653284966
1974-09-12 00:00:00,1.0088008817913043
1974-09-13 00:00:00,1.0102400964367078
1974-09-16 00:00:00,1.0096267132629964
1974-09-17 00:00:00,1.0079870311797274
1974-09-18 00:00:00,1.0068604985512375
1974-09-19 00:00:00,1.0087273377422898
1974-09-20 00:00:00,1.009011966114441
1974-09-23 00:00:00,1.0079709583950807
1974-09-24 00:00:00,1.008640448858316
1974-09-25 00:00:00,1.0080698281391696
1974-09-26 00:00:00,1.0050189850552593
1974-09-27 00:00:00,1.0011128928800512
1974-09-30 00:00:00,1.000841609342859
1974-10-01 00:00:00,0.9992019272595902
1974-10-02 00:00:00,1.0002990422684743
1974-10-03 00:00:00,1.0030211305508245
1974-10-04 00:00:00,0.9995426629212654
1974-10-07 00:00:00,0.9991858544749432
1974-10-08 00:00:00,0.9997270575744841
1974-10-09 00:00:00,0.9968045018542684
1974-10-10 00:00:00,1.0035890233202833
1974-10-11 00:00:00,0.9996829311450752
1974-10-15 00:00:00,1.0009083335176543
1974-10-16 00:00:00,0.9996962759800344
1974-10-17 00:00:00,1.0001091917158804
1974-10-18 00:00:00,1.0001372453606423
1974-10-21 00:00:00,1.0011488354603968
1974-10-22 00:00:00,1.0012624140142885
1974-10-23 00:00:00,0.9999220691129739
1974-10-24 00:00:00,1.000292222394255
1974-10-25 00:00:00,0.999507789402284
1974-10-28 00:00:00,0.9998351802290002
1974-10-29 00:00:00,0.9989652223278994
1974-10-30 00:00:00,0.9984801265178828
1974-10-31 00:00:00,0.9982943678898202
1974-11-01 00:00:00,0.9971678352613301
1974-11-04 00:00:00,0.9949722412687176
1974-11-06 00:00:00,0.9931187469126245
1974-11-07 00:00:00,0.9934033752847757
1974-11-08 00:00:00,0.9982208238408057
1974-11-12 00:00:00,1.013557836219799
1974-11-13 00:00:00,1.0117898667728353
1974-11-14 00:00:00,1.007242337779154
1974-11-15 00:00:00,1.0067572419691373
1974-11-18 00:00:00,0.9990025288830888
1974-11-19 00:00:00,1.0027936785295612
1974-11-20 00:00:00,1.0043611805386594
1974-11-21 00:00:00,1.0037477973649478
1974-11-22 00:00:00,1.0041179506462292
1974-11-25 00:00:00,1.0031197053814336
1974-11-26 00:00:00,1.0020786976620732
1974-11-27 00:00:00,1.0019357014885757
1974-11-29 00:00:00,1.0015361305876886
1974-12-02 00:00:00,1.0019062838689698
1974-12-03 00:00:00,1.0022764371502508
1974-12-04 00:00:00,1.0005084677032874
1974-12-05 00:00:00,0.9998095596204463
1974-12-06 00:00:00,0.9994527511741242
1974-12-09 00:00:00,0.9971288698178171
1974-12-10 00:00:00,1.0016897436464578
1974-12-11 00:00:00,1.0052670810201056
1974-12-12 00:00:00,1.0093575678485323
1974-12-13 00:00:00,1.006306724764622
1974-12-16 00:00:00,0.9992789734061769
1974-12-17 00:00:00,0.9970833794135645
1974-12-18 00:00:00,0.9939470114205244
1974-12-19 00:00:00,0.9990210347039437
1974-12-20 00:00:00,1.0006740616221714
1974-12-23 00:00:00,0.9989060921752081
1974-12-24 00:00:00,0.9982071840923669
1974-12-26 00:00:00,0.9977220882823501
1974-12-27 00:00:00,0.9928752221067144
1974-12-30 00:00:00,0.9916204021145295
1974-12-31 00:00:00,0.991135306304513
1975-01-02 00:00:00,0.9970645786792298
1975-01-03 00:00:00,0.993415061231411
1975-01-06 00:00:00,0.9881833329646913
1975-01-07 00:00:00,0.9879120494274992
1975-01-08 00:00:00,0.9908479499826739
1975-01-09 00:00:00,0.989507605081359
1975-01-10 00:00:00,0.9885948847256936
1975-01-13 00:00:00,0.9880670264611119
1975-01-14 00:00:00,0.990361490197813
1975-01-15 00:00:00,0.9875672218412923
1975-01-16 00:00:00,0.9877235628497488
1975-01-17 00:00:00,0.9880937161310299
1975-01-20 00:00:00,0.9852566853199441
1975-01-21 00:00:00,0.983274903600156
1975-01-22 00:00:00,0.977872125515177
1975-01-23 00:00:00,0.9754627192497402
1975-01-24 00:00:00,0.9745499988940742
1975-01-27 00:00:00,0.9671367226264994
1975-01-28 00:00:00,0.9671367226264994
1975-01-29 00:00:00,0.9671367226264994
1975-01-30 00:00:00,0.9671367226264994
1975-01-31 00:00:00,0.9671367226264994
1975-02-03 00:00:00,0.9671367226264994
1975-02-04 00:00:00,0.9671367226264994
1975-02-05 00:00:00,0.9671367226264994
1975-02-06 00:00:00,0.9671367226264994
1975-02-07 00:00:00,0.9671367226264994
1975-02-10 00:00:00,0.9671367226264994
1975-02-11 00:00:00,0.9671367226264994
1975-02-13 00:00:00,0.9671367226264994
1975-02-14 00:00:00,0.9671367226264994
1975-02-18 00:00:00,0.9671367226264994
1975-02-19 00:00:00,0.9671367226264994
1975-02-20 00:00:00,0.9671367226264994
1975-02-21 00:00:00,0.9671367226264994
1975-02-24 00:00:00,0.9671367226264994
1975-02-25 00:00:00,0.9671367226264994
1975-02-26 00:00:00,0.9671367226264994
1975-02-27 00:00:00,0.9671367226264994
1975-02-28 00:00:00,0.9671367226264994
1975-03-03 00:00:00,0.9671367226264994
1975-03-04 00:00:00,0.9671367226264994
1975-03-05 00:00:00,0.9671367226264994
1975-03-06 00:00:00,0.9671367226264994
1975-03-07 00:00:00,0.9671367226264994
1975-03-10 00:00:00,0.9671367226264994
1975-03-11 00:00:00,0.9671367226264994
1975-03-12 00:00:00,0.9671367226264994
1975-03-13 00:00:00,0.9671367226264994
1975-03-14 00:00:00,0.9671367226264994
1975-03-17 00:00:00,0.9671367226264994
1975-03-18 00:00:00,0.9671367226264994
1975-03-19 00:00:00,0.9671367226264994
1975-03-20 00:00:00,0.9671367226264994
1975-03-21 00:00:00,0.9671367226264994
1975-03-24 00:00:00,0.9671367226264994
1975-03-25 00:00:00,0.9671367226264994
1975-03-26 00:00:00,0.9671367226264994
1975-03-27 00:00:00,0.9671367226264994
1975-03-28 00:00:00,0.9671367226264994
1975-03-31 00:00:00,0.9671367226264994
1975-04-01 00:00:00,0.9671367226264994
1975-04-02 00:00:00,0.9671367226264994
1975-04-03 00:00:00,0.9671367226264994
1975-04-04 00:00:00,0.9671367226264994
1975-04-07 00:00:00,0.9671367226264994
1975-04-08 00:00:00,0.9671367226264994
1975-04-09 00:00:00,0.9671367226264994
1975-04-10 00:00:00,0.9671367226264994
1975-04-11 00:00:00,0.9671367226264994
1975-04-14 00:00:00,0.9671367226264994
1975-04-15 00:00:00,0.9671367226264994
1975-04-16 00:00:00,0.9671367226264994
1975-04-17 00:00:00,0.9671367226264994
1975-04-18 00:00:00,0.9671367226264994
1975-04-21 00:00:00,0.9671367226264994
1975-04-22 00:00:00,0.9671367226264994
1975-04-23 00:00:00,0.9671367226264994
1975-04-24 00:00:00,0.9671367226264994
1975-04-25 00:00:00,0.9671367226264994
1975-04-28 00:00:00,0.9671367226264994
1975-04-29 00:00:00,0.9629586476324208
1975-04-30 00:00:00,0.9649643112740612
1975-05-01 00:00:00,0.966063026582463
1975-05-02 00:00:00,0.9707070853753437
1975-05-05 00:00:00,0.969126180608267
1975-05-06 00:00:00,0.9698950965227638
1975-05-07 00:00:00,0.9700868634979266
1975-05-08 00:00:00,0.9688357581247549
1975-05-09 00:00:00,0.9785917075231637
1975-05-12 00:00:00,0.9859566113157611
1975-05-13 00:00:00,0.9828091594276354
1975-05-14 00:00:00,0.9821352029937978
1975-05-15 00:00:00,0.9851714897413915
1975-05-16 00:00:00,0.9843738585348394
1975-05-19 00:00:00,0.9840297014949064
1975-05-20 00:00:00,0.9836443195307355
1975-05-21 00:00:00,0.9791776700669899
1975-05-22 00:00:00,0.9739689719669579
1975-05-23 00:00:00,0.9741195140178827
1975-05-27 00:00:00,0.9740639314476168
1975-05-28 00:00:00,0.9766879689528293
1975-05-29 00:00:00,0.9780752587308977
1975-05-30 00:00:00,0.9782258007818226
1975-06-02 00:00:00,0.9765212212420317
1975-06-03 00:00:00,0.9763419638990513
1975-06-04 00:00:00,0.9772345545862623
1975-06-05 00:00:00,0.9753238504252808
1975-06-06 00:00:00,0.9764225657336822
1975-06-09 00:00:00,0.9774800561178459
1975-06-10 00:00:00,0.9778367227899614
1975-06-11 00:00:00,0.9920037390818499
1975-06-12 00:00:00,0.9935971534811092
1975-06-13 00:00:00,0.9910680754565554
1975-06-16 00:00:00,0.9945166114465306
1975-06-17 00:00:00,0.9956977766034086
1975-06-18 00:00:00,0.9952711697149995
1975-06-19 00:00:00,0.9949682375993049
1975-06-20 00:00:00,0.9951187796502294
1975-06-23 00:00:00,0.9956815709435356
1975-06-24 00:00:00,1.0016036023877983
1975-06-25 00:00:00,1.0017541444387232
1975-06-26 00:00:00,1.008088425125367
1975-06-27 00:00:00,1.0146288304332018
1975-06-30 00:00:00,1.0275590989979466
1975-07-01 00:00:00,1.0211136531707707
1975-07-02 00:00:00,1.024974438403127
1975-07-03 00:00:00,1.0269801020447675
1975-07-07 00:00:00,1.0304286380347427
1975-07-08 00:00:00,1.0268689369042356
1975-07-09 00:00:00,1.0220724880465852
1975-07-10 00:00:00,1.025108774794179
1975-07-11 00:00:00,1.0246409429815317
1975-07-14 00:00:00,1.027883354350316
1975-07-15 00:00:00,1.0315380149614817
1975-07-16 00:00:00,1.0304518092852626
1975-07-17 00:00:00,1.0327872723208085
1975-07-18 00:00:00,1.0344631365685437
1975-07-21 00:00:00,1.0342014293770871
1975-07-22 00:00:00,1.033115223700868
1975-07-23 00:00:00,1.0322351426458396
1975-07-24 00:00:00,1.0327979339391458
1975-07-25 00:00:00,1.0327423513688798
1975-07-28 00:00:00,1.033717391904567
1975-07-29 00:00:00,1.033867933955492
1975-07-30 00:00:00,1.0389654669149921
1975-07-31 00:00:00,1.0426201275261577
1975-08-01 00:00:00,1.0452441650313702
1975-08-04 00:00:00,1.047662077915392
1975-08-05 00:00:00,1.0480187445875075
1975-08-06 00:00:00,1.0531162775470075
1975-08-07 00:00:00,1.0629546767938927
1975-08-08 00:00:00,1.0628990942236267
1975-08-11 00:00:00,1.0636680101381235
1975-08-12 00:00:00,1.0629940537042857
1975-08-13 00:00:00,1.0612894741644947
1975-08-14 00:00:00,1.0610277669730381
1975-08-15 00:00:00,1.0609721844027722
1975-08-18 00:00:00,1.0609166018325062
1975-08-19 00:00:00,1.0569446514596181
1975-08-20 00:00:00,1.0562706950257803
1975-08-21 00:00:00,1.0595131063945646
1975-08-22 00:00:00,1.0615187700362054
1975-08-25 00:00:00,1.06166931208713
1975-08-26 00:00:00,1.0601708571685295
1975-08-27 00:00:00,1.059496900734692
1975-08-28 00:00:00,1.059853567406807
1975-08-29 00:00:00,1.0595918602153507
1975-09-02 00:00:00,1.059948526887466
1975-09-03 00:00:00,1.0586561965900563
1975-09-04 00:00:00,1.060043486368125
1975-09-05 00:00:00,1.0597817791766684
1975-09-08 00:00:00,1.05890169812164
1975-09-09 00:00:00,1.0594644894149459
1975-09-10 00:00:00,1.0589966576022989
1975-09-11 00:00:00,1.0591471996532236
1975-09-12 00:00:00,1.060534489431292
1975-09-15 00:00:00,1.0608911561034076
1975-09-16 00:00:00,1.067019312168861
1975-09-17 00:00:00,1.0708800974012174
1975-09-18 00:00:00,1.0718551379369046
1975-09-19 00:00:00,1.0711811815030667
1975-09-22 00:00:00,1.0748358421142323
1975-09-23 00:00:00,1.0859109890882614
1975-09-24 00:00:00,1.0856492818968049
1975-09-25 00:00:00,1.0845630762205858
1975-09-26 00:00:00,1.085538116756273
1975-09-29 00:00:00,1.0887805281250573
1975-09-30 00:00:00,1.0860453254793132
1975-10-01 00:00:00,1.0872264906361913
1975-10-02 00:00:00,1.0877892819294972
1975-10-03 00:00:00,1.0881459486016125
1975-10-06 00:00:00,1.0858229951982497
1975-10-07 00:00:00,1.0863857864915558
1975-10-08 00:00:00,1.0857118300577178
1975-10-09 00:00:00,1.0838011258967364
1975-10-10 00:00:00,1.0794169262814668
1975-10-14 00:00:00,1.0836899607562045
1975-10-15 00:00:00,1.0803363842468883
1975-10-16 00:00:00,1.0802808016766223
1975-10-17 00:00:00,1.0794007206215939
1975-10-20 00:00:00,1.0779022657029935
1975-10-21 00:00:00,1.0778466831327276
1975-10-22 00:00:00,1.0722257357903144
1975-10-23 00:00:00,1.0754681471590988
1975-10-24 00:00:00,1.0741758168616888
1975-10-27 00:00:00,1.0743263589126137
1975-10-28 00:00:00,1.0755075240694918
1975-10-29 00:00:00,1.0746274430144631
1975-10-30 00:00:00,1.0729228634746721
1975-10-31 00:00:00,1.0703937854501187
1975-11-03 00:00:00,1.0717810752281873
1975-11-05 00:00:00,1.0758479850817342
1975-11-06 00:00:00,1.0741434055419432
1975-11-07 00:00:00,1.075324570698821
1975-11-10 00:00:00,1.0750628635073647
1975-11-12 00:00:00,1.0760379040430519
1975-11-13 00:00:00,1.0803109385177896
1975-11-14 00:00:00,1.0833472252653833
1975-11-17 00:00:00,1.0888570074672648
1975-11-18 00:00:00,1.0873585525486644
1975-11-19 00:00:00,1.085241723766492
1975-11-20 00:00:00,1.0829187703631291
1975-11-21 00:00:00,1.084718309383579
1975-11-24 00:00:00,1.0863117237828381
1975-11-25 00:00:00,1.0863385910610486
1975-11-26 00:00:00,1.0884679294754036
1975-11-28 00:00:00,1.093359337813713
1975-12-01 00:00:00,1.092891506001066
1975-12-02 00:00:00,1.0932481726731813
1975-12-03 00:00:00,1.0915435931333903
1975-12-04 00:00:00,1.0894267643512179
1975-12-05 00:00:00,1.091638552614049
1975-12-08 00:00:00,1.0917890946649738
1975-12-09 00:00:00,1.0919396367158987
1975-12-10 00:00:00,1.091677929524442
1975-12-11 00:00:00,1.0920345961965576
1975-12-12 00:00:00,1.093421885974626
1975-12-15 00:00:00,1.0939846772679322
1975-12-16 00:00:00,1.0933107208340942
1975-12-17 00:00:00,1.0918947157639702
1975-12-18 00:00:00,1.0918391331937043
1975-12-19 00:00:00,1.091948450320391
1975-12-22 00:00:00,1.091934092674363
1975-12-23 00:00:00,1.091796060255621
1975-12-24 00:00:00,1.091122103821783
1975-12-26 00:00:00,1.0910665212515172
1975-12-29 00:00:00,1.091217063302442
1975-12-30 00:00:00,1.0907492314897949
1975-12-31 00:00:00,1.090693648919529
1976-01-02 00:00:00,1.0902258171068817
1976-01-05 00:00:00,1.0868722405975655
1976-01-06 00:00:00,1.0868166580272995
1976-01-07 00:00:00,1.0859365769722713
1976-01-08 00:00:00,1.086087119023196
1976-01-09 00:00:00,1.0874744088012647
1976-01-12 00:00:00,1.087212701609808
1976-01-13 00:00:00,1.08963061449383
1976-01-14 00:00:00,1.0887505334388015
1976-01-15 00:00:00,1.088488826247345
1976-01-16 00:00:00,1.0876087451923164
1976-01-19 00:00:00,1.0863164148949067
1976-01-20 00:00:00,1.0870853308094033
1976-01-21 00:00:00,1.0899154929358066
1976-01-22 00:00:00,1.0900660349867313
1976-01-23 00:00:00,1.0900104524164653
1976-01-26 00:00:00,1.0890479215129607
1976-01-27 00:00:00,1.0886625395487899
1976-01-28 00:00:00,1.0874938840240942
1976-01-29 00:00:00,1.086902377438733
1976-01-30 00:00:00,1.0870529194896574
1976-02-02 00:00:00,1.0874095861617727
1976-02-03 00:00:00,1.0877250279096502
1976-02-04 00:00:00,1.0862265729910499
1976-02-05 00:00:00,1.087448963072166
1976-02-06 00:00:00,1.088011754365472
1976-02-09 00:00:00,1.087337797931634
1976-02-10 00:00:00,1.0879005892249403
1976-02-11 00:00:00,1.0865670340032922
1976-02-13 00:00:00,1.0886139225691709
1976-02-17 00:00:00,1.0894240634079058
1976-02-18 00:00:00,1.0887088820498299
1976-02-19 00:00:00,1.0888594241007545
1976-02-20 00:00:00,1.0885152670608218
1976-02-23 00:00:00,1.088129885096651
1976-02-24 00:00:00,1.088074302526385
1976-02-25 00:00:00,1.0875240208652617
1976-02-26 00:00:00,1.087550888143472
1976-02-27 00:00:00,1.087825104967111
1976-03-01 00:00:00,1.0883054464119408
1976-03-02 00:00:00,1.0882910887659132
1976-03-03 00:00:00,1.0879469317259802
1976-03-04 00:00:00,1.0924260908219083
1976-03-05 00:00:00,1.106593107113797
1976-03-08 00:00:00,1.1219968711328294
1976-03-09 00:00:00,1.122147413183754
1976-03-10 00:00:00,1.1338409340213549
1976-03-11 00:00:00,1.1253342419822727
1976-03-12 00:00:00,1.128576653351057
1976-03-15 00:00:00,1.129757818507935
1976-03-16 00:00:00,1.1335361538918152
1976-03-17 00:00:00,1.1300589026097845
1976-03-18 00:00:00,1.1288490221608511
1976-03-19 00:00:00,1.1299477374692528
1976-03-22 00:00:00,1.12960358042932
1976-03-23 00:00:00,1.128187575359196
1976-03-24 00:00:00,1.12747239400112
1976-03-25 00:00:00,1.1287360090064742
1976-03-26 00:00:00,1.1300820738603046
1976-03-29 00:00:00,1.1312632390171826
1976-03-30 00:00:00,1.1318260303104888
1976-03-31 00:00:00,1.1316055480432703
1976-04-01 00:00:00,1.1447007163049674
1976-04-02 00:00:00,1.1500043738856582
1976-04-05 00:00:00,1.1526284113908707
1976-04-06 00:00:00,1.1544279504113206
1976-04-07 00:00:00,1.1518164225382908
1976-04-08 00:00:00,1.165035265572702
1976-04-09 00:00:00,1.1639490598964832
1976-04-12 00:00:00,1.1603893587659764
1976-04-13 00:00:00,1.1570357822566602
1976-04-14 00:00:00,1.1555373273380598
1976-04-15 00:00:00,1.1573368663585097
1976-04-16 00:00:00,1.156456785303481
1976-04-19 00:00:00,1.1564012027332153
1976-04-20 00:00:00,1.1592313648596184
1976-04-21 00:00:00,1.1620615269860215
1976-04-22 00:00:00,1.1665406860819498
1976-04-23 00:00:00,1.1706075959354967
1976-04-26 00:00:00,1.1707581379864216
1976-04-27 00:00:00,1.1690535584466306
1976-04-28 00:00:00,1.1652877326949331
1976-04-29 00:00:00,1.161315782322045
1976-04-30 00:00:00,1.1616724489941603
1976-05-03 00:00:00,1.16656385733247
1976-05-04 00:00:00,1.1675388978681571
1976-05-05 00:00:00,1.1678543396160346
1976-05-06 00:00:00,1.1688706050759599
1976-05-07 00:00:00,1.1684027732633129
1976-05-10 00:00:00,1.1650491967539964
1976-05-11 00:00:00,1.1639629910777776
1976-05-12 00:00:00,1.1618461622956051
1976-05-13 00:00:00,1.1663253213915334
1976-05-14 00:00:00,1.1708044804874618
1976-05-17 00:00:00,1.175902013446962
1976-05-18 00:00:00,1.1731668108012177
1976-05-19 00:00:00,1.1741418513369049
1976-05-20 00:00:00,1.1751168918725923
1976-05-21 00:00:00,1.1855736649830493
1976-05-24 00:00:00,1.1797465930194453
1976-05-25 00:00:00,1.183071454236706
1976-05-26 00:00:00,1.1891171604536832
1976-05-27 00:00:00,1.189267702504608
1976-05-28 00:00:00,1.193746861600536
1976-06-01 00:00:00,1.1959586498633672
1976-06-02 00:00:00,1.2097134169128745
1976-06-03 00:00:00,1.2144399255542315
1976-06-04 00:00:00,1.2112512487418678
1976-06-07 00:00:00,1.1949118210975411
1976-06-08 00:00:00,1.1892496488308897
1976-06-09 00:00:00,1.1894414158060527
1976-06-10 00:00:00,1.1887674593722148
1976-06-11 00:00:00,1.188794326650425
1976-06-14 00:00:00,1.1888624188528736
1976-06-15 00:00:00,1.1861272162071295
1976-06-16 00:00:00,1.1864838828792448
1976-06-17 00:00:00,1.1864283003089788
1976-06-18 00:00:00,1.186991091602285
1976-06-21 00:00:00,1.1869767339562571
1976-06-22 00:00:00,1.1877044249465158
1976-06-23 00:00:00,1.1874427177550593
1976-06-24 00:00:00,1.1877993844271746
1976-06-25 00:00:00,1.18749645231148
1976-06-28 00:00:00,1.1865751463322134
1976-06-29 00:00:00,1.1843346427773267
1976-06-30 00:00:00,1.1820116893739638
1976-07-01 00:00:00,1.1798948605917914
1976-07-02 00:00:00,1.179385803854906
1976-07-06 00:00:00,1.1747130297699697
1976-07-07 00:00:00,1.1745749973512276
1976-07-08 00:00:00,1.182970524249778
1976-07-09 00:00:00,1.1839455647854653
1976-07-12 00:00:00,1.1799323894883393
1976-07-13 00:00:00,1.180742530327074
1976-07-14 00:00:00,1.1833665678322864
1976-07-15 00:00:00,1.1835171098832111
1976-07-16 00:00:00,1.1851105242824704
1976-07-19 00:00:00,1.1858794401969672
1976-07-20 00:00:00,1.1827319883088416
1976-07-21 00:00:00,1.1818931321780513
1976-07-22 00:00:00,1.1820024493047379
1976-07-23 00:00:00,1.1824415658253296
1976-07-26 00:00:00,1.1837051808306838
1976-07-27 00:00:00,1.1824540754575121
1976-07-28 00:00:00,1.1782760004634334
1976-07-29 00:00:00,1.1809000379686458
1976-07-30 00:00:00,1.18084445539838
1976-08-02 00:00:00,1.1795521251009702
1976-08-03 00:00:00,1.1794965425307042
1976-08-04 00:00:00,1.1768437897334363
1976-08-05 00:00:00,1.179179252768982
1976-08-06 00:00:00,1.1789999954260018
1976-08-09 00:00:00,1.177419090658925
1976-08-10 00:00:00,1.1786002558158029
1976-08-11 00:00:00,1.1784209984728227
1976-08-12 00:00:00,1.1802617624175107
1976-08-13 00:00:00,1.1817315020440555
1976-08-16 00:00:00,1.1817171443980277
1976-08-17 00:00:00,1.1796003156158554
1976-08-18 00:00:00,1.180946380469686
1976-08-19 00:00:00,1.181509171762992
1976-08-20 00:00:00,1.181742163662393
1976-08-23 00:00:00,1.1810269823043171
1976-08-24 00:00:00,1.1838159195064821
1976-08-25 00:00:00,1.1858628080723608
1976-08-26 00:00:00,1.1850239519415704
1976-08-27 00:00:00,1.1859165426287814
1976-08-30 00:00:00,1.1837997138466092
1976-08-31 00:00:00,1.18271350817039
1976-09-01 00:00:00,1.1836885487060773
1976-09-02 00:00:00,1.184457464620574
1976-09-03 00:00:00,1.1846080066714988
1976-09-07 00:00:00,1.1850883481163286
1976-09-08 00:00:00,1.1849090907733484
1976-09-09 00:00:00,1.1945413653990427
1976-09-10 00:00:00,1.1924245366168704
1976-09-13 00:00:00,1.1944302002585108
1976-09-14 00:00:00,1.197878736248486
1976-09-15 00:00:00,1.200049299587079
1976-09-16 00:00:00,1.1978912458806685
1976-09-17 00:00:00,1.1999793593707855
1976-09-20 00:00:00,1.2047883178606187
1976-09-21 00:00:00,1.2072886805931167
1976-09-22 00:00:00,1.207233098022851
1976-09-23 00:00:00,1.2093624364372058
1976-09-24 00:00:00,1.2114917748515608
1976-09-27 00:00:00,1.2221134476589701
1976-09-28 00:00:00,1.2399907071322902
1976-09-29 00:00:00,1.227361522669395
1976-09-30 00:00:00,1.2299855601746077
1976-10-01 00:00:00,1.227456482150054
1976-10-04 00:00:00,1.2255457779890722
1976-10-05 00:00:00,1.2283759401154755
1976-10-06 00:00:00,1.233267348453785
1976-10-07 00:00:00,1.2278525257325623
1976-10-08 00:00:00,1.2288275662682497
1976-10-12 00:00:00,1.2322761022582247
1976-10-13 00:00:00,1.23197317014253
1976-10-14 00:00:00,1.2381425511322215
1976-10-15 00:00:00,1.2335522268957617
1976-10-18 00:00:00,1.2315590728863035
1976-10-19 00:00:00,1.2343892350127068
1976-10-20 00:00:00,1.2349108013817744
1976-10-21 00:00:00,1.2347727689630323
1976-10-22 00:00:00,1.2340163626807183
1976-10-25 00:00:00,1.255892439805137
1976-10-26 00:00:00,1.2521266140534395
1976-10-27 00:00:00,1.2607282655731806
1976-10-28 00:00:00,1.2674747955022059
1976-10-29 00:00:00,1.2585558542207425
1976-11-01 00:00:00,1.2587063962716671
1976-11-03 00:00:00,1.2504058288537756
1976-11-04 00:00:00,1.2431358845418372
1976-11-05 00:00:00,1.2430803019715713
1976-11-08 00:00:00,1.2469410872039277
1976-11-09 00:00:00,1.2416499392554194
1976-11-10 00:00:00,1.239491885549009
1976-11-12 00:00:00,1.241621223963364
1976-11-15 00:00:00,1.2366186504845227
1976-11-16 00:00:00,1.235449994959827
1976-11-17 00:00:00,1.226407378905649
1976-11-18 00:00:00,1.2261456717141925
1976-11-19 00:00:00,1.2203185997505888
1976-11-22 00:00:00,1.2338672421789054
1976-11-23 00:00:00,1.2348422827145926
1976-11-24 00:00:00,1.2331377031748016
1976-11-26 00:00:00,1.2337004944681076
1976-11-29 00:00:00,1.2326555137161266
1976-11-30 00:00:00,1.2315280831156694
1976-12-01 00:00:00,1.226814084106495
1976-12-02 00:00:00,1.2262638024453716
1976-12-03 00:00:00,1.2265380192690107
1976-12-06 00:00:00,1.2289559321530326
1976-12-07 00:00:00,1.223005185416714
1976-12-08 00:00:00,1.223155727467639
1976-12-09 00:00:00,1.223306269518564
1976-12-10 00:00:00,1.2234568115694884
1976-12-13 00:00:00,1.2176297396058846
1976-12-14 00:00:00,1.2210782755958596
1976-12-15 00:00:00,1.2241145623434535
1976-12-16 00:00:00,1.2259141013639032
1976-12-17 00:00:00,1.222560524854587
1976-12-20 00:00:00,1.2183824498605083
1976-12-21 00:00:00,1.219151365775005
1976-12-22 00:00:00,1.2165398379019752
1976-12-23 00:00:00,1.216772829801376
1976-12-24 00:00:00,1.2146560010192038
1976-12-27 00:00:00,1.2127452968582222
1976-12-28 00:00:00,1.2114529665608122
1976-12-29 00:00:00,1.207687140809115
1976-12-30 00:00:00,1.2103111783143274
1976-12-31 00:00:00,1.2096372218804896
1977-01-03 00:00:00,1.20834489158308
1977-01-04 00:00:00,1.2064341874220983
1977-01-05 00:00:00,1.2054716565185934
1977-01-06 00:00:00,1.2075597700087102
1977-01-07 00:00:00,1.2072980628172538
1977-01-10 00:00:00,1.2061294072925584
1977-01-11 00:00:00,1.2064860739646737
1977-01-12 00:00:00,1.2069251904852654
1977-01-13 00:00:00,1.2050144863242838
1977-01-14 00:00:00,1.205041353602494
1977-01-17 00:00:00,1.2037490233050843
1977-01-18 00:00:00,1.2029926170227703
1977-01-19 00:00:00,1.2017002867253606
1977-01-20 00:00:00,1.2024692026398571
1977-01-21 00:00:00,1.2025372948423056
1977-01-24 00:00:00,1.2014098642418483
1977-01-25 00:00:00,1.2010657072019155
1977-01-26 00:00:00,1.2014635987982691
1977-01-27 00:00:00,1.202314964561242
1977-01-28 00:00:00,1.2035785795665963
1977-01-31 00:00:00,1.2026984985115678
1977-02-01 00:00:00,1.2025192411685877
1977-02-02 00:00:00,1.202175084128655
1977-02-03 00:00:00,1.2032325745128183
1977-02-04 00:00:00,1.2025998430032188
1977-02-07 00:00:00,1.202626710281429
1977-02-08 00:00:00,1.2020764286203056
1977-02-09 00:00:00,1.2011963475652772
1977-02-10 00:00:00,1.2019240385555356
1977-02-11 00:00:00,1.2033113283336043
1977-02-14 00:00:00,1.2096043840960102
1977-02-15 00:00:00,1.2068279565260278
1977-02-16 00:00:00,1.20549440130438
1977-02-17 00:00:00,1.2059335178249717
1977-02-18 00:00:00,1.206331409421325
1977-02-22 00:00:00,1.2050803040481535
1977-02-23 00:00:00,1.204818596856697
1977-02-24 00:00:00,1.2046805644379548
1977-02-25 00:00:00,1.2043776323222604
1977-02-28 00:00:00,1.2024669281612785
1977-03-01 00:00:00,1.2023288957425362
1977-03-02 00:00:00,1.201778614081413
1977-03-03 00:00:00,1.202052830905052
1977-03-04 00:00:00,1.201626224016643
1977-03-07 00:00:00,1.2004987934161857
1977-03-08 00:00:00,1.2002783111489672
1977-03-09 00:00:00,1.1999753790332728
1977-03-10 00:00:00,1.2008679697204838
1977-03-11 00:00:00,1.1999054388169792
1977-03-14 00:00:00,1.1993551571558556
1977-03-15 00:00:00,1.1993820244340658
1977-03-16 00:00:00,1.1992027670910856
1977-03-17 00:00:00,1.1993120842177722
1977-03-18 00:00:00,1.2001222250565071
1977-03-21 00:00:00,1.1998605178650505
1977-03-22 00:00:00,1.2001759596129278
1977-03-23 00:00:00,1.1994607782548519
1977-03-24 00:00:00,1.1994876455330623
1977-03-25 00:00:00,1.1995557377355106
1977-03-28 00:00:00,1.19917035577134
1977-03-29 00:00:00,1.198784973807169
1977-03-30 00:00:00,1.1981110173733311
1977-03-31 00:00:00,1.198302784348494
1977-04-01 00:00:00,1.198494551323657
1977-04-04 00:00:00,1.1982740690564384
1977-04-05 00:00:00,1.1982597114104108
1977-04-06 00:00:00,1.198575153158288
1977-04-07 00:00:00,1.1985607955122604
1977-04-08 00:00:00,1.198670112638947
1977-04-11 00:00:00,1.1985320802202049
1977-04-12 00:00:00,1.19822914810451
1977-04-13 00:00:00,1.1979674409130536
1977-04-14 00:00:00,1.1984890072821215
1977-04-15 00:00:00,1.198515874560332
1977-04-18 00:00:00,1.1978831430507322
1977-04-19 00:00:00,1.1979512352531805
1977-04-20 00:00:00,1.1976895280617241
1977-04-21 00:00:00,1.1977988451884107
1977-04-22 00:00:00,1.198155511860526
1977-04-25 00:00:00,1.1978525797448314
1977-04-26 00:00:00,1.197673322401851
1977-04-27 00:00:00,1.1973291653619182
1977-04-28 00:00:00,1.1975209323370812
1977-04-29 00:00:00,1.1974653497668153
1977-05-02 00:00:00,1.197286092423835
1977-05-03 00:00:00,1.1972717347778072
1977-05-04 00:00:00,1.1971337023590651
1977-05-05 00:00:00,1.1974903690311804
1977-05-06 00:00:00,1.1976409110821054
1977-05-09 00:00:00,1.1972555291179343
1977-05-10 00:00:00,1.1971587216234303
1977-05-11 00:00:00,1.1968557895077356
1977-05-12 00:00:00,1.1970887814071367
1977-05-13 00:00:00,1.1971156486853471
1977-05-16 00:00:00,1.197018841190843
1977-05-17 00:00:00,1.1970044835448155
1977-05-18 00:00:00,1.1970313508230257
1977-05-19 00:00:00,1.1972643427224268
1977-05-20 00:00:00,1.1973736598491134
1977-05-23 00:00:00,1.1974005271273236
1977-05-24 00:00:00,1.1976335190267247
1977-05-25 00:00:00,1.196423638577791
1977-05-26 00:00:00,1.197275004340764
1977-05-27 00:00:00,1.1973430965432126
1977-05-31 00:00:00,1.1963393407154697
1977-06-01 00:00:00,1.196324983069442
1977-06-02 00:00:00,1.197135123908177
1977-06-03 00:00:00,1.1967497419440059
1977-06-06 00:00:00,1.1964880347525493
1977-06-07 00:00:00,1.196308777409569
1977-06-08 00:00:00,1.1962944197635412
1977-06-09 00:00:00,1.1963212870417517
1977-06-10 00:00:00,1.1961008047745332
1977-06-13 00:00:00,1.1957566477346004
1977-06-14 00:00:00,1.1957422900885728
1977-06-15 00:00:00,1.1955218078213543
1977-06-16 00:00:00,1.195631124948041
1977-06-17 00:00:00,1.1954930925292988
1977-06-20 00:00:00,1.1953550601105567
1977-06-21 00:00:00,1.195381927388767
1977-06-22 00:00:00,1.1952438949700248
1977-06-23 00:00:00,1.1951470874755208
1977-06-24 00:00:00,1.1951327298294931
1977-06-27 00:00:00,1.1948710226380366
1977-06-28 00:00:00,1.1947329902192945
1977-06-29 00:00:00,1.1944300581035996
1977-06-30 00:00:00,1.1948691746241913
1977-07-01 00:00:00,1.1948135920539256
1977-07-05 00:00:00,1.194551884862469
1977-07-06 00:00:00,1.1943314025952505
1977-07-07 00:00:00,1.1946468443431277
1977-07-08 00:00:00,1.1946737116213382
1977-07-11 00:00:00,1.1944120044298816
1977-07-12 00:00:00,1.194397646783854
1977-07-13 00:00:00,1.194094714668159
1977-07-15 00:00:00,1.1944513813402746
1977-07-18 00:00:00,1.1942308990730561
1977-07-19 00:00:00,1.194134091578552
1977-07-20 00:00:00,1.193954834235572
1977-07-21 00:00:00,1.1942702759834491
1977-07-22 00:00:00,1.194132243564707
1977-07-25 00:00:00,1.1939942111459647
1977-07-26 00:00:00,1.1938149538029847
1977-07-27 00:00:00,1.1867923590364748
1977-07-28 00:00:00,1.1866543266177327
1977-07-29 00:00:00,1.1868873185171338
1977-08-01 00:00:00,1.1864194867044866
1977-08-02 00:00:00,1.1862814542857445
1977-08-03 00:00:00,1.1858960723215737
1977-08-04 00:00:00,1.1854694654331646
1977-08-05 00:00:00,1.1857024573325656
1977-08-08 00:00:00,1.1862240237016333
1977-08-09 00:00:00,1.1858386417374625
1977-08-10 00:00:00,1.1854120348490533
1977-08-11 00:00:00,1.1857687015211689
1977-08-12 00:00:00,1.1857955687993793
1977-08-15 00:00:00,1.1852040622140176
1977-08-16 00:00:00,1.1846537805528943
1977-08-17 00:00:00,1.1844332982856758
1977-08-18 00:00:00,1.1848724148062675
1977-08-19 00:00:00,1.1844870328420967
1977-08-22 00:00:00,1.1846787998172594
1977-08-23 00:00:00,1.1844583175500412
1977-08-24 00:00:00,1.1841553854343463
1977-08-25 00:00:00,1.18389367824289
1977-08-26 00:00:00,1.1835495212029572
1977-08-29 00:00:00,1.1836176134054055
1977-08-30 00:00:00,1.1833146812897108
1977-08-31 00:00:00,1.1830117491740162
1977-09-01 00:00:00,1.1832035161491792
1977-09-02 00:00:00,1.183395283124342
1977-09-06 00:00:00,1.1835458251752666
1977-09-07 00:00:00,1.1827069690444765
1977-09-08 00:00:00,1.1826926113984486
1977-09-09 00:00:00,1.1828431534493735
1977-09-12 00:00:00,1.1824577714852025
1977-09-13 00:00:00,1.1823197390664604
1977-09-14 00:00:00,1.1820168069507657
1977-09-15 00:00:00,1.1820848991532142
1977-09-16 00:00:00,1.1824415658253296
1977-09-19 00:00:00,1.1827157826489687
1977-09-20 00:00:00,1.1828663246998934
1977-09-21 00:00:00,1.182274818114532
1977-09-22 00:00:00,1.1820955607715515
1977-09-23 00:00:00,1.182122428049762
1977-09-26 00:00:00,1.1816545962371148
1977-09-27 00:00:00,1.1818051382880395
1977-09-28 00:00:00,1.1813373064753923
1977-09-29 00:00:00,1.1810343743596978
1977-09-30 00:00:00,1.1798657188350024
1977-10-03 00:00:00,1.1763884675529717
1977-10-04 00:00:00,1.1764977846796583
1977-10-05 00:00:00,1.1757413783973443
1977-10-06 00:00:00,1.1746963976453633
1977-10-07 00:00:00,1.1750118393932405
1977-10-11 00:00:00,1.174791357126022
1977-10-12 00:00:00,1.1735814766770887
1977-10-13 00:00:00,1.1726189457735838
1977-10-14 00:00:00,1.1710792659307454
1977-10-17 00:00:00,1.1691685617697638
1977-10-18 00:00:00,1.1683297056389734
1977-10-19 00:00:00,1.1686451473868507
1977-10-20 00:00:00,1.1697026377710142
1977-10-21 00:00:00,1.1701005293673679
1977-10-24 00:00:00,1.1680249255094337
1977-10-25 00:00:00,1.1670211696816908
1977-10-26 00:00:00,1.166388438172091
1977-10-27 00:00:00,1.1668687796169208
1977-10-28 00:00:00,1.166524622576988
1977-10-31 00:00:00,1.1408683620548443
1977-11-01 00:00:00,1.1389576578938625
1977-11-02 00:00:00,1.1432306923686002
1977-11-03 00:00:00,1.1532752162366757
1977-11-04 00:00:00,1.154868630635935
1977-11-07 00:00:00,1.1555138717777174
1977-11-09 00:00:00,1.1531084685258781
1977-11-10 00:00:00,1.1487242689106087
1977-11-14 00:00:00,1.1501940085371536
1977-11-15 00:00:00,1.1500972010426496
1977-11-16 00:00:00,1.149175895063383
1977-11-17 00:00:00,1.1488317380234503
1977-11-18 00:00:00,1.146385109847373
1977-11-21 00:00:00,1.1494213965949667
1977-11-22 00:00:00,1.1493658140247007
1977-11-23 00:00:00,1.1482796083484816
1977-11-25 00:00:00,1.148636275020597
1977-11-28 00:00:00,1.148539467526093
1977-11-29 00:00:00,1.1503390065465429
1977-11-30 00:00:00,1.1490879011733715
1977-12-01 00:00:00,1.1491147684515817
1977-12-02 00:00:00,1.147533863684505
1977-12-05 00:00:00,1.1433557886904262
1977-12-06 00:00:00,1.147010449301592
1977-12-07 00:00:00,1.1452234199133247
1977-12-08 00:00:00,1.1445082385552487
1977-12-09 00:00:00,1.1432159082578388
1977-12-12 00:00:00,1.1429129761421444
1977-12-13 00:00:00,1.1389822506934943
1977-12-14 00:00:00,1.1361645981992738
1977-12-15 00:00:00,1.1363151402501985
1977-12-16 00:00:00,1.133167688362073
1977-12-19 00:00:00,1.1252793701865627
1977-12-20 00:00:00,1.1229564167831996
1977-12-21 00:00:00,1.1203036639859316
1977-12-22 00:00:00,1.1329453580810094
1977-12-23 00:00:00,1.1281489092233588
1977-12-27 00:00:00,1.1229402111233269
1977-12-28 00:00:00,1.1162886406749604
1977-12-29 00:00:00,1.1096370702265936
1977-12-30 00:00:00,1.106695742959659
1978-01-03 00:00:00,1.0885011937246163
1978-01-04 00:00:00,1.0888578603967318
1978-01-05 00:00:00,1.1191025971414903
1978-01-06 00:00:00,1.1011141725276385
1978-01-09 00:00:00,1.10662395472952
1978-01-10 00:00:00,1.1059499982956824
1978-01-11 00:00:00,1.0966188077718373
1978-01-12 00:00:00,1.1029530884584813
1978-01-13 00:00:00,1.100836259676309
1978-01-16 00:00:00,1.1016051755908058
1978-01-17 00:00:00,1.1036108392324464
1978-01-18 00:00:00,1.1031430074197992
1978-01-19 00:00:00,1.0996657561377685
1978-01-20 00:00:00,1.0999399729614077
1978-01-23 00:00:00,1.0956794481188528
1978-01-24 00:00:00,1.0936862941093948
1978-01-25 00:00:00,1.0909923163878887
1978-01-26 00:00:00,1.091307758135766
1978-01-27 00:00:00,1.093478321474359
1978-01-30 00:00:00,1.0930104896617117
1978-01-31 00:00:00,1.092954907091446
1978-02-01 00:00:00,1.0926519749757513
1978-02-02 00:00:00,1.092142918238866
1978-02-03 00:00:00,1.0954677794561265
1978-02-06 00:00:00,1.0965664947645284
1978-02-07 00:00:00,1.0988607328758357
1978-02-08 00:00:00,1.0983929010631885
1978-02-09 00:00:00,1.0976777197051126
1978-02-10 00:00:00,1.0974572374378944
1978-02-14 00:00:00,1.097277980094914
1978-02-15 00:00:00,1.097552196918553
1978-02-16 00:00:00,1.0948169942728088
1978-02-17 00:00:00,1.0934422141269229
1978-02-21 00:00:00,1.0933454066324189
1978-02-22 00:00:00,1.0921767511077234
1978-02-23 00:00:00,1.0898537977043605
1978-02-24 00:00:00,1.1013411939207705
1978-02-27 00:00:00,1.0983998666538357
1978-02-28 00:00:00,1.0946340409021382
1978-03-01 00:00:00,1.0954029568166348
1978-03-02 00:00:00,1.0945228757616063
1978-03-03 00:00:00,1.0952917916761031
1978-03-06 00:00:00,1.0960607075905997
1978-03-07 00:00:00,1.096005125020334
1978-03-08 00:00:00,1.0970626154044976
1978-03-09 00:00:00,1.1004287015459964
1978-03-10 00:00:00,1.110473225414072
1978-03-13 00:00:00,1.1073257735259463
1978-03-14 00:00:00,1.1047966955013928
1978-03-15 00:00:00,1.1084513561125586
1978-03-16 00:00:00,1.1050977796032424
1978-03-17 00:00:00,1.1077218171084549
1978-03-20 00:00:00,1.1091915567349997
1978-03-21 00:00:00,1.1111147705281639
1978-03-22 00:00:00,1.1114714372002794
1978-03-23 00:00:00,1.1211037118259737
1978-03-24 00:00:00,1.120842004634517
1978-03-27 00:00:00,1.1183129266099636
1978-03-28 00:00:00,1.1172267209337445
1978-03-29 00:00:00,1.1191499347269087
1978-03-30 00:00:00,1.1251544160196476
1978-03-31 00:00:00,1.1259233319341444
1978-04-03 00:00:00,1.1248371262579253
1978-04-04 00:00:00,1.1235035710362775
1978-04-05 00:00:00,1.1212218425571527
1978-04-06 00:00:00,1.1209601353656962
1978-04-07 00:00:00,1.1204510786288107
1978-04-10 00:00:00,1.120106921588878
1978-04-11 00:00:00,1.1181137675794202
1978-04-12 00:00:00,1.1201194312210605
1978-04-13 00:00:00,1.12501083955937
1978-04-14 00:00:00,1.1278410016857732
1978-04-17 00:00:00,1.1319079115393202
1978-04-18 00:00:00,1.1326768274538168
1978-04-19 00:00:00,1.133940442459171
1978-04-20 00:00:00,1.140810647160911
1978-04-21 00:00:00,1.1393121922423106
1978-04-24 00:00:00,1.1417301051263322
1978-04-25 00:00:00,1.1444778174042591
1978-04-26 00:00:00,1.1436389612734688
1978-04-27 00:00:00,1.13682249112815
1978-04-28 00:00:00,1.1408894009816968
1978-05-01 00:00:00,1.1398031953054777
1978-05-02 00:00:00,1.1394178133413069
1978-05-03 00:00:00,1.1398981547861367
1978-05-04 00:00:00,1.1386058244887267
1978-05-05 00:00:00,1.1388800413123659
1978-05-08 00:00:00,1.1426171517720078
1978-05-09 00:00:00,1.145447313898411
1978-05-10 00:00:00,1.139950041328712
1978-05-11 00:00:00,1.1424504040612102
1978-05-12 00:00:00,1.141982572248563
1978-05-15 00:00:00,1.141226165966249
1978-05-16 00:00:00,1.1459938995318442
1978-05-17 00:00:00,1.1447015692344344
1978-05-18 00:00:00,1.1424610656795477
1978-05-19 00:00:00,1.146651650305809
1978-05-22 00:00:00,1.1440401224327792
1978-05-23 00:00:00,1.1455923119078004
1978-05-24 00:00:00,1.1443412065346288
1978-05-25 00:00:00,1.1441619491916484
1978-05-26 00:00:00,1.1441475915456205
1978-05-29 00:00:00,1.1421956624604008
1978-05-31 00:00:00,1.1353379673908437
1978-06-01 00:00:00,1.1384979289111519
1978-06-02 00:00:00,1.1395554192953155
1978-06-05 00:00:00,1.1407365844521933
1978-06-06 00:00:00,1.1388258802912117
1978-06-07 00:00:00,1.139429896508756
1978-06-08 00:00:00,1.1386322653022036
1978-06-09 00:00:00,1.1378758590198896
1978-06-12 00:00:00,1.1330381852380007
1978-06-13 00:00:00,1.1347140494857362
1978-06-14 00:00:00,1.1349882663093755
1978-06-15 00:00:00,1.1361694314662534
1978-06-16 00:00:00,1.1357015996536062
1978-06-19 00:00:00,1.134244369659244
1978-06-20 00:00:00,1.1318801913316427
1978-06-21 00:00:00,1.1278257911102785
1978-06-22 00:00:00,1.1325935246758736
1978-06-23 00:00:00,1.1282093250606042
1978-06-26 00:00:00,1.1281949674145766
1978-06-27 00:00:00,1.1287165337836444
1978-06-28 00:00:00,1.125610306819757
1978-06-29 00:00:00,1.1211848822802495
1978-06-30 00:00:00,1.1227782966795088
1978-07-03 00:00:00,1.1200843189580025
1978-07-05 00:00:00,1.1192454628272124
1978-07-06 00:00:00,1.1199319288932328
1978-07-07 00:00:00,1.117402850868679
1978-07-10 00:00:00,1.1107512804203126
1978-07-11 00:00:00,1.1129630686831438
1978-07-12 00:00:00,1.1124952368704966
1978-07-13 00:00:00,1.1124396543002308
1978-07-14 00:00:00,1.1136208194571087
1978-07-17 00:00:00,1.114595859992796
1978-07-18 00:00:00,1.112891280453005
1978-07-19 00:00:00,1.1080948315953543
1978-07-20 00:00:00,1.1045351304648474
1978-07-21 00:00:00,1.1013876785767218
1978-07-24 00:00:00,1.0959728558554993
1978-07-25 00:00:00,1.0952988994216615
1978-07-26 00:00:00,1.1014270554871148
1978-07-27 00:00:00,1.1027318954167071
1978-07-28 00:00:00,1.0957505255744358
1978-07-31 00:00:00,1.0928091983075008
1978-08-01 00:00:00,1.09440261270676
1978-08-02 00:00:00,1.093934780894113
1978-08-03 00:00:00,1.093260824460275
1978-08-04 00:00:00,1.095060363480725
1978-08-07 00:00:00,1.0932733340924576
1978-08-08 00:00:00,1.0912389551587616
1978-08-09 00:00:00,1.0852057585739672
1978-08-10 00:00:00,1.083501179034176
1978-08-11 00:00:00,1.0787047301765254
1978-08-14 00:00:00,1.0718470351069682
1978-08-15 00:00:00,1.0752955710969432
1978-08-16 00:00:00,1.0735909915571522
1978-08-17 00:00:00,1.088788630954994
1978-08-18 00:00:00,1.0883207991423467
1978-08-21 00:00:00,1.0932946573291327
1978-08-22 00:00:00,1.0923321264256278
1978-08-23 00:00:00,1.0939255408248871
1978-08-24 00:00:00,1.0923034111335723
1978-08-25 00:00:00,1.0940205003055459
1978-08-28 00:00:00,1.0954077900836146
1978-08-29 00:00:00,1.0864888488021511
1978-08-30 00:00:00,1.0874638893378383
1978-08-31 00:00:00,1.0865838082828099
1978-09-01 00:00:00,1.083642481015875
1978-09-05 00:00:00,1.0864726431422782
1978-09-06 00:00:00,1.086705635041679
1978-09-07 00:00:00,1.0886288488348432
1978-09-08 00:00:00,1.0891091902796732
1978-09-11 00:00:00,1.0864564374824053
1978-09-12 00:00:00,1.0852877819577098
1978-09-13 00:00:00,1.079130910600201
1978-09-14 00:00:00,1.0794875772723163
1978-09-15 00:00:00,1.0784013715960972
1978-09-18 00:00:00,1.0795000869044988
1978-09-19 00:00:00,1.0784963310767561
1978-09-20 00:00:00,1.0712263867648177
1978-09-21 00:00:00,1.0705524303309797
1978-09-22 00:00:00,1.0737948416997642
1978-09-25 00:00:00,1.0725025114023543
1978-09-26 00:00:00,1.0745081750439949
1978-09-27 00:00:00,1.0741640180040621
1978-09-28 00:00:00,1.07336638679751
1978-09-29 00:00:00,1.0722801811212908
1978-10-02 00:00:00,1.0736674708993594
1978-10-03 00:00:00,1.072787389844331
1978-10-04 00:00:00,1.0692276887138241
1978-10-05 00:00:00,1.0692957809162726
1978-10-06 00:00:00,1.0695287728156737
1978-10-10 00:00:00,1.0684425671394546
1978-10-11 00:00:00,1.0648004161604716
1978-10-12 00:00:00,1.0677130281353509
1978-10-13 00:00:00,1.0672451963227036
1978-10-16 00:00:00,1.065952866025294
1978-10-17 00:00:00,1.0630115387583592
1978-10-18 00:00:00,1.0631620808092836
1978-10-19 00:00:00,1.0639309967237804
1978-10-20 00:00:00,1.0611957940780363
1978-10-23 00:00:00,1.0582544668111014
1978-10-24 00:00:00,1.058405008862026
1978-10-25 00:00:00,1.0490738183381811
1978-10-26 00:00:00,1.0325282660726638
1978-10-27 00:00:00,1.0351523035778762
1978-10-30 00:00:00,1.0204618729030748
1978-10-31 00:00:00,1.0294757736651972
1978-11-01 00:00:00,1.0566286410920964
1978-11-02 00:00:00,1.0627567971575496
1978-11-03 00:00:00,1.0678543301170498
1978-11-06 00:00:00,1.0702722430010718
1978-11-08 00:00:00,1.0708350342943778
1978-11-09 00:00:00,1.0720161994512556
1978-11-10 00:00:00,1.0740218630928962
1978-11-13 00:00:00,1.0739662805226302
1978-11-14 00:00:00,1.072179251134363
1978-11-15 00:00:00,1.073690215685146
1978-11-16 00:00:00,1.0803955206899332
1978-11-17 00:00:00,1.089821670694437
1978-11-20 00:00:00,1.0866742188063114
1978-11-21 00:00:00,1.0833206422969952
1978-11-22 00:00:00,1.0816160627572042
1978-11-24 00:00:00,1.0848584741259886
1978-11-27 00:00:00,1.0831538945861976
1978-11-28 00:00:00,1.0813256402736922
1978-11-29 00:00:00,1.07986841027933
1978-11-30 00:00:00,1.0827810222542094
1978-12-01 00:00:00,1.0853226099109454
1978-12-04 00:00:00,1.0814331093865335
1978-12-05 00:00:00,1.0796460799982663
1978-12-06 00:00:00,1.0796729472764768
1978-12-07 00:00:00,1.0794112400850202
1978-12-08 00:00:00,1.0756454143333227
1978-12-11 00:00:00,1.0687877192637656
1978-12-12 00:00:00,1.070463583511501
1978-12-13 00:00:00,1.0688826787444246
1978-12-14 00:00:00,1.0692393454165396
1978-12-15 00:00:00,1.0677408904979393
1978-12-18 00:00:00,1.0573790768681415
1978-12-19 00:00:00,1.0548499988435878
1978-12-20 00:00:00,1.0547944162733218
1978-12-21 00:00:00,1.0600980738540127
1978-12-22 00:00:00,1.0571567465870777
1978-12-26 00:00:00,1.0546276685625242
1978-12-27 00:00:00,1.0434413564479637
1978-12-28 00:00:00,1.046683767816748
1978-12-29 00:00:00,1.0414750697167159
1979-01-02 00:00:00,1.046160353433835
1979-01-03 00:00:00,1.0477537678330942
1979-01-04 00:00:00,1.051820677686641
1979-01-05 00:00:00,1.0503222227680409
1979-01-08 00:00:00,1.0479992693646778
1979-01-09 00:00:00,1.0506233068698902
1979-01-10 00:00:00,1.055308590587009
1979-01-11 00:00:00,1.0579326280922214
1979-01-12 00:00:00,1.059938291733862
1979-01-15 00:00:00,1.0612019067392164
1979-01-16 00:00:00,1.0573536311390426
1979-01-17 00:00:00,1.055442926978061
1979-01-18 00:00:00,1.0539444720594606
1979-01-19 00:00:00,1.0563623849434824
1979-01-22 00:00:00,1.0582855987366466
1979-01-23 00:00:00,1.0582300161663807
1979-01-24 00:00:00,1.0576385095810192
1979-01-25 00:00:00,1.0604686717074223
1979-01-26 00:00:00,1.0595885906523939
1979-01-29 00:00:00,1.0594505582336518
1979-01-30 00:00:00,1.059065176269481
1979-01-31 00:00:00,1.061647988850455
1979-02-01 00:00:00,1.065343874385859
1979-02-02 00:00:00,1.065906665679165
1979-02-05 00:00:00,1.06164614083661
1979-02-06 00:00:00,1.0591170628120563
1979-02-07 00:00:00,1.0517234437274037
1979-02-08 00:00:00,1.0551719797173786
1979-02-09 00:00:00,1.0559408956318754
1979-02-13 00:00:00,1.0554730638192282
1979-02-14 00:00:00,1.0547991073853904
1979-02-15 00:00:00,1.0553618986786963
1979-02-16 00:00:00,1.0559246899720025
1979-02-20 00:00:00,1.055044608916974
1979-02-21 00:00:00,1.053669828771088
1979-02-22 00:00:00,1.052666072943345
1979-02-23 00:00:00,1.051579867267126
1979-02-26 00:00:00,1.048020166136619
1979-02-27 00:00:00,1.0474286595512576
1979-02-28 00:00:00,1.0467134781931815
1979-03-01 00:00:00,1.0467815703956302
1979-03-02 00:00:00,1.0471794619919836
1979-03-05 00:00:00,1.0470002046490035
1979-03-06 00:00:00,1.0459964488212605
1979-03-07 00:00:00,1.0417771489029437
1979-03-08 00:00:00,1.0387121468632945
1979-03-09 00:00:00,1.04038801111103
1979-03-12 00:00:00,1.0390132309651439
1979-03-13 00:00:00,1.0393698976372592
1979-03-14 00:00:00,1.0407571874153279
1979-03-15 00:00:00,1.041031404238967
1979-03-16 00:00:00,1.0433256423502746
1979-03-19 00:00:00,1.0454549807646294
1979-03-20 00:00:00,1.0422663039522655
1979-03-21 00:00:00,1.0413862228972373
1979-03-22 00:00:00,1.0413306403269713
1979-03-23 00:00:00,1.0393374863175133
1979-03-26 00:00:00,1.0332218398842425
1979-03-27 00:00:00,1.0342793302684061
1979-03-28 00:00:00,1.0339763981527115
1979-03-29 00:00:00,1.0312824204312054
1979-03-30 00:00:00,1.0293717162702236
1979-04-02 00:00:00,1.0273373373365278
1979-04-03 00:00:00,1.027405429538976
1979-04-04 00:00:00,1.027308622044472
1979-04-05 00:00:00,1.0231717719746316
1979-04-06 00:00:00,1.0184989978896952
1979-04-09 00:00:00,1.014197248122902
1979-04-10 00:00:00,1.012492668583111
1979-04-11 00:00:00,1.0175902015426113
1979-04-12 00:00:00,1.0239244822292553
1979-04-13 00:00:00,1.0216015288258922
1979-04-16 00:00:00,1.0184540769377668
1979-04-17 00:00:00,1.0201299411855023
1979-04-18 00:00:00,1.0240319513420966
1979-04-19 00:00:00,1.0244710678626885
1979-04-20 00:00:00,1.0256522330195663
1979-04-23 00:00:00,1.024813376888776
1979-04-24 00:00:00,1.0271900648485597
1979-04-25 00:00:00,1.039089710307351
1979-04-26 00:00:00,1.0345818359193675
1979-04-27 00:00:00,1.0312694843342893
1979-04-30 00:00:00,1.025937111461543
1979-05-01 00:00:00,1.029385647451518
1979-05-02 00:00:00,1.0259496210937256
1979-05-03 00:00:00,1.0222662451905045
1979-05-04 00:00:00,1.021798413377857
1979-05-07 00:00:00,1.0196403596714467
1979-05-08 00:00:00,1.0263044397519958
1979-05-09 00:00:00,1.0261664073332535
1979-05-10 00:00:00,1.0335313111258508
1979-05-11 00:00:00,1.036361473252254
1979-05-14 00:00:00,1.0354813921972257
1979-05-15 00:00:00,1.027180824779334
1979-05-16 00:00:00,1.0281558653150211
1979-05-17 00:00:00,1.030573778199043
1979-05-18 00:00:00,1.0298998217652051
1979-05-21 00:00:00,1.0352034793458962
1979-05-22 00:00:00,1.0349417721544396
1979-05-23 00:00:00,1.0294444995847407
1979-05-24 00:00:00,1.0313264884536668
1979-05-25 00:00:00,1.0320541794439253
1979-05-28 00:00:00,1.031215323313135
1979-05-29 00:00:00,1.0299229930157254
1979-05-31 00:00:00,1.0238897964309308
1979-06-01 00:00:00,1.0221852168911398
1979-06-04 00:00:00,1.0209753364422063
1979-06-05 00:00:00,1.0196005562963202
1979-06-06 00:00:00,1.0221009190288184
1979-06-07 00:00:00,1.0258792544126984
1979-06-08 00:00:00,1.0268542949483856
1979-06-11 00:00:00,1.0239129676814507
1979-06-12 00:00:00,1.0152001510211779
1979-06-13 00:00:00,1.0091669544363833
1979-06-14 00:00:00,1.0126979402748346
1979-06-15 00:00:00,1.0084374154322797
1979-06-18 00:00:00,1.0083818328620138
1979-06-19 00:00:00,1.0025547608984098
1979-06-20 00:00:00,0.9975521874195684
1979-06-21 00:00:00,0.9944871853799192
1979-06-22 00:00:00,0.9934009797037001
1979-06-25 00:00:00,0.9863783849371904
1979-06-26 00:00:00,0.9894971215332605
1979-06-27 00:00:00,0.9874215176753263
1979-06-28 00:00:00,0.9821715946510562
1979-06-29 00:00:00,0.9769628965510242
1979-07-02 00:00:00,0.9738154446628987
1979-07-03 00:00:00,0.9684006219416761
1979-07-05 00:00:00,0.9570081852059247
1979-07-06 00:00:00,0.9610750950594718
1979-07-09 00:00:00,0.968439998852069
1979-07-10 00:00:00,0.9597271821917961
1979-07-11 00:00:00,0.9553429825765267
1979-07-12 00:00:00,0.9573486462181672
1979-07-13 00:00:00,0.9566746897843293
1979-07-16 00:00:00,0.9512598670631067
1979-07-17 00:00:00,0.9398674303273555
1979-07-18 00:00:00,0.9363077291968486
1979-07-19 00:00:00,0.9302745326120541
1979-07-20 00:00:00,0.9378455610258419
1979-07-23 00:00:00,0.9264531242900907
1979-07-24 00:00:00,0.916503559902674
1979-07-25 00:00:00,0.9185092235443145
1979-07-26 00:00:00,0.9149495224138076
1979-07-27 00:00:00,0.9214899277216423
1979-07-30 00:00:00,0.9213518953029002
1979-07-31 00:00:00,0.9483810879570849
1979-08-01 00:00:00,0.9392560220544308
1979-08-02 00:00:00,0.9406433118324993
1979-08-03 00:00:00,0.9395571061562802
1979-08-06 00:00:00,0.9518690008574529
1979-08-07 00:00:00,0.9606767769983846
1979-08-08 00:00:00,0.9614456929128814
1979-08-09 00:00:00,0.9533512501161803
1979-08-10 00:00:00,0.947730302773767
1979-08-13 00:00:00,0.9528278357332672
1979-08-14 00:00:00,0.9542151255113358
1979-08-15 00:00:00,0.95415954294107
1979-08-16 00:00:00,0.9586387020369983
1979-08-17 00:00:00,0.9598198671938762
1979-08-20 00:00:00,0.958321412275276
1979-08-21 00:00:00,0.962800571371204
1979-08-22 00:00:00,0.9596943444073166
1979-08-23 00:00:00,0.9579485399432875
1979-08-24 00:00:00,0.9537704649492087
1979-08-27 00:00:00,0.9491801407127488
1979-08-28 00:00:00,0.9466510626881951
1979-08-29 00:00:00,0.9451526077695948
1979-08-30 00:00:00,0.9465398975476633
1979-08-31 00:00:00,0.9449589927805867
1979-09-04 00:00:00,0.9505099999067063
1979-09-05 00:00:00,0.9492588945335347
1979-09-06 00:00:00,0.9471420657513624
1979-09-07 00:00:00,0.9460558600751433
1979-09-10 00:00:00,0.9479790738683076
1979-09-11 00:00:00,0.9498610627372336
1979-09-12 00:00:00,0.957225966529831
1979-09-13 00:00:00,0.9650031195648096
1979-09-14 00:00:00,0.9793762604778887
1979-09-17 00:00:00,0.9859166657857233
1979-09-18 00:00:00,0.9852427093518855
1979-09-19 00:00:00,0.9887736951903369
1979-09-20 00:00:00,0.9822457995146848
1979-09-21 00:00:00,0.9811595938384657
1979-09-24 00:00:00,0.9837836313436782
1979-09-25 00:00:00,0.9829860001371259
1979-09-26 00:00:00,0.9715111135528984
1979-09-27 00:00:00,0.9648595431045319
1979-09-28 00:00:00,0.9643917112918847
1979-10-01 00:00:00,0.9686647457666224
1979-10-02 00:00:00,0.9691450872114522
1979-10-03 00:00:00,0.9724699484287128
1979-10-04 00:00:00,0.9711776181313031
1979-10-05 00:00:00,0.9744200295000874
1979-10-09 00:00:00,0.9840523041257817
1979-10-10 00:00:00,0.978225232162178
1979-10-11 00:00:00,0.9802308958038185
1979-10-12 00:00:00,0.9830610579302217
1979-10-15 00:00:00,0.982799350738765
1979-10-16 00:00:00,0.984598889759215
1979-10-17 00:00:00,0.9878413011279994
1979-10-18 00:00:00,0.9844877246186832
1979-10-19 00:00:00,0.9836076435636546
1979-10-22 00:00:00,0.9860255564476766
1979-10-23 00:00:00,1.000810946603137
1979-10-24 00:00:00,1.0015798625176338
1979-10-25 00:00:00,1.0002875322202238
1979-10-26 00:00:00,1.0038185180586752
1979-10-29 00:00:00,1.0072670540486504
1979-10-30 00:00:00,1.0191666995074418
1979-10-31 00:00:00,1.0161429223920306
1979-11-01 00:00:00,1.017530212170099
1979-11-02 00:00:00,1.019329751190549
1979-11-05 00:00:00,1.01824354551433
1979-11-07 00:00:00,1.003140865597147
1979-11-08 00:00:00,1.0115363924956977
1979-11-09 00:00:00,1.0090073144711438
1979-11-13 00:00:00,1.0015312455380148
1979-11-14 00:00:00,1.000445039861796
1979-11-15 00:00:00,0.9878158553989006
1979-11-16 00:00:00,0.9805459110869622
1979-11-19 00:00:00,0.9710085959419267
1979-11-20 00:00:00,0.9775490012497614
1979-11-21 00:00:00,0.9746076739828264
1979-11-23 00:00:00,0.9797052069423268
1979-11-26 00:00:00,0.9796496243720608
1979-11-27 00:00:00,0.9800062910441761
1979-11-28 00:00:00,0.9741792190805724
1979-11-29 00:00:00,0.9708256425712561
1979-11-30 00:00:00,0.9637618228805085
1979-12-03 00:00:00,0.9579347509169044
1979-12-04 00:00:00,0.9657119039518831
1979-12-05 00:00:00,0.9722523092597177
1979-12-06 00:00:00,0.9668374865384952
1979-12-07 00:00:00,0.9768820104065707
1979-12-10 00:00:00,0.9760019293515424
1979-12-11 00:00:00,0.96749523731246
1979-12-12 00:00:00,0.9666151562574317
1979-12-13 00:00:00,0.9612003335362088
1979-12-14 00:00:00,0.9632059971778496
1979-12-17 00:00:00,0.9635626638499648
1979-12-18 00:00:00,0.963507081279699
1979-12-19 00:00:00,0.9607718786339547
1979-12-20 00:00:00,0.9636020407603579
1979-12-21 00:00:00,0.961897461220567
1979-12-24 00:00:00,0.9589561339536319
1979-12-26 00:00:00,0.9566331805502689
1979-12-27 00:00:00,0.9435917468449926
1979-12-28 00:00:00,0.9484831551833021
1979-12-31 00:00:00,0.9546113112487554
1980-01-02 00:00:00,0.9445792970128624
1980-01-03 00:00:00,0.945636787397026
1980-01-04 00:00:00,0.946817952553904
1980-01-07 00:00:00,0.9366622635452966
1980-01-08 00:00:00,0.93640055635384
1980-01-09 00:00:00,0.9346959768140489
1980-01-10 00:00:00,0.9379383881828334
1980-01-11 00:00:00,0.9382950548549488
1980-01-14 00:00:00,0.930612861300629
1980-01-15 00:00:00,0.9301450294879818
1980-01-16 00:00:00,0.9323568177508131
1980-01-17 00:00:00,0.9298277397262594
1980-01-18 00:00:00,0.9262680385957527
1980-01-21 00:00:00,0.9270369545102493
1980-01-22 00:00:00,0.9304854905002244
1980-01-23 00:00:00,0.9293992848240054
1980-01-24 00:00:00,0.929220027481025
1980-01-25 00:00:00,0.9360902321827647
1980-01-28 00:00:00,0.9416000143846461
1980-01-29 00:00:00,0.9407199333296179
1980-01-30 00:00:00,0.9355112352295858
1980-01-31 00:00:00,0.9335180812201277
1980-02-01 00:00:00,0.9304530791804785
1980-02-04 00:00:00,0.9252443810804465
1980-02-05 00:00:00,0.9235398015406554
1980-02-06 00:00:00,0.914620860259192
1980-02-07 00:00:00,0.9188938947339296
1980-02-08 00:00:00,0.9202811845119981
1980-02-11 00:00:00,0.9174635320177776
1980-02-13 00:00:00,0.9160475269476537
1980-02-14 00:00:00,0.913889473241243
1980-02-15 00:00:00,0.9212956019580786
1980-02-19 00:00:00,0.9307217519625823
1980-02-20 00:00:00,0.9276155249986948
1980-02-21 00:00:00,0.9246329728075218
1980-02-22 00:00:00,0.9295243811458312
1980-02-25 00:00:00,0.9288504247119935
1980-02-26 00:00:00,0.9285062676720607
1980-02-27 00:00:00,0.9242045179052676
1980-02-28 00:00:00,0.9250558836682404
1980-02-29 00:00:00,0.9298648421580737
1980-03-03 00:00:00,0.9425889861016278
1980-03-04 00:00:00,0.945419148228031
1980-03-05 00:00:00,0.9433023194458585
1980-03-06 00:00:00,0.9459263569510711
1980-03-07 00:00:00,0.9485503944562836
1980-03-10 00:00:00,0.9526997541583068
1980-03-11 00:00:00,0.9486453539369424
1980-03-12 00:00:00,0.9457040266700075
1980-03-13 00:00:00,0.9499770611447451
1980-03-14 00:00:00,0.9540439709982921
1980-03-17 00:00:00,0.964500744108749
1980-03-18 00:00:00,0.9650635354020551
1980-03-19 00:00:00,0.9631528312410734
1980-03-20 00:00:00,0.9616543763224731
1980-03-21 00:00:00,0.9659274107972107
1980-03-24 00:00:00,0.9648412051209916
1980-03-25 00:00:00,0.9637549994447725
1980-03-26 00:00:00,0.9649361646016503
1980-03-27 00:00:00,0.9696214483187693
1980-03-28 00:00:00,0.9716271119604099
1980-03-31 00:00:00,0.9752817725715754
1980-04-01 00:00:00,0.9787303085615506
1980-04-02 00:00:00,0.9776441028853315
1980-04-03 00:00:00,0.983772258950785
1980-04-04 00:00:00,0.9853656733500442
1980-04-07 00:00:00,0.9832488445678718
1980-04-08 00:00:00,0.9671155415447358
1980-04-09 00:00:00,0.9641742142778009
1980-04-10 00:00:00,0.9618512608744378
1980-04-11 00:00:00,0.9603528059558375
1980-04-14 00:00:00,0.9567931048253306
1980-04-15 00:00:00,0.9633335101331653
1980-04-16 00:00:00,0.9511165749126514
1980-04-17 00:00:00,0.9518854908271482
1980-04-18 00:00:00,0.9503870359085478
1980-04-21 00:00:00,0.9406435961423216
1980-04-22 00:00:00,0.9436798828899153
1980-04-23 00:00:00,0.9294017014574951
1980-04-24 00:00:00,0.9316134897203262
1980-04-25 00:00:00,0.9274354147262476
1980-04-28 00:00:00,0.9234634643533595
1980-04-29 00:00:00,0.9289732465552409
1980-04-30 00:00:00,0.933452405651169
1980-05-01 00:00:00,0.9331906984597126
1980-05-02 00:00:00,0.9345779882377812
1980-05-05 00:00:00,0.9252467977139364
1980-05-06 00:00:00,0.9245728412800985
1980-05-07 00:00:00,0.9236927602250701
1980-05-08 00:00:00,0.9221943053064696
1980-05-09 00:00:00,0.9295592090990671
1980-05-12 00:00:00,0.923732137135463
1980-05-13 00:00:00,0.9245010530499598
1980-05-14 00:00:00,0.9168188594956401
1980-05-15 00:00:00,0.9155265291982303
1980-05-16 00:00:00,0.9222730591272557
1980-05-19 00:00:00,0.9224236011781803
1980-05-20 00:00:00,0.9192761492900549
1980-05-21 00:00:00,0.9029367216457282
1980-05-22 00:00:00,0.9037056375602248
1980-05-23 00:00:00,0.897260191733049
1980-05-27 00:00:00,0.8864861288608696
1980-05-28 00:00:00,0.890965287956798
1980-05-29 00:00:00,0.8962689455374887
1980-05-30 00:00:00,0.8976562353155574
1980-06-02 00:00:00,0.9000741481995791
1980-06-03 00:00:00,0.9138289152490864
1980-06-04 00:00:00,0.9061467216947667
1980-06-05 00:00:00,0.9023808959430694
1980-06-06 00:00:00,0.9017893893577077
1980-06-09 00:00:00,0.8940247459549118
1980-06-10 00:00:00,0.9013071998990326
1980-06-11 00:00:00,0.9003858939197662
1980-06-12 00:00:00,0.8988049891526896
1980-06-13 00:00:00,0.8971004096128985
1980-06-16 00:00:00,0.8978693255273951
1980-06-17 00:00:00,0.901895010456704
1980-06-18 00:00:00,0.9011386041743898
1980-06-19 00:00:00,0.8997638240285039
1980-06-20 00:00:00,0.8999143660794287
1980-06-23 00:00:00,0.8973852880548749
1980-06-24 00:00:00,0.89951462646923
1980-06-25 00:00:00,0.8993353691262498
1980-06-26 00:00:00,0.8961879172381241
1980-06-27 00:00:00,0.8946894623195237
1980-06-30 00:00:00,0.8911297611890169
1980-07-01 00:00:00,0.8886006831644633
1980-07-02 00:00:00,0.8899879729425317
1980-07-03 00:00:00,0.8939312080233645
1980-07-07 00:00:00,0.8797767013636586
1980-07-08 00:00:00,0.8836374865960147
1980-07-09 00:00:00,0.8833757794045584
1980-07-10 00:00:00,0.8824956983495299
1980-07-11 00:00:00,0.8815331674460253
1980-07-14 00:00:00,0.8823845332089981
1980-07-15 00:00:00,0.8839779476082573
1980-07-16 00:00:00,0.8839223650379914
1980-07-17 00:00:00,0.8803626639074847
1980-07-18 00:00:00,0.8826981269430302
1980-07-21 00:00:00,0.8804576233881436
1980-07-22 00:00:00,0.8768979222576367
1980-07-23 00:00:00,0.8782852120357054
1980-07-24 00:00:00,0.8732826385568639
1980-07-25 00:00:00,0.875700551440886
1980-07-28 00:00:00,0.8774176406128593
1980-07-29 00:00:00,0.8836282465267892
1980-07-30 00:00:00,0.8930543965312928
1980-07-31 00:00:00,0.8952661847941241
1980-08-01 00:00:00,0.8991269700264803
1980-08-04 00:00:00,0.8951550196535922
1980-08-05 00:00:00,0.8897401969323696
1980-08-06 00:00:00,0.88205800337805
1980-08-07 00:00:00,0.8837338676257853
1980-08-08 00:00:00,0.8827713367222807
1980-08-11 00:00:00,0.8827982040004911
1980-08-12 00:00:00,0.8822479223393674
1980-08-13 00:00:00,0.8811617166631485
1980-08-14 00:00:00,0.8811061340928826
1980-08-15 00:00:00,0.8794015545530917
1980-08-18 00:00:00,0.8836745890278292
1980-08-19 00:00:00,0.8873292496389951
1980-08-20 00:00:00,0.883769548508488
1980-08-21 00:00:00,0.8835078413170315
1980-08-22 00:00:00,0.8848951310951002
1980-08-25 00:00:00,0.8836028007976903
1980-08-26 00:00:00,0.8790124765612304
1980-08-27 00:00:00,0.8744221523247705
1980-08-28 00:00:00,0.8749849436180763
1980-08-29 00:00:00,0.8720436163511416
1980-09-02 00:00:00,0.8626284094316992
1980-09-03 00:00:00,0.8626284094316992
1980-09-04 00:00:00,0.8626284094316992
1980-09-05 00:00:00,0.8626284094316992
1980-09-08 00:00:00,0.8626284094316992
1980-09-09 00:00:00,0.8626284094316992
1980-09-10 00:00:00,0.8626284094316992
1980-09-11 00:00:00,0.8626284094316992
1980-09-12 00:00:00,0.8626284094316992
1980-09-15 00:00:00,0.8626284094316992
1980-09-16 00:00:00,0.8626284094316992
1980-09-17 00:00:00,0.8626284094316992
1980-09-18 00:00:00,0.8626284094316992
1980-09-19 00:00:00,0.8626284094316992
1980-09-22 00:00:00,0.8626284094316992
1980-09-23 00:00:00,0.8626284094316992
1980-09-24 00:00:00,0.8626284094316992
1980-09-25 00:00:00,0.8626284094316992
1980-09-26 00:00:00,0.8626284094316992
1980-09-29 00:00:00,0.8626284094316992
1980-09-30 00:00:00,0.8626284094316992
1980-10-01 00:00:00,0.8626284094316992
1980-10-02 00:00:00,0.8626284094316992
1980-10-03 00:00:00,0.8626284094316992
1980-10-06 00:00:00,0.8626284094316992
1980-10-07 00:00:00,0.8626284094316992
1980-10-08 00:00:00,0.8626284094316992
1980-10-09 00:00:00,0.8626284094316992
1980-10-10 00:00:00,0.8626284094316992
1980-10-14 00:00:00,0.8626284094316992
1980-10-15 00:00:00,0.8626284094316992
1980-10-16 00:00:00,0.8626284094316992
1980-10-17 00:00:00,0.8626284094316992
1980-10-20 00:00:00,0.8626284094316992
1980-10-21 00:00:00,0.8626284094316992
1980-10-22 00:00:00,0.8626284094316992
1980-10-23 00:00:00,0.8626284094316992
1980-10-24 00:00:00,0.8626284094316992
1980-10-27 00:00:00,0.8626284094316992
1980-10-28 00:00:00,0.8626284094316992
1980-10-29 00:00:00,0.8626284094316992
1980-10-30 00:00:00,0.8626284094316992
1980-10-31 00:00:00,0.8626284094316992
1980-11-03 00:00:00,0.8626284094316992
1980-11-05 00:00:00,0.8626284094316992
1980-11-06 00:00:00,0.8626284094316992
1980-11-07 00:00:00,0.8626284094316992
1980-11-10 00:00:00,0.8626284094316992
1980-11-12 00:00:00,0.8626284094316992
1980-11-13 00:00:00,0.8626284094316992
1980-11-14 00:00:00,0.8626284094316992
1980-11-17 00:00:00,0.8626284094316992
1980-11-18 00:00:00,0.8626284094316992
1980-11-19 00:00:00,0.8626284094316992
1980-11-20 00:00:00,0.8626284094316992
1980-11-21 00:00:00,0.8626284094316992
1980-11-24 00:00:00,0.8626284094316992
1980-11-25 00:00:00,0.8626284094316992
1980-11-26 00:00:00,0.8626284094316992
1980-11-28 00:00:00,0.8626284094316992
1980-12-01 00:00:00,0.8626284094316992
1980-12-02 00:00:00,0.8626284094316992
1980-12-03 00:00:00,0.8626284094316992
1980-12-04 00:00:00,0.8626284094316992
1980-12-05 00:00:00,0.8626284094316992
1980-12-08 00:00:00,0.8626284094316992
1980-12-09 00:00:00,0.8626284094316992
1980-12-10 00:00:00,0.8626284094316992
1980-12-11 00:00:00,0.8626284094316992
1980-12-12 00:00:00,0.8626284094316992
1980-12-15 00:00:00,0.8626284094316992
1980-12-16 00:00:00,0.8626284094316992
1980-12-17 00:00:00,0.8626284094316992
1980-12-18 00:00:00,0.8626284094316992
1980-12-19 00:00:00,0.8626284094316992
1980-12-22 00:00:00,0.8626284094316992
1980-12-23 00:00:00,0.8626284094316992
1980-12-24 00:00:00,0.8626284094316992
1980-12-26 00:00:00,0.8626284094316992
1980-12-29 00:00:00,0.8626284094316992
1980-12-30 00:00:00,0.8626284094316992
1980-12-31 00:00:00,0.8626284094316992
1981-01-02 00:00:00,0.8626284094316992
1981-01-05 00:00:00,0.8626284094316992
1981-01-06 00:00:00,0.8626284094316992
1981-01-07 00:00:00,0.8626284094316992
1981-01-08 00:00:00,0.8626284094316992
1981-01-09 00:00:00,0.8626284094316992
1981-01-12 00:00:00,0.8626284094316992
1981-01-13 00:00:00,0.8626284094316992
1981-01-14 00:00:00,0.8626284094316992
1981-01-15 00:00:00,0.8626284094316992
1981-01-16 00:00:00,0.8626284094316992
1981-01-19 00:00:00,0.8626284094316992
1981-01-20 00:00:00,0.8626284094316992
1981-01-21 00:00:00,0.8626284094316992
1981-01-22 00:00:00,0.8626284094316992
1981-01-23 00:00:00,0.8626284094316992
1981-01-26 00:00:00,0.8626284094316992
1981-01-27 00:00:00,0.8626284094316992
1981-01-28 00:00:00,0.8626284094316992
1981-01-29 00:00:00,0.8626284094316992
1981-01-30 00:00:00,0.8626284094316992
1981-02-02 00:00:00,0.8626284094316992
1981-02-03 00:00:00,0.8626284094316992
1981-02-04 00:00:00,0.8626284094316992
1981-02-05 00:00:00,0.8626284094316992
1981-02-06 00:00:00,0.8626284094316992
1981-02-09 00:00:00,0.8626284094316992
1981-02-10 00:00:00,0.8626284094316992
1981-02-11 00:00:00,0.8626284094316992
1981-02-13 00:00:00,0.8626284094316992
1981-02-17 00:00:00,0.8626284094316992
1981-02-18 00:00:00,0.8626284094316992
1981-02-19 00:00:00,0.8626284094316992
1981-02-20 00:00:00,0.8626284094316992
1981-02-23 00:00:00,0.8626284094316992
1981-02-24 00:00:00,0.8626284094316992
1981-02-25 00:00:00,0.8626284094316992
1981-02-26 00:00:00,0.8626284094316992
1981-02-27 00:00:00,0.8626284094316992
1981-03-02 00:00:00,0.8626284094316992
1981-03-03 00:00:00,0.8626284094316992
1981-03-04 00:00:00,0.8626284094316992
1981-03-05 00:00:00,0.8626284094316992
1981-03-06 00:00:00,0.8626284094316992
1981-03-09 00:00:00,0.8626284094316992
1981-03-10 00:00:00,0.8626284094316992
1981-03-11 00:00:00,0.8626284094316992
1981-03-12 00:00:00,0.8626284094316992
1981-03-13 00:00:00,0.8626284094316992
1981-03-16 00:00:00,0.8626284094316992
1981-03-17 00:00:00,0.8626284094316992
1981-03-18 00:00:00,0.8626284094316992
1981-03-19 00:00:00,0.8626284094316992
1981-03-20 00:00:00,0.8626284094316992
1981-03-23 00:00:00,0.8626284094316992
1981-03-24 00:00:00,0.8626284094316992
1981-03-25 00:00:00,0.8626284094316992
1981-03-26 00:00:00,0.8626284094316992
1981-03-27 00:00:00,0.8626284094316992
1981-03-30 00:00:00,0.8626284094316992
1981-03-31 00:00:00,0.8626284094316992
1981-04-01 00:00:00,0.8626284094316992
1981-04-02 00:00:00,0.8626284094316992
1981-04-03 00:00:00,0.8626284094316992
1981-04-06 00:00:00,0.8626284094316992
1981-04-07 00:00:00,0.8626284094316992
1981-04-08 00:00:00,0.8626284094316992
1981-04-09 00:00:00,0.8626284094316992
1981-04-10 00:00:00,0.8626284094316992
1981-04-13 00:00:00,0.8626284094316992
1981-04-14 00:00:00,0.8626284094316992
1981-04-15 00:00:00,0.8626284094316992
1981-04-16 00:00:00,0.8626284094316992
1981-04-17 00:00:00,0.8626284094316992
1981-04-20 00:00:00,0.8626284094316992
1981-04-21 00:00:00,0.8626284094316992
1981-04-22 00:00:00,0.8626284094316992
1981-04-23 00:00:00,0.8626284094316992
1981-04-24 00:00:00,0.8626284094316992
1981-04-27 00:00:00,0.8626284094316992
1981-04-28 00:00:00,0.8626284094316992
1981-04-29 00:00:00,0.8626284094316992
1981-04-30 00:00:00,0.8626284094316992
1981-05-01 00:00:00,0.8626284094316992
1981-05-04 00:00:00,0.8626284094316992
1981-05-05 00:00:00,0.8626284094316992
1981-05-06 00:00:00,0.8626284094316992
1981-05-07 00:00:00,0.8626284094316992
1981-05-08 00:00:00,0.8626284094316992
1981-05-11 00:00:00,0.8626284094316992
1981-05-12 00:00:00,0.8626284094316992
1981-05-13 00:00:00,0.8626284094316992
1981-05-14 00:00:00,0.8626284094316992
1981-05-15 00:00:00,0.8626284094316992
1981-05-18 00:00:00,0.8626284094316992
1981-05-19 00:00:00,0.8626284094316992
1981-05-20 00:00:00,0.8626284094316992
1981-05-21 00:00:00,0.8626284094316992
1981-05-22 00:00:00,0.8626284094316992
1981-05-26 00:00:00,0.8626284094316992
1981-05-27 00:00:00,0.8626284094316992
1981-05-28 00:00:00,0.8626284094316992
1981-05-29 00:00:00,0.8626284094316992
1981-06-01 00:00:00,0.8626284094316992
1981-06-02 00:00:00,0.8626284094316992
1981-06-03 00:00:00,0.8626284094316992
1981-06-04 00:00:00,0.8626284094316992
1981-06-05 00:00:00,0.8626284094316992
1981-06-08 00:00:00,0.8626284094316992
1981-06-09 00:00:00,0.8626284094316992
1981-06-10 00:00:00,0.8626284094316992
1981-06-11 00:00:00,0.8626284094316992
1981-06-12 00:00:00,0.8626284094316992
1981-06-15 00:00:00,0.8626284094316992
1981-06-16 00:00:00,0.8626284094316992
1981-06-17 00:00:00,0.8626284094316992
1981-06-18 00:00:00,0.8626284094316992
1981-06-19 00:00:00,0.8626284094316992
1981-06-22 00:00:00,0.8626284094316992
1981-06-23 00:00:00,0.8626284094316992
1981-06-24 00:00:00,0.8626284094316992
1981-06-25 00:00:00,0.8626284094316992
1981-06-26 00:00:00,0.8626284094316992
1981-06-29 00:00:00,0.8626284094316992
1981-06-30 00:00:00,0.8626284094316992
1981-07-01 00:00:00,0.8626284094316992
1981-07-02 00:00:00,0.8626284094316992
1981-07-03 00:00:00,0.8626284094316992
1981-07-06 00:00:00,0.8626284094316992
1981-07-07 00:00:00,0.8626284094316992
1981-07-08 00:00:00,0.8626284094316992
1981-07-09 00:00:00,0.8626284094316992
1981-07-10 00:00:00,0.8626284094316992
1981-07-13 00:00:00,0.8626284094316992
1981-07-14 00:00:00,0.8626284094316992
1981-07-15 00:00:00,0.8626284094316992
1981-07-16 00:00:00,0.8626284094316992
1981-07-17 00:00:00,0.8626284094316992
1981-07-20 00:00:00,0.8626284094316992
1981-07-21 00:00:00,0.8626284094316992
1981-07-22 00:00:00,0.8626284094316992
1981-07-23 00:00:00,0.8626284094316992
1981-07-24 00:00:00,0.8626284094316992
1981-07-27 00:00:00,0.8626284094316992
1981-07-28 00:00:00,0.8626284094316992
1981-07-29 00:00:00,0.8626284094316992
1981-07-30 00:00:00,0.8626284094316992
1981-07-31 00:00:00,0.8626284094316992
1981-08-03 00:00:00,0.8626284094316992
1981-08-04 00:00:00,0.8626284094316992
1981-08-05 00:00:00,0.8626284094316992
1981-08-06 00:00:00,0.8626284094316992
1981-08-07 00:00:00,0.8626284094316992
1981-08-10 00:00:00,0.8626284094316992
1981-08-11 00:00:00,0.8626284094316992
1981-08-12 00:00:00,0.8626284094316992
1981-08-13 00:00:00,0.8626284094316992
1981-08-14 00:00:00,0.8626284094316992
1981-08-17 00:00:00,0.8626284094316992
1981-08-18 00:00:00,0.8626284094316992
1981-08-19 00:00:00,0.8626284094316992
1981-08-20 00:00:00,0.8626284094316992
1981-08-21 00:00:00,0.8626284094316992
1981-08-24 00:00:00,0.8626284094316992
1981-08-25 00:00:00,0.8626284094316992
1981-08-26 00:00:00,0.8626284094316992
1981-08-27 00:00:00,0.8626284094316992
1981-08-28 00:00:00,0.8626284094316992
1981-08-31 00:00:00,0.8626284094316992
1981-09-01 00:00:00,0.8626284094316992
1981-09-02 00:00:00,0.8626284094316992
1981-09-03 00:00:00,0.8626284094316992
1981-09-04 00:00:00,0.8626284094316992
1981-09-08 00:00:00,0.8626284094316992
1981-09-09 00:00:00,0.8626284094316992
1981-09-10 00:00:00,0.8626284094316992
1981-09-11 00:00:00,0.8626284094316992
1981-09-14 00:00:00,0.8626284094316992
1981-09-15 00:00:00,0.8626284094316992
1981-09-16 00:00:00,0.8626284094316992
1981-09-17 00:00:00,0.8626284094316992
1981-09-18 00:00:00,0.8626284094316992
1981-09-21 00:00:00,0.8626284094316992
1981-09-22 00:00:00,0.8626284094316992
1981-09-23 00:00:00,0.8626284094316992
1981-09-24 00:00:00,0.8626284094316992
1981-09-25 00:00:00,0.8626284094316992
1981-09-28 00:00:00,0.8626284094316992
1981-09-29 00:00:00,0.8626284094316992
1981-09-30 00:00:00,0.8626284094316992
1981-10-01 00:00:00,0.8626284094316992
1981-10-02 00:00:00,0.8626284094316992
1981-10-05 00:00:00,0.8626284094316992
1981-10-06 00:00:00,0.8626284094316992
1981-10-07 00:00:00,0.8626284094316992
1981-10-08 00:00:00,0.8626284094316992
1981-10-09 00:00:00,0.8626284094316992
1981-10-13 00:00:00,0.8626284094316992
1981-10-14 00:00:00,0.8626284094316992
1981-10-15 00:00:00,0.8626284094316992
1981-10-16 00:00:00,0.8626284094316992
1981-10-19 00:00:00,0.8626284094316992
1981-10-20 00:00:00,0.8626284094316992
1981-10-21 00:00:00,0.8626284094316992
1981-10-22 00:00:00,0.8626284094316992
1981-10-23 00:00:00,0.8626284094316992
1981-10-26 00:00:00,0.8626284094316992
1981-10-27 00:00:00,0.8626284094316992
1981-10-28 00:00:00,0.8626284094316992
1981-10-29 00:00:00,0.8626284094316992
1981-10-30 00:00:00,0.8626284094316992
1981-11-02 00:00:00,0.8626284094316992
1981-11-04 00:00:00,0.8626284094316992
1981-11-05 00:00:00,0.8626284094316992
1981-11-06 00:00:00,0.8626284094316992
1981-11-09 00:00:00,0.8626284094316992
1981-11-10 00:00:00,0.8626284094316992
1981-11-12 00:00:00,0.8626284094316992
1981-11-13 00:00:00,0.8626284094316992
1981-11-16 00:00:00,0.8626284094316992
1981-11-17 00:00:00,0.8626284094316992
1981-11-18 00:00:00,0.8626284094316992
1981-11-19 00:00:00,0.8626284094316992
1981-11-20 00:00:00,0.8626284094316992
1981-11-23 00:00:00,0.8626284094316992
1981-11-24 00:00:00,0.8626284094316992
1981-11-25 00:00:00,0.8626284094316992
1981-11-27 00:00:00,0.8626284094316992
1981-11-30 00:00:00,0.8626284094316992
1981-12-01 00:00:00,0.8626284094316992
1981-12-02 00:00:00,0.8626284094316992
1981-12-03 00:00:00,0.8626284094316992
1981-12-04 00:00:00,0.8626284094316992
1981-12-07 00:00:00,0.8626284094316992
1981-12-08 00:00:00,0.8626284094316992
1981-12-09 00:00:00,0.8626284094316992
1981-12-10 00:00:00,0.8626284094316992
1981-12-11 00:00:00,0.8626284094316992
1981-12-14 00:00:00,0.8626284094316992
1981-12-15 00:00:00,0.8626284094316992
1981-12-16 00:00:00,0.8626284094316992
1981-12-17 00:00:00,0.8626284094316992
1981-12-18 00:00:00,0.8626284094316992
1981-12-21 00:00:00,0.8626284094316992
1981-12-22 00:00:00,0.8626284094316992
1981-12-23 00:00:00,0.8626284094316992
1981-12-24 00:00:00,0.8626284094316992
1981-12-28 00:00:00,0.8626284094316992
1981-12-29 00:00:00,0.8626284094316992
1981-12-30 00:00:00,0.8626284094316992
1981-12-31 00:00:00,0.8626284094316992
1982-01-04 00:00:00,0.8626284094316992
1982-01-05 00:00:00,0.8626284094316992
1982-01-06 00:00:00,0.8626284094316992
1982-01-07 00:00:00,0.8626284094316992
1982-01-08 00:00:00,0.8626284094316992
1982-01-11 00:00:00,0.8626284094316992
1982-01-12 00:00:00,0.8626284094316992
1982-01-13 00:00:00,0.8626284094316992
1982-01-14 00:00:00,0.8626284094316992
1982-01-15 00:00:00,0.8626284094316992
1982-01-18 00:00:00,0.8626284094316992
1982-01-19 00:00:00,0.8626284094316992
1982-01-20 00:00:00,0.8626284094316992
1982-01-21 00:00:00,0.8626284094316992
1982-01-22 00:00:00,0.8626284094316992
1982-01-25 00:00:00,0.8626284094316992
1982-01-26 00:00:00,0.8626284094316992
1982-01-27 00:00:00,0.8626284094316992
1982-01-28 00:00:00,0.8626284094316992
1982-01-29 00:00:00,0.8626284094316992
1982-02-01 00:00:00,0.8626284094316992
1982-02-02 00:00:00,0.8626284094316992
1982-02-03 00:00:00,0.8626284094316992
1982-02-04 00:00:00,0.8626284094316992
1982-02-05 00:00:00,0.8626284094316992
1982-02-08 00:00:00,0.8626284094316992
1982-02-09 00:00:00,0.8626284094316992
1982-02-10 00:00:00,0.8626284094316992
1982-02-11 00:00:00,0.8626284094316992
1982-02-16 00:00:00,0.8626284094316992
1982-02-17 00:00:00,0.8626284094316992
1982-02-18 00:00:00,0.855059326384664
1982-02-19 00:00:00,0.85453978087044
1982-02-22 00:00:00,0.856840050369341
1982-02-23 00:00:00,0.8645449653100641
1982-02-24 00:00:00,0.8652003427179756
1982-02-25 00:00:00,0.8636468650322727
1982-02-26 00:00:00,0.8695658971313501
1982-03-01 00:00:00,0.8687173731989285
1982-03-02 00:00:00,0.8729915132070167
1982-03-03 00:00:00,0.8680072605886789
1982-03-04 00:00:00,0.8658428229834659
1982-03-05 00:00:00,0.8610935549495553
1982-03-08 00:00:00,0.866918593214862
1982-03-09 00:00:00,0.8769733539998553
1982-03-10 00:00:00,0.8738689780569341
1982-03-11 00:00:00,0.8761692475558349
1982-03-12 00:00:00,0.879644439976871
1982-03-15 00:00:00,0.8751301565273875
1982-03-16 00:00:00,0.8774304260262883
1982-03-17 00:00:00,0.8739970716651693
1982-03-18 00:00:00,0.8738065045691432
1982-03-19 00:00:00,0.8786916044967418
1982-03-22 00:00:00,0.879205991153997
1982-03-23 00:00:00,0.8771825442994401
1982-03-24 00:00:00,0.8759580450319353
1982-03-25 00:00:00,0.8801381912062525
1982-03-26 00:00:00,0.8826734452895805
1982-03-29 00:00:00,0.888498483554887
1982-03-30 00:00:00,0.8856290921963927
1982-03-31 00:00:00,0.8867544387731585
1982-04-01 00:00:00,0.8824751399081019
1982-04-02 00:00:00,0.8836004864848674
1982-04-05 00:00:00,0.8907414384229655
1982-04-06 00:00:00,0.9008901930417299
1982-04-07 00:00:00,0.894966002085684
1982-04-08 00:00:00,0.8996161174288554
1982-04-09 00:00:00,0.8990965719146315
1982-04-12 00:00:00,0.8924674272053046
1982-04-13 00:00:00,0.8919478816910809
1982-04-14 00:00:00,0.8961280278653981
1982-04-15 00:00:00,0.8961724453537993
1982-04-16 00:00:00,0.8960288751746588
1982-04-19 00:00:00,0.8898696996341859
1982-04-20 00:00:00,0.8909950462109515
1982-04-21 00:00:00,0.8878906702680303
1982-04-22 00:00:00,0.8876061093382335
1982-04-23 00:00:00,0.8901413634215614
1982-04-26 00:00:00,0.8875069566474942
1982-04-27 00:00:00,0.888867287808687
1982-04-28 00:00:00,0.8836480506059222
1982-04-29 00:00:00,0.8796037363252927
1982-04-30 00:00:00,0.8793191753954961
1982-05-03 00:00:00,0.8703401848418986
1982-05-04 00:00:00,0.8792200227047567
1982-05-05 00:00:00,0.8742357700864191
1982-05-06 00:00:00,0.8666666870393839
1982-05-07 00:00:00,0.8641732710159729
1982-05-10 00:00:00,0.8595179968158331
1982-05-11 00:00:00,0.8608783279770257
1982-05-12 00:00:00,0.8589488749562397
1982-05-13 00:00:00,0.8650088978059733
1982-05-14 00:00:00,0.8651943060450308
1982-05-17 00:00:00,0.8684345138816398
1982-05-18 00:00:00,0.8697948450428326
1982-05-19 00:00:00,0.8777347445679825
1982-05-20 00:00:00,0.8856746440931326
1982-05-21 00:00:00,0.877165622708389
1982-05-24 00:00:00,0.8738262621810409
1982-05-25 00:00:00,0.8736356950850149
1982-05-26 00:00:00,0.875841970750145
1982-05-27 00:00:00,0.8807270706777434
1982-05-28 00:00:00,0.8799725405790927
1982-06-01 00:00:00,0.8815678563247122
1982-06-02 00:00:00,0.8796384033039263
1982-06-03 00:00:00,0.8773799718649424
1982-06-04 00:00:00,0.8778943585221978
1982-06-07 00:00:00,0.8801946280210985
1982-06-08 00:00:00,0.8839048050265617
1982-06-09 00:00:00,0.8873799974475978
1982-06-10 00:00:00,0.8922650973751962
1982-06-11 00:00:00,0.8872808447568585
1982-06-14 00:00:00,0.8949857596975814
1982-06-15 00:00:00,0.8934322820118787
1982-06-16 00:00:00,0.8995862986953832
1982-06-17 00:00:00,0.901886568194284
1982-06-18 00:00:00,0.9039518531087579
1982-06-21 00:00:00,0.9093069222052104
1982-06-22 00:00:00,0.9047926387557268
1982-06-23 00:00:00,0.9080328465923359
1982-06-24 00:00:00,0.9063383781559768
1982-06-25 00:00:00,0.9128683701745646
1982-06-28 00:00:00,0.913053778413622
1982-06-29 00:00:00,0.9052497107821598
1982-06-30 00:00:00,0.9049651498523631
1982-07-01 00:00:00,0.9051505580914204
1982-07-02 00:00:00,0.9069808584214673
1982-07-06 00:00:00,0.9103150600918472
1982-07-07 00:00:00,0.916516073692237
1982-07-08 00:00:00,0.9164664973468674
1982-07-09 00:00:00,0.9098373526375404
1982-07-12 00:00:00,0.9060280229413379
1982-07-13 00:00:00,0.9106781382845093
1982-07-14 00:00:00,0.9103935773547125
1982-07-15 00:00:00,0.911048954762624
1982-07-16 00:00:00,0.9098244554951193
1982-07-19 00:00:00,0.9046052182923544
1982-07-20 00:00:00,0.9026757652715685
1982-07-21 00:00:00,0.8946367130556792
1982-07-22 00:00:00,0.8985818746455693
1982-07-23 00:00:00,0.8896028840919717
1982-07-26 00:00:00,0.8907282306687374
1982-07-27 00:00:00,0.8943444138404297
1982-07-28 00:00:00,0.9002634459395071
1982-07-29 00:00:00,0.9027987000228351
1982-07-30 00:00:00,0.9027491236774655
1982-08-02 00:00:00,0.8954150252148572
1982-08-03 00:00:00,0.8977152947137581
1982-08-04 00:00:00,0.9073940801636684
1982-08-05 00:00:00,0.9131251245952041
1982-08-06 00:00:00,0.9137805020031157
1982-08-09 00:00:00,0.9203104940217034
1982-08-10 00:00:00,0.921435840598469
1982-08-11 00:00:00,0.9211512796686724
1982-08-12 00:00:00,0.9211017033233028
1982-08-13 00:00:00,0.9191722503025167
1982-08-16 00:00:00,0.91888768937272
1982-08-17 00:00:00,0.9167232517675069
1982-08-18 00:00:00,0.9086841995516176
1982-08-19 00:00:00,0.9088696077906749
1982-08-20 00:00:00,0.9003605864059314
1982-08-23 00:00:00,0.8991360871384266
1982-08-24 00:00:00,0.8885122044938397
1982-08-25 00:00:00,0.8912824431615948
1982-08-26 00:00:00,0.8914678514006522
1982-08-27 00:00:00,0.9026975351077808
1982-08-30 00:00:00,0.915572110905899
1982-08-31 00:00:00,0.9098829045342802
1982-09-01 00:00:00,0.9098333281889106
1982-09-02 00:00:00,0.9029691988951564
1982-09-03 00:00:00,0.9050344838096303
1982-09-07 00:00:00,0.9062538242201666
1982-09-08 00:00:00,0.9094000382230049
1982-09-09 00:00:00,0.9060606776956566
1982-09-10 00:00:00,0.9132956234675256
1982-09-13 00:00:00,0.9166298251379054
1982-09-14 00:00:00,0.9155463166210567
1982-09-15 00:00:00,0.9159667094445413
1982-09-16 00:00:00,0.9154471639303174
1982-09-17 00:00:00,0.9128127571562502
1982-09-20 00:00:00,0.9139381037330159
1982-09-21 00:00:00,0.9141235119720732
1982-09-22 00:00:00,0.9086692901848815
1982-09-23 00:00:00,0.9137893746969069
1982-09-24 00:00:00,0.9146797366892455
1982-09-27 00:00:00,0.9205987687883229
1982-09-28 00:00:00,0.9230400290378801
1982-09-29 00:00:00,0.9206406068482399
1982-09-30 00:00:00,0.9210609996717244
1982-10-01 00:00:00,0.9193665312353654
1982-10-04 00:00:00,0.926225501672151
1982-10-05 00:00:00,0.9246720239864482
1982-10-06 00:00:00,0.921802632627954
1982-10-07 00:00:00,0.9165833954251893
1982-10-08 00:00:00,0.9160638499109656
1982-10-12 00:00:00,0.906849874772941
1982-10-13 00:00:00,0.9140848205448099
1982-10-14 00:00:00,0.9152101671215754
1982-10-15 00:00:00,0.916100529113914
1982-10-18 00:00:00,0.914171076093128
1982-10-19 00:00:00,0.9145914689166125
1982-10-20 00:00:00,0.9191005935091275
1982-10-21 00:00:00,0.9198029678339246
1982-10-22 00:00:00,0.9186724624001905
1982-10-25 00:00:00,0.9268473465097675
1982-10-26 00:00:00,0.9242129397357004
1982-10-27 00:00:00,0.9247273263929556
1982-10-28 00:00:00,0.9278735403957938
1982-10-29 00:00:00,0.9282939332192783
1982-11-01 00:00:00,0.9256595264452111
1982-11-03 00:00:00,0.9270198576064037
1982-11-04 00:00:00,0.9330798804561373
1982-11-05 00:00:00,0.9349101807861842
1982-11-08 00:00:00,0.9405002344670638
1982-11-09 00:00:00,0.9358449602669239
1982-11-10 00:00:00,0.9347614517500752
1982-11-12 00:00:00,0.9397405455114445
1982-11-15 00:00:00,0.9492313432938131
1982-11-16 00:00:00,0.9543514278058385
1982-11-17 00:00:00,0.9632312656686969
1982-11-18 00:00:00,0.962476735570046
1982-11-19 00:00:00,0.9546726679385837
1982-11-22 00:00:00,0.9666073053989936
1982-11-23 00:00:00,0.9650538277132908
1982-11-24 00:00:00,0.9658031989549732
1982-11-26 00:00:00,0.9671635301161658
1982-11-29 00:00:00,0.960675376157495
1982-11-30 00:00:00,0.9485005952556897
1982-12-01 00:00:00,0.9500959110013094
1982-12-02 00:00:00,0.9462865813051069
1982-12-03 00:00:00,0.9441221436998939
1982-12-06 00:00:00,0.9539419199004603
1982-12-07 00:00:00,0.9482527135288416
1982-12-08 00:00:00,0.9505529830277423
1982-12-09 00:00:00,0.9575529442151841
1982-12-10 00:00:00,0.9584433062075226
1982-12-13 00:00:00,0.9598036373687154
1982-12-14 00:00:00,0.9552893539192318
1982-12-15 00:00:00,0.9564147004959973
1982-12-16 00:00:00,0.9535453091375031
1982-12-17 00:00:00,0.9628951161692155
1982-12-20 00:00:00,0.9579108635508778
1982-12-21 00:00:00,0.9606811022186328
1982-12-22 00:00:00,0.959456602951128
1982-12-23 00:00:00,0.9650466566320075
1982-12-24 00:00:00,0.9626472344423673
1982-12-27 00:00:00,0.9602478122527272
1982-12-28 00:00:00,0.9536186675434002
1982-12-29 00:00:00,0.9498093378471977
1982-12-30 00:00:00,0.9546944377747961
1982-12-31 00:00:00,0.9539399076761453
1983-01-03 00:00:00,0.9513055009020782
1983-01-04 00:00:00,0.9524308474788438
1983-01-05 00:00:00,0.9523812711334741
1983-01-06 00:00:00,0.9591462477364889
1983-01-07 00:00:00,0.9574517793001299
1983-01-10 00:00:00,0.9670365709162694
1983-01-11 00:00:00,0.9695718249995973
1983-01-12 00:00:00,0.9737519711739147
1983-01-13 00:00:00,0.9722924873219826
1983-01-14 00:00:00,0.9708330034700507
1983-01-17 00:00:00,0.9670236737738482
1983-01-18 00:00:00,0.9730836966235819
1983-01-19 00:00:00,0.9739740586159205
1983-01-20 00:00:00,0.9748644206082591
1983-01-21 00:00:00,0.9769297055227328
1983-01-24 00:00:00,0.9895692967364239
1983-01-25 00:00:00,0.9903186679781062
1983-01-26 00:00:00,0.9859453752792788
1983-01-27 00:00:00,0.9913004443757314
1983-01-28 00:00:00,0.9913918587810179
1983-01-31 00:00:00,0.9988617891373139
1983-02-01 00:00:00,0.9972613145347257
1983-02-02 00:00:00,1.001911429877897
1983-02-03 00:00:00,0.9966921926751324
1983-02-04 00:00:00,0.9966426163297627
1983-02-07 00:00:00,0.9921283328802791
1983-02-08 00:00:00,0.9909038336127742
1983-02-09 00:00:00,0.9887393960075612
1983-02-10 00:00:00,0.9849300663113588
1983-02-11 00:00:00,0.9888752279012489
1983-02-14 00:00:00,0.9897655898935875
1983-02-15 00:00:00,0.9885410906260826
1983-02-16 00:00:00,0.983791822592172
1983-02-17 00:00:00,0.987267015013208
1983-02-18 00:00:00,0.9872174386678384
1983-02-22 00:00:00,0.9975071840372589
1983-02-23 00:00:00,0.9920529622500672
1983-02-24 00:00:00,0.9945882163333951
1983-02-25 00:00:00,0.9947736245724526
1983-02-28 00:00:00,1.0020085703443213
1983-03-01 00:00:00,1.0052487781809305
1983-03-02 00:00:00,1.004964217251134
1983-03-03 00:00:00,1.0013898721393584
1983-03-04 00:00:00,1.00204524954727
1983-03-07 00:00:00,0.9992698520225466
1983-03-08 00:00:00,1.0073507422983528
1983-03-09 00:00:00,1.0058912584464208
1983-03-10 00:00:00,1.0015179657475934
1983-03-11 00:00:00,1.0056981119219108
1983-03-14 00:00:00,1.0026877298127603
1983-03-15 00:00:00,1.0002883076231202
1983-03-16 00:00:00,1.002118607953167
1983-03-17 00:00:00,1.0056877942079738
1983-03-18 00:00:00,1.012593761561645
1983-03-21 00:00:00,1.020533661086795
1983-03-22 00:00:00,1.01930916181929
1983-03-23 00:00:00,1.0263091230067318
1983-03-24 00:00:00,1.0244736638197167
1983-03-25 00:00:00,1.0252700319782844
1983-03-28 00:00:00,1.0278052860616125
1983-03-29 00:00:00,1.0278497035500136
1983-03-30 00:00:00,1.022066503344624
1983-03-31 00:00:00,1.0144974202975887
1983-04-01 00:00:00,1.0165627052120625
1983-04-04 00:00:00,1.0115784525937248
1983-04-05 00:00:00,1.0031634250427521
1983-04-06 00:00:00,0.9980851785906437
1983-04-07 00:00:00,1.0043801860248043
1983-04-08 00:00:00,1.0036256559261536
1983-04-11 00:00:00,0.9935657362841916
1983-04-12 00:00:00,0.9859026594033856
1983-04-13 00:00:00,0.9886728980711406
1983-04-14 00:00:00,0.9868844358010107
1983-04-15 00:00:00,0.9827931246034959
1983-04-18 00:00:00,0.9770099243981062
1983-04-19 00:00:00,0.9823649934945586
1983-04-20 00:00:00,0.9858401859155947
1983-04-21 00:00:00,0.9832057791415275
1983-04-22 00:00:00,0.9852710640560014
1983-04-25 00:00:00,0.9734722584892793
1983-04-26 00:00:00,0.9724827438062014
1983-04-27 00:00:00,0.97337310579854
1983-04-28 00:00:00,0.9774592581390865
1983-04-29 00:00:00,0.9783026232145396
1983-05-02 00:00:00,0.971955460006525
1983-05-03 00:00:00,0.9683811148947497
1983-05-04 00:00:00,0.968096553964953
1983-05-05 00:00:00,0.9683759560377811
1983-05-06 00:00:00,0.9678564105235574
1983-05-09 00:00:00,0.9729764950355829
1983-05-10 00:00:00,0.9745718107812026
1983-05-11 00:00:00,0.9728773423448436
1983-05-12 00:00:00,0.9727807690825886
1983-05-13 00:00:00,0.9734831434073856
1983-05-16 00:00:00,0.9762533820751405
1983-05-17 00:00:00,0.9792586053273225
1983-05-18 00:00:00,0.9770941677221094
1983-05-19 00:00:00,0.9797234156392082
1983-05-20 00:00:00,0.9780759441197345
1983-05-23 00:00:00,0.9780263677743649
1983-05-24 00:00:00,0.972572145987173
1983-05-25 00:00:00,0.964204115353086
1983-05-26 00:00:00,0.9563530508047382
1983-05-27 00:00:00,0.9563974682931395
1983-05-31 00:00:00,0.9569588518672801
1983-06-01 00:00:00,0.9618439517948785
1983-06-02 00:00:00,0.9657421164678834
1983-06-03 00:00:00,0.9734940283254918
1983-06-06 00:00:00,0.968274791122727
1983-06-07 00:00:00,0.9701050914527738
1983-06-08 00:00:00,0.9711834411126539
1983-06-09 00:00:00,0.9668101484138266
1983-06-10 00:00:00,0.970661316169946
1983-06-13 00:00:00,0.9792121756146064
1983-06-14 00:00:00,0.9931206835842036
1983-06-15 00:00:00,0.9933060918232609
1983-06-16 00:00:00,0.9909066696336208
1983-06-17 00:00:00,0.9927369699636677
1983-06-20 00:00:00,0.988457671098611
1983-06-21 00:00:00,0.9912279097663659
1983-06-22 00:00:00,0.9890634721611529
1983-06-23 00:00:00,0.9840792195428152
1983-06-24 00:00:00,0.9819147819376021
1983-06-27 00:00:00,0.9856249589430652
1983-06-28 00:00:00,0.9879252284419662
1983-06-29 00:00:00,0.9901315041070962
1983-06-30 00:00:00,0.9875910911667999
1983-07-01 00:00:00,0.9884814531591384
1983-07-05 00:00:00,0.9896067997359039
1983-07-06 00:00:00,0.9843875625331392
1983-07-07 00:00:00,0.9845729707721966
1983-07-08 00:00:00,0.9833484715046917
1983-07-11 00:00:00,0.9868236639257278
1983-07-12 00:00:00,0.9879490105024935
1983-07-13 00:00:00,0.9886983817441759
1983-07-14 00:00:00,0.9894947499027436
1983-07-15 00:00:00,0.9948498189991961
1983-07-18 00:00:00,0.9932963413134932
1983-07-19 00:00:00,0.9940927094720611
1983-07-20 00:00:00,0.9911763211966814
1983-07-21 00:00:00,0.9906567756824577
1983-07-22 00:00:00,0.9927220605969315
1983-07-25 00:00:00,0.9922025150827076
1983-07-26 00:00:00,0.9905080466463487
1983-07-27 00:00:00,0.9892835473788438
1983-07-28 00:00:00,0.9902679032049533
1983-07-29 00:00:00,0.9927091634545103
1983-08-01 00:00:00,0.9978292479665358
1983-08-02 00:00:00,0.9986256161251035
1983-08-03 00:00:00,0.9992339966161297
1983-08-04 00:00:00,1.00778485606079
1983-08-05 00:00:00,1.0089102026375556
1983-08-08 00:00:00,1.0060408112790613
1983-08-09 00:00:00,1.0045813274271294
1983-08-10 00:00:00,1.0106413502768632
1983-08-11 00:00:00,1.0114377184354308
1983-08-12 00:00:00,1.0103072130016968
1983-08-15 00:00:00,1.0050879757989322
1983-08-16 00:00:00,0.9979888619207509
1983-08-17 00:00:00,0.9946495013934027
1983-08-18 00:00:00,0.9904641963621168
1983-08-19 00:00:00,0.9933754257805281
1983-08-22 00:00:00,0.9881561885777633
1983-08-23 00:00:00,0.9867906985596022
1983-08-24 00:00:00,0.9919107830716276
1983-08-25 00:00:00,0.9983467812564446
1983-08-26 00:00:00,0.999002158664356
1983-08-29 00:00:00,1.000597474409976
1983-08-30 00:00:00,1.0015818302360853
1983-08-31 00:00:00,1.0037881059012153
1983-09-01 00:00:00,1.0021406343817416
1983-09-02 00:00:00,1.003218984041622
1983-09-06 00:00:00,1.0015245156052628
1983-09-07 00:00:00,1.005234692610726
1983-09-08 00:00:00,1.0043861686783044
1983-09-09 00:00:00,1.0034906478289973
1983-09-12 00:00:00,1.0001512873016492
1983-09-13 00:00:00,1.0036264797226853
1983-09-14 00:00:00,1.005221795468305
1983-09-15 00:00:00,1.0018824349409565
1983-09-16 00:00:00,0.9994830127513165
1983-09-19 00:00:00,0.9961436522239681
1983-09-20 00:00:00,0.9965640450474526
1983-09-21 00:00:00,0.9974544070397912
1983-09-22 00:00:00,1.0013995686296813
1983-09-23 00:00:00,0.9989061526062705
1983-09-26 00:00:00,0.9986215916764737
1983-09-27 00:00:00,1.0012508395935724
1983-09-28 00:00:00,1.0004023156611508
1983-09-29 00:00:00,1.000211748565125
1983-09-30 00:00:00,1.0010081167236926
1983-10-03 00:00:00,1.0076321025760513
1983-10-04 00:00:00,1.0115772641659415
1983-10-05 00:00:00,1.0049481194566143
1983-10-06 00:00:00,1.0042875831917346
1983-10-07 00:00:00,0.9954495833887932
1983-10-11 00:00:00,0.9958699762122776
1983-10-12 00:00:00,0.9977002765423244
1983-10-13 00:00:00,0.9997655614567982
1983-10-14 00:00:00,0.9997629820283139
1983-10-17 00:00:00,0.9991964395972048
1983-10-18 00:00:00,0.9991468632518352
1983-10-19 00:00:00,0.9991912807402363
1983-10-20 00:00:00,1.0003166273170019
1983-10-21 00:00:00,0.9983871742962159
1983-10-24 00:00:00,1.0003584653769189
1983-10-25 00:00:00,0.9992749568600703
1983-10-26 00:00:00,1.0000243281017527
1983-10-27 00:00:00,1.0017606345980286
1983-10-28 00:00:00,1.0013350829175756
1983-10-31 00:00:00,1.0011915127384352
1983-11-01 00:00:00,1.0057006373309503
1983-11-02 00:00:00,1.0048991103154141
1983-11-03 00:00:00,1.0048965308869298
1983-11-04 00:00:00,1.0043769853727063
1983-11-07 00:00:00,1.0055023319494718
1983-11-09 00:00:00,1.0059227247729563
1983-11-10 00:00:00,1.0028183488300348
1983-11-14 00:00:00,1.006058556666644
1983-11-15 00:00:00,1.0054920142355348
1983-11-16 00:00:00,1.0064293731447587
1983-11-17 00:00:00,1.0085886518930034
1983-11-18 00:00:00,1.0126748042335498
1983-11-21 00:00:00,1.0147400891480236
1983-11-22 00:00:00,1.0104607902829672
1983-11-23 00:00:00,1.0134660135351492
1983-11-25 00:00:00,1.0171761905406123
1983-11-28 00:00:00,1.017502589530326
1983-11-29 00:00:00,1.0168420532654459
1983-11-30 00:00:00,1.015382569413514
1983-12-01 00:00:00,1.0177768327461858
1983-12-02 00:00:00,1.0180092379021284
1983-12-05 00:00:00,1.023458300832352
1983-12-06 00:00:00,1.0210588786427117
1983-12-07 00:00:00,1.0264139477391643
1983-12-08 00:00:00,1.0251894484716593
1983-12-09 00:00:00,1.0281946717238415
1983-12-12 00:00:00,1.0301659628045443
1983-12-13 00:00:00,1.0367899486569028
1983-12-14 00:00:00,1.0374453260648144
1983-12-15 00:00:00,1.0343409501218932
1983-12-16 00:00:00,1.0373461733740752
1983-12-19 00:00:00,1.0357926956883725
1983-12-20 00:00:00,1.0353671440079195
1983-12-21 00:00:00,1.0336726755715604
1983-12-22 00:00:00,1.0315082379663474
1983-12-23 00:00:00,1.0293438003611344
1983-12-27 00:00:00,1.0290592394313376
1983-12-28 00:00:00,1.0271297864105517
1983-12-29 00:00:00,1.0216755646233597
1983-12-30 00:00:00,1.0197461116025737
1984-01-03 00:00:00,1.0304118323070777
1984-01-04 00:00:00,1.0357199044866447
1984-01-05 00:00:00,1.0379261801517747
1984-01-06 00:00:00,1.0404614342351026
1984-01-09 00:00:00,1.0423857283989202
1984-01-10 00:00:00,1.0425241397210923
1984-01-11 00:00:00,1.0453413753057326
1984-01-12 00:00:00,1.0444458544564257
1984-01-13 00:00:00,1.0388036450016922
1984-01-16 00:00:00,1.0342893615522086
1984-01-17 00:00:00,1.0384695077265258
1984-01-18 00:00:00,1.036775039290167
1984-01-19 00:00:00,1.0348455862693808
1984-01-20 00:00:00,1.0430204703789578
1984-01-23 00:00:00,1.0413729988594844
1984-01-24 00:00:00,1.0436262714414997
1984-01-25 00:00:00,1.0427777475090783
1984-01-26 00:00:00,1.0402373345687819
1984-01-27 00:00:00,1.0413626811455474
1984-01-30 00:00:00,1.0394802250416468
1984-01-31 00:00:00,1.0423444575431726
1984-02-01 00:00:00,1.038159152511887
1984-02-02 00:00:00,1.032234961555841
1984-02-03 00:00:00,1.0281906472752116
1984-02-06 00:00:00,1.0321358088651018
1984-02-07 00:00:00,1.0376318687122104
1984-02-08 00:00:00,1.0365953571122473
1984-02-09 00:00:00,1.0326920335822738
1984-02-10 00:00:00,1.0357912506682267
1984-02-14 00:00:00,1.029303096709556
1984-02-15 00:00:00,1.0214990290780939
1984-02-16 00:00:00,1.020744498979443
1984-02-17 00:00:00,1.0183450767898028
1984-02-21 00:00:00,1.022995192132974
1984-02-22 00:00:00,1.0180109395146364
1984-02-23 00:00:00,1.0151415481561423
1984-02-24 00:00:00,1.0080424342779613
1984-02-27 00:00:00,1.0077578733481642
1984-02-28 00:00:00,0.9990138673789939
1984-02-29 00:00:00,0.9994342602024784
1984-03-01 00:00:00,1.005259298467785
1984-03-02 00:00:00,1.003799814615853
1984-03-05 00:00:00,1.0021053461794942
1984-03-06 00:00:00,1.0022907544185515
1984-03-07 00:00:00,1.0062359160084418
1984-03-08 00:00:00,1.0144108001180188
1984-03-09 00:00:00,1.0122463625128058
1984-03-12 00:00:00,1.0165674994377791
1984-03-13 00:00:00,1.009797363977796
1984-03-14 00:00:00,1.0102177568012805
1984-03-15 00:00:00,1.0127530108846083
1984-03-16 00:00:00,1.0202229412409043
1984-03-19 00:00:00,1.0211133032332427
1984-03-20 00:00:00,1.0229436035632895
1984-03-21 00:00:00,1.0265127898180966
1984-03-22 00:00:00,1.026933182641581
1984-03-23 00:00:00,1.024204782033743
1984-03-26 00:00:00,1.0187505602465512
1984-03-27 00:00:00,1.0189359684856085
1984-03-28 00:00:00,1.019121376724666
1984-03-29 00:00:00,1.0169569391194528
1984-03-30 00:00:00,1.0232519465536136
1984-04-02 00:00:00,1.0253172314680874
1984-04-03 00:00:00,1.025972608875999
1984-04-04 00:00:00,1.025453063361775
1984-04-05 00:00:00,1.0284582866139573
1984-04-06 00:00:00,1.0265288335931713
1984-04-09 00:00:00,1.028829103092072
1984-04-10 00:00:00,1.0231398967204532
1984-04-11 00:00:00,1.0235602895439377
1984-04-12 00:00:00,1.0268004973805467
1984-04-13 00:00:00,1.026750921035177
1984-04-16 00:00:00,1.0302261134562132
1984-04-17 00:00:00,1.0303645247783852
1984-04-18 00:00:00,1.0312078898538384
1984-04-19 00:00:00,1.0318632672617498
1984-04-20 00:00:00,1.0326126385034322
1984-04-23 00:00:00,1.0327980467424895
1984-04-24 00:00:00,1.036649214498609
1984-04-25 00:00:00,1.0345787707271668
1984-04-26 00:00:00,1.0381479569819736
1984-04-27 00:00:00,1.0391793097249684
1984-04-30 00:00:00,1.040774625470588
1984-05-01 00:00:00,1.0409600337096456
1984-05-02 00:00:00,1.0402055036109947
1984-05-03 00:00:00,1.0335763589016678
1984-05-04 00:00:00,1.0358766284005687
1984-05-07 00:00:00,1.0464013583544163
1984-05-08 00:00:00,1.047761689515609
1984-05-09 00:00:00,1.0446573135726875
1984-05-10 00:00:00,1.0474275522404426
1984-05-11 00:00:00,1.0471429913106458
1984-05-14 00:00:00,1.0449785537054328
1984-05-15 00:00:00,1.0451639619444903
1984-05-16 00:00:00,1.042059586001569
1984-05-17 00:00:00,1.0420100096561993
1984-05-18 00:00:00,1.0453912082434644
1984-05-21 00:00:00,1.0435557490564493
1984-05-22 00:00:00,1.0442111264643608
1984-05-23 00:00:00,1.0500361647296674
1984-05-24 00:00:00,1.0474017579556003
1984-05-25 00:00:00,1.0468822124413766
1984-05-29 00:00:00,1.0456577131738716
1984-05-30 00:00:00,1.0463130905817832
1984-05-31 00:00:00,1.0455585604831323
1984-06-01 00:00:00,1.037049539098389
1984-06-04 00:00:00,1.0386448548440088
1984-06-05 00:00:00,1.0411801089273365
1984-06-06 00:00:00,1.0378407483999883
1984-06-07 00:00:00,1.0400000271482328
1984-06-08 00:00:00,1.0415013490600817
1984-06-11 00:00:00,1.0440366031434096
1984-06-12 00:00:00,1.0461018880578834
1984-06-13 00:00:00,1.0451123733748056
1984-06-14 00:00:00,1.045297781613863
1984-06-15 00:00:00,1.048303004866045
1984-06-18 00:00:00,1.0499923144454355
1984-06-19 00:00:00,1.0484388367597328
1984-06-20 00:00:00,1.0540288904406123
1984-06-21 00:00:00,1.0558591907706592
1984-06-22 00:00:00,1.0551986545057792
1984-06-25 00:00:00,1.060929698937315
1984-06-26 00:00:00,1.0598461904204663
1984-06-27 00:00:00,1.061770484584284
1984-06-28 00:00:00,1.0600760161479248
1984-06-29 00:00:00,1.0576765939582848
1984-07-02 00:00:00,1.0607758110442376
1984-07-03 00:00:00,1.0672118092290546
1984-07-05 00:00:00,1.0760916470919129
1984-07-06 00:00:00,1.0768880152504805
1984-07-09 00:00:00,1.0816321244274227
1984-07-10 00:00:00,1.0799376559910636
1984-07-11 00:00:00,1.0787131567235588
1984-07-12 00:00:00,1.0812484108068867
1984-07-13 00:00:00,1.0732093585909974
1984-07-16 00:00:00,1.0717498747390655
1984-07-17 00:00:00,1.0759300209133829
1984-07-18 00:00:00,1.0775253366590025
1984-07-19 00:00:00,1.0708961919496753
1984-07-20 00:00:00,1.0731024676148055
1984-07-23 00:00:00,1.07526174636305
1984-07-24 00:00:00,1.072627339588983
1984-07-25 00:00:00,1.0685830253083535
1984-07-26 00:00:00,1.0693323965500356
1984-07-27 00:00:00,1.0785882097479773
1984-07-30 00:00:00,1.080183525493597
1984-07-31 00:00:00,1.080227942981998
1984-08-01 00:00:00,1.0831391724004094
1984-08-02 00:00:00,1.07909485811978
1984-08-03 00:00:00,1.0708208213194634
1984-08-06 00:00:00,1.075470936662635
1984-08-07 00:00:00,1.0805910211746603
1984-08-08 00:00:00,1.0765467068940309
1984-08-09 00:00:00,1.0779070380552234
1984-08-10 00:00:00,1.0773874925409999
1984-08-13 00:00:00,1.0808626849620357
1984-08-14 00:00:00,1.0742335402527088
1984-08-15 00:00:00,1.0735730039878288
1984-08-16 00:00:00,1.0701396496267097
1984-08-17 00:00:00,1.0726749037100376
1984-08-20 00:00:00,1.0740352348712303
1984-08-21 00:00:00,1.0765704889545582
1984-08-22 00:00:00,1.0784007892846048
1984-08-23 00:00:00,1.076941305432673
1984-08-24 00:00:00,1.0804164978537092
1984-08-27 00:00:00,1.0791919985862042
1984-08-28 00:00:00,1.0777325147342722
1984-08-29 00:00:00,1.0755680771290592
1984-08-30 00:00:00,1.0773983774591058
1984-08-31 00:00:00,1.0789936932047255
1984-09-04 00:00:00,1.0862286389765945
1984-09-05 00:00:00,1.09134872348862
1984-09-06 00:00:00,1.089419270467834
1984-09-07 00:00:00,1.0950093241487135
1984-09-10 00:00:00,1.0935498402967816
1984-09-11 00:00:00,1.093970233120266
1984-09-12 00:00:00,1.0918057955150529
1984-09-13 00:00:00,1.0973958491959324
1984-09-14 00:00:00,1.098051226603844
1984-09-17 00:00:00,1.1092809103109726
1984-09-18 00:00:00,1.1139310256541441
1984-09-19 00:00:00,1.111531603464504
1984-09-20 00:00:00,1.1190015338208
1984-09-21 00:00:00,1.1076726974229318
1984-09-24 00:00:00,1.1073881364931353
1984-09-25 00:00:00,1.113918128511723
1984-09-26 00:00:00,1.1094038450622394
1984-09-27 00:00:00,1.1070044228725993
1984-09-28 00:00:00,1.1125944765534788
1984-10-01 00:00:00,1.1109000081171199
1984-10-02 00:00:00,1.1096755088496149
1984-10-03 00:00:00,1.1051612254001313
1984-10-04 00:00:00,1.106286571976897
1984-10-05 00:00:00,1.1107017027356412
1984-10-09 00:00:00,1.1151168334943855
1984-10-10 00:00:00,1.1127174113047453
1984-10-11 00:00:00,1.1164275883102086
1984-10-12 00:00:00,1.1173179503025472
1984-10-15 00:00:00,1.1236129577367078
1984-10-16 00:00:00,1.1263831964044628
1984-10-17 00:00:00,1.127790524482541
1984-10-18 00:00:00,1.134038534999816
1984-10-19 00:00:00,1.131874097394603
1984-10-22 00:00:00,1.1282997522828278
1984-10-23 00:00:00,1.1237854688333442
1984-10-24 00:00:00,1.1173913087084442
1984-10-25 00:00:00,1.1147569019343768
1984-10-26 00:00:00,1.117292156017705
1984-10-29 00:00:00,1.1235871634518657
1984-10-30 00:00:00,1.1216577104310796
1984-10-31 00:00:00,1.1187883190725854
1984-11-01 00:00:00,1.110984251441123
1984-11-02 00:00:00,1.1034151683940878
1984-11-05 00:00:00,1.0951411315937716
1984-11-07 00:00:00,1.0934466631574125
1984-11-08 00:00:00,1.0944780159004073
1984-11-09 00:00:00,1.0987521559084954
1984-11-13 00:00:00,1.0935329187057306
1984-11-14 00:00:00,1.0986530032177562
1984-11-15 00:00:00,1.0983684422879594
1984-11-16 00:00:00,1.1016086501245683
1984-11-19 00:00:00,1.1040499103741257
1984-11-20 00:00:00,1.1092639887199218
1984-11-21 00:00:00,1.1140550948137493
1984-11-23 00:00:00,1.1173892964841292
1984-11-26 00:00:00,1.1269740881002686
1984-11-27 00:00:00,1.1226007954014412
1984-11-28 00:00:00,1.1261699816562483
1984-11-29 00:00:00,1.1258854207264515
1984-11-30 00:00:00,1.1279507056409253
1984-12-03 00:00:00,1.1291700460514618
1984-12-04 00:00:00,1.122446907508364
1984-12-05 00:00:00,1.1226323157474214
1984-12-06 00:00:00,1.1230527085709057
1984-12-07 00:00:00,1.1246480243165256
1984-12-10 00:00:00,1.1248334325555829
1984-12-11 00:00:00,1.1266637328856297
1984-12-12 00:00:00,1.1267551472909163
1984-12-13 00:00:00,1.1310292872990044
1984-12-14 00:00:00,1.1290998342782181
1984-12-17 00:00:00,1.130225180854984
1984-12-18 00:00:00,1.1325254503538849
1984-12-19 00:00:00,1.137739528699681
1984-12-20 00:00:00,1.1425306347935087
1984-12-21 00:00:00,1.1384863205128792
1984-12-24 00:00:00,1.1384367441675094
1984-12-26 00:00:00,1.139327106159848
1984-12-27 00:00:00,1.1432722677497382
1984-12-28 00:00:00,1.1429877068199414
1984-12-31 00:00:00,1.1452879763188424
1985-01-02 00:00:00,1.1499380916620139
1985-01-03 00:00:00,1.1487135923945089
1985-01-04 00:00:00,1.147254108542577
1985-01-07 00:00:00,1.1528441622234566
1985-01-08 00:00:00,1.1499747708649624
1985-01-09 00:00:00,1.1529799941171444
1985-01-10 00:00:00,1.1562202019537535
1985-01-11 00:00:00,1.1606353327124976
1985-01-14 00:00:00,1.1669303401466584
1985-01-15 00:00:00,1.162886025866029
1985-01-16 00:00:00,1.1640113724427945
1985-01-17 00:00:00,1.1631628485103729
1985-01-18 00:00:00,1.16273729682992
1985-01-22 00:00:00,1.1608078438091338
1985-01-23 00:00:00,1.1671028512432946
1985-01-24 00:00:00,1.163293521547092
1985-01-25 00:00:00,1.1670036985525554
1985-01-28 00:00:00,1.1664841530383316
1985-01-29 00:00:00,1.1651186630201706
1985-01-30 00:00:00,1.159335462814781
1985-01-31 00:00:00,1.1571710252095677
1985-02-01 00:00:00,1.1601762484617497
1985-02-04 00:00:00,1.164826363804921
1985-02-05 00:00:00,1.166092701132343
1985-02-06 00:00:00,1.164962195698609
1985-02-07 00:00:00,1.1637376964311041
1985-02-08 00:00:00,1.166977904267713
1985-02-11 00:00:00,1.1725679579485926
1985-02-13 00:00:00,1.176983088707337
1985-02-14 00:00:00,1.174818651102124
1985-02-15 00:00:00,1.1700693830682132
1985-02-19 00:00:00,1.174296526159416
1985-02-20 00:00:00,1.1772547524947126
1985-02-21 00:00:00,1.1795550219936133
1985-02-22 00:00:00,1.1818552914925142
1985-02-25 00:00:00,1.1921450368619348
1985-02-26 00:00:00,1.1932703834387004
1985-02-27 00:00:00,1.1765369015990101
1985-02-28 00:00:00,1.1804820631889004
1985-03-01 00:00:00,1.1837222710255095
1985-03-04 00:00:00,1.1856935621062124
1985-03-05 00:00:00,1.191847578789717
1985-03-06 00:00:00,1.1835735419894005
1985-03-07 00:00:00,1.18568582382076
1985-03-08 00:00:00,1.1872341426494941
1985-03-11 00:00:00,1.1756703216671989
1985-03-12 00:00:00,1.1756207453218293
1985-03-13 00:00:00,1.176746091898595
1985-03-14 00:00:00,1.179281345981923
1985-03-15 00:00:00,1.1775868775455638
1985-03-18 00:00:00,1.1671979794854042
1985-03-19 00:00:00,1.1532843126588386
1985-03-20 00:00:00,1.1459502141962303
1985-03-21 00:00:00,1.1289817477721131
1985-03-22 00:00:00,1.135746724375128
1985-03-25 00:00:00,1.1364021017830392
1985-03-26 00:00:00,1.1311828645802748
1985-03-27 00:00:00,1.1050499993635026
1985-03-28 00:00:00,1.109935099291101
1985-03-29 00:00:00,1.1056558004260444
1985-04-01 00:00:00,1.1124207770290593
1985-04-02 00:00:00,1.1201256919697822
1985-04-03 00:00:00,1.1146714701825906
1985-04-04 00:00:00,1.1254311847208651
1985-04-05 00:00:00,1.123031762531225
1985-04-08 00:00:00,1.1218072632637202
1985-04-09 00:00:00,1.1175279643986635
1985-04-10 00:00:00,1.1151285422090234
1985-04-11 00:00:00,1.0981600757849064
1985-04-12 00:00:00,1.0964656073485473
1985-04-15 00:00:00,1.0865466784572415
1985-04-16 00:00:00,1.0855571637741637
1985-04-17 00:00:00,1.087246473353554
1985-04-18 00:00:00,1.0779385043817586
1985-04-19 00:00:00,1.0781239126208162
1985-04-22 00:00:00,1.085123873808258
1985-04-23 00:00:00,1.097293495853095
1985-04-24 00:00:00,1.1075832412225157
1985-04-25 00:00:00,1.1199878478517795
1985-04-26 00:00:00,1.1140636568957336
1985-04-29 00:00:00,1.1074345121864066
1985-04-30 00:00:00,1.1022152749836418
1985-05-01 00:00:00,1.110390159093219
1985-05-02 00:00:00,1.1117504902544117
1985-05-03 00:00:00,1.1180454976885723
1985-05-06 00:00:00,1.1269253355514306
1985-05-07 00:00:00,1.112776684140438
1985-05-08 00:00:00,1.1176617840680363
1985-05-09 00:00:00,1.1033721419063875
1985-05-10 00:00:00,1.1053434329870906
1985-05-13 00:00:00,1.095894473264639
1985-05-14 00:00:00,1.0864455135421873
1985-05-15 00:00:00,1.0915655980542127
1985-05-16 00:00:00,1.0931609137998324
1985-05-17 00:00:00,1.0902915224413383
1985-05-20 00:00:00,1.0820174856410218
1985-05-21 00:00:00,1.0871375701530472
1985-05-22 00:00:00,1.0908477471585103
1985-05-23 00:00:00,1.0929130320729843
1985-05-24 00:00:00,1.0930984403120416
1985-05-28 00:00:00,1.0963386481486508
1985-05-29 00:00:00,1.0892395342704697
1985-05-30 00:00:00,1.0859001737431213
1985-05-31 00:00:00,1.0799759827870754
1985-06-03 00:00:00,1.075931668506446
1985-06-04 00:00:00,1.084576521784877
1985-06-05 00:00:00,1.0936913442321625
1985-06-06 00:00:00,1.0868272149384084
1985-06-07 00:00:00,1.0881875460996009
1985-06-10 00:00:00,1.0933076306116265
1985-06-11 00:00:00,1.0907672176713301
1985-06-12 00:00:00,1.0887437708167733
1985-06-13 00:00:00,1.0893991482246848
1985-06-14 00:00:00,1.0823000343465037
1985-06-17 00:00:00,1.0827204271699882
1985-06-18 00:00:00,1.0732714674475365
1985-06-19 00:00:00,1.069697122335761
1985-06-20 00:00:00,1.0835586333884728
1985-06-21 00:00:00,1.0787623684376768
1985-06-24 00:00:00,1.0787127920923072
1985-06-25 00:00:00,1.0796031540846456
1985-06-26 00:00:00,1.0734439785441727
1985-06-27 00:00:00,1.0762142172119278
1985-06-28 00:00:00,1.0679401804116113
1985-07-01 00:00:00,1.070005465326085
1985-07-02 00:00:00,1.0704258581495696
1985-07-03 00:00:00,1.0662875500351694
1985-07-05 00:00:00,1.059517414575186
1985-07-08 00:00:00,1.0517133469437239
1985-07-09 00:00:00,1.041559433467991
1985-07-10 00:00:00,1.0316405045766852
1985-07-11 00:00:00,1.0339407740755862
1985-07-12 00:00:00,1.0320113210548
1985-07-15 00:00:00,1.030081868034014
1985-07-16 00:00:00,1.0309722300263526
1985-07-17 00:00:00,1.0195493997947138
1985-07-18 00:00:00,1.0226486168806665
1985-07-19 00:00:00,1.0251838709639944
1985-07-22 00:00:00,1.0300689708915929
1985-07-23 00:00:00,1.0199150574158602
1985-07-24 00:00:00,1.0255991049305104
1985-07-25 00:00:00,1.0195809201406938
1985-07-26 00:00:00,1.0202362975486055
1985-07-29 00:00:00,1.0113513008287787
1985-07-30 00:00:00,1.0142625302471897
1985-07-31 00:00:00,1.0191476301747882
1985-08-01 00:00:00,1.0331971288950415
1985-08-02 00:00:00,1.037847244238213
1985-08-05 00:00:00,1.0394425599838326
1985-08-06 00:00:00,1.049497320768826
1985-08-07 00:00:00,1.0532074977742891
1985-08-08 00:00:00,1.0449334609739729
1985-08-09 00:00:00,1.043943946290895
1985-08-12 00:00:00,1.031675171555319
1985-08-13 00:00:00,1.0295107339501057
1985-08-14 00:00:00,1.0313410342801526
1985-08-15 00:00:00,1.0254168433241067
1985-08-16 00:00:00,1.0239573594721747
1985-08-19 00:00:00,1.024142767711232
1985-08-20 00:00:00,1.0287928830544035
1985-08-21 00:00:00,1.0271924084518151
1985-08-22 00:00:00,1.0199993007398633
1985-08-23 00:00:00,1.0230045239920453
1985-08-26 00:00:00,1.0199941418828948
1985-08-27 00:00:00,1.0266651246521388
1985-08-28 00:00:00,1.0226208103715093
1985-08-29 00:00:00,1.023511172363848
1985-08-30 00:00:00,1.0274563339537381
1985-09-03 00:00:00,1.0377460793231585
1985-09-04 00:00:00,1.0359106201361434
1985-09-05 00:00:00,1.039526803307836
1985-09-06 00:00:00,1.0582759937166302
1985-09-09 00:00:00,1.0678607853327695
1985-09-10 00:00:00,1.06381647105214
1985-09-11 00:00:00,1.0658817559666138
1985-09-12 00:00:00,1.0611324879327033
1985-09-13 00:00:00,1.0509785744569704
1985-09-16 00:00:00,1.0499890597738926
1985-09-17 00:00:00,1.0511144063506583
1985-09-18 00:00:00,1.0531796912651321
1985-09-19 00:00:00,1.050780269075492
1985-09-20 00:00:00,1.0380415251710615
1985-09-23 00:00:00,1.009793798694446
1985-09-24 00:00:00,1.007629361089233
1985-09-25 00:00:00,1.0047599697307388
1985-09-26 00:00:00,1.004945377969796
1985-09-27 00:00:00,1.0211097379498928
1985-09-30 00:00:00,1.0182403465913985
1985-10-01 00:00:00,1.0172508319083209
1985-10-02 00:00:00,1.015791348056389
1985-10-03 00:00:00,1.0103371262691971
1985-10-04 00:00:00,1.0147522570279415
1985-10-07 00:00:00,1.016112588189134
1985-10-08 00:00:00,1.0158280272593374
1985-10-09 00:00:00,1.0153084817451137
1985-10-10 00:00:00,1.0166688129063064
1985-10-11 00:00:00,1.0163842519765096
1985-10-15 00:00:00,1.0157237157116297
1985-10-16 00:00:00,1.0181649759611866
1985-10-17 00:00:00,1.0150606000182656
1985-10-18 00:00:00,1.0084314553089384
1985-10-21 00:00:00,1.0057970485348713
1985-10-22 00:00:00,1.0071573796960638
1985-10-23 00:00:00,1.005697895844132
1985-10-24 00:00:00,1.0115229341094385
1985-10-25 00:00:00,1.011003388595215
1985-10-28 00:00:00,1.0083689818211476
1985-10-29 00:00:00,1.0047006428756013
1985-10-30 00:00:00,1.001925245350878
1985-10-31 00:00:00,1.0021106535899356
1985-11-01 00:00:00,1.0018260926601388
1985-11-04 00:00:00,1.0020115008991963
1985-11-05 00:00:00,1.0057216779046594
1985-11-06 00:00:00,1.0043561878864982
1985-11-07 00:00:00,1.0131420319155855
1985-11-08 00:00:00,1.0129984617364451
1985-11-12 00:00:00,1.015627709653544
1985-11-13 00:00:00,1.009703518697498
1985-11-14 00:00:00,1.0078680595104827
1985-11-15 00:00:00,1.0104503105106961
1985-11-18 00:00:00,1.008614851323681
1985-11-19 00:00:00,1.0043355524586244
1985-11-20 00:00:00,1.0045209606976817
1985-11-21 00:00:00,1.0009466155859064
1985-11-22 00:00:00,0.9945524554610065
1985-11-25 00:00:00,0.9908371195985748
1985-11-26 00:00:00,0.9871687806530287
1985-11-27 00:00:00,0.9855683060504405
1985-11-29 00:00:00,0.9783751983384885
1985-12-02 00:00:00,0.9790305757464001
1985-12-03 00:00:00,0.9829757373362902
1985-12-04 00:00:00,0.9796363768089419
1985-12-05 00:00:00,0.982641600061124
1985-12-06 00:00:00,0.9830619928846085
1985-12-09 00:00:00,0.9928817690851748
1985-12-10 00:00:00,1.0034064990390226
1985-12-11 00:00:00,1.0127563060707347
1985-12-12 00:00:00,1.0011924850884397
1985-12-13 00:00:00,1.0025528162496324
1985-12-16 00:00:00,1.0020332707354087
1985-12-17 00:00:00,1.002218678974466
1985-12-18 00:00:00,1.010393563084043
1985-12-19 00:00:00,1.0096390329853924
1985-12-20 00:00:00,1.0077095799646063
1985-12-23 00:00:00,1.0057801269438202
1985-12-24 00:00:00,1.0066704889361588
1985-12-26 00:00:00,1.005680974253081
1985-12-27 00:00:00,1.0023416137257328
1985-12-30 00:00:00,1.0008821298738007
1985-12-31 00:00:00,0.9980127385153065
1986-01-02 00:00:00,0.9953783317412394
1986-01-03 00:00:00,1.001203370006546
1986-01-06 00:00:00,1.0023287165833115
1986-01-07 00:00:00,1.0003992635625256
1986-01-08 00:00:00,0.9985638043755103
1986-01-09 00:00:00,0.9953654345988182
1986-01-10 00:00:00,0.9932009969936051
1986-01-13 00:00:00,0.9990260352589118
1986-01-14 00:00:00,1.000010391085021
1986-01-15 00:00:00,0.9989268825681724
1986-01-16 00:00:00,1.0007571828982191
1986-01-17 00:00:00,1.0013185664723598
1986-01-21 00:00:00,1.01499208985753
1986-01-22 00:00:00,1.0211461065410343
1986-01-23 00:00:00,1.026172197219289
1986-01-24 00:00:00,1.0211879446009513
1986-01-27 00:00:00,1.022313291177717
1986-01-28 00:00:00,1.0145092235462547
1986-01-29 00:00:00,1.0170444776295826
1986-01-30 00:00:00,1.0139401016866614
1986-01-31 00:00:00,1.0124806178347294
1986-02-03 00:00:00,1.0246502398795663
1986-02-04 00:00:00,1.0288303860538837
1986-02-05 00:00:00,1.0224362259289834
1986-02-06 00:00:00,1.0190968654016352
1986-02-07 00:00:00,1.0183423353029843
1986-02-10 00:00:00,1.0138280518535008
1986-02-11 00:00:00,1.0121335834171419
1986-02-12 00:00:00,1.0132589299939077
1986-02-13 00:00:00,1.0094496002977051
1986-02-14 00:00:00,1.0090240486172521
1986-02-18 00:00:00,1.0042747805833416
1986-02-19 00:00:00,0.994026873273838
1986-02-20 00:00:00,0.9932723431751871
1986-02-21 00:00:00,0.995572612674088
1986-02-24 00:00:00,0.9877685450426257
1986-02-25 00:00:00,0.9740898628004873
1986-02-26 00:00:00,0.9754501939616799
1986-02-27 00:00:00,0.978925386382716
1986-02-28 00:00:00,0.9955597155316669
1986-03-03 00:00:00,0.9976250004461407
1986-03-04 00:00:00,0.9874710869704079
1986-03-05 00:00:00,0.9930611406512875
1986-03-06 00:00:00,0.9899567647083662
1986-03-07 00:00:00,0.9922570342072672
1986-03-10 00:00:00,0.9966721649660113
1986-03-11 00:00:00,0.9907479740099654
1986-03-12 00:00:00,0.9852937522227737
1986-03-13 00:00:00,0.9888629384775806
1986-03-14 00:00:00,0.9880144145451589
1986-03-17 00:00:00,0.9865549306932271
1986-03-18 00:00:00,0.9805367459034104
1986-03-19 00:00:00,0.9794062404696763
1986-03-20 00:00:00,0.9753619261890468
1986-03-21 00:00:00,0.9687327814797199
1986-03-24 00:00:00,0.9752627734983076
1986-03-25 00:00:00,0.9872914047924882
1986-03-26 00:00:00,0.9810382354182445
1986-03-27 00:00:00,0.9768999273038442
1986-03-28 00:00:00,0.9814090518963593
1986-03-31 00:00:00,0.9815944601354167
1986-04-01 00:00:00,0.9827198067121824
1986-04-02 00:00:00,0.9857250299643644
1986-04-03 00:00:00,0.9880252994632652
1986-04-04 00:00:00,0.9919704610531555
1986-04-07 00:00:00,0.9898060234479423
1986-04-08 00:00:00,0.9874066012583023
1986-04-09 00:00:00,0.9871220403285055
1986-04-10 00:00:00,0.9868374793987089
1986-04-11 00:00:00,0.9799733501049548
1986-04-14 00:00:00,0.9770099649126898
1986-04-15 00:00:00,0.9779943207387991
1986-04-16 00:00:00,0.9654905614187959
1986-04-17 00:00:00,0.955101663358636
1986-04-18 00:00:00,0.9599867632862343
1986-04-21 00:00:00,0.9631329772890727
1986-04-22 00:00:00,0.9582427185045057
1986-04-23 00:00:00,0.957253203821428
1986-04-24 00:00:00,0.952362945036861
1986-04-25 00:00:00,0.9475196831691796
1986-04-28 00:00:00,0.9423004459664149
1986-04-29 00:00:00,0.9436607771276075
1986-04-30 00:00:00,0.944081169951092
1986-05-01 00:00:00,0.9542769214867418
1986-05-02 00:00:00,0.9576111231571216
1986-05-05 00:00:00,0.9486321326035242
1986-05-06 00:00:00,0.9518723404401331
1986-05-07 00:00:00,0.9482979953283578
1986-05-08 00:00:00,0.947543465229707
1986-05-09 00:00:00,0.9477288734687644
1986-05-12 00:00:00,0.9460344050324054
1986-05-13 00:00:00,0.9512484833782018
1986-05-14 00:00:00,0.9489900519392177
1986-05-15 00:00:00,0.9510553368536916
1986-05-16 00:00:00,0.9554704676124358
1986-05-19 00:00:00,0.9590866507841282
1986-05-20 00:00:00,0.9588020898543316
1986-05-21 00:00:00,0.9595514610960139
1986-05-22 00:00:00,0.9706401540524864
1986-05-23 00:00:00,0.9700266147044918
1986-05-27 00:00:00,0.9645723929173001
1986-05-28 00:00:00,0.9661677086629198
1986-05-29 00:00:00,0.9712877931749452
1986-05-30 00:00:00,0.9800266402871473
1986-06-02 00:00:00,0.9791781163547256
1986-06-03 00:00:00,0.9701991258011281
1986-06-04 00:00:00,0.9746142565598724
1986-06-05 00:00:00,0.9689250501882536
1986-06-06 00:00:00,0.9646457513231971
1986-06-09 00:00:00,0.9676509745753791
1986-06-10 00:00:00,0.9589069686062086
1986-06-11 00:00:00,0.953922715987871
1986-06-12 00:00:00,0.9557530163179178
1986-06-13 00:00:00,0.955468455388121
1986-06-16 00:00:00,0.9556538636271785
1986-06-17 00:00:00,0.9657086244121719
1986-06-18 00:00:00,0.9663640018200834
1986-06-19 00:00:00,0.9646695333837244
1986-06-20 00:00:00,0.9667348182981982
1986-06-23 00:00:00,0.9664502573684015
1986-06-24 00:00:00,0.9584112051525122
1986-06-25 00:00:00,0.9583616288071426
1986-06-26 00:00:00,0.9569021449552106
1986-06-27 00:00:00,0.9523878615057271
1986-06-30 00:00:00,0.9509283776537951
1986-07-01 00:00:00,0.9426543408534788
1986-07-02 00:00:00,0.9484793791187854
1986-07-03 00:00:00,0.9444350648381559
1986-07-07 00:00:00,0.9496961401008376
1986-07-08 00:00:00,0.951150465095801
1986-07-09 00:00:00,0.9543906729324101
1986-07-10 00:00:00,0.9583358345223003
1986-07-11 00:00:00,0.9636909036187528
1986-07-14 00:00:00,0.9746856027414545
1986-07-15 00:00:00,0.9682914426165545
1986-07-16 00:00:00,0.9588424828941029
1986-07-17 00:00:00,0.9583229373798792
1986-07-18 00:00:00,0.9632080373074775
1986-07-21 00:00:00,0.9657432913908054
1986-07-22 00:00:00,0.9699234375651227
1986-07-23 00:00:00,0.9689339228820449
1986-07-24 00:00:00,0.9681793927833942
1986-07-25 00:00:00,0.9732994772954195
1986-07-28 00:00:00,0.9741898392877582
1986-07-29 00:00:00,0.9706154941759828
1986-07-30 00:00:00,0.9698609640773319
1986-07-31 00:00:00,0.9688714493942541
1986-08-01 00:00:00,0.9718766726464361
1986-08-04 00:00:00,0.978876633833878
1986-08-05 00:00:00,0.9717775199556968
1986-08-06 00:00:00,0.9745477586234518
1986-08-07 00:00:00,0.9756731052002174
1986-08-08 00:00:00,0.9772684209458371
1986-08-11 00:00:00,0.9712502361560205
1986-08-12 00:00:00,0.9717646228132757
1986-08-13 00:00:00,0.9710100927146249
1986-08-14 00:00:00,0.9676707321872766
1986-08-15 00:00:00,0.9671511866730529
1986-08-18 00:00:00,0.9675715794965373
1986-08-19 00:00:00,0.9635272652159078
1986-08-20 00:00:00,0.9623027659484029
1986-08-21 00:00:00,0.9650260076992725
1986-08-22 00:00:00,0.9704280737126104
1986-08-25 00:00:00,0.9744672291362715
1986-08-26 00:00:00,0.9717388285284334
1986-08-27 00:00:00,0.9714542675986367
1986-08-28 00:00:00,0.9730495833442565
1986-08-29 00:00:00,0.9694752382324812
1986-09-02 00:00:00,0.9688616988844865
1986-09-03 00:00:00,0.9639714400999196
1986-09-04 00:00:00,0.9618070024947065
1986-09-05 00:00:00,0.9659871486690238
1986-09-08 00:00:00,0.969932310258914
1986-09-09 00:00:00,0.9710576568356797
1986-09-10 00:00:00,0.9721830034124452
1986-09-11 00:00:00,0.9777730570933247
1986-09-12 00:00:00,0.9746686811504035
1986-09-15 00:00:00,0.9723632527945343
1986-09-16 00:00:00,0.9748045130440913
1986-09-17 00:00:00,0.9749899212831487
1986-09-18 00:00:00,0.9763502524443414
1986-09-19 00:00:00,0.9746557840079824
1986-09-22 00:00:00,0.9837706064552677
1986-09-23 00:00:00,0.9871518050425329
1986-09-24 00:00:00,0.9881361608686423
1986-09-25 00:00:00,0.9937262145495218
1986-09-26 00:00:00,0.992736699866444
1986-09-29 00:00:00,0.9943320156120637
1986-09-30 00:00:00,0.9877968647365076
1986-10-01 00:00:00,0.9890632020639294
1986-10-02 00:00:00,0.9937133174071008
1986-10-03 00:00:00,0.9896690031264713
1986-10-06 00:00:00,0.991499303456518
1986-10-07 00:00:00,0.9945045267087
1986-10-08 00:00:00,1.0000005865558088
1986-10-09 00:00:00,0.9993400502909288
1986-10-10 00:00:00,0.9936508439193099
1986-10-14 00:00:00,0.991956375482951
1986-10-15 00:00:00,0.9907318762154461
1986-10-16 00:00:00,0.9916222382077846
1986-10-17 00:00:00,0.9943924768755397
1986-10-20 00:00:00,0.9951418481172221
1986-10-21 00:00:00,0.9921784629249569
1986-10-22 00:00:00,0.9944787324238578
1986-10-23 00:00:00,0.9977189402604669
1986-10-24 00:00:00,1.0030740093569193
1986-10-27 00:00:00,1.0058442480246743
1986-10-28 00:00:00,1.0015649491596177
1986-10-29 00:00:00,1.0033952494896645
1986-10-30 00:00:00,1.010019235342023
1986-10-31 00:00:00,1.00611591181205
1986-11-03 00:00:00,1.0033405142873264
1986-11-04 00:00:00,1.0016460458509675
1986-11-05 00:00:00,0.9977427223209941
1986-11-06 00:00:00,0.9939333926247917
1986-11-07 00:00:00,0.9963276559574634
1986-11-10 00:00:00,0.9917663755910944
1986-11-12 00:00:00,0.9958995248485263
1986-11-13 00:00:00,0.9967898868408648
1986-11-14 00:00:00,0.9940144893161414
1986-11-17 00:00:00,0.9950458420591363
1986-11-18 00:00:00,0.9975810961424642
1986-11-19 00:00:00,0.999646381056938
1986-11-20 00:00:00,1.0030275796442032
1986-11-21 00:00:00,0.9971973825219281
1986-11-24 00:00:00,1.00020260577411
1986-11-25 00:00:00,0.9974742051662722
1986-11-26 00:00:00,0.9930539155505594
1986-11-28 00:00:00,0.9920644008674815
1986-12-01 00:00:00,0.9901349478466955
1986-12-02 00:00:00,0.9915892728416591
1986-12-03 00:00:00,0.9926206255846539
1986-12-04 00:00:00,0.9939809567458464
1986-12-05 00:00:00,0.9941663649849037
1986-12-08 00:00:00,0.9983465111592211
1986-12-09 00:00:00,0.9964170581384351
1986-12-10 00:00:00,0.9955685342060134
1986-12-11 00:00:00,0.9965528900321229
1986-12-12 00:00:00,0.9944824462606806
1986-12-15 00:00:00,0.9922240148216968
1986-12-16 00:00:00,0.9933493613984623
1986-12-17 00:00:00,0.9931587943024365
1986-12-18 00:00:00,0.9926862457050981
1986-12-19 00:00:00,0.9917907248557911
1986-12-22 00:00:00,0.9875114259907346
1986-12-23 00:00:00,0.98229218878797
1986-12-24 00:00:00,0.9794227974294757
1986-12-26 00:00:00,0.979608205668533
1986-12-29 00:00:00,0.9747179468839662
1986-12-30 00:00:00,0.9745743767048257
1986-12-31 00:00:00,0.9679452319954986
1987-01-02 00:00:00,0.9643708868837233
1987-01-05 00:00:00,0.9724047802426441
1987-01-06 00:00:00,0.9707573087231707
1987-01-07 00:00:00,0.9733865566402694
1987-01-08 00:00:00,0.9712221190350562
1987-01-09 00:00:00,0.9697626351831242
1987-01-12 00:00:00,0.9632274843075681
1987-01-13 00:00:00,0.9638828617154797
1987-01-14 00:00:00,0.9566897540035276
1987-01-15 00:00:00,0.9572511375776683
1987-01-16 00:00:00,0.9518909096242474
1987-01-20 00:00:00,0.9497264720190343
1987-01-21 00:00:00,0.951086803180227
1987-01-22 00:00:00,0.9439876893020458
1987-01-23 00:00:00,0.9493427583984984
1987-01-26 00:00:00,0.9462383824555771
1987-01-27 00:00:00,0.9421000743411767
1987-01-28 00:00:00,0.9419095072451509
1987-01-29 00:00:00,0.941483955564698
1987-01-30 00:00:00,0.9521496762692018
1987-02-02 00:00:00,0.9473534113184058
1987-02-03 00:00:00,0.9457059397989321
1987-02-04 00:00:00,0.9478652185471769
1987-02-05 00:00:00,0.9514814017188692
1987-02-06 00:00:00,0.9554265633087594
1987-02-09 00:00:00,0.9495023723527135
1987-02-10 00:00:00,0.9419332893056782
1987-02-11 00:00:00,0.9475233429865578
1987-02-12 00:00:00,0.9493536433166047
1987-02-13 00:00:00,0.9488340978023808
1987-02-17 00:00:00,0.9438498451840431
1987-02-18 00:00:00,0.9434712904204756
1987-02-19 00:00:00,0.9458655537531473
1987-02-20 00:00:00,0.9447350483194132
1987-02-23 00:00:00,0.9382468943607424
1987-02-24 00:00:00,0.9393722409375079
1987-02-25 00:00:00,0.9404975875142737
1987-02-26 00:00:00,0.9392730882467687
1987-02-27 00:00:00,0.9361687123038475
1987-03-02 00:00:00,0.9277536847528748
1987-03-03 00:00:00,0.9294899912491508
1987-03-04 00:00:00,0.927466544394594
1987-03-05 00:00:00,0.9210253873528086
1987-03-06 00:00:00,0.9157121563162731
1987-03-09 00:00:00,0.9161325491397574
1987-03-10 00:00:00,0.9178688556360334
1987-03-11 00:00:00,0.9146234889424559
1987-03-12 00:00:00,0.9157488355192216
1987-03-13 00:00:00,0.9220438429533823
1987-03-16 00:00:00,0.9182345132571798
1987-03-17 00:00:00,0.9113703839634258
1987-03-18 00:00:00,0.9074200635165671
1987-03-19 00:00:00,0.9085454100933327
1987-03-20 00:00:00,0.9090127998337025
1987-03-23 00:00:00,0.9020076797892922
1987-03-24 00:00:00,0.9052478876259012
1987-03-25 00:00:00,0.9071721817897189
1987-03-26 00:00:00,0.9070286116105785
1987-03-27 00:00:00,0.9083889427717711
1987-03-30 00:00:00,0.9062245051665581
1987-03-31 00:00:00,0.9064099134056154
1987-04-01 00:00:00,0.9087101829045162
1987-04-02 00:00:00,0.9063107607148762
1987-04-03 00:00:00,0.9050862614473713
1987-04-06 00:00:00,0.9015119163355958
1987-04-07 00:00:00,0.9008513800707159
1987-04-08 00:00:00,0.9033866341540439
1987-04-09 00:00:00,0.9010342088812892
1987-04-10 00:00:00,0.8975538576032845
1987-04-13 00:00:00,0.8982092350111961
1987-04-14 00:00:00,0.8936949515617124
1987-04-15 00:00:00,0.8936453752163428
1987-04-16 00:00:00,0.8945357372086813
1987-04-17 00:00:00,0.8949561300321659
1987-04-20 00:00:00,0.8941076060997443
1987-04-21 00:00:00,0.8933530760010934
1987-04-22 00:00:00,0.8959823239181922
1987-04-23 00:00:00,0.8914680404687086
1987-04-24 00:00:00,0.8820190807462569
1987-04-27 00:00:00,0.8770348281279193
1987-04-28 00:00:00,0.883094850977653
1987-04-29 00:00:00,0.8806014349542419
1987-04-30 00:00:00,0.880175883273789
1987-05-01 00:00:00,0.8763665535775866
1987-05-04 00:00:00,0.8709123317903948
1987-05-05 00:00:00,0.8668680175097654
1987-05-06 00:00:00,0.868792311673583
1987-05-07 00:00:00,0.87123357192314
1987-05-08 00:00:00,0.8732988568376138
1987-05-11 00:00:00,0.8810037717783368
1987-05-12 00:00:00,0.8756905407418013
1987-05-13 00:00:00,0.8745600353080673
1987-05-14 00:00:00,0.8715496531989168
1987-05-15 00:00:00,0.8712650922691202
1987-05-18 00:00:00,0.868630685495053
1987-05-19 00:00:00,0.8691920690691936
1987-05-20 00:00:00,0.8689075081393969
1987-05-21 00:00:00,0.8707378084694436
1987-05-22 00:00:00,0.8735080471371987
1987-05-26 00:00:00,0.8917872683771388
1987-05-27 00:00:00,0.9016070445777052
1987-05-28 00:00:00,0.8956828536216594
1987-05-29 00:00:00,0.8937534006008734
1987-06-01 00:00:00,0.8961946608504304
1987-06-02 00:00:00,0.8870746795461767
1987-06-03 00:00:00,0.8872600877852341
1987-06-04 00:00:00,0.8965159009831757
1987-06-05 00:00:00,0.892800565120744
1987-06-08 00:00:00,0.8892262200089687
1987-06-09 00:00:00,0.8786023373643818
1987-06-10 00:00:00,0.8797276839411474
1987-06-11 00:00:00,0.8783621939229863
1987-06-12 00:00:00,0.8826833308479598
1987-06-15 00:00:00,0.8920331378796722
1987-06-16 00:00:00,0.8910436231965944
1987-06-17 00:00:00,0.8909000530174538
1987-06-18 00:00:00,0.8929183410150422
1987-06-19 00:00:00,0.8993543391998591
1987-06-22 00:00:00,0.9091741154004256
1987-06-23 00:00:00,0.9072446623796395
1987-06-24 00:00:00,0.8963857951506256
1987-06-25 00:00:00,0.9009889135769116
1987-06-26 00:00:00,0.9016912879017085
1987-06-29 00:00:00,0.9062004124942237
1987-06-30 00:00:00,0.9005112061226048
1987-07-01 00:00:00,0.8991927130213291
1987-07-02 00:00:00,0.8991431366759595
1987-07-03 00:00:00,0.9016783907592872
1987-07-06 00:00:00,0.8976340764786578
1987-07-07 00:00:00,0.8968795463800071
1987-07-08 00:00:00,0.8978639022061166
1987-07-09 00:00:00,0.897955316611403
1987-07-10 00:00:00,0.8997856169414499
1987-07-13 00:00:00,0.8978561639206638
1987-07-14 00:00:00,0.9009553810066167
1987-07-15 00:00:00,0.8911774428659671
1987-07-16 00:00:00,0.8915978356894515
1987-07-17 00:00:00,0.9023575502277262
1987-07-20 00:00:00,0.904986798144825
1987-07-21 00:00:00,0.9078980275632361
1987-07-22 00:00:00,0.9080834358022936
1987-07-23 00:00:00,0.9039451276878934
1987-07-24 00:00:00,0.9042245297607215
1987-07-27 00:00:00,0.9067597838440494
1987-07-28 00:00:00,0.9062402383298257
1987-07-29 00:00:00,0.9054857082311748
1987-07-30 00:00:00,0.9082559468989299
1987-07-31 00:00:00,0.9096162780601225
1987-08-03 00:00:00,0.9130914704811586
1987-08-04 00:00:00,0.9193864779153192
1987-08-05 00:00:00,0.9154361574684606
1987-08-06 00:00:00,0.9164675102114554
1987-08-07 00:00:00,0.9207886471364289
1987-08-10 00:00:00,0.9207390707910592
1987-08-11 00:00:00,0.9192795869391273
1987-08-12 00:00:00,0.9148592973234145
1987-08-13 00:00:00,0.914480742559847
1987-08-14 00:00:00,0.9100604529441344
1987-08-17 00:00:00,0.9091649320948273
1987-08-18 00:00:00,0.8968021635254803
1987-08-19 00:00:00,0.8976925255178189
1987-08-20 00:00:00,0.8943531649904705
1987-08-21 00:00:00,0.8910138044631222
1987-08-24 00:00:00,0.8904942589488984
1987-08-25 00:00:00,0.8959903187960071
1987-08-26 00:00:00,0.8967396900376895
1987-08-27 00:00:00,0.8908154990816436
1987-08-28 00:00:00,0.8891210306452846
1987-08-31 00:00:00,0.8889304635492588
1987-09-01 00:00:00,0.8854501122712543
1987-09-02 00:00:00,0.8808888319048852
1987-09-03 00:00:00,0.8774084806268806
1987-09-04 00:00:00,0.8788628056218442
1987-09-08 00:00:00,0.8761344050140062
1987-09-09 00:00:00,0.8800795666038963
1987-09-10 00:00:00,0.8829907960223075
1987-09-11 00:00:00,0.8804503830820112
1987-09-14 00:00:00,0.8865104059317448
1987-09-15 00:00:00,0.8839699929914484
1987-09-16 00:00:00,0.8825575060564019
1987-09-17 00:00:00,0.8820379605421781
1987-09-18 00:00:00,0.8777116647602362
1987-09-21 00:00:00,0.8811868571812724
1987-09-22 00:00:00,0.8843330711841106
1987-09-23 00:00:00,0.883719531836116
1987-09-24 00:00:00,0.8861137951687877
1987-09-25 00:00:00,0.8838553637298038
1987-09-28 00:00:00,0.883664796633778
1987-09-29 00:00:00,0.8901947886523658
1987-09-30 00:00:00,0.8916491136473291
1987-10-01 00:00:00,0.8955002814034485
1987-10-02 00:00:00,0.8932418499644647
1987-10-05 00:00:00,0.8919703537800744
1987-10-06 00:00:00,0.8880670302501011
1987-10-07 00:00:00,0.8841167098032424
1987-10-08 00:00:00,0.8830332012863937
1987-10-09 00:00:00,0.8791298777564205
1987-10-13 00:00:00,0.880819187335811
1987-10-14 00:00:00,0.8779497959773168
1987-10-15 00:00:00,0.8727305587745521
1987-10-16 00:00:00,0.8724459978447554
1987-10-19 00:00:00,0.8651118993821472
1987-10-20 00:00:00,0.8770465368425571
1987-10-21 00:00:00,0.8784068680037498
1987-10-22 00:00:00,0.8792972299960884
1987-10-23 00:00:00,0.8672634398449391
1987-10-26 00:00:00,0.8611042643044662
1987-10-27 00:00:00,0.8570599500238367
1987-10-28 00:00:00,0.8506657898989367
1987-10-29 00:00:00,0.8463864910338802
1987-10-30 00:00:00,0.8451619917663753
1987-11-02 00:00:00,0.836887954966059
1987-11-03 00:00:00,0.8363684094518352
1987-11-04 00:00:00,0.8324650859218621
1987-11-05 00:00:00,0.8160605825003697
1987-11-06 00:00:00,0.8162459907394272
1987-11-09 00:00:00,0.8112617381210895
1987-11-10 00:00:00,0.8142669613732715
1987-11-12 00:00:00,0.8278464909246707
1987-11-13 00:00:00,0.822862238306333
1987-11-16 00:00:00,0.8312721070003372
1987-11-17 00:00:00,0.8246429622910102
1987-11-18 00:00:00,0.8217735709325159
1987-11-19 00:00:00,0.8169303090648344
1987-11-20 00:00:00,0.8174446957220898
1987-11-23 00:00:00,0.811990473934898
1987-11-24 00:00:00,0.8204003426289022
1987-11-25 00:00:00,0.8109513829064504
1987-11-27 00:00:00,0.802442361521707
1987-11-30 00:00:00,0.7952962507266406
1987-12-01 00:00:00,0.7988184400645619
1987-12-02 00:00:00,0.801588678732317
1987-12-03 00:00:00,0.8041239328156449
1987-12-04 00:00:00,0.808069094405535
1987-12-07 00:00:00,0.8098993947355818
1987-12-08 00:00:00,0.8088158862187332
1987-12-09 00:00:00,0.8060404886940097
1987-12-10 00:00:00,0.7928317756207254
1987-12-11 00:00:00,0.789022445924523
1987-12-14 00:00:00,0.7894428387480074
1987-12-15 00:00:00,0.7919780928313354
1987-12-16 00:00:00,0.7919285164859657
1987-12-17 00:00:00,0.7899990634651797
1987-12-18 00:00:00,0.7945081880576947
1987-12-21 00:00:00,0.7938946487097002
1987-12-22 00:00:00,0.7922001802733412
1987-12-23 00:00:00,0.7955813788606065
1987-12-24 00:00:00,0.7916310584137478
1987-12-28 00:00:00,0.7781873607560363
1987-12-29 00:00:00,0.7776678152418126
1987-12-30 00:00:00,0.7790281464030052
1987-12-31 00:00:00,0.7655606448068915
1988-01-04 00:00:00,0.7655606448068915
1988-01-05 00:00:00,0.7655606448068915
1988-01-06 00:00:00,0.7655606448068915
1988-01-07 00:00:00,0.7655606448068915
1988-01-08 00:00:00,0.7655606448068915
1988-01-11 00:00:00,0.7655606448068915
1988-01-12 00:00:00,0.7655606448068915
1988-01-13 00:00:00,0.7655606448068915
1988-01-14 00:00:00,0.7655606448068915
1988-01-15 00:00:00,0.7655606448068915
1988-01-19 00:00:00,0.7655606448068915
1988-01-20 00:00:00,0.7655606448068915
1988-01-21 00:00:00,0.7655606448068915
1988-01-22 00:00:00,0.7655606448068915
1988-01-25 00:00:00,0.7655606448068915
1988-01-26 00:00:00,0.7655606448068915
1988-01-27 00:00:00,0.7655606448068915
1988-01-28 00:00:00,0.7655606448068915
1988-01-29 00:00:00,0.7655606448068915
1988-02-01 00:00:00,0.7655606448068915
1988-02-02 00:00:00,0.7655606448068915
1988-02-03 00:00:00,0.7655606448068915
1988-02-04 00:00:00,0.7655606448068915
1988-02-05 00:00:00,0.7655606448068915
1988-02-08 00:00:00,0.7655606448068915
1988-02-09 00:00:00,0.7655606448068915
1988-02-10 00:00:00,0.7655606448068915
1988-02-11 00:00:00,0.7655606448068915
1988-02-12 00:00:00,0.7655606448068915
1988-02-16 00:00:00,0.7655606448068915
1988-02-17 00:00:00,0.7655606448068915
1988-02-18 00:00:00,0.7655606448068915
1988-02-19 00:00:00,0.7655606448068915
1988-02-22 00:00:00,0.7655606448068915
1988-02-23 00:00:00,0.7655606448068915
1988-02-24 00:00:00,0.7655606448068915
1988-02-25 00:00:00,0.7655606448068915
1988-02-26 00:00:00,0.7655606448068915
1988-02-29 00:00:00,0.7655606448068915
1988-03-01 00:00:00,0.7655606448068915
1988-03-02 00:00:00,0.7655606448068915
1988-03-03 00:00:00,0.7655606448068915
1988-03-04 00:00:00,0.7655606448068915
1988-03-07 00:00:00,0.7655606448068915
1988-03-08 00:00:00,0.7655606448068915
1988-03-09 00:00:00,0.7655606448068915
1988-03-10 00:00:00,0.7655606448068915
1988-03-11 00:00:00,0.7655606448068915
1988-03-14 00:00:00,0.7655606448068915
1988-03-15 00:00:00,0.7655606448068915
1988-03-16 00:00:00,0.7655606448068915
1988-03-17 00:00:00,0.7655606448068915
1988-03-18 00:00:00,0.7655606448068915
1988-03-21 00:00:00,0.7655606448068915
1988-03-22 00:00:00,0.7655606448068915
1988-03-23 00:00:00,0.7655606448068915
1988-03-24 00:00:00,0.7655606448068915
1988-03-25 00:00:00,0.7655606448068915
1988-03-28 00:00:00,0.7655606448068915
1988-03-29 00:00:00,0.7655606448068915
1988-03-30 00:00:00,0.7655606448068915
1988-03-31 00:00:00,0.7655606448068915
1988-04-01 00:00:00,0.7655606448068915
1988-04-04 00:00:00,0.7655606448068915
1988-04-05 00:00:00,0.7655606448068915
1988-04-06 00:00:00,0.7655606448068915
1988-04-07 00:00:00,0.7655606448068915
1988-04-08 00:00:00,0.7655606448068915
1988-04-11 00:00:00,0.7655606448068915
1988-04-12 00:00:00,0.7655606448068915
1988-04-13 00:00:00,0.7655606448068915
1988-04-14 00:00:00,0.7655606448068915
1988-04-15 00:00:00,0.7655606448068915
1988-04-18 00:00:00,0.7655606448068915
1988-04-19 00:00:00,0.7655606448068915
1988-04-20 00:00:00,0.7655606448068915
1988-04-21 00:00:00,0.7655606448068915
1988-04-22 00:00:00,0.7655606448068915
1988-04-25 00:00:00,0.7655606448068915
1988-04-26 00:00:00,0.7655606448068915
1988-04-27 00:00:00,0.7655606448068915
1988-04-28 00:00:00,0.7655606448068915
1988-04-29 00:00:00,0.7655606448068915
1988-05-02 00:00:00,0.7655606448068915
1988-05-03 00:00:00,0.7655606448068915
1988-05-04 00:00:00,0.7655606448068915
1988-05-05 00:00:00,0.7655606448068915
1988-05-06 00:00:00,0.7655606448068915
1988-05-09 00:00:00,0.7655606448068915
1988-05-10 00:00:00,0.7655606448068915
1988-05-11 00:00:00,0.7655606448068915
1988-05-12 00:00:00,0.7655606448068915
1988-05-13 00:00:00,0.7655606448068915
1988-05-16 00:00:00,0.7655606448068915
1988-05-17 00:00:00,0.7655606448068915
1988-05-18 00:00:00,0.7655606448068915
1988-05-19 00:00:00,0.7655606448068915
1988-05-20 00:00:00,0.7655606448068915
1988-05-23 00:00:00,0.7655606448068915
1988-05-24 00:00:00,0.7655606448068915
1988-05-25 00:00:00,0.7655606448068915
1988-05-26 00:00:00,0.7655606448068915
1988-05-27 00:00:00,0.7655606448068915
1988-05-31 00:00:00,0.7655606448068915
1988-06-01 00:00:00,0.7655606448068915
1988-06-02 00:00:00,0.7655606448068915
1988-06-03 00:00:00,0.7655606448068915
1988-06-06 00:00:00,0.7655606448068915
1988-06-07 00:00:00,0.7655606448068915
1988-06-08 00:00:00,0.7655606448068915
1988-06-09 00:00:00,0.7655606448068915
1988-06-10 00:00:00,0.7655606448068915
1988-06-13 00:00:00,0.7655606448068915
1988-06-14 00:00:00,0.7655606448068915
1988-06-15 00:00:00,0.7655606448068915
1988-06-16 00:00:00,0.7655606448068915
1988-06-17 00:00:00,0.7655606448068915
1988-06-20 00:00:00,0.7655606448068915
1988-06-21 00:00:00,0.7655606448068915
1988-06-22 00:00:00,0.7655606448068915
1988-06-23 00:00:00,0.7655606448068915
1988-06-24 00:00:00,0.7655606448068915
1988-06-27 00:00:00,0.7655606448068915
1988-06-28 00:00:00,0.7655606448068915
1988-06-29 00:00:00,0.7655606448068915
1988-06-30 00:00:00,0.7655606448068915
1988-07-01 00:00:00,0.7655606448068915
1988-07-05 00:00:00,0.7655606448068915
1988-07-06 00:00:00,0.7655606448068915
1988-07-07 00:00:00,0.7655606448068915
1988-07-08 00:00:00,0.7655606448068915
1988-07-11 00:00:00,0.7655606448068915
1988-07-12 00:00:00,0.7655606448068915
1988-07-13 00:00:00,0.7655606448068915
1988-07-14 00:00:00,0.7655606448068915
1988-07-15 00:00:00,0.7655606448068915
1988-07-18 00:00:00,0.7655606448068915
1988-07-19 00:00:00,0.7655606448068915
1988-07-20 00:00:00,0.7655606448068915
1988-07-21 00:00:00,0.7655606448068915
1988-07-22 00:00:00,0.7655606448068915
1988-07-25 00:00:00,0.7655606448068915
1988-07-26 00:00:00,0.7655606448068915
1988-07-27 00:00:00,0.7655606448068915
1988-07-28 00:00:00,0.7655606448068915
1988-07-29 00:00:00,0.7655606448068915
1988-08-01 00:00:00,0.7655606448068915
1988-08-02 00:00:00,0.7655606448068915
1988-08-03 00:00:00,0.7655606448068915
1988-08-04 00:00:00,0.7655606448068915
1988-08-05 00:00:00,0.7655606448068915
1988-08-08 00:00:00,0.7655606448068915
1988-08-09 00:00:00,0.7655606448068915
1988-08-10 00:00:00,0.7655606448068915
1988-08-11 00:00:00,0.7655606448068915
1988-08-12 00:00:00,0.7655606448068915
1988-08-15 00:00:00,0.7655606448068915
1988-08-16 00:00:00,0.7655606448068915
1988-08-17 00:00:00,0.7655606448068915
1988-08-18 00:00:00,0.7655606448068915
1988-08-19 00:00:00,0.7655606448068915
1988-08-22 00:00:00,0.7655606448068915
1988-08-23 00:00:00,0.7655606448068915
1988-08-24 00:00:00,0.7655606448068915
1988-08-25 00:00:00,0.7655606448068915
1988-08-26 00:00:00,0.7655606448068915
1988-08-29 00:00:00,0.7655606448068915
1988-08-30 00:00:00,0.7655606448068915
1988-08-31 00:00:00,0.7655606448068915
1988-09-01 00:00:00,0.7655606448068915
1988-09-02 00:00:00,0.7655606448068915
1988-09-06 00:00:00,0.7655606448068915
1988-09-07 00:00:00,0.7655606448068915
1988-09-08 00:00:00,0.7655606448068915
1988-09-09 00:00:00,0.7655606448068915
1988-09-12 00:00:00,0.7655606448068915
1988-09-13 00:00:00,0.7655606448068915
1988-09-14 00:00:00,0.7655606448068915
1988-09-15 00:00:00,0.7655606448068915
1988-09-16 00:00:00,0.7655606448068915
1988-09-19 00:00:00,0.7655606448068915
1988-09-20 00:00:00,0.7655606448068915
1988-09-21 00:00:00,0.7655606448068915
1988-09-22 00:00:00,0.7655606448068915
1988-09-23 00:00:00,0.7655606448068915
1988-09-26 00:00:00,0.7655606448068915
1988-09-27 00:00:00,0.7655606448068915
1988-09-28 00:00:00,0.7655606448068915
1988-09-29 00:00:00,0.7655606448068915
1988-09-30 00:00:00,0.7655606448068915
1988-10-03 00:00:00,0.7655606448068915
1988-10-04 00:00:00,0.7655606448068915
1988-10-05 00:00:00,0.7655606448068915
1988-10-06 00:00:00,0.7655606448068915
1988-10-07 00:00:00,0.7655606448068915
1988-10-11 00:00:00,0.7655606448068915
1988-10-12 00:00:00,0.7655606448068915
1988-10-13 00:00:00,0.7655606448068915
1988-10-14 00:00:00,0.7655606448068915
1988-10-17 00:00:00,0.7655606448068915
1988-10-18 00:00:00,0.7655606448068915
1988-10-19 00:00:00,0.7655606448068915
1988-10-20 00:00:00,0.7655606448068915
1988-10-21 00:00:00,0.7655606448068915
1988-10-24 00:00:00,0.7655606448068915
1988-10-25 00:00:00,0.7655606448068915
1988-10-26 00:00:00,0.7655606448068915
1988-10-27 00:00:00,0.7655606448068915
1988-10-28 00:00:00,0.7655606448068915
1988-10-31 00:00:00,0.7655606448068915
1988-11-01 00:00:00,0.7655606448068915
1988-11-02 00:00:00,0.7655606448068915
1988-11-03 00:00:00,0.7655606448068915
1988-11-04 00:00:00,0.7655606448068915
1988-11-07 00:00:00,0.7655606448068915
1988-11-08 00:00:00,0.7655606448068915
1988-11-09 00:00:00,0.7655606448068915
1988-11-10 00:00:00,0.7655606448068915
1988-11-14 00:00:00,0.7655606448068915
1988-11-15 00:00:00,0.7655606448068915
1988-11-16 00:00:00,0.7655606448068915
1988-11-17 00:00:00,0.7655606448068915
1988-11-18 00:00:00,0.7655606448068915
1988-11-21 00:00:00,0.7655606448068915
1988-11-22 00:00:00,0.7655606448068915
1988-11-23 00:00:00,0.7655606448068915
1988-11-25 00:00:00,0.7655606448068915
1988-11-28 00:00:00,0.7655606448068915
1988-11-29 00:00:00,0.7655606448068915
1988-11-30 00:00:00,0.7655606448068915
1988-12-01 00:00:00,0.7655606448068915
1988-12-02 00:00:00,0.7655606448068915
1988-12-05 00:00:00,0.7655606448068915
1988-12-06 00:00:00,0.7655606448068915
1988-12-07 00:00:00,0.7655606448068915
1988-12-08 00:00:00,0.7655606448068915
1988-12-09 00:00:00,0.7655606448068915
1988-12-12 00:00:00,0.7655606448068915
1988-12-13 00:00:00,0.7655606448068915
1988-12-14 00:00:00,0.7655606448068915
1988-12-15 00:00:00,0.7655606448068915
1988-12-16 00:00:00,0.7655606448068915
1988-12-19 00:00:00,0.7655606448068915
1988-12-20 00:00:00,0.7655606448068915
1988-12-21 00:00:00,0.7655606448068915
1988-12-22 00:00:00,0.7655606448068915
1988-12-23 00:00:00,0.7655606448068915
1988-12-27 00:00:00,0.7655606448068915
1988-12-28 00:00:00,0.7655606448068915
1988-12-29 00:00:00,0.7655606448068915
1988-12-30 00:00:00,0.7655606448068915
1989-01-03 00:00:00,0.7655606448068915
1989-01-04 00:00:00,0.7655606448068915
1989-01-05 00:00:00,0.7655606448068915
1989-01-06 00:00:00,0.7655606448068915
1989-01-09 00:00:00,0.7655606448068915
1989-01-10 00:00:00,0.7655606448068915
1989-01-11 00:00:00,0.7655606448068915
1989-01-12 00:00:00,0.7655606448068915
1989-01-13 00:00:00,0.7655606448068915
1989-01-17 00:00:00,0.7655606448068915
1989-01-18 00:00:00,0.7655606448068915
1989-01-19 00:00:00,0.7655606448068915
1989-01-20 00:00:00,0.7655606448068915
1989-01-23 00:00:00,0.7655606448068915
1989-01-24 00:00:00,0.7655606448068915
1989-01-25 00:00:00,0.7655606448068915
1989-01-26 00:00:00,0.7655606448068915
1989-01-27 00:00:00,0.7655606448068915
1989-01-30 00:00:00,0.7655606448068915
1989-01-31 00:00:00,0.7655606448068915
1989-02-01 00:00:00,0.7655606448068915
1989-02-02 00:00:00,0.7655606448068915
1989-02-03 00:00:00,0.7655606448068915
1989-02-06 00:00:00,0.7655606448068915
1989-02-07 00:00:00,0.7655606448068915
1989-02-08 00:00:00,0.7655606448068915
1989-02-09 00:00:00,0.7655606448068915
1989-02-10 00:00:00,0.7655606448068915
1989-02-13 00:00:00,0.7655606448068915
1989-02-14 00:00:00,0.7572024703031336
1989-02-15 00:00:00,0.7550580489609975
1989-02-16 00:00:00,0.7561080218498365
1989-02-17 00:00:00,0.7537885652073731
1989-02-21 00:00:00,0.7650343443402821
1989-02-22 00:00:00,0.7648590701268292
1989-02-23 00:00:00,0.7606579840058466
1989-02-24 00:00:00,0.7636771040233685
1989-02-27 00:00:00,0.7672213299418726
1989-02-28 00:00:00,0.7675274028043201
1989-03-01 00:00:00,0.7762351700824819
1989-03-02 00:00:00,0.7762786899944384
1989-03-03 00:00:00,0.7765847628568857
1989-03-06 00:00:00,0.7769783533694969
1989-03-07 00:00:00,0.7770656321065351
1989-03-08 00:00:00,0.7778968108699649
1989-03-09 00:00:00,0.7788155072835581
1989-03-10 00:00:00,0.7796466860469878
1989-03-13 00:00:00,0.7813530413120543
1989-03-14 00:00:00,0.7744389080359972
1989-03-15 00:00:00,0.7779831339545012
1989-03-16 00:00:00,0.7784204832921944
1989-03-17 00:00:00,0.7805206679829975
1989-03-20 00:00:00,0.781658158522
1989-03-21 00:00:00,0.7773695547508537
1989-03-22 00:00:00,0.7761003099103546
1989-03-23 00:00:00,0.7764939004229658
1989-03-24 00:00:00,0.7776751497870502
1989-03-27 00:00:00,0.7815694463062092
1989-03-28 00:00:00,0.7911523900860079
1989-03-29 00:00:00,0.7908458393973095
1989-03-30 00:00:00,0.7912831887350025
1989-03-31 00:00:00,0.7922456439736776
1989-04-03 00:00:00,0.7918515756348157
1989-04-04 00:00:00,0.7827057422795843
1989-04-05 00:00:00,0.7857686211221881
1989-04-06 00:00:00,0.7838429939054615
1989-04-07 00:00:00,0.7868621139229833
1989-04-10 00:00:00,0.7865993220593669
1989-04-11 00:00:00,0.7902748244531165
1989-04-12 00:00:00,0.7895744443386815
1989-04-13 00:00:00,0.786467328844745
1989-04-14 00:00:00,0.7858544663804736
1989-04-17 00:00:00,0.7782839507281889
1989-04-18 00:00:00,0.7773647764883447
1989-04-19 00:00:00,0.7808214847566851
1989-04-20 00:00:00,0.7777143692627486
1989-04-21 00:00:00,0.7789831362769967
1989-04-24 00:00:00,0.7829211916212373
1989-04-25 00:00:00,0.7845837880612221
1989-04-26 00:00:00,0.7900096434582454
1989-04-27 00:00:00,0.7890904692184013
1989-04-28 00:00:00,0.7897028538564217
1989-05-01 00:00:00,0.7935971503755805
1989-05-02 00:00:00,0.7913652113832809
1989-05-03 00:00:00,0.7921963901467105
1989-05-04 00:00:00,0.7920211159332576
1989-05-05 00:00:00,0.7963967595283168
1989-05-08 00:00:00,0.7981031147933834
1989-05-09 00:00:00,0.8018661348372966
1989-05-10 00:00:00,0.7970086663400864
1989-05-11 00:00:00,0.798933815730562
1989-05-12 00:00:00,0.8022592475236568
1989-05-15 00:00:00,0.810923255976737
1989-05-16 00:00:00,0.8109230170636115
1989-05-17 00:00:00,0.8226063844473388
1989-05-18 00:00:00,0.8203744454550392
1989-05-19 00:00:00,0.8196740653406043
1989-05-22 00:00:00,0.8364334564338257
1989-05-23 00:00:00,0.8419905883060947
1989-05-24 00:00:00,0.8412026905414961
1989-05-25 00:00:00,0.8364327396944494
1989-05-26 00:00:00,0.83301931242494
1989-05-30 00:00:00,0.8461029622112864
1989-05-31 00:00:00,0.84015152308703
1989-06-01 00:00:00,0.839451142972595
1989-06-02 00:00:00,0.831092968468837
1989-06-05 00:00:00,0.8359937179648783
1989-06-06 00:00:00,0.8401943262596101
1989-06-07 00:00:00,0.8355556518878089
1989-06-08 00:00:00,0.8392311542815586
1989-06-09 00:00:00,0.8475013333089019
1989-06-12 00:00:00,0.8601036360193481
1989-06-13 00:00:00,0.8642604854889979
1989-06-14 00:00:00,0.8646540760016092
1989-06-15 00:00:00,0.8624221370093095
1989-06-16 00:00:00,0.8560331096342346
1989-06-19 00:00:00,0.8498628763845689
1989-06-20 00:00:00,0.8491624962701338
1989-06-21 00:00:00,0.8502124691589729
1989-06-22 00:00:00,0.8475429419158548
1989-06-23 00:00:00,0.8413727086661891
1989-06-26 00:00:00,0.8510431700961516
1989-06-27 00:00:00,0.8417223014405929
1989-06-28 00:00:00,0.8462729803359794
1989-06-29 00:00:00,0.8477605414756367
1989-06-30 00:00:00,0.8490293084898849
1989-07-03 00:00:00,0.8365578044284334
1989-07-05 00:00:00,0.8183101354561781
1989-07-06 00:00:00,0.8171721670909248
1989-07-07 00:00:00,0.8162529928510807
1989-07-10 00:00:00,0.8087699948489594
1989-07-11 00:00:00,0.8148522326222106
1989-07-12 00:00:00,0.815464617260231
1989-07-13 00:00:00,0.8160770018982515
1989-07-14 00:00:00,0.820846474919047
1989-07-17 00:00:00,0.8202336124547759
1989-07-18 00:00:00,0.8152886263074018
1989-07-19 00:00:00,0.8178701580741052
1989-07-20 00:00:00,0.8145442484547596
1989-07-21 00:00:00,0.8173445743468722
1989-07-24 00:00:00,0.8184820648858748
1989-07-25 00:00:00,0.8147185670157107
1989-07-26 00:00:00,0.8043037277331059
1989-07-27 00:00:00,0.7997525710114686
1989-07-28 00:00:00,0.8064036735107835
1989-07-31 00:00:00,0.7969515283799795
1989-08-01 00:00:00,0.8019397955261844
1989-08-02 00:00:00,0.798263815306184
1989-08-03 00:00:00,0.8075404473104097
1989-08-04 00:00:00,0.8193113323443009
1989-08-07 00:00:00,0.8224179700119865
1989-08-08 00:00:00,0.8144098661088832
1989-08-09 00:00:00,0.81777905672706
1989-08-10 00:00:00,0.8134466941308318
1989-08-11 00:00:00,0.8320001970524089
1989-08-14 00:00:00,0.8326125816904293
1989-08-15 00:00:00,0.8373820547112251
1989-08-16 00:00:00,0.834712527468107
1989-08-17 00:00:00,0.8432015006208596
1989-08-18 00:00:00,0.839000414499877
1989-08-21 00:00:00,0.8347993283788944
1989-08-22 00:00:00,0.831911007010367
1989-08-23 00:00:00,0.8379932447836181
1989-08-24 00:00:00,0.8382993176460656
1989-08-25 00:00:00,0.8372488669309759
1989-08-28 00:00:00,0.8396116045722701
1989-08-29 00:00:00,0.8321286065701491
1989-08-30 00:00:00,0.8326534735580058
1989-08-31 00:00:00,0.8366352877273283
1989-09-01 00:00:00,0.8435927020022163
1989-09-05 00:00:00,0.8520816751549689
1989-09-06 00:00:00,0.8452550595290755
1989-09-07 00:00:00,0.8482741795465975
1989-09-08 00:00:00,0.8473550053067532
1989-09-11 00:00:00,0.8481861840701829
1989-09-12 00:00:00,0.8477045980811572
1989-09-13 00:00:00,0.8450350708380391
1989-09-14 00:00:00,0.8421467494695117
1989-09-15 00:00:00,0.8515108991239013
1989-09-18 00:00:00,0.8381204597357311
1989-09-19 00:00:00,0.8358885207434316
1989-09-20 00:00:00,0.8323438169986765
1989-09-21 00:00:00,0.8327374075112878
1989-09-22 00:00:00,0.8348813510271728
1989-09-25 00:00:00,0.8206157351373655
1989-09-26 00:00:00,0.8146642960131091
1989-09-27 00:00:00,0.8183397984068587
1989-09-28 00:00:00,0.8206150183979892
1989-09-29 00:00:00,0.8175954205542164
1989-10-02 00:00:00,0.8161073815883082
1989-10-03 00:00:00,0.821445719335168
1989-10-04 00:00:00,0.8220581039731883
1989-10-05 00:00:00,0.8193885767300703
1989-10-06 00:00:00,0.8226264908730014
1989-10-10 00:00:00,0.8422739644216247
1989-10-11 00:00:00,0.8479186139440574
1989-10-12 00:00:00,0.8448114984501209
1989-10-13 00:00:00,0.8392976475766829
1989-10-16 00:00:00,0.8346589732048818
1989-10-17 00:00:00,0.8315518577109453
1989-10-18 00:00:00,0.8287510539925818
1989-10-19 00:00:00,0.8259940090993
1989-10-20 00:00:00,0.8277003643643666
1989-10-23 00:00:00,0.8261248077482947
1989-10-24 00:00:00,0.8206109568748566
1989-10-25 00:00:00,0.8193417120343577
1989-10-26 00:00:00,0.8178974318935313
1989-10-27 00:00:00,0.8340441994356069
1989-10-30 00:00:00,0.8325561604696987
1989-10-31 00:00:00,0.8328622333321463
1989-11-01 00:00:00,0.8309366061154195
1989-11-02 00:00:00,0.8386816792417807
1989-11-03 00:00:00,0.8357933578732535
1989-11-06 00:00:00,0.8322486541284986
1989-11-07 00:00:00,0.8310231681130814
1989-11-08 00:00:00,0.8286599526455363
1989-11-09 00:00:00,0.8287472313825746
1989-11-10 00:00:00,0.83303535732747
1989-11-13 00:00:00,0.8313722830612343
1989-11-14 00:00:00,0.8306719029467995
1989-11-15 00:00:00,0.8305841463835104
1989-11-16 00:00:00,0.8325530545990679
1989-11-17 00:00:00,0.836666145243636
1989-11-20 00:00:00,0.8403416476373856
1989-11-21 00:00:00,0.8367969438926307
1989-11-22 00:00:00,0.8376281226560602
1989-11-24 00:00:00,0.8388968896703083
1989-11-27 00:00:00,0.8397280684337379
1989-11-28 00:00:00,0.8388088941938937
1989-11-29 00:00:00,0.8367957493270034
1989-11-30 00:00:00,0.8354389868363408
1989-12-01 00:00:00,0.8369265479759981
1989-12-04 00:00:00,0.837976520864837
1989-12-05 00:00:00,0.8348256465458186
1989-12-06 00:00:00,0.8321998781277824
1989-12-07 00:00:00,0.8328122627658028
1989-12-08 00:00:00,0.8331183356282502
1989-12-11 00:00:00,0.8265105141277661
1989-12-12 00:00:00,0.820427798528264
1989-12-13 00:00:00,0.8241033009220137
1989-12-14 00:00:00,0.822746538431351
1989-12-15 00:00:00,0.8196394229374145
1989-12-18 00:00:00,0.820776913476417
1989-12-19 00:00:00,0.821520574589683
1989-12-20 00:00:00,0.8201638120990202
1989-12-21 00:00:00,0.8159627259780377
1989-12-22 00:00:00,0.8121992281078735
1989-12-26 00:00:00,0.8101860832409832
1989-12-27 00:00:00,0.8105796737535942
1989-12-28 00:00:00,0.8154366644245538
1989-12-29 00:00:00,0.8148675607853643
1990-01-02 00:00:00,0.8163551219250216
1990-01-03 00:00:00,0.8167487124376327
1990-01-04 00:00:00,0.8082592614586293
1990-01-05 00:00:00,0.8048458341891198
1990-01-08 00:00:00,0.7978004244378172
1990-01-09 00:00:00,0.7974501149240371
1990-01-10 00:00:00,0.7937741347040366
1990-01-11 00:00:00,0.7960055958700851
1990-01-12 00:00:00,0.7904042273464835
1990-01-16 00:00:00,0.795830082743507
1990-01-17 00:00:00,0.799067996886438
1990-01-18 00:00:00,0.801211940402323
1990-01-19 00:00:00,0.8002927661624788
1990-01-22 00:00:00,0.80353068030541
1990-01-23 00:00:00,0.7991108000590181
1990-01-24 00:00:00,0.7964412728159
1990-01-25 00:00:00,0.7954345809258921
1990-01-26 00:00:00,0.7954781008378485
1990-01-29 00:00:00,0.7862447498324537
1990-01-30 00:00:00,0.7845379167411363
1990-01-31 00:00:00,0.7855441308048933
1990-02-01 00:00:00,0.7845811977399672
1990-02-02 00:00:00,0.7844496823515963
1990-02-05 00:00:00,0.7785857608775034
1990-02-06 00:00:00,0.775478645383567
1990-02-07 00:00:00,0.776747412397815
1990-02-08 00:00:00,0.7819544736694292
1990-02-09 00:00:00,0.7795037405517204
1990-02-12 00:00:00,0.778365772186467
1990-02-13 00:00:00,0.7802909215769428
1990-02-14 00:00:00,0.777840188459234
1990-02-15 00:00:00,0.779108955473482
1990-02-16 00:00:00,0.7779709871082287
1990-02-20 00:00:00,0.7742074892380644
1990-02-21 00:00:00,0.769350020740854
1990-02-22 00:00:00,0.7694372994778923
1990-02-23 00:00:00,0.7714499665185318
1990-02-26 00:00:00,0.7788449690442383
1990-02-27 00:00:00,0.7792385595568494
1990-02-28 00:00:00,0.7804198089209338
1990-03-01 00:00:00,0.7909654468525332
1990-03-02 00:00:00,0.7970476846257842
1990-03-05 00:00:00,0.8023422635475622
1990-03-06 00:00:00,0.7978348656510066
1990-03-07 00:00:00,0.8021667504209838
1990-03-08 00:00:00,0.800591193804912
1990-03-09 00:00:00,0.811224349386675
1990-03-12 00:00:00,0.8145935400048517
1990-03-13 00:00:00,0.818925424774829
1990-03-14 00:00:00,0.8150744092545011
1990-03-15 00:00:00,0.811310911384337
1990-03-16 00:00:00,0.808641384141219
1990-03-19 00:00:00,0.8143735513138153
1990-03-20 00:00:00,0.8142420359254443
1990-03-21 00:00:00,0.8211994502003324
1990-03-22 00:00:00,0.8183111288318051
1990-03-23 00:00:00,0.8169543663411424
1990-03-26 00:00:00,0.8107841330914767
1990-03-27 00:00:00,0.8071956705216399
1990-03-28 00:00:00,0.8065390492322868
1990-03-29 00:00:00,0.8036507278637596
1990-03-30 00:00:00,0.7974804946140939
1990-04-02 00:00:00,0.8046567030143911
1990-04-03 00:00:00,0.80286235227291
1990-04-04 00:00:00,0.8001928250297919
1990-04-05 00:00:00,0.8001488272915847
1990-04-06 00:00:00,0.8014175943058327
1990-04-09 00:00:00,0.8013735965676254
1990-04-10 00:00:00,0.8031674694828557
1990-04-11 00:00:00,0.799535248087937
1990-04-12 00:00:00,0.799710044475139
1990-04-13 00:00:00,0.8011976056147962
1990-04-16 00:00:00,0.8044355197577273
1990-04-17 00:00:00,0.8031662749172284
1990-04-18 00:00:00,0.8012844065255836
1990-04-19 00:00:00,0.7988336734078748
1990-04-20 00:00:00,0.8023778993263788
1990-04-23 00:00:00,0.8021588662878442
1990-04-24 00:00:00,0.8028150097509463
1990-04-25 00:00:00,0.8015020060853656
1990-04-26 00:00:00,0.8029895672250229
1990-04-27 00:00:00,0.8018515988597695
1990-04-30 00:00:00,0.8005385951941887
1990-05-01 00:00:00,0.7997944562546717
1990-05-02 00:00:00,0.7986564878894183
1990-05-03 00:00:00,0.7989625607518658
1990-05-04 00:00:00,0.79112949214909
1990-05-07 00:00:00,0.7875847884043351
1990-05-08 00:00:00,0.7868844082899
1990-05-09 00:00:00,0.783120910419736
1990-05-10 00:00:00,0.78382081270792
1990-05-11 00:00:00,0.7815888737156205
1990-05-14 00:00:00,0.7803633877002033
1990-05-15 00:00:00,0.7833825077177252
1990-05-16 00:00:00,0.7820257452270626
1990-05-17 00:00:00,0.7768619649542793
1990-05-18 00:00:00,0.7772117966418086
1990-05-21 00:00:00,0.776992763603274
1990-05-22 00:00:00,0.7768174893898211
1990-05-23 00:00:00,0.7756795210245677
1990-05-24 00:00:00,0.7776046704150434
1990-05-25 00:00:00,0.7776919491520816
1990-05-29 00:00:00,0.7752849748594546
1990-05-30 00:00:00,0.775941118322557
1990-05-31 00:00:00,0.7831173267228542
1990-06-01 00:00:00,0.7798789347536722
1990-06-04 00:00:00,0.7836857136226673
1990-06-05 00:00:00,0.7801410098779124
1990-06-06 00:00:00,0.7778215532354491
1990-06-07 00:00:00,0.7777337966721599
1990-06-08 00:00:00,0.7792213578118172
1990-06-11 00:00:00,0.7787397718227915
1990-06-12 00:00:00,0.7713880502959161
1990-06-13 00:00:00,0.7693749054290255
1990-06-14 00:00:00,0.7701185665422915
1990-06-15 00:00:00,0.7699432923288387
1990-06-18 00:00:00,0.766617382709493
1990-06-19 00:00:00,0.7632914730901472
1990-06-20 00:00:00,0.7621535047248937
1990-06-21 00:00:00,0.7612343304850496
1990-06-22 00:00:00,0.7576896267402946
1990-06-25 00:00:00,0.7587395996291335
1990-06-26 00:00:00,0.756507660636834
1990-06-27 00:00:00,0.753269268667652
1990-06-28 00:00:00,0.7547568298073092
1990-06-29 00:00:00,0.7522185790394367
1990-07-02 00:00:00,0.7441229574861697
1990-07-03 00:00:00,0.7370337889097853
1990-07-05 00:00:00,0.7365522029207596
1990-07-06 00:00:00,0.7338826756776415
1990-07-09 00:00:00,0.7251635565051959
1990-07-10 00:00:00,0.7251635565051959
1990-07-11 00:00:00,0.7251635565051959
1990-07-12 00:00:00,0.7251635565051959
1990-07-13 00:00:00,0.7251635565051959
1990-07-16 00:00:00,0.7251635565051959
1990-07-17 00:00:00,0.7251635565051959
1990-07-18 00:00:00,0.7251635565051959
1990-07-19 00:00:00,0.7251635565051959
1990-07-20 00:00:00,0.7251635565051959
1990-07-23 00:00:00,0.7251635565051959
1990-07-24 00:00:00,0.7251635565051959
1990-07-25 00:00:00,0.7251635565051959
1990-07-26 00:00:00,0.7251635565051959
1990-07-27 00:00:00,0.7251635565051959
1990-07-30 00:00:00,0.7251635565051959
1990-07-31 00:00:00,0.7251635565051959
1990-08-01 00:00:00,0.7251635565051959
1990-08-02 00:00:00,0.7251635565051959
1990-08-03 00:00:00,0.7251635565051959
1990-08-06 00:00:00,0.7251635565051959
1990-08-07 00:00:00,0.7251635565051959
1990-08-08 00:00:00,0.7251635565051959
1990-08-09 00:00:00,0.7251635565051959
1990-08-10 00:00:00,0.7251635565051959
1990-08-13 00:00:00,0.7251635565051959
1990-08-14 00:00:00,0.7251635565051959
1990-08-15 00:00:00,0.7251635565051959
1990-08-16 00:00:00,0.7251635565051959
1990-08-17 00:00:00,0.7251635565051959
1990-08-20 00:00:00,0.7251635565051959
1990-08-21 00:00:00,0.7251635565051959
1990-08-22 00:00:00,0.7251635565051959
1990-08-23 00:00:00,0.7251635565051959
1990-08-24 00:00:00,0.7251635565051959
1990-08-27 00:00:00,0.7251635565051959
1990-08-28 00:00:00,0.7251635565051959
1990-08-29 00:00:00,0.7251635565051959
1990-08-30 00:00:00,0.7251635565051959
1990-08-31 00:00:00,0.7251635565051959
1990-09-04 00:00:00,0.7251635565051959
1990-09-05 00:00:00,0.7251635565051959
1990-09-06 00:00:00,0.7251635565051959
1990-09-07 00:00:00,0.7251635565051959
1990-09-10 00:00:00,0.7251635565051959
1990-09-11 00:00:00,0.7251635565051959
1990-09-12 00:00:00,0.7251635565051959
1990-09-13 00:00:00,0.7251635565051959
1990-09-14 00:00:00,0.7251635565051959
1990-09-17 00:00:00,0.7251635565051959
1990-09-18 00:00:00,0.7251635565051959
1990-09-19 00:00:00,0.7251635565051959
1990-09-20 00:00:00,0.7251635565051959
1990-09-21 00:00:00,0.7251635565051959
1990-09-24 00:00:00,0.7251635565051959
1990-09-25 00:00:00,0.7251635565051959
1990-09-26 00:00:00,0.7251635565051959
1990-09-27 00:00:00,0.7251635565051959
1990-09-28 00:00:00,0.7251635565051959
1990-10-01 00:00:00,0.7251635565051959
1990-10-02 00:00:00,0.7251635565051959
1990-10-03 00:00:00,0.7251635565051959
1990-10-04 00:00:00,0.7251635565051959
1990-10-05 00:00:00,0.7251635565051959
1990-10-09 00:00:00,0.7251635565051959
1990-10-10 00:00:00,0.7251635565051959
1990-10-11 00:00:00,0.7251635565051959
1990-10-12 00:00:00,0.7251635565051959
1990-10-15 00:00:00,0.7251635565051959
1990-10-16 00:00:00,0.7251635565051959
1990-10-17 00:00:00,0.7251635565051959
1990-10-18 00:00:00,0.7251635565051959
1990-10-19 00:00:00,0.7251635565051959
1990-10-22 00:00:00,0.7251635565051959
1990-10-23 00:00:00,0.7251635565051959
1990-10-24 00:00:00,0.7251635565051959
1990-10-25 00:00:00,0.7251635565051959
1990-10-26 00:00:00,0.7251635565051959
1990-10-29 00:00:00,0.7251635565051959
1990-10-30 00:00:00,0.7251635565051959
1990-10-31 00:00:00,0.7251635565051959
1990-11-01 00:00:00,0.7251635565051959
1990-11-02 00:00:00,0.7251635565051959
1990-11-05 00:00:00,0.7251635565051959
1990-11-06 00:00:00,0.7251635565051959
1990-11-07 00:00:00,0.7251635565051959
1990-11-08 00:00:00,0.7251635565051959
1990-11-09 00:00:00,0.7251635565051959
1990-11-13 00:00:00,0.7251635565051959
1990-11-14 00:00:00,0.7251635565051959
1990-11-15 00:00:00,0.7251635565051959
1990-11-16 00:00:00,0.7251635565051959
1990-11-19 00:00:00,0.7251635565051959
1990-11-20 00:00:00,0.7251635565051959
1990-11-21 00:00:00,0.7251635565051959
1990-11-23 00:00:00,0.7251635565051959
1990-11-26 00:00:00,0.7251635565051959
1990-11-27 00:00:00,0.7251635565051959
1990-11-28 00:00:00,0.7251635565051959
1990-11-29 00:00:00,0.7251635565051959
1990-11-30 00:00:00,0.7251635565051959
1990-12-03 00:00:00,0.7251635565051959
1990-12-04 00:00:00,0.7251635565051959
1990-12-05 00:00:00,0.7251635565051959
1990-12-06 00:00:00,0.7251635565051959
1990-12-07 00:00:00,0.7251635565051959
1990-12-10 00:00:00,0.7251635565051959
1990-12-11 00:00:00,0.7251635565051959
1990-12-12 00:00:00,0.7251635565051959
1990-12-13 00:00:00,0.7251635565051959
1990-12-14 00:00:00,0.7251635565051959
1990-12-17 00:00:00,0.7251635565051959
1990-12-18 00:00:00,0.7251635565051959
1990-12-19 00:00:00,0.7251635565051959
1990-12-20 00:00:00,0.7251635565051959
1990-12-21 00:00:00,0.7251635565051959
1990-12-24 00:00:00,0.7251635565051959
1990-12-26 00:00:00,0.7251635565051959
1990-12-27 00:00:00,0.7251635565051959
1990-12-28 00:00:00,0.7251635565051959
1990-12-31 00:00:00,0.7251635565051959
1991-01-02 00:00:00,0.7251635565051959
1991-01-03 00:00:00,0.7251635565051959
1991-01-04 00:00:00,0.7251635565051959
1991-01-07 00:00:00,0.7251635565051959
1991-01-08 00:00:00,0.7251635565051959
1991-01-09 00:00:00,0.7251635565051959
1991-01-10 00:00:00,0.7251635565051959
1991-01-11 00:00:00,0.7251635565051959
1991-01-14 00:00:00,0.7251635565051959
1991-01-15 00:00:00,0.7251635565051959
1991-01-16 00:00:00,0.7251635565051959
1991-01-17 00:00:00,0.7251635565051959
1991-01-18 00:00:00,0.7251635565051959
1991-01-22 00:00:00,0.7251635565051959
1991-01-23 00:00:00,0.7251635565051959
1991-01-24 00:00:00,0.7251635565051959
1991-01-25 00:00:00,0.7251635565051959
1991-01-28 00:00:00,0.7251635565051959
1991-01-29 00:00:00,0.7251635565051959
1991-01-30 00:00:00,0.7251635565051959
1991-01-31 00:00:00,0.7251635565051959
1991-02-01 00:00:00,0.7251635565051959
1991-02-04 00:00:00,0.7251635565051959
1991-02-05 00:00:00,0.7251635565051959
1991-02-06 00:00:00,0.7251635565051959
1991-02-07 00:00:00,0.7251635565051959
1991-02-08 00:00:00,0.7251635565051959
1991-02-11 00:00:00,0.7251635565051959
1991-02-12 00:00:00,0.7251635565051959
1991-02-13 00:00:00,0.7251635565051959
1991-02-14 00:00:00,0.7251635565051959
1991-02-15 00:00:00,0.7251635565051959
1991-02-19 00:00:00,0.7251635565051959
1991-02-20 00:00:00,0.7251635565051959
1991-02-21 00:00:00,0.7251635565051959
1991-02-22 00:00:00,0.7251635565051959
1991-02-25 00:00:00,0.7251635565051959
1991-02-26 00:00:00,0.7251635565051959
1991-02-27 00:00:00,0.7251635565051959
1991-02-28 00:00:00,0.7251635565051959
1991-03-01 00:00:00,0.7251635565051959
1991-03-04 00:00:00,0.7251635565051959
1991-03-05 00:00:00,0.7251635565051959
1991-03-06 00:00:00,0.7251635565051959
1991-03-07 00:00:00,0.7251635565051959
1991-03-08 00:00:00,0.7251635565051959
1991-03-11 00:00:00,0.7251635565051959
1991-03-12 00:00:00,0.7251635565051959
1991-03-13 00:00:00,0.7251635565051959
1991-03-14 00:00:00,0.7251635565051959
1991-03-15 00:00:00,0.7251635565051959
1991-03-18 00:00:00,0.7251635565051959
1991-03-19 00:00:00,0.7251635565051959
1991-03-20 00:00:00,0.7251635565051959
1991-03-21 00:00:00,0.7251635565051959
1991-03-22 00:00:00,0.7251635565051959
1991-03-25 00:00:00,0.7251635565051959
1991-03-26 00:00:00,0.7251635565051959
1991-03-27 00:00:00,0.7251635565051959
1991-03-28 00:00:00,0.7251635565051959
1991-03-29 00:00:00,0.7251635565051959
1991-04-01 00:00:00,0.7251635565051959
1991-04-02 00:00:00,0.7251635565051959
1991-04-03 00:00:00,0.7251635565051959
1991-04-04 00:00:00,0.7251635565051959
1991-04-05 00:00:00,0.7251635565051959
1991-04-08 00:00:00,0.7251635565051959
1991-04-09 00:00:00,0.7251635565051959
1991-04-10 00:00:00,0.7251635565051959
1991-04-11 00:00:00,0.7251635565051959
1991-04-12 00:00:00,0.7251635565051959
1991-04-15 00:00:00,0.7251635565051959
1991-04-16 00:00:00,0.7251635565051959
1991-04-17 00:00:00,0.7251635565051959
1991-04-18 00:00:00,0.7251635565051959
1991-04-19 00:00:00,0.7251635565051959
1991-04-22 00:00:00,0.7251635565051959
1991-04-23 00:00:00,0.7251635565051959
1991-04-24 00:00:00,0.7251635565051959
1991-04-25 00:00:00,0.7251635565051959
1991-04-26 00:00:00,0.7251635565051959
1991-04-29 00:00:00,0.7251635565051959
1991-04-30 00:00:00,0.7251635565051959
1991-05-01 00:00:00,0.7251635565051959
1991-05-02 00:00:00,0.7251635565051959
1991-05-03 00:00:00,0.7251635565051959
1991-05-06 00:00:00,0.7251635565051959
1991-05-07 00:00:00,0.7251635565051959
1991-05-08 00:00:00,0.7251635565051959
1991-05-09 00:00:00,0.7251635565051959
1991-05-10 00:00:00,0.7251635565051959
1991-05-13 00:00:00,0.7251635565051959
1991-05-14 00:00:00,0.7251635565051959
1991-05-15 00:00:00,0.7251635565051959
1991-05-16 00:00:00,0.7251635565051959
1991-05-17 00:00:00,0.7251635565051959
1991-05-20 00:00:00,0.7251635565051959
1991-05-21 00:00:00,0.7251635565051959
1991-05-22 00:00:00,0.7251635565051959
1991-05-23 00:00:00,0.7251635565051959
1991-05-24 00:00:00,0.7251635565051959
1991-05-28 00:00:00,0.7251635565051959
1991-05-29 00:00:00,0.7251635565051959
1991-05-30 00:00:00,0.7251635565051959
1991-05-31 00:00:00,0.7251635565051959
1991-06-03 00:00:00,0.7251635565051959
1991-06-04 00:00:00,0.7251635565051959
1991-06-05 00:00:00,0.7251635565051959
1991-06-06 00:00:00,0.7251635565051959
1991-06-07 00:00:00,0.7251635565051959
1991-06-10 00:00:00,0.7251635565051959
1991-06-11 00:00:00,0.7251635565051959
1991-06-12 00:00:00,0.7251635565051959
1991-06-13 00:00:00,0.7251635565051959
1991-06-14 00:00:00,0.7251635565051959
1991-06-17 00:00:00,0.7251635565051959
1991-06-18 00:00:00,0.7251635565051959
1991-06-19 00:00:00,0.7251635565051959
1991-06-20 00:00:00,0.7251635565051959
1991-06-21 00:00:00,0.7251635565051959
1991-06-24 00:00:00,0.7251635565051959
1991-06-25 00:00:00,0.7251635565051959
1991-06-26 00:00:00,0.7251635565051959
1991-06-27 00:00:00,0.7251635565051959
1991-06-28 00:00:00,0.7251635565051959
1991-07-01 00:00:00,0.7251635565051959
1991-07-02 00:00:00,0.7251635565051959
1991-07-03 00:00:00,0.7251635565051959
1991-07-05 00:00:00,0.7251635565051959
1991-07-08 00:00:00,0.7251635565051959
1991-07-09 00:00:00,0.7251635565051959
1991-07-10 00:00:00,0.7251635565051959
1991-07-11 00:00:00,0.7251635565051959
1991-07-12 00:00:00,0.7251635565051959
1991-07-15 00:00:00,0.7251635565051959
1991-07-16 00:00:00,0.7251635565051959
1991-07-17 00:00:00,0.7251635565051959
1991-07-18 00:00:00,0.7251635565051959
1991-07-19 00:00:00,0.7251635565051959
1991-07-22 00:00:00,0.7251635565051959
1991-07-23 00:00:00,0.7251635565051959
1991-07-24 00:00:00,0.7251635565051959
1991-07-25 00:00:00,0.7251635565051959
1991-07-26 00:00:00,0.7251635565051959
1991-07-29 00:00:00,0.7251635565051959
1991-07-30 00:00:00,0.7251635565051959
1991-07-31 00:00:00,0.7251635565051959
1991-08-01 00:00:00,0.7251635565051959
1991-08-02 00:00:00,0.7251635565051959
1991-08-05 00:00:00,0.7251635565051959
1991-08-06 00:00:00,0.7251635565051959
1991-08-07 00:00:00,0.7251635565051959
1991-08-08 00:00:00,0.7251635565051959
1991-08-09 00:00:00,0.7251635565051959
1991-08-12 00:00:00,0.7251635565051959
1991-08-13 00:00:00,0.7251635565051959
1991-08-14 00:00:00,0.7251635565051959
1991-08-15 00:00:00,0.7251635565051959
1991-08-16 00:00:00,0.7251635565051959
1991-08-19 00:00:00,0.7251635565051959
1991-08-20 00:00:00,0.7251635565051959
1991-08-21 00:00:00,0.7251635565051959
1991-08-22 00:00:00,0.7251635565051959
1991-08-23 00:00:00,0.7251635565051959
1991-08-26 00:00:00,0.7251635565051959
1991-08-27 00:00:00,0.7251635565051959
1991-08-28 00:00:00,0.7251635565051959
1991-08-29 00:00:00,0.7251635565051959
1991-08-30 00:00:00,0.7251635565051959
1991-09-03 00:00:00,0.7251635565051959
1991-09-04 00:00:00,0.7251635565051959
1991-09-05 00:00:00,0.7251635565051959
1991-09-06 00:00:00,0.7251635565051959
1991-09-09 00:00:00,0.7251635565051959
1991-09-10 00:00:00,0.7251635565051959
1991-09-11 00:00:00,0.7251635565051959
1991-09-12 00:00:00,0.7251635565051959
1991-09-13 00:00:00,0.7251635565051959
1991-09-16 00:00:00,0.7251635565051959
1991-09-17 00:00:00,0.7251635565051959
1991-09-18 00:00:00,0.7251635565051959
1991-09-19 00:00:00,0.7251635565051959
1991-09-20 00:00:00,0.7251635565051959
1991-09-23 00:00:00,0.7251635565051959
1991-09-24 00:00:00,0.7251635565051959
1991-09-25 00:00:00,0.7251635565051959
1991-09-26 00:00:00,0.7251635565051959
1991-09-27 00:00:00,0.7251635565051959
1991-09-30 00:00:00,0.7251635565051959
1991-10-01 00:00:00,0.7251635565051959
1991-10-02 00:00:00,0.7251635565051959
1991-10-03 00:00:00,0.7251635565051959
1991-10-04 00:00:00,0.7251635565051959
1991-10-07 00:00:00,0.7251635565051959
1991-10-08 00:00:00,0.7251635565051959
1991-10-09 00:00:00,0.7251635565051959
1991-10-10 00:00:00,0.7251635565051959
1991-10-11 00:00:00,0.7251635565051959
1991-10-15 00:00:00,0.7251635565051959
1991-10-16 00:00:00,0.7251635565051959
1991-10-17 00:00:00,0.7251635565051959
1991-10-18 00:00:00,0.7251635565051959
1991-10-21 00:00:00,0.7251635565051959
1991-10-22 00:00:00,0.7251635565051959
1991-10-23 00:00:00,0.7251635565051959
1991-10-24 00:00:00,0.7251635565051959
1991-10-25 00:00:00,0.7251635565051959
1991-10-28 00:00:00,0.7251635565051959
1991-10-29 00:00:00,0.7251635565051959
1991-10-30 00:00:00,0.7251635565051959
1991-10-31 00:00:00,0.7251635565051959
1991-11-01 00:00:00,0.7251635565051959
1991-11-04 00:00:00,0.7251635565051959
1991-11-05 00:00:00,0.7251635565051959
1991-11-06 00:00:00,0.7251635565051959
1991-11-07 00:00:00,0.7251635565051959
1991-11-08 00:00:00,0.7251635565051959
1991-11-12 00:00:00,0.7251635565051959
1991-11-13 00:00:00,0.7251635565051959
1991-11-14 00:00:00,0.7251635565051959
1991-11-15 00:00:00,0.7251635565051959
1991-11-18 00:00:00,0.7251635565051959
1991-11-19 00:00:00,0.7251635565051959
1991-11-20 00:00:00,0.7251635565051959
1991-11-21 00:00:00,0.7251635565051959
1991-11-22 00:00:00,0.7251635565051959
1991-11-25 00:00:00,0.7251635565051959
1991-11-26 00:00:00,0.7251635565051959
1991-11-27 00:00:00,0.7251635565051959
1991-11-29 00:00:00,0.7251635565051959
1991-12-02 00:00:00,0.7251635565051959
1991-12-03 00:00:00,0.7251635565051959
1991-12-04 00:00:00,0.7251635565051959
1991-12-05 00:00:00,0.7251635565051959
1991-12-06 00:00:00,0.7251635565051959
1991-12-09 00:00:00,0.7251635565051959
1991-12-10 00:00:00,0.7251635565051959
1991-12-11 00:00:00,0.7251635565051959
1991-12-12 00:00:00,0.7251635565051959
1991-12-13 00:00:00,0.7251635565051959
1991-12-16 00:00:00,0.7251635565051959
1991-12-17 00:00:00,0.7251635565051959
1991-12-18 00:00:00,0.7251635565051959
1991-12-19 00:00:00,0.7251635565051959
1991-12-20 00:00:00,0.7251635565051959
1991-12-23 00:00:00,0.7251635565051959
1991-12-24 00:00:00,0.7251635565051959
1991-12-26 00:00:00,0.7251635565051959
1991-12-27 00:00:00,0.7251635565051959
1991-12-30 00:00:00,0.7251635565051959
1991-12-31 00:00:00,0.7251635565051959
1992-01-02 00:00:00,0.7251635565051959
1992-01-03 00:00:00,0.7251635565051959
1992-01-06 00:00:00,0.7251635565051959
1992-01-07 00:00:00,0.7251635565051959
1992-01-08 00:00:00,0.7251635565051959
1992-01-09 00:00:00,0.7251635565051959
1992-01-10 00:00:00,0.7251635565051959
1992-01-13 00:00:00,0.7251635565051959
1992-01-14 00:00:00,0.7251635565051959
1992-01-15 00:00:00,0.7251635565051959
1992-01-16 00:00:00,0.7251635565051959
1992-01-17 00:00:00,0.7251635565051959
1992-01-21 00:00:00,0.7251635565051959
1992-01-22 00:00:00,0.7251635565051959
1992-01-23 00:00:00,0.7251635565051959
1992-01-24 00:00:00,0.7251635565051959
1992-01-27 00:00:00,0.7251635565051959
1992-01-28 00:00:00,0.7251635565051959
1992-01-29 00:00:00,0.7251635565051959
1992-01-30 00:00:00,0.7251635565051959
1992-01-31 00:00:00,0.7251635565051959
1992-02-03 00:00:00,0.7251635565051959
1992-02-04 00:00:00,0.7251635565051959
1992-02-05 00:00:00,0.7251635565051959
1992-02-06 00:00:00,0.7251635565051959
1992-02-07 00:00:00,0.7251635565051959
1992-02-10 00:00:00,0.7251635565051959
1992-02-11 00:00:00,0.7251635565051959
1992-02-12 00:00:00,0.7251635565051959
1992-02-13 00:00:00,0.7251635565051959
1992-02-14 00:00:00,0.7251635565051959
1992-02-18 00:00:00,0.7251635565051959
1992-02-19 00:00:00,0.7251635565051959
1992-02-20 00:00:00,0.7251635565051959
1992-02-21 00:00:00,0.7251635565051959
1992-02-24 00:00:00,0.7251635565051959
1992-02-25 00:00:00,0.7251635565051959
1992-02-26 00:00:00,0.7251635565051959
1992-02-27 00:00:00,0.7251635565051959
1992-02-28 00:00:00,0.7251635565051959
1992-03-02 00:00:00,0.7251635565051959
1992-03-03 00:00:00,0.7251635565051959
1992-03-04 00:00:00,0.7251635565051959
1992-03-05 00:00:00,0.7251635565051959
1992-03-06 00:00:00,0.7251635565051959
1992-03-09 00:00:00,0.7251635565051959
1992-03-10 00:00:00,0.7251635565051959
1992-03-11 00:00:00,0.7251635565051959
1992-03-12 00:00:00,0.7251635565051959
1992-03-13 00:00:00,0.7251635565051959
1992-03-16 00:00:00,0.7251635565051959
1992-03-17 00:00:00,0.7251635565051959
1992-03-18 00:00:00,0.7251635565051959
1992-03-19 00:00:00,0.7251635565051959
1992-03-20 00:00:00,0.7251635565051959
1992-03-23 00:00:00,0.7251635565051959
1992-03-24 00:00:00,0.7251635565051959
1992-03-25 00:00:00,0.7251635565051959
1992-03-26 00:00:00,0.7251635565051959
1992-03-27 00:00:00,0.7251635565051959
1992-03-30 00:00:00,0.7251635565051959
1992-03-31 00:00:00,0.7251635565051959
1992-04-01 00:00:00,0.7251635565051959
1992-04-02 00:00:00,0.7251635565051959
1992-04-03 00:00:00,0.7251635565051959
1992-04-06 00:00:00,0.7251635565051959
1992-04-07 00:00:00,0.7251635565051959
1992-04-08 00:00:00,0.7251635565051959
1992-04-09 00:00:00,0.7251635565051959
1992-04-10 00:00:00,0.7251635565051959
1992-04-13 00:00:00,0.7251635565051959
1992-04-14 00:00:00,0.7251635565051959
1992-04-15 00:00:00,0.7251635565051959
1992-04-16 00:00:00,0.7251635565051959
1992-04-17 00:00:00,0.7251635565051959
1992-04-20 00:00:00,0.7251635565051959
1992-04-21 00:00:00,0.7251635565051959
1992-04-22 00:00:00,0.7251635565051959
1992-04-23 00:00:00,0.7251635565051959
1992-04-24 00:00:00,0.7251635565051959
1992-04-27 00:00:00,0.7251635565051959
1992-04-28 00:00:00,0.7251635565051959
1992-04-29 00:00:00,0.7251635565051959
1992-04-30 00:00:00,0.7251635565051959
1992-05-01 00:00:00,0.7251635565051959
1992-05-04 00:00:00,0.7251635565051959
1992-05-05 00:00:00,0.7251635565051959
1992-05-06 00:00:00,0.7251635565051959
1992-05-07 00:00:00,0.7251635565051959
1992-05-08 00:00:00,0.7251635565051959
1992-05-11 00:00:00,0.7251635565051959
1992-05-12 00:00:00,0.7251635565051959
1992-05-13 00:00:00,0.7251635565051959
1992-05-14 00:00:00,0.7251635565051959
1992-05-15 00:00:00,0.7251635565051959
1992-05-18 00:00:00,0.7251635565051959
1992-05-19 00:00:00,0.7251635565051959
1992-05-20 00:00:00,0.7251635565051959
1992-05-21 00:00:00,0.7251635565051959
1992-05-22 00:00:00,0.7251635565051959
1992-05-26 00:00:00,0.7251635565051959
1992-05-27 00:00:00,0.7251635565051959
1992-05-28 00:00:00,0.7251635565051959
1992-05-29 00:00:00,0.7251635565051959
1992-06-01 00:00:00,0.7251635565051959
1992-06-02 00:00:00,0.7251635565051959
1992-06-03 00:00:00,0.7251635565051959
1992-06-04 00:00:00,0.7251635565051959
1992-06-05 00:00:00,0.7251635565051959
1992-06-08 00:00:00,0.7251635565051959
1992-06-09 00:00:00,0.7251635565051959
1992-06-10 00:00:00,0.7251635565051959
1992-06-11 00:00:00,0.7251635565051959
1992-06-12 00:00:00,0.7251635565051959
1992-06-15 00:00:00,0.7251635565051959
1992-06-16 00:00:00,0.7251635565051959
1992-06-17 00:00:00,0.7251635565051959
1992-06-18 00:00:00,0.7251635565051959
1992-06-19 00:00:00,0.7251635565051959
1992-06-22 00:00:00,0.7251635565051959
1992-06-23 00:00:00,0.7251635565051959
1992-06-24 00:00:00,0.7251635565051959
1992-06-25 00:00:00,0.7251635565051959
1992-06-26 00:00:00,0.7251635565051959
1992-06-29 00:00:00,0.7251635565051959
1992-06-30 00:00:00,0.7251635565051959
1992-07-01 00:00:00,0.7251635565051959
1992-07-02 00:00:00,0.7251635565051959
1992-07-03 00:00:00,0.7251635565051959
1992-07-06 00:00:00,0.7251635565051959
1992-07-07 00:00:00,0.7251635565051959
1992-07-08 00:00:00,0.7251635565051959
1992-07-09 00:00:00,0.7251635565051959
1992-07-10 00:00:00,0.7251635565051959
1992-07-13 00:00:00,0.7251635565051959
1992-07-14 00:00:00,0.7251635565051959
1992-07-15 00:00:00,0.7251635565051959
1992-07-16 00:00:00,0.7251635565051959
1992-07-17 00:00:00,0.7251635565051959
1992-07-20 00:00:00,0.7251635565051959
1992-07-21 00:00:00,0.7251635565051959
1992-07-22 00:00:00,0.7251635565051959
1992-07-23 00:00:00,0.7251635565051959
1992-07-24 00:00:00,0.7251635565051959
1992-07-27 00:00:00,0.7251635565051959
1992-07-28 00:00:00,0.7251635565051959
1992-07-29 00:00:00,0.7251635565051959
1992-07-30 00:00:00,0.7251635565051959
1992-07-31 00:00:00,0.7251635565051959
1992-08-03 00:00:00,0.7251635565051959
1992-08-04 00:00:00,0.7251635565051959
1992-08-05 00:00:00,0.7251635565051959
1992-08-06 00:00:00,0.7251635565051959
1992-08-07 00:00:00,0.7251635565051959
1992-08-10 00:00:00,0.7251635565051959
1992-08-11 00:00:00,0.7251635565051959
1992-08-12 00:00:00,0.7251635565051959
1992-08-13 00:00:00,0.7251635565051959
1992-08-14 00:00:00,0.7251635565051959
1992-08-17 00:00:00,0.7251635565051959
1992-08-18 00:00:00,0.7251635565051959
1992-08-19 00:00:00,0.7251635565051959
1992-08-20 00:00:00,0.7251635565051959
1992-08-21 00:00:00,0.7251635565051959
1992-08-24 00:00:00,0.7251635565051959
1992-08-25 00:00:00,0.7251635565051959
1992-08-26 00:00:00,0.7251635565051959
1992-08-27 00:00:00,0.7251635565051959
1992-08-28 00:00:00,0.7251635565051959
1992-08-31 00:00:00,0.7251635565051959
1992-09-01 00:00:00,0.7251635565051959
1992-09-02 00:00:00,0.7251635565051959
1992-09-03 00:00:00,0.7251635565051959
1992-09-04 00:00:00,0.7251635565051959
1992-09-08 00:00:00,0.7251635565051959
1992-09-09 00:00:00,0.7251635565051959
1992-09-10 00:00:00,0.7251635565051959
1992-09-11 00:00:00,0.7251635565051959
1992-09-14 00:00:00,0.7251635565051959
1992-09-15 00:00:00,0.7251635565051959
1992-09-16 00:00:00,0.7251635565051959
1992-09-17 00:00:00,0.7251635565051959
1992-09-18 00:00:00,0.7251635565051959
1992-09-21 00:00:00,0.7251635565051959
1992-09-22 00:00:00,0.7251635565051959
1992-09-23 00:00:00,0.7251635565051959
1992-09-24 00:00:00,0.7251635565051959
1992-09-25 00:00:00,0.7230002784594873
1992-09-28 00:00:00,0.7163816362573687
1992-09-29 00:00:00,0.6995793045548846
1992-09-30 00:00:00,0.6952944245299332
1992-10-01 00:00:00,0.7143471662766528
1992-10-02 00:00:00,0.7261864612939467
1992-10-05 00:00:00,0.7282663872067238
1992-10-06 00:00:00,0.7233450265879996
1992-10-07 00:00:00,0.7211817485422908
1992-10-08 00:00:00,0.7330210435595848
1992-10-09 00:00:00,0.7295848043263304
1992-10-13 00:00:00,0.7225418417283633
1992-10-14 00:00:00,0.7242823113244615
1992-10-15 00:00:00,0.7283989751373116
1992-10-16 00:00:00,0.7472395566861069
1992-10-19 00:00:00,0.7580180507137795
1992-10-20 00:00:00,0.7607344572203293
1992-10-21 00:00:00,0.7649359851123492
1992-10-22 00:00:00,0.762348386670792
1992-10-23 00:00:00,0.7650647931773418
1992-10-26 00:00:00,0.7762676076008629
1992-10-27 00:00:00,0.7800448150970343
1992-10-28 00:00:00,0.779790978832644
1992-10-29 00:00:00,0.7831438659329667
1992-10-30 00:00:00,0.7862845928353652
1992-11-02 00:00:00,0.7987603684464321
1992-11-03 00:00:00,0.7923963184818226
1992-11-04 00:00:00,0.7899784481986047
1992-11-05 00:00:00,0.7965137382677918
1992-11-06 00:00:00,0.7971085427950988
1992-11-09 00:00:00,0.8040681532601343
1992-11-10 00:00:00,0.8069967199646084
1992-11-12 00:00:00,0.802711839939657
1992-11-13 00:00:00,0.7916378335811285
1992-11-16 00:00:00,0.8047500897859681
1992-11-17 00:00:00,0.8042840933236538
1992-11-18 00:00:00,0.8036059366634151
1992-11-19 00:00:00,0.7986845760446908
1992-11-20 00:00:00,0.8033104243325593
1992-11-23 00:00:00,0.8047538696515633
1992-11-24 00:00:00,0.8040757129913247
1992-11-25 00:00:00,0.8014881145497674
1992-11-27 00:00:00,0.8080234046189544
1992-11-30 00:00:00,0.8062844469690943
1992-12-01 00:00:00,0.7971198823918844
1992-12-02 00:00:00,0.7915620411793872
1992-12-03 00:00:00,0.7843069183834959
1992-12-04 00:00:00,0.7876598054838185
1992-12-07 00:00:00,0.7753128379377443
1992-12-08 00:00:00,0.7703914773190201
1992-12-09 00:00:00,0.7822307723363141
1992-12-10 00:00:00,0.7874931012179553
1992-12-11 00:00:00,0.7871119688348106
1992-12-14 00:00:00,0.7840151859182352
1992-12-15 00:00:00,0.7833370292579964
1992-12-16 00:00:00,0.778755124955951
1992-12-17 00:00:00,0.7800712741562006
1992-12-18 00:00:00,0.7834241612565233
1992-12-21 00:00:00,0.7842311259817546
1992-12-22 00:00:00,0.7950096200094272
1992-12-23 00:00:00,0.8002719488910683
1992-12-24 00:00:00,0.8015032340121484
1992-12-28 00:00:00,0.8063412424979409
1992-12-29 00:00:00,0.8058752460356267
1992-12-30 00:00:00,0.806045730167085
1992-12-31 00:00:00,0.8055797337047707
1993-01-04 00:00:00,0.8106299023884876
1993-01-05 00:00:00,0.791918128904685
1993-01-06 00:00:00,0.7934464383028589
1993-01-07 00:00:00,0.7956536603343904
1993-01-08 00:00:00,0.7939147026845303
1993-01-11 00:00:00,0.7881447012741088
1993-01-12 00:00:00,0.7938313505515987
1993-01-13 00:00:00,0.7937896744851328
1993-01-14 00:00:00,0.7941723188145157
1993-01-15 00:00:00,0.7979495263106869
1993-01-19 00:00:00,0.7902700831189469
1993-01-20 00:00:00,0.7929440575859119
1993-01-21 00:00:00,0.8031285030593965
1993-01-22 00:00:00,0.7969341812531265
1993-01-25 00:00:00,0.7856480146966738
1993-01-26 00:00:00,0.7940927465471792
1993-01-27 00:00:00,0.804234759981079
1993-01-28 00:00:00,0.803344443122916
1993-01-29 00:00:00,0.8164566993277557
1993-02-01 00:00:00,0.8297811157305196
1993-02-02 00:00:00,0.8331340028308423
1993-02-03 00:00:00,0.8379720113166349
1993-02-04 00:00:00,0.8333901070145895
1993-02-05 00:00:00,0.832372494037672
1993-02-08 00:00:00,0.8357253811379948
1993-02-09 00:00:00,0.8392904284362417
1993-02-10 00:00:00,0.841582514546943
1993-02-11 00:00:00,0.8447232414493414
1993-02-12 00:00:00,0.8448937255807999
1993-02-16 00:00:00,0.832122437638877
1993-02-17 00:00:00,0.8336083149974662
1993-02-18 00:00:00,0.8326755660997184
1993-02-19 00:00:00,0.8298758074602369
1993-02-22 00:00:00,0.8290279226416588
1993-02-23 00:00:00,0.8272465329522138
1993-02-24 00:00:00,0.8361155851985679
1993-02-25 00:00:00,0.8392563121009663
1993-02-26 00:00:00,0.8428213593992133
1993-03-01 00:00:00,0.8364997414741887
1993-03-02 00:00:00,0.8317056769742189
1993-03-03 00:00:00,0.8310275203139803
1993-03-04 00:00:00,0.829076402466196
1993-03-05 00:00:00,0.8317928089727458
1993-03-08 00:00:00,0.8323876135000529
1993-03-09 00:00:00,0.8370134617879211
1993-03-10 00:00:00,0.8380325867110768
1993-03-11 00:00:00,0.8367603814966501
1993-03-12 00:00:00,0.8375249141822966
1993-03-15 00:00:00,0.8370589177199823
1993-03-16 00:00:00,0.8325618774971065
1993-03-17 00:00:00,0.829762118857625
1993-03-18 00:00:00,0.8193245930928694
1993-03-19 00:00:00,0.8134697276032782
1993-03-22 00:00:00,0.8141069641701701
1993-03-23 00:00:00,0.815932297845438
1993-03-24 00:00:00,0.8163998062539904
1993-03-25 00:00:00,0.8196253972355586
1993-03-26 00:00:00,0.8127097307563461
1993-03-29 00:00:00,0.8127104867294651
1993-03-30 00:00:00,0.8107169368420958
1993-03-31 00:00:00,0.8047347752337503
1993-04-01 00:00:00,0.7974796524378587
1993-04-02 00:00:00,0.8029541415174243
1993-04-05 00:00:00,0.7999422226800185
1993-04-06 00:00:00,0.8029980855032472
1993-04-07 00:00:00,0.802489657001348
1993-04-08 00:00:00,0.7975682963826236
1993-04-09 00:00:00,0.796296091168197
1993-04-12 00:00:00,0.7879377353430993
1993-04-13 00:00:00,0.7833558310410539
1993-04-14 00:00:00,0.7860722375476037
1993-04-15 00:00:00,0.7898494450437751
1993-04-16 00:00:00,0.797233375904659
1993-04-19 00:00:00,0.791930126929671
1993-04-20 00:00:00,0.7899790090818868
1993-04-21 00:00:00,0.7925256874300971
1993-04-22 00:00:00,0.7875194627322031
1993-04-23 00:00:00,0.7758089757799018
1993-04-26 00:00:00,0.7696146539736317
1993-04-27 00:00:00,0.7748769828552731
1993-04-28 00:00:00,0.7775933893618229
1993-04-29 00:00:00,0.7777638734932814
1993-04-30 00:00:00,0.7781465178226641
1993-05-03 00:00:00,0.781711565120911
1993-05-04 00:00:00,0.7777237093730536
1993-05-05 00:00:00,0.7795066110087366
1993-05-06 00:00:00,0.7777676533588765
1993-05-07 00:00:00,0.7770894966986379
1993-05-10 00:00:00,0.7925355150806447
1993-05-11 00:00:00,0.7895235962432389
1993-05-12 00:00:00,0.7928764833435615
1993-05-13 00:00:00,0.7964415306418086
1993-05-14 00:00:00,0.7908836894293114
1993-05-17 00:00:00,0.7935152318566915
1993-05-18 00:00:00,0.7938130121069046
1993-05-19 00:00:00,0.7897827243194623
1993-05-20 00:00:00,0.7831640821173437
1993-05-21 00:00:00,0.7894023479094366
1993-05-24 00:00:00,0.7921187544159864
1993-05-25 00:00:00,0.7891068355785807
1993-05-26 00:00:00,0.7873678779287205
1993-05-27 00:00:00,0.7837194784975421
1993-05-28 00:00:00,0.7811318800559849
1993-06-01 00:00:00,0.7851212477500804
1993-06-02 00:00:00,0.7893227756421002
1993-06-03 00:00:00,0.790002444248577
1993-06-04 00:00:00,0.7994231130095342
1993-06-07 00:00:00,0.7970476747659012
1993-06-08 00:00:00,0.7991276006786782
1993-06-09 00:00:00,0.8001467256018339
1993-06-10 00:00:00,0.7984077679519738
1993-06-11 00:00:00,0.7960323297083408
1993-06-14 00:00:00,0.7949298526522536
1993-06-15 00:00:00,0.7970097785650306
1993-06-16 00:00:00,0.8048180298217632
1993-06-17 00:00:00,0.8001088294009632
1993-06-18 00:00:00,0.8079170806576957
1993-06-21 00:00:00,0.8112699677580184
1993-06-22 00:00:00,0.8158109519667172
1993-06-23 00:00:00,0.8181030380774185
1993-06-24 00:00:00,0.8198435076735167
1993-06-25 00:00:00,0.8154313315298105
1993-06-28 00:00:00,0.8089399854464465
1993-06-29 00:00:00,0.8046551054214951
1993-06-30 00:00:00,0.808856633313515
1993-07-01 00:00:00,0.8030866319030935
1993-07-02 00:00:00,0.8026206354407791
1993-07-06 00:00:00,0.8016454545034465
1993-07-07 00:00:00,0.8084777688497273
1993-07-08 00:00:00,0.8078844762686586
1993-07-09 00:00:00,0.8150138148920334
1993-07-12 00:00:00,0.8149297067859828
1993-07-13 00:00:00,0.8085656568213734
1993-07-14 00:00:00,0.8050021214693643
1993-07-15 00:00:00,0.8104341785093451
1993-07-16 00:00:00,0.8141265219263466
1993-07-19 00:00:00,0.8060227583387581
1993-07-20 00:00:00,0.8049202812826709
1993-07-21 00:00:00,0.7987259594764008
1993-07-22 00:00:00,0.801654526180875
1993-07-23 00:00:00,0.8067471269041768
1993-07-26 00:00:00,0.8045414168188832
1993-07-27 00:00:00,0.8098037457005245
1993-07-28 00:00:00,0.8074283074568916
1993-07-29 00:00:00,0.8109509227155538
1993-07-30 00:00:00,0.8113759990845213
1993-08-02 00:00:00,0.8093400171575672
1993-08-03 00:00:00,0.8030183992325428
1993-08-04 00:00:00,0.8046740047494712
1993-08-05 00:00:00,0.8086633724435667
1993-08-06 00:00:00,0.8054392934082367
1993-08-09 00:00:00,0.8078586756376925
1993-08-10 00:00:00,0.8131210045193338
1993-08-11 00:00:00,0.8158374110258836
1993-08-12 00:00:00,0.8203359631949974
1993-08-13 00:00:00,0.8217794085140016
1993-08-16 00:00:00,0.8113418827492459
1993-08-17 00:00:00,0.8093907649014616
1993-08-18 00:00:00,0.7997170158492333
1993-08-19 00:00:00,0.8023061262370287
1993-08-20 00:00:00,0.7992942073996229
1993-08-23 00:00:00,0.8037927595687366
1993-08-24 00:00:00,0.8059151175210986
1993-08-25 00:00:00,0.811983655154852
1993-08-26 00:00:00,0.804643668279791
1993-08-27 00:00:00,0.8039655116195523
1993-08-30 00:00:00,0.8081670395115722
1993-08-31 00:00:00,0.809695348909746
1993-09-01 00:00:00,0.8008702406492149
1993-09-02 00:00:00,0.8035017830765949
1993-09-03 00:00:00,0.7928520971139151
1993-09-07 00:00:00,0.7858939985951177
1993-09-08 00:00:00,0.7871252837161975
1993-09-09 00:00:00,0.7826282434933218
1993-09-10 00:00:00,0.7827987276247802
1993-09-13 00:00:00,0.7859394545271787
1993-09-14 00:00:00,0.784073200758564
1993-09-15 00:00:00,0.7819523547524404
1993-09-16 00:00:00,0.7896333098904184
1993-09-17 00:00:00,0.7889551532301797
1993-09-20 00:00:00,0.7901015742720898
1993-09-21 00:00:00,0.8022378935664778
1993-09-22 00:00:00,0.7950676348497561
1993-09-23 00:00:00,0.8010937404439247
1993-09-24 00:00:00,0.8028342100400229
1993-09-27 00:00:00,0.798125009619223
1993-09-28 00:00:00,0.7968528044047962
1993-09-29 00:00:00,0.7981689536050458
1993-09-30 00:00:00,0.804916403872157
1993-10-01 00:00:00,0.8011407083222238
1993-10-04 00:00:00,0.7971952846139513
1993-10-05 00:00:00,0.796092807557864
1993-10-06 00:00:00,0.7921473838495915
1993-10-07 00:00:00,0.7936756932477653
1993-10-08 00:00:00,0.7880329879560986
1993-10-12 00:00:00,0.789349137156348
1993-10-13 00:00:00,0.7934233689296133
1993-10-14 00:00:00,0.7974551686632937
1993-10-15 00:00:00,0.7977105168739218
1993-10-18 00:00:00,0.8036093263493359
1993-10-19 00:00:00,0.8059438444996221
1993-10-20 00:00:00,0.8072175616602868
1993-10-21 00:00:00,0.8084488467813666
1993-10-22 00:00:00,0.8142627921776111
1993-10-25 00:00:00,0.8083654946484351
1993-10-26 00:00:00,0.8122699982633609
1993-10-27 00:00:00,0.811676705682292
1993-10-28 00:00:00,0.8109136849428836
1993-10-29 00:00:00,0.8073925816304596
1993-11-01 00:00:00,0.810533308532858
1993-11-02 00:00:00,0.8097278557538647
1993-11-03 00:00:00,0.8105348204790961
1993-11-04 00:00:00,0.8112144890855728
1993-11-05 00:00:00,0.807905545971073
1993-11-08 00:00:00,0.810282496160944
1993-11-09 00:00:00,0.8155872570821702
1993-11-10 00:00:00,0.8125329062051795
1993-11-12 00:00:00,0.8097331475656979
1993-11-15 00:00:00,0.80591501997618
1993-11-16 00:00:00,0.809140610957748
1993-11-17 00:00:00,0.8118570174642981
1993-11-18 00:00:00,0.8113910210019835
1993-11-19 00:00:00,0.8140225634293636
1993-11-22 00:00:00,0.8125806300565976
1993-11-23 00:00:00,0.8072349490420248
1993-11-24 00:00:00,0.8067689525797104
1993-11-26 00:00:00,0.8103339998779573
1993-11-29 00:00:00,0.8066856004467787
1993-11-30 00:00:00,0.8078320214886889
1993-12-01 00:00:00,0.8097846512827114
1993-12-02 00:00:00,0.8089791985037181
1993-12-03 00:00:00,0.8056702553892183
1993-12-06 00:00:00,0.8020218559580398
1993-12-07 00:00:00,0.8049504226625138
1993-12-08 00:00:00,0.803423625210578
1993-12-09 00:00:00,0.8035941093420366
1993-12-10 00:00:00,0.8035524332755708
1993-12-13 00:00:00,0.8052929028716689
1993-12-14 00:00:00,0.8061422996364851
1993-12-15 00:00:00,0.8082646575888469
1993-12-16 00:00:00,0.8059316513847989
1993-12-17 00:00:00,0.8048291743287116
1993-12-20 00:00:00,0.8071212604394129
1993-12-21 00:00:00,0.8057217591062318
1993-12-22 00:00:00,0.8032190247438442
1993-12-23 00:00:00,0.7990190087980624
1993-12-24 00:00:00,0.7995289492461998
1993-12-27 00:00:00,0.7992751129818096
1993-12-28 00:00:00,0.7976634514507042
1993-12-29 00:00:00,0.8044957657969851
1993-12-30 00:00:00,0.8106915995494932
1993-12-31 00:00:00,0.8101407390080091
1994-01-03 00:00:00,0.8107355435353161
1994-01-04 00:00:00,0.8072993043020618
1994-01-05 00:00:00,0.8059846670480503
1994-01-06 00:00:00,0.8065794715753573
1994-01-07 00:00:00,0.8046283537275729
1994-01-10 00:00:00,0.8036107407506555
1994-01-11 00:00:00,0.8043328413967171
1994-01-12 00:00:00,0.7994963448571625
1994-01-13 00:00:00,0.8020430232053729
1994-01-14 00:00:00,0.8038683568806407
1994-01-18 00:00:00,0.8016202147557624
1994-01-19 00:00:00,0.8039123008664637
1994-01-20 00:00:00,0.8000517412373608
1994-01-21 00:00:00,0.8022165312293076
1994-01-24 00:00:00,0.8039994328649905
1994-01-25 00:00:00,0.8028969558089033
1994-01-26 00:00:00,0.8024309593465889
1994-01-27 00:00:00,0.8028136036759717
1994-01-28 00:00:00,0.8000138450364901
1994-01-31 00:00:00,0.7995478485741758
1994-02-01 00:00:00,0.7984453715180886
1994-02-02 00:00:00,0.8016709624996566
1994-02-03 00:00:00,0.8026052233436426
1994-02-04 00:00:00,0.8085040328190567
1994-02-07 00:00:00,0.806977235367121
1994-02-08 00:00:00,0.8114757875362347
1994-02-09 00:00:00,0.8158046115470091
1994-02-10 00:00:00,0.8154659112034492
1994-02-11 00:00:00,0.8143210021077771
1994-02-14 00:00:00,0.8117334036662199
1994-02-15 00:00:00,0.8099095819371902
1994-02-16 00:00:00,0.8096557456728001
1994-02-17 00:00:00,0.8089775890125614
1994-02-18 00:00:00,0.8080448401148137
1994-02-22 00:00:00,0.8083001883254418
1994-02-23 00:00:00,0.8094890414069369
1994-02-24 00:00:00,0.8055436176986642
1994-02-25 00:00:00,0.8043138445238225
1994-02-28 00:00:00,0.8042721684573566
1994-03-01 00:00:00,0.8051215652221727
1994-03-02 00:00:00,0.8012610055930699
1994-03-03 00:00:00,0.800370688734907
1994-03-04 00:00:00,0.8032568233997962
1994-03-07 00:00:00,0.8021543463437091
1994-03-08 00:00:00,0.803937247979392
1994-03-09 00:00:00,0.8022831544087016
1994-03-10 00:00:00,0.7982952986608443
1994-03-11 00:00:00,0.7981687585152087
1994-03-14 00:00:00,0.8009700291009282
1994-03-15 00:00:00,0.8016921297469899
1994-03-16 00:00:00,0.8015655896013543
1994-03-17 00:00:00,0.8006752727431914
1994-03-18 00:00:00,0.8015671015475924
1994-03-21 00:00:00,0.805217012925009
1994-03-22 00:00:00,0.8040296717897522
1994-03-23 00:00:00,0.8009328888731766
1994-03-24 00:00:00,0.8004244603712775
1994-03-25 00:00:00,0.7992371192360205
1994-03-28 00:00:00,0.7996197635654033
1994-03-29 00:00:00,0.8044577720511958
1994-03-30 00:00:00,0.8055617610535213
1994-03-31 00:00:00,0.8031014587307186
1994-04-01 00:00:00,0.8092124284040569
1994-04-04 00:00:00,0.8115045145147582
1994-04-05 00:00:00,0.8139663287837989
1994-04-06 00:00:00,0.8111665701443176
1994-04-07 00:00:00,0.8112097581570215
1994-04-08 00:00:00,0.8078159509633519
1994-04-11 00:00:00,0.8098110127969591
1994-04-12 00:00:00,0.8084963755429477
1994-04-13 00:00:00,0.8073938984868604
1994-04-14 00:00:00,0.807564382618319
1994-04-15 00:00:00,0.8090502599769079
1994-04-18 00:00:00,0.8091783120687815
1994-04-19 00:00:00,0.8070150340230728
1994-04-20 00:00:00,0.803451498671064
1994-04-21 00:00:00,0.7995909390419612
1994-04-22 00:00:00,0.8024346416672655
1994-04-25 00:00:00,0.8009078442153297
1994-04-26 00:00:00,0.7956894593195114
1994-04-27 00:00:00,0.7948840065405182
1994-04-28 00:00:00,0.7939936896823552
1994-04-29 00:00:00,0.7921274359137406
1994-05-02 00:00:00,0.7891579491159197
1994-05-03 00:00:00,0.7915348993057907
1994-05-04 00:00:00,0.7972215485832804
1994-05-05 00:00:00,0.7978163531105875
1994-05-06 00:00:00,0.7996841188254402
1994-05-09 00:00:00,0.7979451611755802
1994-05-10 00:00:00,0.8008737278800544
1994-05-11 00:00:00,0.8005774595760793
1994-05-12 00:00:00,0.7969714921844856
1994-05-13 00:00:00,0.7973541365138684
1994-05-16 00:00:00,0.7956151788640083
1994-05-17 00:00:00,0.7938762212141482
1994-05-18 00:00:00,0.7929859043559853
1994-05-19 00:00:00,0.7931563884874437
1994-05-20 00:00:00,0.7923509357084505
1994-05-23 00:00:00,0.7941338373441335
1994-05-24 00:00:00,0.7939648651589131
1994-05-25 00:00:00,0.7923532036278076
1994-05-26 00:00:00,0.7917599110467388
1994-05-27 00:00:00,0.7922698514948759
1994-05-31 00:00:00,0.7911673744387888
1994-06-01 00:00:00,0.7889192323139104
1994-06-02 00:00:00,0.7926964398100816
1994-06-03 00:00:00,0.793800428812407
1994-06-06 00:00:00,0.7925706556375651
1994-06-07 00:00:00,0.792656275689854
1994-06-08 00:00:00,0.7933359442963307
1994-06-09 00:00:00,0.7931245400715254
1994-06-10 00:00:00,0.7923615193321171
1994-06-13 00:00:00,0.7873128625946382
1994-06-14 00:00:00,0.7876955069240209
1994-06-15 00:00:00,0.7875689667783854
1994-06-16 00:00:00,0.7872726984744105
1994-06-17 00:00:00,0.7826907941723651
1994-06-20 00:00:00,0.7793394190182804
1994-06-21 00:00:00,0.7784491021601175
1994-06-22 00:00:00,0.7822263096562887
1994-06-23 00:00:00,0.7779414296313373
1994-06-24 00:00:00,0.7734868214480464
1994-06-27 00:00:00,0.7744635143316171
1994-06-28 00:00:00,0.7737004935922088
1994-06-29 00:00:00,0.7757804195049858
1994-06-30 00:00:00,0.7748476706072379
1994-07-01 00:00:00,0.7787521742221638
1994-07-05 00:00:00,0.7776496971660766
1994-07-06 00:00:00,0.7737891375369736
1994-07-07 00:00:00,0.7773117527956358
1994-07-08 00:00:00,0.7762517077791334
1994-07-11 00:00:00,0.7677236237956963
1994-07-12 00:00:00,0.7642873845624419
1994-07-13 00:00:00,0.766367310475219
1994-07-14 00:00:00,0.7688715567838446
1994-07-15 00:00:00,0.770569594340358
1994-07-18 00:00:00,0.7684911803738189
1994-07-19 00:00:00,0.7730745966221025
1994-07-20 00:00:00,0.7738815613473339
1994-07-21 00:00:00,0.7779982251601839
1994-07-22 00:00:00,0.7815632724584309
1994-07-25 00:00:00,0.7810972759961164
1994-07-26 00:00:00,0.7842804349380997
1994-07-27 00:00:00,0.7816079724173729
1994-07-28 00:00:00,0.7810995439154736
1994-07-29 00:00:00,0.7768995279696919
1994-08-01 00:00:00,0.7788521577637143
1994-08-02 00:00:00,0.7783861613013999
1994-08-03 00:00:00,0.7776231405619916
1994-08-04 00:00:00,0.7779209208122047
1994-08-05 00:00:00,0.7762668272415142
1994-08-08 00:00:00,0.776352447293803
1994-08-09 00:00:00,0.7778807566919769
1994-08-10 00:00:00,0.7774996243088322
1994-08-11 00:00:00,0.7773730841631966
1994-08-12 00:00:00,0.7749976459195638
1994-08-15 00:00:00,0.7761440669614739
1994-08-16 00:00:00,0.7758902306970838
1994-08-17 00:00:00,0.7769942196994091
1994-08-18 00:00:00,0.7748309416537005
1994-08-19 00:00:00,0.7730919840038404
1994-08-22 00:00:00,0.7722016671456775
1994-08-23 00:00:00,0.7710991900895902
1994-08-24 00:00:00,0.7710575140231244
1994-08-25 00:00:00,0.7710158379566585
1994-08-26 00:00:00,0.7786119290154668
1994-08-29 00:00:00,0.7792067335427739
1994-08-30 00:00:00,0.7787407370804597
1994-08-31 00:00:00,0.7781898765389755
1994-09-01 00:00:00,0.7746263411869666
1994-09-02 00:00:00,0.7733117039329551
1994-09-06 00:00:00,0.772760843391471
1994-09-07 00:00:00,0.7737799683146266
1994-09-08 00:00:00,0.774841525277367
1994-09-09 00:00:00,0.7719569025587159
1994-09-12 00:00:00,0.7637258428523728
1994-09-13 00:00:00,0.7667817056756014
1994-09-14 00:00:00,0.7646184276298928
1994-09-15 00:00:00,0.7664013292655758
1994-09-16 00:00:00,0.7574489248862901
1994-09-19 00:00:00,0.7650450159450985
1994-09-20 00:00:00,0.7613966165139199
1994-09-21 00:00:00,0.759869819061984
1994-09-22 00:00:00,0.7606767837872154
1994-09-23 00:00:00,0.7583862096227522
1994-09-26 00:00:00,0.7612299122480566
1994-09-27 00:00:00,0.7599152749940452
1994-09-28 00:00:00,0.7605100795213521
1994-09-29 00:00:00,0.7587711218714921
1994-09-30 00:00:00,0.7600024069925719
1994-10-03 00:00:00,0.7593242503323332
1994-10-04 00:00:00,0.7593674383450372
1994-10-05 00:00:00,0.7560584952305374
1994-10-06 00:00:00,0.7553803385702987
1994-10-07 00:00:00,0.7557629828996815
1994-10-11 00:00:00,0.7593280301979285
1994-10-12 00:00:00,0.758013392943917
1994-10-13 00:00:00,0.7577595566795269
1994-10-14 00:00:00,0.7536868368524997
1994-10-17 00:00:00,0.7455830732649111
1994-10-18 00:00:00,0.7440562758129754
1994-10-19 00:00:00,0.7421051579651909
1994-10-20 00:00:00,0.7405783605132553
1994-10-21 00:00:00,0.7388394028633952
1994-10-24 00:00:00,0.7379490860052322
1994-10-25 00:00:00,0.7340885263761293
1994-10-26 00:00:00,0.7359562920909821
1994-10-27 00:00:00,0.7338778781244432
1994-10-28 00:00:00,0.7396918235206875
1994-10-31 00:00:00,0.7345583027040389
1994-11-01 00:00:00,0.7357895878251188
1994-11-02 00:00:00,0.7346871107690316
1994-11-03 00:00:00,0.7439804834112341
1994-11-04 00:00:00,0.7447874481364655
1994-11-07 00:00:00,0.7424120098928325
1994-11-08 00:00:00,0.7402487318471239
1994-11-09 00:00:00,0.7469961821142351
1994-11-10 00:00:00,0.749415564343691
1994-11-14 00:00:00,0.7541262767107291
1994-11-15 00:00:00,0.7557818822276575
1994-11-16 00:00:00,0.7610442111092989
1994-11-17 00:00:00,0.7586687728656658
1994-11-18 00:00:00,0.7624459803618371
1994-11-21 00:00:00,0.7632529450870684
1994-11-22 00:00:00,0.7617261476351327
1994-11-23 00:00:00,0.7604115103811211
1994-11-25 00:00:00,0.7644008780752167
1994-11-28 00:00:00,0.7643592020087508
1994-11-29 00:00:00,0.763765909427682
1994-11-30 00:00:00,0.762578568292425
1994-12-01 00:00:00,0.7633006689384866
1994-12-02 00:00:00,0.7653805948512635
1994-12-05 00:00:00,0.7658481032598161
1994-12-06 00:00:00,0.764957786401653
1994-12-07 00:00:00,0.7636007171080567
1994-12-08 00:00:00,0.7639409293978546
1994-12-09 00:00:00,0.7651722145189345
1994-12-12 00:00:00,0.7636454170669986
1994-12-13 00:00:00,0.7649615662672483
1994-12-14 00:00:00,0.7646228659236884
1994-12-15 00:00:00,0.7638174131446952
1994-12-16 00:00:00,0.7637757370782294
1994-12-19 00:00:00,0.7640735173284424
1994-12-20 00:00:00,0.7649653461328434
1994-12-21 00:00:00,0.7651358302643019
1994-12-22 00:00:00,0.770737615462622
1994-12-23 00:00:00,0.7714172840690988
1994-12-27 00:00:00,0.7711634478047087
1994-12-28 00:00:00,0.7717582523320157
1994-12-29 00:00:00,0.7646304256548788
1994-12-30 00:00:00,0.7619155310945671
1995-01-03 00:00:00,0.7636135686510804
1995-01-04 00:00:00,0.7643781013367269
1995-01-05 00:00:00,0.7630634640827154
1995-01-06 00:00:00,0.7679863366476777
1995-01-09 00:00:00,0.7656108984040448
1995-01-10 00:00:00,0.7650600378625607
1995-01-11 00:00:00,0.764721337519001
1995-01-12 00:00:00,0.7594605205835978
1995-01-13 00:00:00,0.7613282862984505
1995-01-17 00:00:00,0.760862289836136
1995-01-18 00:00:00,0.7596749487008791
1995-01-19 00:00:00,0.7578086949322645
1995-01-20 00:00:00,0.752378149838522
1995-01-23 00:00:00,0.7490267746844373
1995-01-24 00:00:00,0.7487729384200472
1995-01-25 00:00:00,0.7499193594619574
1995-01-26 00:00:00,0.7508960523455281
1995-01-27 00:00:00,0.751830313189514
1995-01-30 00:00:00,0.7496670351438054
1995-01-31 00:00:00,0.7547172038275224
1995-02-01 00:00:00,0.755099848156905
1995-02-02 00:00:00,0.7539973711008179
1995-02-03 00:00:00,0.7618904864367202
1995-02-06 00:00:00,0.7636733880724031
1995-02-07 00:00:00,0.7649046731934831
1995-02-08 00:00:00,0.7668573029875054
1995-02-09 00:00:00,0.7650334812584758
1995-02-10 00:00:00,0.7623610187377488
1995-02-13 00:00:00,0.7619798863546042
1995-02-14 00:00:00,0.7644841326632297
1995-02-15 00:00:00,0.7631694954092182
1995-02-16 00:00:00,0.7559143726133268
1995-02-17 00:00:00,0.7562970169427096
1995-02-21 00:00:00,0.754133738897001
1995-02-22 00:00:00,0.7521826210492165
1995-02-23 00:00:00,0.7491707022118108
1995-02-24 00:00:00,0.7510384679266635
1995-02-27 00:00:00,0.7531183938394406
1995-02-28 00:00:00,0.7528645575750503
1995-03-01 00:00:00,0.7526955853898301
1995-03-02 00:00:00,0.7498109626711789
1995-03-03 00:00:00,0.7370396747292561
1995-03-06 00:00:00,0.7319061539126075
1995-03-07 00:00:00,0.7271969534918076
1995-03-08 00:00:00,0.7377632873215557
1995-03-09 00:00:00,0.7393340287593145
1995-03-10 00:00:00,0.7541435665475484
1995-03-13 00:00:00,0.7470581719099965
1995-03-14 00:00:00,0.7518113163166195
1995-03-15 00:00:00,0.7443440333228037
1995-03-16 00:00:00,0.7515158039857635
1995-03-17 00:00:00,0.7531714095026919
1995-03-20 00:00:00,0.753766214029999
1995-03-21 00:00:00,0.7516029359842904
1995-03-22 00:00:00,0.7513490997199002
1995-03-23 00:00:00,0.7486342051595885
1995-03-24 00:00:00,0.7504171067952715
1995-03-27 00:00:00,0.7471930277599415
1995-03-28 00:00:00,0.7409987059536715
1995-03-29 00:00:00,0.7418056706789027
1995-03-30 00:00:00,0.7457950383729983
1995-03-31 00:00:00,0.7370547941916369
1995-04-03 00:00:00,0.7382860793127167
1995-04-04 00:00:00,0.7443970489860552
1995-04-05 00:00:00,0.7422337709403465
1995-04-06 00:00:00,0.7424891191509748
1995-04-07 00:00:00,0.7442720207866577
1995-04-10 00:00:00,0.7474127476890561
1995-04-11 00:00:00,0.747158911424666
1995-04-12 00:00:00,0.7490266771395186
1995-04-13 00:00:00,0.741856418422797
1995-04-14 00:00:00,0.7438514802564044
1995-04-17 00:00:00,0.7363841972625886
1995-04-18 00:00:00,0.7386762833732899
1995-04-19 00:00:00,0.737785966515127
1995-04-20 00:00:00,0.7391445477549615
1995-04-21 00:00:00,0.7402485367572867
1995-04-24 00:00:00,0.7421163024721396
1995-04-25 00:00:00,0.7386800632388852
1995-04-26 00:00:00,0.739911348359965
1995-04-27 00:00:00,0.7374510460371624
1995-04-28 00:00:00,0.7404220447812214
1995-05-01 00:00:00,0.7366039171917033
1995-05-02 00:00:00,0.7388960033024047
1995-05-03 00:00:00,0.7368600213754506
1995-05-04 00:00:00,0.7362667287943816
1995-05-05 00:00:00,0.7444993004469628
1995-05-08 00:00:00,0.7406387408178599
1995-05-09 00:00:00,0.748871312470441
1995-05-10 00:00:00,0.7517998791749152
1995-05-11 00:00:00,0.7618994605692301
1995-05-12 00:00:00,0.7561718911983936
1995-05-15 00:00:00,0.7585912734278494
1995-05-16 00:00:00,0.756937179857159
1995-05-17 00:00:00,0.7571076639886175
1995-05-18 00:00:00,0.7596119102972431
1995-05-19 00:00:00,0.754902709876443
1995-05-22 00:00:00,0.7542245532162044
1995-05-23 00:00:00,0.7580017607123756
1995-05-24 00:00:00,0.7539290408853485
1995-05-25 00:00:00,0.7419215296559531
1995-05-26 00:00:00,0.7417525574707327
1995-05-30 00:00:00,0.7429838425918126
1995-05-31 00:00:00,0.749094812265151
1995-06-01 00:00:00,0.7456585730318966
1995-06-02 00:00:00,0.7492236203301436
1995-06-05 00:00:00,0.7451509005031165
1995-06-06 00:00:00,0.7474429866138177
1995-06-07 00:00:00,0.745619164884788
1995-06-08 00:00:00,0.7465109936891889
1995-06-09 00:00:00,0.7454085166331017
1995-06-12 00:00:00,0.7451546803687117
1995-06-13 00:00:00,0.7449008441043216
1995-06-14 00:00:00,0.7393430028918244
1995-06-15 00:00:00,0.7448174919713899
1995-06-16 00:00:00,0.7398961313526656
1995-06-19 00:00:00,0.7430368582550642
1995-06-20 00:00:00,0.7415100608031283
1995-06-21 00:00:00,0.7406621759845501
1995-06-22 00:00:00,0.742784533936912
1995-06-23 00:00:00,0.7407485520099579
1995-06-26 00:00:00,0.748768963464615
1995-06-27 00:00:00,0.7491516077939976
1995-06-28 00:00:00,0.7535652958839417
1995-06-29 00:00:00,0.7460980128901261
1995-06-30 00:00:00,0.7464806572195087
1995-07-03 00:00:00,0.7435960345008575
1995-07-05 00:00:00,0.7444878633052586
1995-07-06 00:00:00,0.7429610658533228
1995-07-07 00:00:00,0.7446166713702512
1995-07-10 00:00:00,0.7462722768871797
1995-07-11 00:00:00,0.7472914018103353
1995-07-12 00:00:00,0.7457646043583995
1995-07-13 00:00:00,0.7419040447292966
1995-07-14 00:00:00,0.7444082910379222
1995-07-17 00:00:00,0.7443666149714563
1995-07-18 00:00:00,0.7436035942320479
1995-07-19 00:00:00,0.7438589424426761
1995-07-20 00:00:00,0.7431807857824375
1995-07-21 00:00:00,0.7444120709035174
1995-07-24 00:00:00,0.7428428414119967
1995-07-25 00:00:00,0.746917073185262
1995-07-26 00:00:00,0.7436081300707622
1995-07-27 00:00:00,0.7432269976876176
1995-07-28 00:00:00,0.7415304720773424
1995-07-31 00:00:00,0.7424647329213282
1995-08-01 00:00:00,0.7419138723798442
1995-08-02 00:00:00,0.7417449001946238
1995-08-03 00:00:00,0.7386056852384634
1995-08-04 00:00:00,0.7383518489740734
1995-08-07 00:00:00,0.7406439350847747
1995-08-08 00:00:00,0.7409417153349876
1995-08-09 00:00:00,0.7412394955852006
1995-08-10 00:00:00,0.7460350720314085
1995-08-11 00:00:00,0.7507457843984466
1995-08-14 00:00:00,0.7522316617570356
1995-08-15 00:00:00,0.760124777092938
1995-08-16 00:00:00,0.7616955185306966
1995-08-17 00:00:00,0.7688672891936564
1995-08-18 00:00:00,0.7652188897624779
1995-08-21 00:00:00,0.7662380146856335
1995-08-22 00:00:00,0.7683179405984104
1995-08-23 00:00:00,0.7657303421568532
1995-08-24 00:00:00,0.764967321417445
1995-08-25 00:00:00,0.7655196939051669
1995-08-28 00:00:00,0.7609377896031215
1995-08-29 00:00:00,0.7639512203867654
1995-08-30 00:00:00,0.7644611608349028
1995-08-31 00:00:00,0.7612370817995726
1995-09-01 00:00:00,0.7604316290205795
1995-09-05 00:00:00,0.7590321276873983
1995-09-06 00:00:00,0.7617061021543632
1995-09-07 00:00:00,0.7617068581274823
1995-09-08 00:00:00,0.7624289587735439
1995-09-11 00:00:00,0.7623448506674932
1995-09-12 00:00:00,0.7596723881467663
1995-09-13 00:00:00,0.7623887946533161
1995-09-14 00:00:00,0.7612863175972289
1995-09-15 00:00:00,0.7606081609369902
1995-09-18 00:00:00,0.7631124072456158
1995-09-19 00:00:00,0.7630707311791499
1995-09-20 00:00:00,0.7602709725396686
1995-09-21 00:00:00,0.7530158497437772
1995-09-22 00:00:00,0.7487309697188257
1995-09-25 00:00:00,0.7520838568191485
1995-09-26 00:00:00,0.7523392050297765
1995-09-27 00:00:00,0.7517034804091227
1995-09-28 00:00:00,0.7481399450571138
1995-09-29 00:00:00,0.7485225893864966
1995-10-02 00:00:00,0.7436436608073571
1995-10-03 00:00:00,0.7478876207389619
1995-10-04 00:00:00,0.7466154155245351
1995-10-05 00:00:00,0.7464464433393148
1995-10-06 00:00:00,0.747592864381225
1995-10-10 00:00:00,0.7489938776606442
1995-10-11 00:00:00,0.7509889394942516
1995-10-12 00:00:00,0.7507351032298615
1995-10-13 00:00:00,0.7511177475592442
1995-10-16 00:00:00,0.750015270503157
1995-10-17 00:00:00,0.7503979148325397
1995-10-18 00:00:00,0.7522656805473925
1995-10-19 00:00:00,0.7509510432933809
1995-10-20 00:00:00,0.7494666778810299
1995-10-23 00:00:00,0.7476852881915851
1995-10-24 00:00:00,0.7472192917292707
1995-10-25 00:00:00,0.7478140962565777
1995-10-26 00:00:00,0.750106182367279
1995-10-27 00:00:00,0.747730744123646
1995-10-30 00:00:00,0.7485377088488775
1995-10-31 00:00:00,0.7471382075156962
1995-11-01 00:00:00,0.7483270605971911
1995-11-02 00:00:00,0.7468002631452554
1995-11-03 00:00:00,0.7470980433954684
1995-11-06 00:00:00,0.747565551804021
1995-11-07 00:00:00,0.7481603563313278
1995-11-08 00:00:00,0.746973015196071
1995-11-09 00:00:00,0.7473980915650387
1995-11-10 00:00:00,0.7490961291215519
1995-11-13 00:00:00,0.7574559968928877
1995-11-14 00:00:00,0.755292718847179
1995-11-15 00:00:00,0.7563118437703346
1995-11-16 00:00:00,0.7572036725747355
1995-11-17 00:00:00,0.7594108946062672
1995-11-20 00:00:00,0.7597935389356498
1995-11-21 00:00:00,0.7560178433857168
1995-11-22 00:00:00,0.7531332206670656
1995-11-24 00:00:00,0.7552131465798425
1995-11-27 00:00:00,0.759202514273938
1995-11-28 00:00:00,0.7602216391970937
1995-11-29 00:00:00,0.7642958709703589
1995-11-30 00:00:00,0.7676911901102664
1995-12-01 00:00:00,0.7651884557478791
1995-12-04 00:00:00,0.7651467796814132
1995-12-05 00:00:00,0.7629835016357046
1995-12-06 00:00:00,0.7624326410942205
1995-12-07 00:00:00,0.7653187757591098
1995-12-08 00:00:00,0.7662954686426805
1995-12-11 00:00:00,0.7654475838241024
1995-12-12 00:00:00,0.7668910291431065
1995-12-13 00:00:00,0.7663401686016225
1995-12-14 00:00:00,0.7626917691704439
1995-12-15 00:00:00,0.7632865736977509
1995-12-18 00:00:00,0.7634570578292094
1995-12-19 00:00:00,0.7621424205751979
1995-12-20 00:00:00,0.7640950503692202
1995-12-21 00:00:00,0.7634168937089817
1995-12-22 00:00:00,0.7618052321778761
1995-12-26 00:00:00,0.756247390965379
1995-12-27 00:00:00,0.7542962731175946
1995-12-28 00:00:00,0.7631653253639487
1995-12-29 00:00:00,0.7569710035576787
1996-01-02 00:00:00,0.7556563663036672
1996-01-03 00:00:00,0.7576514281372744
1996-01-04 00:00:00,0.7599010822083908
1996-01-05 00:00:00,0.7574407798855882
1996-01-08 00:00:00,0.7584599048087438
1996-01-09 00:00:00,0.7592668695339752
1996-01-10 00:00:00,0.7600314022196216
1996-01-11 00:00:00,0.7604564785885892
1996-01-12 00:00:00,0.7586326568595594
1996-01-16 00:00:00,0.7631312090286733
1996-01-17 00:00:00,0.7683935379103145
1996-01-18 00:00:00,0.7694975269126398
1996-01-19 00:00:00,0.7751841761901296
1996-01-22 00:00:00,0.7733603544610997
1996-01-23 00:00:00,0.773318678394634
1996-01-24 00:00:00,0.7751015800303169
1996-01-25 00:00:00,0.7757812486367937
1996-01-26 00:00:00,0.7776490143516465
1996-01-29 00:00:00,0.7762070809788805
1996-01-30 00:00:00,0.7772686379416208
1996-01-31 00:00:00,0.7747234715396485
1996-02-01 00:00:00,0.7731542420481278
1996-02-02 00:00:00,0.7706515076857404
1996-02-05 00:00:00,0.7637358412065278
1996-02-06 00:00:00,0.7615725631608191
1996-02-07 00:00:00,0.7631008725589931
1996-02-08 00:00:00,0.7626773081362634
1996-02-09 00:00:00,0.7650118262865496
1996-02-12 00:00:00,0.7653944706159325
1996-02-13 00:00:00,0.7639949692827511
1996-02-14 00:00:00,0.7626378999891549
1996-02-15 00:00:00,0.762002175368501
1996-02-16 00:00:00,0.7576324312643798
1996-02-20 00:00:00,0.7593729008604779
1996-02-21 00:00:00,0.7601798655857093
1996-02-22 00:00:00,0.7597138691233949
1996-02-23 00:00:00,0.7607329940465506
1996-02-26 00:00:00,0.7611156383759332
1996-02-27 00:00:00,0.7611588263886371
1996-02-28 00:00:00,0.7637903688160173
1996-02-29 00:00:00,0.7643851733433243
1996-03-01 00:00:00,0.7663378031373468
1996-03-04 00:00:00,0.7658293746354475
1996-03-05 00:00:00,0.7655331063314726
1996-03-06 00:00:00,0.7654914302650068
1996-03-07 00:00:00,0.7650254338026924
1996-03-08 00:00:00,0.767529680111318
1996-03-11 00:00:00,0.7675728681240218
1996-03-12 00:00:00,0.7685919930471774
1996-03-13 00:00:00,0.7680411325056934
1996-03-14 00:00:00,0.7677448642017185
1996-03-15 00:00:00,0.7668969793831403
1996-03-18 00:00:00,0.7647337013374317
1996-03-19 00:00:00,0.7635463602021748
1996-03-20 00:00:00,0.7614255141960509
1996-03-21 00:00:00,0.7620627507629428
1996-03-22 00:00:00,0.7631243077256833
1996-03-25 00:00:00,0.7674955637760426
1996-03-26 00:00:00,0.7670295673137281
1996-03-27 00:00:00,0.7694913815827689
1996-03-28 00:00:00,0.7669886472203814
1996-03-29 00:00:00,0.7659710342434639
1996-04-01 00:00:00,0.7666931348895255
1996-04-02 00:00:00,0.7664817306647203
1996-04-03 00:00:00,0.7659308701232361
1996-04-04 00:00:00,0.7644040726713003
1996-04-05 00:00:00,0.7647018529215134
1996-04-08 00:00:00,0.763684239944596
1996-04-09 00:00:00,0.7664855105303154
1996-04-10 00:00:00,0.7718751355307112
1996-04-11 00:00:00,0.7714091390683969
1996-04-12 00:00:00,0.7714523270811008
1996-04-15 00:00:00,0.7730230685188595
1996-04-16 00:00:00,0.7735754410065816
1996-04-17 00:00:00,0.7735761969797007
1996-04-18 00:00:00,0.7722615597256891
1996-04-19 00:00:00,0.7693345049674531
1996-04-22 00:00:00,0.7716690231177392
1996-04-23 00:00:00,0.7695481771116155
1996-04-24 00:00:00,0.7704824379556013
1996-04-25 00:00:00,0.7709075143245689
1996-04-26 00:00:00,0.7718842072081398
1996-04-29 00:00:00,0.7722244194979376
1996-04-30 00:00:00,0.7740497531732056
1996-05-01 00:00:00,0.7783361451443951
1996-05-02 00:00:00,0.774815041831971
1996-05-03 00:00:00,0.7742641812904869
1996-05-06 00:00:00,0.7729495440364754
1996-05-07 00:00:00,0.7706589698720122
1996-05-08 00:00:00,0.7667984102429092
1996-05-09 00:00:00,0.7665445739785192
1996-05-10 00:00:00,0.7663756017932988
1996-05-13 00:00:00,0.7696436248144518
1996-05-14 00:00:00,0.7694322205896466
1996-05-15 00:00:00,0.770196753275293
1996-05-16 00:00:00,0.7700277810900726
1996-05-17 00:00:00,0.7692647603506643
1996-05-20 00:00:00,0.7700717250758956
1996-05-21 00:00:00,0.7706665296032026
1996-05-22 00:00:00,0.7711340380117551
1996-05-23 00:00:00,0.7697769687181586
1996-05-24 00:00:00,0.7707536616017294
1996-05-28 00:00:00,0.769990640862321
1996-05-29 00:00:00,0.7663846734707274
1996-05-30 00:00:00,0.7606571040998907
1996-05-31 00:00:00,0.7542506220956964
1996-06-03 00:00:00,0.7533603052375334
1996-06-04 00:00:00,0.7545915903586135
1996-06-05 00:00:00,0.7550166667275809
1996-06-06 00:00:00,0.7579028013924702
1996-06-07 00:00:00,0.7576489651280802
1996-06-10 00:00:00,0.7613413085450816
1996-06-11 00:00:00,0.7598993751723155
1996-06-12 00:00:00,0.7602820195016984
1996-06-13 00:00:00,0.761301144424854
1996-06-14 00:00:00,0.7596470508541636
1996-06-17 00:00:00,0.7557016271458911
1996-06-18 00:00:00,0.7562964316731979
1996-06-19 00:00:00,0.756339619685902
1996-06-20 00:00:00,0.7569344242132089
1996-06-21 00:00:00,0.7583778695322131
1996-06-24 00:00:00,0.7576148487928047
1996-06-25 00:00:00,0.7573610125284147
1996-06-26 00:00:00,0.7569374481056851
1996-06-27 00:00:00,0.7548590341391461
1996-06-28 00:00:00,0.751974411420495
1996-07-01 00:00:00,0.7512538227206715
1996-07-02 00:00:00,0.7495997291499811
1996-07-03 00:00:00,0.7493883249251759
1996-07-05 00:00:00,0.7521047314317257
1996-07-08 00:00:00,0.7517235990485811
1996-07-09 00:00:00,0.7531670443675852
1996-07-10 00:00:00,0.7527434799448557
1996-07-11 00:00:00,0.7505377698595622
1996-07-12 00:00:00,0.7517690549806421
1996-07-15 00:00:00,0.7527881799037976
1996-07-16 00:00:00,0.7491397804726191
1996-07-17 00:00:00,0.7555902064626363
1996-07-18 00:00:00,0.7535542245356822
1996-07-19 00:00:00,0.7540641649838196
1996-07-22 00:00:00,0.7520706150964503
1996-07-23 00:00:00,0.7519016429112299
1996-07-24 00:00:00,0.7514356464489156
1996-07-25 00:00:00,0.7493996645219615
1996-07-26 00:00:00,0.7505036535242868
1996-07-29 00:00:00,0.7494011764681996
1996-07-30 00:00:00,0.749868684876752
1996-07-31 00:00:00,0.7499118728894558
1996-08-01 00:00:00,0.7491912841896324
1996-08-02 00:00:00,0.7556841422192344
1996-08-05 00:00:00,0.754624097202732
1996-08-06 00:00:00,0.7574253677884516
1996-08-07 00:00:00,0.755559114019837
1996-08-08 00:00:00,0.7521653068261676
1996-08-09 00:00:00,0.7524206550367958
1996-08-12 00:00:00,0.751742498376557
1996-08-13 00:00:00,0.7519554145476004
1996-08-14 00:00:00,0.7525926511144923
1996-08-15 00:00:00,0.7516599022167445
1996-08-16 00:00:00,0.7531457795753336
1996-08-19 00:00:00,0.7541224724589042
1996-08-20 00:00:00,0.7528502672444777
1996-08-21 00:00:00,0.7517902222279752
1996-08-22 00:00:00,0.751281793726076
1996-08-23 00:00:00,0.7503066127887434
1996-08-26 00:00:00,0.7492889998118258
1996-08-27 00:00:00,0.7502232606558118
1996-08-28 00:00:00,0.7475083660955
1996-08-29 00:00:00,0.7487396512165798
1996-08-30 00:00:00,0.7466188052104561
1996-09-03 00:00:00,0.7440736388084838
1996-09-04 00:00:00,0.7440743947816028
1996-09-05 00:00:00,0.7441600148338915
1996-09-06 00:00:00,0.746664261142517
1996-09-09 00:00:00,0.7476833860656726
1996-09-10 00:00:00,0.74819332651381
1996-09-11 00:00:00,0.7489578591994565
1996-09-12 00:00:00,0.7494253676080089
1996-09-13 00:00:00,0.7491290993040339
1996-09-16 00:00:00,0.7481539183667012
1996-09-17 00:00:00,0.7490033151315174
1996-09-18 00:00:00,0.7465430128087147
1996-09-19 00:00:00,0.7501929241861315
1996-09-20 00:00:00,0.7484539665362714
1996-09-23 00:00:00,0.7478606739552025
1996-09-24 00:00:00,0.7473098134137184
1996-09-25 00:00:00,0.7450192392492552
1996-09-26 00:00:00,0.7458262039744865
1996-09-27 00:00:00,0.7450631832350781
1996-09-30 00:00:00,0.7440455702581606
1996-10-01 00:00:00,0.7445555107062979
1996-10-02 00:00:00,0.7426043928585135
1996-10-03 00:00:00,0.7435810857420843
1996-10-04 00:00:00,0.745151827179843
1996-10-07 00:00:00,0.744600966638359
1996-10-08 00:00:00,0.7447290187302326
1996-10-09 00:00:00,0.7442205902283333
1996-10-10 00:00:00,0.7437970258056038
1996-10-11 00:00:00,0.7393424176223129
1996-10-15 00:00:00,0.7364153628640768
1996-10-16 00:00:00,0.7358645023225928
1996-10-17 00:00:00,0.734634729147751
1996-10-18 00:00:00,0.7328957714978909
1996-10-21 00:00:00,0.732302478916822
1996-10-22 00:00:00,0.7306908173857164
1996-10-23 00:00:00,0.7300126607254778
1996-10-24 00:00:00,0.7320925866382547
1996-10-25 00:00:00,0.7259406968715696
1996-10-28 00:00:00,0.7233530984300124
1996-10-29 00:00:00,0.7242873592739983
1996-10-30 00:00:00,0.7146136102217701
1996-10-31 00:00:00,0.7166086720553774
1996-11-01 00:00:00,0.7131724328221231
1996-11-04 00:00:00,0.7098634897076234
1996-11-05 00:00:00,0.7091853330473846
1996-11-06 00:00:00,0.7112652589601617
1996-11-07 00:00:00,0.7080411799248316
1996-11-08 00:00:00,0.7082116640562901
1996-11-12 00:00:00,0.7081699879898242
1996-11-13 00:00:00,0.7047337487565699
1996-11-14 00:00:00,0.7003215726128639
1996-11-15 00:00:00,0.7005769208234921
1996-11-18 00:00:00,0.698243914619444
1996-11-19 00:00:00,0.6956563161778869
1996-11-20 00:00:00,0.6947659993197238
1996-11-21 00:00:00,0.6901840950176784
1996-11-22 00:00:00,0.6938340063950952
1996-11-25 00:00:00,0.6982476944850392
1996-11-26 00:00:00,0.6967208970331034
1996-11-27 00:00:00,0.695406259779092
1996-11-29 00:00:00,0.6928186613375348
1996-12-02 00:00:00,0.6919283444793718
1996-12-03 00:00:00,0.7097081250385456
1996-12-04 00:00:00,0.7110667062783801
1996-12-05 00:00:00,0.7160744429225122
1996-12-06 00:00:00,0.7097952570370725
1996-12-09 00:00:00,0.7072076585955153
1996-12-10 00:00:00,0.7058930213415038
1996-12-11 00:00:00,0.7026689423061737
1996-12-12 00:00:00,0.7030515866355564
1996-12-13 00:00:00,0.7016096532627903
1996-12-16 00:00:00,0.7007617684442123
1996-12-17 00:00:00,0.6965617524984306
1996-12-18 00:00:00,0.696435212352795
1996-12-19 00:00:00,0.7047526480845459
1996-12-20 00:00:00,0.698558326278276
1996-12-23 00:00:00,0.6966072084304916
1996-12-24 00:00:00,0.6965655323640259
1996-12-26 00:00:00,0.6960571038621265
1996-12-27 00:00:00,0.6879109082349532
1996-12-30 00:00:00,0.688251120524751
1996-12-31 00:00:00,0.6790865559475412
1997-01-02 00:00:00,0.689780185896044
1997-01-03 00:00:00,0.6884655486420325
1997-01-06 00:00:00,0.6905454745548094
1997-01-07 00:00:00,0.686260594529858
1997-01-08 00:00:00,0.6895710495905958
1997-01-09 00:00:00,0.6863894025948507
1997-01-10 00:00:00,0.691906323714001
1997-01-13 00:00:00,0.6961502836456057
1997-01-14 00:00:00,0.6968723842916673
1997-01-15 00:00:00,0.6930118246625644
1997-01-16 00:00:00,0.6939460855065502
1997-01-17 00:00:00,0.7006935357736616
1997-01-21 00:00:00,0.69937889851965
1997-01-22 00:00:00,0.7034955623325001
1997-01-23 00:00:00,0.7140194641226635
1997-01-24 00:00:00,0.7140626521353675
1997-01-27 00:00:00,0.7158455537710504
1997-01-28 00:00:00,0.7194106010692974
1997-01-29 00:00:00,0.717162458944419
1997-01-30 00:00:00,0.7181391518279897
1997-01-31 00:00:00,0.7253533545305345
1997-02-03 00:00:00,0.7200925375951314
1997-02-04 00:00:00,0.7169957546785557
1997-02-05 00:00:00,0.7096133357639098
1997-02-06 00:00:00,0.7106324606870654
1997-02-07 00:00:00,0.7159796536478763
1997-02-10 00:00:00,0.7090639871686638
1997-02-11 00:00:00,0.7069007091229552
1997-02-12 00:00:00,0.7111871010941447
1997-02-13 00:00:00,0.7157280853028434
1997-02-14 00:00:00,0.7166623461468292
1997-02-18 00:00:00,0.7244705974035618
1997-02-19 00:00:00,0.7195068047452527
1997-02-20 00:00:00,0.7207805219059175
1997-02-21 00:00:00,0.7187021079393785
1997-02-24 00:00:00,0.7111075288268083
1997-02-25 00:00:00,0.711490173156191
1997-02-26 00:00:00,0.7111514728126311
1997-02-27 00:00:00,0.713867879319181
1997-02-28 00:00:00,0.7128926983818483
1997-03-03 00:00:00,0.7176034107488866
1997-03-04 00:00:00,0.7184103754741178
1997-03-05 00:00:00,0.7199811169118766
1997-03-06 00:00:00,0.7193453922912227
1997-03-07 00:00:00,0.7235044881436578
1997-03-10 00:00:00,0.724608477145983
1997-03-11 00:00:00,0.7223179029815199
1997-03-12 00:00:00,0.727622663902746
1997-03-13 00:00:00,0.7261807305299798
1997-03-14 00:00:00,0.7237204282071772
1997-03-17 00:00:00,0.7288554609700638
1997-03-18 00:00:00,0.7292381052994467
1997-03-19 00:00:00,0.725886730145362
1997-03-20 00:00:00,0.7266936948705933
1997-03-21 00:00:00,0.7238090721519421
1997-03-24 00:00:00,0.7171479979102388
1997-03-25 00:00:00,0.717063889804188
1997-03-26 00:00:00,0.7126092816208972
1997-03-27 00:00:00,0.7110400521293766
1997-03-28 00:00:00,0.7108710799441561
1997-03-31 00:00:00,0.7051859426129043
1997-04-01 00:00:00,0.7035742810817989
1997-04-02 00:00:00,0.7060785273904244
1997-04-03 00:00:00,0.7045517299384887
1997-04-04 00:00:00,0.7075227286825476
1997-04-07 00:00:00,0.7122334410495859
1997-04-08 00:00:00,0.7140587747248537
1997-04-09 00:00:00,0.7145687151729909
1997-04-10 00:00:00,0.7141027187106765
1997-04-11 00:00:00,0.7134245620504379
1997-04-14 00:00:00,0.7142315267756691
1997-04-15 00:00:00,0.7129168895216578
1997-04-16 00:00:00,0.7141481746427375
1997-04-17 00:00:00,0.7104997752115589
1997-04-18 00:00:00,0.7102459389471689
1997-04-21 00:00:00,0.7085918453764786
1997-04-22 00:00:00,0.708168280953749
1997-04-23 00:00:00,0.7144489787854268
1997-04-24 00:00:00,0.7128373172543213
1997-04-25 00:00:00,0.7134321217816283
1997-04-28 00:00:00,0.7135177418339171
1997-04-29 00:00:00,0.7100815026006628
1997-04-30 00:00:00,0.7147922149677007
1997-05-01 00:00:00,0.7131381213970105
1997-05-02 00:00:00,0.7140723822409965
1997-05-05 00:00:00,0.7146671867683033
1997-05-06 00:00:00,0.7071999037744877
1997-05-07 00:00:00,0.7076249801434553
1997-05-08 00:00:00,0.7145421585689059
1997-05-09 00:00:00,0.7140761621065915
1997-05-12 00:00:00,0.7129736850505043
1997-05-13 00:00:00,0.7093677176589106
1997-05-14 00:00:00,0.7058890463860714
1997-05-15 00:00:00,0.7064838509133784
1997-05-16 00:00:00,0.7085637768261555
1997-05-19 00:00:00,0.7066126589783711
1997-05-20 00:00:00,0.7041099246159837
1997-05-21 00:00:00,0.7029225834807267
1997-05-22 00:00:00,0.7126402765187778
1997-05-23 00:00:00,0.7088221489292598
1997-05-27 00:00:00,0.7102231622086791
1997-05-28 00:00:00,0.7062777385004064
1997-05-29 00:00:00,0.7052601255234889
1997-05-30 00:00:00,0.7071278912383417
1997-06-02 00:00:00,0.7078075598448184
1997-06-03 00:00:00,0.7078083158179375
1997-06-04 00:00:00,0.7107368825224116
1997-06-05 00:00:00,0.7083190122391938
1997-06-06 00:00:00,0.7103140740728011
1997-06-09 00:00:00,0.7070899950374712
1997-06-10 00:00:00,0.7059026539022142
1997-06-11 00:00:00,0.7063701623107665
1997-06-12 00:00:00,0.7070922629568281
1997-06-13 00:00:00,0.706286810177835
1997-06-16 00:00:00,0.7067967506259722
1997-06-17 00:00:00,0.7055669774511304
1997-06-18 00:00:00,0.7055677334242495
1997-06-19 00:00:00,0.7014525815576376
1997-06-20 00:00:00,0.6989922792348349
1997-06-23 00:00:00,0.6925433651910557
1997-06-24 00:00:00,0.6944111309059084
1997-06-25 00:00:00,0.69513323155197
1997-06-26 00:00:00,0.6936064341000343
1997-06-27 00:00:00,0.6952620396169628
1997-06-30 00:00:00,0.6939474023629512
1997-07-01 00:00:00,0.6971305613049344
1997-07-02 00:00:00,0.6930154094383224
1997-07-03 00:00:00,0.6838508448611125
1997-07-07 00:00:00,0.6844456493884195
1997-07-08 00:00:00,0.6837674927281808
1997-07-09 00:00:00,0.6856352584430336
1997-07-10 00:00:00,0.6838538687535887
1997-07-11 00:00:00,0.6815208625495406
1997-07-14 00:00:00,0.6837280845810723
1997-07-15 00:00:00,0.6886509571460345
1997-07-16 00:00:00,0.6894579218712658
1997-07-17 00:00:00,0.6892040856068757
1997-07-18 00:00:00,0.6886956571049766
1997-07-21 00:00:00,0.6880175004447379
1997-07-22 00:00:00,0.6893336496449873
1997-07-23 00:00:00,0.6878068521930516
1997-07-24 00:00:00,0.6898867781058287
1997-07-25 00:00:00,0.6941307380374333
1997-07-28 00:00:00,0.7083462272714793
1997-07-29 00:00:00,0.7090258958779561
1997-07-30 00:00:00,0.7117423023845059
1997-07-31 00:00:00,0.7041477232719356
1997-08-01 00:00:00,0.705803328788864
1997-08-04 00:00:00,0.7085197352954139
1997-08-05 00:00:00,0.7098783165352484
1997-08-06 00:00:00,0.7201051940483177
1997-08-07 00:00:00,0.7257069792466379
1997-08-08 00:00:00,0.7267261041697934
1997-08-11 00:00:00,0.7244779620449151
1997-08-12 00:00:00,0.7298251550057261
1997-08-13 00:00:00,0.7276618769600174
1997-08-14 00:00:00,0.7259229193101573
1997-08-15 00:00:00,0.7163340343370989
1997-08-18 00:00:00,0.7163772223498027
1997-08-19 00:00:00,0.7185844443813344
1997-08-20 00:00:00,0.7232951567483724
1997-08-21 00:00:00,0.724017257394434
1997-08-22 00:00:00,0.7165075423610334
1997-08-25 00:00:00,0.7176963954425285
1997-08-26 00:00:00,0.7147269086447076
1997-08-27 00:00:00,0.7154490092907692
1997-08-28 00:00:00,0.7130735710471363
1997-08-29 00:00:00,0.7111224531993519
1997-09-02 00:00:00,0.7240649812458523
1997-09-03 00:00:00,0.7261873391982141
1997-09-04 00:00:00,0.7257637747754846
1997-09-05 00:00:00,0.722964016136003
1997-09-08 00:00:00,0.7268685197509289
1997-09-09 00:00:00,0.7244930815072959
1997-09-10 00:00:00,0.7241119491241513
1997-09-11 00:00:00,0.7207605739700667
1997-09-12 00:00:00,0.7157543492721726
1997-09-15 00:00:00,0.7175372509078556
1997-09-16 00:00:00,0.7217812108394603
1997-09-17 00:00:00,0.7198725250312609
1997-09-18 00:00:00,0.7133811789478969
1997-09-19 00:00:00,0.7144003038710525
1997-09-22 00:00:00,0.7180502152484691
1997-09-23 00:00:00,0.7141896556193663
1997-09-24 00:00:00,0.7146571640279187
1997-09-25 00:00:00,0.7071474489945182
1997-09-26 00:00:00,0.7147011080137416
1997-09-29 00:00:00,0.7128772862847118
1997-09-30 00:00:00,0.7138964112078675
1997-10-01 00:00:00,0.7126666380330257
1997-10-02 00:00:00,0.7130492823624085
1997-10-03 00:00:00,0.7132197664938669
1997-10-06 00:00:00,0.713178090427401
1997-10-07 00:00:00,0.7103783317879195
1997-10-08 00:00:00,0.7097850392068505
1997-10-09 00:00:00,0.7081733776757451
1997-10-10 00:00:00,0.7097441191135038
1997-10-14 00:00:00,0.7101267634428866
1997-10-15 00:00:00,0.7084726698721963
1997-10-16 00:00:00,0.7104677317058036
1997-10-17 00:00:00,0.7122082013019017
1997-10-20 00:00:00,0.7057168552185377
1997-10-21 00:00:00,0.7039354655290928
1997-10-22 00:00:00,0.703893789462627
1997-10-23 00:00:00,0.7047431862274431
1997-10-24 00:00:00,0.7034285489734317
1997-10-27 00:00:00,0.6948580329504097
1997-10-28 00:00:00,0.6859904926502937
1997-10-29 00:00:00,0.6874339379692979
1997-10-30 00:00:00,0.6901927765154326
1997-10-31 00:00:00,0.6845925032633505
1997-11-03 00:00:00,0.6855267641073365
1997-11-04 00:00:00,0.6825572773095155
1997-11-05 00:00:00,0.6849342274993866
1997-11-06 00:00:00,0.6787399056931165
1997-11-07 00:00:00,0.6793347102204236
1997-11-10 00:00:00,0.6798022186289759
1997-11-12 00:00:00,0.6737351929414606
1997-11-13 00:00:00,0.6747543178646161
1997-11-14 00:00:00,0.678064772925354
1997-11-17 00:00:00,0.6780230968588882
1997-11-18 00:00:00,0.6769630518423858
1997-11-19 00:00:00,0.6787883855176536
1997-11-20 00:00:00,0.678152660897
1997-11-21 00:00:00,0.6795112421368343
1997-11-24 00:00:00,0.6791301097536897
1997-11-25 00:00:00,0.6831194774477851
1997-11-26 00:00:00,0.6860480441522594
1997-11-28 00:00:00,0.6796415621480651
1997-12-01 00:00:00,0.6821458084566906
1997-12-02 00:00:00,0.6824435887069037
1997-12-03 00:00:00,0.6814259757299862
1997-12-04 00:00:00,0.6871126250074759
1997-12-05 00:00:00,0.6921627936911928
1997-12-08 00:00:00,0.6969159380978158
1997-12-09 00:00:00,0.6944980678145981
1997-12-10 00:00:00,0.6958566490544326
1997-12-11 00:00:00,0.6933963467316299
1997-12-12 00:00:00,0.6955187046839918
1997-12-15 00:00:00,0.7026056112677819
1997-12-16 00:00:00,0.70286095947841
1997-12-17 00:00:00,0.6951390842470851
1997-12-18 00:00:00,0.6896661071137578
1997-12-19 00:00:00,0.6875452611076339
1997-12-22 00:00:00,0.6903465316933536
1997-12-23 00:00:00,0.6876316371330419
1997-12-24 00:00:00,0.6878021212645002
1997-12-26 00:00:00,0.6869118044063374
1997-12-29 00:00:00,0.6873793128148897
1997-12-30 00:00:00,0.6928962339340401
1997-12-31 00:00:00,0.6981585628156813
1998-01-02 00:00:00,0.6985412071450642
1998-01-05 00:00:00,0.7021911185224807
1998-01-06 00:00:00,0.7019372822580907
1998-01-07 00:00:00,0.7053750334375831
1998-01-08 00:00:00,0.7112314108734124
1998-01-09 00:00:00,0.7090257007881188
1998-01-12 00:00:00,0.7066078305049011
1998-01-13 00:00:00,0.701304581529913
1998-01-14 00:00:00,0.7031299152051809
1998-01-15 00:00:00,0.7031306711783
1998-01-16 00:00:00,0.7015190096471945
1998-01-20 00:00:00,0.7042778481933292
1998-01-21 00:00:00,0.7045331964039574
1998-01-22 00:00:00,0.6945624230746351
1998-01-23 00:00:00,0.6865010915266314
1998-01-26 00:00:00,0.6933334058729124
1998-01-27 00:00:00,0.6954557638252743
1998-01-28 00:00:00,0.6972810975005421
1998-01-29 00:00:00,0.6985123826216221
1998-01-30 00:00:00,0.7016531095240204
1998-02-02 00:00:00,0.6992776712803875
1998-02-03 00:00:00,0.6974114175117728
1998-02-04 00:00:00,0.6907079112304846
1998-02-05 00:00:00,0.6921513565494887
1998-02-06 00:00:00,0.6950799232539628
1998-02-09 00:00:00,0.7008514366106224
1998-02-10 00:00:00,0.7053924208193211
1998-02-11 00:00:00,0.7013621330318787
1998-02-12 00:00:00,0.6989866947882458
1998-02-13 00:00:00,0.7003877080676651
1998-02-17 00:00:00,0.7017462893074996
1998-02-18 00:00:00,0.6981827539554907
1998-02-19 00:00:00,0.6998383594724191
1998-02-20 00:00:00,0.6994572270892745
1998-02-23 00:00:00,0.694875322787229
1998-02-24 00:00:00,0.6954701273145361
1998-02-25 00:00:00,0.6941979221001093
1998-02-26 00:00:00,0.6956837994586984
1998-02-27 00:00:00,0.6954299631943084
1998-03-02 00:00:00,0.6945820783757302
1998-03-03 00:00:00,0.692291504211267
1998-03-04 00:00:00,0.6950079107178169
1998-03-05 00:00:00,0.6953905550471996
1998-03-06 00:00:00,0.7006528839288408
1998-03-09 00:00:00,0.6989563583185656
1998-03-10 00:00:00,0.6981933375791572
1998-03-11 00:00:00,0.6945025061083938
1998-03-12 00:00:00,0.6904722183209515
1998-03-13 00:00:00,0.6863146344147546
1998-03-16 00:00:00,0.6852545893982522
1998-03-17 00:00:00,0.6826245589171103
1998-03-18 00:00:00,0.6839407081173597
1998-03-19 00:00:00,0.6852992893571942
1998-03-20 00:00:00,0.6867427346761984
1998-03-23 00:00:00,0.6804635487907587
1998-03-24 00:00:00,0.6820767222681022
1998-03-25 00:00:00,0.6825442306766547
1998-03-26 00:00:00,0.6773682778204212
1998-03-27 00:00:00,0.6788117231394253
1998-03-30 00:00:00,0.6808916490522025
1998-03-31 00:00:00,0.6812742933815851
1998-04-01 00:00:00,0.6822934183047408
1998-04-02 00:00:00,0.6854341452071391
1998-04-03 00:00:00,0.6892113527033105
1998-04-06 00:00:00,0.6866237542617533
1998-04-07 00:00:00,0.6856061412848357
1998-04-08 00:00:00,0.6845036642287485
1998-04-09 00:00:00,0.6826798424997187
1998-04-10 00:00:00,0.6829351907103468
1998-04-13 00:00:00,0.6850151166231239
1998-04-14 00:00:00,0.6776751297480628
1998-04-15 00:00:00,0.6780577740774455
1998-04-16 00:00:00,0.6746215348441911
1998-04-17 00:00:00,0.6775501015486654
1998-04-20 00:00:00,0.6810302847677426
1998-04-21 00:00:00,0.6807764485033525
1998-04-22 00:00:00,0.6826017821786203
1998-04-23 00:00:00,0.6848090042101519
1998-04-24 00:00:00,0.684215711629083
1998-04-27 00:00:00,0.6818402733854501
1998-04-28 00:00:00,0.6843445196940756
1998-04-29 00:00:00,0.683072314479649
1998-04-30 00:00:00,0.6819698374235617
1998-05-01 00:00:00,0.6841346274155085
1998-05-04 00:00:00,0.6847294319428155
1998-05-05 00:00:00,0.6870215180535167
1998-05-06 00:00:00,0.6867676817891267
1998-05-07 00:00:00,0.6920300106707679
1998-05-08 00:00:00,0.6964436987607121
1998-05-11 00:00:00,0.6997965858610348
1998-05-12 00:00:00,0.6977606039340807
1998-05-13 00:00:00,0.6993737774114243
1998-05-14 00:00:00,0.6994169654241281
1998-05-15 00:00:00,0.7005633864660383
1998-05-18 00:00:00,0.7023462881017213
1998-05-19 00:00:00,0.7024319081540101
1998-05-20 00:00:00,0.6981470281290586
1998-05-21 00:00:00,0.6992510171313838
1998-05-22 00:00:00,0.698657724550315
1998-05-26 00:00:00,0.6966217426233609
1998-05-27 00:00:00,0.6984046442590438
1998-05-28 00:00:00,0.7002724099738967
1998-05-29 00:00:00,0.6989153406803003
1998-06-01 00:00:00,0.6953093732887065
1998-06-02 00:00:00,0.6954374253805801
1998-06-03 00:00:00,0.6955230454328688
1998-06-04 00:00:00,0.6950570489705545
1998-06-05 00:00:00,0.6968823826458224
1998-06-08 00:00:00,0.6979863716481476
1998-06-09 00:00:00,0.6969687586712302
1998-06-10 00:00:00,0.6998973253757044
1998-06-11 00:00:00,0.6992191687154656
1998-06-12 00:00:00,0.6982015557385481
1998-06-15 00:00:00,0.6981598796720823
1998-06-16 00:00:00,0.6892074752927966
1998-06-17 00:00:00,0.6851347554657695
1998-06-18 00:00:00,0.6814863560345908
1998-06-19 00:00:00,0.6801717187805794
1998-06-22 00:00:00,0.6807665233078863
1998-06-23 00:00:00,0.6840769783686242
1998-06-24 00:00:00,0.6822531566395944
1998-06-25 00:00:00,0.6805566310293193
1998-06-26 00:00:00,0.685352207475527
1998-06-29 00:00:00,0.6837405459444215
1998-06-30 00:00:00,0.6815772678987129
1998-07-01 00:00:00,0.6848877229594508
1998-07-02 00:00:00,0.6870100809118126
1998-07-03 00:00:00,0.6909570165663232
1998-07-06 00:00:00,0.6921458696478182
1998-07-07 00:00:00,0.6949471402335379
1998-07-08 00:00:00,0.6951600564045811
1998-07-09 00:00:00,0.6974097104756976
1998-07-10 00:00:00,0.6969437140133832
1998-07-13 00:00:00,0.6932104505030349
1998-07-14 00:00:00,0.6955874006929059
1998-07-15 00:00:00,0.6963095013389675
1998-07-16 00:00:00,0.6941462232932588
1998-07-17 00:00:00,0.6924072656433987
1998-07-20 00:00:00,0.6901166914789356
1998-07-21 00:00:00,0.6921966173917126
1998-07-22 00:00:00,0.6925792617210953
1998-07-23 00:00:00,0.6902462555170472
1998-07-24 00:00:00,0.6851127347003987
1998-07-27 00:00:00,0.6863015877818937
1998-07-28 00:00:00,0.6896544748822164
1998-07-29 00:00:00,0.6915222405970691
1998-07-30 00:00:00,0.6925413655202247
1998-07-31 00:00:00,0.6953002040663594
1998-08-03 00:00:00,0.6996714601167187
1998-08-04 00:00:00,0.69602306068554
1998-08-05 00:00:00,0.6947084234315286
1998-08-06 00:00:00,0.6958548444734387
1998-08-07 00:00:00,0.6975953140695369
1998-08-10 00:00:00,0.6959412204988465
1998-08-11 00:00:00,0.697299801738681
1998-08-12 00:00:00,0.6974702858701394
1998-08-13 00:00:00,0.698489410793295
1998-08-14 00:00:00,0.7018847299332025
1998-08-17 00:00:00,0.7027765587376036
1998-08-18 00:00:00,0.7027348826711378
1998-08-19 00:00:00,0.6999351240316563
1998-08-20 00:00:00,0.6978567100651174
1998-08-21 00:00:00,0.6940810145151842
1998-08-24 00:00:00,0.6920450325882301
1998-08-25 00:00:00,0.6926398371155371
1998-08-26 00:00:00,0.6930224814449198
1998-08-27 00:00:00,0.692132164586757
1998-08-28 00:00:00,0.6787243960510614
1998-08-31 00:00:00,0.6769854384012014
1998-09-01 00:00:00,0.6777924031264326
1998-09-02 00:00:00,0.6800420571975491
1998-09-03 00:00:00,0.6767755461226341
1998-09-04 00:00:00,0.6785160157187323
1998-09-08 00:00:00,0.6843723931545616
1998-09-09 00:00:00,0.6826758675442863
1998-09-10 00:00:00,0.6743175117191886
1998-09-11 00:00:00,0.6729604424255923
1998-09-14 00:00:00,0.6759738732092362
1998-09-15 00:00:00,0.6773324544490706
1998-09-16 00:00:00,0.676611865749247
1998-09-17 00:00:00,0.6730907624368231
1998-09-18 00:00:00,0.6732612465682815
1998-09-21 00:00:00,0.6727952501059671
1998-09-22 00:00:00,0.6730930303561802
1998-09-23 00:00:00,0.6747062038335238
1998-09-24 00:00:00,0.6684270179480841
1998-09-25 00:00:00,0.6650756427939994
1998-09-28 00:00:00,0.6643126220545911
1998-09-29 00:00:00,0.6630828488797491
1998-09-30 00:00:00,0.6661387117029779
1998-10-01 00:00:00,0.6639754336572693
1998-10-02 00:00:00,0.6647399663429158
1998-10-05 00:00:00,0.670002295224557
1998-10-06 00:00:00,0.6728459978498613
1998-10-07 00:00:00,0.6670759964394399
1998-10-08 00:00:00,0.6562565823184208
1998-10-09 00:00:00,0.6643618578522472
1998-10-13 00:00:00,0.6649566623795543
1998-10-14 00:00:00,0.6632177047296942
1998-10-15 00:00:00,0.6643216937320194
1998-10-16 00:00:00,0.6641951535863839
1998-10-19 00:00:00,0.6656385989053881
1998-10-20 00:00:00,0.6628388402659067
1998-10-21 00:00:00,0.665130926376608
1998-10-22 00:00:00,0.6674230124873092
1998-10-23 00:00:00,0.6695029384000862
1998-10-26 00:00:00,0.6724315051045604
1998-10-27 00:00:00,0.676972489313259
1998-10-28 00:00:00,0.6770156773259629
1998-10-29 00:00:00,0.6753615837552726
1998-10-30 00:00:00,0.6762958445992584
1998-11-02 00:00:00,0.6797760278183357
1998-11-03 00:00:00,0.6829167547207341
1998-11-04 00:00:00,0.6824083262188348
1998-11-05 00:00:00,0.6805845044898051
1998-11-06 00:00:00,0.6826644304025822
1998-11-09 00:00:00,0.6824105941381919
1998-11-10 00:00:00,0.6825810782696505
1998-11-12 00:00:00,0.6830485866782029
1998-11-13 00:00:00,0.6801639639595518
1998-11-16 00:00:00,0.6750304431429032
1998-11-17 00:00:00,0.6741401262847402
1998-11-18 00:00:00,0.6764322123954415
1998-11-19 00:00:00,0.6782151140311246
1998-11-20 00:00:00,0.6839017633086143
1998-11-23 00:00:00,0.6839449513213183
1998-11-24 00:00:00,0.6821211295922884
1998-11-25 00:00:00,0.6807640602986921
1998-11-27 00:00:00,0.6845836998344482
1998-11-30 00:00:00,0.686112009232622
1998-12-01 00:00:00,0.6837365709889892
1998-12-02 00:00:00,0.6800881715578105
1998-12-03 00:00:00,0.6791978546996476
1998-12-04 00:00:00,0.6804291398207275
1998-12-07 00:00:00,0.6839941871189744
1998-12-08 00:00:00,0.6835281906566602
1998-12-09 00:00:00,0.6817892330068
1998-12-10 00:00:00,0.6779286733776971
1998-12-11 00:00:00,0.6708857107797299
1998-12-14 00:00:00,0.6687224327340213
1998-12-15 00:00:00,0.6700385819342709
1998-12-16 00:00:00,0.6737309253512724
1998-12-17 00:00:00,0.6743257298785795
1998-12-18 00:00:00,0.6720351557141163
1998-12-21 00:00:00,0.672120775766405
1998-12-22 00:00:00,0.6731399006895606
1998-12-23 00:00:00,0.6734376809397736
1998-12-24 00:00:00,0.6752630146150416
1998-12-28 00:00:00,0.6742878336777088
1998-12-29 00:00:00,0.6703848420090212
1998-12-30 00:00:00,0.6775990447115657
1998-12-31 00:00:00,0.6791273541097397
1999-01-04 00:00:00,0.6810799839037621
1999-01-05 00:00:00,0.6816747884310691
1999-01-06 00:00:00,0.6824393211167156
1999-01-07 00:00:00,0.6846041111086623
1999-01-08 00:00:00,0.6883813186048335
1999-01-11 00:00:00,0.6896126037259134
1999-01-12 00:00:00,0.6924138743116329
1999-01-13 00:00:00,0.6845222709219687
1999-01-14 00:00:00,0.6829106093908632
1999-01-15 00:00:00,0.6841418945119431
1999-01-19 00:00:00,0.6819786164662345
1999-01-20 00:00:00,0.6854587996853118
1999-01-21 00:00:00,0.6833379536791879
1999-01-22 00:00:00,0.6814292678709885
1999-01-25 00:00:00,0.6812602956857681
1999-01-26 00:00:00,0.6802851147484353
1999-01-27 00:00:00,0.6844866426404552
1999-01-28 00:00:00,0.6850814471677623
1999-01-29 00:00:00,0.6855913876158996
1999-02-01 00:00:00,0.687544017409922
1999-02-02 00:00:00,0.686653700551759
1999-02-03 00:00:00,0.6889457866624603
1999-02-04 00:00:00,0.6880554698042974
1999-02-05 00:00:00,0.689074594727453
1999-02-08 00:00:00,0.6886085982651386
1999-02-09 00:00:00,0.6896277231882942
1999-02-10 00:00:00,0.692344129694844
1999-02-11 00:00:00,0.6942543274492816
1999-02-12 00:00:00,0.6913697047306305
1999-02-16 00:00:00,0.6910734364266555
1999-02-17 00:00:00,0.6901406875289078
1999-02-18 00:00:00,0.6900990114624419
1999-02-19 00:00:00,0.6935791946815192
1999-02-22 00:00:00,0.6942588632879959
1999-02-23 00:00:00,0.6984603911800157
1999-02-24 00:00:00,0.7051229773679571
1999-02-25 00:00:00,0.7016867381347028
1999-02-26 00:00:00,0.7030453193745373
1999-03-01 00:00:00,0.701688250080941
1999-03-02 00:00:00,0.6983793069664412
1999-03-03 00:00:00,0.6983800629395603
1999-03-04 00:00:00,0.7012661976044495
1999-03-05 00:00:00,0.7008850652213049
1999-03-08 00:00:00,0.7003342046798208
1999-03-09 00:00:00,0.697619310119509
1999-03-10 00:00:00,0.6925282213424453
1999-03-11 00:00:00,0.6923592491572249
1999-03-12 00:00:00,0.6895594905177435
1999-03-15 00:00:00,0.6942702028847815
1999-03-16 00:00:00,0.6935071821453731
1999-03-17 00:00:00,0.6908347196246463
1999-03-18 00:00:00,0.6913022280331986
1999-03-19 00:00:00,0.6907089354521297
1999-03-22 00:00:00,0.6916431962961156
1999-03-23 00:00:00,0.687697772587843
1999-03-24 00:00:00,0.6860436790171526
1999-03-25 00:00:00,0.6900754787508331
1999-03-26 00:00:00,0.6946588949991166
1999-03-29 00:00:00,0.6973753015056664
1999-03-30 00:00:00,0.6983944264288221
1999-03-31 00:00:00,0.6972919493727348
1999-04-01 00:00:00,0.7005175403543029
1999-04-02 00:00:00,0.7021731458712313
1999-04-05 00:00:00,0.7024709261214444
1999-04-06 00:00:00,0.7064602938155399
1999-04-07 00:00:00,0.704084855571907
1999-04-08 00:00:00,0.6994605192302767
1999-04-09 00:00:00,0.7000553237575837
1999-04-12 00:00:00,0.6975101573556114
1999-04-13 00:00:00,0.6971290249724668
1999-04-14 00:00:00,0.6975541013414344
1999-04-15 00:00:00,0.6984034981062505
1999-04-16 00:00:00,0.697979933683521
1999-04-19 00:00:00,0.6995082430816949
1999-04-20 00:00:00,0.6969206446401377
1999-04-21 00:00:00,0.6994673229883481
1999-04-22 00:00:00,0.6976010692197335
1999-04-23 00:00:00,0.6953104950552702
1999-04-26 00:00:00,0.6976874452451413
1999-04-27 00:00:00,0.6949301186452447
1999-04-28 00:00:00,0.6961189717267396
1999-04-29 00:00:00,0.6979018733624226
1999-04-30 00:00:00,0.6987088380876539
1999-05-03 00:00:00,0.6987520261003578
1999-05-04 00:00:00,0.6933214810066153
1999-05-05 00:00:00,0.6878909359128728
1999-05-06 00:00:00,0.6861519782630127
1999-05-07 00:00:00,0.6872559672653379
1999-05-10 00:00:00,0.689335893178115
1999-05-11 00:00:00,0.692900940476362
1999-05-12 00:00:00,0.6937927692807629
1999-05-13 00:00:00,0.6938783893330517
1999-05-14 00:00:00,0.6944731938603588
1999-05-17 00:00:00,0.6936677410813655
1999-05-18 00:00:00,0.693201744619051
1999-05-19 00:00:00,0.6943481656609612
1999-05-20 00:00:00,0.6965553876924928
1999-05-21 00:00:00,0.7008417796636823
1999-05-24 00:00:00,0.7025822492597804
1999-05-25 00:00:00,0.7007159954911659
1999-05-26 00:00:00,0.7031353777206217
1999-05-27 00:00:00,0.7033482938916651
1999-05-28 00:00:00,0.7006333993313533
1999-06-01 00:00:00,0.6950755581188561
1999-06-02 00:00:00,0.6982162850212547
1999-06-03 00:00:00,0.6990232497464859
1999-06-04 00:00:00,0.6981753649279079
1999-06-07 00:00:00,0.7008493393948728
1999-06-08 00:00:00,0.6991103817450127
1999-06-09 00:00:00,0.7011478756182048
1999-06-10 00:00:00,0.7010637675121542
1999-06-11 00:00:00,0.6975002321601452
1999-06-14 00:00:00,0.6978828764895281
1999-06-15 00:00:00,0.7031452053711693
1999-06-16 00:00:00,0.7068375487881708
1999-06-17 00:00:00,0.704122654227859
1999-06-18 00:00:00,0.7041234102009781
1999-06-21 00:00:00,0.7055244234803975
1999-06-22 00:00:00,0.7052705872160073
1999-06-23 00:00:00,0.709811571424706
1999-06-24 00:00:00,0.7078180215373368
1999-06-25 00:00:00,0.7052304230957795
1999-06-28 00:00:00,0.7082014218398385
1999-06-29 00:00:00,0.7098994593963518
1999-06-30 00:00:00,0.7105366959632438
1999-07-01 00:00:00,0.7104950198967779
1999-07-02 00:00:00,0.709307678761521
1999-07-06 00:00:00,0.7136789348118803
1999-07-07 00:00:00,0.7172864141497121
1999-07-08 00:00:00,0.7183055390728676
1999-07-09 00:00:00,0.7208946494606628
1999-07-12 00:00:00,0.7190283956920482
1999-07-13 00:00:00,0.7186472633089036
1999-07-14 00:00:00,0.7156777765110828
1999-07-15 00:00:00,0.7143631392570712
1999-07-16 00:00:00,0.7161460408927542
1999-07-19 00:00:00,0.7157649085096096
1999-07-20 00:00:00,0.7127529896722038
1999-07-21 00:00:00,0.7099107989931375
1999-07-22 00:00:00,0.7069413121953166
1999-07-23 00:00:00,0.7092333983060178
1999-07-26 00:00:00,0.703887717291445
1999-07-27 00:00:00,0.7042703616208278
1999-07-28 00:00:00,0.7025314039709677
1999-07-29 00:00:00,0.6942154801854548
1999-07-30 00:00:00,0.6909065370709551
1999-08-02 00:00:00,0.6934956474587504
1999-08-03 00:00:00,0.6917566898088903
1999-08-04 00:00:00,0.6910785331486515
1999-08-05 00:00:00,0.6911217211613556
1999-08-06 00:00:00,0.6932440791137173
1999-08-09 00:00:00,0.6994399128662254
1999-08-10 00:00:00,0.6917604696744855
1999-08-11 00:00:00,0.6948163324977141
1999-08-12 00:00:00,0.695496001104191
1999-08-13 00:00:00,0.6968545823440254
1999-08-16 00:00:00,0.698764780098463
1999-08-17 00:00:00,0.6976623030423758
1999-08-18 00:00:00,0.6989784522426253
1999-08-19 00:00:00,0.6914687372092246
1999-08-20 00:00:00,0.6934213670032472
1999-08-23 00:00:00,0.6957983171931182
1999-08-24 00:00:00,0.7012728062726837
1999-08-25 00:00:00,0.7046681254125913
1999-08-26 00:00:00,0.704159696910692
1999-08-27 00:00:00,0.7037361324879625
1999-08-30 00:00:00,0.7041187768173452
1999-08-31 00:00:00,0.6951239403984747
1999-09-01 00:00:00,0.6977554828258549
1999-09-02 00:00:00,0.6948284280676189
1999-09-03 00:00:00,0.697459970494999
1999-09-07 00:00:00,0.6961877652805724
1999-09-08 00:00:00,0.6907147881472449
1999-09-09 00:00:00,0.6844356022618052
1999-09-10 00:00:00,0.690716300093483
1999-09-13 00:00:00,0.6946208037084088
1999-09-14 00:00:00,0.6947912878398672
1999-09-15 00:00:00,0.6936888107837801
1999-09-16 00:00:00,0.6877066491754343
1999-09-17 00:00:00,0.6888530702173444
1999-09-20 00:00:00,0.6884719378341998
1999-09-21 00:00:00,0.6850356986009455
1999-09-22 00:00:00,0.6827451244364823
1999-09-23 00:00:00,0.6821942638949982
1999-09-24 00:00:00,0.6799036897305349
1999-09-27 00:00:00,0.6787163485952781
1999-09-28 00:00:00,0.6774017113412665
1999-09-29 00:00:00,0.6799059576498921
1999-09-30 00:00:00,0.6785064563167109
1999-10-01 00:00:00,0.6745186005688534
1999-10-04 00:00:00,0.6742647643044634
1999-10-05 00:00:00,0.6754960494255432
1999-10-06 00:00:00,0.6739692519736075
1999-10-07 00:00:00,0.6756248574905359
1999-10-08 00:00:00,0.67558318142407
1999-10-12 00:00:00,0.6749050247638314
1999-10-13 00:00:00,0.6749906448161201
1999-10-14 00:00:00,0.6731243910475055
1999-10-15 00:00:00,0.6684576226662903
1999-10-18 00:00:00,0.6668883931747697
1999-10-19 00:00:00,0.667355901583322
1999-10-20 00:00:00,0.6700723080898721
1999-10-21 00:00:00,0.6648539231940537
1999-10-22 00:00:00,0.6724924462924469
1999-10-25 00:00:00,0.6704564643654928
1999-10-26 00:00:00,0.6749125844950217
1999-10-27 00:00:00,0.6769076463286291
1999-10-28 00:00:00,0.6801332373101973
1999-10-29 00:00:00,0.67903076025411
1999-11-01 00:00:00,0.6798801570189261
1999-11-02 00:00:00,0.6780987673294812
1999-11-03 00:00:00,0.6782692514609397
1999-11-04 00:00:00,0.6809856579674896
1999-11-05 00:00:00,0.6881574286304493
1999-11-08 00:00:00,0.6904495147411506
1999-11-09 00:00:00,0.6878619162995934
1999-11-10 00:00:00,0.6861229586497334
1999-11-12 00:00:00,0.6911306952938654
1999-11-15 00:00:00,0.6868882473084988
1999-11-16 00:00:00,0.6896470858546335
1999-11-17 00:00:00,0.6867624631359823
1999-11-18 00:00:00,0.6901577822758899
1999-11-19 00:00:00,0.6896917858135755
1999-11-22 00:00:00,0.6877406679657911
1999-11-23 00:00:00,0.6863835986721948
1999-11-24 00:00:00,0.692537000385118
1999-11-26 00:00:00,0.6936834214270281
1999-11-29 00:00:00,0.6952541628647868
1999-11-30 00:00:00,0.6989889383213733
1999-12-01 00:00:00,0.6978864612652861
1999-12-02 00:00:00,0.697335600723802
1999-12-03 00:00:00,0.6954693469551874
1999-12-06 00:00:00,0.6863047823779774
1999-12-07 00:00:00,0.686135810192757
1999-12-08 00:00:00,0.6851606292554244
1999-12-09 00:00:00,0.6861797541785799
1999-12-10 00:00:00,0.6863502383100384
1999-12-13 00:00:00,0.6860115379664786
1999-12-14 00:00:00,0.6911465707293654
1999-12-15 00:00:00,0.6921656956525208
1999-12-16 00:00:00,0.6905116020818305
1999-12-17 00:00:00,0.692718824113362
1999-12-20 00:00:00,0.6941622694323663
1999-12-21 00:00:00,0.6912352146741302
1999-12-22 00:00:00,0.6930181163098131
1999-12-23 00:00:00,0.6886908042452768
1999-12-24 00:00:00,0.6889461524559051
1999-12-27 00:00:00,0.688098267637327
1999-12-28 00:00:00,0.6883960478875399
1999-12-29 00:00:00,0.6882270757023197
1999-12-30 00:00:00,0.6897978171400784
1999-12-31 00:00:00,0.6889075002819154
2000-01-03 00:00:00,0.6837739794652667
2000-01-04 00:00:00,0.6794890994403153
2000-01-05 00:00:00,0.6775379815925311
2000-01-06 00:00:00,0.6749503831509738
2000-01-07 00:00:00,0.6787700226867299
2000-01-10 00:00:00,0.6791526670161128
2000-01-11 00:00:00,0.6746131947536521
2000-01-12 00:00:00,0.6752079992809591
2000-01-13 00:00:00,0.6744449785415507
2000-01-14 00:00:00,0.6798770355815315
2000-01-18 00:00:00,0.6786896944462745
2000-01-19 00:00:00,0.676186960083887
2000-01-20 00:00:00,0.6719020800589356
2000-01-21 00:00:00,0.6733030933383548
2000-01-24 00:00:00,0.6725825046385313
2000-01-25 00:00:00,0.67415324607629
2000-01-26 00:00:00,0.6778031574537067
2000-01-27 00:00:00,0.6791193066539563
2000-01-28 00:00:00,0.6855697326439735
2000-01-31 00:00:00,0.6867161536858837
2000-02-01 00:00:00,0.6880323028861333
2000-02-02 00:00:00,0.6918095103823044
2000-02-03 00:00:00,0.6932529557013086
2000-02-04 00:00:00,0.6978788039891771
2000-02-07 00:00:00,0.6977522638435416
2000-02-08 00:00:00,0.6897333643351227
2000-02-09 00:00:00,0.6892673678728084
2000-02-10 00:00:00,0.6916867501022643
2000-02-11 00:00:00,0.6973309673401692
2000-02-14 00:00:00,0.6986895485800036
2000-02-15 00:00:00,0.6961019501384464
2000-02-16 00:00:00,0.6922413905093434
2000-02-17 00:00:00,0.6917753940470291
2000-02-18 00:00:00,0.6945342325931638
2000-02-22 00:00:00,0.686812357361839
2000-02-23 00:00:00,0.6917776619663862
2000-02-24 00:00:00,0.6945365005125209
2000-02-25 00:00:00,0.6975923633357497
2000-02-28 00:00:00,0.6964050222004927
2000-02-29 00:00:00,0.7029403122696796
2000-03-01 00:00:00,0.6999708254718587
2000-03-02 00:00:00,0.7034934407305209
2000-03-03 00:00:00,0.7015423228827365
2000-03-06 00:00:00,0.7048103459038896
2000-03-07 00:00:00,0.7030713882540295
2000-03-08 00:00:00,0.6995078529020206
2000-03-09 00:00:00,0.701163458418949
2000-03-10 00:00:00,0.7020552872233501
2000-03-13 00:00:00,0.7024803635923176
2000-03-14 00:00:00,0.7048573137821885
2000-03-15 00:00:00,0.7046034775177985
2000-03-16 00:00:00,0.7038404567783901
2000-03-17 00:00:00,0.7055809263744883
2000-03-20 00:00:00,0.7063454590601348
2000-03-21 00:00:00,0.7046489334498595
2000-03-22 00:00:00,0.7054558981750908
2000-03-23 00:00:00,0.7001102171605179
2000-03-24 00:00:00,0.6966739779272636
2000-03-27 00:00:00,0.698966064037965
2000-03-28 00:00:00,0.6982030432985566
2000-03-29 00:00:00,0.6982462313112605
2000-03-30 00:00:00,0.6959980891863821
2000-03-31 00:00:00,0.6959564131199163
2000-04-03 00:00:00,0.6934536787575287
2000-04-04 00:00:00,0.6940484832848358
2000-04-05 00:00:00,0.6967648897913856
2000-04-06 00:00:00,0.7009664176834055
2000-04-07 00:00:00,0.6996517804293939
2000-04-10 00:00:00,0.6996949684420979
2000-04-11 00:00:00,0.6977438505943135
2000-04-12 00:00:00,0.6973202861715839
2000-04-13 00:00:00,0.697321042144703
2000-04-14 00:00:00,0.6981704389095191
2000-04-17 00:00:00,0.6984257871201475
2000-04-18 00:00:00,0.7021605625767338
2000-04-19 00:00:00,0.7015672699956648
2000-04-20 00:00:00,0.7005072249791625
2000-04-21 00:00:00,0.7011444615460543
2000-04-24 00:00:00,0.7004663048858157
2000-04-25 00:00:00,0.700976245333953
2000-04-26 00:00:00,0.7005951129508083
2000-04-27 00:00:00,0.7025477427448308
2000-04-28 00:00:00,0.710483290120318
2000-05-01 00:00:00,0.7105264781330218
2000-05-02 00:00:00,0.7091269767998407
2000-05-03 00:00:00,0.708448820139602
2000-05-04 00:00:00,0.7156205908025617
2000-05-05 00:00:00,0.7218164245550699
2000-05-08 00:00:00,0.7208412436177373
2000-05-09 00:00:00,0.720587407353347
2000-05-10 00:00:00,0.7274197216996279
2000-05-11 00:00:00,0.7339974438083997
2000-05-12 00:00:00,0.726530160814584
2000-05-15 00:00:00,0.7306043925878493
2000-05-16 00:00:00,0.7334056631735689
2000-05-17 00:00:00,0.7377344871843433
2000-05-18 00:00:00,0.74138439856176
2000-05-19 00:00:00,0.7397727370306545
2000-05-22 00:00:00,0.7375245949057762
2000-05-23 00:00:00,0.7450782539249996
2000-05-24 00:00:00,0.7438909127897427
2000-05-25 00:00:00,0.7459708387025197
2000-05-26 00:00:00,0.7387157159066283
2000-05-30 00:00:00,0.7354916368712981
2000-05-31 00:00:00,0.734686184092305
2000-06-01 00:00:00,0.7368934061238365
2000-06-02 00:00:00,0.7298928755654543
2000-06-05 00:00:00,0.7274750052822365
2000-06-06 00:00:00,0.7231901252572851
2000-06-07 00:00:00,0.7235727695866678
2000-06-08 00:00:00,0.7305323800517033
2000-06-09 00:00:00,0.7296844952331253
2000-06-12 00:00:00,0.7279031055436803
2000-06-13 00:00:00,0.7274371090813659
2000-06-14 00:00:00,0.7319356612504797
2000-06-15 00:00:00,0.7284994220172254
2000-06-16 00:00:00,0.7258269594964986
2000-06-19 00:00:00,0.726252035865466
2000-06-20 00:00:00,0.7285016899365825
2000-06-21 00:00:00,0.733976179016148
2000-06-22 00:00:00,0.7279940174078023
2000-06-23 00:00:00,0.7321955452998222
2000-06-26 00:00:00,0.7330025100250535
2000-06-27 00:00:00,0.7325365135627391
2000-06-28 00:00:00,0.7279546092606937
2000-06-29 00:00:00,0.7242213457503454
2000-06-30 00:00:00,0.7268953202173104
2000-07-03 00:00:00,0.7266414839529202
2000-07-05 00:00:00,0.7272362884802273
2000-07-06 00:00:00,0.7271946124137614
2000-07-07 00:00:00,0.726176999436844
2000-07-10 00:00:00,0.7263899156078872
2000-07-11 00:00:00,0.7262209434226669
2000-07-12 00:00:00,0.7292343742063108
2000-07-13 00:00:00,0.7325023972274637
2000-07-14 00:00:00,0.7324607211609978
2000-07-17 00:00:00,0.735389287865472
2000-07-18 00:00:00,0.7342868108093848
2000-07-19 00:00:00,0.7343724308616735
2000-07-20 00:00:00,0.7278810847783095
2000-07-21 00:00:00,0.7247418698221493
2000-07-24 00:00:00,0.7258458588244745
2000-07-25 00:00:00,0.7236825807787659
2000-07-26 00:00:00,0.7251684581373549
2000-07-27 00:00:00,0.7267391995751137
2000-07-28 00:00:00,0.7305588391108697
2000-07-31 00:00:00,0.7322993087069679
2000-08-01 00:00:00,0.7318757442842384
2000-08-02 00:00:00,0.7346345828303731
2000-08-03 00:00:00,0.7337018339326253
2000-08-04 00:00:00,0.7304777548972953
2000-08-07 00:00:00,0.7283993409307563
2000-08-08 00:00:00,0.7303944027643636
2000-08-09 00:00:00,0.7316256878854435
2000-08-10 00:00:00,0.7320931962939959
2000-08-11 00:00:00,0.7295055978524387
2000-08-14 00:00:00,0.7286152809942757
2000-08-15 00:00:00,0.7287433330861494
2000-08-16 00:00:00,0.7315870357114539
2000-08-17 00:00:00,0.7313756314866485
2000-08-18 00:00:00,0.7354498632599138
2000-08-21 00:00:00,0.7351960269955238
2000-08-22 00:00:00,0.7395248510062982
2000-08-23 00:00:00,0.7388042623064746
2000-08-24 00:00:00,0.7390596105171028
2000-08-25 00:00:00,0.7416062888653132
2000-08-28 00:00:00,0.7427951419468082
2000-08-29 00:00:00,0.7469966698388281
2000-08-30 00:00:00,0.7493311879891142
2000-08-31 00:00:00,0.7511989537039669
2000-09-01 00:00:00,0.7473383940748641
2000-09-05 00:00:00,0.7508185772939413
2000-09-06 00:00:00,0.7536198478796609
2000-09-07 00:00:00,0.7567605747820593
2000-09-08 00:00:00,0.7645263939992071
2000-09-11 00:00:00,0.7675822568224356
2000-09-12 00:00:00,0.7719110808332101
2000-09-13 00:00:00,0.7674140406103344
2000-09-14 00:00:00,0.7701304471168843
2000-09-15 00:00:00,0.7724225332275855
2000-09-18 00:00:00,0.7719565367652712
2000-09-19 00:00:00,0.7691567781257896
2000-09-20 00:00:00,0.7679694369905327
2000-09-21 00:00:00,0.7605870180758868
2000-09-22 00:00:00,0.7483249146089823
2000-09-25 00:00:00,0.7494713356508924
2000-09-26 00:00:00,0.7468837372093352
2000-09-27 00:00:00,0.7465450368657753
2000-09-28 00:00:00,0.7453152636909336
2000-09-29 00:00:00,0.7388239176075697
2000-10-02 00:00:00,0.7435346299746077
2000-10-03 00:00:00,0.7481604782624762
2000-10-04 00:00:00,0.7484158264731043
2000-10-05 00:00:00,0.7507503446233905
2000-10-06 00:00:00,0.7531272948132616
2000-10-10 00:00:00,0.7514307692029863
2000-10-11 00:00:00,0.74561833575298
2000-10-12 00:00:00,0.7406969751342557
2000-10-13 00:00:00,0.7465109205305
2000-10-16 00:00:00,0.7524945940850839
2000-10-17 00:00:00,0.7536834471665788
2000-10-18 00:00:00,0.7520293535958885
2000-10-19 00:00:00,0.7537698231919867
2000-10-20 00:00:00,0.7526249140963146
2000-10-23 00:00:00,0.7482551699921933
2000-10-24 00:00:00,0.750759416300819
2000-10-25 00:00:00,0.7572947063700058
2000-10-26 00:00:00,0.7581865351744069
2000-10-27 00:00:00,0.7494887230326304
2000-10-30 00:00:00,0.7488954304515614
2000-10-31 00:00:00,0.7499145553747171
2000-11-01 00:00:00,0.7521217774062486
2000-11-02 00:00:00,0.7525892858148011
2000-11-03 00:00:00,0.7506806000066016
2000-11-06 00:00:00,0.7575977784320522
2000-11-07 00:00:00,0.757980422761435
2000-11-08 00:00:00,0.7610787176242485
2000-11-09 00:00:00,0.7607824493202736
2000-11-10 00:00:00,0.7580675547599618
2000-11-13 00:00:00,0.7545040194079529
2000-11-14 00:00:00,0.7579417705874453
2000-11-15 00:00:00,0.7599792644606375
2000-11-16 00:00:00,0.7611681175421325
2000-11-17 00:00:00,0.7610415773964969
2000-11-20 00:00:00,0.76133935764671
2000-11-21 00:00:00,0.7639284680345053
2000-11-22 00:00:00,0.7674086512535826
2000-11-24 00:00:00,0.7707615383539053
2000-11-27 00:00:00,0.7640156000330321
2000-11-28 00:00:00,0.7628282588977752
2000-11-29 00:00:00,0.7616409177625182
2000-11-30 00:00:00,0.7615568096564675
2000-12-01 00:00:00,0.7545987111376701
2000-12-04 00:00:00,0.7481922291334759
2000-12-05 00:00:00,0.7529453735400988
2000-12-06 00:00:00,0.7548131392549515
2000-12-07 00:00:00,0.7532863418030158
2000-12-08 00:00:00,0.751462520073986
2000-12-11 00:00:00,0.7466684555740162
2000-12-12 00:00:00,0.7497667504368298
2000-12-13 00:00:00,0.7484521131828182
2000-12-14 00:00:00,0.7418334709806997
2000-12-15 00:00:00,0.7376334550349181
2000-12-18 00:00:00,0.7412409343727498
2000-12-19 00:00:00,0.7436178845626208
2000-12-20 00:00:00,0.7386116598647268
2000-12-21 00:00:00,0.7398429449858067
2000-12-22 00:00:00,0.7365764339108919
2000-12-26 00:00:00,0.7358134131714834
2000-12-27 00:00:00,0.7310193486715136
2000-12-28 00:00:00,0.7311898328029721
2000-12-29 00:00:00,0.7291114188364332
2001-01-02 00:00:00,0.7281362378991005
2001-01-03 00:00:00,0.7252091831408646
2001-01-04 00:00:00,0.7300471916266571
2001-01-05 00:00:00,0.7274595931850999
2001-01-08 00:00:00,0.7283089899499161
2001-01-09 00:00:00,0.7311951246148054
2001-01-10 00:00:00,0.730729128152491
2001-01-11 00:00:00,0.7283536899088582
2001-01-12 00:00:00,0.7362468052447605
2001-01-16 00:00:00,0.7405756292555349
2001-01-17 00:00:00,0.7384972152889959
2001-01-18 00:00:00,0.7370977139558147
2001-01-19 00:00:00,0.7401111447394586
2001-01-22 00:00:00,0.741469725979293
2001-01-23 00:00:00,0.7386699673398115
2001-01-24 00:00:00,0.7428290631922464
2001-01-25 00:00:00,0.7432541395612141
2001-01-26 00:00:00,0.7438489440885211
2001-01-29 00:00:00,0.7446559088137524
2001-01-30 00:00:00,0.7427047909659681
2001-01-31 00:00:00,0.742747978978672
2001-02-01 00:00:00,0.7358323124994594
2001-02-02 00:00:00,0.7393124957185366
2001-02-05 00:00:00,0.7368097613561492
2001-02-06 00:00:00,0.7437693718211847
2001-02-07 00:00:00,0.7416909578546457
2001-02-08 00:00:00,0.7498386654280573
2001-02-09 00:00:00,0.7476753873823486
2001-02-12 00:00:00,0.746657774405431
2001-02-13 00:00:00,0.7467433944577198
2001-02-14 00:00:00,0.7438163396994838
2001-02-15 00:00:00,0.7475086831164853
2001-02-16 00:00:00,0.7468305264562467
2001-02-20 00:00:00,0.749716661121136
2001-02-21 00:00:00,0.7518390190734978
2001-02-22 00:00:00,0.7491665565527709
2001-02-23 00:00:00,0.7481489435758534
2001-02-26 00:00:00,0.7493802286969333
2001-02-27 00:00:00,0.7508236740159375
2001-02-28 00:00:00,0.7495939008410956
2001-03-01 00:00:00,0.744460380024447
2001-03-02 00:00:00,0.7371203931493859
2001-03-05 00:00:00,0.7386911345871446
2001-03-06 00:00:00,0.7400072837873942
2001-03-07 00:00:00,0.7417901854230772
2001-03-08 00:00:00,0.7394147471794444
2001-03-09 00:00:00,0.7390336147962997
2001-03-12 00:00:00,0.7392040989277581
2001-03-13 00:00:00,0.7458242530761148
2001-03-14 00:00:00,0.7464614896430066
2001-03-15 00:00:00,0.749008167991217
2001-03-16 00:00:00,0.7562223706937616
2001-03-19 00:00:00,0.757368791735672
2001-03-20 00:00:00,0.7552903777691329
2001-03-21 00:00:00,0.7541879007130456
2001-03-22 00:00:00,0.7578378120904624
2001-03-23 00:00:00,0.7548683252926415
2001-03-26 00:00:00,0.7525777511281783
2001-03-27 00:00:00,0.7548698372388796
2001-03-28 00:00:00,0.7521973747181526
2001-03-29 00:00:00,0.7542773006309297
2001-03-30 00:00:00,0.7589880129979678
2001-04-02 00:00:00,0.7585220165356534
2001-04-03 00:00:00,0.7540249763127777
2001-04-04 00:00:00,0.7520738584649933
2001-04-05 00:00:00,0.7555964737236553
2001-04-06 00:00:00,0.7505902490257614
2001-04-09 00:00:00,0.746856985515413
2001-04-10 00:00:00,0.7514828338032815
2001-04-11 00:00:00,0.7522897985285129
2001-04-12 00:00:00,0.7500840884432193
2001-04-13 00:00:00,0.7516123978413931
2001-04-16 00:00:00,0.7513161295374182
2001-04-17 00:00:00,0.7543719923606469
2001-04-18 00:00:00,0.7556032774817267
2001-04-19 00:00:00,0.7509365091005116
2001-04-20 00:00:00,0.7482640465797847
2001-04-23 00:00:00,0.7503864045321467
2001-04-24 00:00:00,0.750853912940699
2001-04-25 00:00:00,0.7494544116075178
2001-04-26 00:00:00,0.7502189442931643
2001-04-27 00:00:00,0.7508561808600561
2001-04-30 00:00:00,0.7531906990103423
2001-05-01 00:00:00,0.7517063335979914
2001-05-02 00:00:00,0.7514524973336012
2001-05-03 00:00:00,0.7523867581775872
2001-05-04 00:00:00,0.7506478005277271
2001-05-07 00:00:00,0.7489937069570367
2001-05-08 00:00:00,0.7525587542552837
2001-05-09 00:00:00,0.7570148743848126
2001-05-10 00:00:00,0.7579491352287985
2001-05-11 00:00:00,0.7582893475185964
2001-05-14 00:00:00,0.7582901034917156
2001-05-15 00:00:00,0.7557025050501583
2001-05-16 00:00:00,0.7532422027273556
2001-05-17 00:00:00,0.7524791819879473
2001-05-18 00:00:00,0.7514615690110298
2001-05-21 00:00:00,0.7494255870840757
2001-05-22 00:00:00,0.7537119790552652
2001-05-23 00:00:00,0.7550705602950997
2001-05-24 00:00:00,0.7610542338496834
2001-05-25 00:00:00,0.7565996256663926
2001-05-29 00:00:00,0.7574065903916238
2001-05-30 00:00:00,0.7546492637917273
2001-05-31 00:00:00,0.7578324227337105
2001-06-01 00:00:00,0.7584272272610175
2001-06-04 00:00:00,0.7599555366591914
2001-06-05 00:00:00,0.7603381809885742
2001-06-06 00:00:00,0.7690799371161736
2001-06-07 00:00:00,0.769292853287217
2001-06-08 00:00:00,0.7727730365062943
2001-06-11 00:00:00,0.7764229478837109
2001-06-12 00:00:00,0.7742172377984173
2001-06-13 00:00:00,0.7687442606650899
2001-06-14 00:00:00,0.7646291087984779
2001-06-15 00:00:00,0.7624233987131844
2001-06-18 00:00:00,0.7633152275175855
2001-06-19 00:00:00,0.764376784480326
2001-06-20 00:00:00,0.766711302630612
2001-06-21 00:00:00,0.7575467380534021
2001-06-22 00:00:00,0.7586507270557276
2001-06-25 00:00:00,0.7590333713851102
2001-06-26 00:00:00,0.7579733263686078
2001-06-27 00:00:00,0.7564040968770872
2001-06-28 00:00:00,0.7614542655608042
2001-06-29 00:00:00,0.7611155652172443
2001-07-02 00:00:00,0.7572125735485565
2001-07-03 00:00:00,0.761838421836425
2001-07-05 00:00:00,0.7643426681450506
2001-07-06 00:00:00,0.7597183318034202
2001-07-09 00:00:00,0.7607374567265759
2001-07-10 00:00:00,0.7599744359871674
2001-07-11 00:00:00,0.75895682301025
2001-07-12 00:00:00,0.761291341160536
2001-07-13 00:00:00,0.7642199078650103
2001-07-16 00:00:00,0.7634993191651867
2001-07-17 00:00:00,0.7623544100695145
2001-07-18 00:00:00,0.7570935931341115
2001-07-19 00:00:00,0.7557789558800999
2001-07-20 00:00:00,0.7514940758551485
2001-07-23 00:00:00,0.7559077639450925
2001-07-24 00:00:00,0.7542536703744023
2001-07-25 00:00:00,0.7517933680515997
2001-07-26 00:00:00,0.7523881725789066
2001-07-27 00:00:00,0.7527283848687045
2001-07-30 00:00:00,0.7525169806438993
2001-07-31 00:00:00,0.7528147608941124
2001-08-01 00:00:00,0.7494633857400277
2001-08-02 00:00:00,0.7509068310590319
2001-08-03 00:00:00,0.7520108200613571
2001-08-06 00:00:00,0.755915323676283
2001-08-07 00:00:00,0.7561282398473262
2001-08-08 00:00:00,0.7575292531267456
2001-08-09 00:00:00,0.7539657177747368
2001-08-10 00:00:00,0.7515902795311038
2001-08-13 00:00:00,0.75392479768139
2001-08-14 00:00:00,0.7509977429231539
2001-08-15 00:00:00,0.7469674551357116
2001-08-16 00:00:00,0.7444222887337393
2001-08-17 00:00:00,0.7432349475984824
2001-08-20 00:00:00,0.7440419123237136
2001-08-21 00:00:00,0.743024299346796
2001-08-22 00:00:00,0.7400123805093903
2001-08-23 00:00:00,0.7425166268180159
2001-08-24 00:00:00,0.7439600721370201
2001-08-27 00:00:00,0.7444700125851574
2001-08-28 00:00:00,0.7414156617081669
2001-08-29 00:00:00,0.740779937087513
2001-08-30 00:00:00,0.738107474566786
2001-08-31 00:00:00,0.7409087451525056
2001-09-04 00:00:00,0.7436675836986404
2001-09-05 00:00:00,0.7390008153174251
2001-09-06 00:00:00,0.7386196829342805
2001-09-07 00:00:00,0.735819924294799
2001-09-10 00:00:00,0.7375179618513124
2001-09-12 00:00:00,0.7340392905784732
2001-09-13 00:00:00,0.7326822212848767
2001-09-14 00:00:00,0.7334467539705232
2001-09-17 00:00:00,0.7341264225769999
2001-09-18 00:00:00,0.7351879795397404
2001-09-19 00:00:00,0.7317941723460709
2001-09-20 00:00:00,0.7348076031297148
2001-09-21 00:00:00,0.7387969708238102
2001-09-24 00:00:00,0.7358274840259894
2001-09-25 00:00:00,0.7325609729510745
2001-09-26 00:00:00,0.7302703987866114
2001-09-27 00:00:00,0.7307379071951637
2001-09-28 00:00:00,0.7324783767912619
2001-10-01 00:00:00,0.7284480890038196
2001-10-02 00:00:00,0.7354925635480247
2001-10-03 00:00:00,0.7295952660188488
2001-10-04 00:00:00,0.7287898132398555
2001-10-05 00:00:00,0.7278570643421077
2001-10-09 00:00:00,0.7358774757967648
2001-10-10 00:00:00,0.7407154842825573
2001-10-11 00:00:00,0.7438562111849557
2001-10-12 00:00:00,0.7394440350412498
2001-10-15 00:00:00,0.741439096874857
2001-10-16 00:00:00,0.7410579644917124
2001-10-17 00:00:00,0.7398706233564555
2001-10-18 00:00:00,0.7425870298630053
2001-10-19 00:00:00,0.7454307324883096
2001-10-22 00:00:00,0.7499292846574235
2001-10-23 00:00:00,0.7520516426097854
2001-10-24 00:00:00,0.7499307966036617
2001-10-25 00:00:00,0.748064542835047
2001-10-26 00:00:00,0.7462407211060171
2001-10-29 00:00:00,0.7386885740330318
2001-10-30 00:00:00,0.737755825135284
2001-10-31 00:00:00,0.7382233335438364
2001-11-01 00:00:00,0.734532502073073
2001-11-02 00:00:00,0.7347029862045314
2001-11-05 00:00:00,0.7365707519193841
2001-11-06 00:00:00,0.7356380030216363
2001-11-07 00:00:00,0.733092836619664
2001-11-08 00:00:00,0.7377186849075325
2001-11-09 00:00:00,0.7362343194951814
2001-11-13 00:00:00,0.7425150173268593
2001-11-14 00:00:00,0.742303613102054
2001-11-15 00:00:00,0.7473113497461861
2001-11-16 00:00:00,0.7486274989464357
2001-11-19 00:00:00,0.7558417016489802
2001-11-20 00:00:00,0.75270248669282
2001-11-21 00:00:00,0.7537640436555605
2001-11-23 00:00:00,0.7562258579246012
2001-11-26 00:00:00,0.7549112206705896
2001-11-27 00:00:00,0.7543603601291056
2001-11-28 00:00:00,0.7501603441833238
2001-11-29 00:00:00,0.7502459642356125
2001-11-30 00:00:00,0.7492283512586951
2001-12-03 00:00:00,0.7507990926964538
2001-12-04 00:00:00,0.7507998486695728
2001-12-05 00:00:00,0.7529646386615195
2001-12-06 00:00:00,0.7492738071907561
2001-12-07 00:00:00,0.7464740485512746
2001-12-10 00:00:00,0.7452867074160177
2001-12-11 00:00:00,0.7442690944391
2001-12-12 00:00:00,0.7410450154037701
2001-12-13 00:00:00,0.7404092907831162
2001-12-14 00:00:00,0.7364214350352587
2001-12-17 00:00:00,0.7346400453458138
2001-12-18 00:00:00,0.7355743061897998
2001-12-19 00:00:00,0.7379512563796707
2001-12-20 00:00:00,0.7397765900549387
2001-12-21 00:00:00,0.7430870451156766
2001-12-24 00:00:00,0.7430453690492107
2001-12-26 00:00:00,0.7385483288263349
2001-12-27 00:00:00,0.7363850507806263
2001-12-28 00:00:00,0.7391014572871761
2001-12-31 00:00:00,0.7361744025289402
2002-01-02 00:00:00,0.740036474104281
2002-01-03 00:00:00,0.7421588320566429
2002-01-04 00:00:00,0.7397833938130101
2002-01-07 00:00:00,0.7427119605174842
2002-01-08 00:00:00,0.7409305708280391
2002-01-09 00:00:00,0.7431377928595707
2002-01-10 00:00:00,0.7405501944180135
2002-01-11 00:00:00,0.7398720377577749
2002-01-14 00:00:00,0.738387672345424
2002-01-15 00:00:00,0.7397038215456735
2002-01-16 00:00:00,0.742844548448072
2002-01-17 00:00:00,0.7439485374503972
2002-01-18 00:00:00,0.7431855167109889
2002-01-22 00:00:00,0.746114083415463
2002-01-23 00:00:00,0.747005912219864
2002-01-24 00:00:00,0.7488312458951318
2002-01-25 00:00:00,0.7544330310934521
2002-01-28 00:00:00,0.755324859897853
2002-01-29 00:00:00,0.7528221255354656
2002-01-30 00:00:00,0.7515923523606238
2002-01-31 00:00:00,0.7532479578775523
2002-02-01 00:00:00,0.7515938643068619
2002-02-04 00:00:00,0.7498973386965866
2002-02-05 00:00:00,0.7510013276989119
2002-02-06 00:00:00,0.7523174768991615
2002-02-07 00:00:00,0.7531668736639777
2002-02-08 00:00:00,0.7506217072620054
2002-02-11 00:00:00,0.7479916767808633
2002-02-12 00:00:00,0.7443432773496848
2002-02-13 00:00:00,0.7453199702332555
2002-02-14 00:00:00,0.7458299106813927
2002-02-15 00:00:00,0.7445152734273812
2002-02-19 00:00:00,0.7450252138755186
2002-02-20 00:00:00,0.746383795115353
2002-02-21 00:00:00,0.7470210316822449
2002-02-22 00:00:00,0.7449426177157059
2002-02-25 00:00:00,0.7465133591534647
2002-02-26 00:00:00,0.7480841005912234
2002-02-27 00:00:00,0.750588346899849
2002-02-28 00:00:00,0.752074224258438
2002-03-01 00:00:00,0.749444193777296
2002-03-04 00:00:00,0.7477901002066056
2002-03-05 00:00:00,0.7484273367734974
2002-03-06 00:00:00,0.7472824276778254
2002-03-07 00:00:00,0.7469437273342656
2002-03-08 00:00:00,0.7476658279803272
2002-03-11 00:00:00,0.7479211761909554
2002-03-12 00:00:00,0.7510194710537689
2002-03-13 00:00:00,0.7505110425518697
2002-03-14 00:00:00,0.7486447887832551
2002-03-15 00:00:00,0.7469906952125647
2002-03-18 00:00:00,0.7461852424335714
2002-03-19 00:00:00,0.7479681440692544
2002-03-20 00:00:00,0.7459321621423004
2002-03-21 00:00:00,0.7447448210070434
2002-03-22 00:00:00,0.7457215138906143
2002-03-25 00:00:00,0.7460192941408272
2002-03-26 00:00:00,0.7453411374805886
2002-03-27 00:00:00,0.7466572866808381
2002-03-28 00:00:00,0.7464458824560329
2002-03-29 00:00:00,0.7460647500728882
2002-04-01 00:00:00,0.7393612437916
2002-04-02 00:00:00,0.7413987376647921
2002-04-03 00:00:00,0.7416965179150051
2002-04-04 00:00:00,0.7416972738881242
2002-04-05 00:00:00,0.7416131657820735
2002-04-08 00:00:00,0.7432687712990019
2002-04-09 00:00:00,0.7417419738470661
2002-04-10 00:00:00,0.7408516569889032
2002-04-11 00:00:00,0.7400886362494948
2002-04-12 00:00:00,0.7405137126184624
2002-04-15 00:00:00,0.7404296045124118
2002-04-16 00:00:00,0.7393695594959094
2002-04-17 00:00:00,0.7375457377668797
2002-04-18 00:00:00,0.7357643480774347
2002-04-19 00:00:00,0.7360196962880629
2002-04-22 00:00:00,0.7352991075882394
2002-04-23 00:00:00,0.7353422956009432
2002-04-24 00:00:00,0.7355552117719866
2002-04-25 00:00:00,0.7329676133304294
2002-04-26 00:00:00,0.7327137770660394
2002-04-29 00:00:00,0.7306777951390852
2002-04-30 00:00:00,0.7317817841414105
2002-05-01 00:00:00,0.7293639138581928
2002-05-02 00:00:00,0.7283038688416904
2002-05-03 00:00:00,0.7274559840231123
2002-05-06 00:00:00,0.7269051234816283
2002-05-07 00:00:00,0.7269058794547473
2002-05-08 00:00:00,0.732889553009331
2002-05-09 00:00:00,0.7306414108844527
2002-05-10 00:00:00,0.7297086619867049
2002-05-13 00:00:00,0.7304307626327665
2002-05-14 00:00:00,0.7352263390789743
2002-05-15 00:00:00,0.7316203716873806
2002-05-16 00:00:00,0.731196807264651
2002-05-17 00:00:00,0.7296700098127152
2002-05-20 00:00:00,0.7302223823004373
2002-05-21 00:00:00,0.7310293470256687
2002-05-22 00:00:00,0.7300965981279208
2002-05-23 00:00:00,0.7319219318031889
2002-05-24 00:00:00,0.7305224304700075
2002-05-28 00:00:00,0.7287410407805627
2002-05-29 00:00:00,0.7294631414266243
2002-05-30 00:00:00,0.7270877031829913
2002-05-31 00:00:00,0.7283189883040713
2002-06-03 00:00:00,0.72840460835636
2002-06-04 00:00:00,0.7290842769628367
2002-06-05 00:00:00,0.7303579941235013
2002-06-06 00:00:00,0.7295101093049233
2002-06-07 00:00:00,0.7290016808030242
2002-06-10 00:00:00,0.7287054124990491
2002-06-11 00:00:00,0.7254389014241344
2002-06-12 00:00:00,0.7245910166055561
2002-06-13 00:00:00,0.7243796123807509
2002-06-14 00:00:00,0.7232347032850789
2002-06-17 00:00:00,0.7211987213581248
2002-06-18 00:00:00,0.7175078898873614
2002-06-19 00:00:00,0.7172540536229711
2002-06-20 00:00:00,0.7125872852417561
2002-06-21 00:00:00,0.712333448977366
2002-06-24 00:00:00,0.709363962179545
2002-06-25 00:00:00,0.7117409123694161
2002-06-26 00:00:00,0.7024490516734515
2002-06-27 00:00:00,0.6995219969152154
2002-06-28 00:00:00,0.7011776024321439
2002-07-01 00:00:00,0.698505139911417
2002-07-02 00:00:00,0.6987604881220452
2002-07-03 00:00:00,0.7000766373222947
2002-07-05 00:00:00,0.70266574771009
2002-07-08 00:00:00,0.6965987220225747
2002-07-09 00:00:00,0.6915924973246806
2002-07-10 00:00:00,0.6907870445456874
2002-07-11 00:00:00,0.6881145820249605
2002-07-12 00:00:00,0.6899823477398132
2002-07-15 00:00:00,0.6833212734981097
2002-07-16 00:00:00,0.6817096119670043
2002-07-17 00:00:00,0.6821346883359718
2002-07-18 00:00:00,0.6819657161507515
2002-07-19 00:00:00,0.6776808361258
2002-07-22 00:00:00,0.6770026794655614
2002-07-23 00:00:00,0.68302878505973
2002-07-24 00:00:00,0.6792530895097968
2002-07-25 00:00:00,0.6788295250870673
2002-07-26 00:00:00,0.6838372617311995
2002-07-29 00:00:00,0.6865536682377493
2002-07-30 00:00:00,0.6799350260356307
2002-07-31 00:00:00,0.6841365539276505
2002-08-01 00:00:00,0.6860891837216729
2002-08-02 00:00:00,0.6804889104695909
2002-08-05 00:00:00,0.6823142441448588
2002-08-06 00:00:00,0.6942808352809073
2002-08-07 00:00:00,0.6954272563228174
2002-08-08 00:00:00,0.6986104152648008
2002-08-09 00:00:00,0.7003933169004838
2002-08-12 00:00:00,0.6968722135880597
2002-08-13 00:00:00,0.6971275617986881
2002-08-14 00:00:00,0.6914848565070211
2002-08-15 00:00:00,0.6949226076865135
2002-08-16 00:00:00,0.6943717471450295
2002-08-19 00:00:00,0.6985732750370492
2002-08-20 00:00:00,0.6987861912080926
2002-08-21 00:00:00,0.6975139859936659
2002-08-22 00:00:00,0.7018428100044403
2002-08-23 00:00:00,0.7008251970275228
2002-08-26 00:00:00,0.6998924481297749
2002-08-27 00:00:00,0.6969229613319541
2002-08-28 00:00:00,0.6944202269695665
2002-08-29 00:00:00,0.6892442741133332
2002-08-30 00:00:00,0.6895420543635462
2002-09-03 00:00:00,0.6831780043989368
2002-09-04 00:00:00,0.6824149836595284
2002-09-05 00:00:00,0.6816095308805352
2002-09-06 00:00:00,0.6842410733079153
2002-09-09 00:00:00,0.6847085817164678
2002-09-10 00:00:00,0.6864066192729811
2002-09-11 00:00:00,0.6885714092649278
2002-09-12 00:00:00,0.6861111069421251
2002-09-13 00:00:00,0.6845418774506045
2002-09-16 00:00:00,0.6906528471239428
2002-09-17 00:00:00,0.6947270788972082
2002-09-18 00:00:00,0.6869627716262984
2002-09-19 00:00:00,0.6860724547681355
2002-09-20 00:00:00,0.6854791621870665
2002-09-23 00:00:00,0.6847161414476581
2002-09-24 00:00:00,0.685098785777041
2002-09-25 00:00:00,0.6825111873354838
2002-09-26 00:00:00,0.685100297723279
2002-09-27 00:00:00,0.6856951022505859
2002-09-30 00:00:00,0.679203756167222
2002-10-01 00:00:00,0.6788226237840773
2002-10-02 00:00:00,0.681029845815609
2002-10-03 00:00:00,0.6789089998094852
2002-10-04 00:00:00,0.6794613722972074
2002-10-07 00:00:00,0.6814140020912298
2002-10-08 00:00:00,0.6845122969540434
2002-10-09 00:00:00,0.6833673878583711
2002-10-10 00:00:00,0.6820527506043598
2002-10-11 00:00:00,0.682859715329591
2002-10-15 00:00:00,0.6854912577569712
2002-10-16 00:00:00,0.6854071496509205
2002-10-17 00:00:00,0.6861292502969821
2002-10-18 00:00:00,0.6888032247639471
2002-10-21 00:00:00,0.69058612639963
2002-10-22 00:00:00,0.6886350085518458
2002-10-23 00:00:00,0.6870657790603251
2002-10-24 00:00:00,0.6879151758251413
2002-10-25 00:00:00,0.6855397375815084
2002-10-28 00:00:00,0.6825702507836874
2002-10-29 00:00:00,0.6832499193901642
2002-10-30 00:00:00,0.6839295879966409
2002-10-31 00:00:00,0.681257125475914
2002-11-01 00:00:00,0.6808759930927694
2002-11-04 00:00:00,0.6847804967076953
2002-11-05 00:00:00,0.6813442574744409
2002-11-06 00:00:00,0.682787702793445
2002-11-07 00:00:00,0.6740050265724988
2002-11-08 00:00:00,0.6689139377954352
2002-11-12 00:00:00,0.670399815154024
2002-11-13 00:00:00,0.6715886682355191
2002-11-14 00:00:00,0.6741777786233144
2002-11-15 00:00:00,0.6740512384776789
2002-11-18 00:00:00,0.674009562411213
2002-11-19 00:00:00,0.6701490027821101
2002-11-20 00:00:00,0.6756234918616757
2002-11-21 00:00:00,0.6754545196764553
2002-11-22 00:00:00,0.674352042620368
2002-11-25 00:00:00,0.6790203229478213
2002-11-26 00:00:00,0.6867012780857994
2002-11-27 00:00:00,0.6885690438006521
2002-11-29 00:00:00,0.6837325472610976
2002-12-02 00:00:00,0.6836060071154619
2002-12-03 00:00:00,0.6779633018237952
2002-12-04 00:00:00,0.6781337859552535
2002-12-05 00:00:00,0.6769888768595814
2002-12-06 00:00:00,0.6760136959222488
2002-12-09 00:00:00,0.6736382576786158
2002-12-10 00:00:00,0.6772457370164476
2002-12-11 00:00:00,0.6752946191686633
2002-12-12 00:00:00,0.6728767488854456
2002-12-13 00:00:00,0.6687615970188336
2002-12-16 00:00:00,0.668338032596104
2002-12-17 00:00:00,0.6658352982337166
2002-12-18 00:00:00,0.664223636702611
2002-12-19 00:00:00,0.6647760091903333
2002-12-20 00:00:00,0.6635038039759066
2002-12-23 00:00:00,0.6696147736492449
2002-12-24 00:00:00,0.6658390780993118
2002-12-26 00:00:00,0.6649487612411488
2002-12-27 00:00:00,0.6630400754329493
2002-12-30 00:00:00,0.6620648944956167
2002-12-31 00:00:00,0.6598591844103232
2003-01-02 00:00:00,0.6649093530940402
2003-01-03 00:00:00,0.6618974342566344
2003-01-06 00:00:00,0.6603706368046985
2003-01-07 00:00:00,0.6613897617278542
2003-01-08 00:00:00,0.6610086293447095
2003-01-09 00:00:00,0.6621550503866197
2003-01-10 00:00:00,0.6602463645784201
2003-01-13 00:00:00,0.6622838584516123
2003-01-14 00:00:00,0.6605449008017522
2003-01-15 00:00:00,0.6622429383582655
2003-01-16 00:00:00,0.6603342525500661
2003-01-17 00:00:00,0.6560493725251145
2003-01-21 00:00:00,0.6581292984378916
2003-01-22 00:00:00,0.6564327728276164
2003-01-23 00:00:00,0.6533784219506258
2003-01-24 00:00:00,0.6496451584402775
2003-01-27 00:00:00,0.648288089146681
2003-01-28 00:00:00,0.6461672431405574
2003-01-29 00:00:00,0.6437069408177547
2003-01-30 00:00:00,0.6426044637616674
2003-01-31 00:00:00,0.6440054770410867
2003-02-03 00:00:00,0.6457883786767697
2003-02-04 00:00:00,0.6425642996414398
2003-02-05 00:00:00,0.6435834245645953
2003-02-06 00:00:00,0.6478273844962
2003-02-07 00:00:00,0.6507559512006741
2003-02-10 00:00:00,0.6510961634904721
2003-02-11 00:00:00,0.6545339146699645
2003-02-12 00:00:00,0.6561046561077231
2003-02-13 00:00:00,0.653771649903675
2003-02-14 00:00:00,0.6581429059540342
2003-02-18 00:00:00,0.665908725171182
2003-02-19 00:00:00,0.6643394956796614
2003-02-20 00:00:00,0.665655644879911
2003-02-21 00:00:00,0.6682023232281213
2003-02-24 00:00:00,0.6683303753199951
2003-02-25 00:00:00,0.6739321605183152
2003-02-26 00:00:00,0.6705383533246456
2003-02-27 00:00:00,0.6708361335748587
2003-02-28 00:00:00,0.673382811923069
2003-03-03 00:00:00,0.6725773591440759
2003-03-04 00:00:00,0.6697776005045943
2003-03-05 00:00:00,0.6619708611940999
2003-03-06 00:00:00,0.6599773113067307
2003-03-07 00:00:00,0.6611661643882256
2003-03-10 00:00:00,0.661676104836363
2003-03-11 00:00:00,0.6603190355427667
2003-03-12 00:00:00,0.6564160438740788
2003-03-13 00:00:00,0.6594294746577228
2003-03-14 00:00:00,0.669401759933283
2003-03-17 00:00:00,0.6752581373691122
2003-03-18 00:00:00,0.6776775195985681
2003-03-19 00:00:00,0.6766174745820658
2003-03-20 00:00:00,0.6756422936447332
2003-03-21 00:00:00,0.6760249379741158
2003-03-24 00:00:00,0.6722492424241827
2003-03-25 00:00:00,0.6739472799806959
2003-03-26 00:00:00,0.6724204825287601
2003-03-27 00:00:00,0.6751793210748949
2003-03-28 00:00:00,0.6752649411271836
2003-03-31 00:00:00,0.6702587164292896
2003-04-01 00:00:00,0.6711929772732755
2003-04-02 00:00:00,0.6757339614819742
2003-04-03 00:00:00,0.6731887950800017
2003-04-04 00:00:00,0.6782813958033036
2003-04-07 00:00:00,0.6823556275765689
2003-04-08 00:00:00,0.6820169272330091
2003-04-09 00:00:00,0.6796414889893762
2003-04-10 00:00:00,0.6729379827080879
2003-04-11 00:00:00,0.6731508988791313
2003-04-14 00:00:00,0.6731092228126654
2003-04-15 00:00:00,0.6734070030628785
2003-04-16 00:00:00,0.6718802056109426
2003-04-17 00:00:00,0.671499073227798
2003-04-18 00:00:00,0.672093877755105
2003-04-21 00:00:00,0.678035119270104
2003-04-22 00:00:00,0.6705254042367034
2003-04-23 00:00:00,0.6684894223097494
2003-04-24 00:00:00,0.6618283480680459
2003-04-25 00:00:00,0.6641628662183321
2003-04-28 00:00:00,0.66450307850813
2003-04-29 00:00:00,0.6645462665208338
2003-04-30 00:00:00,0.6604311146542218
2003-05-01 00:00:00,0.6560189385105157
2003-05-02 00:00:00,0.659499121729593
2003-05-05 00:00:00,0.6577601640797329
2003-05-06 00:00:00,0.6543239248464786
2003-05-07 00:00:00,0.6631929770928326
2003-05-08 00:00:00,0.6587383689095418
2003-05-09 00:00:00,0.6582299404076426
2003-05-12 00:00:00,0.6560666623619339
2003-05-13 00:00:00,0.6561522824142227
2003-05-14 00:00:00,0.653097931537232
2003-05-15 00:00:00,0.6488554835518654
2003-05-16 00:00:00,0.6497048803166816
2003-05-19 00:00:00,0.6449532478562967
2003-05-20 00:00:00,0.6431718581668517
2003-05-21 00:00:00,0.6421966772295192
2003-05-22 00:00:00,0.6450828118944084
2003-05-23 00:00:00,0.6437681746403969
2003-05-27 00:00:00,0.6427081296238947
2003-05-28 00:00:00,0.6447880555366715
2003-05-29 00:00:00,0.639060486165835
2003-05-30 00:00:00,0.6428801257015911
2003-06-02 00:00:00,0.6437295224664072
2003-06-03 00:00:00,0.647676458120918
2003-06-04 00:00:00,0.645301019877285
2003-06-05 00:00:00,0.6340572853604172
2003-06-06 00:00:00,0.6329548083043299
2003-06-09 00:00:00,0.6401265789672897
2003-06-10 00:00:00,0.637072228090299
2003-06-11 00:00:00,0.6305808820069351
2003-06-12 00:00:00,0.6302421816633753
2003-06-13 00:00:00,0.6304550978344186
2003-06-16 00:00:00,0.6245153682656577
2003-06-17 00:00:00,0.6234128912095706
2003-06-18 00:00:00,0.6251533608056686
2003-06-19 00:00:00,0.6275727430351246
2003-06-20 00:00:00,0.6316045427688048
2003-06-23 00:00:00,0.6299504491981146
2003-06-24 00:00:00,0.6330911761005129
2003-06-25 00:00:00,0.6254117329087729
2003-06-26 00:00:00,0.631607566661281
2003-06-27 00:00:00,0.637845832453374
2003-06-30 00:00:00,0.6362341709222685
2003-07-01 00:00:00,0.6320765870160716
2003-07-02 00:00:00,0.6311862701579087
2003-07-03 00:00:00,0.6280894872413332
2003-07-07 00:00:00,0.6366615152105932
2003-07-08 00:00:00,0.6446394946256653
2003-07-09 00:00:00,0.6454464593508965
2003-07-10 00:00:00,0.6445561424927336
2003-07-11 00:00:00,0.6446417625450224
2003-07-14 00:00:00,0.6482068098432694
2003-07-15 00:00:00,0.6588580077521874
2003-07-16 00:00:00,0.6602590210316067
2003-07-17 00:00:00,0.6627208353006474
2003-07-18 00:00:00,0.6637823922633879
2003-07-21 00:00:00,0.6576729345362876
2003-07-22 00:00:00,0.6589890837365371
2003-07-23 00:00:00,0.6541950192365674
2003-07-24 00:00:00,0.6533047023784045
2003-07-25 00:00:00,0.6495290068284714
2003-07-28 00:00:00,0.6463473598327261
2003-07-29 00:00:00,0.6482999896267485
2003-07-30 00:00:00,0.6507193718562044
2003-07-31 00:00:00,0.6539449628377725
2003-08-01 00:00:00,0.6558127285526252
2003-08-04 00:00:00,0.6542859311006894
2003-08-05 00:00:00,0.6540320948362993
2003-08-06 00:00:00,0.6541601469281729
2003-08-07 00:00:00,0.650342019338655
2003-08-08 00:00:00,0.6541192268348262
2003-08-11 00:00:00,0.6545867352433786
2003-08-12 00:00:00,0.6562423407603071
2003-08-13 00:00:00,0.653909334556259
2003-08-14 00:00:00,0.6573470857357514
2003-08-15 00:00:00,0.6590875553318496
2003-08-18 00:00:00,0.6618888259175691
2003-08-19 00:00:00,0.6626533586032157
2003-08-20 00:00:00,0.6604900805575069
2003-08-21 00:00:00,0.6637156715390751
2003-08-22 00:00:00,0.6674928790352463
2003-08-25 00:00:00,0.6685968680375717
2003-08-26 00:00:00,0.6683854638127665
2003-08-27 00:00:00,0.6677497391921127
2003-08-28 00:00:00,0.6666896941756102
2003-08-29 00:00:00,0.6665207219903899
2003-09-02 00:00:00,0.6678793032302244
2003-09-03 00:00:00,0.6681770834804374
2003-09-04 00:00:00,0.665886509315974
2003-09-05 00:00:00,0.6613470370535135
2003-09-08 00:00:00,0.662705618293348
2003-09-09 00:00:00,0.6604999082080545
2003-09-10 00:00:00,0.6609674166166071
2003-09-11 00:00:00,0.659228458966747
2003-09-12 00:00:00,0.653882777952174
2003-09-15 00:00:00,0.6557081116274419
2003-09-16 00:00:00,0.66190394537995
2003-09-17 00:00:00,0.6545215264653039
2003-09-18 00:00:00,0.6497698940049191
2003-09-19 00:00:00,0.6429390916048763
2003-09-22 00:00:00,0.6362355853235879
2003-09-23 00:00:00,0.6324598897736549
2003-09-24 00:00:00,0.6325030777863587
2003-09-25 00:00:00,0.631230872571932
2003-09-26 00:00:00,0.6307648761096177
2003-09-29 00:00:00,0.6288137582618334
2003-09-30 00:00:00,0.6297055870662345
2003-10-01 00:00:00,0.6276696051392803
2003-10-02 00:00:00,0.6241060697872715
2003-10-03 00:00:00,0.6291562384709883
2003-10-06 00:00:00,0.6243621739710187
2003-10-07 00:00:00,0.6291577504172264
2003-10-08 00:00:00,0.6303890355383064
2003-10-09 00:00:00,0.629880607036407
2003-10-10 00:00:00,0.6279294891886228
2003-10-14 00:00:00,0.6243659538366139
2003-10-15 00:00:00,0.6259791273139574
2003-10-16 00:00:00,0.6233066647932305
2003-10-17 00:00:00,0.6249198382705741
2003-10-20 00:00:00,0.6236900650957322
2003-10-21 00:00:00,0.623775685148021
2003-10-22 00:00:00,0.6157143536000174
2003-10-23 00:00:00,0.6153332212168727
2003-10-24 00:00:00,0.614061016002446
2003-10-27 00:00:00,0.6148679807276773
2003-10-28 00:00:00,0.6146565765028721
2003-10-29 00:00:00,0.6132570751696909
2003-10-30 00:00:00,0.6116454136385855
2003-10-31 00:00:00,0.6145315483034747
2003-11-03 00:00:00,0.6217033189664344
2003-11-04 00:00:00,0.620982730266611
2003-11-05 00:00:00,0.621874559071012
2003-11-06 00:00:00,0.6255244704484286
2003-11-07 00:00:00,0.6248463137881899
2003-11-10 00:00:00,0.6235741085737633
2003-11-12 00:00:00,0.6221321752009972
2003-11-13 00:00:00,0.6174229747801973
2003-11-14 00:00:00,0.6190361482575408
2003-11-17 00:00:00,0.6171274624493414
2003-11-18 00:00:00,0.6122909659097868
2003-11-19 00:00:00,0.6129282024766786
2003-11-20 00:00:00,0.6111043807476488
2003-11-21 00:00:00,0.6110202726415982
2003-11-24 00:00:00,0.6141609995439965
2003-11-25 00:00:00,0.6127190661712305
2003-11-26 00:00:00,0.608137161869185
2003-11-28 00:00:00,0.6026217526962728
2003-12-01 00:00:00,0.6030043970256554
2003-12-02 00:00:00,0.5994832937132315
2003-12-03 00:00:00,0.6012661953489145
2003-12-04 00:00:00,0.6032612571825218
2003-12-05 00:00:00,0.600249338345116
2003-12-08 00:00:00,0.5974920117452194
2003-12-09 00:00:00,0.5933768598786073
2003-12-10 00:00:00,0.5926562711787838
2003-12-11 00:00:00,0.5926570271519028
2003-12-12 00:00:00,0.5917242782541552
2003-12-15 00:00:00,0.592361514821047
2003-12-16 00:00:00,0.5897739163794897
2003-12-17 00:00:00,0.585276876156614
2003-12-18 00:00:00,0.5827741417942265
2003-12-19 00:00:00,0.5826476016485909
2003-12-22 00:00:00,0.5843032071655194
2003-12-23 00:00:00,0.5836250505052809
2003-12-24 00:00:00,0.5794250345594991
2003-12-26 00:00:00,0.5803592954034849
2003-12-29 00:00:00,0.5811662601287162
2003-12-30 00:00:00,0.577687588855877
2003-12-31 00:00:00,0.5752697185726593
2004-01-02 00:00:00,0.5726821201311021
2004-01-05 00:00:00,0.5648753808206075
2004-01-06 00:00:00,0.5580445784205648
2004-01-07 00:00:00,0.5602093684125113
2004-01-08 00:00:00,0.5540150466062413
2004-01-09 00:00:00,0.5482874772354047
2004-01-12 00:00:00,0.5465909516251296
2004-01-13 00:00:00,0.5499014066858675
2004-01-14 00:00:00,0.5508356675298535
2004-01-15 00:00:00,0.5594501275386982
2004-01-16 00:00:00,0.5682767477454673
2004-01-20 00:00:00,0.5601305521182941
2004-01-21 00:00:00,0.5555062157766637
2004-01-22 00:00:00,0.5490573017328845
2004-01-23 00:00:00,0.5593266112855388
2004-01-26 00:00:00,0.5594122313378276
2004-01-27 00:00:00,0.5561032882233279
2004-01-28 00:00:00,0.5521154324754705
2004-01-29 00:00:00,0.5630212226218976
2004-01-30 00:00:00,0.5586090464781917
2004-02-02 00:00:00,0.5599676277180259
2004-02-03 00:00:00,0.5515244078137586
2004-02-04 00:00:00,0.5533921735286114
2004-02-05 00:00:00,0.5515259197599967
2004-02-06 00:00:00,0.5480472484871574
2004-02-09 00:00:00,0.542871295630924
2004-02-10 00:00:00,0.53786507093303
2004-02-11 00:00:00,0.5313312928100811
2004-02-12 00:00:00,0.528743694368524
2004-02-13 00:00:00,0.5320965814688466
2004-02-17 00:00:00,0.5229320168916367
2004-02-18 00:00:00,0.5238238456960377
2004-02-19 00:00:00,0.5281102376672273
2004-02-20 00:00:00,0.5388038676157301
2004-02-23 00:00:00,0.5379984148367369
2004-02-24 00:00:00,0.5288338502595271
2004-02-25 00:00:00,0.5349023878932805
2004-02-26 00:00:00,0.5411406536853733
2004-02-27 00:00:00,0.5425416669647927
2004-03-01 00:00:00,0.5380446267419169
2004-03-02 00:00:00,0.5504779703133988
2004-03-03 00:00:00,0.5586681099263953
2004-03-04 00:00:00,0.5561653755640079
2004-03-05 00:00:00,0.5485707964514375
2004-03-08 00:00:00,0.5467045426828228
2004-03-09 00:00:00,0.5498877016248063
2004-03-10 00:00:00,0.5666066811943586
2004-03-11 00:00:00,0.5662255488112139
2004-03-12 00:00:00,0.5689419553177638
2004-03-15 00:00:00,0.5667786772720552
2004-03-16 00:00:00,0.5619846127720853
2004-03-17 00:00:00,0.5607972716368285
2004-03-18 00:00:00,0.5509537944262608
2004-03-19 00:00:00,0.5548582980411867
2004-03-22 00:00:00,0.5456937334639766
2004-03-23 00:00:00,0.5449307127245684
2004-03-24 00:00:00,0.5512962746354158
2004-03-25 00:00:00,0.5619474725443339
2004-03-26 00:00:00,0.5616936362799437
2004-03-29 00:00:00,0.5591484698779713
2004-03-30 00:00:00,0.5540149490613229
2004-03-31 00:00:00,0.5490087243634287
2004-04-01 00:00:00,0.5420081938050465
2004-04-02 00:00:00,0.5534656004660768
2004-04-05 00:00:00,0.559916026456094
2004-04-06 00:00:00,0.5499452531267719
2004-04-07 00:00:00,0.5483760236352511
2004-04-08 00:00:00,0.5519410709334981
2004-04-09 00:00:00,0.5520266909857868
2004-04-12 00:00:00,0.5504574614942661
2004-04-13 00:00:00,0.558817329265602
2004-04-14 00:00:00,0.5697231194120291
2004-04-15 00:00:00,0.5746459919769916
2004-04-16 00:00:00,0.5653116992414422
2004-04-19 00:00:00,0.5631059891561486
2004-04-20 00:00:00,0.5690472306711476
2004-04-21 00:00:00,0.577237370284144
2004-04-22 00:00:00,0.578723247642733
2004-04-23 00:00:00,0.5791058919721156
2004-04-26 00:00:00,0.571299152661621
2004-04-27 00:00:00,0.568372097903385
2004-04-28 00:00:00,0.5770289899518148
2004-04-29 00:00:00,0.5756719206582184
2004-04-30 00:00:00,0.5759272688688467
2004-05-03 00:00:00,0.5769039617524174
2004-05-04 00:00:00,0.5689274942835835
2004-05-05 00:00:00,0.5678250172274963
2004-05-06 00:00:00,0.5674014528047667
2004-05-07 00:00:00,0.5715605486572017
2004-05-10 00:00:00,0.5765682853013339
2004-05-11 00:00:00,0.5841219443205572
2004-05-12 00:00:00,0.575636292376705
2004-05-13 00:00:00,0.5823413106042313
2004-05-14 00:00:00,0.5828088190127838
2004-05-17 00:00:00,0.5775480020773807
2004-05-18 00:00:00,0.5775063260109149
2004-05-19 00:00:00,0.571863620719248
2004-05-20 00:00:00,0.5767864932842104
2004-05-21 00:00:00,0.569531370488319
2004-05-24 00:00:00,0.5683015973134773
2004-05-25 00:00:00,0.558627848261249
2004-05-26 00:00:00,0.558289147917689
2004-05-27 00:00:00,0.548615398865461
2004-05-28 00:00:00,0.5502285723428045
2004-06-01 00:00:00,0.5489563671283777
2004-06-02 00:00:00,0.5479811861910452
2004-06-03 00:00:00,0.5476849178870702
2004-06-04 00:00:00,0.5484918826123015
2004-06-07 00:00:00,0.5476439977937234
2004-06-08 00:00:00,0.548663122716879
2004-06-09 00:00:00,0.5515492573817683
2004-06-10 00:00:00,0.5477735618318351
2004-06-11 00:00:00,0.5564304538802649
2004-06-14 00:00:00,0.5575344428825902
2004-06-15 00:00:00,0.551976601670093
2004-06-16 00:00:00,0.5526138382369848
2004-06-17 00:00:00,0.5492200310433155
2004-06-18 00:00:00,0.5480326899080585
2004-06-21 00:00:00,0.5504520721375145
2004-06-22 00:00:00,0.5543565757524402
2004-06-23 00:00:00,0.5557151569922747
2004-06-24 00:00:00,0.5543156556590934
2004-06-25 00:00:00,0.554189115513458
2004-06-28 00:00:00,0.550922604438543
2004-06-29 00:00:00,0.5595370644473879
2004-06-30 00:00:00,0.5579678349558673
2004-07-01 00:00:00,0.5564834695435164
2004-07-02 00:00:00,0.5505013079351705
2004-07-06 00:00:00,0.5452404909997673
2004-07-07 00:00:00,0.5389188730747428
2004-07-08 00:00:00,0.5390893572062014
2004-07-09 00:00:00,0.5395144335751689
2004-07-12 00:00:00,0.5358660341439903
2004-07-13 00:00:00,0.5400675620360103
2004-07-14 00:00:00,0.5390075170195079
2004-07-15 00:00:00,0.5397720497051541
2004-07-16 00:00:00,0.5328139511863568
2004-07-19 00:00:00,0.5316690420906848
2004-07-20 00:00:00,0.5391802690703235
2004-07-21 00:00:00,0.5477098649999985
2004-07-22 00:00:00,0.5427460723416895
2004-07-23 00:00:00,0.5490267701733671
2004-07-26 00:00:00,0.5459299872567918
2004-07-27 00:00:00,0.553271486078091
2004-07-28 00:00:00,0.5531025138928706
2004-07-29 00:00:00,0.5550975757264779
2004-07-30 00:00:00,0.5546740113037483
2004-08-02 00:00:00,0.5508134516746455
2004-08-03 00:00:00,0.5520447367957253
2004-08-04 00:00:00,0.5517909005313353
2004-08-05 00:00:00,0.5524705691378119
2004-08-06 00:00:00,0.5427543880459988
2004-08-09 00:00:00,0.545088906196285
2004-08-10 00:00:00,0.5457261427631769
2004-08-11 00:00:00,0.5502246949322906
2004-08-12 00:00:00,0.5531532616367649
2004-08-13 00:00:00,0.543691672782461
2004-08-16 00:00:00,0.5453472782993893
2004-08-17 00:00:00,0.5497185343497485
2004-08-18 00:00:00,0.5523500767771287
2004-08-19 00:00:00,0.5485743812271955
2004-08-20 00:00:00,0.5527759091192155
2004-08-23 00:00:00,0.5557044758236894
2004-08-24 00:00:00,0.5644886639908737
2004-08-25 00:00:00,0.5631740267368623
2004-08-26 00:00:00,0.5642355836996028
2004-08-27 00:00:00,0.5649576843456643
2004-08-30 00:00:00,0.5647462801208591
2004-08-31 00:00:00,0.5602068078583986
2004-09-01 00:00:00,0.5640264473941546
2004-09-02 00:00:00,0.5650031402777254
2004-09-03 00:00:00,0.571623294426082
2004-09-07 00:00:00,0.5726848513888223
2004-09-08 00:00:00,0.5663208014242129
2004-09-09 00:00:00,0.5675096545057081
2004-09-10 00:00:00,0.5621215414515502
2004-09-13 00:00:00,0.5630558022955361
2004-09-14 00:00:00,0.5611046844477519
2004-09-15 00:00:00,0.5707799454462182
2004-09-16 00:00:00,0.564925079956627
2004-09-17 00:00:00,0.5643742194151429
2004-09-20 00:00:00,0.5660722569716563
2004-09-21 00:00:00,0.5632300662925899
2004-09-22 00:00:00,0.5630610941073695
2004-09-23 00:00:00,0.5607280879033215
2004-09-24 00:00:00,0.5594983147284798
2004-09-27 00:00:00,0.5575471968806952
2004-09-28 00:00:00,0.5562749916662686
2004-09-29 00:00:00,0.5619616409437586
2004-09-30 00:00:00,0.5568281201271099
2004-10-01 00:00:00,0.5616236965733177
2004-10-04 00:00:00,0.5679043944049955
2004-10-05 00:00:00,0.5678202862989448
2004-10-06 00:00:00,0.5693910277367035
2004-10-07 00:00:00,0.5679915264035222
2004-10-08 00:00:00,0.5631550298639677
2004-10-12 00:00:00,0.5654895480142539
2004-10-13 00:00:00,0.5649811195123546
2004-10-14 00:00:00,0.5614600161999306
2004-10-15 00:00:00,0.5581935051250156
2004-10-18 00:00:00,0.5597642465627743
2004-10-19 00:00:00,0.5584920413483478
2004-10-20 00:00:00,0.5521704234233232
2004-10-21 00:00:00,0.5474612230025231
2004-10-22 00:00:00,0.5482681877277544
2004-10-25 00:00:00,0.5428376426340119
2004-10-26 00:00:00,0.5442810879530161
2004-10-27 00:00:00,0.5461912857074536
2004-10-28 00:00:00,0.5462769057597424
2004-10-29 00:00:00,0.5451744287036552
2004-11-01 00:00:00,0.5460662575080562
2004-11-02 00:00:00,0.5433937949873292
2004-11-03 00:00:00,0.540806196545772
2004-11-04 00:00:00,0.5409766806772305
2004-11-05 00:00:00,0.5366069365731093
2004-11-08 00:00:00,0.5356317556357768
2004-11-09 00:00:00,0.5345292785796896
2004-11-10 00:00:00,0.5392824229863125
2004-11-12 00:00:00,0.5360159119113976
2004-11-15 00:00:00,0.5390293426950412
2004-11-16 00:00:00,0.5362720160951447
2004-11-17 00:00:00,0.534702786603624
2004-11-18 00:00:00,0.5374616251497588
2004-11-19 00:00:00,0.5337707936789954
2004-11-22 00:00:00,0.5341534380083781
2004-11-23 00:00:00,0.528892621072975
2004-11-24 00:00:00,0.5246077410480237
2004-11-26 00:00:00,0.5181163949646594
2004-11-29 00:00:00,0.5187960635711362
2004-11-30 00:00:00,0.5134503825565634
2004-12-01 00:00:00,0.5036863805561381
2004-12-02 00:00:00,0.5036863805561381
2004-12-03 00:00:00,0.5036863805561381
2004-12-06 00:00:00,0.5036863805561381
2004-12-07 00:00:00,0.5036863805561381
2004-12-08 00:00:00,0.5036863805561381
2004-12-09 00:00:00,0.5036863805561381
2004-12-10 00:00:00,0.5036863805561381
2004-12-13 00:00:00,0.5036863805561381
2004-12-14 00:00:00,0.5036863805561381
2004-12-15 00:00:00,0.5036863805561381
2004-12-16 00:00:00,0.5036863805561381
2004-12-17 00:00:00,0.5036863805561381
2004-12-20 00:00:00,0.5036863805561381
2004-12-21 00:00:00,0.5036863805561381
2004-12-22 00:00:00,0.5036863805561381
2004-12-23 00:00:00,0.5036863805561381
2004-12-24 00:00:00,0.5036863805561381
2004-12-27 00:00:00,0.5036863805561381
2004-12-28 00:00:00,0.5036863805561381
2004-12-29 00:00:00,0.5036863805561381
2004-12-30 00:00:00,0.5036863805561381
2004-12-31 00:00:00,0.5036863805561381
2005-01-03 00:00:00,0.5036863805561381
2005-01-04 00:00:00,0.5036863805561381
2005-01-05 00:00:00,0.5036863805561381
2005-01-06 00:00:00,0.5036863805561381
2005-01-07 00:00:00,0.5036863805561381
2005-01-10 00:00:00,0.5036863805561381
2005-01-11 00:00:00,0.5036863805561381
2005-01-12 00:00:00,0.5036863805561381
2005-01-13 00:00:00,0.5036863805561381
2005-01-14 00:00:00,0.5036863805561381
2005-01-18 00:00:00,0.5036863805561381
2005-01-19 00:00:00,0.5036863805561381
2005-01-20 00:00:00,0.5036863805561381
2005-01-21 00:00:00,0.5036863805561381
2005-01-24 00:00:00,0.5036863805561381
2005-01-25 00:00:00,0.5036863805561381
2005-01-26 00:00:00,0.5036863805561381
2005-01-27 00:00:00,0.5036863805561381
2005-01-28 00:00:00,0.5036863805561381
2005-01-31 00:00:00,0.5036863805561381
2005-02-01 00:00:00,0.5036863805561381
2005-02-02 00:00:00,0.5036863805561381
2005-02-03 00:00:00,0.5036863805561381
2005-02-04 00:00:00,0.5036863805561381
2005-02-07 00:00:00,0.5036863805561381
2005-02-08 00:00:00,0.5036863805561381
2005-02-09 00:00:00,0.5036863805561381
2005-02-10 00:00:00,0.5036863805561381
2005-02-11 00:00:00,0.5036863805561381
2005-02-14 00:00:00,0.5036863805561381
2005-02-15 00:00:00,0.5036863805561381
2005-02-16 00:00:00,0.5036863805561381
2005-02-17 00:00:00,0.5036863805561381
2005-02-18 00:00:00,0.5036863805561381
2005-02-22 00:00:00,0.5036863805561381
2005-02-23 00:00:00,0.5036863805561381
2005-02-24 00:00:00,0.5036863805561381
2005-02-25 00:00:00,0.5036863805561381
2005-02-28 00:00:00,0.5036863805561381
2005-03-01 00:00:00,0.5036863805561381
2005-03-02 00:00:00,0.5036863805561381
2005-03-03 00:00:00,0.5036863805561381
2005-03-04 00:00:00,0.5036863805561381
2005-03-07 00:00:00,0.5036863805561381
2005-03-08 00:00:00,0.5036863805561381
2005-03-09 00:00:00,0.5036863805561381
2005-03-10 00:00:00,0.5036863805561381
2005-03-11 00:00:00,0.5036863805561381
2005-03-14 00:00:00,0.5036863805561381
2005-03-15 00:00:00,0.5036863805561381
2005-03-16 00:00:00,0.5036863805561381
2005-03-17 00:00:00,0.5036863805561381
2005-03-18 00:00:00,0.5036863805561381
2005-03-21 00:00:00,0.5036863805561381
2005-03-22 00:00:00,0.5036863805561381
2005-03-23 00:00:00,0.5036863805561381
2005-03-24 00:00:00,0.5036863805561381
2005-03-25 00:00:00,0.5036863805561381
2005-03-28 00:00:00,0.5036863805561381
2005-03-29 00:00:00,0.5036863805561381
2005-03-30 00:00:00,0.5036863805561381
2005-03-31 00:00:00,0.5036863805561381
2005-04-01 00:00:00,0.5036863805561381
2005-04-04 00:00:00,0.5036863805561381
2005-04-05 00:00:00,0.5036863805561381
2005-04-06 00:00:00,0.5036863805561381
2005-04-07 00:00:00,0.5036863805561381
2005-04-08 00:00:00,0.5036863805561381
2005-04-11 00:00:00,0.5036863805561381
2005-04-12 00:00:00,0.5036863805561381
2005-04-13 00:00:00,0.5036863805561381
2005-04-14 00:00:00,0.5036863805561381
2005-04-15 00:00:00,0.5036863805561381
2005-04-18 00:00:00,0.5036863805561381
2005-04-19 00:00:00,0.5036863805561381
2005-04-20 00:00:00,0.5036863805561381
2005-04-21 00:00:00,0.5036863805561381
2005-04-22 00:00:00,0.5036863805561381
2005-04-25 00:00:00,0.5036863805561381
2005-04-26 00:00:00,0.5036863805561381
2005-04-27 00:00:00,0.5036863805561381
2005-04-28 00:00:00,0.5036863805561381
2005-04-29 00:00:00,0.5036863805561381
2005-05-02 00:00:00,0.5036863805561381
2005-05-03 00:00:00,0.5036863805561381
2005-05-04 00:00:00,0.5036863805561381
2005-05-05 00:00:00,0.5036863805561381
2005-05-06 00:00:00,0.5036863805561381
2005-05-09 00:00:00,0.5036863805561381
2005-05-10 00:00:00,0.5036863805561381
2005-05-11 00:00:00,0.5036863805561381
2005-05-12 00:00:00,0.5036863805561381
2005-05-13 00:00:00,0.5036863805561381
2005-05-16 00:00:00,0.5036863805561381
2005-05-17 00:00:00,0.5036863805561381
2005-05-18 00:00:00,0.5036863805561381
2005-05-19 00:00:00,0.5036863805561381
2005-05-20 00:00:00,0.5036863805561381
2005-05-23 00:00:00,0.5036863805561381
2005-05-24 00:00:00,0.5036863805561381
2005-05-25 00:00:00,0.5036863805561381
2005-05-26 00:00:00,0.5036863805561381
2005-05-27 00:00:00,0.5036863805561381
2005-05-31 00:00:00,0.5036863805561381
2005-06-01 00:00:00,0.5036863805561381
2005-06-02 00:00:00,0.5036863805561381
2005-06-03 00:00:00,0.5036863805561381
2005-06-06 00:00:00,0.5036863805561381
2005-06-07 00:00:00,0.5036863805561381
2005-06-08 00:00:00,0.5036863805561381
2005-06-09 00:00:00,0.5036863805561381
2005-06-10 00:00:00,0.5036863805561381
2005-06-13 00:00:00,0.5036863805561381
2005-06-14 00:00:00,0.5036863805561381
2005-06-15 00:00:00,0.5036863805561381
2005-06-16 00:00:00,0.5036863805561381
2005-06-17 00:00:00,0.5036863805561381
2005-06-20 00:00:00,0.5036863805561381
2005-06-21 00:00:00,0.5036863805561381
2005-06-22 00:00:00,0.5036863805561381
2005-06-23 00:00:00,0.5036863805561381
2005-06-24 00:00:00,0.5036863805561381
2005-06-27 00:00:00,0.5036863805561381
2005-06-28 00:00:00,0.5036863805561381
2005-06-29 00:00:00,0.5036863805561381
2005-06-30 00:00:00,0.5036863805561381
2005-07-01 00:00:00,0.5036863805561381
2005-07-05 00:00:00,0.5036863805561381
2005-07-06 00:00:00,0.5036863805561381
2005-07-07 00:00:00,0.5036863805561381
2005-07-08 00:00:00,0.5036863805561381
2005-07-11 00:00:00,0.5036863805561381
2005-07-12 00:00:00,0.5036863805561381
2005-07-13 00:00:00,0.5036863805561381
2005-07-14 00:00:00,0.5036863805561381
2005-07-15 00:00:00,0.5036863805561381
2005-07-18 00:00:00,0.5036863805561381
2005-07-19 00:00:00,0.5036863805561381
2005-07-20 00:00:00,0.5036863805561381
2005-07-21 00:00:00,0.5036863805561381
2005-07-22 00:00:00,0.5036863805561381
2005-07-25 00:00:00,0.5036863805561381
2005-07-26 00:00:00,0.5036863805561381
2005-07-27 00:00:00,0.5036863805561381
2005-07-28 00:00:00,0.5036863805561381
2005-07-29 00:00:00,0.5036863805561381
2005-08-01 00:00:00,0.5036863805561381
2005-08-02 00:00:00,0.5036863805561381
2005-08-03 00:00:00,0.5036863805561381
2005-08-04 00:00:00,0.5036863805561381
2005-08-05 00:00:00,0.5036863805561381
2005-08-08 00:00:00,0.5036863805561381
2005-08-09 00:00:00,0.5036863805561381
2005-08-10 00:00:00,0.5036863805561381
2005-08-11 00:00:00,0.5036863805561381
2005-08-12 00:00:00,0.5036863805561381
2005-08-15 00:00:00,0.5036863805561381
2005-08-16 00:00:00,0.5036863805561381
2005-08-17 00:00:00,0.5036863805561381
2005-08-18 00:00:00,0.5036863805561381
2005-08-19 00:00:00,0.5036863805561381
2005-08-22 00:00:00,0.5036863805561381
2005-08-23 00:00:00,0.5036863805561381
2005-08-24 00:00:00,0.5036863805561381
2005-08-25 00:00:00,0.5036863805561381
2005-08-26 00:00:00,0.5036863805561381
2005-08-29 00:00:00,0.5036863805561381
2005-08-30 00:00:00,0.5036863805561381
2005-08-31 00:00:00,0.5036863805561381
2005-09-01 00:00:00,0.5036863805561381
2005-09-02 00:00:00,0.5036863805561381
2005-09-06 00:00:00,0.5036863805561381
2005-09-07 00:00:00,0.5036863805561381
2005-09-08 00:00:00,0.5036863805561381
2005-09-09 00:00:00,0.5036863805561381
2005-09-12 00:00:00,0.5036863805561381
2005-09-13 00:00:00,0.5036863805561381
2005-09-14 00:00:00,0.5036863805561381
2005-09-15 00:00:00,0.5036863805561381
2005-09-16 00:00:00,0.5036863805561381
2005-09-19 00:00:00,0.5036863805561381
2005-09-20 00:00:00,0.5036863805561381
2005-09-21 00:00:00,0.5036863805561381
2005-09-22 00:00:00,0.5036863805561381
2005-09-23 00:00:00,0.5036863805561381
2005-09-26 00:00:00,0.5036863805561381
2005-09-27 00:00:00,0.5036863805561381
2005-09-28 00:00:00,0.5036863805561381
2005-09-29 00:00:00,0.5036863805561381
2005-09-30 00:00:00,0.5036863805561381
2005-10-03 00:00:00,0.5036863805561381
2005-10-04 00:00:00,0.5036863805561381
2005-10-05 00:00:00,0.5036863805561381
2005-10-06 00:00:00,0.5036863805561381
2005-10-07 00:00:00,0.5036863805561381
2005-10-11 00:00:00,0.5036863805561381
2005-10-12 00:00:00,0.5036863805561381
2005-10-13 00:00:00,0.5036863805561381
2005-10-14 00:00:00,0.5036863805561381
2005-10-17 00:00:00,0.5036863805561381
2005-10-18 00:00:00,0.5036863805561381
2005-10-19 00:00:00,0.5036863805561381
2005-10-20 00:00:00,0.5036863805561381
2005-10-21 00:00:00,0.5036863805561381
2005-10-24 00:00:00,0.5036863805561381
2005-10-25 00:00:00,0.5036863805561381
2005-10-26 00:00:00,0.5036863805561381
2005-10-27 00:00:00,0.5036863805561381
2005-10-28 00:00:00,0.5036863805561381
2005-10-31 00:00:00,0.5036863805561381
2005-11-01 00:00:00,0.5036863805561381
2005-11-02 00:00:00,0.5036863805561381
2005-11-03 00:00:00,0.5036863805561381
2005-11-04 00:00:00,0.5036863805561381
2005-11-07 00:00:00,0.5036863805561381
2005-11-08 00:00:00,0.5036863805561381
2005-11-09 00:00:00,0.5036863805561381
2005-11-10 00:00:00,0.5036863805561381
2005-11-14 00:00:00,0.5036863805561381
2005-11-15 00:00:00,0.5036863805561381
2005-11-16 00:00:00,0.5036863805561381
2005-11-17 00:00:00,0.5036863805561381
2005-11-18 00:00:00,0.5036863805561381
2005-11-21 00:00:00,0.5036863805561381
2005-11-22 00:00:00,0.5036863805561381
2005-11-23 00:00:00,0.5036863805561381
2005-11-25 00:00:00,0.5036863805561381
2005-11-28 00:00:00,0.5036863805561381
2005-11-29 00:00:00,0.5036863805561381
2005-11-30 00:00:00,0.5036863805561381
2005-12-01 00:00:00,0.5036863805561381
2005-12-02 00:00:00,0.5036863805561381
2005-12-05 00:00:00,0.5036863805561381
2005-12-06 00:00:00,0.5036863805561381
2005-12-07 00:00:00,0.5036863805561381
2005-12-08 00:00:00,0.5036863805561381
2005-12-09 00:00:00,0.5036863805561381
2005-12-12 00:00:00,0.5036863805561381
2005-12-13 00:00:00,0.5036863805561381
2005-12-14 00:00:00,0.5036863805561381
2005-12-15 00:00:00,0.5036863805561381
2005-12-16 00:00:00,0.5036863805561381
2005-12-19 00:00:00,0.5036863805561381
2005-12-20 00:00:00,0.5036863805561381
2005-12-21 00:00:00,0.5036863805561381
2005-12-22 00:00:00,0.5036863805561381
2005-12-23 00:00:00,0.5036863805561381
2005-12-27 00:00:00,0.5036863805561381
2005-12-28 00:00:00,0.5036863805561381
2005-12-29 00:00:00,0.5036863805561381
2005-12-30 00:00:00,0.5036863805561381
2006-01-03 00:00:00,0.5036863805561381
2006-01-04 00:00:00,0.5036863805561381
2006-01-05 00:00:00,0.5036863805561381
2006-01-06 00:00:00,0.5036863805561381
2006-01-09 00:00:00,0.5036863805561381
2006-01-10 00:00:00,0.5036863805561381
2006-01-11 00:00:00,0.5036863805561381
2006-01-12 00:00:00,0.5036863805561381
2006-01-13 00:00:00,0.5036863805561381
2006-01-17 00:00:00,0.5036863805561381
2006-01-18 00:00:00,0.5036863805561381
2006-01-19 00:00:00,0.5036863805561381
2006-01-20 00:00:00,0.5036863805561381
2006-01-23 00:00:00,0.5036863805561381
2006-01-24 00:00:00,0.5036863805561381
2006-01-25 00:00:00,0.5036863805561381
2006-01-26 00:00:00,0.5036863805561381
2006-01-27 00:00:00,0.5036863805561381
2006-01-30 00:00:00,0.5036863805561381
2006-01-31 00:00:00,0.5036863805561381
2006-02-01 00:00:00,0.5036863805561381
2006-02-02 00:00:00,0.5036863805561381
2006-02-03 00:00:00,0.5036863805561381
2006-02-06 00:00:00,0.5036863805561381
2006-02-07 00:00:00,0.5036863805561381
2006-02-08 00:00:00,0.5036863805561381
2006-02-09 00:00:00,0.5036863805561381
2006-02-10 00:00:00,0.5036863805561381
2006-02-13 00:00:00,0.5041191600074796
2006-02-14 00:00:00,0.5068317162471752
2006-02-15 00:00:00,0.5051290085803114
2006-02-16 00:00:00,0.5064563839865766
2006-02-17 00:00:00,0.5050133977259809
2006-02-21 00:00:00,0.5037147011355343
2006-02-22 00:00:00,0.5043206281910545
2006-02-23 00:00:00,0.5014924610970285
2006-02-24 00:00:00,0.5035990007220983
2006-02-27 00:00:00,0.5046955126561251
2006-02-28 00:00:00,0.5009150337391156
2006-03-01 00:00:00,0.502790709891947
2006-03-02 00:00:00,0.5021846037182155
2006-03-03 00:00:00,0.5010590547319477
2006-03-06 00:00:00,0.5021555666659746
2006-03-07 00:00:00,0.5058781505967133
2006-03-08 00:00:00,0.5059357769056672
2006-03-09 00:00:00,0.5057048238743233
2006-03-10 00:00:00,0.5088502491244659
2006-03-13 00:00:00,0.5072629731937212
2006-03-14 00:00:00,0.5023570348495495
2006-03-15 00:00:00,0.5028763881029803
2006-03-16 00:00:00,0.5001925106791032
2006-03-17 00:00:00,0.499579588261354
2006-03-20 00:00:00,0.499579588261354
2006-03-21 00:00:00,0.499579588261354
2006-03-22 00:00:00,0.499579588261354
2006-03-23 00:00:00,0.499579588261354
2006-03-24 00:00:00,0.499579588261354
2006-03-27 00:00:00,0.499579588261354
2006-03-28 00:00:00,0.499579588261354
2006-03-29 00:00:00,0.499579588261354
2006-03-30 00:00:00,0.499579588261354
2006-03-31 00:00:00,0.499579588261354
2006-04-03 00:00:00,0.499579588261354
2006-04-04 00:00:00,0.499579588261354
2006-04-05 00:00:00,0.499579588261354
2006-04-06 00:00:00,0.499579588261354
2006-04-07 00:00:00,0.499579588261354
2006-04-10 00:00:00,0.499579588261354
2006-04-11 00:00:00,0.499579588261354
2006-04-12 00:00:00,0.499579588261354
2006-04-13 00:00:00,0.499579588261354
2006-04-14 00:00:00,0.499579588261354
2006-04-17 00:00:00,0.499579588261354
2006-04-18 00:00:00,0.499579588261354
2006-04-19 00:00:00,0.499579588261354
2006-04-20 00:00:00,0.499579588261354
2006-04-21 00:00:00,0.499579588261354
2006-04-24 00:00:00,0.499579588261354
2006-04-25 00:00:00,0.499579588261354
2006-04-26 00:00:00,0.499579588261354
2006-04-27 00:00:00,0.499579588261354
2006-04-28 00:00:00,0.499579588261354
2006-05-01 00:00:00,0.499579588261354
2006-05-02 00:00:00,0.499579588261354
2006-05-03 00:00:00,0.499579588261354
2006-05-04 00:00:00,0.499579588261354
2006-05-05 00:00:00,0.499579588261354
2006-05-08 00:00:00,0.499579588261354
2006-05-09 00:00:00,0.499579588261354
2006-05-10 00:00:00,0.499579588261354
2006-05-11 00:00:00,0.499579588261354
2006-05-12 00:00:00,0.499579588261354
2006-05-15 00:00:00,0.499579588261354
2006-05-16 00:00:00,0.499579588261354
2006-05-17 00:00:00,0.499579588261354
2006-05-18 00:00:00,0.499579588261354
2006-05-19 00:00:00,0.499579588261354
2006-05-22 00:00:00,0.499579588261354
2006-05-23 00:00:00,0.499579588261354
2006-05-24 00:00:00,0.499579588261354
2006-05-25 00:00:00,0.499579588261354
2006-05-26 00:00:00,0.499579588261354
2006-05-30 00:00:00,0.499579588261354
2006-05-31 00:00:00,0.499579588261354
2006-06-01 00:00:00,0.499579588261354
2006-06-02 00:00:00,0.499579588261354
2006-06-05 00:00:00,0.499579588261354
2006-06-06 00:00:00,0.499579588261354
2006-06-07 00:00:00,0.499579588261354
2006-06-08 00:00:00,0.499579588261354
2006-06-09 00:00:00,0.499579588261354
2006-06-12 00:00:00,0.499579588261354
2006-06-13 00:00:00,0.499579588261354
2006-06-14 00:00:00,0.499579588261354
2006-06-15 00:00:00,0.499579588261354
2006-06-16 00:00:00,0.499579588261354
2006-06-19 00:00:00,0.499579588261354
2006-06-20 00:00:00,0.499579588261354
2006-06-21 00:00:00,0.499579588261354
2006-06-22 00:00:00,0.499579588261354
2006-06-23 00:00:00,0.499579588261354
2006-06-26 00:00:00,0.499579588261354
2006-06-27 00:00:00,0.499579588261354
2006-06-28 00:00:00,0.499579588261354
2006-06-29 00:00:00,0.499579588261354
2006-06-30 00:00:00,0.499579588261354
2006-07-03 00:00:00,0.499579588261354
2006-07-05 00:00:00,0.499579588261354
2006-07-06 00:00:00,0.499579588261354
2006-07-07 00:00:00,0.499579588261354
2006-07-10 00:00:00,0.499579588261354
2006-07-11 00:00:00,0.499579588261354
2006-07-12 00:00:00,0.499579588261354
2006-07-13 00:00:00,0.499579588261354
2006-07-14 00:00:00,0.499579588261354
2006-07-17 00:00:00,0.499579588261354
2006-07-18 00:00:00,0.499579588261354
2006-07-19 00:00:00,0.499579588261354
2006-07-20 00:00:00,0.499579588261354
2006-07-21 00:00:00,0.499579588261354
2006-07-24 00:00:00,0.499579588261354
2006-07-25 00:00:00,0.499579588261354
2006-07-26 00:00:00,0.499579588261354
2006-07-27 00:00:00,0.499579588261354
2006-07-28 00:00:00,0.499579588261354
2006-07-31 00:00:00,0.499579588261354
2006-08-01 00:00:00,0.499579588261354
2006-08-02 00:00:00,0.499579588261354
2006-08-03 00:00:00,0.499579588261354
2006-08-04 00:00:00,0.499579588261354
2006-08-07 00:00:00,0.499579588261354
2006-08-08 00:00:00,0.499579588261354
2006-08-09 00:00:00,0.499579588261354
2006-08-10 00:00:00,0.499579588261354
2006-08-11 00:00:00,0.499579588261354
2006-08-14 00:00:00,0.499579588261354
2006-08-15 00:00:00,0.499579588261354
2006-08-16 00:00:00,0.499579588261354
2006-08-17 00:00:00,0.499579588261354
2006-08-18 00:00:00,0.499579588261354
2006-08-21 00:00:00,0.499579588261354
2006-08-22 00:00:00,0.499579588261354
2006-08-23 00:00:00,0.499579588261354
2006-08-24 00:00:00,0.499579588261354
2006-08-25 00:00:00,0.499579588261354
2006-08-28 00:00:00,0.499579588261354
2006-08-29 00:00:00,0.499579588261354
2006-08-30 00:00:00,0.499579588261354
2006-08-31 00:00:00,0.499579588261354
2006-09-01 00:00:00,0.499579588261354
2006-09-05 00:00:00,0.499579588261354
2006-09-06 00:00:00,0.499579588261354
2006-09-07 00:00:00,0.499579588261354
2006-09-08 00:00:00,0.499579588261354
2006-09-11 00:00:00,0.499579588261354
2006-09-12 00:00:00,0.499579588261354
2006-09-13 00:00:00,0.499579588261354
2006-09-14 00:00:00,0.499579588261354
2006-09-15 00:00:00,0.499579588261354
2006-09-18 00:00:00,0.499579588261354
2006-09-19 00:00:00,0.499579588261354
2006-09-20 00:00:00,0.499579588261354
2006-09-21 00:00:00,0.499579588261354
2006-09-22 00:00:00,0.499579588261354
2006-09-25 00:00:00,0.499579588261354
2006-09-26 00:00:00,0.499579588261354
2006-09-27 00:00:00,0.499579588261354
2006-09-28 00:00:00,0.499579588261354
2006-09-29 00:00:00,0.499579588261354
2006-10-02 00:00:00,0.499579588261354
2006-10-03 00:00:00,0.499579588261354
2006-10-04 00:00:00,0.499579588261354
2006-10-05 00:00:00,0.499579588261354
2006-10-06 00:00:00,0.499579588261354
2006-10-10 00:00:00,0.499579588261354
2006-10-11 00:00:00,0.499579588261354
2006-10-12 00:00:00,0.499579588261354
2006-10-13 00:00:00,0.499579588261354
2006-10-16 00:00:00,0.499579588261354
2006-10-17 00:00:00,0.499579588261354
2006-10-18 00:00:00,0.499579588261354
2006-10-19 00:00:00,0.499579588261354
2006-10-20 00:00:00,0.499579588261354
2006-10-23 00:00:00,0.499579588261354
2006-10-24 00:00:00,0.499579588261354
2006-10-25 00:00:00,0.499579588261354
2006-10-26 00:00:00,0.499579588261354
2006-10-27 00:00:00,0.499579588261354
2006-10-30 00:00:00,0.499579588261354
2006-10-31 00:00:00,0.499579588261354
2006-11-01 00:00:00,0.499579588261354
2006-11-02 00:00:00,0.499579588261354
2006-11-03 00:00:00,0.499579588261354
2006-11-06 00:00:00,0.499579588261354
2006-11-07 00:00:00,0.499579588261354
2006-11-08 00:00:00,0.499579588261354
2006-11-09 00:00:00,0.499579588261354
2006-11-10 00:00:00,0.499579588261354
2006-11-13 00:00:00,0.499579588261354
2006-11-14 00:00:00,0.499579588261354
2006-11-15 00:00:00,0.499579588261354
2006-11-16 00:00:00,0.499579588261354
2006-11-17 00:00:00,0.499579588261354
2006-11-20 00:00:00,0.499579588261354
2006-11-21 00:00:00,0.499579588261354
2006-11-22 00:00:00,0.499579588261354
2006-11-24 00:00:00,0.499579588261354
2006-11-27 00:00:00,0.499579588261354
2006-11-28 00:00:00,0.499579588261354
2006-11-29 00:00:00,0.499579588261354
2006-11-30 00:00:00,0.499579588261354
2006-12-01 00:00:00,0.499579588261354
2006-12-04 00:00:00,0.499579588261354
2006-12-05 00:00:00,0.499579588261354
2006-12-06 00:00:00,0.499579588261354
2006-12-07 00:00:00,0.499579588261354
2006-12-08 00:00:00,0.499579588261354
2006-12-11 00:00:00,0.499579588261354
2006-12-12 00:00:00,0.499579588261354
2006-12-13 00:00:00,0.499579588261354
2006-12-14 00:00:00,0.499579588261354
2006-12-15 00:00:00,0.499579588261354
2006-12-18 00:00:00,0.499579588261354
2006-12-19 00:00:00,0.499579588261354
2006-12-20 00:00:00,0.499579588261354
2006-12-21 00:00:00,0.499579588261354
2006-12-22 00:00:00,0.499579588261354
2006-12-26 00:00:00,0.499579588261354
2006-12-27 00:00:00,0.499579588261354
2006-12-28 00:00:00,0.499579588261354
2006-12-29 00:00:00,0.499579588261354
2007-01-02 00:00:00,0.499579588261354
2007-01-03 00:00:00,0.499579588261354
2007-01-04 00:00:00,0.499579588261354
2007-01-05 00:00:00,0.499579588261354
2007-01-08 00:00:00,0.499579588261354
2007-01-09 00:00:00,0.499579588261354
2007-01-10 00:00:00,0.499579588261354
2007-01-11 00:00:00,0.499579588261354
2007-01-12 00:00:00,0.499579588261354
2007-01-16 00:00:00,0.499579588261354
2007-01-17 00:00:00,0.499579588261354
2007-01-18 00:00:00,0.499579588261354
2007-01-19 00:00:00,0.499579588261354
2007-01-22 00:00:00,0.499579588261354
2007-01-23 00:00:00,0.499579588261354
2007-01-24 00:00:00,0.499579588261354
2007-01-25 00:00:00,0.499579588261354
2007-01-26 00:00:00,0.499579588261354
2007-01-29 00:00:00,0.499579588261354
2007-01-30 00:00:00,0.499579588261354
2007-01-31 00:00:00,0.499579588261354
2007-02-01 00:00:00,0.499579588261354
2007-02-02 00:00:00,0.499579588261354
2007-02-05 00:00:00,0.499579588261354
2007-02-06 00:00:00,0.499579588261354
2007-02-07 00:00:00,0.499579588261354
2007-02-08 00:00:00,0.499579588261354
2007-02-09 00:00:00,0.499579588261354
2007-02-12 00:00:00,0.499579588261354
2007-02-13 00:00:00,0.499579588261354
2007-02-14 00:00:00,0.499579588261354
2007-02-15 00:00:00,0.499579588261354
2007-02-16 00:00:00,0.499579588261354
2007-02-20 00:00:00,0.499579588261354
2007-02-21 00:00:00,0.499579588261354
2007-02-22 00:00:00,0.499579588261354
2007-02-23 00:00:00,0.499579588261354
2007-02-26 00:00:00,0.499579588261354
2007-02-27 00:00:00,0.499579588261354
2007-02-28 00:00:00,0.499579588261354
2007-03-01 00:00:00,0.499579588261354
2007-03-02 00:00:00,0.499579588261354
2007-03-05 00:00:00,0.499579588261354
2007-03-06 00:00:00,0.499579588261354
2007-03-07 00:00:00,0.499579588261354
2007-03-08 00:00:00,0.499579588261354
2007-03-09 00:00:00,0.499579588261354
2007-03-12 00:00:00,0.499579588261354
2007-03-13 00:00:00,0.499579588261354
2007-03-14 00:00:00,0.499579588261354
2007-03-15 00:00:00,0.499579588261354
2007-03-16 00:00:00,0.499579588261354
2007-03-19 00:00:00,0.499579588261354
2007-03-20 00:00:00,0.499579588261354
2007-03-21 00:00:00,0.499579588261354
2007-03-22 00:00:00,0.499579588261354
2007-03-23 00:00:00,0.499579588261354
2007-03-26 00:00:00,0.499579588261354
2007-03-27 00:00:00,0.499579588261354
2007-03-28 00:00:00,0.499579588261354
2007-03-29 00:00:00,0.499579588261354
2007-03-30 00:00:00,0.499579588261354
2007-04-02 00:00:00,0.499579588261354
2007-04-03 00:00:00,0.499579588261354
2007-04-04 00:00:00,0.499579588261354
2007-04-05 00:00:00,0.499579588261354
2007-04-06 00:00:00,0.499579588261354
2007-04-09 00:00:00,0.499579588261354
2007-04-10 00:00:00,0.499579588261354
2007-04-11 00:00:00,0.499579588261354
2007-04-12 00:00:00,0.499579588261354
2007-04-13 00:00:00,0.499579588261354
2007-04-16 00:00:00,0.499579588261354
2007-04-17 00:00:00,0.499579588261354
2007-04-18 00:00:00,0.499579588261354
2007-04-19 00:00:00,0.499579588261354
2007-04-20 00:00:00,0.499579588261354
2007-04-23 00:00:00,0.499579588261354
2007-04-24 00:00:00,0.499579588261354
2007-04-25 00:00:00,0.499579588261354
2007-04-26 00:00:00,0.499579588261354
2007-04-27 00:00:00,0.499579588261354
2007-04-30 00:00:00,0.499579588261354
2007-05-01 00:00:00,0.499579588261354
2007-05-02 00:00:00,0.499579588261354
2007-05-03 00:00:00,0.499579588261354
2007-05-04 00:00:00,0.499579588261354
2007-05-07 00:00:00,0.499579588261354
2007-05-08 00:00:00,0.499579588261354
2007-05-09 00:00:00,0.499579588261354
2007-05-10 00:00:00,0.499579588261354
2007-05-11 00:00:00,0.499579588261354
2007-05-14 00:00:00,0.499579588261354
2007-05-15 00:00:00,0.499579588261354
2007-05-16 00:00:00,0.499579588261354
2007-05-17 00:00:00,0.499579588261354
2007-05-18 00:00:00,0.499579588261354
2007-05-21 00:00:00,0.499579588261354
2007-05-22 00:00:00,0.499579588261354
2007-05-23 00:00:00,0.499579588261354
2007-05-24 00:00:00,0.499579588261354
2007-05-25 00:00:00,0.499579588261354
2007-05-29 00:00:00,0.499579588261354
2007-05-30 00:00:00,0.499579588261354
2007-05-31 00:00:00,0.499579588261354
2007-06-01 00:00:00,0.499579588261354
2007-06-04 00:00:00,0.499579588261354
2007-06-05 00:00:00,0.499579588261354
2007-06-06 00:00:00,0.499579588261354
2007-06-07 00:00:00,0.499579588261354
2007-06-08 00:00:00,0.499579588261354
2007-06-11 00:00:00,0.499579588261354
2007-06-12 00:00:00,0.499579588261354
2007-06-13 00:00:00,0.499579588261354
2007-06-14 00:00:00,0.499579588261354
2007-06-15 00:00:00,0.499579588261354
2007-06-18 00:00:00,0.499579588261354
2007-06-19 00:00:00,0.499579588261354
2007-06-20 00:00:00,0.499579588261354
2007-06-21 00:00:00,0.499579588261354
2007-06-22 00:00:00,0.499579588261354
2007-06-25 00:00:00,0.499579588261354
2007-06-26 00:00:00,0.499579588261354
2007-06-27 00:00:00,0.499579588261354
2007-06-28 00:00:00,0.499579588261354
2007-06-29 00:00:00,0.499579588261354
2007-07-02 00:00:00,0.499579588261354
2007-07-03 00:00:00,0.499579588261354
2007-07-05 00:00:00,0.499579588261354
2007-07-06 00:00:00,0.499579588261354
2007-07-09 00:00:00,0.499579588261354
2007-07-10 00:00:00,0.499579588261354
2007-07-11 00:00:00,0.499579588261354
2007-07-12 00:00:00,0.499579588261354
2007-07-13 00:00:00,0.499579588261354
2007-07-16 00:00:00,0.499579588261354
2007-07-17 00:00:00,0.499579588261354
2007-07-18 00:00:00,0.499579588261354
2007-07-19 00:00:00,0.499579588261354
2007-07-20 00:00:00,0.499579588261354
2007-07-23 00:00:00,0.499579588261354
2007-07-24 00:00:00,0.499579588261354
2007-07-25 00:00:00,0.499579588261354
2007-07-26 00:00:00,0.499579588261354
2007-07-27 00:00:00,0.499579588261354
2007-07-30 00:00:00,0.499579588261354
2007-07-31 00:00:00,0.499579588261354
2007-08-01 00:00:00,0.499579588261354
2007-08-02 00:00:00,0.499579588261354
2007-08-03 00:00:00,0.499579588261354
2007-08-06 00:00:00,0.499579588261354
2007-08-07 00:00:00,0.499579588261354
2007-08-08 00:00:00,0.499579588261354
2007-08-09 00:00:00,0.499579588261354
2007-08-10 00:00:00,0.499579588261354
2007-08-13 00:00:00,0.499579588261354
2007-08-14 00:00:00,0.499579588261354
2007-08-15 00:00:00,0.499579588261354
2007-08-16 00:00:00,0.499579588261354
2007-08-17 00:00:00,0.499579588261354
2007-08-20 00:00:00,0.499579588261354
2007-08-21 00:00:00,0.499579588261354
2007-08-22 00:00:00,0.499579588261354
2007-08-23 00:00:00,0.499579588261354
2007-08-24 00:00:00,0.499579588261354
2007-08-27 00:00:00,0.499579588261354
2007-08-28 00:00:00,0.499579588261354
2007-08-29 00:00:00,0.499579588261354
2007-08-30 00:00:00,0.499579588261354
2007-08-31 00:00:00,0.499579588261354
2007-09-03 00:00:00,0.499579588261354
2007-09-04 00:00:00,0.499579588261354
2007-09-05 00:00:00,0.499579588261354
2007-09-06 00:00:00,0.499579588261354
2007-09-07 00:00:00,0.499579588261354
2007-09-10 00:00:00,0.499579588261354
2007-09-11 00:00:00,0.499579588261354
2007-09-12 00:00:00,0.499579588261354
2007-09-13 00:00:00,0.499579588261354
2007-09-14 00:00:00,0.499579588261354
2007-09-17 00:00:00,0.499579588261354
2007-09-18 00:00:00,0.499579588261354
2007-09-19 00:00:00,0.499579588261354
2007-09-20 00:00:00,0.499579588261354
2007-09-21 00:00:00,0.499579588261354
2007-09-24 00:00:00,0.499579588261354
2007-09-25 00:00:00,0.499579588261354
2007-09-26 00:00:00,0.499579588261354
2007-09-27 00:00:00,0.499579588261354
2007-09-28 00:00:00,0.499579588261354
2007-10-01 00:00:00,0.499579588261354
2007-10-02 00:00:00,0.499579588261354
2007-10-03 00:00:00,0.499579588261354
2007-10-04 00:00:00,0.499579588261354
2007-10-05 00:00:00,0.499579588261354
2007-10-08 00:00:00,0.499579588261354
2007-10-09 00:00:00,0.499579588261354
2007-10-10 00:00:00,0.499579588261354
2007-10-11 00:00:00,0.499579588261354
2007-10-12 00:00:00,0.499579588261354
2007-10-15 00:00:00,0.499579588261354
2007-10-16 00:00:00,0.499579588261354
2007-10-17 00:00:00,0.499579588261354
2007-10-18 00:00:00,0.499579588261354
2007-10-19 00:00:00,0.499579588261354
2007-10-22 00:00:00,0.499579588261354
2007-10-23 00:00:00,0.499579588261354
2007-10-24 00:00:00,0.499579588261354
2007-10-25 00:00:00,0.499579588261354
2007-10-26 00:00:00,0.499579588261354
2007-10-29 00:00:00,0.499579588261354
2007-10-30 00:00:00,0.499579588261354
2007-10-31 00:00:00,0.499579588261354
2007-11-01 00:00:00,0.499579588261354
2007-11-02 00:00:00,0.499579588261354
2007-11-05 00:00:00,0.499579588261354
2007-11-06 00:00:00,0.499579588261354
2007-11-07 00:00:00,0.499579588261354
2007-11-08 00:00:00,0.499579588261354
2007-11-09 00:00:00,0.499579588261354
2007-11-13 00:00:00,0.499579588261354
2007-11-14 00:00:00,0.499579588261354
2007-11-15 00:00:00,0.499579588261354
2007-11-16 00:00:00,0.499579588261354
2007-11-19 00:00:00,0.499579588261354
2007-11-20 00:00:00,0.499579588261354
2007-11-21 00:00:00,0.499579588261354
2007-11-22 00:00:00,0.499579588261354
2007-11-23 00:00:00,0.499579588261354
2007-11-26 00:00:00,0.499579588261354
2007-11-27 00:00:00,0.499579588261354
2007-11-28 00:00:00,0.499579588261354
2007-11-29 00:00:00,0.499579588261354
2007-11-30 00:00:00,0.499579588261354
2007-12-03 00:00:00,0.499579588261354
2007-12-04 00:00:00,0.499579588261354
2007-12-05 00:00:00,0.499579588261354
2007-12-06 00:00:00,0.499579588261354
2007-12-07 00:00:00,0.499579588261354
2007-12-10 00:00:00,0.499579588261354
2007-12-11 00:00:00,0.499579588261354
2007-12-12 00:00:00,0.499579588261354
2007-12-13 00:00:00,0.499579588261354
2007-12-14 00:00:00,0.499579588261354
2007-12-17 00:00:00,0.499579588261354
2007-12-18 00:00:00,0.499579588261354
2007-12-19 00:00:00,0.499579588261354
2007-12-20 00:00:00,0.499579588261354
2007-12-21 00:00:00,0.49924842206803904
2007-12-24 00:00:00,0.5007067796508482
2007-12-26 00:00:00,0.4991909991268596
2007-12-27 00:00:00,0.4972971501994644
2007-12-28 00:00:00,0.49671393840387856
2007-12-31 00:00:00,0.4988528191128195
2008-01-02 00:00:00,0.49930299428654457
2008-01-03 00:00:00,0.5015678977966209
2008-01-04 00:00:00,0.5009342768805808
2008-01-07 00:00:00,0.5022666116622545
2008-01-08 00:00:00,0.501532172505306
2008-01-09 00:00:00,0.505712622592642
2008-01-10 00:00:00,0.5056587065618252
2008-01-11 00:00:00,0.5049494719651036
2008-01-14 00:00:00,0.5051476015365579
2008-01-15 00:00:00,0.5029008887659833
2008-01-16 00:00:00,0.503703927782888
2008-01-17 00:00:00,0.5010035329282255
2008-01-18 00:00:00,0.5063938019064623
2008-01-22 00:00:00,0.5051552715449719
2008-01-23 00:00:00,0.5066892428084623
2008-01-24 00:00:00,0.5011659372083647
2008-01-25 00:00:00,0.4993981110821051
2008-01-28 00:00:00,0.4979831487990247
2008-01-29 00:00:00,0.49795443732843503
2008-01-30 00:00:00,0.497346020972622
2008-01-31 00:00:00,0.4969392410986258
2008-02-01 00:00:00,0.5021530781552729
2008-02-04 00:00:00,0.4998559562642442
2008-02-05 00:00:00,0.5036331333879466
2008-02-06 00:00:00,0.504158922242353
2008-02-07 00:00:00,0.5087678498535497
2008-02-08 00:00:00,0.5074032966909237
2008-02-11 00:00:00,0.5070469259373817
2008-02-12 00:00:00,0.5035903942759064
2008-02-13 00:00:00,0.503662501046225
2008-02-14 00:00:00,0.5013653791551962
2008-02-15 00:00:00,0.503731100906181
2008-02-19 00:00:00,0.5062732545787555
2008-02-20 00:00:00,0.5089162264922384
2008-02-21 00:00:00,0.5036197619341847
2008-02-22 00:00:00,0.5022300042113316
2008-02-25 00:00:00,0.5022012927407418
2008-02-26 00:00:00,0.5001814210122112
2008-02-27 00:00:00,0.49571670694165176
2008-02-28 00:00:00,0.4967969961210545
2008-02-29 00:00:00,0.4971463530538713
2008-03-03 00:00:00,0.4974705054264609
2008-03-04 00:00:00,0.4973409757149628
2008-03-05 00:00:00,0.4951698766250695
2008-03-06 00:00:00,0.4917637540840484
2008-03-07 00:00:00,0.49034879180096813
2008-03-10 00:00:00,0.48936230704174855
2008-03-11 00:00:00,0.49248416559954633
2008-03-12 00:00:00,0.4881706788903495
2008-03-13 00:00:00,0.48562151139704984
2008-03-14 00:00:00,0.48602127745032087
2008-03-17 00:00:00,0.49320107020468174
2008-03-18 00:00:00,0.48792981020685516
2008-03-19 00:00:00,0.4969243312975673
2008-03-20 00:00:00,0.4977777794349261
2008-03-21 00:00:00,0.49767345428365506
2008-03-24 00:00:00,0.4969894242471607
2008-03-25 00:00:00,0.49330605154364143
2008-03-26 00:00:00,0.49272283974805553
2008-03-27 00:00:00,0.49072817257975193
2008-03-28 00:00:00,0.495916805076172
2008-03-31 00:00:00,0.4967702532135308
2008-04-01 00:00:00,0.4987831111213361
2008-04-02 00:00:00,0.49741855795871015
2008-04-03 00:00:00,0.49401243541768897
2008-04-04 00:00:00,0.49433658779027867
2008-04-07 00:00:00,0.4966266958605821
2008-04-08 00:00:00,0.5007567368274639
2008-04-09 00:00:00,0.49982066118869856
2008-04-10 00:00:00,0.49938867675447524
2008-04-11 00:00:00,0.5002421248918341
2008-04-14 00:00:00,0.4974661163564903
2008-04-15 00:00:00,0.5022010667688226
2008-04-16 00:00:00,0.4989209670289369
2008-04-17 00:00:00,0.49506116240382797
2008-04-18 00:00:00,0.49359579100029344
2008-04-21 00:00:00,0.497398172684223
2008-04-22 00:00:00,0.4928074358125281
2008-04-23 00:00:00,0.49802127286917525
2008-04-24 00:00:00,0.4997568806144825
2008-04-25 00:00:00,0.496779235597322
2008-04-28 00:00:00,0.49486018210969984
2008-04-29 00:00:00,0.4988894048356732
2008-04-30 00:00:00,0.4963402373423734
2008-05-01 00:00:00,0.4987815727740395
2008-05-02 00:00:00,0.4985764293818601
2008-05-05 00:00:00,0.5004884690487571
2008-05-06 00:00:00,0.49874584748272455
2008-05-07 00:00:00,0.5043881620632323
2008-05-08 00:00:00,0.5038301548278735
2008-05-09 00:00:00,0.5052381032902284
2008-05-12 00:00:00,0.5019327989901157
2008-05-13 00:00:00,0.5055839533126826
2008-05-14 00:00:00,0.5060341284864077
2008-05-15 00:00:00,0.5050728482874153
2008-05-16 00:00:00,0.5027253172759324
2008-05-19 00:00:00,0.5054186983098695
2008-05-20 00:00:00,0.4995173243063654
2008-05-21 00:00:00,0.5003959770039512
2008-05-22 00:00:00,0.49744353654701795
2008-05-23 00:00:00,0.49658307458893386
2008-05-27 00:00:00,0.49824306865355983
2008-05-28 00:00:00,0.49682810637047964
2008-05-29 00:00:00,0.4979840092305636
2008-05-30 00:00:00,0.4970983427122524
2008-06-02 00:00:00,0.5002706103905045
2008-06-03 00:00:00,0.5006451718835483
2008-06-04 00:00:00,0.5031873255561228
2008-06-05 00:00:00,0.5027805456821266
2008-06-06 00:00:00,0.49942483226155965
2008-06-09 00:00:00,0.49780823349666253
2008-06-10 00:00:00,0.5031985024748994
2008-06-11 00:00:00,0.5005737213009184
2008-06-12 00:00:00,0.5050566261109795
2008-06-13 00:00:00,0.5042969823938039
2008-06-16 00:00:00,0.500714427931193
2008-06-17 00:00:00,0.5030297405617236
2008-06-18 00:00:00,0.5023457105252292
2008-06-19 00:00:00,0.4983094739785306
2008-06-20 00:00:00,0.4980791260261241
2008-06-23 00:00:00,0.5012765982646031
2008-06-24 00:00:00,0.49877783989175767
2008-06-25 00:00:00,0.4996312880291164
2008-06-26 00:00:00,0.4945364599528795
2008-06-27 00:00:00,0.4928694520675283
2008-06-30 00:00:00,0.49364728652420575
2008-07-01 00:00:00,0.49301366560816556
2008-07-02 00:00:00,0.49311097693871137
2008-07-03 00:00:00,0.4956027214908317
2008-07-07 00:00:00,0.4988001937293108
2008-07-08 00:00:00,0.49907393698144625
2008-07-09 00:00:00,0.49584424636201474
2008-07-10 00:00:00,0.49669769449937357
2008-07-11 00:00:00,0.49369484492198595
2008-07-14 00:00:00,0.49290999664458324
2008-07-15 00:00:00,0.49008357898878535
2008-07-16 00:00:00,0.4910882544875067
2008-07-17 00:00:00,0.48997574692715173
2008-07-18 00:00:00,0.4912828771485983
2008-07-21 00:00:00,0.49140539303937114
2008-07-22 00:00:00,0.49233445485741123
2008-07-23 00:00:00,0.4902893785686535
2008-07-24 00:00:00,0.4950243289809857
2008-07-25 00:00:00,0.49378579861949506
2008-07-28 00:00:00,0.4921691998545981
2008-07-29 00:00:00,0.4956187176953482
2008-07-30 00:00:00,0.49546398342362297
2008-07-31 00:00:00,0.4955360901939416
2008-08-01 00:00:00,0.49709526601765924
2008-08-04 00:00:00,0.5005195792981822
2008-08-05 00:00:00,0.5023560052843978
2008-08-06 00:00:00,0.5036631355058445
2008-08-07 00:00:00,0.5046426064443388
2008-08-08 00:00:00,0.5108142167896157
2008-08-11 00:00:00,0.5120205287701538
2008-08-12 00:00:00,0.515495251171131
2008-08-13 00:00:00,0.5236076126538947
2008-08-14 00:00:00,0.5227471506958107
2008-08-15 00:00:00,0.5243315310797554
2008-08-18 00:00:00,0.5237483192841694
2008-08-19 00:00:00,0.5241732898976675
2008-08-20 00:00:00,0.525455215558887
2008-08-21 00:00:00,0.5215197972530967
2008-08-22 00:00:00,0.5268848616711064
2008-08-25 00:00:00,0.5257723541107514
2008-08-26 00:00:00,0.5307845546855817
2008-08-27 00:00:00,0.5324949578706618
2008-08-28 00:00:00,0.5338272926523355
2008-08-29 00:00:00,0.5356637186385512
2008-09-02 00:00:00,0.5441289439644943
2008-09-03 00:00:00,0.5455620969870764
2008-09-04 00:00:00,0.5482050689005593
2008-09-05 00:00:00,0.5482267665504238
2008-09-08 00:00:00,0.5518275117525364
2008-09-09 00:00:00,0.5485474120126508
2008-09-10 00:00:00,0.5516692705704486
2008-09-11 00:00:00,0.5529007871112138
2008-09-12 00:00:00,0.5428154561100111
2008-09-15 00:00:00,0.5432656312837363
2008-09-16 00:00:00,0.545127261830179
2008-09-17 00:00:00,0.542754526258469
2008-09-18 00:00:00,0.5353912877617931
2008-09-19 00:00:00,0.5325648701059952
2008-09-22 00:00:00,0.5278229058729378
2008-09-23 00:00:00,0.5259290569455426
2008-09-24 00:00:00,0.5273118008476705
2008-09-25 00:00:00,0.5297027271588823
2008-09-26 00:00:00,0.5298252430496552
2008-09-29 00:00:00,0.5387693550199132
2008-09-30 00:00:00,0.5447897380038276
2008-10-01 00:00:00,0.5447610265332378
2008-10-02 00:00:00,0.548487794536486
2008-10-03 00:00:00,0.5463166954465928
2008-10-06 00:00:00,0.5553616256577592
2008-10-07 00:00:00,0.5499895474190241
2008-10-08 00:00:00,0.5570685219324767
2008-10-09 00:00:00,0.5591821980811905
2008-10-10 00:00:00,0.5638919439332956
2008-10-14 00:00:00,0.5526472031616462
2008-10-15 00:00:00,0.5538787197024114
2008-10-16 00:00:00,0.5586136701147437
2008-10-17 00:00:00,0.5569718667896196
2008-10-20 00:00:00,0.5613035442383182
2008-10-21 00:00:00,0.5687605871551772
2008-10-22 00:00:00,0.585442499115155
2008-10-23 00:00:00,0.5852373557229755
2008-10-24 00:00:00,0.5990711523772909
2008-10-27 00:00:00,0.6030499659828101
2008-10-28 00:00:00,0.6000219118451955
2008-10-29 00:00:00,0.5821735762940459
2008-10-30 00:00:00,0.582850592509815
2008-10-31 00:00:00,0.5854683598630708
2008-11-03 00:00:00,0.5932530620628821
2008-11-04 00:00:00,0.5871752561377883
2008-11-05 00:00:00,0.5856090664933454
2008-11-06 00:00:00,0.594200314620424
2008-11-07 00:00:00,0.5948269217157388
2008-11-10 00:00:00,0.598553689718987
2008-11-12 00:00:00,0.6143282375107891
2008-11-13 00:00:00,0.6196680973685719
2008-11-14 00:00:00,0.6181019077241289
2008-11-17 00:00:00,0.6137884210149323
2008-11-18 00:00:00,0.6134572548216173
2008-11-19 00:00:00,0.6120927016589912
2008-11-20 00:00:00,0.6197765856178942
2008-11-21 00:00:00,0.6190673510211727
2008-11-24 00:00:00,0.6099397933085998
2008-11-25 00:00:00,0.6055758974789488
2008-11-26 00:00:00,0.6088489833981092
2008-11-28 00:00:00,0.6055436790979964
2008-12-01 00:00:00,0.6183188842227736
2008-12-02 00:00:00,0.61554287568743
2008-12-03 00:00:00,0.6196981212145389
2008-12-04 00:00:00,0.6194677732621323
2008-12-05 00:00:00,0.6241019054335561
2008-12-08 00:00:00,0.6184021679118689
2008-12-09 00:00:00,0.6197597072537696
2008-12-10 00:00:00,0.6183699495309165
2008-12-11 00:00:00,0.6152410771523934
2008-12-12 00:00:00,0.6172035259397446
2008-12-15 00:00:00,0.6069921721374064
2008-12-16 00:00:00,0.6059048691372784
2008-12-17 00:00:00,0.6024231329155759
2008-12-18 00:00:00,0.6113168357653798
2008-12-19 00:00:00,0.6175640597913379
2008-12-22 00:00:00,0.6187703717718761
2008-12-23 00:00:00,0.6198506609512788
2008-12-24 00:00:00,0.6220399507806739
2008-12-26 00:00:00,0.6213307161839525
2008-12-29 00:00:00,0.6240493017781166
2008-12-30 00:00:00,0.6289606841120385
2008-12-31 00:00:00,0.6232861511505784
2009-01-02 00:00:00,0.6257526911424716
2009-01-05 00:00:00,0.6236572057332597
2009-01-06 00:00:00,0.6192176962229273
2009-01-07 00:00:00,0.6071664095240108
2009-01-08 00:00:00,0.6087507899079555
2009-01-09 00:00:00,0.6074870549862378
2009-01-12 00:00:00,0.6178426223292134
2009-01-13 00:00:00,0.6253500743665267
2009-01-14 00:00:00,0.623078157035725
2009-01-15 00:00:00,0.6234275139685418
2009-01-16 00:00:00,0.6199961868672935
2009-01-20 00:00:00,0.6379635313988533
2009-01-21 00:00:00,0.6453701651952581
2009-01-22 00:00:00,0.6425185429792333
2009-01-23 00:00:00,0.6470770614699757
2009-01-26 00:00:00,0.6394365728108018
2009-01-27 00:00:00,0.6346694040175171
2009-01-28 00:00:00,0.6303811218685476
2009-01-29 00:00:00,0.6317386612104483
2009-01-30 00:00:00,0.6279040611455663
2009-02-02 00:00:00,0.6325381933169902
2009-02-03 00:00:00,0.6283255248487019
2009-02-04 00:00:00,0.6263308576803983
2009-02-05 00:00:00,0.6222442120132454
2009-02-06 00:00:00,0.6186364529904075
2009-02-09 00:00:00,0.6145498073232546
2009-02-10 00:00:00,0.6228890098480621
2009-02-11 00:00:00,0.6288337791512951
2009-02-12 00:00:00,0.6318044103477303
2009-02-13 00:00:00,0.6273901053976252
2009-02-17 00:00:00,0.6323518968520012
2009-02-18 00:00:00,0.6320459352189134
2009-02-19 00:00:00,0.6302024954119725
2009-02-20 00:00:00,0.6295184653754782
2009-02-23 00:00:00,0.6239447506549264
2009-02-24 00:00:00,0.6275707004172661
2009-02-25 00:00:00,0.6311462410591517
2009-02-26 00:00:00,0.6291767784510753
2009-02-27 00:00:00,0.6308115679554742
2009-03-02 00:00:00,0.6380165652700622
2009-03-03 00:00:00,0.636853648589253
2009-03-04 00:00:00,0.6341028446141365
2009-03-05 00:00:00,0.6345278152276345
2009-03-06 00:00:00,0.6348519676002241
2009-03-09 00:00:00,0.6437204658898008
2009-03-10 00:00:00,0.6415997759203618
2009-03-11 00:00:00,0.643083338063398
2009-03-12 00:00:00,0.6422732852257682
2009-03-13 00:00:00,0.6381866395586153
2009-03-16 00:00:00,0.6351585854210007
2009-03-17 00:00:00,0.6369698068469893
2009-03-18 00:00:00,0.638050096026392
2009-03-19 00:00:00,0.622646602817271
2009-03-20 00:00:00,0.6263733708205192
2009-03-23 00:00:00,0.6248071811760764
2009-03-24 00:00:00,0.6188806026123452
2009-03-25 00:00:00,0.622506552374685
2009-03-26 00:00:00,0.6246958422040801
2009-03-27 00:00:00,0.6290023150925517
2009-03-30 00:00:00,0.6334348107821586
2009-03-31 00:00:00,0.6295750061570496
2009-04-01 00:00:00,0.6269754295432957
2009-04-02 00:00:00,0.6194357591250301
2009-04-03 00:00:00,0.6168613870715032
2009-04-06 00:00:00,0.6190758814611254
2009-04-07 00:00:00,0.6182406240632685
2009-04-08 00:00:00,0.619522549724488
2009-04-09 00:00:00,0.6212329529095681
2009-04-10 00:00:00,0.6209017867162532
2009-04-13 00:00:00,0.6159329814411518
2009-04-14 00:00:00,0.6139887233933026
2009-04-15 00:00:00,0.6118680334238633
2009-04-16 00:00:00,0.6138808913316688
2009-04-17 00:00:00,0.6171539772508292
2009-04-20 00:00:00,0.6233255875961061
2009-04-21 00:00:00,0.6193649647300887
2009-04-22 00:00:00,0.6241755288231022
2009-04-23 00:00:00,0.6206433834809456
2009-04-24 00:00:00,0.6190519892762756
2009-04-27 00:00:00,0.6195021644500008
2009-04-28 00:00:00,0.6212629767555352
2009-04-29 00:00:00,0.6163193760406609
2009-04-30 00:00:00,0.6163662782507525
2009-05-01 00:00:00,0.6142707928415405
2009-05-04 00:00:00,0.6116208071073324
2009-05-05 00:00:00,0.6087187757708532
2009-05-06 00:00:00,0.6095974284684391
2009-05-07 00:00:00,0.6106777176478417
2009-05-08 00:00:00,0.608859482401128
2009-05-11 00:00:00,0.6074445201180477
2009-05-12 00:00:00,0.6050213754258834
2009-05-13 00:00:00,0.6068830059723263
2009-05-14 00:00:00,0.6060981576949235
2009-05-15 00:00:00,0.605388923098202
2009-05-18 00:00:00,0.6031674148878545
2009-05-19 00:00:00,0.5982994278536615
2009-05-20 00:00:00,0.5940111457046919
2009-05-21 00:00:00,0.5916384101329819
2009-05-22 00:00:00,0.5883583103930963
2009-05-26 00:00:00,0.5871701891520599
2009-05-27 00:00:00,0.5838648848519471
2009-05-28 00:00:00,0.5866590841267927
2009-05-29 00:00:00,0.5814886423698744
2009-06-01 00:00:00,0.5742010175538798
2009-06-02 00:00:00,0.5724836005480743
2009-06-03 00:00:00,0.5752273907024656
2009-06-04 00:00:00,0.5810461372045632
2009-06-05 00:00:00,0.5849493371294011
2009-06-08 00:00:00,0.5859540126281225
2009-06-09 00:00:00,0.5785907741314466
2009-06-10 00:00:00,0.5768733571256411
2009-06-11 00:00:00,0.571476074326679
2009-06-12 00:00:00,0.5720522723015397
2009-06-15 00:00:00,0.5784507236888605
2009-06-16 00:00:00,0.5739356004978469
2009-06-17 00:00:00,0.5777631867420036
2009-06-18 00:00:00,0.5758189286941542
2009-06-19 00:00:00,0.5715558511054116
2009-06-22 00:00:00,0.5764168243188793
2009-06-23 00:00:00,0.5763629082880625
2009-06-24 00:00:00,0.5727551492652245
2009-06-25 00:00:00,0.5765071218286998
2009-06-26 00:00:00,0.5723952716013199
2009-06-29 00:00:00,0.5714844005227816
2009-06-30 00:00:00,0.5734972584305871
2009-07-01 00:00:00,0.571653818623646
2009-07-02 00:00:00,0.574800881741671
2009-07-03 00:00:00,0.5763348530051614
2009-07-06 00:00:00,0.5789778249186444
2009-07-07 00:00:00,0.5807638417844058
2009-07-08 00:00:00,0.5840369277035662
2009-07-09 00:00:00,0.577102166730751
2009-07-10 00:00:00,0.5799971842465049
2009-07-13 00:00:00,0.5801197001372778
2009-07-14 00:00:00,0.5771924642405716
2009-07-15 00:00:00,0.5735090915370523
2009-07-16 00:00:00,0.5740348803914588
2009-07-17 00:00:00,0.5761989656606267
2009-07-20 00:00:00,0.5720367063127926
2009-07-21 00:00:00,0.5738983368592353
2009-07-22 00:00:00,0.5733655341841036
2009-07-23 00:00:00,0.5702366618055805
2009-07-24 00:00:00,0.5734845431645138
2009-07-27 00:00:00,0.5720947854416607
2009-07-28 00:00:00,0.5722929150131149
2009-07-29 00:00:00,0.574734250444781
2009-07-30 00:00:00,0.5720842647105727
2009-07-31 00:00:00,0.5662585043877499
2009-08-03 00:00:00,0.5601050847819748
2009-08-04 00:00:00,0.5606812827568356
2009-08-05 00:00:00,0.5595183660760263
2009-08-06 00:00:00,0.5646061803315379
2009-08-07 00:00:00,0.5672239476847937
2009-08-10 00:00:00,0.5717824661755363
2009-08-11 00:00:00,0.5714008908617672
2009-08-12 00:00:00,0.5704396106627747
2009-08-13 00:00:00,0.5693523076626468
2009-08-14 00:00:00,0.5706090287636391
2009-08-17 00:00:00,0.575772456699832
2009-08-18 00:00:00,0.5733493120076678
2009-08-19 00:00:00,0.5698675757859653
2009-08-20 00:00:00,0.5713763424892286
2009-08-21 00:00:00,0.571120789976595
2009-08-24 00:00:00,0.573259670685536
2009-08-25 00:00:00,0.5729032999319938
2009-08-26 00:00:00,0.5777894777056887
2009-08-27 00:00:00,0.5783404711203223
2009-08-28 00:00:00,0.5753124169827076
2009-08-31 00:00:00,0.5757121830359786
2009-09-01 00:00:00,0.5793633373585455
2009-09-02 00:00:00,0.5767889653050187
2009-09-03 00:00:00,0.5746178662151253
2009-09-04 00:00:00,0.5739842452990853
2009-09-08 00:00:00,0.5705781227580641
2009-09-09 00:00:00,0.5694152060772548
2009-09-10 00:00:00,0.5670676750657718
2009-09-11 00:00:00,0.5658795538247355
2009-09-14 00:00:00,0.5685477302984455
2009-09-15 00:00:00,0.5723501119823751
2009-09-16 00:00:00,0.5706831040970238
2009-09-17 00:00:00,0.570125096861665
2009-09-18 00:00:00,0.5765487528092128
2009-09-21 00:00:00,0.577477814627253
2009-09-22 00:00:00,0.573618010002144
2009-09-23 00:00:00,0.5729843890861038
2009-09-24 00:00:00,0.5814244098518198
2009-09-25 00:00:00,0.5839413589641672
2009-09-28 00:00:00,0.5853493074265221
2009-09-29 00:00:00,0.584967732112753
2009-09-30 00:00:00,0.5829226558239953
2009-10-01 00:00:00,0.584254990605669
2009-10-02 00:00:00,0.5860410074714304
2009-10-05 00:00:00,0.5848024771099399
2009-10-06 00:00:00,0.5853282659643464
2009-10-07 00:00:00,0.5854255772948921
2009-10-08 00:00:00,0.5805827948209262
2009-10-09 00:00:00,0.585443768034394
2009-10-13 00:00:00,0.5854150565638043
2009-10-14 00:00:00,0.5834203893955007
2009-10-15 00:00:00,0.5764604238624584
2009-10-16 00:00:00,0.5738860518089315
2009-10-19 00:00:00,0.5725971123269868
2009-10-20 00:00:00,0.5730724920609391
2009-10-21 00:00:00,0.5672467317381162
2009-10-22 00:00:00,0.567596088670933
2009-10-23 00:00:00,0.5737172898957558
2009-10-26 00:00:00,0.573688578425166
2009-10-27 00:00:00,0.574088344478437
2009-10-28 00:00:00,0.5730262460385361
2009-10-29 00:00:00,0.56835989548616
2009-10-30 00:00:00,0.5703475488337383
2009-11-02 00:00:00,0.5720579520188185
2009-11-03 00:00:00,0.5727097636743603
2009-11-04 00:00:00,0.5679425948810758
2009-11-05 00:00:00,0.5680651107718487
2009-11-06 00:00:00,0.5675071035364898
2009-11-09 00:00:00,0.5640757764352416
2009-11-10 00:00:00,0.5650552473737359
2009-11-12 00:00:00,0.568504765214486
2009-11-13 00:00:00,0.5656027338780069
2009-11-16 00:00:00,0.5620957930960773
2009-11-17 00:00:00,0.5627476047516192
2009-11-18 00:00:00,0.5630213480037547
2009-11-19 00:00:00,0.5654626834354208
2009-11-20 00:00:00,0.568685360234127
2009-11-23 00:00:00,0.5668923295476402
2009-11-24 00:00:00,0.5674181184020467
2009-11-25 00:00:00,0.5650201782701095
2009-11-27 00:00:00,0.5694526739597165
2009-11-30 00:00:00,0.5715663501084304
2009-12-01 00:00:00,0.5660682490685599
2009-12-02 00:00:00,0.5656614691945636
2009-12-03 00:00:00,0.5672206450182813
2009-12-04 00:00:00,0.5687798208419987
2009-12-07 00:00:00,0.5709187015509396
2009-12-08 00:00:00,0.5740909692291917
2009-12-09 00:00:00,0.5755745313722279
2009-12-10 00:00:00,0.5751677514982317
2009-12-11 00:00:00,0.5756683357924111
2009-12-14 00:00:00,0.5744046008706934
2009-12-15 00:00:00,0.5756613219716858
2009-12-16 00:00:00,0.5722299948704376
2009-12-17 00:00:00,0.5780991504929893
2009-12-18 00:00:00,0.5793810761542088
2009-12-21 00:00:00,0.5793523646836191
2009-12-22 00:00:00,0.5825246323618711
2009-12-23 00:00:00,0.5825211254515085
2009-12-24 00:00:00,0.582845277824098
2009-12-28 00:00:00,0.5813042927398824
2009-12-29 00:00:00,0.5840228783340465
2009-12-30 00:00:00,0.580011846347575
2009-12-31 00:00:00,0.5770342013304145
2010-01-04 00:00:00,0.5784673543529966
2010-01-05 00:00:00,0.5809590989051169
2010-01-06 00:00:00,0.5807539555129375
2010-01-07 00:00:00,0.5833465183059661
2010-01-08 00:00:00,0.5812762374569813
2010-01-11 00:00:00,0.5773912282716451
2010-01-12 00:00:00,0.576480357193107
2010-01-13 00:00:00,0.5737547577782175
2010-01-14 00:00:00,0.5729195003803607
2010-01-15 00:00:00,0.5749071537279389
2010-01-19 00:00:00,0.5716018494278261
2010-01-20 00:00:00,0.5736651164560856
2010-01-21 00:00:00,0.5754763378820743
2010-01-22 00:00:00,0.577816855072832
2010-01-25 00:00:00,0.5748644146158985
2010-01-26 00:00:00,0.5780366822941506
2010-01-27 00:00:00,0.5756135376019863
2010-01-28 00:00:00,0.5746270528427667
2010-01-29 00:00:00,0.5804710039050914
2010-02-01 00:00:00,0.5825846800538051
2010-02-02 00:00:00,0.581446967933223
2010-02-03 00:00:00,0.5827540981546696
2010-02-04 00:00:00,0.5865564798385992
2010-02-05 00:00:00,0.5901572250407118
2010-02-08 00:00:00,0.5893471722030821
2010-02-09 00:00:00,0.5885875284859063
2010-02-10 00:00:00,0.5903987499118949
2010-02-11 00:00:00,0.5886561283458623
2010-02-12 00:00:00,0.5887534396764081
2010-02-16 00:00:00,0.5871368409115112
2010-02-17 00:00:00,0.5878138571272802
2010-02-18 00:00:00,0.5908601020043966
2010-02-19 00:00:00,0.5944860517667365
2010-02-22 00:00:00,0.5934491578870627
2010-02-23 00:00:00,0.5937481056994253
2010-02-24 00:00:00,0.5945259401561028
2010-02-25 00:00:00,0.6003194820979733
2010-02-26 00:00:00,0.5993329973387537
2010-03-01 00:00:00,0.6059834943283455
2010-03-02 00:00:00,0.6068117379054772
2010-03-03 00:00:00,0.602145387353101
2010-03-04 00:00:00,0.6044606999836315
2010-03-05 00:00:00,0.6023148054539654
2010-03-08 00:00:00,0.6036723447958663
2010-03-09 00:00:00,0.6050802932582212
2010-03-10 00:00:00,0.605706900353536
2010-03-11 00:00:00,0.6037878468659138
2010-03-12 00:00:00,0.6003313152044385
2010-03-15 00:00:00,0.6039572649667783
2010-03-16 00:00:00,0.6001730740223505
2010-03-17 00:00:00,0.5975230882881424
2010-03-18 00:00:00,0.5987294002686806
2010-03-19 00:00:00,0.6045733513310052
2010-03-22 00:00:00,0.6031079799274708
2010-03-23 00:00:00,0.6031800866977894
2010-03-24 00:00:00,0.607007672941946
2010-03-25 00:00:00,0.6077350982781693
2010-03-26 00:00:00,0.6071518864825834
2010-03-29 00:00:00,0.6055352877176864
2010-03-30 00:00:00,0.6024568244596175
2010-03-31 00:00:00,0.6000084752072261
2010-04-01 00:00:00,0.597358489473018
2010-04-02 00:00:00,0.5996738021035486
2010-04-05 00:00:00,0.5974522938932011
2010-04-06 00:00:00,0.5987846286748748
2010-04-07 00:00:00,0.5983526442406515
2010-04-08 00:00:00,0.5976686142041572
2010-04-09 00:00:00,0.5951446512710845
2010-04-12 00:00:00,0.595191553481176
2010-04-13 00:00:00,0.5939530231196855
2010-04-14 00:00:00,0.5922104015536529
2010-04-15 00:00:00,0.592660576727378
2010-04-16 00:00:00,0.5943961844726854
2010-04-19 00:00:00,0.5976944749520728
2010-04-20 00:00:00,0.5948428527360479
2010-04-21 00:00:00,0.5942596409404619
2010-04-22 00:00:00,0.5949618617164582
2010-04-23 00:00:00,0.595059173047004
2010-04-26 00:00:00,0.5924343918730228
2010-04-27 00:00:00,0.5969677058035383
2010-04-28 00:00:00,0.6000895643613361
2010-04-29 00:00:00,0.596456600778271
2010-04-30 00:00:00,0.5963018665065458
2010-05-03 00:00:00,0.5979366560109447
2010-05-04 00:00:00,0.6006048324846546
2010-05-05 00:00:00,0.600601325574292
2010-05-06 00:00:00,0.6067477313593419
2010-05-07 00:00:00,0.6104997039228172
2010-05-10 00:00:00,0.6043966934374962
2010-05-11 00:00:00,0.6050737096532653
2010-05-12 00:00:00,0.6074898405247043
2010-05-13 00:00:00,0.6124012228586263
2010-05-14 00:00:00,0.6149433765312007
2010-05-17 00:00:00,0.6191742357389909
2010-05-18 00:00:00,0.6178600916968191
2010-05-19 00:00:00,0.6200997906466683
2010-05-20 00:00:00,0.6201971019772141
2010-05-21 00:00:00,0.6170934341589182
2010-05-24 00:00:00,0.6177956549349144
2010-05-25 00:00:00,0.6199093310836281
2010-05-26 00:00:00,0.6186455961619105
2010-05-27 00:00:00,0.614382518573168
2010-05-28 00:00:00,0.616294558240065
2010-06-01 00:00:00,0.61170382136837
2010-06-02 00:00:00,0.6124816558250475
2010-06-03 00:00:00,0.6130830583601352
2010-06-04 00:00:00,0.6161545077974789
2010-06-07 00:00:00,0.6159997735257536
2010-06-08 00:00:00,0.6178866086324235
2010-06-09 00:00:00,0.6137495538448164
2010-06-10 00:00:00,0.6114776365140148
2010-06-11 00:00:00,0.614700313312721
2010-06-14 00:00:00,0.6090005757910337
2010-06-15 00:00:00,0.6075352043874993
2010-06-16 00:00:00,0.6072292427544114
2010-06-17 00:00:00,0.6080070772110889
2010-06-18 00:00:00,0.6084572523848141
2010-06-21 00:00:00,0.6074455630653675
2010-06-22 00:00:00,0.6068119421493272
2010-06-23 00:00:00,0.6042123655355733
2010-06-24 00:00:00,0.6033266990172622
2010-06-25 00:00:00,0.6033231921068996
2010-06-28 00:00:00,0.6004463653306474
2010-06-29 00:00:00,0.6008461313839185
2010-06-30 00:00:00,0.6041948309837601
2010-07-01 00:00:00,0.5996545032325196
2010-07-02 00:00:00,0.5982899500698934
2010-07-06 00:00:00,0.5982360340390765
2010-07-07 00:00:00,0.5982325271287139
2010-07-08 00:00:00,0.5987583159831205
2010-07-09 00:00:00,0.600292287246611
2010-07-12 00:00:00,0.6022547360339621
2010-07-13 00:00:00,0.5982184994872635
2010-07-14 00:00:00,0.5954424909519198
2010-07-15 00:00:00,0.5930949599404368
2010-07-16 00:00:00,0.5952590452096048
2010-07-19 00:00:00,0.5969190392742308
2010-07-20 00:00:00,0.5960585773161468
2010-07-21 00:00:00,0.5973909120978205
2010-07-22 00:00:00,0.5952954266886086
2010-07-23 00:00:00,0.5916876676657705
2010-07-26 00:00:00,0.5900206597804193
2010-07-27 00:00:00,0.5887821294189287
2010-07-28 00:00:00,0.5869134850517607
2010-07-29 00:00:00,0.587388864785713
2010-07-30 00:00:00,0.5842599924071898
2010-08-02 00:00:00,0.5796188464150408
2010-08-03 00:00:00,0.5784811342944587
2010-08-04 00:00:00,0.5798134690761323
2010-08-05 00:00:00,0.5804652807316744
2010-08-06 00:00:00,0.5774372265940597
2010-08-09 00:00:00,0.5782654701711913
2010-08-10 00:00:00,0.5824963293789815
2010-08-11 00:00:00,0.5846856192083766
2010-08-12 00:00:00,0.5875554321639034
2010-08-13 00:00:00,0.5873502887717239
2010-08-16 00:00:00,0.5848263258386514
2010-08-17 00:00:00,0.5871416384691819
2010-08-18 00:00:00,0.5862811765110979
2010-08-19 00:00:00,0.5864288969620979
2010-08-20 00:00:00,0.5888450278335369
2010-08-23 00:00:00,0.5883878388390864
2010-08-24 00:00:00,0.5898966055423498
2010-08-25 00:00:00,0.5901451442342581
2010-08-26 00:00:00,0.5872431128977791
2010-08-27 00:00:00,0.5883738111976359
2010-08-30 00:00:00,0.5897313505395367
2010-08-31 00:00:00,0.5926011634950634
2010-09-01 00:00:00,0.5896991321585843
2010-09-02 00:00:00,0.5916615809459355
2010-09-03 00:00:00,0.5901458004219469
2010-09-07 00:00:00,0.5935701137024698
2010-09-08 00:00:00,0.5885508993069143
2010-09-09 00:00:00,0.590160484251086
2010-09-10 00:00:00,0.5916692509543494
2010-09-13 00:00:00,0.5896493792258187
2010-09-14 00:00:00,0.5872766436541087
2010-09-15 00:00:00,0.5851811582448967
2010-09-16 00:00:00,0.5858833790208929
2010-09-17 00:00:00,0.58527496266508
2010-09-20 00:00:00,0.5870357749706143
2010-09-21 00:00:00,0.5873347227829768
2010-09-22 00:00:00,0.5848359644101313
2010-09-23 00:00:00,0.5829421154827361
2010-09-24 00:00:00,0.5802417206280738
2010-09-27 00:00:00,0.5796585088324878
2010-09-28 00:00:00,0.5807135934516634
2010-09-29 00:00:00,0.5805840637401654
2010-09-30 00:00:00,0.5825969216479707
2010-10-01 00:00:00,0.5800981632751251
2010-10-04 00:00:00,0.5795653605999934
2010-10-05 00:00:00,0.577873148154415
2010-10-06 00:00:00,0.5781468914065505
2010-10-07 00:00:00,0.5774376568098291
2010-10-08 00:00:00,0.5768796495744702
2010-10-12 00:00:00,0.5806820312583997
2010-10-13 00:00:00,0.5795443191378176
2010-10-14 00:00:00,0.57576012819339
2010-10-15 00:00:00,0.5748492571148517
2010-10-18 00:00:00,0.577845092871514
2010-10-19 00:00:00,0.582050747519077
2010-10-20 00:00:00,0.5790478979416894
2010-10-21 00:00:00,0.5816404607347182
2010-10-22 00:00:00,0.5835272958413881
2010-10-25 00:00:00,0.5817090605946742
2010-10-26 00:00:00,0.5785801882161512
2010-10-27 00:00:00,0.5807946826057733
2010-10-28 00:00:00,0.5766576278181663
2010-10-29 00:00:00,0.574738574330544
2010-11-01 00:00:00,0.5739537260531413
2010-11-02 00:00:00,0.5749331969916356
2010-11-03 00:00:00,0.5731401663051487
2010-11-04 00:00:00,0.5680201336686848
2010-11-05 00:00:00,0.5697809459742192
2010-11-08 00:00:00,0.5712897126774826
2010-11-09 00:00:00,0.5737814572296029
2010-11-10 00:00:00,0.5732234499942441
2010-11-12 00:00:00,0.5706490779407172
2010-11-15 00:00:00,0.5733424589746543
2010-11-16 00:00:00,0.5779261820256238
2010-11-17 00:00:00,0.5763851969414081
2010-11-18 00:00:00,0.5746173708151485
2010-11-19 00:00:00,0.5758236827956866
2010-11-22 00:00:00,0.5765259035716829
2010-11-23 00:00:00,0.57921928460562
2010-11-24 00:00:00,0.5804508011463853
2010-11-26 00:00:00,0.5844044101916773
2010-11-29 00:00:00,0.5858627677744864
2010-11-30 00:00:00,0.5853047605391277
2010-12-01 00:00:00,0.5846459350628604
2010-12-02 00:00:00,0.584440791670681
2010-12-03 00:00:00,0.581563964894429
2010-12-06 00:00:00,0.5826190495136045
2010-12-07 00:00:00,0.5795153816953086
2010-12-08 00:00:00,0.5797387158269898
2010-12-09 00:00:00,0.581197073409799
2010-12-10 00:00:00,0.5792528153619496
2010-12-13 00:00:00,0.5773841709947816
2010-12-14 00:00:00,0.5795482562639496
2010-12-15 00:00:00,0.5841067747546922
2010-12-16 00:00:00,0.5841032678443295
2010-12-17 00:00:00,0.587401558323717
2010-12-20 00:00:00,0.5863394598838161
2010-12-21 00:00:00,0.5877978174666253
2010-12-22 00:00:00,0.5895838343323868
2010-12-23 00:00:00,0.589303077259526
2010-12-27 00:00:00,0.5897280478730241
2010-12-28 00:00:00,0.5902286321672034
2010-12-29 00:00:00,0.5876290555534496
2010-12-30 00:00:00,0.589389867858984
2011-01-03 00:00:00,0.5868911094861384
2011-01-04 00:00:00,0.584442760233747
2011-01-05 00:00:00,0.5866572546233692
2011-01-06 00:00:00,0.5868049750743692
2011-01-07 00:00:00,0.5850119443878824
2011-01-10 00:00:00,0.5844035280320694
2011-01-11 00:00:00,0.5832406113512602
2011-01-12 00:00:00,0.5809938985806855
2011-01-13 00:00:00,0.5770836848351224
2011-01-14 00:00:00,0.5769541551236244
2011-01-18 00:00:00,0.5737496690644199
2011-01-19 00:00:00,0.5739477986358741
2011-01-20 00:00:00,0.576842816151628
2011-01-21 00:00:00,0.5737391483333321
2011-01-24 00:00:00,0.5737608459831965
2011-01-25 00:00:00,0.5781933416728035
2011-01-26 00:00:00,0.576450720106771
2011-01-27 00:00:00,0.5759431219918663
2011-01-28 00:00:00,0.5776031160564923
2011-01-31 00:00:00,0.5724326742995741
2011-02-01 00:00:00,0.5703371888903621
2011-02-02 00:00:00,0.5692246813300071
2011-02-03 00:00:00,0.5693976063412342
2011-02-04 00:00:00,0.5711332140865415
2011-02-07 00:00:00,0.5705500022909555
2011-02-08 00:00:00,0.5710253820249078
2011-02-09 00:00:00,0.5710470796747722
2011-02-10 00:00:00,0.5699345721144172
2011-02-11 00:00:00,0.5735857264369841
2011-02-14 00:00:00,0.5726244462379917
2011-02-15 00:00:00,0.5699492559435564
2011-02-16 00:00:00,0.5715588408877282
2011-02-17 00:00:00,0.5687828323523846
2011-02-18 00:00:00,0.5669141879852165
2011-02-22 00:00:00,0.5698092055009704
2011-02-23 00:00:00,0.5674616744894874
2011-02-24 00:00:00,0.5703314874450143
2011-02-25 00:00:00,0.5710085036607833
2011-02-28 00:00:00,0.5667202215118137
2011-03-01 00:00:00,0.5651288273071438
2011-03-02 00:00:00,0.5650497067160998
2011-03-03 00:00:00,0.5661552004557295
2011-03-04 00:00:00,0.5665297619487735
2011-03-07 00:00:00,0.5676604602486303
2011-03-08 00:00:00,0.5686399311871245
2011-03-09 00:00:00,0.567653446427905
2011-03-10 00:00:00,0.5711281688288823
2011-03-11 00:00:00,0.5718555941651056
2011-03-14 00:00:00,0.5680966077809049
2011-03-15 00:00:00,0.5710168298568858
2011-03-16 00:00:00,0.5718954825544718
2011-03-17 00:00:00,0.5689682466577656
2011-03-18 00:00:00,0.5678305345371834
2011-03-21 00:00:00,0.5655586172063817
2011-03-22 00:00:00,0.5627321995505838
2011-03-23 00:00:00,0.5662573310720153
2011-03-24 00:00:00,0.5684214163411833
2011-03-25 00:00:00,0.5702326377671718
2011-03-28 00:00:00,0.5717666090306623
2011-03-29 00:00:00,0.5727712845293836
2011-03-30 00:00:00,0.5713563222463035
2011-03-31 00:00:00,0.5710755651734427
2011-04-01 00:00:00,0.5689296706437766
2011-04-04 00:00:00,0.5689765728538682
2011-04-05 00:00:00,0.5650915636685321
2011-04-06 00:00:00,0.5642563062706751
2011-04-07 00:00:00,0.5644796404023564
2011-04-08 00:00:00,0.563518360203364
2011-04-11 00:00:00,0.5623554435225547
2011-04-12 00:00:00,0.5654268929598983
2011-04-13 00:00:00,0.5648436811643124
2011-04-14 00:00:00,0.5631766732789611
2011-04-15 00:00:00,0.5637780758140488
2011-04-18 00:00:00,0.5661690021252608
2011-04-19 00:00:00,0.5639726984751404
2011-04-20 00:00:00,0.5616755765841117
2011-04-21 00:00:00,0.5574377035555962
2011-04-22 00:00:00,0.5587952428974969
2011-04-25 00:00:00,0.5592706226314493
2011-04-26 00:00:00,0.5600484570881267
2011-04-27 00:00:00,0.5583814492027754
2011-04-28 00:00:00,0.5556810543481131
2011-04-29 00:00:00,0.5542660920650329
2011-05-02 00:00:00,0.5542625851546702
2011-05-03 00:00:00,0.5581153759590539
2011-05-04 00:00:00,0.5583891192111894
2011-05-05 00:00:00,0.5608052500826284
2011-05-06 00:00:00,0.5610285842143097
2011-05-09 00:00:00,0.5629910330016609
2011-05-10 00:00:00,0.5631387534526608
2011-05-11 00:00:00,0.561068472603676
2011-05-12 00:00:00,0.5641147174807924
2011-05-13 00:00:00,0.5668837121954109
2011-05-16 00:00:00,0.565317522550968
2011-05-17 00:00:00,0.5661457661280996
2011-05-18 00:00:00,0.5675789191506817
2011-05-19 00:00:00,0.566768866313052
2011-05-20 00:00:00,0.5656563587526968
2011-05-23 00:00:00,0.5686521945093592
2011-05-24 00:00:00,0.5665315045399201
2011-05-25 00:00:00,0.5641839735284372
2011-05-26 00:00:00,0.5624161474021776
2011-05-27 00:00:00,0.5586571610179769
2011-05-31 00:00:00,0.5600147003598778
2011-06-01 00:00:00,0.5611958077801888
2011-06-02 00:00:00,0.5628305972845877
2011-06-03 00:00:00,0.5609871574776467
2011-06-06 00:00:00,0.5618406056150055
2011-06-07 00:00:00,0.5597451202057936
2011-06-08 00:00:00,0.5613042960295113
2011-06-09 00:00:00,0.5612503799986943
2011-06-10 00:00:00,0.5644478522371734
2011-06-13 00:00:00,0.5630580945143203
2011-06-14 00:00:00,0.5610130182255625
2011-06-15 00:00:00,0.5652690819935798
2011-06-16 00:00:00,0.567458371822975
2011-06-17 00:00:00,0.5660182049796676
2011-06-20 00:00:00,0.5654854023045358
2011-06-21 00:00:00,0.5648013722680415
2011-06-22 00:00:00,0.567318321380389
2011-06-23 00:00:00,0.5711711121847727
2011-06-24 00:00:00,0.5709407642323661
2011-06-27 00:00:00,0.5712397120447287
2011-06-28 00:00:00,0.5701019999241466
2011-06-29 00:00:00,0.5687122422012933
2011-06-30 00:00:00,0.5687591444113849
2011-07-01 00:00:00,0.5686548192601139
2011-07-05 00:00:00,0.5682480393861177
2011-07-06 00:00:00,0.5704121246552856
2011-07-07 00:00:00,0.571164754551736
2011-07-08 00:00:00,0.5695481557868389
2011-07-11 00:00:00,0.5719894912185051
2011-07-12 00:00:00,0.5717591432660984
2011-07-13 00:00:00,0.5674204519966746
2011-07-14 00:00:00,0.5670388766829054
2011-07-15 00:00:00,0.5664052557668653
2011-07-18 00:00:00,0.5695271143246632
2011-07-19 00:00:00,0.5667006966688652
2011-07-20 00:00:00,0.5665711669573672
2011-07-21 00:00:00,0.5624593167299872
2011-07-22 00:00:00,0.5619769231753097
2011-07-25 00:00:00,0.5628051667524413
2011-07-26 00:00:00,0.5600795673375519
2011-07-27 00:00:00,0.5609330154749107
2011-07-28 00:00:00,0.5613831906486358
2011-07-29 00:00:00,0.5584055456314754
2011-08-01 00:00:00,0.5628380413210824
2011-08-02 00:00:00,0.5625824888084487
2011-08-03 00:00:00,0.559554434670834
2011-08-04 00:00:00,0.5619957701025001
2011-08-05 00:00:00,0.560606012379647
2011-08-08 00:00:00,0.5607789373908741
2011-08-09 00:00:00,0.5647829555566204
2011-08-10 00:00:00,0.5653843580917082
2011-08-11 00:00:00,0.5638685775677196
2011-08-12 00:00:00,0.5624284107244122
2011-08-15 00:00:00,0.5598036295504311
2011-08-16 00:00:00,0.5588423493514386
2011-08-17 00:00:00,0.5546044763229232
2011-08-18 00:00:00,0.5571466299954977
2011-08-19 00:00:00,0.5557316677124174
2011-08-22 00:00:00,0.5580217757827209
2011-08-23 00:00:00,0.5565564043791865
2011-08-24 00:00:00,0.5599051039790282
2011-08-25 00:00:00,0.562043984687969
2011-08-26 00:00:00,0.5612087272901121
2011-08-29 00:00:00,0.5592392646820357
2011-08-30 00:00:00,0.5622098958784709
2011-08-31 00:00:00,0.5624332300101521
2011-09-01 00:00:00,0.5646729289600014
2011-09-02 00:00:00,0.5643669673269136
2011-09-06 00:00:00,0.5702865320699195
2011-09-07 00:00:00,0.5704090479606924
2011-09-08 00:00:00,0.5685404035935243
2011-09-09 00:00:00,0.5723175807172267
2011-09-12 00:00:00,0.5737003246193546
2011-09-13 00:00:00,0.5738984541908088
2011-09-14 00:00:00,0.5746762886474863
2011-09-15 00:00:00,0.573765417568948
2011-09-16 00:00:00,0.5738879334597209
2011-09-19 00:00:00,0.5770854056982
2011-09-20 00:00:00,0.5759476935776179
2011-09-21 00:00:00,0.578414233569511
2011-09-22 00:00:00,0.5849639123181944
2011-09-23 00:00:00,0.581986267301034
2011-09-26 00:00:00,0.5799916001327305
2011-09-27 00:00:00,0.5767367049530718
2011-09-28 00:00:00,0.5775397439699765
2011-09-29 00:00:00,0.5765784637709841
2011-09-30 00:00:00,0.5780872304742475
2011-10-03 00:00:00,0.5818392030377226
2011-10-04 00:00:00,0.5836000153432571
2011-10-05 00:00:00,0.582739553385173
2011-10-06 00:00:00,0.5836686152032131
2011-10-07 00:00:00,0.5778428548803903
2011-10-11 00:00:00,0.5786710984575221
2011-10-12 00:00:00,0.5745340436699149
2011-10-13 00:00:00,0.575211059885684
2011-10-14 00:00:00,0.5731911881571534
2011-10-17 00:00:00,0.5739186134933767
2011-10-18 00:00:00,0.5770152674909473
2011-10-19 00:00:00,0.5733318947874281
2011-10-20 00:00:00,0.5751431162134166
2011-10-21 00:00:00,0.569594606053092
2011-10-24 00:00:00,0.5685325076131911
2011-10-25 00:00:00,0.5683021596607846
2011-10-26 00:00:00,0.5705166540504067
2011-10-27 00:00:00,0.5660519399798474
2011-10-28 00:00:00,0.5647882050581298
2011-10-31 00:00:00,0.5644822434250419
2011-11-01 00:00:00,0.5693684211987367
2011-11-02 00:00:00,0.5686339820417882
2011-11-03 00:00:00,0.568983338974605
2011-11-04 00:00:00,0.5672659219687995
2011-11-07 00:00:00,0.567287619618664
2011-11-08 00:00:00,0.565948271016265
2011-11-09 00:00:00,0.5688936976524731
2011-11-10 00:00:00,0.5694446910671067
2011-11-14 00:00:00,0.5703233437646925
2011-11-15 00:00:00,0.572336201672498
2011-11-16 00:00:00,0.5735173090928091
2011-11-17 00:00:00,0.5727072562551792
2011-11-18 00:00:00,0.5731322268686773
2011-11-21 00:00:00,0.5761532671855667
2011-11-22 00:00:00,0.5765278286786105
2011-11-23 00:00:00,0.5799017328386793
2011-11-25 00:00:00,0.580982022018082
2011-11-28 00:00:00,0.5791637867713681
2011-11-29 00:00:00,0.5769422785610208
2011-11-30 00:00:00,0.5748972022722629
2011-12-01 00:00:00,0.5750449227232629
2011-12-02 00:00:00,0.5776878946367459
2011-12-05 00:00:00,0.5752143408241274
2011-12-06 00:00:00,0.5779329264182915
2011-12-07 00:00:00,0.5751065087624937
2011-12-08 00:00:00,0.5764892526646216
2011-12-09 00:00:00,0.5762841092724421
2011-12-12 00:00:00,0.5773896030120719
2011-12-13 00:00:00,0.5791000061971522
2011-12-14 00:00:00,0.5811632732254117
2011-12-15 00:00:00,0.5801011747855108
2011-12-16 00:00:00,0.5793667356285623
2011-12-19 00:00:00,0.5789095466341119
2011-12-20 00:00:00,0.5752765830510468
2011-12-21 00:00:00,0.5750966442190945
2011-12-22 00:00:00,0.5753955920314571
2011-12-23 00:00:00,0.5766775176926765
2011-12-27 00:00:00,0.5752373508493692
2011-12-28 00:00:00,0.5800731195026098
2011-12-29 00:00:00,0.5823632275729133
2011-12-30 00:00:00,0.5785286275080314
2012-01-03 00:00:00,0.5755257779306439
2012-01-04 00:00:00,0.5759255439839148
2012-01-05 00:00:00,0.5798791530292069
2012-01-06 00:00:00,0.5810854650097451
2012-01-09 00:00:00,0.5809307307380198
2012-01-10 00:00:00,0.5795661775753939
2012-01-11 00:00:00,0.5836710139820486
2012-01-12 00:00:00,0.5836423025114588
2012-01-13 00:00:00,0.5842185004863195
2012-01-17 00:00:00,0.5828035382032392
2012-01-18 00:00:00,0.581413780480386
2012-01-19 00:00:00,0.579519931552991
2012-01-20 00:00:00,0.5780797647096836
2012-01-23 00:00:00,0.5769924617095556
2012-01-24 00:00:00,0.5766360909560135
2012-01-25 00:00:00,0.5772374934911014
2012-01-26 00:00:00,0.573780961829626
2012-01-27 00:00:00,0.5735002047567652
2012-01-30 00:00:00,0.5741268118520801
2012-01-31 00:00:00,0.572485008526956
2012-02-01 00:00:00,0.5700618638347917
2012-02-02 00:00:00,0.5709405165323777
2012-02-03 00:00:00,0.5717687601095093
2012-02-06 00:00:00,0.5704042069468833
2012-02-07 00:00:00,0.5688884264228946
2012-02-08 00:00:00,0.570649238728429
2012-02-09 00:00:00,0.5701668451737515
2012-02-10 00:00:00,0.5724065441236007
2012-02-13 00:00:00,0.5715712867257439
2012-02-14 00:00:00,0.573785781115366
2012-02-15 00:00:00,0.5732781830004613
2012-02-16 00:00:00,0.5711070839105681
2012-02-17 00:00:00,0.5706246903558906
2012-02-21 00:00:00,0.5710244564091616
2012-02-22 00:00:00,0.5739950876055967
2012-02-23 00:00:00,0.5733866712497837
2012-02-24 00:00:00,0.569098389100814
2012-02-27 00:00:00,0.5696745870756746
2012-02-28 00:00:00,0.5685872840755467
2012-02-29 00:00:00,0.5669454807504226
2012-03-01 00:00:00,0.5668663601593786
2012-03-02 00:00:00,0.5693833092717261
2012-03-05 00:00:00,0.5689009157170486
2012-03-06 00:00:00,0.5726528882805239
2012-03-07 00:00:00,0.5719688582440294
2012-03-08 00:00:00,0.5700246001961802
2012-03-09 00:00:00,0.5736505499585199
2012-03-12 00:00:00,0.5751845212220104
2012-03-13 00:00:00,0.5721060579639415
2012-03-14 00:00:00,0.5733375745047068
2012-03-15 00:00:00,0.5737373405579778
2012-03-16 00:00:00,0.5692726264874184
2012-03-19 00:00:00,0.5680088915657008
2012-03-20 00:00:00,0.5689127488235137
2012-03-21 00:00:00,0.569110878394968
2012-03-22 00:00:00,0.5701155538936893
2012-03-23 00:00:00,0.5686501824901549
2012-03-26 00:00:00,0.5667311290025325
2012-03-27 00:00:00,0.5658706670444485
2012-03-28 00:00:00,0.5687908891204296
2012-03-29 00:00:00,0.5673507222771222
2012-03-30 00:00:00,0.565456873349727
2012-04-02 00:00:00,0.5644955931507346
2012-04-03 00:00:00,0.5658783370528625
2012-04-04 00:00:00,0.5680424223220305
2012-04-05 00:00:00,0.5694503707843854
2012-04-06 00:00:00,0.5680354085013053
2012-04-09 00:00:00,0.5679562879102613
2012-04-10 00:00:00,0.5690113725294369
2012-04-11 00:00:00,0.5675712056861295
2012-04-12 00:00:00,0.5663578798848661
2012-04-13 00:00:00,0.5685471697142611
2012-04-16 00:00:00,0.568165594400492
2012-04-17 00:00:00,0.5664733819549137
2012-04-18 00:00:00,0.564201464624112
2012-04-19 00:00:00,0.5632149798648926
2012-04-20 00:00:00,0.5615479719795412
2012-04-23 00:00:00,0.5620485562737205
2012-04-24 00:00:00,0.5611880943156365
2012-04-25 00:00:00,0.5608821326825487
2012-04-26 00:00:00,0.5597948296824208
2012-04-27 00:00:00,0.558480685640249
2012-04-30 00:00:00,0.5588048380128386
2012-05-01 00:00:00,0.5588769447831572
2012-05-02 00:00:00,0.5595539609989264
2012-05-03 00:00:00,0.5597268860101534
2012-05-04 00:00:00,0.5606307432679664
2012-05-07 00:00:00,0.5594930311473842
2012-05-08 00:00:00,0.5602960701642888
2012-05-09 00:00:00,0.560998290940285
2012-05-10 00:00:00,0.5601882381026552
2012-05-11 00:00:00,0.5622010960104605
2012-05-14 00:00:00,0.5612650203716952
2012-05-15 00:00:00,0.5635299238817716
2012-05-16 00:00:00,0.5658200319520751
2012-05-17 00:00:00,0.5685638221064664
2012-05-18 00:00:00,0.5694172702438252
2012-05-21 00:00:00,0.5693381496527813
2012-05-22 00:00:00,0.569687506585598
2012-05-23 00:00:00,0.5717759781740847
2012-05-24 00:00:00,0.5715708347819052
2012-05-25 00:00:00,0.5728023513226705
2012-05-29 00:00:00,0.5732273219361685
2012-05-30 00:00:00,0.5756686573678347
2012-05-31 00:00:00,0.5788409250460866
2012-06-01 00:00:00,0.5793667139004932
2012-06-04 00:00:00,0.5793632069901304
2012-06-05 00:00:00,0.5800150186456725
2012-06-06 00:00:00,0.5769617599478307
2012-06-07 00:00:00,0.5748662745386187
2012-06-08 00:00:00,0.5779629285361896
2012-06-11 00:00:00,0.5758674431269775
2012-06-12 00:00:00,0.574654117325714
2012-06-13 00:00:00,0.5747514286562598
2012-06-14 00:00:00,0.5753276266311205
2012-06-15 00:00:00,0.5722491633730517
2012-06-18 00:00:00,0.5719432017399638
2012-06-19 00:00:00,0.5702257847341584
2012-06-20 00:00:00,0.5697433911794809
2012-06-21 00:00:00,0.5726636132554619
2012-06-22 00:00:00,0.5739203343564542
2012-06-25 00:00:00,0.5745721460119961
2012-06-26 00:00:00,0.5729051381266449
2012-06-27 00:00:00,0.5746659504321794
2012-06-28 00:00:00,0.5757966487320362
2012-06-29 00:00:00,0.5711555027398871
2012-07-02 00:00:00,0.5713032231908871
2012-07-03 00:00:00,0.570694806835074
2012-07-05 00:00:00,0.5749760751633185
2012-07-06 00:00:00,0.5762327962643108
2012-07-09 00:00:00,0.5755235616675894
2012-07-10 00:00:00,0.5755200547572268
2012-07-11 00:00:00,0.5748360247207325
2012-07-12 00:00:00,0.5775042011944425
2012-07-13 00:00:00,0.5743249196954652
2012-07-16 00:00:00,0.572153820605572
2012-07-17 00:00:00,0.5726796094599784
2012-07-18 00:00:00,0.5720711931041653
2012-07-19 00:00:00,0.5699505031347263
2012-07-20 00:00:00,0.5721649975243485
2012-07-23 00:00:00,0.5751104241605566
2012-07-24 00:00:00,0.5748548716479229
2012-07-25 00:00:00,0.5758847517068714
2012-07-26 00:00:00,0.5707143099499532
2012-07-27 00:00:00,0.569551393269144
2012-07-30 00:00:00,0.5703796368462757
2012-07-31 00:00:00,0.5705525618575027
2012-08-01 00:00:00,0.572792260807352
2012-08-02 00:00:00,0.5751831871185639
2012-08-03 00:00:00,0.5713737916139092
2012-08-06 00:00:00,0.5719751941489969
2012-08-07 00:00:00,0.5711147321909129
2012-08-08 00:00:00,0.5710608161600961
2012-08-09 00:00:00,0.5719394688576819
2012-08-10 00:00:00,0.5704993020143745
2012-08-13 00:00:00,0.5701933403812868
2012-08-14 00:00:00,0.5701142197902428
2012-08-15 00:00:00,0.5702367356810156
2012-08-16 00:00:00,0.5688973870786167
2012-08-17 00:00:00,0.5699020625773381
2012-08-20 00:00:00,0.5696213055044774
2012-08-21 00:00:00,0.5675510246554926
2012-08-22 00:00:00,0.5672198584621776
2012-08-23 00:00:00,0.5651243730529656
2012-08-24 00:00:00,0.5667843671175916
2012-08-27 00:00:00,0.5671337240504084
2012-08-28 00:00:00,0.5663992848934598
2012-08-29 00:00:00,0.566093323260372
2012-08-30 00:00:00,0.5671988170000017
2012-08-31 00:00:00,0.565405786313515
2012-09-04 00:00:00,0.5647469608372477
2012-09-05 00:00:00,0.5642645672825702
2012-09-06 00:00:00,0.563857787408574
2012-09-07 00:00:00,0.5614598472766369
2012-09-10 00:00:00,0.5616075677276369
2012-09-11 00:00:00,0.560016173522967
2012-09-12 00:00:00,0.5589792796432931
2012-09-13 00:00:00,0.5585977043295239
2012-09-14 00:00:00,0.5555696501919093
2012-09-17 00:00:00,0.5550620520770047
2012-09-18 00:00:00,0.5553357953291402
2012-09-19 00:00:00,0.5561136297858177
2012-09-20 00:00:00,0.556614214079997
2012-09-21 00:00:00,0.555249660917371
2012-09-24 00:00:00,0.5565315865785905
2012-09-25 00:00:00,0.5556711246205064
2012-09-26 00:00:00,0.5578352098896744
2012-09-27 00:00:00,0.5559917700827335
2012-09-28 00:00:00,0.5581054462314473
2012-10-01 00:00:00,0.5578246891585865
2012-10-02 00:00:00,0.5566869770380043
2012-10-03 00:00:00,0.5594055626321686
2012-10-04 00:00:00,0.557158849861594
2012-10-05 00:00:00,0.5563487970239641
2012-10-09 00:00:00,0.5615878386408384
2012-10-10 00:00:00,0.5610550359657066
2012-10-11 00:00:00,0.5604970287303478
2012-10-12 00:00:00,0.5592837029290844
2012-10-15 00:00:00,0.5594062188198572
2012-10-16 00:00:00,0.5585709614220002
2012-10-17 00:00:00,0.5569291580968762
2012-10-18 00:00:00,0.5575053560717368
2012-10-19 00:00:00,0.5609548739124869
2012-10-22 00:00:00,0.5602960484362196
2012-10-23 00:00:00,0.5626869747474316
2012-10-24 00:00:00,0.5605662847779925
2012-10-25 00:00:00,0.5579162990437844
2012-10-26 00:00:00,0.5584168833379638
2012-10-29 00:00:00,0.5602281047639524
2012-10-30 00:00:00,0.5587375288001908
2012-10-31 00:00:00,0.5580030896432422
2012-11-01 00:00:00,0.5571930368056124
2012-11-02 00:00:00,0.5598360087190953
2012-11-05 00:00:00,0.5612943663019044
2012-11-06 00:00:00,0.5610640183494979
2012-11-07 00:00:00,0.5612873524811792
2012-11-08 00:00:00,0.5611578227696811
2012-11-09 00:00:00,0.562817816834307
2012-11-13 00:00:00,0.563469628489849
2012-11-14 00:00:00,0.564348281187435
2012-11-15 00:00:00,0.5639162967532115
2012-11-16 00:00:00,0.5638623807223947
2012-11-19 00:00:00,0.5627750777222668
2012-11-20 00:00:00,0.5622674796073621
2012-11-21 00:00:00,0.5620119270947285
2012-11-23 00:00:00,0.5595635778423371
2012-11-26 00:00:00,0.5599885484558352
2012-11-27 00:00:00,0.5596069731420661
2012-11-28 00:00:00,0.5603596030385165
2012-11-29 00:00:00,0.5595999593213408
2012-11-30 00:00:00,0.559546043290524
2012-12-03 00:00:00,0.5575765806824475
2012-12-04 00:00:00,0.5577243011334475
2012-12-05 00:00:00,0.5575695668617222
2012-12-06 00:00:00,0.5584482195593081
2012-12-07 00:00:00,0.5593016676966669
2012-12-10 00:00:00,0.5583403874976745
2012-12-11 00:00:00,0.5574295164191362
2012-12-12 00:00:00,0.5566698727019606
2012-12-13 00:00:00,0.556691570351825
2012-12-14 00:00:00,0.5564360178391914
2012-12-17 00:00:00,0.5547942145140673
2012-12-18 00:00:00,0.5534296613514412
2012-12-19 00:00:00,0.5529220632365366
2012-12-20 00:00:00,0.5530697836875366
2012-12-21 00:00:00,0.5555867327998839
2012-12-24 00:00:00,0.5569190675815576
2012-12-26 00:00:00,0.5567643333098324
2012-12-27 00:00:00,0.5570380765619679
2012-12-28 00:00:00,0.555723932519796
2012-12-31 00:00:00,0.5530487422253607
2013-01-02 00:00:00,0.5531964626763607
2013-01-03 00:00:00,0.5557890254693895
2013-01-04 00:00:00,0.5586588384249163
2013-01-07 00:00:00,0.557521126304334
2013-01-08 00:00:00,0.5585005972428283
2013-01-09 00:00:00,0.5588751587358722
2013-01-10 00:00:00,0.5563007866823453
2013-01-11 00:00:00,0.5561964615310743
2013-01-14 00:00:00,0.5574531826320667
2013-01-15 00:00:00,0.5571220164387518
2013-01-16 00:00:00,0.55910966978633
2013-01-17 00:00:00,0.5595346403998281
2013-01-18 00:00:00,0.5624044533553549
2013-01-22 00:00:00,0.5627286057279446
2013-01-23 00:00:00,0.5630527581005342
2013-01-24 00:00:00,0.5645111156833434
2013-01-25 00:00:00,0.5642303586104827
2013-01-28 00:00:00,0.5670497624455553
2013-01-29 00:00:00,0.565382754560204
2013-01-30 00:00:00,0.5642954515600761
2013-01-31 00:00:00,0.562678852795179
2013-02-01 00:00:00,0.5654730520700246
2013-02-04 00:00:00,0.5656207725210245
2013-02-05 00:00:00,0.5677344486697383
2013-02-06 00:00:00,0.5676301235184673
2013-02-07 00:00:00,0.5661647521149329
2013-02-08 00:00:00,0.5635651755011789
2013-02-11 00:00:00,0.5672163298237458
2013-02-12 00:00:00,0.5675404821963355
2013-02-13 00:00:00,0.5702842723507268
2013-02-14 00:00:00,0.5713141524096752
2013-02-15 00:00:00,0.5708821679754519
2013-02-19 00:00:00,0.5730210486843927
2013-02-20 00:00:00,0.5762941346035532
2013-02-21 00:00:00,0.5772231964215933
2013-02-22 00:00:00,0.5773709168725932
2013-02-25 00:00:00,0.5809716620747059
2013-02-26 00:00:00,0.5806152913211639
2013-02-27 00:00:00,0.5803597388085302
2013-02-28 00:00:00,0.5788691628447686
2013-03-01 00:00:00,0.5828479764502879
2013-03-04 00:00:00,0.5815338324081161
2013-03-05 00:00:00,0.5811522570943469
2013-03-06 00:00:00,0.5826862283578375
2013-03-07 00:00:00,0.582758335128156
2013-03-08 00:00:00,0.585401307041639
2013-03-11 00:00:00,0.586078323257408
2013-03-12 00:00:00,0.5865789075515874
2013-03-13 00:00:00,0.5853403771900969
2013-03-14 00:00:00,0.5824383458536178
2013-03-15 00:00:00,0.5802672467637244
2013-03-18 00:00:00,0.5805157854556328
2013-03-19 00:00:00,0.5803610511839076
2013-03-20 00:00:00,0.5799542713099113
2013-03-21 00:00:00,0.5787409455086479
2013-03-22 00:00:00,0.5772251649846593
2013-03-25 00:00:00,0.5785827043265601
2013-03-26 00:00:00,0.5792597205423291
2013-03-27 00:00:00,0.5803400097217317
2013-03-28 00:00:00,0.5784965699147908
2013-03-29 00:00:00,0.5782410174021572
2013-04-01 00:00:00,0.5772293280827105
2013-04-02 00:00:00,0.5801999592791458
2013-04-03 00:00:00,0.5794907246824244
2013-04-04 00:00:00,0.5780001487186628
2013-04-05 00:00:00,0.5744932079367332
2013-04-08 00:00:00,0.5764556567240844
2013-04-09 00:00:00,0.5749146716398686
2013-04-10 00:00:00,0.5749363692897331
2013-04-11 00:00:00,0.5726896565191585
2013-04-12 00:00:00,0.5734170818553818
2013-04-15 00:00:00,0.5747242120768283
2013-04-16 00:00:00,0.5747963188471471
2013-04-17 00:00:00,0.5763050855504105
2013-04-18 00:00:00,0.575595850953689
2013-04-19 00:00:00,0.5762728671694581
2013-04-22 00:00:00,0.5760425192170515
2013-04-23 00:00:00,0.5758877849453263
2013-04-24 00:00:00,0.5760859145167805
2013-04-25 00:00:00,0.5716212004462211
2013-04-26 00:00:00,0.5704582837654119
2013-04-29 00:00:00,0.5699758902107344
2013-04-30 00:00:00,0.5688885872106064
2013-05-01 00:00:00,0.5678768978911597
2013-05-02 00:00:00,0.5693352554739689
2013-05-03 00:00:00,0.5681975433533868
2013-05-06 00:00:00,0.5687989458884746
2013-05-07 00:00:00,0.5705345536337819
2013-05-08 00:00:00,0.5681114089416176
2013-05-09 00:00:00,0.569620175644881
2013-05-10 00:00:00,0.573825830292444
2013-05-13 00:00:00,0.5748809149116196
2013-05-14 00:00:00,0.5756839539285242
2013-05-15 00:00:00,0.5771675160715605
2013-05-16 00:00:00,0.5745175303373524
2013-05-17 00:00:00,0.5777402071360586
2013-05-20 00:00:00,0.5764512676541138
2013-05-21 00:00:00,0.5777583978755604
2013-05-22 00:00:00,0.5810566883549478
2013-05-23 00:00:00,0.5789612029457359
2013-05-24 00:00:00,0.5787812641137836
2013-05-28 00:00:00,0.5803908490579553
2013-05-29 00:00:00,0.5788498639737396
2013-05-30 00:00:00,0.5766535603236194
2013-05-31 00:00:00,0.5771793491780257
2013-06-03 00:00:00,0.5730170898301916
2013-06-04 00:00:00,0.5741225835698214
2013-06-05 00:00:00,0.5718758707992468
2013-06-06 00:00:00,0.5665794062411931
2013-06-07 00:00:00,0.5676344908603687
2013-06-10 00:00:00,0.5676561885102331
2013-06-11 00:00:00,0.5668461356726033
2013-06-12 00:00:00,0.5640449225770325
2013-06-13 00:00:00,0.5639910065462157
2013-06-14 00:00:00,0.5642647497983512
2013-06-17 00:00:00,0.5636563334425382
2013-06-18 00:00:00,0.5657448050310249
2013-06-19 00:00:00,0.5649095476331679
2013-06-20 00:00:00,0.5696192934852731
2013-06-21 00:00:00,0.5720102197964849
2013-06-24 00:00:00,0.5712001669588551
2013-06-25 00:00:00,0.5708185916450859
2013-06-26 00:00:00,0.5729574723540268
2013-06-27 00:00:00,0.5753736032254658
2013-06-28 00:00:00,0.5759750057605536
2013-07-01 00:00:00,0.5750137255615612
2013-07-02 00:00:00,0.576900560668231
2013-07-03 00:00:00,0.574527825096521
2013-07-05 00:00:00,0.5834215279463247
2013-07-08 00:00:00,0.5828383161507388
2013-07-09 00:00:00,0.5852040379017236
2013-07-10 00:00:00,0.5827052795288781
2013-07-11 00:00:00,0.5778372924946851
2013-07-12 00:00:00,0.5782874676684102
2013-07-15 00:00:00,0.5787628474023625
2013-07-16 00:00:00,0.5778771808840514
2013-07-17 00:00:00,0.5762857866793815
2013-07-18 00:00:00,0.5760302341667477
2013-07-19 00:00:00,0.5743128171609424
2013-07-22 00:00:00,0.57161242230628
2013-07-23 00:00:00,0.5718861655584154
2013-07-24 00:00:00,0.5715297948048734
2013-07-25 00:00:00,0.572358038382005
2013-07-26 00:00:00,0.5714471673034668
2013-07-29 00:00:00,0.5717461151158294
2013-07-30 00:00:00,0.5745151098304478
2013-07-31 00:00:00,0.5761751038950738
2013-08-01 00:00:00,0.5769529383517512
2013-08-02 00:00:00,0.5735972249311843
2013-08-05 00:00:00,0.5718041942446975
2013-08-06 00:00:00,0.5712713915695659
2013-08-07 00:00:00,0.5675376097455923
2013-08-08 00:00:00,0.5664755113056915
2013-08-09 00:00:00,0.5676566187260026
2013-08-12 00:00:00,0.5684344531826799
2013-08-13 00:00:00,0.5690106511575407
2013-08-14 00:00:00,0.566965574868783
2013-08-15 00:00:00,0.565878271868655
2013-08-16 00:00:00,0.5646397415071644
2013-08-19 00:00:00,0.5635020293865823
2013-08-20 00:00:00,0.5631456586330402
2013-08-21 00:00:00,0.5631169471624505
2013-08-22 00:00:00,0.5655582825941166
2013-08-23 00:00:00,0.5655799802439812
2013-08-26 00:00:00,0.5658033143756623
2013-08-27 00:00:00,0.5667827853141567
2013-08-28 00:00:00,0.5669557103253837
2013-08-29 00:00:00,0.5677335447820612
2013-08-30 00:00:00,0.5682089245160135
2013-09-03 00:00:00,0.5662646664681641
2013-09-04 00:00:00,0.5637407035350914
2013-09-05 00:00:00,0.5649722200758568
2013-09-06 00:00:00,0.563935326196183
2013-09-09 00:00:00,0.5616129997449272
2013-09-10 00:00:00,0.5614078563527477
2013-09-11 00:00:00,0.5594635983048983
2013-09-12 00:00:00,0.5591324321115834
2013-09-13 00:00:00,0.5580451291114555
2013-09-16 00:00:00,0.5563529166658772
2013-09-17 00:00:00,0.556979523761192
2013-09-18 00:00:00,0.5553377204360679
2013-09-19 00:00:00,0.5533430532677643
2013-09-20 00:00:00,0.5538688421221708
2013-09-23 00:00:00,0.5527059254413615
2013-09-24 00:00:00,0.5541894875843978
2013-09-25 00:00:00,0.5522956386570026
2013-09-26 00:00:00,0.5539808372818558
2013-09-27 00:00:00,0.5508519649033327
2013-09-30 00:00:00,0.5497142527827505
2013-10-01 00:00:00,0.5489546090655749
2013-10-02 00:00:00,0.5485226246313516
2013-10-03 00:00:00,0.5498801639732523
2013-10-04 00:00:00,0.5523719085253727
2013-10-07 00:00:00,0.5520155377718305
2013-10-08 00:00:00,0.5518103943796512
2013-10-09 00:00:00,0.5554615487022181
2013-10-10 00:00:00,0.5546262913043611
2013-10-11 00:00:00,0.5553537166405844
2013-10-15 00:00:00,0.5545940729234088
2013-10-16 00:00:00,0.556329680668716
2013-10-17 00:00:00,0.5496973744186261
2013-10-18 00:00:00,0.5492149808639485
2013-10-21 00:00:00,0.5500684290013073
2013-10-22 00:00:00,0.5482249891943664
2013-10-23 00:00:00,0.5494565057351316
2013-10-24 00:00:00,0.5490497258611353
2013-10-25 00:00:00,0.5497267420769044
2013-10-28 00:00:00,0.5503785537324465
2013-10-29 00:00:00,0.5521645705982079
2013-10-30 00:00:00,0.5516569724833033
2013-10-31 00:00:00,0.5518803066149846
2013-11-01 00:00:00,0.5555314609375515
2013-11-04 00:00:00,0.5547970217806029
2013-11-05 00:00:00,0.5523990816486657
2013-11-06 00:00:00,0.5514630060099004
2013-11-07 00:00:00,0.5517115447018088
2013-11-08 00:00:00,0.5535479706880244
2013-11-12 00:00:00,0.5555104194753757
2013-11-13 00:00:00,0.5525327744582152
2013-11-14 00:00:00,0.551395062337633
2013-11-15 00:00:00,0.5506102140602304
2013-11-18 00:00:00,0.5505058889089594
2013-11-19 00:00:00,0.5504771774383695
2013-11-20 00:00:00,0.5494402835586958
2013-11-21 00:00:00,0.5492855492869706
2013-11-22 00:00:00,0.5478453824436632
2013-11-25 00:00:00,0.549454967387835
2013-11-26 00:00:00,0.5483928689479342
2013-11-27 00:00:00,0.5463477926591764
2013-11-29 00:00:00,0.543647397804514
2013-12-02 00:00:00,0.5438203228157411
2013-12-03 00:00:00,0.5425061787735693
2013-12-04 00:00:00,0.5440905591575139
2013-12-05 00:00:00,0.5446667571323747
2013-12-06 00:00:00,0.544663250222012
2013-12-09 00:00:00,0.5427189921741626
2013-12-10 00:00:00,0.5421609849388038
2013-12-11 00:00:00,0.5430144330761626
2013-12-12 00:00:00,0.5445736088998802
2013-12-13 00:00:00,0.5453514433565576
2013-12-16 00:00:00,0.5448942543621073
2013-12-17 00:00:00,0.5463022028244622
2013-12-18 00:00:00,0.542896080283441
2013-12-19 00:00:00,0.5430185961742138
2013-12-20 00:00:00,0.5436704078297558
2013-12-23 00:00:00,0.543616491798939
2013-12-24 00:00:00,0.5432097119249427
2013-12-26 00:00:00,0.5418199542020896
2013-12-27 00:00:00,0.5401277417565112
2013-12-30 00:00:00,0.5393176889188815
2013-12-31 00:00:00,0.5379783403164825
2014-01-02 00:00:00,0.5413018353560971
2014-01-03 00:00:00,0.5417016014093681
2014-01-06 00:00:00,0.5419753446615035
2014-01-07 00:00:00,0.5417197921488699
2014-01-08 00:00:00,0.5406828982691962
2014-01-09 00:00:00,0.5407045959190606
2014-01-10 00:00:00,0.5403986342859728
2014-01-13 00:00:00,0.5426635377960493
2014-01-14 00:00:00,0.5408453025493354
2014-01-15 00:00:00,0.5427069330957781
2014-01-16 00:00:00,0.5436864040342724
2014-01-17 00:00:00,0.5412884639023352
2014-01-21 00:00:00,0.5402515700226614
2014-01-22 00:00:00,0.5376519934089075
2014-01-23 00:00:00,0.5365898949690067
2014-01-24 00:00:00,0.5396109352858961
2014-01-27 00:00:00,0.5371373814732776
2014-01-28 00:00:00,0.5372851019242777
2014-01-29 00:00:00,0.5377604816582299
2014-01-30 00:00:00,0.5395969076444456
2014-01-31 00:00:00,0.5405007649022585
2014-02-03 00:00:00,0.5440763055441441
2014-02-04 00:00:00,0.5442240259951441
2014-02-05 00:00:00,0.5439936780427376
2014-02-06 00:00:00,0.5430323978437451
2014-02-07 00:00:00,0.5417434583618004
2014-02-10 00:00:00,0.5411098374457602
2014-02-11 00:00:00,0.5398461025240426
2014-02-12 00:00:00,0.5370448894284718
2014-02-13 00:00:00,0.5353778815431206
2014-02-14 00:00:00,0.5330051459714105
2014-02-18 00:00:00,0.5339846169099048
2014-02-19 00:00:00,0.5334014051143189
2014-02-20 00:00:00,0.535338649341443
2014-02-21 00:00:00,0.5355619834731242
2014-02-24 00:00:00,0.5352560218400364
2014-02-25 00:00:00,0.5338410595569562
2014-02-26 00:00:00,0.5350221669772672
2014-02-27 00:00:00,0.533859250296458
2014-02-28 00:00:00,0.5323938788929236
2014-03-03 00:00:00,0.5333229407109636
2014-03-04 00:00:00,0.5344788435710476
2014-03-05 00:00:00,0.5328370402459234
2014-03-06 00:00:00,0.5324554649321543
2014-03-07 00:00:00,0.5328804355456523
2014-03-10 00:00:00,0.5351705436159558
2014-03-11 00:00:00,0.5352678549465016
2014-03-12 00:00:00,0.5358188483611352
2014-03-13 00:00:00,0.5339754085541942
2014-03-14 00:00:00,0.5351313114142782
2014-03-17 00:00:00,0.534724531540282
2014-03-18 00:00:00,0.5364853438458164
2014-03-19 00:00:00,0.5350703815627361
2014-03-20 00:00:00,0.5380158081989442
2014-03-21 00:00:00,0.5383147560113068
2014-03-24 00:00:00,0.5384624764623067
2014-03-25 00:00:00,0.5380304920280834
2014-03-26 00:00:00,0.5365147115040948
2014-03-27 00:00:00,0.5349485218596519
2014-03-28 00:00:00,0.5346677647867912
2014-03-31 00:00:00,0.5336812800275716
2014-04-01 00:00:00,0.5345599327251576
2014-04-02 00:00:00,0.5346572440557034
2014-04-03 00:00:00,0.5359139651566956
2014-04-04 00:00:00,0.5356080035236079
2014-04-07 00:00:00,0.535024791728022
2014-04-08 00:00:00,0.5317951011085905
2014-04-09 00:00:00,0.5315647531561839
2014-04-10 00:00:00,0.5307799048787812
2014-04-11 00:00:00,0.5318853986184109
2014-04-14 00:00:00,0.5317306643466857
2014-04-15 00:00:00,0.5321052258397295
2014-04-16 00:00:00,0.5303373997134699
2014-04-17 00:00:00,0.5299306198394736
2014-04-18 00:00:00,0.5303303858927447
2014-04-21 00:00:00,0.5303016744221549
2014-04-22 00:00:00,0.5292395759822541
2014-04-23 00:00:00,0.5308491609264259
2014-04-24 00:00:00,0.5300895172092502
2014-04-25 00:00:00,0.5297331464557082
2014-04-28 00:00:00,0.5296540258646643
2014-04-29 00:00:00,0.5291968368702138
2014-04-30 00:00:00,0.5278070791473607
2014-05-01 00:00:00,0.5273498901529103
2014-05-02 00:00:00,0.528203338290269
2014-05-05 00:00:00,0.5280486040185438
2014-05-06 00:00:00,0.5253482091638815
2014-05-07 00:00:00,0.525621952416017
2014-05-08 00:00:00,0.5260973321499692
2014-05-09 00:00:00,0.5284630539009539
2014-05-12 00:00:00,0.527879842105368
2014-05-13 00:00:00,0.5286828811222726
2014-05-14 00:00:00,0.5300152159039463
2014-05-15 00:00:00,0.5298100725117668
2014-05-16 00:00:00,0.5288739968730015
2014-05-19 00:00:00,0.5289713082035473
2014-05-20 00:00:00,0.52831248272728
2014-05-21 00:00:00,0.5277292709316941
2014-05-22 00:00:00,0.5279526050633754
2014-05-23 00:00:00,0.5288564623211883
2014-05-27 00:00:00,0.5293822511755948
2014-05-28 00:00:00,0.5316471546856711
2014-05-29 00:00:00,0.5313663976128105
2014-05-30 00:00:00,0.5302034809320012
2014-06-02 00:00:00,0.5303764059432283
2014-06-03 00:00:00,0.5304233081533198
2014-06-04 00:00:00,0.5305458240440928
2014-06-05 00:00:00,0.5292820891223751
2014-06-06 00:00:00,0.5293037867722395
2014-06-09 00:00:00,0.5291742570607414
2014-06-10 00:00:00,0.5302797508003712
2014-06-11 00:00:00,0.5291924478002432
2014-06-12 00:00:00,0.5277018718364818
2014-06-13 00:00:00,0.525152704343182
2014-06-16 00:00:00,0.5242418332646437
2014-06-17 00:00:00,0.5247928266792773
2014-06-18 00:00:00,0.5251169790518669
2014-06-19 00:00:00,0.5226938343597027
2014-06-20 00:00:00,0.5234716688163802
2014-06-23 00:00:00,0.5235437755866988
2014-06-24 00:00:00,0.524498041964966
2014-06-25 00:00:00,0.5240912620909697
2014-06-26 00:00:00,0.5232560046931128
2014-06-27 00:00:00,0.5232777023429773
2014-06-30 00:00:00,0.5210057850121756
2014-07-01 00:00:00,0.5199184820120477
2014-07-02 00:00:00,0.5194360884573702
2014-07-03 00:00:00,0.5197350362697327
2014-07-07 00:00:00,0.5203112342445934
2014-07-08 00:00:00,0.5203077273342308
2014-07-09 00:00:00,0.5202034021829597
2014-07-10 00:00:00,0.5203763271941868
2014-07-11 00:00:00,0.5207004795667765
2014-07-14 00:00:00,0.5214027003427726
2014-07-15 00:00:00,0.5196096696562859
2014-07-16 00:00:00,0.520034640269784
2014-07-17 00:00:00,0.5206864519253259
2014-07-18 00:00:00,0.5215399000626847
2014-07-21 00:00:00,0.5215615977125492
2014-07-22 00:00:00,0.5217597272840033
2014-07-23 00:00:00,0.5222855161384098
2014-07-24 00:00:00,0.5236430554803106
2014-07-25 00:00:00,0.5238411850517648
2014-07-28 00:00:00,0.5233335869368602
2014-07-29 00:00:00,0.5246155125980796
2014-07-30 00:00:00,0.5254941652956655
2014-07-31 00:00:00,0.5258183176682552
2014-08-01 00:00:00,0.5272262661306101
2014-08-04 00:00:00,0.5269707136179765
2014-08-05 00:00:00,0.5261102516598924
2014-08-06 00:00:00,0.5271149271586139
2014-08-07 00:00:00,0.5266829427243905
2014-08-08 00:00:00,0.5284437550299249
2014-08-11 00:00:00,0.5281882025172913
2014-08-12 00:00:00,0.5276806044023866
2014-08-13 00:00:00,0.5304243945567779
2014-08-14 00:00:00,0.5304460922066424
2014-08-15 00:00:00,0.5306190172178694
2014-08-18 00:00:00,0.5297333506995583
2014-08-19 00:00:00,0.5322250952516786
2014-08-20 00:00:00,0.5318687244981366
2014-08-21 00:00:00,0.5329490136775392
2014-08-22 00:00:00,0.533298370610356
2014-08-25 00:00:00,0.5329924089772682
2014-08-26 00:00:00,0.533341765910085
2014-08-27 00:00:00,0.533237440758814
2014-08-28 00:00:00,0.5330575019268616
2014-08-29 00:00:00,0.5328775630949092
2014-09-02 00:00:00,0.5349408301231688
2014-09-03 00:00:00,0.5361975512241612
2014-09-04 00:00:00,0.5387397048967357
2014-09-05 00:00:00,0.5396435621545487
2014-09-08 00:00:00,0.543924830482793
2014-09-09 00:00:00,0.5452319607042396
2014-09-10 00:00:00,0.5440438394632033
2014-09-11 00:00:00,0.5417215130119475
2014-09-12 00:00:00,0.5412391194572699
2014-09-15 00:00:00,0.5412104079866802
2014-09-16 00:00:00,0.5399970821854168
2014-09-17 00:00:00,0.5389853928659701
2014-09-18 00:00:00,0.5378728853056151
2014-09-19 00:00:00,0.5393060383281971
2014-09-22 00:00:00,0.5386220082917028
2014-09-23 00:00:00,0.5378371600143002
2014-09-24 00:00:00,0.538463767109615
2014-09-25 00:00:00,0.5392163970060653
2014-09-26 00:00:00,0.5406747545888745
2014-09-29 00:00:00,0.540444406636468
2014-09-30 00:00:00,0.5414742866954164
2014-10-01 00:00:00,0.5415463934657352
2014-10-02 00:00:00,0.543433228572405
2014-10-03 00:00:00,0.5478909288222391
2014-10-06 00:00:00,0.5461735118164337
2014-10-07 00:00:00,0.5450610042560786
2014-10-08 00:00:00,0.5451331110263973
2014-10-09 00:00:00,0.543718148743317
2014-10-10 00:00:00,0.5455545747295327
2014-10-14 00:00:00,0.548525205925968
2014-10-15 00:00:00,0.5477655622087922
2014-10-16 00:00:00,0.5450651673541299
2014-10-17 00:00:00,0.5445071601187711
2014-10-20 00:00:00,0.5431930160765992
2014-10-21 00:00:00,0.5432399182866908
2014-10-22 00:00:00,0.5448242986706355
2014-10-23 00:00:00,0.5456273376875401
2014-10-24 00:00:00,0.5440611480430972
2014-10-27 00:00:00,0.543150276964559
2014-10-28 00:00:00,0.5425166560485188
2014-10-29 00:00:00,0.5426895810597459
2014-10-30 00:00:00,0.5458366441777708
2014-10-31 00:00:00,0.5464128421526314
2014-11-03 00:00:00,0.546711789964994
2014-11-04 00:00:00,0.5465570556932688
2014-11-05 00:00:00,0.5467047761442687
2014-11-06 00:00:00,0.5497510210213853
2014-11-07 00:00:00,0.5501759916348834
2014-11-10 00:00:00,0.5498196208813413
2014-11-12 00:00:00,0.5508495009402898
2014-11-13 00:00:00,0.5532908363719559
2014-11-14 00:00:00,0.5547743985149921
2014-11-17 00:00:00,0.5550481417671277
2014-11-18 00:00:00,0.5549438166158567
2014-11-19 00:00:00,0.5543606048202707
2014-11-20 00:00:00,0.5540042340667286
2014-11-21 00:00:00,0.554252772758637
2014-11-24 00:00:00,0.5534931290414613
2014-11-25 00:00:00,0.5531367582879193
2014-11-26 00:00:00,0.5512681139207513
2014-11-28 00:00:00,0.5549948819239995
2014-12-01 00:00:00,0.5523196916295642
2014-12-02 00:00:00,0.5546097996998677
2014-12-03 00:00:00,0.5533460647781501
2014-12-04 00:00:00,0.5531409213859706
2014-12-05 00:00:00,0.5558090978596806
2014-12-08 00:00:00,0.5551502723834134
2014-12-09 00:00:00,0.5533824462571537
2014-12-10 00:00:00,0.5534797575876995
2014-12-11 00:00:00,0.5528713412318864
2014-12-12 00:00:00,0.5524393567976631
2014-12-15 00:00:00,0.5540489417418348
2014-12-16 00:00:00,0.5521802973746668
2014-12-17 00:00:00,0.5542687689631536
2014-12-18 00:00:00,0.5539880118902928
2014-12-19 00:00:00,0.5552951421117394
2014-12-22 00:00:00,0.5550395895991057
2014-12-23 00:00:00,0.5575565387114532
2014-12-24 00:00:00,0.5567212813135962
2014-12-29 00:00:00,0.557322683848684
2014-12-30 00:00:00,0.5560589489269664
2014-12-31 00:00:00,0.5559042146552411
2015-01-02 00:00:00,0.5613448927539321
2015-01-05 00:00:00,0.5645171604321841
2015-01-06 00:00:00,0.5660007225752204
2015-01-07 00:00:00,0.5685176716875677
2015-01-08 00:00:00,0.5673547550067586
2015-01-09 00:00:00,0.5664942930486745
2015-01-12 00:00:00,0.566037104054224
2015-01-13 00:00:00,0.5660588017040886
2015-01-14 00:00:00,0.564316180138056
2015-01-15 00:00:00,0.5661274015640446
2015-01-16 00:00:00,0.5668296223400406
2015-01-20 00:00:00,0.566044774062638
2015-01-21 00:00:00,0.5671250632420407
2015-01-22 00:00:00,0.5687598527464395
2015-01-23 00:00:00,0.5694872780826629
2015-01-26 00:00:00,0.5677950656370845
2015-01-27 00:00:00,0.565044261661968
2015-01-28 00:00:00,0.5657968915584184
2015-01-29 00:00:00,0.5688431364355349
2015-01-30 00:00:00,0.5692429024888057
2015-02-02 00:00:00,0.569188986457989
2015-02-03 00:00:00,0.566589409844235
2015-02-04 00:00:00,0.5645443335554773
2015-02-05 00:00:00,0.5623984390258111
2015-02-06 00:00:00,0.563529137325668
2015-02-09 00:00:00,0.5642565626618912
2015-02-10 00:00:00,0.563345691583353
2015-02-11 00:00:00,0.5638210713173053
2015-02-12 00:00:00,0.5600620849331046
2015-02-13 00:00:00,0.5596805096193356
2015-02-17 00:00:00,0.5607860033589653
2015-02-18 00:00:00,0.5587157225099805
2015-02-19 00:00:00,0.5581577152746217
2015-02-20 00:00:00,0.5597925047790205
2015-02-23 00:00:00,0.5577474284902628
2015-02-24 00:00:00,0.5585000583867131
2015-02-25 00:00:00,0.5568330505013619
2015-02-26 00:00:00,0.5586946810478047
2015-02-27 00:00:00,0.5582879011738084
2015-03-02 00:00:00,0.5599730997986615
2015-03-03 00:00:00,0.5594402971235298
2015-03-04 00:00:00,0.5625621556813276
2015-03-05 00:00:00,0.5634660129391406
2015-03-06 00:00:00,0.5676212584662494
2015-03-09 00:00:00,0.5667355919479383
2015-03-10 00:00:00,0.5669841306398467
2015-03-11 00:00:00,0.5705092621612781
2015-03-12 00:00:00,0.5714383239793183
2015-03-13 00:00:00,0.5752407056632477
2015-03-16 00:00:00,0.5740777889824384
2015-03-17 00:00:00,0.5754605328845663
2015-03-18 00:00:00,0.5768936859071484
2015-03-19 00:00:00,0.5757811783467934
2015-03-20 00:00:00,0.5708627821921461
2015-03-23 00:00:00,0.5705064114386041
2015-03-24 00:00:00,0.572141200943003
2015-03-25 00:00:00,0.5709782842621938
2015-03-26 00:00:00,0.5727390965677281
2015-03-27 00:00:00,0.571853430049417
2015-03-30 00:00:00,0.5739923107583579
2015-03-31 00:00:00,0.5725017347945963
2015-04-01 00:00:00,0.5731535464501384
2015-04-02 00:00:00,0.5726459483352337
2015-04-03 00:00:00,0.5707520994078386
2015-04-06 00:00:00,0.5696395918474835
2015-04-07 00:00:00,0.572181745520058
2015-04-08 00:00:00,0.5704643285142525
2015-04-09 00:00:00,0.5750984606856764
2015-04-10 00:00:00,0.5773633641957527
2015-04-13 00:00:00,0.577082607122892
2015-04-14 00:00:00,0.573726893702325
2015-04-15 00:00:00,0.5738998187135521
2015-04-16 00:00:00,0.5703172642509413
2015-04-17 00:00:00,0.5698096661360367
2015-04-20 00:00:00,0.5705118869120328
2015-04-21 00:00:00,0.5697018340744029
2015-04-22 00:00:00,0.5675811441049639
2015-04-23 00:00:00,0.5670483414298322
2015-04-24 00:00:00,0.5637682416899465
2015-04-27 00:00:00,0.5622524611659578
2015-04-28 00:00:00,0.5598797255942478
2015-04-29 00:00:00,0.5558938981680034
2015-04-30 00:00:00,0.5598223026530683
2015-05-01 00:00:00,0.5646076621858547
2015-05-04 00:00:00,0.5650578373595799
2015-05-05 00:00:00,0.5635168522753642
2015-05-06 00:00:00,0.5618246398297858
2015-05-07 00:00:00,0.5623252241239652
2015-05-08 00:00:00,0.5564490546806882
2015-05-11 00:00:00,0.5529421138987586
2015-05-12 00:00:00,0.5505945828872757
2015-05-13 00:00:00,0.5489779841223786
2015-05-14 00:00:00,0.5484955905677011
2015-05-15 00:00:00,0.5483156517357488
2015-05-18 00:00:00,0.5506309643662793
2015-05-19 00:00:00,0.5545341642911172
2015-05-20 00:00:00,0.5539761570557584
2015-05-21 00:00:00,0.5507212618760999
2015-05-22 00:00:00,0.555431007728205
2015-05-26 00:00:00,0.5575698884371458
2015-05-27 00:00:00,0.5594063144233615
2015-05-28 00:00:00,0.5602093534402661
2015-05-29 00:00:00,0.5603066647708119
2015-06-01 00:00:00,0.5627732047627051
2015-06-02 00:00:00,0.559115036619413
2015-06-03 00:00:00,0.5585822339442812
2015-06-04 00:00:00,0.5581502495100579
2015-06-05 00:00:00,0.5606419940621781
2015-06-08 00:00:00,0.5602856233086361
2015-06-09 00:00:00,0.557660842134655
2015-06-10 00:00:00,0.5539270603106816
2015-06-11 00:00:00,0.5548309175684946
2015-06-12 00:00:00,0.5524329774365574
2015-06-15 00:00:00,0.5527823343693742
2015-06-16 00:00:00,0.5511153264840228
2015-06-17 00:00:00,0.5492970912373091
2015-06-18 00:00:00,0.5448827862872039
2015-06-19 00:00:00,0.5448792793768412
2015-06-22 00:00:00,0.5463124323994233
2015-06-23 00:00:00,0.5480984492651848
2015-06-24 00:00:00,0.549834057010492
2015-06-25 00:00:00,0.5486207312092286
2015-06-26 00:00:00,0.5483147695761408
2015-06-29 00:00:00,0.5476559440998736
2015-06-30 00:00:00,0.5485598013576866
2015-07-01 00:00:00,0.5513035915120778
2015-07-02 00:00:00,0.5513504937221695
2015-07-06 00:00:00,0.5511957594504442
2015-07-07 00:00:00,0.5556030505798241
2015-07-08 00:00:00,0.5578427495296734
2015-07-09 00:00:00,0.5572595377340874
2015-07-10 00:00:00,0.5540046425544288
2015-07-13 00:00:00,0.5535978626804327
2015-07-14 00:00:00,0.5519056502348543
2015-07-15 00:00:00,0.5509443700358618
2015-07-16 00:00:00,0.5514197497698141
2015-07-17 00:00:00,0.5508113334140011
2015-07-20 00:00:00,0.5517151906718141
2015-07-21 00:00:00,0.552619047929627
2015-07-22 00:00:00,0.5509016309238215
2015-07-23 00:00:00,0.5529901025123083
2015-07-24 00:00:00,0.5534402776860334
2015-07-27 00:00:00,0.5513699968370486
2015-07-28 00:00:00,0.5507867850414626
2015-07-29 00:00:00,0.5505816416492832
2015-07-30 00:00:00,0.5516367262684587
2015-07-31 00:00:00,0.5502721731058328
2015-08-03 00:00:00,0.5510248030022832
2015-08-04 00:00:00,0.5507692504896495
2015-08-05 00:00:00,0.5509421755008765
2015-08-06 00:00:00,0.5530054425291361
2015-08-07 00:00:00,0.5543377773108098
2015-08-10 00:00:00,0.5523179055822791
2015-08-11 00:00:00,0.5516338755457848
2015-08-12 00:00:00,0.5499164585399793
2015-08-13 00:00:00,0.550996747719382
2015-08-14 00:00:00,0.5502118994419793
2015-08-17 00:00:00,0.5508637110975213
2015-08-18 00:00:00,0.5493227260133056
2015-08-19 00:00:00,0.5496216738256681
2015-08-20 00:00:00,0.5485091662653131
2015-08-21 00:00:00,0.5482284091924523
2015-08-24 00:00:00,0.5473679472343683
2015-08-25 00:00:00,0.5481709862512728
2015-08-26 00:00:00,0.5533092096272387
2015-08-27 00:00:00,0.5553472720952712
2015-08-28 00:00:00,0.5565535840758093
2015-08-31 00:00:00,0.5564996680449925
2015-09-01 00:00:00,0.557025456899399
2015-09-02 00:00:00,0.5577780867958494
2015-09-03 00:00:00,0.5591608306979772
2015-09-04 00:00:00,0.5606191882807864
2015-09-08 00:00:00,0.555902428607956
2015-09-09 00:00:00,0.5563273992214541
2015-09-10 00:00:00,0.553929459089517
2015-09-11 00:00:00,0.5546820889859674
2015-09-14 00:00:00,0.5547289911960589
2015-09-15 00:00:00,0.5564898035015933
2015-09-16 00:00:00,0.5527560216776198
2015-09-17 00:00:00,0.552475264604759
2015-09-18 00:00:00,0.550833461279635
2015-09-21 00:00:00,0.552493455344261
2015-09-22 00:00:00,0.5562454279077362
2015-09-23 00:00:00,0.5590648317428089
2015-09-24 00:00:00,0.5587588701097209
2015-09-25 00:00:00,0.5607969325777534
2015-09-28 00:00:00,0.5598608569389881
2015-09-29 00:00:00,0.5608403278774824
2015-09-30 00:00:00,0.5621222535387018
2015-10-01 00:00:00,0.5609341322976655
2015-10-02 00:00:00,0.5595443745748123
2015-10-05 00:00:00,0.5608010956758048
2015-10-06 00:00:00,0.5592097014711348
2015-10-07 00:00:00,0.5569629887005603
2015-10-08 00:00:00,0.5569090726697434
2015-10-09 00:00:00,0.5569055657593808
2015-10-13 00:00:00,0.5587167871853693
2015-10-14 00:00:00,0.5535715499886783
2015-10-15 00:00:00,0.5527867017112755
2015-10-16 00:00:00,0.5536149452884073
2015-10-19 00:00:00,0.5528300970110045
2015-10-20 00:00:00,0.552826590100642
2015-10-21 00:00:00,0.5529743105516418
2015-10-22 00:00:00,0.5545586909355865
2015-10-23 00:00:00,0.5560170485183957
2015-10-26 00:00:00,0.5554590412830368
2015-10-27 00:00:00,0.556665353263575
2015-10-28 00:00:00,0.5564602098713957
2015-10-29 00:00:00,0.5570112032860292
2015-10-30 00:00:00,0.5532270123416015
2015-11-02 00:00:00,0.5536267783948725
2015-11-03 00:00:00,0.5542029763697331
2015-11-04 00:00:00,0.5548547880252751
2015-11-05 00:00:00,0.5583799195467065
2015-11-06 00:00:00,0.5625099605135884
2015-11-09 00:00:00,0.5611454073509623
2015-11-10 00:00:00,0.561469559723552
2015-11-12 00:00:00,0.5590212104711606
2015-11-13 00:00:00,0.5589420898801167
2015-11-16 00:00:00,0.5590141966504353
2015-11-17 00:00:00,0.5587334395775746
2015-11-18 00:00:00,0.5588055463478933
2015-11-19 00:00:00,0.5558279013307328
2015-11-20 00:00:00,0.5590253735692119
2015-11-23 00:00:00,0.5608617995554276
2015-11-24 00:00:00,0.5625469981802806
2015-11-25 00:00:00,0.5612076495778817
2015-11-27 00:00:00,0.5629180527629619
2015-11-30 00:00:00,0.5627885230514638
2015-12-01 00:00:00,0.562003674774061
2015-12-02 00:00:00,0.565680033656855
2015-12-03 00:00:00,0.5615933879897022
2015-12-04 00:00:00,0.5612622217963872
2015-12-07 00:00:00,0.5618384197712479
2015-12-08 00:00:00,0.5637252548779178
2015-12-09 00:00:00,0.5594621772891752
2015-12-10 00:00:00,0.5592318293367686
2015-12-11 00:00:00,0.5582705491377762
2015-12-14 00:00:00,0.5603338161660358
2015-12-15 00:00:00,0.5624726968749767
2015-12-16 00:00:00,0.5632253267714271
2015-12-17 00:00:00,0.5666496400519501
2015-12-18 00:00:00,0.5656631552927306
2015-12-21 00:00:00,0.5658360803039577
2015-12-22 00:00:00,0.5682018020549424
2015-12-23 00:00:00,0.5668624534525435
2015-12-24 00:00:00,0.5648173771637857
2015-12-28 00:00:00,0.566300939306822
2015-12-29 00:00:00,0.5685154336964442
2015-12-30 00:00:00,0.5675289489372246
2015-12-31 00:00:00,0.5696678296461656
2016-01-04 00:00:00,0.5711513917892018
2016-01-05 00:00:00,0.5716771806436083
2016-01-06 00:00:00,0.5726062424616484
2016-01-07 00:00:00,0.5737621453217323
2016-01-08 00:00:00,0.5751448892238602
2016-01-11 00:00:00,0.5740827907839594
2016-01-12 00:00:00,0.5781120135099328
2016-01-13 00:00:00,0.5763945965041274
2016-01-14 00:00:00,0.5779033632073907
2016-01-15 00:00:00,0.5808991989640531
2016-01-19 00:00:00,0.5838446256002611
2016-01-20 00:00:00,0.5839167323705797
2016-01-21 00:00:00,0.5831066795329499
2016-01-22 00:00:00,0.5803054664373791
2016-01-25 00:00:00,0.5818646422610967
2016-01-26 00:00:00,0.5793910884484783
2016-01-27 00:00:00,0.5814039463562837
2016-01-28 00:00:00,0.579106824465255
2016-01-29 00:00:00,0.583287274552591
2016-02-01 00:00:00,0.5786461285604418
2016-02-02 00:00:00,0.577810871162585
2016-02-03 00:00:00,0.5733209525317985
2016-02-04 00:00:00,0.5731914228203003
2016-02-05 00:00:00,0.5759856220951458
2016-02-08 00:00:00,0.5772927523165924
2016-02-09 00:00:00,0.5758021763528308
2016-02-10 00:00:00,0.5757734648822411
2016-02-11 00:00:00,0.5763748674173288
2016-02-12 00:00:00,0.5760437012240139
2016-02-16 00:00:00,0.5802997649920313
2016-02-17 00:00:00,0.5795905303953098
2016-02-18 00:00:00,0.5791585459610864
2016-02-19 00:00:00,0.5788777888882257
2016-02-22 00:00:00,0.5835371256198767
2016-02-23 00:00:00,0.5864573476958577
2016-02-24 00:00:00,0.5891507287297948
2016-02-25 00:00:00,0.5889959944580695
2016-02-26 00:00:00,0.5907316022033768
2016-02-29 00:00:00,0.5892158216793881
2016-03-01 00:00:00,0.5886326098838022
2016-03-02 00:00:00,0.5858061922280043
2016-03-03 00:00:00,0.5834334566562942
2016-03-04 00:00:00,0.5815396077288991
2016-03-07 00:00:00,0.5807547594514965
2016-03-08 00:00:00,0.5815073893479468
2016-03-09 00:00:00,0.5812014277148589
2016-03-10 00:00:00,0.5794083970283721
2016-03-11 00:00:00,0.5763551383305304
2016-03-14 00:00:00,0.5788972920031049
2016-03-15 00:00:00,0.582850901048397
2016-03-16 00:00:00,0.584485690552796
2016-03-17 00:00:00,0.574627200593637
2016-03-18 00:00:00,0.5739935796775969
2016-03-21 00:00:00,0.5767877789524425
2016-03-22 00:00:00,0.5814219111238662
2016-03-23 00:00:00,0.5840648830373492
2016-03-24 00:00:00,0.5832296256394922
2016-03-25 00:00:00,0.5835033688916277
2016-03-28 00:00:00,0.5804753147540129
2016-03-29 00:00:00,0.5796652619163832
2016-03-30 00:00:00,0.5768892533810395
2016-03-31 00:00:00,0.5770873829524936
2016-04-01 00:00:00,0.5815198786421006
2016-04-04 00:00:00,0.5796008251544784
2016-04-05 00:00:00,0.5828487065134117
2016-04-06 00:00:00,0.5824923357598697
2016-04-07 00:00:00,0.584479989107448
2016-04-08 00:00:00,0.5838715727516349
2016-04-11 00:00:00,0.5804402456503867
2016-04-12 00:00:00,0.5803107159388885
2016-04-13 00:00:00,0.5808113002330679
2016-04-14 00:00:00,0.5826729307795107
2016-04-15 00:00:00,0.5809051046532511
2016-04-18 00:00:00,0.5793893241292624
2016-04-19 00:00:00,0.5763360654314207
2016-04-20 00:00:00,0.5768366497256
2016-04-21 00:00:00,0.577740506983413
2016-04-22 00:00:00,0.576401158381014
2016-04-25 00:00:00,0.5738015817672601
2016-04-26 00:00:00,0.5707735276296454
2016-04-27 00:00:00,0.5721814760920003
2016-04-28 00:00:00,0.571472241495279
2016-04-29 00:00:00,0.5703345293746969
2016-05-02 00:00:00,0.5692724309347961
2016-05-03 00:00:00,0.5723438803721396
2016-05-04 00:00:00,0.5740290789969926
2016-05-05 00:00:00,0.5737231173639048
2016-05-06 00:00:00,0.5748790202239888
2016-05-09 00:00:00,0.5756064455602121
2016-05-10 00:00:00,0.5744435288794029
2016-05-11 00:00:00,0.5737594988429086
2016-05-12 00:00:00,0.5744365150586775
2016-05-13 00:00:00,0.5764997820869371
2016-05-16 00:00:00,0.5754124790868093
2016-05-17 00:00:00,0.5735186301594141
2016-05-18 00:00:00,0.5702133258593013
2016-05-19 00:00:00,0.5703610463103013
2016-05-20 00:00:00,0.5727267680612861
2016-05-23 00:00:00,0.5744371712463663
2016-05-24 00:00:00,0.5698968434951256
2016-05-25 00:00:00,0.5680786082484117
2016-05-26 00:00:00,0.568579192542591
2016-05-27 00:00:00,0.5692814133185873
2016-05-31 00:00:00,0.5721260217138869
2016-06-01 00:00:00,0.5754999258739557
2016-06-02 00:00:00,0.5748663049579157
2016-06-03 00:00:00,0.5722667283441616
2016-06-06 00:00:00,0.574027540649696
2016-06-07 00:00:00,0.5711255093132169
2016-06-08 00:00:00,0.5715504799267149
2016-06-09 00:00:00,0.5735129287140661
2016-06-10 00:00:00,0.5766347872718639
2016-06-13 00:00:00,0.5796054184682992
2016-06-14 00:00:00,0.5819207310988297
2016-06-15 00:00:00,0.5805057688157494
2016-06-16 00:00:00,0.5832495589701407
2016-06-17 00:00:00,0.5779278898518599
2016-06-20 00:00:00,0.5677417406097488
2016-06-21 00:00:00,0.5682171203437011
2016-06-22 00:00:00,0.567835545029932
2016-06-23 00:00:00,0.5648326954525444
2016-06-24 00:00:00,0.5940664784056181
2016-06-27 00:00:00,0.6046740913508646
2016-06-28 00:00:00,0.6027046287427882
2016-06-29 00:00:00,0.5972317322631449
2016-06-30 00:00:00,0.6039578429334179
2016-07-01 00:00:00,0.6029461536139713
2016-07-05 00:00:00,0.6094706278024276
2016-07-06 00:00:00,0.611962372354548
2016-07-07 00:00:00,0.6118076380828227
2016-07-08 00:00:00,0.6114764718895077
2016-07-11 00:00:00,0.6102379415280172
2016-07-12 00:00:00,0.6038828854404252
2016-07-13 00:00:00,0.6052908339027803
2016-07-14 00:00:00,0.6014310292776713
2016-07-15 00:00:00,0.6048805471184214
2016-07-18 00:00:00,0.6027094480285281
2016-07-19 00:00:00,0.6066126479533661
2016-07-20 00:00:00,0.6051724811100587
2016-07-21 00:00:00,0.6042112009110663
2016-07-22 00:00:00,0.6073330594688641
2016-07-25 00:00:00,0.6063213701494174
2016-07-26 00:00:00,0.6062170449981464
2016-07-27 00:00:00,0.6071713113764137
2016-07-28 00:00:00,0.6057059399728791
2016-07-29 00:00:00,0.6026778858352645
2016-08-01 00:00:00,0.6041866525385279
2016-08-02 00:00:00,0.6012090075213674
2016-08-03 00:00:00,0.6009534550087338
2016-08-04 00:00:00,0.6057640191017473
2016-08-05 00:00:00,0.607600445087963
2016-08-08 00:00:00,0.6082522567435049
2016-08-09 00:00:00,0.6090300912001824
2016-08-10 00:00:00,0.6093038344523178
2016-08-11 00:00:00,0.610232896270358
2016-08-12 00:00:00,0.6108595033656729
2016-08-15 00:00:00,0.6123430655087091
2016-08-16 00:00:00,0.6086596928051898
2016-08-17 00:00:00,0.6088074132561898
2016-08-18 00:00:00,0.6053760861549415
2016-08-19 00:00:00,0.6075149668638824
2016-08-22 00:00:00,0.6056715270569415
2016-08-23 00:00:00,0.6044834058159051
2016-08-24 00:00:00,0.6030180344123707
2016-08-25 00:00:00,0.6044763919951799
2016-08-26 00:00:00,0.604674521566634
2016-08-29 00:00:00,0.6066369703539852
2016-08-30 00:00:00,0.606734281684531
2016-08-31 00:00:00,0.6055713650037218
2016-09-01 00:00:00,0.6019131968604297
2016-09-02 00:00:00,0.6012291668239352
2016-09-06 00:00:00,0.5979238625238225
2016-09-07 00:00:00,0.6001635614736718
2016-09-08 00:00:00,0.6010926232917119
2016-09-09 00:00:00,0.6021729124711145
2016-09-12 00:00:00,0.6007327456278072
2016-09-13 00:00:00,0.6039554224265133
2016-09-14 00:00:00,0.6034226197513817
2016-09-15 00:00:00,0.6031166581182938
2016-09-16 00:00:00,0.6062385166760916
2016-09-19 00:00:00,0.6071927830543589
2016-09-20 00:00:00,0.6091048227212558
2016-09-21 00:00:00,0.6089752930097576
2016-09-22 00:00:00,0.6060732616732785
2016-09-23 00:00:00,0.6093967567128931
2016-09-26 00:00:00,0.6088891585979884
2016-09-27 00:00:00,0.608179924001267
2016-09-28 00:00:00,0.6083780535727211
2016-09-29 00:00:00,0.6084753649032669
2016-09-30 00:00:00,0.6078417439872268
2016-10-03 00:00:00,0.6122238305563796
2016-10-04 00:00:00,0.6145643477471373
2016-10-05 00:00:00,0.6145608408367746
2016-10-06 00:00:00,0.6170021762684408
2016-10-07 00:00:00,0.6223420361262233
2016-10-11 00:00:00,0.6277575096646872
2016-10-12 00:00:00,0.6283085030793208
2016-10-13 00:00:00,0.6281285642473685
2016-10-14 00:00:00,0.628402307499504
2016-10-17 00:00:00,0.6284492097095955
2016-10-18 00:00:00,0.6252951327708454
2016-10-19 00:00:00,0.6260477626672958
2016-10-20 00:00:00,0.6265987560819293
2016-10-21 00:00:00,0.6277294543817862
2016-10-24 00:00:00,0.6278519702725591
2016-10-25 00:00:00,0.6288314412110534
2016-10-26 00:00:00,0.6270384105245665
2016-10-27 00:00:00,0.6285471772278299
2016-10-28 00:00:00,0.6289721478413282
2016-10-31 00:00:00,0.6275067764377936
2016-11-01 00:00:00,0.6273268376058413
2016-11-02 00:00:00,0.6248532837932228
2016-11-03 00:00:00,0.6213211384510662
2016-11-04 00:00:00,0.6189736074395833
2016-11-07 00:00:00,0.6225491480814689
2016-11-08 00:00:00,0.6233017779779192
2016-11-09 00:00:00,0.6207022013641652
2016-11-10 00:00:00,0.6194384664424476
2016-11-14 00:00:00,0.6207708012241213
2016-11-15 00:00:00,0.6219267040842053
2016-11-16 00:00:00,0.6211922649272567
2016-11-17 00:00:00,0.621163553456667
2016-11-18 00:00:00,0.6242350028940106
2016-11-21 00:00:00,0.6205012210700371
2016-11-22 00:00:00,0.6217327376108024
2016-11-23 00:00:00,0.6208470710924913
2016-11-25 00:00:00,0.6207175413809931
2016-11-28 00:00:00,0.6219742624819855
2016-11-29 00:00:00,0.6195763223500483
2016-11-30 00:00:00,0.620152520324909
2016-12-01 00:00:00,0.6172252844282027
2016-12-02 00:00:00,0.6149533670974011
2016-12-05 00:00:00,0.6143449507415881
2016-12-06 00:00:00,0.6143666483914525
2016-12-07 00:00:00,0.616908802064027
2016-12-08 00:00:00,0.6176362274002503
2016-12-09 00:00:00,0.6172042429660269
2016-12-12 00:00:00,0.6149827347556795
2016-12-13 00:00:00,0.6147523868032729
2016-12-14 00:00:00,0.6141943795679141
2016-12-15 00:00:00,0.6221555136893152
2016-12-16 00:00:00,0.6198835963585134
2016-12-19 00:00:00,0.6213419539413226
2016-12-20 00:00:00,0.6228507206445861
2016-12-21 00:00:00,0.6230740547762673
2016-12-22 00:00:00,0.6242299576363513
2016-12-23 00:00:00,0.6254362696168895
2016-12-27 00:00:00,0.6251807171042558
2016-12-28 00:00:00,0.626134983482523
2016-12-29 00:00:00,0.6257282036085268
2016-12-30 00:00:00,0.6231790361152271
2017-01-03 00:00:00,0.6251918940230324
2017-01-04 00:00:00,0.6240793864626775
2017-01-05 00:00:00,0.621126946005744
2017-01-06 00:00:00,0.6236438951180914
2017-01-09 00:00:00,0.6273202540008854
2017-01-10 00:00:00,0.6273419516507499
2017-01-11 00:00:00,0.6284978545108338
2017-01-12 00:00:00,0.6261251189391238
2017-01-13 00:00:00,0.6264240667514864
2017-01-17 00:00:00,0.6216064888377476
2017-01-18 00:00:00,0.6235689376250988
2017-01-19 00:00:00,0.6232881805522381
2017-01-23 00:00:00,0.6190755120839497
2017-01-24 00:00:00,0.6178873908429133
2017-01-25 00:00:00,0.6156154735121117
2017-01-26 00:00:00,0.6166201490108331
2017-01-27 00:00:00,0.6178012564311441
2017-01-30 00:00:00,0.6191083866525907
2017-01-31 00:00:00,0.6163827872377012
2017-02-01 00:00:00,0.6148922112739397
2017-02-02 00:00:00,0.6174343649465142
2017-02-03 00:00:00,0.6183382222043272
2017-02-06 00:00:00,0.6196705569860008
2017-02-07 00:00:00,0.6187344813472355
2017-02-08 00:00:00,0.6172691099437011
2017-02-09 00:00:00,0.6179209215992431
2017-02-10 00:00:00,0.6182450739718327
2017-02-13 00:00:00,0.6180147260194262
2017-02-14 00:00:00,0.619120219759056
2017-02-15 00:00:00,0.6190915082884663
2017-02-16 00:00:00,0.6187603420951513
2017-02-17 00:00:00,0.6199666540756895
2017-02-21 00:00:00,0.619005373876697
2017-02-22 00:00:00,0.6192035034481511
2017-02-23 00:00:00,0.6168559724366682
2017-02-24 00:00:00,0.6180622844172065
2017-02-27 00:00:00,0.6186888915125213
2017-02-28 00:00:00,0.6198195898123782
2017-03-01 00:00:00,0.6225381754065423
2017-03-02 00:00:00,0.6237948965075347
2017-03-03 00:00:00,0.6242198671210328
2017-03-06 00:00:00,0.6243423830118057
2017-03-07 00:00:00,0.6251706265889373
2017-03-08 00:00:00,0.6265785750512923
2017-03-09 00:00:00,0.6261969997375232
2017-03-10 00:00:00,0.6263699247487503
2017-03-13 00:00:00,0.6244256667009009
2017-03-14 00:00:00,0.6260604562052998
2017-03-15 00:00:00,0.6246706984824467
2017-03-16 00:00:00,0.6209117120982461
2017-03-17 00:00:00,0.6208325915072022
2017-03-20 00:00:00,0.6209803119582021
2017-03-21 00:00:00,0.618078280621723
2017-03-22 00:00:00,0.6181251828318145
2017-03-23 00:00:00,0.6168362433498698
2017-03-24 00:00:00,0.6176896914872285
2017-03-27 00:00:00,0.6153421604757456
2017-03-28 00:00:00,0.6173298138233239
2017-03-29 00:00:00,0.6196199218936274
2017-03-30 00:00:00,0.6176252547253238
2017-03-31 00:00:00,0.6163867243638332
2017-04-03 00:00:00,0.6178198773864153
2017-04-04 00:00:00,0.6188497574453639
2017-04-05 00:00:00,0.6175356134031921
2017-04-06 00:00:00,0.6175573110530564
2017-04-07 00:00:00,0.6197466008824515
2017-04-10 00:00:00,0.6192137982073198
2017-04-11 00:00:00,0.6175215857617415
2017-04-12 00:00:00,0.6170896013275181
2017-04-13 00:00:00,0.6165063895319323
2017-04-14 00:00:00,0.6162508370192985
2017-04-17 00:00:00,0.6148106701759912
2017-04-18 00:00:00,0.6101947287440692
2017-04-19 00:00:00,0.6096619260689375
2017-04-20 00:00:00,0.6085998276290367
2017-04-21 00:00:00,0.6097557304891207
2017-04-24 00:00:00,0.6097270190185309
2017-04-25 00:00:00,0.6083624658559048
2017-04-26 00:00:00,0.6082833452648609
2017-04-27 00:00:00,0.6069692012226892
2017-04-28 00:00:00,0.6057054663009713
2017-05-01 00:00:00,0.6062060505951508
2017-05-02 00:00:00,0.6060765208836527
2017-05-03 00:00:00,0.6061738322141984
2017-05-04 00:00:00,0.6062963481049713
2017-05-05 00:00:00,0.6052594542252976
2017-05-08 00:00:00,0.6054323792365246
2017-05-09 00:00:00,0.6054792814466161
2017-05-10 00:00:00,0.6054505699760264
2017-05-11 00:00:00,0.6067829047577001
2017-05-12 00:00:00,0.6068802160882458
2017-05-15 00:00:00,0.6059189358892534
2017-05-16 00:00:00,0.6060162472197993
2017-05-17 00:00:00,0.6051809898219424
2017-05-18 00:00:00,0.603513981936591
2017-05-19 00:00:00,0.6032584294239574
2017-05-22 00:00:00,0.6035321726760929
2017-05-23 00:00:00,0.6040579615304993
2017-05-24 00:00:00,0.6052642735110375
2017-05-25 00:00:00,0.6047566753961329
2017-05-26 00:00:00,0.6087354890016521
2017-05-30 00:00:00,0.607118890236755
2017-05-31 00:00:00,0.6059055644354916
2017-06-01 00:00:00,0.6061541031273999
2017-06-02 00:00:00,0.6063522326988542
2017-06-05 00:00:00,0.6055169753009972
2017-06-06 00:00:00,0.6058915367940411
2017-06-07 00:00:00,0.6048546429143673
2017-06-08 00:00:00,0.6048763405642318
2017-06-09 00:00:00,0.6099389502595163
2017-06-12 00:00:00,0.6119013990468675
2017-06-13 00:00:00,0.6098311181978826
2017-06-14 00:00:00,0.608063292071623
2017-06-15 00:00:00,0.6090427630101173
2017-06-16 00:00:00,0.6087620059372565
2017-06-19 00:00:00,0.6096154540746154
2017-06-20 00:00:00,0.6124852670301422
2017-06-21 00:00:00,0.6114735777106954
2017-06-22 00:00:00,0.6116465027219226
2017-06-23 00:00:00,0.60990388115589
2017-06-26 00:00:00,0.6097491468841647
2017-06-27 00:00:00,0.6082333663601761
2017-06-28 00:00:00,0.6045499936566568
2017-06-29 00:00:00,0.6033114632951663
2017-06-30 00:00:00,0.6030055016620784
2017-07-03 00:00:00,0.6040857908414812
2017-07-05 00:00:00,0.6044855568947521
2017-07-06 00:00:00,0.603625094936668
2017-07-07 00:00:00,0.605789180205836
2017-07-10 00:00:00,0.6056596504943379
2017-07-11 00:00:00,0.6064626895112425
2017-07-12 00:00:00,0.605476204752023
2017-07-13 00:00:00,0.6046409473541661
2017-07-14 00:00:00,0.6006299153676944
2017-07-17 00:00:00,0.6011304996618738
2017-07-18 00:00:00,0.6019083341185513
2017-07-19 00:00:00,0.6016275770456905
2017-07-20 00:00:00,0.6031111391887268
2017-07-21 00:00:00,0.603284064199954
2017-07-24 00:00:00,0.6017430791157382
2017-07-25 00:00:00,0.6012606855610606
2017-07-26 00:00:00,0.6011815649700167
2017-07-27 00:00:00,0.6007243759755663
2017-07-28 00:00:00,0.5992085954515776
2017-07-31 00:00:00,0.5973651556446367
2017-08-01 00:00:00,0.597084398571776
2017-08-02 00:00:00,0.5962995502943731
2017-08-03 00:00:00,0.5985896583646767
2017-08-04 00:00:00,0.6012830393986137
2017-08-07 00:00:00,0.6016323963314305
2017-08-08 00:00:00,0.6029395265528771
2017-08-09 00:00:00,0.6021798828357015
2017-08-10 00:00:00,0.6026300580094266
2017-08-11 00:00:00,0.6023493009365659
2017-08-14 00:00:00,0.6026482487489284
2017-08-15 00:00:00,0.605467652584001
2017-08-16 00:00:00,0.6054893502338655
2017-08-17 00:00:00,0.604754911076917
2017-08-18 00:00:00,0.6057595865756384
2017-08-21 00:00:00,0.604319419732331
2017-08-22 00:00:00,0.6060298229174111
2017-08-23 00:00:00,0.6071857257774952
2017-08-24 00:00:00,0.6067789459034989
2017-08-25 00:00:00,0.6049607106567851
2017-08-28 00:00:00,0.6035709529339319
2017-08-29 00:00:00,0.6032901958610711
2017-08-30 00:00:00,0.6033370980711628
2017-08-31 00:00:00,0.6044677963710197
2017-09-01 00:00:00,0.6023219018413536
2017-09-05 00:00:00,0.6012598034014527
2017-09-06 00:00:00,0.599718818317237
2017-09-07 00:00:00,0.5991608110818781
2017-09-08 00:00:00,0.5961831660647177
2017-09-11 00:00:00,0.5971122278827576
2017-09-12 00:00:00,0.5943866284678682
2017-09-13 00:00:00,0.5959205997313587
2017-09-14 00:00:00,0.5913550674198909
2017-09-15 00:00:00,0.5867895351084231
2017-09-18 00:00:00,0.5891048477389538
2017-09-19 00:00:00,0.5882695903410968
2017-09-20 00:00:00,0.5870562645398334
2017-09-21 00:00:00,0.5867250983465184
2017-09-22 00:00:00,0.5878305920861482
2017-09-25 00:00:00,0.5896670180723639
2017-09-26 00:00:00,0.5905204662097226
2017-09-27 00:00:00,0.591021050503902
2017-09-28 00:00:00,0.590135383985591
2017-09-29 00:00:00,0.5909384230024954
2017-10-02 00:00:00,0.5942871226023372
2017-10-03 00:00:00,0.5946868886556081
2017-10-04 00:00:00,0.5942296996611577
2017-10-05 00:00:00,0.5976288083814536
2017-10-06 00:00:00,0.5993392115665338
2017-10-10 00:00:00,0.5954794069414249
2017-10-11 00:00:00,0.5955767182719706
2017-10-12 00:00:00,0.5964553709695565
2017-10-13 00:00:00,0.5931500666694437
2017-10-16 00:00:00,0.5936002418431688
2017-10-17 00:00:00,0.5961676000759705
2017-10-18 00:00:00,0.5961136840451536
2017-10-19 00:00:00,0.5961353816950181
2017-10-20 00:00:00,0.5961570793448826
2017-10-23 00:00:00,0.5955738675492966
2017-10-24 00:00:00,0.5974859072161937
2017-10-25 00:00:00,0.5942310120365351
2017-10-26 00:00:00,0.5959918243420694
2017-10-27 00:00:00,0.5978030457680581
2017-10-30 00:00:00,0.5955815375577106
2017-10-31 00:00:00,0.5933852339075902
2017-11-01 00:00:00,0.5939614318824509
2017-11-02 00:00:00,0.5986963822947831
2017-11-03 00:00:00,0.5986928753844205
2017-11-06 00:00:00,0.596698208216117
2017-11-07 00:00:00,0.5964930648239375
2017-11-08 00:00:00,0.5975733540033402
2017-11-09 00:00:00,0.5969145285270729
2017-11-13 00:00:00,0.5976923629837504
2017-11-14 00:00:00,0.5969831283870289
2017-11-15 00:00:00,0.5960218481880365
2017-11-16 00:00:00,0.5951865907901795
2017-11-17 00:00:00,0.5945277653139123
2017-11-20 00:00:00,0.5940201671990077
2017-11-21 00:00:00,0.5942182967704619
2017-11-22 00:00:00,0.5927025162464732
2017-11-24 00:00:00,0.591539599565664
2017-11-27 00:00:00,0.5915865017757556
2017-11-28 00:00:00,0.59412865544833
2017-11-29 00:00:00,0.5889330091311847
2017-11-30 00:00:00,0.587139978444698
2017-12-01 00:00:00,0.5871364715343353
2017-12-04 00:00:00,0.5881159424728296
2017-12-05 00:00:00,0.5884652994056464
2017-12-06 00:00:00,0.5901504980304995
2017-12-07 00:00:00,0.5888615585485548
2017-12-08 00:00:00,0.5904711434927266
2017-12-11 00:00:00,0.5905432502630452
2017-12-12 00:00:00,0.5915227212015395
2017-12-13 00:00:00,0.5904354182014115
2017-12-14 00:00:00,0.5885163647137893
2017-12-15 00:00:00,0.59161301871136
2017-12-18 00:00:00,0.589517533302148
2017-12-19 00:00:00,0.5905474133610965
2017-12-20 00:00:00,0.5892080647586976
2017-12-21 00:00:00,0.5900867174562835
2017-12-22 00:00:00,0.589881574064104
2017-12-26 00:00:00,0.5901049081957853
2017-12-27 00:00:00,0.5892192416774741
2017-12-28 00:00:00,0.5880059158762106
2017-12-29 00:00:00,0.5859860441476801
2018-01-02 00:00:00,0.5842686271418747
2018-01-03 00:00:00,0.5861050531280902
2018-01-04 00:00:00,0.5856478641336398
2018-01-05 00:00:00,0.5850394477778268
2018-01-08 00:00:00,0.5849099180663286
2018-01-09 00:00:00,0.5860910254866397
2018-01-10 00:00:00,0.5861883368171855
2018-01-11 00:00:00,0.5854034885397827
2018-01-12 00:00:00,0.5816949112760365
2018-01-16 00:00:00,0.5795238121861432
2018-01-17 00:00:00,0.5782348727041984
2018-01-18 00:00:00,0.5765678648188471
2018-01-19 00:00:00,0.5773456992755247
2018-01-22 00:00:00,0.5751241910651772
2018-01-23 00:00:00,0.574490570149137
2018-01-24 00:00:00,0.5686648098263143
2018-01-25 00:00:00,0.5669725973807359
2018-01-26 00:00:00,0.5690862735294497
2018-01-29 00:00:00,0.5725105868099727
2018-01-30 00:00:00,0.5704151014007607
2018-01-31 00:00:00,0.5687228889551823
2018-02-01 00:00:00,0.5672575175516479
2018-02-02 00:00:00,0.5702785578685373
2018-02-05 00:00:00,0.5728711206615661
2018-02-06 00:00:00,0.5746319329671005
2018-02-07 00:00:00,0.5763675407124077
2018-02-08 00:00:00,0.5754818741940966
2018-02-09 00:00:00,0.578502914510986
2018-02-12 00:00:00,0.5778188844744917
2018-02-13 00:00:00,0.5759754446675507
2018-02-14 00:00:00,0.5743588459026536
2018-02-15 00:00:00,0.5716584510479913
2018-02-16 00:00:00,0.5717809669387641
2018-02-20 00:00:00,0.5726092105158959
2018-02-21 00:00:00,0.5744708410623386
2018-02-22 00:00:00,0.5746185615133386
2018-02-23 00:00:00,0.5735816676336648
2018-02-26 00:00:00,0.5742334792892068
2018-02-27 00:00:00,0.5753641775890637
2018-02-28 00:00:00,0.5781583768639091
2018-03-01 00:00:00,0.5791126432421764
2018-03-02 00:00:00,0.5787310679284072
2018-03-05 00:00:00,0.5765095597180597
2018-03-06 00:00:00,0.575724711440657
2018-03-07 00:00:00,0.5756455908496131
2018-03-08 00:00:00,0.5772299712335577
2018-03-09 00:00:00,0.5762182819141111
2018-03-12 00:00:00,0.5753074108355729
2018-03-13 00:00:00,0.5730354935047711
2018-03-14 00:00:00,0.5740401690034925
2018-03-15 00:00:00,0.5738854347317673
2018-03-16 00:00:00,0.5746632691884448
2018-03-19 00:00:00,0.5717864424121928
2018-03-20 00:00:00,0.5722366175859179
2018-03-21 00:00:00,0.570922473543746
2018-03-22 00:00:00,0.5700368070254349
2018-03-23 00:00:00,0.568672253862809
2018-03-26 00:00:00,0.5665011547729156
2018-03-27 00:00:00,0.5683627853193585
2018-03-28 00:00:00,0.5696195064203508
2018-03-29 00:00:00,0.5716323643281562
2018-03-30 00:00:00,0.5716540619780206
2018-04-02 00:00:00,0.5714993277062954
2018-04-03 00:00:00,0.5705632520675301
2018-04-04 00:00:00,0.5703329041151236
2018-04-05 00:00:00,0.5724465802638373
2018-04-06 00:00:00,0.5699730264512188
2018-04-09 00:00:00,0.5687344960897284
2018-04-10 00:00:00,0.5680756706134611
2018-04-11 00:00:00,0.5672152086553771
2018-04-12 00:00:00,0.5659262691734324
2018-04-13 00:00:00,0.5656203075403445
2018-04-16 00:00:00,0.563650844932268
2018-04-17 00:00:00,0.5644034748287184
2018-04-18 00:00:00,0.566239900814934
2018-04-19 00:00:00,0.5670681443920658
2018-04-20 00:00:00,0.5710721625578121
2018-04-23 00:00:00,0.5730598159053903
2018-04-24 00:00:00,0.5724766041098044
2018-04-25 00:00:00,0.5733048476869361
2018-04-26 00:00:00,0.5736290000595258
2018-04-27 00:00:00,0.5771793361411843
2018-04-30 00:00:00,0.578007579718316
2018-05-01 00:00:00,0.5815075066795202
2018-05-02 00:00:00,0.5815039997691576
2018-05-03 00:00:00,0.582508675267879
2018-05-04 00:00:00,0.5833369188450107
2018-05-07 00:00:00,0.5825016614471537
2018-05-08 00:00:00,0.5836323597470106
2018-05-09 00:00:00,0.5824442385059743
2018-05-10 00:00:00,0.5844318918535525
2018-05-11 00:00:00,0.5828404976488826
2018-05-14 00:00:00,0.5816523764078463
2018-05-15 00:00:00,0.5837156434361058
2018-05-16 00:00:00,0.5845438870132376
2018-05-17 00:00:00,0.5837842432960618
2018-05-18 00:00:00,0.5845368731925122
2018-05-21 00:00:00,0.5859700262150943
2018-05-22 00:00:00,0.5852607916183729
2018-05-23 00:00:00,0.5878533544114015
2018-05-24 00:00:00,0.5867408468510465
2018-05-25 00:00:00,0.5883000226747641
2018-05-29 00:00:00,0.5898591984984817
2018-05-30 00:00:00,0.5888727137392622
2018-05-31 00:00:00,0.5890204341902622
2018-06-01 00:00:00,0.5872526080640025
2018-06-04 00:00:00,0.5883328972434052
2018-06-05 00:00:00,0.5871447760023688
2018-06-06 00:00:00,0.5853769498761092
2018-06-07 00:00:00,0.5853986475259736
2018-06-08 00:00:00,0.585899231820153
2018-06-11 00:00:00,0.5863746115541053
2018-06-12 00:00:00,0.5855897632767025
2018-06-13 00:00:00,0.5865188250947426
2018-06-14 00:00:00,0.5876243188343724
2018-06-15 00:00:00,0.5888558353751376
2018-06-18 00:00:00,0.5897344880727236
2018-06-19 00:00:00,0.5915961186191664
2018-06-20 00:00:00,0.5905340201792655
2018-06-21 00:00:00,0.589547535420046
2018-06-22 00:00:00,0.5893423920278664
2018-06-25 00:00:00,0.5889356121538702
2018-06-26 00:00:00,0.5896630374900935
2018-06-27 00:00:00,0.5922556002831222
2018-06-28 00:00:00,0.5933358894625249
2018-06-29 00:00:00,0.5907363128487709
2018-07-02 00:00:00,0.5923206932327156
2018-07-03 00:00:00,0.5912585947928148
2018-07-05 00:00:00,0.5898688370699616
2018-07-06 00:00:00,0.5889831705516505
2018-07-09 00:00:00,0.5904667326946867
2018-07-10 00:00:00,0.5888249293695627
2018-07-11 00:00:00,0.5894263319046504
2018-07-12 00:00:00,0.589473234114742
2018-07-13 00:00:00,0.5899990229691484
2018-07-16 00:00:00,0.5894662202940167
2018-07-17 00:00:00,0.5913278508404595
2018-07-18 00:00:00,0.5940968455550779
2018-07-19 00:00:00,0.5956560213787955
2018-07-20 00:00:00,0.592426330759364
2018-07-23 00:00:00,0.5926244603308182
2018-07-24 00:00:00,0.5918396120534155
2018-07-25 00:00:00,0.5914328321794192
2018-07-26 00:00:00,0.5921854620758695
2018-07-27 00:00:00,0.592181955165507
2018-07-30 00:00:00,0.591598743369921
2018-07-31 00:00:00,0.5919481003027378
2018-08-01 00:00:00,0.5920454116332835
2018-08-02 00:00:00,0.5941590877819973
2018-08-03 00:00:00,0.594483240154587
2018-08-06 00:00:00,0.5963196661408028
2018-08-07 00:00:00,0.596038909067942
2018-08-08 00:00:00,0.5979509487348389
2018-08-09 00:00:00,0.5981742828665202
2018-08-10 00:00:00,0.6006912319788676
2018-08-13 00:00:00,0.6009649752310031
2018-08-14 00:00:00,0.6014151504047283
2018-08-15 00:00:00,0.6027222806261748
2018-08-16 00:00:00,0.6017610004271824
2018-08-17 00:00:00,0.6014046296736404
2018-08-20 00:00:00,0.6006197813962376
2018-08-21 00:00:00,0.5981966367040734
2018-08-22 00:00:00,0.5969076972221287
2018-08-23 00:00:00,0.598895350569707
2018-08-24 00:00:00,0.5981609114127583
2018-08-27 00:00:00,0.5973004494546743
2018-08-28 00:00:00,0.5973977607852201
2018-08-29 00:00:00,0.5943445020873783
2018-08-30 00:00:00,0.5945426316588325
2018-08-31 00:00:00,0.5953456706757371
2018-09-04 00:00:00,0.5986187565948974
2018-09-05 00:00:00,0.5968257259084107
2018-09-06 00:00:00,0.596040877631008
2018-09-07 00:00:00,0.5959869616001912
2018-09-10 00:00:00,0.5936394305887082
2018-09-11 00:00:00,0.5938879692806165
2018-09-12 00:00:00,0.5935063939668475
2018-09-13 00:00:00,0.5915873404792251
2018-09-14 00:00:00,0.5920627202131774
2018-09-17 00:00:00,0.5904713260085075
2018-09-18 00:00:00,0.5901401598151925
2018-09-19 00:00:00,0.5900106301036944
2018-09-20 00:00:00,0.5880915766160721
2018-09-21 00:00:00,0.5923476403840895
2018-09-24 00:00:00,0.5907814507396466
2018-09-25 00:00:00,0.5898957842213355
2018-09-26 00:00:00,0.5893629815462038
2018-09-27 00:00:00,0.5913002257733279
2018-09-28 00:00:00,0.5925569468743203
2018-10-01 00:00:00,0.5930575311684996
2018-10-02 00:00:00,0.5942386385888107
2018-10-03 00:00:00,0.5939830860761771
2018-10-04 00:00:00,0.5934250788408182
2018-10-05 00:00:00,0.5912035706304708
2018-10-09 00:00:00,0.5902170858712512
2018-10-10 00:00:00,0.5884996688654458
2018-10-11 00:00:00,0.5887986166778083
2018-10-12 00:00:00,0.5897528830560755
2018-10-15 00:00:00,0.5893713077423064
2018-10-16 00:00:00,0.5882840047421785
2018-10-17 00:00:00,0.590095226168167
2018-10-18 00:00:00,0.5919820612748369
2018-10-19 00:00:00,0.5923566227678807
2018-10-22 00:00:00,0.5941174350734151
2018-10-23 00:00:00,0.5938870871210086
2018-10-24 00:00:00,0.5959755587094953
2018-10-25 00:00:00,0.5977363710150297
2018-10-26 00:00:00,0.5977328641046671
2018-10-29 00:00:00,0.5981830392783922
2018-10-30 00:00:00,0.6000698743850621
2018-10-31 00:00:00,0.5988313440235715
2018-11-01 00:00:00,0.5938877433086972
2018-11-02 00:00:00,0.5940858728801515
2018-11-05 00:00:00,0.5926709105970711
2018-11-06 00:00:00,0.5912307437537638
2018-11-07 00:00:00,0.5894881221877313
2018-11-08 00:00:00,0.5901651384035004
2018-11-09 00:00:00,0.5936146562442505
2018-11-13 00:00:00,0.5922501030816245
2018-11-14 00:00:00,0.5927254828155767
2018-11-15 00:00:00,0.5993003661244872
2018-11-16 00:00:00,0.5970032442334585
2018-11-19 00:00:00,0.5968989190821875
2018-11-20 00:00:00,0.597701958099092
2018-11-21 00:00:00,0.5985049971159966
2018-11-23 00:00:00,0.5977705579590481
2018-11-26 00:00:00,0.5976158236873228
2018-11-27 00:00:00,0.5996034770349011
2018-11-28 00:00:00,0.5986421968359087
2018-11-29 00:00:00,0.5980337804800957
2018-11-30 00:00:00,0.5984335465333666
2018-12-03 00:00:00,0.5991609718695898
2018-12-04 00:00:00,0.5997119652842234
2018-12-06 00:00:00,0.5982213893204619
2018-12-07 00:00:00,0.598898405536231
2018-12-10 00:00:00,0.6036837650690174
2018-12-11 00:00:00,0.6045120086461491
2018-12-12 00:00:00,0.6011058861051279
2018-12-13 00:00:00,0.6016568795197614
2018-12-14 00:00:00,0.6032664644639333
2018-12-17 00:00:00,0.602330388825168
2018-12-18 00:00:00,0.6013439040659484
2018-12-19 00:00:00,0.6006850785896811
2018-12-20 00:00:00,0.6011352537634064
2018-12-21 00:00:00,0.6003252009257765
2018-12-26 00:00:00,0.6004225122563223
2018-12-27 00:00:00,0.6016288242368605
2018-12-28 00:00:00,0.5997853844299195
2018-12-31 00:00:00,0.5981435811047953
2019-01-02 00:00:00,0.6022736220716771
2019-01-03 00:00:00,0.6013627509931389
2019-01-04 00:00:00,0.5986371515782494
2019-01-07 00:00:00,0.598179962583799
2019-01-08 00:00:00,0.5989830016007036
2019-01-09 00:00:00,0.5979461077210299
2019-01-10 00:00:00,0.5978165780095317
2019-01-11 00:00:00,0.5960739564434991
2019-01-15 00:00:00,0.5979355869899419
2019-01-16 00:00:00,0.595361214936415
2019-01-17 00:00:00,0.5933665477681115
2019-01-18 00:00:00,0.5943964278270599
2019-01-22 00:00:00,0.5929310564235255
2019-01-23 00:00:00,0.5899030022859109
2019-01-24 00:00:00,0.5910589051459949
2019-01-25 00:00:00,0.5872747142015672
2019-01-28 00:00:00,0.5876996848150653
2019-01-29 00:00:00,0.5879734280672008
2019-01-30 00:00:00,0.5900618996556874
2019-01-31 00:00:00,0.5881932552885194
2019-02-01 00:00:00,0.5891979307872408
2019-02-04 00:00:00,0.5898245378825556
2019-02-05 00:00:00,0.5928455781994451
2019-02-06 00:00:00,0.5925900256868114
2019-02-07 00:00:00,0.5923092686139506
2019-02-08 00:00:00,0.5931123076308552
2019-02-11 00:00:00,0.5948731199363896
2019-02-12 00:00:00,0.5942142944601224
2019-02-13 00:00:00,0.5947400833145289
2019-02-14 00:00:00,0.5965261001802903
2019-02-15 00:00:00,0.5948842968551662
2019-02-19 00:00:00,0.5903439691039254
2019-02-21 00:00:00,0.5897103481878854
2019-02-22 00:00:00,0.5895052047957059
2019-02-25 00:00:00,0.5896781298069329
2019-02-26 00:00:00,0.584784938212513
2019-02-27 00:00:00,0.5830927257669345
2019-02-28 00:00:00,0.5841730149463372
2019-03-01 00:00:00,0.5854549406075567
2019-03-04 00:00:00,0.5863335933051426
2019-03-05 00:00:00,0.5874390870447723
2019-03-06 00:00:00,0.587233943652593
2019-03-07 00:00:00,0.5882386191513143
2019-03-08 00:00:00,0.5906547500227532
2019-03-11 00:00:00,0.58848365093286
2019-03-12 00:00:00,0.5883037121009077
2019-03-13 00:00:00,0.5850236123610221
2019-03-14 00:00:00,0.5837094683188502
2019-03-15 00:00:00,0.5837563705289418
2019-03-18 00:00:00,0.5851139098708426
2019-03-19 00:00:00,0.5840770159911688
2019-03-20 00:00:00,0.5858630328569303
2019-03-21 00:00:00,0.5888084594931384
2019-03-22 00:00:00,0.585099882229392
2019-03-25 00:00:00,0.5854744437224358
2019-03-26 00:00:00,0.585143277529121
2019-03-27 00:00:00,0.5856942709437546
2019-03-28 00:00:00,0.5882868337367833
2019-03-29 00:00:00,0.5896695776389111
2019-04-01 00:00:00,0.5868179554228862
2019-04-02 00:00:00,0.5895365410170503
2019-04-03 00:00:00,0.5858279637533039
2019-04-04 00:00:00,0.5885465493474682
2019-04-05 00:00:00,0.5900805206109586
2019-04-08 00:00:00,0.5890940358517391
2019-04-09 00:00:00,0.5890653243811493
2019-04-10 00:00:00,0.5877259757787504
2019-04-11 00:00:00,0.5885038102354279
2019-04-12 00:00:00,0.5880214166807504
2019-04-15 00:00:00,0.5875138185658457
2019-04-16 00:00:00,0.5888965624679736
2019-04-17 00:00:00,0.5891955102803361
2019-04-18 00:00:00,0.5899985492972407
2019-04-19 00:00:00,0.589969837826651
2019-04-22 00:00:00,0.5904452175606033
2019-04-23 00:00:00,0.5914246884990976
2019-04-24 00:00:00,0.5912951587875994
2019-04-25 00:00:00,0.5924258570874563
2019-04-26 00:00:00,0.5916662133702807
2019-04-29 00:00:00,0.5917887292610535
2019-04-30 00:00:00,0.5890883344063912
2019-05-01 00:00:00,0.5875221447619483
2019-05-02 00:00:00,0.5889805023447575
2019-05-03 00:00:00,0.586254902929868
2019-05-06 00:00:00,0.5873856012297249
2019-05-07 00:00:00,0.5883902767284463
2019-05-08 00:00:00,0.5893193385464864
2019-05-09 00:00:00,0.5893158316361238
2019-05-10 00:00:00,0.5887074152803107
2019-05-13 00:00:00,0.5905690458267534
2019-05-14 00:00:00,0.5915485167652478
2019-05-15 00:00:00,0.5926036013844234
2019-05-16 00:00:00,0.5944652319308661
2019-05-17 00:00:00,0.5964528852784444
2019-05-20 00:00:00,0.5965501966089902
2019-05-21 00:00:00,0.5957905528918146
2019-05-22 00:00:00,0.5976017743178031
2019-05-23 00:00:00,0.5977746993290302
2019-05-24 00:00:00,0.596889032810719
2019-05-28 00:00:00,0.5976668672673966
2019-05-29 00:00:00,0.5985707245252095
2019-05-30 00:00:00,0.598844467777345
2019-05-31 00:00:00,0.5987905517465282
2019-06-03 00:00:00,0.5987366357157113
2019-06-04 00:00:00,0.5973468779928581
2019-06-05 00:00:00,0.5965368251552283
2019-06-06 00:00:00,0.5963316817630488
2019-06-07 00:00:00,0.5956224471663274
2019-06-10 00:00:00,0.5970051910684553
2019-06-11 00:00:00,0.5959682971887816
2019-06-12 00:00:00,0.596720927085232
2019-06-13 00:00:00,0.5970702840180487
2019-06-14 00:00:00,0.5989823236849457
2019-06-17 00:00:00,0.5997853627018503
2019-06-18 00:00:00,0.6002859469960298
2019-06-19 00:00:00,0.5982912798277261
2019-06-20 00:00:00,0.5963722263401039
2019-06-21 00:00:00,0.5962679011888328
2019-06-24 00:00:00,0.5956090757125656
2019-06-25 00:00:00,0.5957567961635656
2019-06-26 00:00:00,0.5963329941384262
2019-06-27 00:00:00,0.5968839875530598
2019-06-28 00:00:00,0.596099139275657
2019-07-01 00:00:00,0.5975827014186933
2019-07-02 00:00:00,0.5986881951583232
2019-07-03 00:00:00,0.5994408250547736
2019-07-05 00:00:00,0.600974796318264
2019-07-08 00:00:00,0.6010216985283555
2019-07-09 00:00:00,0.6020011694668499
2019-07-10 00:00:00,0.6008634573462677
2019-07-11 00:00:00,0.5997761543461397
2019-07-12 00:00:00,0.5996466246346416
2019-07-15 00:00:00,0.600374049970865
2019-07-16 00:00:00,0.6032438629263916
2019-07-17 00:00:00,0.602459014648989
2019-07-18 00:00:00,0.6010188478056816
2019-07-19 00:00:00,0.6008389089737293
2019-07-22 00:00:00,0.601440311508817
2019-07-23 00:00:00,0.602066918604132
2019-07-24 00:00:00,0.6008031836824143
2019-07-25 00:00:00,0.6014549953379562
2019-07-26 00:00:00,0.6035434669264429
2019-07-29 00:00:00,0.6073206440501453
2019-07-30 00:00:00,0.6095099338795403
2019-07-31 00:00:00,0.6076664940725994
2019-08-01 00:00:00,0.6095281246190423
2019-08-02 00:00:00,0.6098270724314048
2019-08-05 00:00:00,0.6089666104733208
2019-08-06 00:00:00,0.6093411719663646
2019-08-07 00:00:00,0.6090856194537311
2019-08-08 00:00:00,0.6095609991876833
2019-08-09 00:00:00,0.6108681294091299
2019-08-12 00:00:00,0.6112174863419466
2019-08-13 00:00:00,0.6112643885520381
2019-08-14 00:00:00,0.6112104725212213
2019-08-15 00:00:00,0.6100727604006392
2019-08-16 00:00:00,0.6090358665209654
2019-08-19 00:00:00,0.6093600188935552
2019-08-20 00:00:00,0.6089532390195589
2019-08-21 00:00:00,0.6092017777114673
2019-08-22 00:00:00,0.6064509737363507
2019-08-23 00:00:00,0.6061450121032629
2019-08-26 00:00:00,0.606847232879259
2019-08-27 00:00:00,0.6054070660359517
2019-08-28 00:00:00,0.606386536974446
2019-08-29 00:00:00,0.6076432580754384
2019-08-30 00:00:00,0.6083958879718888
2019-09-03 00:00:00,0.6103835413194671
2019-09-04 00:00:00,0.6077335555852589
2019-09-05 00:00:00,0.6039997737612854
2019-09-06 00:00:00,0.6049288355793255
2019-09-09 00:00:00,0.6031610094530658
2019-09-10 00:00:00,0.6034599572654284
2019-09-11 00:00:00,0.6040865643607433
2019-09-12 00:00:00,0.6033521252037948
2019-09-13 00:00:00,0.6006769349093595
2019-09-16 00:00:00,0.6016312012876267
2019-09-17 00:00:00,0.5998381706011399
2019-09-18 00:00:00,0.6001875275339567
2019-09-19 00:00:00,0.6000832023826856
2019-09-20 00:00:00,0.5998528544302791
2019-09-23 00:00:00,0.6013616211335425
2019-09-24 00:00:00,0.6001482953322791
2019-09-25 00:00:00,0.6029424946071246
2019-09-26 00:00:00,0.6034178743410769
2019-09-27 00:00:00,0.6041705042375272
2019-09-30 00:00:00,0.6043182246885271
2019-10-01 00:00:00,0.6058774005122447
2019-10-02 00:00:00,0.6040591652655308
2019-10-03 00:00:00,0.6020897026574544
2019-10-04 00:00:00,0.6041025605652598
2019-10-07 00:00:00,0.6037461898117178
2019-10-08 00:00:00,0.6066412073274716
2019-10-09 00:00:00,0.6063856548148381
2019-10-10 00:00:00,0.6021477817863226
2019-10-11 00:00:00,0.5945324976873757
2019-10-15 00:00:00,0.5931427399645225
2019-10-16 00:00:00,0.590165094947362
2019-10-17 00:00:00,0.5901615880369995
2019-10-18 00:00:00,0.5888474439948276
2019-10-21 00:00:00,0.586827572266297
2019-10-22 00:00:00,0.5876810204036558
2019-10-23 00:00:00,0.5892149916671462
2019-10-24 00:00:00,0.5911018267738161
2019-10-25 00:00:00,0.590493410418003
2019-10-28 00:00:00,0.5897841758212816
2019-10-29 00:00:00,0.5886212591404724
2019-10-30 00:00:00,0.589424298157377
2019-10-31 00:00:00,0.5877068811515714
2019-11-01 00:00:00,0.5874009195184836
2019-11-04 00:00:00,0.5884812086978863
2019-11-05 00:00:00,0.5893598613954723
2019-11-06 00:00:00,0.5892807408044283
2019-11-07 00:00:00,0.5903358254236039
2019-11-08 00:00:00,0.5912900918018711
2019-11-12 00:00:00,0.5896230839165197
2019-11-13 00:00:00,0.5899724408493365
2019-11-14 00:00:00,0.5889607515298898
2019-11-15 00:00:00,0.588377539734304
2019-11-18 00:00:00,0.5867357364091798
2019-11-19 00:00:00,0.587690002787447
2019-11-20 00:00:00,0.587862927798674
2019-11-21 00:00:00,0.5879098300087655
2019-11-22 00:00:00,0.5900487107177066
2019-11-25 00:00:00,0.5886085438743992
2019-11-26 00:00:00,0.589461992011758
2019-11-27 00:00:00,0.5886519391741281
2019-11-29 00:00:00,0.5871613632103665
2019-12-02 00:00:00,0.5872082654204581
2019-12-03 00:00:00,0.5855160529748797
2019-12-04 00:00:00,0.5831433174031697
2019-12-05 00:00:00,0.581350286716683
2019-12-06 00:00:00,0.5822793485347231
2019-12-09 00:00:00,0.5814945002573203
2019-12-10 00:00:00,0.5809364930219614
2019-12-11 00:00:00,0.5809581906718259
2019-12-12 00:00:00,0.5820132752910016
2019-12-13 00:00:00,0.5765403788113581
2019-12-16 00:00:00,0.5769905539850833
2019-12-17 00:00:00,0.5823556184030929
2019-12-18 00:00:00,0.5832846802211331
2019-12-19 00:00:00,0.5843649694005357
2019-12-20 00:00:00,0.5842858488094917
2019-12-23 00:00:00,0.587256480005927
2019-12-24 00:00:00,0.5862699952467074
2019-12-26 00:00:00,0.5849306466443086
2019-12-27 00:00:00,0.5828099566748696
2019-12-30 00:00:00,0.5815210171929247
2019-12-31 00:00:00,0.5782409174530391
2020-01-02 00:00:00,0.5817660489744705
2020-01-03 00:00:00,0.5826699062322834
2020-01-06 00:00:00,0.5808264664253425
2020-01-07 00:00:00,0.5817051191229283
2020-01-08 00:00:00,0.5821048851761994
2020-01-09 00:00:00,0.5831095606749207
2020-01-10 00:00:00,0.5833076902463749
2020-01-13 00:00:00,0.5852197299132719
2020-01-14 00:00:00,0.5843088588347336
2020-01-15 00:00:00,0.5839776926414187
2020-01-16 00:00:00,0.5827895714003823
2020-01-17 00:00:00,0.5839454742604664
2020-01-21 00:00:00,0.5834630807057888
2020-01-22 00:00:00,0.5811911633749871
2020-01-23 00:00:00,0.5819689978316646
2020-01-24 00:00:00,0.5827720368485692
2020-01-27 00:00:00,0.5831718029018402
2020-01-28 00:00:00,0.5846049559244222
2020-01-29 00:00:00,0.584172971490199
2020-01-30 00:00:00,0.5817750313582617
2020-01-31 00:00:00,0.5795031140274601
2020-02-03 00:00:00,0.5842380644397923
2020-02-04 00:00:00,0.5836296480839793
2020-02-05 00:00:00,0.5843318688599755
2020-02-06 00:00:00,0.5859414538041472
2020-02-07 00:00:00,0.5865932654596893
2020-02-10 00:00:00,0.5862873038266013
2020-02-11 00:00:00,0.585603273790107
2020-02-12 00:00:00,0.584742811832023
2020-02-13 00:00:00,0.582874167464855
2020-02-14 00:00:00,0.5831479107169903
2020-02-18 00:00:00,0.5836736995713969
2020-02-19 00:00:00,0.5857369665996565
2020-02-20 00:00:00,0.5871449150620115
2020-02-21 00:00:00,0.5848729977312098
2020-02-24 00:00:00,0.5859280823503854
2020-02-25 00:00:00,0.5838578015014005
2020-02-26 00:00:00,0.5859210685296601
2020-02-27 00:00:00,0.5870265622692898
2020-02-28 00:00:00,0.589467897700956
2020-03-02 00:00:00,0.589111526947414
2020-03-03 00:00:00,0.5881754513086486
2020-03-04 00:00:00,0.5879198987960149
2020-03-05 00:00:00,0.5852951176220339
2020-03-06 00:00:00,0.58347688237532
2020-03-09 00:00:00,0.5811797604842913
2020-03-10 00:00:00,0.5853602105716273
2020-03-11 00:00:00,0.5864909088714843
2020-03-12 00:00:00,0.5951829752394712
2020-03-13 00:00:00,0.5985568793995399
2020-03-16 00:00:00,0.601754351638019
2020-03-17 00:00:00,0.6083040303867024
2020-03-18 00:00:00,0.6147528908944775
2020-03-19 00:00:00,0.6171942263261436
2020-03-20 00:00:00,0.6151239454771588
2020-03-23 00:00:00,0.6214215786235712
2020-03-24 00:00:00,0.6140331355666682
2020-03-25 00:00:00,0.6145337198608476
2020-03-26 00:00:00,0.6050028891846411
2020-03-27 00:00:00,0.5994291744640892
2020-03-30 00:00:00,0.5985939170662322
2020-03-31 00:00:00,0.5970025228615623
2020-04-01 00:00:00,0.5984860850045985
2020-04-02 00:00:00,0.5988102373771883
2020-04-03 00:00:00,0.6026126190611177
2020-04-06 00:00:00,0.600819588374631
2020-04-07 00:00:00,0.5996566716938219
2020-04-08 00:00:00,0.5983425276516499
2020-04-09 00:00:00,0.5967007243265258
2020-04-10 00:00:00,0.5959914897298044
2020-04-13 00:00:00,0.5951310277717203
2020-04-14 00:00:00,0.5926070648386477
2020-04-15 00:00:00,0.5949475820294053
2020-04-16 00:00:00,0.5971872809792547
2020-04-17 00:00:00,0.5953942502927678
2020-04-20 00:00:00,0.5962729029903537
2020-04-21 00:00:00,0.6013103081254112
2020-04-22 00:00:00,0.5996180956798328
2020-04-23 00:00:00,0.5986568154808404
2020-04-24 00:00:00,0.5994850590579721
2020-04-27 00:00:00,0.5972887554078516
2020-04-28 00:00:00,0.5968315664134013
2020-04-29 00:00:00,0.5970296959848556
2020-04-30 00:00:00,0.5926405955949774
2020-05-01 00:00:00,0.594955908225508
2020-05-04 00:00:00,0.5969183570128591
2020-05-05 00:00:00,0.5964107588979546
2020-05-06 00:00:00,0.598952912570529
2020-05-07 00:00:00,0.598873791979485
2020-05-08 00:00:00,0.5966522837691376
2020-05-11 00:00:00,0.5992952556826205
2020-05-12 00:00:00,0.600047885579071
2020-05-13 00:00:00,0.6018843115652865
2020-05-14 00:00:00,0.602636941461737
2020-05-15 00:00:00,0.6042465264059087
2020-05-18 00:00:00,0.6021510409966967
2020-05-19 00:00:00,0.6010133288761146
2020-05-20 00:00:00,0.6009342082850707
2020-05-21 00:00:00,0.601661633621294
2020-05-22 00:00:00,0.6028679456018322
2020-05-26 00:00:00,0.5988317090551334
2020-05-27 00:00:00,0.6014746809686163
2020-05-28 00:00:00,0.5990767408366792
2020-05-29 00:00:00,0.599174052167225
2020-06-01 00:00:00,0.595314247542116
2020-06-02 00:00:00,0.5937984670181273
2020-06-03 00:00:00,0.5920306408918677
2020-06-04 00:00:00,0.5918002929394611
2020-06-05 00:00:00,0.5893771482472969
2020-06-08 00:00:00,0.5895752778187511
2020-06-09 00:00:00,0.5884879748186231
2020-06-10 00:00:00,0.5879047630230372
2020-06-11 00:00:00,0.5909762124603808
2020-06-12 00:00:00,0.5936695934943179
2020-06-15 00:00:00,0.5932376090600946
2020-06-16 00:00:00,0.5921251014997395
2020-06-17 00:00:00,0.5936086636427758
2020-06-18 00:00:00,0.5959995899539876
2020-06-19 00:00:00,0.5976847885788408
2020-06-22 00:00:00,0.5955136894889476
2020-06-23 00:00:00,0.5933677949592814
2020-06-24 00:00:00,0.5958343349511745
2020-06-25 00:00:00,0.5964609420464895
2020-06-26 00:00:00,0.5981713452315696
2020-06-29 00:00:00,0.5996044982541517
2020-06-30 00:00:00,0.5973073763631229
2020-07-01 00:00:00,0.5946321860686876
2020-07-02 00:00:00,0.5947294973992334
2020-07-06 00:00:00,0.5943731266456914
2020-07-07 00:00:00,0.5920760047546626
2020-07-08 00:00:00,0.5915179975193038
2020-07-09 00:00:00,0.590959990283945
2020-07-10 00:00:00,0.5899230964042712
2020-07-13 00:00:00,0.5909025673427655
2020-07-14 00:00:00,0.5925877659676186
2020-07-15 00:00:00,0.5915508720879449
2020-07-16 00:00:00,0.5906400010094066
2020-07-17 00:00:00,0.592400813314941
2020-07-20 00:00:00,0.5896500093398245
2020-07-21 00:00:00,0.5876553421715209
2020-07-22 00:00:00,0.5878030626225208
2020-07-23 00:00:00,0.5870182143451181
2020-07-24 00:00:00,0.5861829569472612
2020-07-27 00:00:00,0.5837346076948698
2020-07-28 00:00:00,0.5821180089299728
2020-07-29 00:00:00,0.5814843880139325
2020-07-30 00:00:00,0.5799181983694898
2020-07-31 00:00:00,0.5774194399966442
2020-08-03 00:00:00,0.5794070933442226
2020-08-04 00:00:00,0.5792271545122701
2020-08-05 00:00:00,0.5771316691030582
2020-08-06 00:00:00,0.5769517302711059
2020-08-07 00:00:00,0.5795442930641346
2020-08-10 00:00:00,0.578532603744688
2020-08-11 00:00:00,0.5786299150752336
2020-08-12 00:00:00,0.579357340411457
2020-08-13 00:00:00,0.5784464693329188
2020-08-14 00:00:00,0.5777624392964245
2020-08-17 00:00:00,0.577809341506516
2020-08-18 00:00:00,0.574680469127993
2020-08-19 00:00:00,0.5755843263858059
2020-08-20 00:00:00,0.5755808194754433
2020-08-21 00:00:00,0.5778709275457468
2020-08-24 00:00:00,0.578346307279699
2020-08-25 00:00:00,0.5768557313159375
2020-08-26 00:00:00,0.5755667918339927
2020-08-27 00:00:00,0.5744542842736378
2020-08-28 00:00:00,0.5716026620576127
2020-08-31 00:00:00,0.5707169955393016
2020-09-01 00:00:00,0.5696548970994008
2020-09-02 00:00:00,0.5721718462117481
2020-09-03 00:00:00,0.5734537718729675
2020-09-04 00:00:00,0.5742568108898722
2020-09-08 00:00:00,0.5790421704226586
2020-09-09 00:00:00,0.5797191866384277
2020-09-10 00:00:00,0.5838492276053094
2020-09-11 00:00:00,0.5852823806278915
2020-09-14 00:00:00,0.583035667857317
2020-09-15 00:00:00,0.5832590019889983
2020-09-16 00:00:00,0.5803569706525191
2020-09-17 00:00:00,0.5809583731876069
2020-09-18 00:00:00,0.5810556845181527
2020-09-21 00:00:00,0.5849588844429905
2020-09-22 00:00:00,0.5866440830678437
2020-09-23 00:00:00,0.5860104621518035
2020-09-24 00:00:00,0.5862590008437119
2020-09-25 00:00:00,0.5870620398606164
2020-09-28 00:00:00,0.5830258033139178
2020-09-29 00:00:00,0.5834507739274158
2020-09-30 00:00:00,0.5815569250000207
2020-10-01 00:00:00,0.5820323047339729
2020-10-02 00:00:00,0.5813230701372515
2020-10-05 00:00:00,0.5801853580166694
2020-10-06 00:00:00,0.5808371696722113
2020-10-07 00:00:00,0.5815897995686616
2020-10-08 00:00:00,0.580804951291259
2020-10-09 00:00:00,0.5792891707672704
2020-10-13 00:00:00,0.5801426189046291
2020-10-14 00:00:00,0.5787276566215489
2020-10-15 00:00:00,0.5813706285350317
2020-10-16 00:00:00,0.5809890532212627
2020-10-19 00:00:00,0.5792716362154571
2020-10-20 00:00:00,0.5804275390755411
2020-10-21 00:00:00,0.5755595520413481
2020-10-22 00:00:00,0.5768666822627948
2020-10-23 00:00:00,0.5781234033637871
2020-10-26 00:00:00,0.5785483739772852
2020-10-27 00:00:00,0.5773602527362488
2020-10-28 00:00:00,0.5790958604815561
2020-10-29 00:00:00,0.5817640369552661
2020-10-30 00:00:00,0.5806515293949112
2020-11-02 00:00:00,0.5813537501709073
2020-11-03 00:00:00,0.5776451729071609
2020-11-04 00:00:00,0.578347393683157
2020-11-05 00:00:00,0.5759242489909928
2020-11-06 00:00:00,0.5747361277499564
2020-11-09 00:00:00,0.5753375302850443
2020-11-10 00:00:00,0.5728639764724258
2020-11-12 00:00:00,0.5751540845427292
2020-11-13 00:00:00,0.5742684180244181
2020-11-16 00:00:00,0.5737104107890593
2020-11-17 00:00:00,0.5724214713071145
2020-11-18 00:00:00,0.5710821227047156
2020-11-19 00:00:00,0.5729185486909313
2020-11-20 00:00:00,0.5711507225646717
2020-11-23 00:00:00,0.5709707837327194
2020-11-24 00:00:00,0.5696818442507745
2020-11-25 00:00:00,0.568947405093826
2020-11-30 00:00:00,0.5699268760323203
2020-12-01 00:00:00,0.5685371183094672
2020-12-02 00:00:00,0.5696174074888698
2020-12-03 00:00:00,0.5658584211046693
2020-12-04 00:00:00,0.5661069597965777
2020-12-07 00:00:00,0.5694052502759651
2020-12-08 00:00:00,0.5692505160042399
2020-12-09 00:00:00,0.5683648494859288
2020-12-10 00:00:00,0.570831389477822
2020-12-11 00:00:00,0.5732223157890338
2020-12-14 00:00:00,0.5699926251696024
2020-12-15 00:00:00,0.5671914120740316
2020-12-16 00:00:00,0.565423585947772
2020-12-17 00:00:00,0.5627231910931096
2020-12-18 00:00:00,0.5655173903679551
2020-12-21 00:00:00,0.5690929310098407
2020-12-22 00:00:00,0.5691902423403865
2020-12-23 00:00:00,0.5651035966732336
2020-12-28 00:00:00,0.5666627724969512
2020-12-29 00:00:00,0.5649957646116
2020-12-30 00:00:00,0.5626230290398899
2020-12-31 00:00:00,0.5611576576363554
2021-01-04 00:00:00,0.5639266523509738
2021-01-05 00:00:00,0.5621588262247141
2021-01-06 00:00:00,0.5628106378802562
2021-01-07 00:00:00,0.5638405179392046
2021-01-08 00:00:00,0.5630052605413477
2021-01-11 00:00:00,0.5645140272446111
2021-01-12 00:00:00,0.5615867913479048
2021-01-13 00:00:00,0.5617093072386777
2021-01-14 00:00:00,0.560193526714689
2021-01-15 00:00:00,0.5624584302247654
2021-01-19 00:00:00,0.5617239910678169
2021-01-21 00:00:00,0.5593260509358797
2021-01-22 00:00:00,0.5602047036334655
2021-01-25 00:00:00,0.5606044696867366
2021-01-26 00:00:00,0.5590382800422937
2021-01-27 00:00:00,0.5600429555410151
2021-01-28 00:00:00,0.5590312662215685
2021-01-29 00:00:00,0.5591033729918871
2021-02-01 00:00:00,0.5603600940928795
2021-02-02 00:00:00,0.5610371103086486
2021-02-03 00:00:00,0.560806762356242
2021-02-04 00:00:00,0.5604503916027
2021-02-05 00:00:00,0.5591866566809824
2021-02-08 00:00:00,0.5585530357649423
2021-02-09 00:00:00,0.5570624598011807
2021-02-10 00:00:00,0.5556727020783275
2021-02-11 00:00:00,0.5563497182940965
2021-02-12 00:00:00,0.5554892563360125
2021-02-16 00:00:00,0.5540742940529323
2021-02-17 00:00:00,0.5556082653164227
2021-02-18 00:00:00,0.5528574613413062
2021-02-19 00:00:00,0.5510896352150465
2021-02-22 00:00:00,0.5497502866126477
2021-02-23 00:00:00,0.5493435067386514
2021-02-24 00:00:00,0.5489619314248823
2021-02-25 00:00:00,0.5489584245145196
2021-02-26 00:00:00,0.5529120335598118
2021-03-01 00:00:00,0.5531101631312659
2021-03-02 00:00:00,0.5524765422152258
2021-03-03 00:00:00,0.5520445577810025
2021-03-04 00:00:00,0.5514865505456436
2021-03-05 00:00:00,0.5560450690363862
2021-03-08 00:00:00,0.556192789487386
2021-03-09 00:00:00,0.5542989405599908
2021-03-10 00:00:00,0.5538921606859947
2021-03-11 00:00:00,0.5518218798370098
2021-03-12 00:00:00,0.5531794191789106
2021-03-15 00:00:00,0.5546377767617198
2021-03-16 00:00:00,0.5539537467252255
2021-03-17 00:00:00,0.5540258534955441
2021-03-18 00:00:00,0.5527369140135994
2021-03-19 00:00:00,0.5543717035179982
2021-03-22 00:00:00,0.5547462650110422
2021-03-23 00:00:00,0.5562550317143056
2021-03-24 00:00:00,0.558041048580067
2021-03-25 00:00:00,0.5580375416697043
2021-03-26 00:00:00,0.5561941018627634
2021-03-29 00:00:00,0.5561905949524008
2021-03-30 00:00:00,0.5577749753363455
2021-03-31 00:00:00,0.5560827628907672
2021-04-01 00:00:00,0.5552979146133643
2021-04-02 00:00:00,0.5552692031427746
2021-04-05 00:00:00,0.5531737177335626
2021-04-06 00:00:00,0.5546068707561448
2021-04-07 00:00:00,0.5568969788264483
2021-04-08 00:00:00,0.5573219494399464
2021-04-09 00:00:00,0.5574192607704921
2021-04-12 00:00:00,0.5572141173783126
2021-04-13 00:00:00,0.5571602013474958
2021-04-14 00:00:00,0.5559216709860053
2021-04-15 00:00:00,0.5561198005574595
2021-04-16 00:00:00,0.5549568838766502
2021-04-19 00:00:00,0.5511222838117683
2021-04-20 00:00:00,0.5516480726661748
2021-04-21 00:00:00,0.5520982478399
2021-04-22 00:00:00,0.5542119239886137
2021-04-23 00:00:00,0.5543344398793867
2021-04-26 00:00:00,0.5531715231985774
2021-04-27 00:00:00,0.5526891296438998
2021-04-28 00:00:00,0.5524335771312662
2021-04-29 00:00:00,0.5514218878118196
2021-04-30 00:00:00,0.5543673144480277
2021-05-03 00:00:00,0.5524482609604054
2021-05-04 00:00:00,0.5534277318988997
2021-05-05 00:00:00,0.552390838019226
2021-05-06 00:00:00,0.5531938770361305
2021-05-07 00:00:00,0.5501406183382888
2021-05-10 00:00:00,0.5462556091529527
2021-05-11 00:00:00,0.5463277159232713
2021-05-12 00:00:00,0.5480129145481245
2021-05-13 00:00:00,0.5491940219684356
2021-05-14 00:00:00,0.5475774232035385
2021-05-17 00:00:00,0.5467673703659086
2021-05-18 00:00:00,0.5453019989623742
2021-05-19 00:00:00,0.545651355895191
2021-05-20 00:00:00,0.545294985141649
2021-05-21 00:00:00,0.5458711831165096
2021-05-24 00:00:00,0.546119721808418
2021-05-25 00:00:00,0.5466959197832786
2021-05-26 00:00:00,0.5465159809513263
2021-05-27 00:00:00,0.5454034733909713
2021-05-28 00:00:00,0.5449714889567479
2021-06-01 00:00:00,0.5454468686907001
2021-06-02 00:00:00,0.5451913161780666
2021-06-03 00:00:00,0.5471285604051906
2021-06-04 00:00:00,0.5451843023573413
2021-06-07 00:00:00,0.5450547726458432
2021-06-08 00:00:00,0.5458578116627477
2021-06-09 00:00:00,0.5463836005171542
2021-06-10 00:00:00,0.5453215020772533
2021-06-11 00:00:00,0.5465782231782458
2021-06-14 00:00:00,0.5464991025872018
2021-06-15 00:00:00,0.5475541872063774
2021-06-16 00:00:00,0.5465929070073849
2021-06-17 00:00:00,0.5514538802208527
2021-06-18 00:00:00,0.5539204202127459
2021-06-21 00:00:00,0.5514216618399004
2021-06-22 00:00:00,0.551241723007948
2021-06-23 00:00:00,0.5498015561646407
2021-06-24 00:00:00,0.5515371639099479
2021-06-25 00:00:00,0.551710088921175
2021-06-28 00:00:00,0.5517821956914937
2021-06-29 00:00:00,0.5530137122322589
2021-06-30 00:00:00,0.553967978610526
2021-07-01 00:00:00,0.554594585705841
2021-07-02 00:00:00,0.5541878058318448
2021-07-06 00:00:00,0.5542347080419363
2021-07-07 00:00:00,0.5542059965713466
2021-07-08 00:00:00,0.5548073991064343
2021-07-09 00:00:00,0.5528883456188121
2021-07-12 00:00:00,0.55175063349823
2021-07-13 00:00:00,0.5527048998764971
2021-07-14 00:00:00,0.5524997564843177
2021-07-15 00:00:00,0.5525970678148635
2021-07-16 00:00:00,0.5541814481988081
2021-07-19 00:00:00,0.5565471699497929
2021-07-20 00:00:00,0.5584088004962358
2021-07-21 00:00:00,0.5563637242074779
2021-07-22 00:00:00,0.5549487619243978
2021-07-23 00:00:00,0.5549452550140351
2021-07-26 00:00:00,0.5529001787252773
2021-07-27 00:00:00,0.5514852164421971
2021-07-28 00:00:00,0.5514565049716074
2021-07-29 00:00:00,0.5493610195623954
2021-07-30 00:00:00,0.550668149783842
2021-08-02 00:00:00,0.551319961439384
2021-08-03 00:00:00,0.5508123633244792
2021-08-04 00:00:00,0.5506072199322999
2021-08-05 00:00:00,0.5501500309378494
2021-08-06 00:00:00,0.5515327748399773
2021-08-09 00:00:00,0.5520333591341567
2021-08-10 00:00:00,0.5523071023862922
2021-08-11 00:00:00,0.5516230723497978
2021-08-12 00:00:00,0.5524261113667024
2021-08-13 00:00:00,0.5517924904506624
2021-08-16 00:00:00,0.5519654154618894
2021-08-17 00:00:00,0.5547092056162807
2021-08-18 00:00:00,0.5544284485434199
2021-08-19 00:00:00,0.5563152836500898
2021-08-20 00:00:00,0.5574963910704008
2021-08-23 00:00:00,0.555148860058918
2021-08-24 00:00:00,0.5551453531485553
2021-08-25 00:00:00,0.5549402097563758
2021-08-26 00:00:00,0.5551887484482843
2021-08-27 00:00:00,0.5537233770447497
2021-08-30 00:00:00,0.5539719157366582
2021-08-31 00:00:00,0.5542204544285665
2021-09-01 00:00:00,0.5531079468682114
2021-09-02 00:00:00,0.5521970757896731
2021-09-03 00:00:00,0.5512357955906807
2021-09-07 00:00:00,0.552971403335988
2021-09-08 00:00:00,0.5537240332324385
2021-09-09 00:00:00,0.5513260931005013
2021-09-10 00:00:00,0.5514990181117283
2021-09-13 00:00:00,0.5515459203218199
2021-09-14 00:00:00,0.5514163906103218
2021-09-15 00:00:00,0.5516649293022301
2021-09-16 00:00:00,0.5529468549634496
2021-09-17 00:00:00,0.5536742802996729
2021-09-20 00:00:00,0.5561408202915661
2021-09-21 00:00:00,0.5559356768993866
2021-09-22 00:00:00,0.5557557380674343
2021-09-23 00:00:00,0.5538114800195849
2021-09-24 00:00:00,0.5553958604035296
2021-09-27 00:00:00,0.5545858075658998
2021-09-28 00:00:00,0.5589678941350527
2021-09-29 00:00:00,0.5614092295667187
2021-09-30 00:00:00,0.5605991767290889
2021-10-01 00:00:00,0.5579996001153349
2021-10-04 00:00:00,0.5572147518379321
2021-10-05 00:00:00,0.5562282670787126
2021-10-06 00:00:00,0.557989079384247
2021-10-07 00:00:00,0.5563220714988958
2021-10-08 00:00:00,0.5563941782692144
2021-10-12 00:00:00,0.5569955808043022
2021-10-13 00:00:00,0.5559586869246285
2021-10-14 00:00:00,0.5549469976051818
2021-10-15 00:00:00,0.5531035577982408
2021-10-18 00:00:00,0.5538309831344641
2021-10-19 00:00:00,0.5517607022854792
2021-10-20 00:00:00,0.5513791269717101
2021-10-21 00:00:00,0.5515772565431644
2021-10-22 00:00:00,0.5533380688486986
2021-10-25 00:00:00,0.5525028114508418
2021-10-26 00:00:00,0.5524993045404791
2021-10-27 00:00:00,0.5533023435573837
2021-10-28 00:00:00,0.5516353356720325
2021-10-29 00:00:00,0.5545807623082406
2021-11-01 00:00:00,0.5547284827592406
2021-11-02 00:00:00,0.5563884768238665
2021-11-03 00:00:00,0.5551751510226031
2021-11-04 00:00:00,0.5593051919894849
2021-11-05 00:00:00,0.5593520941995764
2021-11-08 00:00:00,0.5575086543926354
2021-11-09 00:00:00,0.5577823976447709
2021-11-10 00:00:00,0.5597952555525764
2021-11-12 00:00:00,0.5612284085751584
2021-11-15 00:00:00,0.5603931511773015
2021-11-16 00:00:00,0.5607425081101183
2021-11-17 00:00:00,0.5592267275861296
2021-11-18 00:00:00,0.5591728115553128
2021-11-19 00:00:00,0.5595221684881295
2021-11-22 00:00:00,0.56105613975162
2021-11-23 00:00:00,0.5616323377264807
2021-11-24 00:00:00,0.5630150816286086
2021-11-26 00:00:00,0.5632384157602899
2021-11-29 00:00:00,0.5639910456567402
2021-11-30 00:00:00,0.5649453120350074
2021-12-01 00:00:00,0.5635051451917
2021-12-02 00:00:00,0.5635520474017917
2021-12-03 00:00:00,0.565312859707326
2021-12-06 00:00:00,0.5648304661526485
2021-12-07 00:00:00,0.5652050276456924
2021-12-08 00:00:00,0.5651763161751026
2021-12-09 00:00:00,0.5663574235954136
2021-12-10 00:00:00,0.5644635746680186
2021-12-13 00:00:00,0.5651657954440147
2021-12-14 00:00:00,0.5653387204552418
2021-12-15 00:00:00,0.5655872591471501
2021-12-16 00:00:00,0.5627608414913523
2021-12-17 00:00:00,0.5641435853934802
2021-12-20 00:00:00,0.5652994882535641
2021-12-21 00:00:00,0.5644894354159343
2021-12-22 00:00:00,0.5621419044044513
2021-12-23 00:00:00,0.5604748965191001
2021-12-27 00:00:00,0.5597404573621515
2021-12-28 00:00:00,0.5598629732529244
2021-12-29 00:00:00,0.5587504656925695
2021-12-30 00:00:00,0.5580916402163022
2022-01-03 00:00:00,0.5588442701127525
2022-01-04 00:00:00,0.5569252166251303
2022-01-05 00:00:00,0.5561655729079547
2022-01-06 00:00:00,0.5569938164850863
2022-01-07 00:00:00,0.5558561043645042
2022-01-10 00:00:00,0.556230665857548
2022-01-11 00:00:00,0.5548157035744677
2022-01-12 00:00:00,0.5528714455266185
2022-01-13 00:00:00,0.5521874154901241
2022-01-14 00:00:00,0.5535197502717978
2022-01-18 00:00:00,0.5555578127398303
2022-01-19 00:00:00,0.5545965325408378
2022-01-20 00:00:00,0.5541393435463874
2022-01-21 00:00:00,0.5561269968939657
2022-01-24 00:00:00,0.5589968098494924
2022-01-25 00:00:00,0.5577582794880019
2022-01-26 00:00:00,0.5572002722526431
2022-01-27 00:00:00,0.5604733581718035
2022-01-28 00:00:00,0.5596381007739466
2022-01-31 00:00:00,0.5590548889783606
2022-02-01 00:00:00,0.5573626765327823
2022-02-02 00:00:00,0.5558216914485665
2022-02-03 00:00:00,0.5548604112495741
2022-02-04 00:00:00,0.5563187688323832
2022-02-07 00:00:00,0.5565421029640645
2022-02-08 00:00:00,0.5560345048491598
2022-02-09 00:00:00,0.5563082481012953
2022-02-10 00:00:00,0.553859898848904
2022-02-11 00:00:00,0.5547133469862627
2022-02-14 00:00:00,0.5568270231349766
2022-02-15 00:00:00,0.5562186067791635
2022-02-16 00:00:00,0.5550304855381272
2022-02-17 00:00:00,0.5540187962186806
2022-02-18 00:00:00,0.5549730625969478
2022-02-22 00:00:00,0.5546418964036328
2022-02-23 00:00:00,0.5556717764625813
2022-02-24 00:00:00,0.5605579542362761
2022-02-25 00:00:00,0.5593446284350126
2022-02-28 00:00:00,0.5590134622416977
2022-03-01 00:00:00,0.561530411354045
2022-03-02 00:00:00,0.5603170855527816
2022-03-03 00:00:00,0.5612713519310488
2022-03-04 00:00:00,0.5640655512058943
2022-03-07 00:00:00,0.5665320911977875
2022-03-08 00:00:00,0.5668562435703772
2022-03-09 00:00:00,0.5653404630463885
2022-03-10 00:00:00,0.5666223887076081
2022-03-11 00:00:00,0.5677278824472378
2022-03-14 00:00:00,0.568178057620963
2022-03-15 00:00:00,0.5676200503856041
2022-03-16 00:00:00,0.5668099975479742
2022-03-17 00:00:00,0.5651933987830773
2022-03-18 00:00:00,0.5649126417102165
2022-03-21 00:00:00,0.5640773843123595
2022-03-22 00:00:00,0.562612012908825
2022-03-23 00:00:00,0.563742711208682
2022-03-24 00:00:00,0.5644449319846782
2022-03-25 00:00:00,0.5641641749118175
2022-03-28 00:00:00,0.5667063285843918
2022-03-29 00:00:00,0.5658206620660808
2022-03-30 00:00:00,0.5651870411500407
2022-03-31 00:00:00,0.5650827159987696
2022-04-01 00:00:00,0.5660117778168097
2022-04-04 00:00:00,0.5659326572257657
2022-04-05 00:00:00,0.5662820141585825
2022-04-06 00:00:00,0.5667321893323076
2022-04-07 00:00:00,0.5672579781867142
2022-04-08 00:00:00,0.5679349944024832
2022-04-11 00:00:00,0.5678810783716663
2022-04-12 00:00:00,0.5679027760215309
2022-04-13 00:00:00,0.56684067758163
2022-04-14 00:00:00,0.5673160573155823
2022-04-15 00:00:00,0.5669344820018132
2022-04-18 00:00:00,0.5680903848618971
2022-04-19 00:00:00,0.5683137189935784
2022-04-20 00:00:00,0.567125597752542
2022-04-21 00:00:00,0.5674245455649046
2022-04-22 00:00:00,0.5722855187783724
2022-04-25 00:00:00,0.5760374913418477
2022-04-26 00:00:00,0.578050349249653
2022-04-27 00:00:00,0.5797859569949604
2022-04-28 00:00:00,0.582378519787989
2022-04-29 00:00:00,0.5792748519696931
2022-05-02 00:00:00,0.5803047320286415
2022-05-03 00:00:00,0.5806036798410041
2022-05-04 00:00:00,0.5811546732556377
2022-05-05 00:00:00,0.5849822594997943
2022-05-06 00:00:00,0.5847015024269335
2022-05-09 00:00:00,0.5848996319983877
2022-05-10 00:00:00,0.5854254208527941
2022-05-11 00:00:00,0.585295891141296
2022-05-12 00:00:00,0.5882665223377312
2022-05-13 00:00:00,0.5871288102171491
2022-05-16 00:00:00,0.5863943710602005
2022-05-17 00:00:00,0.581375156664645
2022-05-18 00:00:00,0.5831611735304064
2022-05-19 00:00:00,0.5804103695552899
2022-05-20 00:00:00,0.5806841128074254
2022-05-23 00:00:00,0.5786642410788947
2022-05-24 00:00:00,0.5793160527344368
2022-05-25 00:00:00,0.5794133640649825
2022-05-26 00:00:00,0.5783008565046275
2022-05-27 00:00:00,0.5774908036669976
2022-05-31 00:00:00,0.5771848420339097
2022-06-01 00:00:00,0.5809872237178393
2022-06-02 00:00:00,0.578816124627946
2022-06-03 00:00:00,0.5803248913312093
2022-06-06 00:00:00,0.5790863609697189
2022-06-07 00:00:00,0.5777974214877741
2022-06-08 00:00:00,0.5787012787455871
2022-06-09 00:00:00,0.5798319770454439
2022-06-10 00:00:00,0.5843652909759594
2022-06-13 00:00:00,0.5883693091417056
2022-06-14 00:00:00,0.5923481227472248
2022-06-15 00:00:00,0.5911600015061885
2022-06-16 00:00:00,0.5839731949311023
2022-06-17 00:00:00,0.5874731218923066
2022-06-21 00:00:00,0.5855288638444572
2022-06-22 00:00:00,0.5854245386931862
2022-06-23 00:00:00,0.5864040096316805
2022-06-24 00:00:00,0.5855435476735965
2022-06-27 00:00:00,0.5847082902757396
2022-06-28 00:00:00,0.5873260576289954
2022-06-29 00:00:00,0.5885323696095335
2022-06-30 00:00:00,0.5882264079764457
2022-07-01 00:00:00,0.5910710163717453
2022-07-05 00:00:00,0.5939660338874992
2022-07-06 00:00:00,0.594567436422587
2022-07-07 00:00:00,0.5923459282122395
2022-07-08 00:00:00,0.5912586252121116
2022-07-11 00:00:00,0.5944813020108178
2022-07-12 00:00:00,0.5945029996606823
2022-07-13 00:00:00,0.5941214243469132
2022-07-14 00:00:00,0.5964115324172167
2022-07-15 00:00:00,0.5956266841398139
2022-07-18 00:00:00,0.592270970719247
2022-07-19 00:00:00,0.591410508761163
2022-07-20 00:00:00,0.5922135477780675
2022-07-21 00:00:00,0.5927141320722469
2022-07-22 00:00:00,0.591399988030075
2022-07-25 00:00:00,0.590791571674262
2022-07-26 00:00:00,0.5909140875650348
2022-07-27 00:00:00,0.591112217136489
2022-07-28 00:00:00,0.5885882542034163
2022-07-29 00:00:00,0.5871228827998819
2022-08-01 00:00:00,0.5846997381077176
2022-08-02 00:00:00,0.5861833002507539
2022-08-03 00:00:00,0.5883221809596948
2022-08-04 00:00:00,0.5880666284470611
2022-08-05 00:00:00,0.5900542817946395
2022-08-08 00:00:00,0.589093001595647
2022-08-09 00:00:00,0.5892911311671012
2022-08-10 00:00:00,0.5853305083010838
2022-08-11 00:00:00,0.5856798652339006
2022-08-12 00:00:00,0.5881212006655667
2022-08-15 00:00:00,0.5891510807245152
2022-08-16 00:00:00,0.5891223692539254
2022-08-17 00:00:00,0.5906059313969617
2022-08-18 00:00:00,0.592089493539998
2022-08-19 00:00:00,0.5960935117057443
2022-08-22 00:00:00,0.5975266647283264
2022-08-23 00:00:00,0.5951791337168435
2022-08-24 00:00:00,0.5962090137757919
2022-08-25 00:00:00,0.5961550977449751
2022-08-26 00:00:00,0.5967565002800629
2022-08-29 00:00:00,0.5982400624230991
2022-08-30 00:00:00,0.599900056487725
2022-08-31 00:00:00,0.5999721632580437
2022-09-01 00:00:00,0.6026151351715267
2022-09-02 00:00:00,0.6015530367316259
2022-09-06 00:00:00,0.6023560757485303
2022-09-07 00:00:00,0.6042429108552003
2022-09-08 00:00:00,0.6038109264209769
2022-09-09 00:00:00,0.6009845087651791
2022-09-12 00:00:00,0.5984101367116522
2022-09-13 00:00:00,0.602792223280805
2022-09-14 00:00:00,0.6018057385215855
2022-09-15 00:00:00,0.604095846591889
2022-09-16 00:00:00,0.6054029768133355
2022-09-19 00:00:00,0.6057775383063794
2022-09-20 00:00:00,0.6056984177153355
2022-09-21 00:00:00,0.6075600482617783
2022-09-22 00:00:00,0.6090688149650417
2022-09-23 00:00:00,0.6178112904534828
2022-09-26 00:00:00,0.6232771731124009
2022-09-27 00:00:00,0.6219882336304563
2022-09-28 00:00:00,0.6199683619019256
2022-09-29 00:00:00,0.6144954654222822
2022-09-30 00:00:00,0.6122991617721618
2022-10-03 00:00:00,0.6087922209902322
2022-10-04 00:00:00,0.604377916040127
2022-10-05 00:00:00,0.6086591843683715
2022-10-06 00:00:00,0.61220952045003
2022-10-07 00:00:00,0.612609286503301
2022-10-11 00:00:00,0.611269937900902
2022-10-12 00:00:00,0.6130559547666635
2022-10-13 00:00:00,0.6067765123597528
2022-10-14 00:00:00,0.6101756210800487
2022-10-17 00:00:00,0.6046271109197241
2022-10-18 00:00:00,0.6076229466763864
2022-10-19 00:00:00,0.6094845772228292
2022-10-20 00:00:00,0.6080444103795218
2022-10-21 00:00:00,0.6079148806680237
2022-10-24 00:00:00,0.6078105555167527
2022-10-25 00:00:00,0.6033962505666475
2022-10-26 00:00:00,0.5996876733029012
2022-10-27 00:00:00,0.6006923488016225
2022-10-28 00:00:00,0.6006888418912599
2022-10-31 00:00:00,0.602121994913842
2022-11-01 00:00:00,0.6034795342557427
2022-11-02 00:00:00,0.6032743908635633
2022-11-03 00:00:00,0.61040377449747
2022-11-04 00:00:00,0.6079554252450787
2022-11-07 00:00:00,0.6032890746927024
2022-11-08 00:00:00,0.5999333612721355
2022-11-09 00:00:00,0.6049203572867388
2022-11-10 00:00:00,0.5978091643923339
2022-11-14 00:00:00,0.596495020350162
2022-11-15 00:00:00,0.592383170122782
2022-11-16 00:00:00,0.5923796632124194
2022-11-17 00:00:00,0.5942917028793164
2022-11-18 00:00:00,0.5919945809882876
2022-11-21 00:00:00,0.5949148030642686
2022-11-22 00:00:00,0.5924916583721044
2022-11-23 00:00:00,0.5884302172651786
2022-11-25 00:00:00,0.5868388230605086
2022-11-28 00:00:00,0.588347589763772
2022-11-29 00:00:00,0.5894530835034018
2022-11-30 00:00:00,0.5902813270805335
2022-12-01 00:00:00,0.5829432931440847
2022-12-02 00:00:00,0.5819063992644109
2022-12-05 00:00:00,0.5849778487017545
2022-12-06 00:00:00,0.5841173867436705
2022-12-07 00:00:00,0.5842903117548975
2022-12-08 00:00:00,0.5832282133149967
2022-12-09 00:00:00,0.5812839552671474
2022-12-12 00:00:00,0.5819105623624623
2022-12-13 00:00:00,0.5796134404714335
2022-12-14 00:00:00,0.5787529785133494
2022-12-15 00:00:00,0.583815588208634
2022-12-16 00:00:00,0.584744650026674
2022-12-19 00:00:00,0.5844134838333591
2022-12-20 00:00:00,0.5852417274104909
2022-12-21 00:00:00,0.5870781533967064
2022-12-22 00:00:00,0.5880576243352007
2022-12-23 00:00:00,0.5874744125396147
2022-12-27 00:00:00,0.5880002013940212
2022-12-28 00:00:00,0.5879210808029773
2022-12-29 00:00:00,0.587237050766483
2022-12-30 00:00:00,0.5867798617720326
2023-01-03 00:00:00,0.5894480382457425
2023-01-04 00:00:00,0.5870753026740325
2023-01-05 00:00:00,0.5911045254000059
2023-01-06 00:00:00,0.586992675172626
2023-01-09 00:00:00,0.5833849161497879
2023-01-10 00:00:00,0.5846416372507803
2023-01-11 00:00:00,0.5853690625870036
2023-01-12 00:00:00,0.5839036911834692
2023-01-13 00:00:00,0.5835725249901542
2023-01-17 00:00:00,0.5817794943036675
2023-01-18 00:00:00,0.5791043040092322
2023-01-19 00:00:00,0.5791512062193238
2023-01-20 00:00:00,0.5789208582669172
2023-01-23 00:00:00,0.578992965037236
2023-01-24 00:00:00,0.5801488678973199
2023-01-25 00:00:00,0.578834723855148
2023-01-26 00:00:00,0.5789068306254668
2023-01-27 00:00:00,0.5786512781128331
2023-01-30 00:00:00,0.578773794003606
2023-01-31 00:00:00,0.5799801059841442
2023-02-01 00:00:00,0.580354667477188
2023-02-02 00:00:00,0.5815357748974991
2023-02-03 00:00:00,0.5862203161893771
2023-02-06 00:00:00,0.5878046965733218
2023-02-07 00:00:00,0.5876751668618236
2023-02-08 00:00:00,0.5856300905730659
2023-02-09 00:00:00,0.5839882872479418
2023-02-10 00:00:00,0.5863792135591537
2023-02-13 00:00:00,0.5844601600715313
2023-02-14 00:00:00,0.5839021528361725
2023-02-15 00:00:00,0.5870492159541975
2023-02-16 00:00:00,0.5873481637665601
2023-02-17 00:00:00,0.5874706796573329
2023-02-21 00:00:00,0.5849467167242601
2023-02-22 00:00:00,0.5861026195843442
2023-02-23 00:00:00,0.5872837270046554
2023-02-24 00:00:00,0.5889689256295083
2023-02-27 00:00:00,0.5867222128589338
2023-02-28 00:00:00,0.5852568414553994
2023-03-01 00:00:00,0.5867151990382086
2023-03-02 00:00:00,0.5890053071085121
2023-03-03 00:00:00,0.5876155493856589
2023-03-06 00:00:00,0.5862762007832599
2023-03-07 00:00:00,0.5910615603160464
2023-03-08 00:00:00,0.5915369400499987
2023-03-09 00:00:00,0.5893658409601055
2023-03-10 00:00:00,0.5862873777020365
2023-03-13 00:00:00,0.5833097326848761
2023-03-14 00:00:00,0.5836338850574658
2023-03-15 00:00:00,0.5864784934527654
2023-03-16 00:00:00,0.5844586217242347
2023-03-17 00:00:00,0.583673773446832
2023-03-20 00:00:00,0.5807213329898987
2023-03-21 00:00:00,0.5822553042533891
2023-03-22 00:00:00,0.5812940240543967
2023-03-23 00:00:00,0.578996902163368
2023-03-24 00:00:00,0.581413033034807
2023-03-27 00:00:00,0.5800484798721809
2023-03-28 00:00:00,0.5784318811072838
2023-03-29 00:00:00,0.5791088973230529
2023-03-30 00:00:00,0.5776939350399727
2023-03-31 00:00:00,0.5776400190091558
2023-04-03 00:00:00,0.5767543524908447
2023-04-04 00:00:00,0.5743312077986804
2023-04-05 00:00:00,0.5750334285746767
2023-04-06 00:00:00,0.5753323763870392
2023-04-07 00:00:00,0.5761606199641709
2023-04-10 00:00:00,0.5777450003481156
2023-04-11 00:00:00,0.5764308563059437
2023-04-12 00:00:00,0.5748394621012738
2023-04-13 00:00:00,0.5732984770170579
2023-04-14 00:00:00,0.5761430854123577
2023-04-17 00:00:00,0.5775762384349398
2023-04-18 00:00:00,0.576035253350724
2023-04-19 00:00:00,0.5754268369949109
2023-04-20 00:00:00,0.5752468981629587
2023-04-21 00:00:00,0.5759491189389548
2023-04-24 00:00:00,0.5749626341797353
2023-04-25 00:00:00,0.5764209917625445
2023-04-26 00:00:00,0.5741742789919699
2023-04-27 00:00:00,0.5745236359247867
2023-04-28 00:00:00,0.5716972182689889
2023-05-01 00:00:00,0.5738613035381568
2023-05-02 00:00:00,0.5743366832721091
2023-05-03 00:00:00,0.5724932434651682
2023-05-04 00:00:00,0.5716327815070841
2023-05-05 00:00:00,0.5698397508205973
2023-05-08 00:00:00,0.5702395168738683
2023-05-09 00:00:00,0.5705888738066851
2023-05-10 00:00:00,0.5706609805770038
2023-05-11 00:00:00,0.5734803844120764
2023-05-12 00:00:00,0.5743842416698893
2023-05-15 00:00:00,0.5727928474652194
2023-05-16 00:00:00,0.5735706819218969
2023-05-17 00:00:00,0.574020857095622
2023-05-18 00:00:00,0.5752775781966144
2023-05-19 00:00:00,0.5742406843169408
2023-05-22 00:00:00,0.5751949506952079
2023-05-23 00:00:00,0.5752166483450724
2023-05-24 00:00:00,0.5765741876869731
2023-05-25 00:00:00,0.5776292723061487
2023-05-26 00:00:00,0.5771720833116982
2023-05-30 00:00:00,0.5756058936672555
2023-05-31 00:00:00,0.5757536141182553
2023-06-01 00:00:00,0.5721962642158716
2023-06-02 00:00:00,0.5738814628407247
2023-06-05 00:00:00,0.5745584790564937
2023-06-06 00:00:00,0.5750842679109002
2023-06-07 00:00:00,0.5742238059528162
2023-06-08 00:00:00,0.5717754567004248
2023-06-09 00:00:00,0.5709401993025679
2023-06-12 00:00:00,0.5731798982524172
2023-06-13 00:00:00,0.5700762304341211
2023-06-14 00:00:00,0.5679051313442279
2023-06-15 00:00:00,0.5662129188986496
2023-06-16 00:00:00,0.5648483657360235
2023-06-20 00:00:00,0.5669116327642831
2023-06-21 00:00:00,0.5667568984925578
2023-06-22 00:00:00,0.5664005277390158
2023-06-23 00:00:00,0.5676068397195541
2023-06-26 00:00:00,0.5669984233637411
2023-06-27 00:00:00,0.5662639842067925
2023-06-28 00:00:00,0.5691337971623193
2023-06-29 00:00:00,0.5696091768962716
2023-06-30 00:00:00,0.5672616458847886
2023-07-03 00:00:00,0.5675857982573782
2023-07-05 00:00:00,0.567179018383382
2023-07-06 00:00:00,0.5668730567502942
2023-07-07 00:00:00,0.5638954117331337
2023-07-10 00:00:00,0.5638919048227711
2023-07-11 00:00:00,0.562250101497647
2023-07-12 00:00:00,0.559902570486164
2023-07-13 00:00:00,0.5572525847519558
2023-07-14 00:00:00,0.5568206003177325
2023-07-17 00:00:00,0.5576740484550913
2023-07-18 00:00:00,0.558250246429952
2023-07-19 00:00:00,0.5621534463547898
2023-07-20 00:00:00,0.563359758335328
2023-07-21 00:00:00,0.5632050240636027
2023-07-24 00:00:00,0.5638316311589177
2023-07-25 00:00:00,0.5625931007974271
2023-07-26 00:00:00,0.561203343074574
2023-07-27 00:00:00,0.5626869052176102
2023-07-28 00:00:00,0.5626581937470205
2023-07-31 00:00:00,0.562957141559383
2023-08-01 00:00:00,0.5656253180330931
2023-08-02 00:00:00,0.5665543798511331
2023-08-03 00:00:00,0.5666012820612247
2023-08-04 00:00:00,0.5649090696156464
2023-08-07 00:00:00,0.5650315855064193
2023-08-08 00:00:00,0.5660110564449136
2023-08-09 00:00:00,0.5663352088175031
2023-08-10 00:00:00,0.5660292471844154
2023-08-11 00:00:00,0.5668070816410928
2023-08-14 00:00:00,0.5668539838511844
2023-08-15 00:00:00,0.5654642261283312
2023-08-16 00:00:00,0.5653346964168331
2023-08-17 00:00:00,0.5652051667053349
2023-08-18 00:00:00,0.5655545236381517
2023-08-21 00:00:00,0.5655510167277891
2023-08-22 00:00:00,0.5656231234981077
2023-08-23 00:00:00,0.5660480941116058
2023-08-24 00:00:00,0.5680609520194112
2023-08-25 00:00:00,0.569645332403356
2023-08-28 00:00:00,0.56906212060777
2023-08-29 00:00:00,0.568478908812184
2023-08-30 00:00:00,0.5656272865961591
2023-08-31 00:00:00,0.5670856441789682
2023-09-01 00:00:00,0.5688968656049569
2023-09-05 00:00:00,0.5691454042968652
2023-09-06 00:00:00,0.571259080445579
2023-09-07 00:00:00,0.5715580282579416
2023-09-08 00:00:00,0.5717561578293958
2023-09-11 00:00:00,0.5703916046667697
2023-09-12 00:00:00,0.5716735303279892
2023-09-13 00:00:00,0.5713675686949014
2023-09-14 00:00:00,0.5733048129220254
2023-09-15 00:00:00,0.5737297835355235
2023-09-18 00:00:00,0.5734238219024357
2023-09-19 00:00:00,0.573647156034117
2023-09-20 00:00:00,0.5737192628044356
2023-09-21 00:00:00,0.575958961754285
2023-09-22 00:00:00,0.5769888418132334
2023-09-25 00:00:00,0.5779431081915005
2023-09-26 00:00:00,0.5791746247322658
2023-09-27 00:00:00,0.5800280728696247
2023-09-28 00:00:00,0.5777309509785958
2023-09-29 00:00:00,0.57792908055005
2023-10-02 00:00:00,0.5800175521385367
2023-10-03 00:00:00,0.5815263188418001
2023-10-04 00:00:00,0.5792796060712255
2023-10-05 00:00:00,0.5788980307574564
2023-10-06 00:00:00,0.5767521362277902
2023-10-10 00:00:00,0.5758916742697062
2023-10-11 00:00:00,0.5754596898354829
2023-10-12 00:00:00,0.5776993887853321
2023-10-13 00:00:00,0.579561019331775
2023-10-16 00:00:00,0.5780452388077864
2023-10-17 00:00:00,0.5778148908553797
2023-10-18 00:00:00,0.5791976347575076
2023-10-19 00:00:00,0.5792949460880534
2023-10-20 00:00:00,0.5790645981356468
2023-10-23 00:00:00,0.5769691127264349
2023-10-24 00:00:00,0.5785786976706067
2023-10-25 00:00:00,0.5793061230068299
2023-10-26 00:00:00,0.5799579346623719
2023-10-27 00:00:00,0.5789714499031524
2023-10-30 00:00:00,0.5787915110712001
2023-10-31 00:00:00,0.5793172999256065
2023-11-01 00:00:00,0.5794902249368337
2023-11-02 00:00:00,0.5782516945753431
2023-11-03 00:00:00,0.5732072756195603
2023-11-06 00:00:00,0.57275008662511
2023-11-07 00:00:00,0.5751158083760948
2023-11-08 00:00:00,0.5749610741043695
2023-11-09 00:00:00,0.5754868629587759
2023-11-13 00:00:00,0.5757354016506844
2023-11-14 00:00:00,0.5702877097312681
2023-11-15 00:00:00,0.5715696353924875
2023-11-16 00:00:00,0.5717425604037146
2023-11-17 00:00:00,0.5715374170115352
2023-11-20 00:00:00,0.5696183635239129
2023-11-21 00:00:00,0.5687074924453747
2023-11-22 00:00:00,0.5704935093111362
2023-11-24 00:00:00,0.5671125913303421
2023-11-27 00:00:00,0.5667814251370271
2023-11-28 00:00:00,0.5642322576437273
2023-11-29 00:00:00,0.564783251058361
2023-11-30 00:00:00,0.5660147675991263
2023-12-01 00:00:00,0.5649274645989983
2023-12-04 00:00:00,0.5661337765795365
2023-12-05 00:00:00,0.5671888611987121
2023-12-06 00:00:00,0.5671853542883495
2023-12-07 00:00:00,0.5673330747393495
2023-12-08 00:00:00,0.5683881593585249
2023-12-11 00:00:00,0.5680821977254371
2023-12-12 00:00:00,0.5680786908150746
2023-12-13 00:00:00,0.568604479669481
2023-12-14 00:00:00,0.5625266737443873
2023-12-15 00:00:00,0.5639598267669693
2023-12-18 00:00:00,0.5658718664338662
2023-12-19 00:00:00,0.5628438122962516
2023-12-20 00:00:00,0.565108715806328
2023-12-21 00:00:00,0.5648783678539214
2023-12-22 00:00:00,0.5635390192515225
2023-12-26 00:00:00,0.5637875579434309
2023-12-27 00:00:00,0.5615408451728563
2023-12-28 00:00:00,0.56287317995453
2023-12-29 00:00:00,0.5628444684839403
