date,combined_equity
1995-05-04 00:00:00,1.0
1995-05-05 00:00:00,1.0
1995-05-08 00:00:00,1.0
1995-05-09 00:00:00,1.0
1995-05-10 00:00:00,1.0
1995-05-11 00:00:00,1.0
1995-05-12 00:00:00,1.0
1995-05-15 00:00:00,1.0
1995-05-16 00:00:00,1.0
1995-05-17 00:00:00,1.0
1995-05-18 00:00:00,1.0
1995-05-19 00:00:00,1.0
1995-05-22 00:00:00,1.0
1995-05-23 00:00:00,1.0
1995-05-24 00:00:00,1.0
1995-05-25 00:00:00,1.0
1995-05-26 00:00:00,1.0
1995-05-30 00:00:00,1.0
1995-05-31 00:00:00,1.0
1995-06-01 00:00:00,1.0
1995-06-02 00:00:00,1.0
1995-06-05 00:00:00,1.0
1995-06-06 00:00:00,1.0
1995-06-07 00:00:00,1.0
1995-06-08 00:00:00,1.0
1995-06-09 00:00:00,1.0
1995-06-12 00:00:00,1.0
1995-06-13 00:00:00,1.0
1995-06-14 00:00:00,1.0
1995-06-15 00:00:00,1.0
1995-06-16 00:00:00,1.0
1995-06-19 00:00:00,1.0
1995-06-20 00:00:00,1.0
1995-06-21 00:00:00,1.0
1995-06-22 00:00:00,1.0
1995-06-23 00:00:00,1.0
1995-06-26 00:00:00,1.0
1995-06-27 00:00:00,1.0
1995-06-28 00:00:00,1.0
1995-06-29 00:00:00,1.0
1995-06-30 00:00:00,1.0
1995-07-03 00:00:00,1.0
1995-07-05 00:00:00,1.0
1995-07-06 00:00:00,1.0
1995-07-07 00:00:00,1.0
1995-07-10 00:00:00,1.0
1995-07-11 00:00:00,1.0
1995-07-12 00:00:00,1.0
1995-07-13 00:00:00,1.0
1995-07-14 00:00:00,1.0
1995-07-17 00:00:00,1.0
1995-07-18 00:00:00,1.0
1995-07-19 00:00:00,1.0
1995-07-20 00:00:00,1.0
1995-07-21 00:00:00,1.0
1995-07-24 00:00:00,1.0
1995-07-25 00:00:00,1.0
1995-07-26 00:00:00,1.0
1995-07-27 00:00:00,1.0
1995-07-28 00:00:00,1.0
1995-07-31 00:00:00,1.0
1995-08-01 00:00:00,1.0
1995-08-02 00:00:00,1.0
1995-08-03 00:00:00,1.0
1995-08-04 00:00:00,1.0
1995-08-07 00:00:00,1.0
1995-08-08 00:00:00,1.0
1995-08-09 00:00:00,1.0
1995-08-10 00:00:00,1.0
1995-08-11 00:00:00,1.0
1995-08-14 00:00:00,1.0
1995-08-15 00:00:00,1.0
1995-08-16 00:00:00,1.0
1995-08-17 00:00:00,1.0
1995-08-18 00:00:00,1.0
1995-08-21 00:00:00,1.0
1995-08-22 00:00:00,1.0
1995-08-23 00:00:00,1.0
1995-08-24 00:00:00,1.0
1995-08-25 00:00:00,1.0
1995-08-28 00:00:00,1.0
1995-08-29 00:00:00,1.0
1995-08-30 00:00:00,1.0
1995-08-31 00:00:00,1.0
1995-09-01 00:00:00,1.0
1995-09-05 00:00:00,1.0
1995-09-06 00:00:00,1.0
1995-09-07 00:00:00,1.0
1995-09-08 00:00:00,1.0
1995-09-11 00:00:00,1.0
1995-09-12 00:00:00,1.0
1995-09-13 00:00:00,1.0
1995-09-14 00:00:00,1.0
1995-09-15 00:00:00,1.0
1995-09-18 00:00:00,1.0
1995-09-19 00:00:00,1.0
1995-09-20 00:00:00,1.0
1995-09-21 00:00:00,1.0
1995-09-22 00:00:00,1.0
1995-09-25 00:00:00,1.0
1995-09-26 00:00:00,1.0
1995-09-27 00:00:00,1.0
1995-09-28 00:00:00,1.0
1995-09-29 00:00:00,1.0
1995-10-02 00:00:00,1.0
1995-10-03 00:00:00,1.0
1995-10-04 00:00:00,1.0
1995-10-05 00:00:00,1.0
1995-10-06 00:00:00,1.0
1995-10-09 00:00:00,1.0
1995-10-10 00:00:00,1.0
1995-10-11 00:00:00,1.0
1995-10-12 00:00:00,1.0
1995-10-13 00:00:00,1.0
1995-10-16 00:00:00,1.0
1995-10-17 00:00:00,1.0
1995-10-18 00:00:00,1.0
1995-10-19 00:00:00,1.0
1995-10-20 00:00:00,1.0
1995-10-23 00:00:00,1.0
1995-10-24 00:00:00,1.0
1995-10-25 00:00:00,1.0
1995-10-26 00:00:00,1.0
1995-10-27 00:00:00,1.0
1995-10-30 00:00:00,1.0
1995-10-31 00:00:00,1.0
1995-11-01 00:00:00,1.0
1995-11-02 00:00:00,1.0
1995-11-03 00:00:00,1.0
1995-11-06 00:00:00,1.0
1995-11-07 00:00:00,1.0
1995-11-08 00:00:00,1.0
1995-11-09 00:00:00,1.0
1995-11-10 00:00:00,1.0
1995-11-13 00:00:00,1.0
1995-11-14 00:00:00,1.0
1995-11-15 00:00:00,1.0
1995-11-16 00:00:00,1.0
1995-11-17 00:00:00,1.0
1995-11-20 00:00:00,1.0
1995-11-21 00:00:00,1.0
1995-11-22 00:00:00,1.0
1995-11-24 00:00:00,1.0
1995-11-27 00:00:00,1.0
1995-11-28 00:00:00,1.0
1995-11-29 00:00:00,1.0
1995-11-30 00:00:00,1.0
1995-12-01 00:00:00,1.0
1995-12-04 00:00:00,1.0
1995-12-05 00:00:00,1.0
1995-12-06 00:00:00,1.0
1995-12-07 00:00:00,1.0
1995-12-08 00:00:00,1.0
1995-12-11 00:00:00,1.0
1995-12-12 00:00:00,1.0
1995-12-13 00:00:00,1.0
1995-12-14 00:00:00,1.0
1995-12-15 00:00:00,1.0
1995-12-18 00:00:00,1.0
1995-12-19 00:00:00,1.0
1995-12-20 00:00:00,1.0
1995-12-21 00:00:00,1.0
1995-12-22 00:00:00,1.0
1995-12-26 00:00:00,1.0
1995-12-27 00:00:00,1.0
1995-12-28 00:00:00,1.0
1995-12-29 00:00:00,1.0
1996-01-02 00:00:00,1.0
1996-01-03 00:00:00,1.0
1996-01-04 00:00:00,1.0
1996-01-05 00:00:00,1.0
1996-01-08 00:00:00,1.0
1996-01-09 00:00:00,1.0
1996-01-10 00:00:00,1.0
1996-01-11 00:00:00,1.0
1996-01-12 00:00:00,1.0
1996-01-15 00:00:00,1.0
1996-01-16 00:00:00,1.0
1996-01-17 00:00:00,1.0
1996-01-18 00:00:00,1.0
1996-01-19 00:00:00,1.0
1996-01-22 00:00:00,1.0
1996-01-23 00:00:00,1.0
1996-01-24 00:00:00,1.0
1996-01-25 00:00:00,1.0
1996-01-26 00:00:00,1.0
1996-01-29 00:00:00,1.0
1996-01-30 00:00:00,1.0
1996-01-31 00:00:00,1.0
1996-02-01 00:00:00,1.0
1996-02-02 00:00:00,1.0
1996-02-05 00:00:00,1.0
1996-02-06 00:00:00,1.0
1996-02-07 00:00:00,1.0
1996-02-08 00:00:00,1.0
1996-02-09 00:00:00,1.0
1996-02-12 00:00:00,1.0
1996-02-13 00:00:00,1.0
1996-02-14 00:00:00,1.0
1996-02-15 00:00:00,1.0
1996-02-16 00:00:00,0.9982829277730387
1996-02-20 00:00:00,0.992098389777594
1996-02-21 00:00:00,0.9996570252658055
1996-02-22 00:00:00,1.0192373648987345
1996-02-23 00:00:00,1.0168321446473956
1996-02-26 00:00:00,1.0137409749276676
1996-02-27 00:00:00,1.01305282690329
1996-02-28 00:00:00,1.0192373648987345
1996-02-29 00:00:00,1.0020600469611558
1996-03-01 00:00:00,0.9961657183561837
1996-03-04 00:00:00,1.0139740218624407
1996-03-05 00:00:00,1.0053996535075762
1996-03-06 00:00:00,1.014083949661862
1996-03-07 00:00:00,1.0058393647052615
1996-03-08 00:00:00,1.0168321446473956
1996-03-11 00:00:00,0.9917686063793301
1996-03-12 00:00:00,0.9787210169946751
1996-03-13 00:00:00,0.9787210169946751
1996-03-14 00:00:00,0.9787210169946751
1996-03-15 00:00:00,0.9787210169946751
1996-03-18 00:00:00,0.9787210169946751
1996-03-19 00:00:00,0.9787210169946751
1996-03-20 00:00:00,0.9787210169946751
1996-03-21 00:00:00,0.9787210169946751
1996-03-22 00:00:00,0.9787210169946751
1996-03-25 00:00:00,0.9787210169946751
1996-03-26 00:00:00,0.9787210169946751
1996-03-27 00:00:00,0.9787210169946751
1996-03-28 00:00:00,0.9787210169946751
1996-03-29 00:00:00,0.9787210169946751
1996-04-01 00:00:00,0.9787210169946751
1996-04-02 00:00:00,0.9787210169946751
1996-04-03 00:00:00,0.9787210169946751
1996-04-04 00:00:00,0.9787210169946751
1996-04-08 00:00:00,0.9787210169946751
1996-04-09 00:00:00,0.9787210169946751
1996-04-10 00:00:00,0.9787210169946751
1996-04-11 00:00:00,0.9787210169946751
1996-04-12 00:00:00,0.9787210169946751
1996-04-15 00:00:00,0.9787210169946751
1996-04-16 00:00:00,0.9787210169946751
1996-04-17 00:00:00,0.9787210169946751
1996-04-18 00:00:00,0.9787210169946751
1996-04-19 00:00:00,0.9787210169946751
1996-04-22 00:00:00,0.9787210169946751
1996-04-23 00:00:00,0.9787210169946751
1996-04-24 00:00:00,0.9787210169946751
1996-04-25 00:00:00,0.9787210169946751
1996-04-26 00:00:00,0.9787210169946751
1996-04-29 00:00:00,0.9787210169946751
1996-04-30 00:00:00,0.9787210169946751
1996-05-01 00:00:00,0.9787210169946751
1996-05-02 00:00:00,0.9787210169946751
1996-05-03 00:00:00,0.9787210169946751
1996-05-06 00:00:00,0.9787210169946751
1996-05-07 00:00:00,0.9787210169946751
1996-05-08 00:00:00,0.9787210169946751
1996-05-09 00:00:00,0.9787210169946751
1996-05-10 00:00:00,0.9787210169946751
1996-05-13 00:00:00,0.9787210169946751
1996-05-14 00:00:00,0.9787210169946751
1996-05-15 00:00:00,0.9787210169946751
1996-05-16 00:00:00,0.9787210169946751
1996-05-17 00:00:00,0.9787210169946751
1996-05-20 00:00:00,0.9787210169946751
1996-05-21 00:00:00,0.9787210169946751
1996-05-22 00:00:00,0.9787210169946751
1996-05-23 00:00:00,0.9787210169946751
1996-05-24 00:00:00,0.9787210169946751
1996-05-28 00:00:00,0.9787210169946751
1996-05-29 00:00:00,0.9787210169946751
1996-05-30 00:00:00,0.9787210169946751
1996-05-31 00:00:00,0.9787210169946751
1996-06-03 00:00:00,0.9787210169946751
1996-06-04 00:00:00,0.9787210169946751
1996-06-05 00:00:00,0.9787210169946751
1996-06-06 00:00:00,0.9787210169946751
1996-06-07 00:00:00,0.9787210169946751
1996-06-10 00:00:00,0.9787210169946751
1996-06-11 00:00:00,0.9787210169946751
1996-06-12 00:00:00,0.9787210169946751
1996-06-13 00:00:00,0.9787210169946751
1996-06-14 00:00:00,0.9787210169946751
1996-06-17 00:00:00,0.9787210169946751
1996-06-18 00:00:00,0.9787210169946751
1996-06-19 00:00:00,0.9787210169946751
1996-06-20 00:00:00,0.9787210169946751
1996-06-21 00:00:00,0.9787210169946751
1996-06-24 00:00:00,0.9787210169946751
1996-06-25 00:00:00,0.9787210169946751
1996-06-26 00:00:00,0.9787210169946751
1996-06-27 00:00:00,0.9787210169946751
1996-06-28 00:00:00,0.9787210169946751
1996-07-01 00:00:00,0.9787210169946751
1996-07-02 00:00:00,0.9787210169946751
1996-07-03 00:00:00,0.9787210169946751
1996-07-05 00:00:00,0.9787210169946751
1996-07-08 00:00:00,0.9787210169946751
1996-07-09 00:00:00,0.9787210169946751
1996-07-10 00:00:00,0.9787210169946751
1996-07-11 00:00:00,0.9787210169946751
1996-07-12 00:00:00,0.9787210169946751
1996-07-15 00:00:00,0.9787210169946751
1996-07-16 00:00:00,0.9787210169946751
1996-07-17 00:00:00,0.9787210169946751
1996-07-18 00:00:00,0.9787210169946751
1996-07-19 00:00:00,0.9787210169946751
1996-07-22 00:00:00,0.9787210169946751
1996-07-23 00:00:00,0.9787210169946751
1996-07-24 00:00:00,0.9787210169946751
1996-07-25 00:00:00,0.9787210169946751
1996-07-26 00:00:00,0.9787210169946751
1996-07-29 00:00:00,0.9787210169946751
1996-07-30 00:00:00,0.9787210169946751
1996-07-31 00:00:00,0.9787210169946751
1996-08-01 00:00:00,0.9787210169946751
1996-08-02 00:00:00,0.9787210169946751
1996-08-05 00:00:00,0.9787210169946751
1996-08-06 00:00:00,0.9787210169946751
1996-08-07 00:00:00,0.9787210169946751
1996-08-08 00:00:00,0.9787210169946751
1996-08-09 00:00:00,0.9787210169946751
1996-08-12 00:00:00,0.9787210169946751
1996-08-13 00:00:00,0.9787210169946751
1996-08-14 00:00:00,0.9822154910171785
1996-08-15 00:00:00,0.9752265429721717
1996-08-16 00:00:00,0.9822154910171785
1996-08-19 00:00:00,0.9861991914028323
1996-08-20 00:00:00,0.9877367599727338
1996-08-21 00:00:00,0.9857099650396818
1996-08-22 00:00:00,0.9874572020509336
1996-08-23 00:00:00,0.9822154910171785
1996-08-26 00:00:00,0.9867583072464329
1996-08-27 00:00:00,0.993188139447839
1996-08-28 00:00:00,0.9874572020509336
1996-08-29 00:00:00,0.9926989130846886
1996-08-30 00:00:00,0.9979406241184436
1996-09-03 00:00:00,0.9863389703637325
1996-09-04 00:00:00,0.9857099650396818
1996-09-05 00:00:00,0.9874572020509336
1996-09-06 00:00:00,0.9787210169946751
1996-09-09 00:00:00,0.9896936654253357
1996-09-10 00:00:00,0.9892044390621852
1996-09-11 00:00:00,0.9909516760734369
1996-09-12 00:00:00,0.9979406241184436
1996-09-13 00:00:00,1.001435098140947
1996-09-16 00:00:00,1.0123378570911576
1996-09-17 00:00:00,1.0119185202084573
1996-09-18 00:00:00,1.0084240461859537
1996-09-19 00:00:00,1.0031823351521987
1996-09-20 00:00:00,1.0084240461859537
1996-09-23 00:00:00,1.005628466967951
1996-09-24 00:00:00,1.0049295721634506
1996-09-25 00:00:00,1.0101712831972056
1996-09-26 00:00:00,1.0119185202084573
1996-09-27 00:00:00,1.018907468253464
1996-09-30 00:00:00,1.01471409942646
1996-10-01 00:00:00,1.0154129942309607
1996-10-02 00:00:00,1.0170903417617623
1996-10-03 00:00:00,1.0154129942309607
1996-10-04 00:00:00,1.0171602312422123
1996-10-07 00:00:00,1.0285522165555734
1996-10-08 00:00:00,1.018907468253464
1996-10-09 00:00:00,1.0293908903209743
1996-10-10 00:00:00,1.018907468253464
1996-10-11 00:00:00,1.0154129942309607
1996-10-14 00:00:00,1.02505774253307
1996-10-15 00:00:00,1.0251975214939701
1996-10-16 00:00:00,1.0258964162984707
1996-10-17 00:00:00,1.0258964162984707
1996-10-18 00:00:00,1.0224019422759674
1996-10-21 00:00:00,1.024079289806769
1996-10-22 00:00:00,1.0180687944880633
1996-10-23 00:00:00,1.024149179287219
1996-10-24 00:00:00,1.018907468253464
1996-10-25 00:00:00,1.0224019422759674
1996-10-28 00:00:00,1.012757193973858
1996-10-29 00:00:00,1.0154129942309607
1996-10-30 00:00:00,1.013665757219709
1996-10-31 00:00:00,1.0154129942309607
1996-11-01 00:00:00,1.013665757219709
1996-11-04 00:00:00,1.0182085734489634
1996-11-05 00:00:00,1.018907468253464
1996-11-06 00:00:00,1.024149179287219
1996-11-07 00:00:00,1.0328853643434777
1996-11-08 00:00:00,1.036379838365981
1996-11-11 00:00:00,1.0383367438185829
1996-11-12 00:00:00,1.0381270753772327
1996-11-13 00:00:00,1.0451160234222394
1996-11-14 00:00:00,1.0398743123884844
1996-11-15 00:00:00,1.046863260433491
1996-11-18 00:00:00,1.048820165886093
1996-11-19 00:00:00,1.0486104974447428
1996-11-20 00:00:00,1.0451160234222394
1996-11-21 00:00:00,1.0503577344559945
1996-11-22 00:00:00,1.0503577344559945
1996-11-25 00:00:00,1.0597229248363036
1996-11-26 00:00:00,1.0590939195122528
1996-11-27 00:00:00,1.0573466825010014
1996-11-29 00:00:00,1.0577660193837017
1996-12-02 00:00:00,1.0619593882107057
1996-12-03 00:00:00,1.062099167171606
1996-12-04 00:00:00,1.0556693349701998
1996-12-05 00:00:00,1.0560886718529001
1996-12-06 00:00:00,1.0492395027687933
1996-12-09 00:00:00,1.0616798302889057
1996-12-10 00:00:00,1.0565080087356005
1996-12-11 00:00:00,1.046863260433491
1996-12-12 00:00:00,1.0407129861538853
1996-12-13 00:00:00,1.036379838365981
1996-12-16 00:00:00,1.0305091220081752
1996-12-17 00:00:00,1.0300897851254749
1996-12-18 00:00:00,1.0381969648576828
1996-12-19 00:00:00,1.0495190606905935
1996-12-20 00:00:00,1.033304701226178
1996-12-23 00:00:00,1.0291113323991739
1996-12-24 00:00:00,1.0337240381088786
1996-12-26 00:00:00,1.0359605014832804
1996-12-27 00:00:00,1.040573207192985
1996-12-30 00:00:00,1.0359605014832804
1996-12-31 00:00:00,1.036379838365981
1997-01-02 00:00:00,1.0328853643434777
1997-01-03 00:00:00,1.0398743123884844
1997-01-06 00:00:00,1.0451859129026895
1997-01-07 00:00:00,1.0503577344559945
1997-01-08 00:00:00,1.0451859129026895
1997-01-09 00:00:00,1.0521748609476964
1997-01-10 00:00:00,1.0591638089927031
1997-01-13 00:00:00,1.0556693349701998
1997-01-14 00:00:00,1.0626582830152065
1997-01-15 00:00:00,1.0626582830152065
1997-01-16 00:00:00,1.0626582830152065
1997-01-17 00:00:00,1.0696472310602134
1997-01-20 00:00:00,1.0661527570377098
1997-01-21 00:00:00,1.0678301045685115
1997-01-22 00:00:00,1.0696472310602134
1997-01-23 00:00:00,1.0591638089927031
1997-01-24 00:00:00,1.0573466825010014
1997-01-27 00:00:00,1.0538522084784978
1997-01-28 00:00:00,1.0538522084784978
1997-01-29 00:00:00,1.0591638089927031
1997-01-30 00:00:00,1.0626582830152065
1997-01-31 00:00:00,1.0678301045685115
1997-02-03 00:00:00,1.0678301045685115
1997-02-04 00:00:00,1.0661527570377098
1997-02-05 00:00:00,1.0573466825010014
1997-02-06 00:00:00,1.0573466825010014
1997-02-07 00:00:00,1.0678301045685115
1997-02-10 00:00:00,1.0608411565235047
1997-02-11 00:00:00,1.0626582830152065
1997-02-12 00:00:00,1.0731417050827166
1997-02-13 00:00:00,1.0783135266360215
1997-02-14 00:00:00,1.0783135266360215
1997-02-18 00:00:00,1.081808000658525
1997-02-19 00:00:00,1.0766361791052201
1997-02-20 00:00:00,1.0661527570377098
1997-02-21 00:00:00,1.0678301045685115
1997-02-24 00:00:00,1.0713245785910148
1997-02-25 00:00:00,1.0748190526135184
1997-02-26 00:00:00,1.0696472310602134
1997-02-27 00:00:00,1.0608411565235047
1997-02-28 00:00:00,1.0608411565235047
1997-03-03 00:00:00,1.0626582830152065
1997-03-04 00:00:00,1.0678301045685115
1997-03-05 00:00:00,1.0713245785910148
1997-03-06 00:00:00,1.0713245785910148
1997-03-07 00:00:00,1.0748190526135184
1997-03-10 00:00:00,1.0748190526135184
1997-03-11 00:00:00,1.0748190526135184
1997-03-12 00:00:00,1.0661527570377098
1997-03-13 00:00:00,1.0626582830152065
1997-03-14 00:00:00,1.0696472310602134
1997-03-17 00:00:00,1.0626582830152065
1997-03-18 00:00:00,1.0556693349701998
1997-03-19 00:00:00,1.0503577344559945
1997-03-20 00:00:00,1.0521748609476964
1997-03-21 00:00:00,1.0521748609476964
1997-03-24 00:00:00,1.0521748609476964
1997-03-25 00:00:00,1.0556693349701998
1997-03-26 00:00:00,1.0573466825010014
1997-03-27 00:00:00,1.0433687864109877
1997-03-31 00:00:00,1.0293908903209743
1997-04-01 00:00:00,1.0258964162984707
1997-04-02 00:00:00,1.018907468253464
1997-04-03 00:00:00,1.0204708959311322
1997-04-04 00:00:00,1.0204708959311322
1997-04-07 00:00:00,1.0204708959311322
1997-04-08 00:00:00,1.0204708959311322
1997-04-09 00:00:00,1.0204708959311322
1997-04-10 00:00:00,1.0204708959311322
1997-04-11 00:00:00,1.0204708959311322
1997-04-14 00:00:00,1.0204708959311322
1997-04-15 00:00:00,1.0204708959311322
1997-04-16 00:00:00,1.0204708959311322
1997-04-17 00:00:00,1.0204708959311322
1997-04-18 00:00:00,1.0204708959311322
1997-04-21 00:00:00,1.0204708959311322
1997-04-22 00:00:00,1.0204708959311322
1997-04-23 00:00:00,1.0204708959311322
1997-04-24 00:00:00,1.0204708959311322
1997-04-25 00:00:00,1.0204708959311322
1997-04-28 00:00:00,1.0204708959311322
1997-04-29 00:00:00,1.0204708959311322
1997-04-30 00:00:00,1.0204708959311322
1997-05-01 00:00:00,1.0204708959311322
1997-05-02 00:00:00,1.0204708959311322
1997-05-05 00:00:00,1.0204708959311322
1997-05-06 00:00:00,1.0204708959311322
1997-05-07 00:00:00,1.0204708959311322
1997-05-08 00:00:00,1.0204708959311322
1997-05-09 00:00:00,1.0204708959311322
1997-05-12 00:00:00,1.0204708959311322
1997-05-13 00:00:00,1.0204708959311322
1997-05-14 00:00:00,1.0204708959311322
1997-05-15 00:00:00,1.0204708959311322
1997-05-16 00:00:00,1.0204708959311322
1997-05-19 00:00:00,1.0204708959311322
1997-05-20 00:00:00,1.0204708959311322
1997-05-21 00:00:00,1.0204708959311322
1997-05-22 00:00:00,1.0204708959311322
1997-05-23 00:00:00,1.0204708959311322
1997-05-27 00:00:00,1.0204708959311322
1997-05-28 00:00:00,1.0204708959311322
1997-05-29 00:00:00,1.0204708959311322
1997-05-30 00:00:00,1.0204708959311322
1997-06-02 00:00:00,1.0204708959311322
1997-06-03 00:00:00,1.0204708959311322
1997-06-04 00:00:00,1.0204708959311322
1997-06-05 00:00:00,1.0204708959311322
1997-06-06 00:00:00,1.0204708959311322
1997-06-09 00:00:00,1.0204708959311322
1997-06-10 00:00:00,1.0204708959311322
1997-06-11 00:00:00,1.0204708959311322
1997-06-12 00:00:00,1.0204708959311322
1997-06-13 00:00:00,1.0204708959311322
1997-06-16 00:00:00,1.0204708959311322
1997-06-17 00:00:00,1.0204708959311322
1997-06-18 00:00:00,1.0204708959311322
1997-06-19 00:00:00,1.0204708959311322
1997-06-20 00:00:00,1.0204708959311322
1997-06-23 00:00:00,1.0204708959311322
1997-06-24 00:00:00,1.0204708959311322
1997-06-25 00:00:00,1.0204708959311322
1997-06-26 00:00:00,1.0204708959311322
1997-06-27 00:00:00,1.0204708959311322
1997-06-30 00:00:00,1.0204708959311322
1997-07-01 00:00:00,1.0204708959311322
1997-07-02 00:00:00,1.0204708959311322
1997-07-03 00:00:00,1.0204708959311322
1997-07-07 00:00:00,1.0204708959311322
1997-07-08 00:00:00,1.0204708959311322
1997-07-09 00:00:00,1.0204708959311322
1997-07-10 00:00:00,1.0204708959311322
1997-07-11 00:00:00,1.0204708959311322
1997-07-14 00:00:00,1.0204708959311322
1997-07-15 00:00:00,1.0204708959311322
1997-07-16 00:00:00,1.0204708959311322
1997-07-17 00:00:00,1.0204708959311322
1997-07-18 00:00:00,1.0204708959311322
1997-07-21 00:00:00,1.0204708959311322
1997-07-22 00:00:00,1.0204708959311322
1997-07-23 00:00:00,1.0204708959311322
1997-07-24 00:00:00,1.0204708959311322
1997-07-25 00:00:00,1.0204708959311322
1997-07-28 00:00:00,1.0204708959311322
1997-07-29 00:00:00,1.0204708959311322
1997-07-30 00:00:00,1.0204708959311322
1997-07-31 00:00:00,1.0204708959311322
1997-08-01 00:00:00,1.0204708959311322
1997-08-04 00:00:00,1.0204708959311322
1997-08-05 00:00:00,1.0204708959311322
1997-08-06 00:00:00,1.0204708959311322
1997-08-07 00:00:00,1.0204708959311322
1997-08-08 00:00:00,1.0204708959311322
1997-08-11 00:00:00,1.0204708959311322
1997-08-12 00:00:00,1.0204708959311322
1997-08-13 00:00:00,1.0204708959311322
1997-08-14 00:00:00,1.0204708959311322
1997-08-15 00:00:00,1.0204708959311322
1997-08-18 00:00:00,1.0204708959311322
1997-08-19 00:00:00,1.0204708959311322
1997-08-20 00:00:00,1.0204708959311322
1997-08-21 00:00:00,1.0204708959311322
1997-08-22 00:00:00,1.0204708959311322
1997-08-25 00:00:00,1.0204708959311322
1997-08-26 00:00:00,1.0204708959311322
1997-08-27 00:00:00,1.0204708959311322
1997-08-28 00:00:00,1.0204708959311322
1997-08-29 00:00:00,1.0204708959311322
1997-09-02 00:00:00,1.0204708959311322
1997-09-03 00:00:00,1.0204708959311322
1997-09-04 00:00:00,1.0204708959311322
1997-09-05 00:00:00,1.0204708959311322
1997-09-08 00:00:00,1.0204708959311322
1997-09-09 00:00:00,1.0204708959311322
1997-09-10 00:00:00,1.0204708959311322
1997-09-11 00:00:00,1.0204708959311322
1997-09-12 00:00:00,1.0204708959311322
1997-09-15 00:00:00,1.0204708959311322
1997-09-16 00:00:00,1.0204708959311322
1997-09-17 00:00:00,1.0204708959311322
1997-09-18 00:00:00,1.0204708959311322
1997-09-19 00:00:00,1.0204708959311322
1997-09-22 00:00:00,1.0204708959311322
1997-09-23 00:00:00,1.0204708959311322
1997-09-24 00:00:00,1.0204708959311322
1997-09-25 00:00:00,1.0204708959311322
1997-09-26 00:00:00,1.0204708959311322
1997-09-29 00:00:00,1.0204708959311322
1997-09-30 00:00:00,1.0204708959311322
1997-10-01 00:00:00,1.0204708959311322
1997-10-02 00:00:00,1.0204708959311322
1997-10-03 00:00:00,1.0204708959311322
1997-10-06 00:00:00,1.0204708959311322
1997-10-07 00:00:00,1.0204708959311322
1997-10-08 00:00:00,1.0204708959311322
1997-10-09 00:00:00,1.0204708959311322
1997-10-10 00:00:00,1.0204708959311322
1997-10-13 00:00:00,1.0204708959311322
1997-10-14 00:00:00,1.0204708959311322
1997-10-15 00:00:00,1.0204708959311322
1997-10-16 00:00:00,1.0204708959311322
1997-10-17 00:00:00,1.0204708959311322
1997-10-20 00:00:00,1.0204708959311322
1997-10-21 00:00:00,1.0204708959311322
1997-10-22 00:00:00,1.0204708959311322
1997-10-23 00:00:00,1.0204708959311322
1997-10-24 00:00:00,1.0204708959311322
1997-10-27 00:00:00,1.0204708959311322
1997-10-28 00:00:00,1.0204708959311322
1997-10-29 00:00:00,1.0204708959311322
1997-10-30 00:00:00,1.0204708959311322
1997-10-31 00:00:00,1.0204708959311322
1997-11-03 00:00:00,1.0204708959311322
1997-11-04 00:00:00,1.0204708959311322
1997-11-05 00:00:00,1.0204708959311322
1997-11-06 00:00:00,1.0204708959311322
1997-11-07 00:00:00,1.0204708959311322
1997-11-10 00:00:00,1.0204708959311322
1997-11-11 00:00:00,1.0204708959311322
1997-11-12 00:00:00,1.0204708959311322
1997-11-13 00:00:00,1.0204708959311322
1997-11-14 00:00:00,1.0204708959311322
1997-11-17 00:00:00,1.0204708959311322
1997-11-18 00:00:00,1.0204708959311322
1997-11-19 00:00:00,1.0204708959311322
1997-11-20 00:00:00,1.0204708959311322
1997-11-21 00:00:00,1.0204708959311322
1997-11-24 00:00:00,1.0204708959311322
1997-11-25 00:00:00,1.0204708959311322
1997-11-26 00:00:00,1.0204708959311322
1997-11-28 00:00:00,1.0204708959311322
1997-12-01 00:00:00,1.0204708959311322
1997-12-02 00:00:00,1.0204708959311322
1997-12-03 00:00:00,1.0204708959311322
1997-12-04 00:00:00,1.0204708959311322
1997-12-05 00:00:00,1.0204708959311322
1997-12-08 00:00:00,1.0204708959311322
1997-12-09 00:00:00,1.0204708959311322
1997-12-10 00:00:00,1.0204708959311322
1997-12-11 00:00:00,1.0204708959311322
1997-12-12 00:00:00,1.0204708959311322
1997-12-15 00:00:00,1.0204708959311322
1997-12-16 00:00:00,1.0204708959311322
1997-12-17 00:00:00,1.0204708959311322
1997-12-18 00:00:00,1.0204708959311322
1997-12-19 00:00:00,1.0204708959311322
1997-12-22 00:00:00,1.0204708959311322
1997-12-23 00:00:00,1.0204708959311322
1997-12-24 00:00:00,1.0204708959311322
1997-12-26 00:00:00,1.0204708959311322
1997-12-29 00:00:00,1.0204708959311322
1997-12-30 00:00:00,1.0204708959311322
1997-12-31 00:00:00,1.0204708959311322
1998-01-02 00:00:00,1.0204708959311322
1998-01-05 00:00:00,1.0204708959311322
1998-01-06 00:00:00,1.0204708959311322
1998-01-07 00:00:00,1.0204708959311322
1998-01-08 00:00:00,1.0204708959311322
1998-01-09 00:00:00,1.0204708959311322
1998-01-12 00:00:00,1.0204708959311322
1998-01-13 00:00:00,1.0204708959311322
1998-01-14 00:00:00,1.0204708959311322
1998-01-15 00:00:00,1.0204708959311322
1998-01-16 00:00:00,1.0204708959311322
1998-01-20 00:00:00,1.0204708959311322
1998-01-21 00:00:00,1.0204708959311322
1998-01-22 00:00:00,1.0204708959311322
1998-01-23 00:00:00,1.0204708959311322
1998-01-26 00:00:00,1.0204708959311322
1998-01-27 00:00:00,1.0204708959311322
1998-01-28 00:00:00,1.0204708959311322
1998-01-29 00:00:00,1.0204708959311322
1998-01-30 00:00:00,1.0204708959311322
1998-02-02 00:00:00,1.0204708959311322
1998-02-03 00:00:00,1.0204708959311322
1998-02-04 00:00:00,1.0204708959311322
1998-02-05 00:00:00,1.0204708959311322
1998-02-06 00:00:00,1.0204708959311322
1998-02-09 00:00:00,1.0204708959311322
1998-02-10 00:00:00,1.0204708959311322
1998-02-11 00:00:00,1.0204708959311322
1998-02-12 00:00:00,1.0204708959311322
1998-02-13 00:00:00,1.0204708959311322
1998-02-17 00:00:00,1.0204708959311322
1998-02-18 00:00:00,1.0204708959311322
1998-02-19 00:00:00,1.0204708959311322
1998-02-20 00:00:00,1.0204708959311322
1998-02-23 00:00:00,1.0204708959311322
1998-02-24 00:00:00,1.0204708959311322
1998-02-25 00:00:00,1.0204708959311322
1998-02-26 00:00:00,1.0204708959311322
1998-02-27 00:00:00,1.0204708959311322
1998-03-02 00:00:00,1.0204708959311322
1998-03-03 00:00:00,1.0204708959311322
1998-03-04 00:00:00,1.0204708959311322
1998-03-05 00:00:00,1.0204708959311322
1998-03-06 00:00:00,1.0204708959311322
1998-03-09 00:00:00,1.0204708959311322
1998-03-10 00:00:00,1.0204708959311322
1998-03-11 00:00:00,1.0204708959311322
1998-03-12 00:00:00,1.0204708959311322
1998-03-13 00:00:00,1.0204708959311322
1998-03-16 00:00:00,1.0204708959311322
1998-03-17 00:00:00,1.0204708959311322
1998-03-18 00:00:00,1.0204708959311322
1998-03-19 00:00:00,1.0204708959311322
1998-03-20 00:00:00,1.0204708959311322
1998-03-23 00:00:00,1.0204708959311322
1998-03-24 00:00:00,1.0204708959311322
1998-03-25 00:00:00,1.0204708959311322
1998-03-26 00:00:00,1.0204708959311322
1998-03-27 00:00:00,1.0204708959311322
1998-03-30 00:00:00,1.0204708959311322
1998-03-31 00:00:00,1.0204708959311322
1998-04-01 00:00:00,1.0204708959311322
1998-04-02 00:00:00,1.0204708959311322
1998-04-03 00:00:00,1.0204708959311322
1998-04-06 00:00:00,1.0204708959311322
1998-04-07 00:00:00,1.0204708959311322
1998-04-08 00:00:00,1.0204708959311322
1998-04-09 00:00:00,1.0204708959311322
1998-04-13 00:00:00,1.0204708959311322
1998-04-14 00:00:00,1.0204708959311322
1998-04-15 00:00:00,1.0204708959311322
1998-04-16 00:00:00,1.0204708959311322
1998-04-17 00:00:00,1.0204708959311322
1998-04-20 00:00:00,1.0204708959311322
1998-04-21 00:00:00,1.0204708959311322
1998-04-22 00:00:00,1.0204708959311322
1998-04-23 00:00:00,1.0204708959311322
1998-04-24 00:00:00,1.0204708959311322
1998-04-27 00:00:00,1.0204708959311322
1998-04-28 00:00:00,1.0204708959311322
1998-04-29 00:00:00,1.0204708959311322
1998-04-30 00:00:00,1.0204708959311322
1998-05-01 00:00:00,1.0204708959311322
1998-05-04 00:00:00,1.0204708959311322
1998-05-05 00:00:00,1.0204708959311322
1998-05-06 00:00:00,1.0204708959311322
1998-05-07 00:00:00,1.0204708959311322
1998-05-08 00:00:00,1.0204708959311322
1998-05-11 00:00:00,1.0204708959311322
1998-05-12 00:00:00,1.0204708959311322
1998-05-13 00:00:00,1.0204708959311322
1998-05-14 00:00:00,1.0204708959311322
1998-05-15 00:00:00,1.0204708959311322
1998-05-18 00:00:00,1.0204708959311322
1998-05-19 00:00:00,1.0204708959311322
1998-05-20 00:00:00,1.0204708959311322
1998-05-21 00:00:00,1.0204708959311322
1998-05-22 00:00:00,1.0204708959311322
1998-05-26 00:00:00,1.0204708959311322
1998-05-27 00:00:00,1.0204708959311322
1998-05-28 00:00:00,1.0204708959311322
1998-05-29 00:00:00,1.0204708959311322
1998-06-01 00:00:00,1.0204708959311322
1998-06-02 00:00:00,1.0204708959311322
1998-06-03 00:00:00,1.0204708959311322
1998-06-04 00:00:00,1.0204708959311322
1998-06-05 00:00:00,1.0204708959311322
1998-06-08 00:00:00,1.0204708959311322
1998-06-09 00:00:00,1.0204708959311322
1998-06-10 00:00:00,1.0204708959311322
1998-06-11 00:00:00,1.0204708959311322
1998-06-12 00:00:00,1.0204708959311322
1998-06-15 00:00:00,1.0204708959311322
1998-06-16 00:00:00,1.0204708959311322
1998-06-17 00:00:00,1.0204708959311322
1998-06-18 00:00:00,1.0204708959311322
1998-06-19 00:00:00,1.0204708959311322
1998-06-22 00:00:00,1.0204708959311322
1998-06-23 00:00:00,1.0204708959311322
1998-06-24 00:00:00,1.0204708959311322
1998-06-25 00:00:00,1.0204708959311322
1998-06-26 00:00:00,1.0204708959311322
1998-06-29 00:00:00,1.0204708959311322
1998-06-30 00:00:00,1.0204708959311322
1998-07-01 00:00:00,1.0204708959311322
1998-07-02 00:00:00,1.0204708959311322
1998-07-06 00:00:00,1.0204708959311322
1998-07-07 00:00:00,1.0204708959311322
1998-07-08 00:00:00,1.0204708959311322
1998-07-09 00:00:00,1.0204708959311322
1998-07-10 00:00:00,1.0204708959311322
1998-07-13 00:00:00,1.0204708959311322
1998-07-14 00:00:00,1.0204708959311322
1998-07-15 00:00:00,1.0204708959311322
1998-07-16 00:00:00,1.0204708959311322
1998-07-17 00:00:00,1.0204708959311322
1998-07-20 00:00:00,1.0204708959311322
1998-07-21 00:00:00,1.0204708959311322
1998-07-22 00:00:00,1.0204708959311322
1998-07-23 00:00:00,1.0204708959311322
1998-07-24 00:00:00,1.0204708959311322
1998-07-27 00:00:00,1.0204708959311322
1998-07-28 00:00:00,1.0204708959311322
1998-07-29 00:00:00,1.0204708959311322
1998-07-30 00:00:00,1.0204708959311322
1998-07-31 00:00:00,1.0204708959311322
1998-08-03 00:00:00,1.0204708959311322
1998-08-04 00:00:00,1.0204708959311322
1998-08-05 00:00:00,1.0204708959311322
1998-08-06 00:00:00,1.0204708959311322
1998-08-07 00:00:00,1.0204708959311322
1998-08-10 00:00:00,1.0204708959311322
1998-08-11 00:00:00,1.0204708959311322
1998-08-12 00:00:00,1.0204708959311322
1998-08-13 00:00:00,1.0204708959311322
1998-08-14 00:00:00,1.0204708959311322
1998-08-17 00:00:00,1.0204708959311322
1998-08-18 00:00:00,1.0204708959311322
1998-08-19 00:00:00,1.0204708959311322
1998-08-20 00:00:00,1.0204708959311322
1998-08-21 00:00:00,1.0204708959311322
1998-08-24 00:00:00,1.0204708959311322
1998-08-25 00:00:00,1.0204708959311322
1998-08-26 00:00:00,1.0204708959311322
1998-08-27 00:00:00,1.0204708959311322
1998-08-28 00:00:00,1.0204708959311322
1998-08-31 00:00:00,1.0204708959311322
1998-09-01 00:00:00,1.0204708959311322
1998-09-02 00:00:00,1.0204708959311322
1998-09-03 00:00:00,1.0204708959311322
1998-09-04 00:00:00,1.0204708959311322
1998-09-08 00:00:00,1.0204708959311322
1998-09-09 00:00:00,1.0204708959311322
1998-09-10 00:00:00,1.0204708959311322
1998-09-11 00:00:00,1.0204708959311322
1998-09-14 00:00:00,1.0204708959311322
1998-09-15 00:00:00,1.0204708959311322
1998-09-16 00:00:00,1.0204708959311322
1998-09-17 00:00:00,1.0204708959311322
1998-09-18 00:00:00,1.0204708959311322
1998-09-21 00:00:00,1.0204708959311322
1998-09-22 00:00:00,1.0204708959311322
1998-09-23 00:00:00,1.0204708959311322
1998-09-24 00:00:00,1.0204708959311322
1998-09-25 00:00:00,1.0204708959311322
1998-09-28 00:00:00,1.0204708959311322
1998-09-29 00:00:00,1.0204708959311322
1998-09-30 00:00:00,1.0204708959311322
1998-10-01 00:00:00,1.0204708959311322
1998-10-02 00:00:00,1.0204708959311322
1998-10-05 00:00:00,1.0204708959311322
1998-10-06 00:00:00,1.0204708959311322
1998-10-07 00:00:00,1.0204708959311322
1998-10-08 00:00:00,1.0204708959311322
1998-10-09 00:00:00,1.0204708959311322
1998-10-12 00:00:00,1.0204708959311322
1998-10-13 00:00:00,1.0204708959311322
1998-10-14 00:00:00,1.0204708959311322
1998-10-15 00:00:00,1.0204708959311322
1998-10-16 00:00:00,1.0204708959311322
1998-10-19 00:00:00,1.0204708959311322
1998-10-20 00:00:00,1.0204708959311322
1998-10-21 00:00:00,1.0204708959311322
1998-10-22 00:00:00,1.0204708959311322
1998-10-23 00:00:00,1.0204708959311322
1998-10-26 00:00:00,1.0204708959311322
1998-10-27 00:00:00,1.0204708959311322
1998-10-28 00:00:00,1.0204708959311322
1998-10-29 00:00:00,1.0204708959311322
1998-10-30 00:00:00,1.0204708959311322
1998-11-02 00:00:00,1.0204708959311322
1998-11-03 00:00:00,1.0204708959311322
1998-11-04 00:00:00,1.0204708959311322
1998-11-05 00:00:00,1.0204708959311322
1998-11-06 00:00:00,1.0204708959311322
1998-11-09 00:00:00,1.0204708959311322
1998-11-10 00:00:00,1.0204708959311322
1998-11-11 00:00:00,1.0110235086555195
1998-11-12 00:00:00,1.0126855490095625
1998-11-13 00:00:00,1.0129479764338851
1998-11-16 00:00:00,1.0135603070906378
1998-11-17 00:00:00,1.0150473958284656
1998-11-18 00:00:00,1.0247572105284006
1998-11-19 00:00:00,1.0269441057310889
1998-11-20 00:00:00,1.02230788790139
1998-11-23 00:00:00,1.0335047913391533
1998-11-24 00:00:00,1.028956049317562
1998-11-25 00:00:00,1.0323676058337554
1998-11-27 00:00:00,1.034816928460766
1998-11-30 00:00:00,1.0135603070906378
1998-12-01 00:00:00,1.0218705088608524
1998-12-02 00:00:00,1.0233575975986804
1998-12-03 00:00:00,1.0195086620419493
1998-12-04 00:00:00,1.0314053719445726
1998-12-07 00:00:00,1.0379660575526368
1998-12-08 00:00:00,1.0359541139661639
1998-12-09 00:00:00,1.0345545010364434
1998-12-10 00:00:00,1.0233575975986804
1998-12-11 00:00:00,1.0203834201230246
1998-12-14 00:00:00,1.0073495247150037
1998-12-15 00:00:00,1.010436825905704
1998-12-16 00:00:00,1.010436825905704
1998-12-17 00:00:00,1.010436825905704
1998-12-18 00:00:00,1.010436825905704
1998-12-21 00:00:00,1.010436825905704
1998-12-22 00:00:00,1.010436825905704
1998-12-23 00:00:00,1.010436825905704
1998-12-24 00:00:00,1.010436825905704
1998-12-28 00:00:00,1.010436825905704
1998-12-29 00:00:00,1.010436825905704
1998-12-30 00:00:00,1.010436825905704
1998-12-31 00:00:00,1.010436825905704
1999-01-04 00:00:00,1.010436825905704
1999-01-05 00:00:00,1.010436825905704
1999-01-06 00:00:00,1.010436825905704
1999-01-07 00:00:00,1.010436825905704
1999-01-08 00:00:00,1.010436825905704
1999-01-11 00:00:00,1.010436825905704
1999-01-12 00:00:00,1.010436825905704
1999-01-13 00:00:00,1.010436825905704
1999-01-14 00:00:00,1.010436825905704
1999-01-15 00:00:00,1.010436825905704
1999-01-19 00:00:00,1.010436825905704
1999-01-20 00:00:00,1.010436825905704
1999-01-21 00:00:00,1.010436825905704
1999-01-22 00:00:00,1.010436825905704
1999-01-25 00:00:00,1.010436825905704
1999-01-26 00:00:00,1.010436825905704
1999-01-27 00:00:00,1.010436825905704
1999-01-28 00:00:00,1.010436825905704
1999-01-29 00:00:00,1.010436825905704
1999-02-01 00:00:00,1.010436825905704
1999-02-02 00:00:00,1.010436825905704
1999-02-03 00:00:00,1.010436825905704
1999-02-04 00:00:00,1.010436825905704
1999-02-05 00:00:00,1.010436825905704
1999-02-08 00:00:00,1.010436825905704
1999-02-09 00:00:00,1.010436825905704
1999-02-10 00:00:00,1.010436825905704
1999-02-11 00:00:00,1.010436825905704
1999-02-12 00:00:00,1.010436825905704
1999-02-16 00:00:00,1.010436825905704
1999-02-17 00:00:00,1.010436825905704
1999-02-18 00:00:00,1.010436825905704
1999-02-19 00:00:00,1.010436825905704
1999-02-22 00:00:00,1.010436825905704
1999-02-23 00:00:00,1.010436825905704
1999-02-24 00:00:00,1.010436825905704
1999-02-25 00:00:00,1.010436825905704
1999-02-26 00:00:00,1.010436825905704
1999-03-01 00:00:00,1.010436825905704
1999-03-02 00:00:00,1.010436825905704
1999-03-03 00:00:00,1.010436825905704
1999-03-04 00:00:00,1.010436825905704
1999-03-05 00:00:00,1.010436825905704
1999-03-08 00:00:00,1.010436825905704
1999-03-09 00:00:00,1.010436825905704
1999-03-10 00:00:00,1.010436825905704
1999-03-11 00:00:00,1.010436825905704
1999-03-12 00:00:00,1.010436825905704
1999-03-15 00:00:00,1.010436825905704
1999-03-16 00:00:00,1.010436825905704
1999-03-17 00:00:00,1.010436825905704
1999-03-18 00:00:00,1.010436825905704
1999-03-19 00:00:00,1.010436825905704
1999-03-22 00:00:00,1.010436825905704
1999-03-23 00:00:00,1.010436825905704
1999-03-24 00:00:00,1.010436825905704
1999-03-25 00:00:00,1.010436825905704
1999-03-26 00:00:00,1.010436825905704
1999-03-29 00:00:00,1.010436825905704
1999-03-30 00:00:00,1.010436825905704
1999-03-31 00:00:00,1.010436825905704
1999-04-01 00:00:00,1.010436825905704
1999-04-05 00:00:00,1.010436825905704
1999-04-06 00:00:00,1.010436825905704
1999-04-07 00:00:00,1.010436825905704
1999-04-08 00:00:00,1.010436825905704
1999-04-09 00:00:00,1.010436825905704
1999-04-12 00:00:00,1.010436825905704
1999-04-13 00:00:00,1.010436825905704
1999-04-14 00:00:00,1.010436825905704
1999-04-15 00:00:00,1.010436825905704
1999-04-16 00:00:00,1.010436825905704
1999-04-19 00:00:00,1.010436825905704
1999-04-20 00:00:00,1.010436825905704
1999-04-21 00:00:00,1.010436825905704
1999-04-22 00:00:00,1.010436825905704
1999-04-23 00:00:00,1.010436825905704
1999-04-26 00:00:00,1.010436825905704
1999-04-27 00:00:00,1.010436825905704
1999-04-28 00:00:00,1.010436825905704
1999-04-29 00:00:00,1.010436825905704
1999-04-30 00:00:00,1.010436825905704
1999-05-03 00:00:00,1.010436825905704
1999-05-04 00:00:00,1.010436825905704
1999-05-05 00:00:00,1.010436825905704
1999-05-06 00:00:00,1.010436825905704
1999-05-07 00:00:00,1.010436825905704
1999-05-10 00:00:00,1.010436825905704
1999-05-11 00:00:00,1.010436825905704
1999-05-12 00:00:00,1.010436825905704
1999-05-13 00:00:00,1.010436825905704
1999-05-14 00:00:00,1.010436825905704
1999-05-17 00:00:00,1.010436825905704
1999-05-18 00:00:00,1.010436825905704
1999-05-19 00:00:00,1.010436825905704
1999-05-20 00:00:00,1.010436825905704
1999-05-21 00:00:00,1.010436825905704
1999-05-24 00:00:00,1.010436825905704
1999-05-25 00:00:00,1.010436825905704
1999-05-26 00:00:00,1.010436825905704
1999-05-27 00:00:00,1.010436825905704
1999-05-28 00:00:00,1.010436825905704
1999-06-01 00:00:00,1.010436825905704
1999-06-02 00:00:00,1.010436825905704
1999-06-03 00:00:00,1.010436825905704
1999-06-04 00:00:00,1.010436825905704
1999-06-07 00:00:00,1.010436825905704
1999-06-08 00:00:00,1.010436825905704
1999-06-09 00:00:00,1.010436825905704
1999-06-10 00:00:00,1.010436825905704
1999-06-11 00:00:00,1.010436825905704
1999-06-14 00:00:00,1.010436825905704
1999-06-15 00:00:00,1.010436825905704
1999-06-16 00:00:00,1.010436825905704
1999-06-17 00:00:00,1.010436825905704
1999-06-18 00:00:00,1.010436825905704
1999-06-21 00:00:00,1.010436825905704
1999-06-22 00:00:00,1.010436825905704
1999-06-23 00:00:00,1.010436825905704
1999-06-24 00:00:00,1.010436825905704
1999-06-25 00:00:00,1.010436825905704
1999-06-28 00:00:00,1.010436825905704
1999-06-29 00:00:00,1.010436825905704
1999-06-30 00:00:00,1.010436825905704
1999-07-01 00:00:00,1.010436825905704
1999-07-02 00:00:00,1.010436825905704
1999-07-06 00:00:00,1.010436825905704
1999-07-07 00:00:00,1.010436825905704
1999-07-08 00:00:00,1.010436825905704
1999-07-09 00:00:00,1.010436825905704
1999-07-12 00:00:00,1.010436825905704
1999-07-13 00:00:00,1.010436825905704
1999-07-14 00:00:00,1.010436825905704
1999-07-15 00:00:00,1.010436825905704
1999-07-16 00:00:00,1.010436825905704
1999-07-19 00:00:00,1.010436825905704
1999-07-20 00:00:00,1.010436825905704
1999-07-21 00:00:00,1.010436825905704
1999-07-22 00:00:00,1.010436825905704
1999-07-23 00:00:00,1.010436825905704
1999-07-26 00:00:00,1.010436825905704
1999-07-27 00:00:00,1.010436825905704
1999-07-28 00:00:00,1.010436825905704
1999-07-29 00:00:00,1.010436825905704
1999-07-30 00:00:00,1.010436825905704
1999-08-02 00:00:00,1.010436825905704
1999-08-03 00:00:00,1.010436825905704
1999-08-04 00:00:00,1.010436825905704
1999-08-05 00:00:00,1.010436825905704
1999-08-06 00:00:00,1.010436825905704
1999-08-09 00:00:00,1.010436825905704
1999-08-10 00:00:00,1.010436825905704
1999-08-11 00:00:00,1.010436825905704
1999-08-12 00:00:00,1.010436825905704
1999-08-13 00:00:00,1.010436825905704
1999-08-16 00:00:00,1.010436825905704
1999-08-17 00:00:00,1.010436825905704
1999-08-18 00:00:00,1.010436825905704
1999-08-19 00:00:00,1.010436825905704
1999-08-20 00:00:00,1.010436825905704
1999-08-23 00:00:00,1.010436825905704
1999-08-24 00:00:00,1.010436825905704
1999-08-25 00:00:00,1.010436825905704
1999-08-26 00:00:00,1.010436825905704
1999-08-27 00:00:00,1.010436825905704
1999-08-30 00:00:00,1.010436825905704
1999-08-31 00:00:00,1.010436825905704
1999-09-01 00:00:00,1.010436825905704
1999-09-02 00:00:00,1.010436825905704
1999-09-03 00:00:00,1.010436825905704
1999-09-07 00:00:00,1.010436825905704
1999-09-08 00:00:00,1.010436825905704
1999-09-09 00:00:00,1.010436825905704
1999-09-10 00:00:00,1.010436825905704
1999-09-13 00:00:00,1.010436825905704
1999-09-14 00:00:00,1.010436825905704
1999-09-15 00:00:00,1.010436825905704
1999-09-16 00:00:00,1.010436825905704
1999-09-17 00:00:00,1.010436825905704
1999-09-20 00:00:00,1.010436825905704
1999-09-21 00:00:00,1.010436825905704
1999-09-22 00:00:00,1.010436825905704
1999-09-23 00:00:00,1.010436825905704
1999-09-24 00:00:00,1.010436825905704
1999-09-27 00:00:00,1.010436825905704
1999-09-28 00:00:00,1.010436825905704
1999-09-29 00:00:00,1.010436825905704
1999-09-30 00:00:00,1.010436825905704
1999-10-01 00:00:00,1.010436825905704
1999-10-04 00:00:00,1.010436825905704
1999-10-05 00:00:00,1.010436825905704
1999-10-06 00:00:00,1.010436825905704
1999-10-07 00:00:00,1.010436825905704
1999-10-08 00:00:00,1.010436825905704
1999-10-11 00:00:00,1.010436825905704
1999-10-12 00:00:00,1.010436825905704
1999-10-13 00:00:00,1.010436825905704
1999-10-14 00:00:00,1.010436825905704
1999-10-15 00:00:00,1.010436825905704
1999-10-18 00:00:00,1.010436825905704
1999-10-19 00:00:00,1.010436825905704
1999-10-20 00:00:00,1.010436825905704
1999-10-21 00:00:00,1.010436825905704
1999-10-22 00:00:00,1.010436825905704
1999-10-25 00:00:00,1.010436825905704
1999-10-26 00:00:00,1.010436825905704
1999-10-27 00:00:00,1.010436825905704
1999-10-28 00:00:00,1.010436825905704
1999-10-29 00:00:00,1.010436825905704
1999-11-01 00:00:00,1.010436825905704
1999-11-02 00:00:00,1.010436825905704
1999-11-03 00:00:00,1.0126822410743834
1999-11-04 00:00:00,1.0203430692969362
1999-11-05 00:00:00,1.0339476435542287
1999-11-08 00:00:00,1.0350043095159605
1999-11-09 00:00:00,1.0310418121594673
1999-11-10 00:00:00,1.0356647257420424
1999-11-11 00:00:00,1.0356647257420424
1999-11-12 00:00:00,1.047155968075872
1999-11-15 00:00:00,1.0533638806010444
1999-11-16 00:00:00,1.0721197014217776
1999-11-17 00:00:00,1.0698742862530983
1999-11-18 00:00:00,1.0775351144756513
1999-11-19 00:00:00,1.0756859490426214
1999-11-22 00:00:00,1.0686855370461503
1999-11-23 00:00:00,1.0453068026428418
1999-11-24 00:00:00,1.0562697119958058
1999-11-26 00:00:00,1.056930128221888
1999-11-29 00:00:00,1.0430613874741625
1999-11-30 00:00:00,1.0474201345663048
1999-12-01 00:00:00,1.0533638806010444
1999-12-02 00:00:00,1.067364704593986
1999-12-03 00:00:00,1.0789880301730321
1999-12-06 00:00:00,1.0706667857243968
1999-12-07 00:00:00,1.0649872061800902
1999-12-08 00:00:00,1.0488730502636856
1999-12-09 00:00:00,1.0430613874741625
1999-12-10 00:00:00,1.0475522178115213
1999-12-13 00:00:00,1.0467597183402229
1999-12-14 00:00:00,1.0261547320864592
1999-12-15 00:00:00,1.032758894347281
1999-12-16 00:00:00,1.0442501366811106
1999-12-17 00:00:00,1.040815972305483
1999-12-20 00:00:00,1.014135156771764
1999-12-21 00:00:00,1.0339476435542287
1999-12-22 00:00:00,1.0479484675471706
1999-12-23 00:00:00,1.062477624520978
1999-12-27 00:00:00,1.0537601303366935
1999-12-28 00:00:00,1.0583830439192687
1999-12-29 00:00:00,1.0710630354600463
1999-12-30 00:00:00,1.0698742862530983
1999-12-31 00:00:00,1.0715913684409117
2000-01-03 00:00:00,1.057854710938403
2000-01-04 00:00:00,1.02206015148475
2000-01-05 00:00:00,1.0368534749489902
2000-01-06 00:00:00,1.0228526509560485
2000-01-07 00:00:00,1.0698742862530983
2000-01-10 00:00:00,1.0914038552233767
2000-01-11 00:00:00,1.0616851250496795
2000-01-12 00:00:00,1.0484768005280363
2000-01-13 00:00:00,1.0739688668548077
2000-01-14 00:00:00,1.0904792725068617
2000-01-18 00:00:00,1.090875522242511
2000-01-19 00:00:00,1.0962909352963845
2000-01-20 00:00:00,1.0962909352963845
2000-01-21 00:00:00,1.0962909352963845
2000-01-24 00:00:00,1.0698742862530983
2000-01-25 00:00:00,1.0706667857243968
2000-01-26 00:00:00,1.068289287310501
2000-01-27 00:00:00,1.0738367836095912
2000-01-28 00:00:00,1.0393630566081025
2000-01-31 00:00:00,1.0475522178115213
2000-02-01 00:00:00,1.0583830439192687
2000-02-02 00:00:00,1.0698742862530983
2000-02-03 00:00:00,1.0855921924338536
2000-02-04 00:00:00,1.0760821987782705
2000-02-07 00:00:00,1.0855921924338536
2000-02-08 00:00:00,1.0962909352963845
2000-02-09 00:00:00,1.0764784485139198
2000-02-10 00:00:00,1.0914038552233767
2000-02-11 00:00:00,1.0772709479852185
2000-02-14 00:00:00,1.0797805296443306
2000-02-15 00:00:00,1.0814976118321442
2000-02-16 00:00:00,1.0801767793799801
2000-02-17 00:00:00,1.0962909352963845
2000-02-18 00:00:00,1.062477624520978
2000-02-22 00:00:00,1.0616851250496795
2000-02-23 00:00:00,1.08387511024604
2000-02-24 00:00:00,1.0962909352963845
2000-02-25 00:00:00,1.0830826107747415
2000-02-28 00:00:00,1.0904792725068617
2000-02-29 00:00:00,1.1293117466004927
2000-03-01 00:00:00,1.1400104894630236
2000-03-02 00:00:00,1.1318213282596048
2000-03-03 00:00:00,1.1635213071115484
2000-03-06 00:00:00,1.168540470429773
2000-03-07 00:00:00,1.1541433967011818
2000-03-08 00:00:00,1.1524263145133682
2000-03-09 00:00:00,1.1755408824262439
2000-03-10 00:00:00,1.180560045744468
2000-03-13 00:00:00,1.139217989991725
2000-03-14 00:00:00,1.1120088414771399
2000-03-15 00:00:00,1.1112163420058414
2000-03-16 00:00:00,1.1776542143497069
2000-03-17 00:00:00,1.188749206947887
2000-03-20 00:00:00,1.150841315570771
2000-03-21 00:00:00,1.1689367201654224
2000-03-22 00:00:00,1.197862950867821
2000-03-23 00:00:00,1.2052596125999409
2000-03-24 00:00:00,1.2126562743320612
2000-03-27 00:00:00,1.2081654439947023
2000-03-28 00:00:00,1.1821450446870654
2000-03-29 00:00:00,1.1656346390350114
2000-03-30 00:00:00,1.1640496400924143
2000-03-31 00:00:00,1.2052596125999409
2000-04-03 00:00:00,1.1607475589620035
2000-04-04 00:00:00,1.1549358961724805
2000-04-05 00:00:00,1.153615063720316
2000-04-06 00:00:00,1.1784467138210053
2000-04-07 00:00:00,1.188749206947887
2000-04-10 00:00:00,1.1475392344403603
2000-04-11 00:00:00,1.1503129825899052
2000-04-12 00:00:00,1.1293117466004927
2000-04-13 00:00:00,1.1194055032092602
2000-04-14 00:00:00,1.043457637209812
2000-04-17 00:00:00,1.025750557356097
2000-04-18 00:00:00,1.025750557356097
2000-04-19 00:00:00,1.025750557356097
2000-04-20 00:00:00,1.025750557356097
2000-04-24 00:00:00,1.025750557356097
2000-04-25 00:00:00,1.025750557356097
2000-04-26 00:00:00,1.025750557356097
2000-04-27 00:00:00,1.025750557356097
2000-04-28 00:00:00,1.025750557356097
2000-05-01 00:00:00,1.025750557356097
2000-05-02 00:00:00,1.025750557356097
2000-05-03 00:00:00,1.025750557356097
2000-05-04 00:00:00,1.025750557356097
2000-05-05 00:00:00,1.025750557356097
2000-05-08 00:00:00,1.025750557356097
2000-05-09 00:00:00,1.025750557356097
2000-05-10 00:00:00,1.025750557356097
2000-05-11 00:00:00,1.025750557356097
2000-05-12 00:00:00,1.025750557356097
2000-05-15 00:00:00,1.025750557356097
2000-05-16 00:00:00,1.025750557356097
2000-05-17 00:00:00,1.025750557356097
2000-05-18 00:00:00,1.025750557356097
2000-05-19 00:00:00,1.025750557356097
2000-05-22 00:00:00,1.025750557356097
2000-05-23 00:00:00,1.025750557356097
2000-05-24 00:00:00,1.025750557356097
2000-05-25 00:00:00,1.025750557356097
2000-05-26 00:00:00,1.025750557356097
2000-05-30 00:00:00,1.025750557356097
2000-05-31 00:00:00,1.025750557356097
2000-06-01 00:00:00,1.025750557356097
2000-06-02 00:00:00,1.025750557356097
2000-06-05 00:00:00,1.025750557356097
2000-06-06 00:00:00,1.025750557356097
2000-06-07 00:00:00,1.025750557356097
2000-06-08 00:00:00,1.025750557356097
2000-06-09 00:00:00,1.025750557356097
2000-06-12 00:00:00,1.025750557356097
2000-06-13 00:00:00,1.025750557356097
2000-06-14 00:00:00,1.025750557356097
2000-06-15 00:00:00,1.025750557356097
2000-06-16 00:00:00,1.025750557356097
2000-06-19 00:00:00,1.025750557356097
2000-06-20 00:00:00,1.025750557356097
2000-06-21 00:00:00,1.025750557356097
2000-06-22 00:00:00,1.025750557356097
2000-06-23 00:00:00,1.025750557356097
2000-06-26 00:00:00,1.025750557356097
2000-06-27 00:00:00,1.025750557356097
2000-06-28 00:00:00,1.025750557356097
2000-06-29 00:00:00,1.025750557356097
2000-06-30 00:00:00,1.025750557356097
2000-07-03 00:00:00,1.025750557356097
2000-07-05 00:00:00,1.025750557356097
2000-07-06 00:00:00,1.025750557356097
2000-07-07 00:00:00,1.025750557356097
2000-07-10 00:00:00,1.025750557356097
2000-07-11 00:00:00,1.025750557356097
2000-07-12 00:00:00,1.025750557356097
2000-07-13 00:00:00,1.025750557356097
2000-07-14 00:00:00,1.025750557356097
2000-07-17 00:00:00,1.025750557356097
2000-07-18 00:00:00,1.025750557356097
2000-07-19 00:00:00,1.025750557356097
2000-07-20 00:00:00,1.025750557356097
2000-07-21 00:00:00,1.025750557356097
2000-07-24 00:00:00,1.025750557356097
2000-07-25 00:00:00,1.025750557356097
2000-07-26 00:00:00,1.025750557356097
2000-07-27 00:00:00,1.025750557356097
2000-07-28 00:00:00,1.025750557356097
2000-07-31 00:00:00,1.025750557356097
2000-08-01 00:00:00,1.025750557356097
2000-08-02 00:00:00,1.025750557356097
2000-08-03 00:00:00,1.025750557356097
2000-08-04 00:00:00,1.025750557356097
2000-08-07 00:00:00,1.025750557356097
2000-08-08 00:00:00,1.025750557356097
2000-08-09 00:00:00,1.025750557356097
2000-08-10 00:00:00,1.025750557356097
2000-08-11 00:00:00,1.025750557356097
2000-08-14 00:00:00,1.025750557356097
2000-08-15 00:00:00,1.025750557356097
2000-08-16 00:00:00,1.025750557356097
2000-08-17 00:00:00,1.025750557356097
2000-08-18 00:00:00,1.025750557356097
2000-08-21 00:00:00,1.025750557356097
2000-08-22 00:00:00,1.025750557356097
2000-08-23 00:00:00,1.025750557356097
2000-08-24 00:00:00,1.025750557356097
2000-08-25 00:00:00,1.025750557356097
2000-08-28 00:00:00,1.025750557356097
2000-08-29 00:00:00,1.025750557356097
2000-08-30 00:00:00,1.025750557356097
2000-08-31 00:00:00,1.025750557356097
2000-09-01 00:00:00,1.025750557356097
2000-09-05 00:00:00,1.025750557356097
2000-09-06 00:00:00,1.025750557356097
2000-09-07 00:00:00,1.025750557356097
2000-09-08 00:00:00,1.025750557356097
2000-09-11 00:00:00,1.025750557356097
2000-09-12 00:00:00,1.025750557356097
2000-09-13 00:00:00,1.025750557356097
2000-09-14 00:00:00,1.025750557356097
2000-09-15 00:00:00,1.025750557356097
2000-09-18 00:00:00,1.025750557356097
2000-09-19 00:00:00,1.025750557356097
2000-09-20 00:00:00,1.025750557356097
2000-09-21 00:00:00,1.025750557356097
2000-09-22 00:00:00,1.025750557356097
2000-09-25 00:00:00,1.025750557356097
2000-09-26 00:00:00,1.025750557356097
2000-09-27 00:00:00,1.025750557356097
2000-09-28 00:00:00,1.025750557356097
2000-09-29 00:00:00,1.025750557356097
2000-10-02 00:00:00,1.025750557356097
2000-10-03 00:00:00,1.025750557356097
2000-10-04 00:00:00,1.025750557356097
2000-10-05 00:00:00,1.025750557356097
2000-10-06 00:00:00,1.025750557356097
2000-10-09 00:00:00,1.025750557356097
2000-10-10 00:00:00,1.025750557356097
2000-10-11 00:00:00,1.025750557356097
2000-10-12 00:00:00,1.025750557356097
2000-10-13 00:00:00,1.025750557356097
2000-10-16 00:00:00,1.025750557356097
2000-10-17 00:00:00,1.025750557356097
2000-10-18 00:00:00,1.025750557356097
2000-10-19 00:00:00,1.025750557356097
2000-10-20 00:00:00,1.025750557356097
2000-10-23 00:00:00,1.025750557356097
2000-10-24 00:00:00,1.025750557356097
2000-10-25 00:00:00,1.025750557356097
2000-10-26 00:00:00,1.025750557356097
2000-10-27 00:00:00,1.025750557356097
2000-10-30 00:00:00,1.025750557356097
2000-10-31 00:00:00,1.025750557356097
2000-11-01 00:00:00,1.025750557356097
2000-11-02 00:00:00,1.025750557356097
2000-11-03 00:00:00,1.025750557356097
2000-11-06 00:00:00,1.025750557356097
2000-11-07 00:00:00,1.025750557356097
2000-11-08 00:00:00,1.025750557356097
2000-11-09 00:00:00,1.025750557356097
2000-11-10 00:00:00,1.025750557356097
2000-11-13 00:00:00,1.025750557356097
2000-11-14 00:00:00,1.025750557356097
2000-11-15 00:00:00,1.025750557356097
2000-11-16 00:00:00,1.025750557356097
2000-11-17 00:00:00,1.025750557356097
2000-11-20 00:00:00,1.025750557356097
2000-11-21 00:00:00,1.025750557356097
2000-11-22 00:00:00,1.025750557356097
2000-11-24 00:00:00,1.025750557356097
2000-11-27 00:00:00,1.025750557356097
2000-11-28 00:00:00,1.025750557356097
2000-11-29 00:00:00,1.025750557356097
2000-11-30 00:00:00,1.025750557356097
2000-12-01 00:00:00,1.025750557356097
2000-12-04 00:00:00,1.025750557356097
2000-12-05 00:00:00,1.025750557356097
2000-12-06 00:00:00,1.025750557356097
2000-12-07 00:00:00,1.025750557356097
2000-12-08 00:00:00,1.025750557356097
2000-12-11 00:00:00,1.025750557356097
2000-12-12 00:00:00,1.0106950062946218
2000-12-13 00:00:00,0.997393500017008
2000-12-14 00:00:00,0.9901590438804548
2000-12-15 00:00:00,0.9901590438804548
2000-12-18 00:00:00,0.9901590438804548
2000-12-19 00:00:00,0.9901590438804548
2000-12-20 00:00:00,0.9901590438804548
2000-12-21 00:00:00,0.9901590438804548
2000-12-22 00:00:00,0.9901590438804548
2000-12-26 00:00:00,0.9901590438804548
2000-12-27 00:00:00,0.9901590438804548
2000-12-28 00:00:00,0.9901590438804548
2000-12-29 00:00:00,0.973763715694314
2001-01-02 00:00:00,0.9586990315784938
2001-01-03 00:00:00,0.9586990315784938
2001-01-04 00:00:00,0.9586990315784938
2001-01-05 00:00:00,0.9586990315784938
2001-01-08 00:00:00,0.9586990315784938
2001-01-09 00:00:00,0.9586990315784938
2001-01-10 00:00:00,0.9586990315784938
2001-01-11 00:00:00,0.9586990315784938
2001-01-12 00:00:00,0.9586990315784938
2001-01-16 00:00:00,0.9586990315784938
2001-01-17 00:00:00,0.9586990315784938
2001-01-18 00:00:00,0.9586990315784938
2001-01-19 00:00:00,0.9586990315784938
2001-01-22 00:00:00,0.9628467300847772
2001-01-23 00:00:00,0.9765279445607268
2001-01-24 00:00:00,0.9768993802478566
2001-01-25 00:00:00,0.973432647167978
2001-01-26 00:00:00,0.9744850482815125
2001-01-29 00:00:00,0.9874233913832025
2001-01-30 00:00:00,0.9871138616439276
2001-01-31 00:00:00,0.9846376237297286
2001-02-01 00:00:00,0.9824709155548045
2001-02-02 00:00:00,0.9731850233765582
2001-02-05 00:00:00,0.9767755683521466
2001-02-06 00:00:00,0.9827804452940794
2001-02-07 00:00:00,0.9799946776406053
2001-02-08 00:00:00,0.9781374992049562
2001-02-09 00:00:00,0.9755993553429022
2001-02-12 00:00:00,0.9818518560762547
2001-02-13 00:00:00,0.9784470289442311
2001-02-14 00:00:00,0.9803042073798802
2001-02-15 00:00:00,0.9861233664782479
2001-02-16 00:00:00,0.9750422018122074
2001-02-20 00:00:00,0.9651372501554112
2001-02-21 00:00:00,0.9573990066735393
2001-02-22 00:00:00,0.9587174547885753
2001-02-23 00:00:00,0.9587174547885753
2001-02-26 00:00:00,0.9587174547885753
2001-02-27 00:00:00,0.9587174547885753
2001-02-28 00:00:00,0.9587174547885753
2001-03-01 00:00:00,0.9587174547885753
2001-03-02 00:00:00,0.9587174547885753
2001-03-05 00:00:00,0.9587174547885753
2001-03-06 00:00:00,0.9587174547885753
2001-03-07 00:00:00,0.9587174547885753
2001-03-08 00:00:00,0.9587174547885753
2001-03-09 00:00:00,0.9587174547885753
2001-03-12 00:00:00,0.9587174547885753
2001-03-13 00:00:00,0.9587174547885753
2001-03-14 00:00:00,0.9587174547885753
2001-03-15 00:00:00,0.9587174547885753
2001-03-16 00:00:00,0.9587174547885753
2001-03-19 00:00:00,0.9587174547885753
2001-03-20 00:00:00,0.9587174547885753
2001-03-21 00:00:00,0.9587174547885753
2001-03-22 00:00:00,0.9587174547885753
2001-03-23 00:00:00,0.9587174547885753
2001-03-26 00:00:00,0.9587174547885753
2001-03-27 00:00:00,0.9587174547885753
2001-03-28 00:00:00,0.9587174547885753
2001-03-29 00:00:00,0.9587174547885753
2001-03-30 00:00:00,0.9587174547885753
2001-04-02 00:00:00,0.9587174547885753
2001-04-03 00:00:00,0.9587174547885753
2001-04-04 00:00:00,0.9587174547885753
2001-04-05 00:00:00,0.9587174547885753
2001-04-06 00:00:00,0.9587174547885753
2001-04-09 00:00:00,0.9587174547885753
2001-04-10 00:00:00,0.9587174547885753
2001-04-11 00:00:00,0.9587174547885753
2001-04-12 00:00:00,0.9587174547885753
2001-04-16 00:00:00,0.9587174547885753
2001-04-17 00:00:00,0.9587174547885753
2001-04-18 00:00:00,0.9587174547885753
2001-04-19 00:00:00,0.9587174547885753
2001-04-20 00:00:00,0.9587174547885753
2001-04-23 00:00:00,0.9587174547885753
2001-04-24 00:00:00,0.9587174547885753
2001-04-25 00:00:00,0.9587174547885753
2001-04-26 00:00:00,0.9587174547885753
2001-04-27 00:00:00,0.9587174547885753
2001-04-30 00:00:00,0.9587174547885753
2001-05-01 00:00:00,0.9587174547885753
2001-05-02 00:00:00,0.9587174547885753
2001-05-03 00:00:00,0.9587174547885753
2001-05-04 00:00:00,0.9587174547885753
2001-05-07 00:00:00,0.9546829209635836
2001-05-08 00:00:00,0.9548846476548333
2001-05-09 00:00:00,0.9512535672123408
2001-05-10 00:00:00,0.950648387138592
2001-05-11 00:00:00,0.9503121759865094
2001-05-14 00:00:00,0.9481604246131805
2001-05-15 00:00:00,0.9548846476548333
2001-05-16 00:00:00,0.9704176028810511
2001-05-17 00:00:00,0.9798987573697814
2001-05-18 00:00:00,0.9788901239135335
2001-05-21 00:00:00,0.9960368926697479
2001-05-22 00:00:00,0.9953644703655827
2001-05-23 00:00:00,0.9802349685218641
2001-05-24 00:00:00,0.9829246577385252
2001-05-25 00:00:00,0.9798987573697814
2001-05-29 00:00:00,0.9720986586414642
2001-05-30 00:00:00,0.9587174547885753
2001-05-31 00:00:00,0.9640968332218974
2001-06-01 00:00:00,0.9725021120239634
2001-06-04 00:00:00,0.9765366458489552
2001-06-05 00:00:00,0.9889764584760127
2001-06-06 00:00:00,0.9798987573697814
2001-06-07 00:00:00,0.9856143469551862
2001-06-08 00:00:00,0.9778814904572857
2001-06-11 00:00:00,0.9704176028810511
2001-06-12 00:00:00,0.9685348204293883
2001-06-13 00:00:00,0.9645002866043966
2001-06-14 00:00:00,0.9486311202260962
2001-06-15 00:00:00,0.9503121759865094
2001-06-18 00:00:00,0.946950064465683
2001-06-19 00:00:00,0.9527470171498919
2001-06-20 00:00:00,0.9527470171498919
2001-06-21 00:00:00,0.9527470171498919
2001-06-22 00:00:00,0.9527470171498919
2001-06-25 00:00:00,0.9527470171498919
2001-06-26 00:00:00,0.9527470171498919
2001-06-27 00:00:00,0.9527470171498919
2001-06-28 00:00:00,0.9527470171498919
2001-06-29 00:00:00,0.9527470171498919
2001-07-02 00:00:00,0.9527470171498919
2001-07-03 00:00:00,0.9527470171498919
2001-07-05 00:00:00,0.9527470171498919
2001-07-06 00:00:00,0.9527470171498919
2001-07-09 00:00:00,0.9527470171498919
2001-07-10 00:00:00,0.9527470171498919
2001-07-11 00:00:00,0.9527470171498919
2001-07-12 00:00:00,0.9527470171498919
2001-07-13 00:00:00,0.9527470171498919
2001-07-16 00:00:00,0.9527470171498919
2001-07-17 00:00:00,0.9527470171498919
2001-07-18 00:00:00,0.9527470171498919
2001-07-19 00:00:00,0.9527470171498919
2001-07-20 00:00:00,0.9527470171498919
2001-07-23 00:00:00,0.9380503876300266
2001-07-24 00:00:00,0.9221764605982361
2001-07-25 00:00:00,0.9221764605982361
2001-07-26 00:00:00,0.9221764605982361
2001-07-27 00:00:00,0.9221764605982361
2001-07-30 00:00:00,0.9221764605982361
2001-07-31 00:00:00,0.9221764605982361
2001-08-01 00:00:00,0.9221764605982361
2001-08-02 00:00:00,0.9221764605982361
2001-08-03 00:00:00,0.9221764605982361
2001-08-06 00:00:00,0.9221764605982361
2001-08-07 00:00:00,0.9221764605982361
2001-08-08 00:00:00,0.9221764605982361
2001-08-09 00:00:00,0.9221764605982361
2001-08-10 00:00:00,0.9221764605982361
2001-08-13 00:00:00,0.9221764605982361
2001-08-14 00:00:00,0.9221764605982361
2001-08-15 00:00:00,0.9221764605982361
2001-08-16 00:00:00,0.9221764605982361
2001-08-17 00:00:00,0.9221764605982361
2001-08-20 00:00:00,0.9221764605982361
2001-08-21 00:00:00,0.9221764605982361
2001-08-22 00:00:00,0.9221764605982361
2001-08-23 00:00:00,0.9221764605982361
2001-08-24 00:00:00,0.9221764605982361
2001-08-27 00:00:00,0.9221764605982361
2001-08-28 00:00:00,0.9221764605982361
2001-08-29 00:00:00,0.9221764605982361
2001-08-30 00:00:00,0.9221764605982361
2001-08-31 00:00:00,0.9221764605982361
2001-09-04 00:00:00,0.9221764605982361
2001-09-05 00:00:00,0.9221764605982361
2001-09-06 00:00:00,0.9221764605982361
2001-09-07 00:00:00,0.9221764605982361
2001-09-10 00:00:00,0.9221764605982361
2001-09-17 00:00:00,0.9221764605982361
2001-09-18 00:00:00,0.9221764605982361
2001-09-19 00:00:00,0.9221764605982361
2001-09-20 00:00:00,0.9221764605982361
2001-09-21 00:00:00,0.9221764605982361
2001-09-24 00:00:00,0.9221764605982361
2001-09-25 00:00:00,0.9221764605982361
2001-09-26 00:00:00,0.9221764605982361
2001-09-27 00:00:00,0.9221764605982361
2001-09-28 00:00:00,0.9221764605982361
2001-10-01 00:00:00,0.9221764605982361
2001-10-02 00:00:00,0.9221764605982361
2001-10-03 00:00:00,0.9221764605982361
2001-10-04 00:00:00,0.9221764605982361
2001-10-05 00:00:00,0.9221764605982361
2001-10-08 00:00:00,0.9221764605982361
2001-10-09 00:00:00,0.9221764605982361
2001-10-10 00:00:00,0.9221764605982361
2001-10-11 00:00:00,0.9221764605982361
2001-10-12 00:00:00,0.9221764605982361
2001-10-15 00:00:00,0.9221764605982361
2001-10-16 00:00:00,0.9221764605982361
2001-10-17 00:00:00,0.9221764605982361
2001-10-18 00:00:00,0.9221764605982361
2001-10-19 00:00:00,0.9221764605982361
2001-10-22 00:00:00,0.9221764605982361
2001-10-23 00:00:00,0.9221764605982361
2001-10-24 00:00:00,0.9221764605982361
2001-10-25 00:00:00,0.9221764605982361
2001-10-26 00:00:00,0.9221764605982361
2001-10-29 00:00:00,0.9221764605982361
2001-10-30 00:00:00,0.9221764605982361
2001-10-31 00:00:00,0.9221764605982361
2001-11-01 00:00:00,0.9221764605982361
2001-11-02 00:00:00,0.9221764605982361
2001-11-05 00:00:00,0.9221764605982361
2001-11-06 00:00:00,0.9221764605982361
2001-11-07 00:00:00,0.9221764605982361
2001-11-08 00:00:00,0.9221764605982361
2001-11-09 00:00:00,0.9221764605982361
2001-11-12 00:00:00,0.9221764605982361
2001-11-13 00:00:00,0.9221764605982361
2001-11-14 00:00:00,0.9221764605982361
2001-11-15 00:00:00,0.9221764605982361
2001-11-16 00:00:00,0.9221764605982361
2001-11-19 00:00:00,0.9221764605982361
2001-11-20 00:00:00,0.9221764605982361
2001-11-21 00:00:00,0.9221764605982361
2001-11-23 00:00:00,0.9221764605982361
2001-11-26 00:00:00,0.9221764605982361
2001-11-27 00:00:00,0.9221764605982361
2001-11-28 00:00:00,0.9221764605982361
2001-11-29 00:00:00,0.9221764605982361
2001-11-30 00:00:00,0.9221764605982361
2001-12-03 00:00:00,0.9221764605982361
2001-12-04 00:00:00,0.9221764605982361
2001-12-05 00:00:00,0.9221764605982361
2001-12-06 00:00:00,0.9195751032034933
2001-12-07 00:00:00,0.9147440108989712
2001-12-10 00:00:00,0.9017372239252572
2001-12-11 00:00:00,0.9031308082438695
2001-12-12 00:00:00,0.8998791115004412
2001-12-13 00:00:00,0.8912070037024586
2001-12-14 00:00:00,0.8912070037024586
2001-12-17 00:00:00,0.8912070037024586
2001-12-18 00:00:00,0.8912070037024586
2001-12-19 00:00:00,0.8912070037024586
2001-12-20 00:00:00,0.8912070037024586
2001-12-21 00:00:00,0.8912070037024586
2001-12-24 00:00:00,0.8912070037024586
2001-12-26 00:00:00,0.8912070037024586
2001-12-27 00:00:00,0.8912070037024586
2001-12-28 00:00:00,0.8912070037024586
2001-12-31 00:00:00,0.8912070037024586
2002-01-02 00:00:00,0.8912070037024586
2002-01-03 00:00:00,0.8912070037024586
2002-01-04 00:00:00,0.8912070037024586
2002-01-07 00:00:00,0.8912070037024586
2002-01-08 00:00:00,0.8912070037024586
2002-01-09 00:00:00,0.8912070037024586
2002-01-10 00:00:00,0.8912070037024586
2002-01-11 00:00:00,0.8912070037024586
2002-01-14 00:00:00,0.8912070037024586
2002-01-15 00:00:00,0.8912070037024586
2002-01-16 00:00:00,0.8912070037024586
2002-01-17 00:00:00,0.8912070037024586
2002-01-18 00:00:00,0.8912070037024586
2002-01-22 00:00:00,0.8912070037024586
2002-01-23 00:00:00,0.8912070037024586
2002-01-24 00:00:00,0.8912070037024586
2002-01-25 00:00:00,0.8912070037024586
2002-01-28 00:00:00,0.8912070037024586
2002-01-29 00:00:00,0.8912070037024586
2002-01-30 00:00:00,0.8912070037024586
2002-01-31 00:00:00,0.8912070037024586
2002-02-01 00:00:00,0.8912070037024586
2002-02-04 00:00:00,0.8912070037024586
2002-02-05 00:00:00,0.8912070037024586
2002-02-06 00:00:00,0.8912070037024586
2002-02-07 00:00:00,0.8912070037024586
2002-02-08 00:00:00,0.8912070037024586
2002-02-11 00:00:00,0.8912070037024586
2002-02-12 00:00:00,0.8912070037024586
2002-02-13 00:00:00,0.8912070037024586
2002-02-14 00:00:00,0.8912070037024586
2002-02-15 00:00:00,0.8912070037024586
2002-02-19 00:00:00,0.8912070037024586
2002-02-20 00:00:00,0.8912070037024586
2002-02-21 00:00:00,0.8912070037024586
2002-02-22 00:00:00,0.8912070037024586
2002-02-25 00:00:00,0.8912070037024586
2002-02-26 00:00:00,0.8912070037024586
2002-02-27 00:00:00,0.8912070037024586
2002-02-28 00:00:00,0.8912070037024586
2002-03-01 00:00:00,0.8912070037024586
2002-03-04 00:00:00,0.8912070037024586
2002-03-05 00:00:00,0.8912070037024586
2002-03-06 00:00:00,0.8912070037024586
2002-03-07 00:00:00,0.8912070037024586
2002-03-08 00:00:00,0.8912070037024586
2002-03-11 00:00:00,0.8912070037024586
2002-03-12 00:00:00,0.8912070037024586
2002-03-13 00:00:00,0.8912070037024586
2002-03-14 00:00:00,0.8912070037024586
2002-03-15 00:00:00,0.8912070037024586
2002-03-18 00:00:00,0.8912070037024586
2002-03-19 00:00:00,0.8912070037024586
2002-03-20 00:00:00,0.8912070037024586
2002-03-21 00:00:00,0.8912070037024586
2002-03-22 00:00:00,0.8912070037024586
2002-03-25 00:00:00,0.8912070037024586
2002-03-26 00:00:00,0.8912070037024586
2002-03-27 00:00:00,0.8912070037024586
2002-03-28 00:00:00,0.8912070037024586
2002-04-01 00:00:00,0.8912070037024586
2002-04-02 00:00:00,0.8912070037024586
2002-04-03 00:00:00,0.8912070037024586
2002-04-04 00:00:00,0.8912070037024586
2002-04-05 00:00:00,0.8912070037024586
2002-04-08 00:00:00,0.8912070037024586
2002-04-09 00:00:00,0.8912070037024586
2002-04-10 00:00:00,0.8912070037024586
2002-04-11 00:00:00,0.8912070037024586
2002-04-12 00:00:00,0.8912070037024586
2002-04-15 00:00:00,0.8912070037024586
2002-04-16 00:00:00,0.8912070037024586
2002-04-17 00:00:00,0.8912070037024586
2002-04-18 00:00:00,0.8912070037024586
2002-04-19 00:00:00,0.8912070037024586
2002-04-22 00:00:00,0.8912070037024586
2002-04-23 00:00:00,0.8912070037024586
2002-04-24 00:00:00,0.8912070037024586
2002-04-25 00:00:00,0.8912070037024586
2002-04-26 00:00:00,0.8912070037024586
2002-04-29 00:00:00,0.8912070037024586
2002-04-30 00:00:00,0.8912070037024586
2002-05-01 00:00:00,0.8912070037024586
2002-05-02 00:00:00,0.8912070037024586
2002-05-03 00:00:00,0.8912070037024586
2002-05-06 00:00:00,0.8912070037024586
2002-05-07 00:00:00,0.8912070037024586
2002-05-08 00:00:00,0.8912070037024586
2002-05-09 00:00:00,0.8912070037024586
2002-05-10 00:00:00,0.8912070037024586
2002-05-13 00:00:00,0.8912070037024586
2002-05-14 00:00:00,0.8912070037024586
2002-05-15 00:00:00,0.8912070037024586
2002-05-16 00:00:00,0.8912070037024586
2002-05-17 00:00:00,0.8912070037024586
2002-05-20 00:00:00,0.8912070037024586
2002-05-21 00:00:00,0.8912070037024586
2002-05-22 00:00:00,0.8912070037024586
2002-05-23 00:00:00,0.8912070037024586
2002-05-24 00:00:00,0.8912070037024586
2002-05-28 00:00:00,0.8912070037024586
2002-05-29 00:00:00,0.8912070037024586
2002-05-30 00:00:00,0.8912070037024586
2002-05-31 00:00:00,0.8912070037024586
2002-06-03 00:00:00,0.8912070037024586
2002-06-04 00:00:00,0.8912070037024586
2002-06-05 00:00:00,0.8912070037024586
2002-06-06 00:00:00,0.8912070037024586
2002-06-07 00:00:00,0.8912070037024586
2002-06-10 00:00:00,0.8912070037024586
2002-06-11 00:00:00,0.8912070037024586
2002-06-12 00:00:00,0.8912070037024586
2002-06-13 00:00:00,0.8912070037024586
2002-06-14 00:00:00,0.8912070037024586
2002-06-17 00:00:00,0.8912070037024586
2002-06-18 00:00:00,0.8912070037024586
2002-06-19 00:00:00,0.8912070037024586
2002-06-20 00:00:00,0.8912070037024586
2002-06-21 00:00:00,0.8912070037024586
2002-06-24 00:00:00,0.8912070037024586
2002-06-25 00:00:00,0.8912070037024586
2002-06-26 00:00:00,0.8912070037024586
2002-06-27 00:00:00,0.8912070037024586
2002-06-28 00:00:00,0.8912070037024586
2002-07-01 00:00:00,0.8912070037024586
2002-07-02 00:00:00,0.8912070037024586
2002-07-03 00:00:00,0.8912070037024586
2002-07-05 00:00:00,0.8912070037024586
2002-07-08 00:00:00,0.8912070037024586
2002-07-09 00:00:00,0.8912070037024586
2002-07-10 00:00:00,0.8912070037024586
2002-07-11 00:00:00,0.8912070037024586
2002-07-12 00:00:00,0.8912070037024586
2002-07-15 00:00:00,0.8912070037024586
2002-07-16 00:00:00,0.8912070037024586
2002-07-17 00:00:00,0.8912070037024586
2002-07-18 00:00:00,0.8912070037024586
2002-07-19 00:00:00,0.8912070037024586
2002-07-22 00:00:00,0.8912070037024586
2002-07-23 00:00:00,0.8912070037024586
2002-07-24 00:00:00,0.8912070037024586
2002-07-25 00:00:00,0.8912070037024586
2002-07-26 00:00:00,0.8912070037024586
2002-07-29 00:00:00,0.8912070037024586
2002-07-30 00:00:00,0.8912070037024586
2002-07-31 00:00:00,0.8912070037024586
2002-08-01 00:00:00,0.8912070037024586
2002-08-02 00:00:00,0.8912070037024586
2002-08-05 00:00:00,0.8912070037024586
2002-08-06 00:00:00,0.8912070037024586
2002-08-07 00:00:00,0.8912070037024586
2002-08-08 00:00:00,0.8912070037024586
2002-08-09 00:00:00,0.8912070037024586
2002-08-12 00:00:00,0.8912070037024586
2002-08-13 00:00:00,0.8912070037024586
2002-08-14 00:00:00,0.8912070037024586
2002-08-15 00:00:00,0.8912070037024586
2002-08-16 00:00:00,0.8912070037024586
2002-08-19 00:00:00,0.8912070037024586
2002-08-20 00:00:00,0.8912070037024586
2002-08-21 00:00:00,0.8912070037024586
2002-08-22 00:00:00,0.8912070037024586
2002-08-23 00:00:00,0.8912070037024586
2002-08-26 00:00:00,0.8912070037024586
2002-08-27 00:00:00,0.8912070037024586
2002-08-28 00:00:00,0.8912070037024586
2002-08-29 00:00:00,0.8912070037024586
2002-08-30 00:00:00,0.8912070037024586
2002-09-03 00:00:00,0.8912070037024586
2002-09-04 00:00:00,0.8912070037024586
2002-09-05 00:00:00,0.8912070037024586
2002-09-06 00:00:00,0.8912070037024586
2002-09-09 00:00:00,0.8912070037024586
2002-09-10 00:00:00,0.8912070037024586
2002-09-11 00:00:00,0.8912070037024586
2002-09-12 00:00:00,0.8912070037024586
2002-09-13 00:00:00,0.8912070037024586
2002-09-16 00:00:00,0.8912070037024586
2002-09-17 00:00:00,0.8912070037024586
2002-09-18 00:00:00,0.8912070037024586
2002-09-19 00:00:00,0.8912070037024586
2002-09-20 00:00:00,0.8912070037024586
2002-09-23 00:00:00,0.8912070037024586
2002-09-24 00:00:00,0.8912070037024586
2002-09-25 00:00:00,0.8912070037024586
2002-09-26 00:00:00,0.8912070037024586
2002-09-27 00:00:00,0.8912070037024586
2002-09-30 00:00:00,0.8912070037024586
2002-10-01 00:00:00,0.8912070037024586
2002-10-02 00:00:00,0.8912070037024586
2002-10-03 00:00:00,0.8912070037024586
2002-10-04 00:00:00,0.8912070037024586
2002-10-07 00:00:00,0.8912070037024586
2002-10-08 00:00:00,0.8912070037024586
2002-10-09 00:00:00,0.8912070037024586
2002-10-10 00:00:00,0.8912070037024586
2002-10-11 00:00:00,0.8912070037024586
2002-10-14 00:00:00,0.8912070037024586
2002-10-15 00:00:00,0.8912070037024586
2002-10-16 00:00:00,0.8912070037024586
2002-10-17 00:00:00,0.8912070037024586
2002-10-18 00:00:00,0.8912070037024586
2002-10-21 00:00:00,0.8912070037024586
2002-10-22 00:00:00,0.8912070037024586
2002-10-23 00:00:00,0.8912070037024586
2002-10-24 00:00:00,0.8912070037024586
2002-10-25 00:00:00,0.8912070037024586
2002-10-28 00:00:00,0.8912070037024586
2002-10-29 00:00:00,0.8912070037024586
2002-10-30 00:00:00,0.8912070037024586
2002-10-31 00:00:00,0.8912070037024586
2002-11-01 00:00:00,0.8912070037024586
2002-11-04 00:00:00,0.8912070037024586
2002-11-05 00:00:00,0.8912070037024586
2002-11-06 00:00:00,0.8912070037024586
2002-11-07 00:00:00,0.8912070037024586
2002-11-08 00:00:00,0.8912070037024586
2002-11-11 00:00:00,0.8912070037024586
2002-11-12 00:00:00,0.8912070037024586
2002-11-13 00:00:00,0.8912070037024586
2002-11-14 00:00:00,0.8912070037024586
2002-11-15 00:00:00,0.8912070037024586
2002-11-18 00:00:00,0.8912070037024586
2002-11-19 00:00:00,0.8912070037024586
2002-11-20 00:00:00,0.8912070037024586
2002-11-21 00:00:00,0.8912070037024586
2002-11-22 00:00:00,0.8912070037024586
2002-11-25 00:00:00,0.8912070037024586
2002-11-26 00:00:00,0.8912070037024586
2002-11-27 00:00:00,0.8912070037024586
2002-11-29 00:00:00,0.8912070037024586
2002-12-02 00:00:00,0.8912070037024586
2002-12-03 00:00:00,0.8912070037024586
2002-12-04 00:00:00,0.8912070037024586
2002-12-05 00:00:00,0.8912070037024586
2002-12-06 00:00:00,0.8912070037024586
2002-12-09 00:00:00,0.8912070037024586
2002-12-10 00:00:00,0.8912070037024586
2002-12-11 00:00:00,0.8912070037024586
2002-12-12 00:00:00,0.8912070037024586
2002-12-13 00:00:00,0.8912070037024586
2002-12-16 00:00:00,0.8912070037024586
2002-12-17 00:00:00,0.8912070037024586
2002-12-18 00:00:00,0.8912070037024586
2002-12-19 00:00:00,0.8912070037024586
2002-12-20 00:00:00,0.8912070037024586
2002-12-23 00:00:00,0.8912070037024586
2002-12-24 00:00:00,0.8912070037024586
2002-12-26 00:00:00,0.8912070037024586
2002-12-27 00:00:00,0.8912070037024586
2002-12-30 00:00:00,0.8912070037024586
2002-12-31 00:00:00,0.8912070037024586
2003-01-02 00:00:00,0.8912070037024586
2003-01-03 00:00:00,0.8912070037024586
2003-01-06 00:00:00,0.8912070037024586
2003-01-07 00:00:00,0.8912070037024586
2003-01-08 00:00:00,0.8912070037024586
2003-01-09 00:00:00,0.8912070037024586
2003-01-10 00:00:00,0.8912070037024586
2003-01-13 00:00:00,0.8912070037024586
2003-01-14 00:00:00,0.8912070037024586
2003-01-15 00:00:00,0.8912070037024586
2003-01-16 00:00:00,0.8912070037024586
2003-01-17 00:00:00,0.8912070037024586
2003-01-21 00:00:00,0.8912070037024586
2003-01-22 00:00:00,0.8912070037024586
2003-01-23 00:00:00,0.8912070037024586
2003-01-24 00:00:00,0.8912070037024586
2003-01-27 00:00:00,0.8912070037024586
2003-01-28 00:00:00,0.8912070037024586
2003-01-29 00:00:00,0.8912070037024586
2003-01-30 00:00:00,0.8912070037024586
2003-01-31 00:00:00,0.8912070037024586
2003-02-03 00:00:00,0.8912070037024586
2003-02-04 00:00:00,0.8912070037024586
2003-02-05 00:00:00,0.8912070037024586
2003-02-06 00:00:00,0.8912070037024586
2003-02-07 00:00:00,0.8912070037024586
2003-02-10 00:00:00,0.8912070037024586
2003-02-11 00:00:00,0.8912070037024586
2003-02-12 00:00:00,0.8912070037024586
2003-02-13 00:00:00,0.8912070037024586
2003-02-14 00:00:00,0.8912070037024586
2003-02-18 00:00:00,0.8912070037024586
2003-02-19 00:00:00,0.8912070037024586
2003-02-20 00:00:00,0.8912070037024586
2003-02-21 00:00:00,0.8912070037024586
2003-02-24 00:00:00,0.8912070037024586
2003-02-25 00:00:00,0.8912070037024586
2003-02-26 00:00:00,0.8912070037024586
2003-02-27 00:00:00,0.8912070037024586
2003-02-28 00:00:00,0.8912070037024586
2003-03-03 00:00:00,0.8912070037024586
2003-03-04 00:00:00,0.8912070037024586
2003-03-05 00:00:00,0.8912070037024586
2003-03-06 00:00:00,0.8912070037024586
2003-03-07 00:00:00,0.8912070037024586
2003-03-10 00:00:00,0.8912070037024586
2003-03-11 00:00:00,0.8912070037024586
2003-03-12 00:00:00,0.8912070037024586
2003-03-13 00:00:00,0.8912070037024586
2003-03-14 00:00:00,0.8912070037024586
2003-03-17 00:00:00,0.8912070037024586
2003-03-18 00:00:00,0.8912070037024586
2003-03-19 00:00:00,0.8912070037024586
2003-03-20 00:00:00,0.8912070037024586
2003-03-21 00:00:00,0.8912070037024586
2003-03-24 00:00:00,0.8912070037024586
2003-03-25 00:00:00,0.8912070037024586
2003-03-26 00:00:00,0.8912070037024586
2003-03-27 00:00:00,0.8912070037024586
2003-03-28 00:00:00,0.8912070037024586
2003-03-31 00:00:00,0.8912070037024586
2003-04-01 00:00:00,0.8912070037024586
2003-04-02 00:00:00,0.8912070037024586
2003-04-03 00:00:00,0.8912070037024586
2003-04-04 00:00:00,0.8912070037024586
2003-04-07 00:00:00,0.8912070037024586
2003-04-08 00:00:00,0.8912070037024586
2003-04-09 00:00:00,0.8912070037024586
2003-04-10 00:00:00,0.8912070037024586
2003-04-11 00:00:00,0.8912070037024586
2003-04-14 00:00:00,0.8912070037024586
2003-04-15 00:00:00,0.8912070037024586
2003-04-16 00:00:00,0.8912070037024586
2003-04-17 00:00:00,0.8912070037024586
2003-04-21 00:00:00,0.8912070037024586
2003-04-22 00:00:00,0.8912070037024586
2003-04-23 00:00:00,0.8912070037024586
2003-04-24 00:00:00,0.8912070037024586
2003-04-25 00:00:00,0.8820014375918943
2003-04-28 00:00:00,0.8953106897999392
2003-04-29 00:00:00,0.8998580176376879
2003-04-30 00:00:00,0.9009671219883583
2003-05-01 00:00:00,0.9009671219883583
2003-05-02 00:00:00,0.9169382246380123
2003-05-05 00:00:00,0.9191564333393529
2003-05-06 00:00:00,0.9241474029173699
2003-05-07 00:00:00,0.9212637316056268
2003-05-08 00:00:00,0.9147200159366715
2003-05-09 00:00:00,0.9262547011836435
2003-05-12 00:00:00,0.9346838942487388
2003-05-13 00:00:00,0.9357929985994091
2003-05-14 00:00:00,0.9375675655604818
2003-05-15 00:00:00,0.940783968177426
2003-05-16 00:00:00,0.9332420585928672
2003-05-19 00:00:00,0.9154963889821406
2003-05-20 00:00:00,0.9141654637613362
2003-05-21 00:00:00,0.9189346124692189
2003-05-22 00:00:00,0.926920163794046
2003-05-23 00:00:00,0.9362366403396774
2003-05-27 00:00:00,0.9518750116841301
2003-05-28 00:00:00,0.953871399515337
2003-05-29 00:00:00,0.9552023247361413
2003-05-30 00:00:00,0.9777171430547507
2003-06-02 00:00:00,0.9801571726262255
2003-06-03 00:00:00,0.9794917100158234
2003-06-04 00:00:00,0.9930227830940024
2003-06-05 00:00:00,1.0012301552889635
2003-06-06 00:00:00,0.994575529184941
2003-06-09 00:00:00,0.9784935161002201
2003-06-10 00:00:00,0.989030007431589
2003-06-11 00:00:00,1.0034483639903042
2003-06-12 00:00:00,1.0059993039968462
2003-06-13 00:00:00,0.9941318874446727
2003-06-16 00:00:00,1.0117666466203323
2003-06-17 00:00:00,1.0109902735748628
2003-06-18 00:00:00,1.0089938857436562
2003-06-19 00:00:00,0.9963500961460136
2003-06-20 00:00:00,0.9918027683082649
2003-06-23 00:00:00,0.9796026204508904
2003-06-24 00:00:00,0.9801571726262255
2003-06-25 00:00:00,0.9819317395872983
2003-06-26 00:00:00,0.9923573204836001
2003-06-27 00:00:00,0.9882536343861196
2003-06-30 00:00:00,0.9842608587237061
2003-07-01 00:00:00,0.9926900517888014
2003-07-02 00:00:00,1.005222930951377
2003-07-03 00:00:00,0.999677409198025
2003-07-07 00:00:00,1.0167576161983494
2003-07-08 00:00:00,1.0252977196985114
2003-07-09 00:00:00,1.0289577640557237
2003-07-10 00:00:00,1.0106575422696618
2003-07-11 00:00:00,1.021859496211433
2003-07-14 00:00:00,1.0311759727570646
2003-07-15 00:00:00,1.0295123162310589
2003-07-16 00:00:00,1.022081317081567
2003-07-17 00:00:00,1.0042247370357733
2003-07-18 00:00:00,1.0128757509710027
2003-07-21 00:00:00,1.005888393561779
2003-07-22 00:00:00,1.0134303031463379
2003-07-23 00:00:00,1.0129866614060696
2003-07-24 00:00:00,1.0065538561721814
2003-07-25 00:00:00,1.0142066761918072
2003-07-28 00:00:00,1.0204176605555615
2003-07-29 00:00:00,1.021748585776366
2003-07-30 00:00:00,1.0195303770750253
2003-07-31 00:00:00,1.0189758248996899
2003-08-01 00:00:00,1.0109902735748628
2003-08-04 00:00:00,1.0093266170488575
2003-08-05 00:00:00,0.9873663509055832
2003-08-06 00:00:00,0.9884754552562536
2003-08-07 00:00:00,0.9928009622238682
2003-08-08 00:00:00,0.9951300813602763
2003-08-11 00:00:00,1.0014519761590974
2003-08-12 00:00:00,1.0139848553216733
2003-08-13 00:00:00,1.0140957657567402
2003-08-14 00:00:00,1.0206394814256956
2003-08-15 00:00:00,1.0245213466530418
2003-08-18 00:00:00,1.0389397032117573
2003-08-19 00:00:00,1.0454834188807127
2003-08-20 00:00:00,1.0443743145300424
2003-08-21 00:00:00,1.0561308206471487
2003-08-22 00:00:00,1.0460379710560481
2003-08-25 00:00:00,1.0401597179974948
2003-08-26 00:00:00,1.0411579119130983
2003-08-27 00:00:00,1.0472579858417854
2003-08-28 00:00:00,1.0583490293484896
2003-08-29 00:00:00,1.0638945511018416
2003-09-02 00:00:00,1.0797547433164285
2003-09-03 00:00:00,1.0827493250632385
2003-09-04 00:00:00,1.0830820563684396
2003-09-05 00:00:00,1.078312907660557
2003-09-08 00:00:00,1.0877402946412555
2003-09-09 00:00:00,1.081529310277501
2003-09-10 00:00:00,1.0611217902251657
2003-09-11 00:00:00,1.065225476322646
2003-09-12 00:00:00,1.0699946250305288
2003-09-15 00:00:00,1.0696618937253277
2003-09-16 00:00:00,1.0833038772385737
2003-09-17 00:00:00,1.0799765641865624
2003-09-18 00:00:00,1.0949494729206133
2003-09-19 00:00:00,1.0887384885568587
2003-09-22 00:00:00,1.0814183998424343
2003-09-23 00:00:00,1.0866311902905852
2003-09-24 00:00:00,1.0694400728551938
2003-09-25 00:00:00,1.0515834928094001
2003-09-26 00:00:00,1.0428215684391038
2003-09-29 00:00:00,1.0554653580367466
2003-09-30 00:00:00,1.0467034336664502
2003-10-01 00:00:00,1.0714364606864004
2003-10-02 00:00:00,1.078312907660557
2003-10-03 00:00:00,1.0899585033425963
2003-10-06 00:00:00,1.0969458607518199
2003-10-07 00:00:00,1.1001622633687642
2003-10-08 00:00:00,1.097389502492088
2003-10-09 00:00:00,1.1016040990246354
2003-10-10 00:00:00,1.106040516427317
2003-10-13 00:00:00,1.1177970225444236
2003-10-14 00:00:00,1.1193497686353622
2003-10-15 00:00:00,1.107925993823457
2003-10-16 00:00:00,1.116022455583351
2003-10-17 00:00:00,1.0983876964076913
2003-10-20 00:00:00,1.1074823520831887
2003-10-21 00:00:00,1.1088132773039932
2003-10-22 00:00:00,1.0943949207452779
2003-10-23 00:00:00,1.0899585033425963
2003-10-24 00:00:00,1.0927312642192724
2003-10-27 00:00:00,1.1020477407649039
2003-10-28 00:00:00,1.1223443503821722
2003-10-29 00:00:00,1.1228989025575076
2003-10-30 00:00:00,1.125006200823781
2003-10-31 00:00:00,1.1260043947393847
2003-11-03 00:00:00,1.1373172591162228
2003-11-04 00:00:00,1.1393136469474296
2003-11-05 00:00:00,1.1443046165254465
2003-11-06 00:00:00,1.1548411078568153
2003-11-07 00:00:00,1.1466337356618541
2003-11-10 00:00:00,1.1357645130252843
2003-11-11 00:00:00,1.1337681251940774
2003-11-12 00:00:00,1.1543974661165473
2003-11-13 00:00:00,1.1576138687334914
2003-11-14 00:00:00,1.1427518704345077
2003-11-17 00:00:00,1.134988139979815
2003-11-18 00:00:00,1.121900708641904
2003-11-19 00:00:00,1.1285553347459267
2003-11-20 00:00:00,1.1215679773367029
2003-11-21 00:00:00,1.129886259966731
2003-11-24 00:00:00,1.1495174069735974
2003-11-25 00:00:00,1.156504764382821
2003-11-26 00:00:00,1.1633812113569775
2003-11-28 00:00:00,1.1664867035388546
2003-12-01 00:00:00,1.181459612272905
2003-12-02 00:00:00,1.1820141644482403
2003-12-03 00:00:00,1.1687049122401953
2003-12-04 00:00:00,1.1660430617985864
2003-12-05 00:00:00,1.1559502122074856
2003-12-08 00:00:00,1.164712136577782
2003-12-09 00:00:00,1.1479646608826588
2003-12-10 00:00:00,1.1402009304279659
2003-12-11 00:00:00,1.1609411817855027
2003-12-12 00:00:00,1.16216119657124
2003-12-15 00:00:00,1.145968273051452
2003-12-16 00:00:00,1.1482973921878599
2003-12-17 00:00:00,1.1515137948048042
2003-12-18 00:00:00,1.1677067183245922
2003-12-19 00:00:00,1.1610520922205696
2003-12-22 00:00:00,1.170368568766201
2003-12-23 00:00:00,1.1770231948702237
2003-12-24 00:00:00,1.1725867774675418
2003-12-26 00:00:00,1.1731413296428772
2003-12-29 00:00:00,1.185896029675587
2003-12-30 00:00:00,1.188890611422397
2003-12-31 00:00:00,1.180350507922235
2004-01-02 00:00:00,1.1842323731495812
2004-01-05 00:00:00,1.1908869992536035
2004-01-06 00:00:00,1.1908869992536035
2004-01-07 00:00:00,1.2003143862343022
2004-01-08 00:00:00,1.197985267097894
2004-01-09 00:00:00,1.1964325210069555
2004-01-12 00:00:00,1.2076344749487269
2004-01-13 00:00:00,1.1992052818836316
2004-01-14 00:00:00,1.2069690123383245
2004-01-15 00:00:00,1.2114054297410064
2004-01-16 00:00:00,1.21650730975409
2004-01-20 00:00:00,1.2279310845659954
2004-01-21 00:00:00,1.2313693080530737
2004-01-22 00:00:00,1.227043801085459
2004-01-23 00:00:00,1.2274874428257272
2004-01-26 00:00:00,1.2374693819817608
2004-01-27 00:00:00,1.2269328906503918
2004-01-28 00:00:00,1.2102963253903358
2004-01-29 00:00:00,1.2045289827668495
2004-01-30 00:00:00,1.2058599079876542
2004-02-02 00:00:00,1.2094090419097996
2004-02-03 00:00:00,1.205416266247386
2004-02-04 00:00:00,1.1927724766497434
2004-02-05 00:00:00,1.1992052818836316
2004-02-06 00:00:00,1.2198346228061014
2004-02-09 00:00:00,1.2263783384750566
2004-02-10 00:00:00,1.2303711141374702
2004-02-11 00:00:00,1.2424603515597776
2004-02-12 00:00:00,1.239798501118169
2004-02-13 00:00:00,1.2369148298064259
2004-02-17 00:00:00,1.2513331863651411
2004-02-18 00:00:00,1.2436803663455152
2004-02-19 00:00:00,1.229705651527068
2004-02-20 00:00:00,1.2219419210723752
2004-02-23 00:00:00,1.2118490714812744
2004-02-24 00:00:00,1.2104072358254028
2004-02-25 00:00:00,1.2218310106373083
2004-02-26 00:00:00,1.2278201741309285
2004-02-27 00:00:00,1.234696621105085
2004-03-01 00:00:00,1.253773215936616
2004-03-02 00:00:00,1.2491149776638002
2004-03-03 00:00:00,1.2502240820144708
2004-03-04 00:00:00,1.257100528988627
2004-03-05 00:00:00,1.2637551550926496
2004-03-08 00:00:00,1.2480058733131298
2004-03-09 00:00:00,1.2424603515597776
2004-03-10 00:00:00,1.2206109958515707
2004-03-11 00:00:00,1.20563808711752
2004-03-12 00:00:00,1.2246037715139841
2004-03-15 00:00:00,1.2102963253903358
2004-03-16 00:00:00,1.206081728857788
2004-03-17 00:00:00,1.224160129773716
2004-03-18 00:00:00,1.221165548026906
2004-03-19 00:00:00,1.2058599079876542
2004-03-22 00:00:00,1.1898888053380003
2004-03-23 00:00:00,1.1901106262081342
2004-03-24 00:00:00,1.1853414775002515
2004-03-25 00:00:00,1.2038635201564474
2004-03-26 00:00:00,1.206081728857788
2004-03-29 00:00:00,1.2252692341243865
2004-03-30 00:00:00,1.2313693080530737
2004-03-31 00:00:00,1.2369148298064259
2004-04-01 00:00:00,1.2507786341898057
2004-04-02 00:00:00,1.2547714098522191
2004-04-05 00:00:00,1.2629787820471803
2004-04-06 00:00:00,1.2548823202872863
2004-04-07 00:00:00,1.2590969168198338
2004-04-08 00:00:00,1.2526641115859456
2004-04-12 00:00:00,1.2546604994171522
2004-04-13 00:00:00,1.232145681098543
2004-04-14 00:00:00,1.2305929350076044
2004-04-15 00:00:00,1.2224964732477104
2004-04-16 00:00:00,1.2335875167544144
2004-04-19 00:00:00,1.2358057254557553
2004-04-20 00:00:00,1.2169509514943582
2004-04-21 00:00:00,1.2311474871829395
2004-04-22 00:00:00,1.2496695298391356
2004-04-23 00:00:00,1.2465640376572584
2004-04-26 00:00:00,1.245344022871521
2004-04-27 00:00:00,1.2434585454753813
2004-04-28 00:00:00,1.2257128758646543
2004-04-29 00:00:00,1.2047508036369836
2004-04-30 00:00:00,1.1925506557796093
2004-05-03 00:00:00,1.2070799227733917
2004-05-04 00:00:00,1.2067471914681906
2004-05-05 00:00:00,1.2173945932346264
2004-05-06 00:00:00,1.199427102753766
2004-05-07 00:00:00,1.1742504339935476
2004-05-10 00:00:00,1.154064734811346
2004-05-11 00:00:00,1.1671521661492568
2004-05-12 00:00:00,1.1708122105064693
2004-05-13 00:00:00,1.170590389636335
2004-05-14 00:00:00,1.1628266591816423
2004-05-17 00:00:00,1.1553956600321504
2004-05-18 00:00:00,1.1589255842669421
2004-05-19 00:00:00,1.1589255842669421
2004-05-20 00:00:00,1.1589255842669421
2004-05-21 00:00:00,1.1589255842669421
2004-05-24 00:00:00,1.1589255842669421
2004-05-25 00:00:00,1.1589255842669421
2004-05-26 00:00:00,1.1589255842669421
2004-05-27 00:00:00,1.1589255842669421
2004-05-28 00:00:00,1.1589255842669421
2004-06-01 00:00:00,1.1589255842669421
2004-06-02 00:00:00,1.1589255842669421
2004-06-03 00:00:00,1.1589255842669421
2004-06-04 00:00:00,1.1589255842669421
2004-06-07 00:00:00,1.1589255842669421
2004-06-08 00:00:00,1.1589255842669421
2004-06-09 00:00:00,1.1589255842669421
2004-06-10 00:00:00,1.1589255842669421
2004-06-14 00:00:00,1.1589255842669421
2004-06-15 00:00:00,1.1589255842669421
2004-06-16 00:00:00,1.1589255842669421
2004-06-17 00:00:00,1.1589255842669421
2004-06-18 00:00:00,1.1589255842669421
2004-06-21 00:00:00,1.1589255842669421
2004-06-22 00:00:00,1.1589255842669421
2004-06-23 00:00:00,1.1589255842669421
2004-06-24 00:00:00,1.1589255842669421
2004-06-25 00:00:00,1.1589255842669421
2004-06-28 00:00:00,1.1589255842669421
2004-06-29 00:00:00,1.1589255842669421
2004-06-30 00:00:00,1.1589255842669421
2004-07-01 00:00:00,1.1589255842669421
2004-07-02 00:00:00,1.1589255842669421
2004-07-06 00:00:00,1.1589255842669421
2004-07-07 00:00:00,1.1589255842669421
2004-07-08 00:00:00,1.1589255842669421
2004-07-09 00:00:00,1.1589255842669421
2004-07-12 00:00:00,1.1589255842669421
2004-07-13 00:00:00,1.1589255842669421
2004-07-14 00:00:00,1.1589255842669421
2004-07-15 00:00:00,1.1589255842669421
2004-07-16 00:00:00,1.1589255842669421
2004-07-19 00:00:00,1.1589255842669421
2004-07-20 00:00:00,1.1589255842669421
2004-07-21 00:00:00,1.1589255842669421
2004-07-22 00:00:00,1.1589255842669421
2004-07-23 00:00:00,1.1589255842669421
2004-07-26 00:00:00,1.1589255842669421
2004-07-27 00:00:00,1.1589255842669421
2004-07-28 00:00:00,1.1589255842669421
2004-07-29 00:00:00,1.1589255842669421
2004-07-30 00:00:00,1.1589255842669421
2004-08-02 00:00:00,1.1589255842669421
2004-08-03 00:00:00,1.1589255842669421
2004-08-04 00:00:00,1.1589255842669421
2004-08-05 00:00:00,1.1589255842669421
2004-08-06 00:00:00,1.1589255842669421
2004-08-09 00:00:00,1.1589255842669421
2004-08-10 00:00:00,1.1589255842669421
2004-08-11 00:00:00,1.1589255842669421
2004-08-12 00:00:00,1.1589255842669421
2004-08-13 00:00:00,1.1589255842669421
2004-08-16 00:00:00,1.1589255842669421
2004-08-17 00:00:00,1.1589255842669421
2004-08-18 00:00:00,1.1589255842669421
2004-08-19 00:00:00,1.1589255842669421
2004-08-20 00:00:00,1.1589255842669421
2004-08-23 00:00:00,1.1589255842669421
2004-08-24 00:00:00,1.1589255842669421
2004-08-25 00:00:00,1.1589255842669421
2004-08-26 00:00:00,1.1589255842669421
2004-08-27 00:00:00,1.1589255842669421
2004-08-30 00:00:00,1.1589255842669421
2004-08-31 00:00:00,1.1589255842669421
2004-09-01 00:00:00,1.1589255842669421
2004-09-02 00:00:00,1.1589255842669421
2004-09-03 00:00:00,1.1589255842669421
2004-09-07 00:00:00,1.1589255842669421
2004-09-08 00:00:00,1.1589255842669421
2004-09-09 00:00:00,1.1589255842669421
2004-09-10 00:00:00,1.1589255842669421
2004-09-13 00:00:00,1.1589255842669421
2004-09-14 00:00:00,1.157751718573854
2004-09-15 00:00:00,1.1508152394783338
2004-09-16 00:00:00,1.1599927348970223
2004-09-17 00:00:00,1.154336836557598
2004-09-20 00:00:00,1.1498548039112617
2004-09-21 00:00:00,1.1591390143929583
2004-09-22 00:00:00,1.1418511741856612
2004-09-23 00:00:00,1.1458696365982908
2004-09-24 00:00:00,1.1458696365982908
2004-09-27 00:00:00,1.1458696365982908
2004-09-28 00:00:00,1.1458696365982908
2004-09-29 00:00:00,1.1458696365982908
2004-09-30 00:00:00,1.1458696365982908
2004-10-01 00:00:00,1.1458696365982908
2004-10-04 00:00:00,1.1427676614044675
2004-10-05 00:00:00,1.1406996779419187
2004-10-06 00:00:00,1.1474206241952025
2004-10-07 00:00:00,1.132014147399214
2004-10-08 00:00:00,1.123121818510254
2004-10-11 00:00:00,1.1221065236671075
2004-10-12 00:00:00,1.1221065236671075
2004-10-13 00:00:00,1.1221065236671075
2004-10-14 00:00:00,1.1221065236671075
2004-10-15 00:00:00,1.1221065236671075
2004-10-18 00:00:00,1.1221065236671075
2004-10-19 00:00:00,1.1221065236671075
2004-10-20 00:00:00,1.1221065236671075
2004-10-21 00:00:00,1.1221065236671075
2004-10-22 00:00:00,1.1221065236671075
2004-10-25 00:00:00,1.1221065236671075
2004-10-26 00:00:00,1.1221065236671075
2004-10-27 00:00:00,1.1221065236671075
2004-10-28 00:00:00,1.120373461897112
2004-10-29 00:00:00,1.1234318061971043
2004-11-01 00:00:00,1.1247570887271006
2004-11-02 00:00:00,1.1226162477171062
2004-11-03 00:00:00,1.1402526998470608
2004-11-04 00:00:00,1.1543210836270246
2004-11-05 00:00:00,1.157175538307017
2004-11-08 00:00:00,1.1554424765370215
2004-11-09 00:00:00,1.1550346972970227
2004-11-10 00:00:00,1.1599280481770102
2004-11-11 00:00:00,1.1690011362669865
2004-11-12 00:00:00,1.1850064714369453
2004-11-15 00:00:00,1.1850064714369453
2004-11-16 00:00:00,1.1798072861269588
2004-11-17 00:00:00,1.1864336987769417
2004-11-18 00:00:00,1.1866375883969411
2004-11-19 00:00:00,1.1715497565169801
2004-11-22 00:00:00,1.1799092309369585
2004-11-23 00:00:00,1.1884725949769364
2004-11-24 00:00:00,1.1947931731969204
2004-11-26 00:00:00,1.1927542769969255
2004-11-29 00:00:00,1.1907153807969308
2004-11-30 00:00:00,1.1919387185169275
2004-12-01 00:00:00,1.2044779301468953
2004-12-02 00:00:00,1.2009098617969043
2004-12-03 00:00:00,1.2017254202769023
2004-12-06 00:00:00,1.1994826344569083
2004-12-07 00:00:00,1.1852103610569449
2004-12-08 00:00:00,1.1929581666169249
2004-12-09 00:00:00,1.1942834491469214
2004-12-10 00:00:00,1.1982592967369115
2004-12-13 00:00:00,1.207638219256887
2004-12-14 00:00:00,1.2172210313968623
2004-12-15 00:00:00,1.2255805058168407
2004-12-16 00:00:00,1.216201583296865
2004-12-17 00:00:00,1.2128374045668737
2004-12-20 00:00:00,1.2119199012768762
2004-12-21 00:00:00,1.2233377199968467
2004-12-22 00:00:00,1.2252746713868417
2004-12-23 00:00:00,1.2280271812568344
2004-12-27 00:00:00,1.221298823796852
2004-12-28 00:00:00,1.2350613731468165
2004-12-29 00:00:00,1.2367944349168118
2004-12-30 00:00:00,1.2346535939068175
2004-12-31 00:00:00,1.2335322009968204
2005-01-03 00:00:00,1.2206871549368534
2005-01-04 00:00:00,1.1983612415469111
2005-01-05 00:00:00,1.1825597959969516
2005-01-06 00:00:00,1.1876570364969388
2005-01-07 00:00:00,1.1827636856169512
2005-01-10 00:00:00,1.191836773706928
2005-01-11 00:00:00,1.1824578511869521
2005-01-12 00:00:00,1.1865356435869416
2005-01-13 00:00:00,1.1853123058669446
2005-01-14 00:00:00,1.1942834491469214
2005-01-18 00:00:00,1.2044779301468953
2005-01-19 00:00:00,1.1928562218069252
2005-01-20 00:00:00,1.188676484596936
2005-01-21 00:00:00,1.1819481271369532
2005-01-24 00:00:00,1.1764431073969677
2005-01-25 00:00:00,1.1800111757469585
2005-01-26 00:00:00,1.188676484596936
2005-01-27 00:00:00,1.1930601114269246
2005-01-28 00:00:00,1.1903076015569318
2005-01-31 00:00:00,1.2039682060968966
2005-02-01 00:00:00,1.2147743559568687
2005-02-02 00:00:00,1.220381320506854
2005-02-03 00:00:00,1.2185463139268589
2005-02-04 00:00:00,1.2330224769468219
2005-02-07 00:00:00,1.2335322009968204
2005-02-08 00:00:00,1.235978876436814
2005-02-09 00:00:00,1.219769651646856
2005-02-10 00:00:00,1.2230318855668474
2005-02-11 00:00:00,1.2373041589668106
2005-02-14 00:00:00,1.2373041589668106
2005-02-15 00:00:00,1.240668337696802
2005-02-16 00:00:00,1.2428091787067963
2005-02-17 00:00:00,1.2357749868168146
2005-02-18 00:00:00,1.2339399802368194
2005-02-22 00:00:00,1.2137549078568712
2005-02-23 00:00:00,1.22201243746685
2005-02-24 00:00:00,1.235571097196815
2005-02-25 00:00:00,1.2508628186967756
2005-02-28 00:00:00,1.2478044743967838
2005-03-01 00:00:00,1.2544308870467664
2005-03-02 00:00:00,1.2534114389467692
2005-03-03 00:00:00,1.2544308870467664
2005-03-04 00:00:00,1.2689070500667292
2005-03-07 00:00:00,1.274310124996715
2005-03-08 00:00:00,1.2661545401967362
2005-03-09 00:00:00,1.2508628186967756
2005-03-10 00:00:00,1.2513725427467746
2005-03-11 00:00:00,1.2497414257867785
2005-03-14 00:00:00,1.2601397964067518
2005-03-15 00:00:00,1.2529017148967705
2005-03-16 00:00:00,1.2447461300967915
2005-03-17 00:00:00,1.2416877857967994
2005-03-18 00:00:00,1.2295563534068308
2005-03-21 00:00:00,1.2350613731468165
2005-03-22 00:00:00,1.2284349604968334
2005-03-23 00:00:00,1.2163035281068648
2005-03-24 00:00:00,1.2232357751868468
2005-03-28 00:00:00,1.2241532784768445
2005-03-29 00:00:00,1.2117160116568766
2005-03-30 00:00:00,1.2248668921468426
2005-03-31 00:00:00,1.2274155123968362
2005-04-01 00:00:00,1.2253766161968416
2005-04-04 00:00:00,1.22588634024684
2005-04-05 00:00:00,1.2288427397368324
2005-04-06 00:00:00,1.2306777463168277
2005-04-07 00:00:00,1.2360808212468137
2005-04-08 00:00:00,1.2218085478468506
2005-04-11 00:00:00,1.2180365898768604
2005-04-12 00:00:00,1.222726051136848
2005-04-13 00:00:00,1.2075362744468874
2005-04-14 00:00:00,1.184802581816946
2005-04-15 00:00:00,1.1718555909469794
2005-04-18 00:00:00,1.17542365929697
2005-04-19 00:00:00,1.1934678906669236
2005-04-20 00:00:00,1.17542365929697
2005-04-21 00:00:00,1.194487338766921
2005-04-22 00:00:00,1.1876570364969388
2005-04-25 00:00:00,1.2006040273669052
2005-04-26 00:00:00,1.1885745397869363
2005-04-27 00:00:00,1.1881667605469373
2005-04-28 00:00:00,1.1702244739869836
2005-04-29 00:00:00,1.1818461823269537
2005-05-02 00:00:00,1.1906134359869311
2005-05-03 00:00:00,1.1891862086469347
2005-05-04 00:00:00,1.1988709655969096
2005-05-05 00:00:00,1.2057012678668921
2005-05-06 00:00:00,1.2081479433068858
2005-05-09 00:00:00,1.2141626870968703
2005-05-10 00:00:00,1.2075362744468874
2005-05-11 00:00:00,1.211614066846877
2005-05-12 00:00:00,1.1954048420569188
2005-05-13 00:00:00,1.189492043076934
2005-05-16 00:00:00,1.2043759853368954
2005-05-17 00:00:00,1.2148763007668686
2005-05-18 00:00:00,1.2350613731468165
2005-05-19 00:00:00,1.2377119382068096
2005-05-20 00:00:00,1.238323607066808
2005-05-23 00:00:00,1.250353094646777
2005-05-24 00:00:00,1.2431150131367958
2005-05-25 00:00:00,1.2376099933968099
2005-05-26 00:00:00,1.246479191866787
2005-05-27 00:00:00,1.2520861564167725
2005-05-31 00:00:00,1.2493336465467797
2005-06-01 00:00:00,1.261261189316749
2005-06-02 00:00:00,1.267072043486734
2005-06-03 00:00:00,1.2610572996967495
2005-06-06 00:00:00,1.2648292576667397
2005-06-07 00:00:00,1.2666642642467352
2005-06-08 00:00:00,1.260037851596752
2005-06-09 00:00:00,1.2671739882967337
2005-06-10 00:00:00,1.2707420566467247
2005-06-13 00:00:00,1.275227628286713
2005-06-14 00:00:00,1.2804268135966994
2005-06-15 00:00:00,1.2848104404266882
2005-06-16 00:00:00,1.2923543563666686
2005-06-17 00:00:00,1.2855240540966861
2005-06-20 00:00:00,1.286033778146685
2005-06-21 00:00:00,1.2859318333366854
2005-06-22 00:00:00,1.2850143300466876
2005-06-23 00:00:00,1.2722712287967204
2005-06-24 00:00:00,1.256062004006762
2005-06-27 00:00:00,1.262790361466745
2005-06-28 00:00:00,1.2793054206867023
2005-06-29 00:00:00,1.2799170895467007
2005-06-30 00:00:00,1.2768587452467086
2005-07-01 00:00:00,1.2865435021966838
2005-07-05 00:00:00,1.2987768793966523
2005-07-06 00:00:00,1.2885823983966784
2005-07-07 00:00:00,1.2931699148466664
2005-07-08 00:00:00,1.3087674707766264
2005-07-11 00:00:00,1.320185289496597
2005-07-12 00:00:00,1.321714461646593
2005-07-13 00:00:00,1.3173308348166042
2005-07-14 00:00:00,1.3128452631766159
2005-07-15 00:00:00,1.3166172211466063
2005-07-18 00:00:00,1.3152919386166098
2005-07-19 00:00:00,1.32681170214658
2005-07-20 00:00:00,1.3325206115065653
2005-07-21 00:00:00,1.3227339097465904
2005-07-22 00:00:00,1.3324186666965654
2005-07-25 00:00:00,1.3293603223965733
2005-07-26 00:00:00,1.3308894945465695
2005-07-27 00:00:00,1.3359867350465564
2005-07-28 00:00:00,1.3456714919965311
2005-07-29 00:00:00,1.3424092580765399
2005-08-01 00:00:00,1.3425112028865396
2005-08-02 00:00:00,1.3484240018665243
2005-08-03 00:00:00,1.3463851056665295
2005-08-04 00:00:00,1.3332342251765632
2005-08-05 00:00:00,1.319777510256598
2005-08-08 00:00:00,1.3140686008966127
2005-08-09 00:00:00,1.3220202960765925
2005-08-10 00:00:00,1.3242630818965866
2005-08-11 00:00:00,1.3298700464465718
2005-08-12 00:00:00,1.3237533578465879
2005-08-15 00:00:00,1.3307875497365698
2005-08-16 00:00:00,1.3125394287466168
2005-08-17 00:00:00,1.3097869188766236
2005-08-18 00:00:00,1.3072382986266304
2005-08-19 00:00:00,1.3134569320366143
2005-08-22 00:00:00,1.3165152763366064
2005-08-23 00:00:00,1.314272490516612
2005-08-24 00:00:00,1.310092753306623
2005-08-25 00:00:00,1.3155977730466089
2005-08-26 00:00:00,1.3007138307866473
2005-08-29 00:00:00,1.3139666560866128
2005-08-30 00:00:00,1.3033643958466403
2005-08-31 00:00:00,1.329462267206573
2005-09-01 00:00:00,1.3257922540465825
2005-09-02 00:00:00,1.319369731016599
2005-09-06 00:00:00,1.3350692317565587
2005-09-07 00:00:00,1.3391470241565484
2005-09-08 00:00:00,1.332928390746564
2005-09-09 00:00:00,1.3435306509865368
2005-09-12 00:00:00,1.3436325957965367
2005-09-13 00:00:00,1.3348653421365593
2005-09-14 00:00:00,1.3291564327765737
2005-09-15 00:00:00,1.3293603223965733
2005-09-16 00:00:00,1.3288505983465746
2005-09-19 00:00:00,1.3257922540465825
2005-09-20 00:00:00,1.3108063669766215
2005-09-21 00:00:00,1.2935776940866657
2005-09-22 00:00:00,1.3002041067366483
2005-09-23 00:00:00,1.3033643958466403
2005-09-26 00:00:00,1.3125394287466168
2005-09-27 00:00:00,1.3093791396366248
2005-09-28 00:00:00,1.3110102565966206
2005-09-29 00:00:00,1.3249766955665845
2005-09-30 00:00:00,1.3346614525165597
2005-10-03 00:00:00,1.3425112028865396
2005-10-04 00:00:00,1.3222241856965915
2005-10-05 00:00:00,1.2960243695266593
2005-10-06 00:00:00,1.2827715442266934
2005-10-07 00:00:00,1.2896018464966756
2005-10-10 00:00:00,1.2802229239766998
2005-10-11 00:00:00,1.2726790080367194
2005-10-12 00:00:00,1.2564697832467613
2005-10-13 00:00:00,1.251943148237305
2005-10-14 00:00:00,1.251943148237305
2005-10-17 00:00:00,1.251943148237305
2005-10-18 00:00:00,1.251943148237305
2005-10-19 00:00:00,1.251943148237305
2005-10-20 00:00:00,1.251943148237305
2005-10-21 00:00:00,1.251943148237305
2005-10-24 00:00:00,1.251943148237305
2005-10-25 00:00:00,1.251943148237305
2005-10-26 00:00:00,1.251943148237305
2005-10-27 00:00:00,1.251943148237305
2005-10-28 00:00:00,1.251943148237305
2005-10-31 00:00:00,1.251943148237305
2005-11-01 00:00:00,1.251943148237305
2005-11-02 00:00:00,1.251943148237305
2005-11-03 00:00:00,1.251943148237305
2005-11-04 00:00:00,1.251943148237305
2005-11-07 00:00:00,1.251943148237305
2005-11-08 00:00:00,1.251943148237305
2005-11-09 00:00:00,1.251943148237305
2005-11-10 00:00:00,1.251943148237305
2005-11-11 00:00:00,1.251943148237305
2005-11-14 00:00:00,1.251943148237305
2005-11-15 00:00:00,1.251943148237305
2005-11-16 00:00:00,1.251943148237305
2005-11-17 00:00:00,1.251943148237305
2005-11-18 00:00:00,1.251943148237305
2005-11-21 00:00:00,1.251943148237305
2005-11-22 00:00:00,1.251943148237305
2005-11-23 00:00:00,1.251943148237305
2005-11-25 00:00:00,1.251943148237305
2005-11-28 00:00:00,1.251943148237305
2005-11-29 00:00:00,1.251943148237305
2005-11-30 00:00:00,1.251943148237305
2005-12-01 00:00:00,1.251943148237305
2005-12-02 00:00:00,1.251943148237305
2005-12-05 00:00:00,1.251943148237305
2005-12-06 00:00:00,1.251943148237305
2005-12-07 00:00:00,1.251943148237305
2005-12-08 00:00:00,1.251943148237305
2005-12-09 00:00:00,1.251943148237305
2005-12-12 00:00:00,1.251943148237305
2005-12-13 00:00:00,1.251943148237305
2005-12-14 00:00:00,1.251943148237305
2005-12-15 00:00:00,1.251943148237305
2005-12-16 00:00:00,1.251943148237305
2005-12-19 00:00:00,1.251943148237305
2005-12-20 00:00:00,1.251943148237305
2005-12-21 00:00:00,1.251943148237305
2005-12-22 00:00:00,1.251943148237305
2005-12-23 00:00:00,1.251943148237305
2005-12-27 00:00:00,1.251943148237305
2005-12-28 00:00:00,1.251943148237305
2005-12-29 00:00:00,1.251943148237305
2005-12-30 00:00:00,1.251943148237305
2006-01-03 00:00:00,1.251943148237305
2006-01-04 00:00:00,1.251943148237305
2006-01-05 00:00:00,1.251943148237305
2006-01-06 00:00:00,1.251943148237305
2006-01-09 00:00:00,1.251943148237305
2006-01-10 00:00:00,1.251943148237305
2006-01-11 00:00:00,1.251943148237305
2006-01-12 00:00:00,1.251943148237305
2006-01-13 00:00:00,1.251943148237305
2006-01-17 00:00:00,1.251943148237305
2006-01-18 00:00:00,1.251943148237305
2006-01-19 00:00:00,1.251943148237305
2006-01-20 00:00:00,1.251943148237305
2006-01-23 00:00:00,1.251943148237305
2006-01-24 00:00:00,1.251943148237305
2006-01-25 00:00:00,1.251943148237305
2006-01-26 00:00:00,1.251943148237305
2006-01-27 00:00:00,1.251943148237305
2006-01-30 00:00:00,1.251943148237305
2006-01-31 00:00:00,1.251943148237305
2006-02-01 00:00:00,1.251943148237305
2006-02-02 00:00:00,1.251943148237305
2006-02-03 00:00:00,1.251943148237305
2006-02-06 00:00:00,1.251943148237305
2006-02-07 00:00:00,1.251943148237305
2006-02-08 00:00:00,1.251943148237305
2006-02-09 00:00:00,1.251943148237305
2006-02-10 00:00:00,1.251943148237305
2006-02-13 00:00:00,1.251943148237305
2006-02-14 00:00:00,1.251943148237305
2006-02-15 00:00:00,1.251943148237305
2006-02-16 00:00:00,1.251943148237305
2006-02-17 00:00:00,1.251943148237305
2006-02-21 00:00:00,1.251943148237305
2006-02-22 00:00:00,1.251943148237305
2006-02-23 00:00:00,1.251943148237305
2006-02-24 00:00:00,1.251943148237305
2006-02-27 00:00:00,1.251943148237305
2006-02-28 00:00:00,1.251943148237305
2006-03-01 00:00:00,1.251943148237305
2006-03-02 00:00:00,1.251943148237305
2006-03-03 00:00:00,1.251943148237305
2006-03-06 00:00:00,1.251943148237305
2006-03-07 00:00:00,1.251943148237305
2006-03-08 00:00:00,1.251943148237305
2006-03-09 00:00:00,1.251943148237305
2006-03-10 00:00:00,1.251943148237305
2006-03-13 00:00:00,1.251943148237305
2006-03-14 00:00:00,1.251943148237305
2006-03-15 00:00:00,1.251943148237305
2006-03-16 00:00:00,1.251943148237305
2006-03-17 00:00:00,1.251943148237305
2006-03-20 00:00:00,1.251943148237305
2006-03-21 00:00:00,1.251943148237305
2006-03-22 00:00:00,1.251943148237305
2006-03-23 00:00:00,1.251943148237305
2006-03-24 00:00:00,1.251943148237305
2006-03-27 00:00:00,1.251943148237305
2006-03-28 00:00:00,1.251943148237305
2006-03-29 00:00:00,1.251943148237305
2006-03-30 00:00:00,1.251943148237305
2006-03-31 00:00:00,1.251943148237305
2006-04-03 00:00:00,1.251943148237305
2006-04-04 00:00:00,1.251943148237305
2006-04-05 00:00:00,1.251943148237305
2006-04-06 00:00:00,1.251943148237305
2006-04-07 00:00:00,1.251943148237305
2006-04-10 00:00:00,1.251943148237305
2006-04-11 00:00:00,1.251943148237305
2006-04-12 00:00:00,1.251943148237305
2006-04-13 00:00:00,1.251943148237305
2006-04-17 00:00:00,1.251943148237305
2006-04-18 00:00:00,1.251943148237305
2006-04-19 00:00:00,1.251943148237305
2006-04-20 00:00:00,1.251943148237305
2006-04-21 00:00:00,1.251943148237305
2006-04-24 00:00:00,1.251943148237305
2006-04-25 00:00:00,1.251943148237305
2006-04-26 00:00:00,1.251943148237305
2006-04-27 00:00:00,1.251943148237305
2006-04-28 00:00:00,1.251943148237305
2006-05-01 00:00:00,1.251943148237305
2006-05-02 00:00:00,1.251943148237305
2006-05-03 00:00:00,1.251943148237305
2006-05-04 00:00:00,1.251943148237305
2006-05-05 00:00:00,1.251943148237305
2006-05-08 00:00:00,1.251943148237305
2006-05-09 00:00:00,1.251943148237305
2006-05-10 00:00:00,1.251943148237305
2006-05-11 00:00:00,1.251943148237305
2006-05-12 00:00:00,1.251943148237305
2006-05-15 00:00:00,1.251943148237305
2006-05-16 00:00:00,1.251943148237305
2006-05-17 00:00:00,1.251943148237305
2006-05-18 00:00:00,1.251943148237305
2006-05-19 00:00:00,1.251943148237305
2006-05-22 00:00:00,1.251943148237305
2006-05-23 00:00:00,1.251943148237305
2006-05-24 00:00:00,1.251943148237305
2006-05-25 00:00:00,1.251943148237305
2006-05-26 00:00:00,1.251943148237305
2006-05-30 00:00:00,1.251943148237305
2006-05-31 00:00:00,1.251943148237305
2006-06-01 00:00:00,1.251943148237305
2006-06-02 00:00:00,1.251943148237305
2006-06-05 00:00:00,1.251943148237305
2006-06-06 00:00:00,1.251943148237305
2006-06-07 00:00:00,1.251943148237305
2006-06-08 00:00:00,1.251943148237305
2006-06-09 00:00:00,1.251943148237305
2006-06-12 00:00:00,1.251943148237305
2006-06-13 00:00:00,1.251943148237305
2006-06-14 00:00:00,1.251943148237305
2006-06-15 00:00:00,1.251943148237305
2006-06-16 00:00:00,1.251943148237305
2006-06-19 00:00:00,1.251943148237305
2006-06-20 00:00:00,1.251943148237305
2006-06-21 00:00:00,1.251943148237305
2006-06-22 00:00:00,1.251943148237305
2006-06-23 00:00:00,1.251943148237305
2006-06-26 00:00:00,1.251943148237305
2006-06-27 00:00:00,1.251943148237305
2006-06-28 00:00:00,1.251943148237305
2006-06-29 00:00:00,1.251943148237305
2006-06-30 00:00:00,1.251943148237305
2006-07-03 00:00:00,1.251943148237305
2006-07-05 00:00:00,1.251943148237305
2006-07-06 00:00:00,1.251943148237305
2006-07-07 00:00:00,1.2433887987855243
2006-07-10 00:00:00,1.2391116240596338
2006-07-11 00:00:00,1.2357761187016643
2006-07-12 00:00:00,1.2357761187016643
2006-07-13 00:00:00,1.2357761187016643
2006-07-14 00:00:00,1.2357761187016643
2006-07-17 00:00:00,1.2357761187016643
2006-07-18 00:00:00,1.2357761187016643
2006-07-19 00:00:00,1.2357761187016643
2006-07-20 00:00:00,1.2357761187016643
2006-07-21 00:00:00,1.2357761187016643
2006-07-24 00:00:00,1.2357761187016643
2006-07-25 00:00:00,1.2357761187016643
2006-07-26 00:00:00,1.2357761187016643
2006-07-27 00:00:00,1.2357761187016643
2006-07-28 00:00:00,1.2357761187016643
2006-07-31 00:00:00,1.2357761187016643
2006-08-01 00:00:00,1.2357761187016643
2006-08-02 00:00:00,1.2357761187016643
2006-08-03 00:00:00,1.2357761187016643
2006-08-04 00:00:00,1.2357761187016643
2006-08-07 00:00:00,1.2357761187016643
2006-08-08 00:00:00,1.2357761187016643
2006-08-09 00:00:00,1.2357761187016643
2006-08-10 00:00:00,1.2357761187016643
2006-08-11 00:00:00,1.2357761187016643
2006-08-14 00:00:00,1.2357761187016643
2006-08-15 00:00:00,1.2357761187016643
2006-08-16 00:00:00,1.2357761187016643
2006-08-17 00:00:00,1.2357761187016643
2006-08-18 00:00:00,1.2357761187016643
2006-08-21 00:00:00,1.2357761187016643
2006-08-22 00:00:00,1.2357761187016643
2006-08-23 00:00:00,1.2357761187016643
2006-08-24 00:00:00,1.2357761187016643
2006-08-25 00:00:00,1.2357761187016643
2006-08-28 00:00:00,1.2357761187016643
2006-08-29 00:00:00,1.2357761187016643
2006-08-30 00:00:00,1.2357761187016643
2006-08-31 00:00:00,1.2357761187016643
2006-09-01 00:00:00,1.2357761187016643
2006-09-05 00:00:00,1.2357761187016643
2006-09-06 00:00:00,1.2357761187016643
2006-09-07 00:00:00,1.2357761187016643
2006-09-08 00:00:00,1.2357761187016643
2006-09-11 00:00:00,1.2357761187016643
2006-09-12 00:00:00,1.2357761187016643
2006-09-13 00:00:00,1.2357761187016643
2006-09-14 00:00:00,1.2357761187016643
2006-09-15 00:00:00,1.2357761187016643
2006-09-18 00:00:00,1.2357761187016643
2006-09-19 00:00:00,1.2357761187016643
2006-09-20 00:00:00,1.2357761187016643
2006-09-21 00:00:00,1.2357761187016643
2006-09-22 00:00:00,1.2357761187016643
2006-09-25 00:00:00,1.2357761187016643
2006-09-26 00:00:00,1.2357761187016643
2006-09-27 00:00:00,1.2357761187016643
2006-09-28 00:00:00,1.2357761187016643
2006-09-29 00:00:00,1.2357761187016643
2006-10-02 00:00:00,1.2357761187016643
2006-10-03 00:00:00,1.2357761187016643
2006-10-04 00:00:00,1.2357761187016643
2006-10-05 00:00:00,1.2357761187016643
2006-10-06 00:00:00,1.2357761187016643
2006-10-09 00:00:00,1.2357761187016643
2006-10-10 00:00:00,1.2357761187016643
2006-10-11 00:00:00,1.2357761187016643
2006-10-12 00:00:00,1.2357761187016643
2006-10-13 00:00:00,1.2431525913203187
2006-10-16 00:00:00,1.2502687178465504
2006-10-17 00:00:00,1.2405491303960876
2006-10-18 00:00:00,1.2404623483652801
2006-10-19 00:00:00,1.2470577827066653
2006-10-20 00:00:00,1.2341272601163178
2006-10-23 00:00:00,1.2401152202420493
2006-10-24 00:00:00,1.2483595131687808
2006-10-25 00:00:00,1.25443425532532
2006-10-26 00:00:00,1.2592940490505513
2006-10-27 00:00:00,1.2479256030147425
2006-10-30 00:00:00,1.2479256030147425
2006-10-31 00:00:00,1.2431525913203187
2006-11-01 00:00:00,1.2223249039264705
2006-11-02 00:00:00,1.2272714796825093
2006-11-03 00:00:00,1.2327387476233949
2006-11-06 00:00:00,1.2431525913203187
2006-11-07 00:00:00,1.2470577827066653
2006-11-08 00:00:00,1.2531325248632046
2006-11-09 00:00:00,1.2490537694152426
2006-11-10 00:00:00,1.2583394467116664
2006-11-13 00:00:00,1.2587733568657051
2006-11-14 00:00:00,1.2730923919489756
2006-11-15 00:00:00,1.2778654036433994
2006-11-16 00:00:00,1.2813366848757073
2006-11-17 00:00:00,1.2791671341055149
2006-11-20 00:00:00,1.2795142622287456
2006-11-21 00:00:00,1.2828119793994381
2006-11-22 00:00:00,1.286370042662554
2006-11-24 00:00:00,1.2829855434610538
2006-11-27 00:00:00,1.257905536557628
2006-11-28 00:00:00,1.262244638098013
2006-11-29 00:00:00,1.2810763387832842
2006-11-30 00:00:00,1.2819441590913612
2006-12-01 00:00:00,1.282638415337823
2006-12-04 00:00:00,1.2975649246367476
2006-12-05 00:00:00,1.3025115003927865
2006-12-06 00:00:00,1.2985195269756322
2006-12-07 00:00:00,1.2949614637125164
2006-12-08 00:00:00,1.293052259034747
2006-12-11 00:00:00,1.2929654770039394
2006-12-12 00:00:00,1.287845337186285
2006-12-13 00:00:00,1.2891470676484005
2006-12-14 00:00:00,1.2915769645110162
2006-12-15 00:00:00,1.2880189012479002
2006-12-18 00:00:00,1.2789067880130918
2006-12-19 00:00:00,1.2758694169348221
2006-12-20 00:00:00,1.2791671341055149
2006-12-21 00:00:00,1.2741337763186682
2006-12-22 00:00:00,1.263199240436898
2006-12-26 00:00:00,1.2738734302262449
2006-12-27 00:00:00,1.2848079661080154
2006-12-28 00:00:00,1.279427480197938
2006-12-29 00:00:00,1.2722245716408986
2007-01-03 00:00:00,1.276476891150476
2007-01-04 00:00:00,1.2779521856742069
2007-01-05 00:00:00,1.2612032537283207
2007-01-08 00:00:00,1.263719932621744
2007-01-09 00:00:00,1.2709228411787832
2007-01-10 00:00:00,1.279687826290361
2007-01-11 00:00:00,1.2868039528165924
2007-01-12 00:00:00,1.3005155136842095
2007-01-16 00:00:00,1.2918373106034393
2007-01-17 00:00:00,1.2941804254352471
2007-01-18 00:00:00,1.2823780692453999
2007-01-19 00:00:00,1.288713157494362
2007-01-22 00:00:00,1.2850683122004385
2007-01-23 00:00:00,1.2920108746650545
2007-01-24 00:00:00,1.3056356535018636
2007-01-25 00:00:00,1.2938332973120164
2007-01-26 00:00:00,1.2952218098049395
2007-01-29 00:00:00,1.3029454105468248
2007-01-30 00:00:00,1.3080655503644791
2007-01-31 00:00:00,1.3149213307982879
2007-02-01 00:00:00,1.3291535838507507
2007-02-02 00:00:00,1.3303685322820586
2007-02-05 00:00:00,1.3349679799148668
2007-02-06 00:00:00,1.339567427547675
2007-02-07 00:00:00,1.3468571181355213
2007-02-08 00:00:00,1.3458157337658294
2007-02-09 00:00:00,1.3400013377017133
2007-02-12 00:00:00,1.3328852111754819
2007-02-13 00:00:00,1.3449479134577522
2007-02-14 00:00:00,1.3544939368465996
2007-02-15 00:00:00,1.3547542829390227
2007-02-16 00:00:00,1.3573577438632536
2007-02-20 00:00:00,1.366383075067254
2007-02-21 00:00:00,1.3701147023919855
2007-02-22 00:00:00,1.3765365726717556
2007-02-23 00:00:00,1.3713296508232935
2007-02-26 00:00:00,1.3702882664536011
2007-02-27 00:00:00,1.320301816708365
2007-02-28 00:00:00,1.329066801819943
2007-03-01 00:00:00,1.3239466620022886
2007-03-02 00:00:00,1.3019908082079403
2007-03-05 00:00:00,1.2740469942878605
2007-03-06 00:00:00,1.2969574504210934
2007-03-07 00:00:00,1.3042471410089405
2007-03-08 00:00:00,1.3170908815684803
2007-03-09 00:00:00,1.319520778431096
2007-03-12 00:00:00,1.3235127518482501
2007-03-13 00:00:00,1.2999080394685554
2007-03-14 00:00:00,1.3054620894402482
2007-03-15 00:00:00,1.305809217563479
2007-03-16 00:00:00,1.2993873472837092
2007-03-19 00:00:00,1.3138799464285953
2007-03-20 00:00:00,1.3233391877866347
2007-03-21 00:00:00,1.3422576705027134
2007-03-22 00:00:00,1.3466835540739064
2007-03-23 00:00:00,1.3503283993678297
2007-03-26 00:00:00,1.3458157337658294
2007-03-27 00:00:00,1.3450346954885601
2007-03-28 00:00:00,1.3390467353628288
2007-03-29 00:00:00,1.334881197884059
2007-03-30 00:00:00,1.3413898501946364
2007-04-02 00:00:00,1.3438197470572522
2007-04-03 00:00:00,1.3548410649698304
2007-04-04 00:00:00,1.356403141524369
2007-04-05 00:00:00,1.3559692313703304
2007-04-09 00:00:00,1.3620439735268695
2007-04-10 00:00:00,1.3655152547591771
2007-04-11 00:00:00,1.3573577438632536
2007-04-12 00:00:00,1.366816985221293
2007-04-13 00:00:00,1.3707221766076394
2007-04-16 00:00:00,1.3837394812287944
2007-04-17 00:00:00,1.3836526991979867
2007-04-18 00:00:00,1.3798342898424483
2007-04-19 00:00:00,1.3768837007949863
2007-04-20 00:00:00,1.3910291718166417
2007-04-23 00:00:00,1.3912895179090647
2007-04-24 00:00:00,1.3920705561863338
2007-04-25 00:00:00,1.3988395545893348
2007-04-26 00:00:00,1.4067367193928355
2007-04-27 00:00:00,1.398665990527719
2007-04-30 00:00:00,1.3785325593803326
2007-05-01 00:00:00,1.382177404674256
2007-05-02 00:00:00,1.3981452983428733
2007-05-03 00:00:00,1.400488413174681
2007-05-04 00:00:00,1.410034436563528
2007-05-07 00:00:00,1.4073441936084894
2007-05-08 00:00:00,1.4061292451771816
2007-05-09 00:00:00,1.4168902169973367
2007-05-10 00:00:00,1.402744745975681
2007-05-11 00:00:00,1.4103815646867588
2007-05-14 00:00:00,1.4073441936084894
2007-05-15 00:00:00,1.4021372717600271
2007-05-16 00:00:00,1.407170629546874
2007-05-17 00:00:00,1.4077781037625277
2007-05-18 00:00:00,1.418972985736721
2007-05-21 00:00:00,1.429473611464453
2007-05-22 00:00:00,1.4311224700497993
2007-05-23 00:00:00,1.4310356880189916
2007-05-24 00:00:00,1.406910283454451
2007-05-25 00:00:00,1.4171505630897598
2007-05-29 00:00:00,1.4239195614927604
2007-05-30 00:00:00,1.4398874551613772
2007-05-31 00:00:00,1.449259914488609
2007-06-01 00:00:00,1.4549007464911095
2007-06-04 00:00:00,1.4608019245860335
2007-06-05 00:00:00,1.4562892589840328
2007-06-06 00:00:00,1.4340730590972615
2007-06-07 00:00:00,1.4019637076984122
2007-06-08 00:00:00,1.420187934168029
2007-06-11 00:00:00,1.422010356814991
2007-06-12 00:00:00,1.4047407326842585
2007-06-13 00:00:00,1.421750010722568
2007-06-14 00:00:00,1.4332920208199922
2007-06-15 00:00:00,1.4384989426684538
2007-06-18 00:00:00,1.4327713286351456
2007-06-19 00:00:00,1.4324242005119152
2007-06-20 00:00:00,1.4249609458624528
2007-06-21 00:00:00,1.4297339575568762
2007-06-22 00:00:00,1.4191465497983367
2007-06-25 00:00:00,1.4042200404994123
2007-06-26 00:00:00,1.3927648124327958
2007-06-27 00:00:00,1.4136792818574517
2007-06-28 00:00:00,1.4155017045044134
2007-06-29 00:00:00,1.4141131920114898
2007-07-02 00:00:00,1.4316431622346455
2007-07-03 00:00:00,1.4371972122063388
2007-07-05 00:00:00,1.4358954817442229
2007-07-06 00:00:00,1.444052992640147
2007-07-09 00:00:00,1.4449208129482238
2007-07-10 00:00:00,1.4244402536776062
2007-07-11 00:00:00,1.4357219176826075
2007-07-12 00:00:00,1.453685798059802
2007-07-13 00:00:00,1.4587191558466484
2007-07-16 00:00:00,1.4517765933820321
2007-07-17 00:00:00,1.4548139644603018
2007-07-18 00:00:00,1.451342683227994
2007-07-19 00:00:00,1.4549007464911095
2007-07-20 00:00:00,1.4423173520239927
2007-07-23 00:00:00,1.4358086997134152
2007-07-24 00:00:00,1.4089062701630277
2007-07-25 00:00:00,1.4010958873903347
2007-07-26 00:00:00,1.370635394576832
2007-07-27 00:00:00,1.3429519267491752
2007-07-30 00:00:00,1.363345703988985
2007-07-31 00:00:00,1.3477249384435988
2007-08-01 00:00:00,1.3551014110622535
2007-08-02 00:00:00,1.367424459436947
2007-08-03 00:00:00,1.3303685322820586
2007-08-06 00:00:00,1.3340397593133473
2007-08-07 00:00:00,1.3340397593133473
2007-08-08 00:00:00,1.3340397593133473
2007-08-09 00:00:00,1.3340397593133473
2007-08-10 00:00:00,1.3340397593133473
2007-08-13 00:00:00,1.3340397593133473
2007-08-14 00:00:00,1.3340397593133473
2007-08-15 00:00:00,1.3340397593133473
2007-08-16 00:00:00,1.3340397593133473
2007-08-17 00:00:00,1.3340397593133473
2007-08-20 00:00:00,1.3340397593133473
2007-08-21 00:00:00,1.3340397593133473
2007-08-22 00:00:00,1.3340397593133473
2007-08-23 00:00:00,1.3340397593133473
2007-08-24 00:00:00,1.3340397593133473
2007-08-27 00:00:00,1.3340397593133473
2007-08-28 00:00:00,1.3340397593133473
2007-08-29 00:00:00,1.3340397593133473
2007-08-30 00:00:00,1.3340397593133473
2007-08-31 00:00:00,1.3340397593133473
2007-09-04 00:00:00,1.3340397593133473
2007-09-05 00:00:00,1.3340397593133473
2007-09-06 00:00:00,1.3340397593133473
2007-09-07 00:00:00,1.331691196060903
2007-09-10 00:00:00,1.3349023572389296
2007-09-11 00:00:00,1.3349023572389296
2007-09-12 00:00:00,1.3349023572389296
2007-09-13 00:00:00,1.3349023572389296
2007-09-14 00:00:00,1.3349023572389296
2007-09-17 00:00:00,1.3349023572389296
2007-09-18 00:00:00,1.3349023572389296
2007-09-19 00:00:00,1.3328242308302256
2007-09-20 00:00:00,1.3253583692878446
2007-09-21 00:00:00,1.3226645017210061
2007-09-24 00:00:00,1.3188161194826653
2007-09-25 00:00:00,1.3158913489815265
2007-09-26 00:00:00,1.3229723723000733
2007-09-27 00:00:00,1.3345175190150955
2007-09-28 00:00:00,1.3299764279738533
2007-10-01 00:00:00,1.3451390539929158
2007-10-02 00:00:00,1.3486795656521893
2007-10-03 00:00:00,1.3529897537591309
2007-10-04 00:00:00,1.348756533296956
2007-10-05 00:00:00,1.3710001826345655
2007-10-08 00:00:00,1.362456774065449
2007-10-09 00:00:00,1.3753873383862738
2007-10-10 00:00:00,1.3727704384642019
2007-10-11 00:00:00,1.3664590915933232
2007-10-12 00:00:00,1.3688450885810945
2007-10-15 00:00:00,1.3630725152235836
2007-10-16 00:00:00,1.3466784068882522
2007-10-17 00:00:00,1.3502958861922922
2007-10-18 00:00:00,1.3528358184695972
2007-10-19 00:00:00,1.315198640178625
2007-10-22 00:00:00,1.3273595280517816
2007-10-23 00:00:00,1.3352102278179967
2007-10-24 00:00:00,1.3361338395551987
2007-10-25 00:00:00,1.3357490013313644
2007-10-26 00:00:00,1.3462166010196512
2007-10-29 00:00:00,1.349603177389391
2007-10-30 00:00:00,1.3398282865040056
2007-10-31 00:00:00,1.3618410329073145
2007-11-01 00:00:00,1.3325163602511583
2007-11-02 00:00:00,1.333055133764526
2007-11-05 00:00:00,1.3189700547721988
2007-11-06 00:00:00,1.3375192571610013
2007-11-07 00:00:00,1.3135053519937552
2007-11-08 00:00:00,1.2909258520089597
2007-11-09 00:00:00,1.2909258520089597
2007-11-12 00:00:00,1.2909258520089597
2007-11-13 00:00:00,1.2909258520089597
2007-11-14 00:00:00,1.2909258520089597
2007-11-15 00:00:00,1.2909258520089597
2007-11-16 00:00:00,1.2909258520089597
2007-11-19 00:00:00,1.2909258520089597
2007-11-20 00:00:00,1.2909258520089597
2007-11-21 00:00:00,1.2909258520089597
2007-11-23 00:00:00,1.2909258520089597
2007-11-26 00:00:00,1.2909258520089597
2007-11-27 00:00:00,1.2909258520089597
2007-11-28 00:00:00,1.2909258520089597
2007-11-29 00:00:00,1.2909258520089597
2007-11-30 00:00:00,1.2909258520089597
2007-12-03 00:00:00,1.2909258520089597
2007-12-04 00:00:00,1.2909258520089597
2007-12-05 00:00:00,1.2909258520089597
2007-12-06 00:00:00,1.2909258520089597
2007-12-07 00:00:00,1.2909258520089597
2007-12-10 00:00:00,1.2909258520089597
2007-12-11 00:00:00,1.2909258520089597
2007-12-12 00:00:00,1.2909258520089597
2007-12-13 00:00:00,1.2909258520089597
2007-12-14 00:00:00,1.2909258520089597
2007-12-17 00:00:00,1.2909258520089597
2007-12-18 00:00:00,1.2909258520089597
2007-12-19 00:00:00,1.2909258520089597
2007-12-20 00:00:00,1.2909258520089597
2007-12-21 00:00:00,1.2909258520089597
2007-12-24 00:00:00,1.2909258520089597
2007-12-26 00:00:00,1.2909258520089597
2007-12-27 00:00:00,1.2909258520089597
2007-12-28 00:00:00,1.2909258520089597
2007-12-31 00:00:00,1.2909258520089597
2008-01-02 00:00:00,1.2909258520089597
2008-01-03 00:00:00,1.2909258520089597
2008-01-04 00:00:00,1.2909258520089597
2008-01-07 00:00:00,1.2909258520089597
2008-01-08 00:00:00,1.2909258520089597
2008-01-09 00:00:00,1.2909258520089597
2008-01-10 00:00:00,1.2909258520089597
2008-01-11 00:00:00,1.2909258520089597
2008-01-14 00:00:00,1.2909258520089597
2008-01-15 00:00:00,1.2909258520089597
2008-01-16 00:00:00,1.2909258520089597
2008-01-17 00:00:00,1.2909258520089597
2008-01-18 00:00:00,1.2909258520089597
2008-01-22 00:00:00,1.2909258520089597
2008-01-23 00:00:00,1.2909258520089597
2008-01-24 00:00:00,1.2909258520089597
2008-01-25 00:00:00,1.2909258520089597
2008-01-28 00:00:00,1.2909258520089597
2008-01-29 00:00:00,1.2909258520089597
2008-01-30 00:00:00,1.2909258520089597
2008-01-31 00:00:00,1.2909258520089597
2008-02-01 00:00:00,1.2909258520089597
2008-02-04 00:00:00,1.2909258520089597
2008-02-05 00:00:00,1.2909258520089597
2008-02-06 00:00:00,1.2909258520089597
2008-02-07 00:00:00,1.2909258520089597
2008-02-08 00:00:00,1.2909258520089597
2008-02-11 00:00:00,1.2909258520089597
2008-02-12 00:00:00,1.2909258520089597
2008-02-13 00:00:00,1.2909258520089597
2008-02-14 00:00:00,1.2909258520089597
2008-02-15 00:00:00,1.2909258520089597
2008-02-19 00:00:00,1.2909258520089597
2008-02-20 00:00:00,1.2909258520089597
2008-02-21 00:00:00,1.2909258520089597
2008-02-22 00:00:00,1.2909258520089597
2008-02-25 00:00:00,1.2909258520089597
2008-02-26 00:00:00,1.2909258520089597
2008-02-27 00:00:00,1.2909258520089597
2008-02-28 00:00:00,1.2909258520089597
2008-02-29 00:00:00,1.2909258520089597
2008-03-03 00:00:00,1.2909258520089597
2008-03-04 00:00:00,1.2909258520089597
2008-03-05 00:00:00,1.2909258520089597
2008-03-06 00:00:00,1.2909258520089597
2008-03-07 00:00:00,1.2909258520089597
2008-03-10 00:00:00,1.2909258520089597
2008-03-11 00:00:00,1.2909258520089597
2008-03-12 00:00:00,1.2909258520089597
2008-03-13 00:00:00,1.2909258520089597
2008-03-14 00:00:00,1.2909258520089597
2008-03-17 00:00:00,1.2909258520089597
2008-03-18 00:00:00,1.2909258520089597
2008-03-19 00:00:00,1.2909258520089597
2008-03-20 00:00:00,1.2909258520089597
2008-03-24 00:00:00,1.2909258520089597
2008-03-25 00:00:00,1.2909258520089597
2008-03-26 00:00:00,1.2909258520089597
2008-03-27 00:00:00,1.2909258520089597
2008-03-28 00:00:00,1.2909258520089597
2008-03-31 00:00:00,1.2909258520089597
2008-04-01 00:00:00,1.2909258520089597
2008-04-02 00:00:00,1.2909258520089597
2008-04-03 00:00:00,1.2909258520089597
2008-04-04 00:00:00,1.2909258520089597
2008-04-07 00:00:00,1.2909258520089597
2008-04-08 00:00:00,1.2909258520089597
2008-04-09 00:00:00,1.2909258520089597
2008-04-10 00:00:00,1.2909258520089597
2008-04-11 00:00:00,1.2909258520089597
2008-04-14 00:00:00,1.2909258520089597
2008-04-15 00:00:00,1.2909258520089597
2008-04-16 00:00:00,1.2909258520089597
2008-04-17 00:00:00,1.2909258520089597
2008-04-18 00:00:00,1.2909258520089597
2008-04-21 00:00:00,1.2909258520089597
2008-04-22 00:00:00,1.2909258520089597
2008-04-23 00:00:00,1.2909258520089597
2008-04-24 00:00:00,1.2909258520089597
2008-04-25 00:00:00,1.2909258520089597
2008-04-28 00:00:00,1.2909258520089597
2008-04-29 00:00:00,1.2909258520089597
2008-04-30 00:00:00,1.2909258520089597
2008-05-01 00:00:00,1.2909258520089597
2008-05-02 00:00:00,1.2909258520089597
2008-05-05 00:00:00,1.2909258520089597
2008-05-06 00:00:00,1.3092344744627982
2008-05-07 00:00:00,1.2967207829691196
2008-05-08 00:00:00,1.2978125815558164
2008-05-09 00:00:00,1.3019278223825967
2008-05-12 00:00:00,1.3171290180896829
2008-05-13 00:00:00,1.3282149729699888
2008-05-14 00:00:00,1.3291388025433475
2008-05-15 00:00:00,1.3467755489438344
2008-05-16 00:00:00,1.348875161610559
2008-05-19 00:00:00,1.3496310221705796
2008-05-20 00:00:00,1.347531409503855
2008-05-21 00:00:00,1.3258634067832573
2008-05-22 00:00:00,1.326115360303264
2008-05-23 00:00:00,1.3082266603827706
2008-05-27 00:00:00,1.3189766772364007
2008-05-28 00:00:00,1.3352696715301835
2008-05-29 00:00:00,1.3360255320902046
2008-05-30 00:00:00,1.348959146117228
2008-06-02 00:00:00,1.3355216250501905
2008-06-03 00:00:00,1.3387130363036117
2008-06-04 00:00:00,1.3399728039036467
2008-06-05 00:00:00,1.3717189474245228
2008-06-06 00:00:00,1.3324981828101068
2008-06-09 00:00:00,1.3332540433701277
2008-06-10 00:00:00,1.3227559800365047
2008-06-11 00:00:00,1.3023477449159415
2008-06-12 00:00:00,1.3055391561693628
2008-06-13 00:00:00,1.3235958251031945
2008-06-16 00:00:00,1.3301466166233753
2008-06-17 00:00:00,1.3345138109701626
2008-06-18 00:00:00,1.3230079335565117
2008-06-19 00:00:00,1.3277950504366436
2008-06-20 00:00:00,1.3030196209692935
2008-06-23 00:00:00,1.2984844576091685
2008-06-24 00:00:00,1.2849629520354617
2008-06-25 00:00:00,1.2917656970756495
2008-06-26 00:00:00,1.2597676000347664
2008-06-27 00:00:00,1.2486685298340259
2008-06-30 00:00:00,1.2486685298340259
2008-07-01 00:00:00,1.2486685298340259
2008-07-02 00:00:00,1.2486685298340259
2008-07-03 00:00:00,1.2486685298340259
2008-07-07 00:00:00,1.2486685298340259
2008-07-08 00:00:00,1.2486685298340259
2008-07-09 00:00:00,1.2486685298340259
2008-07-10 00:00:00,1.2486685298340259
2008-07-11 00:00:00,1.2486685298340259
2008-07-14 00:00:00,1.2486685298340259
2008-07-15 00:00:00,1.2486685298340259
2008-07-16 00:00:00,1.2486685298340259
2008-07-17 00:00:00,1.2486685298340259
2008-07-18 00:00:00,1.2486685298340259
2008-07-21 00:00:00,1.2486685298340259
2008-07-22 00:00:00,1.2486685298340259
2008-07-23 00:00:00,1.2486685298340259
2008-07-24 00:00:00,1.2486685298340259
2008-07-25 00:00:00,1.2486685298340259
2008-07-28 00:00:00,1.2486685298340259
2008-07-29 00:00:00,1.2486685298340259
2008-07-30 00:00:00,1.2486685298340259
2008-07-31 00:00:00,1.2486685298340259
2008-08-01 00:00:00,1.2486685298340259
2008-08-04 00:00:00,1.2486685298340259
2008-08-05 00:00:00,1.2486685298340259
2008-08-06 00:00:00,1.2486685298340259
2008-08-07 00:00:00,1.2486685298340259
2008-08-08 00:00:00,1.2486685298340259
2008-08-11 00:00:00,1.2486685298340259
2008-08-12 00:00:00,1.2486685298340259
2008-08-13 00:00:00,1.2486685298340259
2008-08-14 00:00:00,1.2486685298340259
2008-08-15 00:00:00,1.2486685298340259
2008-08-18 00:00:00,1.2486685298340259
2008-08-19 00:00:00,1.2486685298340259
2008-08-20 00:00:00,1.2486685298340259
2008-08-21 00:00:00,1.2486685298340259
2008-08-22 00:00:00,1.2486685298340259
2008-08-25 00:00:00,1.2486685298340259
2008-08-26 00:00:00,1.2486685298340259
2008-08-27 00:00:00,1.2486685298340259
2008-08-28 00:00:00,1.2486685298340259
2008-08-29 00:00:00,1.2486685298340259
2008-09-02 00:00:00,1.2486685298340259
2008-09-03 00:00:00,1.2486685298340259
2008-09-04 00:00:00,1.2486685298340259
2008-09-05 00:00:00,1.2486685298340259
2008-09-08 00:00:00,1.2486685298340259
2008-09-09 00:00:00,1.2486685298340259
2008-09-10 00:00:00,1.2486685298340259
2008-09-11 00:00:00,1.2486685298340259
2008-09-12 00:00:00,1.2486685298340259
2008-09-15 00:00:00,1.2486685298340259
2008-09-16 00:00:00,1.2486685298340259
2008-09-17 00:00:00,1.2486685298340259
2008-09-18 00:00:00,1.2486685298340259
2008-09-19 00:00:00,1.2486685298340259
2008-09-22 00:00:00,1.2486685298340259
2008-09-23 00:00:00,1.2486685298340259
2008-09-24 00:00:00,1.2486685298340259
2008-09-25 00:00:00,1.2486685298340259
2008-09-26 00:00:00,1.2486685298340259
2008-09-29 00:00:00,1.2486685298340259
2008-09-30 00:00:00,1.2486685298340259
2008-10-01 00:00:00,1.2486685298340259
2008-10-02 00:00:00,1.2486685298340259
2008-10-03 00:00:00,1.2486685298340259
2008-10-06 00:00:00,1.2486685298340259
2008-10-07 00:00:00,1.2486685298340259
2008-10-08 00:00:00,1.2486685298340259
2008-10-09 00:00:00,1.2486685298340259
2008-10-10 00:00:00,1.2486685298340259
2008-10-13 00:00:00,1.2486685298340259
2008-10-14 00:00:00,1.2486685298340259
2008-10-15 00:00:00,1.2486685298340259
2008-10-16 00:00:00,1.2486685298340259
2008-10-17 00:00:00,1.2486685298340259
2008-10-20 00:00:00,1.2486685298340259
2008-10-21 00:00:00,1.2486685298340259
2008-10-22 00:00:00,1.2486685298340259
2008-10-23 00:00:00,1.2486685298340259
2008-10-24 00:00:00,1.2486685298340259
2008-10-27 00:00:00,1.2486685298340259
2008-10-28 00:00:00,1.2486685298340259
2008-10-29 00:00:00,1.2486685298340259
2008-10-30 00:00:00,1.2486685298340259
2008-10-31 00:00:00,1.2486685298340259
2008-11-03 00:00:00,1.2486685298340259
2008-11-04 00:00:00,1.2486685298340259
2008-11-05 00:00:00,1.2486685298340259
2008-11-06 00:00:00,1.2486685298340259
2008-11-07 00:00:00,1.2486685298340259
2008-11-10 00:00:00,1.2486685298340259
2008-11-11 00:00:00,1.2486685298340259
2008-11-12 00:00:00,1.2486685298340259
2008-11-13 00:00:00,1.2486685298340259
2008-11-14 00:00:00,1.2486685298340259
2008-11-17 00:00:00,1.2486685298340259
2008-11-18 00:00:00,1.2486685298340259
2008-11-19 00:00:00,1.2486685298340259
2008-11-20 00:00:00,1.2486685298340259
2008-11-21 00:00:00,1.2486685298340259
2008-11-24 00:00:00,1.2486685298340259
2008-11-25 00:00:00,1.2486685298340259
2008-11-26 00:00:00,1.2486685298340259
2008-11-28 00:00:00,1.2486685298340259
2008-12-01 00:00:00,1.2486685298340259
2008-12-02 00:00:00,1.2486685298340259
2008-12-03 00:00:00,1.2486685298340259
2008-12-04 00:00:00,1.2486685298340259
2008-12-05 00:00:00,1.2486685298340259
2008-12-08 00:00:00,1.2486685298340259
2008-12-09 00:00:00,1.2486685298340259
2008-12-10 00:00:00,1.2486685298340259
2008-12-11 00:00:00,1.2486685298340259
2008-12-12 00:00:00,1.2486685298340259
2008-12-15 00:00:00,1.2486685298340259
2008-12-16 00:00:00,1.2486685298340259
2008-12-17 00:00:00,1.2486685298340259
2008-12-18 00:00:00,1.2486685298340259
2008-12-19 00:00:00,1.2486685298340259
2008-12-22 00:00:00,1.2486685298340259
2008-12-23 00:00:00,1.2486685298340259
2008-12-24 00:00:00,1.2486685298340259
2008-12-26 00:00:00,1.2486685298340259
2008-12-29 00:00:00,1.2486685298340259
2008-12-30 00:00:00,1.2486685298340259
2008-12-31 00:00:00,1.2486685298340259
2009-01-02 00:00:00,1.2486685298340259
2009-01-05 00:00:00,1.2486685298340259
2009-01-06 00:00:00,1.2486685298340259
2009-01-07 00:00:00,1.2486685298340259
2009-01-08 00:00:00,1.2486685298340259
2009-01-09 00:00:00,1.2486685298340259
2009-01-12 00:00:00,1.2486685298340259
2009-01-13 00:00:00,1.2486685298340259
2009-01-14 00:00:00,1.2486685298340259
2009-01-15 00:00:00,1.2486685298340259
2009-01-16 00:00:00,1.2486685298340259
2009-01-20 00:00:00,1.2486685298340259
2009-01-21 00:00:00,1.2486685298340259
2009-01-22 00:00:00,1.2486685298340259
2009-01-23 00:00:00,1.2486685298340259
2009-01-26 00:00:00,1.2486685298340259
2009-01-27 00:00:00,1.2486685298340259
2009-01-28 00:00:00,1.2486685298340259
2009-01-29 00:00:00,1.2486685298340259
2009-01-30 00:00:00,1.2486685298340259
2009-02-02 00:00:00,1.2486685298340259
2009-02-03 00:00:00,1.2486685298340259
2009-02-04 00:00:00,1.2486685298340259
2009-02-05 00:00:00,1.2486685298340259
2009-02-06 00:00:00,1.2486685298340259
2009-02-09 00:00:00,1.2486685298340259
2009-02-10 00:00:00,1.2486685298340259
2009-02-11 00:00:00,1.2486685298340259
2009-02-12 00:00:00,1.2486685298340259
2009-02-13 00:00:00,1.2486685298340259
2009-02-17 00:00:00,1.2486685298340259
2009-02-18 00:00:00,1.2486685298340259
2009-02-19 00:00:00,1.2486685298340259
2009-02-20 00:00:00,1.2486685298340259
2009-02-23 00:00:00,1.2486685298340259
2009-02-24 00:00:00,1.2486685298340259
2009-02-25 00:00:00,1.2486685298340259
2009-02-26 00:00:00,1.2486685298340259
2009-02-27 00:00:00,1.2486685298340259
2009-03-02 00:00:00,1.2486685298340259
2009-03-03 00:00:00,1.2486685298340259
2009-03-04 00:00:00,1.2486685298340259
2009-03-05 00:00:00,1.2486685298340259
2009-03-06 00:00:00,1.2486685298340259
2009-03-09 00:00:00,1.2486685298340259
2009-03-10 00:00:00,1.2486685298340259
2009-03-11 00:00:00,1.2486685298340259
2009-03-12 00:00:00,1.2486685298340259
2009-03-13 00:00:00,1.2486685298340259
2009-03-16 00:00:00,1.2486685298340259
2009-03-17 00:00:00,1.2486685298340259
2009-03-18 00:00:00,1.2486685298340259
2009-03-19 00:00:00,1.2486685298340259
2009-03-20 00:00:00,1.2486685298340259
2009-03-23 00:00:00,1.2486685298340259
2009-03-24 00:00:00,1.2486685298340259
2009-03-25 00:00:00,1.2486685298340259
2009-03-26 00:00:00,1.2486685298340259
2009-03-27 00:00:00,1.2486685298340259
2009-03-30 00:00:00,1.2486685298340259
2009-03-31 00:00:00,1.2486685298340259
2009-04-01 00:00:00,1.2486685298340259
2009-04-02 00:00:00,1.2486685298340259
2009-04-03 00:00:00,1.2486685298340259
2009-04-06 00:00:00,1.2486685298340259
2009-04-07 00:00:00,1.2486685298340259
2009-04-08 00:00:00,1.2486685298340259
2009-04-09 00:00:00,1.2486685298340259
2009-04-13 00:00:00,1.2486685298340259
2009-04-14 00:00:00,1.2486685298340259
2009-04-15 00:00:00,1.2486685298340259
2009-04-16 00:00:00,1.2486685298340259
2009-04-17 00:00:00,1.2486685298340259
2009-04-20 00:00:00,1.2486685298340259
2009-04-21 00:00:00,1.2486685298340259
2009-04-22 00:00:00,1.2486685298340259
2009-04-23 00:00:00,1.2486685298340259
2009-04-24 00:00:00,1.2486685298340259
2009-04-27 00:00:00,1.2486685298340259
2009-04-28 00:00:00,1.2486685298340259
2009-04-29 00:00:00,1.2486685298340259
2009-04-30 00:00:00,1.2486685298340259
2009-05-01 00:00:00,1.2486685298340259
2009-05-04 00:00:00,1.2486685298340259
2009-05-05 00:00:00,1.2486685298340259
2009-05-06 00:00:00,1.2486685298340259
2009-05-07 00:00:00,1.2486685298340259
2009-05-08 00:00:00,1.2486685298340259
2009-05-11 00:00:00,1.2486685298340259
2009-05-12 00:00:00,1.2486685298340259
2009-05-13 00:00:00,1.2486685298340259
2009-05-14 00:00:00,1.2486685298340259
2009-05-15 00:00:00,1.2486685298340259
2009-05-18 00:00:00,1.2486685298340259
2009-05-19 00:00:00,1.2486685298340259
2009-05-20 00:00:00,1.2486685298340259
2009-05-21 00:00:00,1.2486685298340259
2009-05-22 00:00:00,1.2486685298340259
2009-05-26 00:00:00,1.2486685298340259
2009-05-27 00:00:00,1.2486685298340259
2009-05-28 00:00:00,1.2486685298340259
2009-05-29 00:00:00,1.2486685298340259
2009-06-01 00:00:00,1.2611823561725997
2009-06-02 00:00:00,1.2649298121884291
2009-06-03 00:00:00,1.2527505801369831
2009-06-04 00:00:00,1.2626545710359613
2009-06-05 00:00:00,1.2610485184577485
2009-06-08 00:00:00,1.2560965230082595
2009-06-09 00:00:00,1.2624538144636845
2009-06-10 00:00:00,1.2607808430280465
2009-06-11 00:00:00,1.2626545710359613
2009-06-12 00:00:00,1.262119220176557
2009-06-15 00:00:00,1.2445864795310686
2009-06-16 00:00:00,1.2322734097647714
2009-06-17 00:00:00,1.2318049777627929
2009-06-18 00:00:00,1.2367569732122818
2009-06-19 00:00:00,1.2349501640617926
2009-06-22 00:00:00,1.2109932131034535
2009-06-23 00:00:00,1.2062424747611702
2009-06-24 00:00:00,1.2062424747611702
2009-06-25 00:00:00,1.2062424747611702
2009-06-26 00:00:00,1.2062424747611702
2009-06-29 00:00:00,1.2062424747611702
2009-06-30 00:00:00,1.2062424747611702
2009-07-01 00:00:00,1.2062424747611702
2009-07-02 00:00:00,1.2062424747611702
2009-07-06 00:00:00,1.2062424747611702
2009-07-07 00:00:00,1.2062424747611702
2009-07-08 00:00:00,1.2062424747611702
2009-07-09 00:00:00,1.2062424747611702
2009-07-10 00:00:00,1.2062424747611702
2009-07-13 00:00:00,1.2062424747611702
2009-07-14 00:00:00,1.2062424747611702
2009-07-15 00:00:00,1.2062424747611702
2009-07-16 00:00:00,1.2062424747611702
2009-07-17 00:00:00,1.2062424747611702
2009-07-20 00:00:00,1.2062424747611702
2009-07-21 00:00:00,1.2062424747611702
2009-07-22 00:00:00,1.2062424747611702
2009-07-23 00:00:00,1.2062424747611702
2009-07-24 00:00:00,1.2062424747611702
2009-07-27 00:00:00,1.2062424747611702
2009-07-28 00:00:00,1.2062424747611702
2009-07-29 00:00:00,1.2062424747611702
2009-07-30 00:00:00,1.2062424747611702
2009-07-31 00:00:00,1.2062424747611702
2009-08-03 00:00:00,1.2062424747611702
2009-08-04 00:00:00,1.2062424747611702
2009-08-05 00:00:00,1.2062424747611702
2009-08-06 00:00:00,1.2062424747611702
2009-08-07 00:00:00,1.2062424747611702
2009-08-10 00:00:00,1.2062424747611702
2009-08-11 00:00:00,1.2062424747611702
2009-08-12 00:00:00,1.2062424747611702
2009-08-13 00:00:00,1.2062424747611702
2009-08-14 00:00:00,1.2062424747611702
2009-08-17 00:00:00,1.2062424747611702
2009-08-18 00:00:00,1.2062424747611702
2009-08-19 00:00:00,1.2062424747611702
2009-08-20 00:00:00,1.2062424747611702
2009-08-21 00:00:00,1.2062424747611702
2009-08-24 00:00:00,1.2062424747611702
2009-08-25 00:00:00,1.2062424747611702
2009-08-26 00:00:00,1.2062424747611702
2009-08-27 00:00:00,1.2062424747611702
2009-08-28 00:00:00,1.2062424747611702
2009-08-31 00:00:00,1.2062424747611702
2009-09-01 00:00:00,1.2062424747611702
2009-09-02 00:00:00,1.2062424747611702
2009-09-03 00:00:00,1.2062424747611702
2009-09-04 00:00:00,1.2062424747611702
2009-09-08 00:00:00,1.2062424747611702
2009-09-09 00:00:00,1.2062424747611702
2009-09-10 00:00:00,1.2062424747611702
2009-09-11 00:00:00,1.2062424747611702
2009-09-14 00:00:00,1.2062424747611702
2009-09-15 00:00:00,1.2062424747611702
2009-09-16 00:00:00,1.2062424747611702
2009-09-17 00:00:00,1.2062424747611702
2009-09-18 00:00:00,1.2062424747611702
2009-09-21 00:00:00,1.2062424747611702
2009-09-22 00:00:00,1.2062424747611702
2009-09-23 00:00:00,1.2062424747611702
2009-09-24 00:00:00,1.2062424747611702
2009-09-25 00:00:00,1.2062424747611702
2009-09-28 00:00:00,1.2062424747611702
2009-09-29 00:00:00,1.2062424747611702
2009-09-30 00:00:00,1.2062424747611702
2009-10-01 00:00:00,1.2062424747611702
2009-10-02 00:00:00,1.2062424747611702
2009-10-05 00:00:00,1.2062424747611702
2009-10-06 00:00:00,1.2062424747611702
2009-10-07 00:00:00,1.2062424747611702
2009-10-08 00:00:00,1.2062424747611702
2009-10-09 00:00:00,1.2062424747611702
2009-10-12 00:00:00,1.2062424747611702
2009-10-13 00:00:00,1.2062424747611702
2009-10-14 00:00:00,1.2062424747611702
2009-10-15 00:00:00,1.2062424747611702
2009-10-16 00:00:00,1.2062424747611702
2009-10-19 00:00:00,1.2062424747611702
2009-10-20 00:00:00,1.2062424747611702
2009-10-21 00:00:00,1.2062424747611702
2009-10-22 00:00:00,1.2062424747611702
2009-10-23 00:00:00,1.2062424747611702
2009-10-26 00:00:00,1.2062424747611702
2009-10-27 00:00:00,1.2062424747611702
2009-10-28 00:00:00,1.2062424747611702
2009-10-29 00:00:00,1.2062424747611702
2009-10-30 00:00:00,1.2062424747611702
2009-11-02 00:00:00,1.2062424747611702
2009-11-03 00:00:00,1.2062424747611702
2009-11-04 00:00:00,1.2062424747611702
2009-11-05 00:00:00,1.2062424747611702
2009-11-06 00:00:00,1.2062424747611702
2009-11-09 00:00:00,1.2062424747611702
2009-11-10 00:00:00,1.2062424747611702
2009-11-11 00:00:00,1.2062424747611702
2009-11-12 00:00:00,1.2062424747611702
2009-11-13 00:00:00,1.2062424747611702
2009-11-16 00:00:00,1.2062424747611702
2009-11-17 00:00:00,1.2062424747611702
2009-11-18 00:00:00,1.2062424747611702
2009-11-19 00:00:00,1.2062424747611702
2009-11-20 00:00:00,1.2062424747611702
2009-11-23 00:00:00,1.2062424747611702
2009-11-24 00:00:00,1.2062424747611702
2009-11-25 00:00:00,1.2062424747611702
2009-11-27 00:00:00,1.2062424747611702
2009-11-30 00:00:00,1.2062424747611702
2009-12-01 00:00:00,1.2062424747611702
2009-12-02 00:00:00,1.2062424747611702
2009-12-03 00:00:00,1.2062424747611702
2009-12-04 00:00:00,1.2062424747611702
2009-12-07 00:00:00,1.2062424747611702
2009-12-08 00:00:00,1.2062424747611702
2009-12-09 00:00:00,1.2062424747611702
2009-12-10 00:00:00,1.2062424747611702
2009-12-11 00:00:00,1.2062424747611702
2009-12-14 00:00:00,1.2062424747611702
2009-12-15 00:00:00,1.2062424747611702
2009-12-16 00:00:00,1.2062424747611702
2009-12-17 00:00:00,1.2062424747611702
2009-12-18 00:00:00,1.2062424747611702
2009-12-21 00:00:00,1.2062424747611702
2009-12-22 00:00:00,1.2062424747611702
2009-12-23 00:00:00,1.2062424747611702
2009-12-24 00:00:00,1.2062424747611702
2009-12-28 00:00:00,1.2062424747611702
2009-12-29 00:00:00,1.2062424747611702
2009-12-30 00:00:00,1.2062424747611702
2009-12-31 00:00:00,1.2062424747611702
2010-01-04 00:00:00,1.2062424747611702
2010-01-05 00:00:00,1.2062424747611702
2010-01-06 00:00:00,1.2062424747611702
2010-01-07 00:00:00,1.2062424747611702
2010-01-08 00:00:00,1.2062424747611702
2010-01-11 00:00:00,1.2062424747611702
2010-01-12 00:00:00,1.2062424747611702
2010-01-13 00:00:00,1.2062424747611702
2010-01-14 00:00:00,1.2062424747611702
2010-01-15 00:00:00,1.2062424747611702
2010-01-19 00:00:00,1.2062424747611702
2010-01-20 00:00:00,1.2062424747611702
2010-01-21 00:00:00,1.2062424747611702
2010-01-22 00:00:00,1.2062424747611702
2010-01-25 00:00:00,1.2062424747611702
2010-01-26 00:00:00,1.2062424747611702
2010-01-27 00:00:00,1.2062424747611702
2010-01-28 00:00:00,1.2062424747611702
2010-01-29 00:00:00,1.2062424747611702
2010-02-01 00:00:00,1.2062424747611702
2010-02-02 00:00:00,1.2062424747611702
2010-02-03 00:00:00,1.2062424747611702
2010-02-04 00:00:00,1.2062424747611702
2010-02-05 00:00:00,1.2062424747611702
2010-02-08 00:00:00,1.2062424747611702
2010-02-09 00:00:00,1.2062424747611702
2010-02-10 00:00:00,1.2062424747611702
2010-02-11 00:00:00,1.2062424747611702
2010-02-12 00:00:00,1.2062424747611702
2010-02-16 00:00:00,1.2062424747611702
2010-02-17 00:00:00,1.2062424747611702
2010-02-18 00:00:00,1.2062424747611702
2010-02-19 00:00:00,1.2062424747611702
2010-02-22 00:00:00,1.2062424747611702
2010-02-23 00:00:00,1.2062424747611702
2010-02-24 00:00:00,1.2062424747611702
2010-02-25 00:00:00,1.2062424747611702
2010-02-26 00:00:00,1.2062424747611702
2010-03-01 00:00:00,1.2062424747611702
2010-03-02 00:00:00,1.2062424747611702
2010-03-03 00:00:00,1.2062424747611702
2010-03-04 00:00:00,1.2062424747611702
2010-03-05 00:00:00,1.2062424747611702
2010-03-08 00:00:00,1.2062424747611702
2010-03-09 00:00:00,1.2062424747611702
2010-03-10 00:00:00,1.2062424747611702
2010-03-11 00:00:00,1.2062424747611702
2010-03-12 00:00:00,1.2062424747611702
2010-03-15 00:00:00,1.2062424747611702
2010-03-16 00:00:00,1.2062424747611702
2010-03-17 00:00:00,1.2062424747611702
2010-03-18 00:00:00,1.2062424747611702
2010-03-19 00:00:00,1.2062424747611702
2010-03-22 00:00:00,1.2062424747611702
2010-03-23 00:00:00,1.2062424747611702
2010-03-24 00:00:00,1.2062424747611702
2010-03-25 00:00:00,1.2062424747611702
2010-03-26 00:00:00,1.2062424747611702
2010-03-29 00:00:00,1.2062424747611702
2010-03-30 00:00:00,1.2062424747611702
2010-03-31 00:00:00,1.2062424747611702
2010-04-01 00:00:00,1.2062424747611702
2010-04-05 00:00:00,1.2062424747611702
2010-04-06 00:00:00,1.2062424747611702
2010-04-07 00:00:00,1.2062424747611702
2010-04-08 00:00:00,1.2062424747611702
2010-04-09 00:00:00,1.2062424747611702
2010-04-12 00:00:00,1.2062424747611702
2010-04-13 00:00:00,1.2062424747611702
2010-04-14 00:00:00,1.2062424747611702
2010-04-15 00:00:00,1.2062424747611702
2010-04-16 00:00:00,1.2062424747611702
2010-04-19 00:00:00,1.2062424747611702
2010-04-20 00:00:00,1.2062424747611702
2010-04-21 00:00:00,1.2062424747611702
2010-04-22 00:00:00,1.2062424747611702
2010-04-23 00:00:00,1.2062424747611702
2010-04-26 00:00:00,1.2062424747611702
2010-04-27 00:00:00,1.2062424747611702
2010-04-28 00:00:00,1.2062424747611702
2010-04-29 00:00:00,1.2062424747611702
2010-04-30 00:00:00,1.2062424747611702
2010-05-03 00:00:00,1.2062424747611702
2010-05-04 00:00:00,1.2062424747611702
2010-05-05 00:00:00,1.2062424747611702
2010-05-06 00:00:00,1.2062424747611702
2010-05-07 00:00:00,1.2062424747611702
2010-05-10 00:00:00,1.2062424747611702
2010-05-11 00:00:00,1.2062424747611702
2010-05-12 00:00:00,1.2062424747611702
2010-05-13 00:00:00,1.2062424747611702
2010-05-14 00:00:00,1.2062424747611702
2010-05-17 00:00:00,1.2062424747611702
2010-05-18 00:00:00,1.2062424747611702
2010-05-19 00:00:00,1.2062424747611702
2010-05-20 00:00:00,1.2062424747611702
2010-05-21 00:00:00,1.2062424747611702
2010-05-24 00:00:00,1.2062424747611702
2010-05-25 00:00:00,1.2062424747611702
2010-05-26 00:00:00,1.2062424747611702
2010-05-27 00:00:00,1.2062424747611702
2010-05-28 00:00:00,1.2062424747611702
2010-06-01 00:00:00,1.2062424747611702
2010-06-02 00:00:00,1.2062424747611702
2010-06-03 00:00:00,1.2062424747611702
2010-06-04 00:00:00,1.2062424747611702
2010-06-07 00:00:00,1.2062424747611702
2010-06-08 00:00:00,1.2062424747611702
2010-06-09 00:00:00,1.2062424747611702
2010-06-10 00:00:00,1.2062424747611702
2010-06-11 00:00:00,1.2062424747611702
2010-06-14 00:00:00,1.2062424747611702
2010-06-15 00:00:00,1.2062424747611702
2010-06-16 00:00:00,1.2062424747611702
2010-06-17 00:00:00,1.2062424747611702
2010-06-18 00:00:00,1.2062424747611702
2010-06-21 00:00:00,1.2062424747611702
2010-06-22 00:00:00,1.2062424747611702
2010-06-23 00:00:00,1.2062424747611702
2010-06-24 00:00:00,1.2062424747611702
2010-06-25 00:00:00,1.2062424747611702
2010-06-28 00:00:00,1.2062424747611702
2010-06-29 00:00:00,1.2062424747611702
2010-06-30 00:00:00,1.2062424747611702
2010-07-01 00:00:00,1.2062424747611702
2010-07-02 00:00:00,1.2062424747611702
2010-07-06 00:00:00,1.2062424747611702
2010-07-07 00:00:00,1.2062424747611702
2010-07-08 00:00:00,1.2062424747611702
2010-07-09 00:00:00,1.2062424747611702
2010-07-12 00:00:00,1.2062424747611702
2010-07-13 00:00:00,1.2062424747611702
2010-07-14 00:00:00,1.2062424747611702
2010-07-15 00:00:00,1.2062424747611702
2010-07-16 00:00:00,1.2062424747611702
2010-07-19 00:00:00,1.2062424747611702
2010-07-20 00:00:00,1.2062424747611702
2010-07-21 00:00:00,1.2062424747611702
2010-07-22 00:00:00,1.2062424747611702
2010-07-23 00:00:00,1.2062424747611702
2010-07-26 00:00:00,1.2062424747611702
2010-07-27 00:00:00,1.194121619159103
2010-07-28 00:00:00,1.1822600331955828
2010-07-29 00:00:00,1.1778524493402855
2010-07-30 00:00:00,1.1637814723938569
2010-08-02 00:00:00,1.1637814723938569
2010-08-03 00:00:00,1.1637814723938569
2010-08-04 00:00:00,1.1637814723938569
2010-08-05 00:00:00,1.1637814723938569
2010-08-06 00:00:00,1.1637814723938569
2010-08-09 00:00:00,1.1637814723938569
2010-08-10 00:00:00,1.1637814723938569
2010-08-11 00:00:00,1.1637814723938569
2010-08-12 00:00:00,1.1637814723938569
2010-08-13 00:00:00,1.1637814723938569
2010-08-16 00:00:00,1.1637814723938569
2010-08-17 00:00:00,1.1637814723938569
2010-08-18 00:00:00,1.1637814723938569
2010-08-19 00:00:00,1.1637814723938569
2010-08-20 00:00:00,1.1637814723938569
2010-08-23 00:00:00,1.1637814723938569
2010-08-24 00:00:00,1.1637814723938569
2010-08-25 00:00:00,1.1637814723938569
2010-08-26 00:00:00,1.1637814723938569
2010-08-27 00:00:00,1.1637814723938569
2010-08-30 00:00:00,1.1637814723938569
2010-08-31 00:00:00,1.1637814723938569
2010-09-01 00:00:00,1.1637814723938569
2010-09-02 00:00:00,1.1637814723938569
2010-09-03 00:00:00,1.1637814723938569
2010-09-07 00:00:00,1.1637814723938569
2010-09-08 00:00:00,1.1637814723938569
2010-09-09 00:00:00,1.1637814723938569
2010-09-10 00:00:00,1.1637814723938569
2010-09-13 00:00:00,1.1704491664266123
2010-09-14 00:00:00,1.1702244126951709
2010-09-15 00:00:00,1.1755435843392792
2010-09-16 00:00:00,1.1721722783676611
2010-09-17 00:00:00,1.1723970320991026
2010-09-20 00:00:00,1.189927823151515
2010-09-21 00:00:00,1.1840093082235639
2010-09-22 00:00:00,1.1752439126973575
2010-09-23 00:00:00,1.1678270395597983
2010-09-24 00:00:00,1.1928496216602504
2010-09-27 00:00:00,1.1928496216602504
2010-09-28 00:00:00,1.1998169873349271
2010-09-29 00:00:00,1.200491248529251
2010-09-30 00:00:00,1.2016150171864568
2010-10-01 00:00:00,1.2044618977847117
2010-10-04 00:00:00,1.1931492933021721
2010-10-05 00:00:00,1.2152500768938888
2010-10-06 00:00:00,1.2072338604724864
2010-10-07 00:00:00,1.206784353009604
2010-10-08 00:00:00,1.214500897789085
2010-10-11 00:00:00,1.2163738455510948
2010-10-12 00:00:00,1.2201197410751146
2010-10-13 00:00:00,1.2306082485423702
2010-10-14 00:00:00,1.2263379276449873
2010-10-15 00:00:00,1.2263379276449873
2010-10-18 00:00:00,1.2284356291384384
2010-10-19 00:00:00,1.2133022112213985
2010-10-20 00:00:00,1.2267874351078698
2010-10-21 00:00:00,1.22491448734586
2010-10-22 00:00:00,1.2326310321253404
2010-10-25 00:00:00,1.2396733157104978
2010-10-26 00:00:00,1.2380251216799292
2010-10-27 00:00:00,1.2375006963065665
2010-10-28 00:00:00,1.2360023380969585
2010-10-29 00:00:00,1.2386244649637725
2010-11-01 00:00:00,1.2383247933218509
2010-11-02 00:00:00,1.2503116589987142
2010-11-03 00:00:00,1.253907718701773
2010-11-04 00:00:00,1.2750345694572445
2010-11-05 00:00:00,1.283050785878647
2010-11-08 00:00:00,1.2827511142367254
2010-11-09 00:00:00,1.2701649052760189
2010-11-10 00:00:00,1.2800540694594311
2010-11-11 00:00:00,1.2772821067716564
2010-11-12 00:00:00,1.2590770545249204
2010-11-15 00:00:00,1.261849017212695
2010-11-16 00:00:00,1.2423703604877923
2010-11-17 00:00:00,1.2488882186995867
2010-11-18 00:00:00,1.2649206515423912
2010-11-19 00:00:00,1.2685167112454503
2010-11-22 00:00:00,1.2778814500554998
2010-11-23 00:00:00,1.2643962261690285
2010-11-24 00:00:00,1.2875458605074708
2010-11-26 00:00:00,1.2793048903546274
2010-11-29 00:00:00,1.2786306291603036
2010-11-30 00:00:00,1.2720378530380287
2010-12-01 00:00:00,1.2964610918546378
2010-12-02 00:00:00,1.3116694276821583
2010-12-03 00:00:00,1.3188615470882763
2010-12-06 00:00:00,1.3193859724616388
2010-12-07 00:00:00,1.3207344948502864
2010-12-08 00:00:00,1.3193110545511588
2010-12-09 00:00:00,1.3230569500751785
2010-12-10 00:00:00,1.3358679127673259
2010-12-13 00:00:00,1.3321220172433061
2010-12-14 00:00:00,1.331297920228022
2010-12-15 00:00:00,1.3265031739572763
2010-12-16 00:00:00,1.3385649575446203
2010-12-17 00:00:00,1.3380405321712576
2010-12-20 00:00:00,1.3390144650075029
2010-12-21 00:00:00,1.3486039575489932
2010-12-22 00:00:00,1.3519003456101308
2010-12-23 00:00:00,1.3498026441166797
2010-12-27 00:00:00,1.3501772336690816
2010-12-28 00:00:00,1.3475551068022675
2010-12-29 00:00:00,1.3523498530730131
2010-12-30 00:00:00,1.351975263520611
2010-12-31 00:00:00,1.3446333082935324
2011-01-03 00:00:00,1.3597667262105722
2011-01-04 00:00:00,1.3474052709813071
2011-01-05 00:00:00,1.3552716515817484
2011-01-06 00:00:00,1.3520501814310915
2011-01-07 00:00:00,1.348978547101395
2011-01-10 00:00:00,1.35557132322367
2011-01-11 00:00:00,1.3607406590468174
2011-01-12 00:00:00,1.368981629199661
2011-01-13 00:00:00,1.3679327784529354
2011-01-14 00:00:00,1.3770727635315438
2011-01-18 00:00:00,1.3868120918939952
2011-01-19 00:00:00,1.368007696363416
2011-01-20 00:00:00,1.3585680396428859
2011-01-21 00:00:00,1.3543726366559836
2011-01-24 00:00:00,1.364636390391798
2011-01-25 00:00:00,1.3666591739747689
2011-01-26 00:00:00,1.3773724351734653
2011-01-27 00:00:00,1.3823170172651713
2011-01-28 00:00:00,1.3586429575533665
2011-01-31 00:00:00,1.3683822859158177
2011-02-01 00:00:00,1.38771110681976
2011-02-02 00:00:00,1.3853886515948677
2011-02-03 00:00:00,1.3895091366712893
2011-02-04 00:00:00,1.3965514202564466
2011-02-07 00:00:00,1.4071148456341827
2011-02-08 00:00:00,1.413482868025016
2011-02-09 00:00:00,1.4112353307106043
2011-02-10 00:00:00,1.4176033531014376
2011-02-11 00:00:00,1.4312384128088698
2011-02-14 00:00:00,1.4360331590796152
2011-02-15 00:00:00,1.4313882486298306
2011-02-16 00:00:00,1.440902823260841
2011-02-17 00:00:00,1.4465216665468708
2011-02-18 00:00:00,1.4476454352040764
2011-02-22 00:00:00,1.4160300769813496
2011-02-23 00:00:00,1.3977501068241331
2011-02-24 00:00:00,1.3976751889136525
2011-02-25 00:00:00,1.4243459650446735
2011-02-28 00:00:00,1.4254697337018793
2011-03-01 00:00:00,1.4043428829464077
2011-03-02 00:00:00,1.41041123369532
2011-03-03 00:00:00,1.4379810247521054
2011-03-04 00:00:00,1.4298898904202226
2011-03-07 00:00:00,1.4113851665315649
2011-03-08 00:00:00,1.427642353105811
2011-03-09 00:00:00,1.4237466217608303
2011-03-10 00:00:00,1.4003722336909468
2011-03-11 00:00:00,1.4088379575752314
2011-03-14 00:00:00,1.4030692784682408
2011-03-15 00:00:00,1.394528636673476
2011-03-16 00:00:00,1.3811183306974852
2011-03-17 00:00:00,1.3884602859245638
2011-03-18 00:00:00,1.391906509806662
2011-03-21 00:00:00,1.4176033531014376
2011-03-22 00:00:00,1.4090627113066727
2011-03-23 00:00:00,1.4066653381713001
2011-03-24 00:00:00,1.41992580832633
2011-03-25 00:00:00,1.4295902187783014
2011-03-28 00:00:00,1.4247205545970754
2011-03-29 00:00:00,1.4355087337062524
2011-03-30 00:00:00,1.4484695322193608
2011-03-31 00:00:00,1.4560362411778809
2011-04-01 00:00:00,1.4654758978984108
2011-04-04 00:00:00,1.4661501590927344
2011-04-05 00:00:00,1.4704953979005972
2011-04-06 00:00:00,1.4719188381997248
2011-04-07 00:00:00,1.4639775396888028
2011-04-08 00:00:00,1.4536388680425083
2011-04-11 00:00:00,1.4442741292324586
2011-04-12 00:00:00,1.4315380844507914
2011-04-13 00:00:00,1.435209062064331
2011-04-14 00:00:00,1.4361829949005762
2011-04-15 00:00:00,1.447945106845998
2011-04-18 00:00:00,1.4250202262389968
2011-04-19 00:00:00,1.431987591913674
2011-04-20 00:00:00,1.45588640535692
2011-04-21 00:00:00,1.4633781964049597
2011-04-25 00:00:00,1.4634531143154401
2011-04-26 00:00:00,1.4762640770075877
2011-04-27 00:00:00,1.486153241191
2011-04-28 00:00:00,1.4868275023853235
2011-04-29 00:00:00,1.4913974949246278
2011-05-02 00:00:00,1.4816581665621762
2011-05-03 00:00:00,1.4698211367062735
2011-05-04 00:00:00,1.4579091889398907
2011-05-05 00:00:00,1.4525900172957829
2011-05-06 00:00:00,1.4558114874464398
2011-05-09 00:00:00,1.4697462187957933
2011-05-10 00:00:00,1.4839057038765882
2011-05-11 00:00:00,1.4688472038700284
2011-05-12 00:00:00,1.4770132561123916
2011-05-13 00:00:00,1.463827703867842
2011-05-16 00:00:00,1.451541166549057
2011-05-17 00:00:00,1.4421764277390077
2011-05-18 00:00:00,1.4625540993896753
2011-05-19 00:00:00,1.4643521292412047
2011-05-20 00:00:00,1.4540134575949102
2011-05-23 00:00:00,1.432586935197517
2011-05-24 00:00:00,1.4292156292258993
2011-05-25 00:00:00,1.4388051217673898
2011-05-26 00:00:00,1.4508669053547336
2011-05-27 00:00:00,1.4585834501342143
2011-05-31 00:00:00,1.4787363680534409
2011-06-01 00:00:00,1.4394044650512332
2011-06-02 00:00:00,1.438655285946429
2011-06-03 00:00:00,1.4198508904158496
2011-06-06 00:00:00,1.4016458381691135
2011-06-07 00:00:00,1.405691405335055
2011-06-08 00:00:00,1.3943038829420349
2011-06-09 00:00:00,1.3995481366756624
2011-06-10 00:00:00,1.3795450545773966
2011-06-13 00:00:00,1.3770727635315438
2011-06-14 00:00:00,1.400222397869986
2011-06-15 00:00:00,1.3808935769660438
2011-06-16 00:00:00,1.3790955471145143
2011-06-17 00:00:00,1.3781216142782693
2011-06-20 00:00:00,1.3883853680140834
2011-06-21 00:00:00,1.4130333605621337
2011-06-22 00:00:00,1.4074894351865843
2011-06-23 00:00:00,1.4068151739922607
2011-06-24 00:00:00,1.3973005993612506
2011-06-27 00:00:00,1.4026946889158391
2011-06-28 00:00:00,1.422772688924585
2011-06-29 00:00:00,1.4332611963918405
2011-06-30 00:00:00,1.4403034799769978
2011-07-01 00:00:00,1.4635280322259203
2011-07-05 00:00:00,1.464576882972646
2011-07-06 00:00:00,1.472518181483568
2011-07-07 00:00:00,1.4872020919377256
2011-07-08 00:00:00,1.4765637486495093
2011-07-11 00:00:00,1.4486193680403217
2011-07-12 00:00:00,1.4429256068438117
2011-07-13 00:00:00,1.4474206814726354
2011-07-14 00:00:00,1.4296651366887816
2011-07-15 00:00:00,1.4379810247521054
2011-07-18 00:00:00,1.4203003978787319
2011-07-19 00:00:00,1.4461470769944684
2011-07-20 00:00:00,1.443974457590537
2011-07-21 00:00:00,1.4564108307302828
2011-07-22 00:00:00,1.4592577113285379
2011-07-25 00:00:00,1.4494434650556058
2011-07-26 00:00:00,1.4396292187826742
2011-07-27 00:00:00,1.4032191142892019
2011-07-28 00:00:00,1.3974504351822112
2011-07-29 00:00:00,1.3943038829420349
2011-08-01 00:00:00,1.3868120918939952
2011-08-02 00:00:00,1.3486039575489932
2011-08-03 00:00:00,1.3483326348443974
2011-08-04 00:00:00,1.3483326348443974
2011-08-05 00:00:00,1.3483326348443974
2011-08-08 00:00:00,1.3483326348443974
2011-08-09 00:00:00,1.3483326348443974
2011-08-10 00:00:00,1.3483326348443974
2011-08-11 00:00:00,1.3483326348443974
2011-08-12 00:00:00,1.3483326348443974
2011-08-15 00:00:00,1.3483326348443974
2011-08-16 00:00:00,1.3483326348443974
2011-08-17 00:00:00,1.3483326348443974
2011-08-18 00:00:00,1.3483326348443974
2011-08-19 00:00:00,1.3483326348443974
2011-08-22 00:00:00,1.3483326348443974
2011-08-23 00:00:00,1.3483326348443974
2011-08-24 00:00:00,1.3483326348443974
2011-08-25 00:00:00,1.3483326348443974
2011-08-26 00:00:00,1.3483326348443974
2011-08-29 00:00:00,1.3483326348443974
2011-08-30 00:00:00,1.3483326348443974
2011-08-31 00:00:00,1.3483326348443974
2011-09-01 00:00:00,1.3483326348443974
2011-09-02 00:00:00,1.3483326348443974
2011-09-06 00:00:00,1.3483326348443974
2011-09-07 00:00:00,1.3483326348443974
2011-09-08 00:00:00,1.3483326348443974
2011-09-09 00:00:00,1.3483326348443974
2011-09-12 00:00:00,1.3483326348443974
2011-09-13 00:00:00,1.3483326348443974
2011-09-14 00:00:00,1.3483326348443974
2011-09-15 00:00:00,1.3483326348443974
2011-09-16 00:00:00,1.3483326348443974
2011-09-19 00:00:00,1.3483326348443974
2011-09-20 00:00:00,1.3483326348443974
2011-09-21 00:00:00,1.3483326348443974
2011-09-22 00:00:00,1.3483326348443974
2011-09-23 00:00:00,1.3483326348443974
2011-09-26 00:00:00,1.3483326348443974
2011-09-27 00:00:00,1.3483326348443974
2011-09-28 00:00:00,1.3483326348443974
2011-09-29 00:00:00,1.3483326348443974
2011-09-30 00:00:00,1.3483326348443974
2011-10-03 00:00:00,1.3483326348443974
2011-10-04 00:00:00,1.3483326348443974
2011-10-05 00:00:00,1.3483326348443974
2011-10-06 00:00:00,1.3483326348443974
2011-10-07 00:00:00,1.3483326348443974
2011-10-10 00:00:00,1.3483326348443974
2011-10-11 00:00:00,1.3483326348443974
2011-10-12 00:00:00,1.3483326348443974
2011-10-13 00:00:00,1.3483326348443974
2011-10-14 00:00:00,1.3483326348443974
2011-10-17 00:00:00,1.3483326348443974
2011-10-18 00:00:00,1.3483326348443974
2011-10-19 00:00:00,1.3483326348443974
2011-10-20 00:00:00,1.3483326348443974
2011-10-21 00:00:00,1.3483326348443974
2011-10-24 00:00:00,1.3483326348443974
2011-10-25 00:00:00,1.3483326348443974
2011-10-26 00:00:00,1.3483326348443974
2011-10-27 00:00:00,1.3483326348443974
2011-10-28 00:00:00,1.3483326348443974
2011-10-31 00:00:00,1.3483326348443974
2011-11-01 00:00:00,1.3483326348443974
2011-11-02 00:00:00,1.3483326348443974
2011-11-03 00:00:00,1.3483326348443974
2011-11-04 00:00:00,1.3483326348443974
2011-11-07 00:00:00,1.3483326348443974
2011-11-08 00:00:00,1.3483326348443974
2011-11-09 00:00:00,1.3483326348443974
2011-11-10 00:00:00,1.3483326348443974
2011-11-11 00:00:00,1.3483326348443974
2011-11-14 00:00:00,1.3483326348443974
2011-11-15 00:00:00,1.3483326348443974
2011-11-16 00:00:00,1.3483326348443974
2011-11-17 00:00:00,1.3483326348443974
2011-11-18 00:00:00,1.3483326348443974
2011-11-21 00:00:00,1.3483326348443974
2011-11-22 00:00:00,1.3483326348443974
2011-11-23 00:00:00,1.3483326348443974
2011-11-25 00:00:00,1.3483326348443974
2011-11-28 00:00:00,1.3483326348443974
2011-11-29 00:00:00,1.3483326348443974
2011-11-30 00:00:00,1.3483326348443974
2011-12-01 00:00:00,1.3483326348443974
2011-12-02 00:00:00,1.3483326348443974
2011-12-05 00:00:00,1.3483326348443974
2011-12-06 00:00:00,1.3483326348443974
2011-12-07 00:00:00,1.3483326348443974
2011-12-08 00:00:00,1.3483326348443974
2011-12-09 00:00:00,1.3483326348443974
2011-12-12 00:00:00,1.3483326348443974
2011-12-13 00:00:00,1.3483326348443974
2011-12-14 00:00:00,1.3483326348443974
2011-12-15 00:00:00,1.3483326348443974
2011-12-16 00:00:00,1.3483326348443974
2011-12-19 00:00:00,1.3483326348443974
2011-12-20 00:00:00,1.3483326348443974
2011-12-21 00:00:00,1.3483326348443974
2011-12-22 00:00:00,1.3483326348443974
2011-12-23 00:00:00,1.3483326348443974
2011-12-27 00:00:00,1.3483326348443974
2011-12-28 00:00:00,1.3483326348443974
2011-12-29 00:00:00,1.3483326348443974
2011-12-30 00:00:00,1.3483326348443974
2012-01-03 00:00:00,1.3483326348443974
2012-01-04 00:00:00,1.3483326348443974
2012-01-05 00:00:00,1.3483326348443974
2012-01-06 00:00:00,1.3483326348443974
2012-01-09 00:00:00,1.3483326348443974
2012-01-10 00:00:00,1.3483326348443974
2012-01-11 00:00:00,1.3483326348443974
2012-01-12 00:00:00,1.3483326348443974
2012-01-13 00:00:00,1.3483326348443974
2012-01-17 00:00:00,1.3483326348443974
2012-01-18 00:00:00,1.3483326348443974
2012-01-19 00:00:00,1.3531832528433165
2012-01-20 00:00:00,1.3522737619685192
2012-01-23 00:00:00,1.3523495528747522
2012-01-24 00:00:00,1.3572001708736716
2012-01-25 00:00:00,1.3704635794644662
2012-01-26 00:00:00,1.3618992070601246
2012-01-27 00:00:00,1.3697814613083683
2012-01-30 00:00:00,1.3620507888725906
2012-01-31 00:00:00,1.3588675708107998
2012-02-01 00:00:00,1.3854701788986226
2012-02-02 00:00:00,1.3884260242417141
2012-02-03 00:00:00,1.4091169416433538
2012-02-06 00:00:00,1.4079042871436238
2012-02-07 00:00:00,1.409344314362053
2012-02-08 00:00:00,1.4122243687989111
2012-02-09 00:00:00,1.413967559642273
2012-02-10 00:00:00,1.3992641238330492
2012-02-13 00:00:00,1.4135128142048745
2012-02-14 00:00:00,1.4129064869550094
2012-02-15 00:00:00,1.4087379871121881
2012-02-16 00:00:00,1.4296562772325272
2012-02-17 00:00:00,1.428670995451497
2012-02-21 00:00:00,1.4226835138590808
2012-02-22 00:00:00,1.417453941328996
2012-02-23 00:00:00,1.428292040920331
2012-02-24 00:00:00,1.428670995451497
2012-02-27 00:00:00,1.428898368170196
2012-02-28 00:00:00,1.427230968233068
2012-02-29 00:00:00,1.4169991958915975
2012-03-01 00:00:00,1.4297320681387602
2012-03-02 00:00:00,1.4183634322037932
2012-03-05 00:00:00,1.4135128142048745
2012-03-06 00:00:00,1.3876681151793828
2012-03-07 00:00:00,1.4007799419577114
2012-03-08 00:00:00,1.4160139141105668
2012-03-09 00:00:00,1.4290499499826623
2012-03-12 00:00:00,1.4241235410775102
2012-03-13 00:00:00,1.4505745673528665
2012-03-14 00:00:00,1.4400396313864638
2012-03-15 00:00:00,1.4526967127273935
2012-03-16 00:00:00,1.4478460947284744
2012-03-19 00:00:00,1.452469340008694
2012-03-20 00:00:00,1.442313358573457
2012-03-21 00:00:00,1.4407975404487947
2012-03-22 00:00:00,1.426852013701902
2012-03-23 00:00:00,1.4357195497311763
2012-03-26 00:00:00,1.4561830944141168
2012-03-27 00:00:00,1.4504987764466335
2012-03-28 00:00:00,1.4432228494482546
2012-03-29 00:00:00,1.4411764949799604
2012-03-30 00:00:00,1.4400396313864638
2012-04-02 00:00:00,1.4480734674471738
2012-04-03 00:00:00,1.4511808946027314
2012-04-04 00:00:00,1.4325363316693855
2012-04-05 00:00:00,1.4270035955143685
2012-04-09 00:00:00,1.4104053870493167
2012-04-10 00:00:00,1.3788763700563416
2012-04-11 00:00:00,1.393882969490498
2012-04-12 00:00:00,1.4175297322352292
2012-04-13 00:00:00,1.4008557328639442
2012-04-16 00:00:00,1.4014620601138092
2012-04-17 00:00:00,1.4226835138590808
2012-04-18 00:00:00,1.4189697594536583
2012-04-19 00:00:00,1.4138159778298067
2012-04-20 00:00:00,1.4155591686731683
2012-04-23 00:00:00,1.4025231328010728
2012-04-24 00:00:00,1.40585793267533
2012-04-25 00:00:00,1.428898368170196
2012-04-26 00:00:00,1.442161776760991
2012-04-27 00:00:00,1.4479218856347076
2012-04-30 00:00:00,1.436174295168575
2012-05-01 00:00:00,1.4432986403544874
2012-05-02 00:00:00,1.44579974026018
2012-05-03 00:00:00,1.4232140502027129
2012-05-04 00:00:00,1.4020683873636743
2012-05-07 00:00:00,1.4072221689875257
2012-05-08 00:00:00,1.404721069081833
2012-05-09 00:00:00,1.3995672874579816
2012-05-10 00:00:00,1.4007799419577114
2012-05-11 00:00:00,1.4011588964888768
2012-05-14 00:00:00,1.3862280879609539
2012-05-15 00:00:00,1.3811500972433353
2012-05-16 00:00:00,1.3695540885896689
2012-05-17 00:00:00,1.3345386899099707
2012-05-18 00:00:00,1.3187741814134832
2012-05-21 00:00:00,1.3477263075945323
2012-05-22 00:00:00,1.351591643812421
2012-05-23 00:00:00,1.358943361717033
2012-05-24 00:00:00,1.363718188809719
2012-05-25 00:00:00,1.3610655070915603
2012-05-29 00:00:00,1.3774363428379124
2012-05-30 00:00:00,1.351364271093722
2012-05-31 00:00:00,1.3480294712194647
2012-06-01 00:00:00,1.3083908272595468
2012-06-04 00:00:00,1.3054243408058788
2012-06-05 00:00:00,1.3054243408058788
2012-06-06 00:00:00,1.3054243408058788
2012-06-07 00:00:00,1.3054243408058788
2012-06-08 00:00:00,1.3054243408058788
2012-06-11 00:00:00,1.3054243408058788
2012-06-12 00:00:00,1.3054243408058788
2012-06-13 00:00:00,1.3054243408058788
2012-06-14 00:00:00,1.3054243408058788
2012-06-15 00:00:00,1.3054243408058788
2012-06-18 00:00:00,1.3054243408058788
2012-06-19 00:00:00,1.3054243408058788
2012-06-20 00:00:00,1.3054243408058788
2012-06-21 00:00:00,1.3054243408058788
2012-06-22 00:00:00,1.3054243408058788
2012-06-25 00:00:00,1.3054243408058788
2012-06-26 00:00:00,1.3054243408058788
2012-06-27 00:00:00,1.3054243408058788
2012-06-28 00:00:00,1.3054243408058788
2012-06-29 00:00:00,1.3054243408058788
2012-07-02 00:00:00,1.3054243408058788
2012-07-03 00:00:00,1.3054243408058788
2012-07-05 00:00:00,1.3054243408058788
2012-07-06 00:00:00,1.3054243408058788
2012-07-09 00:00:00,1.3054243408058788
2012-07-10 00:00:00,1.3054243408058788
2012-07-11 00:00:00,1.3054243408058788
2012-07-12 00:00:00,1.3054243408058788
2012-07-13 00:00:00,1.3054243408058788
2012-07-16 00:00:00,1.3054243408058788
2012-07-17 00:00:00,1.3054243408058788
2012-07-18 00:00:00,1.3054243408058788
2012-07-19 00:00:00,1.3054243408058788
2012-07-20 00:00:00,1.3054243408058788
2012-07-23 00:00:00,1.3054243408058788
2012-07-24 00:00:00,1.3054243408058788
2012-07-25 00:00:00,1.3054243408058788
2012-07-26 00:00:00,1.3054243408058788
2012-07-27 00:00:00,1.3054243408058788
2012-07-30 00:00:00,1.3054243408058788
2012-07-31 00:00:00,1.3054243408058788
2012-08-01 00:00:00,1.3054243408058788
2012-08-02 00:00:00,1.3054243408058788
2012-08-03 00:00:00,1.3054243408058788
2012-08-06 00:00:00,1.3054243408058788
2012-08-07 00:00:00,1.3054243408058788
2012-08-08 00:00:00,1.3054243408058788
2012-08-09 00:00:00,1.3054243408058788
2012-08-10 00:00:00,1.3054243408058788
2012-08-13 00:00:00,1.3054243408058788
2012-08-14 00:00:00,1.3054243408058788
2012-08-15 00:00:00,1.3054243408058788
2012-08-16 00:00:00,1.3054243408058788
2012-08-17 00:00:00,1.3054243408058788
2012-08-20 00:00:00,1.3054243408058788
2012-08-21 00:00:00,1.3054243408058788
2012-08-22 00:00:00,1.3054243408058788
2012-08-23 00:00:00,1.3054243408058788
2012-08-24 00:00:00,1.3054243408058788
2012-08-27 00:00:00,1.3054243408058788
2012-08-28 00:00:00,1.3054243408058788
2012-08-29 00:00:00,1.3054243408058788
2012-08-30 00:00:00,1.3054243408058788
2012-08-31 00:00:00,1.3054243408058788
2012-09-04 00:00:00,1.3054243408058788
2012-09-05 00:00:00,1.3054243408058788
2012-09-06 00:00:00,1.3054243408058788
2012-09-07 00:00:00,1.3054243408058788
2012-09-10 00:00:00,1.3054243408058788
2012-09-11 00:00:00,1.3054243408058788
2012-09-12 00:00:00,1.3054243408058788
2012-09-13 00:00:00,1.3054243408058788
2012-09-14 00:00:00,1.3054243408058788
2012-09-17 00:00:00,1.3054243408058788
2012-09-18 00:00:00,1.3054243408058788
2012-09-19 00:00:00,1.3054243408058788
2012-09-20 00:00:00,1.3054243408058788
2012-09-21 00:00:00,1.3054243408058788
2012-09-24 00:00:00,1.3054243408058788
2012-09-25 00:00:00,1.3054243408058788
2012-09-26 00:00:00,1.3054243408058788
2012-09-27 00:00:00,1.3054243408058788
2012-09-28 00:00:00,1.3054243408058788
2012-10-01 00:00:00,1.3054243408058788
2012-10-02 00:00:00,1.3054243408058788
2012-10-03 00:00:00,1.3054243408058788
2012-10-04 00:00:00,1.3054243408058788
2012-10-05 00:00:00,1.3054243408058788
2012-10-08 00:00:00,1.3054243408058788
2012-10-09 00:00:00,1.3054243408058788
2012-10-10 00:00:00,1.3054243408058788
2012-10-11 00:00:00,1.3054243408058788
2012-10-12 00:00:00,1.3054243408058788
2012-10-15 00:00:00,1.3054243408058788
2012-10-16 00:00:00,1.3054243408058788
2012-10-17 00:00:00,1.3054243408058788
2012-10-18 00:00:00,1.3054243408058788
2012-10-19 00:00:00,1.3054243408058788
2012-10-22 00:00:00,1.3054243408058788
2012-10-23 00:00:00,1.3054243408058788
2012-10-24 00:00:00,1.3054243408058788
2012-10-25 00:00:00,1.3054243408058788
2012-10-26 00:00:00,1.3054243408058788
2012-10-31 00:00:00,1.3054243408058788
2012-11-01 00:00:00,1.3054243408058788
2012-11-02 00:00:00,1.3054243408058788
2012-11-05 00:00:00,1.3054243408058788
2012-11-06 00:00:00,1.3054243408058788
2012-11-07 00:00:00,1.3054243408058788
2012-11-08 00:00:00,1.3054243408058788
2012-11-09 00:00:00,1.3054243408058788
2012-11-12 00:00:00,1.3054243408058788
2012-11-13 00:00:00,1.3054243408058788
2012-11-14 00:00:00,1.3054243408058788
2012-11-15 00:00:00,1.3054243408058788
2012-11-16 00:00:00,1.3054243408058788
2012-11-19 00:00:00,1.3054243408058788
2012-11-20 00:00:00,1.3054243408058788
2012-11-21 00:00:00,1.3054243408058788
2012-11-23 00:00:00,1.3054243408058788
2012-11-26 00:00:00,1.309197872726603
2012-11-27 00:00:00,1.3062951558645075
2012-11-28 00:00:00,1.3147856026861366
2012-11-29 00:00:00,1.3237840249586326
2012-11-30 00:00:00,1.3232760495077658
2012-12-03 00:00:00,1.3209538760180894
2012-12-04 00:00:00,1.320083060959461
2012-12-05 00:00:00,1.322913209900004
2012-12-06 00:00:00,1.3255982229974421
2012-12-07 00:00:00,1.3273398531146996
2012-12-10 00:00:00,1.3356125961716716
2012-12-11 00:00:00,1.3413454619743104
2012-12-12 00:00:00,1.3392409922492912
2012-12-13 00:00:00,1.3306779775061095
2012-12-14 00:00:00,1.3279929644086712
2012-12-17 00:00:00,1.3400392393863672
2012-12-18 00:00:00,1.3584714914606733
2012-12-19 00:00:00,1.3562218858925492
2012-12-20 00:00:00,1.364639764792626
2012-12-21 00:00:00,1.353319169030454
2012-12-24 00:00:00,1.3456995372674534
2012-12-26 00:00:00,1.3353948924070145
2012-12-27 00:00:00,1.3341612377406238
2012-12-28 00:00:00,1.3260336305267566
2012-12-31 00:00:00,1.3476588711493678
2013-01-02 00:00:00,1.385031350748847
2013-01-03 00:00:00,1.3840153998471132
2013-01-04 00:00:00,1.3936669334135807
2013-01-07 00:00:00,1.3898208335713045
2013-01-08 00:00:00,1.3861198695721324
2013-01-09 00:00:00,1.394610316393762
2013-01-10 00:00:00,1.3975130332558574
2013-01-11 00:00:00,1.3953359956092857
2013-01-14 00:00:00,1.398021008706724
2013-01-15 00:00:00,1.4048423933326482
2013-01-16 00:00:00,1.4014317010196862
2013-01-17 00:00:00,1.4134779759973823
2013-01-18 00:00:00,1.4164532607810298
2013-01-22 00:00:00,1.428281831994069
2013-01-23 00:00:00,1.4281366961509643
2013-01-24 00:00:00,1.4351032166199933
2013-01-25 00:00:00,1.448745985871842
2013-01-28 00:00:00,1.4465689482252704
2013-01-29 00:00:00,1.4458432690097465
2013-01-30 00:00:00,1.4369899825803556
2013-01-31 00:00:00,1.443085687990756
2013-02-01 00:00:00,1.4548416912822424
2013-02-04 00:00:00,1.441634329559708
2013-02-05 00:00:00,1.4503424801459948
2013-02-06 00:00:00,1.4583975194383094
2013-02-07 00:00:00,1.4560027780270808
2013-02-08 00:00:00,1.4651463361426815
2013-02-11 00:00:00,1.461517940065062
2013-02-12 00:00:00,1.4685570284556435
2013-02-13 00:00:00,1.4724031282979202
2013-02-14 00:00:00,1.4762492281401964
2013-02-15 00:00:00,1.474072190493625
2013-02-19 00:00:00,1.4835785882169874
2013-02-20 00:00:00,1.457018728928814
2013-02-21 00:00:00,1.444246774735594
2013-02-22 00:00:00,1.462098483437481
2013-02-25 00:00:00,1.4287172395233831
2013-02-26 00:00:00,1.4377156617958793
2013-02-27 00:00:00,1.4586152232029665
2013-02-28 00:00:00,1.4550593950468995
2013-03-01 00:00:00,1.4530274932434328
2013-03-04 00:00:00,1.456801025164157
2013-03-05 00:00:00,1.476176660218644
2013-03-06 00:00:00,1.47878910539453
2013-03-07 00:00:00,1.4824900693937015
2013-03-08 00:00:00,1.495697431116236
2013-03-11 00:00:00,1.497221357468836
2013-03-12 00:00:00,1.4967133820179694
2013-03-13 00:00:00,1.501357728997322
2013-03-14 00:00:00,1.512968596445704
2013-03-15 00:00:00,1.506800323113751
2013-03-18 00:00:00,1.4995435309585123
2013-03-19 00:00:00,1.4975116291550457
2013-03-20 00:00:00,1.5130411643672563
2013-03-21 00:00:00,1.4998338026447222
2013-03-22 00:00:00,1.5048409892318368
2013-03-25 00:00:00,1.500559481860246
2013-03-26 00:00:00,1.5105738550344752
2013-03-27 00:00:00,1.5134040039750185
2013-03-28 00:00:00,1.5218944507966476
2013-04-01 00:00:00,1.5067277551921987
2013-04-02 00:00:00,1.500559481860246
2013-04-03 00:00:00,1.4767572035910632
2013-04-04 00:00:00,1.4854653541773495
2013-04-05 00:00:00,1.4843768353540638
2013-04-08 00:00:00,1.495697431116236
2013-04-09 00:00:00,1.4961328386455501
2013-04-10 00:00:00,1.5168146962879805
2013-04-11 00:00:00,1.5226201300121713
2013-04-12 00:00:00,1.5163067208371137
2013-04-15 00:00:00,1.4687747322203006
2013-04-16 00:00:00,1.4912707879015406
2013-04-17 00:00:00,1.4684118926125387
2013-04-18 00:00:00,1.4586152232029665
2013-04-19 00:00:00,1.4826352052368064
2013-04-22 00:00:00,1.4859007617066635
2013-04-23 00:00:00,1.500922321468008
2013-04-24 00:00:00,1.5071631627215132
2013-04-25 00:00:00,1.5132588681319135
2013-04-26 00:00:00,1.5070905947999607
2013-04-29 00:00:00,1.518048350954371
2013-04-30 00:00:00,1.5309654409906956
2013-05-01 00:00:00,1.5038976062516556
2013-05-02 00:00:00,1.5198625489931805
2013-05-03 00:00:00,1.5380045293812772
2013-05-06 00:00:00,1.547002951653773
2013-05-07 00:00:00,1.5591943624745743
2013-05-08 00:00:00,1.5694264394134605
2013-05-09 00:00:00,1.56180680765046
2013-05-10 00:00:00,1.572474292118661
2013-05-13 00:00:00,1.568773328119489
2013-05-14 00:00:00,1.587133012272243
2013-05-15 00:00:00,1.5931561497610909
2013-05-16 00:00:00,1.5846657029394617
2013-05-17 00:00:00,1.6017191645042725
2013-05-20 00:00:00,1.6031705229353201
2013-05-21 00:00:00,1.604839585131025
2013-05-22 00:00:00,1.5776266145488802
2013-05-23 00:00:00,1.575884984431623
2013-05-24 00:00:00,1.5712406374522705
2013-05-28 00:00:00,1.5811824427049472
2013-05-29 00:00:00,1.5676848092962035
2013-05-30 00:00:00,1.5816178502342615
2013-05-31 00:00:00,1.5660157471004985
2013-06-03 00:00:00,1.5607182888271742
2013-06-04 00:00:00,1.5505587798098401
2013-06-05 00:00:00,1.5281352920501527
2013-06-06 00:00:00,1.548091470477059
2013-06-07 00:00:00,1.5622422151797744
2013-06-10 00:00:00,1.5634758698461648
2013-06-11 00:00:00,1.5430842838899443
2013-06-12 00:00:00,1.5299494900889625
2013-06-13 00:00:00,1.5579607078081836
2013-06-14 00:00:00,1.551647298633126
2013-06-17 00:00:00,1.5611536963564885
2013-06-18 00:00:00,1.5750141693729942
2013-06-19 00:00:00,1.5488171496925829
2013-06-20 00:00:00,1.5073082985646178
2013-06-21 00:00:00,1.5010674573111127
2013-06-24 00:00:00,1.4841591315894065
2013-06-25 00:00:00,1.5028090874283697
2013-06-26 00:00:00,1.5121703493086276
2013-06-27 00:00:00,1.5339407257743436
2013-06-28 00:00:00,1.5246520318156382
2013-07-01 00:00:00,1.547002951653773
2013-07-02 00:00:00,1.545043617771859
2013-07-03 00:00:00,1.5455515932227253
2013-07-05 00:00:00,1.5661608829436031
2013-07-08 00:00:00,1.5687007601979364
2013-07-09 00:00:00,1.585463950076538
2013-07-10 00:00:00,1.5862621972136144
2013-07-11 00:00:00,1.6067263510913872
2013-07-12 00:00:00,1.6094113641888255
2013-07-15 00:00:00,1.6182646506182168
2013-07-16 00:00:00,1.6054201285034442
2013-07-17 00:00:00,1.61289462442334
2013-07-18 00:00:00,1.627335640812265
2013-07-19 00:00:00,1.6295852463803888
2013-07-22 00:00:00,1.6351004084183702
2013-07-23 00:00:00,1.635245544261475
2013-07-24 00:00:00,1.622836429676017
2013-07-25 00:00:00,1.6292224067726269
2013-07-26 00:00:00,1.620369120343236
2013-07-29 00:00:00,1.6158699092069877
2013-07-30 00:00:00,1.6192080335983976
2013-07-31 00:00:00,1.6263196899105317
2013-08-01 00:00:00,1.6603533194393854
2013-08-02 00:00:00,1.6543309076297525
2013-08-05 00:00:00,1.6546937472375145
2013-08-06 00:00:00,1.6369871743787325
2013-08-07 00:00:00,1.625086035244141
2013-08-08 00:00:00,1.6317622840269606
2013-08-09 00:00:00,1.6337216179088752
2013-08-12 00:00:00,1.6392367799468563
2013-08-13 00:00:00,1.6374225819080463
2013-08-14 00:00:00,1.6255214427734552
2013-08-15 00:00:00,1.5960588666231863
2013-08-16 00:00:00,1.5929384459964337
2013-08-19 00:00:00,1.5810373068618426
2013-08-20 00:00:00,1.6031705229353201
2013-08-21 00:00:00,1.5891649140757096
2013-08-22 00:00:00,1.6067989190129395
2013-08-23 00:00:00,1.6094113641888255
2013-08-26 00:00:00,1.6109352905414256
2013-08-27 00:00:00,1.576828367411804
2013-08-28 00:00:00,1.5812550106264998
2013-08-29 00:00:00,1.588656938624843
2013-08-30 00:00:00,1.5634758698461648
2013-09-03 00:00:00,1.5609359925918314
2013-09-04 00:00:00,1.5791505409014805
2013-09-05 00:00:00,1.5816178502342615
2013-09-06 00:00:00,1.586044493448957
2013-09-09 00:00:00,1.6092662283457206
2013-09-10 00:00:00,1.6262471219889791
2013-09-11 00:00:00,1.6278436162631318
2013-09-12 00:00:00,1.6230541334406743
2013-09-13 00:00:00,1.6260294182243218
2013-09-16 00:00:00,1.635172976339923
2013-09-17 00:00:00,1.6480900663762474
2013-09-18 00:00:00,1.6631116261375913
2013-09-19 00:00:00,1.6591929583737626
2013-09-20 00:00:00,1.6420669288873992
2013-09-23 00:00:00,1.6351004084183702
2013-09-24 00:00:00,1.6374225819080463
2013-09-25 00:00:00,1.6383659648882276
2013-09-26 00:00:00,1.6480174984546951
2013-09-27 00:00:00,1.6414863855149802
2013-09-30 00:00:00,1.6424297684951612
2013-10-01 00:00:00,1.6649258241764011
2013-10-02 00:00:00,1.6615876997849912
2013-10-03 00:00:00,1.6483077701409046
2013-10-04 00:00:00,1.6578867357858196
2013-10-07 00:00:00,1.638801372417542
2013-10-08 00:00:00,1.6195708732061598
2013-10-09 00:00:00,1.6139105753250735
2013-10-10 00:00:00,1.6498316964935047
2013-10-11 00:00:00,1.665724071313477
2013-10-14 00:00:00,1.672037480488535
2013-10-15 00:00:00,1.654403475551305
2013-10-16 00:00:00,1.6760287161739162
2013-10-17 00:00:00,1.6882201269947172
2013-10-18 00:00:00,1.7024434396189847
2013-10-21 00:00:00,1.7040399338931371
2013-10-22 00:00:00,1.7125303807147667
2013-10-23 00:00:00,1.7012823528741468
2013-10-24 00:00:00,1.7044027735008993
2013-10-25 00:00:00,1.7098453676173282
2013-10-28 00:00:00,1.7076683299707567
2013-10-29 00:00:00,1.7161587767923858
2013-10-30 00:00:00,1.7033868225991657
2013-10-31 00:00:00,1.7018628962465658
2013-11-01 00:00:00,1.7033868225991657
2013-11-04 00:00:00,1.7160862088708333
2013-11-05 00:00:00,1.7052010206379755
2013-11-06 00:00:00,1.7035319584422708
2013-11-07 00:00:00,1.67341627099803
2013-11-08 00:00:00,1.6993230189922321
2013-11-11 00:00:00,1.705491292324185
2013-11-12 00:00:00,1.7030965509129563
2013-11-13 00:00:00,1.720150012477767
2013-11-14 00:00:00,1.7273342367114533
2013-11-15 00:00:00,1.7328493987494347
2013-11-18 00:00:00,1.7202225803993194
2013-11-19 00:00:00,1.708466577107833
2013-11-20 00:00:00,1.704547909344004
2013-11-21 00:00:00,1.725592606594196
2013-11-22 00:00:00,1.7285678913778437
2013-11-25 00:00:00,1.7261731499666153
2013-11-26 00:00:00,1.726100582045063
2013-11-27 00:00:00,1.7305272252597583
2013-11-29 00:00:00,1.7229801614183105
2013-12-02 00:00:00,1.7235607047907293
2013-12-03 00:00:00,1.7176101352234336
2013-12-04 00:00:00,1.714707418361338
2013-12-05 00:00:00,1.718263246517405
2013-12-06 00:00:00,1.7311077686321774
2013-12-09 00:00:00,1.7335750779649584
2013-12-10 00:00:00,1.7279147800838723
2013-12-11 00:00:00,1.6996132906784416
2013-12-12 00:00:00,1.7013549207956988
2013-12-13 00:00:00,1.7065798111474708
2013-12-16 00:00:00,1.7186986540467195
2013-12-17 00:00:00,1.717900406909643
2013-12-18 00:00:00,1.7393079437675971
2013-12-19 00:00:00,1.7250120632217771
2013-12-20 00:00:00,1.7392353758460446
2013-12-23 00:00:00,1.7530232809409982
2013-12-24 00:00:00,1.7612234560764177
2013-12-26 00:00:00,1.761803999448837
2013-12-27 00:00:00,1.7632553578798846
2013-12-30 00:00:00,1.765214691761799
2013-12-31 00:00:00,1.7721086443092757
2014-01-02 00:00:00,1.7517896262746075
2014-01-03 00:00:00,1.7594818259591607
2014-01-06 00:00:00,1.7483789339616453
2014-01-07 00:00:00,1.762892518272123
2014-01-08 00:00:00,1.7663032105850849
2014-01-09 00:00:00,1.7680448407023421
2014-01-10 00:00:00,1.7811070665817716
2014-01-13 00:00:00,1.7558534298815411
2014-01-14 00:00:00,1.7763901516808667
2014-01-15 00:00:00,1.7866222286197528
2014-01-16 00:00:00,1.7842274872085244
2014-01-17 00:00:00,1.7789300289352
2014-01-21 00:00:00,1.785461141874915
2014-01-22 00:00:00,1.7941692924612012
2014-01-23 00:00:00,1.7800185477584858
2014-01-24 00:00:00,1.733647645886511
2014-01-27 00:00:00,1.7173198635372242
2014-01-28 00:00:00,1.7348813005529016
2014-01-29 00:00:00,1.7157959371846239
2014-01-30 00:00:00,1.7398884871400162
2014-01-31 00:00:00,1.7327768308278824
2014-02-03 00:00:00,1.6712392333514587
2014-02-04 00:00:00,1.6929370418956222
2014-02-05 00:00:00,1.6854625459757262
2014-02-06 00:00:00,1.7112967260483758
2014-02-07 00:00:00,1.7269713971036913
2014-02-10 00:00:00,1.731543176161492
2014-02-11 00:00:00,1.7480160943538834
2014-02-12 00:00:00,1.758683578822084
2014-02-13 00:00:00,1.7705847179566758
2014-02-14 00:00:00,1.7793654364645142
2014-02-18 00:00:00,1.7889444021094294
2014-02-19 00:00:00,1.7773335346610475
2014-02-20 00:00:00,1.787928451207696
2014-02-21 00:00:00,1.792282526500839
2014-02-24 00:00:00,1.798813639440554
2014-02-25 00:00:00,1.7989587752836587
2014-02-26 00:00:00,1.8062881353604499
2014-02-27 00:00:00,1.814778582182079
2014-02-28 00:00:00,1.8170281877502028
2014-03-03 00:00:00,1.8063607032820022
2014-03-04 00:00:00,1.8358958473538236
2014-03-05 00:00:00,1.8315417720606804
2014-03-06 00:00:00,1.8324125871193087
2014-03-07 00:00:00,1.8359684152753757
2014-03-10 00:00:00,1.8259540421011464
2014-03-11 00:00:00,1.8157945330838126
2014-03-12 00:00:00,1.8178264348872792
2014-03-13 00:00:00,1.7981605281465824
2014-03-14 00:00:00,1.8045465052431924
2014-03-17 00:00:00,1.81724589151486
2014-03-18 00:00:00,1.8334285380210424
2014-03-19 00:00:00,1.8213096951217937
2014-03-20 00:00:00,1.826607153395118
2014-03-21 00:00:00,1.819277793318327
2014-03-24 00:00:00,1.8054173203018211
2014-03-25 00:00:00,1.8102793710458311
2014-03-26 00:00:00,1.7867673644628579
2014-03-27 00:00:00,1.7822681533266098
2014-03-28 00:00:00,1.7914842793637629
2014-03-31 00:00:00,1.8183344103381458
2014-04-01 00:00:00,1.8349524643736423
2014-04-02 00:00:00,1.840540194333176
2014-04-03 00:00:00,1.8318320437468898
2014-04-04 00:00:00,1.8038208260276687
2014-04-07 00:00:00,1.773052027289457
2014-04-08 00:00:00,1.783429240071448
2014-04-09 00:00:00,1.8007729733224687
2014-04-10 00:00:00,1.7615137277626274
2014-04-11 00:00:00,1.7399610550615687
2014-04-14 00:00:00,1.747725822667674
2014-04-15 00:00:00,1.7593366901160556
2014-04-16 00:00:00,1.7797282760722761
2014-04-17 00:00:00,1.7832841042283434
2014-04-21 00:00:00,1.7883638587370103
2014-04-22 00:00:00,1.801280948773335
2014-04-23 00:00:00,1.7989587752836587
2014-04-24 00:00:00,1.800482701636259
2014-04-25 00:00:00,1.779075164778305
2014-04-28 00:00:00,1.773052027289457
2014-04-29 00:00:00,1.7792203006214096
2014-04-30 00:00:00,1.7912665755991057
2014-05-01 00:00:00,1.7930082057163632
2014-05-02 00:00:00,1.7962737621862204
2014-05-05 00:00:00,1.7975074168526108
2014-05-06 00:00:00,1.7842274872085244
2014-05-07 00:00:00,1.792790501951706
2014-05-08 00:00:00,1.7837195117576576
2014-05-09 00:00:00,1.789016970030982
2014-05-12 00:00:00,1.8158671010053644
2014-05-13 00:00:00,1.806941246654421
2014-05-14 00:00:00,1.7925002302654962
2014-05-15 00:00:00,1.7774061025826
2014-05-16 00:00:00,1.7869125003059627
2014-05-19 00:00:00,1.795838354656906
2014-05-20 00:00:00,1.7769706950532858
2014-05-21 00:00:00,1.7867673644628579
2014-05-22 00:00:00,1.7977251206172682
2014-05-23 00:00:00,1.8097713955949641
2014-05-27 00:00:00,1.8218176705726608
2014-05-28 00:00:00,1.8149962859467361
2014-05-29 00:00:00,1.8253009308071748
2014-05-30 00:00:00,1.8205840159062698
2014-06-02 00:00:00,1.8265345854735653
2014-06-03 00:00:00,1.8271151288459848
2014-06-04 00:00:00,1.8355330077460614
2014-06-05 00:00:00,1.8540378277419203
2014-06-06 00:00:00,1.8644876084454636
2014-06-09 00:00:00,1.870583313855864
2014-06-10 00:00:00,1.86528585558254
2014-06-11 00:00:00,1.8591901501721395
2014-06-12 00:00:00,1.8496837524487766
2014-06-13 00:00:00,1.8544732352712345
2014-06-16 00:00:00,1.8549086428005486
2014-06-17 00:00:00,1.8702930421696546
2014-06-18 00:00:00,1.8796543040499123
2014-06-19 00:00:00,1.8746471174627977
2014-06-20 00:00:00,1.8807428228731986
2014-06-23 00:00:00,1.878710921069731
2014-06-24 00:00:00,1.8636893613083874
2014-06-25 00:00:00,1.87624361173695
2014-06-26 00:00:00,1.872252376051569
2014-06-27 00:00:00,1.8827747246766648
2014-06-30 00:00:00,1.8908297639689797
2014-07-01 00:00:00,1.9056336199656667
2014-07-02 00:00:00,1.8964900618500657
2014-07-03 00:00:00,1.9022954955742568
2014-07-07 00:00:00,1.8877819112637795
2014-07-08 00:00:00,1.8731957590317498
2014-07-09 00:00:00,1.8779126739326548
2014-07-10 00:00:00,1.8646327442885684
2014-07-11 00:00:00,1.862673410406654
2014-07-14 00:00:00,1.8705107459343115
2014-07-15 00:00:00,1.8640522009161495
2014-07-16 00:00:00,1.861584891583368
2014-07-17 00:00:00,1.864342472602359
2014-07-18 00:00:00,1.864342472602359
2014-07-21 00:00:00,1.858174199270406
2014-07-22 00:00:00,1.8659389668765116
2014-07-23 00:00:00,1.8647778801316734
2014-07-24 00:00:00,1.8665920781704832
2014-07-25 00:00:00,1.8544006673496818
2014-07-28 00:00:00,1.8511351108798246
2014-07-29 00:00:00,1.9020777918096
2014-07-30 00:00:00,1.84612792429271
2014-07-31 00:00:00,1.8078846296346023
2014-08-01 00:00:00,1.805925295752688
2014-08-04 00:00:00,1.8152865576329456
2014-08-05 00:00:00,1.8066509749682118
2014-08-06 00:00:00,1.8089005805363358
2014-08-07 00:00:00,1.8020791959104114
2014-08-08 00:00:00,1.821019423435584
2014-08-11 00:00:00,1.829074462727899
2014-08-12 00:00:00,1.8226159177097365
2014-08-13 00:00:00,1.8381454529219474
2014-08-14 00:00:00,1.848014690253072
2014-08-15 00:00:00,1.8437331828814811
2014-08-18 00:00:00,1.8657938310334068
2014-08-19 00:00:00,1.876969290952474
2014-08-20 00:00:00,1.8815410700102742
2014-08-21 00:00:00,1.884661490637027
2014-08-22 00:00:00,1.8829924284413222
2014-08-25 00:00:00,1.8895961093025893
2014-08-26 00:00:00,1.8959095184776469
2014-08-27 00:00:00,1.8932970733017607
2014-08-28 00:00:00,1.8909748998120843
2014-08-29 00:00:00,1.8993927787121616
2014-09-02 00:00:00,1.9049079407501428
2014-09-03 00:00:00,1.9020777918096
2014-09-04 00:00:00,1.8967077656147233
2014-09-05 00:00:00,1.9037468540053046
2014-09-08 00:00:00,1.9018600880449426
2014-09-09 00:00:00,1.8866208245189415
2014-09-10 00:00:00,1.88930583761638
2014-09-11 00:00:00,1.8983042598888757
2014-09-12 00:00:00,1.880162279500779
2014-09-15 00:00:00,1.8726877835808833
2014-09-16 00:00:00,1.8831375642844268
2014-09-17 00:00:00,1.8813959341671695
2014-09-18 00:00:00,1.8879270471068847
2014-09-19 00:00:00,1.8723249439731213
2014-09-22 00:00:00,1.8469261714297862
2014-09-23 00:00:00,1.8321223154330994
2014-09-24 00:00:00,1.8414835773133569
2014-09-25 00:00:00,1.8156493972407075
2014-09-26 00:00:00,1.8298727098649752
2014-09-29 00:00:00,1.8254460666502799
2014-09-30 00:00:00,1.8092634201440974
2014-10-01 00:00:00,1.8046774468008417
2014-10-02 00:00:00,1.8046774468008417
2014-10-03 00:00:00,1.8046774468008417
2014-10-06 00:00:00,1.8046774468008417
2014-10-07 00:00:00,1.8046774468008417
2014-10-08 00:00:00,1.8046774468008417
2014-10-09 00:00:00,1.8046774468008417
2014-10-10 00:00:00,1.8046774468008417
2014-10-13 00:00:00,1.8046774468008417
2014-10-14 00:00:00,1.8046774468008417
2014-10-15 00:00:00,1.8046774468008417
2014-10-16 00:00:00,1.8046774468008417
2014-10-17 00:00:00,1.8046774468008417
2014-10-20 00:00:00,1.8046774468008417
2014-10-21 00:00:00,1.8046774468008417
2014-10-22 00:00:00,1.8046774468008417
2014-10-23 00:00:00,1.8046774468008417
2014-10-24 00:00:00,1.8046774468008417
2014-10-27 00:00:00,1.8046774468008417
2014-10-28 00:00:00,1.8046774468008417
2014-10-29 00:00:00,1.8046774468008417
2014-10-30 00:00:00,1.8046774468008417
2014-10-31 00:00:00,1.8023034224569887
2014-11-03 00:00:00,1.805794634727361
2014-11-04 00:00:00,1.798113967732542
2014-11-05 00:00:00,1.8052360407641015
2014-11-06 00:00:00,1.8178742291828491
2014-11-07 00:00:00,1.8189215928639606
2014-11-10 00:00:00,1.8242282355149264
2014-11-11 00:00:00,1.8247868294781862
2014-11-12 00:00:00,1.8284176902393734
2014-11-13 00:00:00,1.8202482535267022
2014-11-14 00:00:00,1.8192707140909983
2014-11-17 00:00:00,1.816338095783885
2014-11-18 00:00:00,1.8261134901409277
2014-11-19 00:00:00,1.8199689565450723
2014-11-20 00:00:00,1.8288366357118182
2014-11-21 00:00:00,1.8375646663877487
2014-11-24 00:00:00,1.8499235578248665
2014-11-25 00:00:00,1.8504123275427187
2014-11-26 00:00:00,1.8502028548064964
2014-11-28 00:00:00,1.835400114780118
2014-12-01 00:00:00,1.8122184653048463
2014-12-02 00:00:00,1.8233205203246299
2014-12-03 00:00:00,1.8387516785596754
2014-12-04 00:00:00,1.8358888844979702
2014-12-05 00:00:00,1.838681854314268
2014-12-08 00:00:00,1.8256247204230756
2014-12-09 00:00:00,1.835819060252563
2014-12-10 00:00:00,1.8002785193401727
2014-12-11 00:00:00,1.81047285916966
2014-12-12 00:00:00,1.7854757793137945
2014-12-15 00:00:00,1.772767766649639
2014-12-16 00:00:00,1.7689972573976371
2014-12-17 00:00:00,1.7747690412418093
2014-12-18 00:00:00,1.7747690412418093
2014-12-19 00:00:00,1.7747690412418093
2014-12-22 00:00:00,1.7747690412418093
2014-12-23 00:00:00,1.7747690412418093
2014-12-24 00:00:00,1.7747690412418093
2014-12-26 00:00:00,1.7747690412418093
2014-12-29 00:00:00,1.7747690412418093
2014-12-30 00:00:00,1.7747690412418093
2014-12-31 00:00:00,1.7747690412418093
2015-01-02 00:00:00,1.7747690412418093
2015-01-05 00:00:00,1.7747690412418093
2015-01-06 00:00:00,1.7747690412418093
2015-01-07 00:00:00,1.7747690412418093
2015-01-08 00:00:00,1.7747690412418093
2015-01-09 00:00:00,1.7747690412418093
2015-01-12 00:00:00,1.7747690412418093
2015-01-13 00:00:00,1.7747690412418093
2015-01-14 00:00:00,1.7747690412418093
2015-01-15 00:00:00,1.7747690412418093
2015-01-16 00:00:00,1.7747690412418093
2015-01-20 00:00:00,1.7747690412418093
2015-01-21 00:00:00,1.7747690412418093
2015-01-22 00:00:00,1.7747690412418093
2015-01-23 00:00:00,1.7747690412418093
2015-01-26 00:00:00,1.7747690412418093
2015-01-27 00:00:00,1.7747690412418093
2015-01-28 00:00:00,1.7747690412418093
2015-01-29 00:00:00,1.7747690412418093
2015-01-30 00:00:00,1.7747690412418093
2015-02-02 00:00:00,1.7747690412418093
2015-02-03 00:00:00,1.7747690412418093
2015-02-04 00:00:00,1.7747690412418093
2015-02-05 00:00:00,1.7747690412418093
2015-02-06 00:00:00,1.7747690412418093
2015-02-09 00:00:00,1.7747690412418093
2015-02-10 00:00:00,1.7747690412418093
2015-02-11 00:00:00,1.7747690412418093
2015-02-12 00:00:00,1.7747690412418093
2015-02-13 00:00:00,1.7747690412418093
2015-02-17 00:00:00,1.7747690412418093
2015-02-18 00:00:00,1.7747690412418093
2015-02-19 00:00:00,1.7747690412418093
2015-02-20 00:00:00,1.7747690412418093
2015-02-23 00:00:00,1.7747690412418093
2015-02-24 00:00:00,1.7747690412418093
2015-02-25 00:00:00,1.7747690412418093
2015-02-26 00:00:00,1.7747690412418093
2015-02-27 00:00:00,1.7747690412418093
2015-03-02 00:00:00,1.7747690412418093
2015-03-03 00:00:00,1.7747690412418093
2015-03-04 00:00:00,1.7747690412418093
2015-03-05 00:00:00,1.7747690412418093
2015-03-06 00:00:00,1.7747690412418093
2015-03-09 00:00:00,1.7747690412418093
2015-03-10 00:00:00,1.7747690412418093
2015-03-11 00:00:00,1.7747690412418093
2015-03-12 00:00:00,1.7747690412418093
2015-03-13 00:00:00,1.7747690412418093
2015-03-16 00:00:00,1.7747690412418093
2015-03-17 00:00:00,1.7747690412418093
2015-03-18 00:00:00,1.7747690412418093
2015-03-19 00:00:00,1.7747690412418093
2015-03-20 00:00:00,1.7747690412418093
2015-03-23 00:00:00,1.7747690412418093
2015-03-24 00:00:00,1.7747690412418093
2015-03-25 00:00:00,1.7747690412418093
2015-03-26 00:00:00,1.7747690412418093
2015-03-27 00:00:00,1.7747690412418093
2015-03-30 00:00:00,1.7747690412418093
2015-03-31 00:00:00,1.7747690412418093
2015-04-01 00:00:00,1.7747690412418093
2015-04-02 00:00:00,1.7747690412418093
2015-04-06 00:00:00,1.7747690412418093
2015-04-07 00:00:00,1.7747690412418093
2015-04-08 00:00:00,1.7747690412418093
2015-04-09 00:00:00,1.7747690412418093
2015-04-10 00:00:00,1.7747690412418093
2015-04-13 00:00:00,1.7747690412418093
2015-04-14 00:00:00,1.7747690412418093
2015-04-15 00:00:00,1.7747690412418093
2015-04-16 00:00:00,1.7747690412418093
2015-04-17 00:00:00,1.7747690412418093
2015-04-20 00:00:00,1.7747690412418093
2015-04-21 00:00:00,1.7747690412418093
2015-04-22 00:00:00,1.7747690412418093
2015-04-23 00:00:00,1.7747690412418093
2015-04-24 00:00:00,1.7747690412418093
2015-04-27 00:00:00,1.7747690412418093
2015-04-28 00:00:00,1.7747690412418093
2015-04-29 00:00:00,1.7747690412418093
2015-04-30 00:00:00,1.7747690412418093
2015-05-01 00:00:00,1.7747690412418093
2015-05-04 00:00:00,1.7747690412418093
2015-05-05 00:00:00,1.7747690412418093
2015-05-06 00:00:00,1.7747690412418093
2015-05-07 00:00:00,1.7747690412418093
2015-05-08 00:00:00,1.7747690412418093
2015-05-11 00:00:00,1.7747690412418093
2015-05-12 00:00:00,1.7747690412418093
2015-05-13 00:00:00,1.7747690412418093
2015-05-14 00:00:00,1.7747690412418093
2015-05-15 00:00:00,1.7747690412418093
2015-05-18 00:00:00,1.7747690412418093
2015-05-19 00:00:00,1.7747690412418093
2015-05-20 00:00:00,1.7747690412418093
2015-05-21 00:00:00,1.7747690412418093
2015-05-22 00:00:00,1.7747690412418093
2015-05-26 00:00:00,1.7747690412418093
2015-05-27 00:00:00,1.7747690412418093
2015-05-28 00:00:00,1.7747690412418093
2015-05-29 00:00:00,1.7747690412418093
2015-06-01 00:00:00,1.7747690412418093
2015-06-02 00:00:00,1.7747690412418093
2015-06-03 00:00:00,1.7747690412418093
2015-06-04 00:00:00,1.7747690412418093
2015-06-05 00:00:00,1.7747690412418093
2015-06-08 00:00:00,1.7747690412418093
2015-06-09 00:00:00,1.7747690412418093
2015-06-10 00:00:00,1.7747690412418093
2015-06-11 00:00:00,1.7747690412418093
2015-06-12 00:00:00,1.7747690412418093
2015-06-15 00:00:00,1.7747690412418093
2015-06-16 00:00:00,1.7747690412418093
2015-06-17 00:00:00,1.7747690412418093
2015-06-18 00:00:00,1.7747690412418093
2015-06-19 00:00:00,1.7747690412418093
2015-06-22 00:00:00,1.7747690412418093
2015-06-23 00:00:00,1.7747690412418093
2015-06-24 00:00:00,1.7747690412418093
2015-06-25 00:00:00,1.7747690412418093
2015-06-26 00:00:00,1.7747690412418093
2015-06-29 00:00:00,1.7747690412418093
2015-06-30 00:00:00,1.7747690412418093
2015-07-01 00:00:00,1.7747690412418093
2015-07-02 00:00:00,1.7747690412418093
2015-07-06 00:00:00,1.7747690412418093
2015-07-07 00:00:00,1.7747690412418093
2015-07-08 00:00:00,1.7747690412418093
2015-07-09 00:00:00,1.7747690412418093
2015-07-10 00:00:00,1.7747690412418093
2015-07-13 00:00:00,1.7747690412418093
2015-07-14 00:00:00,1.7747690412418093
2015-07-15 00:00:00,1.7747690412418093
2015-07-16 00:00:00,1.7747690412418093
2015-07-17 00:00:00,1.7747690412418093
2015-07-20 00:00:00,1.7747690412418093
2015-07-21 00:00:00,1.7747690412418093
2015-07-22 00:00:00,1.7747690412418093
2015-07-23 00:00:00,1.7747690412418093
2015-07-24 00:00:00,1.7747690412418093
2015-07-27 00:00:00,1.7747690412418093
2015-07-28 00:00:00,1.7747690412418093
2015-07-29 00:00:00,1.7747690412418093
2015-07-30 00:00:00,1.7747690412418093
2015-07-31 00:00:00,1.7747690412418093
2015-08-03 00:00:00,1.7747690412418093
2015-08-04 00:00:00,1.7747690412418093
2015-08-05 00:00:00,1.7747690412418093
2015-08-06 00:00:00,1.7747690412418093
2015-08-07 00:00:00,1.7747690412418093
2015-08-10 00:00:00,1.7747690412418093
2015-08-11 00:00:00,1.7747690412418093
2015-08-12 00:00:00,1.7747690412418093
2015-08-13 00:00:00,1.7747690412418093
2015-08-14 00:00:00,1.7747690412418093
2015-08-17 00:00:00,1.7747690412418093
2015-08-18 00:00:00,1.7747690412418093
2015-08-19 00:00:00,1.7747690412418093
2015-08-20 00:00:00,1.7747690412418093
2015-08-21 00:00:00,1.7747690412418093
2015-08-24 00:00:00,1.7747690412418093
2015-08-25 00:00:00,1.7747690412418093
2015-08-26 00:00:00,1.7747690412418093
2015-08-27 00:00:00,1.7747690412418093
2015-08-28 00:00:00,1.7747690412418093
2015-08-31 00:00:00,1.7747690412418093
2015-09-01 00:00:00,1.7747690412418093
2015-09-02 00:00:00,1.7747690412418093
2015-09-03 00:00:00,1.7747690412418093
2015-09-04 00:00:00,1.7747690412418093
2015-09-08 00:00:00,1.7747690412418093
2015-09-09 00:00:00,1.7747690412418093
2015-09-10 00:00:00,1.7747690412418093
2015-09-11 00:00:00,1.7747690412418093
2015-09-14 00:00:00,1.7747690412418093
2015-09-15 00:00:00,1.7747690412418093
2015-09-16 00:00:00,1.7747690412418093
2015-09-17 00:00:00,1.7747690412418093
2015-09-18 00:00:00,1.7747690412418093
2015-09-21 00:00:00,1.7747690412418093
2015-09-22 00:00:00,1.7747690412418093
2015-09-23 00:00:00,1.7747690412418093
2015-09-24 00:00:00,1.7747690412418093
2015-09-25 00:00:00,1.7747690412418093
2015-09-28 00:00:00,1.7747690412418093
2015-09-29 00:00:00,1.7747690412418093
2015-09-30 00:00:00,1.7747690412418093
2015-10-01 00:00:00,1.7747690412418093
2015-10-02 00:00:00,1.7747690412418093
2015-10-05 00:00:00,1.7747690412418093
2015-10-06 00:00:00,1.7747690412418093
2015-10-07 00:00:00,1.7747690412418093
2015-10-08 00:00:00,1.7747690412418093
2015-10-09 00:00:00,1.7747690412418093
2015-10-12 00:00:00,1.7747690412418093
2015-10-13 00:00:00,1.7747690412418093
2015-10-14 00:00:00,1.7747690412418093
2015-10-15 00:00:00,1.7747690412418093
2015-10-16 00:00:00,1.7747690412418093
2015-10-19 00:00:00,1.7747690412418093
2015-10-20 00:00:00,1.7747690412418093
2015-10-21 00:00:00,1.7747690412418093
2015-10-22 00:00:00,1.7747690412418093
2015-10-23 00:00:00,1.7747690412418093
2015-10-26 00:00:00,1.7747690412418093
2015-10-27 00:00:00,1.7747690412418093
2015-10-28 00:00:00,1.7747690412418093
2015-10-29 00:00:00,1.7747690412418093
2015-10-30 00:00:00,1.7747690412418093
2015-11-02 00:00:00,1.7747690412418093
2015-11-03 00:00:00,1.7747690412418093
2015-11-04 00:00:00,1.7747690412418093
2015-11-05 00:00:00,1.7747690412418093
2015-11-06 00:00:00,1.7747690412418093
2015-11-09 00:00:00,1.7747690412418093
2015-11-10 00:00:00,1.7747690412418093
2015-11-11 00:00:00,1.7747690412418093
2015-11-12 00:00:00,1.7747690412418093
2015-11-13 00:00:00,1.7747690412418093
2015-11-16 00:00:00,1.7747690412418093
2015-11-17 00:00:00,1.7747690412418093
2015-11-18 00:00:00,1.7747690412418093
2015-11-19 00:00:00,1.7747690412418093
2015-11-20 00:00:00,1.7747690412418093
2015-11-23 00:00:00,1.7747690412418093
2015-11-24 00:00:00,1.7747690412418093
2015-11-25 00:00:00,1.7747690412418093
2015-11-27 00:00:00,1.7747690412418093
2015-11-30 00:00:00,1.7747690412418093
2015-12-01 00:00:00,1.7747690412418093
2015-12-02 00:00:00,1.7747690412418093
2015-12-03 00:00:00,1.7747690412418093
2015-12-04 00:00:00,1.7747690412418093
2015-12-07 00:00:00,1.7747690412418093
2015-12-08 00:00:00,1.7747690412418093
2015-12-09 00:00:00,1.7747690412418093
2015-12-10 00:00:00,1.7747690412418093
2015-12-11 00:00:00,1.7747690412418093
2015-12-14 00:00:00,1.7747690412418093
2015-12-15 00:00:00,1.7747690412418093
2015-12-16 00:00:00,1.7747690412418093
2015-12-17 00:00:00,1.7747690412418093
2015-12-18 00:00:00,1.7747690412418093
2015-12-21 00:00:00,1.7747690412418093
2015-12-22 00:00:00,1.7747690412418093
2015-12-23 00:00:00,1.7747690412418093
2015-12-24 00:00:00,1.7747690412418093
2015-12-28 00:00:00,1.7747690412418093
2015-12-29 00:00:00,1.7747690412418093
2015-12-30 00:00:00,1.7747690412418093
2015-12-31 00:00:00,1.7747690412418093
2016-01-04 00:00:00,1.7747690412418093
2016-01-05 00:00:00,1.7747690412418093
2016-01-06 00:00:00,1.7747690412418093
2016-01-07 00:00:00,1.7747690412418093
2016-01-08 00:00:00,1.7747690412418093
2016-01-11 00:00:00,1.7747690412418093
2016-01-12 00:00:00,1.7747690412418093
2016-01-13 00:00:00,1.7747690412418093
2016-01-14 00:00:00,1.7747690412418093
2016-01-15 00:00:00,1.7747690412418093
2016-01-19 00:00:00,1.7747690412418093
2016-01-20 00:00:00,1.7747690412418093
2016-01-21 00:00:00,1.7747690412418093
2016-01-22 00:00:00,1.7747690412418093
2016-01-25 00:00:00,1.7747690412418093
2016-01-26 00:00:00,1.7747690412418093
2016-01-27 00:00:00,1.7747690412418093
2016-01-28 00:00:00,1.7747690412418093
2016-01-29 00:00:00,1.7747690412418093
2016-02-01 00:00:00,1.7747690412418093
2016-02-02 00:00:00,1.7747690412418093
2016-02-03 00:00:00,1.7747690412418093
2016-02-04 00:00:00,1.7747690412418093
2016-02-05 00:00:00,1.7747690412418093
2016-02-08 00:00:00,1.7747690412418093
2016-02-09 00:00:00,1.7747690412418093
2016-02-10 00:00:00,1.7747690412418093
2016-02-11 00:00:00,1.7747690412418093
2016-02-12 00:00:00,1.7747690412418093
2016-02-16 00:00:00,1.7747690412418093
2016-02-17 00:00:00,1.7747690412418093
2016-02-18 00:00:00,1.7747690412418093
2016-02-19 00:00:00,1.7747690412418093
2016-02-22 00:00:00,1.7747690412418093
2016-02-23 00:00:00,1.7747690412418093
2016-02-24 00:00:00,1.7747690412418093
2016-02-25 00:00:00,1.7747690412418093
2016-02-26 00:00:00,1.7747690412418093
2016-02-29 00:00:00,1.7747690412418093
2016-03-01 00:00:00,1.7747690412418093
2016-03-02 00:00:00,1.7747690412418093
2016-03-03 00:00:00,1.7747690412418093
2016-03-04 00:00:00,1.7747690412418093
2016-03-07 00:00:00,1.7747690412418093
2016-03-08 00:00:00,1.7747690412418093
2016-03-09 00:00:00,1.7747690412418093
2016-03-10 00:00:00,1.7747690412418093
2016-03-11 00:00:00,1.7747690412418093
2016-03-14 00:00:00,1.7747690412418093
2016-03-15 00:00:00,1.7747690412418093
2016-03-16 00:00:00,1.7747690412418093
2016-03-17 00:00:00,1.7747690412418093
2016-03-18 00:00:00,1.7747690412418093
2016-03-21 00:00:00,1.7747690412418093
2016-03-22 00:00:00,1.7747690412418093
2016-03-23 00:00:00,1.7747690412418093
2016-03-24 00:00:00,1.7747690412418093
2016-03-28 00:00:00,1.7747690412418093
2016-03-29 00:00:00,1.8131513815479452
2016-03-30 00:00:00,1.8127371836309725
2016-03-31 00:00:00,1.8136346124510805
2016-04-01 00:00:00,1.8237824614169111
2016-04-04 00:00:00,1.8047293572361673
2016-04-05 00:00:00,1.7864356159032067
2016-04-06 00:00:00,1.8043151593191946
2016-04-07 00:00:00,1.7807693883990205
2016-04-08 00:00:00,1.7918892218100138
2016-04-11 00:00:00,1.7886446714603945
2016-04-12 00:00:00,1.8085261714750835
2016-04-13 00:00:00,1.8386245534417653
2016-04-14 00:00:00,1.8313760898947438
2016-04-15 00:00:00,1.839383916289549
2016-04-18 00:00:00,1.8474607756705166
2016-04-19 00:00:00,1.8542950413005657
2016-04-20 00:00:00,1.8553305360929975
2016-04-21 00:00:00,1.8391077843449006
2016-04-22 00:00:00,1.8549163381760247
2016-04-25 00:00:00,1.8450446211548421
2016-04-26 00:00:00,1.860577043041318
2016-04-27 00:00:00,1.8700345621455279
2016-04-28 00:00:00,1.8455968850441395
2016-04-29 00:00:00,1.8352419371198223
2016-05-02 00:00:00,1.8521550187295404
2016-05-03 00:00:00,1.8261295829464228
2016-05-04 00:00:00,1.8183978884962662
2016-05-05 00:00:00,1.8172243277315103
2016-05-06 00:00:00,1.8256463520432882
2016-05-09 00:00:00,1.8252321541263152
2016-05-10 00:00:00,1.8468394787950573
2016-05-11 00:00:00,1.828683803434421
2016-05-12 00:00:00,1.8280625065589622
2016-05-13 00:00:00,1.809906831198326
2016-05-16 00:00:00,1.8288909023929074
2016-05-17 00:00:00,1.8090784353643807
2016-05-18 00:00:00,1.8048674232084916
2016-05-19 00:00:00,1.7987234874400635
2016-05-20 00:00:00,1.8237824614169111
2016-05-23 00:00:00,1.8199166141918326
2016-05-24 00:00:00,1.8500840291446767
2016-05-25 00:00:00,1.861543504847588
2016-05-26 00:00:00,1.8623719006815331
2016-05-27 00:00:00,1.8775591576371988
2016-05-31 00:00:00,1.8764546298586047
2016-06-01 00:00:00,1.8852218191011931
2016-06-02 00:00:00,1.8976477566103738
2016-06-03 00:00:00,1.8872237756998944
2016-06-06 00:00:00,1.9039987913372882
2016-06-07 00:00:00,1.9100736941195544
2016-06-08 00:00:00,1.9190479823206295
2016-06-09 00:00:00,1.914146640303119
2016-06-10 00:00:00,1.8872237756998944
2016-06-13 00:00:00,1.8669280777682329
2016-06-14 00:00:00,1.8601628451243455
2016-06-15 00:00:00,1.8636144944324513
2016-06-16 00:00:00,1.8623028676953708
2016-06-17 00:00:00,1.8565040968577533
2016-06-20 00:00:00,1.876040431941632
2016-06-21 00:00:00,1.8774901246510365
2016-06-22 00:00:00,1.871346188882608
2016-06-23 00:00:00,1.90600074793599
2016-06-24 00:00:00,1.8288909023929074
2016-06-27 00:00:00,1.7773922947159702
2016-06-28 00:00:00,1.8115581002273238
2016-06-29 00:00:00,1.8462872149057603
2016-06-30 00:00:00,1.8792849822912516
2016-07-01 00:00:00,1.8830817965301676
2016-07-05 00:00:00,1.8614744718614256
2016-07-06 00:00:00,1.871139089924122
2016-07-07 00:00:00,1.8743836402737408
2016-07-08 00:00:00,1.9099356281472304
2016-07-11 00:00:00,1.9206357410023582
2016-07-12 00:00:00,1.939826911155426
2016-07-13 00:00:00,1.9345804042071053
2016-07-14 00:00:00,1.9389985153214808
2016-07-15 00:00:00,1.9389294823353185
2016-07-18 00:00:00,1.9414837028233167
2016-07-19 00:00:00,1.9378939875428869
2016-07-20 00:00:00,1.946039879910016
2016-07-21 00:00:00,1.9346494371932674
2016-07-22 00:00:00,1.9502508920659052
2016-07-25 00:00:00,1.9430714615050455
2016-07-26 00:00:00,1.9540477063048214
2016-07-27 00:00:00,1.9459018139376922
2016-07-28 00:00:00,1.9523218816507686
2016-07-29 00:00:00,1.9590180813084936
2016-08-01 00:00:00,1.9537715743601731
2016-08-02 00:00:00,1.9315429528159722
2016-08-03 00:00:00,1.943968890325153
2016-08-04 00:00:00,1.9442450222698013
2016-08-05 00:00:00,1.9630219945058969
2016-08-08 00:00:00,1.9634361924228692
2016-08-09 00:00:00,1.9627458625612482
2016-08-10 00:00:00,1.9568780587374688
2016-08-11 00:00:00,1.961434235824168
2016-08-12 00:00:00,1.9579825865160623
2016-08-15 00:00:00,1.9726866125685925
2016-08-16 00:00:00,1.9537715743601731
2016-08-17 00:00:00,1.9502508920659052
2016-08-18 00:00:00,1.9636432913813557
2016-08-19 00:00:00,1.9641955552706523
2016-08-22 00:00:00,1.9660594458970297
2016-08-23 00:00:00,1.9757930969458877
2016-08-24 00:00:00,1.965921379924705
2016-08-25 00:00:00,1.9686136663850278
2016-08-26 00:00:00,1.9610200379071951
2016-08-29 00:00:00,1.9762072948628604
2016-08-30 00:00:00,1.9756550309735634
2016-08-31 00:00:00,1.9679923695095685
2016-09-01 00:00:00,1.9670949406894613
2016-09-02 00:00:00,1.9873906386211229
2016-09-06 00:00:00,1.983110593479072
2016-09-07 00:00:00,1.9905661559845804
2016-09-08 00:00:00,1.981246702852695
2016-09-09 00:00:00,1.922913829545708
2016-09-12 00:00:00,1.946039879910016
2016-09-13 00:00:00,1.9106949909950135
2016-09-14 00:00:00,1.9053104180743687
2016-09-15 00:00:00,1.9250538521167337
2016-09-16 00:00:00,1.907864638562367
2016-09-19 00:00:00,1.9220164007256004
2016-09-20 00:00:00,1.9125588816213908
2016-09-21 00:00:00,1.9381010865013732
2016-09-22 00:00:00,1.9609510049210335
2016-09-23 00:00:00,1.9454185830345572
2016-09-26 00:00:00,1.9352707340687263
2016-09-27 00:00:00,1.9372036576812657
2016-09-28 00:00:00,1.9535644754016868
2016-09-29 00:00:00,1.9318190847606207
2016-09-30 00:00:00,1.9485941003980145
2016-10-03 00:00:00,1.9343733052486187
2016-10-04 00:00:00,1.9251228851028956
2016-10-05 00:00:00,1.9347875031655917
2016-10-06 00:00:00,1.9388604493491566
2016-10-07 00:00:00,1.9246396541997608
2016-10-10 00:00:00,1.9407933729616955
2016-10-11 00:00:00,1.9087620673824746
2016-10-12 00:00:00,1.9162176298879825
2016-10-13 00:00:00,1.9086240014101503
2016-10-14 00:00:00,1.9076575396038804
2016-10-17 00:00:00,1.9067601107837728
2016-10-18 00:00:00,1.9171840916942524
2016-10-19 00:00:00,1.9260203139230032
2016-10-20 00:00:00,1.9184957184313327
2016-10-21 00:00:00,1.9174602236389007
2016-10-24 00:00:00,1.9262964458676515
2016-10-25 00:00:00,1.9125588816213908
2016-10-26 00:00:00,1.9022729666832354
2016-10-27 00:00:00,1.8870166767414083
2016-10-28 00:00:00,1.883219862502492
2016-10-31 00:00:00,1.896819360776428
2016-11-01 00:00:00,1.8759713989554696
2016-11-02 00:00:00,1.8577466906086715
2016-11-03 00:00:00,1.85443310727289
2016-11-04 00:00:00,1.8574705586640228
2016-11-07 00:00:00,1.8966812948041045
2016-11-08 00:00:00,1.9013755378631283
2016-11-09 00:00:00,1.9359610639303475
2016-11-10 00:00:00,1.944590187200612
2016-11-11 00:00:00,1.9637813573536802
2016-11-14 00:00:00,1.9950533000851178
2016-11-15 00:00:00,2.0048559841201383
2016-11-16 00:00:00,2.005270182037111
2016-11-17 00:00:00,2.0182483834355884
2016-11-18 00:00:00,2.0186625813525616
2016-11-21 00:00:00,2.032538211571146
2016-11-22 00:00:00,2.046966105679028
2016-11-23 00:00:00,2.0560094268662654
2016-11-25 00:00:00,2.0619462636762074
2016-11-28 00:00:00,2.046966105679028
2016-11-29 00:00:00,2.0517984147103765
2016-11-30 00:00:00,2.046344808803569
2016-12-01 00:00:00,2.041650565744545
2016-12-02 00:00:00,2.043307357412436
2016-12-05 00:00:00,2.0658121109012852
2016-12-06 00:00:00,2.086452973763758
2016-12-07 00:00:00,2.110338386975849
2016-12-08 00:00:00,2.1337405692848064
2016-12-09 00:00:00,2.1289082602534584
2016-12-12 00:00:00,2.1168274876750885
2016-12-13 00:00:00,2.120831400872491
2016-12-14 00:00:00,2.09404660224159
2016-12-15 00:00:00,2.1032970223873138
2016-12-16 00:00:00,2.0912162498089435
2016-12-19 00:00:00,2.10315895641499
2016-12-20 00:00:00,2.115515860938008
2016-12-21 00:00:00,2.1059202758614743
2016-12-22 00:00:00,2.0933562723799692
2016-12-23 00:00:00,2.0980505154389935
2016-12-27 00:00:00,2.106334473778447
2016-12-28 00:00:00,2.084934248068191
2016-12-29 00:00:00,2.09107818383662
2016-12-30 00:00:00,2.0829322914694903
2017-01-03 00:00:00,2.0941846682139147
2017-01-04 00:00:00,2.12732050157173
2017-01-05 00:00:00,2.110614518920498
2017-01-06 00:00:00,2.1086125623217966
2017-01-09 00:00:00,2.0953582289786707
2017-01-10 00:00:00,2.1089577272526077
2017-01-11 00:00:00,2.1174487845505476
2017-01-12 00:00:00,2.105229945999853
2017-01-13 00:00:00,2.1168965206612502
2017-01-17 00:00:00,2.098119548425155
2017-01-18 00:00:00,2.1067486716954194
2017-01-19 00:00:00,2.0919065796705647
2017-01-20 00:00:00,2.1026066925256925
2017-01-23 00:00:00,2.0972911525912097
2017-01-24 00:00:00,2.128701161294972
2017-01-25 00:00:00,2.146718770683284
2017-01-26 00:00:00,2.1395393401224245
2017-01-27 00:00:00,2.128425029350324
2017-01-30 00:00:00,2.1101312880173633
2017-01-31 00:00:00,2.117241685592061
2017-02-01 00:00:00,2.111097749823633
2017-02-02 00:00:00,2.113513904339307
2017-02-03 00:00:00,2.1413341977626392
2017-02-06 00:00:00,2.1321528106030776
2017-02-07 00:00:00,2.126215973793136
2017-02-08 00:00:00,2.128010831433351
2017-02-09 00:00:00,2.147961364434202
2017-02-10 00:00:00,2.159351807150951
2017-02-13 00:00:00,2.1656338088917035
2017-02-14 00:00:00,2.171777744660132
2017-02-15 00:00:00,2.178542977304019
2017-02-16 00:00:00,2.176126822788345
2017-02-17 00:00:00,2.1786810432763435
2017-02-21 00:00:00,2.1962154217615204
2017-02-22 00:00:00,2.1884837273113633
2017-02-23 00:00:00,2.178542977304019
2017-02-24 00:00:00,2.1818565606398006
2017-02-27 00:00:00,2.1955941248860613
2017-02-28 00:00:00,2.1721919425771046
2017-03-01 00:00:00,2.2085032932983766
2017-03-02 00:00:00,2.1829610884183945
2017-03-03 00:00:00,2.18510111098942
2017-03-06 00:00:00,2.170811282853862
2017-03-07 00:00:00,2.1596969720817616
2017-03-08 00:00:00,2.148306529365013
2017-03-09 00:00:00,2.140160636997883
2017-03-10 00:00:00,2.1507226838806868
2017-03-13 00:00:00,2.1543123991611166
2017-03-14 00:00:00,2.1460974738078247
2017-03-15 00:00:00,2.174815196051265
2017-03-16 00:00:00,2.17336550334186
2017-03-17 00:00:00,2.1691544911859717
2017-03-20 00:00:00,2.1593435231926117
2017-03-21 00:00:00,2.117034586633575
2017-03-22 00:00:00,2.1217978626787604
2017-03-23 00:00:00,2.1267682376824326
2017-03-24 00:00:00,2.1246972480975694
2017-03-27 00:00:00,2.1215217307341123
2017-03-28 00:00:00,2.1374683505375605
2017-03-29 00:00:00,2.1447168140845827
2017-03-30 00:00:00,2.1560382238151696
2017-03-31 00:00:00,2.156728553676791
2017-04-03 00:00:00,2.1450619790153933
2017-04-04 00:00:00,2.141886461651936
2017-04-05 00:00:00,2.1254566109453528
2017-04-06 00:00:00,2.143681319292151
2017-04-07 00:00:00,2.1405748349148555
2017-04-10 00:00:00,2.146235539780149
2017-04-11 00:00:00,2.1589376092339783
2017-04-12 00:00:00,2.132428942547726
2017-04-13 00:00:00,2.1086125623217966
2017-04-17 00:00:00,2.134637998104914
2017-04-18 00:00:00,2.1342928331741033
2017-04-19 00:00:00,2.1384348123438306
2017-04-20 00:00:00,2.1596279390955995
2017-04-21 00:00:00,2.1541743331887924
2017-04-24 00:00:00,2.1802688019580714
2017-04-25 00:00:00,2.193523135301198
2017-04-26 00:00:00,2.193661201273522
2017-04-27 00:00:00,2.1957321908583856
2017-04-28 00:00:00,2.173503569314185
2017-05-01 00:00:00,2.1802688019580714
2017-05-02 00:00:00,2.1768861856361283
2017-05-03 00:00:00,2.1677738314627293
2017-05-04 00:00:00,2.164805413057758
2017-05-05 00:00:00,2.1833062533492047
2017-05-08 00:00:00,2.1739868002173193
2017-05-09 00:00:00,2.1690164252136475
2017-05-10 00:00:00,2.1828230224460703
2017-05-11 00:00:00,2.1693615901444576
2017-05-12 00:00:00,2.160594400901869
2017-05-15 00:00:00,2.1741248661896435
2017-05-16 00:00:00,2.171225480770835
2017-05-17 00:00:00,2.12732050157173
2017-05-18 00:00:00,2.1291153592119447
2017-05-19 00:00:00,2.1510678488114974
2017-05-22 00:00:00,2.1619060276389495
2017-05-23 00:00:00,2.16584090785019
2017-05-24 00:00:00,2.171915810632456
2017-05-25 00:00:00,2.1752984269544
2017-05-26 00:00:00,2.1697757880614303
2017-05-30 00:00:00,2.1628724894452187
2017-05-31 00:00:00,2.1632866873621914
2017-06-01 00:00:00,2.1973889825262765
2017-06-02 00:00:00,2.2003574009312477
2017-06-05 00:00:00,2.1913831127301724
2017-06-06 00:00:00,2.1833062533492047
2017-06-07 00:00:00,2.182201725570611
2017-06-08 00:00:00,2.201392895723679
2017-06-09 00:00:00,2.2093316891323225
2017-06-12 00:00:00,2.211678810661834
2017-06-13 00:00:00,2.225968638797392
2017-06-14 00:00:00,2.216165954762371
2017-06-15 00:00:00,2.20567294086573
2017-06-16 00:00:00,2.2020832255853002
2017-06-19 00:00:00,2.215337558928426
2017-06-20 00:00:00,2.190830848840876
2017-06-21 00:00:00,2.1781287793870465
2017-06-22 00:00:00,2.1810971977920173
2017-06-23 00:00:00,2.1902095519654163
2017-06-26 00:00:00,2.1987696422495184
2017-06-27 00:00:00,2.1806829998750445
2017-06-28 00:00:00,2.2055348748934063
2017-06-29 00:00:00,2.191176013771686
2017-06-30 00:00:00,2.1926257064810906
2017-07-03 00:00:00,2.2093316891323225
2017-07-05 00:00:00,2.2008406318343825
2017-07-06 00:00:00,2.1739177672311576
2017-07-07 00:00:00,2.195456058913737
2017-07-10 00:00:00,2.190554716896227
2017-07-11 00:00:00,2.1942824981489815
2017-07-12 00:00:00,2.2080890953814043
2017-07-13 00:00:00,2.210436216910916
2017-07-14 00:00:00,2.2172704825409655
2017-07-17 00:00:00,2.2223098905308003
2017-07-18 00:00:00,2.2149233610114534
2017-07-19 00:00:00,2.2377042464449515
2017-07-20 00:00:00,2.2352880919292772
2017-07-21 00:00:00,2.2294202881054974
2017-07-24 00:00:00,2.233355168316738
2017-07-25 00:00:00,2.2533057013175894
2017-07-26 00:00:00,2.2323196735243065
2017-07-27 00:00:00,2.2256925068527433
2017-07-28 00:00:00,2.2151304599699397
2017-07-31 00:00:00,2.2125072064957796
2017-08-01 00:00:00,2.218167911361073
2017-08-02 00:00:00,2.2017380606544896
2017-08-03 00:00:00,2.1956631578722234
2017-08-04 00:00:00,2.2019451596129764
2017-08-07 00:00:00,2.202566456488435
2017-08-08 00:00:00,2.1969747846093037
2017-08-09 00:00:00,2.1818565606398006
2017-08-10 00:00:00,2.1475471665172297
2017-08-11 00:00:00,2.151896244645443
2017-08-14 00:00:00,2.1765410207053177
2017-08-15 00:00:00,2.1650815450024066
2017-08-16 00:00:00,2.1705351509092137
2017-08-17 00:00:00,2.1331192724093477
2017-08-18 00:00:00,2.1254370331904773
2017-08-21 00:00:00,2.1254370331904773
2017-08-22 00:00:00,2.1254370331904773
2017-08-23 00:00:00,2.1254370331904773
2017-08-24 00:00:00,2.1254370331904773
2017-08-25 00:00:00,2.1254370331904773
2017-08-28 00:00:00,2.1254370331904773
2017-08-29 00:00:00,2.1254370331904773
2017-08-30 00:00:00,2.1254370331904773
2017-08-31 00:00:00,2.1254370331904773
2017-09-01 00:00:00,2.1294027769986505
2017-09-05 00:00:00,2.1060788261268533
2017-09-06 00:00:00,2.108565818006555
2017-09-07 00:00:00,2.101575354344691
2017-09-08 00:00:00,2.106818202091089
2017-09-11 00:00:00,2.1318897688783522
2017-09-12 00:00:00,2.1467445041598134
2017-09-13 00:00:00,2.1443247282768607
2017-09-14 00:00:00,2.143719784306122
2017-09-15 00:00:00,2.1415688724101645
2017-09-18 00:00:00,2.1517184879192173
2017-09-19 00:00:00,2.151516839928971
2017-09-20 00:00:00,2.1578351436233483
2017-09-21 00:00:00,2.1531300238509394
2017-09-22 00:00:00,2.159112247561574
2017-09-25 00:00:00,2.1640190153242282
2017-09-26 00:00:00,2.1658338472364433
2017-09-27 00:00:00,2.186133078254549
2017-09-28 00:00:00,2.190972630020455
2017-09-29 00:00:00,2.193459621900156
2017-10-02 00:00:00,2.212750612967032
2017-10-03 00:00:00,2.2183967566939224
2017-10-04 00:00:00,2.217052436758948
2017-10-05 00:00:00,2.224244548411059
2017-10-06 00:00:00,2.2220936365151003
2017-10-09 00:00:00,2.2156409008272258
2017-10-10 00:00:00,2.2223625005020953
2017-10-11 00:00:00,2.2239084684273154
2017-10-12 00:00:00,2.224446196401305
2017-10-13 00:00:00,2.2230346604695823
2017-10-16 00:00:00,2.222698580485839
2017-10-17 00:00:00,2.2196738606321476
2017-10-18 00:00:00,2.2266643242940116
2017-10-19 00:00:00,2.22881523618997
2017-10-20 00:00:00,2.2421240035462113
2017-10-23 00:00:00,2.2302267721216924
2017-10-24 00:00:00,2.23909928369252
2017-10-25 00:00:00,2.2253200043590375
2017-10-26 00:00:00,2.2349318918941012
2017-10-27 00:00:00,2.2466946913251227
2017-10-30 00:00:00,2.230562852105436
2017-10-31 00:00:00,2.242460083529955
2017-11-01 00:00:00,2.23654507581607
2017-11-02 00:00:00,2.238427123725033
2017-11-03 00:00:00,2.244073267451924
2017-11-06 00:00:00,2.2530129950195
2017-11-07 00:00:00,2.238830419705525
2017-11-08 00:00:00,2.2443421314389185
2017-11-09 00:00:00,2.2332514919753836
2017-11-10 00:00:00,2.233049843985138
2017-11-13 00:00:00,2.2373516677770544
2017-11-14 00:00:00,2.234326947923363
2017-11-15 00:00:00,2.223975684424064
2017-11-16 00:00:00,2.246089747354385
2017-11-17 00:00:00,2.2522064030585156
2017-11-20 00:00:00,2.2602051066716102
2017-11-21 00:00:00,2.27465654597258
2017-11-22 00:00:00,2.2731777940441082
2017-11-24 00:00:00,2.274186033995339
2017-11-27 00:00:00,2.2698842102034225
2017-11-28 00:00:00,2.301274080685063
2017-11-29 00:00:00,2.311759776177859
2017-11-30 00:00:00,2.325068543534101
2017-12-01 00:00:00,2.319086319823467
2017-12-04 00:00:00,2.31841415985598
2017-12-05 00:00:00,2.3004002727273303
2017-12-06 00:00:00,2.2910572491792616
2017-12-07 00:00:00,2.3059792004574717
2017-12-08 00:00:00,2.314582848041305
2017-12-11 00:00:00,2.3130368801160843
2017-12-12 00:00:00,2.3069874404087023
2017-12-13 00:00:00,2.3072563043956964
2017-12-14 00:00:00,2.2878980973320724
2017-12-15 00:00:00,2.3019462406525504
2017-12-18 00:00:00,2.3258751354950853
2017-12-19 00:00:00,2.316263247960022
2017-12-20 00:00:00,2.320027343777949
2017-12-21 00:00:00,2.3252029755275987
2017-12-22 00:00:00,2.3252701915243468
2017-12-26 00:00:00,2.326412863469075
2017-12-27 00:00:00,2.325539055511342
2017-12-28 00:00:00,2.334142703095175
2017-12-29 00:00:00,2.3217077436966664
2018-01-02 00:00:00,2.3438218066269867
2018-01-03 00:00:00,2.3476531184416625
2018-01-04 00:00:00,2.3546435821035265
2018-01-05 00:00:00,2.362776717710118
2018-01-08 00:00:00,2.3757494050826167
2018-01-09 00:00:00,2.372052525261439
2018-01-10 00:00:00,2.36116353378815
2018-01-11 00:00:00,2.3949059641559947
2018-01-12 00:00:00,2.400955403863377
2018-01-16 00:00:00,2.3830087327314753
2018-01-17 00:00:00,2.400417675889388
2018-01-18 00:00:00,2.392217324286047
2018-01-19 00:00:00,2.4170872430830643
2018-01-22 00:00:00,2.4295222024815724
2018-01-23 00:00:00,2.4338912422702377
2018-01-24 00:00:00,2.427707370569358
2018-01-25 00:00:00,2.42602697065064
2018-01-26 00:00:00,2.436647098136934
2018-01-29 00:00:00,2.4159445711383363
2018-01-30 00:00:00,2.390873004351073
2018-01-31 00:00:00,2.3861678845786645
2018-02-01 00:00:00,2.389797548403094
2018-02-02 00:00:00,2.3416708947310285
2018-02-05 00:00:00,2.255231122912207
2018-02-06 00:00:00,2.2782189938002606
2018-02-07 00:00:00,2.2753959219368154
2018-02-08 00:00:00,2.2006517335522666
2018-02-09 00:00:00,2.2206385177310857
2018-02-12 00:00:00,2.2206385177310857
2018-02-13 00:00:00,2.2206385177310857
2018-02-14 00:00:00,2.2206385177310857
2018-02-15 00:00:00,2.2206385177310857
2018-02-16 00:00:00,2.2206385177310857
2018-02-20 00:00:00,2.2206385177310857
2018-02-21 00:00:00,2.2206385177310857
2018-02-22 00:00:00,2.2206385177310857
2018-02-23 00:00:00,2.2206385177310857
2018-02-26 00:00:00,2.2206385177310857
2018-02-27 00:00:00,2.2206385177310857
2018-02-28 00:00:00,2.2206385177310857
2018-03-01 00:00:00,2.2206385177310857
2018-03-02 00:00:00,2.2206385177310857
2018-03-05 00:00:00,2.2206385177310857
2018-03-06 00:00:00,2.2206385177310857
2018-03-07 00:00:00,2.2206385177310857
2018-03-08 00:00:00,2.2206385177310857
2018-03-09 00:00:00,2.2206385177310857
2018-03-12 00:00:00,2.2206385177310857
2018-03-13 00:00:00,2.2206385177310857
2018-03-14 00:00:00,2.2206385177310857
2018-03-15 00:00:00,2.2206385177310857
2018-03-16 00:00:00,2.2206385177310857
2018-03-19 00:00:00,2.2206385177310857
2018-03-20 00:00:00,2.2206385177310857
2018-03-21 00:00:00,2.2206385177310857
2018-03-22 00:00:00,2.2206385177310857
2018-03-23 00:00:00,2.2206385177310857
2018-03-26 00:00:00,2.2206385177310857
2018-03-27 00:00:00,2.2206385177310857
2018-03-28 00:00:00,2.2206385177310857
2018-03-29 00:00:00,2.2206385177310857
2018-04-02 00:00:00,2.2206385177310857
2018-04-03 00:00:00,2.2206385177310857
2018-04-04 00:00:00,2.2206385177310857
2018-04-05 00:00:00,2.2206385177310857
2018-04-06 00:00:00,2.2206385177310857
2018-04-09 00:00:00,2.2206385177310857
2018-04-10 00:00:00,2.2206385177310857
2018-04-11 00:00:00,2.2206385177310857
2018-04-12 00:00:00,2.2206385177310857
2018-04-13 00:00:00,2.2206385177310857
2018-04-16 00:00:00,2.2206385177310857
2018-04-17 00:00:00,2.2206385177310857
2018-04-18 00:00:00,2.2206385177310857
2018-04-19 00:00:00,2.2206385177310857
2018-04-20 00:00:00,2.2206385177310857
2018-04-23 00:00:00,2.2206385177310857
2018-04-24 00:00:00,2.2206385177310857
2018-04-25 00:00:00,2.2206385177310857
2018-04-26 00:00:00,2.2206385177310857
2018-04-27 00:00:00,2.2206385177310857
2018-04-30 00:00:00,2.2206385177310857
2018-05-01 00:00:00,2.2206385177310857
2018-05-02 00:00:00,2.2206385177310857
2018-05-03 00:00:00,2.2206385177310857
2018-05-04 00:00:00,2.2206385177310857
2018-05-07 00:00:00,2.2206385177310857
2018-05-08 00:00:00,2.2206385177310857
2018-05-09 00:00:00,2.2206385177310857
2018-05-10 00:00:00,2.2206385177310857
2018-05-11 00:00:00,2.2206385177310857
2018-05-14 00:00:00,2.2206385177310857
2018-05-15 00:00:00,2.2206385177310857
2018-05-16 00:00:00,2.2206385177310857
2018-05-17 00:00:00,2.2206385177310857
2018-05-18 00:00:00,2.2206385177310857
2018-05-21 00:00:00,2.2206385177310857
2018-05-22 00:00:00,2.2206385177310857
2018-05-23 00:00:00,2.2206385177310857
2018-05-24 00:00:00,2.2206385177310857
2018-05-25 00:00:00,2.2206385177310857
2018-05-29 00:00:00,2.2206385177310857
2018-05-30 00:00:00,2.2206385177310857
2018-05-31 00:00:00,2.2206385177310857
2018-06-01 00:00:00,2.2206385177310857
2018-06-04 00:00:00,2.2206385177310857
2018-06-05 00:00:00,2.2206385177310857
2018-06-06 00:00:00,2.2206385177310857
2018-06-07 00:00:00,2.2206385177310857
2018-06-08 00:00:00,2.2206385177310857
2018-06-11 00:00:00,2.2206385177310857
2018-06-12 00:00:00,2.2206385177310857
2018-06-13 00:00:00,2.2206385177310857
2018-06-14 00:00:00,2.2206385177310857
2018-06-15 00:00:00,2.2206385177310857
2018-06-18 00:00:00,2.2206385177310857
2018-06-19 00:00:00,2.2206385177310857
2018-06-20 00:00:00,2.2206385177310857
2018-06-21 00:00:00,2.2206385177310857
2018-06-22 00:00:00,2.2206385177310857
2018-06-25 00:00:00,2.2206385177310857
2018-06-26 00:00:00,2.2206385177310857
2018-06-27 00:00:00,2.2206385177310857
2018-06-28 00:00:00,2.2206385177310857
2018-06-29 00:00:00,2.2206385177310857
2018-07-02 00:00:00,2.2206385177310857
2018-07-03 00:00:00,2.2206385177310857
2018-07-05 00:00:00,2.2206385177310857
2018-07-06 00:00:00,2.2206385177310857
2018-07-09 00:00:00,2.2206385177310857
2018-07-10 00:00:00,2.2206385177310857
2018-07-11 00:00:00,2.2206385177310857
2018-07-12 00:00:00,2.2206385177310857
2018-07-13 00:00:00,2.2206385177310857
2018-07-16 00:00:00,2.2206385177310857
2018-07-17 00:00:00,2.2206385177310857
2018-07-18 00:00:00,2.2206385177310857
2018-07-19 00:00:00,2.2206385177310857
2018-07-20 00:00:00,2.2206385177310857
2018-07-23 00:00:00,2.2206385177310857
2018-07-24 00:00:00,2.2206385177310857
2018-07-25 00:00:00,2.2206385177310857
2018-07-26 00:00:00,2.2206385177310857
2018-07-27 00:00:00,2.2206385177310857
2018-07-30 00:00:00,2.2206385177310857
2018-07-31 00:00:00,2.2206385177310857
2018-08-01 00:00:00,2.2206385177310857
2018-08-02 00:00:00,2.2206385177310857
2018-08-03 00:00:00,2.2206385177310857
2018-08-06 00:00:00,2.2206385177310857
2018-08-07 00:00:00,2.2206385177310857
2018-08-08 00:00:00,2.2206385177310857
2018-08-09 00:00:00,2.2206385177310857
2018-08-10 00:00:00,2.2206385177310857
2018-08-13 00:00:00,2.2206385177310857
2018-08-14 00:00:00,2.2206385177310857
2018-08-15 00:00:00,2.2206385177310857
2018-08-16 00:00:00,2.2206385177310857
2018-08-17 00:00:00,2.2206385177310857
2018-08-20 00:00:00,2.2206385177310857
2018-08-21 00:00:00,2.2206385177310857
2018-08-22 00:00:00,2.2206385177310857
2018-08-23 00:00:00,2.2206385177310857
2018-08-24 00:00:00,2.2206385177310857
2018-08-27 00:00:00,2.2206385177310857
2018-08-28 00:00:00,2.2206385177310857
2018-08-29 00:00:00,2.2206385177310857
2018-08-30 00:00:00,2.2206385177310857
2018-08-31 00:00:00,2.2206385177310857
2018-09-04 00:00:00,2.2206385177310857
2018-09-05 00:00:00,2.2206385177310857
2018-09-06 00:00:00,2.2206385177310857
2018-09-07 00:00:00,2.2206385177310857
2018-09-10 00:00:00,2.2206385177310857
2018-09-11 00:00:00,2.2206385177310857
2018-09-12 00:00:00,2.2206385177310857
2018-09-13 00:00:00,2.2206385177310857
2018-09-14 00:00:00,2.2206385177310857
2018-09-17 00:00:00,2.2206385177310857
2018-09-18 00:00:00,2.2206385177310857
2018-09-19 00:00:00,2.2206385177310857
2018-09-20 00:00:00,2.2206385177310857
2018-09-21 00:00:00,2.2206385177310857
2018-09-24 00:00:00,2.2206385177310857
2018-09-25 00:00:00,2.2206385177310857
2018-09-26 00:00:00,2.2206385177310857
2018-09-27 00:00:00,2.2206385177310857
2018-09-28 00:00:00,2.2206385177310857
2018-10-01 00:00:00,2.2206385177310857
2018-10-02 00:00:00,2.2206385177310857
2018-10-03 00:00:00,2.2206385177310857
2018-10-04 00:00:00,2.2206385177310857
2018-10-05 00:00:00,2.2206385177310857
2018-10-08 00:00:00,2.2206385177310857
2018-10-09 00:00:00,2.2206385177310857
2018-10-10 00:00:00,2.2206385177310857
2018-10-11 00:00:00,2.2206385177310857
2018-10-12 00:00:00,2.2206385177310857
2018-10-15 00:00:00,2.2206385177310857
2018-10-16 00:00:00,2.2206385177310857
2018-10-17 00:00:00,2.2206385177310857
2018-10-18 00:00:00,2.2206385177310857
2018-10-19 00:00:00,2.2206385177310857
2018-10-22 00:00:00,2.2206385177310857
2018-10-23 00:00:00,2.2206385177310857
2018-10-24 00:00:00,2.2206385177310857
2018-10-25 00:00:00,2.2206385177310857
2018-10-26 00:00:00,2.2206385177310857
2018-10-29 00:00:00,2.2206385177310857
2018-10-30 00:00:00,2.2206385177310857
2018-10-31 00:00:00,2.2206385177310857
2018-11-01 00:00:00,2.2206385177310857
2018-11-02 00:00:00,2.2206385177310857
2018-11-05 00:00:00,2.2206385177310857
2018-11-06 00:00:00,2.2206385177310857
2018-11-07 00:00:00,2.2206385177310857
2018-11-08 00:00:00,2.2206385177310857
2018-11-09 00:00:00,2.2206385177310857
2018-11-12 00:00:00,2.2206385177310857
2018-11-13 00:00:00,2.2206385177310857
2018-11-14 00:00:00,2.2206385177310857
2018-11-15 00:00:00,2.2206385177310857
2018-11-16 00:00:00,2.2206385177310857
2018-11-19 00:00:00,2.2206385177310857
2018-11-20 00:00:00,2.2206385177310857
2018-11-21 00:00:00,2.2206385177310857
2018-11-23 00:00:00,2.2206385177310857
2018-11-26 00:00:00,2.2206385177310857
2018-11-27 00:00:00,2.2206385177310857
2018-11-28 00:00:00,2.2206385177310857
2018-11-29 00:00:00,2.2206385177310857
2018-11-30 00:00:00,2.2206385177310857
2018-12-03 00:00:00,2.2206385177310857
2018-12-04 00:00:00,2.2206385177310857
2018-12-06 00:00:00,2.2206385177310857
2018-12-07 00:00:00,2.2206385177310857
2018-12-10 00:00:00,2.2206385177310857
2018-12-11 00:00:00,2.2206385177310857
2018-12-12 00:00:00,2.2206385177310857
2018-12-13 00:00:00,2.2206385177310857
2018-12-14 00:00:00,2.2206385177310857
2018-12-17 00:00:00,2.2206385177310857
2018-12-18 00:00:00,2.2206385177310857
2018-12-19 00:00:00,2.2206385177310857
2018-12-20 00:00:00,2.2206385177310857
2018-12-21 00:00:00,2.2206385177310857
2018-12-24 00:00:00,2.2206385177310857
2018-12-26 00:00:00,2.2206385177310857
2018-12-27 00:00:00,2.2206385177310857
2018-12-28 00:00:00,2.2206385177310857
2018-12-31 00:00:00,2.2206385177310857
2019-01-02 00:00:00,2.2206385177310857
2019-01-03 00:00:00,2.2206385177310857
2019-01-04 00:00:00,2.2206385177310857
2019-01-07 00:00:00,2.2206385177310857
2019-01-08 00:00:00,2.2206385177310857
2019-01-09 00:00:00,2.2206385177310857
2019-01-10 00:00:00,2.2206385177310857
2019-01-11 00:00:00,2.2206385177310857
2019-01-14 00:00:00,2.2206385177310857
2019-01-15 00:00:00,2.2206385177310857
2019-01-16 00:00:00,2.2206385177310857
2019-01-17 00:00:00,2.2206385177310857
2019-01-18 00:00:00,2.2206385177310857
2019-01-22 00:00:00,2.2206385177310857
2019-01-23 00:00:00,2.2206385177310857
2019-01-24 00:00:00,2.2206385177310857
2019-01-25 00:00:00,2.2206385177310857
2019-01-28 00:00:00,2.2206385177310857
2019-01-29 00:00:00,2.2206385177310857
2019-01-30 00:00:00,2.2206385177310857
2019-01-31 00:00:00,2.2206385177310857
2019-02-01 00:00:00,2.2206385177310857
2019-02-04 00:00:00,2.2206385177310857
2019-02-05 00:00:00,2.2206385177310857
2019-02-06 00:00:00,2.2206385177310857
2019-02-07 00:00:00,2.2206385177310857
2019-02-08 00:00:00,2.2206385177310857
2019-02-11 00:00:00,2.2206385177310857
2019-02-12 00:00:00,2.2206385177310857
2019-02-13 00:00:00,2.2206385177310857
2019-02-14 00:00:00,2.2206385177310857
2019-02-15 00:00:00,2.2206385177310857
2019-02-19 00:00:00,2.2206385177310857
2019-02-20 00:00:00,2.2206385177310857
2019-02-21 00:00:00,2.2206385177310857
2019-02-22 00:00:00,2.2206385177310857
2019-02-25 00:00:00,2.2094104996904704
2019-02-26 00:00:00,2.1907807714331367
2019-02-27 00:00:00,2.1931643730283508
2019-02-28 00:00:00,2.1842572302251817
2019-03-01 00:00:00,2.2007542623183762
2019-03-04 00:00:00,2.1726383861476455
2019-03-05 00:00:00,2.1726383861476455
2019-03-06 00:00:00,2.1726383861476455
2019-03-07 00:00:00,2.1726383861476455
2019-03-08 00:00:00,2.1726383861476455
2019-03-11 00:00:00,2.1726383861476455
2019-03-12 00:00:00,2.1726383861476455
2019-03-13 00:00:00,2.1726383861476455
2019-03-14 00:00:00,2.1726383861476455
2019-03-15 00:00:00,2.1726383861476455
2019-03-18 00:00:00,2.1726383861476455
2019-03-19 00:00:00,2.1726383861476455
2019-03-20 00:00:00,2.1726383861476455
2019-03-21 00:00:00,2.1726383861476455
2019-03-22 00:00:00,2.1726383861476455
2019-03-25 00:00:00,2.1726383861476455
2019-03-26 00:00:00,2.1726383861476455
2019-03-27 00:00:00,2.1726383861476455
2019-03-28 00:00:00,2.1726383861476455
2019-03-29 00:00:00,2.1726383861476455
2019-04-01 00:00:00,2.1726383861476455
2019-04-02 00:00:00,2.1726383861476455
2019-04-03 00:00:00,2.1726383861476455
2019-04-04 00:00:00,2.1726383861476455
2019-04-05 00:00:00,2.1855674592608256
2019-04-08 00:00:00,2.185444325231176
2019-04-09 00:00:00,2.161310055419907
2019-04-10 00:00:00,2.1810115001638
2019-04-11 00:00:00,2.18747603672039
2019-04-12 00:00:00,2.2037912956489265
2019-04-15 00:00:00,2.2006513778928687
2019-04-16 00:00:00,2.2023136872931346
2019-04-17 00:00:00,2.1859368613497736
2019-04-18 00:00:00,2.190184985372676
2019-04-22 00:00:00,2.1831663456826638
2019-04-23 00:00:00,2.2099479971313936
2019-04-24 00:00:00,2.217705440999301
2019-04-25 00:00:00,2.1917857277581168
2019-04-26 00:00:00,2.212595378768854
2019-04-29 00:00:00,2.2149349253321913
2019-04-30 00:00:00,2.2108715023537635
2019-05-01 00:00:00,2.1853211912015267
2019-05-02 00:00:00,2.1907390885060973
2019-05-03 00:00:00,2.222692369200099
2019-05-06 00:00:00,2.218259544132723
2019-05-07 00:00:00,2.174608530622035
2019-05-08 00:00:00,2.1678977260061463
2019-05-09 00:00:00,2.162048859597803
2019-05-10 00:00:00,2.1698678704805356
2019-05-13 00:00:00,2.1229274429628573
2019-05-14 00:00:00,2.1229274429628573
2019-05-15 00:00:00,2.1229274429628573
2019-05-16 00:00:00,2.1229274429628573
2019-05-17 00:00:00,2.1229274429628573
2019-05-20 00:00:00,2.1229274429628573
2019-05-21 00:00:00,2.1229274429628573
2019-05-22 00:00:00,2.1229274429628573
2019-05-23 00:00:00,2.1229274429628573
2019-05-24 00:00:00,2.1229274429628573
2019-05-28 00:00:00,2.1229274429628573
2019-05-29 00:00:00,2.1229274429628573
2019-05-30 00:00:00,2.1229274429628573
2019-05-31 00:00:00,2.1229274429628573
2019-06-03 00:00:00,2.1229274429628573
2019-06-04 00:00:00,2.1229274429628573
2019-06-05 00:00:00,2.1229274429628573
2019-06-06 00:00:00,2.1229274429628573
2019-06-07 00:00:00,2.1229274429628573
2019-06-10 00:00:00,2.1229274429628573
2019-06-11 00:00:00,2.1229274429628573
2019-06-12 00:00:00,2.1229274429628573
2019-06-13 00:00:00,2.1254833538874505
2019-06-14 00:00:00,2.110939003626074
2019-06-17 00:00:00,2.111425843802187
2019-06-18 00:00:00,2.1355852875417956
2019-06-19 00:00:00,2.141914209831265
2019-06-20 00:00:00,2.156154284982571
2019-06-21 00:00:00,2.1342464770574847
2019-06-24 00:00:00,2.1172070708935293
2019-06-25 00:00:00,2.105705471732859
2019-06-26 00:00:00,2.1019933153899975
2019-06-27 00:00:00,2.129438930318369
2019-06-28 00:00:00,2.1578582255989667
2019-07-01 00:00:00,2.1620572221179417
2019-07-02 00:00:00,2.156458560092642
2019-07-03 00:00:00,2.175993022159177
2019-07-05 00:00:00,2.1779403828636292
2019-07-08 00:00:00,2.1573105304008395
2019-07-09 00:00:00,2.157736515554938
2019-07-10 00:00:00,2.1554848797404156
2019-07-11 00:00:00,2.1506164779792853
2019-07-12 00:00:00,2.1730111260804845
2019-07-15 00:00:00,2.1618138020298847
2019-07-16 00:00:00,2.1631526125141955
2019-07-17 00:00:00,2.1465391915043393
2019-07-18 00:00:00,2.1534158089919355
2019-07-19 00:00:00,2.1467217565703813
2019-07-22 00:00:00,2.1454438011080845
2019-07-23 00:00:00,2.1687512745394955
2019-07-24 00:00:00,2.199726480744687
2019-07-25 00:00:00,2.1778186728196007
2019-07-26 00:00:00,2.1991179305245456
2019-07-29 00:00:00,2.188529156694087
2019-07-30 00:00:00,2.2030126519334496
2019-07-31 00:00:00,2.1781229479296713
2019-08-01 00:00:00,2.1445309757778723
2019-08-02 00:00:00,2.122258037720702
2019-08-05 00:00:00,2.067162212756325
2019-08-06 00:00:00,2.067162212756325
2019-08-07 00:00:00,2.067162212756325
2019-08-08 00:00:00,2.067162212756325
2019-08-09 00:00:00,2.067162212756325
2019-08-12 00:00:00,2.067162212756325
2019-08-13 00:00:00,2.067162212756325
2019-08-14 00:00:00,2.067162212756325
2019-08-15 00:00:00,2.067162212756325
2019-08-16 00:00:00,2.067162212756325
2019-08-19 00:00:00,2.067162212756325
2019-08-20 00:00:00,2.067162212756325
2019-08-21 00:00:00,2.067162212756325
2019-08-22 00:00:00,2.067162212756325
2019-08-23 00:00:00,2.0210999995303847
2019-08-26 00:00:00,2.036530179554936
2019-08-27 00:00:00,2.036530179554936
2019-08-28 00:00:00,2.036530179554936
2019-08-29 00:00:00,2.036530179554936
2019-08-30 00:00:00,2.036530179554936
2019-09-03 00:00:00,2.036530179554936
2019-09-04 00:00:00,2.036530179554936
2019-09-05 00:00:00,2.036530179554936
2019-09-06 00:00:00,2.036530179554936
2019-09-09 00:00:00,2.043879368531956
2019-09-10 00:00:00,2.0543202852855154
2019-09-11 00:00:00,2.0782938465691734
2019-09-12 00:00:00,2.0773308493928746
2019-09-13 00:00:00,2.0784458987549046
2019-09-16 00:00:00,2.0805239452932347
2019-09-17 00:00:00,2.0739857013067824
2019-09-18 00:00:00,2.0696775560443914
2019-09-19 00:00:00,2.0662817238963895
2019-09-20 00:00:00,2.0532052359234845
2019-09-23 00:00:00,2.0576147493096966
2019-09-24 00:00:00,2.037138388297862
2019-09-25 00:00:00,2.057868169619249
2019-09-26 00:00:00,2.0471231484942267
2019-09-27 00:00:00,2.034908289573801
2019-09-30 00:00:00,2.0478327253609736
2019-10-01 00:00:00,2.0137730357571297
2019-10-02 00:00:00,1.9823984637958052
2019-10-03 00:00:00,1.9823984637958052
2019-10-04 00:00:00,1.9823984637958052
2019-10-07 00:00:00,1.9823984637958052
2019-10-08 00:00:00,1.9823984637958052
2019-10-09 00:00:00,1.9823984637958052
2019-10-10 00:00:00,1.9823984637958052
2019-10-11 00:00:00,1.9823984637958052
2019-10-14 00:00:00,1.9823984637958052
2019-10-15 00:00:00,1.9823984637958052
2019-10-16 00:00:00,1.9823984637958052
2019-10-17 00:00:00,1.989614976035321
2019-10-18 00:00:00,1.9880363639829273
2019-10-21 00:00:00,1.9989738903459437
2019-10-22 00:00:00,1.998579237332845
2019-10-23 00:00:00,2.0006652604020805
2019-10-24 00:00:00,2.00111629241705
2019-10-25 00:00:00,2.0113208917557404
2019-10-28 00:00:00,2.02332961915431
2019-10-29 00:00:00,2.028685624332076
2019-10-30 00:00:00,2.0228222081374696
2019-10-31 00:00:00,2.008389183658437
2019-11-01 00:00:00,2.0372552326165017
2019-11-04 00:00:00,2.0485310329907453
2019-11-05 00:00:00,2.0534923851554123
2019-11-06 00:00:00,2.0448663978691157
2019-11-07 00:00:00,2.0475162109570633
2019-11-08 00:00:00,2.0534360061535413
2019-11-11 00:00:00,2.0492639600150713
2019-11-12 00:00:00,2.0457120828971846
2019-11-13 00:00:00,2.0416527947624563
2019-11-14 00:00:00,2.046501388923381
2019-11-15 00:00:00,2.0567623672639432
2019-11-18 00:00:00,2.0532668691479277
2019-11-19 00:00:00,2.0576644312938828
2019-11-20 00:00:00,2.0511808460786924
2019-11-21 00:00:00,2.036578684594047
2019-11-22 00:00:00,2.041540036758714
2019-11-25 00:00:00,2.0669105876007627
2019-11-26 00:00:00,2.07463451085712
2019-11-27 00:00:00,2.0888983983305383
2019-11-29 00:00:00,2.0670797246063763
2019-12-02 00:00:00,2.0530413531404426
2019-12-03 00:00:00,2.041427278754971
2019-12-04 00:00:00,2.058284600314466
2019-12-05 00:00:00,2.061272687413641
2019-12-06 00:00:00,2.0815691280872795
2019-12-09 00:00:00,2.0719846977691723
2019-12-10 00:00:00,2.070800738729877
2019-12-11 00:00:00,2.0741834788421496
2019-12-12 00:00:00,2.0965095635831528
2019-12-13 00:00:00,2.085121005205166
2019-12-16 00:00:00,2.0978062806261906
2019-12-17 00:00:00,2.105079171867578
2019-12-18 00:00:00,2.1060376148993885
2019-12-19 00:00:00,2.1152837712062684
2019-12-20 00:00:00,2.1173697942755036
2019-12-23 00:00:00,2.1155656662156246
2019-12-24 00:00:00,2.115678424219367
2019-12-26 00:00:00,2.120357881374678
2019-12-27 00:00:00,2.116242214238079
2019-12-30 00:00:00,2.114268949172587
2019-12-31 00:00:00,2.1163549722418216
2020-01-02 00:00:00,2.119455817344739
2020-01-03 00:00:00,2.10840553297798
2020-01-06 00:00:00,2.1083491539761083
2020-01-07 00:00:00,2.102542116783373
2020-01-08 00:00:00,2.106319509908745
2020-01-09 00:00:00,2.1124084421108362
2020-01-10 00:00:00,2.105924856895646
2020-01-13 00:00:00,2.1222747674383
2020-01-14 00:00:00,2.1284200786422627
2020-01-15 00:00:00,2.1312954077376944
2020-01-16 00:00:00,2.1550309675254784
2020-01-17 00:00:00,2.150577026377652
2020-01-21 00:00:00,2.1386810569828243
2020-01-22 00:00:00,2.1371588239323014
2020-01-23 00:00:00,2.1419510390913556
2020-01-24 00:00:00,2.119286680339125
2020-01-27 00:00:00,2.090251494375447
2020-01-28 00:00:00,2.1107734510565708
2020-01-29 00:00:00,2.1007943677253653
2020-01-30 00:00:00,2.1029367697964716
2020-01-31 00:00:00,2.0604270023855724
2020-02-03 00:00:00,2.0838806671639993
2020-02-04 00:00:00,2.1116755150865107
2020-02-05 00:00:00,2.135862106889263
2020-02-06 00:00:00,2.1251500965337318
2020-02-07 00:00:00,2.105586582884419
2020-02-10 00:00:00,2.1170315202642764
2020-02-11 00:00:00,2.1336069468144148
2020-02-12 00:00:00,2.147870834287833
2020-02-13 00:00:00,2.15514372552922
2020-02-14 00:00:00,2.1541289034955384
2020-02-18 00:00:00,2.1477016972822196
2020-02-19 00:00:00,2.156327684568516
2020-02-20 00:00:00,2.165066429858555
2020-02-21 00:00:00,2.1420637970950973
2020-02-24 00:00:00,2.078130008973135
2020-02-25 00:00:00,2.005401096559263
2020-02-26 00:00:00,2.013290503461912
2020-02-27 00:00:00,2.013290503461912
2020-02-28 00:00:00,2.013290503461912
2020-03-02 00:00:00,2.013290503461912
2020-03-03 00:00:00,2.013290503461912
2020-03-04 00:00:00,2.013290503461912
2020-03-05 00:00:00,2.013290503461912
2020-03-06 00:00:00,2.013290503461912
2020-03-09 00:00:00,2.013290503461912
2020-03-10 00:00:00,2.013290503461912
2020-03-11 00:00:00,2.013290503461912
2020-03-12 00:00:00,2.013290503461912
2020-03-13 00:00:00,2.013290503461912
2020-03-16 00:00:00,2.013290503461912
2020-03-17 00:00:00,2.013290503461912
2020-03-18 00:00:00,2.013290503461912
2020-03-19 00:00:00,2.013290503461912
2020-03-20 00:00:00,2.013290503461912
2020-03-23 00:00:00,2.013290503461912
2020-03-24 00:00:00,2.013290503461912
2020-03-25 00:00:00,2.013290503461912
2020-03-26 00:00:00,2.013290503461912
2020-03-27 00:00:00,2.013290503461912
2020-03-30 00:00:00,2.013290503461912
2020-03-31 00:00:00,2.013290503461912
2020-04-01 00:00:00,2.013290503461912
2020-04-02 00:00:00,2.013290503461912
2020-04-03 00:00:00,2.013290503461912
2020-04-06 00:00:00,2.013290503461912
2020-04-07 00:00:00,2.013290503461912
2020-04-08 00:00:00,2.013290503461912
2020-04-09 00:00:00,2.013290503461912
2020-04-13 00:00:00,2.013290503461912
2020-04-14 00:00:00,2.013290503461912
2020-04-15 00:00:00,2.013290503461912
2020-04-16 00:00:00,2.013290503461912
2020-04-17 00:00:00,2.013290503461912
2020-04-20 00:00:00,2.013290503461912
2020-04-21 00:00:00,2.013290503461912
2020-04-22 00:00:00,2.013290503461912
2020-04-23 00:00:00,2.013290503461912
2020-04-24 00:00:00,2.013290503461912
2020-04-27 00:00:00,2.013290503461912
2020-04-28 00:00:00,2.013290503461912
2020-04-29 00:00:00,2.013290503461912
2020-04-30 00:00:00,2.013290503461912
2020-05-01 00:00:00,2.013290503461912
2020-05-04 00:00:00,2.013290503461912
2020-05-05 00:00:00,2.013290503461912
2020-05-06 00:00:00,2.013290503461912
2020-05-07 00:00:00,2.013290503461912
2020-05-08 00:00:00,2.013290503461912
2020-05-11 00:00:00,2.013290503461912
2020-05-12 00:00:00,2.013290503461912
2020-05-13 00:00:00,2.013290503461912
2020-05-14 00:00:00,2.013290503461912
2020-05-15 00:00:00,2.013290503461912
2020-05-18 00:00:00,2.013290503461912
2020-05-19 00:00:00,2.013290503461912
2020-05-20 00:00:00,2.013290503461912
2020-05-21 00:00:00,2.013290503461912
2020-05-22 00:00:00,2.013290503461912
2020-05-26 00:00:00,2.013290503461912
2020-05-27 00:00:00,2.013290503461912
2020-05-28 00:00:00,2.013290503461912
2020-05-29 00:00:00,2.013290503461912
2020-06-01 00:00:00,2.013290503461912
2020-06-02 00:00:00,2.013290503461912
2020-06-03 00:00:00,2.013290503461912
2020-06-04 00:00:00,2.013290503461912
2020-06-05 00:00:00,2.013290503461912
2020-06-08 00:00:00,2.013290503461912
2020-06-09 00:00:00,2.013290503461912
2020-06-10 00:00:00,1.987175988504463
2020-06-11 00:00:00,1.9463901437952087
2020-06-12 00:00:00,1.9463901437952087
2020-06-15 00:00:00,1.9463901437952087
2020-06-16 00:00:00,1.9463901437952087
2020-06-17 00:00:00,1.9463901437952087
2020-06-18 00:00:00,1.9463901437952087
2020-06-19 00:00:00,1.9463901437952087
2020-06-22 00:00:00,1.9463901437952087
2020-06-23 00:00:00,1.9463901437952087
2020-06-24 00:00:00,1.9463901437952087
2020-06-25 00:00:00,1.9463901437952087
2020-06-26 00:00:00,1.9463901437952087
2020-06-29 00:00:00,1.9463901437952087
2020-06-30 00:00:00,1.9463901437952087
2020-07-01 00:00:00,1.9463901437952087
2020-07-02 00:00:00,1.9463901437952087
2020-07-06 00:00:00,1.9463901437952087
2020-07-07 00:00:00,1.9463901437952087
2020-07-08 00:00:00,1.9463901437952087
2020-07-09 00:00:00,1.9463901437952087
2020-07-10 00:00:00,1.9463901437952087
2020-07-13 00:00:00,1.9463901437952087
2020-07-14 00:00:00,1.9463901437952087
2020-07-15 00:00:00,1.9463901437952087
2020-07-16 00:00:00,1.9463901437952087
2020-07-17 00:00:00,1.9463901437952087
2020-07-20 00:00:00,1.9463901437952087
2020-07-21 00:00:00,1.9463901437952087
2020-07-22 00:00:00,1.9463901437952087
2020-07-23 00:00:00,1.9463901437952087
2020-07-24 00:00:00,1.9424201829544758
2020-07-27 00:00:00,1.952970979783451
2020-07-28 00:00:00,1.9408465047833743
2020-07-29 00:00:00,1.967634799105077
2020-07-30 00:00:00,1.959372988706795
2020-07-31 00:00:00,1.951003882069574
2020-08-03 00:00:00,1.9653458126743844
2020-08-04 00:00:00,1.9715689945328307
2020-08-05 00:00:00,1.9888079235889864
2020-08-06 00:00:00,1.9848021973352739
2020-08-07 00:00:00,1.999823670786696
2020-08-10 00:00:00,2.006583333839836
2020-08-11 00:00:00,2.0047235323648978
2020-08-12 00:00:00,2.0128780465242415
2020-08-13 00:00:00,2.0105890600935483
2020-08-14 00:00:00,2.007727827055182
2020-08-17 00:00:00,2.011232837527181
2020-08-18 00:00:00,1.9995375474828592
2020-08-19 00:00:00,1.994280031774862
2020-08-20 00:00:00,1.9858393943116817
2020-08-21 00:00:00,1.9828708650343767
2020-08-24 00:00:00,2.001683472261634
2020-08-25 00:00:00,1.9992871895920024
2020-08-26 00:00:00,1.9947807475565755
2020-08-27 00:00:00,1.9996806091347779
2020-08-28 00:00:00,2.006726395491754
2020-08-31 00:00:00,1.993135538559515
2020-09-01 00:00:00,2.002792200064001
2020-09-02 00:00:00,2.019136993795667
2020-09-03 00:00:00,1.9800811628219699
2020-09-04 00:00:00,1.9740368080284212
2020-09-08 00:00:00,1.9468193287509636
2020-09-09 00:00:00,1.963271418721569
2020-09-10 00:00:00,1.9482857106831264
2020-09-11 00:00:00,1.947534637010555
2020-09-14 00:00:00,1.9714259328809123
2020-09-15 00:00:00,1.9729280802260545
2020-09-16 00:00:00,1.976754979414869
2020-09-17 00:00:00,1.9692084772761784
2020-09-18 00:00:00,1.9522556715238595
2020-09-21 00:00:00,1.921890835904199
2020-09-22 00:00:00,1.9263782078214247
2020-09-23 00:00:00,1.9263782078214247
2020-09-24 00:00:00,1.9263782078214247
2020-09-25 00:00:00,1.9263782078214247
2020-09-28 00:00:00,1.9263782078214247
2020-09-29 00:00:00,1.9263782078214247
2020-09-30 00:00:00,1.9263782078214247
2020-10-01 00:00:00,1.9263782078214247
2020-10-02 00:00:00,1.9263782078214247
2020-10-05 00:00:00,1.9263782078214247
2020-10-06 00:00:00,1.9263782078214247
2020-10-07 00:00:00,1.9263782078214247
2020-10-08 00:00:00,1.9263782078214247
2020-10-09 00:00:00,1.9263782078214247
2020-10-12 00:00:00,1.9263782078214247
2020-10-13 00:00:00,1.9263782078214247
2020-10-14 00:00:00,1.9263782078214247
2020-10-15 00:00:00,1.9263782078214247
2020-10-16 00:00:00,1.9263782078214247
2020-10-19 00:00:00,1.9263782078214247
2020-10-20 00:00:00,1.9263782078214247
2020-10-21 00:00:00,1.9263782078214247
2020-10-22 00:00:00,1.9263782078214247
2020-10-23 00:00:00,1.9263782078214247
2020-10-26 00:00:00,1.9263782078214247
2020-10-27 00:00:00,1.9263782078214247
2020-10-28 00:00:00,1.9263782078214247
2020-10-29 00:00:00,1.9263782078214247
2020-10-30 00:00:00,1.9263782078214247
2020-11-02 00:00:00,1.9263782078214247
2020-11-03 00:00:00,1.9263782078214247
2020-11-04 00:00:00,1.9263782078214247
2020-11-05 00:00:00,1.9263782078214247
2020-11-06 00:00:00,1.9263782078214247
2020-11-09 00:00:00,1.9263782078214247
2020-11-10 00:00:00,1.9263782078214247
2020-11-11 00:00:00,1.9263782078214247
2020-11-12 00:00:00,1.9263782078214247
2020-11-13 00:00:00,1.9263782078214247
2020-11-16 00:00:00,1.9263782078214247
2020-11-17 00:00:00,1.9263782078214247
2020-11-18 00:00:00,1.9263782078214247
2020-11-19 00:00:00,1.9263782078214247
2020-11-20 00:00:00,1.9263782078214247
2020-11-23 00:00:00,1.9263782078214247
2020-11-24 00:00:00,1.9263782078214247
2020-11-25 00:00:00,1.9263782078214247
2020-11-27 00:00:00,1.9263782078214247
2020-11-30 00:00:00,1.9263782078214247
2020-12-01 00:00:00,1.9263782078214247
2020-12-02 00:00:00,1.9263782078214247
2020-12-03 00:00:00,1.9263782078214247
2020-12-04 00:00:00,1.9263782078214247
2020-12-07 00:00:00,1.9263782078214247
2020-12-08 00:00:00,1.9263782078214247
2020-12-09 00:00:00,1.9263782078214247
2020-12-10 00:00:00,1.9263782078214247
2020-12-11 00:00:00,1.9263782078214247
2020-12-14 00:00:00,1.9263782078214247
2020-12-15 00:00:00,1.9263782078214247
2020-12-16 00:00:00,1.9263782078214247
2020-12-17 00:00:00,1.9263782078214247
2020-12-18 00:00:00,1.9263782078214247
2020-12-21 00:00:00,1.9263782078214247
2020-12-22 00:00:00,1.9263782078214247
2020-12-23 00:00:00,1.9263782078214247
2020-12-24 00:00:00,1.9263782078214247
2020-12-28 00:00:00,1.9263782078214247
2020-12-29 00:00:00,1.9263782078214247
2020-12-30 00:00:00,1.9263782078214247
2020-12-31 00:00:00,1.9263782078214247
2021-01-04 00:00:00,1.9263782078214247
2021-01-05 00:00:00,1.9263782078214247
2021-01-06 00:00:00,1.9263782078214247
2021-01-07 00:00:00,1.9263782078214247
2021-01-08 00:00:00,1.9263782078214247
2021-01-11 00:00:00,1.9263782078214247
2021-01-12 00:00:00,1.9263782078214247
2021-01-13 00:00:00,1.9263782078214247
2021-01-14 00:00:00,1.9263782078214247
2021-01-15 00:00:00,1.9263782078214247
2021-01-19 00:00:00,1.9263782078214247
2021-01-20 00:00:00,1.9263782078214247
2021-01-21 00:00:00,1.9263782078214247
2021-01-22 00:00:00,1.9263782078214247
2021-01-25 00:00:00,1.9263782078214247
2021-01-26 00:00:00,1.9263782078214247
2021-01-27 00:00:00,1.9263782078214247
2021-01-28 00:00:00,1.9263782078214247
2021-01-29 00:00:00,1.9263782078214247
2021-02-01 00:00:00,1.9263782078214247
2021-02-02 00:00:00,1.9263782078214247
2021-02-03 00:00:00,1.9263782078214247
2021-02-04 00:00:00,1.9263782078214247
2021-02-05 00:00:00,1.9263782078214247
2021-02-08 00:00:00,1.9263782078214247
2021-02-09 00:00:00,1.9263782078214247
2021-02-10 00:00:00,1.9263782078214247
2021-02-11 00:00:00,1.9263782078214247
2021-02-12 00:00:00,1.9263782078214247
2021-02-16 00:00:00,1.9263782078214247
2021-02-17 00:00:00,1.9263782078214247
2021-02-18 00:00:00,1.9263782078214247
2021-02-19 00:00:00,1.9263782078214247
2021-02-22 00:00:00,1.9263782078214247
2021-02-23 00:00:00,1.9263782078214247
2021-02-24 00:00:00,1.9263782078214247
2021-02-25 00:00:00,1.9263782078214247
2021-02-26 00:00:00,1.9263782078214247
2021-03-01 00:00:00,1.9263782078214247
2021-03-02 00:00:00,1.9263782078214247
2021-03-03 00:00:00,1.9263782078214247
2021-03-04 00:00:00,1.9263782078214247
2021-03-05 00:00:00,1.9263782078214247
2021-03-08 00:00:00,1.9263782078214247
2021-03-09 00:00:00,1.9263782078214247
2021-03-10 00:00:00,1.9263782078214247
2021-03-11 00:00:00,1.9263782078214247
2021-03-12 00:00:00,1.9263782078214247
2021-03-15 00:00:00,1.9263782078214247
2021-03-16 00:00:00,1.9263782078214247
2021-03-17 00:00:00,1.9263782078214247
2021-03-18 00:00:00,1.9263782078214247
2021-03-19 00:00:00,1.9263782078214247
2021-03-22 00:00:00,1.9263782078214247
2021-03-23 00:00:00,1.9263782078214247
2021-03-24 00:00:00,1.9263782078214247
2021-03-25 00:00:00,1.9263782078214247
2021-03-26 00:00:00,1.9263782078214247
2021-03-29 00:00:00,1.9263782078214247
2021-03-30 00:00:00,1.9263782078214247
2021-03-31 00:00:00,1.9263782078214247
2021-04-01 00:00:00,1.9263782078214247
2021-04-05 00:00:00,1.9263782078214247
2021-04-06 00:00:00,1.9263782078214247
2021-04-07 00:00:00,1.9263782078214247
2021-04-08 00:00:00,1.9263782078214247
2021-04-09 00:00:00,1.9263782078214247
2021-04-12 00:00:00,1.9263782078214247
2021-04-13 00:00:00,1.9263782078214247
2021-04-14 00:00:00,1.9263782078214247
2021-04-15 00:00:00,1.9263782078214247
2021-04-16 00:00:00,1.9263782078214247
2021-04-19 00:00:00,1.9263782078214247
2021-04-20 00:00:00,1.9263782078214247
2021-04-21 00:00:00,1.9263782078214247
2021-04-22 00:00:00,1.9263782078214247
2021-04-23 00:00:00,1.9263782078214247
2021-04-26 00:00:00,1.9263782078214247
2021-04-27 00:00:00,1.9263782078214247
2021-04-28 00:00:00,1.9263782078214247
2021-04-29 00:00:00,1.9263782078214247
2021-04-30 00:00:00,1.9263782078214247
2021-05-03 00:00:00,1.9263782078214247
2021-05-04 00:00:00,1.9263782078214247
2021-05-05 00:00:00,1.9263782078214247
2021-05-06 00:00:00,1.9263782078214247
2021-05-07 00:00:00,1.9263782078214247
2021-05-10 00:00:00,1.9263782078214247
2021-05-11 00:00:00,1.9263782078214247
2021-05-12 00:00:00,1.9263782078214247
2021-05-13 00:00:00,1.9263782078214247
2021-05-14 00:00:00,1.9263782078214247
2021-05-17 00:00:00,1.9263782078214247
2021-05-18 00:00:00,1.9263782078214247
2021-05-19 00:00:00,1.9263782078214247
2021-05-20 00:00:00,1.9263782078214247
2021-05-21 00:00:00,1.9263782078214247
2021-05-24 00:00:00,1.9263782078214247
2021-05-25 00:00:00,1.9263782078214247
2021-05-26 00:00:00,1.9263782078214247
2021-05-27 00:00:00,1.9263782078214247
2021-05-28 00:00:00,1.9263782078214247
2021-06-01 00:00:00,1.9263782078214247
2021-06-02 00:00:00,1.9263782078214247
2021-06-03 00:00:00,1.9263782078214247
2021-06-04 00:00:00,1.9263782078214247
2021-06-07 00:00:00,1.9263782078214247
2021-06-08 00:00:00,1.9263782078214247
2021-06-09 00:00:00,1.9263782078214247
2021-06-10 00:00:00,1.9263782078214247
2021-06-11 00:00:00,1.9263782078214247
2021-06-14 00:00:00,1.9263782078214247
2021-06-15 00:00:00,1.9263782078214247
2021-06-16 00:00:00,1.9263782078214247
2021-06-17 00:00:00,1.9263782078214247
2021-06-18 00:00:00,1.9263782078214247
2021-06-21 00:00:00,1.9263782078214247
2021-06-22 00:00:00,1.9263782078214247
2021-06-23 00:00:00,1.9263782078214247
2021-06-24 00:00:00,1.9263782078214247
2021-06-25 00:00:00,1.9263782078214247
2021-06-28 00:00:00,1.9263782078214247
2021-06-29 00:00:00,1.9263782078214247
2021-06-30 00:00:00,1.9263782078214247
2021-07-01 00:00:00,1.9263782078214247
2021-07-02 00:00:00,1.9263782078214247
2021-07-06 00:00:00,1.9263782078214247
2021-07-07 00:00:00,1.9263782078214247
2021-07-08 00:00:00,1.9263782078214247
2021-07-09 00:00:00,1.9263782078214247
2021-07-12 00:00:00,1.9263782078214247
2021-07-13 00:00:00,1.9263782078214247
2021-07-14 00:00:00,1.9263782078214247
2021-07-15 00:00:00,1.9263782078214247
2021-07-16 00:00:00,1.9263782078214247
2021-07-19 00:00:00,1.9263782078214247
2021-07-20 00:00:00,1.9263782078214247
2021-07-21 00:00:00,1.9263782078214247
2021-07-22 00:00:00,1.9263782078214247
2021-07-23 00:00:00,1.9263782078214247
2021-07-26 00:00:00,1.9263782078214247
2021-07-27 00:00:00,1.9263782078214247
2021-07-28 00:00:00,1.9263782078214247
2021-07-29 00:00:00,1.9263782078214247
2021-07-30 00:00:00,1.9263782078214247
2021-08-02 00:00:00,1.9263782078214247
2021-08-03 00:00:00,1.9263782078214247
2021-08-04 00:00:00,1.9263782078214247
2021-08-05 00:00:00,1.9263782078214247
2021-08-06 00:00:00,1.9263782078214247
2021-08-09 00:00:00,1.9263782078214247
2021-08-10 00:00:00,1.9263782078214247
2021-08-11 00:00:00,1.9263782078214247
2021-08-12 00:00:00,1.9263782078214247
2021-08-13 00:00:00,1.9263782078214247
2021-08-16 00:00:00,1.9263782078214247
2021-08-17 00:00:00,1.9263782078214247
2021-08-18 00:00:00,1.9263782078214247
2021-08-19 00:00:00,1.9263782078214247
2021-08-20 00:00:00,1.9263782078214247
2021-08-23 00:00:00,1.9263782078214247
2021-08-24 00:00:00,1.9263782078214247
2021-08-25 00:00:00,1.9263782078214247
2021-08-26 00:00:00,1.9263782078214247
2021-08-27 00:00:00,1.9263782078214247
2021-08-30 00:00:00,1.9263782078214247
2021-08-31 00:00:00,1.9263782078214247
2021-09-01 00:00:00,1.9263782078214247
2021-09-02 00:00:00,1.9263782078214247
2021-09-03 00:00:00,1.9263782078214247
2021-09-07 00:00:00,1.9263782078214247
2021-09-08 00:00:00,1.9263782078214247
2021-09-09 00:00:00,1.9263782078214247
2021-09-10 00:00:00,1.9263782078214247
2021-09-13 00:00:00,1.9263782078214247
2021-09-14 00:00:00,1.9263782078214247
2021-09-15 00:00:00,1.9263782078214247
2021-09-16 00:00:00,1.9263782078214247
2021-09-17 00:00:00,1.9263782078214247
2021-09-20 00:00:00,1.9263782078214247
2021-09-21 00:00:00,1.9263782078214247
2021-09-22 00:00:00,1.9263782078214247
2021-09-23 00:00:00,1.9263782078214247
2021-09-24 00:00:00,1.9263782078214247
2021-09-27 00:00:00,1.9263782078214247
2021-09-28 00:00:00,1.9263782078214247
2021-09-29 00:00:00,1.9263782078214247
2021-09-30 00:00:00,1.9263782078214247
2021-10-01 00:00:00,1.9263782078214247
2021-10-04 00:00:00,1.9263782078214247
2021-10-05 00:00:00,1.9263782078214247
2021-10-06 00:00:00,1.9263782078214247
2021-10-07 00:00:00,1.9263782078214247
2021-10-08 00:00:00,1.9263782078214247
2021-10-11 00:00:00,1.9263782078214247
2021-10-12 00:00:00,1.9263782078214247
2021-10-13 00:00:00,1.9263782078214247
2021-10-14 00:00:00,1.9263782078214247
2021-10-15 00:00:00,1.9263782078214247
2021-10-18 00:00:00,1.9263782078214247
2021-10-19 00:00:00,1.9263782078214247
2021-10-20 00:00:00,1.9263782078214247
2021-10-21 00:00:00,1.9263782078214247
2021-10-22 00:00:00,1.9263782078214247
2021-10-25 00:00:00,1.9263782078214247
2021-10-26 00:00:00,1.9263782078214247
2021-10-27 00:00:00,1.9263782078214247
2021-10-28 00:00:00,1.9263782078214247
2021-10-29 00:00:00,1.9263782078214247
2021-11-01 00:00:00,1.9263782078214247
2021-11-02 00:00:00,1.9263782078214247
2021-11-03 00:00:00,1.9263782078214247
2021-11-04 00:00:00,1.9263782078214247
2021-11-05 00:00:00,1.9263782078214247
2021-11-08 00:00:00,1.9263782078214247
2021-11-09 00:00:00,1.9263782078214247
2021-11-10 00:00:00,1.9263782078214247
2021-11-11 00:00:00,1.9263782078214247
2021-11-12 00:00:00,1.9263782078214247
2021-11-15 00:00:00,1.9263782078214247
2021-11-16 00:00:00,1.9263782078214247
2021-11-17 00:00:00,1.9263782078214247
2021-11-18 00:00:00,1.9263782078214247
2021-11-19 00:00:00,1.9263782078214247
2021-11-22 00:00:00,1.9263782078214247
2021-11-23 00:00:00,1.9263782078214247
2021-11-24 00:00:00,1.9263782078214247
2021-11-26 00:00:00,1.9263782078214247
2021-11-29 00:00:00,1.9263782078214247
2021-11-30 00:00:00,1.9263782078214247
2021-12-01 00:00:00,1.9263782078214247
2021-12-02 00:00:00,1.9263782078214247
2021-12-03 00:00:00,1.9263782078214247
2021-12-06 00:00:00,1.9263782078214247
2021-12-07 00:00:00,1.9263782078214247
2021-12-08 00:00:00,1.9263782078214247
2021-12-09 00:00:00,1.9263782078214247
2021-12-10 00:00:00,1.9263782078214247
2021-12-13 00:00:00,1.9263782078214247
2021-12-14 00:00:00,1.9263782078214247
2021-12-15 00:00:00,1.9263782078214247
2021-12-16 00:00:00,1.9263782078214247
2021-12-17 00:00:00,1.9263782078214247
2021-12-20 00:00:00,1.9263782078214247
2021-12-21 00:00:00,1.9263782078214247
2021-12-22 00:00:00,1.9263782078214247
2021-12-23 00:00:00,1.9263782078214247
2021-12-27 00:00:00,1.9263782078214247
2021-12-28 00:00:00,1.9263782078214247
2021-12-29 00:00:00,1.9263782078214247
2021-12-30 00:00:00,1.9263782078214247
2021-12-31 00:00:00,1.9263782078214247
2022-01-03 00:00:00,1.9263782078214247
2022-01-04 00:00:00,1.9263782078214247
2022-01-05 00:00:00,1.9263782078214247
2022-01-06 00:00:00,1.9263782078214247
2022-01-07 00:00:00,1.9263782078214247
2022-01-10 00:00:00,1.9263782078214247
2022-01-11 00:00:00,1.9263782078214247
2022-01-12 00:00:00,1.9263782078214247
2022-01-13 00:00:00,1.9263782078214247
2022-01-14 00:00:00,1.9263782078214247
2022-01-18 00:00:00,1.9263782078214247
2022-01-19 00:00:00,1.9263782078214247
2022-01-20 00:00:00,1.9263782078214247
2022-01-21 00:00:00,1.9263782078214247
2022-01-24 00:00:00,1.9263782078214247
2022-01-25 00:00:00,1.9263782078214247
2022-01-26 00:00:00,1.9263782078214247
2022-01-27 00:00:00,1.9263782078214247
2022-01-28 00:00:00,1.9263782078214247
2022-01-31 00:00:00,1.9263782078214247
2022-02-01 00:00:00,1.9263782078214247
2022-02-02 00:00:00,1.9263782078214247
2022-02-03 00:00:00,1.9263782078214247
2022-02-04 00:00:00,1.9263782078214247
2022-02-07 00:00:00,1.9263782078214247
2022-02-08 00:00:00,1.9263782078214247
2022-02-09 00:00:00,1.9263782078214247
2022-02-10 00:00:00,1.9263782078214247
2022-02-11 00:00:00,1.9263782078214247
2022-02-14 00:00:00,1.9263782078214247
2022-02-15 00:00:00,1.9263782078214247
2022-02-16 00:00:00,1.9263782078214247
2022-02-17 00:00:00,1.9263782078214247
2022-02-18 00:00:00,1.9263782078214247
2022-02-22 00:00:00,1.9263782078214247
2022-02-23 00:00:00,1.9263782078214247
2022-02-24 00:00:00,1.9263782078214247
2022-02-25 00:00:00,1.9263782078214247
2022-02-28 00:00:00,1.9263782078214247
2022-03-01 00:00:00,1.9263782078214247
2022-03-02 00:00:00,1.9263782078214247
2022-03-03 00:00:00,1.9263782078214247
2022-03-04 00:00:00,1.9263782078214247
2022-03-07 00:00:00,1.9263782078214247
2022-03-08 00:00:00,1.9263782078214247
2022-03-09 00:00:00,1.9263782078214247
2022-03-10 00:00:00,1.9263782078214247
2022-03-11 00:00:00,1.9263782078214247
2022-03-14 00:00:00,1.9263782078214247
2022-03-15 00:00:00,1.9263782078214247
2022-03-16 00:00:00,1.9263782078214247
2022-03-17 00:00:00,1.9263782078214247
2022-03-18 00:00:00,1.9263782078214247
2022-03-21 00:00:00,1.9263782078214247
2022-03-22 00:00:00,1.9263782078214247
2022-03-23 00:00:00,1.9263782078214247
2022-03-24 00:00:00,1.9263782078214247
2022-03-25 00:00:00,1.9263782078214247
2022-03-28 00:00:00,1.9263782078214247
2022-03-29 00:00:00,1.9263782078214247
2022-03-30 00:00:00,1.9263782078214247
2022-03-31 00:00:00,1.9263782078214247
2022-04-01 00:00:00,1.9263782078214247
2022-04-04 00:00:00,1.9263782078214247
2022-04-05 00:00:00,1.9263782078214247
2022-04-06 00:00:00,1.9263782078214247
2022-04-07 00:00:00,1.9263782078214247
2022-04-08 00:00:00,1.9263782078214247
2022-04-11 00:00:00,1.9263782078214247
2022-04-12 00:00:00,1.9263782078214247
2022-04-13 00:00:00,1.9263782078214247
2022-04-14 00:00:00,1.9263782078214247
2022-04-18 00:00:00,1.9263782078214247
2022-04-19 00:00:00,1.9263782078214247
2022-04-20 00:00:00,1.9263782078214247
2022-04-21 00:00:00,1.9263782078214247
2022-04-22 00:00:00,1.9263782078214247
2022-04-25 00:00:00,1.9263782078214247
2022-04-26 00:00:00,1.9263782078214247
2022-04-27 00:00:00,1.9263782078214247
2022-04-28 00:00:00,1.9263782078214247
2022-04-29 00:00:00,1.9263782078214247
2022-05-02 00:00:00,1.9263782078214247
2022-05-03 00:00:00,1.9263782078214247
2022-05-04 00:00:00,1.9263782078214247
2022-05-05 00:00:00,1.9263782078214247
2022-05-06 00:00:00,1.9263782078214247
2022-05-09 00:00:00,1.9263782078214247
2022-05-10 00:00:00,1.9263782078214247
2022-05-11 00:00:00,1.9263782078214247
2022-05-12 00:00:00,1.9263782078214247
2022-05-13 00:00:00,1.9263782078214247
2022-05-16 00:00:00,1.9263782078214247
2022-05-17 00:00:00,1.9263782078214247
2022-05-18 00:00:00,1.9263782078214247
2022-05-19 00:00:00,1.9263782078214247
2022-05-20 00:00:00,1.9263782078214247
2022-05-23 00:00:00,1.9263782078214247
2022-05-24 00:00:00,1.9263782078214247
2022-05-25 00:00:00,1.9263782078214247
2022-05-26 00:00:00,1.9263782078214247
2022-05-27 00:00:00,1.9263782078214247
2022-05-31 00:00:00,1.9263782078214247
2022-06-01 00:00:00,1.9263782078214247
2022-06-02 00:00:00,1.9263782078214247
2022-06-03 00:00:00,1.9263782078214247
2022-06-06 00:00:00,1.9263782078214247
2022-06-07 00:00:00,1.9263782078214247
2022-06-08 00:00:00,1.9263782078214247
2022-06-09 00:00:00,1.9263782078214247
2022-06-10 00:00:00,1.9263782078214247
2022-06-13 00:00:00,1.9263782078214247
2022-06-14 00:00:00,1.9263782078214247
2022-06-15 00:00:00,1.9263782078214247
2022-06-16 00:00:00,1.9263782078214247
2022-06-17 00:00:00,1.9263782078214247
2022-06-21 00:00:00,1.9263782078214247
2022-06-22 00:00:00,1.9263782078214247
2022-06-23 00:00:00,1.9263782078214247
2022-06-24 00:00:00,1.9263782078214247
2022-06-27 00:00:00,1.9263782078214247
2022-06-28 00:00:00,1.9263782078214247
2022-06-29 00:00:00,1.9263782078214247
2022-06-30 00:00:00,1.9263782078214247
2022-07-01 00:00:00,1.9263782078214247
2022-07-05 00:00:00,1.9263782078214247
2022-07-06 00:00:00,1.9263782078214247
2022-07-07 00:00:00,1.9263782078214247
2022-07-08 00:00:00,1.9263782078214247
2022-07-11 00:00:00,1.9263782078214247
2022-07-12 00:00:00,1.9263782078214247
2022-07-13 00:00:00,1.9263782078214247
2022-07-14 00:00:00,1.9263782078214247
2022-07-15 00:00:00,1.9263782078214247
2022-07-18 00:00:00,1.9263782078214247
2022-07-19 00:00:00,1.9263782078214247
2022-07-20 00:00:00,1.9263782078214247
2022-07-21 00:00:00,1.9263782078214247
2022-07-22 00:00:00,1.9263782078214247
2022-07-25 00:00:00,1.9263782078214247
2022-07-26 00:00:00,1.9263782078214247
2022-07-27 00:00:00,1.9263782078214247
2022-07-28 00:00:00,1.9263782078214247
2022-07-29 00:00:00,1.9263782078214247
2022-08-01 00:00:00,1.9263782078214247
2022-08-02 00:00:00,1.9263782078214247
2022-08-03 00:00:00,1.9263782078214247
2022-08-04 00:00:00,1.9263782078214247
2022-08-05 00:00:00,1.9263782078214247
2022-08-08 00:00:00,1.9263782078214247
2022-08-09 00:00:00,1.9263782078214247
2022-08-10 00:00:00,1.9263782078214247
2022-08-11 00:00:00,1.9263782078214247
2022-08-12 00:00:00,1.9263782078214247
2022-08-15 00:00:00,1.9263782078214247
2022-08-16 00:00:00,1.9263782078214247
2022-08-17 00:00:00,1.9263782078214247
2022-08-18 00:00:00,1.9263782078214247
2022-08-19 00:00:00,1.9263782078214247
2022-08-22 00:00:00,1.9263782078214247
2022-08-23 00:00:00,1.9263782078214247
2022-08-24 00:00:00,1.9263782078214247
2022-08-25 00:00:00,1.9263782078214247
2022-08-26 00:00:00,1.9263782078214247
2022-08-29 00:00:00,1.9263782078214247
2022-08-30 00:00:00,1.9263782078214247
2022-08-31 00:00:00,1.9263782078214247
2022-09-01 00:00:00,1.9263782078214247
2022-09-02 00:00:00,1.9263782078214247
2022-09-06 00:00:00,1.9263782078214247
2022-09-07 00:00:00,1.9263782078214247
2022-09-08 00:00:00,1.9263782078214247
2022-09-09 00:00:00,1.9263782078214247
2022-09-12 00:00:00,1.9263782078214247
2022-09-13 00:00:00,1.9263782078214247
2022-09-14 00:00:00,1.9263782078214247
2022-09-15 00:00:00,1.9263782078214247
2022-09-16 00:00:00,1.9263782078214247
2022-09-19 00:00:00,1.9263782078214247
2022-09-20 00:00:00,1.9263782078214247
2022-09-21 00:00:00,1.9263782078214247
2022-09-22 00:00:00,1.9263782078214247
2022-09-23 00:00:00,1.9263782078214247
2022-09-26 00:00:00,1.9263782078214247
2022-09-27 00:00:00,1.9263782078214247
2022-09-28 00:00:00,1.9263782078214247
2022-09-29 00:00:00,1.9263782078214247
2022-09-30 00:00:00,1.9263782078214247
2022-10-03 00:00:00,1.9263782078214247
2022-10-04 00:00:00,1.9263782078214247
2022-10-05 00:00:00,1.9263782078214247
2022-10-06 00:00:00,1.9263782078214247
2022-10-07 00:00:00,1.9263782078214247
2022-10-10 00:00:00,1.9263782078214247
2022-10-11 00:00:00,1.9263782078214247
2022-10-12 00:00:00,1.9263782078214247
2022-10-13 00:00:00,1.9263782078214247
2022-10-14 00:00:00,1.9263782078214247
2022-10-17 00:00:00,1.9263782078214247
2022-10-18 00:00:00,1.9263782078214247
2022-10-19 00:00:00,1.9263782078214247
2022-10-20 00:00:00,1.9263782078214247
2022-10-21 00:00:00,1.9263782078214247
2022-10-24 00:00:00,1.9263782078214247
2022-10-25 00:00:00,1.9263782078214247
2022-10-26 00:00:00,1.9263782078214247
2022-10-27 00:00:00,1.9263782078214247
2022-10-28 00:00:00,1.9263782078214247
2022-10-31 00:00:00,1.9263782078214247
2022-11-01 00:00:00,1.9263782078214247
2022-11-02 00:00:00,1.9263782078214247
2022-11-03 00:00:00,1.9263782078214247
2022-11-04 00:00:00,1.9263782078214247
2022-11-07 00:00:00,1.9263782078214247
2022-11-08 00:00:00,1.9263782078214247
2022-11-09 00:00:00,1.9263782078214247
2022-11-10 00:00:00,1.9263782078214247
2022-11-11 00:00:00,1.9263782078214247
2022-11-14 00:00:00,1.9263782078214247
2022-11-15 00:00:00,1.9263782078214247
2022-11-16 00:00:00,1.9263782078214247
2022-11-17 00:00:00,1.93729884856001
2022-11-18 00:00:00,1.945937133165399
2022-11-21 00:00:00,1.943221418272735
2022-11-22 00:00:00,1.9647737939102605
2022-11-23 00:00:00,1.9656694020131606
2022-11-25 00:00:00,1.9726031421646433
2022-11-28 00:00:00,1.9463416013409023
2022-11-29 00:00:00,1.9506751889355791
2022-11-30 00:00:00,1.9812125361860677
2022-12-01 00:00:00,1.9788146177170132
2022-12-02 00:00:00,1.9801146939954162
2022-12-05 00:00:00,1.9464282730927958
2022-12-06 00:00:00,1.930914029503853
2022-12-07 00:00:00,1.9293539379697695
2022-12-08 00:00:00,1.9396678764450999
2022-12-09 00:00:00,1.9253092562147378
2022-12-12 00:00:00,1.9394656423573482
2022-12-13 00:00:00,1.947179428275873
2022-12-14 00:00:00,1.9409968433074674
2022-12-15 00:00:00,1.911037307736269
2022-12-16 00:00:00,1.891447758373292
2022-12-19 00:00:00,1.891447758373292
2022-12-20 00:00:00,1.891447758373292
2022-12-21 00:00:00,1.891447758373292
2022-12-22 00:00:00,1.891447758373292
2022-12-23 00:00:00,1.891447758373292
2022-12-27 00:00:00,1.891447758373292
2022-12-28 00:00:00,1.891447758373292
2022-12-29 00:00:00,1.891447758373292
2022-12-30 00:00:00,1.891447758373292
2023-01-03 00:00:00,1.891447758373292
2023-01-04 00:00:00,1.891447758373292
2023-01-05 00:00:00,1.891447758373292
2023-01-06 00:00:00,1.891447758373292
2023-01-09 00:00:00,1.891447758373292
2023-01-10 00:00:00,1.891447758373292
2023-01-11 00:00:00,1.9051651690360576
2023-01-12 00:00:00,1.9215027592636205
2023-01-13 00:00:00,1.9303265992686014
2023-01-17 00:00:00,1.9264348619738285
2023-01-18 00:00:00,1.9026991176809536
2023-01-19 00:00:00,1.8843578607273685
2023-01-20 00:00:00,1.913179835940145
2023-01-23 00:00:00,1.9362990673942437
2023-01-24 00:00:00,1.930365131321025
2023-01-25 00:00:00,1.9349504455594218
2023-01-26 00:00:00,1.9502862024239735
2023-01-27 00:00:00,1.9572990359650504
2023-01-30 00:00:00,1.9369541122854435
2023-01-31 00:00:00,1.9808035879433845
2023-02-01 00:00:00,2.010665928571595
2023-02-02 00:00:00,2.0323209420336017
2023-02-03 00:00:00,2.019990685258082
2023-02-06 00:00:00,1.9980659474291116
2023-02-07 00:00:00,2.0122842747733825
2023-02-08 00:00:00,1.9897044920532125
2023-02-09 00:00:00,1.9671247093330424
2023-02-10 00:00:00,1.9714402992044742
2023-02-13 00:00:00,1.9937503575576798
2023-02-14 00:00:00,1.9946751268158436
2023-02-15 00:00:00,2.007159511801057
2023-02-16 00:00:00,1.9935576972955622
2023-02-17 00:00:00,1.9910916459404586
2023-02-21 00:00:00,1.9457394202380007
2023-02-22 00:00:00,1.9480128113309874
2023-02-23 00:00:00,1.9568366513359683
2023-02-24 00:00:00,1.9455082279234597
2023-02-27 00:00:00,1.95013207421428
2023-02-28 00:00:00,1.9461247407622357
2023-03-01 00:00:00,1.9504788626860914
2023-03-02 00:00:00,1.9612678373646708
2023-03-03 00:00:00,1.979994414842491
2023-03-06 00:00:00,1.957106375702933
2023-03-07 00:00:00,1.9351816378739628
2023-03-08 00:00:00,1.93703117639029
2023-03-09 00:00:00,1.8931817007323495
2023-03-10 00:00:00,1.8428588402672608
2023-03-13 00:00:00,1.809204082562603
2023-03-14 00:00:00,1.809204082562603
2023-03-15 00:00:00,1.809204082562603
2023-03-16 00:00:00,1.809204082562603
2023-03-17 00:00:00,1.809204082562603
2023-03-20 00:00:00,1.809204082562603
2023-03-21 00:00:00,1.809204082562603
2023-03-22 00:00:00,1.809204082562603
2023-03-23 00:00:00,1.809204082562603
2023-03-24 00:00:00,1.809204082562603
2023-03-27 00:00:00,1.809204082562603
2023-03-28 00:00:00,1.809204082562603
2023-03-29 00:00:00,1.809204082562603
2023-03-30 00:00:00,1.809204082562603
2023-03-31 00:00:00,1.809204082562603
2023-04-03 00:00:00,1.809204082562603
2023-04-04 00:00:00,1.809204082562603
2023-04-05 00:00:00,1.8061793081956008
2023-04-06 00:00:00,1.8038606568530366
2023-04-10 00:00:00,1.8038606568530366
2023-04-11 00:00:00,1.8038606568530366
2023-04-12 00:00:00,1.8038606568530366
2023-04-13 00:00:00,1.8038606568530366
2023-04-14 00:00:00,1.8038606568530366
2023-04-17 00:00:00,1.8038606568530366
2023-04-18 00:00:00,1.8038606568530366
2023-04-19 00:00:00,1.8038606568530366
2023-04-20 00:00:00,1.8038606568530366
2023-04-21 00:00:00,1.8038606568530366
2023-04-24 00:00:00,1.8038606568530366
2023-04-25 00:00:00,1.8038606568530366
2023-04-26 00:00:00,1.8038606568530366
2023-04-27 00:00:00,1.8038606568530366
2023-04-28 00:00:00,1.8038606568530366
2023-05-01 00:00:00,1.8038606568530366
2023-05-02 00:00:00,1.8038606568530366
2023-05-03 00:00:00,1.8038606568530366
2023-05-04 00:00:00,1.8038606568530366
2023-05-05 00:00:00,1.8038606568530366
2023-05-08 00:00:00,1.8038606568530366
2023-05-09 00:00:00,1.8038606568530366
2023-05-10 00:00:00,1.8038606568530366
2023-05-11 00:00:00,1.8038606568530366
2023-05-12 00:00:00,1.8038606568530366
2023-05-15 00:00:00,1.8038606568530366
2023-05-16 00:00:00,1.8038606568530366
2023-05-17 00:00:00,1.8038606568530366
2023-05-18 00:00:00,1.8038606568530366
2023-05-19 00:00:00,1.8038606568530366
2023-05-22 00:00:00,1.8038606568530366
2023-05-23 00:00:00,1.8038606568530366
2023-05-24 00:00:00,1.8038606568530366
2023-05-25 00:00:00,1.8038606568530366
2023-05-26 00:00:00,1.8038606568530366
2023-05-30 00:00:00,1.8038606568530366
2023-05-31 00:00:00,1.8038606568530366
2023-06-01 00:00:00,1.8038606568530366
2023-06-02 00:00:00,1.8038606568530366
2023-06-05 00:00:00,1.8038606568530366
2023-06-06 00:00:00,1.8038606568530366
2023-06-07 00:00:00,1.8038606568530366
2023-06-08 00:00:00,1.799129748714421
2023-06-09 00:00:00,1.7879371123864776
2023-06-12 00:00:00,1.7978604806772318
2023-06-13 00:00:00,1.8170918145740425
2023-06-14 00:00:00,1.8062838049240348
2023-06-15 00:00:00,1.824015094776894
2023-06-16 00:00:00,1.809822370361048
2023-06-20 00:00:00,1.7964373619688678
2023-06-21 00:00:00,1.7943603779080122
2023-06-22 00:00:00,1.7849370242985751
2023-06-23 00:00:00,1.7640133330188452
2023-06-26 00:00:00,1.7790137734583573
2023-06-27 00:00:00,1.8070530582799074
2023-06-28 00:00:00,1.8074376849578435
2023-06-29 00:00:00,1.829399868268001
2023-06-30 00:00:00,1.8420156233043088
2023-07-03 00:00:00,1.8446695473820687
2023-07-05 00:00:00,1.8302845096272542
2023-07-06 00:00:00,1.809706982357667
2023-07-07 00:00:00,1.8277459735528752
2023-07-10 00:00:00,1.8510543502358099
2023-07-11 00:00:00,1.8711703254918737
2023-07-12 00:00:00,1.8852476619043386
2023-07-13 00:00:00,1.8949402541883316
2023-07-14 00:00:00,1.8765550989829802
2023-07-17 00:00:00,1.8891323913514948
2023-07-18 00:00:00,1.9077867852314008
2023-07-19 00:00:00,1.914171588085142
2023-07-20 00:00:00,1.9034405037707216
2023-07-21 00:00:00,1.8994403863201852
2023-07-24 00:00:00,1.9022866237369132
2023-07-25 00:00:00,1.9055944131671645
2023-07-26 00:00:00,1.915594706793506
2023-07-27 00:00:00,1.8919786287682225
2023-07-28 00:00:00,1.9073252332178774
2023-07-31 00:00:00,1.916710124159521
2023-08-01 00:00:00,1.9114407386717949
2023-08-02 00:00:00,1.8893631673582563
2023-08-03 00:00:00,1.8834783791858325
2023-08-04 00:00:00,1.8842476325417048
2023-08-07 00:00:00,1.8979018796084404
2023-08-08 00:00:00,1.8818629471385002
2023-08-09 00:00:00,1.8726319068680313
2023-08-10 00:00:00,1.8701702961292395
2023-08-11 00:00:00,1.8697472067835097
2023-08-14 00:00:00,1.8729011455425864
2023-08-15 00:00:00,1.8477080981377645
2023-08-16 00:00:00,1.8305537483018097
2023-08-17 00:00:00,1.8067838196053518
2023-08-18 00:00:00,1.8130147717879184
2023-08-21 00:00:00,1.8145148158318696
2023-08-22 00:00:00,1.8061684169206538
2023-08-23 00:00:00,1.826476705515686
2023-08-24 00:00:00,1.8067068942697646
2023-08-25 00:00:00,1.8142071144895209
2023-08-28 00:00:00,1.8300921962882863
2023-08-29 00:00:00,1.855477557032076
2023-08-30 00:00:00,1.8586314957911532
2023-08-31 00:00:00,1.859939226496136
2023-09-01 00:00:00,1.8785936203760425
2023-09-05 00:00:00,1.8349769550980761
2023-09-06 00:00:00,1.8291306295934457
2023-09-07 00:00:00,1.8134378611336486
2023-09-08 00:00:00,1.811937817089697
2023-09-11 00:00:00,1.8137070998082034
2023-09-12 00:00:00,1.8142071144895209
2023-09-13 00:00:00,1.8032837168361322
2023-09-14 00:00:00,1.8270921082003837
2023-09-15 00:00:00,1.8021298368023237
2023-09-18 00:00:00,1.799129748714421
2023-09-19 00:00:00,1.7955142579418206
2023-09-20 00:00:00,1.785360113644305
2023-09-21 00:00:00,1.7744074997484602
2023-09-22 00:00:00,1.7744074997484602
2023-09-25 00:00:00,1.7744074997484602
2023-09-26 00:00:00,1.7744074997484602
2023-09-27 00:00:00,1.7744074997484602
2023-09-28 00:00:00,1.7744074997484602
2023-09-29 00:00:00,1.7744074997484602
2023-10-02 00:00:00,1.7744074997484602
2023-10-03 00:00:00,1.7744074997484602
2023-10-04 00:00:00,1.7744074997484602
2023-10-05 00:00:00,1.7744074997484602
2023-10-06 00:00:00,1.7744074997484602
2023-10-09 00:00:00,1.7744074997484602
2023-10-10 00:00:00,1.7744074997484602
2023-10-11 00:00:00,1.7744074997484602
2023-10-12 00:00:00,1.7744074997484602
2023-10-13 00:00:00,1.7744074997484602
2023-10-16 00:00:00,1.7744074997484602
2023-10-17 00:00:00,1.7744074997484602
2023-10-18 00:00:00,1.7744074997484602
2023-10-19 00:00:00,1.7744074997484602
2023-10-20 00:00:00,1.7744074997484602
2023-10-23 00:00:00,1.7744074997484602
2023-10-24 00:00:00,1.7744074997484602
2023-10-25 00:00:00,1.7744074997484602
2023-10-26 00:00:00,1.7744074997484602
2023-10-27 00:00:00,1.7744074997484602
2023-10-30 00:00:00,1.7744074997484602
2023-10-31 00:00:00,1.7744074997484602
2023-11-01 00:00:00,1.7744074997484602
2023-11-02 00:00:00,1.7744074997484602
2023-11-03 00:00:00,1.7744074997484602
2023-11-06 00:00:00,1.7744074997484602
2023-11-07 00:00:00,1.7744074997484602
2023-11-08 00:00:00,1.7744074997484602
2023-11-09 00:00:00,1.7744074997484602
2023-11-10 00:00:00,1.7744074997484602
2023-11-13 00:00:00,1.7744074997484602
2023-11-14 00:00:00,1.7744074997484602
2023-11-15 00:00:00,1.7744074997484602
2023-11-16 00:00:00,1.7744074997484602
2023-11-17 00:00:00,1.7744074997484602
2023-11-20 00:00:00,1.7744074997484602
2023-11-21 00:00:00,1.7744074997484602
2023-11-22 00:00:00,1.7744074997484602
2023-11-24 00:00:00,1.7744074997484602
2023-11-27 00:00:00,1.7783291628792917
2023-11-28 00:00:00,1.7673704967473416
2023-11-29 00:00:00,1.7738210828317003
2023-11-30 00:00:00,1.783277055614453
2023-12-01 00:00:00,1.8249126567044038
2023-12-04 00:00:00,1.838620152133666
2023-12-05 00:00:00,1.8157865434373284
2023-12-06 00:00:00,1.8123046929940667
2023-12-07 00:00:00,1.822090525292497
2023-12-08 00:00:00,1.8298972004968626
2023-12-11 00:00:00,1.8390599648212356
2023-12-12 00:00:00,1.8362378334093286
2023-12-13 00:00:00,1.8807688680257812
2023-12-14 00:00:00,1.924273673037904
2023-12-15 00:00:00,1.8996441625339897
2023-12-18 00:00:00,1.9018065749145416
2023-12-19 00:00:00,1.9260329237881837
2023-12-20 00:00:00,1.8961989631480252
2023-12-21 00:00:00,1.921671447969782
2023-12-22 00:00:00,1.9286351488563054
2023-12-26 00:00:00,1.9425992016866496
2023-12-27 00:00:00,1.9436987334055746
2023-12-28 00:00:00,1.9425992016866496
2023-12-29 00:00:00,1.924566881496284
