date,combined_equity
2007-04-11 00:00:00,1.0
2007-04-12 00:00:00,1.0
2007-04-13 00:00:00,1.0
2007-04-16 00:00:00,1.0
2007-04-17 00:00:00,1.0
2007-04-18 00:00:00,1.0
2007-04-19 00:00:00,1.0
2007-04-20 00:00:00,1.0
2007-04-23 00:00:00,1.0
2007-04-24 00:00:00,1.0
2007-04-25 00:00:00,1.0
2007-04-26 00:00:00,1.0
2007-04-27 00:00:00,1.0
2007-04-30 00:00:00,1.0
2007-05-01 00:00:00,1.0
2007-05-02 00:00:00,1.0
2007-05-03 00:00:00,1.0
2007-05-04 00:00:00,1.0
2007-05-07 00:00:00,1.0
2007-05-08 00:00:00,1.0
2007-05-09 00:00:00,1.0
2007-05-10 00:00:00,1.0
2007-05-11 00:00:00,1.0
2007-05-14 00:00:00,1.0
2007-05-15 00:00:00,1.0
2007-05-16 00:00:00,1.0
2007-05-17 00:00:00,1.0
2007-05-18 00:00:00,1.0
2007-05-21 00:00:00,1.0
2007-05-22 00:00:00,1.0
2007-05-23 00:00:00,1.0
2007-05-24 00:00:00,1.0
2007-05-25 00:00:00,1.0
2007-05-29 00:00:00,1.0
2007-05-30 00:00:00,1.0
2007-05-31 00:00:00,1.0
2007-06-01 00:00:00,1.0
2007-06-04 00:00:00,1.0
2007-06-05 00:00:00,1.0
2007-06-06 00:00:00,1.0
2007-06-07 00:00:00,1.0
2007-06-08 00:00:00,1.0
2007-06-11 00:00:00,1.0
2007-06-12 00:00:00,1.0
2007-06-13 00:00:00,1.0
2007-06-14 00:00:00,1.0
2007-06-15 00:00:00,1.0
2007-06-18 00:00:00,1.0
2007-06-19 00:00:00,1.0
2007-06-20 00:00:00,1.0
2007-06-21 00:00:00,1.0
2007-06-22 00:00:00,1.0
2007-06-25 00:00:00,1.0
2007-06-26 00:00:00,1.0
2007-06-27 00:00:00,1.0
2007-06-28 00:00:00,1.0
2007-06-29 00:00:00,1.0
2007-07-02 00:00:00,1.0
2007-07-03 00:00:00,1.0
2007-07-05 00:00:00,1.0
2007-07-06 00:00:00,1.0
2007-07-09 00:00:00,1.0
2007-07-10 00:00:00,1.0
2007-07-11 00:00:00,1.0
2007-07-12 00:00:00,1.0
2007-07-13 00:00:00,1.0
2007-07-16 00:00:00,1.0
2007-07-17 00:00:00,1.0
2007-07-18 00:00:00,1.0
2007-07-19 00:00:00,1.0
2007-07-20 00:00:00,1.0
2007-07-23 00:00:00,1.0
2007-07-24 00:00:00,1.0
2007-07-25 00:00:00,1.0
2007-07-26 00:00:00,1.0
2007-07-27 00:00:00,1.0
2007-07-30 00:00:00,1.0
2007-07-31 00:00:00,1.0
2007-08-01 00:00:00,1.0
2007-08-02 00:00:00,1.0
2007-08-03 00:00:00,1.0
2007-08-06 00:00:00,1.0
2007-08-07 00:00:00,1.0
2007-08-08 00:00:00,1.0
2007-08-09 00:00:00,1.0
2007-08-10 00:00:00,1.0
2007-08-13 00:00:00,1.0
2007-08-14 00:00:00,1.0
2007-08-15 00:00:00,1.0
2007-08-16 00:00:00,1.0
2007-08-17 00:00:00,1.0
2007-08-20 00:00:00,1.0
2007-08-21 00:00:00,1.0
2007-08-22 00:00:00,1.0
2007-08-23 00:00:00,1.0
2007-08-24 00:00:00,1.0
2007-08-27 00:00:00,1.0
2007-08-28 00:00:00,1.0
2007-08-29 00:00:00,1.0
2007-08-30 00:00:00,1.0
2007-08-31 00:00:00,1.0
2007-09-04 00:00:00,1.0
2007-09-05 00:00:00,1.0
2007-09-06 00:00:00,1.0
2007-09-07 00:00:00,1.0
2007-09-10 00:00:00,1.0
2007-09-11 00:00:00,1.0
2007-09-12 00:00:00,1.0
2007-09-13 00:00:00,1.0
2007-09-14 00:00:00,1.0
2007-09-17 00:00:00,1.0
2007-09-18 00:00:00,1.0
2007-09-19 00:00:00,1.0
2007-09-20 00:00:00,1.0
2007-09-21 00:00:00,1.0
2007-09-24 00:00:00,1.0
2007-09-25 00:00:00,1.0
2007-09-26 00:00:00,1.0
2007-09-27 00:00:00,1.0
2007-09-28 00:00:00,1.0
2007-10-01 00:00:00,1.0
2007-10-02 00:00:00,1.0
2007-10-03 00:00:00,1.0
2007-10-04 00:00:00,1.0
2007-10-05 00:00:00,1.0
2007-10-08 00:00:00,1.0
2007-10-09 00:00:00,1.0
2007-10-10 00:00:00,1.0
2007-10-11 00:00:00,1.0
2007-10-12 00:00:00,1.0
2007-10-15 00:00:00,1.0
2007-10-16 00:00:00,1.0
2007-10-17 00:00:00,1.0
2007-10-18 00:00:00,1.0
2007-10-19 00:00:00,1.0
2007-10-22 00:00:00,1.0
2007-10-23 00:00:00,1.0
2007-10-24 00:00:00,1.0
2007-10-25 00:00:00,1.0
2007-10-26 00:00:00,1.0
2007-10-29 00:00:00,1.0
2007-10-30 00:00:00,1.0
2007-10-31 00:00:00,1.0
2007-11-01 00:00:00,1.0
2007-11-02 00:00:00,1.0
2007-11-05 00:00:00,1.0
2007-11-06 00:00:00,1.0
2007-11-07 00:00:00,1.0
2007-11-08 00:00:00,1.0
2007-11-09 00:00:00,1.0
2007-11-12 00:00:00,1.0
2007-11-13 00:00:00,1.0
2007-11-14 00:00:00,1.0
2007-11-15 00:00:00,1.0
2007-11-16 00:00:00,1.0
2007-11-19 00:00:00,1.0
2007-11-20 00:00:00,1.0
2007-11-21 00:00:00,1.0
2007-11-23 00:00:00,1.0
2007-11-26 00:00:00,1.0
2007-11-27 00:00:00,1.0
2007-11-28 00:00:00,1.0
2007-11-29 00:00:00,1.0
2007-11-30 00:00:00,1.0
2007-12-03 00:00:00,1.0
2007-12-04 00:00:00,1.0
2007-12-05 00:00:00,1.0
2007-12-06 00:00:00,1.0
2007-12-07 00:00:00,1.0
2007-12-10 00:00:00,1.0
2007-12-11 00:00:00,1.0
2007-12-12 00:00:00,1.0
2007-12-13 00:00:00,1.0
2007-12-14 00:00:00,1.0
2007-12-17 00:00:00,1.0
2007-12-18 00:00:00,1.0
2007-12-19 00:00:00,1.0
2007-12-20 00:00:00,1.0
2007-12-21 00:00:00,1.0
2007-12-24 00:00:00,1.0
2007-12-26 00:00:00,1.0
2007-12-27 00:00:00,1.0
2007-12-28 00:00:00,1.0
2007-12-31 00:00:00,1.0
2008-01-02 00:00:00,1.0
2008-01-03 00:00:00,1.0
2008-01-04 00:00:00,1.0
2008-01-07 00:00:00,1.0
2008-01-08 00:00:00,1.0
2008-01-09 00:00:00,1.0
2008-01-10 00:00:00,1.0
2008-01-11 00:00:00,1.0
2008-01-14 00:00:00,1.0
2008-01-15 00:00:00,1.0
2008-01-16 00:00:00,1.0
2008-01-17 00:00:00,1.0
2008-01-18 00:00:00,1.0
2008-01-22 00:00:00,1.0
2008-01-23 00:00:00,1.0
2008-01-24 00:00:00,1.0
2008-01-25 00:00:00,1.0
2008-01-28 00:00:00,1.0
2008-01-29 00:00:00,1.0
2008-01-30 00:00:00,1.0
2008-01-31 00:00:00,1.0
2008-02-01 00:00:00,1.0
2008-02-04 00:00:00,1.0
2008-02-05 00:00:00,1.0
2008-02-06 00:00:00,1.0
2008-02-07 00:00:00,1.0
2008-02-08 00:00:00,1.0
2008-02-11 00:00:00,1.0
2008-02-12 00:00:00,1.0
2008-02-13 00:00:00,1.0
2008-02-14 00:00:00,1.0
2008-02-15 00:00:00,1.0
2008-02-19 00:00:00,1.0
2008-02-20 00:00:00,1.0
2008-02-21 00:00:00,1.0
2008-02-22 00:00:00,1.0
2008-02-25 00:00:00,1.0
2008-02-26 00:00:00,1.0
2008-02-27 00:00:00,1.0
2008-02-28 00:00:00,1.0
2008-02-29 00:00:00,1.0
2008-03-03 00:00:00,1.0
2008-03-04 00:00:00,1.0
2008-03-05 00:00:00,1.0
2008-03-06 00:00:00,1.0
2008-03-07 00:00:00,1.0
2008-03-10 00:00:00,1.0
2008-03-11 00:00:00,1.0
2008-03-12 00:00:00,1.0
2008-03-13 00:00:00,1.0
2008-03-14 00:00:00,1.0
2008-03-17 00:00:00,1.0
2008-03-18 00:00:00,1.0
2008-03-19 00:00:00,1.0
2008-03-20 00:00:00,1.0
2008-03-24 00:00:00,1.0
2008-03-25 00:00:00,1.0
2008-03-26 00:00:00,1.0
2008-03-27 00:00:00,1.0
2008-03-28 00:00:00,1.0
2008-03-31 00:00:00,1.0
2008-04-01 00:00:00,1.0
2008-04-02 00:00:00,1.0
2008-04-03 00:00:00,1.0
2008-04-04 00:00:00,1.0
2008-04-07 00:00:00,1.0
2008-04-08 00:00:00,1.0
2008-04-09 00:00:00,1.0
2008-04-10 00:00:00,1.0
2008-04-11 00:00:00,1.0
2008-04-14 00:00:00,1.0
2008-04-15 00:00:00,1.0
2008-04-16 00:00:00,1.0
2008-04-17 00:00:00,1.0
2008-04-18 00:00:00,1.0
2008-04-21 00:00:00,1.0
2008-04-22 00:00:00,1.0
2008-04-23 00:00:00,1.0
2008-04-24 00:00:00,1.0
2008-04-25 00:00:00,1.0
2008-04-28 00:00:00,1.0
2008-04-29 00:00:00,1.0
2008-04-30 00:00:00,1.0
2008-05-01 00:00:00,1.0
2008-05-02 00:00:00,1.0
2008-05-05 00:00:00,1.0
2008-05-06 00:00:00,1.0
2008-05-07 00:00:00,1.0
2008-05-08 00:00:00,1.0
2008-05-09 00:00:00,1.0
2008-05-12 00:00:00,1.0
2008-05-13 00:00:00,1.0
2008-05-14 00:00:00,1.0
2008-05-15 00:00:00,1.0
2008-05-16 00:00:00,1.0
2008-05-19 00:00:00,1.0
2008-05-20 00:00:00,1.0
2008-05-21 00:00:00,1.0
2008-05-22 00:00:00,1.0
2008-05-23 00:00:00,1.0
2008-05-27 00:00:00,1.0
2008-05-28 00:00:00,1.0
2008-05-29 00:00:00,1.0
2008-05-30 00:00:00,1.0
2008-06-02 00:00:00,1.0
2008-06-03 00:00:00,1.0
2008-06-04 00:00:00,1.0
2008-06-05 00:00:00,1.0
2008-06-06 00:00:00,1.0
2008-06-09 00:00:00,1.0
2008-06-10 00:00:00,1.0
2008-06-11 00:00:00,1.0
2008-06-12 00:00:00,1.0
2008-06-13 00:00:00,1.0
2008-06-16 00:00:00,1.0
2008-06-17 00:00:00,1.0
2008-06-18 00:00:00,1.0
2008-06-19 00:00:00,1.0
2008-06-20 00:00:00,1.0
2008-06-23 00:00:00,1.0
2008-06-24 00:00:00,1.0
2008-06-25 00:00:00,1.0
2008-06-26 00:00:00,1.0
2008-06-27 00:00:00,1.0
2008-06-30 00:00:00,1.0
2008-07-01 00:00:00,1.0
2008-07-02 00:00:00,1.0
2008-07-03 00:00:00,1.0
2008-07-07 00:00:00,1.0
2008-07-08 00:00:00,1.0
2008-07-09 00:00:00,1.0
2008-07-10 00:00:00,1.0
2008-07-11 00:00:00,1.0
2008-07-14 00:00:00,1.0
2008-07-15 00:00:00,1.0
2008-07-16 00:00:00,1.0
2008-07-17 00:00:00,1.0
2008-07-18 00:00:00,1.0
2008-07-21 00:00:00,1.0
2008-07-22 00:00:00,1.0
2008-07-23 00:00:00,1.0
2008-07-24 00:00:00,1.0
2008-07-25 00:00:00,1.0
2008-07-28 00:00:00,1.0
2008-07-29 00:00:00,1.0
2008-07-30 00:00:00,1.0
2008-07-31 00:00:00,1.0
2008-08-01 00:00:00,1.0
2008-08-04 00:00:00,1.0
2008-08-05 00:00:00,1.0
2008-08-06 00:00:00,1.0
2008-08-07 00:00:00,1.0
2008-08-08 00:00:00,1.0
2008-08-11 00:00:00,1.0
2008-08-12 00:00:00,1.0
2008-08-13 00:00:00,1.0
2008-08-14 00:00:00,1.0
2008-08-15 00:00:00,1.0
2008-08-18 00:00:00,1.0
2008-08-19 00:00:00,1.0
2008-08-20 00:00:00,1.0
2008-08-21 00:00:00,1.0
2008-08-22 00:00:00,1.0
2008-08-25 00:00:00,1.0
2008-08-26 00:00:00,1.0
2008-08-27 00:00:00,1.0
2008-08-28 00:00:00,1.0
2008-08-29 00:00:00,1.0
2008-09-02 00:00:00,1.0
2008-09-03 00:00:00,1.0
2008-09-04 00:00:00,1.0
2008-09-05 00:00:00,1.0
2008-09-08 00:00:00,1.0
2008-09-09 00:00:00,1.0
2008-09-10 00:00:00,1.0
2008-09-11 00:00:00,1.0
2008-09-12 00:00:00,1.0
2008-09-15 00:00:00,1.0
2008-09-16 00:00:00,1.0
2008-09-17 00:00:00,1.0
2008-09-18 00:00:00,1.0
2008-09-19 00:00:00,1.0
2008-09-22 00:00:00,1.0
2008-09-23 00:00:00,1.0
2008-09-24 00:00:00,1.0
2008-09-25 00:00:00,1.0
2008-09-26 00:00:00,1.0
2008-09-29 00:00:00,1.0
2008-09-30 00:00:00,1.0
2008-10-01 00:00:00,1.0
2008-10-02 00:00:00,1.0
2008-10-03 00:00:00,1.0
2008-10-06 00:00:00,1.0
2008-10-07 00:00:00,1.0
2008-10-08 00:00:00,1.0
2008-10-09 00:00:00,1.0
2008-10-10 00:00:00,1.0
2008-10-13 00:00:00,1.0
2008-10-14 00:00:00,1.0
2008-10-15 00:00:00,1.0
2008-10-16 00:00:00,1.0
2008-10-17 00:00:00,1.0
2008-10-20 00:00:00,1.0
2008-10-21 00:00:00,1.0
2008-10-22 00:00:00,1.0
2008-10-23 00:00:00,1.0
2008-10-24 00:00:00,1.0
2008-10-27 00:00:00,1.0
2008-10-28 00:00:00,1.0
2008-10-29 00:00:00,1.0
2008-10-30 00:00:00,1.0
2008-10-31 00:00:00,1.0
2008-11-03 00:00:00,1.0
2008-11-04 00:00:00,1.0
2008-11-05 00:00:00,1.0
2008-11-06 00:00:00,1.0
2008-11-07 00:00:00,1.0
2008-11-10 00:00:00,1.0
2008-11-11 00:00:00,1.0
2008-11-12 00:00:00,1.0
2008-11-13 00:00:00,1.0
2008-11-14 00:00:00,1.0
2008-11-17 00:00:00,1.0
2008-11-18 00:00:00,1.0
2008-11-19 00:00:00,1.0
2008-11-20 00:00:00,1.0
2008-11-21 00:00:00,1.0
2008-11-24 00:00:00,1.0
2008-11-25 00:00:00,1.0
2008-11-26 00:00:00,1.0
2008-11-28 00:00:00,1.0
2008-12-01 00:00:00,1.0
2008-12-02 00:00:00,1.0
2008-12-03 00:00:00,1.0
2008-12-04 00:00:00,1.0
2008-12-05 00:00:00,1.0
2008-12-08 00:00:00,1.0
2008-12-09 00:00:00,1.0
2008-12-10 00:00:00,1.0
2008-12-11 00:00:00,1.0
2008-12-12 00:00:00,1.0
2008-12-15 00:00:00,1.0
2008-12-16 00:00:00,1.0
2008-12-17 00:00:00,1.0
2008-12-18 00:00:00,1.0
2008-12-19 00:00:00,1.0
2008-12-22 00:00:00,1.0
2008-12-23 00:00:00,1.0
2008-12-24 00:00:00,1.0
2008-12-26 00:00:00,1.0
2008-12-29 00:00:00,1.0
2008-12-30 00:00:00,1.0
2008-12-31 00:00:00,1.0
2009-01-02 00:00:00,1.0
2009-01-05 00:00:00,1.0
2009-01-06 00:00:00,1.0
2009-01-07 00:00:00,1.0
2009-01-08 00:00:00,1.0
2009-01-09 00:00:00,1.0
2009-01-12 00:00:00,1.0
2009-01-13 00:00:00,1.0
2009-01-14 00:00:00,1.0
2009-01-15 00:00:00,1.0
2009-01-16 00:00:00,1.0
2009-01-20 00:00:00,1.0
2009-01-21 00:00:00,1.0
2009-01-22 00:00:00,1.0
2009-01-23 00:00:00,1.0
2009-01-26 00:00:00,1.0
2009-01-27 00:00:00,1.0
2009-01-28 00:00:00,1.0
2009-01-29 00:00:00,1.0
2009-01-30 00:00:00,1.0
2009-02-02 00:00:00,1.0
2009-02-03 00:00:00,1.0
2009-02-04 00:00:00,1.0
2009-02-05 00:00:00,1.0
2009-02-06 00:00:00,1.0
2009-02-09 00:00:00,1.0
2009-02-10 00:00:00,1.0
2009-02-11 00:00:00,1.0
2009-02-12 00:00:00,1.0
2009-02-13 00:00:00,1.0
2009-02-17 00:00:00,1.0
2009-02-18 00:00:00,1.0
2009-02-19 00:00:00,1.0
2009-02-20 00:00:00,1.0
2009-02-23 00:00:00,1.0
2009-02-24 00:00:00,1.0
2009-02-25 00:00:00,1.0
2009-02-26 00:00:00,1.0
2009-02-27 00:00:00,1.0
2009-03-02 00:00:00,1.0
2009-03-03 00:00:00,1.0
2009-03-04 00:00:00,1.0
2009-03-05 00:00:00,1.0
2009-03-06 00:00:00,1.0
2009-03-09 00:00:00,1.0
2009-03-10 00:00:00,1.0
2009-03-11 00:00:00,1.0
2009-03-12 00:00:00,1.0
2009-03-13 00:00:00,1.0
2009-03-16 00:00:00,1.0
2009-03-17 00:00:00,1.0
2009-03-18 00:00:00,1.0
2009-03-19 00:00:00,1.0
2009-03-20 00:00:00,1.0
2009-03-23 00:00:00,1.0
2009-03-24 00:00:00,1.0
2009-03-25 00:00:00,1.0
2009-03-26 00:00:00,1.0
2009-03-27 00:00:00,1.0
2009-03-30 00:00:00,1.0
2009-03-31 00:00:00,1.0
2009-04-01 00:00:00,1.0
2009-04-02 00:00:00,1.0
2009-04-03 00:00:00,1.0
2009-04-06 00:00:00,1.0
2009-04-07 00:00:00,1.0
2009-04-08 00:00:00,1.0
2009-04-09 00:00:00,1.0
2009-04-13 00:00:00,1.0
2009-04-14 00:00:00,1.0
2009-04-15 00:00:00,1.0
2009-04-16 00:00:00,1.0
2009-04-17 00:00:00,1.0
2009-04-20 00:00:00,1.0
2009-04-21 00:00:00,1.0
2009-04-22 00:00:00,1.0
2009-04-23 00:00:00,1.0
2009-04-24 00:00:00,1.0
2009-04-27 00:00:00,1.0
2009-04-28 00:00:00,1.0
2009-04-29 00:00:00,1.0
2009-04-30 00:00:00,1.0
2009-05-01 00:00:00,1.0
2009-05-04 00:00:00,1.0
2009-05-05 00:00:00,1.0
2009-05-06 00:00:00,1.0
2009-05-07 00:00:00,1.0
2009-05-08 00:00:00,1.0
2009-05-11 00:00:00,1.0
2009-05-12 00:00:00,1.0
2009-05-13 00:00:00,1.0
2009-05-14 00:00:00,1.0
2009-05-15 00:00:00,1.0
2009-05-18 00:00:00,1.0
2009-05-19 00:00:00,1.0
2009-05-20 00:00:00,1.0
2009-05-21 00:00:00,1.0
2009-05-22 00:00:00,1.0
2009-05-26 00:00:00,1.0
2009-05-27 00:00:00,1.0
2009-05-28 00:00:00,1.0
2009-05-29 00:00:00,1.0
2009-06-01 00:00:00,1.0
2009-06-02 00:00:00,1.0
2009-06-03 00:00:00,1.0
2009-06-04 00:00:00,1.0
2009-06-05 00:00:00,1.0
2009-06-08 00:00:00,1.0
2009-06-09 00:00:00,1.0
2009-06-10 00:00:00,1.0
2009-06-11 00:00:00,1.0
2009-06-12 00:00:00,1.0
2009-06-15 00:00:00,1.0
2009-06-16 00:00:00,1.0
2009-06-17 00:00:00,1.0
2009-06-18 00:00:00,1.0
2009-06-19 00:00:00,1.0
2009-06-22 00:00:00,1.0
2009-06-23 00:00:00,1.0
2009-06-24 00:00:00,1.0
2009-06-25 00:00:00,1.0
2009-06-26 00:00:00,1.0
2009-06-29 00:00:00,1.0
2009-06-30 00:00:00,1.0
2009-07-01 00:00:00,1.0
2009-07-02 00:00:00,1.0
2009-07-06 00:00:00,1.0
2009-07-07 00:00:00,1.0
2009-07-08 00:00:00,1.0
2009-07-09 00:00:00,1.0
2009-07-10 00:00:00,1.0
2009-07-13 00:00:00,1.0
2009-07-14 00:00:00,1.0
2009-07-15 00:00:00,1.0
2009-07-16 00:00:00,1.0
2009-07-17 00:00:00,1.0
2009-07-20 00:00:00,1.0
2009-07-21 00:00:00,1.0019915359721185
2009-07-22 00:00:00,1.0032362459546924
2009-07-23 00:00:00,1.0134428678118
2009-07-24 00:00:00,1.0194174757281553
2009-07-27 00:00:00,1.0212845407020164
2009-07-28 00:00:00,1.0224047796863331
2009-07-29 00:00:00,1.0258899676375404
2009-07-30 00:00:00,1.034353995519044
2009-07-31 00:00:00,1.0511575802837938
2009-08-03 00:00:00,1.0443116753796367
2009-08-04 00:00:00,1.042071197411003
2009-08-05 00:00:00,1.0387104804580534
2009-08-06 00:00:00,1.0304953945730646
2009-08-07 00:00:00,1.037714712471994
2009-08-10 00:00:00,1.0424446104057754
2009-08-11 00:00:00,1.0399551904406272
2009-08-12 00:00:00,1.0373412994772218
2009-08-13 00:00:00,1.0241473736619366
2009-08-14 00:00:00,1.0190440627333832
2009-08-17 00:00:00,0.9941498630819019
2009-08-18 00:00:00,1.0113268608414239
2009-08-19 00:00:00,1.0154344037839182
2009-08-20 00:00:00,1.0123226288274831
2009-08-21 00:00:00,1.0261389096340552
2009-08-24 00:00:00,1.0207866567089867
2009-08-25 00:00:00,1.0206621857107294
2009-08-26 00:00:00,1.0246452576549663
2009-08-27 00:00:00,1.0194174757281553
2009-08-28 00:00:00,1.024520786656709
2009-08-31 00:00:00,1.0246452576549663
2009-09-01 00:00:00,1.0063480209111275
2009-09-02 00:00:00,1.0009957679860593
2009-09-03 00:00:00,1.0074682598954443
2009-09-04 00:00:00,1.0151854617874034
2009-09-08 00:00:00,1.0296240975852626
2009-09-09 00:00:00,1.019915359721185
2009-09-10 00:00:00,1.0357231764998753
2009-09-11 00:00:00,1.0455563853622105
2009-09-14 00:00:00,1.0468010953447846
2009-09-15 00:00:00,1.054269355240229
2009-09-16 00:00:00,1.0678366940502864
2009-09-17 00:00:00,1.0697037590241474
2009-09-18 00:00:00,1.0667164550659696
2009-09-21 00:00:00,1.0673388100572565
2009-09-22 00:00:00,1.0660941000746826
2009-09-23 00:00:00,1.069330346029375
2009-09-24 00:00:00,1.0713218820014936
2009-09-25 00:00:00,1.0678366940502864
2009-09-28 00:00:00,1.07630072193179
2009-09-29 00:00:00,1.0750560119492159
2009-09-30 00:00:00,1.0748070699527008
2009-10-01 00:00:00,1.0379636544685087
2009-10-02 00:00:00,1.038337067463281
2009-10-05 00:00:00,1.0522778192681106
2009-10-06 00:00:00,1.0486681603186456
2009-10-07 00:00:00,1.056385362210605
2009-10-08 00:00:00,1.0631067961165048
2009-10-09 00:00:00,1.0672143390589992
2009-10-12 00:00:00,1.0669653970624844
2009-10-13 00:00:00,1.0667164550659696
2009-10-14 00:00:00,1.0709484690067215
2009-10-15 00:00:00,1.0706995270102064
2009-10-16 00:00:00,1.0705750560119491
2009-10-19 00:00:00,1.070823998008464
2009-10-20 00:00:00,1.0728155339805825
2009-10-21 00:00:00,1.0746825989544435
2009-10-22 00:00:00,1.0828976848394323
2009-10-23 00:00:00,1.0810306198655713
2009-10-26 00:00:00,1.0816529748568584
2009-10-27 00:00:00,1.0731889469753546
2009-10-28 00:00:00,1.055514065222803
2009-10-29 00:00:00,1.0703261140154343
2009-10-30 00:00:00,1.0602439631565845
2009-11-02 00:00:00,1.059746079163555
2009-11-03 00:00:00,1.0621110281304456
2009-11-04 00:00:00,1.0637291511077918
2009-11-05 00:00:00,1.0646004480955937
2009-11-06 00:00:00,1.065596216081653
2009-11-09 00:00:00,1.0698282300224047
2009-11-10 00:00:00,1.0694548170276326
2009-11-11 00:00:00,1.0700771720189195
2009-11-12 00:00:00,1.0713218820014936
2009-11-13 00:00:00,1.0692058750311177
2009-11-16 00:00:00,1.0741847149614139
2009-11-17 00:00:00,1.073935772964899
2009-11-18 00:00:00,1.0711974110032363
2009-11-19 00:00:00,1.0734378889718694
2009-11-20 00:00:00,1.0731889469753546
2009-11-23 00:00:00,1.072068707991038
2009-11-24 00:00:00,1.0726910629823252
2009-11-25 00:00:00,1.0731889469753546
2009-11-27 00:00:00,1.0657206870799103
2009-11-30 00:00:00,1.0692058750311177
2009-12-01 00:00:00,1.0667164550659696
2009-12-02 00:00:00,1.0678366940502864
2009-12-03 00:00:00,1.0692058750311177
2009-12-04 00:00:00,1.073562359970127
2009-12-07 00:00:00,1.0749315409509583
2009-12-08 00:00:00,1.0761762509335324
2009-12-09 00:00:00,1.0761762509335324
2009-12-10 00:00:00,1.0815285038586009
2009-12-11 00:00:00,1.0821508588498878
2009-12-14 00:00:00,1.0908638287279064
2009-12-15 00:00:00,1.0897435897435896
2009-12-16 00:00:00,1.0922330097087378
2009-12-17 00:00:00,1.091610654717451
2009-12-18 00:00:00,1.0909882997261637
2009-12-21 00:00:00,1.0942245456808564
2009-12-22 00:00:00,1.096589494647747
2009-12-23 00:00:00,1.0992033856111525
2009-12-24 00:00:00,1.1033109285536469
2009-12-28 00:00:00,1.1000746825989542
2009-12-29 00:00:00,1.0870052277819267
2009-12-30 00:00:00,1.091610654717451
2009-12-31 00:00:00,1.0933532486930546
2010-01-04 00:00:00,1.1019417475728155
2010-01-05 00:00:00,1.1071695294996267
2010-01-06 00:00:00,1.110032362459547
2010-01-07 00:00:00,1.1145133183968137
2010-01-08 00:00:00,1.1162559123724172
2010-01-11 00:00:00,1.115260144386358
2010-01-12 00:00:00,1.1095344784665173
2010-01-13 00:00:00,1.1120238984316655
2010-01-14 00:00:00,1.1132686084142394
2010-01-15 00:00:00,1.1087876524769729
2010-01-19 00:00:00,1.1092606422703508
2010-01-20 00:00:00,1.107667413492656
2010-01-21 00:00:00,1.0903659447348766
2010-01-22 00:00:00,1.080034851879512
2010-01-25 00:00:00,1.0854849887976101
2010-01-26 00:00:00,1.0854849887976101
2010-01-27 00:00:00,1.0854849887976101
2010-01-28 00:00:00,1.0854849887976101
2010-01-29 00:00:00,1.0854849887976101
2010-02-01 00:00:00,1.0854849887976101
2010-02-02 00:00:00,1.0854849887976101
2010-02-03 00:00:00,1.0854849887976101
2010-02-04 00:00:00,1.0854849887976101
2010-02-05 00:00:00,1.0854849887976101
2010-02-08 00:00:00,1.0854849887976101
2010-02-09 00:00:00,1.0854849887976101
2010-02-10 00:00:00,1.0854849887976101
2010-02-11 00:00:00,1.0854849887976101
2010-02-12 00:00:00,1.0854849887976101
2010-02-16 00:00:00,1.0854849887976101
2010-02-17 00:00:00,1.0854849887976101
2010-02-18 00:00:00,1.0854849887976101
2010-02-19 00:00:00,1.0854849887976101
2010-02-22 00:00:00,1.0854849887976101
2010-02-23 00:00:00,1.0854849887976101
2010-02-24 00:00:00,1.0854849887976101
2010-02-25 00:00:00,1.0854849887976101
2010-02-26 00:00:00,1.0854849887976101
2010-03-01 00:00:00,1.0854849887976101
2010-03-02 00:00:00,1.0854849887976101
2010-03-03 00:00:00,1.0854849887976101
2010-03-04 00:00:00,1.0854849887976101
2010-03-05 00:00:00,1.0854849887976101
2010-03-08 00:00:00,1.0854849887976101
2010-03-09 00:00:00,1.0854849887976101
2010-03-10 00:00:00,1.0854849887976101
2010-03-11 00:00:00,1.0854849887976101
2010-03-12 00:00:00,1.0854849887976101
2010-03-15 00:00:00,1.0854849887976101
2010-03-16 00:00:00,1.0854849887976101
2010-03-17 00:00:00,1.0854849887976101
2010-03-18 00:00:00,1.0854849887976101
2010-03-19 00:00:00,1.0854849887976101
2010-03-22 00:00:00,1.0854849887976101
2010-03-23 00:00:00,1.0854849887976101
2010-03-24 00:00:00,1.0854849887976101
2010-03-25 00:00:00,1.0854849887976101
2010-03-26 00:00:00,1.0854849887976101
2010-03-29 00:00:00,1.0854849887976101
2010-03-30 00:00:00,1.0854849887976101
2010-03-31 00:00:00,1.0854849887976101
2010-04-01 00:00:00,1.0854849887976101
2010-04-05 00:00:00,1.0854849887976101
2010-04-06 00:00:00,1.0854849887976101
2010-04-07 00:00:00,1.0854849887976101
2010-04-08 00:00:00,1.0854849887976101
2010-04-09 00:00:00,1.0854849887976101
2010-04-12 00:00:00,1.0854849887976101
2010-04-13 00:00:00,1.0854849887976101
2010-04-14 00:00:00,1.0854849887976101
2010-04-15 00:00:00,1.0854849887976101
2010-04-16 00:00:00,1.0854849887976101
2010-04-19 00:00:00,1.0854849887976101
2010-04-20 00:00:00,1.0854849887976101
2010-04-21 00:00:00,1.0854849887976101
2010-04-22 00:00:00,1.0854849887976101
2010-04-23 00:00:00,1.0854849887976101
2010-04-26 00:00:00,1.0854849887976101
2010-04-27 00:00:00,1.0854849887976101
2010-04-28 00:00:00,1.0854849887976101
2010-04-29 00:00:00,1.0854849887976101
2010-04-30 00:00:00,1.0854849887976101
2010-05-03 00:00:00,1.0854849887976101
2010-05-04 00:00:00,1.0854849887976101
2010-05-05 00:00:00,1.0854849887976101
2010-05-06 00:00:00,1.0854849887976101
2010-05-07 00:00:00,1.0854849887976101
2010-05-10 00:00:00,1.0854849887976101
2010-05-11 00:00:00,1.0854849887976101
2010-05-12 00:00:00,1.0854849887976101
2010-05-13 00:00:00,1.0854849887976101
2010-05-14 00:00:00,1.0854849887976101
2010-05-17 00:00:00,1.0854849887976101
2010-05-18 00:00:00,1.0854849887976101
2010-05-19 00:00:00,1.0854849887976101
2010-05-20 00:00:00,1.0854849887976101
2010-05-21 00:00:00,1.0854849887976101
2010-05-24 00:00:00,1.0854849887976101
2010-05-25 00:00:00,1.0854849887976101
2010-05-26 00:00:00,1.0854849887976101
2010-05-27 00:00:00,1.0854849887976101
2010-05-28 00:00:00,1.0854849887976101
2010-06-01 00:00:00,1.0854849887976101
2010-06-02 00:00:00,1.0854849887976101
2010-06-03 00:00:00,1.0854849887976101
2010-06-04 00:00:00,1.0854849887976101
2010-06-07 00:00:00,1.0854849887976101
2010-06-08 00:00:00,1.0854849887976101
2010-06-09 00:00:00,1.0854849887976101
2010-06-10 00:00:00,1.0854849887976101
2010-06-11 00:00:00,1.0854849887976101
2010-06-14 00:00:00,1.0854849887976101
2010-06-15 00:00:00,1.0854849887976101
2010-06-16 00:00:00,1.0854849887976101
2010-06-17 00:00:00,1.0854849887976101
2010-06-18 00:00:00,1.0854849887976101
2010-06-21 00:00:00,1.0854849887976101
2010-06-22 00:00:00,1.0854849887976101
2010-06-23 00:00:00,1.0854849887976101
2010-06-24 00:00:00,1.0854849887976101
2010-06-25 00:00:00,1.0854849887976101
2010-06-28 00:00:00,1.0854849887976101
2010-06-29 00:00:00,1.0854849887976101
2010-06-30 00:00:00,1.0854849887976101
2010-07-01 00:00:00,1.0854849887976101
2010-07-02 00:00:00,1.0854849887976101
2010-07-06 00:00:00,1.0854849887976101
2010-07-07 00:00:00,1.0854849887976101
2010-07-08 00:00:00,1.0854849887976101
2010-07-09 00:00:00,1.0854849887976101
2010-07-12 00:00:00,1.0854849887976101
2010-07-13 00:00:00,1.0854849887976101
2010-07-14 00:00:00,1.0854849887976101
2010-07-15 00:00:00,1.0854849887976101
2010-07-16 00:00:00,1.0854849887976101
2010-07-19 00:00:00,1.0854849887976101
2010-07-20 00:00:00,1.0854849887976101
2010-07-21 00:00:00,1.0854849887976101
2010-07-22 00:00:00,1.0854849887976101
2010-07-23 00:00:00,1.0854849887976101
2010-07-26 00:00:00,1.0854849887976101
2010-07-27 00:00:00,1.0854849887976101
2010-07-28 00:00:00,1.0854849887976101
2010-07-29 00:00:00,1.0854849887976101
2010-07-30 00:00:00,1.0854849887976101
2010-08-02 00:00:00,1.0854849887976101
2010-08-03 00:00:00,1.0854849887976101
2010-08-04 00:00:00,1.0854849887976101
2010-08-05 00:00:00,1.0854849887976101
2010-08-06 00:00:00,1.0854849887976101
2010-08-09 00:00:00,1.0854849887976101
2010-08-10 00:00:00,1.0854849887976101
2010-08-11 00:00:00,1.0854849887976101
2010-08-12 00:00:00,1.0854849887976101
2010-08-13 00:00:00,1.0854849887976101
2010-08-16 00:00:00,1.0854849887976101
2010-08-17 00:00:00,1.0854849887976101
2010-08-18 00:00:00,1.0854849887976101
2010-08-19 00:00:00,1.0854849887976101
2010-08-20 00:00:00,1.0854849887976101
2010-08-23 00:00:00,1.0854849887976101
2010-08-24 00:00:00,1.0854849887976101
2010-08-25 00:00:00,1.0854849887976101
2010-08-26 00:00:00,1.0854849887976101
2010-08-27 00:00:00,1.0854849887976101
2010-08-30 00:00:00,1.0854849887976101
2010-08-31 00:00:00,1.0854849887976101
2010-09-01 00:00:00,1.0854849887976101
2010-09-02 00:00:00,1.0854849887976101
2010-09-03 00:00:00,1.0854849887976101
2010-09-07 00:00:00,1.0854849887976101
2010-09-08 00:00:00,1.0854849887976101
2010-09-09 00:00:00,1.0854849887976101
2010-09-10 00:00:00,1.0854849887976101
2010-09-13 00:00:00,1.0854849887976101
2010-09-14 00:00:00,1.0854849887976101
2010-09-15 00:00:00,1.0854849887976101
2010-09-16 00:00:00,1.0854849887976101
2010-09-17 00:00:00,1.0854849887976101
2010-09-20 00:00:00,1.0854849887976101
2010-09-21 00:00:00,1.0854849887976101
2010-09-22 00:00:00,1.0854849887976101
2010-09-23 00:00:00,1.0854849887976101
2010-09-24 00:00:00,1.0854849887976101
2010-09-27 00:00:00,1.0854849887976101
2010-09-28 00:00:00,1.0854849887976101
2010-09-29 00:00:00,1.0854849887976101
2010-09-30 00:00:00,1.0880325060936258
2010-10-01 00:00:00,1.0823309197644475
2010-10-04 00:00:00,1.0785702989941384
2010-10-05 00:00:00,1.082452230111877
2010-10-06 00:00:00,1.0814817473324425
2010-10-07 00:00:00,1.0836653335861701
2010-10-08 00:00:00,1.08730464400905
2010-10-11 00:00:00,1.089609540610207
2010-10-12 00:00:00,1.0886390578307725
2010-10-13 00:00:00,1.0922783682536525
2010-10-14 00:00:00,1.0870620233141914
2010-10-15 00:00:00,1.0898521613050658
2010-10-18 00:00:00,1.0883964371359138
2010-10-19 00:00:00,1.0882751267884847
2010-10-20 00:00:00,1.0916718165165056
2010-10-21 00:00:00,1.0899734716524951
2010-10-22 00:00:00,1.0949471958970975
2010-10-25 00:00:00,1.0991930580571239
2010-10-26 00:00:00,1.1008914029211345
2010-10-27 00:00:00,1.0996782994468413
2010-10-28 00:00:00,1.100284851183988
2010-10-29 00:00:00,1.100770092573705
2010-11-01 00:00:00,1.091429195821647
2010-11-02 00:00:00,1.0967668511085373
2010-11-03 00:00:00,1.1004061615314171
2010-11-04 00:00:00,1.1147207825280776
2010-11-05 00:00:00,1.1135076790537843
2010-11-08 00:00:00,1.1102322996731926
2010-11-09 00:00:00,1.1070782306400304
2010-11-10 00:00:00,1.0979799545828308
2010-11-11 00:00:00,1.093612782075375
2010-11-12 00:00:00,1.089609540610207
2010-11-15 00:00:00,1.0875472647039088
2010-11-16 00:00:00,1.0755375403084053
2010-11-17 00:00:00,1.0822606568112165
2010-11-18 00:00:00,1.0822606568112165
2010-11-19 00:00:00,1.0822606568112165
2010-11-22 00:00:00,1.0822606568112165
2010-11-23 00:00:00,1.0822606568112165
2010-11-24 00:00:00,1.0822606568112165
2010-11-26 00:00:00,1.0822606568112165
2010-11-29 00:00:00,1.0822606568112165
2010-11-30 00:00:00,1.0822606568112165
2010-12-01 00:00:00,1.0822606568112165
2010-12-02 00:00:00,1.0822606568112165
2010-12-03 00:00:00,1.0822606568112165
2010-12-06 00:00:00,1.0822606568112165
2010-12-07 00:00:00,1.0822606568112165
2010-12-08 00:00:00,1.0822606568112165
2010-12-09 00:00:00,1.0822606568112165
2010-12-10 00:00:00,1.0822606568112165
2010-12-13 00:00:00,1.0822606568112165
2010-12-14 00:00:00,1.0822606568112165
2010-12-15 00:00:00,1.0822606568112165
2010-12-16 00:00:00,1.0822606568112165
2010-12-17 00:00:00,1.0822606568112165
2010-12-20 00:00:00,1.0822606568112165
2010-12-21 00:00:00,1.0822606568112165
2010-12-22 00:00:00,1.0822606568112165
2010-12-23 00:00:00,1.0822606568112165
2010-12-27 00:00:00,1.0822606568112165
2010-12-28 00:00:00,1.0822606568112165
2010-12-29 00:00:00,1.0822606568112165
2010-12-30 00:00:00,1.0822606568112165
2010-12-31 00:00:00,1.0822606568112165
2011-01-03 00:00:00,1.0822606568112165
2011-01-04 00:00:00,1.0822606568112165
2011-01-05 00:00:00,1.0822606568112165
2011-01-06 00:00:00,1.0822606568112165
2011-01-07 00:00:00,1.0822606568112165
2011-01-10 00:00:00,1.0822606568112165
2011-01-11 00:00:00,1.0822606568112165
2011-01-12 00:00:00,1.0822606568112165
2011-01-13 00:00:00,1.0822606568112165
2011-01-14 00:00:00,1.0822606568112165
2011-01-18 00:00:00,1.0822606568112165
2011-01-19 00:00:00,1.0822606568112165
2011-01-20 00:00:00,1.0822606568112165
2011-01-21 00:00:00,1.0822606568112165
2011-01-24 00:00:00,1.0822606568112165
2011-01-25 00:00:00,1.0822606568112165
2011-01-26 00:00:00,1.0822606568112165
2011-01-27 00:00:00,1.0822606568112165
2011-01-28 00:00:00,1.0822606568112165
2011-01-31 00:00:00,1.0822606568112165
2011-02-01 00:00:00,1.0822606568112165
2011-02-02 00:00:00,1.0822606568112165
2011-02-03 00:00:00,1.0822606568112165
2011-02-04 00:00:00,1.0822606568112165
2011-02-07 00:00:00,1.0822606568112165
2011-02-08 00:00:00,1.0824956243875976
2011-02-09 00:00:00,1.0763864674016896
2011-02-10 00:00:00,1.077561305283595
2011-02-11 00:00:00,1.0802634324119773
2011-02-14 00:00:00,1.081085818929311
2011-02-15 00:00:00,1.0789711107418816
2011-02-16 00:00:00,1.0793235621064532
2011-02-17 00:00:00,1.0817907216584544
2011-02-18 00:00:00,1.0850802677277893
2011-02-22 00:00:00,1.0761514998253086
2011-02-23 00:00:00,1.0772088539190234
2011-02-24 00:00:00,1.0780312404363572
2011-02-25 00:00:00,1.0813207865056922
2011-02-28 00:00:00,1.086725040762457
2011-03-01 00:00:00,1.0782662080127383
2011-03-02 00:00:00,1.0792060783182624
2011-03-03 00:00:00,1.0830830433285503
2011-03-04 00:00:00,1.08085085135293
2011-03-07 00:00:00,1.081085818929311
2011-03-08 00:00:00,1.0801459486237868
2011-03-09 00:00:00,1.077091370130833
2011-03-10 00:00:00,1.0717023473203844
2011-03-11 00:00:00,1.0717023473203844
2011-03-14 00:00:00,1.0717023473203844
2011-03-15 00:00:00,1.0717023473203844
2011-03-16 00:00:00,1.0717023473203844
2011-03-17 00:00:00,1.0717023473203844
2011-03-18 00:00:00,1.0717023473203844
2011-03-21 00:00:00,1.0717023473203844
2011-03-22 00:00:00,1.0717023473203844
2011-03-23 00:00:00,1.0717023473203844
2011-03-24 00:00:00,1.0717023473203844
2011-03-25 00:00:00,1.0717023473203844
2011-03-28 00:00:00,1.0717023473203844
2011-03-29 00:00:00,1.0717023473203844
2011-03-30 00:00:00,1.0717023473203844
2011-03-31 00:00:00,1.0717023473203844
2011-04-01 00:00:00,1.0717023473203844
2011-04-04 00:00:00,1.0717023473203844
2011-04-05 00:00:00,1.0717023473203844
2011-04-06 00:00:00,1.0717023473203844
2011-04-07 00:00:00,1.0717023473203844
2011-04-08 00:00:00,1.0717023473203844
2011-04-11 00:00:00,1.0717023473203844
2011-04-12 00:00:00,1.0717023473203844
2011-04-13 00:00:00,1.0717023473203844
2011-04-14 00:00:00,1.0717023473203844
2011-04-15 00:00:00,1.0717023473203844
2011-04-18 00:00:00,1.0717023473203844
2011-04-19 00:00:00,1.0717023473203844
2011-04-20 00:00:00,1.0717023473203844
2011-04-21 00:00:00,1.0717023473203844
2011-04-25 00:00:00,1.0717023473203844
2011-04-26 00:00:00,1.0717023473203844
2011-04-27 00:00:00,1.0717023473203844
2011-04-28 00:00:00,1.0722811453044632
2011-04-29 00:00:00,1.0748278564344103
2011-05-02 00:00:00,1.0676507614318327
2011-05-03 00:00:00,1.067882280625464
2011-05-04 00:00:00,1.0675350018350167
2011-05-05 00:00:00,1.0631361371560177
2011-05-06 00:00:00,1.0685768382063587
2011-05-09 00:00:00,1.069965953368148
2011-05-10 00:00:00,1.0722811453044632
2011-05-11 00:00:00,1.0706605109490424
2011-05-12 00:00:00,1.0717023473203844
2011-05-13 00:00:00,1.0673034826413852
2011-05-16 00:00:00,1.069387155384069
2011-05-17 00:00:00,1.0712393089331214
2011-05-18 00:00:00,1.072512664498095
2011-05-19 00:00:00,1.0720496261108317
2011-05-20 00:00:00,1.0712393089331214
2011-05-23 00:00:00,1.0661458866732274
2011-05-24 00:00:00,1.064409492720991
2011-05-25 00:00:00,1.064409492720991
2011-05-26 00:00:00,1.063483415946465
2011-05-27 00:00:00,1.0667246846573064
2011-05-31 00:00:00,1.0696186745777008
2011-06-01 00:00:00,1.0617813794425632
2011-06-02 00:00:00,1.0617813794425632
2011-06-03 00:00:00,1.0617813794425632
2011-06-06 00:00:00,1.0617813794425632
2011-06-07 00:00:00,1.0617813794425632
2011-06-08 00:00:00,1.0617813794425632
2011-06-09 00:00:00,1.0617813794425632
2011-06-10 00:00:00,1.0617813794425632
2011-06-13 00:00:00,1.0617813794425632
2011-06-14 00:00:00,1.0617813794425632
2011-06-15 00:00:00,1.0617813794425632
2011-06-16 00:00:00,1.0617813794425632
2011-06-17 00:00:00,1.0617813794425632
2011-06-20 00:00:00,1.0617813794425632
2011-06-21 00:00:00,1.0617813794425632
2011-06-22 00:00:00,1.0617813794425632
2011-06-23 00:00:00,1.0617813794425632
2011-06-24 00:00:00,1.0617813794425632
2011-06-27 00:00:00,1.0617813794425632
2011-06-28 00:00:00,1.0617813794425632
2011-06-29 00:00:00,1.0617813794425632
2011-06-30 00:00:00,1.0617813794425632
2011-07-01 00:00:00,1.0617813794425632
2011-07-05 00:00:00,1.0617813794425632
2011-07-06 00:00:00,1.0617813794425632
2011-07-07 00:00:00,1.0617813794425632
2011-07-08 00:00:00,1.0617813794425632
2011-07-11 00:00:00,1.0617813794425632
2011-07-12 00:00:00,1.0617813794425632
2011-07-13 00:00:00,1.0617813794425632
2011-07-14 00:00:00,1.0617813794425632
2011-07-15 00:00:00,1.0617813794425632
2011-07-18 00:00:00,1.0617813794425632
2011-07-19 00:00:00,1.0617813794425632
2011-07-20 00:00:00,1.0617813794425632
2011-07-21 00:00:00,1.0617813794425632
2011-07-22 00:00:00,1.0617813794425632
2011-07-25 00:00:00,1.0617813794425632
2011-07-26 00:00:00,1.0617813794425632
2011-07-27 00:00:00,1.0617813794425632
2011-07-28 00:00:00,1.0617813794425632
2011-07-29 00:00:00,1.0617813794425632
2011-08-01 00:00:00,1.0617813794425632
2011-08-02 00:00:00,1.0617813794425632
2011-08-03 00:00:00,1.0617813794425632
2011-08-04 00:00:00,1.0617813794425632
2011-08-05 00:00:00,1.0617813794425632
2011-08-08 00:00:00,1.0617813794425632
2011-08-09 00:00:00,1.0617813794425632
2011-08-10 00:00:00,1.0617813794425632
2011-08-11 00:00:00,1.0617813794425632
2011-08-12 00:00:00,1.0617813794425632
2011-08-15 00:00:00,1.0617813794425632
2011-08-16 00:00:00,1.0617813794425632
2011-08-17 00:00:00,1.0617813794425632
2011-08-18 00:00:00,1.0617813794425632
2011-08-19 00:00:00,1.0617813794425632
2011-08-22 00:00:00,1.0617813794425632
2011-08-23 00:00:00,1.0617813794425632
2011-08-24 00:00:00,1.0617813794425632
2011-08-25 00:00:00,1.0617813794425632
2011-08-26 00:00:00,1.0617813794425632
2011-08-29 00:00:00,1.0617813794425632
2011-08-30 00:00:00,1.0617813794425632
2011-08-31 00:00:00,1.0617813794425632
2011-09-01 00:00:00,1.0617813794425632
2011-09-02 00:00:00,1.0617813794425632
2011-09-06 00:00:00,1.0617813794425632
2011-09-07 00:00:00,1.0617813794425632
2011-09-08 00:00:00,1.0617813794425632
2011-09-09 00:00:00,1.0617813794425632
2011-09-12 00:00:00,1.0617813794425632
2011-09-13 00:00:00,1.0617813794425632
2011-09-14 00:00:00,1.0617813794425632
2011-09-15 00:00:00,1.0617813794425632
2011-09-16 00:00:00,1.0617813794425632
2011-09-19 00:00:00,1.0617813794425632
2011-09-20 00:00:00,1.0617813794425632
2011-09-21 00:00:00,1.0617813794425632
2011-09-22 00:00:00,1.0617813794425632
2011-09-23 00:00:00,1.0617813794425632
2011-09-26 00:00:00,1.0617813794425632
2011-09-27 00:00:00,1.0617813794425632
2011-09-28 00:00:00,1.0617813794425632
2011-09-29 00:00:00,1.0617813794425632
2011-09-30 00:00:00,1.0617813794425632
2011-10-03 00:00:00,1.0617813794425632
2011-10-04 00:00:00,1.0617813794425632
2011-10-05 00:00:00,1.0617813794425632
2011-10-06 00:00:00,1.0617813794425632
2011-10-07 00:00:00,1.0617813794425632
2011-10-10 00:00:00,1.0617813794425632
2011-10-11 00:00:00,1.0617813794425632
2011-10-12 00:00:00,1.0617813794425632
2011-10-13 00:00:00,1.0617813794425632
2011-10-14 00:00:00,1.0617813794425632
2011-10-17 00:00:00,1.0617813794425632
2011-10-18 00:00:00,1.0617813794425632
2011-10-19 00:00:00,1.0617813794425632
2011-10-20 00:00:00,1.0617813794425632
2011-10-21 00:00:00,1.0617813794425632
2011-10-24 00:00:00,1.0617813794425632
2011-10-25 00:00:00,1.0617813794425632
2011-10-26 00:00:00,1.0617813794425632
2011-10-27 00:00:00,1.0617813794425632
2011-10-28 00:00:00,1.0617813794425632
2011-10-31 00:00:00,1.0617813794425632
2011-11-01 00:00:00,1.0617813794425632
2011-11-02 00:00:00,1.0617813794425632
2011-11-03 00:00:00,1.0617813794425632
2011-11-04 00:00:00,1.0617813794425632
2011-11-07 00:00:00,1.0617813794425632
2011-11-08 00:00:00,1.0617813794425632
2011-11-09 00:00:00,1.0617813794425632
2011-11-10 00:00:00,1.0617813794425632
2011-11-11 00:00:00,1.0617813794425632
2011-11-14 00:00:00,1.0617813794425632
2011-11-15 00:00:00,1.0617813794425632
2011-11-16 00:00:00,1.0617813794425632
2011-11-17 00:00:00,1.0617813794425632
2011-11-18 00:00:00,1.0617813794425632
2011-11-21 00:00:00,1.0617813794425632
2011-11-22 00:00:00,1.0617813794425632
2011-11-23 00:00:00,1.0617813794425632
2011-11-25 00:00:00,1.0617813794425632
2011-11-28 00:00:00,1.0617813794425632
2011-11-29 00:00:00,1.0617813794425632
2011-11-30 00:00:00,1.0617813794425632
2011-12-01 00:00:00,1.0617813794425632
2011-12-02 00:00:00,1.0617813794425632
2011-12-05 00:00:00,1.0617813794425632
2011-12-06 00:00:00,1.0617813794425632
2011-12-07 00:00:00,1.0617813794425632
2011-12-08 00:00:00,1.0617813794425632
2011-12-09 00:00:00,1.0617813794425632
2011-12-12 00:00:00,1.0617813794425632
2011-12-13 00:00:00,1.0617813794425632
2011-12-14 00:00:00,1.0617813794425632
2011-12-15 00:00:00,1.0617813794425632
2011-12-16 00:00:00,1.0617813794425632
2011-12-19 00:00:00,1.0617813794425632
2011-12-20 00:00:00,1.0617813794425632
2011-12-21 00:00:00,1.0617813794425632
2011-12-22 00:00:00,1.0617813794425632
2011-12-23 00:00:00,1.0617813794425632
2011-12-27 00:00:00,1.0617813794425632
2011-12-28 00:00:00,1.0617813794425632
2011-12-29 00:00:00,1.0617813794425632
2011-12-30 00:00:00,1.0617813794425632
2012-01-03 00:00:00,1.0617813794425632
2012-01-04 00:00:00,1.0617813794425632
2012-01-05 00:00:00,1.0617813794425632
2012-01-06 00:00:00,1.0617813794425632
2012-01-09 00:00:00,1.0617813794425632
2012-01-10 00:00:00,1.0617813794425632
2012-01-11 00:00:00,1.0617813794425632
2012-01-12 00:00:00,1.0617813794425632
2012-01-13 00:00:00,1.0617813794425632
2012-01-17 00:00:00,1.0617813794425632
2012-01-18 00:00:00,1.0617813794425632
2012-01-19 00:00:00,1.0617813794425632
2012-01-20 00:00:00,1.0617813794425632
2012-01-23 00:00:00,1.0617813794425632
2012-01-24 00:00:00,1.0617813794425632
2012-01-25 00:00:00,1.0617813794425632
2012-01-26 00:00:00,1.0617813794425632
2012-01-27 00:00:00,1.0617813794425632
2012-01-30 00:00:00,1.0617813794425632
2012-01-31 00:00:00,1.0617813794425632
2012-02-01 00:00:00,1.0617813794425632
2012-02-02 00:00:00,1.0617813794425632
2012-02-03 00:00:00,1.0617813794425632
2012-02-06 00:00:00,1.0617813794425632
2012-02-07 00:00:00,1.0617813794425632
2012-02-08 00:00:00,1.0617813794425632
2012-02-09 00:00:00,1.0617813794425632
2012-02-10 00:00:00,1.0617813794425632
2012-02-13 00:00:00,1.0617813794425632
2012-02-14 00:00:00,1.0617813794425632
2012-02-15 00:00:00,1.0617813794425632
2012-02-16 00:00:00,1.0617813794425632
2012-02-17 00:00:00,1.0617813794425632
2012-02-21 00:00:00,1.0617813794425632
2012-02-22 00:00:00,1.0617813794425632
2012-02-23 00:00:00,1.0617813794425632
2012-02-24 00:00:00,1.0647968153645193
2012-02-27 00:00:00,1.0650287719739004
2012-02-28 00:00:00,1.0671163814583315
2012-02-29 00:00:00,1.0684617297927426
2012-03-01 00:00:00,1.0641009455363755
2012-03-02 00:00:00,1.0596937699581321
2012-03-05 00:00:00,1.0537788764189109
2012-03-06 00:00:00,1.0472122133172026
2012-03-07 00:00:00,1.0472122133172026
2012-03-08 00:00:00,1.0472122133172026
2012-03-09 00:00:00,1.0472122133172026
2012-03-12 00:00:00,1.0472122133172026
2012-03-13 00:00:00,1.0472122133172026
2012-03-14 00:00:00,1.0472122133172026
2012-03-15 00:00:00,1.0472122133172026
2012-03-16 00:00:00,1.0472122133172026
2012-03-19 00:00:00,1.0472122133172026
2012-03-20 00:00:00,1.0472122133172026
2012-03-21 00:00:00,1.0472122133172026
2012-03-22 00:00:00,1.0472122133172026
2012-03-23 00:00:00,1.0472122133172026
2012-03-26 00:00:00,1.0472122133172026
2012-03-27 00:00:00,1.0472122133172026
2012-03-28 00:00:00,1.0472122133172026
2012-03-29 00:00:00,1.0472122133172026
2012-03-30 00:00:00,1.0472122133172026
2012-04-02 00:00:00,1.0472122133172026
2012-04-03 00:00:00,1.0472122133172026
2012-04-04 00:00:00,1.0472122133172026
2012-04-05 00:00:00,1.0472122133172026
2012-04-09 00:00:00,1.0472122133172026
2012-04-10 00:00:00,1.0472122133172026
2012-04-11 00:00:00,1.0472122133172026
2012-04-12 00:00:00,1.0472122133172026
2012-04-13 00:00:00,1.0472122133172026
2012-04-16 00:00:00,1.0472122133172026
2012-04-17 00:00:00,1.0472122133172026
2012-04-18 00:00:00,1.0472122133172026
2012-04-19 00:00:00,1.0472122133172026
2012-04-20 00:00:00,1.0472122133172026
2012-04-23 00:00:00,1.0472122133172026
2012-04-24 00:00:00,1.0472122133172026
2012-04-25 00:00:00,1.0472122133172026
2012-04-26 00:00:00,1.0472122133172026
2012-04-27 00:00:00,1.0472122133172026
2012-04-30 00:00:00,1.0472122133172026
2012-05-01 00:00:00,1.0472122133172026
2012-05-02 00:00:00,1.0472122133172026
2012-05-03 00:00:00,1.0472122133172026
2012-05-04 00:00:00,1.0472122133172026
2012-05-07 00:00:00,1.0472122133172026
2012-05-08 00:00:00,1.0472122133172026
2012-05-09 00:00:00,1.0472122133172026
2012-05-10 00:00:00,1.0472122133172026
2012-05-11 00:00:00,1.0472122133172026
2012-05-14 00:00:00,1.0472122133172026
2012-05-15 00:00:00,1.0472122133172026
2012-05-16 00:00:00,1.0472122133172026
2012-05-17 00:00:00,1.0472122133172026
2012-05-18 00:00:00,1.0472122133172026
2012-05-21 00:00:00,1.0472122133172026
2012-05-22 00:00:00,1.0472122133172026
2012-05-23 00:00:00,1.0472122133172026
2012-05-24 00:00:00,1.0472122133172026
2012-05-25 00:00:00,1.0472122133172026
2012-05-29 00:00:00,1.0472122133172026
2012-05-30 00:00:00,1.0472122133172026
2012-05-31 00:00:00,1.0472122133172026
2012-06-01 00:00:00,1.0472122133172026
2012-06-04 00:00:00,1.0472122133172026
2012-06-05 00:00:00,1.0472122133172026
2012-06-06 00:00:00,1.0472122133172026
2012-06-07 00:00:00,1.0472122133172026
2012-06-08 00:00:00,1.0472122133172026
2012-06-11 00:00:00,1.0472122133172026
2012-06-12 00:00:00,1.0472122133172026
2012-06-13 00:00:00,1.0472122133172026
2012-06-14 00:00:00,1.0472122133172026
2012-06-15 00:00:00,1.0472122133172026
2012-06-18 00:00:00,1.0472122133172026
2012-06-19 00:00:00,1.0472122133172026
2012-06-20 00:00:00,1.0472122133172026
2012-06-21 00:00:00,1.0472122133172026
2012-06-22 00:00:00,1.0472122133172026
2012-06-25 00:00:00,1.0472122133172026
2012-06-26 00:00:00,1.0472122133172026
2012-06-27 00:00:00,1.0472122133172026
2012-06-28 00:00:00,1.0472122133172026
2012-06-29 00:00:00,1.0472122133172026
2012-07-02 00:00:00,1.0472122133172026
2012-07-03 00:00:00,1.0472122133172026
2012-07-05 00:00:00,1.0472122133172026
2012-07-06 00:00:00,1.0472122133172026
2012-07-09 00:00:00,1.0472122133172026
2012-07-10 00:00:00,1.0472122133172026
2012-07-11 00:00:00,1.0472122133172026
2012-07-12 00:00:00,1.0472122133172026
2012-07-13 00:00:00,1.0472122133172026
2012-07-16 00:00:00,1.0472122133172026
2012-07-17 00:00:00,1.0472122133172026
2012-07-18 00:00:00,1.0472122133172026
2012-07-19 00:00:00,1.0472122133172026
2012-07-20 00:00:00,1.0472122133172026
2012-07-23 00:00:00,1.0472122133172026
2012-07-24 00:00:00,1.0472122133172026
2012-07-25 00:00:00,1.0472122133172026
2012-07-26 00:00:00,1.0472122133172026
2012-07-27 00:00:00,1.0472122133172026
2012-07-30 00:00:00,1.0474401158663467
2012-07-31 00:00:00,1.0449331878257615
2012-08-01 00:00:00,1.0448192365511892
2012-08-02 00:00:00,1.0406030393920231
2012-08-03 00:00:00,1.0449331878257615
2012-08-06 00:00:00,1.044249480178329
2012-08-07 00:00:00,1.0421983572360318
2012-08-08 00:00:00,1.0428820648834642
2012-08-09 00:00:00,1.0429960161580365
2012-08-10 00:00:00,1.04208440596146
2012-08-13 00:00:00,1.0426541623343204
2012-08-14 00:00:00,1.044249480178329
2012-08-15 00:00:00,1.0392356240971585
2012-08-16 00:00:00,1.0431099674326085
2012-08-17 00:00:00,1.0431099674326085
2012-08-20 00:00:00,1.0443634314529011
2012-08-21 00:00:00,1.0466424569443422
2012-08-22 00:00:00,1.0456168954731937
2012-08-23 00:00:00,1.0453889929240496
2012-08-24 00:00:00,1.0500609951815039
2012-08-27 00:00:00,1.0492633362594994
2012-08-28 00:00:00,1.0483517260629232
2012-08-29 00:00:00,1.0498330926323598
2012-08-30 00:00:00,1.0493772875340717
2012-08-31 00:00:00,1.0521121181238011
2012-09-04 00:00:00,1.0463006031206261
2012-09-05 00:00:00,1.0464145543951981
2012-09-06 00:00:00,1.0525679232220893
2012-09-07 00:00:00,1.0543911436152422
2012-09-10 00:00:00,1.052681874496661
2012-09-11 00:00:00,1.059860804794701
2012-09-12 00:00:00,1.0630514404827185
2012-09-13 00:00:00,1.0698885169570418
2012-09-14 00:00:00,1.0697745656824698
2012-09-17 00:00:00,1.0688629554858933
2012-09-18 00:00:00,1.0693187605841816
2012-09-19 00:00:00,1.0679513452893168
2012-09-20 00:00:00,1.0629374892081465
2012-09-21 00:00:00,1.0614561226387096
2012-09-24 00:00:00,1.060088707343845
2012-09-25 00:00:00,1.0506307515543643
2012-09-26 00:00:00,1.0453889929240496
2012-09-27 00:00:00,1.0567841203812554
2012-09-28 00:00:00,1.0517702643000848
2012-10-01 00:00:00,1.0445115681098447
2012-10-02 00:00:00,1.0470982620426306
2012-10-03 00:00:00,1.049719141357788
2012-10-04 00:00:00,1.054163241066098
2012-10-05 00:00:00,1.0535934846932378
2012-10-08 00:00:00,1.0521121181238011
2012-10-09 00:00:00,1.0492063606222135
2012-10-10 00:00:00,1.0466424569443422
2012-10-11 00:00:00,1.052340020672945
2012-10-12 00:00:00,1.054163241066098
2012-10-15 00:00:00,1.0589491945981246
2012-10-16 00:00:00,1.0628235379335744
2012-10-17 00:00:00,1.0652165146995876
2012-10-18 00:00:00,1.0646467583267272
2012-10-19 00:00:00,1.0592910484218403
2012-10-22 00:00:00,1.0595189509709848
2012-10-23 00:00:00,1.0555386329501828
2012-10-24 00:00:00,1.054619046164386
2012-10-25 00:00:00,1.0563283152829672
2012-10-26 00:00:00,1.0538213872423818
2012-10-31 00:00:00,1.055101060055826
2012-11-01 00:00:00,1.0545050948898143
2012-11-02 00:00:00,1.0530237283203774
2012-11-05 00:00:00,1.0513258543292536
2012-11-06 00:00:00,1.0529097770458056
2012-11-07 00:00:00,1.0466424569443422
2012-11-08 00:00:00,1.0432239187071806
2012-11-09 00:00:00,1.0397283494084082
2012-11-12 00:00:00,1.0397283494084082
2012-11-13 00:00:00,1.0397283494084082
2012-11-14 00:00:00,1.0397283494084082
2012-11-15 00:00:00,1.0397283494084082
2012-11-16 00:00:00,1.0397283494084082
2012-11-19 00:00:00,1.0397283494084082
2012-11-20 00:00:00,1.0397283494084082
2012-11-21 00:00:00,1.0397283494084082
2012-11-23 00:00:00,1.0397283494084082
2012-11-26 00:00:00,1.0397283494084082
2012-11-27 00:00:00,1.0397283494084082
2012-11-28 00:00:00,1.0397283494084082
2012-11-29 00:00:00,1.0397283494084082
2012-11-30 00:00:00,1.0397283494084082
2012-12-03 00:00:00,1.0397283494084082
2012-12-04 00:00:00,1.0397283494084082
2012-12-05 00:00:00,1.0397283494084082
2012-12-06 00:00:00,1.0397283494084082
2012-12-07 00:00:00,1.0397283494084082
2012-12-10 00:00:00,1.0397283494084082
2012-12-11 00:00:00,1.0397283494084082
2012-12-12 00:00:00,1.0397283494084082
2012-12-13 00:00:00,1.0397283494084082
2012-12-14 00:00:00,1.0397283494084082
2012-12-17 00:00:00,1.0397283494084082
2012-12-18 00:00:00,1.0397283494084082
2012-12-19 00:00:00,1.0397283494084082
2012-12-20 00:00:00,1.0397283494084082
2012-12-21 00:00:00,1.0397283494084082
2012-12-24 00:00:00,1.0397283494084082
2012-12-26 00:00:00,1.0397283494084082
2012-12-27 00:00:00,1.0397283494084082
2012-12-28 00:00:00,1.0397283494084082
2012-12-31 00:00:00,1.0397283494084082
2013-01-02 00:00:00,1.0397283494084082
2013-01-03 00:00:00,1.0381700830684146
2013-01-04 00:00:00,1.0388442266623126
2013-01-07 00:00:00,1.0397283494084082
2013-01-08 00:00:00,1.0389547420055747
2013-01-09 00:00:00,1.0409440181842895
2013-01-10 00:00:00,1.0427122636764807
2013-01-11 00:00:00,1.0445910245119339
2013-01-14 00:00:00,1.0431543250495285
2013-01-15 00:00:00,1.0433753557360526
2013-01-16 00:00:00,1.0416071102438613
2013-01-17 00:00:00,1.0453646319147676
2013-01-18 00:00:00,1.046801331377173
2013-01-22 00:00:00,1.0474644234367447
2013-01-23 00:00:00,1.0462487546608632
2013-01-24 00:00:00,1.0485695768693641
2013-01-25 00:00:00,1.048238030839578
2013-01-28 00:00:00,1.0476854541232685
2013-01-29 00:00:00,1.0459172086310773
2013-01-30 00:00:00,1.0384021652892648
2013-01-31 00:00:00,1.0351972203346682
2013-02-01 00:00:00,1.0333446295324997
2013-02-04 00:00:00,1.0333446295324997
2013-02-05 00:00:00,1.0333446295324997
2013-02-06 00:00:00,1.0333446295324997
2013-02-07 00:00:00,1.0333446295324997
2013-02-08 00:00:00,1.0333446295324997
2013-02-11 00:00:00,1.0333446295324997
2013-02-12 00:00:00,1.0333446295324997
2013-02-13 00:00:00,1.0333446295324997
2013-02-14 00:00:00,1.0333446295324997
2013-02-15 00:00:00,1.0333446295324997
2013-02-19 00:00:00,1.0333446295324997
2013-02-20 00:00:00,1.0333446295324997
2013-02-21 00:00:00,1.0333446295324997
2013-02-22 00:00:00,1.0333446295324997
2013-02-25 00:00:00,1.0333446295324997
2013-02-26 00:00:00,1.0333446295324997
2013-02-27 00:00:00,1.0333446295324997
2013-02-28 00:00:00,1.0333446295324997
2013-03-01 00:00:00,1.0333446295324997
2013-03-04 00:00:00,1.0333446295324997
2013-03-05 00:00:00,1.0333446295324997
2013-03-06 00:00:00,1.0333446295324997
2013-03-07 00:00:00,1.0333446295324997
2013-03-08 00:00:00,1.0333446295324997
2013-03-11 00:00:00,1.0333446295324997
2013-03-12 00:00:00,1.0333446295324997
2013-03-13 00:00:00,1.0333446295324997
2013-03-14 00:00:00,1.0333446295324997
2013-03-15 00:00:00,1.0333446295324997
2013-03-18 00:00:00,1.0333446295324997
2013-03-19 00:00:00,1.0333446295324997
2013-03-20 00:00:00,1.0333446295324997
2013-03-21 00:00:00,1.0333446295324997
2013-03-22 00:00:00,1.0333446295324997
2013-03-25 00:00:00,1.0333446295324997
2013-03-26 00:00:00,1.0333446295324997
2013-03-27 00:00:00,1.0333446295324997
2013-03-28 00:00:00,1.0333446295324997
2013-04-01 00:00:00,1.0333446295324997
2013-04-02 00:00:00,1.0333446295324997
2013-04-03 00:00:00,1.0333446295324997
2013-04-04 00:00:00,1.0333446295324997
2013-04-05 00:00:00,1.0333446295324997
2013-04-08 00:00:00,1.0333446295324997
2013-04-09 00:00:00,1.0333446295324997
2013-04-10 00:00:00,1.0333446295324997
2013-04-11 00:00:00,1.0333446295324997
2013-04-12 00:00:00,1.0333446295324997
2013-04-15 00:00:00,1.0333446295324997
2013-04-16 00:00:00,1.0333446295324997
2013-04-17 00:00:00,1.0333446295324997
2013-04-18 00:00:00,1.0333446295324997
2013-04-19 00:00:00,1.0333446295324997
2013-04-22 00:00:00,1.0333446295324997
2013-04-23 00:00:00,1.0333446295324997
2013-04-24 00:00:00,1.0346486715510494
2013-04-25 00:00:00,1.0374740959245738
2013-04-26 00:00:00,1.0363873942424493
2013-04-29 00:00:00,1.0383434572702739
2013-04-30 00:00:00,1.0416035623166484
2013-05-01 00:00:00,1.0345400013828372
2013-05-02 00:00:00,1.0411699683454807
2013-05-03 00:00:00,1.0427989341669854
2013-05-06 00:00:00,1.0434509551762605
2013-05-07 00:00:00,1.0426902639987732
2013-05-08 00:00:00,1.0463850497179978
2013-05-09 00:00:00,1.0433422850080483
2013-05-10 00:00:00,1.037908776597424
2013-05-13 00:00:00,1.0336706400371372
2013-05-14 00:00:00,1.0347573417192621
2013-05-15 00:00:00,1.0348660118874744
2013-05-16 00:00:00,1.0373654257563616
2013-05-17 00:00:00,1.0373654257563616
2013-05-20 00:00:00,1.0384521274384864
2013-05-21 00:00:00,1.040408190466311
2013-05-22 00:00:00,1.0339966505417748
2013-05-23 00:00:00,1.03117122616825
2013-05-24 00:00:00,1.0292365059614623
2013-05-28 00:00:00,1.0292365059614623
2013-05-29 00:00:00,1.0292365059614623
2013-05-30 00:00:00,1.0292365059614623
2013-05-31 00:00:00,1.0292365059614623
2013-06-03 00:00:00,1.0292365059614623
2013-06-04 00:00:00,1.0292365059614623
2013-06-05 00:00:00,1.0292365059614623
2013-06-06 00:00:00,1.0292365059614623
2013-06-07 00:00:00,1.0292365059614623
2013-06-10 00:00:00,1.0292365059614623
2013-06-11 00:00:00,1.0292365059614623
2013-06-12 00:00:00,1.0292365059614623
2013-06-13 00:00:00,1.0292365059614623
2013-06-14 00:00:00,1.0292365059614623
2013-06-17 00:00:00,1.0292365059614623
2013-06-18 00:00:00,1.0292365059614623
2013-06-19 00:00:00,1.0292365059614623
2013-06-20 00:00:00,1.0292365059614623
2013-06-21 00:00:00,1.0292365059614623
2013-06-24 00:00:00,1.0292365059614623
2013-06-25 00:00:00,1.0292365059614623
2013-06-26 00:00:00,1.0292365059614623
2013-06-27 00:00:00,1.0292365059614623
2013-06-28 00:00:00,1.0292365059614623
2013-07-01 00:00:00,1.0292365059614623
2013-07-02 00:00:00,1.0292365059614623
2013-07-03 00:00:00,1.0292365059614623
2013-07-05 00:00:00,1.0292365059614623
2013-07-08 00:00:00,1.0292365059614623
2013-07-09 00:00:00,1.0292365059614623
2013-07-10 00:00:00,1.0292365059614623
2013-07-11 00:00:00,1.0292365059614623
2013-07-12 00:00:00,1.0292365059614623
2013-07-15 00:00:00,1.0292365059614623
2013-07-16 00:00:00,1.0292365059614623
2013-07-17 00:00:00,1.0292365059614623
2013-07-18 00:00:00,1.0292365059614623
2013-07-19 00:00:00,1.0292365059614623
2013-07-22 00:00:00,1.0292365059614623
2013-07-23 00:00:00,1.0292365059614623
2013-07-24 00:00:00,1.0292365059614623
2013-07-25 00:00:00,1.0292365059614623
2013-07-26 00:00:00,1.0292365059614623
2013-07-29 00:00:00,1.0292365059614623
2013-07-30 00:00:00,1.0292365059614623
2013-07-31 00:00:00,1.0292365059614623
2013-08-01 00:00:00,1.0292365059614623
2013-08-02 00:00:00,1.0292365059614623
2013-08-05 00:00:00,1.0292365059614623
2013-08-06 00:00:00,1.0292365059614623
2013-08-07 00:00:00,1.0292365059614623
2013-08-08 00:00:00,1.0292365059614623
2013-08-09 00:00:00,1.0292365059614623
2013-08-12 00:00:00,1.0292365059614623
2013-08-13 00:00:00,1.0292365059614623
2013-08-14 00:00:00,1.0292365059614623
2013-08-15 00:00:00,1.0292365059614623
2013-08-16 00:00:00,1.0292365059614623
2013-08-19 00:00:00,1.0292365059614623
2013-08-20 00:00:00,1.0292365059614623
2013-08-21 00:00:00,1.0292365059614623
2013-08-22 00:00:00,1.0292365059614623
2013-08-23 00:00:00,1.0292365059614623
2013-08-26 00:00:00,1.0292365059614623
2013-08-27 00:00:00,1.0292365059614623
2013-08-28 00:00:00,1.0292365059614623
2013-08-29 00:00:00,1.0292365059614623
2013-08-30 00:00:00,1.0292365059614623
2013-09-03 00:00:00,1.0292365059614623
2013-09-04 00:00:00,1.0292365059614623
2013-09-05 00:00:00,1.0292365059614623
2013-09-06 00:00:00,1.0292365059614623
2013-09-09 00:00:00,1.0292365059614623
2013-09-10 00:00:00,1.0292365059614623
2013-09-11 00:00:00,1.0292365059614623
2013-09-12 00:00:00,1.0292365059614623
2013-09-13 00:00:00,1.0292365059614623
2013-09-16 00:00:00,1.0292365059614623
2013-09-17 00:00:00,1.0292365059614623
2013-09-18 00:00:00,1.0292365059614623
2013-09-19 00:00:00,1.0292365059614623
2013-09-20 00:00:00,1.0292365059614623
2013-09-23 00:00:00,1.0292365059614623
2013-09-24 00:00:00,1.0292365059614623
2013-09-25 00:00:00,1.0292365059614623
2013-09-26 00:00:00,1.0292365059614623
2013-09-27 00:00:00,1.0292365059614623
2013-09-30 00:00:00,1.0292365059614623
2013-10-01 00:00:00,1.0292365059614623
2013-10-02 00:00:00,1.0292365059614623
2013-10-03 00:00:00,1.0292365059614623
2013-10-04 00:00:00,1.0292365059614623
2013-10-07 00:00:00,1.0292365059614623
2013-10-08 00:00:00,1.0292365059614623
2013-10-09 00:00:00,1.0292365059614623
2013-10-10 00:00:00,1.0292365059614623
2013-10-11 00:00:00,1.0292365059614623
2013-10-14 00:00:00,1.0292365059614623
2013-10-15 00:00:00,1.0292365059614623
2013-10-16 00:00:00,1.0292365059614623
2013-10-17 00:00:00,1.0292365059614623
2013-10-18 00:00:00,1.0292365059614623
2013-10-21 00:00:00,1.0292365059614623
2013-10-22 00:00:00,1.0292365059614623
2013-10-23 00:00:00,1.0292365059614623
2013-10-24 00:00:00,1.0292365059614623
2013-10-25 00:00:00,1.0292365059614623
2013-10-28 00:00:00,1.0292365059614623
2013-10-29 00:00:00,1.0292365059614623
2013-10-30 00:00:00,1.0292365059614623
2013-10-31 00:00:00,1.0292365059614623
2013-11-01 00:00:00,1.0292365059614623
2013-11-04 00:00:00,1.0292365059614623
2013-11-05 00:00:00,1.0292365059614623
2013-11-06 00:00:00,1.0292365059614623
2013-11-07 00:00:00,1.0292365059614623
2013-11-08 00:00:00,1.0292365059614623
2013-11-11 00:00:00,1.0292365059614623
2013-11-12 00:00:00,1.0292365059614623
2013-11-13 00:00:00,1.0292365059614623
2013-11-14 00:00:00,1.0292365059614623
2013-11-15 00:00:00,1.0292365059614623
2013-11-18 00:00:00,1.0292365059614623
2013-11-19 00:00:00,1.0292365059614623
2013-11-20 00:00:00,1.0292365059614623
2013-11-21 00:00:00,1.0292365059614623
2013-11-22 00:00:00,1.0292365059614623
2013-11-25 00:00:00,1.0292365059614623
2013-11-26 00:00:00,1.0292365059614623
2013-11-27 00:00:00,1.0292365059614623
2013-11-29 00:00:00,1.0292365059614623
2013-12-02 00:00:00,1.0292365059614623
2013-12-03 00:00:00,1.0292365059614623
2013-12-04 00:00:00,1.0292365059614623
2013-12-05 00:00:00,1.0292365059614623
2013-12-06 00:00:00,1.0292365059614623
2013-12-09 00:00:00,1.0292365059614623
2013-12-10 00:00:00,1.0292365059614623
2013-12-11 00:00:00,1.0292365059614623
2013-12-12 00:00:00,1.0292365059614623
2013-12-13 00:00:00,1.0292365059614623
2013-12-16 00:00:00,1.0292365059614623
2013-12-17 00:00:00,1.0292365059614623
2013-12-18 00:00:00,1.0292365059614623
2013-12-19 00:00:00,1.0292365059614623
2013-12-20 00:00:00,1.0292365059614623
2013-12-23 00:00:00,1.0292365059614623
2013-12-24 00:00:00,1.0292365059614623
2013-12-26 00:00:00,1.0292365059614623
2013-12-27 00:00:00,1.0292365059614623
2013-12-30 00:00:00,1.0292365059614623
2013-12-31 00:00:00,1.0292365059614623
2014-01-02 00:00:00,1.0292365059614623
2014-01-03 00:00:00,1.0292365059614623
2014-01-06 00:00:00,1.0292365059614623
2014-01-07 00:00:00,1.0292365059614623
2014-01-08 00:00:00,1.0292365059614623
2014-01-09 00:00:00,1.0292365059614623
2014-01-10 00:00:00,1.0292365059614623
2014-01-13 00:00:00,1.0292365059614623
2014-01-14 00:00:00,1.0292365059614623
2014-01-15 00:00:00,1.0292365059614623
2014-01-16 00:00:00,1.0292365059614623
2014-01-17 00:00:00,1.0292365059614623
2014-01-21 00:00:00,1.0292365059614623
2014-01-22 00:00:00,1.027373733620214
2014-01-23 00:00:00,1.02605883549698
2014-01-24 00:00:00,1.02276477891619
2014-01-27 00:00:00,1.02276477891619
2014-01-28 00:00:00,1.02276477891619
2014-01-29 00:00:00,1.02276477891619
2014-01-30 00:00:00,1.02276477891619
2014-01-31 00:00:00,1.02276477891619
2014-02-03 00:00:00,1.02276477891619
2014-02-04 00:00:00,1.02276477891619
2014-02-05 00:00:00,1.02276477891619
2014-02-06 00:00:00,1.02276477891619
2014-02-07 00:00:00,1.02276477891619
2014-02-10 00:00:00,1.02276477891619
2014-02-11 00:00:00,1.02276477891619
2014-02-12 00:00:00,1.02276477891619
2014-02-13 00:00:00,1.02276477891619
2014-02-14 00:00:00,1.02276477891619
2014-02-18 00:00:00,1.02276477891619
2014-02-19 00:00:00,1.0193957736939605
2014-02-20 00:00:00,1.0225474237405623
2014-02-21 00:00:00,1.0234168444430731
2014-02-24 00:00:00,1.025699073787164
2014-02-25 00:00:00,1.0268945272531165
2014-02-26 00:00:00,1.0286333686581381
2014-02-27 00:00:00,1.0305895652387875
2014-02-28 00:00:00,1.031676341116926
2014-03-03 00:00:00,1.025699073787164
2014-03-04 00:00:00,1.0293941117728351
2014-03-05 00:00:00,1.0275465927799996
2014-03-06 00:00:00,1.0260251065506056
2014-03-07 00:00:00,1.0221127133893069
2014-03-10 00:00:00,1.0222213909771207
2014-03-11 00:00:00,1.0211346150989822
2014-03-12 00:00:00,1.022873456504004
2014-03-13 00:00:00,1.0201565168086575
2014-03-14 00:00:00,1.0193957736939605
2014-03-17 00:00:00,1.0208085823355406
2014-03-18 00:00:00,1.0238515547943285
2014-03-19 00:00:00,1.0186350305792635
2014-03-20 00:00:00,1.0200734436605328
2014-03-21 00:00:00,1.0200734436605328
2014-03-24 00:00:00,1.0200734436605328
2014-03-25 00:00:00,1.0200734436605328
2014-03-26 00:00:00,1.0200734436605328
2014-03-27 00:00:00,1.0200734436605328
2014-03-28 00:00:00,1.0200734436605328
2014-03-31 00:00:00,1.0200734436605328
2014-04-01 00:00:00,1.0200734436605328
2014-04-02 00:00:00,1.0200734436605328
2014-04-03 00:00:00,1.0200734436605328
2014-04-04 00:00:00,1.0200734436605328
2014-04-07 00:00:00,1.0200734436605328
2014-04-08 00:00:00,1.0200734436605328
2014-04-09 00:00:00,1.0200734436605328
2014-04-10 00:00:00,1.0200734436605328
2014-04-11 00:00:00,1.0200734436605328
2014-04-14 00:00:00,1.0200734436605328
2014-04-15 00:00:00,1.0200734436605328
2014-04-16 00:00:00,1.0200734436605328
2014-04-17 00:00:00,1.0200734436605328
2014-04-21 00:00:00,1.0200734436605328
2014-04-22 00:00:00,1.0200734436605328
2014-04-23 00:00:00,1.0200734436605328
2014-04-24 00:00:00,1.0200734436605328
2014-04-25 00:00:00,1.0200734436605328
2014-04-28 00:00:00,1.0200734436605328
2014-04-29 00:00:00,1.0200734436605328
2014-04-30 00:00:00,1.0200734436605328
2014-05-01 00:00:00,1.0200734436605328
2014-05-02 00:00:00,1.0200734436605328
2014-05-05 00:00:00,1.0200734436605328
2014-05-06 00:00:00,1.0200734436605328
2014-05-07 00:00:00,1.0200734436605328
2014-05-08 00:00:00,1.0200734436605328
2014-05-09 00:00:00,1.0200734436605328
2014-05-12 00:00:00,1.0200734436605328
2014-05-13 00:00:00,1.0200734436605328
2014-05-14 00:00:00,1.0200734436605328
2014-05-15 00:00:00,1.0200734436605328
2014-05-16 00:00:00,1.0200734436605328
2014-05-19 00:00:00,1.0200734436605328
2014-05-20 00:00:00,1.0200734436605328
2014-05-21 00:00:00,1.0200734436605328
2014-05-22 00:00:00,1.0200734436605328
2014-05-23 00:00:00,1.0200734436605328
2014-05-27 00:00:00,1.0200734436605328
2014-05-28 00:00:00,1.0200734436605328
2014-05-29 00:00:00,1.0200734436605328
2014-05-30 00:00:00,1.0200734436605328
2014-06-02 00:00:00,1.0154440866075087
2014-06-03 00:00:00,1.0155517460738581
2014-06-04 00:00:00,1.0155517460738581
2014-06-05 00:00:00,1.0180279137998942
2014-06-06 00:00:00,1.020934719391328
2014-06-09 00:00:00,1.0221189735211713
2014-06-10 00:00:00,1.0215806761894244
2014-06-11 00:00:00,1.0216883356557738
2014-06-12 00:00:00,1.0210423788576775
2014-06-13 00:00:00,1.0222266329875207
2014-06-16 00:00:00,1.0216883356557738
2014-06-17 00:00:00,1.020934719391328
2014-06-18 00:00:00,1.025564076444352
2014-06-19 00:00:00,1.025348757511653
2014-06-20 00:00:00,1.0263176927087976
2014-06-23 00:00:00,1.0262100332424484
2014-06-24 00:00:00,1.025348757511653
2014-06-25 00:00:00,1.0268559900405447
2014-06-26 00:00:00,1.0257793953770507
2014-06-27 00:00:00,1.0257793953770507
2014-06-30 00:00:00,1.0249181196462558
2014-07-01 00:00:00,1.020719400458629
2014-07-02 00:00:00,1.0213653572567256
2014-07-03 00:00:00,1.019858124727834
2014-07-07 00:00:00,1.019104508463388
2014-07-08 00:00:00,1.019319827396087
2014-07-09 00:00:00,1.0185662111316411
2014-07-10 00:00:00,1.0174045654897312
2014-07-11 00:00:00,1.0174045654897312
2014-07-14 00:00:00,1.0174045654897312
2014-07-15 00:00:00,1.0174045654897312
2014-07-16 00:00:00,1.0174045654897312
2014-07-17 00:00:00,1.0174045654897312
2014-07-18 00:00:00,1.0174045654897312
2014-07-21 00:00:00,1.0174045654897312
2014-07-22 00:00:00,1.0174045654897312
2014-07-23 00:00:00,1.0174045654897312
2014-07-24 00:00:00,1.0174045654897312
2014-07-25 00:00:00,1.0174045654897312
2014-07-28 00:00:00,1.0174045654897312
2014-07-29 00:00:00,1.0174045654897312
2014-07-30 00:00:00,1.0174045654897312
2014-07-31 00:00:00,1.0174045654897312
2014-08-01 00:00:00,1.0174045654897312
2014-08-04 00:00:00,1.0174045654897312
2014-08-05 00:00:00,1.0174045654897312
2014-08-06 00:00:00,1.0174045654897312
2014-08-07 00:00:00,1.0174045654897312
2014-08-08 00:00:00,1.0174045654897312
2014-08-11 00:00:00,1.0174045654897312
2014-08-12 00:00:00,1.0174045654897312
2014-08-13 00:00:00,1.0174045654897312
2014-08-14 00:00:00,1.0174045654897312
2014-08-15 00:00:00,1.0174045654897312
2014-08-18 00:00:00,1.0174045654897312
2014-08-19 00:00:00,1.0174045654897312
2014-08-20 00:00:00,1.0174045654897312
2014-08-21 00:00:00,1.0174045654897312
2014-08-22 00:00:00,1.0174045654897312
2014-08-25 00:00:00,1.0174045654897312
2014-08-26 00:00:00,1.0174045654897312
2014-08-27 00:00:00,1.0174045654897312
2014-08-28 00:00:00,1.0174045654897312
2014-08-29 00:00:00,1.0174045654897312
2014-09-02 00:00:00,1.0174045654897312
2014-09-03 00:00:00,1.0174045654897312
2014-09-04 00:00:00,1.0174045654897312
2014-09-05 00:00:00,1.0174045654897312
2014-09-08 00:00:00,1.0174045654897312
2014-09-09 00:00:00,1.0174045654897312
2014-09-10 00:00:00,1.0174045654897312
2014-09-11 00:00:00,1.0174045654897312
2014-09-12 00:00:00,1.0174045654897312
2014-09-15 00:00:00,1.0174045654897312
2014-09-16 00:00:00,1.0174045654897312
2014-09-17 00:00:00,1.0174045654897312
2014-09-18 00:00:00,1.0174045654897312
2014-09-19 00:00:00,1.0174045654897312
2014-09-22 00:00:00,1.0174045654897312
2014-09-23 00:00:00,1.0174045654897312
2014-09-24 00:00:00,1.0174045654897312
2014-09-25 00:00:00,1.0174045654897312
2014-09-26 00:00:00,1.0174045654897312
2014-09-29 00:00:00,1.0174045654897312
2014-09-30 00:00:00,1.0174045654897312
2014-10-01 00:00:00,1.0174045654897312
2014-10-02 00:00:00,1.0174045654897312
2014-10-03 00:00:00,1.0174045654897312
2014-10-06 00:00:00,1.0174045654897312
2014-10-07 00:00:00,1.0174045654897312
2014-10-08 00:00:00,1.0174045654897312
2014-10-09 00:00:00,1.0174045654897312
2014-10-10 00:00:00,1.0174045654897312
2014-10-13 00:00:00,1.0174045654897312
2014-10-14 00:00:00,1.0174045654897312
2014-10-15 00:00:00,1.0174045654897312
2014-10-16 00:00:00,1.0174045654897312
2014-10-17 00:00:00,1.0174045654897312
2014-10-20 00:00:00,1.0174045654897312
2014-10-21 00:00:00,1.0174045654897312
2014-10-22 00:00:00,1.0174045654897312
2014-10-23 00:00:00,1.0174045654897312
2014-10-24 00:00:00,1.0174045654897312
2014-10-27 00:00:00,1.0174045654897312
2014-10-28 00:00:00,1.0174045654897312
2014-10-29 00:00:00,1.0174045654897312
2014-10-30 00:00:00,1.0174045654897312
2014-10-31 00:00:00,1.0174045654897312
2014-11-03 00:00:00,1.0174045654897312
2014-11-04 00:00:00,1.0174045654897312
2014-11-05 00:00:00,1.0174045654897312
2014-11-06 00:00:00,1.0174045654897312
2014-11-07 00:00:00,1.0174045654897312
2014-11-10 00:00:00,1.0174045654897312
2014-11-11 00:00:00,1.0174045654897312
2014-11-12 00:00:00,1.0174045654897312
2014-11-13 00:00:00,1.0174045654897312
2014-11-14 00:00:00,1.0174045654897312
2014-11-17 00:00:00,1.0174045654897312
2014-11-18 00:00:00,1.0174045654897312
2014-11-19 00:00:00,1.0174045654897312
2014-11-20 00:00:00,1.0174045654897312
2014-11-21 00:00:00,1.0174045654897312
2014-11-24 00:00:00,1.0174045654897312
2014-11-25 00:00:00,1.0174045654897312
2014-11-26 00:00:00,1.0174045654897312
2014-11-28 00:00:00,1.0174045654897312
2014-12-01 00:00:00,1.0174045654897312
2014-12-02 00:00:00,1.0174045654897312
2014-12-03 00:00:00,1.0174045654897312
2014-12-04 00:00:00,1.0174045654897312
2014-12-05 00:00:00,1.0174045654897312
2014-12-08 00:00:00,1.0174045654897312
2014-12-09 00:00:00,1.0174045654897312
2014-12-10 00:00:00,1.0174045654897312
2014-12-11 00:00:00,1.0174045654897312
2014-12-12 00:00:00,1.0174045654897312
2014-12-15 00:00:00,1.0174045654897312
2014-12-16 00:00:00,1.0174045654897312
2014-12-17 00:00:00,1.0174045654897312
2014-12-18 00:00:00,1.0174045654897312
2014-12-19 00:00:00,1.0174045654897312
2014-12-22 00:00:00,1.0174045654897312
2014-12-23 00:00:00,1.0174045654897312
2014-12-24 00:00:00,1.0174045654897312
2014-12-26 00:00:00,1.0174045654897312
2014-12-29 00:00:00,1.0174045654897312
2014-12-30 00:00:00,1.0174045654897312
2014-12-31 00:00:00,1.0174045654897312
2015-01-02 00:00:00,1.0174045654897312
2015-01-05 00:00:00,1.0174045654897312
2015-01-06 00:00:00,1.0174045654897312
2015-01-07 00:00:00,1.0174045654897312
2015-01-08 00:00:00,1.0174045654897312
2015-01-09 00:00:00,1.0174045654897312
2015-01-12 00:00:00,1.0174045654897312
2015-01-13 00:00:00,1.0174045654897312
2015-01-14 00:00:00,1.0174045654897312
2015-01-15 00:00:00,1.0174045654897312
2015-01-16 00:00:00,1.0174045654897312
2015-01-20 00:00:00,1.0174045654897312
2015-01-21 00:00:00,1.0174045654897312
2015-01-22 00:00:00,1.0174045654897312
2015-01-23 00:00:00,1.0174045654897312
2015-01-26 00:00:00,1.0174045654897312
2015-01-27 00:00:00,1.0174045654897312
2015-01-28 00:00:00,1.0174045654897312
2015-01-29 00:00:00,1.0174045654897312
2015-01-30 00:00:00,1.0174045654897312
2015-02-02 00:00:00,1.0174045654897312
2015-02-03 00:00:00,1.0174045654897312
2015-02-04 00:00:00,1.0174045654897312
2015-02-05 00:00:00,1.0174045654897312
2015-02-06 00:00:00,1.0174045654897312
2015-02-09 00:00:00,1.0174045654897312
2015-02-10 00:00:00,1.0174045654897312
2015-02-11 00:00:00,1.0174045654897312
2015-02-12 00:00:00,1.0174045654897312
2015-02-13 00:00:00,1.0174045654897312
2015-02-17 00:00:00,1.0174045654897312
2015-02-18 00:00:00,1.0174045654897312
2015-02-19 00:00:00,1.0174045654897312
2015-02-20 00:00:00,1.0174045654897312
2015-02-23 00:00:00,1.0174045654897312
2015-02-24 00:00:00,1.0174045654897312
2015-02-25 00:00:00,1.0174045654897312
2015-02-26 00:00:00,1.0174045654897312
2015-02-27 00:00:00,1.0174045654897312
2015-03-02 00:00:00,1.0174045654897312
2015-03-03 00:00:00,1.0174045654897312
2015-03-04 00:00:00,1.0174045654897312
2015-03-05 00:00:00,1.0174045654897312
2015-03-06 00:00:00,1.0174045654897312
2015-03-09 00:00:00,1.0174045654897312
2015-03-10 00:00:00,1.0174045654897312
2015-03-11 00:00:00,1.0174045654897312
2015-03-12 00:00:00,1.0174045654897312
2015-03-13 00:00:00,1.0174045654897312
2015-03-16 00:00:00,1.0174045654897312
2015-03-17 00:00:00,1.0174045654897312
2015-03-18 00:00:00,1.0174045654897312
2015-03-19 00:00:00,1.0174045654897312
2015-03-20 00:00:00,1.0174045654897312
2015-03-23 00:00:00,1.0174045654897312
2015-03-24 00:00:00,1.0174045654897312
2015-03-25 00:00:00,1.0174045654897312
2015-03-26 00:00:00,1.0174045654897312
2015-03-27 00:00:00,1.0174045654897312
2015-03-30 00:00:00,1.0174045654897312
2015-03-31 00:00:00,1.0174045654897312
2015-04-01 00:00:00,1.0174045654897312
2015-04-02 00:00:00,1.0174045654897312
2015-04-06 00:00:00,1.0174045654897312
2015-04-07 00:00:00,1.0174045654897312
2015-04-08 00:00:00,1.0174045654897312
2015-04-09 00:00:00,1.0174045654897312
2015-04-10 00:00:00,1.0174045654897312
2015-04-13 00:00:00,1.0174045654897312
2015-04-14 00:00:00,1.0174045654897312
2015-04-15 00:00:00,1.0174045654897312
2015-04-16 00:00:00,1.0174045654897312
2015-04-17 00:00:00,1.0174045654897312
2015-04-20 00:00:00,1.0174045654897312
2015-04-21 00:00:00,1.0174045654897312
2015-04-22 00:00:00,1.0174045654897312
2015-04-23 00:00:00,1.0174045654897312
2015-04-24 00:00:00,1.0174045654897312
2015-04-27 00:00:00,1.0174045654897312
2015-04-28 00:00:00,1.0174045654897312
2015-04-29 00:00:00,1.0174045654897312
2015-04-30 00:00:00,1.0174045654897312
2015-05-01 00:00:00,1.0174045654897312
2015-05-04 00:00:00,1.0174045654897312
2015-05-05 00:00:00,1.0174045654897312
2015-05-06 00:00:00,1.0174045654897312
2015-05-07 00:00:00,1.0174045654897312
2015-05-08 00:00:00,1.0174045654897312
2015-05-11 00:00:00,1.0174045654897312
2015-05-12 00:00:00,1.0174045654897312
2015-05-13 00:00:00,1.0174045654897312
2015-05-14 00:00:00,1.0174045654897312
2015-05-15 00:00:00,1.0174045654897312
2015-05-18 00:00:00,1.0174045654897312
2015-05-19 00:00:00,1.0174045654897312
2015-05-20 00:00:00,1.0174045654897312
2015-05-21 00:00:00,1.0174045654897312
2015-05-22 00:00:00,1.0174045654897312
2015-05-26 00:00:00,1.0174045654897312
2015-05-27 00:00:00,1.0174045654897312
2015-05-28 00:00:00,1.0174045654897312
2015-05-29 00:00:00,1.0174045654897312
2015-06-01 00:00:00,1.0174045654897312
2015-06-02 00:00:00,1.0174045654897312
2015-06-03 00:00:00,1.0174045654897312
2015-06-04 00:00:00,1.0174045654897312
2015-06-05 00:00:00,1.0174045654897312
2015-06-08 00:00:00,1.0174045654897312
2015-06-09 00:00:00,1.0174045654897312
2015-06-10 00:00:00,1.0174045654897312
2015-06-11 00:00:00,1.0174045654897312
2015-06-12 00:00:00,1.0174045654897312
2015-06-15 00:00:00,1.0174045654897312
2015-06-16 00:00:00,1.0174045654897312
2015-06-17 00:00:00,1.0174045654897312
2015-06-18 00:00:00,1.0174045654897312
2015-06-19 00:00:00,1.0174045654897312
2015-06-22 00:00:00,1.0174045654897312
2015-06-23 00:00:00,1.0174045654897312
2015-06-24 00:00:00,1.0174045654897312
2015-06-25 00:00:00,1.0174045654897312
2015-06-26 00:00:00,1.0174045654897312
2015-06-29 00:00:00,1.0174045654897312
2015-06-30 00:00:00,1.0174045654897312
2015-07-01 00:00:00,1.0174045654897312
2015-07-02 00:00:00,1.0174045654897312
2015-07-06 00:00:00,1.0174045654897312
2015-07-07 00:00:00,1.0174045654897312
2015-07-08 00:00:00,1.0174045654897312
2015-07-09 00:00:00,1.0174045654897312
2015-07-10 00:00:00,1.0174045654897312
2015-07-13 00:00:00,1.0174045654897312
2015-07-14 00:00:00,1.0174045654897312
2015-07-15 00:00:00,1.0174045654897312
2015-07-16 00:00:00,1.0174045654897312
2015-07-17 00:00:00,1.0174045654897312
2015-07-20 00:00:00,1.0174045654897312
2015-07-21 00:00:00,1.0174045654897312
2015-07-22 00:00:00,1.0174045654897312
2015-07-23 00:00:00,1.0174045654897312
2015-07-24 00:00:00,1.0174045654897312
2015-07-27 00:00:00,1.0174045654897312
2015-07-28 00:00:00,1.0174045654897312
2015-07-29 00:00:00,1.0174045654897312
2015-07-30 00:00:00,1.0174045654897312
2015-07-31 00:00:00,1.0174045654897312
2015-08-03 00:00:00,1.0174045654897312
2015-08-04 00:00:00,1.0174045654897312
2015-08-05 00:00:00,1.0174045654897312
2015-08-06 00:00:00,1.0174045654897312
2015-08-07 00:00:00,1.0174045654897312
2015-08-10 00:00:00,1.0174045654897312
2015-08-11 00:00:00,1.0174045654897312
2015-08-12 00:00:00,1.0174045654897312
2015-08-13 00:00:00,1.0174045654897312
2015-08-14 00:00:00,1.0174045654897312
2015-08-17 00:00:00,1.0174045654897312
2015-08-18 00:00:00,1.0174045654897312
2015-08-19 00:00:00,1.0174045654897312
2015-08-20 00:00:00,1.0174045654897312
2015-08-21 00:00:00,1.0174045654897312
2015-08-24 00:00:00,1.0174045654897312
2015-08-25 00:00:00,1.0174045654897312
2015-08-26 00:00:00,1.0174045654897312
2015-08-27 00:00:00,1.0174045654897312
2015-08-28 00:00:00,1.0174045654897312
2015-08-31 00:00:00,1.0174045654897312
2015-09-01 00:00:00,1.0174045654897312
2015-09-02 00:00:00,1.0174045654897312
2015-09-03 00:00:00,1.0174045654897312
2015-09-04 00:00:00,1.0174045654897312
2015-09-08 00:00:00,1.0174045654897312
2015-09-09 00:00:00,1.0174045654897312
2015-09-10 00:00:00,1.0174045654897312
2015-09-11 00:00:00,1.0174045654897312
2015-09-14 00:00:00,1.0174045654897312
2015-09-15 00:00:00,1.0174045654897312
2015-09-16 00:00:00,1.0174045654897312
2015-09-17 00:00:00,1.0174045654897312
2015-09-18 00:00:00,1.0174045654897312
2015-09-21 00:00:00,1.0174045654897312
2015-09-22 00:00:00,1.0174045654897312
2015-09-23 00:00:00,1.0174045654897312
2015-09-24 00:00:00,1.0174045654897312
2015-09-25 00:00:00,1.0174045654897312
2015-09-28 00:00:00,1.0174045654897312
2015-09-29 00:00:00,1.0174045654897312
2015-09-30 00:00:00,1.0174045654897312
2015-10-01 00:00:00,1.0174045654897312
2015-10-02 00:00:00,1.0174045654897312
2015-10-05 00:00:00,1.0174045654897312
2015-10-06 00:00:00,1.0174045654897312
2015-10-07 00:00:00,1.0174045654897312
2015-10-08 00:00:00,1.0174045654897312
2015-10-09 00:00:00,1.0174045654897312
2015-10-12 00:00:00,1.0174045654897312
2015-10-13 00:00:00,1.0174045654897312
2015-10-14 00:00:00,1.0174045654897312
2015-10-15 00:00:00,1.0174045654897312
2015-10-16 00:00:00,1.0174045654897312
2015-10-19 00:00:00,1.0174045654897312
2015-10-20 00:00:00,1.0174045654897312
2015-10-21 00:00:00,1.0174045654897312
2015-10-22 00:00:00,1.0174045654897312
2015-10-23 00:00:00,1.0174045654897312
2015-10-26 00:00:00,1.0174045654897312
2015-10-27 00:00:00,1.0174045654897312
2015-10-28 00:00:00,1.0174045654897312
2015-10-29 00:00:00,1.0174045654897312
2015-10-30 00:00:00,1.0174045654897312
2015-11-02 00:00:00,1.0174045654897312
2015-11-03 00:00:00,1.0174045654897312
2015-11-04 00:00:00,1.0174045654897312
2015-11-05 00:00:00,1.0174045654897312
2015-11-06 00:00:00,1.0174045654897312
2015-11-09 00:00:00,1.0174045654897312
2015-11-10 00:00:00,1.0174045654897312
2015-11-11 00:00:00,1.0174045654897312
2015-11-12 00:00:00,1.0174045654897312
2015-11-13 00:00:00,1.0174045654897312
2015-11-16 00:00:00,1.0174045654897312
2015-11-17 00:00:00,1.0174045654897312
2015-11-18 00:00:00,1.0174045654897312
2015-11-19 00:00:00,1.0174045654897312
2015-11-20 00:00:00,1.0174045654897312
2015-11-23 00:00:00,1.0174045654897312
2015-11-24 00:00:00,1.0174045654897312
2015-11-25 00:00:00,1.0174045654897312
2015-11-27 00:00:00,1.0174045654897312
2015-11-30 00:00:00,1.0174045654897312
2015-12-01 00:00:00,1.0174045654897312
2015-12-02 00:00:00,1.0174045654897312
2015-12-03 00:00:00,1.0174045654897312
2015-12-04 00:00:00,1.0174045654897312
2015-12-07 00:00:00,1.0174045654897312
2015-12-08 00:00:00,1.0174045654897312
2015-12-09 00:00:00,1.0174045654897312
2015-12-10 00:00:00,1.0174045654897312
2015-12-11 00:00:00,1.0174045654897312
2015-12-14 00:00:00,1.0174045654897312
2015-12-15 00:00:00,1.0174045654897312
2015-12-16 00:00:00,1.0174045654897312
2015-12-17 00:00:00,1.0174045654897312
2015-12-18 00:00:00,1.0174045654897312
2015-12-21 00:00:00,1.0174045654897312
2015-12-22 00:00:00,1.0174045654897312
2015-12-23 00:00:00,1.0174045654897312
2015-12-24 00:00:00,1.0174045654897312
2015-12-28 00:00:00,1.0174045654897312
2015-12-29 00:00:00,1.0174045654897312
2015-12-30 00:00:00,1.0174045654897312
2015-12-31 00:00:00,1.0174045654897312
2016-01-04 00:00:00,1.0174045654897312
2016-01-05 00:00:00,1.0174045654897312
2016-01-06 00:00:00,1.0174045654897312
2016-01-07 00:00:00,1.0174045654897312
2016-01-08 00:00:00,1.0174045654897312
2016-01-11 00:00:00,1.0174045654897312
2016-01-12 00:00:00,1.0174045654897312
2016-01-13 00:00:00,1.0174045654897312
2016-01-14 00:00:00,1.0174045654897312
2016-01-15 00:00:00,1.0174045654897312
2016-01-19 00:00:00,1.0174045654897312
2016-01-20 00:00:00,1.0174045654897312
2016-01-21 00:00:00,1.0174045654897312
2016-01-22 00:00:00,1.0174045654897312
2016-01-25 00:00:00,1.0174045654897312
2016-01-26 00:00:00,1.0174045654897312
2016-01-27 00:00:00,1.0174045654897312
2016-01-28 00:00:00,1.0174045654897312
2016-01-29 00:00:00,1.0174045654897312
2016-02-01 00:00:00,1.0174045654897312
2016-02-02 00:00:00,1.0174045654897312
2016-02-03 00:00:00,1.0174045654897312
2016-02-04 00:00:00,1.0174045654897312
2016-02-05 00:00:00,1.0174045654897312
2016-02-08 00:00:00,1.0174045654897312
2016-02-09 00:00:00,1.0174045654897312
2016-02-10 00:00:00,1.0174045654897312
2016-02-11 00:00:00,1.0174045654897312
2016-02-12 00:00:00,1.0174045654897312
2016-02-16 00:00:00,1.0174045654897312
2016-02-17 00:00:00,1.0174045654897312
2016-02-18 00:00:00,1.0174045654897312
2016-02-19 00:00:00,1.0174045654897312
2016-02-22 00:00:00,1.0174045654897312
2016-02-23 00:00:00,1.0174045654897312
2016-02-24 00:00:00,1.0174045654897312
2016-02-25 00:00:00,1.0174045654897312
2016-02-26 00:00:00,1.0174045654897312
2016-02-29 00:00:00,1.0174045654897312
2016-03-01 00:00:00,1.0174045654897312
2016-03-02 00:00:00,1.0174045654897312
2016-03-03 00:00:00,1.0174045654897312
2016-03-04 00:00:00,1.0174045654897312
2016-03-07 00:00:00,1.0174045654897312
2016-03-08 00:00:00,1.0174045654897312
2016-03-09 00:00:00,1.0174045654897312
2016-03-10 00:00:00,1.0174045654897312
2016-03-11 00:00:00,1.0174045654897312
2016-03-14 00:00:00,1.0174045654897312
2016-03-15 00:00:00,1.0174045654897312
2016-03-16 00:00:00,1.0174045654897312
2016-03-17 00:00:00,1.0174045654897312
2016-03-18 00:00:00,1.0174045654897312
2016-03-21 00:00:00,1.0174045654897312
2016-03-22 00:00:00,1.0174045654897312
2016-03-23 00:00:00,1.0174045654897312
2016-03-24 00:00:00,1.0174045654897312
2016-03-28 00:00:00,1.0174045654897312
2016-03-29 00:00:00,1.0174045654897312
2016-03-30 00:00:00,1.0174045654897312
2016-03-31 00:00:00,1.0174045654897312
2016-04-01 00:00:00,1.0174045654897312
2016-04-04 00:00:00,1.0174045654897312
2016-04-05 00:00:00,1.0174045654897312
2016-04-06 00:00:00,1.0174045654897312
2016-04-07 00:00:00,1.0174045654897312
2016-04-08 00:00:00,1.0174045654897312
2016-04-11 00:00:00,1.0174045654897312
2016-04-12 00:00:00,1.0174045654897312
2016-04-13 00:00:00,1.0174045654897312
2016-04-14 00:00:00,1.0174045654897312
2016-04-15 00:00:00,1.0174045654897312
2016-04-18 00:00:00,1.0174045654897312
2016-04-19 00:00:00,1.0174045654897312
2016-04-20 00:00:00,1.0174045654897312
2016-04-21 00:00:00,1.013021824750515
2016-04-22 00:00:00,1.0153349379184349
2016-04-25 00:00:00,1.0114391683724646
2016-04-26 00:00:00,1.0148479667251886
2016-04-27 00:00:00,1.020813363842455
2016-04-28 00:00:00,1.0191089646660931
2016-04-29 00:00:00,1.020813363842455
2016-05-02 00:00:00,1.0165523659015503
2016-05-03 00:00:00,1.0099782547927258
2016-05-04 00:00:00,1.0062042280450676
2016-05-05 00:00:00,1.0053520284568866
2016-05-06 00:00:00,1.000471514903377
2016-05-09 00:00:00,1.000471514903377
2016-05-10 00:00:00,1.000471514903377
2016-05-11 00:00:00,1.000471514903377
2016-05-12 00:00:00,1.000471514903377
2016-05-13 00:00:00,1.000471514903377
2016-05-16 00:00:00,1.000471514903377
2016-05-17 00:00:00,1.000471514903377
2016-05-18 00:00:00,1.000471514903377
2016-05-19 00:00:00,1.000471514903377
2016-05-20 00:00:00,1.000471514903377
2016-05-23 00:00:00,1.000471514903377
2016-05-24 00:00:00,1.000471514903377
2016-05-25 00:00:00,1.000471514903377
2016-05-26 00:00:00,1.000471514903377
2016-05-27 00:00:00,1.000471514903377
2016-05-31 00:00:00,1.000471514903377
2016-06-01 00:00:00,1.000471514903377
2016-06-02 00:00:00,1.000471514903377
2016-06-03 00:00:00,1.000471514903377
2016-06-06 00:00:00,1.000471514903377
2016-06-07 00:00:00,1.000471514903377
2016-06-08 00:00:00,1.0029620200969487
2016-06-09 00:00:00,0.9990483690784787
2016-06-10 00:00:00,0.9941859541767435
2016-06-13 00:00:00,0.9873465316167681
2016-06-14 00:00:00,0.9873465316167681
2016-06-15 00:00:00,0.9873465316167681
2016-06-16 00:00:00,0.9873465316167681
2016-06-17 00:00:00,0.9873465316167681
2016-06-20 00:00:00,0.9873465316167681
2016-06-21 00:00:00,0.9873465316167681
2016-06-22 00:00:00,0.9873465316167681
2016-06-23 00:00:00,0.9873465316167681
2016-06-24 00:00:00,0.9904397970489933
2016-06-27 00:00:00,0.9761631873618005
2016-06-28 00:00:00,0.985048045045829
2016-06-29 00:00:00,0.985048045045829
2016-06-30 00:00:00,0.985048045045829
2016-07-01 00:00:00,0.9869174281226566
2016-07-05 00:00:00,0.9813092788921738
2016-07-06 00:00:00,0.9856322272573377
2016-07-07 00:00:00,0.9869174281226566
2016-07-08 00:00:00,1.0000031096604496
2016-07-11 00:00:00,1.0005872918719583
2016-07-12 00:00:00,1.0033913664871994
2016-07-13 00:00:00,1.0004704554296564
2016-07-14 00:00:00,1.0024566749487855
2016-07-15 00:00:00,1.0004704554296564
2016-07-18 00:00:00,1.0038587122564064
2016-07-19 00:00:00,1.0011714740834667
2016-07-20 00:00:00,1.0037418758141048
2016-07-21 00:00:00,1.0023398385064841
2016-07-22 00:00:00,1.0067796233139497
2016-07-25 00:00:00,1.0019893291795787
2016-07-26 00:00:00,0.9981337265836221
2016-07-27 00:00:00,1.0011714740834667
2016-07-28 00:00:00,0.9969653621606048
2016-07-29 00:00:00,0.9979000536990186
2016-08-01 00:00:00,0.9878521196610703
2016-08-02 00:00:00,0.9864500823534498
2016-08-03 00:00:00,0.9908898671609151
2016-08-04 00:00:00,0.9971990350452081
2016-08-05 00:00:00,0.999418927448941
2016-08-08 00:00:00,1.0035082029295013
2016-08-09 00:00:00,1.0070132961985527
2016-08-10 00:00:00,1.0051439131217252
2016-08-11 00:00:00,1.0075974784100614
2016-08-12 00:00:00,1.0084153335061736
2016-08-15 00:00:00,1.0113946627848676
2016-08-16 00:00:00,1.0093500250445875
2016-08-17 00:00:00,1.0107520623522082
2016-08-18 00:00:00,1.0147245013904667
2016-08-19 00:00:00,1.011686753890622
2016-08-22 00:00:00,1.0100510436983978
2016-08-23 00:00:00,1.0134393005251476
2016-08-24 00:00:00,1.0106352259099063
2016-08-25 00:00:00,1.0125046089867338
2016-08-26 00:00:00,1.0113362445637168
2016-08-29 00:00:00,1.0163602115826909
2016-08-30 00:00:00,1.0169443937941995
2016-08-31 00:00:00,1.0129719547559408
2016-09-01 00:00:00,1.0106352259099063
2016-09-02 00:00:00,1.0153086836019753
2016-09-06 00:00:00,1.0164770480249925
2016-09-07 00:00:00,1.0136729734097512
2016-09-08 00:00:00,1.0118035903329237
2016-09-09 00:00:00,1.0021061656218804
2016-09-12 00:00:00,0.9997259268847329
2016-09-13 00:00:00,0.9997259268847329
2016-09-14 00:00:00,0.9997259268847329
2016-09-15 00:00:00,0.9997259268847329
2016-09-16 00:00:00,0.9997259268847329
2016-09-19 00:00:00,0.9997259268847329
2016-09-20 00:00:00,0.9997259268847329
2016-09-21 00:00:00,0.9997259268847329
2016-09-22 00:00:00,0.9997259268847329
2016-09-23 00:00:00,0.9997259268847329
2016-09-26 00:00:00,0.9997259268847329
2016-09-27 00:00:00,0.9997259268847329
2016-09-28 00:00:00,0.9997259268847329
2016-09-29 00:00:00,0.9964000060542112
2016-09-30 00:00:00,1.0007581092114466
2016-10-03 00:00:00,0.9957118845030687
2016-10-04 00:00:00,0.9939915806252129
2016-10-05 00:00:00,0.9966293799045921
2016-10-06 00:00:00,0.9972028145305442
2016-10-07 00:00:00,0.9994965530343523
2016-10-10 00:00:00,1.0023637261641123
2016-10-11 00:00:00,0.9967440668297824
2016-10-12 00:00:00,0.9964000060542112
2016-10-13 00:00:00,0.9938768937000224
2016-10-14 00:00:00,0.9961706322038305
2016-10-17 00:00:00,0.9947943891015456
2016-10-18 00:00:00,0.9988084314832097
2016-10-19 00:00:00,1.0016756046129698
2016-10-20 00:00:00,1.00179029153816
2016-10-21 00:00:00,1.002019665388541
2016-10-24 00:00:00,1.002593100014493
2016-10-25 00:00:00,1.002019665388541
2016-10-26 00:00:00,0.9980056230068768
2016-10-27 00:00:00,0.994335641400784
2016-10-28 00:00:00,0.9895187905427872
2016-10-31 00:00:00,0.9855284495374486
2016-11-01 00:00:00,0.9855284495374486
2016-11-02 00:00:00,0.9855284495374486
2016-11-03 00:00:00,0.9855284495374486
2016-11-04 00:00:00,0.9855284495374486
2016-11-07 00:00:00,0.9855284495374486
2016-11-08 00:00:00,0.9855284495374486
2016-11-09 00:00:00,0.9855284495374486
2016-11-10 00:00:00,0.9855284495374486
2016-11-11 00:00:00,0.9855284495374486
2016-11-14 00:00:00,0.9855284495374486
2016-11-15 00:00:00,0.9855284495374486
2016-11-16 00:00:00,0.9855284495374486
2016-11-17 00:00:00,0.9855284495374486
2016-11-18 00:00:00,0.9855284495374486
2016-11-21 00:00:00,0.9855284495374486
2016-11-22 00:00:00,0.9855284495374486
2016-11-23 00:00:00,0.9855284495374486
2016-11-25 00:00:00,0.9855284495374486
2016-11-28 00:00:00,0.9855284495374486
2016-11-29 00:00:00,0.9855284495374486
2016-11-30 00:00:00,0.9855284495374486
2016-12-01 00:00:00,0.9855284495374486
2016-12-02 00:00:00,0.9855284495374486
2016-12-05 00:00:00,0.9855284495374486
2016-12-06 00:00:00,0.9855284495374486
2016-12-07 00:00:00,0.9855284495374486
2016-12-08 00:00:00,0.9855284495374486
2016-12-09 00:00:00,0.9855284495374486
2016-12-12 00:00:00,0.9855284495374486
2016-12-13 00:00:00,0.9855284495374486
2016-12-14 00:00:00,0.9855284495374486
2016-12-15 00:00:00,0.9855284495374486
2016-12-16 00:00:00,0.9855284495374486
2016-12-19 00:00:00,0.9855284495374486
2016-12-20 00:00:00,0.9855284495374486
2016-12-21 00:00:00,0.9855284495374486
2016-12-22 00:00:00,0.9855284495374486
2016-12-23 00:00:00,0.9855284495374486
2016-12-27 00:00:00,0.9855284495374486
2016-12-28 00:00:00,0.9855284495374486
2016-12-29 00:00:00,0.9855284495374486
2016-12-30 00:00:00,0.9855284495374486
2017-01-03 00:00:00,0.9855284495374486
2017-01-04 00:00:00,0.9855284495374486
2017-01-05 00:00:00,0.9855284495374486
2017-01-06 00:00:00,0.9855284495374486
2017-01-09 00:00:00,0.9855284495374486
2017-01-10 00:00:00,0.9855284495374486
2017-01-11 00:00:00,0.9855284495374486
2017-01-12 00:00:00,0.9855284495374486
2017-01-13 00:00:00,0.9855284495374486
2017-01-17 00:00:00,0.9855284495374486
2017-01-18 00:00:00,0.9855284495374486
2017-01-19 00:00:00,0.9855284495374486
2017-01-20 00:00:00,0.9855284495374486
2017-01-23 00:00:00,0.9855284495374486
2017-01-24 00:00:00,0.9855284495374486
2017-01-25 00:00:00,0.9855284495374486
2017-01-26 00:00:00,0.9858663450058615
2017-01-27 00:00:00,0.9867673995882956
2017-01-30 00:00:00,0.9847400267778187
2017-01-31 00:00:00,0.9837263403725801
2017-02-01 00:00:00,0.9830505494357544
2017-02-02 00:00:00,0.9836137085497758
2017-02-03 00:00:00,0.9853031858918401
2017-02-06 00:00:00,0.9846273949550144
2017-02-07 00:00:00,0.9831631812585587
2017-02-08 00:00:00,0.9838389721953843
2017-02-09 00:00:00,0.9851905540690357
2017-02-10 00:00:00,0.9858663450058615
2017-02-13 00:00:00,0.9873305587023169
2017-02-14 00:00:00,0.9880063496391427
2017-02-15 00:00:00,0.9883442451075556
2017-02-16 00:00:00,0.9875558223479257
2017-02-17 00:00:00,0.988569508753164
2017-02-21 00:00:00,0.9918358316144882
2017-02-22 00:00:00,0.9922863589057054
2017-02-23 00:00:00,0.9931874134881395
2017-02-24 00:00:00,0.9939758362477696
2017-02-27 00:00:00,0.9952147862986167
2017-02-28 00:00:00,0.9944263635389868
2017-03-01 00:00:00,0.993750572602161
2017-03-02 00:00:00,0.9905968815636411
2017-03-03 00:00:00,0.9910474088548583
2017-03-06 00:00:00,0.9878937178163384
2017-03-07 00:00:00,0.9814737039164945
2017-03-08 00:00:00,0.9767855396190719
2017-03-09 00:00:00,0.9767855396190719
2017-03-10 00:00:00,0.9767855396190719
2017-03-13 00:00:00,0.9767855396190719
2017-03-14 00:00:00,0.9767855396190719
2017-03-15 00:00:00,0.9767855396190719
2017-03-16 00:00:00,0.9767855396190719
2017-03-17 00:00:00,0.9767855396190719
2017-03-20 00:00:00,0.9767855396190719
2017-03-21 00:00:00,0.9767855396190719
2017-03-22 00:00:00,0.9767855396190719
2017-03-23 00:00:00,0.9767855396190719
2017-03-24 00:00:00,0.9767855396190719
2017-03-27 00:00:00,0.9767855396190719
2017-03-28 00:00:00,0.9767855396190719
2017-03-29 00:00:00,0.9767855396190719
2017-03-30 00:00:00,0.9767855396190719
2017-03-31 00:00:00,0.9767855396190719
2017-04-03 00:00:00,0.9767855396190719
2017-04-04 00:00:00,0.9767855396190719
2017-04-05 00:00:00,0.9767855396190719
2017-04-06 00:00:00,0.9767855396190719
2017-04-07 00:00:00,0.9767855396190719
2017-04-10 00:00:00,0.9767855396190719
2017-04-11 00:00:00,0.9767855396190719
2017-04-12 00:00:00,0.9767855396190719
2017-04-13 00:00:00,0.9767855396190719
2017-04-17 00:00:00,0.9767855396190719
2017-04-18 00:00:00,0.9767855396190719
2017-04-19 00:00:00,0.9767855396190719
2017-04-20 00:00:00,0.9767855396190719
2017-04-21 00:00:00,0.9767855396190719
2017-04-24 00:00:00,0.9767855396190719
2017-04-25 00:00:00,0.9767855396190719
2017-04-26 00:00:00,0.9767855396190719
2017-04-27 00:00:00,0.9767855396190719
2017-04-28 00:00:00,0.9767855396190719
2017-05-01 00:00:00,0.9767855396190719
2017-05-02 00:00:00,0.9767855396190719
2017-05-03 00:00:00,0.9767855396190719
2017-05-04 00:00:00,0.9767855396190719
2017-05-05 00:00:00,0.9767855396190719
2017-05-08 00:00:00,0.9767855396190719
2017-05-09 00:00:00,0.9767855396190719
2017-05-10 00:00:00,0.9767855396190719
2017-05-11 00:00:00,0.9767855396190719
2017-05-12 00:00:00,0.9767855396190719
2017-05-15 00:00:00,0.9767855396190719
2017-05-16 00:00:00,0.9767855396190719
2017-05-17 00:00:00,0.9767855396190719
2017-05-18 00:00:00,0.9767855396190719
2017-05-19 00:00:00,0.9767855396190719
2017-05-22 00:00:00,0.9767855396190719
2017-05-23 00:00:00,0.9762336210183152
2017-05-24 00:00:00,0.9778893768205852
2017-05-25 00:00:00,0.9771166907795259
2017-05-26 00:00:00,0.9776686093802825
2017-05-30 00:00:00,0.9786620628616444
2017-05-31 00:00:00,0.9785516791414932
2017-06-01 00:00:00,0.9772270744996773
2017-06-02 00:00:00,0.9777789931004337
2017-06-05 00:00:00,0.9768959233392233
2017-06-06 00:00:00,0.9753505512571047
2017-06-07 00:00:00,0.973363644294381
2017-06-08 00:00:00,0.9741363303354401
2017-06-09 00:00:00,0.9749090163764994
2017-06-12 00:00:00,0.9765647721787692
2017-06-13 00:00:00,0.9783309117011904
2017-06-14 00:00:00,0.9784412954213417
2017-06-15 00:00:00,0.9746882489361968
2017-06-16 00:00:00,0.973032493133927
2017-06-19 00:00:00,0.9760128535780126
2017-06-20 00:00:00,0.9725909582533216
2017-06-21 00:00:00,0.9680926871221645
2017-06-22 00:00:00,0.9680926871221645
2017-06-23 00:00:00,0.9680926871221645
2017-06-26 00:00:00,0.9680926871221645
2017-06-27 00:00:00,0.9680926871221645
2017-06-28 00:00:00,0.9680926871221645
2017-06-29 00:00:00,0.9680926871221645
2017-06-30 00:00:00,0.9680926871221645
2017-07-03 00:00:00,0.9680926871221645
2017-07-05 00:00:00,0.9680926871221645
2017-07-06 00:00:00,0.9680926871221645
2017-07-07 00:00:00,0.9680926871221645
2017-07-10 00:00:00,0.9680926871221645
2017-07-11 00:00:00,0.9680926871221645
2017-07-12 00:00:00,0.9680926871221645
2017-07-13 00:00:00,0.9680926871221645
2017-07-14 00:00:00,0.9680926871221645
2017-07-17 00:00:00,0.9680926871221645
2017-07-18 00:00:00,0.9680926871221645
2017-07-19 00:00:00,0.9680926871221645
2017-07-20 00:00:00,0.9676568056781653
2017-07-21 00:00:00,0.9668940131511667
2017-07-24 00:00:00,0.9676568056781653
2017-07-25 00:00:00,0.9680926871221645
2017-07-26 00:00:00,0.9695093018151616
2017-07-27 00:00:00,0.9687465092881633
2017-07-28 00:00:00,0.968855479649163
2017-07-31 00:00:00,0.968855479649163
2017-08-01 00:00:00,0.9658043095411687
2017-08-02 00:00:00,0.9660222502631685
2017-08-03 00:00:00,0.9641697541261719
2017-08-04 00:00:00,0.9643876948481714
2017-08-07 00:00:00,0.9639518134041721
2017-08-08 00:00:00,0.9599657573435617
2017-08-09 00:00:00,0.9599657573435617
2017-08-10 00:00:00,0.9599657573435617
2017-08-11 00:00:00,0.9599657573435617
2017-08-14 00:00:00,0.9599657573435617
2017-08-15 00:00:00,0.9599657573435617
2017-08-16 00:00:00,0.9599657573435617
2017-08-17 00:00:00,0.9599657573435617
2017-08-18 00:00:00,0.9599657573435617
2017-08-21 00:00:00,0.9599657573435617
2017-08-22 00:00:00,0.9599657573435617
2017-08-23 00:00:00,0.9599657573435617
2017-08-24 00:00:00,0.9599657573435617
2017-08-25 00:00:00,0.9599657573435617
2017-08-28 00:00:00,0.9599657573435617
2017-08-29 00:00:00,0.9599657573435617
2017-08-30 00:00:00,0.9599657573435617
2017-08-31 00:00:00,0.9599657573435617
2017-09-01 00:00:00,0.9599657573435617
2017-09-05 00:00:00,0.9599657573435617
2017-09-06 00:00:00,0.9599657573435617
2017-09-07 00:00:00,0.9599657573435617
2017-09-08 00:00:00,0.9599657573435617
2017-09-11 00:00:00,0.9599657573435617
2017-09-12 00:00:00,0.9599657573435617
2017-09-13 00:00:00,0.9599657573435617
2017-09-14 00:00:00,0.9599657573435617
2017-09-15 00:00:00,0.9599657573435617
2017-09-18 00:00:00,0.9599657573435617
2017-09-19 00:00:00,0.9599657573435617
2017-09-20 00:00:00,0.9599657573435617
2017-09-21 00:00:00,0.9599657573435617
2017-09-22 00:00:00,0.9599657573435617
2017-09-25 00:00:00,0.9599657573435617
2017-09-26 00:00:00,0.9599657573435617
2017-09-27 00:00:00,0.9599657573435617
2017-09-28 00:00:00,0.9599657573435617
2017-09-29 00:00:00,0.9599657573435617
2017-10-02 00:00:00,0.9599657573435617
2017-10-03 00:00:00,0.9599657573435617
2017-10-04 00:00:00,0.9599657573435617
2017-10-05 00:00:00,0.9599657573435617
2017-10-06 00:00:00,0.9599657573435617
2017-10-09 00:00:00,0.9599657573435617
2017-10-10 00:00:00,0.9599657573435617
2017-10-11 00:00:00,0.9599657573435617
2017-10-12 00:00:00,0.9599657573435617
2017-10-13 00:00:00,0.9599657573435617
2017-10-16 00:00:00,0.9599657573435617
2017-10-17 00:00:00,0.9599657573435617
2017-10-18 00:00:00,0.9599657573435617
2017-10-19 00:00:00,0.9599657573435617
2017-10-20 00:00:00,0.9599657573435617
2017-10-23 00:00:00,0.9599657573435617
2017-10-24 00:00:00,0.9599657573435617
2017-10-25 00:00:00,0.9599657573435617
2017-10-26 00:00:00,0.9599657573435617
2017-10-27 00:00:00,0.9599657573435617
2017-10-30 00:00:00,0.9599657573435617
2017-10-31 00:00:00,0.9599657573435617
2017-11-01 00:00:00,0.9599657573435617
2017-11-02 00:00:00,0.9599657573435617
2017-11-03 00:00:00,0.9599657573435617
2017-11-06 00:00:00,0.9599657573435617
2017-11-07 00:00:00,0.9599657573435617
2017-11-08 00:00:00,0.9599657573435617
2017-11-09 00:00:00,0.9599657573435617
2017-11-10 00:00:00,0.9599657573435617
2017-11-13 00:00:00,0.9599657573435617
2017-11-14 00:00:00,0.9599657573435617
2017-11-15 00:00:00,0.9599657573435617
2017-11-16 00:00:00,0.9599657573435617
2017-11-17 00:00:00,0.9599657573435617
2017-11-20 00:00:00,0.9599657573435617
2017-11-21 00:00:00,0.9599657573435617
2017-11-22 00:00:00,0.9599657573435617
2017-11-24 00:00:00,0.9599657573435617
2017-11-27 00:00:00,0.9599657573435617
2017-11-28 00:00:00,0.9599657573435617
2017-11-29 00:00:00,0.9599657573435617
2017-11-30 00:00:00,0.9599657573435617
2017-12-01 00:00:00,0.9599657573435617
2017-12-04 00:00:00,0.9599657573435617
2017-12-05 00:00:00,0.9599657573435617
2017-12-06 00:00:00,0.9599657573435617
2017-12-07 00:00:00,0.9599657573435617
2017-12-08 00:00:00,0.9599657573435617
2017-12-11 00:00:00,0.9599657573435617
2017-12-12 00:00:00,0.9599657573435617
2017-12-13 00:00:00,0.9599657573435617
2017-12-14 00:00:00,0.9599657573435617
2017-12-15 00:00:00,0.9599657573435617
2017-12-18 00:00:00,0.9599657573435617
2017-12-19 00:00:00,0.9599657573435617
2017-12-20 00:00:00,0.9599657573435617
2017-12-21 00:00:00,0.9599657573435617
2017-12-22 00:00:00,0.9599657573435617
2017-12-26 00:00:00,0.9599657573435617
2017-12-27 00:00:00,0.9599657573435617
2017-12-28 00:00:00,0.9599657573435617
2017-12-29 00:00:00,0.9599657573435617
2018-01-02 00:00:00,0.9599657573435617
2018-01-03 00:00:00,0.9599657573435617
2018-01-04 00:00:00,0.9599657573435617
2018-01-05 00:00:00,0.9599657573435617
2018-01-08 00:00:00,0.9599657573435617
2018-01-09 00:00:00,0.9599657573435617
2018-01-10 00:00:00,0.9599657573435617
2018-01-11 00:00:00,0.9599657573435617
2018-01-12 00:00:00,0.9599657573435617
2018-01-16 00:00:00,0.9599657573435617
2018-01-17 00:00:00,0.9599657573435617
2018-01-18 00:00:00,0.9599657573435617
2018-01-19 00:00:00,0.9599657573435617
2018-01-22 00:00:00,0.9599657573435617
2018-01-23 00:00:00,0.9599657573435617
2018-01-24 00:00:00,0.9599657573435617
2018-01-25 00:00:00,0.9599657573435617
2018-01-26 00:00:00,0.9599657573435617
2018-01-29 00:00:00,0.9599657573435617
2018-01-30 00:00:00,0.9599657573435617
2018-01-31 00:00:00,0.9599657573435617
2018-02-01 00:00:00,0.9599657573435617
2018-02-02 00:00:00,0.9599657573435617
2018-02-05 00:00:00,0.9599657573435617
2018-02-06 00:00:00,0.9599657573435617
2018-02-07 00:00:00,0.9599657573435617
2018-02-08 00:00:00,0.9599657573435617
2018-02-09 00:00:00,0.9599657573435617
2018-02-12 00:00:00,0.9599657573435617
2018-02-13 00:00:00,0.9599657573435617
2018-02-14 00:00:00,0.9599657573435617
2018-02-15 00:00:00,0.9599657573435617
2018-02-16 00:00:00,0.9599657573435617
2018-02-20 00:00:00,0.9599657573435617
2018-02-21 00:00:00,0.9599657573435617
2018-02-22 00:00:00,0.9599657573435617
2018-02-23 00:00:00,0.9599657573435617
2018-02-26 00:00:00,0.9599657573435617
2018-02-27 00:00:00,0.9599657573435617
2018-02-28 00:00:00,0.9599657573435617
2018-03-01 00:00:00,0.9599657573435617
2018-03-02 00:00:00,0.9599657573435617
2018-03-05 00:00:00,0.9599657573435617
2018-03-06 00:00:00,0.9599657573435617
2018-03-07 00:00:00,0.9599657573435617
2018-03-08 00:00:00,0.9599657573435617
2018-03-09 00:00:00,0.9599657573435617
2018-03-12 00:00:00,0.9599657573435617
2018-03-13 00:00:00,0.9599657573435617
2018-03-14 00:00:00,0.9599657573435617
2018-03-15 00:00:00,0.9599657573435617
2018-03-16 00:00:00,0.9599657573435617
2018-03-19 00:00:00,0.9599657573435617
2018-03-20 00:00:00,0.9599657573435617
2018-03-21 00:00:00,0.9599657573435617
2018-03-22 00:00:00,0.9599657573435617
2018-03-23 00:00:00,0.9599657573435617
2018-03-26 00:00:00,0.9599657573435617
2018-03-27 00:00:00,0.9599657573435617
2018-03-28 00:00:00,0.9599657573435617
2018-03-29 00:00:00,0.9599657573435617
2018-04-02 00:00:00,0.9599657573435617
2018-04-03 00:00:00,0.9599657573435617
2018-04-04 00:00:00,0.9599657573435617
2018-04-05 00:00:00,0.9599657573435617
2018-04-06 00:00:00,0.9599657573435617
2018-04-09 00:00:00,0.9599657573435617
2018-04-10 00:00:00,0.9599657573435617
2018-04-11 00:00:00,0.9599657573435617
2018-04-12 00:00:00,0.9599657573435617
2018-04-13 00:00:00,0.9599657573435617
2018-04-16 00:00:00,0.9599657573435617
2018-04-17 00:00:00,0.9599657573435617
2018-04-18 00:00:00,0.9599657573435617
2018-04-19 00:00:00,0.9599657573435617
2018-04-20 00:00:00,0.9599657573435617
2018-04-23 00:00:00,0.9599657573435617
2018-04-24 00:00:00,0.9599657573435617
2018-04-25 00:00:00,0.9599657573435617
2018-04-26 00:00:00,0.9599657573435617
2018-04-27 00:00:00,0.9599657573435617
2018-04-30 00:00:00,0.9599657573435617
2018-05-01 00:00:00,0.9599657573435617
2018-05-02 00:00:00,0.9599657573435617
2018-05-03 00:00:00,0.9599657573435617
2018-05-04 00:00:00,0.9599657573435617
2018-05-07 00:00:00,0.9599657573435617
2018-05-08 00:00:00,0.9599657573435617
2018-05-09 00:00:00,0.9599657573435617
2018-05-10 00:00:00,0.9599657573435617
2018-05-11 00:00:00,0.9599657573435617
2018-05-14 00:00:00,0.9599657573435617
2018-05-15 00:00:00,0.9599657573435617
2018-05-16 00:00:00,0.9599657573435617
2018-05-17 00:00:00,0.9599657573435617
2018-05-18 00:00:00,0.9599657573435617
2018-05-21 00:00:00,0.9599657573435617
2018-05-22 00:00:00,0.9599657573435617
2018-05-23 00:00:00,0.9599657573435617
2018-05-24 00:00:00,0.9599657573435617
2018-05-25 00:00:00,0.9599657573435617
2018-05-29 00:00:00,0.9599657573435617
2018-05-30 00:00:00,0.9599657573435617
2018-05-31 00:00:00,0.9599657573435617
2018-06-01 00:00:00,0.9599657573435617
2018-06-04 00:00:00,0.9599657573435617
2018-06-05 00:00:00,0.9599657573435617
2018-06-06 00:00:00,0.9599657573435617
2018-06-07 00:00:00,0.9599657573435617
2018-06-08 00:00:00,0.9599657573435617
2018-06-11 00:00:00,0.9599657573435617
2018-06-12 00:00:00,0.9599657573435617
2018-06-13 00:00:00,0.9599657573435617
2018-06-14 00:00:00,0.9599657573435617
2018-06-15 00:00:00,0.9599657573435617
2018-06-18 00:00:00,0.9599657573435617
2018-06-19 00:00:00,0.9599657573435617
2018-06-20 00:00:00,0.9599657573435617
2018-06-21 00:00:00,0.9599657573435617
2018-06-22 00:00:00,0.9599657573435617
2018-06-25 00:00:00,0.9599657573435617
2018-06-26 00:00:00,0.9599657573435617
2018-06-27 00:00:00,0.9599657573435617
2018-06-28 00:00:00,0.9599657573435617
2018-06-29 00:00:00,0.9599657573435617
2018-07-02 00:00:00,0.9599657573435617
2018-07-03 00:00:00,0.9599657573435617
2018-07-05 00:00:00,0.9599657573435617
2018-07-06 00:00:00,0.9599657573435617
2018-07-09 00:00:00,0.9599657573435617
2018-07-10 00:00:00,0.9599657573435617
2018-07-11 00:00:00,0.9599657573435617
2018-07-12 00:00:00,0.9599657573435617
2018-07-13 00:00:00,0.9599657573435617
2018-07-16 00:00:00,0.9599657573435617
2018-07-17 00:00:00,0.9599657573435617
2018-07-18 00:00:00,0.9599657573435617
2018-07-19 00:00:00,0.9599657573435617
2018-07-20 00:00:00,0.9599657573435617
2018-07-23 00:00:00,0.9599657573435617
2018-07-24 00:00:00,0.9599657573435617
2018-07-25 00:00:00,0.9599657573435617
2018-07-26 00:00:00,0.9599657573435617
2018-07-27 00:00:00,0.9599657573435617
2018-07-30 00:00:00,0.9599657573435617
2018-07-31 00:00:00,0.9599657573435617
2018-08-01 00:00:00,0.9599657573435617
2018-08-02 00:00:00,0.9599657573435617
2018-08-03 00:00:00,0.9599657573435617
2018-08-06 00:00:00,0.9599657573435617
2018-08-07 00:00:00,0.9599657573435617
2018-08-08 00:00:00,0.9599657573435617
2018-08-09 00:00:00,0.9599657573435617
2018-08-10 00:00:00,0.9599657573435617
2018-08-13 00:00:00,0.9599657573435617
2018-08-14 00:00:00,0.9599657573435617
2018-08-15 00:00:00,0.9599657573435617
2018-08-16 00:00:00,0.9599657573435617
2018-08-17 00:00:00,0.9599657573435617
2018-08-20 00:00:00,0.9599657573435617
2018-08-21 00:00:00,0.9599657573435617
2018-08-22 00:00:00,0.9599657573435617
2018-08-23 00:00:00,0.9599657573435617
2018-08-24 00:00:00,0.9599657573435617
2018-08-27 00:00:00,0.9599657573435617
2018-08-28 00:00:00,0.9599657573435617
2018-08-29 00:00:00,0.9599657573435617
2018-08-30 00:00:00,0.9599657573435617
2018-08-31 00:00:00,0.9599657573435617
2018-09-04 00:00:00,0.9599657573435617
2018-09-05 00:00:00,0.9599657573435617
2018-09-06 00:00:00,0.9599657573435617
2018-09-07 00:00:00,0.9599657573435617
2018-09-10 00:00:00,0.9599657573435617
2018-09-11 00:00:00,0.9599657573435617
2018-09-12 00:00:00,0.9599657573435617
2018-09-13 00:00:00,0.9599657573435617
2018-09-14 00:00:00,0.9599657573435617
2018-09-17 00:00:00,0.9599657573435617
2018-09-18 00:00:00,0.9599657573435617
2018-09-19 00:00:00,0.9599657573435617
2018-09-20 00:00:00,0.9599657573435617
2018-09-21 00:00:00,0.9599657573435617
2018-09-24 00:00:00,0.9599657573435617
2018-09-25 00:00:00,0.9599657573435617
2018-09-26 00:00:00,0.9599657573435617
2018-09-27 00:00:00,0.9599657573435617
2018-09-28 00:00:00,0.9599657573435617
2018-10-01 00:00:00,0.9599657573435617
2018-10-02 00:00:00,0.9599657573435617
2018-10-03 00:00:00,0.9599657573435617
2018-10-04 00:00:00,0.9599657573435617
2018-10-05 00:00:00,0.9599657573435617
2018-10-08 00:00:00,0.9599657573435617
2018-10-09 00:00:00,0.9599657573435617
2018-10-10 00:00:00,0.9599657573435617
2018-10-11 00:00:00,0.9599657573435617
2018-10-12 00:00:00,0.9599657573435617
2018-10-15 00:00:00,0.9599657573435617
2018-10-16 00:00:00,0.9599657573435617
2018-10-17 00:00:00,0.9599657573435617
2018-10-18 00:00:00,0.9599657573435617
2018-10-19 00:00:00,0.9599657573435617
2018-10-22 00:00:00,0.9599657573435617
2018-10-23 00:00:00,0.9599657573435617
2018-10-24 00:00:00,0.9599657573435617
2018-10-25 00:00:00,0.9599657573435617
2018-10-26 00:00:00,0.9599657573435617
2018-10-29 00:00:00,0.9599657573435617
2018-10-30 00:00:00,0.9599657573435617
2018-10-31 00:00:00,0.9599657573435617
2018-11-01 00:00:00,0.9599657573435617
2018-11-02 00:00:00,0.9599657573435617
2018-11-05 00:00:00,0.9599657573435617
2018-11-06 00:00:00,0.9599657573435617
2018-11-07 00:00:00,0.9599657573435617
2018-11-08 00:00:00,0.9599657573435617
2018-11-09 00:00:00,0.9599657573435617
2018-11-12 00:00:00,0.9599657573435617
2018-11-13 00:00:00,0.9599657573435617
2018-11-14 00:00:00,0.9599657573435617
2018-11-15 00:00:00,0.9599657573435617
2018-11-16 00:00:00,0.9599657573435617
2018-11-19 00:00:00,0.9599657573435617
2018-11-20 00:00:00,0.9599657573435617
2018-11-21 00:00:00,0.9599657573435617
2018-11-23 00:00:00,0.9599657573435617
2018-11-26 00:00:00,0.9599657573435617
2018-11-27 00:00:00,0.9599657573435617
2018-11-28 00:00:00,0.9599657573435617
2018-11-29 00:00:00,0.9599657573435617
2018-11-30 00:00:00,0.9599657573435617
2018-12-03 00:00:00,0.9599657573435617
2018-12-04 00:00:00,0.9599657573435617
2018-12-06 00:00:00,0.9599657573435617
2018-12-07 00:00:00,0.9599657573435617
2018-12-10 00:00:00,0.9599657573435617
2018-12-11 00:00:00,0.9599657573435617
2018-12-12 00:00:00,0.9599657573435617
2018-12-13 00:00:00,0.9599657573435617
2018-12-14 00:00:00,0.9599657573435617
2018-12-17 00:00:00,0.9599657573435617
2018-12-18 00:00:00,0.9599657573435617
2018-12-19 00:00:00,0.9599657573435617
2018-12-20 00:00:00,0.9599657573435617
2018-12-21 00:00:00,0.9599657573435617
2018-12-24 00:00:00,0.9599657573435617
2018-12-26 00:00:00,0.9599657573435617
2018-12-27 00:00:00,0.9599657573435617
2018-12-28 00:00:00,0.9599657573435617
2018-12-31 00:00:00,0.9599657573435617
2019-01-02 00:00:00,0.9599657573435617
2019-01-03 00:00:00,0.9599657573435617
2019-01-04 00:00:00,0.9599657573435617
2019-01-07 00:00:00,0.9599657573435617
2019-01-08 00:00:00,0.9599657573435617
2019-01-09 00:00:00,0.9599657573435617
2019-01-10 00:00:00,0.9599657573435617
2019-01-11 00:00:00,0.9599657573435617
2019-01-14 00:00:00,0.9599657573435617
2019-01-15 00:00:00,0.9599657573435617
2019-01-16 00:00:00,0.9599657573435617
2019-01-17 00:00:00,0.9599657573435617
2019-01-18 00:00:00,0.9599657573435617
2019-01-22 00:00:00,0.9599657573435617
2019-01-23 00:00:00,0.9599657573435617
2019-01-24 00:00:00,0.9599657573435617
2019-01-25 00:00:00,0.9599657573435617
2019-01-28 00:00:00,0.9599657573435617
2019-01-29 00:00:00,0.9599657573435617
2019-01-30 00:00:00,0.9599657573435617
2019-01-31 00:00:00,0.9599657573435617
2019-02-01 00:00:00,0.9599657573435617
2019-02-04 00:00:00,0.9599657573435617
2019-02-05 00:00:00,0.9599657573435617
2019-02-06 00:00:00,0.9599657573435617
2019-02-07 00:00:00,0.9599657573435617
2019-02-08 00:00:00,0.9599657573435617
2019-02-11 00:00:00,0.9599657573435617
2019-02-12 00:00:00,0.9599657573435617
2019-02-13 00:00:00,0.9599657573435617
2019-02-14 00:00:00,0.9599657573435617
2019-02-15 00:00:00,0.9599657573435617
2019-02-19 00:00:00,0.9599657573435617
2019-02-20 00:00:00,0.9599657573435617
2019-02-21 00:00:00,0.9599657573435617
2019-02-22 00:00:00,0.9599657573435617
2019-02-25 00:00:00,0.9599657573435617
2019-02-26 00:00:00,0.9599657573435617
2019-02-27 00:00:00,0.9599657573435617
2019-02-28 00:00:00,0.9599657573435617
2019-03-01 00:00:00,0.9599657573435617
2019-03-04 00:00:00,0.9599657573435617
2019-03-05 00:00:00,0.9599657573435617
2019-03-06 00:00:00,0.9599657573435617
2019-03-07 00:00:00,0.9599657573435617
2019-03-08 00:00:00,0.9599657573435617
2019-03-11 00:00:00,0.9599657573435617
2019-03-12 00:00:00,0.9599657573435617
2019-03-13 00:00:00,0.9599657573435617
2019-03-14 00:00:00,0.9599657573435617
2019-03-15 00:00:00,0.9599657573435617
2019-03-18 00:00:00,0.9599657573435617
2019-03-19 00:00:00,0.9599657573435617
2019-03-20 00:00:00,0.9599657573435617
2019-03-21 00:00:00,0.9609696722652549
2019-03-22 00:00:00,0.9575117430905338
2019-03-25 00:00:00,0.9571771047833028
2019-03-26 00:00:00,0.9595195729339202
2019-03-27 00:00:00,0.9601888495483825
2019-03-28 00:00:00,0.9620851332893585
2019-03-29 00:00:00,0.9645391475423865
2019-04-01 00:00:00,0.9600773034459719
2019-04-02 00:00:00,0.9605234878556134
2019-04-03 00:00:00,0.9608581261628445
2019-04-04 00:00:00,0.9623082254941793
2019-04-05 00:00:00,0.9640929631327452
2019-04-08 00:00:00,0.9635352326206932
2019-04-09 00:00:00,0.9628659560062309
2019-04-10 00:00:00,0.9671047078978248
2019-04-11 00:00:00,0.9685548072291594
2019-04-12 00:00:00,0.970004906560494
2019-04-15 00:00:00,0.969335629946032
2019-04-16 00:00:00,0.9687778994339801
2019-04-17 00:00:00,0.9664354312833627
2019-04-18 00:00:00,0.9668816156930042
2019-04-22 00:00:00,0.9652084241568487
2019-04-23 00:00:00,0.9685548072291594
2019-04-24 00:00:00,0.9672162540002351
2019-04-25 00:00:00,0.9676624384098766
2019-04-26 00:00:00,0.9701164526629044
2019-04-29 00:00:00,0.9696702682532631
2019-04-30 00:00:00,0.9697818143556735
2019-05-01 00:00:00,0.962531317699
2019-05-02 00:00:00,0.963200594313462
2019-05-03 00:00:00,0.96565460856649
2019-05-06 00:00:00,0.9661007929761315
2019-05-07 00:00:00,0.9603003956507928
2019-05-08 00:00:00,0.960635033958024
2019-05-09 00:00:00,0.9591849346266892
2019-05-10 00:00:00,0.961862041084538
2019-05-13 00:00:00,0.9530498989941193
2019-05-14 00:00:00,0.954562196432158
2019-05-15 00:00:00,0.954562196432158
2019-05-16 00:00:00,0.954562196432158
2019-05-17 00:00:00,0.954562196432158
2019-05-20 00:00:00,0.954562196432158
2019-05-21 00:00:00,0.954562196432158
2019-05-22 00:00:00,0.954562196432158
2019-05-23 00:00:00,0.954562196432158
2019-05-24 00:00:00,0.954562196432158
2019-05-28 00:00:00,0.954562196432158
2019-05-29 00:00:00,0.954562196432158
2019-05-30 00:00:00,0.954562196432158
2019-05-31 00:00:00,0.954562196432158
2019-06-03 00:00:00,0.954562196432158
2019-06-04 00:00:00,0.954562196432158
2019-06-05 00:00:00,0.954562196432158
2019-06-06 00:00:00,0.954562196432158
2019-06-07 00:00:00,0.954562196432158
2019-06-10 00:00:00,0.954562196432158
2019-06-11 00:00:00,0.954562196432158
2019-06-12 00:00:00,0.954562196432158
2019-06-13 00:00:00,0.954562196432158
2019-06-14 00:00:00,0.954562196432158
2019-06-17 00:00:00,0.954562196432158
2019-06-18 00:00:00,0.954562196432158
2019-06-19 00:00:00,0.954562196432158
2019-06-20 00:00:00,0.9565274394306458
2019-06-21 00:00:00,0.9534703947663313
2019-06-24 00:00:00,0.9533612145997487
2019-06-25 00:00:00,0.9493215484361905
2019-06-26 00:00:00,0.9488848277698598
2019-06-27 00:00:00,0.9515051517678436
2019-06-28 00:00:00,0.9518326922675916
2019-07-01 00:00:00,0.9479022062706158
2019-07-02 00:00:00,0.9499766294356865
2019-07-03 00:00:00,0.953579574932914
2019-07-05 00:00:00,0.949758269102521
2019-07-08 00:00:00,0.9479022062706158
2019-07-09 00:00:00,0.9468104046047894
2019-07-10 00:00:00,0.9494307286027731
2019-07-11 00:00:00,0.9475746657708681
2019-07-12 00:00:00,0.9491031881030252
2019-07-15 00:00:00,0.949758269102521
2019-07-16 00:00:00,0.9477930261040333
2019-07-17 00:00:00,0.9465920442716241
2019-07-18 00:00:00,0.9470287649379546
2019-07-19 00:00:00,0.9453910624392149
2019-07-22 00:00:00,0.9485572872701119
2019-07-23 00:00:00,0.9501949897688517
2019-07-24 00:00:00,0.9509592509349303
2019-07-25 00:00:00,0.9496490889359385
2019-07-26 00:00:00,0.9517235121010089
2019-07-29 00:00:00,0.9503041699354344
2019-07-30 00:00:00,0.9507408906017649
2019-07-31 00:00:00,0.9491031881030252
2019-08-01 00:00:00,0.9446268012731363
2019-08-02 00:00:00,0.94387413989221
2019-08-05 00:00:00,0.94387413989221
2019-08-06 00:00:00,0.94387413989221
2019-08-07 00:00:00,0.94387413989221
2019-08-08 00:00:00,0.94387413989221
2019-08-09 00:00:00,0.94387413989221
2019-08-12 00:00:00,0.94387413989221
2019-08-13 00:00:00,0.94387413989221
2019-08-14 00:00:00,0.94387413989221
2019-08-15 00:00:00,0.94387413989221
2019-08-16 00:00:00,0.94387413989221
2019-08-19 00:00:00,0.94387413989221
2019-08-20 00:00:00,0.94387413989221
2019-08-21 00:00:00,0.94387413989221
2019-08-22 00:00:00,0.94387413989221
2019-08-23 00:00:00,0.94387413989221
2019-08-26 00:00:00,0.94387413989221
2019-08-27 00:00:00,0.94387413989221
2019-08-28 00:00:00,0.94387413989221
2019-08-29 00:00:00,0.94387413989221
2019-08-30 00:00:00,0.94387413989221
2019-09-03 00:00:00,0.94387413989221
2019-09-04 00:00:00,0.94387413989221
2019-09-05 00:00:00,0.94387413989221
2019-09-06 00:00:00,0.94387413989221
2019-09-09 00:00:00,0.94387413989221
2019-09-10 00:00:00,0.94387413989221
2019-09-11 00:00:00,0.94387413989221
2019-09-12 00:00:00,0.94387413989221
2019-09-13 00:00:00,0.94387413989221
2019-09-16 00:00:00,0.94387413989221
2019-09-17 00:00:00,0.94387413989221
2019-09-18 00:00:00,0.94387413989221
2019-09-19 00:00:00,0.94387413989221
2019-09-20 00:00:00,0.94387413989221
2019-09-23 00:00:00,0.94387413989221
2019-09-24 00:00:00,0.94387413989221
2019-09-25 00:00:00,0.94387413989221
2019-09-26 00:00:00,0.94387413989221
2019-09-27 00:00:00,0.94387413989221
2019-09-30 00:00:00,0.94387413989221
2019-10-01 00:00:00,0.94387413989221
2019-10-02 00:00:00,0.94387413989221
2019-10-03 00:00:00,0.94387413989221
2019-10-04 00:00:00,0.94387413989221
2019-10-07 00:00:00,0.94387413989221
2019-10-08 00:00:00,0.94387413989221
2019-10-09 00:00:00,0.94387413989221
2019-10-10 00:00:00,0.94387413989221
2019-10-11 00:00:00,0.94387413989221
2019-10-14 00:00:00,0.94387413989221
2019-10-15 00:00:00,0.94387413989221
2019-10-16 00:00:00,0.94387413989221
2019-10-17 00:00:00,0.94387413989221
2019-10-18 00:00:00,0.94387413989221
2019-10-21 00:00:00,0.94387413989221
2019-10-22 00:00:00,0.94387413989221
2019-10-23 00:00:00,0.94387413989221
2019-10-24 00:00:00,0.94387413989221
2019-10-25 00:00:00,0.94387413989221
2019-10-28 00:00:00,0.94387413989221
2019-10-29 00:00:00,0.94387413989221
2019-10-30 00:00:00,0.94387413989221
2019-10-31 00:00:00,0.94387413989221
2019-11-01 00:00:00,0.94387413989221
2019-11-04 00:00:00,0.94387413989221
2019-11-05 00:00:00,0.94387413989221
2019-11-06 00:00:00,0.94387413989221
2019-11-07 00:00:00,0.94387413989221
2019-11-08 00:00:00,0.94387413989221
2019-11-11 00:00:00,0.94387413989221
2019-11-12 00:00:00,0.94387413989221
2019-11-13 00:00:00,0.94387413989221
2019-11-14 00:00:00,0.94387413989221
2019-11-15 00:00:00,0.94387413989221
2019-11-18 00:00:00,0.94387413989221
2019-11-19 00:00:00,0.94387413989221
2019-11-20 00:00:00,0.94387413989221
2019-11-21 00:00:00,0.94387413989221
2019-11-22 00:00:00,0.94387413989221
2019-11-25 00:00:00,0.94387413989221
2019-11-26 00:00:00,0.94387413989221
2019-11-27 00:00:00,0.94387413989221
2019-11-29 00:00:00,0.94387413989221
2019-12-02 00:00:00,0.94387413989221
2019-12-03 00:00:00,0.94387413989221
2019-12-04 00:00:00,0.94387413989221
2019-12-05 00:00:00,0.94387413989221
2019-12-06 00:00:00,0.94387413989221
2019-12-09 00:00:00,0.94387413989221
2019-12-10 00:00:00,0.94387413989221
2019-12-11 00:00:00,0.94387413989221
2019-12-12 00:00:00,0.94387413989221
2019-12-13 00:00:00,0.94387413989221
2019-12-16 00:00:00,0.94387413989221
2019-12-17 00:00:00,0.9466695297586182
2019-12-18 00:00:00,0.9483897696764078
2019-12-19 00:00:00,0.9445192298613809
2019-12-20 00:00:00,0.943121534928177
2019-12-23 00:00:00,0.9435515949076244
2019-12-24 00:00:00,0.9443041998716574
2019-12-26 00:00:00,0.9457018948048614
2019-12-27 00:00:00,0.9452718348254141
2019-12-30 00:00:00,0.944626744856243
2019-12-31 00:00:00,0.9454868648151377
2020-01-02 00:00:00,0.9494649196250263
2020-01-03 00:00:00,0.9484972846712696
2020-01-06 00:00:00,0.9475296497175129
2020-01-07 00:00:00,0.9466695297586182
2020-01-08 00:00:00,0.9475296497175129
2020-01-09 00:00:00,0.9500024945993356
2020-01-10 00:00:00,0.9503250395839212
2020-01-13 00:00:00,0.9503250395839212
2020-01-14 00:00:00,0.9502175245890592
2020-01-15 00:00:00,0.950432554578783
2020-01-16 00:00:00,0.9507550995633686
2020-01-17 00:00:00,0.9500024945993356
2020-01-21 00:00:00,0.9479597096969604
2020-01-22 00:00:00,0.9496799496147501
2020-01-23 00:00:00,0.9467770447534799
2020-01-24 00:00:00,0.9427989899435915
2020-01-27 00:00:00,0.937231767571314
2020-01-28 00:00:00,0.937231767571314
2020-01-29 00:00:00,0.937231767571314
2020-01-30 00:00:00,0.937231767571314
2020-01-31 00:00:00,0.937231767571314
2020-02-03 00:00:00,0.937231767571314
2020-02-04 00:00:00,0.937231767571314
2020-02-05 00:00:00,0.937231767571314
2020-02-06 00:00:00,0.937231767571314
2020-02-07 00:00:00,0.937231767571314
2020-02-10 00:00:00,0.937231767571314
2020-02-11 00:00:00,0.937231767571314
2020-02-12 00:00:00,0.937231767571314
2020-02-13 00:00:00,0.937231767571314
2020-02-14 00:00:00,0.937231767571314
2020-02-18 00:00:00,0.937231767571314
2020-02-19 00:00:00,0.937231767571314
2020-02-20 00:00:00,0.937231767571314
2020-02-21 00:00:00,0.937231767571314
2020-02-24 00:00:00,0.937231767571314
2020-02-25 00:00:00,0.937231767571314
2020-02-26 00:00:00,0.937231767571314
2020-02-27 00:00:00,0.937231767571314
2020-02-28 00:00:00,0.937231767571314
2020-03-02 00:00:00,0.937231767571314
2020-03-03 00:00:00,0.937231767571314
2020-03-04 00:00:00,0.937231767571314
2020-03-05 00:00:00,0.937231767571314
2020-03-06 00:00:00,0.937231767571314
2020-03-09 00:00:00,0.937231767571314
2020-03-10 00:00:00,0.937231767571314
2020-03-11 00:00:00,0.937231767571314
2020-03-12 00:00:00,0.937231767571314
2020-03-13 00:00:00,0.937231767571314
2020-03-16 00:00:00,0.937231767571314
2020-03-17 00:00:00,0.937231767571314
2020-03-18 00:00:00,0.937231767571314
2020-03-19 00:00:00,0.937231767571314
2020-03-20 00:00:00,0.937231767571314
2020-03-23 00:00:00,0.937231767571314
2020-03-24 00:00:00,0.937231767571314
2020-03-25 00:00:00,0.937231767571314
2020-03-26 00:00:00,0.937231767571314
2020-03-27 00:00:00,0.937231767571314
2020-03-30 00:00:00,0.937231767571314
2020-03-31 00:00:00,0.937231767571314
2020-04-01 00:00:00,0.937231767571314
2020-04-02 00:00:00,0.937231767571314
2020-04-03 00:00:00,0.937231767571314
2020-04-06 00:00:00,0.937231767571314
2020-04-07 00:00:00,0.937231767571314
2020-04-08 00:00:00,0.937231767571314
2020-04-09 00:00:00,0.937231767571314
2020-04-13 00:00:00,0.937231767571314
2020-04-14 00:00:00,0.937231767571314
2020-04-15 00:00:00,0.937231767571314
2020-04-16 00:00:00,0.937231767571314
2020-04-17 00:00:00,0.937231767571314
2020-04-20 00:00:00,0.937231767571314
2020-04-21 00:00:00,0.937231767571314
2020-04-22 00:00:00,0.937231767571314
2020-04-23 00:00:00,0.937231767571314
2020-04-24 00:00:00,0.937231767571314
2020-04-27 00:00:00,0.937231767571314
2020-04-28 00:00:00,0.937231767571314
2020-04-29 00:00:00,0.937231767571314
2020-04-30 00:00:00,0.937231767571314
2020-05-01 00:00:00,0.937231767571314
2020-05-04 00:00:00,0.937231767571314
2020-05-05 00:00:00,0.937231767571314
2020-05-06 00:00:00,0.937231767571314
2020-05-07 00:00:00,0.937231767571314
2020-05-08 00:00:00,0.937231767571314
2020-05-11 00:00:00,0.937231767571314
2020-05-12 00:00:00,0.937231767571314
2020-05-13 00:00:00,0.937231767571314
2020-05-14 00:00:00,0.937231767571314
2020-05-15 00:00:00,0.937231767571314
2020-05-18 00:00:00,0.937231767571314
2020-05-19 00:00:00,0.937231767571314
2020-05-20 00:00:00,0.937231767571314
2020-05-21 00:00:00,0.937231767571314
2020-05-22 00:00:00,0.937231767571314
2020-05-26 00:00:00,0.937231767571314
2020-05-27 00:00:00,0.937231767571314
2020-05-28 00:00:00,0.937231767571314
2020-05-29 00:00:00,0.937231767571314
2020-06-01 00:00:00,0.937231767571314
2020-06-02 00:00:00,0.937231767571314
2020-06-03 00:00:00,0.937231767571314
2020-06-04 00:00:00,0.937231767571314
2020-06-05 00:00:00,0.937231767571314
2020-06-08 00:00:00,0.937231767571314
2020-06-09 00:00:00,0.937231767571314
2020-06-10 00:00:00,0.937231767571314
2020-06-11 00:00:00,0.937231767571314
2020-06-12 00:00:00,0.937231767571314
2020-06-15 00:00:00,0.937231767571314
2020-06-16 00:00:00,0.937231767571314
2020-06-17 00:00:00,0.937231767571314
2020-06-18 00:00:00,0.937231767571314
2020-06-19 00:00:00,0.937231767571314
2020-06-22 00:00:00,0.937231767571314
2020-06-23 00:00:00,0.937231767571314
2020-06-24 00:00:00,0.937231767571314
2020-06-25 00:00:00,0.937231767571314
2020-06-26 00:00:00,0.937231767571314
2020-06-29 00:00:00,0.937231767571314
2020-06-30 00:00:00,0.937231767571314
2020-07-01 00:00:00,0.937231767571314
2020-07-02 00:00:00,0.937231767571314
2020-07-06 00:00:00,0.937231767571314
2020-07-07 00:00:00,0.937231767571314
2020-07-08 00:00:00,0.937231767571314
2020-07-09 00:00:00,0.937231767571314
2020-07-10 00:00:00,0.937231767571314
2020-07-13 00:00:00,0.937231767571314
2020-07-14 00:00:00,0.937231767571314
2020-07-15 00:00:00,0.937231767571314
2020-07-16 00:00:00,0.937231767571314
2020-07-17 00:00:00,0.937231767571314
2020-07-20 00:00:00,0.937231767571314
2020-07-21 00:00:00,0.937231767571314
2020-07-22 00:00:00,0.937231767571314
2020-07-23 00:00:00,0.937231767571314
2020-07-24 00:00:00,0.937231767571314
2020-07-27 00:00:00,0.937231767571314
2020-07-28 00:00:00,0.937231767571314
2020-07-29 00:00:00,0.937231767571314
2020-07-30 00:00:00,0.937231767571314
2020-07-31 00:00:00,0.9393218384144894
2020-08-03 00:00:00,0.9358017190996675
2020-08-04 00:00:00,0.9354717079139031
2020-08-05 00:00:00,0.9371217638427258
2020-08-06 00:00:00,0.9392118346859012
2020-08-07 00:00:00,0.9369017563855494
2020-08-10 00:00:00,0.9373417712999019
2020-08-11 00:00:00,0.9288714841986121
2020-08-12 00:00:00,0.9290914916557884
2020-08-13 00:00:00,0.9265614058982603
2020-08-14 00:00:00,0.9249113499694375
2020-08-17 00:00:00,0.9304115363988467
2020-08-18 00:00:00,0.931841584870493
2020-08-19 00:00:00,0.9292014953843767
2020-08-20 00:00:00,0.9322815997848457
2020-08-21 00:00:00,0.9321715960562575
2020-08-24 00:00:00,0.9364617414711965
2020-08-25 00:00:00,0.9374517750284904
2020-08-26 00:00:00,0.9373417712999019
2020-08-27 00:00:00,0.9359117228282559
2020-08-28 00:00:00,0.9366817489283731
2020-08-31 00:00:00,0.935361704185315
2020-09-01 00:00:00,0.9366817489283731
2020-09-02 00:00:00,0.9377817862142548
2020-09-03 00:00:00,0.9319515885990812
2020-09-04 00:00:00,0.929421502841553
2020-09-08 00:00:00,0.9242513275979084
2020-09-09 00:00:00,0.9315115736847286
2020-09-10 00:00:00,0.9271114245412012
2020-09-11 00:00:00,0.9289814879272003
2020-09-14 00:00:00,0.9279914543699067
2020-09-15 00:00:00,0.9305215401274348
2020-09-16 00:00:00,0.9305215401274348
2020-09-17 00:00:00,0.9295315065701412
2020-09-18 00:00:00,0.9272214282697894
2020-09-21 00:00:00,0.9208053188733321
2020-09-22 00:00:00,0.9208053188733321
2020-09-23 00:00:00,0.9208053188733321
2020-09-24 00:00:00,0.9208053188733321
2020-09-25 00:00:00,0.9208053188733321
2020-09-28 00:00:00,0.9208053188733321
2020-09-29 00:00:00,0.9208053188733321
2020-09-30 00:00:00,0.9208053188733321
2020-10-01 00:00:00,0.9208053188733321
2020-10-02 00:00:00,0.9208053188733321
2020-10-05 00:00:00,0.9208053188733321
2020-10-06 00:00:00,0.9208053188733321
2020-10-07 00:00:00,0.9208053188733321
2020-10-08 00:00:00,0.9208053188733321
2020-10-09 00:00:00,0.9208053188733321
2020-10-12 00:00:00,0.9208053188733321
2020-10-13 00:00:00,0.9208053188733321
2020-10-14 00:00:00,0.9208053188733321
2020-10-15 00:00:00,0.9208053188733321
2020-10-16 00:00:00,0.9208053188733321
2020-10-19 00:00:00,0.9208053188733321
2020-10-20 00:00:00,0.9208053188733321
2020-10-21 00:00:00,0.9208053188733321
2020-10-22 00:00:00,0.9208053188733321
2020-10-23 00:00:00,0.9208053188733321
2020-10-26 00:00:00,0.9208053188733321
2020-10-27 00:00:00,0.9208053188733321
2020-10-28 00:00:00,0.9208053188733321
2020-10-29 00:00:00,0.9208053188733321
2020-10-30 00:00:00,0.9208053188733321
2020-11-02 00:00:00,0.9208053188733321
2020-11-03 00:00:00,0.9208053188733321
2020-11-04 00:00:00,0.9208053188733321
2020-11-05 00:00:00,0.9208053188733321
2020-11-06 00:00:00,0.9172538257079721
2020-11-09 00:00:00,0.924249191033681
2020-11-10 00:00:00,0.9061697255843053
2020-11-11 00:00:00,0.9061697255843053
2020-11-12 00:00:00,0.9061697255843053
2020-11-13 00:00:00,0.9061697255843053
2020-11-16 00:00:00,0.9061697255843053
2020-11-17 00:00:00,0.9061697255843053
2020-11-18 00:00:00,0.9061697255843053
2020-11-19 00:00:00,0.9061697255843053
2020-11-20 00:00:00,0.9061697255843053
2020-11-23 00:00:00,0.9061697255843053
2020-11-24 00:00:00,0.9061697255843053
2020-11-25 00:00:00,0.9061697255843053
2020-11-27 00:00:00,0.9061697255843053
2020-11-30 00:00:00,0.9061697255843053
2020-12-01 00:00:00,0.9061697255843053
2020-12-02 00:00:00,0.9061697255843053
2020-12-03 00:00:00,0.9061697255843053
2020-12-04 00:00:00,0.9061697255843053
2020-12-07 00:00:00,0.9061697255843053
2020-12-08 00:00:00,0.9061697255843053
2020-12-09 00:00:00,0.9061697255843053
2020-12-10 00:00:00,0.9061697255843053
2020-12-11 00:00:00,0.9061697255843053
2020-12-14 00:00:00,0.9061697255843053
2020-12-15 00:00:00,0.9061697255843053
2020-12-16 00:00:00,0.9051274323641716
2020-12-17 00:00:00,0.9027301579578638
2020-12-18 00:00:00,0.9034597632119576
2020-12-21 00:00:00,0.9002286542295429
2020-12-22 00:00:00,0.90137517677169
2020-12-23 00:00:00,0.9054401203302117
2020-12-24 00:00:00,0.9073162481264525
2020-12-28 00:00:00,0.9084627706685997
2020-12-29 00:00:00,0.9073162481264525
2020-12-30 00:00:00,0.9091923759226933
2020-12-31 00:00:00,0.909921981176787
2021-01-04 00:00:00,0.9080458533805461
2021-01-05 00:00:00,0.9083585413465862
2021-01-06 00:00:00,0.906690872194372
2021-01-07 00:00:00,0.9092966052447066
2021-01-08 00:00:00,0.9106515864308806
2021-01-11 00:00:00,0.9057528082962518
2021-01-12 00:00:00,0.9068993308383989
2021-01-13 00:00:00,0.9096092932107467
2021-01-14 00:00:00,0.90940083456672
2021-01-15 00:00:00,0.9079416240585327
2021-01-19 00:00:00,0.9105473571088671
2021-01-20 00:00:00,0.9122150262610812
2021-01-21 00:00:00,0.9116938796510143
2021-01-22 00:00:00,0.909921981176787
2021-01-25 00:00:00,0.9101304398208137
2021-01-26 00:00:00,0.9087754586346398
2021-01-27 00:00:00,0.9061697255843053
2021-01-28 00:00:00,0.9088796879566532
2021-01-29 00:00:00,0.9064824135503454
2021-02-01 00:00:00,0.906065496262292
2021-02-02 00:00:00,0.9082543120245729
2021-02-03 00:00:00,0.9089839172786665
2021-02-04 00:00:00,0.9108600450749073
2021-02-05 00:00:00,0.9122150262610812
2021-02-08 00:00:00,0.9149249886334291
2021-02-09 00:00:00,0.9132573194812151
2021-02-10 00:00:00,0.9130488608371883
2021-02-11 00:00:00,0.9134657781252418
2021-02-12 00:00:00,0.9149249886334291
2021-02-16 00:00:00,0.9134657781252418
2021-02-17 00:00:00,0.9131530901592017
2021-02-18 00:00:00,0.9119023382950411
2021-02-19 00:00:00,0.9120065676170545
2021-02-22 00:00:00,0.9091923759226933
2021-02-23 00:00:00,0.9113811916849742
2021-02-24 00:00:00,0.9123192555830946
2021-02-25 00:00:00,0.9036682218559843
2021-02-26 00:00:00,0.9009582594836364
2021-03-01 00:00:00,0.9029930659997104
2021-03-02 00:00:00,0.9029930659997104
2021-03-03 00:00:00,0.9029930659997104
2021-03-04 00:00:00,0.9029930659997104
2021-03-05 00:00:00,0.9029930659997104
2021-03-08 00:00:00,0.9029930659997104
2021-03-09 00:00:00,0.9029930659997104
2021-03-10 00:00:00,0.9029930659997104
2021-03-11 00:00:00,0.9029930659997104
2021-03-12 00:00:00,0.9029930659997104
2021-03-15 00:00:00,0.9029930659997104
2021-03-16 00:00:00,0.9029930659997104
2021-03-17 00:00:00,0.9029930659997104
2021-03-18 00:00:00,0.9029930659997104
2021-03-19 00:00:00,0.9029930659997104
2021-03-22 00:00:00,0.9029930659997104
2021-03-23 00:00:00,0.9029930659997104
2021-03-24 00:00:00,0.9029930659997104
2021-03-25 00:00:00,0.9029930659997104
2021-03-26 00:00:00,0.9029930659997104
2021-03-29 00:00:00,0.9029930659997104
2021-03-30 00:00:00,0.9029930659997104
2021-03-31 00:00:00,0.9029930659997104
2021-04-01 00:00:00,0.9029930659997104
2021-04-05 00:00:00,0.9029930659997104
2021-04-06 00:00:00,0.9029930659997104
2021-04-07 00:00:00,0.9029930659997104
2021-04-08 00:00:00,0.9029930659997104
2021-04-09 00:00:00,0.9029930659997104
2021-04-12 00:00:00,0.9029930659997104
2021-04-13 00:00:00,0.9029930659997104
2021-04-14 00:00:00,0.9029930659997104
2021-04-15 00:00:00,0.9029930659997104
2021-04-16 00:00:00,0.9029930659997104
2021-04-19 00:00:00,0.9029930659997104
2021-04-20 00:00:00,0.9029930659997104
2021-04-21 00:00:00,0.9029930659997104
2021-04-22 00:00:00,0.9029930659997104
2021-04-23 00:00:00,0.9029930659997104
2021-04-26 00:00:00,0.9029930659997104
2021-04-27 00:00:00,0.9029930659997104
2021-04-28 00:00:00,0.9029930659997104
2021-04-29 00:00:00,0.9029930659997104
2021-04-30 00:00:00,0.9029930659997104
2021-05-03 00:00:00,0.9029930659997104
2021-05-04 00:00:00,0.9029930659997104
2021-05-05 00:00:00,0.9029930659997104
2021-05-06 00:00:00,0.9029930659997104
2021-05-07 00:00:00,0.9029930659997104
2021-05-10 00:00:00,0.9029930659997104
2021-05-11 00:00:00,0.9029930659997104
2021-05-12 00:00:00,0.9029930659997104
2021-05-13 00:00:00,0.9029930659997104
2021-05-14 00:00:00,0.9029930659997104
2021-05-17 00:00:00,0.9029930659997104
2021-05-18 00:00:00,0.9029930659997104
2021-05-19 00:00:00,0.9029930659997104
2021-05-20 00:00:00,0.9029930659997104
2021-05-21 00:00:00,0.9029930659997104
2021-05-24 00:00:00,0.9029930659997104
2021-05-25 00:00:00,0.9029930659997104
2021-05-26 00:00:00,0.9029930659997104
2021-05-27 00:00:00,0.9029930659997104
2021-05-28 00:00:00,0.9029930659997104
2021-06-01 00:00:00,0.9029930659997104
2021-06-02 00:00:00,0.9029930659997104
2021-06-03 00:00:00,0.9029930659997104
2021-06-04 00:00:00,0.9029930659997104
2021-06-07 00:00:00,0.9029930659997104
2021-06-08 00:00:00,0.9029930659997104
2021-06-09 00:00:00,0.9029930659997104
2021-06-10 00:00:00,0.9029930659997104
2021-06-11 00:00:00,0.9029930659997104
2021-06-14 00:00:00,0.9029930659997104
2021-06-15 00:00:00,0.9029930659997104
2021-06-16 00:00:00,0.9029930659997104
2021-06-17 00:00:00,0.9029930659997104
2021-06-18 00:00:00,0.9029930659997104
2021-06-21 00:00:00,0.9029930659997104
2021-06-22 00:00:00,0.9029930659997104
2021-06-23 00:00:00,0.9029930659997104
2021-06-24 00:00:00,0.9029930659997104
2021-06-25 00:00:00,0.9038153704422828
2021-06-28 00:00:00,0.9037125823869613
2021-06-29 00:00:00,0.9048432509954981
2021-06-30 00:00:00,0.9049460390508198
2021-07-01 00:00:00,0.9037125823869613
2021-07-02 00:00:00,0.9051516151614629
2021-07-06 00:00:00,0.904637674884855
2021-07-07 00:00:00,0.9049460390508198
2021-07-08 00:00:00,0.9029930659997104
2021-07-09 00:00:00,0.9045348868295335
2021-07-12 00:00:00,0.904226522663569
2021-07-13 00:00:00,0.9015540332252089
2021-07-14 00:00:00,0.9029930659997104
2021-07-15 00:00:00,0.9023763376677814
2021-07-16 00:00:00,0.9011428810039228
2021-07-19 00:00:00,0.8974817125589566
2021-07-20 00:00:00,0.8974817125589566
2021-07-21 00:00:00,0.8974817125589566
2021-07-22 00:00:00,0.8974817125589566
2021-07-23 00:00:00,0.8974817125589566
2021-07-26 00:00:00,0.8974817125589566
2021-07-27 00:00:00,0.8974817125589566
2021-07-28 00:00:00,0.8974817125589566
2021-07-29 00:00:00,0.8974817125589566
2021-07-30 00:00:00,0.8974817125589566
2021-08-02 00:00:00,0.8974817125589566
2021-08-03 00:00:00,0.8974817125589566
2021-08-04 00:00:00,0.8974817125589566
2021-08-05 00:00:00,0.8974817125589566
2021-08-06 00:00:00,0.8974817125589566
2021-08-09 00:00:00,0.8974817125589566
2021-08-10 00:00:00,0.8974817125589566
2021-08-11 00:00:00,0.8974817125589566
2021-08-12 00:00:00,0.8974817125589566
2021-08-13 00:00:00,0.8974817125589566
2021-08-16 00:00:00,0.8974817125589566
2021-08-17 00:00:00,0.8974817125589566
2021-08-18 00:00:00,0.8974817125589566
2021-08-19 00:00:00,0.8974817125589566
2021-08-20 00:00:00,0.8974817125589566
2021-08-23 00:00:00,0.8974817125589566
2021-08-24 00:00:00,0.8974817125589566
2021-08-25 00:00:00,0.8974817125589566
2021-08-26 00:00:00,0.8974817125589566
2021-08-27 00:00:00,0.8974817125589566
2021-08-30 00:00:00,0.8974817125589566
2021-08-31 00:00:00,0.8974817125589566
2021-09-01 00:00:00,0.8974817125589566
2021-09-02 00:00:00,0.8974817125589566
2021-09-03 00:00:00,0.8974817125589566
2021-09-07 00:00:00,0.8974817125589566
2021-09-08 00:00:00,0.8974817125589566
2021-09-09 00:00:00,0.8974817125589566
2021-09-10 00:00:00,0.8974817125589566
2021-09-13 00:00:00,0.8974817125589566
2021-09-14 00:00:00,0.8974817125589566
2021-09-15 00:00:00,0.8974817125589566
2021-09-16 00:00:00,0.8974817125589566
2021-09-17 00:00:00,0.8963612609827282
2021-09-20 00:00:00,0.8919278989296012
2021-09-21 00:00:00,0.8919278989296012
2021-09-22 00:00:00,0.8919278989296012
2021-09-23 00:00:00,0.8919278989296012
2021-09-24 00:00:00,0.8919278989296012
2021-09-27 00:00:00,0.8919278989296012
2021-09-28 00:00:00,0.8919278989296012
2021-09-29 00:00:00,0.8919278989296012
2021-09-30 00:00:00,0.8919278989296012
2021-10-01 00:00:00,0.8919278989296012
2021-10-04 00:00:00,0.8919278989296012
2021-10-05 00:00:00,0.8919278989296012
2021-10-06 00:00:00,0.8919278989296012
2021-10-07 00:00:00,0.8919278989296012
2021-10-08 00:00:00,0.8919278989296012
2021-10-11 00:00:00,0.8919278989296012
2021-10-12 00:00:00,0.8919278989296012
2021-10-13 00:00:00,0.8919278989296012
2021-10-14 00:00:00,0.8919278989296012
2021-10-15 00:00:00,0.8919278989296012
2021-10-18 00:00:00,0.8919278989296012
2021-10-19 00:00:00,0.8919278989296012
2021-10-20 00:00:00,0.8919278989296012
2021-10-21 00:00:00,0.8919278989296012
2021-10-22 00:00:00,0.8919278989296012
2021-10-25 00:00:00,0.8919278989296012
2021-10-26 00:00:00,0.8919278989296012
2021-10-27 00:00:00,0.8919278989296012
2021-10-28 00:00:00,0.8919278989296012
2021-10-29 00:00:00,0.8919278989296012
2021-11-01 00:00:00,0.8919278989296012
2021-11-02 00:00:00,0.8919278989296012
2021-11-03 00:00:00,0.8919278989296012
2021-11-04 00:00:00,0.8919278989296012
2021-11-05 00:00:00,0.8919278989296012
2021-11-08 00:00:00,0.8919278989296012
2021-11-09 00:00:00,0.8919278989296012
2021-11-10 00:00:00,0.8919278989296012
2021-11-11 00:00:00,0.8919278989296012
2021-11-12 00:00:00,0.8919278989296012
2021-11-15 00:00:00,0.8919278989296012
2021-11-16 00:00:00,0.8919278989296012
2021-11-17 00:00:00,0.8919278989296012
2021-11-18 00:00:00,0.8919278989296012
2021-11-19 00:00:00,0.8919278989296012
2021-11-22 00:00:00,0.8919278989296012
2021-11-23 00:00:00,0.8919278989296012
2021-11-24 00:00:00,0.8919278989296012
2021-11-26 00:00:00,0.8919278989296012
2021-11-29 00:00:00,0.8919278989296012
2021-11-30 00:00:00,0.8919278989296012
2021-12-01 00:00:00,0.8919278989296012
2021-12-02 00:00:00,0.8919278989296012
2021-12-03 00:00:00,0.8919278989296012
2021-12-06 00:00:00,0.8919278989296012
2021-12-07 00:00:00,0.8919278989296012
2021-12-08 00:00:00,0.8919278989296012
2021-12-09 00:00:00,0.8919278989296012
2021-12-10 00:00:00,0.8919278989296012
2021-12-13 00:00:00,0.8919278989296012
2021-12-14 00:00:00,0.8919278989296012
2021-12-15 00:00:00,0.8919278989296012
2021-12-16 00:00:00,0.8919278989296012
2021-12-17 00:00:00,0.8919278989296012
2021-12-20 00:00:00,0.8919278989296012
2021-12-21 00:00:00,0.8919278989296012
2021-12-22 00:00:00,0.8919278989296012
2021-12-23 00:00:00,0.8919278989296012
2021-12-27 00:00:00,0.8919278989296012
2021-12-28 00:00:00,0.8919278989296012
2021-12-29 00:00:00,0.8919278989296012
2021-12-30 00:00:00,0.8919278989296012
2021-12-31 00:00:00,0.8919278989296012
2022-01-03 00:00:00,0.8919278989296012
2022-01-04 00:00:00,0.8919278989296012
2022-01-05 00:00:00,0.8919278989296012
2022-01-06 00:00:00,0.8919278989296012
2022-01-07 00:00:00,0.8919278989296012
2022-01-10 00:00:00,0.8919278989296012
2022-01-11 00:00:00,0.8919278989296012
2022-01-12 00:00:00,0.8919278989296012
2022-01-13 00:00:00,0.8919278989296012
2022-01-14 00:00:00,0.8919278989296012
2022-01-18 00:00:00,0.8919278989296012
2022-01-19 00:00:00,0.8919278989296012
2022-01-20 00:00:00,0.8919278989296012
2022-01-21 00:00:00,0.8919278989296012
2022-01-24 00:00:00,0.8919278989296012
2022-01-25 00:00:00,0.8919278989296012
2022-01-26 00:00:00,0.8919278989296012
2022-01-27 00:00:00,0.8919278989296012
2022-01-28 00:00:00,0.8919278989296012
2022-01-31 00:00:00,0.8919278989296012
2022-02-01 00:00:00,0.8919278989296012
2022-02-02 00:00:00,0.8919278989296012
2022-02-03 00:00:00,0.8919278989296012
2022-02-04 00:00:00,0.8919278989296012
2022-02-07 00:00:00,0.8919278989296012
2022-02-08 00:00:00,0.8919278989296012
2022-02-09 00:00:00,0.8919278989296012
2022-02-10 00:00:00,0.8919278989296012
2022-02-11 00:00:00,0.8919278989296012
2022-02-14 00:00:00,0.8919278989296012
2022-02-15 00:00:00,0.8919278989296012
2022-02-16 00:00:00,0.8919278989296012
2022-02-17 00:00:00,0.8919278989296012
2022-02-18 00:00:00,0.8919278989296012
2022-02-22 00:00:00,0.8919278989296012
2022-02-23 00:00:00,0.8919278989296012
2022-02-24 00:00:00,0.8919278989296012
2022-02-25 00:00:00,0.8919278989296012
2022-02-28 00:00:00,0.8919278989296012
2022-03-01 00:00:00,0.8919278989296012
2022-03-02 00:00:00,0.8919278989296012
2022-03-03 00:00:00,0.8919278989296012
2022-03-04 00:00:00,0.8919278989296012
2022-03-07 00:00:00,0.8919278989296012
2022-03-08 00:00:00,0.8919278989296012
2022-03-09 00:00:00,0.8919278989296012
2022-03-10 00:00:00,0.8919278989296012
2022-03-11 00:00:00,0.8919278989296012
2022-03-14 00:00:00,0.8919278989296012
2022-03-15 00:00:00,0.8919278989296012
2022-03-16 00:00:00,0.8919278989296012
2022-03-17 00:00:00,0.8919278989296012
2022-03-18 00:00:00,0.8919278989296012
2022-03-21 00:00:00,0.8919278989296012
2022-03-22 00:00:00,0.8919278989296012
2022-03-23 00:00:00,0.8919278989296012
2022-03-24 00:00:00,0.8919278989296012
2022-03-25 00:00:00,0.8919278989296012
2022-03-28 00:00:00,0.8919278989296012
2022-03-29 00:00:00,0.8919278989296012
2022-03-30 00:00:00,0.8919278989296012
2022-03-31 00:00:00,0.8919278989296012
2022-04-01 00:00:00,0.8919278989296012
2022-04-04 00:00:00,0.8919278989296012
2022-04-05 00:00:00,0.8919278989296012
2022-04-06 00:00:00,0.8919278989296012
2022-04-07 00:00:00,0.8919278989296012
2022-04-08 00:00:00,0.8919278989296012
2022-04-11 00:00:00,0.8919278989296012
2022-04-12 00:00:00,0.8919278989296012
2022-04-13 00:00:00,0.8919278989296012
2022-04-14 00:00:00,0.8919278989296012
2022-04-18 00:00:00,0.8919278989296012
2022-04-19 00:00:00,0.8919278989296012
2022-04-20 00:00:00,0.8919278989296012
2022-04-21 00:00:00,0.8919278989296012
2022-04-22 00:00:00,0.8919278989296012
2022-04-25 00:00:00,0.8919278989296012
2022-04-26 00:00:00,0.8919278989296012
2022-04-27 00:00:00,0.8919278989296012
2022-04-28 00:00:00,0.8919278989296012
2022-04-29 00:00:00,0.8919278989296012
2022-05-02 00:00:00,0.8919278989296012
2022-05-03 00:00:00,0.8919278989296012
2022-05-04 00:00:00,0.8919278989296012
2022-05-05 00:00:00,0.8919278989296012
2022-05-06 00:00:00,0.8919278989296012
2022-05-09 00:00:00,0.8919278989296012
2022-05-10 00:00:00,0.8919278989296012
2022-05-11 00:00:00,0.8919278989296012
2022-05-12 00:00:00,0.8919278989296012
2022-05-13 00:00:00,0.8919278989296012
2022-05-16 00:00:00,0.8919278989296012
2022-05-17 00:00:00,0.8919278989296012
2022-05-18 00:00:00,0.8919278989296012
2022-05-19 00:00:00,0.8919278989296012
2022-05-20 00:00:00,0.8919278989296012
2022-05-23 00:00:00,0.8919278989296012
2022-05-24 00:00:00,0.8919278989296012
2022-05-25 00:00:00,0.8919278989296012
2022-05-26 00:00:00,0.8919278989296012
2022-05-27 00:00:00,0.8919278989296012
2022-05-31 00:00:00,0.8919278989296012
2022-06-01 00:00:00,0.8919278989296012
2022-06-02 00:00:00,0.8919278989296012
2022-06-03 00:00:00,0.8919278989296012
2022-06-06 00:00:00,0.8919278989296012
2022-06-07 00:00:00,0.8919278989296012
2022-06-08 00:00:00,0.8919278989296012
2022-06-09 00:00:00,0.8919278989296012
2022-06-10 00:00:00,0.8919278989296012
2022-06-13 00:00:00,0.8919278989296012
2022-06-14 00:00:00,0.8919278989296012
2022-06-15 00:00:00,0.8919278989296012
2022-06-16 00:00:00,0.8919278989296012
2022-06-17 00:00:00,0.8919278989296012
2022-06-21 00:00:00,0.8919278989296012
2022-06-22 00:00:00,0.8919278989296012
2022-06-23 00:00:00,0.8919278989296012
2022-06-24 00:00:00,0.8919278989296012
2022-06-27 00:00:00,0.8919278989296012
2022-06-28 00:00:00,0.8919278989296012
2022-06-29 00:00:00,0.8919278989296012
2022-06-30 00:00:00,0.8919278989296012
2022-07-01 00:00:00,0.8919278989296012
2022-07-05 00:00:00,0.8919278989296012
2022-07-06 00:00:00,0.8919278989296012
2022-07-07 00:00:00,0.8919278989296012
2022-07-08 00:00:00,0.8919278989296012
2022-07-11 00:00:00,0.8919278989296012
2022-07-12 00:00:00,0.8919278989296012
2022-07-13 00:00:00,0.8919278989296012
2022-07-14 00:00:00,0.8919278989296012
2022-07-15 00:00:00,0.8919278989296012
2022-07-18 00:00:00,0.8919278989296012
2022-07-19 00:00:00,0.8919278989296012
2022-07-20 00:00:00,0.8919278989296012
2022-07-21 00:00:00,0.8919278989296012
2022-07-22 00:00:00,0.8919278989296012
2022-07-25 00:00:00,0.8919278989296012
2022-07-26 00:00:00,0.8919278989296012
2022-07-27 00:00:00,0.8919278989296012
2022-07-28 00:00:00,0.8919278989296012
2022-07-29 00:00:00,0.8919278989296012
2022-08-01 00:00:00,0.8919278989296012
2022-08-02 00:00:00,0.8919278989296012
2022-08-03 00:00:00,0.8919278989296012
2022-08-04 00:00:00,0.8919278989296012
2022-08-05 00:00:00,0.8919278989296012
2022-08-08 00:00:00,0.8919278989296012
2022-08-09 00:00:00,0.8919278989296012
2022-08-10 00:00:00,0.8919278989296012
2022-08-11 00:00:00,0.8919278989296012
2022-08-12 00:00:00,0.8919278989296012
2022-08-15 00:00:00,0.8919278989296012
2022-08-16 00:00:00,0.8919278989296012
2022-08-17 00:00:00,0.8919278989296012
2022-08-18 00:00:00,0.8919278989296012
2022-08-19 00:00:00,0.8919278989296012
2022-08-22 00:00:00,0.8919278989296012
2022-08-23 00:00:00,0.8919278989296012
2022-08-24 00:00:00,0.8919278989296012
2022-08-25 00:00:00,0.8919278989296012
2022-08-26 00:00:00,0.8919278989296012
2022-08-29 00:00:00,0.8919278989296012
2022-08-30 00:00:00,0.8919278989296012
2022-08-31 00:00:00,0.8919278989296012
2022-09-01 00:00:00,0.8919278989296012
2022-09-02 00:00:00,0.8919278989296012
2022-09-06 00:00:00,0.8919278989296012
2022-09-07 00:00:00,0.8919278989296012
2022-09-08 00:00:00,0.8919278989296012
2022-09-09 00:00:00,0.8919278989296012
2022-09-12 00:00:00,0.8919278989296012
2022-09-13 00:00:00,0.8919278989296012
2022-09-14 00:00:00,0.8919278989296012
2022-09-15 00:00:00,0.8919278989296012
2022-09-16 00:00:00,0.8919278989296012
2022-09-19 00:00:00,0.8919278989296012
2022-09-20 00:00:00,0.8919278989296012
2022-09-21 00:00:00,0.8919278989296012
2022-09-22 00:00:00,0.8919278989296012
2022-09-23 00:00:00,0.8919278989296012
2022-09-26 00:00:00,0.8919278989296012
2022-09-27 00:00:00,0.8919278989296012
2022-09-28 00:00:00,0.8919278989296012
2022-09-29 00:00:00,0.8919278989296012
2022-09-30 00:00:00,0.8919278989296012
2022-10-03 00:00:00,0.8919278989296012
2022-10-04 00:00:00,0.8919278989296012
2022-10-05 00:00:00,0.8919278989296012
2022-10-06 00:00:00,0.8919278989296012
2022-10-07 00:00:00,0.8919278989296012
2022-10-10 00:00:00,0.8919278989296012
2022-10-11 00:00:00,0.8919278989296012
2022-10-12 00:00:00,0.8919278989296012
2022-10-13 00:00:00,0.8919278989296012
2022-10-14 00:00:00,0.8919278989296012
2022-10-17 00:00:00,0.8919278989296012
2022-10-18 00:00:00,0.8919278989296012
2022-10-19 00:00:00,0.8919278989296012
2022-10-20 00:00:00,0.8919278989296012
2022-10-21 00:00:00,0.8919278989296012
2022-10-24 00:00:00,0.8919278989296012
2022-10-25 00:00:00,0.8919278989296012
2022-10-26 00:00:00,0.8919278989296012
2022-10-27 00:00:00,0.8919278989296012
2022-10-28 00:00:00,0.8919278989296012
2022-10-31 00:00:00,0.8919278989296012
2022-11-01 00:00:00,0.8919278989296012
2022-11-02 00:00:00,0.8919278989296012
2022-11-03 00:00:00,0.8919278989296012
2022-11-04 00:00:00,0.8919278989296012
2022-11-07 00:00:00,0.8919278989296012
2022-11-08 00:00:00,0.8919278989296012
2022-11-09 00:00:00,0.8919278989296012
2022-11-10 00:00:00,0.8919278989296012
2022-11-11 00:00:00,0.8919278989296012
2022-11-14 00:00:00,0.8919278989296012
2022-11-15 00:00:00,0.8919278989296012
2022-11-16 00:00:00,0.8919278989296012
2022-11-17 00:00:00,0.8919278989296012
2022-11-18 00:00:00,0.8919278989296012
2022-11-21 00:00:00,0.8919278989296012
2022-11-22 00:00:00,0.8919278989296012
2022-11-23 00:00:00,0.8919278989296012
2022-11-25 00:00:00,0.8919278989296012
2022-11-28 00:00:00,0.8919278989296012
2022-11-29 00:00:00,0.8919278989296012
2022-11-30 00:00:00,0.8919278989296012
2022-12-01 00:00:00,0.8919278989296012
2022-12-02 00:00:00,0.8919278989296012
2022-12-05 00:00:00,0.8919278989296012
2022-12-06 00:00:00,0.8919278989296012
2022-12-07 00:00:00,0.8919278989296012
2022-12-08 00:00:00,0.8919278989296012
2022-12-09 00:00:00,0.8919278989296012
2022-12-12 00:00:00,0.8919278989296012
2022-12-13 00:00:00,0.8919278989296012
2022-12-14 00:00:00,0.8919278989296012
2022-12-15 00:00:00,0.8919278989296012
2022-12-16 00:00:00,0.8919278989296012
2022-12-19 00:00:00,0.8919278989296012
2022-12-20 00:00:00,0.8919278989296012
2022-12-21 00:00:00,0.8919278989296012
2022-12-22 00:00:00,0.8919278989296012
2022-12-23 00:00:00,0.8919278989296012
2022-12-27 00:00:00,0.8919278989296012
2022-12-28 00:00:00,0.8919278989296012
2022-12-29 00:00:00,0.8919278989296012
2022-12-30 00:00:00,0.8919278989296012
2023-01-03 00:00:00,0.8919278989296012
2023-01-04 00:00:00,0.8919278989296012
2023-01-05 00:00:00,0.8919278989296012
2023-01-06 00:00:00,0.8919278989296012
2023-01-09 00:00:00,0.8919278989296012
2023-01-10 00:00:00,0.8919278989296012
2023-01-11 00:00:00,0.8919278989296012
2023-01-12 00:00:00,0.8919278989296012
2023-01-13 00:00:00,0.8919278989296012
2023-01-17 00:00:00,0.8919278989296012
2023-01-18 00:00:00,0.8919278989296012
2023-01-19 00:00:00,0.8919278989296012
2023-01-20 00:00:00,0.8919278989296012
2023-01-23 00:00:00,0.8919278989296012
2023-01-24 00:00:00,0.8919278989296012
2023-01-25 00:00:00,0.8919278989296012
2023-01-26 00:00:00,0.8919278989296012
2023-01-27 00:00:00,0.8919278989296012
2023-01-30 00:00:00,0.8919278989296012
2023-01-31 00:00:00,0.8919278989296012
2023-02-01 00:00:00,0.8919278989296012
2023-02-02 00:00:00,0.8919278989296012
2023-02-03 00:00:00,0.8894826657863217
2023-02-06 00:00:00,0.8837771217853361
2023-02-07 00:00:00,0.8869209929695526
2023-02-08 00:00:00,0.8831949234178884
2023-02-09 00:00:00,0.8774893794169029
2023-02-10 00:00:00,0.8732900990321774
2023-02-13 00:00:00,0.8732900990321774
2023-02-14 00:00:00,0.8732900990321774
2023-02-15 00:00:00,0.8732900990321774
2023-02-16 00:00:00,0.8732900990321774
2023-02-17 00:00:00,0.8732900990321774
2023-02-21 00:00:00,0.8732900990321774
2023-02-22 00:00:00,0.8732900990321774
2023-02-23 00:00:00,0.8732900990321774
2023-02-24 00:00:00,0.8732900990321774
2023-02-27 00:00:00,0.8732900990321774
2023-02-28 00:00:00,0.8732900990321774
2023-03-01 00:00:00,0.8732900990321774
2023-03-02 00:00:00,0.8732900990321774
2023-03-03 00:00:00,0.8732900990321774
2023-03-06 00:00:00,0.8732900990321774
2023-03-07 00:00:00,0.8732900990321774
2023-03-08 00:00:00,0.8732900990321774
2023-03-09 00:00:00,0.8732900990321774
2023-03-10 00:00:00,0.8732900990321774
2023-03-13 00:00:00,0.8732900990321774
2023-03-14 00:00:00,0.8732900990321774
2023-03-15 00:00:00,0.8732900990321774
2023-03-16 00:00:00,0.8732900990321774
2023-03-17 00:00:00,0.8732900990321774
2023-03-20 00:00:00,0.8732900990321774
2023-03-21 00:00:00,0.8732900990321774
2023-03-22 00:00:00,0.8732900990321774
2023-03-23 00:00:00,0.8732900990321774
2023-03-24 00:00:00,0.8732900990321774
2023-03-27 00:00:00,0.8732900990321774
2023-03-28 00:00:00,0.8732900990321774
2023-03-29 00:00:00,0.8732900990321774
2023-03-30 00:00:00,0.8732900990321774
2023-03-31 00:00:00,0.8732900990321774
2023-04-03 00:00:00,0.8732900990321774
2023-04-04 00:00:00,0.8732900990321774
2023-04-05 00:00:00,0.8732900990321774
2023-04-06 00:00:00,0.8732900990321774
2023-04-10 00:00:00,0.8732900990321774
2023-04-11 00:00:00,0.8732900990321774
2023-04-12 00:00:00,0.8732900990321774
2023-04-13 00:00:00,0.8732900990321774
2023-04-14 00:00:00,0.8732900990321774
2023-04-17 00:00:00,0.8732900990321774
2023-04-18 00:00:00,0.8732900990321774
2023-04-19 00:00:00,0.8732900990321774
2023-04-20 00:00:00,0.8732900990321774
2023-04-21 00:00:00,0.8732900990321774
2023-04-24 00:00:00,0.8732900990321774
2023-04-25 00:00:00,0.8732900990321774
2023-04-26 00:00:00,0.8732900990321774
2023-04-27 00:00:00,0.8732900990321774
2023-04-28 00:00:00,0.8732900990321774
2023-05-01 00:00:00,0.8732900990321774
2023-05-02 00:00:00,0.8732900990321774
2023-05-03 00:00:00,0.8732900990321774
2023-05-04 00:00:00,0.8732900990321774
2023-05-05 00:00:00,0.8732900990321774
2023-05-08 00:00:00,0.8732900990321774
2023-05-09 00:00:00,0.8732900990321774
2023-05-10 00:00:00,0.8732900990321774
2023-05-11 00:00:00,0.8732900990321774
2023-05-12 00:00:00,0.8732900990321774
2023-05-15 00:00:00,0.8732900990321774
2023-05-16 00:00:00,0.8732900990321774
2023-05-17 00:00:00,0.8732900990321774
2023-05-18 00:00:00,0.8732900990321774
2023-05-19 00:00:00,0.8732900990321774
2023-05-22 00:00:00,0.8732900990321774
2023-05-23 00:00:00,0.8732900990321774
2023-05-24 00:00:00,0.8732900990321774
2023-05-25 00:00:00,0.8732900990321774
2023-05-26 00:00:00,0.8732900990321774
2023-05-30 00:00:00,0.8732900990321774
2023-05-31 00:00:00,0.8732900990321774
2023-06-01 00:00:00,0.8732900990321774
2023-06-02 00:00:00,0.8732900990321774
2023-06-05 00:00:00,0.8732900990321774
2023-06-06 00:00:00,0.8732900990321774
2023-06-07 00:00:00,0.8732900990321774
2023-06-08 00:00:00,0.8732900990321774
2023-06-09 00:00:00,0.8732900990321774
2023-06-12 00:00:00,0.8732900990321774
2023-06-13 00:00:00,0.8732900990321774
2023-06-14 00:00:00,0.8732900990321774
2023-06-15 00:00:00,0.8732900990321774
2023-06-16 00:00:00,0.8732900990321774
2023-06-20 00:00:00,0.8732900990321774
2023-06-21 00:00:00,0.8732900990321774
2023-06-22 00:00:00,0.8732900990321774
2023-06-23 00:00:00,0.8732900990321774
2023-06-26 00:00:00,0.8732900990321774
2023-06-27 00:00:00,0.8732900990321774
2023-06-28 00:00:00,0.8732900990321774
2023-06-29 00:00:00,0.8732900990321774
2023-06-30 00:00:00,0.8732900990321774
2023-07-03 00:00:00,0.8732900990321774
2023-07-05 00:00:00,0.8732900990321774
2023-07-06 00:00:00,0.8732900990321774
2023-07-07 00:00:00,0.8732900990321774
2023-07-10 00:00:00,0.8732900990321774
2023-07-11 00:00:00,0.8732900990321774
2023-07-12 00:00:00,0.8732900990321774
2023-07-13 00:00:00,0.8732900990321774
2023-07-14 00:00:00,0.8732900990321774
2023-07-17 00:00:00,0.8732900990321774
2023-07-18 00:00:00,0.8732900990321774
2023-07-19 00:00:00,0.8732900990321774
2023-07-20 00:00:00,0.8732900990321774
2023-07-21 00:00:00,0.8732900990321774
2023-07-24 00:00:00,0.8732900990321774
2023-07-25 00:00:00,0.8732900990321774
2023-07-26 00:00:00,0.8732900990321774
2023-07-27 00:00:00,0.8732900990321774
2023-07-28 00:00:00,0.8732900990321774
2023-07-31 00:00:00,0.8732900990321774
2023-08-01 00:00:00,0.8732900990321774
2023-08-02 00:00:00,0.8732900990321774
2023-08-03 00:00:00,0.8732900990321774
2023-08-04 00:00:00,0.8732900990321774
2023-08-07 00:00:00,0.8732900990321774
2023-08-08 00:00:00,0.8732900990321774
2023-08-09 00:00:00,0.8732900990321774
2023-08-10 00:00:00,0.8732900990321774
2023-08-11 00:00:00,0.8732900990321774
2023-08-14 00:00:00,0.8732900990321774
2023-08-15 00:00:00,0.8732900990321774
2023-08-16 00:00:00,0.8732900990321774
2023-08-17 00:00:00,0.8732900990321774
2023-08-18 00:00:00,0.8732900990321774
2023-08-21 00:00:00,0.8732900990321774
2023-08-22 00:00:00,0.8732900990321774
2023-08-23 00:00:00,0.8732900990321774
2023-08-24 00:00:00,0.8732900990321774
2023-08-25 00:00:00,0.8732900990321774
2023-08-28 00:00:00,0.8732900990321774
2023-08-29 00:00:00,0.8732900990321774
2023-08-30 00:00:00,0.8732900990321774
2023-08-31 00:00:00,0.8732900990321774
2023-09-01 00:00:00,0.8732900990321774
2023-09-05 00:00:00,0.8732900990321774
2023-09-06 00:00:00,0.8732900990321774
2023-09-07 00:00:00,0.8732900990321774
2023-09-08 00:00:00,0.8732900990321774
2023-09-11 00:00:00,0.8732900990321774
2023-09-12 00:00:00,0.8732900990321774
2023-09-13 00:00:00,0.8732900990321774
2023-09-14 00:00:00,0.8732900990321774
2023-09-15 00:00:00,0.8732900990321774
2023-09-18 00:00:00,0.8732900990321774
2023-09-19 00:00:00,0.8732900990321774
2023-09-20 00:00:00,0.8732900990321774
2023-09-21 00:00:00,0.8732900990321774
2023-09-22 00:00:00,0.8732900990321774
2023-09-25 00:00:00,0.8732900990321774
2023-09-26 00:00:00,0.8732900990321774
2023-09-27 00:00:00,0.8732900990321774
2023-09-28 00:00:00,0.8732900990321774
2023-09-29 00:00:00,0.8732900990321774
2023-10-02 00:00:00,0.8732900990321774
2023-10-03 00:00:00,0.8732900990321774
2023-10-04 00:00:00,0.8732900990321774
2023-10-05 00:00:00,0.8732900990321774
2023-10-06 00:00:00,0.8732900990321774
2023-10-09 00:00:00,0.8732900990321774
2023-10-10 00:00:00,0.8732900990321774
2023-10-11 00:00:00,0.8732900990321774
2023-10-12 00:00:00,0.8732900990321774
2023-10-13 00:00:00,0.8732900990321774
2023-10-16 00:00:00,0.8732900990321774
2023-10-17 00:00:00,0.8732900990321774
2023-10-18 00:00:00,0.8732900990321774
2023-10-19 00:00:00,0.8732900990321774
2023-10-20 00:00:00,0.8732900990321774
2023-10-23 00:00:00,0.8732900990321774
2023-10-24 00:00:00,0.8732900990321774
2023-10-25 00:00:00,0.8732900990321774
2023-10-26 00:00:00,0.8732900990321774
2023-10-27 00:00:00,0.8732900990321774
2023-10-30 00:00:00,0.8732900990321774
2023-10-31 00:00:00,0.8732900990321774
2023-11-01 00:00:00,0.8732900990321774
2023-11-02 00:00:00,0.8732900990321774
2023-11-03 00:00:00,0.8732900990321774
2023-11-06 00:00:00,0.8732900990321774
2023-11-07 00:00:00,0.8732900990321774
2023-11-08 00:00:00,0.8732900990321774
2023-11-09 00:00:00,0.8732900990321774
2023-11-10 00:00:00,0.8732900990321774
2023-11-13 00:00:00,0.8732900990321774
2023-11-14 00:00:00,0.8732900990321774
2023-11-15 00:00:00,0.8732900990321774
2023-11-16 00:00:00,0.8732900990321774
2023-11-17 00:00:00,0.8732900990321774
2023-11-20 00:00:00,0.8732900990321774
2023-11-21 00:00:00,0.8732900990321774
2023-11-22 00:00:00,0.8732900990321774
2023-11-24 00:00:00,0.8732900990321774
2023-11-27 00:00:00,0.8732900990321774
2023-11-28 00:00:00,0.8732900990321774
2023-11-29 00:00:00,0.8732900990321774
2023-11-30 00:00:00,0.8720231257943306
2023-12-01 00:00:00,0.875248148581577
2023-12-04 00:00:00,0.8730597402616599
2023-12-05 00:00:00,0.8738659959584715
2023-12-06 00:00:00,0.8739811753437301
2023-12-07 00:00:00,0.8754785073520946
2023-12-08 00:00:00,0.8737508165732126
2023-12-11 00:00:00,0.8731749196469187
2023-12-12 00:00:00,0.8751329691963181
2023-12-13 00:00:00,0.8884937778863383
2023-12-14 00:00:00,0.8880330603453029
2023-12-15 00:00:00,0.8860750107959037
2023-12-18 00:00:00,0.8866509077221976
2023-12-19 00:00:00,0.8891848541978912
2023-12-20 00:00:00,0.8893000335831498
2023-12-21 00:00:00,0.8933313120672076
2023-12-22 00:00:00,0.8922946975998786
2023-12-26 00:00:00,0.8940223883787604
2023-12-27 00:00:00,0.8977081287070418
2023-12-28 00:00:00,0.8948286440755718
2023-12-29 00:00:00,0.891373262517808
