date,combined_equity
2002-07-26 00:00:00,1.0
2002-07-29 00:00:00,1.0
2002-07-30 00:00:00,1.0
2002-07-31 00:00:00,1.0
2002-08-01 00:00:00,1.0
2002-08-02 00:00:00,1.0
2002-08-05 00:00:00,1.0
2002-08-06 00:00:00,1.0
2002-08-07 00:00:00,1.0
2002-08-08 00:00:00,1.0
2002-08-09 00:00:00,1.0
2002-08-12 00:00:00,1.0
2002-08-13 00:00:00,1.0
2002-08-14 00:00:00,1.0
2002-08-15 00:00:00,1.0
2002-08-16 00:00:00,1.0
2002-08-19 00:00:00,1.0
2002-08-20 00:00:00,1.0
2002-08-21 00:00:00,1.0
2002-08-22 00:00:00,1.0
2002-08-23 00:00:00,1.0
2002-08-26 00:00:00,1.0
2002-08-27 00:00:00,1.0
2002-08-28 00:00:00,1.0
2002-08-29 00:00:00,1.0
2002-08-30 00:00:00,1.0
2002-09-03 00:00:00,1.0
2002-09-04 00:00:00,1.0
2002-09-05 00:00:00,1.0
2002-09-06 00:00:00,1.0
2002-09-09 00:00:00,1.0
2002-09-10 00:00:00,1.0
2002-09-11 00:00:00,1.0
2002-09-12 00:00:00,1.0
2002-09-13 00:00:00,1.0
2002-09-16 00:00:00,1.0
2002-09-17 00:00:00,1.0
2002-09-18 00:00:00,1.0
2002-09-19 00:00:00,1.0
2002-09-20 00:00:00,1.0
2002-09-23 00:00:00,1.0
2002-09-24 00:00:00,1.0
2002-09-25 00:00:00,1.0
2002-09-26 00:00:00,1.0
2002-09-27 00:00:00,1.0
2002-09-30 00:00:00,1.0
2002-10-01 00:00:00,1.0
2002-10-02 00:00:00,1.0
2002-10-03 00:00:00,1.0
2002-10-04 00:00:00,1.0
2002-10-07 00:00:00,1.0
2002-10-08 00:00:00,1.0
2002-10-09 00:00:00,1.0
2002-10-10 00:00:00,1.0
2002-10-11 00:00:00,1.0
2002-10-14 00:00:00,1.0
2002-10-15 00:00:00,1.0
2002-10-16 00:00:00,1.0
2002-10-17 00:00:00,1.0
2002-10-18 00:00:00,1.0
2002-10-21 00:00:00,1.0
2002-10-22 00:00:00,1.0
2002-10-23 00:00:00,1.0
2002-10-24 00:00:00,1.0
2002-10-25 00:00:00,1.0
2002-10-28 00:00:00,1.0
2002-10-29 00:00:00,1.0
2002-10-30 00:00:00,1.0
2002-10-31 00:00:00,1.0
2002-11-01 00:00:00,1.0
2002-11-04 00:00:00,1.0
2002-11-05 00:00:00,1.0
2002-11-06 00:00:00,1.0
2002-11-07 00:00:00,1.0
2002-11-08 00:00:00,1.0
2002-11-11 00:00:00,1.0
2002-11-12 00:00:00,1.0
2002-11-13 00:00:00,1.0
2002-11-14 00:00:00,1.0
2002-11-15 00:00:00,1.0
2002-11-18 00:00:00,1.0
2002-11-19 00:00:00,1.0
2002-11-20 00:00:00,1.0
2002-11-21 00:00:00,1.0
2002-11-22 00:00:00,1.0
2002-11-25 00:00:00,1.0
2002-11-26 00:00:00,1.0
2002-11-27 00:00:00,1.0
2002-11-29 00:00:00,1.0
2002-12-02 00:00:00,1.0
2002-12-03 00:00:00,1.0
2002-12-04 00:00:00,1.0
2002-12-05 00:00:00,1.0
2002-12-06 00:00:00,1.0
2002-12-09 00:00:00,1.0
2002-12-10 00:00:00,1.0
2002-12-11 00:00:00,1.0
2002-12-12 00:00:00,1.0
2002-12-13 00:00:00,1.0
2002-12-16 00:00:00,1.0
2002-12-17 00:00:00,1.0
2002-12-18 00:00:00,1.0
2002-12-19 00:00:00,1.0
2002-12-20 00:00:00,1.0
2002-12-23 00:00:00,1.0
2002-12-24 00:00:00,1.0
2002-12-26 00:00:00,1.0
2002-12-27 00:00:00,1.0
2002-12-30 00:00:00,1.0
2002-12-31 00:00:00,1.0
2003-01-02 00:00:00,1.0
2003-01-03 00:00:00,1.0
2003-01-06 00:00:00,1.0
2003-01-07 00:00:00,1.0
2003-01-08 00:00:00,1.0
2003-01-09 00:00:00,1.0
2003-01-10 00:00:00,1.0
2003-01-13 00:00:00,1.0
2003-01-14 00:00:00,1.0
2003-01-15 00:00:00,1.0
2003-01-16 00:00:00,1.0
2003-01-17 00:00:00,1.0
2003-01-21 00:00:00,1.0
2003-01-22 00:00:00,1.0
2003-01-23 00:00:00,1.0
2003-01-24 00:00:00,1.0
2003-01-27 00:00:00,1.0
2003-01-28 00:00:00,1.0
2003-01-29 00:00:00,1.0
2003-01-30 00:00:00,1.0
2003-01-31 00:00:00,1.0
2003-02-03 00:00:00,1.0
2003-02-04 00:00:00,1.0
2003-02-05 00:00:00,1.0
2003-02-06 00:00:00,1.0
2003-02-07 00:00:00,1.0
2003-02-10 00:00:00,1.0
2003-02-11 00:00:00,1.0
2003-02-12 00:00:00,1.0
2003-02-13 00:00:00,1.0
2003-02-14 00:00:00,1.0
2003-02-18 00:00:00,1.0
2003-02-19 00:00:00,1.0
2003-02-20 00:00:00,1.0
2003-02-21 00:00:00,1.0
2003-02-24 00:00:00,1.0
2003-02-25 00:00:00,1.0
2003-02-26 00:00:00,1.0
2003-02-27 00:00:00,1.0
2003-02-28 00:00:00,1.0
2003-03-03 00:00:00,1.0
2003-03-04 00:00:00,1.0
2003-03-05 00:00:00,1.0
2003-03-06 00:00:00,1.0
2003-03-07 00:00:00,1.0
2003-03-10 00:00:00,1.0
2003-03-11 00:00:00,1.0
2003-03-12 00:00:00,1.0
2003-03-13 00:00:00,1.0
2003-03-14 00:00:00,1.0
2003-03-17 00:00:00,1.0
2003-03-18 00:00:00,1.0
2003-03-19 00:00:00,1.0
2003-03-20 00:00:00,1.0
2003-03-21 00:00:00,1.0
2003-03-24 00:00:00,1.0
2003-03-25 00:00:00,1.0
2003-03-26 00:00:00,1.0
2003-03-27 00:00:00,1.0
2003-03-28 00:00:00,1.0
2003-03-31 00:00:00,1.0
2003-04-01 00:00:00,1.0
2003-04-02 00:00:00,1.0
2003-04-03 00:00:00,1.0
2003-04-04 00:00:00,1.0
2003-04-07 00:00:00,1.0
2003-04-08 00:00:00,1.0
2003-04-09 00:00:00,1.0
2003-04-10 00:00:00,1.0
2003-04-11 00:00:00,1.0
2003-04-14 00:00:00,1.0
2003-04-15 00:00:00,1.0
2003-04-16 00:00:00,1.0
2003-04-17 00:00:00,1.0
2003-04-21 00:00:00,1.0
2003-04-22 00:00:00,1.0
2003-04-23 00:00:00,1.0
2003-04-24 00:00:00,1.0
2003-04-25 00:00:00,1.0
2003-04-28 00:00:00,1.0
2003-04-29 00:00:00,1.0
2003-04-30 00:00:00,1.0
2003-05-01 00:00:00,1.0
2003-05-02 00:00:00,1.0
2003-05-05 00:00:00,1.0
2003-05-06 00:00:00,1.0
2003-05-07 00:00:00,1.0
2003-05-08 00:00:00,1.0
2003-05-09 00:00:00,1.0
2003-05-12 00:00:00,1.0
2003-05-13 00:00:00,1.0
2003-05-14 00:00:00,1.0
2003-05-15 00:00:00,1.0
2003-05-16 00:00:00,1.0
2003-05-19 00:00:00,1.0
2003-05-20 00:00:00,1.0
2003-05-21 00:00:00,1.0
2003-05-22 00:00:00,1.0
2003-05-23 00:00:00,1.0
2003-05-27 00:00:00,1.0
2003-05-28 00:00:00,1.0
2003-05-29 00:00:00,1.0
2003-05-30 00:00:00,1.0
2003-06-02 00:00:00,1.0
2003-06-03 00:00:00,1.0
2003-06-04 00:00:00,1.0
2003-06-05 00:00:00,1.0
2003-06-06 00:00:00,1.0
2003-06-09 00:00:00,1.0
2003-06-10 00:00:00,1.0
2003-06-11 00:00:00,1.0
2003-06-12 00:00:00,1.0
2003-06-13 00:00:00,1.0
2003-06-16 00:00:00,1.0
2003-06-17 00:00:00,1.0
2003-06-18 00:00:00,1.0
2003-06-19 00:00:00,1.0
2003-06-20 00:00:00,1.0
2003-06-23 00:00:00,1.0
2003-06-24 00:00:00,1.0
2003-06-25 00:00:00,1.0
2003-06-26 00:00:00,1.0
2003-06-27 00:00:00,1.0
2003-06-30 00:00:00,1.0
2003-07-01 00:00:00,1.0
2003-07-02 00:00:00,1.0
2003-07-03 00:00:00,1.0
2003-07-07 00:00:00,1.0
2003-07-08 00:00:00,1.0
2003-07-09 00:00:00,1.0
2003-07-10 00:00:00,1.0
2003-07-11 00:00:00,1.0
2003-07-14 00:00:00,1.0
2003-07-15 00:00:00,1.0
2003-07-16 00:00:00,1.0
2003-07-17 00:00:00,1.0
2003-07-18 00:00:00,1.0
2003-07-21 00:00:00,1.0
2003-07-22 00:00:00,1.0
2003-07-23 00:00:00,1.0
2003-07-24 00:00:00,1.0
2003-07-25 00:00:00,1.0
2003-07-28 00:00:00,1.0
2003-07-29 00:00:00,1.0
2003-07-30 00:00:00,1.0
2003-07-31 00:00:00,1.0
2003-08-01 00:00:00,1.0
2003-08-04 00:00:00,1.0
2003-08-05 00:00:00,1.0
2003-08-06 00:00:00,1.0
2003-08-07 00:00:00,1.0
2003-08-08 00:00:00,1.0
2003-08-11 00:00:00,1.0
2003-08-12 00:00:00,1.0
2003-08-13 00:00:00,1.0
2003-08-14 00:00:00,1.0
2003-08-15 00:00:00,1.0
2003-08-18 00:00:00,1.0
2003-08-19 00:00:00,1.0
2003-08-20 00:00:00,1.0
2003-08-21 00:00:00,1.0
2003-08-22 00:00:00,1.0
2003-08-25 00:00:00,1.0
2003-08-26 00:00:00,1.0
2003-08-27 00:00:00,1.0
2003-08-28 00:00:00,1.0
2003-08-29 00:00:00,1.0
2003-09-02 00:00:00,1.0
2003-09-03 00:00:00,1.0
2003-09-04 00:00:00,1.0
2003-09-05 00:00:00,1.0
2003-09-08 00:00:00,1.0
2003-09-09 00:00:00,1.0
2003-09-10 00:00:00,1.0
2003-09-11 00:00:00,1.0
2003-09-12 00:00:00,1.0
2003-09-15 00:00:00,1.0
2003-09-16 00:00:00,1.0
2003-09-17 00:00:00,1.0
2003-09-18 00:00:00,1.0
2003-09-19 00:00:00,1.0
2003-09-22 00:00:00,1.0
2003-09-23 00:00:00,1.0
2003-09-24 00:00:00,1.0
2003-09-25 00:00:00,1.0
2003-09-26 00:00:00,1.0
2003-09-29 00:00:00,1.0
2003-09-30 00:00:00,1.0
2003-10-01 00:00:00,1.0
2003-10-02 00:00:00,1.0
2003-10-03 00:00:00,1.0
2003-10-06 00:00:00,1.0
2003-10-07 00:00:00,1.0
2003-10-08 00:00:00,1.0
2003-10-09 00:00:00,1.0
2003-10-10 00:00:00,1.0
2003-10-13 00:00:00,1.0
2003-10-14 00:00:00,1.0
2003-10-15 00:00:00,1.0
2003-10-16 00:00:00,1.0
2003-10-17 00:00:00,1.0
2003-10-20 00:00:00,1.0
2003-10-21 00:00:00,1.0
2003-10-22 00:00:00,1.0
2003-10-23 00:00:00,1.0
2003-10-24 00:00:00,1.0
2003-10-27 00:00:00,1.0
2003-10-28 00:00:00,1.0
2003-10-29 00:00:00,1.0
2003-10-30 00:00:00,1.0
2003-10-31 00:00:00,1.0
2003-11-03 00:00:00,1.0
2003-11-04 00:00:00,1.0
2003-11-05 00:00:00,1.0
2003-11-06 00:00:00,1.0
2003-11-07 00:00:00,1.0
2003-11-10 00:00:00,1.0
2003-11-11 00:00:00,1.0
2003-11-12 00:00:00,1.0
2003-11-13 00:00:00,1.0
2003-11-14 00:00:00,1.0
2003-11-17 00:00:00,1.0
2003-11-18 00:00:00,1.0
2003-11-19 00:00:00,1.0
2003-11-20 00:00:00,1.0
2003-11-21 00:00:00,1.0
2003-11-24 00:00:00,1.0
2003-11-25 00:00:00,1.0
2003-11-26 00:00:00,1.0
2003-11-28 00:00:00,1.0
2003-12-01 00:00:00,1.0
2003-12-02 00:00:00,1.0
2003-12-03 00:00:00,1.0
2003-12-04 00:00:00,1.0
2003-12-05 00:00:00,1.0
2003-12-08 00:00:00,1.0
2003-12-09 00:00:00,1.0
2003-12-10 00:00:00,1.0
2003-12-11 00:00:00,1.0
2003-12-12 00:00:00,1.0
2003-12-15 00:00:00,1.0
2003-12-16 00:00:00,1.0
2003-12-17 00:00:00,1.0
2003-12-18 00:00:00,1.0
2003-12-19 00:00:00,1.0
2003-12-22 00:00:00,1.0
2003-12-23 00:00:00,1.0
2003-12-24 00:00:00,1.0
2003-12-26 00:00:00,1.0
2003-12-29 00:00:00,1.0
2003-12-30 00:00:00,1.0
2003-12-31 00:00:00,1.0
2004-01-02 00:00:00,1.0
2004-01-05 00:00:00,1.0
2004-01-06 00:00:00,1.0
2004-01-07 00:00:00,1.0
2004-01-08 00:00:00,1.0
2004-01-09 00:00:00,1.0
2004-01-12 00:00:00,1.0
2004-01-13 00:00:00,1.0
2004-01-14 00:00:00,1.0
2004-01-15 00:00:00,1.0
2004-01-16 00:00:00,1.0
2004-01-20 00:00:00,1.0
2004-01-21 00:00:00,1.0
2004-01-22 00:00:00,1.0
2004-01-23 00:00:00,1.0
2004-01-26 00:00:00,1.0
2004-01-27 00:00:00,1.0
2004-01-28 00:00:00,1.0
2004-01-29 00:00:00,1.0
2004-01-30 00:00:00,1.0
2004-02-02 00:00:00,1.0
2004-02-03 00:00:00,1.0
2004-02-04 00:00:00,1.0
2004-02-05 00:00:00,1.0
2004-02-06 00:00:00,1.0
2004-02-09 00:00:00,1.0
2004-02-10 00:00:00,1.0
2004-02-11 00:00:00,1.0
2004-02-12 00:00:00,1.0
2004-02-13 00:00:00,1.0
2004-02-17 00:00:00,1.0
2004-02-18 00:00:00,1.0
2004-02-19 00:00:00,1.0
2004-02-20 00:00:00,1.0
2004-02-23 00:00:00,1.0
2004-02-24 00:00:00,1.0
2004-02-25 00:00:00,1.0
2004-02-26 00:00:00,1.0
2004-02-27 00:00:00,1.0
2004-03-01 00:00:00,1.0
2004-03-02 00:00:00,1.0
2004-03-03 00:00:00,1.0
2004-03-04 00:00:00,1.0
2004-03-05 00:00:00,1.0
2004-03-08 00:00:00,1.0
2004-03-09 00:00:00,1.0
2004-03-10 00:00:00,1.0
2004-03-11 00:00:00,1.0
2004-03-12 00:00:00,1.0
2004-03-15 00:00:00,1.0
2004-03-16 00:00:00,1.0
2004-03-17 00:00:00,1.0
2004-03-18 00:00:00,1.0
2004-03-19 00:00:00,1.0
2004-03-22 00:00:00,1.0
2004-03-23 00:00:00,1.0
2004-03-24 00:00:00,1.0
2004-03-25 00:00:00,1.0
2004-03-26 00:00:00,1.0
2004-03-29 00:00:00,1.0
2004-03-30 00:00:00,1.0
2004-03-31 00:00:00,1.0
2004-04-01 00:00:00,1.0
2004-04-02 00:00:00,1.0
2004-04-05 00:00:00,1.0
2004-04-06 00:00:00,1.0
2004-04-07 00:00:00,1.0
2004-04-08 00:00:00,1.0
2004-04-12 00:00:00,1.0
2004-04-13 00:00:00,1.0
2004-04-14 00:00:00,1.0
2004-04-15 00:00:00,1.0
2004-04-16 00:00:00,1.0
2004-04-19 00:00:00,1.0
2004-04-20 00:00:00,1.0
2004-04-21 00:00:00,1.0
2004-04-22 00:00:00,1.0
2004-04-23 00:00:00,1.0
2004-04-26 00:00:00,1.0
2004-04-27 00:00:00,1.0
2004-04-28 00:00:00,1.0
2004-04-29 00:00:00,1.0
2004-04-30 00:00:00,1.0
2004-05-03 00:00:00,1.0
2004-05-04 00:00:00,1.0
2004-05-05 00:00:00,1.0
2004-05-06 00:00:00,1.0
2004-05-07 00:00:00,1.0
2004-05-10 00:00:00,1.0
2004-05-11 00:00:00,1.0
2004-05-12 00:00:00,1.0
2004-05-13 00:00:00,1.0
2004-05-14 00:00:00,1.0
2004-05-17 00:00:00,1.0
2004-05-18 00:00:00,1.0
2004-05-19 00:00:00,1.0
2004-05-20 00:00:00,1.0
2004-05-21 00:00:00,1.0
2004-05-24 00:00:00,1.0
2004-05-25 00:00:00,1.0
2004-05-26 00:00:00,1.0
2004-05-27 00:00:00,1.0
2004-05-28 00:00:00,1.0
2004-06-01 00:00:00,1.0
2004-06-02 00:00:00,1.0
2004-06-03 00:00:00,1.0
2004-06-04 00:00:00,1.0
2004-06-07 00:00:00,1.0
2004-06-08 00:00:00,1.0
2004-06-09 00:00:00,1.0
2004-06-10 00:00:00,1.0
2004-06-14 00:00:00,1.0
2004-06-15 00:00:00,1.0
2004-06-16 00:00:00,1.0
2004-06-17 00:00:00,1.0
2004-06-18 00:00:00,1.0
2004-06-21 00:00:00,1.0
2004-06-22 00:00:00,1.0
2004-06-23 00:00:00,1.0
2004-06-24 00:00:00,1.0
2004-06-25 00:00:00,1.0
2004-06-28 00:00:00,1.0
2004-06-29 00:00:00,1.0
2004-06-30 00:00:00,1.0
2004-07-01 00:00:00,1.0
2004-07-02 00:00:00,1.0
2004-07-06 00:00:00,1.0
2004-07-07 00:00:00,1.0
2004-07-08 00:00:00,1.0
2004-07-09 00:00:00,1.0
2004-07-12 00:00:00,1.0
2004-07-13 00:00:00,1.0
2004-07-14 00:00:00,1.0
2004-07-15 00:00:00,1.0
2004-07-16 00:00:00,1.0
2004-07-19 00:00:00,1.0
2004-07-20 00:00:00,1.0
2004-07-21 00:00:00,1.0
2004-07-22 00:00:00,1.0
2004-07-23 00:00:00,1.0
2004-07-26 00:00:00,1.0
2004-07-27 00:00:00,1.0
2004-07-28 00:00:00,1.0
2004-07-29 00:00:00,1.0
2004-07-30 00:00:00,1.0
2004-08-02 00:00:00,1.0
2004-08-03 00:00:00,1.0
2004-08-04 00:00:00,1.0
2004-08-05 00:00:00,1.0
2004-08-06 00:00:00,1.0
2004-08-09 00:00:00,1.0
2004-08-10 00:00:00,1.0
2004-08-11 00:00:00,1.0
2004-08-12 00:00:00,1.0
2004-08-13 00:00:00,1.0
2004-08-16 00:00:00,1.0
2004-08-17 00:00:00,1.0
2004-08-18 00:00:00,1.0
2004-08-19 00:00:00,1.0
2004-08-20 00:00:00,1.0
2004-08-23 00:00:00,1.0
2004-08-24 00:00:00,1.0
2004-08-25 00:00:00,1.0
2004-08-26 00:00:00,1.0
2004-08-27 00:00:00,1.0
2004-08-30 00:00:00,1.0
2004-08-31 00:00:00,1.0
2004-09-01 00:00:00,1.0
2004-09-02 00:00:00,1.0
2004-09-03 00:00:00,1.0
2004-09-07 00:00:00,1.0
2004-09-08 00:00:00,1.0
2004-09-09 00:00:00,1.0
2004-09-10 00:00:00,1.0
2004-09-13 00:00:00,1.0
2004-09-14 00:00:00,1.0
2004-09-15 00:00:00,1.0
2004-09-16 00:00:00,1.0
2004-09-17 00:00:00,1.0
2004-09-20 00:00:00,1.0
2004-09-21 00:00:00,1.0
2004-09-22 00:00:00,1.0
2004-09-23 00:00:00,1.0
2004-09-24 00:00:00,1.0
2004-09-27 00:00:00,1.0
2004-09-28 00:00:00,1.0
2004-09-29 00:00:00,1.0
2004-09-30 00:00:00,1.0
2004-10-01 00:00:00,1.0
2004-10-04 00:00:00,1.0
2004-10-05 00:00:00,1.0
2004-10-06 00:00:00,1.0
2004-10-07 00:00:00,1.0
2004-10-08 00:00:00,1.0
2004-10-11 00:00:00,1.0
2004-10-12 00:00:00,1.0
2004-10-13 00:00:00,1.0
2004-10-14 00:00:00,1.0
2004-10-15 00:00:00,1.0
2004-10-18 00:00:00,1.0
2004-10-19 00:00:00,1.0
2004-10-20 00:00:00,1.0
2004-10-21 00:00:00,1.0
2004-10-22 00:00:00,1.0
2004-10-25 00:00:00,1.0
2004-10-26 00:00:00,1.0
2004-10-27 00:00:00,1.0
2004-10-28 00:00:00,1.0
2004-10-29 00:00:00,1.0
2004-11-01 00:00:00,1.0
2004-11-02 00:00:00,1.0
2004-11-03 00:00:00,1.0
2004-11-04 00:00:00,1.0
2004-11-05 00:00:00,1.0
2004-11-08 00:00:00,1.0
2004-11-09 00:00:00,1.0
2004-11-10 00:00:00,1.0
2004-11-11 00:00:00,1.0
2004-11-12 00:00:00,1.0
2004-11-15 00:00:00,1.0
2004-11-16 00:00:00,1.0
2004-11-17 00:00:00,1.0
2004-11-18 00:00:00,1.0
2004-11-19 00:00:00,1.0
2004-11-22 00:00:00,1.0
2004-11-23 00:00:00,1.0
2004-11-24 00:00:00,1.0
2004-11-26 00:00:00,1.0
2004-11-29 00:00:00,1.0
2004-11-30 00:00:00,1.0
2004-12-01 00:00:00,1.0
2004-12-02 00:00:00,0.9997620180866253
2004-12-03 00:00:00,1.0097572584483578
2004-12-06 00:00:00,1.0116611137553544
2004-12-07 00:00:00,1.0115421227986672
2004-12-08 00:00:00,1.0148784035254632
2004-12-09 00:00:00,1.0148784035254632
2004-12-10 00:00:00,1.0148784035254632
2004-12-13 00:00:00,1.0148784035254632
2004-12-14 00:00:00,1.0148784035254632
2004-12-15 00:00:00,1.0148784035254632
2004-12-16 00:00:00,1.0148784035254632
2004-12-17 00:00:00,1.0148784035254632
2004-12-20 00:00:00,1.0148784035254632
2004-12-21 00:00:00,1.0148784035254632
2004-12-22 00:00:00,1.0148784035254632
2004-12-23 00:00:00,1.0148784035254632
2004-12-27 00:00:00,1.0148784035254632
2004-12-28 00:00:00,1.0148784035254632
2004-12-29 00:00:00,1.0148784035254632
2004-12-30 00:00:00,1.0148784035254632
2004-12-31 00:00:00,1.0148784035254632
2005-01-03 00:00:00,1.0148784035254632
2005-01-04 00:00:00,1.0148784035254632
2005-01-05 00:00:00,1.0148784035254632
2005-01-06 00:00:00,1.0148784035254632
2005-01-07 00:00:00,1.0148784035254632
2005-01-10 00:00:00,1.0148784035254632
2005-01-11 00:00:00,1.0148784035254632
2005-01-12 00:00:00,1.0148784035254632
2005-01-13 00:00:00,1.0148784035254632
2005-01-14 00:00:00,1.0148784035254632
2005-01-18 00:00:00,1.0148784035254632
2005-01-19 00:00:00,1.0148784035254632
2005-01-20 00:00:00,1.0148784035254632
2005-01-21 00:00:00,1.0148784035254632
2005-01-24 00:00:00,1.0148784035254632
2005-01-25 00:00:00,1.0148784035254632
2005-01-26 00:00:00,1.0148784035254632
2005-01-27 00:00:00,1.0148784035254632
2005-01-28 00:00:00,1.0148784035254632
2005-01-31 00:00:00,1.0148784035254632
2005-02-01 00:00:00,1.0148784035254632
2005-02-02 00:00:00,1.0148784035254632
2005-02-03 00:00:00,1.0148784035254632
2005-02-04 00:00:00,1.0148784035254632
2005-02-07 00:00:00,1.0148784035254632
2005-02-08 00:00:00,1.0148784035254632
2005-02-09 00:00:00,1.0148784035254632
2005-02-10 00:00:00,1.0148784035254632
2005-02-11 00:00:00,1.0148784035254632
2005-02-14 00:00:00,1.0148784035254632
2005-02-15 00:00:00,1.0148784035254632
2005-02-16 00:00:00,1.0148784035254632
2005-02-17 00:00:00,1.0148784035254632
2005-02-18 00:00:00,1.0148784035254632
2005-02-22 00:00:00,1.0148784035254632
2005-02-23 00:00:00,1.0148784035254632
2005-02-24 00:00:00,1.0148784035254632
2005-02-25 00:00:00,1.0148784035254632
2005-02-28 00:00:00,1.0148784035254632
2005-03-01 00:00:00,1.0148784035254632
2005-03-02 00:00:00,1.0154827136383162
2005-03-03 00:00:00,1.0148784035254632
2005-03-04 00:00:00,1.0194711603831466
2005-03-07 00:00:00,1.019712884428288
2005-03-08 00:00:00,1.0148784035254632
2005-03-09 00:00:00,1.0071432340809439
2005-03-10 00:00:00,1.008956164419503
2005-03-11 00:00:00,1.0047259936295314
2005-03-14 00:00:00,1.0071432340809439
2005-03-15 00:00:00,1.005209441719814
2005-03-16 00:00:00,1.0075058201486558
2005-03-17 00:00:00,1.0113734048709155
2005-03-18 00:00:00,1.0088353023969323
2005-03-21 00:00:00,1.0076266821712263
2005-03-22 00:00:00,1.0002540987944188
2005-03-23 00:00:00,0.9976726310267374
2005-03-24 00:00:00,0.9980332790437371
2005-03-28 00:00:00,0.9947874468907403
2005-03-29 00:00:00,0.9988747910834032
2005-03-30 00:00:00,1.0011588951910675
2005-03-31 00:00:00,1.0060877514233963
2005-04-01 00:00:00,1.0047653753610641
2005-04-04 00:00:00,1.004284511338398
2005-04-05 00:00:00,1.0044047273440644
2005-04-06 00:00:00,1.0074101274857283
2005-04-07 00:00:00,1.0035632153043987
2005-04-08 00:00:00,1.0046451593553976
2005-04-11 00:00:00,1.0076505594970615
2005-04-12 00:00:00,1.01294006374639
2005-04-13 00:00:00,1.014180928487295
2005-04-14 00:00:00,1.014180928487295
2005-04-15 00:00:00,1.014180928487295
2005-04-18 00:00:00,1.014180928487295
2005-04-19 00:00:00,1.014180928487295
2005-04-20 00:00:00,1.014180928487295
2005-04-21 00:00:00,1.014180928487295
2005-04-22 00:00:00,1.014180928487295
2005-04-25 00:00:00,1.014180928487295
2005-04-26 00:00:00,1.014180928487295
2005-04-27 00:00:00,1.014180928487295
2005-04-28 00:00:00,1.014180928487295
2005-04-29 00:00:00,1.014180928487295
2005-05-02 00:00:00,1.014180928487295
2005-05-03 00:00:00,1.014180928487295
2005-05-04 00:00:00,1.014180928487295
2005-05-05 00:00:00,1.014180928487295
2005-05-06 00:00:00,1.014180928487295
2005-05-09 00:00:00,1.014180928487295
2005-05-10 00:00:00,1.014180928487295
2005-05-11 00:00:00,1.014180928487295
2005-05-12 00:00:00,1.014180928487295
2005-05-13 00:00:00,1.014180928487295
2005-05-16 00:00:00,1.014180928487295
2005-05-17 00:00:00,1.014180928487295
2005-05-18 00:00:00,1.014180928487295
2005-05-19 00:00:00,1.014180928487295
2005-05-20 00:00:00,1.014180928487295
2005-05-23 00:00:00,1.014180928487295
2005-05-24 00:00:00,1.014180928487295
2005-05-25 00:00:00,1.014180928487295
2005-05-26 00:00:00,1.014180928487295
2005-05-27 00:00:00,1.014180928487295
2005-05-31 00:00:00,1.014180928487295
2005-06-01 00:00:00,1.014180928487295
2005-06-02 00:00:00,1.014180928487295
2005-06-03 00:00:00,1.014180928487295
2005-06-06 00:00:00,1.014180928487295
2005-06-07 00:00:00,1.014180928487295
2005-06-08 00:00:00,1.014180928487295
2005-06-09 00:00:00,1.014180928487295
2005-06-10 00:00:00,1.014180928487295
2005-06-13 00:00:00,1.014180928487295
2005-06-14 00:00:00,1.014180928487295
2005-06-15 00:00:00,1.014180928487295
2005-06-16 00:00:00,1.014180928487295
2005-06-17 00:00:00,1.014180928487295
2005-06-20 00:00:00,1.014180928487295
2005-06-21 00:00:00,1.014180928487295
2005-06-22 00:00:00,1.014180928487295
2005-06-23 00:00:00,1.014180928487295
2005-06-24 00:00:00,1.014180928487295
2005-06-27 00:00:00,1.014180928487295
2005-06-28 00:00:00,1.014180928487295
2005-06-29 00:00:00,1.014180928487295
2005-06-30 00:00:00,1.014180928487295
2005-07-01 00:00:00,1.014180928487295
2005-07-05 00:00:00,1.014180928487295
2005-07-06 00:00:00,1.014180928487295
2005-07-07 00:00:00,1.014180928487295
2005-07-08 00:00:00,1.014180928487295
2005-07-11 00:00:00,1.014180928487295
2005-07-12 00:00:00,1.014180928487295
2005-07-13 00:00:00,1.014180928487295
2005-07-14 00:00:00,1.014180928487295
2005-07-15 00:00:00,1.014180928487295
2005-07-18 00:00:00,1.014180928487295
2005-07-19 00:00:00,1.014180928487295
2005-07-20 00:00:00,1.014180928487295
2005-07-21 00:00:00,1.014180928487295
2005-07-22 00:00:00,1.014180928487295
2005-07-25 00:00:00,1.014180928487295
2005-07-26 00:00:00,1.014180928487295
2005-07-27 00:00:00,1.014180928487295
2005-07-28 00:00:00,1.014180928487295
2005-07-29 00:00:00,1.014180928487295
2005-08-01 00:00:00,1.014180928487295
2005-08-02 00:00:00,1.014180928487295
2005-08-03 00:00:00,1.014180928487295
2005-08-04 00:00:00,1.014180928487295
2005-08-05 00:00:00,1.014180928487295
2005-08-08 00:00:00,1.0118855815377703
2005-08-09 00:00:00,1.0147849671582223
2005-08-10 00:00:00,1.0143017362214801
2005-08-11 00:00:00,1.0186508146521585
2005-08-12 00:00:00,1.0227582776144655
2005-08-15 00:00:00,1.021429392538425
2005-08-16 00:00:00,1.026261701905845
2005-08-17 00:00:00,1.0222750466777235
2005-08-18 00:00:00,1.0277113947160712
2005-08-19 00:00:00,1.0271073560451436
2005-08-22 00:00:00,1.0279530101844423
2005-08-23 00:00:00,1.029083090773979
2005-08-24 00:00:00,1.029083090773979
2005-08-25 00:00:00,1.029083090773979
2005-08-26 00:00:00,1.029083090773979
2005-08-29 00:00:00,1.029083090773979
2005-08-30 00:00:00,1.029083090773979
2005-08-31 00:00:00,1.029083090773979
2005-09-01 00:00:00,1.029083090773979
2005-09-02 00:00:00,1.029083090773979
2005-09-06 00:00:00,1.029083090773979
2005-09-07 00:00:00,1.029083090773979
2005-09-08 00:00:00,1.029083090773979
2005-09-09 00:00:00,1.029083090773979
2005-09-12 00:00:00,1.029083090773979
2005-09-13 00:00:00,1.029083090773979
2005-09-14 00:00:00,1.029083090773979
2005-09-15 00:00:00,1.029083090773979
2005-09-16 00:00:00,1.029083090773979
2005-09-19 00:00:00,1.029083090773979
2005-09-20 00:00:00,1.029083090773979
2005-09-21 00:00:00,1.029083090773979
2005-09-22 00:00:00,1.029083090773979
2005-09-23 00:00:00,1.029083090773979
2005-09-26 00:00:00,1.029083090773979
2005-09-27 00:00:00,1.029083090773979
2005-09-28 00:00:00,1.029083090773979
2005-09-29 00:00:00,1.029083090773979
2005-09-30 00:00:00,1.029083090773979
2005-10-03 00:00:00,1.029083090773979
2005-10-04 00:00:00,1.029083090773979
2005-10-05 00:00:00,1.029083090773979
2005-10-06 00:00:00,1.029083090773979
2005-10-07 00:00:00,1.029083090773979
2005-10-10 00:00:00,1.029083090773979
2005-10-11 00:00:00,1.029083090773979
2005-10-12 00:00:00,1.029083090773979
2005-10-13 00:00:00,1.029083090773979
2005-10-14 00:00:00,1.029083090773979
2005-10-17 00:00:00,1.029083090773979
2005-10-18 00:00:00,1.029083090773979
2005-10-19 00:00:00,1.029083090773979
2005-10-20 00:00:00,1.029083090773979
2005-10-21 00:00:00,1.029083090773979
2005-10-24 00:00:00,1.029083090773979
2005-10-25 00:00:00,1.029083090773979
2005-10-26 00:00:00,1.029083090773979
2005-10-27 00:00:00,1.029454511523777
2005-10-28 00:00:00,1.0283402492743827
2005-10-31 00:00:00,1.029083090773979
2005-11-01 00:00:00,1.0248736556096003
2005-11-02 00:00:00,1.022768938027411
2005-11-03 00:00:00,1.019178537446029
2005-11-04 00:00:00,1.0186833097796317
2005-11-07 00:00:00,1.0205404135286222
2005-11-08 00:00:00,1.0256164971091966
2005-11-09 00:00:00,1.0201689927788242
2005-11-10 00:00:00,1.0259879178589948
2005-11-11 00:00:00,1.0272259870249882
2005-11-14 00:00:00,1.0226451311108116
2005-11-15 00:00:00,1.026111724775594
2005-11-16 00:00:00,1.0313116152727677
2005-11-17 00:00:00,1.0332925259383576
2005-11-18 00:00:00,1.0308163876063703
2005-11-21 00:00:00,1.0327972982719602
2005-11-22 00:00:00,1.0363876988533418
2005-11-23 00:00:00,1.0336639466881556
2005-11-25 00:00:00,1.0349856102842372
2005-11-28 00:00:00,1.0349856102842372
2005-11-29 00:00:00,1.0349856102842372
2005-11-30 00:00:00,1.0349856102842372
2005-12-01 00:00:00,1.0349856102842372
2005-12-02 00:00:00,1.0349856102842372
2005-12-05 00:00:00,1.0349856102842372
2005-12-06 00:00:00,1.0349856102842372
2005-12-07 00:00:00,1.0349856102842372
2005-12-08 00:00:00,1.0349856102842372
2005-12-09 00:00:00,1.0349856102842372
2005-12-12 00:00:00,1.0349856102842372
2005-12-13 00:00:00,1.0349856102842372
2005-12-14 00:00:00,1.0349856102842372
2005-12-15 00:00:00,1.0349856102842372
2005-12-16 00:00:00,1.0349856102842372
2005-12-19 00:00:00,1.0349856102842372
2005-12-20 00:00:00,1.0349856102842372
2005-12-21 00:00:00,1.0349856102842372
2005-12-22 00:00:00,1.0349856102842372
2005-12-23 00:00:00,1.0349856102842372
2005-12-27 00:00:00,1.0349856102842372
2005-12-28 00:00:00,1.0349856102842372
2005-12-29 00:00:00,1.0349856102842372
2005-12-30 00:00:00,1.0349856102842372
2006-01-03 00:00:00,1.0349856102842372
2006-01-04 00:00:00,1.0349856102842372
2006-01-05 00:00:00,1.0349856102842372
2006-01-06 00:00:00,1.0349856102842372
2006-01-09 00:00:00,1.0349856102842372
2006-01-10 00:00:00,1.0349856102842372
2006-01-11 00:00:00,1.0349856102842372
2006-01-12 00:00:00,1.0349856102842372
2006-01-13 00:00:00,1.0349856102842372
2006-01-17 00:00:00,1.0349856102842372
2006-01-18 00:00:00,1.0349856102842372
2006-01-19 00:00:00,1.0349856102842372
2006-01-20 00:00:00,1.0349856102842372
2006-01-23 00:00:00,1.0349856102842372
2006-01-24 00:00:00,1.0349856102842372
2006-01-25 00:00:00,1.0349856102842372
2006-01-26 00:00:00,1.0349856102842372
2006-01-27 00:00:00,1.0349856102842372
2006-01-30 00:00:00,1.0349856102842372
2006-01-31 00:00:00,1.0349856102842372
2006-02-01 00:00:00,1.0349856102842372
2006-02-02 00:00:00,1.0349856102842372
2006-02-03 00:00:00,1.0349856102842372
2006-02-06 00:00:00,1.0349856102842372
2006-02-07 00:00:00,1.0349856102842372
2006-02-08 00:00:00,1.0349856102842372
2006-02-09 00:00:00,1.0349856102842372
2006-02-10 00:00:00,1.0349856102842372
2006-02-13 00:00:00,1.0349856102842372
2006-02-14 00:00:00,1.0349856102842372
2006-02-15 00:00:00,1.0349856102842372
2006-02-16 00:00:00,1.0349856102842372
2006-02-17 00:00:00,1.0349856102842372
2006-02-21 00:00:00,1.0349856102842372
2006-02-22 00:00:00,1.0349856102842372
2006-02-23 00:00:00,1.0349856102842372
2006-02-24 00:00:00,1.0349856102842372
2006-02-27 00:00:00,1.0349856102842372
2006-02-28 00:00:00,1.0349856102842372
2006-03-01 00:00:00,1.0349856102842372
2006-03-02 00:00:00,1.0349856102842372
2006-03-03 00:00:00,1.0349856102842372
2006-03-06 00:00:00,1.0347324647271174
2006-03-07 00:00:00,1.0352387558413572
2006-03-08 00:00:00,1.0357450469555964
2006-03-09 00:00:00,1.0367576291840757
2006-03-10 00:00:00,1.0347324647271174
2006-03-13 00:00:00,1.0338464552771984
2006-03-14 00:00:00,1.0397953758695133
2006-03-15 00:00:00,1.0378967841911149
2006-03-16 00:00:00,1.044478568676229
2006-03-17 00:00:00,1.0423268314407108
2006-03-20 00:00:00,1.0443519958976695
2006-03-21 00:00:00,1.0400485214266328
2006-03-22 00:00:00,1.0413142492122318
2006-03-23 00:00:00,1.0386562208624741
2006-03-24 00:00:00,1.0432128408906303
2006-03-27 00:00:00,1.040934530876552
2006-03-28 00:00:00,1.0358716197341566
2006-03-29 00:00:00,1.0348590375056774
2006-03-30 00:00:00,1.0318212908202398
2006-03-31 00:00:00,1.0325807274915992
2006-04-03 00:00:00,1.025964667098051
2006-04-04 00:00:00,1.025964667098051
2006-04-05 00:00:00,1.025964667098051
2006-04-06 00:00:00,1.025964667098051
2006-04-07 00:00:00,1.025964667098051
2006-04-10 00:00:00,1.025964667098051
2006-04-11 00:00:00,1.025964667098051
2006-04-12 00:00:00,1.025964667098051
2006-04-13 00:00:00,1.025964667098051
2006-04-17 00:00:00,1.025964667098051
2006-04-18 00:00:00,1.025964667098051
2006-04-19 00:00:00,1.025964667098051
2006-04-20 00:00:00,1.025964667098051
2006-04-21 00:00:00,1.025964667098051
2006-04-24 00:00:00,1.025964667098051
2006-04-25 00:00:00,1.025964667098051
2006-04-26 00:00:00,1.025964667098051
2006-04-27 00:00:00,1.025964667098051
2006-04-28 00:00:00,1.025964667098051
2006-05-01 00:00:00,1.025964667098051
2006-05-02 00:00:00,1.025964667098051
2006-05-03 00:00:00,1.025964667098051
2006-05-04 00:00:00,1.025964667098051
2006-05-05 00:00:00,1.025964667098051
2006-05-08 00:00:00,1.025964667098051
2006-05-09 00:00:00,1.025964667098051
2006-05-10 00:00:00,1.025964667098051
2006-05-11 00:00:00,1.025964667098051
2006-05-12 00:00:00,1.025964667098051
2006-05-15 00:00:00,1.025964667098051
2006-05-16 00:00:00,1.025964667098051
2006-05-17 00:00:00,1.025964667098051
2006-05-18 00:00:00,1.025964667098051
2006-05-19 00:00:00,1.025964667098051
2006-05-22 00:00:00,1.025964667098051
2006-05-23 00:00:00,1.025964667098051
2006-05-24 00:00:00,1.025964667098051
2006-05-25 00:00:00,1.025964667098051
2006-05-26 00:00:00,1.025964667098051
2006-05-30 00:00:00,1.025964667098051
2006-05-31 00:00:00,1.025964667098051
2006-06-01 00:00:00,1.025964667098051
2006-06-02 00:00:00,1.025964667098051
2006-06-05 00:00:00,1.025964667098051
2006-06-06 00:00:00,1.025964667098051
2006-06-07 00:00:00,1.025964667098051
2006-06-08 00:00:00,1.025964667098051
2006-06-09 00:00:00,1.025964667098051
2006-06-12 00:00:00,1.025964667098051
2006-06-13 00:00:00,1.025964667098051
2006-06-14 00:00:00,1.025964667098051
2006-06-15 00:00:00,1.025964667098051
2006-06-16 00:00:00,1.025964667098051
2006-06-19 00:00:00,1.025964667098051
2006-06-20 00:00:00,1.025964667098051
2006-06-21 00:00:00,1.025964667098051
2006-06-22 00:00:00,1.025964667098051
2006-06-23 00:00:00,1.025964667098051
2006-06-26 00:00:00,1.025964667098051
2006-06-27 00:00:00,1.025964667098051
2006-06-28 00:00:00,1.025964667098051
2006-06-29 00:00:00,1.025964667098051
2006-06-30 00:00:00,1.025964667098051
2006-07-03 00:00:00,1.025964667098051
2006-07-05 00:00:00,1.025964667098051
2006-07-06 00:00:00,1.025964667098051
2006-07-07 00:00:00,1.025964667098051
2006-07-10 00:00:00,1.025964667098051
2006-07-11 00:00:00,1.025964667098051
2006-07-12 00:00:00,1.025964667098051
2006-07-13 00:00:00,1.025964667098051
2006-07-14 00:00:00,1.025964667098051
2006-07-17 00:00:00,1.025964667098051
2006-07-18 00:00:00,1.025964667098051
2006-07-19 00:00:00,1.025964667098051
2006-07-20 00:00:00,1.025964667098051
2006-07-21 00:00:00,1.025964667098051
2006-07-24 00:00:00,1.025964667098051
2006-07-25 00:00:00,1.025964667098051
2006-07-26 00:00:00,1.025964667098051
2006-07-27 00:00:00,1.025964667098051
2006-07-28 00:00:00,1.025964667098051
2006-07-31 00:00:00,1.025964667098051
2006-08-01 00:00:00,1.025964667098051
2006-08-02 00:00:00,1.025964667098051
2006-08-03 00:00:00,1.025964667098051
2006-08-04 00:00:00,1.025964667098051
2006-08-07 00:00:00,1.025964667098051
2006-08-08 00:00:00,1.025964667098051
2006-08-09 00:00:00,1.025964667098051
2006-08-10 00:00:00,1.025964667098051
2006-08-11 00:00:00,1.025964667098051
2006-08-14 00:00:00,1.025964667098051
2006-08-15 00:00:00,1.025964667098051
2006-08-16 00:00:00,1.025964667098051
2006-08-17 00:00:00,1.025964667098051
2006-08-18 00:00:00,1.025964667098051
2006-08-21 00:00:00,1.025964667098051
2006-08-22 00:00:00,1.025964667098051
2006-08-23 00:00:00,1.025964667098051
2006-08-24 00:00:00,1.025964667098051
2006-08-25 00:00:00,1.025964667098051
2006-08-28 00:00:00,1.025964667098051
2006-08-29 00:00:00,1.025964667098051
2006-08-30 00:00:00,1.025964667098051
2006-08-31 00:00:00,1.025964667098051
2006-09-01 00:00:00,1.025964667098051
2006-09-05 00:00:00,1.025964667098051
2006-09-06 00:00:00,1.025964667098051
2006-09-07 00:00:00,1.025964667098051
2006-09-08 00:00:00,1.025964667098051
2006-09-11 00:00:00,1.025964667098051
2006-09-12 00:00:00,1.025964667098051
2006-09-13 00:00:00,1.025964667098051
2006-09-14 00:00:00,1.025964667098051
2006-09-15 00:00:00,1.025964667098051
2006-09-18 00:00:00,1.025964667098051
2006-09-19 00:00:00,1.025964667098051
2006-09-20 00:00:00,1.025964667098051
2006-09-21 00:00:00,1.025964667098051
2006-09-22 00:00:00,1.025964667098051
2006-09-25 00:00:00,1.025964667098051
2006-09-26 00:00:00,1.025964667098051
2006-09-27 00:00:00,1.025964667098051
2006-09-28 00:00:00,1.025964667098051
2006-09-29 00:00:00,1.025964667098051
2006-10-02 00:00:00,1.025964667098051
2006-10-03 00:00:00,1.025964667098051
2006-10-04 00:00:00,1.025964667098051
2006-10-05 00:00:00,1.025964667098051
2006-10-06 00:00:00,1.025964667098051
2006-10-09 00:00:00,1.025964667098051
2006-10-10 00:00:00,1.025964667098051
2006-10-11 00:00:00,1.025964667098051
2006-10-12 00:00:00,1.025964667098051
2006-10-13 00:00:00,1.025964667098051
2006-10-16 00:00:00,1.025964667098051
2006-10-17 00:00:00,1.025964667098051
2006-10-18 00:00:00,1.025964667098051
2006-10-19 00:00:00,1.025964667098051
2006-10-20 00:00:00,1.025964667098051
2006-10-23 00:00:00,1.025964667098051
2006-10-24 00:00:00,1.025964667098051
2006-10-25 00:00:00,1.025964667098051
2006-10-26 00:00:00,1.025964667098051
2006-10-27 00:00:00,1.025964667098051
2006-10-30 00:00:00,1.025964667098051
2006-10-31 00:00:00,1.025964667098051
2006-11-01 00:00:00,1.025964667098051
2006-11-02 00:00:00,1.025964667098051
2006-11-03 00:00:00,1.025964667098051
2006-11-06 00:00:00,1.025964667098051
2006-11-07 00:00:00,1.025964667098051
2006-11-08 00:00:00,1.025964667098051
2006-11-09 00:00:00,1.025964667098051
2006-11-10 00:00:00,1.025964667098051
2006-11-13 00:00:00,1.025964667098051
2006-11-14 00:00:00,1.025964667098051
2006-11-15 00:00:00,1.025964667098051
2006-11-16 00:00:00,1.025964667098051
2006-11-17 00:00:00,1.025964667098051
2006-11-20 00:00:00,1.025964667098051
2006-11-21 00:00:00,1.025964667098051
2006-11-22 00:00:00,1.025964667098051
2006-11-24 00:00:00,1.025964667098051
2006-11-27 00:00:00,1.025964667098051
2006-11-28 00:00:00,1.025964667098051
2006-11-29 00:00:00,1.025964667098051
2006-11-30 00:00:00,1.025964667098051
2006-12-01 00:00:00,1.025964667098051
2006-12-04 00:00:00,1.025964667098051
2006-12-05 00:00:00,1.025964667098051
2006-12-06 00:00:00,1.025964667098051
2006-12-07 00:00:00,1.025964667098051
2006-12-08 00:00:00,1.025964667098051
2006-12-11 00:00:00,1.025964667098051
2006-12-12 00:00:00,1.025964667098051
2006-12-13 00:00:00,1.025964667098051
2006-12-14 00:00:00,1.025964667098051
2006-12-15 00:00:00,1.025964667098051
2006-12-18 00:00:00,1.025964667098051
2006-12-19 00:00:00,1.025964667098051
2006-12-20 00:00:00,1.025964667098051
2006-12-21 00:00:00,1.025964667098051
2006-12-22 00:00:00,1.025964667098051
2006-12-26 00:00:00,1.025964667098051
2006-12-27 00:00:00,1.025964667098051
2006-12-28 00:00:00,1.025964667098051
2006-12-29 00:00:00,1.025964667098051
2007-01-03 00:00:00,1.025964667098051
2007-01-04 00:00:00,1.025964667098051
2007-01-05 00:00:00,1.025964667098051
2007-01-08 00:00:00,1.025964667098051
2007-01-09 00:00:00,1.025964667098051
2007-01-10 00:00:00,1.025964667098051
2007-01-11 00:00:00,1.025964667098051
2007-01-12 00:00:00,1.025964667098051
2007-01-16 00:00:00,1.025964667098051
2007-01-17 00:00:00,1.025964667098051
2007-01-18 00:00:00,1.025964667098051
2007-01-19 00:00:00,1.025964667098051
2007-01-22 00:00:00,1.025964667098051
2007-01-23 00:00:00,1.025964667098051
2007-01-24 00:00:00,1.025964667098051
2007-01-25 00:00:00,1.025964667098051
2007-01-26 00:00:00,1.025964667098051
2007-01-29 00:00:00,1.025964667098051
2007-01-30 00:00:00,1.025964667098051
2007-01-31 00:00:00,1.025964667098051
2007-02-01 00:00:00,1.025964667098051
2007-02-02 00:00:00,1.025964667098051
2007-02-05 00:00:00,1.025964667098051
2007-02-06 00:00:00,1.025964667098051
2007-02-07 00:00:00,1.025964667098051
2007-02-08 00:00:00,1.025964667098051
2007-02-09 00:00:00,1.025964667098051
2007-02-12 00:00:00,1.025964667098051
2007-02-13 00:00:00,1.025964667098051
2007-02-14 00:00:00,1.025964667098051
2007-02-15 00:00:00,1.025964667098051
2007-02-16 00:00:00,1.025964667098051
2007-02-20 00:00:00,1.025964667098051
2007-02-21 00:00:00,1.025964667098051
2007-02-22 00:00:00,1.025964667098051
2007-02-23 00:00:00,1.025964667098051
2007-02-26 00:00:00,1.025964667098051
2007-02-27 00:00:00,1.025964667098051
2007-02-28 00:00:00,1.025964667098051
2007-03-01 00:00:00,1.025964667098051
2007-03-02 00:00:00,1.025964667098051
2007-03-05 00:00:00,1.025964667098051
2007-03-06 00:00:00,1.025964667098051
2007-03-07 00:00:00,1.025964667098051
2007-03-08 00:00:00,1.025964667098051
2007-03-09 00:00:00,1.025964667098051
2007-03-12 00:00:00,1.025964667098051
2007-03-13 00:00:00,1.025964667098051
2007-03-14 00:00:00,1.025964667098051
2007-03-15 00:00:00,1.025964667098051
2007-03-16 00:00:00,1.025964667098051
2007-03-19 00:00:00,1.025964667098051
2007-03-20 00:00:00,1.025964667098051
2007-03-21 00:00:00,1.025964667098051
2007-03-22 00:00:00,1.025964667098051
2007-03-23 00:00:00,1.025964667098051
2007-03-26 00:00:00,1.025964667098051
2007-03-27 00:00:00,1.025964667098051
2007-03-28 00:00:00,1.025964667098051
2007-03-29 00:00:00,1.025964667098051
2007-03-30 00:00:00,1.025964667098051
2007-04-02 00:00:00,1.025964667098051
2007-04-03 00:00:00,1.025964667098051
2007-04-04 00:00:00,1.025964667098051
2007-04-05 00:00:00,1.025964667098051
2007-04-09 00:00:00,1.025964667098051
2007-04-10 00:00:00,1.025964667098051
2007-04-11 00:00:00,1.025964667098051
2007-04-12 00:00:00,1.025964667098051
2007-04-13 00:00:00,1.025964667098051
2007-04-16 00:00:00,1.025964667098051
2007-04-17 00:00:00,1.025964667098051
2007-04-18 00:00:00,1.025964667098051
2007-04-19 00:00:00,1.025964667098051
2007-04-20 00:00:00,1.025964667098051
2007-04-23 00:00:00,1.025964667098051
2007-04-24 00:00:00,1.025964667098051
2007-04-25 00:00:00,1.025964667098051
2007-04-26 00:00:00,1.025964667098051
2007-04-27 00:00:00,1.025964667098051
2007-04-30 00:00:00,1.025964667098051
2007-05-01 00:00:00,1.025964667098051
2007-05-02 00:00:00,1.025964667098051
2007-05-03 00:00:00,1.025964667098051
2007-05-04 00:00:00,1.025964667098051
2007-05-07 00:00:00,1.025964667098051
2007-05-08 00:00:00,1.025964667098051
2007-05-09 00:00:00,1.025964667098051
2007-05-10 00:00:00,1.025964667098051
2007-05-11 00:00:00,1.025964667098051
2007-05-14 00:00:00,1.025964667098051
2007-05-15 00:00:00,1.025964667098051
2007-05-16 00:00:00,1.025964667098051
2007-05-17 00:00:00,1.025964667098051
2007-05-18 00:00:00,1.025964667098051
2007-05-21 00:00:00,1.025964667098051
2007-05-22 00:00:00,1.025964667098051
2007-05-23 00:00:00,1.025964667098051
2007-05-24 00:00:00,1.025964667098051
2007-05-25 00:00:00,1.025964667098051
2007-05-29 00:00:00,1.025964667098051
2007-05-30 00:00:00,1.025964667098051
2007-05-31 00:00:00,1.025964667098051
2007-06-01 00:00:00,1.025964667098051
2007-06-04 00:00:00,1.0263436247441104
2007-06-05 00:00:00,1.0230593251449291
2007-06-06 00:00:00,1.0235646020063416
2007-06-07 00:00:00,1.0135713089375022
2007-06-08 00:00:00,1.0162266229953476
2007-06-11 00:00:00,1.0135713089375022
2007-06-12 00:00:00,1.006364027923351
2007-06-13 00:00:00,1.0096515596140163
2007-06-14 00:00:00,1.0099044466671447
2007-06-15 00:00:00,1.0143299700968866
2007-06-18 00:00:00,1.0138241959906305
2007-06-19 00:00:00,1.0187554935266285
2007-06-20 00:00:00,1.016858840628168
2007-06-21 00:00:00,1.0142035265703224
2007-06-22 00:00:00,1.0172381712078602
2007-06-25 00:00:00,1.0205257028985255
2007-06-26 00:00:00,1.0207785899516537
2007-06-27 00:00:00,1.0206521464250897
2007-06-28 00:00:00,1.0200199287922695
2007-06-29 00:00:00,1.0253305569079598
2007-07-02 00:00:00,1.0229281299032427
2007-07-03 00:00:00,1.0198934852657053
2007-07-05 00:00:00,1.0142035265703224
2007-07-06 00:00:00,1.0118010995656055
2007-07-09 00:00:00,1.0132923239404914
2007-07-10 00:00:00,1.0132923239404914
2007-07-11 00:00:00,1.0132923239404914
2007-07-12 00:00:00,1.0132923239404914
2007-07-13 00:00:00,1.0132923239404914
2007-07-16 00:00:00,1.0132923239404914
2007-07-17 00:00:00,1.0132923239404914
2007-07-18 00:00:00,1.0132923239404914
2007-07-19 00:00:00,1.0132923239404914
2007-07-20 00:00:00,1.0132923239404914
2007-07-23 00:00:00,1.0132923239404914
2007-07-24 00:00:00,1.0132923239404914
2007-07-25 00:00:00,1.0132923239404914
2007-07-26 00:00:00,1.0132923239404914
2007-07-27 00:00:00,1.0132923239404914
2007-07-30 00:00:00,1.0132923239404914
2007-07-31 00:00:00,1.0132923239404914
2007-08-01 00:00:00,1.0132923239404914
2007-08-02 00:00:00,1.0132923239404914
2007-08-03 00:00:00,1.0132923239404914
2007-08-06 00:00:00,1.0132923239404914
2007-08-07 00:00:00,1.0132923239404914
2007-08-08 00:00:00,1.0132923239404914
2007-08-09 00:00:00,1.0132923239404914
2007-08-10 00:00:00,1.0132923239404914
2007-08-13 00:00:00,1.0132923239404914
2007-08-14 00:00:00,1.0132923239404914
2007-08-15 00:00:00,1.0132923239404914
2007-08-16 00:00:00,1.0132923239404914
2007-08-17 00:00:00,1.0132923239404914
2007-08-20 00:00:00,1.0132923239404914
2007-08-21 00:00:00,1.0132923239404914
2007-08-22 00:00:00,1.0132923239404914
2007-08-23 00:00:00,1.0132923239404914
2007-08-24 00:00:00,1.0132923239404914
2007-08-27 00:00:00,1.0132923239404914
2007-08-28 00:00:00,1.0132923239404914
2007-08-29 00:00:00,1.0132923239404914
2007-08-30 00:00:00,1.0132923239404914
2007-08-31 00:00:00,1.0132923239404914
2007-09-04 00:00:00,1.0132923239404914
2007-09-05 00:00:00,1.0132923239404914
2007-09-06 00:00:00,1.0132923239404914
2007-09-07 00:00:00,1.0132923239404914
2007-09-10 00:00:00,1.0132923239404914
2007-09-11 00:00:00,1.0132923239404914
2007-09-12 00:00:00,1.0132923239404914
2007-09-13 00:00:00,1.0132923239404914
2007-09-14 00:00:00,1.0132923239404914
2007-09-17 00:00:00,1.0132923239404914
2007-09-18 00:00:00,1.0132923239404914
2007-09-19 00:00:00,1.0132923239404914
2007-09-20 00:00:00,1.0132923239404914
2007-09-21 00:00:00,1.0132923239404914
2007-09-24 00:00:00,1.0132923239404914
2007-09-25 00:00:00,1.0132923239404914
2007-09-26 00:00:00,1.0132923239404914
2007-09-27 00:00:00,1.0132923239404914
2007-09-28 00:00:00,1.0132923239404914
2007-10-01 00:00:00,1.0132923239404914
2007-10-02 00:00:00,1.0132923239404914
2007-10-03 00:00:00,1.0132923239404914
2007-10-04 00:00:00,1.0132923239404914
2007-10-05 00:00:00,1.0132923239404914
2007-10-08 00:00:00,1.0132923239404914
2007-10-09 00:00:00,1.0132923239404914
2007-10-10 00:00:00,1.0132923239404914
2007-10-11 00:00:00,1.0132923239404914
2007-10-12 00:00:00,1.0132923239404914
2007-10-15 00:00:00,1.0132923239404914
2007-10-16 00:00:00,1.0132923239404914
2007-10-17 00:00:00,1.0132923239404914
2007-10-18 00:00:00,1.0132923239404914
2007-10-19 00:00:00,1.0132923239404914
2007-10-22 00:00:00,1.0132923239404914
2007-10-23 00:00:00,1.0132923239404914
2007-10-24 00:00:00,1.0132923239404914
2007-10-25 00:00:00,1.0132923239404914
2007-10-26 00:00:00,1.0132923239404914
2007-10-29 00:00:00,1.0132923239404914
2007-10-30 00:00:00,1.0132923239404914
2007-10-31 00:00:00,1.0132923239404914
2007-11-01 00:00:00,1.0132923239404914
2007-11-02 00:00:00,1.0132923239404914
2007-11-05 00:00:00,1.0132923239404914
2007-11-06 00:00:00,1.0132923239404914
2007-11-07 00:00:00,1.0132923239404914
2007-11-08 00:00:00,1.0132923239404914
2007-11-09 00:00:00,1.0132923239404914
2007-11-12 00:00:00,1.0132923239404914
2007-11-13 00:00:00,1.0132923239404914
2007-11-14 00:00:00,1.0132923239404914
2007-11-15 00:00:00,1.0132923239404914
2007-11-16 00:00:00,1.0132923239404914
2007-11-19 00:00:00,1.0132923239404914
2007-11-20 00:00:00,1.0132923239404914
2007-11-21 00:00:00,1.0132923239404914
2007-11-23 00:00:00,1.0132923239404914
2007-11-26 00:00:00,1.0132923239404914
2007-11-27 00:00:00,1.0132923239404914
2007-11-28 00:00:00,1.0132923239404914
2007-11-29 00:00:00,1.0132923239404914
2007-11-30 00:00:00,1.0132923239404914
2007-12-03 00:00:00,1.0132923239404914
2007-12-04 00:00:00,1.0132923239404914
2007-12-05 00:00:00,1.0132923239404914
2007-12-06 00:00:00,1.0132923239404914
2007-12-07 00:00:00,1.0132923239404914
2007-12-10 00:00:00,1.0132923239404914
2007-12-11 00:00:00,1.0132923239404914
2007-12-12 00:00:00,1.0132923239404914
2007-12-13 00:00:00,1.0132923239404914
2007-12-14 00:00:00,1.0132923239404914
2007-12-17 00:00:00,1.0132923239404914
2007-12-18 00:00:00,1.0132923239404914
2007-12-19 00:00:00,1.0132923239404914
2007-12-20 00:00:00,1.0132923239404914
2007-12-21 00:00:00,1.0132923239404914
2007-12-24 00:00:00,1.0132923239404914
2007-12-26 00:00:00,1.0132923239404914
2007-12-27 00:00:00,1.0132923239404914
2007-12-28 00:00:00,1.0132923239404914
2007-12-31 00:00:00,1.0132923239404914
2008-01-02 00:00:00,1.0132923239404914
2008-01-03 00:00:00,1.0132923239404914
2008-01-04 00:00:00,1.0132923239404914
2008-01-07 00:00:00,1.0132923239404914
2008-01-08 00:00:00,1.0132923239404914
2008-01-09 00:00:00,1.0132923239404914
2008-01-10 00:00:00,1.0132923239404914
2008-01-11 00:00:00,1.0132923239404914
2008-01-14 00:00:00,1.0132923239404914
2008-01-15 00:00:00,1.0132923239404914
2008-01-16 00:00:00,1.0132923239404914
2008-01-17 00:00:00,1.0132923239404914
2008-01-18 00:00:00,1.0132923239404914
2008-01-22 00:00:00,1.0132923239404914
2008-01-23 00:00:00,1.0132923239404914
2008-01-24 00:00:00,1.0132923239404914
2008-01-25 00:00:00,1.0132923239404914
2008-01-28 00:00:00,1.0132923239404914
2008-01-29 00:00:00,1.0132923239404914
2008-01-30 00:00:00,1.0132923239404914
2008-01-31 00:00:00,1.0132923239404914
2008-02-01 00:00:00,1.0132923239404914
2008-02-04 00:00:00,1.0132923239404914
2008-02-05 00:00:00,1.0132923239404914
2008-02-06 00:00:00,1.0132923239404914
2008-02-07 00:00:00,1.0132923239404914
2008-02-08 00:00:00,1.0132923239404914
2008-02-11 00:00:00,1.0132923239404914
2008-02-12 00:00:00,1.0132923239404914
2008-02-13 00:00:00,1.0132923239404914
2008-02-14 00:00:00,1.0132923239404914
2008-02-15 00:00:00,1.0132923239404914
2008-02-19 00:00:00,1.0132923239404914
2008-02-20 00:00:00,1.0132923239404914
2008-02-21 00:00:00,1.0132923239404914
2008-02-22 00:00:00,1.0132923239404914
2008-02-25 00:00:00,1.0132923239404914
2008-02-26 00:00:00,1.0132923239404914
2008-02-27 00:00:00,1.0132923239404914
2008-02-28 00:00:00,1.0132923239404914
2008-02-29 00:00:00,1.0132923239404914
2008-03-03 00:00:00,1.0132923239404914
2008-03-04 00:00:00,1.0132923239404914
2008-03-05 00:00:00,1.0132923239404914
2008-03-06 00:00:00,1.0132923239404914
2008-03-07 00:00:00,1.0132923239404914
2008-03-10 00:00:00,1.0132923239404914
2008-03-11 00:00:00,1.0132923239404914
2008-03-12 00:00:00,1.0132923239404914
2008-03-13 00:00:00,1.0132923239404914
2008-03-14 00:00:00,1.0132923239404914
2008-03-17 00:00:00,1.0132923239404914
2008-03-18 00:00:00,1.0132923239404914
2008-03-19 00:00:00,1.0132923239404914
2008-03-20 00:00:00,1.0132923239404914
2008-03-24 00:00:00,1.0132923239404914
2008-03-25 00:00:00,1.0132923239404914
2008-03-26 00:00:00,1.0132923239404914
2008-03-27 00:00:00,1.0132923239404914
2008-03-28 00:00:00,1.0132923239404914
2008-03-31 00:00:00,1.0132923239404914
2008-04-01 00:00:00,1.0132923239404914
2008-04-02 00:00:00,1.0132923239404914
2008-04-03 00:00:00,1.0132923239404914
2008-04-04 00:00:00,1.0132923239404914
2008-04-07 00:00:00,1.0132923239404914
2008-04-08 00:00:00,1.0132923239404914
2008-04-09 00:00:00,1.0132923239404914
2008-04-10 00:00:00,1.0132923239404914
2008-04-11 00:00:00,1.0132923239404914
2008-04-14 00:00:00,1.0132923239404914
2008-04-15 00:00:00,1.0132923239404914
2008-04-16 00:00:00,1.0132923239404914
2008-04-17 00:00:00,1.0132923239404914
2008-04-18 00:00:00,1.0132923239404914
2008-04-21 00:00:00,1.0132923239404914
2008-04-22 00:00:00,1.0132923239404914
2008-04-23 00:00:00,1.0132923239404914
2008-04-24 00:00:00,1.0132923239404914
2008-04-25 00:00:00,1.0132923239404914
2008-04-28 00:00:00,1.0132923239404914
2008-04-29 00:00:00,1.0132923239404914
2008-04-30 00:00:00,1.0132923239404914
2008-05-01 00:00:00,1.0132923239404914
2008-05-02 00:00:00,1.0132923239404914
2008-05-05 00:00:00,1.0132923239404914
2008-05-06 00:00:00,1.0132923239404914
2008-05-07 00:00:00,1.0132923239404914
2008-05-08 00:00:00,1.0132923239404914
2008-05-09 00:00:00,1.0132923239404914
2008-05-12 00:00:00,1.0132923239404914
2008-05-13 00:00:00,1.0132923239404914
2008-05-14 00:00:00,1.0132923239404914
2008-05-15 00:00:00,1.0132923239404914
2008-05-16 00:00:00,1.0132923239404914
2008-05-19 00:00:00,1.0132923239404914
2008-05-20 00:00:00,1.0132923239404914
2008-05-21 00:00:00,1.0132923239404914
2008-05-22 00:00:00,1.0132923239404914
2008-05-23 00:00:00,1.0132923239404914
2008-05-27 00:00:00,1.0132923239404914
2008-05-28 00:00:00,1.0132923239404914
2008-05-29 00:00:00,1.0132923239404914
2008-05-30 00:00:00,1.0132923239404914
2008-06-02 00:00:00,1.0132923239404914
2008-06-03 00:00:00,1.0132923239404914
2008-06-04 00:00:00,1.0132923239404914
2008-06-05 00:00:00,1.0132923239404914
2008-06-06 00:00:00,1.0132923239404914
2008-06-09 00:00:00,1.0132923239404914
2008-06-10 00:00:00,1.0132923239404914
2008-06-11 00:00:00,1.0132923239404914
2008-06-12 00:00:00,1.0132923239404914
2008-06-13 00:00:00,1.0132923239404914
2008-06-16 00:00:00,1.0132923239404914
2008-06-17 00:00:00,1.0132923239404914
2008-06-18 00:00:00,1.0132923239404914
2008-06-19 00:00:00,1.0132923239404914
2008-06-20 00:00:00,1.0132923239404914
2008-06-23 00:00:00,1.0132923239404914
2008-06-24 00:00:00,1.0132923239404914
2008-06-25 00:00:00,1.0132923239404914
2008-06-26 00:00:00,1.0132923239404914
2008-06-27 00:00:00,1.0132923239404914
2008-06-30 00:00:00,1.0132923239404914
2008-07-01 00:00:00,1.0132923239404914
2008-07-02 00:00:00,1.0132923239404914
2008-07-03 00:00:00,1.0132923239404914
2008-07-07 00:00:00,1.0132923239404914
2008-07-08 00:00:00,1.0132923239404914
2008-07-09 00:00:00,1.0132923239404914
2008-07-10 00:00:00,1.0132923239404914
2008-07-11 00:00:00,1.0132923239404914
2008-07-14 00:00:00,1.0132923239404914
2008-07-15 00:00:00,1.0132923239404914
2008-07-16 00:00:00,1.0132923239404914
2008-07-17 00:00:00,1.0132923239404914
2008-07-18 00:00:00,1.0132923239404914
2008-07-21 00:00:00,1.0132923239404914
2008-07-22 00:00:00,1.0132923239404914
2008-07-23 00:00:00,1.0132923239404914
2008-07-24 00:00:00,1.0132923239404914
2008-07-25 00:00:00,1.0132923239404914
2008-07-28 00:00:00,1.0132923239404914
2008-07-29 00:00:00,1.0132923239404914
2008-07-30 00:00:00,1.0132923239404914
2008-07-31 00:00:00,1.0132923239404914
2008-08-01 00:00:00,1.0132923239404914
2008-08-04 00:00:00,1.0132923239404914
2008-08-05 00:00:00,1.0132923239404914
2008-08-06 00:00:00,1.0132923239404914
2008-08-07 00:00:00,1.0132923239404914
2008-08-08 00:00:00,1.0132923239404914
2008-08-11 00:00:00,1.0132923239404914
2008-08-12 00:00:00,1.0132923239404914
2008-08-13 00:00:00,1.0132923239404914
2008-08-14 00:00:00,1.0132923239404914
2008-08-15 00:00:00,1.0132923239404914
2008-08-18 00:00:00,1.0132923239404914
2008-08-19 00:00:00,1.0132923239404914
2008-08-20 00:00:00,1.0132923239404914
2008-08-21 00:00:00,1.0132923239404914
2008-08-22 00:00:00,1.0132923239404914
2008-08-25 00:00:00,1.0132923239404914
2008-08-26 00:00:00,1.0132923239404914
2008-08-27 00:00:00,1.0132923239404914
2008-08-28 00:00:00,1.0132923239404914
2008-08-29 00:00:00,1.0132923239404914
2008-09-02 00:00:00,1.0132923239404914
2008-09-03 00:00:00,1.0132923239404914
2008-09-04 00:00:00,1.0132923239404914
2008-09-05 00:00:00,1.0132923239404914
2008-09-08 00:00:00,1.0132923239404914
2008-09-09 00:00:00,1.0132923239404914
2008-09-10 00:00:00,1.0132923239404914
2008-09-11 00:00:00,1.0132923239404914
2008-09-12 00:00:00,1.0132923239404914
2008-09-15 00:00:00,1.0132923239404914
2008-09-16 00:00:00,1.0132923239404914
2008-09-17 00:00:00,1.0132923239404914
2008-09-18 00:00:00,1.0132923239404914
2008-09-19 00:00:00,1.0132923239404914
2008-09-22 00:00:00,1.0132923239404914
2008-09-23 00:00:00,1.0132923239404914
2008-09-24 00:00:00,1.0132923239404914
2008-09-25 00:00:00,1.0132923239404914
2008-09-26 00:00:00,1.0132923239404914
2008-09-29 00:00:00,1.0132923239404914
2008-09-30 00:00:00,1.0132923239404914
2008-10-01 00:00:00,1.0132923239404914
2008-10-02 00:00:00,1.0132923239404914
2008-10-03 00:00:00,1.0132923239404914
2008-10-06 00:00:00,1.0132923239404914
2008-10-07 00:00:00,1.0132923239404914
2008-10-08 00:00:00,1.0132923239404914
2008-10-09 00:00:00,1.0132923239404914
2008-10-10 00:00:00,1.0132923239404914
2008-10-13 00:00:00,1.0132923239404914
2008-10-14 00:00:00,1.0132923239404914
2008-10-15 00:00:00,1.0132923239404914
2008-10-16 00:00:00,1.0132923239404914
2008-10-17 00:00:00,1.0132923239404914
2008-10-20 00:00:00,1.0132923239404914
2008-10-21 00:00:00,1.0132923239404914
2008-10-22 00:00:00,1.0132923239404914
2008-10-23 00:00:00,1.0132923239404914
2008-10-24 00:00:00,1.0132923239404914
2008-10-27 00:00:00,1.0132923239404914
2008-10-28 00:00:00,1.0132923239404914
2008-10-29 00:00:00,1.0132923239404914
2008-10-30 00:00:00,1.0132923239404914
2008-10-31 00:00:00,1.0132923239404914
2008-11-03 00:00:00,1.0132923239404914
2008-11-04 00:00:00,1.0132923239404914
2008-11-05 00:00:00,1.0132923239404914
2008-11-06 00:00:00,1.0132923239404914
2008-11-07 00:00:00,1.0132923239404914
2008-11-10 00:00:00,1.0132923239404914
2008-11-11 00:00:00,1.0132923239404914
2008-11-12 00:00:00,1.0132923239404914
2008-11-13 00:00:00,1.0132923239404914
2008-11-14 00:00:00,1.0132923239404914
2008-11-17 00:00:00,1.0132923239404914
2008-11-18 00:00:00,1.0132923239404914
2008-11-19 00:00:00,1.0132923239404914
2008-11-20 00:00:00,1.0132923239404914
2008-11-21 00:00:00,1.0132923239404914
2008-11-24 00:00:00,1.0132923239404914
2008-11-25 00:00:00,1.0132923239404914
2008-11-26 00:00:00,1.0132923239404914
2008-11-28 00:00:00,1.0132923239404914
2008-12-01 00:00:00,1.0132923239404914
2008-12-02 00:00:00,1.0132923239404914
2008-12-03 00:00:00,1.0132923239404914
2008-12-04 00:00:00,1.0132923239404914
2008-12-05 00:00:00,1.0132923239404914
2008-12-08 00:00:00,1.0132923239404914
2008-12-09 00:00:00,1.0132923239404914
2008-12-10 00:00:00,1.0132923239404914
2008-12-11 00:00:00,1.0132923239404914
2008-12-12 00:00:00,1.0132923239404914
2008-12-15 00:00:00,1.0132923239404914
2008-12-16 00:00:00,1.0132923239404914
2008-12-17 00:00:00,1.0132923239404914
2008-12-18 00:00:00,1.0132923239404914
2008-12-19 00:00:00,1.0132923239404914
2008-12-22 00:00:00,1.0132923239404914
2008-12-23 00:00:00,1.0132923239404914
2008-12-24 00:00:00,1.0132923239404914
2008-12-26 00:00:00,1.0132923239404914
2008-12-29 00:00:00,1.0132923239404914
2008-12-30 00:00:00,1.0132923239404914
2008-12-31 00:00:00,1.0132923239404914
2009-01-02 00:00:00,1.0132923239404914
2009-01-05 00:00:00,1.0132923239404914
2009-01-06 00:00:00,1.0132923239404914
2009-01-07 00:00:00,1.0132923239404914
2009-01-08 00:00:00,1.0132923239404914
2009-01-09 00:00:00,1.0132923239404914
2009-01-12 00:00:00,1.0132923239404914
2009-01-13 00:00:00,1.0132923239404914
2009-01-14 00:00:00,1.0132923239404914
2009-01-15 00:00:00,1.0132923239404914
2009-01-16 00:00:00,1.0132923239404914
2009-01-20 00:00:00,1.0132923239404914
2009-01-21 00:00:00,1.0132923239404914
2009-01-22 00:00:00,1.0132923239404914
2009-01-23 00:00:00,1.0132923239404914
2009-01-26 00:00:00,1.0132923239404914
2009-01-27 00:00:00,1.0132923239404914
2009-01-28 00:00:00,1.0132923239404914
2009-01-29 00:00:00,1.0132923239404914
2009-01-30 00:00:00,1.0132923239404914
2009-02-02 00:00:00,1.0132923239404914
2009-02-03 00:00:00,1.0132923239404914
2009-02-04 00:00:00,1.0132923239404914
2009-02-05 00:00:00,1.0132923239404914
2009-02-06 00:00:00,1.0132923239404914
2009-02-09 00:00:00,1.0132923239404914
2009-02-10 00:00:00,1.0132923239404914
2009-02-11 00:00:00,1.0132923239404914
2009-02-12 00:00:00,1.0132923239404914
2009-02-13 00:00:00,1.0132923239404914
2009-02-17 00:00:00,1.0132923239404914
2009-02-18 00:00:00,1.0132923239404914
2009-02-19 00:00:00,1.0132923239404914
2009-02-20 00:00:00,1.0132923239404914
2009-02-23 00:00:00,1.0132923239404914
2009-02-24 00:00:00,1.0132923239404914
2009-02-25 00:00:00,1.0132923239404914
2009-02-26 00:00:00,1.0132923239404914
2009-02-27 00:00:00,1.0132923239404914
2009-03-02 00:00:00,1.0132923239404914
2009-03-03 00:00:00,1.0132923239404914
2009-03-04 00:00:00,1.0132923239404914
2009-03-05 00:00:00,1.0132923239404914
2009-03-06 00:00:00,1.0132923239404914
2009-03-09 00:00:00,1.0132923239404914
2009-03-10 00:00:00,1.0132923239404914
2009-03-11 00:00:00,1.0132923239404914
2009-03-12 00:00:00,1.0132923239404914
2009-03-13 00:00:00,1.0132923239404914
2009-03-16 00:00:00,1.0132923239404914
2009-03-17 00:00:00,1.0132923239404914
2009-03-18 00:00:00,1.0132923239404914
2009-03-19 00:00:00,1.0132923239404914
2009-03-20 00:00:00,1.0132923239404914
2009-03-23 00:00:00,1.0132923239404914
2009-03-24 00:00:00,1.0132923239404914
2009-03-25 00:00:00,1.0132923239404914
2009-03-26 00:00:00,1.0132923239404914
2009-03-27 00:00:00,1.0132923239404914
2009-03-30 00:00:00,1.0132923239404914
2009-03-31 00:00:00,1.0132923239404914
2009-04-01 00:00:00,1.0132923239404914
2009-04-02 00:00:00,1.0132923239404914
2009-04-03 00:00:00,1.0132923239404914
2009-04-06 00:00:00,1.0132923239404914
2009-04-07 00:00:00,1.0132923239404914
2009-04-08 00:00:00,1.0132923239404914
2009-04-09 00:00:00,1.0132923239404914
2009-04-13 00:00:00,1.0132923239404914
2009-04-14 00:00:00,1.0132923239404914
2009-04-15 00:00:00,1.0132923239404914
2009-04-16 00:00:00,1.0132923239404914
2009-04-17 00:00:00,1.0132923239404914
2009-04-20 00:00:00,1.0132923239404914
2009-04-21 00:00:00,1.0132923239404914
2009-04-22 00:00:00,1.0132923239404914
2009-04-23 00:00:00,1.0132923239404914
2009-04-24 00:00:00,1.0132923239404914
2009-04-27 00:00:00,1.0132923239404914
2009-04-28 00:00:00,1.0132923239404914
2009-04-29 00:00:00,1.0132923239404914
2009-04-30 00:00:00,1.0132923239404914
2009-05-01 00:00:00,1.0132923239404914
2009-05-04 00:00:00,1.0132923239404914
2009-05-05 00:00:00,1.0132923239404914
2009-05-06 00:00:00,1.0132923239404914
2009-05-07 00:00:00,1.0132923239404914
2009-05-08 00:00:00,1.0134595317076234
2009-05-11 00:00:00,1.0207330695778647
2009-05-12 00:00:00,1.0202314462764688
2009-05-13 00:00:00,1.0238264132698065
2009-05-14 00:00:00,1.0239100171533724
2009-05-15 00:00:00,1.0219871278313546
2009-05-18 00:00:00,1.017388914235225
2009-05-19 00:00:00,1.0163020637488671
2009-05-20 00:00:00,1.0187274124111165
2009-05-21 00:00:00,1.0101989802485496
2009-05-22 00:00:00,1.005684370535986
2009-05-26 00:00:00,1.0005845336384604
2009-05-27 00:00:00,0.992717109650934
2009-05-28 00:00:00,0.9913008942725582
2009-05-29 00:00:00,0.9993261147500214
2009-06-01 00:00:00,0.9854786754947906
2009-06-02 00:00:00,0.9878390344587504
2009-06-03 00:00:00,0.9921663592260102
2009-06-04 00:00:00,0.9839051028521508
2009-06-05 00:00:00,0.9769027045924035
2009-06-08 00:00:00,0.9725776046236161
2009-06-09 00:00:00,0.972447850624308
2009-06-10 00:00:00,0.9690093696426421
2009-06-11 00:00:00,0.9729019896218863
2009-06-12 00:00:00,0.9759512086056279
2009-06-15 00:00:00,0.9785462885917908
2009-06-16 00:00:00,0.9817901385744945
2009-06-17 00:00:00,0.9802330905827967
2009-06-18 00:00:00,0.9731614976205029
2009-06-19 00:00:00,0.9758214546063197
2009-06-22 00:00:00,0.9789355505897152
2009-06-23 00:00:00,0.9808169835796834
2009-06-24 00:00:00,0.9786111655914449
2009-06-25 00:00:00,0.985877389552701
2009-06-26 00:00:00,0.98665591354855
2009-06-29 00:00:00,0.9878885765419773
2009-06-30 00:00:00,0.9863315285502795
2009-07-01 00:00:00,0.9843203415610033
2009-07-02 00:00:00,0.9862666515506254
2009-07-06 00:00:00,0.98665591354855
2009-07-07 00:00:00,0.9889914855360966
2009-07-08 00:00:00,0.9892807072005544
2009-07-09 00:00:00,0.9892807072005544
2009-07-10 00:00:00,0.9892807072005544
2009-07-13 00:00:00,0.9892807072005544
2009-07-14 00:00:00,0.9892807072005544
2009-07-15 00:00:00,0.9892807072005544
2009-07-16 00:00:00,0.9892807072005544
2009-07-17 00:00:00,0.9892807072005544
2009-07-20 00:00:00,0.9892807072005544
2009-07-21 00:00:00,0.9892807072005544
2009-07-22 00:00:00,0.9892807072005544
2009-07-23 00:00:00,0.9892807072005544
2009-07-24 00:00:00,0.9892807072005544
2009-07-27 00:00:00,0.9892807072005544
2009-07-28 00:00:00,0.9892807072005544
2009-07-29 00:00:00,0.9892807072005544
2009-07-30 00:00:00,0.9892807072005544
2009-07-31 00:00:00,0.9892807072005544
2009-08-03 00:00:00,0.9892807072005544
2009-08-04 00:00:00,0.9892807072005544
2009-08-05 00:00:00,0.9892807072005544
2009-08-06 00:00:00,0.9892807072005544
2009-08-07 00:00:00,0.9892807072005544
2009-08-10 00:00:00,0.9892807072005544
2009-08-11 00:00:00,0.9892807072005544
2009-08-12 00:00:00,0.9892807072005544
2009-08-13 00:00:00,0.9892807072005544
2009-08-14 00:00:00,0.9892807072005544
2009-08-17 00:00:00,0.9892807072005544
2009-08-18 00:00:00,0.9892807072005544
2009-08-19 00:00:00,0.9892807072005544
2009-08-20 00:00:00,0.9892807072005544
2009-08-21 00:00:00,0.9892807072005544
2009-08-24 00:00:00,0.9892807072005544
2009-08-25 00:00:00,0.9892807072005544
2009-08-26 00:00:00,0.9892807072005544
2009-08-27 00:00:00,0.9892807072005544
2009-08-28 00:00:00,0.9892807072005544
2009-08-31 00:00:00,0.9892807072005544
2009-09-01 00:00:00,0.9892807072005544
2009-09-02 00:00:00,0.9892807072005544
2009-09-03 00:00:00,0.9892807072005544
2009-09-04 00:00:00,0.9892807072005544
2009-09-08 00:00:00,0.9892807072005544
2009-09-09 00:00:00,0.9892807072005544
2009-09-10 00:00:00,0.9892807072005544
2009-09-11 00:00:00,0.9892807072005544
2009-09-14 00:00:00,0.9892807072005544
2009-09-15 00:00:00,0.9892807072005544
2009-09-16 00:00:00,0.9892807072005544
2009-09-17 00:00:00,0.9892807072005544
2009-09-18 00:00:00,0.9892807072005544
2009-09-21 00:00:00,0.9892807072005544
2009-09-22 00:00:00,0.9892807072005544
2009-09-23 00:00:00,0.9892807072005544
2009-09-24 00:00:00,0.9892807072005544
2009-09-25 00:00:00,0.9892807072005544
2009-09-28 00:00:00,0.9892807072005544
2009-09-29 00:00:00,0.9892807072005544
2009-09-30 00:00:00,0.9892807072005544
2009-10-01 00:00:00,0.9892807072005544
2009-10-02 00:00:00,0.9892807072005544
2009-10-05 00:00:00,0.9892807072005544
2009-10-06 00:00:00,0.9892807072005544
2009-10-07 00:00:00,0.9892807072005544
2009-10-08 00:00:00,0.9892807072005544
2009-10-09 00:00:00,0.9892807072005544
2009-10-12 00:00:00,0.9892807072005544
2009-10-13 00:00:00,0.9892807072005544
2009-10-14 00:00:00,0.9892807072005544
2009-10-15 00:00:00,0.9892807072005544
2009-10-16 00:00:00,0.9892807072005544
2009-10-19 00:00:00,0.9892807072005544
2009-10-20 00:00:00,0.9892807072005544
2009-10-21 00:00:00,0.9892807072005544
2009-10-22 00:00:00,0.9892807072005544
2009-10-23 00:00:00,0.9892807072005544
2009-10-26 00:00:00,0.9892807072005544
2009-10-27 00:00:00,0.9892807072005544
2009-10-28 00:00:00,0.9892807072005544
2009-10-29 00:00:00,0.9892807072005544
2009-10-30 00:00:00,0.9892807072005544
2009-11-02 00:00:00,0.9892807072005544
2009-11-03 00:00:00,0.9892807072005544
2009-11-04 00:00:00,0.9892807072005544
2009-11-05 00:00:00,0.9892807072005544
2009-11-06 00:00:00,0.9892807072005544
2009-11-09 00:00:00,0.9892807072005544
2009-11-10 00:00:00,0.9892807072005544
2009-11-11 00:00:00,0.9892807072005544
2009-11-12 00:00:00,0.9892807072005544
2009-11-13 00:00:00,0.9892807072005544
2009-11-16 00:00:00,0.9892807072005544
2009-11-17 00:00:00,0.9892807072005544
2009-11-18 00:00:00,0.9892807072005544
2009-11-19 00:00:00,0.9892807072005544
2009-11-20 00:00:00,0.9892807072005544
2009-11-23 00:00:00,0.9892807072005544
2009-11-24 00:00:00,0.9892807072005544
2009-11-25 00:00:00,0.9892807072005544
2009-11-27 00:00:00,0.9892807072005544
2009-11-30 00:00:00,0.9892807072005544
2009-12-01 00:00:00,0.9892807072005544
2009-12-02 00:00:00,0.9892807072005544
2009-12-03 00:00:00,0.9892807072005544
2009-12-04 00:00:00,0.9892807072005544
2009-12-07 00:00:00,0.9892807072005544
2009-12-08 00:00:00,0.9892807072005544
2009-12-09 00:00:00,0.9892807072005544
2009-12-10 00:00:00,0.9892807072005544
2009-12-11 00:00:00,0.9892807072005544
2009-12-14 00:00:00,0.9892807072005544
2009-12-15 00:00:00,0.9892807072005544
2009-12-16 00:00:00,0.9892807072005544
2009-12-17 00:00:00,0.9892807072005544
2009-12-18 00:00:00,0.9892807072005544
2009-12-21 00:00:00,0.9892807072005544
2009-12-22 00:00:00,0.9877347367074188
2009-12-23 00:00:00,0.9873224779092494
2009-12-24 00:00:00,0.9840244075238936
2009-12-28 00:00:00,0.9815508547348767
2009-12-29 00:00:00,0.9822723076316734
2009-12-30 00:00:00,0.9839213428243512
2009-12-31 00:00:00,0.9794895607440292
2010-01-04 00:00:00,0.9817569841339614
2010-01-05 00:00:00,0.9857765074161138
2010-01-06 00:00:00,0.9820661782325885
2010-01-07 00:00:00,0.9820661782325885
2010-01-08 00:00:00,0.9831998899275545
2010-01-11 00:00:00,0.9838182781248087
2010-01-12 00:00:00,0.9904144188955205
2010-01-13 00:00:00,0.9859826368151987
2010-01-14 00:00:00,0.9903113541959782
2010-01-15 00:00:00,0.9944339421776728
2010-01-19 00:00:00,0.9927849069849951
2010-01-20 00:00:00,0.9959799126708084
2010-01-21 00:00:00,0.9993810477557067
2010-01-22 00:00:00,0.9982904171051493
2010-01-25 00:00:00,0.9982904171051493
2010-01-26 00:00:00,0.9982904171051493
2010-01-27 00:00:00,0.9982904171051493
2010-01-28 00:00:00,0.9982904171051493
2010-01-29 00:00:00,0.9982904171051493
2010-02-01 00:00:00,0.9982904171051493
2010-02-02 00:00:00,0.9982904171051493
2010-02-03 00:00:00,0.9982904171051493
2010-02-04 00:00:00,0.9982904171051493
2010-02-05 00:00:00,0.9982904171051493
2010-02-08 00:00:00,0.9982904171051493
2010-02-09 00:00:00,0.9982904171051493
2010-02-10 00:00:00,0.9982904171051493
2010-02-11 00:00:00,0.9982904171051493
2010-02-12 00:00:00,0.9982904171051493
2010-02-16 00:00:00,0.9982904171051493
2010-02-17 00:00:00,0.9982904171051493
2010-02-18 00:00:00,0.9982904171051493
2010-02-19 00:00:00,0.9982904171051493
2010-02-22 00:00:00,0.9982904171051493
2010-02-23 00:00:00,0.9982904171051493
2010-02-24 00:00:00,0.9982904171051493
2010-02-25 00:00:00,0.9982904171051493
2010-02-26 00:00:00,0.9982904171051493
2010-03-01 00:00:00,0.9982904171051493
2010-03-02 00:00:00,0.9982904171051493
2010-03-03 00:00:00,0.9982904171051493
2010-03-04 00:00:00,0.9982904171051493
2010-03-05 00:00:00,0.9982904171051493
2010-03-08 00:00:00,0.9982904171051493
2010-03-09 00:00:00,0.9982904171051493
2010-03-10 00:00:00,0.9982904171051493
2010-03-11 00:00:00,0.9982904171051493
2010-03-12 00:00:00,0.9982904171051493
2010-03-15 00:00:00,0.9982904171051493
2010-03-16 00:00:00,0.9982904171051493
2010-03-17 00:00:00,0.9982904171051493
2010-03-18 00:00:00,0.9982904171051493
2010-03-19 00:00:00,0.9982904171051493
2010-03-22 00:00:00,0.9982904171051493
2010-03-23 00:00:00,0.9982904171051493
2010-03-24 00:00:00,0.9982904171051493
2010-03-25 00:00:00,0.9982904171051493
2010-03-26 00:00:00,0.9982904171051493
2010-03-29 00:00:00,0.9982904171051493
2010-03-30 00:00:00,0.9982904171051493
2010-03-31 00:00:00,0.9982904171051493
2010-04-01 00:00:00,0.9982904171051493
2010-04-05 00:00:00,0.9982904171051493
2010-04-06 00:00:00,0.9978395180911
2010-04-07 00:00:00,1.0040393795342777
2010-04-08 00:00:00,1.0029121319991545
2010-04-09 00:00:00,1.0040393795342777
2010-04-12 00:00:00,1.0067447736185735
2010-04-13 00:00:00,1.0086610944282832
2010-04-14 00:00:00,1.0059557003439874
2010-04-15 00:00:00,1.0076465716466723
2010-04-16 00:00:00,1.0137337083363378
2010-04-19 00:00:00,1.0112537637590666
2010-04-20 00:00:00,1.011704662773116
2010-04-21 00:00:00,1.014961518983672
2010-04-22 00:00:00,1.014961518983672
2010-04-23 00:00:00,1.014961518983672
2010-04-26 00:00:00,1.014961518983672
2010-04-27 00:00:00,1.014961518983672
2010-04-28 00:00:00,1.014961518983672
2010-04-29 00:00:00,1.014961518983672
2010-04-30 00:00:00,1.014961518983672
2010-05-03 00:00:00,1.014961518983672
2010-05-04 00:00:00,1.014961518983672
2010-05-05 00:00:00,1.014961518983672
2010-05-06 00:00:00,1.014961518983672
2010-05-07 00:00:00,1.014961518983672
2010-05-10 00:00:00,1.014961518983672
2010-05-11 00:00:00,1.014961518983672
2010-05-12 00:00:00,1.014961518983672
2010-05-13 00:00:00,1.014961518983672
2010-05-14 00:00:00,1.014961518983672
2010-05-17 00:00:00,1.014961518983672
2010-05-18 00:00:00,1.014961518983672
2010-05-19 00:00:00,1.014961518983672
2010-05-20 00:00:00,1.014961518983672
2010-05-21 00:00:00,1.014961518983672
2010-05-24 00:00:00,1.014961518983672
2010-05-25 00:00:00,1.014961518983672
2010-05-26 00:00:00,1.014961518983672
2010-05-27 00:00:00,1.014961518983672
2010-05-28 00:00:00,1.014961518983672
2010-06-01 00:00:00,1.014961518983672
2010-06-02 00:00:00,1.014961518983672
2010-06-03 00:00:00,1.014961518983672
2010-06-04 00:00:00,1.014961518983672
2010-06-07 00:00:00,1.014961518983672
2010-06-08 00:00:00,1.014961518983672
2010-06-09 00:00:00,1.014961518983672
2010-06-10 00:00:00,1.014961518983672
2010-06-11 00:00:00,1.014961518983672
2010-06-14 00:00:00,1.014961518983672
2010-06-15 00:00:00,1.014961518983672
2010-06-16 00:00:00,1.014961518983672
2010-06-17 00:00:00,1.014961518983672
2010-06-18 00:00:00,1.014961518983672
2010-06-21 00:00:00,1.014961518983672
2010-06-22 00:00:00,1.014961518983672
2010-06-23 00:00:00,1.014961518983672
2010-06-24 00:00:00,1.014961518983672
2010-06-25 00:00:00,1.014961518983672
2010-06-28 00:00:00,1.014961518983672
2010-06-29 00:00:00,1.014961518983672
2010-06-30 00:00:00,1.014961518983672
2010-07-01 00:00:00,1.014961518983672
2010-07-02 00:00:00,1.014961518983672
2010-07-06 00:00:00,1.014961518983672
2010-07-07 00:00:00,1.014961518983672
2010-07-08 00:00:00,1.014961518983672
2010-07-09 00:00:00,1.014961518983672
2010-07-12 00:00:00,1.014961518983672
2010-07-13 00:00:00,1.014961518983672
2010-07-14 00:00:00,1.014961518983672
2010-07-15 00:00:00,1.014961518983672
2010-07-16 00:00:00,1.014961518983672
2010-07-19 00:00:00,1.014961518983672
2010-07-20 00:00:00,1.014961518983672
2010-07-21 00:00:00,1.014961518983672
2010-07-22 00:00:00,1.014961518983672
2010-07-23 00:00:00,1.014961518983672
2010-07-26 00:00:00,1.014961518983672
2010-07-27 00:00:00,1.014961518983672
2010-07-28 00:00:00,1.014961518983672
2010-07-29 00:00:00,1.014961518983672
2010-07-30 00:00:00,1.014961518983672
2010-08-02 00:00:00,1.014961518983672
2010-08-03 00:00:00,1.014961518983672
2010-08-04 00:00:00,1.014961518983672
2010-08-05 00:00:00,1.014961518983672
2010-08-06 00:00:00,1.014961518983672
2010-08-09 00:00:00,1.014961518983672
2010-08-10 00:00:00,1.014961518983672
2010-08-11 00:00:00,1.014961518983672
2010-08-12 00:00:00,1.014961518983672
2010-08-13 00:00:00,1.014961518983672
2010-08-16 00:00:00,1.014961518983672
2010-08-17 00:00:00,1.014961518983672
2010-08-18 00:00:00,1.014961518983672
2010-08-19 00:00:00,1.014961518983672
2010-08-20 00:00:00,1.014961518983672
2010-08-23 00:00:00,1.014961518983672
2010-08-24 00:00:00,1.014961518983672
2010-08-25 00:00:00,1.014961518983672
2010-08-26 00:00:00,1.014961518983672
2010-08-27 00:00:00,1.014961518983672
2010-08-30 00:00:00,1.014961518983672
2010-08-31 00:00:00,1.014961518983672
2010-09-01 00:00:00,1.014961518983672
2010-09-02 00:00:00,1.014961518983672
2010-09-03 00:00:00,1.014961518983672
2010-09-07 00:00:00,1.014961518983672
2010-09-08 00:00:00,1.014961518983672
2010-09-09 00:00:00,1.014961518983672
2010-09-10 00:00:00,1.014961518983672
2010-09-13 00:00:00,1.014961518983672
2010-09-14 00:00:00,1.014961518983672
2010-09-15 00:00:00,1.014961518983672
2010-09-16 00:00:00,1.014961518983672
2010-09-17 00:00:00,1.014961518983672
2010-09-20 00:00:00,1.014961518983672
2010-09-21 00:00:00,1.014961518983672
2010-09-22 00:00:00,1.014961518983672
2010-09-23 00:00:00,1.014961518983672
2010-09-24 00:00:00,1.014961518983672
2010-09-27 00:00:00,1.014961518983672
2010-09-28 00:00:00,1.014961518983672
2010-09-29 00:00:00,1.014961518983672
2010-09-30 00:00:00,1.014961518983672
2010-10-01 00:00:00,1.014961518983672
2010-10-04 00:00:00,1.014961518983672
2010-10-05 00:00:00,1.014961518983672
2010-10-06 00:00:00,1.014961518983672
2010-10-07 00:00:00,1.014961518983672
2010-10-08 00:00:00,1.014961518983672
2010-10-11 00:00:00,1.014961518983672
2010-10-12 00:00:00,1.014961518983672
2010-10-13 00:00:00,1.014961518983672
2010-10-14 00:00:00,1.014961518983672
2010-10-15 00:00:00,1.014961518983672
2010-10-18 00:00:00,1.014961518983672
2010-10-19 00:00:00,1.014961518983672
2010-10-20 00:00:00,1.014961518983672
2010-10-21 00:00:00,1.014961518983672
2010-10-22 00:00:00,1.014961518983672
2010-10-25 00:00:00,1.014961518983672
2010-10-26 00:00:00,1.014961518983672
2010-10-27 00:00:00,1.014961518983672
2010-10-28 00:00:00,1.014961518983672
2010-10-29 00:00:00,1.014961518983672
2010-11-01 00:00:00,1.014961518983672
2010-11-02 00:00:00,1.014961518983672
2010-11-03 00:00:00,1.014961518983672
2010-11-04 00:00:00,1.014961518983672
2010-11-05 00:00:00,1.014961518983672
2010-11-08 00:00:00,1.014961518983672
2010-11-09 00:00:00,1.014961518983672
2010-11-10 00:00:00,1.014961518983672
2010-11-11 00:00:00,1.014961518983672
2010-11-12 00:00:00,1.014961518983672
2010-11-15 00:00:00,1.014961518983672
2010-11-16 00:00:00,1.014961518983672
2010-11-17 00:00:00,1.014961518983672
2010-11-18 00:00:00,1.014961518983672
2010-11-19 00:00:00,1.014961518983672
2010-11-22 00:00:00,1.014961518983672
2010-11-23 00:00:00,1.014961518983672
2010-11-24 00:00:00,1.014961518983672
2010-11-26 00:00:00,1.014961518983672
2010-11-29 00:00:00,1.014961518983672
2010-11-30 00:00:00,1.014961518983672
2010-12-01 00:00:00,1.014961518983672
2010-12-02 00:00:00,1.0134454322343236
2010-12-03 00:00:00,1.0135296592759542
2010-12-06 00:00:00,1.0185832817737825
2010-12-07 00:00:00,1.0051069551129068
2010-12-08 00:00:00,0.994338620928421
2010-12-09 00:00:00,0.9940570347664562
2010-12-10 00:00:00,0.98842531152716
2010-12-13 00:00:00,0.9905372077418961
2010-12-14 00:00:00,0.983567950233267
2010-12-15 00:00:00,0.9808928816946013
2010-12-16 00:00:00,0.9847646914216175
2010-12-17 00:00:00,0.9903964146609135
2010-12-20 00:00:00,0.9903260181204224
2010-12-21 00:00:00,0.9917339489302465
2010-12-22 00:00:00,0.9899036388774752
2010-12-23 00:00:00,0.9875805530412656
2010-12-27 00:00:00,0.9901148284989488
2010-12-28 00:00:00,0.981456054018531
2010-12-29 00:00:00,0.988777294229616
2010-12-30 00:00:00,0.9874397599602831
2010-12-31 00:00:00,0.9907483973633696
2011-01-03 00:00:00,0.9887068976891248
2011-01-04 00:00:00,0.9902556215799312
2011-01-05 00:00:00,0.9831455709903197
2011-01-06 00:00:00,0.9865246049338975
2011-01-07 00:00:00,0.9868221570312457
2011-01-10 00:00:00,0.9868221570312457
2011-01-11 00:00:00,0.9868221570312457
2011-01-12 00:00:00,0.9868221570312457
2011-01-13 00:00:00,0.9868221570312457
2011-01-14 00:00:00,0.9868221570312457
2011-01-18 00:00:00,0.9868221570312457
2011-01-19 00:00:00,0.9868221570312457
2011-01-20 00:00:00,0.9868221570312457
2011-01-21 00:00:00,0.9868221570312457
2011-01-24 00:00:00,0.9868221570312457
2011-01-25 00:00:00,0.9868221570312457
2011-01-26 00:00:00,0.9868221570312457
2011-01-27 00:00:00,0.9868221570312457
2011-01-28 00:00:00,0.9868221570312457
2011-01-31 00:00:00,0.9868221570312457
2011-02-01 00:00:00,0.9868221570312457
2011-02-02 00:00:00,0.9868221570312457
2011-02-03 00:00:00,0.9868221570312457
2011-02-04 00:00:00,0.9868221570312457
2011-02-07 00:00:00,0.9868221570312457
2011-02-08 00:00:00,0.9868221570312457
2011-02-09 00:00:00,0.9868221570312457
2011-02-10 00:00:00,0.9868221570312457
2011-02-11 00:00:00,0.9868221570312457
2011-02-14 00:00:00,0.9868221570312457
2011-02-15 00:00:00,0.9868221570312457
2011-02-16 00:00:00,0.9868221570312457
2011-02-17 00:00:00,0.9868221570312457
2011-02-18 00:00:00,0.9868221570312457
2011-02-22 00:00:00,0.9868221570312457
2011-02-23 00:00:00,0.9868221570312457
2011-02-24 00:00:00,0.9868221570312457
2011-02-25 00:00:00,0.9868221570312457
2011-02-28 00:00:00,0.9868221570312457
2011-03-01 00:00:00,0.9868221570312457
2011-03-02 00:00:00,0.9868221570312457
2011-03-03 00:00:00,0.9868221570312457
2011-03-04 00:00:00,0.9868221570312457
2011-03-07 00:00:00,0.9868221570312457
2011-03-08 00:00:00,0.9868221570312457
2011-03-09 00:00:00,0.9868221570312457
2011-03-10 00:00:00,0.9868221570312457
2011-03-11 00:00:00,0.9868221570312457
2011-03-14 00:00:00,0.9868221570312457
2011-03-15 00:00:00,0.9868221570312457
2011-03-16 00:00:00,0.9868221570312457
2011-03-17 00:00:00,0.9868221570312457
2011-03-18 00:00:00,0.9868221570312457
2011-03-21 00:00:00,0.9868221570312457
2011-03-22 00:00:00,0.9868221570312457
2011-03-23 00:00:00,0.9868221570312457
2011-03-24 00:00:00,0.9868221570312457
2011-03-25 00:00:00,0.9868221570312457
2011-03-28 00:00:00,0.9868221570312457
2011-03-29 00:00:00,0.9868221570312457
2011-03-30 00:00:00,0.9868221570312457
2011-03-31 00:00:00,0.9868221570312457
2011-04-01 00:00:00,0.9868221570312457
2011-04-04 00:00:00,0.9868221570312457
2011-04-05 00:00:00,0.9868221570312457
2011-04-06 00:00:00,0.9868221570312457
2011-04-07 00:00:00,0.9868221570312457
2011-04-08 00:00:00,0.9868221570312457
2011-04-11 00:00:00,0.9868221570312457
2011-04-12 00:00:00,0.9868221570312457
2011-04-13 00:00:00,0.9868221570312457
2011-04-14 00:00:00,0.9868221570312457
2011-04-15 00:00:00,0.9868221570312457
2011-04-18 00:00:00,0.9868221570312457
2011-04-19 00:00:00,0.9868221570312457
2011-04-20 00:00:00,0.9868221570312457
2011-04-21 00:00:00,0.9868221570312457
2011-04-25 00:00:00,0.9868221570312457
2011-04-26 00:00:00,0.9868221570312457
2011-04-27 00:00:00,0.9868221570312457
2011-04-28 00:00:00,0.9868221570312457
2011-04-29 00:00:00,0.9868221570312457
2011-05-02 00:00:00,0.9868221570312457
2011-05-03 00:00:00,0.9868221570312457
2011-05-04 00:00:00,0.9868221570312457
2011-05-05 00:00:00,0.9868221570312457
2011-05-06 00:00:00,0.9868221570312457
2011-05-09 00:00:00,0.9868221570312457
2011-05-10 00:00:00,0.9868221570312457
2011-05-11 00:00:00,0.9868221570312457
2011-05-12 00:00:00,0.9868221570312457
2011-05-13 00:00:00,0.9868221570312457
2011-05-16 00:00:00,0.9868221570312457
2011-05-17 00:00:00,0.9868221570312457
2011-05-18 00:00:00,0.9868221570312457
2011-05-19 00:00:00,0.9868221570312457
2011-05-20 00:00:00,0.9868221570312457
2011-05-23 00:00:00,0.9868221570312457
2011-05-24 00:00:00,0.9868221570312457
2011-05-25 00:00:00,0.9868221570312457
2011-05-26 00:00:00,0.9868221570312457
2011-05-27 00:00:00,0.9868221570312457
2011-05-31 00:00:00,0.9868221570312457
2011-06-01 00:00:00,0.9868221570312457
2011-06-02 00:00:00,0.9868221570312457
2011-06-03 00:00:00,0.9868221570312457
2011-06-06 00:00:00,0.9868221570312457
2011-06-07 00:00:00,0.9868221570312457
2011-06-08 00:00:00,0.9868221570312457
2011-06-09 00:00:00,0.9868221570312457
2011-06-10 00:00:00,0.9868221570312457
2011-06-13 00:00:00,0.9868221570312457
2011-06-14 00:00:00,0.9868221570312457
2011-06-15 00:00:00,0.9868221570312457
2011-06-16 00:00:00,0.9868221570312457
2011-06-17 00:00:00,0.9868221570312457
2011-06-20 00:00:00,0.9868221570312457
2011-06-21 00:00:00,0.9868221570312457
2011-06-22 00:00:00,0.9868221570312457
2011-06-23 00:00:00,0.9868221570312457
2011-06-24 00:00:00,0.9868221570312457
2011-06-27 00:00:00,0.9868221570312457
2011-06-28 00:00:00,0.9868221570312457
2011-06-29 00:00:00,0.9868221570312457
2011-06-30 00:00:00,0.9868221570312457
2011-07-01 00:00:00,0.9868221570312457
2011-07-05 00:00:00,0.9868221570312457
2011-07-06 00:00:00,0.9868221570312457
2011-07-07 00:00:00,0.9868221570312457
2011-07-08 00:00:00,0.9868221570312457
2011-07-11 00:00:00,0.9868221570312457
2011-07-12 00:00:00,0.9868221570312457
2011-07-13 00:00:00,0.9868221570312457
2011-07-14 00:00:00,0.9868221570312457
2011-07-15 00:00:00,0.9868221570312457
2011-07-18 00:00:00,0.9868221570312457
2011-07-19 00:00:00,0.9868221570312457
2011-07-20 00:00:00,0.9868221570312457
2011-07-21 00:00:00,0.9868221570312457
2011-07-22 00:00:00,0.9868221570312457
2011-07-25 00:00:00,0.9868221570312457
2011-07-26 00:00:00,0.9868221570312457
2011-07-27 00:00:00,0.9868221570312457
2011-07-28 00:00:00,0.9868221570312457
2011-07-29 00:00:00,0.9868221570312457
2011-08-01 00:00:00,0.9868221570312457
2011-08-02 00:00:00,0.9868221570312457
2011-08-03 00:00:00,0.9868221570312457
2011-08-04 00:00:00,0.9868221570312457
2011-08-05 00:00:00,0.9868221570312457
2011-08-08 00:00:00,0.9868221570312457
2011-08-09 00:00:00,0.9868221570312457
2011-08-10 00:00:00,0.9868221570312457
2011-08-11 00:00:00,0.9868221570312457
2011-08-12 00:00:00,0.9868221570312457
2011-08-15 00:00:00,0.9868221570312457
2011-08-16 00:00:00,0.9868221570312457
2011-08-17 00:00:00,0.9868221570312457
2011-08-18 00:00:00,0.9868221570312457
2011-08-19 00:00:00,0.9868221570312457
2011-08-22 00:00:00,0.9868221570312457
2011-08-23 00:00:00,0.9868221570312457
2011-08-24 00:00:00,0.9868221570312457
2011-08-25 00:00:00,0.9868221570312457
2011-08-26 00:00:00,0.9868221570312457
2011-08-29 00:00:00,0.9868221570312457
2011-08-30 00:00:00,0.9868221570312457
2011-08-31 00:00:00,0.9868221570312457
2011-09-01 00:00:00,0.9868221570312457
2011-09-02 00:00:00,0.9868221570312457
2011-09-06 00:00:00,0.9868221570312457
2011-09-07 00:00:00,0.9868221570312457
2011-09-08 00:00:00,0.9868221570312457
2011-09-09 00:00:00,0.9868221570312457
2011-09-12 00:00:00,0.9868221570312457
2011-09-13 00:00:00,0.9868221570312457
2011-09-14 00:00:00,0.9868221570312457
2011-09-15 00:00:00,0.9868221570312457
2011-09-16 00:00:00,0.9868221570312457
2011-09-19 00:00:00,0.9868221570312457
2011-09-20 00:00:00,0.9868221570312457
2011-09-21 00:00:00,0.9868221570312457
2011-09-22 00:00:00,0.9868221570312457
2011-09-23 00:00:00,0.9868221570312457
2011-09-26 00:00:00,0.9868221570312457
2011-09-27 00:00:00,0.9868221570312457
2011-09-28 00:00:00,0.9868221570312457
2011-09-29 00:00:00,0.9868221570312457
2011-09-30 00:00:00,0.9868221570312457
2011-10-03 00:00:00,0.9868221570312457
2011-10-04 00:00:00,0.9868221570312457
2011-10-05 00:00:00,0.9868221570312457
2011-10-06 00:00:00,0.9868221570312457
2011-10-07 00:00:00,0.9868221570312457
2011-10-10 00:00:00,0.9868221570312457
2011-10-11 00:00:00,0.9868221570312457
2011-10-12 00:00:00,0.9868221570312457
2011-10-13 00:00:00,0.9868221570312457
2011-10-14 00:00:00,0.9868221570312457
2011-10-17 00:00:00,0.9868221570312457
2011-10-18 00:00:00,0.9868221570312457
2011-10-19 00:00:00,0.9868221570312457
2011-10-20 00:00:00,0.9868221570312457
2011-10-21 00:00:00,0.9868221570312457
2011-10-24 00:00:00,0.9868221570312457
2011-10-25 00:00:00,0.9868221570312457
2011-10-26 00:00:00,0.9868221570312457
2011-10-27 00:00:00,0.9868221570312457
2011-10-28 00:00:00,0.9868221570312457
2011-10-31 00:00:00,0.9868221570312457
2011-11-01 00:00:00,0.9868221570312457
2011-11-02 00:00:00,0.9868221570312457
2011-11-03 00:00:00,0.9868221570312457
2011-11-04 00:00:00,0.9868221570312457
2011-11-07 00:00:00,0.9868221570312457
2011-11-08 00:00:00,0.9868221570312457
2011-11-09 00:00:00,0.9868221570312457
2011-11-10 00:00:00,0.9868221570312457
2011-11-11 00:00:00,0.9868221570312457
2011-11-14 00:00:00,0.9868221570312457
2011-11-15 00:00:00,0.9868221570312457
2011-11-16 00:00:00,0.9868221570312457
2011-11-17 00:00:00,0.9868221570312457
2011-11-18 00:00:00,0.9868221570312457
2011-11-21 00:00:00,0.9868221570312457
2011-11-22 00:00:00,0.9868221570312457
2011-11-23 00:00:00,0.9868221570312457
2011-11-25 00:00:00,0.9868221570312457
2011-11-28 00:00:00,0.9868221570312457
2011-11-29 00:00:00,0.9868221570312457
2011-11-30 00:00:00,0.9868221570312457
2011-12-01 00:00:00,0.9868221570312457
2011-12-02 00:00:00,0.9868221570312457
2011-12-05 00:00:00,0.9868221570312457
2011-12-06 00:00:00,0.9868221570312457
2011-12-07 00:00:00,0.9868221570312457
2011-12-08 00:00:00,0.9868221570312457
2011-12-09 00:00:00,0.9868221570312457
2011-12-12 00:00:00,0.9868221570312457
2011-12-13 00:00:00,0.9868221570312457
2011-12-14 00:00:00,0.9868221570312457
2011-12-15 00:00:00,0.9868221570312457
2011-12-16 00:00:00,0.9868221570312457
2011-12-19 00:00:00,0.9868221570312457
2011-12-20 00:00:00,0.9868221570312457
2011-12-21 00:00:00,0.9868221570312457
2011-12-22 00:00:00,0.9868221570312457
2011-12-23 00:00:00,0.9868221570312457
2011-12-27 00:00:00,0.9868221570312457
2011-12-28 00:00:00,0.9868221570312457
2011-12-29 00:00:00,0.9868221570312457
2011-12-30 00:00:00,0.9868221570312457
2012-01-03 00:00:00,0.9868221570312457
2012-01-04 00:00:00,0.9868221570312457
2012-01-05 00:00:00,0.9868221570312457
2012-01-06 00:00:00,0.9868221570312457
2012-01-09 00:00:00,0.9868221570312457
2012-01-10 00:00:00,0.9868221570312457
2012-01-11 00:00:00,0.9868221570312457
2012-01-12 00:00:00,0.9868221570312457
2012-01-13 00:00:00,0.9868221570312457
2012-01-17 00:00:00,0.9868221570312457
2012-01-18 00:00:00,0.9868221570312457
2012-01-19 00:00:00,0.9868221570312457
2012-01-20 00:00:00,0.9868221570312457
2012-01-23 00:00:00,0.9868221570312457
2012-01-24 00:00:00,0.9868221570312457
2012-01-25 00:00:00,0.9868221570312457
2012-01-26 00:00:00,0.9868221570312457
2012-01-27 00:00:00,0.9868221570312457
2012-01-30 00:00:00,0.9868221570312457
2012-01-31 00:00:00,0.9868221570312457
2012-02-01 00:00:00,0.9868221570312457
2012-02-02 00:00:00,0.9868221570312457
2012-02-03 00:00:00,0.9868221570312457
2012-02-06 00:00:00,0.9868221570312457
2012-02-07 00:00:00,0.9868221570312457
2012-02-08 00:00:00,0.9868221570312457
2012-02-09 00:00:00,0.9868221570312457
2012-02-10 00:00:00,0.9868221570312457
2012-02-13 00:00:00,0.9868221570312457
2012-02-14 00:00:00,0.9868221570312457
2012-02-15 00:00:00,0.9868221570312457
2012-02-16 00:00:00,0.9868221570312457
2012-02-17 00:00:00,0.9868221570312457
2012-02-21 00:00:00,0.9868221570312457
2012-02-22 00:00:00,0.9868221570312457
2012-02-23 00:00:00,0.9868221570312457
2012-02-24 00:00:00,0.9868221570312457
2012-02-27 00:00:00,0.9868221570312457
2012-02-28 00:00:00,0.9868221570312457
2012-02-29 00:00:00,0.9868221570312457
2012-03-01 00:00:00,0.9868221570312457
2012-03-02 00:00:00,0.9868221570312457
2012-03-05 00:00:00,0.9868221570312457
2012-03-06 00:00:00,0.9868221570312457
2012-03-07 00:00:00,0.9868221570312457
2012-03-08 00:00:00,0.9868221570312457
2012-03-09 00:00:00,0.9868221570312457
2012-03-12 00:00:00,0.9868221570312457
2012-03-13 00:00:00,0.9868221570312457
2012-03-14 00:00:00,0.9868221570312457
2012-03-15 00:00:00,0.9877842533138148
2012-03-16 00:00:00,0.9874956244290443
2012-03-19 00:00:00,0.9814344178488582
2012-03-20 00:00:00,0.9819154659901427
2012-03-21 00:00:00,0.9869183666595026
2012-03-22 00:00:00,0.9881690918268426
2012-03-23 00:00:00,0.9918250577006058
2012-03-26 00:00:00,0.9906705421615227
2012-03-27 00:00:00,0.9961544909721672
2012-03-28 00:00:00,0.9944227176635425
2012-03-29 00:00:00,0.9985597316785901
2012-03-30 00:00:00,0.9936530406374873
2012-04-02 00:00:00,0.9943265080352857
2012-04-03 00:00:00,0.9870145762877596
2012-04-04 00:00:00,0.9920174769571194
2012-04-05 00:00:00,0.9964431198569379
2012-04-09 00:00:00,1.00653524047413
2012-04-10 00:00:00,1.00653524047413
2012-04-11 00:00:00,1.00653524047413
2012-04-12 00:00:00,1.00653524047413
2012-04-13 00:00:00,1.00653524047413
2012-04-16 00:00:00,1.00653524047413
2012-04-17 00:00:00,1.00653524047413
2012-04-18 00:00:00,1.00653524047413
2012-04-19 00:00:00,1.00653524047413
2012-04-20 00:00:00,1.00653524047413
2012-04-23 00:00:00,1.00653524047413
2012-04-24 00:00:00,1.00653524047413
2012-04-25 00:00:00,1.00653524047413
2012-04-26 00:00:00,1.00653524047413
2012-04-27 00:00:00,1.00653524047413
2012-04-30 00:00:00,1.00653524047413
2012-05-01 00:00:00,1.00653524047413
2012-05-02 00:00:00,1.00653524047413
2012-05-03 00:00:00,1.00653524047413
2012-05-04 00:00:00,1.00653524047413
2012-05-07 00:00:00,1.00653524047413
2012-05-08 00:00:00,1.00653524047413
2012-05-09 00:00:00,1.00653524047413
2012-05-10 00:00:00,1.00653524047413
2012-05-11 00:00:00,1.00653524047413
2012-05-14 00:00:00,1.00653524047413
2012-05-15 00:00:00,1.00653524047413
2012-05-16 00:00:00,1.00653524047413
2012-05-17 00:00:00,1.00653524047413
2012-05-18 00:00:00,1.00653524047413
2012-05-21 00:00:00,1.00653524047413
2012-05-22 00:00:00,1.00653524047413
2012-05-23 00:00:00,1.00653524047413
2012-05-24 00:00:00,1.00653524047413
2012-05-25 00:00:00,1.00653524047413
2012-05-29 00:00:00,1.00653524047413
2012-05-30 00:00:00,1.00653524047413
2012-05-31 00:00:00,1.00653524047413
2012-06-01 00:00:00,1.00653524047413
2012-06-04 00:00:00,1.00653524047413
2012-06-05 00:00:00,1.00653524047413
2012-06-06 00:00:00,1.00653524047413
2012-06-07 00:00:00,1.00653524047413
2012-06-08 00:00:00,1.00653524047413
2012-06-11 00:00:00,1.00653524047413
2012-06-12 00:00:00,1.00653524047413
2012-06-13 00:00:00,1.00653524047413
2012-06-14 00:00:00,1.00653524047413
2012-06-15 00:00:00,1.00653524047413
2012-06-18 00:00:00,1.00653524047413
2012-06-19 00:00:00,1.00653524047413
2012-06-20 00:00:00,1.00653524047413
2012-06-21 00:00:00,1.00653524047413
2012-06-22 00:00:00,1.00653524047413
2012-06-25 00:00:00,1.00653524047413
2012-06-26 00:00:00,1.00653524047413
2012-06-27 00:00:00,1.00653524047413
2012-06-28 00:00:00,1.00653524047413
2012-06-29 00:00:00,1.00653524047413
2012-07-02 00:00:00,1.00653524047413
2012-07-03 00:00:00,1.00653524047413
2012-07-05 00:00:00,1.00653524047413
2012-07-06 00:00:00,1.00653524047413
2012-07-09 00:00:00,1.00653524047413
2012-07-10 00:00:00,1.00653524047413
2012-07-11 00:00:00,1.00653524047413
2012-07-12 00:00:00,1.00653524047413
2012-07-13 00:00:00,1.00653524047413
2012-07-16 00:00:00,1.00653524047413
2012-07-17 00:00:00,1.00653524047413
2012-07-18 00:00:00,1.00653524047413
2012-07-19 00:00:00,1.00653524047413
2012-07-20 00:00:00,1.00653524047413
2012-07-23 00:00:00,1.00653524047413
2012-07-24 00:00:00,1.00653524047413
2012-07-25 00:00:00,1.00653524047413
2012-07-26 00:00:00,1.00653524047413
2012-07-27 00:00:00,1.00653524047413
2012-07-30 00:00:00,1.00653524047413
2012-07-31 00:00:00,1.00653524047413
2012-08-01 00:00:00,1.00653524047413
2012-08-02 00:00:00,1.00653524047413
2012-08-03 00:00:00,1.00653524047413
2012-08-06 00:00:00,1.00653524047413
2012-08-07 00:00:00,1.00653524047413
2012-08-08 00:00:00,1.00653524047413
2012-08-09 00:00:00,1.00653524047413
2012-08-10 00:00:00,1.00653524047413
2012-08-13 00:00:00,1.00653524047413
2012-08-14 00:00:00,1.00653524047413
2012-08-15 00:00:00,1.00653524047413
2012-08-16 00:00:00,1.00653524047413
2012-08-17 00:00:00,1.00653524047413
2012-08-20 00:00:00,1.00653524047413
2012-08-21 00:00:00,1.00653524047413
2012-08-22 00:00:00,1.00653524047413
2012-08-23 00:00:00,1.00653524047413
2012-08-24 00:00:00,1.00653524047413
2012-08-27 00:00:00,1.00653524047413
2012-08-28 00:00:00,1.00653524047413
2012-08-29 00:00:00,1.00653524047413
2012-08-30 00:00:00,1.00653524047413
2012-08-31 00:00:00,1.00653524047413
2012-09-04 00:00:00,1.00653524047413
2012-09-05 00:00:00,1.00653524047413
2012-09-06 00:00:00,1.00653524047413
2012-09-07 00:00:00,1.00653524047413
2012-09-10 00:00:00,1.00653524047413
2012-09-11 00:00:00,1.00653524047413
2012-09-12 00:00:00,1.00653524047413
2012-09-13 00:00:00,1.00653524047413
2012-09-14 00:00:00,1.00653524047413
2012-09-17 00:00:00,1.0076675572347644
2012-09-18 00:00:00,1.0102152699461924
2012-09-19 00:00:00,1.0125742631975145
2012-09-20 00:00:00,1.013140421577832
2012-09-21 00:00:00,1.0153106953690483
2012-09-24 00:00:00,1.0175753288903175
2012-09-25 00:00:00,1.021349718092433
2012-09-26 00:00:00,1.024121987597482
2012-09-27 00:00:00,1.024121987597482
2012-09-28 00:00:00,1.024121987597482
2012-10-01 00:00:00,1.024121987597482
2012-10-02 00:00:00,1.024121987597482
2012-10-03 00:00:00,1.024121987597482
2012-10-04 00:00:00,1.024121987597482
2012-10-05 00:00:00,1.024121987597482
2012-10-08 00:00:00,1.024121987597482
2012-10-09 00:00:00,1.024121987597482
2012-10-10 00:00:00,1.024121987597482
2012-10-11 00:00:00,1.024121987597482
2012-10-12 00:00:00,1.024121987597482
2012-10-15 00:00:00,1.024121987597482
2012-10-16 00:00:00,1.024121987597482
2012-10-17 00:00:00,1.024121987597482
2012-10-18 00:00:00,1.024121987597482
2012-10-19 00:00:00,1.024121987597482
2012-10-22 00:00:00,1.024121987597482
2012-10-23 00:00:00,1.024121987597482
2012-10-24 00:00:00,1.024121987597482
2012-10-25 00:00:00,1.024121987597482
2012-10-26 00:00:00,1.024121987597482
2012-10-31 00:00:00,1.024121987597482
2012-11-01 00:00:00,1.024121987597482
2012-11-02 00:00:00,1.024121987597482
2012-11-05 00:00:00,1.024121987597482
2012-11-06 00:00:00,1.024121987597482
2012-11-07 00:00:00,1.024121987597482
2012-11-08 00:00:00,1.024121987597482
2012-11-09 00:00:00,1.024121987597482
2012-11-12 00:00:00,1.024121987597482
2012-11-13 00:00:00,1.024121987597482
2012-11-14 00:00:00,1.024121987597482
2012-11-15 00:00:00,1.024121987597482
2012-11-16 00:00:00,1.024121987597482
2012-11-19 00:00:00,1.024121987597482
2012-11-20 00:00:00,1.024121987597482
2012-11-21 00:00:00,1.024121987597482
2012-11-23 00:00:00,1.024121987597482
2012-11-26 00:00:00,1.024121987597482
2012-11-27 00:00:00,1.024121987597482
2012-11-28 00:00:00,1.024121987597482
2012-11-29 00:00:00,1.024121987597482
2012-11-30 00:00:00,1.024121987597482
2012-12-03 00:00:00,1.024121987597482
2012-12-04 00:00:00,1.024121987597482
2012-12-05 00:00:00,1.024121987597482
2012-12-06 00:00:00,1.024121987597482
2012-12-07 00:00:00,1.024121987597482
2012-12-10 00:00:00,1.024121987597482
2012-12-11 00:00:00,1.024121987597482
2012-12-12 00:00:00,1.024121987597482
2012-12-13 00:00:00,1.024121987597482
2012-12-14 00:00:00,1.024121987597482
2012-12-17 00:00:00,1.024121987597482
2012-12-18 00:00:00,1.024121987597482
2012-12-19 00:00:00,1.024121987597482
2012-12-20 00:00:00,1.024121987597482
2012-12-21 00:00:00,1.024121987597482
2012-12-24 00:00:00,1.024121987597482
2012-12-26 00:00:00,1.024121987597482
2012-12-27 00:00:00,1.024121987597482
2012-12-28 00:00:00,1.024121987597482
2012-12-31 00:00:00,1.024121987597482
2013-01-02 00:00:00,1.024121987597482
2013-01-03 00:00:00,1.024121987597482
2013-01-04 00:00:00,1.024121987597482
2013-01-07 00:00:00,1.024121987597482
2013-01-08 00:00:00,1.024121987597482
2013-01-09 00:00:00,1.024121987597482
2013-01-10 00:00:00,1.024121987597482
2013-01-11 00:00:00,1.024121987597482
2013-01-14 00:00:00,1.024121987597482
2013-01-15 00:00:00,1.024121987597482
2013-01-16 00:00:00,1.024121987597482
2013-01-17 00:00:00,1.024121987597482
2013-01-18 00:00:00,1.024121987597482
2013-01-22 00:00:00,1.024121987597482
2013-01-23 00:00:00,1.024121987597482
2013-01-24 00:00:00,1.024121987597482
2013-01-25 00:00:00,1.024121987597482
2013-01-28 00:00:00,1.024121987597482
2013-01-29 00:00:00,1.024121987597482
2013-01-30 00:00:00,1.024121987597482
2013-01-31 00:00:00,1.024121987597482
2013-02-01 00:00:00,1.024121987597482
2013-02-04 00:00:00,1.026829003141023
2013-02-05 00:00:00,1.0231551963319316
2013-02-06 00:00:00,1.0262489283816927
2013-02-07 00:00:00,1.026732324014468
2013-02-08 00:00:00,1.0275057570269084
2013-02-11 00:00:00,1.0264422866348029
2013-02-12 00:00:00,1.0253788162426973
2013-02-13 00:00:00,1.021801688560161
2013-02-14 00:00:00,1.0261522492551376
2013-02-15 00:00:00,1.0251854579895874
2013-02-19 00:00:00,1.0235419128381518
2013-02-20 00:00:00,1.0257655327489177
2013-02-21 00:00:00,1.0277957944065734
2013-02-22 00:00:00,1.0290526230517887
2013-02-25 00:00:00,1.0369803114293017
2013-02-26 00:00:00,1.0373154120290105
2013-02-27 00:00:00,1.0373154120290105
2013-02-28 00:00:00,1.0373154120290105
2013-03-01 00:00:00,1.0373154120290105
2013-03-04 00:00:00,1.0373154120290105
2013-03-05 00:00:00,1.0373154120290105
2013-03-06 00:00:00,1.0373154120290105
2013-03-07 00:00:00,1.0373154120290105
2013-03-08 00:00:00,1.0373154120290105
2013-03-11 00:00:00,1.0373154120290105
2013-03-12 00:00:00,1.0373154120290105
2013-03-13 00:00:00,1.0373154120290105
2013-03-14 00:00:00,1.0373154120290105
2013-03-15 00:00:00,1.0373154120290105
2013-03-18 00:00:00,1.0373154120290105
2013-03-19 00:00:00,1.0373154120290105
2013-03-20 00:00:00,1.0373154120290105
2013-03-21 00:00:00,1.0373154120290105
2013-03-22 00:00:00,1.0373154120290105
2013-03-25 00:00:00,1.0373154120290105
2013-03-26 00:00:00,1.0373154120290105
2013-03-27 00:00:00,1.0373154120290105
2013-03-28 00:00:00,1.0373154120290105
2013-04-01 00:00:00,1.0373154120290105
2013-04-02 00:00:00,1.0373154120290105
2013-04-03 00:00:00,1.0373154120290105
2013-04-04 00:00:00,1.0373154120290105
2013-04-05 00:00:00,1.0373154120290105
2013-04-08 00:00:00,1.0373154120290105
2013-04-09 00:00:00,1.0373154120290105
2013-04-10 00:00:00,1.0373154120290105
2013-04-11 00:00:00,1.0373154120290105
2013-04-12 00:00:00,1.0373154120290105
2013-04-15 00:00:00,1.0373154120290105
2013-04-16 00:00:00,1.0373154120290105
2013-04-17 00:00:00,1.0373154120290105
2013-04-18 00:00:00,1.0373154120290105
2013-04-19 00:00:00,1.0373154120290105
2013-04-22 00:00:00,1.0373154120290105
2013-04-23 00:00:00,1.0373154120290105
2013-04-24 00:00:00,1.0373154120290105
2013-04-25 00:00:00,1.0373154120290105
2013-04-26 00:00:00,1.0373154120290105
2013-04-29 00:00:00,1.0373154120290105
2013-04-30 00:00:00,1.0373154120290105
2013-05-01 00:00:00,1.0373154120290105
2013-05-02 00:00:00,1.0373154120290105
2013-05-03 00:00:00,1.0373154120290105
2013-05-06 00:00:00,1.0373154120290105
2013-05-07 00:00:00,1.0373154120290105
2013-05-08 00:00:00,1.0373154120290105
2013-05-09 00:00:00,1.0373154120290105
2013-05-10 00:00:00,1.0373154120290105
2013-05-13 00:00:00,1.0373154120290105
2013-05-14 00:00:00,1.0373154120290105
2013-05-15 00:00:00,1.0373154120290105
2013-05-16 00:00:00,1.0373154120290105
2013-05-17 00:00:00,1.0373154120290105
2013-05-20 00:00:00,1.0373154120290105
2013-05-21 00:00:00,1.0373154120290105
2013-05-22 00:00:00,1.0373154120290105
2013-05-23 00:00:00,1.0373154120290105
2013-05-24 00:00:00,1.0373154120290105
2013-05-28 00:00:00,1.0373154120290105
2013-05-29 00:00:00,1.0373154120290105
2013-05-30 00:00:00,1.0373154120290105
2013-05-31 00:00:00,1.0373154120290105
2013-06-03 00:00:00,1.0373154120290105
2013-06-04 00:00:00,1.0373154120290105
2013-06-05 00:00:00,1.0373154120290105
2013-06-06 00:00:00,1.0373154120290105
2013-06-07 00:00:00,1.0373154120290105
2013-06-10 00:00:00,1.0373154120290105
2013-06-11 00:00:00,1.0373154120290105
2013-06-12 00:00:00,1.0373154120290105
2013-06-13 00:00:00,1.0373154120290105
2013-06-14 00:00:00,1.0373154120290105
2013-06-17 00:00:00,1.0373154120290105
2013-06-18 00:00:00,1.0373154120290105
2013-06-19 00:00:00,1.0373154120290105
2013-06-20 00:00:00,1.036614501313478
2013-06-21 00:00:00,1.0289745745141738
2013-06-24 00:00:00,1.0272222977253427
2013-06-25 00:00:00,1.0263812048667036
2013-06-26 00:00:00,1.0292549388003869
2013-06-27 00:00:00,1.0331099477358157
2013-06-28 00:00:00,1.0322688548771766
2013-07-01 00:00:00,1.031567944161644
2013-07-02 00:00:00,1.0318483084478571
2013-07-03 00:00:00,1.030446487016792
2013-07-05 00:00:00,1.0183908227096334
2013-07-08 00:00:00,1.022526195931275
2013-07-09 00:00:00,1.0237177441476804
2013-07-10 00:00:00,1.0211944655717633
2013-07-11 00:00:00,1.0282736637986414
2013-07-12 00:00:00,1.0277129352262153
2013-07-15 00:00:00,1.0299558495159193
2013-07-16 00:00:00,1.0303063048736856
2013-07-17 00:00:00,1.033460403093582
2013-07-18 00:00:00,1.030096031659026
2013-07-19 00:00:00,1.0316290075031813
2013-07-22 00:00:00,1.0316290075031813
2013-07-23 00:00:00,1.0316290075031813
2013-07-24 00:00:00,1.0316290075031813
2013-07-25 00:00:00,1.0316290075031813
2013-07-26 00:00:00,1.0316290075031813
2013-07-29 00:00:00,1.0316290075031813
2013-07-30 00:00:00,1.0316290075031813
2013-07-31 00:00:00,1.0316290075031813
2013-08-01 00:00:00,1.0316290075031813
2013-08-02 00:00:00,1.0316290075031813
2013-08-05 00:00:00,1.0316290075031813
2013-08-06 00:00:00,1.0316290075031813
2013-08-07 00:00:00,1.0316290075031813
2013-08-08 00:00:00,1.0316290075031813
2013-08-09 00:00:00,1.0316290075031813
2013-08-12 00:00:00,1.0316290075031813
2013-08-13 00:00:00,1.0316290075031813
2013-08-14 00:00:00,1.0316290075031813
2013-08-15 00:00:00,1.0316290075031813
2013-08-16 00:00:00,1.0316290075031813
2013-08-19 00:00:00,1.0316290075031813
2013-08-20 00:00:00,1.0316290075031813
2013-08-21 00:00:00,1.0316290075031813
2013-08-22 00:00:00,1.0316290075031813
2013-08-23 00:00:00,1.0316290075031813
2013-08-26 00:00:00,1.0316290075031813
2013-08-27 00:00:00,1.0316290075031813
2013-08-28 00:00:00,1.0316290075031813
2013-08-29 00:00:00,1.0316290075031813
2013-08-30 00:00:00,1.0316290075031813
2013-09-03 00:00:00,1.0316290075031813
2013-09-04 00:00:00,1.0316290075031813
2013-09-05 00:00:00,1.0316290075031813
2013-09-06 00:00:00,1.0316290075031813
2013-09-09 00:00:00,1.0316290075031813
2013-09-10 00:00:00,1.0316290075031813
2013-09-11 00:00:00,1.0316290075031813
2013-09-12 00:00:00,1.0316290075031813
2013-09-13 00:00:00,1.0316290075031813
2013-09-16 00:00:00,1.0316290075031813
2013-09-17 00:00:00,1.0316290075031813
2013-09-18 00:00:00,1.0316290075031813
2013-09-19 00:00:00,1.0316290075031813
2013-09-20 00:00:00,1.0316290075031813
2013-09-23 00:00:00,1.0316290075031813
2013-09-24 00:00:00,1.0316290075031813
2013-09-25 00:00:00,1.0316290075031813
2013-09-26 00:00:00,1.0316290075031813
2013-09-27 00:00:00,1.0316290075031813
2013-09-30 00:00:00,1.0316290075031813
2013-10-01 00:00:00,1.0316290075031813
2013-10-02 00:00:00,1.0316290075031813
2013-10-03 00:00:00,1.0316290075031813
2013-10-04 00:00:00,1.0316290075031813
2013-10-07 00:00:00,1.0316290075031813
2013-10-08 00:00:00,1.0316290075031813
2013-10-09 00:00:00,1.0316290075031813
2013-10-10 00:00:00,1.0316290075031813
2013-10-11 00:00:00,1.0316290075031813
2013-10-14 00:00:00,1.0316290075031813
2013-10-15 00:00:00,1.0316290075031813
2013-10-16 00:00:00,1.0316290075031813
2013-10-17 00:00:00,1.0316290075031813
2013-10-18 00:00:00,1.0316290075031813
2013-10-21 00:00:00,1.0316290075031813
2013-10-22 00:00:00,1.0316290075031813
2013-10-23 00:00:00,1.0316290075031813
2013-10-24 00:00:00,1.0316290075031813
2013-10-25 00:00:00,1.0316290075031813
2013-10-28 00:00:00,1.0316290075031813
2013-10-29 00:00:00,1.0316290075031813
2013-10-30 00:00:00,1.0316290075031813
2013-10-31 00:00:00,1.0316290075031813
2013-11-01 00:00:00,1.0316290075031813
2013-11-04 00:00:00,1.0316290075031813
2013-11-05 00:00:00,1.0316290075031813
2013-11-06 00:00:00,1.0316290075031813
2013-11-07 00:00:00,1.0316290075031813
2013-11-08 00:00:00,1.0316290075031813
2013-11-11 00:00:00,1.0316290075031813
2013-11-12 00:00:00,1.0316290075031813
2013-11-13 00:00:00,1.0316290075031813
2013-11-14 00:00:00,1.0316290075031813
2013-11-15 00:00:00,1.0316290075031813
2013-11-18 00:00:00,1.0316290075031813
2013-11-19 00:00:00,1.0316290075031813
2013-11-20 00:00:00,1.0316290075031813
2013-11-21 00:00:00,1.0316290075031813
2013-11-22 00:00:00,1.0316290075031813
2013-11-25 00:00:00,1.0316290075031813
2013-11-26 00:00:00,1.0316290075031813
2013-11-27 00:00:00,1.0316290075031813
2013-11-29 00:00:00,1.0316290075031813
2013-12-02 00:00:00,1.0316290075031813
2013-12-03 00:00:00,1.0316290075031813
2013-12-04 00:00:00,1.0316290075031813
2013-12-05 00:00:00,1.0316290075031813
2013-12-06 00:00:00,1.0316290075031813
2013-12-09 00:00:00,1.0316290075031813
2013-12-10 00:00:00,1.0316290075031813
2013-12-11 00:00:00,1.0316290075031813
2013-12-12 00:00:00,1.0316290075031813
2013-12-13 00:00:00,1.0316290075031813
2013-12-16 00:00:00,1.0316290075031813
2013-12-17 00:00:00,1.0316290075031813
2013-12-18 00:00:00,1.0316290075031813
2013-12-19 00:00:00,1.0316290075031813
2013-12-20 00:00:00,1.0316290075031813
2013-12-23 00:00:00,1.0316290075031813
2013-12-24 00:00:00,1.0316290075031813
2013-12-26 00:00:00,1.0316290075031813
2013-12-27 00:00:00,1.0316290075031813
2013-12-30 00:00:00,1.0316290075031813
2013-12-31 00:00:00,1.0316290075031813
2014-01-02 00:00:00,1.0341201128638893
2014-01-03 00:00:00,1.0334973365237123
2014-01-06 00:00:00,1.0364036261112048
2014-01-07 00:00:00,1.0380643630183435
2014-01-08 00:00:00,1.0329783562402313
2014-01-09 00:00:00,1.0356770537143318
2014-01-10 00:00:00,1.0443959224768096
2014-01-13 00:00:00,1.0455723469390172
2014-01-14 00:00:00,1.0455723469390172
2014-01-15 00:00:00,1.0455723469390172
2014-01-16 00:00:00,1.0455723469390172
2014-01-17 00:00:00,1.0455723469390172
2014-01-21 00:00:00,1.0455723469390172
2014-01-22 00:00:00,1.0455723469390172
2014-01-23 00:00:00,1.0455723469390172
2014-01-24 00:00:00,1.0455723469390172
2014-01-27 00:00:00,1.0455723469390172
2014-01-28 00:00:00,1.0455723469390172
2014-01-29 00:00:00,1.0455723469390172
2014-01-30 00:00:00,1.0455723469390172
2014-01-31 00:00:00,1.0455723469390172
2014-02-03 00:00:00,1.0455723469390172
2014-02-04 00:00:00,1.0455723469390172
2014-02-05 00:00:00,1.0455723469390172
2014-02-06 00:00:00,1.0455723469390172
2014-02-07 00:00:00,1.0455723469390172
2014-02-10 00:00:00,1.0455723469390172
2014-02-11 00:00:00,1.0455723469390172
2014-02-12 00:00:00,1.0455723469390172
2014-02-13 00:00:00,1.0455723469390172
2014-02-14 00:00:00,1.0455723469390172
2014-02-18 00:00:00,1.0455723469390172
2014-02-19 00:00:00,1.0455723469390172
2014-02-20 00:00:00,1.0455723469390172
2014-02-21 00:00:00,1.0455723469390172
2014-02-24 00:00:00,1.0455723469390172
2014-02-25 00:00:00,1.0455723469390172
2014-02-26 00:00:00,1.0455723469390172
2014-02-27 00:00:00,1.0455723469390172
2014-02-28 00:00:00,1.0455723469390172
2014-03-03 00:00:00,1.0455723469390172
2014-03-04 00:00:00,1.0455723469390172
2014-03-05 00:00:00,1.0455723469390172
2014-03-06 00:00:00,1.0455723469390172
2014-03-07 00:00:00,1.0455723469390172
2014-03-10 00:00:00,1.0455723469390172
2014-03-11 00:00:00,1.0455723469390172
2014-03-12 00:00:00,1.0455723469390172
2014-03-13 00:00:00,1.0455723469390172
2014-03-14 00:00:00,1.0455723469390172
2014-03-17 00:00:00,1.0455723469390172
2014-03-18 00:00:00,1.0455723469390172
2014-03-19 00:00:00,1.0455723469390172
2014-03-20 00:00:00,1.0455723469390172
2014-03-21 00:00:00,1.0455723469390172
2014-03-24 00:00:00,1.0455723469390172
2014-03-25 00:00:00,1.0455723469390172
2014-03-26 00:00:00,1.0455723469390172
2014-03-27 00:00:00,1.0455723469390172
2014-03-28 00:00:00,1.0455723469390172
2014-03-31 00:00:00,1.0455723469390172
2014-04-01 00:00:00,1.0455723469390172
2014-04-02 00:00:00,1.0455723469390172
2014-04-03 00:00:00,1.0455723469390172
2014-04-04 00:00:00,1.0455723469390172
2014-04-07 00:00:00,1.0455723469390172
2014-04-08 00:00:00,1.0455723469390172
2014-04-09 00:00:00,1.0455723469390172
2014-04-10 00:00:00,1.0455723469390172
2014-04-11 00:00:00,1.0455723469390172
2014-04-14 00:00:00,1.0455723469390172
2014-04-15 00:00:00,1.0455723469390172
2014-04-16 00:00:00,1.0455723469390172
2014-04-17 00:00:00,1.0455723469390172
2014-04-21 00:00:00,1.0455723469390172
2014-04-22 00:00:00,1.0455723469390172
2014-04-23 00:00:00,1.0455723469390172
2014-04-24 00:00:00,1.0455723469390172
2014-04-25 00:00:00,1.0455723469390172
2014-04-28 00:00:00,1.0455723469390172
2014-04-29 00:00:00,1.0455723469390172
2014-04-30 00:00:00,1.0455723469390172
2014-05-01 00:00:00,1.0455723469390172
2014-05-02 00:00:00,1.0455723469390172
2014-05-05 00:00:00,1.0455723469390172
2014-05-06 00:00:00,1.0455723469390172
2014-05-07 00:00:00,1.0455723469390172
2014-05-08 00:00:00,1.0455723469390172
2014-05-09 00:00:00,1.0455723469390172
2014-05-12 00:00:00,1.0455723469390172
2014-05-13 00:00:00,1.0455723469390172
2014-05-14 00:00:00,1.0455723469390172
2014-05-15 00:00:00,1.0455723469390172
2014-05-16 00:00:00,1.0455723469390172
2014-05-19 00:00:00,1.0455723469390172
2014-05-20 00:00:00,1.0455723469390172
2014-05-21 00:00:00,1.0455723469390172
2014-05-22 00:00:00,1.0455723469390172
2014-05-23 00:00:00,1.0455723469390172
2014-05-27 00:00:00,1.0455723469390172
2014-05-28 00:00:00,1.0455723469390172
2014-05-29 00:00:00,1.0455723469390172
2014-05-30 00:00:00,1.0455723469390172
2014-06-02 00:00:00,1.0455723469390172
2014-06-03 00:00:00,1.0455723469390172
2014-06-04 00:00:00,1.0455723469390172
2014-06-05 00:00:00,1.0455723469390172
2014-06-06 00:00:00,1.0455723469390172
2014-06-09 00:00:00,1.0455723469390172
2014-06-10 00:00:00,1.0455723469390172
2014-06-11 00:00:00,1.0455723469390172
2014-06-12 00:00:00,1.0455723469390172
2014-06-13 00:00:00,1.0455723469390172
2014-06-16 00:00:00,1.0455723469390172
2014-06-17 00:00:00,1.0455723469390172
2014-06-18 00:00:00,1.0455723469390172
2014-06-19 00:00:00,1.0455723469390172
2014-06-20 00:00:00,1.0455723469390172
2014-06-23 00:00:00,1.0455723469390172
2014-06-24 00:00:00,1.0455723469390172
2014-06-25 00:00:00,1.0455723469390172
2014-06-26 00:00:00,1.0455723469390172
2014-06-27 00:00:00,1.0455723469390172
2014-06-30 00:00:00,1.0455723469390172
2014-07-01 00:00:00,1.0455723469390172
2014-07-02 00:00:00,1.0455723469390172
2014-07-03 00:00:00,1.0455723469390172
2014-07-07 00:00:00,1.0455723469390172
2014-07-08 00:00:00,1.0455723469390172
2014-07-09 00:00:00,1.0455723469390172
2014-07-10 00:00:00,1.0455723469390172
2014-07-11 00:00:00,1.0455723469390172
2014-07-14 00:00:00,1.0455723469390172
2014-07-15 00:00:00,1.0455723469390172
2014-07-16 00:00:00,1.0455723469390172
2014-07-17 00:00:00,1.0455723469390172
2014-07-18 00:00:00,1.0455723469390172
2014-07-21 00:00:00,1.0455723469390172
2014-07-22 00:00:00,1.0455723469390172
2014-07-23 00:00:00,1.0455723469390172
2014-07-24 00:00:00,1.0455723469390172
2014-07-25 00:00:00,1.0455723469390172
2014-07-28 00:00:00,1.0455723469390172
2014-07-29 00:00:00,1.0455723469390172
2014-07-30 00:00:00,1.0455723469390172
2014-07-31 00:00:00,1.0455723469390172
2014-08-01 00:00:00,1.0455723469390172
2014-08-04 00:00:00,1.0455723469390172
2014-08-05 00:00:00,1.0455723469390172
2014-08-06 00:00:00,1.0455723469390172
2014-08-07 00:00:00,1.0455723469390172
2014-08-08 00:00:00,1.0455723469390172
2014-08-11 00:00:00,1.0455723469390172
2014-08-12 00:00:00,1.0455723469390172
2014-08-13 00:00:00,1.0455723469390172
2014-08-14 00:00:00,1.0455723469390172
2014-08-15 00:00:00,1.0455723469390172
2014-08-18 00:00:00,1.0455723469390172
2014-08-19 00:00:00,1.0455723469390172
2014-08-20 00:00:00,1.0455723469390172
2014-08-21 00:00:00,1.0455723469390172
2014-08-22 00:00:00,1.0455723469390172
2014-08-25 00:00:00,1.0455723469390172
2014-08-26 00:00:00,1.0455723469390172
2014-08-27 00:00:00,1.0455723469390172
2014-08-28 00:00:00,1.0455723469390172
2014-08-29 00:00:00,1.0455723469390172
2014-09-02 00:00:00,1.0455723469390172
2014-09-03 00:00:00,1.0455723469390172
2014-09-04 00:00:00,1.0455723469390172
2014-09-05 00:00:00,1.0455723469390172
2014-09-08 00:00:00,1.0455723469390172
2014-09-09 00:00:00,1.0455723469390172
2014-09-10 00:00:00,1.0455723469390172
2014-09-11 00:00:00,1.0455723469390172
2014-09-12 00:00:00,1.0455723469390172
2014-09-15 00:00:00,1.0455723469390172
2014-09-16 00:00:00,1.0455723469390172
2014-09-17 00:00:00,1.0455723469390172
2014-09-18 00:00:00,1.0455723469390172
2014-09-19 00:00:00,1.0455723469390172
2014-09-22 00:00:00,1.0455723469390172
2014-09-23 00:00:00,1.0455723469390172
2014-09-24 00:00:00,1.0455723469390172
2014-09-25 00:00:00,1.0455723469390172
2014-09-26 00:00:00,1.0455723469390172
2014-09-29 00:00:00,1.0455723469390172
2014-09-30 00:00:00,1.0455723469390172
2014-10-01 00:00:00,1.0455723469390172
2014-10-02 00:00:00,1.0455723469390172
2014-10-03 00:00:00,1.0455723469390172
2014-10-06 00:00:00,1.0455723469390172
2014-10-07 00:00:00,1.0455723469390172
2014-10-08 00:00:00,1.0455723469390172
2014-10-09 00:00:00,1.0455723469390172
2014-10-10 00:00:00,1.0455723469390172
2014-10-13 00:00:00,1.0455723469390172
2014-10-14 00:00:00,1.0455723469390172
2014-10-15 00:00:00,1.0455723469390172
2014-10-16 00:00:00,1.0455723469390172
2014-10-17 00:00:00,1.0455723469390172
2014-10-20 00:00:00,1.0455723469390172
2014-10-21 00:00:00,1.0455723469390172
2014-10-22 00:00:00,1.0455723469390172
2014-10-23 00:00:00,1.0455723469390172
2014-10-24 00:00:00,1.0455723469390172
2014-10-27 00:00:00,1.0455723469390172
2014-10-28 00:00:00,1.0455723469390172
2014-10-29 00:00:00,1.0455723469390172
2014-10-30 00:00:00,1.0455723469390172
2014-10-31 00:00:00,1.0455723469390172
2014-11-03 00:00:00,1.0455723469390172
2014-11-04 00:00:00,1.0455723469390172
2014-11-05 00:00:00,1.0455723469390172
2014-11-06 00:00:00,1.0455723469390172
2014-11-07 00:00:00,1.0455723469390172
2014-11-10 00:00:00,1.0455723469390172
2014-11-11 00:00:00,1.0455723469390172
2014-11-12 00:00:00,1.0455723469390172
2014-11-13 00:00:00,1.0455723469390172
2014-11-14 00:00:00,1.0455723469390172
2014-11-17 00:00:00,1.0455723469390172
2014-11-18 00:00:00,1.0455723469390172
2014-11-19 00:00:00,1.0455723469390172
2014-11-20 00:00:00,1.0455723469390172
2014-11-21 00:00:00,1.0455723469390172
2014-11-24 00:00:00,1.0455723469390172
2014-11-25 00:00:00,1.0455723469390172
2014-11-26 00:00:00,1.0455723469390172
2014-11-28 00:00:00,1.0455723469390172
2014-12-01 00:00:00,1.0455723469390172
2014-12-02 00:00:00,1.0455723469390172
2014-12-03 00:00:00,1.0455723469390172
2014-12-04 00:00:00,1.0455723469390172
2014-12-05 00:00:00,1.0455723469390172
2014-12-08 00:00:00,1.0455723469390172
2014-12-09 00:00:00,1.0455723469390172
2014-12-10 00:00:00,1.0455723469390172
2014-12-11 00:00:00,1.0455723469390172
2014-12-12 00:00:00,1.0455723469390172
2014-12-15 00:00:00,1.0455723469390172
2014-12-16 00:00:00,1.0455723469390172
2014-12-17 00:00:00,1.0455723469390172
2014-12-18 00:00:00,1.0455723469390172
2014-12-19 00:00:00,1.0455723469390172
2014-12-22 00:00:00,1.0455723469390172
2014-12-23 00:00:00,1.0455723469390172
2014-12-24 00:00:00,1.0455723469390172
2014-12-26 00:00:00,1.0455723469390172
2014-12-29 00:00:00,1.0455723469390172
2014-12-30 00:00:00,1.0455723469390172
2014-12-31 00:00:00,1.0455723469390172
2015-01-02 00:00:00,1.0455723469390172
2015-01-05 00:00:00,1.0455723469390172
2015-01-06 00:00:00,1.0455723469390172
2015-01-07 00:00:00,1.0455723469390172
2015-01-08 00:00:00,1.0455723469390172
2015-01-09 00:00:00,1.0455723469390172
2015-01-12 00:00:00,1.0455723469390172
2015-01-13 00:00:00,1.0455723469390172
2015-01-14 00:00:00,1.0455723469390172
2015-01-15 00:00:00,1.0455723469390172
2015-01-16 00:00:00,1.0455723469390172
2015-01-20 00:00:00,1.0455723469390172
2015-01-21 00:00:00,1.0455723469390172
2015-01-22 00:00:00,1.0455723469390172
2015-01-23 00:00:00,1.0455723469390172
2015-01-26 00:00:00,1.0455723469390172
2015-01-27 00:00:00,1.0455723469390172
2015-01-28 00:00:00,1.0455723469390172
2015-01-29 00:00:00,1.0455723469390172
2015-01-30 00:00:00,1.0455723469390172
2015-02-02 00:00:00,1.0455723469390172
2015-02-03 00:00:00,1.0455723469390172
2015-02-04 00:00:00,1.0455723469390172
2015-02-05 00:00:00,1.0455723469390172
2015-02-06 00:00:00,1.0455723469390172
2015-02-09 00:00:00,1.0455723469390172
2015-02-10 00:00:00,1.0455723469390172
2015-02-11 00:00:00,1.0455723469390172
2015-02-12 00:00:00,1.0455723469390172
2015-02-13 00:00:00,1.0455723469390172
2015-02-17 00:00:00,1.0455723469390172
2015-02-18 00:00:00,1.0455723469390172
2015-02-19 00:00:00,1.0455723469390172
2015-02-20 00:00:00,1.0455723469390172
2015-02-23 00:00:00,1.0455723469390172
2015-02-24 00:00:00,1.0455723469390172
2015-02-25 00:00:00,1.0455723469390172
2015-02-26 00:00:00,1.0455723469390172
2015-02-27 00:00:00,1.0455723469390172
2015-03-02 00:00:00,1.0455723469390172
2015-03-03 00:00:00,1.0455723469390172
2015-03-04 00:00:00,1.0455723469390172
2015-03-05 00:00:00,1.0455723469390172
2015-03-06 00:00:00,1.0455723469390172
2015-03-09 00:00:00,1.0455723469390172
2015-03-10 00:00:00,1.0455723469390172
2015-03-11 00:00:00,1.0455723469390172
2015-03-12 00:00:00,1.0455723469390172
2015-03-13 00:00:00,1.0455723469390172
2015-03-16 00:00:00,1.0455723469390172
2015-03-17 00:00:00,1.0455723469390172
2015-03-18 00:00:00,1.0455723469390172
2015-03-19 00:00:00,1.0455723469390172
2015-03-20 00:00:00,1.0455723469390172
2015-03-23 00:00:00,1.0455723469390172
2015-03-24 00:00:00,1.0455723469390172
2015-03-25 00:00:00,1.0455723469390172
2015-03-26 00:00:00,1.0455723469390172
2015-03-27 00:00:00,1.0455723469390172
2015-03-30 00:00:00,1.0455723469390172
2015-03-31 00:00:00,1.0455723469390172
2015-04-01 00:00:00,1.0455723469390172
2015-04-02 00:00:00,1.0455723469390172
2015-04-06 00:00:00,1.0455723469390172
2015-04-07 00:00:00,1.0455723469390172
2015-04-08 00:00:00,1.0455723469390172
2015-04-09 00:00:00,1.0455723469390172
2015-04-10 00:00:00,1.0455723469390172
2015-04-13 00:00:00,1.0455723469390172
2015-04-14 00:00:00,1.0455723469390172
2015-04-15 00:00:00,1.0455723469390172
2015-04-16 00:00:00,1.0455723469390172
2015-04-17 00:00:00,1.0455723469390172
2015-04-20 00:00:00,1.0455723469390172
2015-04-21 00:00:00,1.0455723469390172
2015-04-22 00:00:00,1.0455723469390172
2015-04-23 00:00:00,1.0455723469390172
2015-04-24 00:00:00,1.0455723469390172
2015-04-27 00:00:00,1.0455723469390172
2015-04-28 00:00:00,1.0455723469390172
2015-04-29 00:00:00,1.0455723469390172
2015-04-30 00:00:00,1.0455723469390172
2015-05-01 00:00:00,1.0455723469390172
2015-05-04 00:00:00,1.0455723469390172
2015-05-05 00:00:00,1.0455723469390172
2015-05-06 00:00:00,1.0455723469390172
2015-05-07 00:00:00,1.0455723469390172
2015-05-08 00:00:00,1.0455723469390172
2015-05-11 00:00:00,1.0455723469390172
2015-05-12 00:00:00,1.0455723469390172
2015-05-13 00:00:00,1.0455723469390172
2015-05-14 00:00:00,1.0455723469390172
2015-05-15 00:00:00,1.0455723469390172
2015-05-18 00:00:00,1.0455723469390172
2015-05-19 00:00:00,1.0455723469390172
2015-05-20 00:00:00,1.0455723469390172
2015-05-21 00:00:00,1.0455723469390172
2015-05-22 00:00:00,1.0455723469390172
2015-05-26 00:00:00,1.0455723469390172
2015-05-27 00:00:00,1.0455723469390172
2015-05-28 00:00:00,1.0455723469390172
2015-05-29 00:00:00,1.0455723469390172
2015-06-01 00:00:00,1.0455723469390172
2015-06-02 00:00:00,1.0455723469390172
2015-06-03 00:00:00,1.0455723469390172
2015-06-04 00:00:00,1.0455723469390172
2015-06-05 00:00:00,1.0455723469390172
2015-06-08 00:00:00,1.0455723469390172
2015-06-09 00:00:00,1.0455723469390172
2015-06-10 00:00:00,1.0455723469390172
2015-06-11 00:00:00,1.0455723469390172
2015-06-12 00:00:00,1.0455723469390172
2015-06-15 00:00:00,1.0455723469390172
2015-06-16 00:00:00,1.0455723469390172
2015-06-17 00:00:00,1.0455723469390172
2015-06-18 00:00:00,1.0455723469390172
2015-06-19 00:00:00,1.0455723469390172
2015-06-22 00:00:00,1.0455723469390172
2015-06-23 00:00:00,1.0455723469390172
2015-06-24 00:00:00,1.0455723469390172
2015-06-25 00:00:00,1.0455723469390172
2015-06-26 00:00:00,1.0455723469390172
2015-06-29 00:00:00,1.0455723469390172
2015-06-30 00:00:00,1.0455723469390172
2015-07-01 00:00:00,1.0455723469390172
2015-07-02 00:00:00,1.0455723469390172
2015-07-06 00:00:00,1.0455723469390172
2015-07-07 00:00:00,1.0455723469390172
2015-07-08 00:00:00,1.0455723469390172
2015-07-09 00:00:00,1.0455723469390172
2015-07-10 00:00:00,1.0455723469390172
2015-07-13 00:00:00,1.0455723469390172
2015-07-14 00:00:00,1.0455723469390172
2015-07-15 00:00:00,1.0455723469390172
2015-07-16 00:00:00,1.0455723469390172
2015-07-17 00:00:00,1.0455723469390172
2015-07-20 00:00:00,1.0455723469390172
2015-07-21 00:00:00,1.0455723469390172
2015-07-22 00:00:00,1.0455723469390172
2015-07-23 00:00:00,1.0455723469390172
2015-07-24 00:00:00,1.0455723469390172
2015-07-27 00:00:00,1.0455723469390172
2015-07-28 00:00:00,1.0455723469390172
2015-07-29 00:00:00,1.0455723469390172
2015-07-30 00:00:00,1.0455723469390172
2015-07-31 00:00:00,1.0455723469390172
2015-08-03 00:00:00,1.0455723469390172
2015-08-04 00:00:00,1.0455723469390172
2015-08-05 00:00:00,1.0455723469390172
2015-08-06 00:00:00,1.0455723469390172
2015-08-07 00:00:00,1.0455723469390172
2015-08-10 00:00:00,1.0455723469390172
2015-08-11 00:00:00,1.0455723469390172
2015-08-12 00:00:00,1.0455723469390172
2015-08-13 00:00:00,1.0455723469390172
2015-08-14 00:00:00,1.0455723469390172
2015-08-17 00:00:00,1.0455723469390172
2015-08-18 00:00:00,1.0455723469390172
2015-08-19 00:00:00,1.0455723469390172
2015-08-20 00:00:00,1.0455723469390172
2015-08-21 00:00:00,1.0455723469390172
2015-08-24 00:00:00,1.0455723469390172
2015-08-25 00:00:00,1.0455723469390172
2015-08-26 00:00:00,1.0455723469390172
2015-08-27 00:00:00,1.0455723469390172
2015-08-28 00:00:00,1.0455723469390172
2015-08-31 00:00:00,1.0455723469390172
2015-09-01 00:00:00,1.0455723469390172
2015-09-02 00:00:00,1.0455723469390172
2015-09-03 00:00:00,1.0455723469390172
2015-09-04 00:00:00,1.0455723469390172
2015-09-08 00:00:00,1.0455723469390172
2015-09-09 00:00:00,1.0455723469390172
2015-09-10 00:00:00,1.0455723469390172
2015-09-11 00:00:00,1.0455723469390172
2015-09-14 00:00:00,1.0455723469390172
2015-09-15 00:00:00,1.0455723469390172
2015-09-16 00:00:00,1.0455723469390172
2015-09-17 00:00:00,1.0455723469390172
2015-09-18 00:00:00,1.0455723469390172
2015-09-21 00:00:00,1.0455723469390172
2015-09-22 00:00:00,1.0455723469390172
2015-09-23 00:00:00,1.0455723469390172
2015-09-24 00:00:00,1.0455723469390172
2015-09-25 00:00:00,1.0455723469390172
2015-09-28 00:00:00,1.0455723469390172
2015-09-29 00:00:00,1.0455723469390172
2015-09-30 00:00:00,1.0455723469390172
2015-10-01 00:00:00,1.0455723469390172
2015-10-02 00:00:00,1.0455723469390172
2015-10-05 00:00:00,1.0455723469390172
2015-10-06 00:00:00,1.0455723469390172
2015-10-07 00:00:00,1.0455723469390172
2015-10-08 00:00:00,1.0455723469390172
2015-10-09 00:00:00,1.0455723469390172
2015-10-12 00:00:00,1.0455723469390172
2015-10-13 00:00:00,1.0455723469390172
2015-10-14 00:00:00,1.0455723469390172
2015-10-15 00:00:00,1.0455723469390172
2015-10-16 00:00:00,1.0455723469390172
2015-10-19 00:00:00,1.0455723469390172
2015-10-20 00:00:00,1.0455723469390172
2015-10-21 00:00:00,1.0455723469390172
2015-10-22 00:00:00,1.0455723469390172
2015-10-23 00:00:00,1.0455723469390172
2015-10-26 00:00:00,1.0455723469390172
2015-10-27 00:00:00,1.0455723469390172
2015-10-28 00:00:00,1.0455723469390172
2015-10-29 00:00:00,1.0455723469390172
2015-10-30 00:00:00,1.0455723469390172
2015-11-02 00:00:00,1.0455723469390172
2015-11-03 00:00:00,1.0455723469390172
2015-11-04 00:00:00,1.0455723469390172
2015-11-05 00:00:00,1.0455723469390172
2015-11-06 00:00:00,1.0455723469390172
2015-11-09 00:00:00,1.0455723469390172
2015-11-10 00:00:00,1.0455723469390172
2015-11-11 00:00:00,1.0455723469390172
2015-11-12 00:00:00,1.0455723469390172
2015-11-13 00:00:00,1.0455723469390172
2015-11-16 00:00:00,1.0455723469390172
2015-11-17 00:00:00,1.0455723469390172
2015-11-18 00:00:00,1.0455723469390172
2015-11-19 00:00:00,1.0455723469390172
2015-11-20 00:00:00,1.0455723469390172
2015-11-23 00:00:00,1.0455723469390172
2015-11-24 00:00:00,1.0455723469390172
2015-11-25 00:00:00,1.0455723469390172
2015-11-27 00:00:00,1.0455723469390172
2015-11-30 00:00:00,1.0455723469390172
2015-12-01 00:00:00,1.0455723469390172
2015-12-02 00:00:00,1.0455723469390172
2015-12-03 00:00:00,1.0455723469390172
2015-12-04 00:00:00,1.0455723469390172
2015-12-07 00:00:00,1.0455723469390172
2015-12-08 00:00:00,1.0455723469390172
2015-12-09 00:00:00,1.0455723469390172
2015-12-10 00:00:00,1.0455723469390172
2015-12-11 00:00:00,1.0455723469390172
2015-12-14 00:00:00,1.0455723469390172
2015-12-15 00:00:00,1.0455723469390172
2015-12-16 00:00:00,1.0455723469390172
2015-12-17 00:00:00,1.0455723469390172
2015-12-18 00:00:00,1.0455723469390172
2015-12-21 00:00:00,1.0455723469390172
2015-12-22 00:00:00,1.0455723469390172
2015-12-23 00:00:00,1.0455723469390172
2015-12-24 00:00:00,1.0455723469390172
2015-12-28 00:00:00,1.0455723469390172
2015-12-29 00:00:00,1.0455723469390172
2015-12-30 00:00:00,1.0455723469390172
2015-12-31 00:00:00,1.0455723469390172
2016-01-04 00:00:00,1.0455723469390172
2016-01-05 00:00:00,1.0455723469390172
2016-01-06 00:00:00,1.0455723469390172
2016-01-07 00:00:00,1.0455723469390172
2016-01-08 00:00:00,1.0455723469390172
2016-01-11 00:00:00,1.0455723469390172
2016-01-12 00:00:00,1.0455723469390172
2016-01-13 00:00:00,1.0455723469390172
2016-01-14 00:00:00,1.0455723469390172
2016-01-15 00:00:00,1.0455723469390172
2016-01-19 00:00:00,1.0455723469390172
2016-01-20 00:00:00,1.0455723469390172
2016-01-21 00:00:00,1.0455723469390172
2016-01-22 00:00:00,1.0455723469390172
2016-01-25 00:00:00,1.0455723469390172
2016-01-26 00:00:00,1.0455723469390172
2016-01-27 00:00:00,1.0455723469390172
2016-01-28 00:00:00,1.0455723469390172
2016-01-29 00:00:00,1.0455723469390172
2016-02-01 00:00:00,1.0455723469390172
2016-02-02 00:00:00,1.0455723469390172
2016-02-03 00:00:00,1.0455723469390172
2016-02-04 00:00:00,1.0455723469390172
2016-02-05 00:00:00,1.0455723469390172
2016-02-08 00:00:00,1.0455723469390172
2016-02-09 00:00:00,1.0455723469390172
2016-02-10 00:00:00,1.0455723469390172
2016-02-11 00:00:00,1.0455723469390172
2016-02-12 00:00:00,1.0455723469390172
2016-02-16 00:00:00,1.0455723469390172
2016-02-17 00:00:00,1.0455723469390172
2016-02-18 00:00:00,1.0455723469390172
2016-02-19 00:00:00,1.0455723469390172
2016-02-22 00:00:00,1.0455723469390172
2016-02-23 00:00:00,1.0455723469390172
2016-02-24 00:00:00,1.0455723469390172
2016-02-25 00:00:00,1.0455723469390172
2016-02-26 00:00:00,1.0455723469390172
2016-02-29 00:00:00,1.0455723469390172
2016-03-01 00:00:00,1.0455723469390172
2016-03-02 00:00:00,1.0455723469390172
2016-03-03 00:00:00,1.0455723469390172
2016-03-04 00:00:00,1.0455723469390172
2016-03-07 00:00:00,1.0455723469390172
2016-03-08 00:00:00,1.0455723469390172
2016-03-09 00:00:00,1.0455723469390172
2016-03-10 00:00:00,1.0455723469390172
2016-03-11 00:00:00,1.0455723469390172
2016-03-14 00:00:00,1.0455723469390172
2016-03-15 00:00:00,1.0455723469390172
2016-03-16 00:00:00,1.0455723469390172
2016-03-17 00:00:00,1.0455723469390172
2016-03-18 00:00:00,1.0455723469390172
2016-03-21 00:00:00,1.0455723469390172
2016-03-22 00:00:00,1.0455723469390172
2016-03-23 00:00:00,1.0455723469390172
2016-03-24 00:00:00,1.0455723469390172
2016-03-28 00:00:00,1.0455723469390172
2016-03-29 00:00:00,1.0455723469390172
2016-03-30 00:00:00,1.0455723469390172
2016-03-31 00:00:00,1.0455723469390172
2016-04-01 00:00:00,1.0455723469390172
2016-04-04 00:00:00,1.0455723469390172
2016-04-05 00:00:00,1.0455723469390172
2016-04-06 00:00:00,1.0455723469390172
2016-04-07 00:00:00,1.0455723469390172
2016-04-08 00:00:00,1.0455723469390172
2016-04-11 00:00:00,1.0455723469390172
2016-04-12 00:00:00,1.0455723469390172
2016-04-13 00:00:00,1.0455723469390172
2016-04-14 00:00:00,1.0455723469390172
2016-04-15 00:00:00,1.0455723469390172
2016-04-18 00:00:00,1.0455723469390172
2016-04-19 00:00:00,1.0455723469390172
2016-04-20 00:00:00,1.0455723469390172
2016-04-21 00:00:00,1.0455723469390172
2016-04-22 00:00:00,1.0455723469390172
2016-04-25 00:00:00,1.0455723469390172
2016-04-26 00:00:00,1.0455723469390172
2016-04-27 00:00:00,1.0455723469390172
2016-04-28 00:00:00,1.0455723469390172
2016-04-29 00:00:00,1.0455723469390172
2016-05-02 00:00:00,1.0455723469390172
2016-05-03 00:00:00,1.0455723469390172
2016-05-04 00:00:00,1.0455723469390172
2016-05-05 00:00:00,1.0455723469390172
2016-05-06 00:00:00,1.0455723469390172
2016-05-09 00:00:00,1.0455723469390172
2016-05-10 00:00:00,1.0455723469390172
2016-05-11 00:00:00,1.0455723469390172
2016-05-12 00:00:00,1.0455723469390172
2016-05-13 00:00:00,1.0455723469390172
2016-05-16 00:00:00,1.0455723469390172
2016-05-17 00:00:00,1.0455723469390172
2016-05-18 00:00:00,1.0455723469390172
2016-05-19 00:00:00,1.0455723469390172
2016-05-20 00:00:00,1.0455723469390172
2016-05-23 00:00:00,1.0455723469390172
2016-05-24 00:00:00,1.0455723469390172
2016-05-25 00:00:00,1.0455723469390172
2016-05-26 00:00:00,1.0455723469390172
2016-05-27 00:00:00,1.0455723469390172
2016-05-31 00:00:00,1.0455723469390172
2016-06-01 00:00:00,1.0455723469390172
2016-06-02 00:00:00,1.0455723469390172
2016-06-03 00:00:00,1.0455723469390172
2016-06-06 00:00:00,1.0455723469390172
2016-06-07 00:00:00,1.0455723469390172
2016-06-08 00:00:00,1.0455723469390172
2016-06-09 00:00:00,1.0455723469390172
2016-06-10 00:00:00,1.0455723469390172
2016-06-13 00:00:00,1.0455723469390172
2016-06-14 00:00:00,1.0455723469390172
2016-06-15 00:00:00,1.0455723469390172
2016-06-16 00:00:00,1.0455723469390172
2016-06-17 00:00:00,1.0455723469390172
2016-06-20 00:00:00,1.0455723469390172
2016-06-21 00:00:00,1.0455723469390172
2016-06-22 00:00:00,1.0455723469390172
2016-06-23 00:00:00,1.0455723469390172
2016-06-24 00:00:00,1.0455723469390172
2016-06-27 00:00:00,1.0455723469390172
2016-06-28 00:00:00,1.0455723469390172
2016-06-29 00:00:00,1.0455723469390172
2016-06-30 00:00:00,1.0455723469390172
2016-07-01 00:00:00,1.0455723469390172
2016-07-05 00:00:00,1.0455723469390172
2016-07-06 00:00:00,1.0455723469390172
2016-07-07 00:00:00,1.0455723469390172
2016-07-08 00:00:00,1.0455723469390172
2016-07-11 00:00:00,1.0455723469390172
2016-07-12 00:00:00,1.0455723469390172
2016-07-13 00:00:00,1.0455723469390172
2016-07-14 00:00:00,1.0455723469390172
2016-07-15 00:00:00,1.0455723469390172
2016-07-18 00:00:00,1.0455723469390172
2016-07-19 00:00:00,1.0455723469390172
2016-07-20 00:00:00,1.0455723469390172
2016-07-21 00:00:00,1.0455723469390172
2016-07-22 00:00:00,1.0455723469390172
2016-07-25 00:00:00,1.0455723469390172
2016-07-26 00:00:00,1.0455723469390172
2016-07-27 00:00:00,1.0455723469390172
2016-07-28 00:00:00,1.0455723469390172
2016-07-29 00:00:00,1.0455723469390172
2016-08-01 00:00:00,1.0455723469390172
2016-08-02 00:00:00,1.0455723469390172
2016-08-03 00:00:00,1.0455723469390172
2016-08-04 00:00:00,1.0455723469390172
2016-08-05 00:00:00,1.0455723469390172
2016-08-08 00:00:00,1.0455723469390172
2016-08-09 00:00:00,1.0455723469390172
2016-08-10 00:00:00,1.0455723469390172
2016-08-11 00:00:00,1.0455723469390172
2016-08-12 00:00:00,1.0455723469390172
2016-08-15 00:00:00,1.0455723469390172
2016-08-16 00:00:00,1.0455723469390172
2016-08-17 00:00:00,1.0455723469390172
2016-08-18 00:00:00,1.0455723469390172
2016-08-19 00:00:00,1.0455723469390172
2016-08-22 00:00:00,1.0455723469390172
2016-08-23 00:00:00,1.0455723469390172
2016-08-24 00:00:00,1.0455723469390172
2016-08-25 00:00:00,1.0455723469390172
2016-08-26 00:00:00,1.0455723469390172
2016-08-29 00:00:00,1.0455723469390172
2016-08-30 00:00:00,1.0455723469390172
2016-08-31 00:00:00,1.0455723469390172
2016-09-01 00:00:00,1.0455723469390172
2016-09-02 00:00:00,1.0455723469390172
2016-09-06 00:00:00,1.0455723469390172
2016-09-07 00:00:00,1.0455723469390172
2016-09-08 00:00:00,1.0455723469390172
2016-09-09 00:00:00,1.0455723469390172
2016-09-12 00:00:00,1.0455723469390172
2016-09-13 00:00:00,1.0455723469390172
2016-09-14 00:00:00,1.0455723469390172
2016-09-15 00:00:00,1.0455723469390172
2016-09-16 00:00:00,1.0455723469390172
2016-09-19 00:00:00,1.0455723469390172
2016-09-20 00:00:00,1.0455723469390172
2016-09-21 00:00:00,1.0455723469390172
2016-09-22 00:00:00,1.0455723469390172
2016-09-23 00:00:00,1.0455723469390172
2016-09-26 00:00:00,1.0455723469390172
2016-09-27 00:00:00,1.0455723469390172
2016-09-28 00:00:00,1.0455723469390172
2016-09-29 00:00:00,1.0455723469390172
2016-09-30 00:00:00,1.0455723469390172
2016-10-03 00:00:00,1.0455723469390172
2016-10-04 00:00:00,1.0455723469390172
2016-10-05 00:00:00,1.0455723469390172
2016-10-06 00:00:00,1.0455723469390172
2016-10-07 00:00:00,1.0455723469390172
2016-10-10 00:00:00,1.0455723469390172
2016-10-11 00:00:00,1.0455723469390172
2016-10-12 00:00:00,1.0455723469390172
2016-10-13 00:00:00,1.0455723469390172
2016-10-14 00:00:00,1.0455723469390172
2016-10-17 00:00:00,1.0455723469390172
2016-10-18 00:00:00,1.0455723469390172
2016-10-19 00:00:00,1.0455723469390172
2016-10-20 00:00:00,1.0455723469390172
2016-10-21 00:00:00,1.0455723469390172
2016-10-24 00:00:00,1.0455723469390172
2016-10-25 00:00:00,1.0455723469390172
2016-10-26 00:00:00,1.0455723469390172
2016-10-27 00:00:00,1.0455723469390172
2016-10-28 00:00:00,1.0455723469390172
2016-10-31 00:00:00,1.0455723469390172
2016-11-01 00:00:00,1.0455723469390172
2016-11-02 00:00:00,1.0455723469390172
2016-11-03 00:00:00,1.0455723469390172
2016-11-04 00:00:00,1.0455723469390172
2016-11-07 00:00:00,1.0455723469390172
2016-11-08 00:00:00,1.0455723469390172
2016-11-09 00:00:00,1.0455723469390172
2016-11-10 00:00:00,1.0423677507238238
2016-11-11 00:00:00,1.0402313532470282
2016-11-14 00:00:00,1.0342105967215132
2016-11-15 00:00:00,1.0342105967215132
2016-11-16 00:00:00,1.0351816864836931
2016-11-17 00:00:00,1.030617564601448
2016-11-18 00:00:00,1.0287749901158987
2016-11-21 00:00:00,1.0288722830031802
2016-11-22 00:00:00,1.0298452118759964
2016-11-23 00:00:00,1.026148082159295
2016-11-25 00:00:00,1.0252724461737603
2016-11-28 00:00:00,1.0299425047632784
2016-11-29 00:00:00,1.0310127265233762
2016-11-30 00:00:00,1.0241049315263808
2016-12-01 00:00:00,1.0187538227258914
2016-12-02 00:00:00,1.0233265884281277
2016-12-05 00:00:00,1.0229374168790013
2016-12-06 00:00:00,1.0233265884281277
2016-12-07 00:00:00,1.0267318394829845
2016-12-08 00:00:00,1.0228401239917195
2016-12-09 00:00:00,1.017586308078512
2016-12-12 00:00:00,1.0177808938530752
2016-12-13 00:00:00,1.0183646511767648
2016-12-14 00:00:00,1.0108195983913315
2016-12-15 00:00:00,1.0108195983913315
2016-12-16 00:00:00,1.0108195983913315
2016-12-19 00:00:00,1.0108195983913315
2016-12-20 00:00:00,1.0108195983913315
2016-12-21 00:00:00,1.0108195983913315
2016-12-22 00:00:00,1.0108195983913315
2016-12-23 00:00:00,1.0108195983913315
2016-12-27 00:00:00,1.0108195983913315
2016-12-28 00:00:00,1.0108195983913315
2016-12-29 00:00:00,1.0108195983913315
2016-12-30 00:00:00,1.0108195983913315
2017-01-03 00:00:00,1.0108195983913315
2017-01-04 00:00:00,1.0108195983913315
2017-01-05 00:00:00,1.0108195983913315
2017-01-06 00:00:00,1.0108195983913315
2017-01-09 00:00:00,1.0108195983913315
2017-01-10 00:00:00,1.0108195983913315
2017-01-11 00:00:00,1.0108195983913315
2017-01-12 00:00:00,1.0108195983913315
2017-01-13 00:00:00,1.0108195983913315
2017-01-17 00:00:00,1.0108195983913315
2017-01-18 00:00:00,1.0108195983913315
2017-01-19 00:00:00,1.0108195983913315
2017-01-20 00:00:00,1.0108195983913315
2017-01-23 00:00:00,1.0108195983913315
2017-01-24 00:00:00,1.0108195983913315
2017-01-25 00:00:00,1.0108195983913315
2017-01-26 00:00:00,1.0108195983913315
2017-01-27 00:00:00,1.0108195983913315
2017-01-30 00:00:00,1.0108195983913315
2017-01-31 00:00:00,1.0108195983913315
2017-02-01 00:00:00,1.0108195983913315
2017-02-02 00:00:00,1.0108195983913315
2017-02-03 00:00:00,1.0108195983913315
2017-02-06 00:00:00,1.0108195983913315
2017-02-07 00:00:00,1.0108195983913315
2017-02-08 00:00:00,1.0108195983913315
2017-02-09 00:00:00,1.0108195983913315
2017-02-10 00:00:00,1.0108195983913315
2017-02-13 00:00:00,1.0108195983913315
2017-02-14 00:00:00,1.0108195983913315
2017-02-15 00:00:00,1.0108195983913315
2017-02-16 00:00:00,1.0108195983913315
2017-02-17 00:00:00,1.0108195983913315
2017-02-21 00:00:00,1.0108195983913315
2017-02-22 00:00:00,1.0108195983913315
2017-02-23 00:00:00,1.0108195983913315
2017-02-24 00:00:00,1.0108195983913315
2017-02-27 00:00:00,1.0108195983913315
2017-02-28 00:00:00,1.0108195983913315
2017-03-01 00:00:00,1.0108195983913315
2017-03-02 00:00:00,1.0108195983913315
2017-03-03 00:00:00,1.0108195983913315
2017-03-06 00:00:00,1.0108195983913315
2017-03-07 00:00:00,1.0108195983913315
2017-03-08 00:00:00,1.0108195983913315
2017-03-09 00:00:00,1.0108195983913315
2017-03-10 00:00:00,1.0108195983913315
2017-03-13 00:00:00,1.0108195983913315
2017-03-14 00:00:00,1.0108195983913315
2017-03-15 00:00:00,1.0108195983913315
2017-03-16 00:00:00,1.0108195983913315
2017-03-17 00:00:00,1.0108195983913315
2017-03-20 00:00:00,1.0108195983913315
2017-03-21 00:00:00,1.0108195983913315
2017-03-22 00:00:00,1.0108195983913315
2017-03-23 00:00:00,1.0108195983913315
2017-03-24 00:00:00,1.0108195983913315
2017-03-27 00:00:00,1.0108195983913315
2017-03-28 00:00:00,1.0108195983913315
2017-03-29 00:00:00,1.0108195983913315
2017-03-30 00:00:00,1.0108195983913315
2017-03-31 00:00:00,1.0108195983913315
2017-04-03 00:00:00,1.0108195983913315
2017-04-04 00:00:00,1.0108195983913315
2017-04-05 00:00:00,1.0108195983913315
2017-04-06 00:00:00,1.0108195983913315
2017-04-07 00:00:00,1.0108195983913315
2017-04-10 00:00:00,1.0108195983913315
2017-04-11 00:00:00,1.0108195983913315
2017-04-12 00:00:00,1.0108195983913315
2017-04-13 00:00:00,1.0108195983913315
2017-04-17 00:00:00,1.0108195983913315
2017-04-18 00:00:00,1.0108195983913315
2017-04-19 00:00:00,1.0108195983913315
2017-04-20 00:00:00,1.0108195983913315
2017-04-21 00:00:00,1.0108195983913315
2017-04-24 00:00:00,1.0108195983913315
2017-04-25 00:00:00,1.0108195983913315
2017-04-26 00:00:00,1.0108195983913315
2017-04-27 00:00:00,1.0108195983913315
2017-04-28 00:00:00,1.0108195983913315
2017-05-01 00:00:00,1.0108195983913315
2017-05-02 00:00:00,1.0108195983913315
2017-05-03 00:00:00,1.0108195983913315
2017-05-04 00:00:00,1.0108195983913315
2017-05-05 00:00:00,1.0108195983913315
2017-05-08 00:00:00,1.0108195983913315
2017-05-09 00:00:00,1.0108195983913315
2017-05-10 00:00:00,1.0108195983913315
2017-05-11 00:00:00,1.0108195983913315
2017-05-12 00:00:00,1.0108195983913315
2017-05-15 00:00:00,1.0108195983913315
2017-05-16 00:00:00,1.0108195983913315
2017-05-17 00:00:00,1.0108195983913315
2017-05-18 00:00:00,1.0108195983913315
2017-05-19 00:00:00,1.0108195983913315
2017-05-22 00:00:00,1.0108195983913315
2017-05-23 00:00:00,1.0108195983913315
2017-05-24 00:00:00,1.0108195983913315
2017-05-25 00:00:00,1.0108195983913315
2017-05-26 00:00:00,1.0108195983913315
2017-05-30 00:00:00,1.0108195983913315
2017-05-31 00:00:00,1.0108195983913315
2017-06-01 00:00:00,1.0108195983913315
2017-06-02 00:00:00,1.0108195983913315
2017-06-05 00:00:00,1.0108195983913315
2017-06-06 00:00:00,1.0108195983913315
2017-06-07 00:00:00,1.0108195983913315
2017-06-08 00:00:00,1.0108195983913315
2017-06-09 00:00:00,1.0108195983913315
2017-06-12 00:00:00,1.0108195983913315
2017-06-13 00:00:00,1.0108195983913315
2017-06-14 00:00:00,1.0108195983913315
2017-06-15 00:00:00,1.0108195983913315
2017-06-16 00:00:00,1.0108195983913315
2017-06-19 00:00:00,1.0108195983913315
2017-06-20 00:00:00,1.0108195983913315
2017-06-21 00:00:00,1.0108195983913315
2017-06-22 00:00:00,1.0108195983913315
2017-06-23 00:00:00,1.0108195983913315
2017-06-26 00:00:00,1.0108195983913315
2017-06-27 00:00:00,1.0108195983913315
2017-06-28 00:00:00,1.0108195983913315
2017-06-29 00:00:00,1.0108195983913315
2017-06-30 00:00:00,1.0108195983913315
2017-07-03 00:00:00,1.0108195983913315
2017-07-05 00:00:00,1.0108195983913315
2017-07-06 00:00:00,1.0108195983913315
2017-07-07 00:00:00,1.0108195983913315
2017-07-10 00:00:00,1.0108195983913315
2017-07-11 00:00:00,1.0108195983913315
2017-07-12 00:00:00,1.0108195983913315
2017-07-13 00:00:00,1.0108195983913315
2017-07-14 00:00:00,1.0108195983913315
2017-07-17 00:00:00,1.0108195983913315
2017-07-18 00:00:00,1.0108195983913315
2017-07-19 00:00:00,1.0108195983913315
2017-07-20 00:00:00,1.0108195983913315
2017-07-21 00:00:00,1.0108195983913315
2017-07-24 00:00:00,1.0108195983913315
2017-07-25 00:00:00,1.0108195983913315
2017-07-26 00:00:00,1.0108195983913315
2017-07-27 00:00:00,1.0108195983913315
2017-07-28 00:00:00,1.0108195983913315
2017-07-31 00:00:00,1.0108195983913315
2017-08-01 00:00:00,1.0108195983913315
2017-08-02 00:00:00,1.0108195983913315
2017-08-03 00:00:00,1.0108195983913315
2017-08-04 00:00:00,1.0108195983913315
2017-08-07 00:00:00,1.0108195983913315
2017-08-08 00:00:00,1.0108195983913315
2017-08-09 00:00:00,1.0108195983913315
2017-08-10 00:00:00,1.0108195983913315
2017-08-11 00:00:00,1.0108195983913315
2017-08-14 00:00:00,1.0108195983913315
2017-08-15 00:00:00,1.0108195983913315
2017-08-16 00:00:00,1.0108195983913315
2017-08-17 00:00:00,1.0108195983913315
2017-08-18 00:00:00,1.0108195983913315
2017-08-21 00:00:00,1.0108195983913315
2017-08-22 00:00:00,1.0108195983913315
2017-08-23 00:00:00,1.0108195983913315
2017-08-24 00:00:00,1.0108195983913315
2017-08-25 00:00:00,1.0108195983913315
2017-08-28 00:00:00,1.0108195983913315
2017-08-29 00:00:00,1.0108195983913315
2017-08-30 00:00:00,1.0108195983913315
2017-08-31 00:00:00,1.0108195983913315
2017-09-01 00:00:00,1.0108195983913315
2017-09-05 00:00:00,1.0108195983913315
2017-09-06 00:00:00,1.0108195983913315
2017-09-07 00:00:00,1.0108195983913315
2017-09-08 00:00:00,1.0108195983913315
2017-09-11 00:00:00,1.0108195983913315
2017-09-12 00:00:00,1.0108195983913315
2017-09-13 00:00:00,1.0108195983913315
2017-09-14 00:00:00,1.0108195983913315
2017-09-15 00:00:00,1.0108195983913315
2017-09-18 00:00:00,1.0108195983913315
2017-09-19 00:00:00,1.0108195983913315
2017-09-20 00:00:00,1.0108195983913315
2017-09-21 00:00:00,1.0108195983913315
2017-09-22 00:00:00,1.0108195983913315
2017-09-25 00:00:00,1.0108195983913315
2017-09-26 00:00:00,1.0108195983913315
2017-09-27 00:00:00,1.0108195983913315
2017-09-28 00:00:00,1.0108195983913315
2017-09-29 00:00:00,1.0108195983913315
2017-10-02 00:00:00,1.0108195983913315
2017-10-03 00:00:00,1.0108195983913315
2017-10-04 00:00:00,1.0108195983913315
2017-10-05 00:00:00,1.0108195983913315
2017-10-06 00:00:00,1.0108195983913315
2017-10-09 00:00:00,1.0108195983913315
2017-10-10 00:00:00,1.0108195983913315
2017-10-11 00:00:00,1.0108195983913315
2017-10-12 00:00:00,1.0108195983913315
2017-10-13 00:00:00,1.0108195983913315
2017-10-16 00:00:00,1.0108195983913315
2017-10-17 00:00:00,1.0108195983913315
2017-10-18 00:00:00,1.0108195983913315
2017-10-19 00:00:00,1.0108195983913315
2017-10-20 00:00:00,1.0108195983913315
2017-10-23 00:00:00,1.0108195983913315
2017-10-24 00:00:00,1.0108195983913315
2017-10-25 00:00:00,1.0108195983913315
2017-10-26 00:00:00,1.0108195983913315
2017-10-27 00:00:00,1.0108195983913315
2017-10-30 00:00:00,1.0108195983913315
2017-10-31 00:00:00,1.0108195983913315
2017-11-01 00:00:00,1.0108195983913315
2017-11-02 00:00:00,1.0108195983913315
2017-11-03 00:00:00,1.0108195983913315
2017-11-06 00:00:00,1.0108195983913315
2017-11-07 00:00:00,1.0108195983913315
2017-11-08 00:00:00,1.0108195983913315
2017-11-09 00:00:00,1.0108195983913315
2017-11-10 00:00:00,1.0108195983913315
2017-11-13 00:00:00,1.0108195983913315
2017-11-14 00:00:00,1.0108195983913315
2017-11-15 00:00:00,1.0108195983913315
2017-11-16 00:00:00,1.0108195983913315
2017-11-17 00:00:00,1.0108195983913315
2017-11-20 00:00:00,1.0108195983913315
2017-11-21 00:00:00,1.0108195983913315
2017-11-22 00:00:00,1.0108195983913315
2017-11-24 00:00:00,1.0108195983913315
2017-11-27 00:00:00,1.0108195983913315
2017-11-28 00:00:00,1.0108195983913315
2017-11-29 00:00:00,1.0108195983913315
2017-11-30 00:00:00,1.0108195983913315
2017-12-01 00:00:00,1.0108195983913315
2017-12-04 00:00:00,1.0108195983913315
2017-12-05 00:00:00,1.0108195983913315
2017-12-06 00:00:00,1.0108195983913315
2017-12-07 00:00:00,1.0108195983913315
2017-12-08 00:00:00,1.0108195983913315
2017-12-11 00:00:00,1.0108195983913315
2017-12-12 00:00:00,1.0108195983913315
2017-12-13 00:00:00,1.0108195983913315
2017-12-14 00:00:00,1.0108195983913315
2017-12-15 00:00:00,1.0108195983913315
2017-12-18 00:00:00,1.0108195983913315
2017-12-19 00:00:00,1.0108195983913315
2017-12-20 00:00:00,1.0108195983913315
2017-12-21 00:00:00,1.0108195983913315
2017-12-22 00:00:00,1.0108195983913315
2017-12-26 00:00:00,1.0108195983913315
2017-12-27 00:00:00,1.0108195983913315
2017-12-28 00:00:00,1.0108195983913315
2017-12-29 00:00:00,1.0108195983913315
2018-01-02 00:00:00,1.0108195983913315
2018-01-03 00:00:00,1.0108195983913315
2018-01-04 00:00:00,1.0108195983913315
2018-01-05 00:00:00,1.0108195983913315
2018-01-08 00:00:00,1.0108195983913315
2018-01-09 00:00:00,1.0108195983913315
2018-01-10 00:00:00,1.0135334682498947
2018-01-11 00:00:00,1.0142119357145356
2018-01-12 00:00:00,1.0135334682498947
2018-01-16 00:00:00,1.0140180878674956
2018-01-17 00:00:00,1.0117888376265327
2018-01-18 00:00:00,1.0085903481503686
2018-01-19 00:00:00,1.0059734022153255
2018-01-22 00:00:00,1.005585706521245
2018-01-23 00:00:00,1.0084934242268486
2018-01-24 00:00:00,1.0065549457564462
2018-01-25 00:00:00,1.0087841959974089
2018-01-26 00:00:00,1.005779554368285
2018-01-29 00:00:00,1.0032595323567621
2018-01-30 00:00:00,1.0009333581922792
2018-01-31 00:00:00,0.9997389091513741
2018-02-01 00:00:00,0.9948905148295925
2018-02-02 00:00:00,0.9912057351450385
2018-02-05 00:00:00,0.9993510376056317
2018-02-06 00:00:00,0.9949874827160281
2018-02-07 00:00:00,0.9920784461229593
2018-02-08 00:00:00,0.9929511571008799
2018-02-09 00:00:00,0.9912057351450385
2018-02-12 00:00:00,0.9909148314857316
2018-02-13 00:00:00,0.9925632855551373
2018-02-14 00:00:00,0.9874378615182189
2018-02-15 00:00:00,0.9875348974715913
2018-02-16 00:00:00,0.9898637603525305
2018-02-20 00:00:00,0.9887963648654333
2018-02-21 00:00:00,0.9858852862642594
2018-02-22 00:00:00,0.9872437896114739
2018-02-23 00:00:00,0.9910281917930002
2018-02-26 00:00:00,0.9921926232334697
2018-02-27 00:00:00,0.9890874727255509
2018-02-28 00:00:00,0.99141633560649
2018-03-01 00:00:00,0.994133342300919
2018-03-02 00:00:00,0.9904459760727651
2018-03-05 00:00:00,0.9891845086789233
2018-03-06 00:00:00,0.9890874727255509
2018-03-07 00:00:00,0.9890874727255509
2018-03-08 00:00:00,0.9911252277463725
2018-03-09 00:00:00,0.9889904367721782
2018-03-12 00:00:00,0.9913192996531174
2018-03-13 00:00:00,0.9929689108604494
2018-03-14 00:00:00,0.9949096299278989
2018-03-15 00:00:00,0.9945214861144088
2018-03-16 00:00:00,0.9928650435759596
2018-03-19 00:00:00,0.9928650435759596
2018-03-20 00:00:00,0.9928650435759596
2018-03-21 00:00:00,0.9928650435759596
2018-03-22 00:00:00,0.9928650435759596
2018-03-23 00:00:00,0.9928650435759596
2018-03-26 00:00:00,0.9928650435759596
2018-03-27 00:00:00,0.9928650435759596
2018-03-28 00:00:00,0.9928650435759596
2018-03-29 00:00:00,0.9928650435759596
2018-04-02 00:00:00,0.9928650435759596
2018-04-03 00:00:00,0.9928650435759596
2018-04-04 00:00:00,0.9928650435759596
2018-04-05 00:00:00,0.9928650435759596
2018-04-06 00:00:00,0.9928650435759596
2018-04-09 00:00:00,0.9928650435759596
2018-04-10 00:00:00,0.9928650435759596
2018-04-11 00:00:00,0.9928650435759596
2018-04-12 00:00:00,0.9928650435759596
2018-04-13 00:00:00,0.9928650435759596
2018-04-16 00:00:00,0.9928650435759596
2018-04-17 00:00:00,0.9928650435759596
2018-04-18 00:00:00,0.9928650435759596
2018-04-19 00:00:00,0.9928650435759596
2018-04-20 00:00:00,0.9928650435759596
2018-04-23 00:00:00,0.9928650435759596
2018-04-24 00:00:00,0.9928650435759596
2018-04-25 00:00:00,0.9928650435759596
2018-04-26 00:00:00,0.9928650435759596
2018-04-27 00:00:00,0.9928650435759596
2018-04-30 00:00:00,0.9928650435759596
2018-05-01 00:00:00,0.9928650435759596
2018-05-02 00:00:00,0.9928650435759596
2018-05-03 00:00:00,0.9928650435759596
2018-05-04 00:00:00,0.9928650435759596
2018-05-07 00:00:00,0.9928650435759596
2018-05-08 00:00:00,0.9928650435759596
2018-05-09 00:00:00,0.9928650435759596
2018-05-10 00:00:00,0.9928650435759596
2018-05-11 00:00:00,0.9928650435759596
2018-05-14 00:00:00,0.9928650435759596
2018-05-15 00:00:00,0.9928650435759596
2018-05-16 00:00:00,0.9920747032427648
2018-05-17 00:00:00,0.9914819479928688
2018-05-18 00:00:00,0.9953348571171934
2018-05-21 00:00:00,0.9960264049087387
2018-05-22 00:00:00,0.9956312347421413
2018-05-23 00:00:00,1.0001756916580116
2018-05-24 00:00:00,1.0032922572216658
2018-05-25 00:00:00,1.0032922572216658
2018-05-29 00:00:00,1.0032922572216658
2018-05-30 00:00:00,1.0032922572216658
2018-05-31 00:00:00,1.0032922572216658
2018-06-01 00:00:00,1.0032922572216658
2018-06-04 00:00:00,1.0032922572216658
2018-06-05 00:00:00,1.0032922572216658
2018-06-06 00:00:00,1.0032922572216658
2018-06-07 00:00:00,1.0032922572216658
2018-06-08 00:00:00,1.0032922572216658
2018-06-11 00:00:00,1.0032922572216658
2018-06-12 00:00:00,1.0032922572216658
2018-06-13 00:00:00,1.0032922572216658
2018-06-14 00:00:00,1.0032922572216658
2018-06-15 00:00:00,1.0032922572216658
2018-06-18 00:00:00,1.0032922572216658
2018-06-19 00:00:00,1.0032922572216658
2018-06-20 00:00:00,1.0032922572216658
2018-06-21 00:00:00,1.0032922572216658
2018-06-22 00:00:00,1.0032922572216658
2018-06-25 00:00:00,1.0032922572216658
2018-06-26 00:00:00,1.0032922572216658
2018-06-27 00:00:00,1.0032922572216658
2018-06-28 00:00:00,1.0032922572216658
2018-06-29 00:00:00,1.0032922572216658
2018-07-02 00:00:00,1.0032922572216658
2018-07-03 00:00:00,1.0032922572216658
2018-07-05 00:00:00,1.0032922572216658
2018-07-06 00:00:00,1.0032922572216658
2018-07-09 00:00:00,1.0032922572216658
2018-07-10 00:00:00,1.0032922572216658
2018-07-11 00:00:00,1.0032922572216658
2018-07-12 00:00:00,1.0032922572216658
2018-07-13 00:00:00,1.0032922572216658
2018-07-16 00:00:00,1.0032922572216658
2018-07-17 00:00:00,1.0032922572216658
2018-07-18 00:00:00,1.0032922572216658
2018-07-19 00:00:00,1.0032922572216658
2018-07-20 00:00:00,1.0032922572216658
2018-07-23 00:00:00,1.0032922572216658
2018-07-24 00:00:00,1.0032922572216658
2018-07-25 00:00:00,1.0032922572216658
2018-07-26 00:00:00,1.0032922572216658
2018-07-27 00:00:00,1.0032922572216658
2018-07-30 00:00:00,1.0032922572216658
2018-07-31 00:00:00,1.0032922572216658
2018-08-01 00:00:00,1.0032922572216658
2018-08-02 00:00:00,1.0032922572216658
2018-08-03 00:00:00,1.0032922572216658
2018-08-06 00:00:00,1.0032922572216658
2018-08-07 00:00:00,1.0032922572216658
2018-08-08 00:00:00,1.0032922572216658
2018-08-09 00:00:00,1.0032922572216658
2018-08-10 00:00:00,1.0032922572216658
2018-08-13 00:00:00,1.0032922572216658
2018-08-14 00:00:00,1.0032922572216658
2018-08-15 00:00:00,1.0032922572216658
2018-08-16 00:00:00,1.0032922572216658
2018-08-17 00:00:00,1.0032922572216658
2018-08-20 00:00:00,1.0032922572216658
2018-08-21 00:00:00,1.0032922572216658
2018-08-22 00:00:00,1.0032922572216658
2018-08-23 00:00:00,1.0032922572216658
2018-08-24 00:00:00,1.0032922572216658
2018-08-27 00:00:00,1.0032922572216658
2018-08-28 00:00:00,1.0032922572216658
2018-08-29 00:00:00,1.0032922572216658
2018-08-30 00:00:00,1.0032922572216658
2018-08-31 00:00:00,1.0032922572216658
2018-09-04 00:00:00,1.0032922572216658
2018-09-05 00:00:00,1.0032922572216658
2018-09-06 00:00:00,1.0032922572216658
2018-09-07 00:00:00,1.0032922572216658
2018-09-10 00:00:00,1.0032922572216658
2018-09-11 00:00:00,1.0032922572216658
2018-09-12 00:00:00,1.0032922572216658
2018-09-13 00:00:00,1.0032922572216658
2018-09-14 00:00:00,1.0032922572216658
2018-09-17 00:00:00,1.0032922572216658
2018-09-18 00:00:00,1.0032922572216658
2018-09-19 00:00:00,1.0032922572216658
2018-09-20 00:00:00,1.0045858007448119
2018-09-21 00:00:00,1.0049838141365492
2018-09-24 00:00:00,1.0038892773092718
2018-09-25 00:00:00,1.0028942438299286
2018-09-26 00:00:00,1.0061778543117608
2018-09-27 00:00:00,1.0061778543117608
2018-09-28 00:00:00,1.0066753710514325
2018-10-01 00:00:00,1.002098217046454
2018-10-02 00:00:00,1.0046853040927461
2018-10-03 00:00:00,0.9972225529976728
2018-10-04 00:00:00,0.9946354659513806
2018-10-05 00:00:00,0.9928411021774116
2018-10-08 00:00:00,0.9922443233141514
2018-10-09 00:00:00,0.9941341230478091
2018-10-10 00:00:00,0.9946314387671926
2018-10-11 00:00:00,0.998709427666138
2018-10-12 00:00:00,0.9975158699396176
2018-10-15 00:00:00,0.9981126488028778
2018-10-16 00:00:00,0.9980131856590011
2018-10-17 00:00:00,0.9951287544865761
2018-10-18 00:00:00,0.9969190910763573
2018-10-19 00:00:00,0.9957255333498366
2018-10-22 00:00:00,0.9959244596375899
2018-10-23 00:00:00,0.9985105013783846
2018-10-24 00:00:00,1.0035924026443925
2018-10-25 00:00:00,1.0035924026443925
2018-10-26 00:00:00,1.0035924026443925
2018-10-29 00:00:00,1.0035924026443925
2018-10-30 00:00:00,1.0035924026443925
2018-10-31 00:00:00,1.0035924026443925
2018-11-01 00:00:00,1.0035924026443925
2018-11-02 00:00:00,1.0035924026443925
2018-11-05 00:00:00,1.0035924026443925
2018-11-06 00:00:00,1.0035924026443925
2018-11-07 00:00:00,1.0035924026443925
2018-11-08 00:00:00,1.0035924026443925
2018-11-09 00:00:00,1.0035924026443925
2018-11-12 00:00:00,1.0035924026443925
2018-11-13 00:00:00,1.0035924026443925
2018-11-14 00:00:00,1.0035924026443925
2018-11-15 00:00:00,1.0035924026443925
2018-11-16 00:00:00,1.0035924026443925
2018-11-19 00:00:00,1.0035924026443925
2018-11-20 00:00:00,1.0035924026443925
2018-11-21 00:00:00,1.0035924026443925
2018-11-23 00:00:00,1.0035924026443925
2018-11-26 00:00:00,1.0035924026443925
2018-11-27 00:00:00,1.0035924026443925
2018-11-28 00:00:00,1.0035924026443925
2018-11-29 00:00:00,1.0035924026443925
2018-11-30 00:00:00,1.0035924026443925
2018-12-03 00:00:00,1.0035924026443925
2018-12-04 00:00:00,1.0035924026443925
2018-12-06 00:00:00,1.0035924026443925
2018-12-07 00:00:00,1.0035924026443925
2018-12-10 00:00:00,1.0035924026443925
2018-12-11 00:00:00,1.0035924026443925
2018-12-12 00:00:00,1.0035924026443925
2018-12-13 00:00:00,1.0035924026443925
2018-12-14 00:00:00,1.0035924026443925
2018-12-17 00:00:00,1.0035924026443925
2018-12-18 00:00:00,1.0035924026443925
2018-12-19 00:00:00,1.0035924026443925
2018-12-20 00:00:00,1.0035924026443925
2018-12-21 00:00:00,1.0035924026443925
2018-12-24 00:00:00,1.0035924026443925
2018-12-26 00:00:00,1.0035924026443925
2018-12-27 00:00:00,1.0035924026443925
2018-12-28 00:00:00,1.0035924026443925
2018-12-31 00:00:00,1.0035924026443925
2019-01-02 00:00:00,1.0035924026443925
2019-01-03 00:00:00,1.0035924026443925
2019-01-04 00:00:00,1.0035924026443925
2019-01-07 00:00:00,1.0035924026443925
2019-01-08 00:00:00,1.0035924026443925
2019-01-09 00:00:00,1.0035924026443925
2019-01-10 00:00:00,1.0035924026443925
2019-01-11 00:00:00,1.0035924026443925
2019-01-14 00:00:00,1.0035924026443925
2019-01-15 00:00:00,1.0035924026443925
2019-01-16 00:00:00,1.0035924026443925
2019-01-17 00:00:00,1.0035924026443925
2019-01-18 00:00:00,1.0035924026443925
2019-01-22 00:00:00,1.0035924026443925
2019-01-23 00:00:00,1.0035924026443925
2019-01-24 00:00:00,1.0035924026443925
2019-01-25 00:00:00,1.0035924026443925
2019-01-28 00:00:00,1.0035924026443925
2019-01-29 00:00:00,1.0035924026443925
2019-01-30 00:00:00,1.0035924026443925
2019-01-31 00:00:00,1.0035924026443925
2019-02-01 00:00:00,1.0035924026443925
2019-02-04 00:00:00,1.0035924026443925
2019-02-05 00:00:00,1.0035924026443925
2019-02-06 00:00:00,1.0035924026443925
2019-02-07 00:00:00,1.0035924026443925
2019-02-08 00:00:00,1.0035924026443925
2019-02-11 00:00:00,1.0035924026443925
2019-02-12 00:00:00,1.0035924026443925
2019-02-13 00:00:00,1.0035924026443925
2019-02-14 00:00:00,1.0035924026443925
2019-02-15 00:00:00,1.0035924026443925
2019-02-19 00:00:00,1.0035924026443925
2019-02-20 00:00:00,1.0035924026443925
2019-02-21 00:00:00,1.0035924026443925
2019-02-22 00:00:00,1.0035924026443925
2019-02-25 00:00:00,1.0035924026443925
2019-02-26 00:00:00,1.0035924026443925
2019-02-27 00:00:00,1.0035924026443925
2019-02-28 00:00:00,1.0035924026443925
2019-03-01 00:00:00,1.0035924026443925
2019-03-04 00:00:00,1.0035924026443925
2019-03-05 00:00:00,1.0035924026443925
2019-03-06 00:00:00,1.0035924026443925
2019-03-07 00:00:00,1.0035924026443925
2019-03-08 00:00:00,1.0035924026443925
2019-03-11 00:00:00,1.0035924026443925
2019-03-12 00:00:00,1.0035924026443925
2019-03-13 00:00:00,1.0035924026443925
2019-03-14 00:00:00,1.0035924026443925
2019-03-15 00:00:00,1.0035924026443925
2019-03-18 00:00:00,1.0035924026443925
2019-03-19 00:00:00,1.0035924026443925
2019-03-20 00:00:00,1.0035924026443925
2019-03-21 00:00:00,1.0035924026443925
2019-03-22 00:00:00,1.0035924026443925
2019-03-25 00:00:00,1.0035924026443925
2019-03-26 00:00:00,1.0035924026443925
2019-03-27 00:00:00,1.0035924026443925
2019-03-28 00:00:00,1.0035924026443925
2019-03-29 00:00:00,1.0035924026443925
2019-04-01 00:00:00,1.0035924026443925
2019-04-02 00:00:00,1.0035924026443925
2019-04-03 00:00:00,1.0035924026443925
2019-04-04 00:00:00,1.0035924026443925
2019-04-05 00:00:00,1.0035924026443925
2019-04-08 00:00:00,1.0035924026443925
2019-04-09 00:00:00,1.0035924026443925
2019-04-10 00:00:00,1.0035924026443925
2019-04-11 00:00:00,1.0035924026443925
2019-04-12 00:00:00,1.0035924026443925
2019-04-15 00:00:00,1.0035924026443925
2019-04-16 00:00:00,1.0035924026443925
2019-04-17 00:00:00,1.0035924026443925
2019-04-18 00:00:00,1.0035924026443925
2019-04-22 00:00:00,1.0035924026443925
2019-04-23 00:00:00,1.0035924026443925
2019-04-24 00:00:00,1.0035924026443925
2019-04-25 00:00:00,1.0035924026443925
2019-04-26 00:00:00,1.0035924026443925
2019-04-29 00:00:00,1.0035924026443925
2019-04-30 00:00:00,1.0035924026443925
2019-05-01 00:00:00,1.0035924026443925
2019-05-02 00:00:00,1.0035924026443925
2019-05-03 00:00:00,1.0035924026443925
2019-05-06 00:00:00,1.0035924026443925
2019-05-07 00:00:00,1.0035924026443925
2019-05-08 00:00:00,1.0035924026443925
2019-05-09 00:00:00,1.0035924026443925
2019-05-10 00:00:00,1.0035924026443925
2019-05-13 00:00:00,1.0035924026443925
2019-05-14 00:00:00,1.0035924026443925
2019-05-15 00:00:00,1.0035924026443925
2019-05-16 00:00:00,1.0035924026443925
2019-05-17 00:00:00,1.0035924026443925
2019-05-20 00:00:00,1.0035924026443925
2019-05-21 00:00:00,1.0035924026443925
2019-05-22 00:00:00,1.0035924026443925
2019-05-23 00:00:00,1.0035924026443925
2019-05-24 00:00:00,1.0035924026443925
2019-05-28 00:00:00,1.0035924026443925
2019-05-29 00:00:00,1.0035924026443925
2019-05-30 00:00:00,1.0035924026443925
2019-05-31 00:00:00,1.0035924026443925
2019-06-03 00:00:00,1.0035924026443925
2019-06-04 00:00:00,1.0035924026443925
2019-06-05 00:00:00,1.0035924026443925
2019-06-06 00:00:00,1.0035924026443925
2019-06-07 00:00:00,1.0035924026443925
2019-06-10 00:00:00,1.0035924026443925
2019-06-11 00:00:00,1.0035924026443925
2019-06-12 00:00:00,1.0035924026443925
2019-06-13 00:00:00,1.0035924026443925
2019-06-14 00:00:00,1.0035924026443925
2019-06-17 00:00:00,1.0035924026443925
2019-06-18 00:00:00,1.0035924026443925
2019-06-19 00:00:00,1.0035924026443925
2019-06-20 00:00:00,1.0035924026443925
2019-06-21 00:00:00,1.0035924026443925
2019-06-24 00:00:00,1.0035924026443925
2019-06-25 00:00:00,1.0035924026443925
2019-06-26 00:00:00,1.0035924026443925
2019-06-27 00:00:00,1.0035924026443925
2019-06-28 00:00:00,1.0035924026443925
2019-07-01 00:00:00,1.0035924026443925
2019-07-02 00:00:00,1.0035924026443925
2019-07-03 00:00:00,1.0035924026443925
2019-07-05 00:00:00,1.0035924026443925
2019-07-08 00:00:00,1.0035924026443925
2019-07-09 00:00:00,1.0035924026443925
2019-07-10 00:00:00,1.0035924026443925
2019-07-11 00:00:00,1.0035924026443925
2019-07-12 00:00:00,1.0035924026443925
2019-07-15 00:00:00,1.0035924026443925
2019-07-16 00:00:00,1.0035924026443925
2019-07-17 00:00:00,1.0035924026443925
2019-07-18 00:00:00,1.0035924026443925
2019-07-19 00:00:00,1.0035924026443925
2019-07-22 00:00:00,1.0035924026443925
2019-07-23 00:00:00,1.0035924026443925
2019-07-24 00:00:00,1.0035924026443925
2019-07-25 00:00:00,1.0035924026443925
2019-07-26 00:00:00,1.0035924026443925
2019-07-29 00:00:00,1.0035924026443925
2019-07-30 00:00:00,1.0035924026443925
2019-07-31 00:00:00,1.0035924026443925
2019-08-01 00:00:00,1.0035924026443925
2019-08-02 00:00:00,1.0035924026443925
2019-08-05 00:00:00,1.0035924026443925
2019-08-06 00:00:00,1.0035924026443925
2019-08-07 00:00:00,1.0035924026443925
2019-08-08 00:00:00,1.0035924026443925
2019-08-09 00:00:00,1.0035924026443925
2019-08-12 00:00:00,1.0035924026443925
2019-08-13 00:00:00,1.0035924026443925
2019-08-14 00:00:00,1.0035924026443925
2019-08-15 00:00:00,1.0035924026443925
2019-08-16 00:00:00,1.0035924026443925
2019-08-19 00:00:00,1.0035924026443925
2019-08-20 00:00:00,1.0035924026443925
2019-08-21 00:00:00,1.0035924026443925
2019-08-22 00:00:00,1.0035924026443925
2019-08-23 00:00:00,1.0035924026443925
2019-08-26 00:00:00,1.0035924026443925
2019-08-27 00:00:00,1.0035924026443925
2019-08-28 00:00:00,1.0035924026443925
2019-08-29 00:00:00,1.0035924026443925
2019-08-30 00:00:00,1.0035924026443925
2019-09-03 00:00:00,1.0035924026443925
2019-09-04 00:00:00,1.0035924026443925
2019-09-05 00:00:00,1.0035924026443925
2019-09-06 00:00:00,1.0035924026443925
2019-09-09 00:00:00,1.0035924026443925
2019-09-10 00:00:00,1.0035924026443925
2019-09-11 00:00:00,1.0035924026443925
2019-09-12 00:00:00,1.0035924026443925
2019-09-13 00:00:00,1.0035924026443925
2019-09-16 00:00:00,1.0035924026443925
2019-09-17 00:00:00,1.0035924026443925
2019-09-18 00:00:00,1.0035924026443925
2019-09-19 00:00:00,1.0035924026443925
2019-09-20 00:00:00,1.0035924026443925
2019-09-23 00:00:00,1.0035924026443925
2019-09-24 00:00:00,1.0035924026443925
2019-09-25 00:00:00,1.0035924026443925
2019-09-26 00:00:00,1.0035924026443925
2019-09-27 00:00:00,1.0035924026443925
2019-09-30 00:00:00,1.0035924026443925
2019-10-01 00:00:00,1.0035924026443925
2019-10-02 00:00:00,1.0035924026443925
2019-10-03 00:00:00,1.0035924026443925
2019-10-04 00:00:00,1.0035924026443925
2019-10-07 00:00:00,1.0035924026443925
2019-10-08 00:00:00,1.0035924026443925
2019-10-09 00:00:00,1.0035924026443925
2019-10-10 00:00:00,1.0035924026443925
2019-10-11 00:00:00,1.0035924026443925
2019-10-14 00:00:00,1.0035924026443925
2019-10-15 00:00:00,1.0035924026443925
2019-10-16 00:00:00,1.0035924026443925
2019-10-17 00:00:00,1.0035924026443925
2019-10-18 00:00:00,1.0035924026443925
2019-10-21 00:00:00,1.0035924026443925
2019-10-22 00:00:00,1.0035924026443925
2019-10-23 00:00:00,1.0035924026443925
2019-10-24 00:00:00,1.0035924026443925
2019-10-25 00:00:00,1.0035924026443925
2019-10-28 00:00:00,1.0035924026443925
2019-10-29 00:00:00,1.0035924026443925
2019-10-30 00:00:00,1.0035924026443925
2019-10-31 00:00:00,1.0035924026443925
2019-11-01 00:00:00,1.0035924026443925
2019-11-04 00:00:00,1.0035924026443925
2019-11-05 00:00:00,1.0035924026443925
2019-11-06 00:00:00,1.0035924026443925
2019-11-07 00:00:00,1.0035924026443925
2019-11-08 00:00:00,1.0035924026443925
2019-11-11 00:00:00,1.0035924026443925
2019-11-12 00:00:00,1.0035924026443925
2019-11-13 00:00:00,1.0035924026443925
2019-11-14 00:00:00,1.0035924026443925
2019-11-15 00:00:00,1.0035924026443925
2019-11-18 00:00:00,1.0035924026443925
2019-11-19 00:00:00,1.0035924026443925
2019-11-20 00:00:00,1.0035924026443925
2019-11-21 00:00:00,1.0035924026443925
2019-11-22 00:00:00,1.0035924026443925
2019-11-25 00:00:00,1.0035924026443925
2019-11-26 00:00:00,1.0035924026443925
2019-11-27 00:00:00,1.0035924026443925
2019-11-29 00:00:00,1.0035924026443925
2019-12-02 00:00:00,1.0035924026443925
2019-12-03 00:00:00,1.0035924026443925
2019-12-04 00:00:00,1.0035924026443925
2019-12-05 00:00:00,1.0035924026443925
2019-12-06 00:00:00,1.0035924026443925
2019-12-09 00:00:00,1.0035924026443925
2019-12-10 00:00:00,1.0035924026443925
2019-12-11 00:00:00,1.0035924026443925
2019-12-12 00:00:00,1.0035924026443925
2019-12-13 00:00:00,1.0035924026443925
2019-12-16 00:00:00,1.0035924026443925
2019-12-17 00:00:00,1.0035924026443925
2019-12-18 00:00:00,1.0035924026443925
2019-12-19 00:00:00,1.0035924026443925
2019-12-20 00:00:00,1.0035924026443925
2019-12-23 00:00:00,1.0035924026443925
2019-12-24 00:00:00,1.0035924026443925
2019-12-26 00:00:00,1.0035924026443925
2019-12-27 00:00:00,1.0035924026443925
2019-12-30 00:00:00,1.0035924026443925
2019-12-31 00:00:00,1.0035924026443925
2020-01-02 00:00:00,1.0035924026443925
2020-01-03 00:00:00,1.0035924026443925
2020-01-06 00:00:00,1.0035924026443925
2020-01-07 00:00:00,1.0035924026443925
2020-01-08 00:00:00,1.0035924026443925
2020-01-09 00:00:00,1.0035924026443925
2020-01-10 00:00:00,1.0035924026443925
2020-01-13 00:00:00,1.0035924026443925
2020-01-14 00:00:00,1.0035924026443925
2020-01-15 00:00:00,1.0035924026443925
2020-01-16 00:00:00,1.0035924026443925
2020-01-17 00:00:00,1.0035924026443925
2020-01-21 00:00:00,1.0035924026443925
2020-01-22 00:00:00,1.0035924026443925
2020-01-23 00:00:00,1.0035924026443925
2020-01-24 00:00:00,1.0035924026443925
2020-01-27 00:00:00,1.0035924026443925
2020-01-28 00:00:00,1.0035924026443925
2020-01-29 00:00:00,1.0035924026443925
2020-01-30 00:00:00,1.0035924026443925
2020-01-31 00:00:00,1.0035924026443925
2020-02-03 00:00:00,1.0035924026443925
2020-02-04 00:00:00,1.0035924026443925
2020-02-05 00:00:00,1.0035924026443925
2020-02-06 00:00:00,1.0035924026443925
2020-02-07 00:00:00,1.0035924026443925
2020-02-10 00:00:00,1.0035924026443925
2020-02-11 00:00:00,1.0035924026443925
2020-02-12 00:00:00,1.0035924026443925
2020-02-13 00:00:00,1.0035924026443925
2020-02-14 00:00:00,1.0035924026443925
2020-02-18 00:00:00,1.0035924026443925
2020-02-19 00:00:00,1.0035924026443925
2020-02-20 00:00:00,1.0035924026443925
2020-02-21 00:00:00,1.0035924026443925
2020-02-24 00:00:00,1.0035924026443925
2020-02-25 00:00:00,1.0035924026443925
2020-02-26 00:00:00,1.0035924026443925
2020-02-27 00:00:00,1.0035924026443925
2020-02-28 00:00:00,1.0035924026443925
2020-03-02 00:00:00,1.0035924026443925
2020-03-03 00:00:00,1.0035924026443925
2020-03-04 00:00:00,1.0035924026443925
2020-03-05 00:00:00,1.0035924026443925
2020-03-06 00:00:00,1.0035924026443925
2020-03-09 00:00:00,1.0035924026443925
2020-03-10 00:00:00,1.0035924026443925
2020-03-11 00:00:00,1.0035924026443925
2020-03-12 00:00:00,1.0035924026443925
2020-03-13 00:00:00,1.0035924026443925
2020-03-16 00:00:00,1.0035924026443925
2020-03-17 00:00:00,1.0035924026443925
2020-03-18 00:00:00,1.0035924026443925
2020-03-19 00:00:00,1.0035924026443925
2020-03-20 00:00:00,1.0035924026443925
2020-03-23 00:00:00,1.0035924026443925
2020-03-24 00:00:00,1.0035924026443925
2020-03-25 00:00:00,1.0035924026443925
2020-03-26 00:00:00,1.0035924026443925
2020-03-27 00:00:00,1.0035924026443925
2020-03-30 00:00:00,1.0035924026443925
2020-03-31 00:00:00,1.0035924026443925
2020-04-01 00:00:00,1.0035924026443925
2020-04-02 00:00:00,1.0035924026443925
2020-04-03 00:00:00,1.0035924026443925
2020-04-06 00:00:00,1.0035924026443925
2020-04-07 00:00:00,1.0035924026443925
2020-04-08 00:00:00,1.0035924026443925
2020-04-09 00:00:00,1.0035924026443925
2020-04-13 00:00:00,1.0035924026443925
2020-04-14 00:00:00,1.0035924026443925
2020-04-15 00:00:00,1.0035924026443925
2020-04-16 00:00:00,1.0035924026443925
2020-04-17 00:00:00,1.0035924026443925
2020-04-20 00:00:00,1.0035924026443925
2020-04-21 00:00:00,1.0035924026443925
2020-04-22 00:00:00,1.0035924026443925
2020-04-23 00:00:00,1.0035924026443925
2020-04-24 00:00:00,1.0035924026443925
2020-04-27 00:00:00,1.0035924026443925
2020-04-28 00:00:00,1.0035924026443925
2020-04-29 00:00:00,1.0035924026443925
2020-04-30 00:00:00,1.0035924026443925
2020-05-01 00:00:00,1.0035924026443925
2020-05-04 00:00:00,1.0035924026443925
2020-05-05 00:00:00,1.0035924026443925
2020-05-06 00:00:00,1.0035924026443925
2020-05-07 00:00:00,1.0035924026443925
2020-05-08 00:00:00,1.0035924026443925
2020-05-11 00:00:00,1.0035924026443925
2020-05-12 00:00:00,1.0035924026443925
2020-05-13 00:00:00,1.0035924026443925
2020-05-14 00:00:00,1.0035924026443925
2020-05-15 00:00:00,1.0035924026443925
2020-05-18 00:00:00,1.0035924026443925
2020-05-19 00:00:00,1.0035924026443925
2020-05-20 00:00:00,1.0035924026443925
2020-05-21 00:00:00,1.0035924026443925
2020-05-22 00:00:00,1.0035924026443925
2020-05-26 00:00:00,1.0035924026443925
2020-05-27 00:00:00,1.0035924026443925
2020-05-28 00:00:00,1.0035924026443925
2020-05-29 00:00:00,1.0035924026443925
2020-06-01 00:00:00,1.0035924026443925
2020-06-02 00:00:00,1.0035924026443925
2020-06-03 00:00:00,1.0035924026443925
2020-06-04 00:00:00,1.0035924026443925
2020-06-05 00:00:00,1.0035924026443925
2020-06-08 00:00:00,1.0035924026443925
2020-06-09 00:00:00,1.0035924026443925
2020-06-10 00:00:00,1.0035924026443925
2020-06-11 00:00:00,1.0035924026443925
2020-06-12 00:00:00,1.0035924026443925
2020-06-15 00:00:00,1.0035924026443925
2020-06-16 00:00:00,1.0035924026443925
2020-06-17 00:00:00,1.0035924026443925
2020-06-18 00:00:00,1.0035924026443925
2020-06-19 00:00:00,1.0035924026443925
2020-06-22 00:00:00,1.0035924026443925
2020-06-23 00:00:00,1.0035924026443925
2020-06-24 00:00:00,1.0035924026443925
2020-06-25 00:00:00,1.0035924026443925
2020-06-26 00:00:00,1.0035924026443925
2020-06-29 00:00:00,1.0035924026443925
2020-06-30 00:00:00,1.0035924026443925
2020-07-01 00:00:00,1.0035924026443925
2020-07-02 00:00:00,1.0035924026443925
2020-07-06 00:00:00,1.0035924026443925
2020-07-07 00:00:00,1.0035924026443925
2020-07-08 00:00:00,1.0035924026443925
2020-07-09 00:00:00,1.0035924026443925
2020-07-10 00:00:00,1.0035924026443925
2020-07-13 00:00:00,1.0035924026443925
2020-07-14 00:00:00,1.0035924026443925
2020-07-15 00:00:00,1.0035924026443925
2020-07-16 00:00:00,1.0035924026443925
2020-07-17 00:00:00,1.0035924026443925
2020-07-20 00:00:00,1.0035924026443925
2020-07-21 00:00:00,1.0035924026443925
2020-07-22 00:00:00,1.0035924026443925
2020-07-23 00:00:00,1.0035924026443925
2020-07-24 00:00:00,1.0035924026443925
2020-07-27 00:00:00,1.0035924026443925
2020-07-28 00:00:00,1.0035924026443925
2020-07-29 00:00:00,1.0035924026443925
2020-07-30 00:00:00,1.0035924026443925
2020-07-31 00:00:00,1.0035924026443925
2020-08-03 00:00:00,1.0035924026443925
2020-08-04 00:00:00,1.0035924026443925
2020-08-05 00:00:00,1.0035924026443925
2020-08-06 00:00:00,1.0035924026443925
2020-08-07 00:00:00,1.0035924026443925
2020-08-10 00:00:00,1.0035924026443925
2020-08-11 00:00:00,1.0035924026443925
2020-08-12 00:00:00,1.0035924026443925
2020-08-13 00:00:00,1.0035924026443925
2020-08-14 00:00:00,1.0035924026443925
2020-08-17 00:00:00,1.0035924026443925
2020-08-18 00:00:00,1.0035924026443925
2020-08-19 00:00:00,1.0035924026443925
2020-08-20 00:00:00,1.0035924026443925
2020-08-21 00:00:00,1.0035924026443925
2020-08-24 00:00:00,1.0035924026443925
2020-08-25 00:00:00,1.0035924026443925
2020-08-26 00:00:00,1.0035924026443925
2020-08-27 00:00:00,1.0035924026443925
2020-08-28 00:00:00,1.0035924026443925
2020-08-31 00:00:00,1.0035924026443925
2020-09-01 00:00:00,1.0035924026443925
2020-09-02 00:00:00,1.0035924026443925
2020-09-03 00:00:00,1.0035924026443925
2020-09-04 00:00:00,1.0035924026443925
2020-09-08 00:00:00,1.0035924026443925
2020-09-09 00:00:00,1.0035924026443925
2020-09-10 00:00:00,1.0035924026443925
2020-09-11 00:00:00,1.0035924026443925
2020-09-14 00:00:00,1.0035924026443925
2020-09-15 00:00:00,1.0035924026443925
2020-09-16 00:00:00,1.0035924026443925
2020-09-17 00:00:00,1.0035924026443925
2020-09-18 00:00:00,1.0035924026443925
2020-09-21 00:00:00,1.0035924026443925
2020-09-22 00:00:00,1.0035924026443925
2020-09-23 00:00:00,1.0035924026443925
2020-09-24 00:00:00,1.0035924026443925
2020-09-25 00:00:00,1.0035924026443925
2020-09-28 00:00:00,1.0035924026443925
2020-09-29 00:00:00,1.0035924026443925
2020-09-30 00:00:00,1.0035924026443925
2020-10-01 00:00:00,1.0035924026443925
2020-10-02 00:00:00,1.0035924026443925
2020-10-05 00:00:00,1.0035924026443925
2020-10-06 00:00:00,1.0057083732316374
2020-10-07 00:00:00,1.0028040998765955
2020-10-08 00:00:00,1.0046296431283361
2020-10-09 00:00:00,1.0041317676960433
2020-10-12 00:00:00,1.0052104977993446
2020-10-13 00:00:00,1.0074509372446625
2020-10-14 00:00:00,1.0077828541995244
2020-10-15 00:00:00,1.0067041240962231
2020-10-16 00:00:00,1.0061232694252147
2020-10-19 00:00:00,1.004463684650905
2020-10-20 00:00:00,1.0023062244443026
2020-10-21 00:00:00,1.000978556624855
2020-10-22 00:00:00,0.9974934285988046
2020-10-23 00:00:00,0.9989040756569678
2020-10-26 00:00:00,1.0015594112958632
2020-10-27 00:00:00,1.0037998507411814
2020-10-28 00:00:00,1.0037168715024658
2020-10-29 00:00:00,0.9994849303279763
2020-10-30 00:00:00,0.9962487400180725
2020-11-02 00:00:00,0.9973274701213737
2020-11-03 00:00:00,0.9954324068634374
2020-11-04 00:00:00,0.9954324068634374
2020-11-05 00:00:00,0.9952677773410915
2020-11-06 00:00:00,0.9918928721330041
2020-11-09 00:00:00,0.9840040559035284
2020-11-10 00:00:00,0.9844167400403776
2020-11-11 00:00:00,0.9859849397604051
2020-11-12 00:00:00,0.9915974440215558
2020-11-13 00:00:00,0.9902768547836381
2020-11-16 00:00:00,0.9895340233373093
2020-11-17 00:00:00,0.9920926649857751
2020-11-18 00:00:00,0.9917625176762956
2020-11-19 00:00:00,0.9928354964321039
2020-11-20 00:00:00,0.9945687698068711
2020-11-23 00:00:00,0.9925878859499944
2020-11-24 00:00:00,0.9910196862299668
2020-11-25 00:00:00,0.9913498335394464
2020-11-27 00:00:00,0.9943211593247614
2020-11-30 00:00:00,0.9936608647058026
2020-12-01 00:00:00,0.9877182131351724
2020-12-02 00:00:00,0.9860674765877748
2020-12-03 00:00:00,0.9887086550636106
2020-12-04 00:00:00,0.9848294241772269
2020-12-07 00:00:00,0.9878832867899121
2020-12-08 00:00:00,0.9888737287183503
2020-12-09 00:00:00,0.9866643168938519
2020-12-10 00:00:00,0.9866643168938519
2020-12-11 00:00:00,0.9866643168938519
2020-12-14 00:00:00,0.9866643168938519
2020-12-15 00:00:00,0.9866643168938519
2020-12-16 00:00:00,0.9866643168938519
2020-12-17 00:00:00,0.9866643168938519
2020-12-18 00:00:00,0.9866643168938519
2020-12-21 00:00:00,0.9866643168938519
2020-12-22 00:00:00,0.9866643168938519
2020-12-23 00:00:00,0.9866643168938519
2020-12-24 00:00:00,0.9866643168938519
2020-12-28 00:00:00,0.9866643168938519
2020-12-29 00:00:00,0.9866643168938519
2020-12-30 00:00:00,0.9866643168938519
2020-12-31 00:00:00,0.9866643168938519
2021-01-04 00:00:00,0.9866643168938519
2021-01-05 00:00:00,0.9866643168938519
2021-01-06 00:00:00,0.9866643168938519
2021-01-07 00:00:00,0.9866643168938519
2021-01-08 00:00:00,0.9857472651417748
2021-01-11 00:00:00,0.9838297932965229
2021-01-12 00:00:00,0.983663056614327
2021-01-13 00:00:00,0.9870811585993416
2021-01-14 00:00:00,0.9848302133896978
2021-01-15 00:00:00,0.9874980003048311
2021-01-19 00:00:00,0.9880815786925164
2021-01-20 00:00:00,0.9884984203980062
2021-01-21 00:00:00,0.9870811585993416
2021-01-22 00:00:00,0.9885817887391041
2021-01-25 00:00:00,0.9925834691118041
2021-01-26 00:00:00,0.9922499957474125
2021-01-27 00:00:00,0.9934171525227834
2021-01-28 00:00:00,0.9908327339487478
2021-01-29 00:00:00,0.9890819987856917
2021-02-01 00:00:00,0.9896655771733769
2021-02-02 00:00:00,0.9871645269404395
2021-02-03 00:00:00,0.9847468450485999
2021-02-04 00:00:00,0.9844133716842082
2021-02-05 00:00:00,0.9823291631567602
2021-02-08 00:00:00,0.9817677607478069
2021-02-09 00:00:00,0.9817677607478069
2021-02-10 00:00:00,0.9817677607478069
2021-02-11 00:00:00,0.9817677607478069
2021-02-12 00:00:00,0.9817677607478069
2021-02-16 00:00:00,0.9817677607478069
2021-02-17 00:00:00,0.9817677607478069
2021-02-18 00:00:00,0.9816838633148257
2021-02-19 00:00:00,0.9777406839647019
2021-02-22 00:00:00,0.9761466327380562
2021-02-23 00:00:00,0.9769017096348883
2021-02-24 00:00:00,0.9755593507071867
2021-02-25 00:00:00,0.9695455155931368
2021-02-26 00:00:00,0.9747662748398604
2021-03-01 00:00:00,0.9730821589538206
2021-03-02 00:00:00,0.9748504806341622
2021-03-03 00:00:00,0.9696297213874389
2021-03-04 00:00:00,0.9648299911122253
2021-03-05 00:00:00,0.9634826984033934
2021-03-08 00:00:00,0.9596934376598037
2021-03-09 00:00:00,0.9642405505521113
2021-03-10 00:00:00,0.9662614896153591
2021-03-11 00:00:00,0.9659246664381512
2021-03-12 00:00:00,0.9589355855110857
2021-03-15 00:00:00,0.9601144666313136
2021-03-16 00:00:00,0.9599460550427097
2021-03-17 00:00:00,0.9583461449509719
2021-03-18 00:00:00,0.9502955994632534
2021-03-19 00:00:00,0.951727021153035
2021-03-22 00:00:00,0.9548424683602069
2021-03-23 00:00:00,0.9595577398088991
2021-03-24 00:00:00,0.9608207589469419
2021-03-25 00:00:00,0.9595577398088991
2021-03-26 00:00:00,0.9563580913258578
2021-03-29 00:00:00,0.9530742415669472
2021-03-30 00:00:00,0.9522322288082521
2021-03-31 00:00:00,0.95088500839434
2021-04-01 00:00:00,0.9545056632567286
2021-04-05 00:00:00,0.9518112224289046
2021-04-06 00:00:00,0.9564422926017273
2021-04-07 00:00:00,0.9558528836706408
2021-04-08 00:00:00,0.9591367334295516
2021-04-09 00:00:00,0.9566106951534663
2021-04-12 00:00:00,0.95602128622238
2021-04-13 00:00:00,0.9599787461882467
2021-04-14 00:00:00,0.9587999283260736
2021-04-15 00:00:00,0.9649466214645476
2021-04-16 00:00:00,0.962336381912593
2021-04-19 00:00:00,0.9603564394312868
2021-04-20 00:00:00,0.9603564394312868
2021-04-21 00:00:00,0.9603564394312868
2021-04-22 00:00:00,0.9603564394312868
2021-04-23 00:00:00,0.9603564394312868
2021-04-26 00:00:00,0.9603564394312868
2021-04-27 00:00:00,0.9603564394312868
2021-04-28 00:00:00,0.9603564394312868
2021-04-29 00:00:00,0.9603564394312868
2021-04-30 00:00:00,0.9603564394312868
2021-05-03 00:00:00,0.9603564394312868
2021-05-04 00:00:00,0.9603564394312868
2021-05-05 00:00:00,0.9603564394312868
2021-05-06 00:00:00,0.9603564394312868
2021-05-07 00:00:00,0.9603564394312868
2021-05-10 00:00:00,0.9603564394312868
2021-05-11 00:00:00,0.9603564394312868
2021-05-12 00:00:00,0.9603564394312868
2021-05-13 00:00:00,0.9603564394312868
2021-05-14 00:00:00,0.9603564394312868
2021-05-17 00:00:00,0.9603564394312868
2021-05-18 00:00:00,0.9603564394312868
2021-05-19 00:00:00,0.9603564394312868
2021-05-20 00:00:00,0.9603564394312868
2021-05-21 00:00:00,0.9603564394312868
2021-05-24 00:00:00,0.9603564394312868
2021-05-25 00:00:00,0.9603564394312868
2021-05-26 00:00:00,0.9603564394312868
2021-05-27 00:00:00,0.9603564394312868
2021-05-28 00:00:00,0.9603564394312868
2021-06-01 00:00:00,0.9603564394312868
2021-06-02 00:00:00,0.9603564394312868
2021-06-03 00:00:00,0.9603564394312868
2021-06-04 00:00:00,0.9603564394312868
2021-06-07 00:00:00,0.9603564394312868
2021-06-08 00:00:00,0.9603564394312868
2021-06-09 00:00:00,0.9603564394312868
2021-06-10 00:00:00,0.9603564394312868
2021-06-11 00:00:00,0.9603564394312868
2021-06-14 00:00:00,0.9603564394312868
2021-06-15 00:00:00,0.9603564394312868
2021-06-16 00:00:00,0.9603564394312868
2021-06-17 00:00:00,0.9603564394312868
2021-06-18 00:00:00,0.9603564394312868
2021-06-21 00:00:00,0.9603564394312868
2021-06-22 00:00:00,0.9603564394312868
2021-06-23 00:00:00,0.9603564394312868
2021-06-24 00:00:00,0.9603564394312868
2021-06-25 00:00:00,0.9603564394312868
2021-06-28 00:00:00,0.9603564394312868
2021-06-29 00:00:00,0.9603564394312868
2021-06-30 00:00:00,0.9603564394312868
2021-07-01 00:00:00,0.9603564394312868
2021-07-02 00:00:00,0.9603564394312868
2021-07-06 00:00:00,0.9603564394312868
2021-07-07 00:00:00,0.9603564394312868
2021-07-08 00:00:00,0.9603564394312868
2021-07-09 00:00:00,0.9603564394312868
2021-07-12 00:00:00,0.9603564394312868
2021-07-13 00:00:00,0.9603564394312868
2021-07-14 00:00:00,0.9603564394312868
2021-07-15 00:00:00,0.9603564394312868
2021-07-16 00:00:00,0.9603564394312868
2021-07-19 00:00:00,0.9603564394312868
2021-07-20 00:00:00,0.9603564394312868
2021-07-21 00:00:00,0.9603564394312868
2021-07-22 00:00:00,0.9603564394312868
2021-07-23 00:00:00,0.9603564394312868
2021-07-26 00:00:00,0.9603564394312868
2021-07-27 00:00:00,0.9603564394312868
2021-07-28 00:00:00,0.9603564394312868
2021-07-29 00:00:00,0.9603564394312868
2021-07-30 00:00:00,0.9603564394312868
2021-08-02 00:00:00,0.9603564394312868
2021-08-03 00:00:00,0.9603564394312868
2021-08-04 00:00:00,0.9603564394312868
2021-08-05 00:00:00,0.9603564394312868
2021-08-06 00:00:00,0.9603564394312868
2021-08-09 00:00:00,0.9603564394312868
2021-08-10 00:00:00,0.9603564394312868
2021-08-11 00:00:00,0.9603564394312868
2021-08-12 00:00:00,0.9603564394312868
2021-08-13 00:00:00,0.9603564394312868
2021-08-16 00:00:00,0.9603564394312868
2021-08-17 00:00:00,0.9603564394312868
2021-08-18 00:00:00,0.9603564394312868
2021-08-19 00:00:00,0.9603564394312868
2021-08-20 00:00:00,0.9603564394312868
2021-08-23 00:00:00,0.9603564394312868
2021-08-24 00:00:00,0.9603564394312868
2021-08-25 00:00:00,0.9603564394312868
2021-08-26 00:00:00,0.9603564394312868
2021-08-27 00:00:00,0.9603564394312868
2021-08-30 00:00:00,0.9603564394312868
2021-08-31 00:00:00,0.9603564394312868
2021-09-01 00:00:00,0.9603564394312868
2021-09-02 00:00:00,0.9603564394312868
2021-09-03 00:00:00,0.9603564394312868
2021-09-07 00:00:00,0.9603564394312868
2021-09-08 00:00:00,0.9603564394312868
2021-09-09 00:00:00,0.9603564394312868
2021-09-10 00:00:00,0.9603564394312868
2021-09-13 00:00:00,0.9603564394312868
2021-09-14 00:00:00,0.9603564394312868
2021-09-15 00:00:00,0.9603564394312868
2021-09-16 00:00:00,0.9603564394312868
2021-09-17 00:00:00,0.9603564394312868
2021-09-20 00:00:00,0.9603564394312868
2021-09-21 00:00:00,0.9603564394312868
2021-09-22 00:00:00,0.9603564394312868
2021-09-23 00:00:00,0.9603564394312868
2021-09-24 00:00:00,0.9603564394312868
2021-09-27 00:00:00,0.9603564394312868
2021-09-28 00:00:00,0.9603564394312868
2021-09-29 00:00:00,0.9603564394312868
2021-09-30 00:00:00,0.9603564394312868
2021-10-01 00:00:00,0.9603564394312868
2021-10-04 00:00:00,0.9603564394312868
2021-10-05 00:00:00,0.9603564394312868
2021-10-06 00:00:00,0.9603564394312868
2021-10-07 00:00:00,0.9603564394312868
2021-10-08 00:00:00,0.9603564394312868
2021-10-11 00:00:00,0.9596838620422078
2021-10-12 00:00:00,0.9640556150712217
2021-10-13 00:00:00,0.9659052028911891
2021-10-14 00:00:00,0.9681751515793311
2021-10-15 00:00:00,0.9633830376821426
2021-10-18 00:00:00,0.9620378829039845
2021-10-19 00:00:00,0.9585909237849541
2021-10-20 00:00:00,0.9581705629167797
2021-10-21 00:00:00,0.9556483977077332
2021-10-22 00:00:00,0.9580864907431448
2021-10-25 00:00:00,0.9592635011740333
2021-10-26 00:00:00,0.9604405116049216
2021-10-27 00:00:00,0.9658211307175543
2021-10-28 00:00:00,0.9632989655085077
2021-10-29 00:00:00,0.9637193263766821
2021-11-01 00:00:00,0.9629626768139682
2021-11-02 00:00:00,0.965316697675745
2021-11-03 00:00:00,0.962290099424889
2021-11-04 00:00:00,0.9675025741902519
2021-11-05 00:00:00,0.9729649271630793
2021-11-08 00:00:00,0.9729649271630793
2021-11-09 00:00:00,0.9729649271630793
2021-11-10 00:00:00,0.9729649271630793
2021-11-11 00:00:00,0.9729649271630793
2021-11-12 00:00:00,0.9729649271630793
2021-11-15 00:00:00,0.9729649271630793
2021-11-16 00:00:00,0.9729649271630793
2021-11-17 00:00:00,0.9729649271630793
2021-11-18 00:00:00,0.9729649271630793
2021-11-19 00:00:00,0.9729649271630793
2021-11-22 00:00:00,0.9729649271630793
2021-11-23 00:00:00,0.9729649271630793
2021-11-24 00:00:00,0.9729649271630793
2021-11-26 00:00:00,0.9729649271630793
2021-11-29 00:00:00,0.9729649271630793
2021-11-30 00:00:00,0.9729649271630793
2021-12-01 00:00:00,0.9729649271630793
2021-12-02 00:00:00,0.9729649271630793
2021-12-03 00:00:00,0.9729649271630793
2021-12-06 00:00:00,0.9729649271630793
2021-12-07 00:00:00,0.9729649271630793
2021-12-08 00:00:00,0.9729649271630793
2021-12-09 00:00:00,0.9729649271630793
2021-12-10 00:00:00,0.9729649271630793
2021-12-13 00:00:00,0.9729649271630793
2021-12-14 00:00:00,0.9729649271630793
2021-12-15 00:00:00,0.9729649271630793
2021-12-16 00:00:00,0.9729649271630793
2021-12-17 00:00:00,0.9729649271630793
2021-12-20 00:00:00,0.9729649271630793
2021-12-21 00:00:00,0.9729649271630793
2021-12-22 00:00:00,0.9729649271630793
2021-12-23 00:00:00,0.9729649271630793
2021-12-27 00:00:00,0.9729649271630793
2021-12-28 00:00:00,0.9729649271630793
2021-12-29 00:00:00,0.9729649271630793
2021-12-30 00:00:00,0.9729649271630793
2021-12-31 00:00:00,0.9729649271630793
2022-01-03 00:00:00,0.9729649271630793
2022-01-04 00:00:00,0.9729649271630793
2022-01-05 00:00:00,0.9729649271630793
2022-01-06 00:00:00,0.9729649271630793
2022-01-07 00:00:00,0.9710699883885052
2022-01-10 00:00:00,0.9708115876465179
2022-01-11 00:00:00,0.9731371943244042
2022-01-12 00:00:00,0.973309461485729
2022-01-13 00:00:00,0.9764102703895774
2022-01-14 00:00:00,0.969691851097906
2022-01-18 00:00:00,0.9623704967415975
2022-01-19 00:00:00,0.9646961034194838
2022-01-20 00:00:00,0.9667633093553826
2022-01-21 00:00:00,0.9723619920984421
2022-01-24 00:00:00,0.9715006562918177
2022-01-25 00:00:00,0.9702086525818808
2022-01-26 00:00:00,0.9633179661288845
2022-01-27 00:00:00,0.9673662444200198
2022-01-28 00:00:00,0.9696057175172436
2022-01-31 00:00:00,0.9696057175172436
2022-02-01 00:00:00,0.9673662444200198
2022-02-02 00:00:00,0.9693473167752563
2022-02-03 00:00:00,0.9652129049034585
2022-02-04 00:00:00,0.9568186585956594
2022-02-07 00:00:00,0.9568186585956594
2022-02-08 00:00:00,0.9568186585956594
2022-02-09 00:00:00,0.9568186585956594
2022-02-10 00:00:00,0.9568186585956594
2022-02-11 00:00:00,0.9568186585956594
2022-02-14 00:00:00,0.9568186585956594
2022-02-15 00:00:00,0.9568186585956594
2022-02-16 00:00:00,0.9568186585956594
2022-02-17 00:00:00,0.9568186585956594
2022-02-18 00:00:00,0.9568186585956594
2022-02-22 00:00:00,0.9568186585956594
2022-02-23 00:00:00,0.9568186585956594
2022-02-24 00:00:00,0.9568186585956594
2022-02-25 00:00:00,0.9568186585956594
2022-02-28 00:00:00,0.9568186585956594
2022-03-01 00:00:00,0.9568186585956594
2022-03-02 00:00:00,0.9568186585956594
2022-03-03 00:00:00,0.9568186585956594
2022-03-04 00:00:00,0.9568186585956594
2022-03-07 00:00:00,0.9568186585956594
2022-03-08 00:00:00,0.9568186585956594
2022-03-09 00:00:00,0.9568186585956594
2022-03-10 00:00:00,0.9568186585956594
2022-03-11 00:00:00,0.9568186585956594
2022-03-14 00:00:00,0.9568186585956594
2022-03-15 00:00:00,0.9568186585956594
2022-03-16 00:00:00,0.9568186585956594
2022-03-17 00:00:00,0.9568186585956594
2022-03-18 00:00:00,0.9568186585956594
2022-03-21 00:00:00,0.9568186585956594
2022-03-22 00:00:00,0.9568186585956594
2022-03-23 00:00:00,0.9568186585956594
2022-03-24 00:00:00,0.9568186585956594
2022-03-25 00:00:00,0.9568186585956594
2022-03-28 00:00:00,0.9568186585956594
2022-03-29 00:00:00,0.9568186585956594
2022-03-30 00:00:00,0.9568186585956594
2022-03-31 00:00:00,0.9568186585956594
2022-04-01 00:00:00,0.9568186585956594
2022-04-04 00:00:00,0.9568186585956594
2022-04-05 00:00:00,0.9568186585956594
2022-04-06 00:00:00,0.9568186585956594
2022-04-07 00:00:00,0.9568186585956594
2022-04-08 00:00:00,0.9568186585956594
2022-04-11 00:00:00,0.9568186585956594
2022-04-12 00:00:00,0.9568186585956594
2022-04-13 00:00:00,0.9568186585956594
2022-04-14 00:00:00,0.9568186585956594
2022-04-18 00:00:00,0.9568186585956594
2022-04-19 00:00:00,0.9568186585956594
2022-04-20 00:00:00,0.9568186585956594
2022-04-21 00:00:00,0.9568186585956594
2022-04-22 00:00:00,0.9568186585956594
2022-04-25 00:00:00,0.9568186585956594
2022-04-26 00:00:00,0.9568186585956594
2022-04-27 00:00:00,0.9568186585956594
2022-04-28 00:00:00,0.9568186585956594
2022-04-29 00:00:00,0.9568186585956594
2022-05-02 00:00:00,0.9568186585956594
2022-05-03 00:00:00,0.9568186585956594
2022-05-04 00:00:00,0.9568186585956594
2022-05-05 00:00:00,0.9568186585956594
2022-05-06 00:00:00,0.9568186585956594
2022-05-09 00:00:00,0.9568186585956594
2022-05-10 00:00:00,0.9568186585956594
2022-05-11 00:00:00,0.9568186585956594
2022-05-12 00:00:00,0.9568186585956594
2022-05-13 00:00:00,0.9568186585956594
2022-05-16 00:00:00,0.9568186585956594
2022-05-17 00:00:00,0.9568186585956594
2022-05-18 00:00:00,0.9568186585956594
2022-05-19 00:00:00,0.9568186585956594
2022-05-20 00:00:00,0.9568186585956594
2022-05-23 00:00:00,0.9568186585956594
2022-05-24 00:00:00,0.9568186585956594
2022-05-25 00:00:00,0.9568186585956594
2022-05-26 00:00:00,0.9568186585956594
2022-05-27 00:00:00,0.9568186585956594
2022-05-31 00:00:00,0.9568186585956594
2022-06-01 00:00:00,0.9568186585956594
2022-06-02 00:00:00,0.9568186585956594
2022-06-03 00:00:00,0.9568186585956594
2022-06-06 00:00:00,0.9568186585956594
2022-06-07 00:00:00,0.9568186585956594
2022-06-08 00:00:00,0.9568186585956594
2022-06-09 00:00:00,0.9568186585956594
2022-06-10 00:00:00,0.9568186585956594
2022-06-13 00:00:00,0.9568186585956594
2022-06-14 00:00:00,0.9568186585956594
2022-06-15 00:00:00,0.9568186585956594
2022-06-16 00:00:00,0.9568186585956594
2022-06-17 00:00:00,0.9568186585956594
2022-06-21 00:00:00,0.9568186585956594
2022-06-22 00:00:00,0.9568186585956594
2022-06-23 00:00:00,0.9568186585956594
2022-06-24 00:00:00,0.9568186585956594
2022-06-27 00:00:00,0.9568186585956594
2022-06-28 00:00:00,0.9568186585956594
2022-06-29 00:00:00,0.9568186585956594
2022-06-30 00:00:00,0.9568186585956594
2022-07-01 00:00:00,0.9568186585956594
2022-07-05 00:00:00,0.9568186585956594
2022-07-06 00:00:00,0.9568186585956594
2022-07-07 00:00:00,0.9568186585956594
2022-07-08 00:00:00,0.9568186585956594
2022-07-11 00:00:00,0.9568186585956594
2022-07-12 00:00:00,0.9568186585956594
2022-07-13 00:00:00,0.9568186585956594
2022-07-14 00:00:00,0.9568186585956594
2022-07-15 00:00:00,0.9568186585956594
2022-07-18 00:00:00,0.9568186585956594
2022-07-19 00:00:00,0.9568186585956594
2022-07-20 00:00:00,0.9568186585956594
2022-07-21 00:00:00,0.9568186585956594
2022-07-22 00:00:00,0.9568186585956594
2022-07-25 00:00:00,0.9568186585956594
2022-07-26 00:00:00,0.9568186585956594
2022-07-27 00:00:00,0.9568186585956594
2022-07-28 00:00:00,0.9568186585956594
2022-07-29 00:00:00,0.9568186585956594
2022-08-01 00:00:00,0.9568186585956594
2022-08-02 00:00:00,0.9568186585956594
2022-08-03 00:00:00,0.9568186585956594
2022-08-04 00:00:00,0.9568186585956594
2022-08-05 00:00:00,0.9568186585956594
2022-08-08 00:00:00,0.9568186585956594
2022-08-09 00:00:00,0.9568186585956594
2022-08-10 00:00:00,0.9568186585956594
2022-08-11 00:00:00,0.9568186585956594
2022-08-12 00:00:00,0.9568186585956594
2022-08-15 00:00:00,0.9568186585956594
2022-08-16 00:00:00,0.9568186585956594
2022-08-17 00:00:00,0.9568186585956594
2022-08-18 00:00:00,0.9568186585956594
2022-08-19 00:00:00,0.9568186585956594
2022-08-22 00:00:00,0.9568186585956594
2022-08-23 00:00:00,0.9568186585956594
2022-08-24 00:00:00,0.9568186585956594
2022-08-25 00:00:00,0.9568186585956594
2022-08-26 00:00:00,0.9568186585956594
2022-08-29 00:00:00,0.9568186585956594
2022-08-30 00:00:00,0.9568186585956594
2022-08-31 00:00:00,0.9568186585956594
2022-09-01 00:00:00,0.9568186585956594
2022-09-02 00:00:00,0.9568186585956594
2022-09-06 00:00:00,0.9568186585956594
2022-09-07 00:00:00,0.9568186585956594
2022-09-08 00:00:00,0.9568186585956594
2022-09-09 00:00:00,0.9568186585956594
2022-09-12 00:00:00,0.9568186585956594
2022-09-13 00:00:00,0.9568186585956594
2022-09-14 00:00:00,0.9568186585956594
2022-09-15 00:00:00,0.9568186585956594
2022-09-16 00:00:00,0.9568186585956594
2022-09-19 00:00:00,0.9568186585956594
2022-09-20 00:00:00,0.9568186585956594
2022-09-21 00:00:00,0.9568186585956594
2022-09-22 00:00:00,0.9568186585956594
2022-09-23 00:00:00,0.9568186585956594
2022-09-26 00:00:00,0.9493560636015539
2022-09-27 00:00:00,0.9448646869847311
2022-09-28 00:00:00,0.9595825826675501
2022-09-29 00:00:00,0.9564731680866729
2022-09-30 00:00:00,0.9547457155417411
2022-10-03 00:00:00,0.961310035212482
2022-10-04 00:00:00,0.9626919972484276
2022-10-05 00:00:00,0.9563349718830784
2022-10-06 00:00:00,0.952672772487823
2022-10-07 00:00:00,0.9494251617033511
2022-10-10 00:00:00,0.9455556680027039
2022-10-11 00:00:00,0.9472140224458385
2022-10-12 00:00:00,0.9493560636015539
2022-10-13 00:00:00,0.946592139529663
2022-10-14 00:00:00,0.9429299401344076
2022-10-17 00:00:00,0.9436209211523802
2022-10-18 00:00:00,0.9452792755955148
2022-10-19 00:00:00,0.9384385635175848
2022-10-20 00:00:00,0.9366522670291625
2022-10-21 00:00:00,0.9366522670291625
2022-10-24 00:00:00,0.9366522670291625
2022-10-25 00:00:00,0.9366522670291625
2022-10-26 00:00:00,0.9366522670291625
2022-10-27 00:00:00,0.9366522670291625
2022-10-28 00:00:00,0.9366522670291625
2022-10-31 00:00:00,0.9366522670291625
2022-11-01 00:00:00,0.9366522670291625
2022-11-02 00:00:00,0.9366522670291625
2022-11-03 00:00:00,0.9366522670291625
2022-11-04 00:00:00,0.9366522670291625
2022-11-07 00:00:00,0.9366522670291625
2022-11-08 00:00:00,0.9366522670291625
2022-11-09 00:00:00,0.9366522670291625
2022-11-10 00:00:00,0.9366522670291625
2022-11-11 00:00:00,0.9366522670291625
2022-11-14 00:00:00,0.9366522670291625
2022-11-15 00:00:00,0.9366522670291625
2022-11-16 00:00:00,0.9366522670291625
2022-11-17 00:00:00,0.9366522670291625
2022-11-18 00:00:00,0.9366522670291625
2022-11-21 00:00:00,0.9366522670291625
2022-11-22 00:00:00,0.9366522670291625
2022-11-23 00:00:00,0.9366522670291625
2022-11-25 00:00:00,0.9366522670291625
2022-11-28 00:00:00,0.9366522670291625
2022-11-29 00:00:00,0.9366522670291625
2022-11-30 00:00:00,0.9366522670291625
2022-12-01 00:00:00,0.9366522670291625
2022-12-02 00:00:00,0.9366522670291625
2022-12-05 00:00:00,0.9366522670291625
2022-12-06 00:00:00,0.9366522670291625
2022-12-07 00:00:00,0.9366522670291625
2022-12-08 00:00:00,0.9366522670291625
2022-12-09 00:00:00,0.9366522670291625
2022-12-12 00:00:00,0.9366522670291625
2022-12-13 00:00:00,0.9366522670291625
2022-12-14 00:00:00,0.9366522670291625
2022-12-15 00:00:00,0.9366522670291625
2022-12-16 00:00:00,0.9366522670291625
2022-12-19 00:00:00,0.9366522670291625
2022-12-20 00:00:00,0.9366522670291625
2022-12-21 00:00:00,0.9366522670291625
2022-12-22 00:00:00,0.9366522670291625
2022-12-23 00:00:00,0.9366522670291625
2022-12-27 00:00:00,0.9366522670291625
2022-12-28 00:00:00,0.9366522670291625
2022-12-29 00:00:00,0.9366522670291625
2022-12-30 00:00:00,0.9366522670291625
2023-01-03 00:00:00,0.9366522670291625
2023-01-04 00:00:00,0.9366522670291625
2023-01-05 00:00:00,0.9366522670291625
2023-01-06 00:00:00,0.9366522670291625
2023-01-09 00:00:00,0.9366522670291625
2023-01-10 00:00:00,0.9366522670291625
2023-01-11 00:00:00,0.9366522670291625
2023-01-12 00:00:00,0.9366522670291625
2023-01-13 00:00:00,0.9366522670291625
2023-01-17 00:00:00,0.9366522670291625
2023-01-18 00:00:00,0.9366522670291625
2023-01-19 00:00:00,0.9366522670291625
2023-01-20 00:00:00,0.9366522670291625
2023-01-23 00:00:00,0.9366522670291625
2023-01-24 00:00:00,0.9366522670291625
2023-01-25 00:00:00,0.9366522670291625
2023-01-26 00:00:00,0.9366522670291625
2023-01-27 00:00:00,0.9366522670291625
2023-01-30 00:00:00,0.9366522670291625
2023-01-31 00:00:00,0.9366522670291625
2023-02-01 00:00:00,0.9366522670291625
2023-02-02 00:00:00,0.9366522670291625
2023-02-03 00:00:00,0.9366522670291625
2023-02-06 00:00:00,0.9366522670291625
2023-02-07 00:00:00,0.9366522670291625
2023-02-08 00:00:00,0.9366522670291625
2023-02-09 00:00:00,0.9366522670291625
2023-02-10 00:00:00,0.9366522670291625
2023-02-13 00:00:00,0.9366522670291625
2023-02-14 00:00:00,0.9366522670291625
2023-02-15 00:00:00,0.9366522670291625
2023-02-16 00:00:00,0.9366522670291625
2023-02-17 00:00:00,0.9366522670291625
2023-02-21 00:00:00,0.9366522670291625
2023-02-22 00:00:00,0.9366522670291625
2023-02-23 00:00:00,0.9366522670291625
2023-02-24 00:00:00,0.9366522670291625
2023-02-27 00:00:00,0.9366522670291625
2023-02-28 00:00:00,0.9366522670291625
2023-03-01 00:00:00,0.9366522670291625
2023-03-02 00:00:00,0.9366522670291625
2023-03-03 00:00:00,0.9387868311576594
2023-03-06 00:00:00,0.9373911546121038
2023-03-07 00:00:00,0.9374732532324305
2023-03-08 00:00:00,0.9372269573714502
2023-03-09 00:00:00,0.9420707759707313
2023-03-10 00:00:00,0.955073633167537
2023-03-13 00:00:00,0.955073633167537
2023-03-14 00:00:00,0.955073633167537
2023-03-15 00:00:00,0.955073633167537
2023-03-16 00:00:00,0.955073633167537
2023-03-17 00:00:00,0.955073633167537
2023-03-20 00:00:00,0.955073633167537
2023-03-21 00:00:00,0.955073633167537
2023-03-22 00:00:00,0.955073633167537
2023-03-23 00:00:00,0.955073633167537
2023-03-24 00:00:00,0.955073633167537
2023-03-27 00:00:00,0.955073633167537
2023-03-28 00:00:00,0.955073633167537
2023-03-29 00:00:00,0.955073633167537
2023-03-30 00:00:00,0.955073633167537
2023-03-31 00:00:00,0.955073633167537
2023-04-03 00:00:00,0.955073633167537
2023-04-04 00:00:00,0.955073633167537
2023-04-05 00:00:00,0.955073633167537
2023-04-06 00:00:00,0.955073633167537
2023-04-10 00:00:00,0.955073633167537
2023-04-11 00:00:00,0.955073633167537
2023-04-12 00:00:00,0.955073633167537
2023-04-13 00:00:00,0.955073633167537
2023-04-14 00:00:00,0.955073633167537
2023-04-17 00:00:00,0.955073633167537
2023-04-18 00:00:00,0.955073633167537
2023-04-19 00:00:00,0.955073633167537
2023-04-20 00:00:00,0.955073633167537
2023-04-21 00:00:00,0.955073633167537
2023-04-24 00:00:00,0.955073633167537
2023-04-25 00:00:00,0.955073633167537
2023-04-26 00:00:00,0.955073633167537
2023-04-27 00:00:00,0.955073633167537
2023-04-28 00:00:00,0.955073633167537
2023-05-01 00:00:00,0.955073633167537
2023-05-02 00:00:00,0.955073633167537
2023-05-03 00:00:00,0.955073633167537
2023-05-04 00:00:00,0.955073633167537
2023-05-05 00:00:00,0.955073633167537
2023-05-08 00:00:00,0.955073633167537
2023-05-09 00:00:00,0.955073633167537
2023-05-10 00:00:00,0.955073633167537
2023-05-11 00:00:00,0.955073633167537
2023-05-12 00:00:00,0.955073633167537
2023-05-15 00:00:00,0.955073633167537
2023-05-16 00:00:00,0.955073633167537
2023-05-17 00:00:00,0.955073633167537
2023-05-18 00:00:00,0.955073633167537
2023-05-19 00:00:00,0.955073633167537
2023-05-22 00:00:00,0.955073633167537
2023-05-23 00:00:00,0.955073633167537
2023-05-24 00:00:00,0.955073633167537
2023-05-25 00:00:00,0.955073633167537
2023-05-26 00:00:00,0.955073633167537
2023-05-30 00:00:00,0.955073633167537
2023-05-31 00:00:00,0.955073633167537
2023-06-01 00:00:00,0.955073633167537
2023-06-02 00:00:00,0.955073633167537
2023-06-05 00:00:00,0.955073633167537
2023-06-06 00:00:00,0.955073633167537
2023-06-07 00:00:00,0.955073633167537
2023-06-08 00:00:00,0.955073633167537
2023-06-09 00:00:00,0.955073633167537
2023-06-12 00:00:00,0.955073633167537
2023-06-13 00:00:00,0.955073633167537
2023-06-14 00:00:00,0.955073633167537
2023-06-15 00:00:00,0.955073633167537
2023-06-16 00:00:00,0.955073633167537
2023-06-20 00:00:00,0.955073633167537
2023-06-21 00:00:00,0.955073633167537
2023-06-22 00:00:00,0.955073633167537
2023-06-23 00:00:00,0.955073633167537
2023-06-26 00:00:00,0.955073633167537
2023-06-27 00:00:00,0.955073633167537
2023-06-28 00:00:00,0.955073633167537
2023-06-29 00:00:00,0.955073633167537
2023-06-30 00:00:00,0.955073633167537
2023-07-03 00:00:00,0.955073633167537
2023-07-05 00:00:00,0.955073633167537
2023-07-06 00:00:00,0.9546490609579655
2023-07-07 00:00:00,0.9536300876549945
2023-07-10 00:00:00,0.9577908953087937
2023-07-11 00:00:00,0.9594891841470792
2023-07-12 00:00:00,0.9673862272451064
2023-07-13 00:00:00,0.9738532461302559
2023-07-14 00:00:00,0.9738532461302559
2023-07-17 00:00:00,0.9738532461302559
2023-07-18 00:00:00,0.9738532461302559
2023-07-19 00:00:00,0.9738532461302559
2023-07-20 00:00:00,0.9738532461302559
2023-07-21 00:00:00,0.9738532461302559
2023-07-24 00:00:00,0.9738532461302559
2023-07-25 00:00:00,0.9738532461302559
2023-07-26 00:00:00,0.9738532461302559
2023-07-27 00:00:00,0.9738532461302559
2023-07-28 00:00:00,0.9738532461302559
2023-07-31 00:00:00,0.9738532461302559
2023-08-01 00:00:00,0.9738532461302559
2023-08-02 00:00:00,0.9738532461302559
2023-08-03 00:00:00,0.9738532461302559
2023-08-04 00:00:00,0.9738532461302559
2023-08-07 00:00:00,0.9738532461302559
2023-08-08 00:00:00,0.9738532461302559
2023-08-09 00:00:00,0.9738532461302559
2023-08-10 00:00:00,0.9738532461302559
2023-08-11 00:00:00,0.9738532461302559
2023-08-14 00:00:00,0.9738532461302559
2023-08-15 00:00:00,0.9738532461302559
2023-08-16 00:00:00,0.9738532461302559
2023-08-17 00:00:00,0.9738532461302559
2023-08-18 00:00:00,0.9738532461302559
2023-08-21 00:00:00,0.9738532461302559
2023-08-22 00:00:00,0.9738532461302559
2023-08-23 00:00:00,0.9738532461302559
2023-08-24 00:00:00,0.9738532461302559
2023-08-25 00:00:00,0.9738532461302559
2023-08-28 00:00:00,0.9738532461302559
2023-08-29 00:00:00,0.9738532461302559
2023-08-30 00:00:00,0.9738532461302559
2023-08-31 00:00:00,0.9738532461302559
2023-09-01 00:00:00,0.9738532461302559
2023-09-05 00:00:00,0.9738532461302559
2023-09-06 00:00:00,0.9738532461302559
2023-09-07 00:00:00,0.9738532461302559
2023-09-08 00:00:00,0.9738532461302559
2023-09-11 00:00:00,0.9738532461302559
2023-09-12 00:00:00,0.9738532461302559
2023-09-13 00:00:00,0.9738532461302559
2023-09-14 00:00:00,0.9738532461302559
2023-09-15 00:00:00,0.9738532461302559
2023-09-18 00:00:00,0.9738532461302559
2023-09-19 00:00:00,0.9738532461302559
2023-09-20 00:00:00,0.9738532461302559
2023-09-21 00:00:00,0.9738532461302559
2023-09-22 00:00:00,0.9738532461302559
2023-09-25 00:00:00,0.9738532461302559
2023-09-26 00:00:00,0.9738532461302559
2023-09-27 00:00:00,0.9738532461302559
2023-09-28 00:00:00,0.9738532461302559
2023-09-29 00:00:00,0.9738532461302559
2023-10-02 00:00:00,0.9738532461302559
2023-10-03 00:00:00,0.9684700831363073
2023-10-04 00:00:00,0.9739493740408622
2023-10-05 00:00:00,0.9755835485211679
2023-10-06 00:00:00,0.9704887692590379
2023-10-09 00:00:00,0.981543478978754
2023-10-10 00:00:00,0.9798131765878421
2023-10-11 00:00:00,0.9846195721181531
2023-10-12 00:00:00,0.9761603159848053
2023-10-13 00:00:00,0.9817357347999663
2023-10-16 00:00:00,0.9765448276272302
2023-10-17 00:00:00,0.9679894435832762
2023-10-18 00:00:00,0.9639520713378147
2023-10-19 00:00:00,0.9597224432711409
2023-10-20 00:00:00,0.9646730306673614
2023-10-23 00:00:00,0.9687584668681261
2023-10-24 00:00:00,0.9702965134378255
2023-10-25 00:00:00,0.9627024084999338
2023-10-26 00:00:00,0.9692391064211571
2023-10-27 00:00:00,0.9705848971696442
2023-10-30 00:00:00,0.9677010598514575
2023-10-31 00:00:00,0.967834023977408
2023-11-01 00:00:00,0.967834023977408
2023-11-02 00:00:00,0.967834023977408
2023-11-03 00:00:00,0.967834023977408
2023-11-06 00:00:00,0.967834023977408
2023-11-07 00:00:00,0.967834023977408
2023-11-08 00:00:00,0.967834023977408
2023-11-09 00:00:00,0.967834023977408
2023-11-10 00:00:00,0.967834023977408
2023-11-13 00:00:00,0.967834023977408
2023-11-14 00:00:00,0.967834023977408
2023-11-15 00:00:00,0.967834023977408
2023-11-16 00:00:00,0.967834023977408
2023-11-17 00:00:00,0.967834023977408
2023-11-20 00:00:00,0.967834023977408
2023-11-21 00:00:00,0.967834023977408
2023-11-22 00:00:00,0.967834023977408
2023-11-24 00:00:00,0.967834023977408
2023-11-27 00:00:00,0.967834023977408
2023-11-28 00:00:00,0.967834023977408
2023-11-29 00:00:00,0.967834023977408
2023-11-30 00:00:00,0.967834023977408
2023-12-01 00:00:00,0.967834023977408
2023-12-04 00:00:00,0.967834023977408
2023-12-05 00:00:00,0.967834023977408
2023-12-06 00:00:00,0.967834023977408
2023-12-07 00:00:00,0.967834023977408
2023-12-08 00:00:00,0.967834023977408
2023-12-11 00:00:00,0.967834023977408
2023-12-12 00:00:00,0.967834023977408
2023-12-13 00:00:00,0.967834023977408
2023-12-14 00:00:00,0.967834023977408
2023-12-15 00:00:00,0.967834023977408
2023-12-18 00:00:00,0.967834023977408
2023-12-19 00:00:00,0.967834023977408
2023-12-20 00:00:00,0.967834023977408
2023-12-21 00:00:00,0.967834023977408
2023-12-22 00:00:00,0.967834023977408
2023-12-26 00:00:00,0.967834023977408
2023-12-27 00:00:00,0.967834023977408
2023-12-28 00:00:00,0.967834023977408
2023-12-29 00:00:00,0.967834023977408
