date,combined_equity
1971-01-04 00:00:00,1.0
1971-01-05 00:00:00,1.0
1971-01-06 00:00:00,1.0
1971-01-07 00:00:00,1.0
1971-01-08 00:00:00,1.0
1971-01-11 00:00:00,1.0
1971-01-12 00:00:00,1.0
1971-01-13 00:00:00,1.0
1971-01-14 00:00:00,1.0
1971-01-15 00:00:00,1.0
1971-01-18 00:00:00,1.0
1971-01-19 00:00:00,1.0
1971-01-20 00:00:00,1.0
1971-01-21 00:00:00,1.0
1971-01-22 00:00:00,1.0
1971-01-25 00:00:00,1.0
1971-01-26 00:00:00,1.0
1971-01-27 00:00:00,1.0
1971-01-28 00:00:00,1.0
1971-01-29 00:00:00,1.0
1971-02-01 00:00:00,1.0
1971-02-02 00:00:00,1.0
1971-02-03 00:00:00,1.0
1971-02-04 00:00:00,1.0
1971-02-05 00:00:00,1.0
1971-02-08 00:00:00,1.0
1971-02-09 00:00:00,1.0
1971-02-10 00:00:00,1.0
1971-02-11 00:00:00,1.0
1971-02-16 00:00:00,1.0
1971-02-17 00:00:00,1.0
1971-02-18 00:00:00,1.0
1971-02-19 00:00:00,1.0
1971-02-22 00:00:00,1.0
1971-02-23 00:00:00,1.0
1971-02-24 00:00:00,1.0
1971-02-25 00:00:00,1.0
1971-02-26 00:00:00,1.0
1971-03-01 00:00:00,1.0
1971-03-02 00:00:00,1.0
1971-03-03 00:00:00,1.0
1971-03-04 00:00:00,1.0
1971-03-05 00:00:00,1.0
1971-03-08 00:00:00,1.0
1971-03-09 00:00:00,1.0
1971-03-10 00:00:00,1.0
1971-03-11 00:00:00,1.0
1971-03-12 00:00:00,1.0
1971-03-15 00:00:00,1.0
1971-03-16 00:00:00,1.0
1971-03-17 00:00:00,1.0
1971-03-18 00:00:00,1.0
1971-03-19 00:00:00,1.0
1971-03-22 00:00:00,1.0
1971-03-23 00:00:00,1.0
1971-03-24 00:00:00,1.0
1971-03-25 00:00:00,1.0
1971-03-26 00:00:00,1.0
1971-03-29 00:00:00,1.0
1971-03-30 00:00:00,1.0
1971-03-31 00:00:00,1.0
1971-04-01 00:00:00,0.9999767198230707
1971-04-02 00:00:00,1.0001629915942907
1971-04-05 00:00:00,0.9996043843522374
1971-04-06 00:00:00,0.9995346023176805
1971-04-07 00:00:00,0.9998603351955306
1971-04-08 00:00:00,1.000395928919114
1971-04-09 00:00:00,1.0000698470349934
1971-04-12 00:00:00,0.9996509111219717
1971-04-13 00:00:00,0.9984890397266324
1971-04-14 00:00:00,0.9983730011156564
1971-04-15 00:00:00,0.9991161146259769
1971-04-16 00:00:00,0.9984890397266324
1971-04-19 00:00:00,0.9977236829880144
1971-04-20 00:00:00,0.9980250470503497
1971-04-21 00:00:00,0.9987444196428571
1971-04-22 00:00:00,0.9990464007442725
1971-04-23 00:00:00,0.9983497966298662
1971-04-26 00:00:00,0.9987444196428571
1971-04-27 00:00:00,0.999162595952547
1971-04-28 00:00:00,0.9999301627208603
1971-04-29 00:00:00,0.9999301627208603
1971-04-30 00:00:00,0.9998836099536769
1971-05-03 00:00:00,0.9999767198230707
1971-05-04 00:00:00,1.0000465636058855
1971-05-05 00:00:00,1.0266007026600703
1971-05-06 00:00:00,1.030887752897977
1971-05-07 00:00:00,1.0381882341567166
1971-05-10 00:00:00,1.0457201285422146
1971-05-11 00:00:00,1.0434845981925955
1971-05-12 00:00:00,1.045236646794014
1971-05-13 00:00:00,1.048937728937729
1971-05-14 00:00:00,1.048937728937729
1971-05-17 00:00:00,1.0498606833846604
1971-05-18 00:00:00,1.0509395184967703
1971-05-19 00:00:00,1.051093818822493
1971-05-20 00:00:00,1.051016662996403
1971-05-21 00:00:00,1.0545258144502
1971-05-24 00:00:00,1.0535429594564765
1971-05-25 00:00:00,1.0510423803464812
1971-05-26 00:00:00,1.050682451934837
1971-05-27 00:00:00,1.04806753855163
1971-05-28 00:00:00,1.046178576647669
1971-06-01 00:00:00,1.0461530967631942
1971-06-02 00:00:00,1.0477863154043177
1971-06-03 00:00:00,1.0502714069147634
1971-06-04 00:00:00,1.0491939423546652
1971-06-07 00:00:00,1.0507595586976197
1971-06-08 00:00:00,1.0503227699530515
1971-06-09 00:00:00,1.0499889999755554
1971-06-10 00:00:00,1.0514797679371375
1971-06-11 00:00:00,1.0506053564877094
1971-06-14 00:00:00,1.0501943717757511
1971-06-15 00:00:00,1.0489889616098464
1971-06-16 00:00:00,1.0500403353949201
1971-06-17 00:00:00,1.0491939423546652
1971-06-18 00:00:00,1.0494246414697905
1971-06-21 00:00:00,1.0494759217180971
1971-06-22 00:00:00,1.048656038670931
1971-06-23 00:00:00,1.0491170651881885
1971-06-24 00:00:00,1.0491939423546652
1971-06-25 00:00:00,1.0490914419695192
1971-06-28 00:00:00,1.0481442619750616
1971-06-29 00:00:00,1.0472243216227417
1971-06-30 00:00:00,1.0479396911366463
1971-07-01 00:00:00,1.0485280476492702
1971-07-02 00:00:00,1.0479396911366463
1971-07-06 00:00:00,1.046713941077564
1971-07-07 00:00:00,1.0464079514726303
1971-07-08 00:00:00,1.046382460414129
1971-07-09 00:00:00,1.0461021407174693
1971-07-12 00:00:00,1.0461276181198247
1971-07-13 00:00:00,1.0466884351089234
1971-07-14 00:00:00,1.0481698389458272
1971-07-15 00:00:00,1.04921957058062
1971-07-16 00:00:00,1.0493477304929886
1971-07-19 00:00:00,1.0498350238298912
1971-07-20 00:00:00,1.0499889999755554
1971-07-21 00:00:00,1.0505796605194933
1971-07-22 00:00:00,1.051093818822493
1971-07-23 00:00:00,1.051093818822493
1971-07-26 00:00:00,1.0511967108805247
1971-07-27 00:00:00,1.0511967108805247
1971-07-28 00:00:00,1.0514025554413275
1971-07-29 00:00:00,1.05096523207164
1971-07-30 00:00:00,1.0511967108805247
1971-08-02 00:00:00,1.0507852634669015
1971-08-03 00:00:00,1.050553965808203
1971-08-04 00:00:00,1.057797916615362
1971-08-05 00:00:00,1.0575635217648216
1971-08-06 00:00:00,1.0554067667510258
1971-08-09 00:00:00,1.0597552551070757
1971-08-10 00:00:00,1.0584495589177467
1971-08-11 00:00:00,1.0579802955665025
1971-08-12 00:00:00,1.0598860019246428
1971-08-13 00:00:00,1.0571210592375655
1971-08-23 00:00:00,1.0756786537113092
1971-08-24 00:00:00,1.080304821307311
1971-08-25 00:00:00,1.0806581463218274
1971-08-26 00:00:00,1.0833018082772186
1971-08-27 00:00:00,1.0810933252793717
1971-08-30 00:00:00,1.0771352625507797
1971-08-31 00:00:00,1.0755709134615383
1971-09-01 00:00:00,1.0732060763541875
1971-09-02 00:00:00,1.0740648129625925
1971-09-03 00:00:00,1.079517466700176
1971-09-07 00:00:00,1.0738768469211732
1971-09-08 00:00:00,1.074844230913595
1971-09-09 00:00:00,1.0752478221688195
1971-09-10 00:00:00,1.0756517166253474
1971-09-13 00:00:00,1.0742797118847538
1971-09-14 00:00:00,1.076622302428754
1971-09-15 00:00:00,1.0778109552605826
1971-09-16 00:00:00,1.0776216758655293
1971-09-17 00:00:00,1.0775135460565923
1971-09-20 00:00:00,1.0815833207433145
1971-09-21 00:00:00,1.0805765892681944
1971-09-22 00:00:00,1.0815833207433145
1971-09-23 00:00:00,1.08571139701236
1971-09-24 00:00:00,1.08201924530203
1971-09-27 00:00:00,1.082264607321928
1971-09-28 00:00:00,1.0824828003326528
1971-09-29 00:00:00,1.084861342627671
1971-09-30 00:00:00,1.0863154700184618
1971-10-01 00:00:00,1.0850257653834494
1971-10-04 00:00:00,1.084724361726306
1971-10-05 00:00:00,1.0848065461157692
1971-10-06 00:00:00,1.084614801908946
1971-10-07 00:00:00,1.0845874154125845
1971-10-08 00:00:00,1.0830832850046648
1971-10-12 00:00:00,1.081991989722663
1971-10-13 00:00:00,1.079761695281667
1971-10-14 00:00:00,1.0785958216151064
1971-10-15 00:00:00,1.0783521201014235
1971-10-18 00:00:00,1.081229390590782
1971-10-19 00:00:00,1.0806309592694154
1971-10-20 00:00:00,1.0804678656772733
1971-10-21 00:00:00,1.0799517272590136
1971-10-22 00:00:00,1.0792733485765973
1971-10-26 00:00:00,1.0761637520669438
1971-10-27 00:00:00,1.0752478221688195
1971-10-28 00:00:00,1.0770812437311936
1971-10-29 00:00:00,1.07581335938087
1971-11-01 00:00:00,1.074924924924925
1971-11-03 00:00:00,1.0760828719593156
1971-11-04 00:00:00,1.0762176788935658
1971-11-05 00:00:00,1.0762446443336422
1971-11-08 00:00:00,1.0753016572372702
1971-11-09 00:00:00,1.0753016572372702
1971-11-10 00:00:00,1.074924924924925
1971-11-11 00:00:00,1.0751401682018422
1971-11-12 00:00:00,1.0753824199484265
1971-11-15 00:00:00,1.0753554976967754
1971-11-16 00:00:00,1.0752478221688195
1971-11-17 00:00:00,1.074924924924925
1971-11-18 00:00:00,1.0747904416364318
1971-11-19 00:00:00,1.0781897135972287
1971-11-22 00:00:00,1.080304821307311
1971-11-23 00:00:00,1.0834111029838323
1971-11-24 00:00:00,1.0867277235237565
1971-11-26 00:00:00,1.085930982176716
1971-11-29 00:00:00,1.0863704190798957
1971-11-30 00:00:00,1.085930982176716
1971-12-01 00:00:00,1.0877459545696269
1971-12-02 00:00:00,1.092004576077285
1971-12-03 00:00:00,1.0966045442941026
1971-12-06 00:00:00,1.102855088836397
1971-12-07 00:00:00,1.1014693437956764
1971-12-08 00:00:00,1.1017801261991484
1971-12-09 00:00:00,1.1013846153846154
1971-12-10 00:00:00,1.1014410995435664
1971-12-13 00:00:00,1.1006226458605581
1971-12-14 00:00:00,1.1056370656370655
1971-12-15 00:00:00,1.1083187119413767
1971-12-16 00:00:00,1.106320506876835
1971-12-17 00:00:00,1.1083759095835268
1971-12-21 00:00:00,1.105864785541424
1971-12-22 00:00:00,1.1056370656370655
1971-12-23 00:00:00,1.1001716056655482
1971-12-24 00:00:00,1.0987925918346464
1971-12-27 00:00:00,1.0959610134462787
1971-12-28 00:00:00,1.0959889773423146
1971-12-29 00:00:00,1.0954299704172192
1971-12-30 00:00:00,1.0958771303194204
1971-12-31 00:00:00,1.097248831328071
1972-01-03 00:00:00,1.0964086070908952
1972-01-04 00:00:00,1.095765306122449
1972-01-05 00:00:00,1.0953182374541002
1972-01-06 00:00:00,1.0961847645782825
1972-01-07 00:00:00,1.095541726178331
1972-01-10 00:00:00,1.0958212153681308
1972-01-11 00:00:00,1.0953182374541002
1972-01-12 00:00:00,1.0967725462159124
1972-01-13 00:00:00,1.1013281370186145
1972-01-14 00:00:00,1.106064117419853
1972-01-17 00:00:00,1.1112145906092354
1972-01-18 00:00:00,1.1077756286266924
1972-01-19 00:00:00,1.1091200165255113
1972-01-20 00:00:00,1.1077756286266924
1972-01-21 00:00:00,1.1076899272783536
1972-01-24 00:00:00,1.1091200165255113
1972-01-25 00:00:00,1.1112145906092354
1972-01-26 00:00:00,1.1103528499418378
1972-01-27 00:00:00,1.109721755754773
1972-01-28 00:00:00,1.1090627420604182
1972-01-31 00:00:00,1.1086333720480062
1972-02-01 00:00:00,1.1105825167412156
1972-02-02 00:00:00,1.1167905985128177
1972-02-03 00:00:00,1.1133748055987558
1972-02-04 00:00:00,1.1086333720480062
1972-02-07 00:00:00,1.1090627420604182
1972-02-08 00:00:00,1.110151969399359
1972-02-09 00:00:00,1.1125097125097123
1972-02-10 00:00:00,1.1125097125097123
1972-02-11 00:00:00,1.1133748055987558
1972-02-14 00:00:00,1.1125097125097123
1972-02-15 00:00:00,1.1116459627329192
1972-02-16 00:00:00,1.1172263115457641
1972-02-17 00:00:00,1.1161521671343937
1972-02-18 00:00:00,1.1159491829258787
1972-02-22 00:00:00,1.1129420909444228
1972-02-23 00:00:00,1.1138078568650331
1972-02-24 00:00:00,1.1138078568650331
1972-02-25 00:00:00,1.110151969399359
1972-02-28 00:00:00,1.1084331131296448
1972-02-29 00:00:00,1.1103528499418378
1972-03-01 00:00:00,1.1096070884244789
1972-03-02 00:00:00,1.1103528499418378
1972-03-03 00:00:00,1.1094924447888415
1972-03-06 00:00:00,1.1125097125097123
1972-03-07 00:00:00,1.1135768542763074
1972-03-08 00:00:00,1.1183025253840144
1972-03-09 00:00:00,1.1249508943770787
1972-03-10 00:00:00,1.1251866404715127
1972-03-13 00:00:00,1.0787854434035713
1972-03-14 00:00:00,1.1198185515407477
1972-03-15 00:00:00,1.1189434198186932
1972-03-16 00:00:00,1.1176623646960866
1972-03-17 00:00:00,1.1133748055987558
1972-03-20 00:00:00,1.1120776699029127
1972-03-21 00:00:00,1.115311712928102
1972-03-22 00:00:00,1.1127114472968422
1972-03-23 00:00:00,1.1112145906092354
1972-03-24 00:00:00,1.1099224806201549
1972-03-27 00:00:00,1.1130574486279183
1972-03-28 00:00:00,1.114877491694352
1972-03-29 00:00:00,1.1163842395259382
1972-03-30 00:00:00,1.1195850492623676
1972-03-31 00:00:00,1.1198185515407477
1972-04-03 00:00:00,1.1193808146352904
1972-04-04 00:00:00,1.1163842395259382
1972-04-05 00:00:00,1.1159491829258787
1972-04-06 00:00:00,1.1150800861867551
1972-04-07 00:00:00,1.1150800861867551
1972-04-10 00:00:00,1.1580394694273697
1972-04-11 00:00:00,1.115717291358217
1972-04-12 00:00:00,1.1161521671343937
1972-04-13 00:00:00,1.1155144652781386
1972-04-14 00:00:00,1.1140100627625913
1972-04-17 00:00:00,1.1131439825852596
1972-04-18 00:00:00,1.108862328006815
1972-04-19 00:00:00,1.1073472544470222
1972-04-20 00:00:00,1.1107835531419703
1972-04-21 00:00:00,1.1099224806201549
1972-04-24 00:00:00,1.1118761648374405
1972-04-25 00:00:00,1.1120776699029127
1972-04-26 00:00:00,1.1116459627329192
1972-04-27 00:00:00,1.1119625152087809
1972-04-28 00:00:00,1.1114446140709497
1972-05-01 00:00:00,1.1116459627329192
1972-05-02 00:00:00,1.1116459627329192
1972-05-03 00:00:00,1.1120776699029127
1972-05-04 00:00:00,1.1123080508584302
1972-05-05 00:00:00,1.1118761648374405
1972-05-08 00:00:00,1.1118761648374405
1972-05-09 00:00:00,1.1135768542763074
1972-05-10 00:00:00,1.1142123420922931
1972-05-11 00:00:00,1.1125097125097123
1972-05-12 00:00:00,1.1120776699029127
1972-05-15 00:00:00,1.1107835531419703
1972-05-16 00:00:00,1.109721755754773
1972-05-17 00:00:00,1.1112145906092354
1972-05-18 00:00:00,1.1112145906092354
1972-05-19 00:00:00,1.111029590437505
1972-05-22 00:00:00,1.111029590437505
1972-05-23 00:00:00,1.111029590437505
1972-05-24 00:00:00,1.1109657381621925
1972-05-25 00:00:00,1.1117654922533298
1972-05-26 00:00:00,1.1107515990705346
1972-05-30 00:00:00,1.1074655709195507
1972-05-31 00:00:00,1.1074655709195507
1972-06-01 00:00:00,1.1098046158269712
1972-06-02 00:00:00,1.109168342886409
1972-06-05 00:00:00,1.1074655709195507
1972-06-06 00:00:00,1.1077826402639228
1972-06-07 00:00:00,1.109370714215195
1972-06-08 00:00:00,1.1104416191807815
1972-06-09 00:00:00,1.1104416191807815
1972-06-12 00:00:00,1.1119211249694385
1972-06-13 00:00:00,1.114804390413059
1972-06-14 00:00:00,1.1142790486577525
1972-06-15 00:00:00,1.1154471478779824
1972-06-16 00:00:00,1.1174678854647178
1972-06-19 00:00:00,1.1183193678651613
1972-06-20 00:00:00,1.1206750262402951
1972-06-21 00:00:00,1.1218270116389082
1972-06-22 00:00:00,1.1263991113528868
1972-06-23 00:00:00,1.1368390400806692
1972-06-26 00:00:00,1.1393954442934058
1972-06-27 00:00:00,1.1321518545932907
1972-06-28 00:00:00,1.1385420330519265
1972-06-29 00:00:00,1.1351411340600124
1972-06-30 00:00:00,1.1372643105298643
1972-07-03 00:00:00,1.1355651349104927
1972-07-05 00:00:00,1.128759032051878
1972-07-06 00:00:00,1.1321518545932907
1972-07-07 00:00:00,1.1332068697670379
1972-07-10 00:00:00,1.1334181087979383
1972-07-11 00:00:00,1.1336294265968883
1972-07-12 00:00:00,1.134294081538794
1972-07-13 00:00:00,1.1343847766945674
1972-07-14 00:00:00,1.1340825158960877
1972-07-17 00:00:00,1.1338408232079538
1972-07-18 00:00:00,1.128759032051878
1972-07-19 00:00:00,1.1268464383145846
1972-07-20 00:00:00,1.1289686159570338
1972-07-21 00:00:00,1.127473293286892
1972-07-24 00:00:00,1.1256543551236458
1972-07-25 00:00:00,1.127473293286892
1972-07-26 00:00:00,1.1284298430876551
1972-07-27 00:00:00,1.127473293286892
1972-07-28 00:00:00,1.127473293286892
1972-07-31 00:00:00,1.1278915842055377
1972-08-01 00:00:00,1.1278915842055377
1972-08-02 00:00:00,1.1263991113528868
1972-08-03 00:00:00,1.1261904802894762
1972-08-04 00:00:00,1.1266078197300133
1972-08-07 00:00:00,1.1272642641518176
1972-08-08 00:00:00,1.1269359463455881
1972-08-09 00:00:00,1.1263991113528868
1972-08-10 00:00:00,1.1263991113528868
1972-08-11 00:00:00,1.1261904802894762
1972-08-14 00:00:00,1.1261904802894762
1972-08-15 00:00:00,1.125356728314433
1972-08-16 00:00:00,1.1249105830843686
1972-08-17 00:00:00,1.123425983782404
1972-08-18 00:00:00,1.1236335917416027
1972-08-21 00:00:00,1.1225667103146557
1972-08-22 00:00:00,1.125356728314433
1972-08-23 00:00:00,1.1261904802894762
1972-08-24 00:00:00,1.1261904802894762
1972-08-25 00:00:00,1.1240787244237316
1972-08-28 00:00:00,1.1266674649013997
1972-08-29 00:00:00,1.125356728314433
1972-08-30 00:00:00,1.1263991113528868
1972-08-31 00:00:00,1.1254459998302442
1972-09-01 00:00:00,1.1261904802894762
1972-09-05 00:00:00,1.125356728314433
1972-09-06 00:00:00,1.1256543551236458
1972-09-07 00:00:00,1.1267271163886214
1972-09-08 00:00:00,1.1263693021827657
1972-09-11 00:00:00,1.12598192649683
1972-09-12 00:00:00,1.1257734499320278
1972-09-13 00:00:00,1.1261904802894762
1972-09-14 00:00:00,1.1249105830843686
1972-09-15 00:00:00,1.1245836346759366
1972-09-18 00:00:00,1.1221456553015647
1972-09-19 00:00:00,1.1221456553015647
1972-09-20 00:00:00,1.1220811641719497
1972-09-21 00:00:00,1.1223422329054051
1972-09-22 00:00:00,1.121833749653585
1972-09-25 00:00:00,1.1225090502758228
1972-09-26 00:00:00,1.1234195921237538
1972-09-27 00:00:00,1.1231484175117583
1972-09-28 00:00:00,1.1250884873739981
1972-09-29 00:00:00,1.1251416883134278
1972-10-02 00:00:00,1.1263408247992666
1972-10-03 00:00:00,1.125659570063964
1972-10-04 00:00:00,1.123239252611698
1972-10-05 00:00:00,1.1207200748126374
1972-10-06 00:00:00,1.1203591120569567
1972-10-10 00:00:00,1.1217754154712227
1972-10-11 00:00:00,1.1231583194048547
1972-10-12 00:00:00,1.1237719303270859
1972-10-13 00:00:00,1.1237074391974708
1972-10-16 00:00:00,1.1233187408503051
1972-10-17 00:00:00,1.123136309624382
1972-10-18 00:00:00,1.1225407804807186
1972-10-19 00:00:00,1.1218561081476737
1972-10-20 00:00:00,1.122854364858653
1972-10-24 00:00:00,1.1247624104753469
1972-10-25 00:00:00,1.1232560012901656
1972-10-26 00:00:00,1.1230736383498423
1972-10-27 00:00:00,1.1229207270717017
1972-10-30 00:00:00,1.1226203805874617
1972-10-31 00:00:00,1.1229980367717054
1972-11-01 00:00:00,1.1225503714816252
1972-11-02 00:00:00,1.1220139211490125
1972-11-03 00:00:00,1.1221559611104373
1972-11-06 00:00:00,1.1232113114101838
1972-11-08 00:00:00,1.1234117180040073
1972-11-09 00:00:00,1.123023445953572
1972-11-10 00:00:00,1.1234004278138219
1972-11-13 00:00:00,1.1232182446151622
1972-11-14 00:00:00,1.123477347102127
1972-11-15 00:00:00,1.122353125475555
1972-11-16 00:00:00,1.1228187505039862
1972-11-17 00:00:00,1.1230779721657467
1972-11-20 00:00:00,1.1230134810361316
1972-11-21 00:00:00,1.1225075169166516
1972-11-22 00:00:00,1.1219127980167718
1972-11-24 00:00:00,1.1199294050912216
1972-11-27 00:00:00,1.114337382256462
1972-11-28 00:00:00,1.117578115772925
1972-11-29 00:00:00,1.1149545152309954
1972-11-30 00:00:00,1.1148005424367837
1972-12-01 00:00:00,1.1113185561321055
1972-12-04 00:00:00,1.1113185561321055
1972-12-05 00:00:00,1.1113092632249362
1972-12-06 00:00:00,1.1113092632249362
1972-12-07 00:00:00,1.1113092632249362
1972-12-08 00:00:00,1.111191499242291
1972-12-11 00:00:00,1.1111031926330799
1972-12-12 00:00:00,1.1103678496862677
1972-12-13 00:00:00,1.1113092632249362
1972-12-14 00:00:00,1.1120458540192686
1972-12-15 00:00:00,1.1120458540192686
1972-12-18 00:00:00,1.111515410268676
1972-12-19 00:00:00,1.1112503781136247
1972-12-20 00:00:00,1.112576804294397
1972-12-21 00:00:00,1.1150909350498144
1972-12-22 00:00:00,1.1157138245969773
1972-12-26 00:00:00,1.1161294710457363
1972-12-27 00:00:00,1.1157138245969773
1972-12-28 00:00:00,1.1131968874412477
1972-12-29 00:00:00,1.1123702633966839
1973-01-02 00:00:00,1.1121637991700368
1973-01-03 00:00:00,1.1144687406179925
1973-01-04 00:00:00,1.1134037354506998
1973-01-05 00:00:00,1.1140247409603667
1973-01-08 00:00:00,1.1127834219058914
1973-01-09 00:00:00,1.1146168191623598
1973-01-10 00:00:00,1.115980990339198
1973-01-11 00:00:00,1.1151798766855994
1973-01-12 00:00:00,1.1149723682686612
1973-01-15 00:00:00,1.1142318967670484
1973-01-16 00:00:00,1.1145575830228462
1973-01-17 00:00:00,1.1155061174409928
1973-01-18 00:00:00,1.1155061174409928
1973-01-19 00:00:00,1.1158325491327152
1973-01-22 00:00:00,1.1274701769232505
1973-01-23 00:00:00,1.124116139734108
1973-01-24 00:00:00,1.1351595540432684
1973-01-25 00:00:00,1.1404683648349223
1973-01-26 00:00:00,1.1425497949360892
1973-01-29 00:00:00,1.1578784133029334
1973-01-30 00:00:00,1.1591263339937758
1973-01-31 00:00:00,1.1584860388305467
1973-02-01 00:00:00,1.1635314577907503
1973-02-02 00:00:00,1.1606017023214934
1973-02-05 00:00:00,1.1647916001638092
1973-02-06 00:00:00,1.169402964255012
1973-02-07 00:00:00,1.16982695640493
1973-02-08 00:00:00,1.1782063348847969
1973-02-09 00:00:00,1.176520869594086
1973-02-13 00:00:00,1.2126090061260122
1973-02-14 00:00:00,1.23820355784203
1973-02-15 00:00:00,1.2490811650356988
1973-02-16 00:00:00,1.245742367742761
1973-02-20 00:00:00,1.2470015912087873
1973-02-21 00:00:00,1.2549861026239832
1973-02-22 00:00:00,1.2897953727521145
1973-02-23 00:00:00,1.281402423300607
1973-02-26 00:00:00,1.28809217584064
1973-02-27 00:00:00,1.3107545475593365
1973-02-28 00:00:00,1.340111362085011
1973-03-01 00:00:00,1.340111362085011
1973-03-02 00:00:00,1.340111362085011
1973-03-05 00:00:00,1.3061422327997623
1973-03-06 00:00:00,1.3137103959502245
1973-03-07 00:00:00,1.3191642194583837
1973-03-08 00:00:00,1.3220748131469067
1973-03-09 00:00:00,1.3178793327017553
1973-03-12 00:00:00,1.2981784438842083
1973-03-13 00:00:00,1.2834805851254212
1973-03-14 00:00:00,1.2931355753452574
1973-03-15 00:00:00,1.3090772922786045
1973-03-16 00:00:00,1.2948121726831747
1973-03-19 00:00:00,1.2897953727521145
1973-03-20 00:00:00,1.2935742643607944
1973-03-21 00:00:00,1.2918610792749405
1973-03-22 00:00:00,1.2914633143019512
1973-03-23 00:00:00,1.294412588627909
1973-03-26 00:00:00,1.2985803567151322
1973-03-27 00:00:00,1.3006743215671905
1973-03-28 00:00:00,1.2994251842342937
1973-03-29 00:00:00,1.2964931232040915
1973-03-30 00:00:00,1.2931355753452574
1973-04-02 00:00:00,1.2847385910897688
1973-04-03 00:00:00,1.286630230733091
1973-04-04 00:00:00,1.2964931232040915
1973-04-05 00:00:00,1.2973352362097914
1973-04-06 00:00:00,1.294412588627909
1973-04-09 00:00:00,1.2956521027368106
1973-04-10 00:00:00,1.2956521027368106
1973-04-11 00:00:00,1.2983793691966803
1973-04-12 00:00:00,1.2985803567151322
1973-04-13 00:00:00,1.296092501140188
1973-04-16 00:00:00,1.2956521027368106
1973-04-17 00:00:00,1.2985803567151322
1973-04-18 00:00:00,1.296092501140188
1973-04-19 00:00:00,1.2941729565534947
1973-04-20 00:00:00,1.293973330923917
1973-04-23 00:00:00,1.2941729565534947
1973-04-24 00:00:00,1.2924980131239603
1973-04-25 00:00:00,1.2931355753452574
1973-04-26 00:00:00,1.2918610792749405
1973-04-27 00:00:00,1.2931355753452574
1973-04-30 00:00:00,1.293973330923917
1973-05-01 00:00:00,1.294412588627909
1973-05-02 00:00:00,1.293973330923917
1973-05-03 00:00:00,1.2922989038388875
1973-05-04 00:00:00,1.2910260556464885
1973-05-07 00:00:00,1.2899937112686075
1973-05-08 00:00:00,1.293973330923917
1973-05-09 00:00:00,1.2948121726831747
1973-05-10 00:00:00,1.2935742643607944
1973-05-11 00:00:00,1.295852246722033
1973-05-14 00:00:00,1.3191642194583837
1973-05-15 00:00:00,1.3338043540528115
1973-05-16 00:00:00,1.3283552546838981
1973-05-17 00:00:00,1.3258359312776193
1973-05-18 00:00:00,1.3338043540528115
1973-05-21 00:00:00,1.3547850620768336
1973-05-22 00:00:00,1.3518595262802968
1973-05-23 00:00:00,1.3539541470641003
1973-05-24 00:00:00,1.349771376408649
1973-05-25 00:00:00,1.3417832860492247
1973-05-29 00:00:00,1.3476463668519074
1973-05-30 00:00:00,1.3556169975727599
1973-05-31 00:00:00,1.3589990125032003
1973-06-01 00:00:00,1.3644366000422488
1973-06-04 00:00:00,1.3841581863808459
1973-06-05 00:00:00,1.3757591682596026
1973-06-06 00:00:00,1.3661253142005265
1973-06-07 00:00:00,1.3581629220574027
1973-06-08 00:00:00,1.3615134716752284
1973-06-11 00:00:00,1.3581629220574027
1973-06-12 00:00:00,1.364880593599257
1973-06-13 00:00:00,1.3539541470641003
1973-06-14 00:00:00,1.3619113423566065
1973-06-15 00:00:00,1.3690683004830357
1973-06-18 00:00:00,1.378290796592362
1973-06-19 00:00:00,1.3724280322589741
1973-06-20 00:00:00,1.3690683004830357
1973-06-21 00:00:00,1.3786985347236882
1973-06-22 00:00:00,1.3795601079429933
1973-06-25 00:00:00,1.375353166603232
1973-06-26 00:00:00,1.3786985347236882
1973-06-27 00:00:00,1.3824701885925763
1973-06-28 00:00:00,1.3883732919101905
1973-06-29 00:00:00,1.4323718717992955
1973-07-02 00:00:00,1.4512540835201289
1973-07-03 00:00:00,1.4814447611308856
1973-07-05 00:00:00,1.5032666304171303
1973-07-06 00:00:00,1.5540048728057043
1973-07-09 00:00:00,1.5171318957535633
1973-07-10 00:00:00,1.4596375808010427
1973-07-11 00:00:00,1.4537690808920964
1973-07-12 00:00:00,1.4638657565315594
1973-07-13 00:00:00,1.4621817444711278
1973-07-16 00:00:00,1.471827690430864
1973-07-17 00:00:00,1.4890179105363617
1973-07-18 00:00:00,1.504938664629858
1973-07-19 00:00:00,1.4722409800596266
1973-07-20 00:00:00,1.4860636145934019
1973-07-23 00:00:00,1.4915595292450043
1973-07-24 00:00:00,1.4953349562174247
1973-07-25 00:00:00,1.4957082167349702
1973-07-26 00:00:00,1.5015983074463455
1973-07-27 00:00:00,1.4953349562174247
1973-07-30 00:00:00,1.4789374677161864
1973-07-31 00:00:00,1.4764386469745068
1973-08-01 00:00:00,1.4764386469745068
1973-08-02 00:00:00,1.4701253205950988
1973-08-03 00:00:00,1.4730682560194832
1973-08-06 00:00:00,1.4554842640675538
1973-08-07 00:00:00,1.4634571550852646
1973-08-08 00:00:00,1.4650929310104708
1973-08-09 00:00:00,1.4504511211667046
1973-08-10 00:00:00,1.4218836408657503
1973-08-13 00:00:00,1.420246690884731
1973-08-14 00:00:00,1.391274562886386
1973-08-15 00:00:00,1.3858503113030718
1973-08-16 00:00:00,1.3757591682596026
1973-08-17 00:00:00,1.3803773290955954
1973-08-20 00:00:00,1.4218836408657503
1973-08-21 00:00:00,1.3770238188410628
1973-08-22 00:00:00,1.3807863028573841
1973-08-23 00:00:00,1.3694705995134768
1973-08-24 00:00:00,1.3812410024664525
1973-08-27 00:00:00,1.378290796592362
1973-08-28 00:00:00,1.3758771696561913
1973-08-29 00:00:00,1.3758771696561913
1973-08-30 00:00:00,1.3799752635198796
1973-08-31 00:00:00,1.3819752767485394
1973-09-04 00:00:00,1.3802243910662735
1973-09-05 00:00:00,1.3730971904366542
1973-09-06 00:00:00,1.3775735615787623
1973-09-07 00:00:00,1.3658642680560318
1973-09-10 00:00:00,1.3711667892374755
1973-09-11 00:00:00,1.3786064748260147
1973-09-12 00:00:00,1.3743452596869792
1973-09-13 00:00:00,1.3821545305716538
1973-09-14 00:00:00,1.379998836431749
1973-09-17 00:00:00,1.3678788466521385
1973-09-18 00:00:00,1.36862746000182
1973-09-19 00:00:00,1.372717683232718
1973-09-20 00:00:00,1.3618199448129222
1973-09-21 00:00:00,1.37132511923234
1973-09-24 00:00:00,1.3687246383556542
1973-09-25 00:00:00,1.3690587895946607
1973-09-26 00:00:00,1.3714996171018916
1973-09-27 00:00:00,1.3747509735320766
1973-09-28 00:00:00,1.3783937955087806
1973-10-01 00:00:00,1.3758205572004116
1973-10-02 00:00:00,1.3720060226277233
1973-10-03 00:00:00,1.3735694055752576
1973-10-04 00:00:00,1.3739003346423175
1973-10-05 00:00:00,1.3725905203333104
1973-10-09 00:00:00,1.3725114469327555
1973-10-10 00:00:00,1.3666136722432591
1973-10-11 00:00:00,1.3640455798432678
1973-10-12 00:00:00,1.3668694926977432
1973-10-15 00:00:00,1.3713734354232836
1973-10-16 00:00:00,1.3687774702035944
1973-10-17 00:00:00,1.3653896265556626
1973-10-18 00:00:00,1.3669669185901658
1973-10-19 00:00:00,1.3760181436213426
1973-10-23 00:00:00,1.3688736606213818
1973-10-24 00:00:00,1.3725414513680432
1973-10-25 00:00:00,1.3745553827915324
1973-10-26 00:00:00,1.3869464743161877
1973-10-29 00:00:00,1.4072565692367076
1973-10-30 00:00:00,1.4071774958361527
1973-10-31 00:00:00,1.4074878673516078
1973-11-01 00:00:00,1.407408793951053
1973-11-02 00:00:00,1.3973496596413857
1973-11-05 00:00:00,1.4051709903267249
1973-11-07 00:00:00,1.4142287280982277
1973-11-08 00:00:00,1.4162438049493355
1973-11-09 00:00:00,1.421138553940597
1973-11-12 00:00:00,1.4435013834896837
1973-11-13 00:00:00,1.4430128621313187
1973-11-14 00:00:00,1.4313222681515236
1973-11-15 00:00:00,1.4391168921717705
1973-11-16 00:00:00,1.4373880354637558
1973-11-19 00:00:00,1.4360688919468272
1973-11-20 00:00:00,1.4384676157822005
1973-11-21 00:00:00,1.4417187541668786
1973-11-23 00:00:00,1.4603547352800321
1973-11-26 00:00:00,1.4507229079649437
1973-11-27 00:00:00,1.4464655482308404
1973-11-28 00:00:00,1.4467933137869151
1973-11-29 00:00:00,1.4521414287263892
1973-11-30 00:00:00,1.4499616704634612
1973-12-03 00:00:00,1.449072825205634
1973-12-04 00:00:00,1.4519042085247242
1973-12-05 00:00:00,1.4455840141906369
1973-12-06 00:00:00,1.4363600812565414
1973-12-07 00:00:00,1.4375187349755412
1973-12-10 00:00:00,1.4444910673028093
1973-12-11 00:00:00,1.446528882163672
1973-12-12 00:00:00,1.4435168955043496
1973-12-13 00:00:00,1.4447022252309698
1973-12-14 00:00:00,1.4466979668674496
1973-12-17 00:00:00,1.4466188934668947
1973-12-18 00:00:00,1.4461335151608972
1973-12-19 00:00:00,1.4464607466657846
1973-12-20 00:00:00,1.443450595431169
1973-12-21 00:00:00,1.4371400571578967
1973-12-24 00:00:00,1.4403891018235724
1973-12-26 00:00:00,1.4423968386658077
1973-12-27 00:00:00,1.4589343424619448
1973-12-28 00:00:00,1.4655099587888183
1973-12-31 00:00:00,1.4666906473668089
1974-01-02 00:00:00,1.497356442572815
1974-01-03 00:00:00,1.4948000914734612
1974-01-04 00:00:00,1.4971982957717052
1974-01-07 00:00:00,1.5320382062494482
1974-01-08 00:00:00,1.527376193249603
1974-01-09 00:00:00,1.5165040100690668
1974-01-10 00:00:00,1.5060296423609627
1974-01-11 00:00:00,1.5105109207425236
1974-01-14 00:00:00,1.5174996141797212
1974-01-15 00:00:00,1.5211762175427832
1974-01-16 00:00:00,1.513599104423937
1974-01-17 00:00:00,1.5172623939780563
1974-01-18 00:00:00,1.5105550967234618
1974-01-21 00:00:00,1.520427750347752
1974-01-22 00:00:00,1.5153566433409253
1974-01-23 00:00:00,1.5207017771394535
1974-01-24 00:00:00,1.5118843045477977
1974-01-25 00:00:00,1.5126445712339258
1974-01-28 00:00:00,1.5071444417137922
1974-01-29 00:00:00,1.4929629340444155
1974-01-30 00:00:00,1.4820654173907353
1974-01-31 00:00:00,1.4666007114151984
1974-02-01 00:00:00,1.4706662451366161
1974-02-04 00:00:00,1.4527240718485526
1974-02-05 00:00:00,1.4630598655046474
1974-02-06 00:00:00,1.46502790613353
1974-02-07 00:00:00,1.4591448165352152
1974-02-08 00:00:00,1.4565621404452962
1974-02-11 00:00:00,1.447340224938396
1974-02-13 00:00:00,1.443128725939809
1974-02-14 00:00:00,1.4409327642778362
1974-02-15 00:00:00,1.4400376658799314
1974-02-19 00:00:00,1.4212468901830535
1974-02-20 00:00:00,1.4212468901830535
1974-02-21 00:00:00,1.4354644040091449
1974-02-22 00:00:00,1.4510570986377673
1974-02-25 00:00:00,1.4252541224516804
1974-02-26 00:00:00,1.4372732282985268
1974-02-27 00:00:00,1.416359614603095
1974-02-28 00:00:00,1.419931256889664
1974-03-01 00:00:00,1.411909046398762
1974-03-04 00:00:00,1.4083330087962833
1974-03-05 00:00:00,1.4168107276440232
1974-03-06 00:00:00,1.4190253418348666
1974-03-07 00:00:00,1.4190253418348666
1974-03-08 00:00:00,1.427907630592219
1974-03-11 00:00:00,1.4448358586410093
1974-03-12 00:00:00,1.4403913614557975
1974-03-13 00:00:00,1.441698474018454
1974-03-14 00:00:00,1.427907630592219
1974-03-15 00:00:00,1.4314917591581464
1974-03-18 00:00:00,1.4372732282985268
1974-03-19 00:00:00,1.4439447663141296
1974-03-20 00:00:00,1.4546158207985151
1974-03-21 00:00:00,1.46796047968318
1974-03-22 00:00:00,1.4546158207985151
1974-03-25 00:00:00,1.4862051523784503
1974-03-26 00:00:00,1.4804182113897562
1974-03-27 00:00:00,1.4710673770904923
1974-03-28 00:00:00,1.490188148331359
1974-03-29 00:00:00,1.4750673613369831
1974-04-01 00:00:00,1.4621702795858198
1974-04-02 00:00:00,1.4683965939076846
1974-04-03 00:00:00,1.4501583183647724
1974-04-04 00:00:00,1.4466213468565656
1974-04-05 00:00:00,1.4550440408164134
1974-04-08 00:00:00,1.4514832256285897
1974-04-09 00:00:00,1.4457280514751663
1974-04-10 00:00:00,1.4466213468565656
1974-04-11 00:00:00,1.4537126279686077
1974-04-12 00:00:00,1.4523836494658287
1974-04-15 00:00:00,1.4519569936951855
1974-04-16 00:00:00,1.4546158207985151
1974-04-17 00:00:00,1.4613056869301078
1974-04-18 00:00:00,1.4715053395911144
1974-04-19 00:00:00,1.4697550523967289
1974-04-22 00:00:00,1.4763891940205573
1974-04-23 00:00:00,1.4910872663104418
1974-04-24 00:00:00,1.4999867283463515
1974-04-25 00:00:00,1.4928887611450614
1974-04-26 00:00:00,1.4982185314014145
1974-04-29 00:00:00,1.521327168804357
1974-04-30 00:00:00,1.516917524836808
1974-05-01 00:00:00,1.514232440883664
1974-05-02 00:00:00,1.5071014505976217
1974-05-03 00:00:00,1.5026722432131674
1974-05-06 00:00:00,1.5244553261082725
1974-05-07 00:00:00,1.5151092103487536
1974-05-08 00:00:00,1.5364605697651075
1974-05-09 00:00:00,1.5422669769385777
1974-05-10 00:00:00,1.548009688747195
1974-05-13 00:00:00,1.574696676549237
1974-05-14 00:00:00,1.5836100539636666
1974-05-15 00:00:00,1.5347112787938382
1974-05-16 00:00:00,1.5377884473273897
1974-05-17 00:00:00,1.5368852410115876
1974-05-20 00:00:00,1.5102225909298728
1974-05-21 00:00:00,1.5235677095537004
1974-05-22 00:00:00,1.5360361331436254
1974-05-23 00:00:00,1.5386927158713037
1974-05-24 00:00:00,1.5195602382947118
1974-05-28 00:00:00,1.5066420462604366
1974-05-29 00:00:00,1.4821940029268093
1974-05-30 00:00:00,1.4875470310272672
1974-05-31 00:00:00,1.4928887611450614
1974-06-03 00:00:00,1.5022155347777724
1974-06-04 00:00:00,1.496857339519463
1974-06-05 00:00:00,1.5062339219124166
1974-06-06 00:00:00,1.5190932082040567
1974-06-07 00:00:00,1.511556845826885
1974-06-10 00:00:00,1.5008977129306769
1974-06-11 00:00:00,1.491537232290752
1974-06-12 00:00:00,1.4782044467430764
1974-06-13 00:00:00,1.4821940029268093
1974-06-14 00:00:00,1.4848656924974764
1974-06-17 00:00:00,1.4879948625468942
1974-06-18 00:00:00,1.4839740597758004
1974-06-19 00:00:00,1.4821940029268093
1974-06-20 00:00:00,1.4799749281644674
1974-06-21 00:00:00,1.4733085952319875
1974-06-24 00:00:00,1.4613056869301078
1974-06-25 00:00:00,1.475507709162777
1974-06-26 00:00:00,1.4750673613369831
1974-06-27 00:00:00,1.4826571231603705
1974-06-28 00:00:00,1.4826571231603705
1974-07-01 00:00:00,1.4883312384592904
1974-07-02 00:00:00,1.4749370769020742
1974-07-03 00:00:00,1.4672753946987434
1974-07-05 00:00:00,1.4716149503127032
1974-07-08 00:00:00,1.4746814463635982
1974-07-09 00:00:00,1.4785792818533046
1974-07-10 00:00:00,1.481615765789756
1974-07-11 00:00:00,1.482420061013667
1974-07-12 00:00:00,1.4734414764436365
1974-07-15 00:00:00,1.4675861210322956
1974-07-16 00:00:00,1.469261763903665
1974-07-17 00:00:00,1.4527160108846802
1974-07-18 00:00:00,1.4570862515472927
1974-07-19 00:00:00,1.4583274622879634
1974-07-22 00:00:00,1.4502157209936726
1974-07-23 00:00:00,1.4502157209936726
1974-07-24 00:00:00,1.4688584802621636
1974-07-25 00:00:00,1.4430083310197106
1974-07-26 00:00:00,1.440018198938992
1974-07-29 00:00:00,1.4408992433842975
1974-07-30 00:00:00,1.4264504926430461
1974-07-31 00:00:00,1.4298666219302472
1974-08-01 00:00:00,1.4345117167055612
1974-08-02 00:00:00,1.4349487421422393
1974-08-05 00:00:00,1.439187090149925
1974-08-06 00:00:00,1.4340749573872136
1974-08-07 00:00:00,1.430686997649883
1974-08-08 00:00:00,1.423911045660745
1974-08-09 00:00:00,1.4336869500935485
1974-08-12 00:00:00,1.426882619420581
1974-08-13 00:00:00,1.4180048750749636
1974-08-14 00:00:00,1.4256349668863644
1974-08-15 00:00:00,1.4218096843993304
1974-08-16 00:00:00,1.4179968345129743
1974-08-19 00:00:00,1.4179968345129743
1974-08-20 00:00:00,1.4119496119987172
1974-08-21 00:00:00,1.4182580576299055
1974-08-22 00:00:00,1.4194476758045762
1974-08-23 00:00:00,1.415120249353268
1974-08-26 00:00:00,1.4099099108372282
1974-08-27 00:00:00,1.4213635500431796
1974-08-28 00:00:00,1.4140235238987118
1974-08-29 00:00:00,1.4173448819453822
1974-08-30 00:00:00,1.4189587113788822
1974-09-03 00:00:00,1.4188772173079331
1974-09-04 00:00:00,1.418795723236984
1974-09-05 00:00:00,1.4251289774802431
1974-09-06 00:00:00,1.4220580601117714
1974-09-09 00:00:00,1.4198670259641897
1974-09-10 00:00:00,1.4133715713311197
1974-09-11 00:00:00,1.420970517123619
1974-09-12 00:00:00,1.4157622506569683
1974-09-13 00:00:00,1.4169541524947211
1974-09-16 00:00:00,1.4155992625150702
1974-09-17 00:00:00,1.4099731797920818
1974-09-18 00:00:00,1.405214040805716
1974-09-19 00:00:00,1.4098101916501837
1974-09-20 00:00:00,1.410584530109466
1974-09-23 00:00:00,1.405400419008754
1974-09-24 00:00:00,1.4057495256253745
1974-09-25 00:00:00,1.4043754500717072
1974-09-26 00:00:00,1.4013169326850219
1974-09-27 00:00:00,1.397375746730538
1974-09-30 00:00:00,1.3875201797912995
1974-10-01 00:00:00,1.3875201797912995
1974-10-02 00:00:00,1.3826312348564067
1974-10-03 00:00:00,1.3867186628163275
1974-10-04 00:00:00,1.3956820632018365
1974-10-07 00:00:00,1.3940610619669913
1974-10-08 00:00:00,1.3924438217558925
1974-10-09 00:00:00,1.4046653883599522
1974-10-10 00:00:00,1.3981206457234472
1974-10-11 00:00:00,1.3956820632018365
1974-10-15 00:00:00,1.399367127113867
1974-10-16 00:00:00,1.407960791030592
1974-10-17 00:00:00,1.4091762267963295
1974-10-18 00:00:00,1.4128351576258162
1974-10-21 00:00:00,1.412004135631503
1974-10-22 00:00:00,1.4201608967156774
1974-10-23 00:00:00,1.4316194319799935
1974-10-24 00:00:00,1.4316194319799935
1974-10-25 00:00:00,1.4320213182687103
1974-10-28 00:00:00,1.4316194319799935
1974-10-29 00:00:00,1.4316194319799935
1974-10-30 00:00:00,1.4206058247649147
1974-10-31 00:00:00,1.4217936636596071
1974-11-01 00:00:00,1.4283624489174933
1974-11-04 00:00:00,1.438938807800208
1974-11-06 00:00:00,1.4487466196180803
1974-11-07 00:00:00,1.4638691271978514
1974-11-08 00:00:00,1.458532649321719
1974-11-12 00:00:00,1.439344814588287
1974-11-13 00:00:00,1.4528210583133392
1974-11-14 00:00:00,1.4944792004988354
1974-11-15 00:00:00,1.5058945951299518
1974-11-18 00:00:00,1.5650308148497354
1974-11-19 00:00:00,1.5393513457818153
1974-11-20 00:00:00,1.4773292618021179
1974-11-21 00:00:00,1.4487466196180803
1974-11-22 00:00:00,1.4903857836542875
1974-11-25 00:00:00,1.5181066709330293
1974-11-26 00:00:00,1.5324149873463893
1974-11-27 00:00:00,1.5201424244960775
1974-11-29 00:00:00,1.504673089300999
1974-12-02 00:00:00,1.48750659843345
1974-12-03 00:00:00,1.4997517007100696
1974-12-04 00:00:00,1.5234337586987345
1974-12-05 00:00:00,1.5393513457818153
1974-12-06 00:00:00,1.5303462529726515
1974-12-09 00:00:00,1.5450627921107674
1974-12-10 00:00:00,1.5507578480020403
1974-12-11 00:00:00,1.554064871592601
1974-12-12 00:00:00,1.5707533785466954
1974-12-13 00:00:00,1.56221504145855
1974-12-16 00:00:00,1.5716002436947552
1974-12-17 00:00:00,1.6038413648269483
1974-12-18 00:00:00,1.5915815891744356
1974-12-19 00:00:00,1.565871518994003
1974-12-20 00:00:00,1.5915815891744356
1974-12-23 00:00:00,1.5895358544839795
1974-12-24 00:00:00,1.6078855651086128
1974-12-26 00:00:00,1.6140540866960014
1974-12-27 00:00:00,1.6242037541997014
1974-12-30 00:00:00,1.6180858620999048
1974-12-31 00:00:00,1.6038413648269483
1975-01-02 00:00:00,1.5862612635760756
1975-01-03 00:00:00,1.6127783563081608
1975-01-06 00:00:00,1.6103600161006117
1975-01-07 00:00:00,1.6103600161006117
1975-01-08 00:00:00,1.5834300829558723
1975-01-09 00:00:00,1.5931970926418777
1975-01-10 00:00:00,1.5928239931314823
1975-01-13 00:00:00,1.5944420210205783
1975-01-14 00:00:00,1.584229174224445
1975-01-15 00:00:00,1.587927763736253
1975-01-16 00:00:00,1.5915815891744356
1975-01-17 00:00:00,1.59363259637698
1975-01-20 00:00:00,1.6197556470736933
1975-01-21 00:00:00,1.626663884248314
1975-01-22 00:00:00,1.6140540866960014
1975-01-23 00:00:00,1.632389741120868
1975-01-24 00:00:00,1.6507460370528961
1975-01-27 00:00:00,1.6915955866537493
1975-01-28 00:00:00,1.6528185787542706
1975-01-29 00:00:00,1.626274947318949
1975-01-30 00:00:00,1.6364481324894418
1975-01-31 00:00:00,1.6352678124708167
1975-02-03 00:00:00,1.619305750655571
1975-02-04 00:00:00,1.6017640131886999
1975-02-05 00:00:00,1.6062401514551776
1975-02-06 00:00:00,1.614437199462841
1975-02-07 00:00:00,1.61892032402498
1975-02-10 00:00:00,1.6303680846958453
1975-02-11 00:00:00,1.6282864592435744
1975-02-13 00:00:00,1.6507460370528961
1975-02-14 00:00:00,1.6536222508214147
1975-02-18 00:00:00,1.6540243800114176
1975-02-19 00:00:00,1.6454214792364203
1975-02-20 00:00:00,1.6650242157495594
1975-02-21 00:00:00,1.666247898416695
1975-02-24 00:00:00,1.6789296716181223
1975-02-25 00:00:00,1.6830148271206578
1975-02-26 00:00:00,1.69524959614596
1975-02-27 00:00:00,1.7038136075493364
1975-02-28 00:00:00,1.6980711325270126
1975-03-03 00:00:00,1.6989194258366305
1975-03-04 00:00:00,1.670750164907136
1975-03-05 00:00:00,1.674864299762854
1975-03-06 00:00:00,1.670750164907136
1975-03-07 00:00:00,1.6495450092167219
1975-03-10 00:00:00,1.651547694375625
1975-03-11 00:00:00,1.6519488150915518
1975-03-12 00:00:00,1.6413845283361501
1975-03-13 00:00:00,1.6384849049673467
1975-03-14 00:00:00,1.640526753819814
1975-03-17 00:00:00,1.6393405450318028
1975-03-18 00:00:00,1.6528185787542706
1975-03-19 00:00:00,1.658123822851524
1975-03-20 00:00:00,1.646682949119223
1975-03-21 00:00:00,1.637301646059045
1975-03-24 00:00:00,1.626663884248314
1975-03-25 00:00:00,1.6270530072570648
1975-03-26 00:00:00,1.6180858620999048
1975-03-27 00:00:00,1.6046611956598653
1975-03-28 00:00:00,1.607062437111983
1975-03-31 00:00:00,1.6078855651086128
1975-04-01 00:00:00,1.619305750655571
1975-04-02 00:00:00,1.6107413770138026
1975-04-03 00:00:00,1.607062437111983
1975-04-04 00:00:00,1.5911653331204982
1975-04-07 00:00:00,1.5911653331204982
1975-04-08 00:00:00,1.589013438869909
1975-04-09 00:00:00,1.5937835687903255
1975-04-10 00:00:00,1.6063290093000424
1975-04-11 00:00:00,1.6021296357670332
1975-04-14 00:00:00,1.60773448994553
1975-04-15 00:00:00,1.6015778239397898
1975-04-16 00:00:00,1.5998241065515826
1975-04-17 00:00:00,1.6005950149310448
1975-04-18 00:00:00,1.60167240434947
1975-04-21 00:00:00,1.6015809580659572
1975-04-22 00:00:00,1.5974219013356774
1975-04-23 00:00:00,1.5876323293946277
1975-04-24 00:00:00,1.5887284117869374
1975-04-25 00:00:00,1.600415630042919
1975-04-28 00:00:00,1.599523831175198
1975-04-29 00:00:00,1.5933107004756344
1975-04-30 00:00:00,1.5936536572011357
1975-05-01 00:00:00,1.593127807908609
1975-05-02 00:00:00,1.5942768826840759
1975-05-05 00:00:00,1.5880882878023486
1975-05-06 00:00:00,1.5855573676930066
1975-05-07 00:00:00,1.574934885122228
1975-05-08 00:00:00,1.5593984274592967
1975-05-09 00:00:00,1.562148954351343
1975-05-12 00:00:00,1.562895275663087
1975-05-13 00:00:00,1.5400739964600483
1975-05-14 00:00:00,1.5415706185134532
1975-05-15 00:00:00,1.5675013458879272
1975-05-16 00:00:00,1.5693921449267298
1975-05-19 00:00:00,1.567318453320902
1975-05-20 00:00:00,1.5639552534942907
1975-05-21 00:00:00,1.5516017527936747
1975-05-22 00:00:00,1.5516017527936747
1975-05-23 00:00:00,1.5519770192608129
1975-05-27 00:00:00,1.5546717502048149
1975-05-28 00:00:00,1.5512266677607671
1975-05-29 00:00:00,1.5450638426029233
1975-05-30 00:00:00,1.5388882806595883
1975-06-02 00:00:00,1.5412291699220306
1975-06-03 00:00:00,1.5477345993657436
1975-06-04 00:00:00,1.5423404996924344
1975-06-05 00:00:00,1.5435153100473957
1975-06-06 00:00:00,1.5381505290968098
1975-06-09 00:00:00,1.535818975380839
1975-06-10 00:00:00,1.5396883105583559
1975-06-11 00:00:00,1.5450638426029233
1975-06-12 00:00:00,1.5473613814734446
1975-06-13 00:00:00,1.5458082424146724
1975-06-16 00:00:00,1.5508517640305421
1975-06-17 00:00:00,1.5512266677607671
1975-06-18 00:00:00,1.5458082424146724
1975-06-19 00:00:00,1.544320159392814
1975-06-20 00:00:00,1.5438866747061613
1975-06-23 00:00:00,1.5412291699220306
1975-06-24 00:00:00,1.5415994351880777
1975-06-25 00:00:00,1.5427731164378202
1975-06-26 00:00:00,1.5438866747061613
1975-06-27 00:00:00,1.5400578357528898
1975-06-30 00:00:00,1.5385193164364532
1975-07-01 00:00:00,1.532761889160486
1975-07-02 00:00:00,1.519274165173319
1975-07-03 00:00:00,1.5169396751043003
1975-07-07 00:00:00,1.5038452423178754
1975-07-08 00:00:00,1.5096238195507468
1975-07-09 00:00:00,1.508086403988337
1975-07-10 00:00:00,1.4976452546423427
1975-07-11 00:00:00,1.4976452546423427
1975-07-14 00:00:00,1.5002853382645271
1975-07-15 00:00:00,1.5044138843268762
1975-07-16 00:00:00,1.5128569183511764
1975-07-17 00:00:00,1.5227767601145974
1975-07-18 00:00:00,1.5327285878369552
1975-07-21 00:00:00,1.5349650277365725
1975-07-22 00:00:00,1.5379641849478265
1975-07-23 00:00:00,1.552949171089473
1975-07-24 00:00:00,1.5497873721718822
1975-07-25 00:00:00,1.543891982726806
1975-07-28 00:00:00,1.5561288346601083
1975-07-29 00:00:00,1.5606899198329633
1975-07-30 00:00:00,1.5660141382923882
1975-07-31 00:00:00,1.5628566465192544
1975-08-01 00:00:00,1.563513161175766
1975-08-04 00:00:00,1.556876463705555
1975-08-05 00:00:00,1.5460099202673478
1975-08-06 00:00:00,1.5528418949778977
1975-08-07 00:00:00,1.5612578085249786
1975-08-08 00:00:00,1.5577082362084926
1975-08-11 00:00:00,1.5576221646421338
1975-08-12 00:00:00,1.5582834923836453
1975-08-13 00:00:00,1.5543453417889626
1975-08-14 00:00:00,1.541159064963571
1975-08-15 00:00:00,1.5468403407830493
1975-08-18 00:00:00,1.544039541423045
1975-08-19 00:00:00,1.5424287660987073
1975-08-20 00:00:00,1.548908669434829
1975-08-21 00:00:00,1.548065940844707
1975-08-22 00:00:00,1.5510555966295805
1975-08-25 00:00:00,1.5548359855835165
1975-08-26 00:00:00,1.5520133175789288
1975-08-27 00:00:00,1.5504203665996994
1975-08-28 00:00:00,1.55302294361632
1975-08-29 00:00:00,1.5544916993180815
1975-09-02 00:00:00,1.5539770455011395
1975-09-03 00:00:00,1.5485120567106254
1975-09-04 00:00:00,1.5530542682935813
1975-09-05 00:00:00,1.553718830802063
1975-09-08 00:00:00,1.5532575401155913
1975-09-09 00:00:00,1.5531714685492324
1975-09-10 00:00:00,1.5553872268027786
1975-09-11 00:00:00,1.558021701275842
1975-09-12 00:00:00,1.561017085751362
1975-09-15 00:00:00,1.5609310141850032
1975-09-16 00:00:00,1.5689628217611613
1975-09-17 00:00:00,1.5738907907325774
1975-09-18 00:00:00,1.5738047191662188
1975-09-19 00:00:00,1.5725727214740823
1975-09-22 00:00:00,1.5782495344402452
1975-09-23 00:00:00,1.577024993177052
1975-09-24 00:00:00,1.575383502615948
1975-09-25 00:00:00,1.5749340073986144
1975-09-26 00:00:00,1.5848513656869592
1975-09-29 00:00:00,1.5886457334917221
1975-09-30 00:00:00,1.584320732974894
1975-10-01 00:00:00,1.567229384360429
1975-10-02 00:00:00,1.562933106313361
1975-10-03 00:00:00,1.5728579319362725
1975-10-06 00:00:00,1.5654478427383978
1975-10-07 00:00:00,1.5588112829003928
1975-10-08 00:00:00,1.560262571026021
1975-10-09 00:00:00,1.5551279661136144
1975-10-10 00:00:00,1.538480562369914
1975-10-14 00:00:00,1.550730336001895
1975-10-15 00:00:00,1.5394534516863843
1975-10-16 00:00:00,1.530487193911618
1975-10-17 00:00:00,1.5334830900244834
1975-10-20 00:00:00,1.5307010101033276
1975-10-21 00:00:00,1.5259699068009531
1975-10-22 00:00:00,1.5200916931300343
1975-10-23 00:00:00,1.5234599167151153
1975-10-24 00:00:00,1.5234599167151153
1975-10-27 00:00:00,1.5210907065578811
1975-10-28 00:00:00,1.5158584535132102
1975-10-29 00:00:00,1.5198800601740374
1975-10-30 00:00:00,1.5254882603352091
1975-10-31 00:00:00,1.5278712000492238
1975-11-03 00:00:00,1.5286865927530966
1975-11-05 00:00:00,1.5170626990879916
1975-11-06 00:00:00,1.5234599167151153
1975-11-07 00:00:00,1.5222454975589121
1975-11-10 00:00:00,1.5214946840570618
1975-11-12 00:00:00,1.5202833947870187
1975-11-13 00:00:00,1.514255763610315
1975-11-14 00:00:00,1.5066324299392109
1975-11-17 00:00:00,1.4970149092015819
1975-11-18 00:00:00,1.5038075294443312
1975-11-19 00:00:00,1.5074253049540272
1975-11-20 00:00:00,1.5130559684459697
1975-11-21 00:00:00,1.5042023776328575
1975-11-24 00:00:00,1.504653886676121
1975-11-25 00:00:00,1.5062363051266519
1975-11-26 00:00:00,1.5014427866146982
1975-11-28 00:00:00,1.4981893894606035
1975-12-01 00:00:00,1.5033504914693165
1975-12-02 00:00:00,1.5033504914693165
1975-12-03 00:00:00,1.4987901001016342
1975-12-04 00:00:00,1.4987901001016342
1975-12-05 00:00:00,1.5007777347448423
1975-12-08 00:00:00,1.511083701182126
1975-12-09 00:00:00,1.50351222196272
1975-12-10 00:00:00,1.5039118341263575
1975-12-11 00:00:00,1.5015742655010191
1975-12-12 00:00:00,1.5007777347448423
1975-12-15 00:00:00,1.5007777347448423
1975-12-16 00:00:00,1.50351222196272
1975-12-17 00:00:00,1.507116394938773
1975-12-18 00:00:00,1.508666335620701
1975-12-19 00:00:00,1.5082641931147285
1975-12-22 00:00:00,1.5094712643058648
1975-12-23 00:00:00,1.5122375525116785
1975-12-24 00:00:00,1.508666335620701
1975-12-26 00:00:00,1.508666335620701
1975-12-29 00:00:00,1.5102770523673412
1975-12-30 00:00:00,1.5102770523673412
1975-12-31 00:00:00,1.511083701182126
1976-01-02 00:00:00,1.5130462974782597
1976-01-05 00:00:00,1.5288735081401121
1976-01-06 00:00:00,1.5269285264219696
1976-01-07 00:00:00,1.5241082797978256
1976-01-08 00:00:00,1.5229362494380918
1976-01-09 00:00:00,1.5193726639067817
1976-01-12 00:00:00,1.5201890606557622
1976-01-13 00:00:00,1.5193726639067817
1976-01-14 00:00:00,1.5229362494380918
1976-01-15 00:00:00,1.522526464554522
1976-01-16 00:00:00,1.5229362494380918
1976-01-19 00:00:00,1.5221753958489637
1976-01-20 00:00:00,1.5209479293213228
1976-01-21 00:00:00,1.5173936319727954
1976-01-22 00:00:00,1.5209479293213228
1976-01-23 00:00:00,1.5205975881213871
1976-01-26 00:00:00,1.5217660202622518
1976-01-27 00:00:00,1.5217660202622518
1976-01-28 00:00:00,1.5217660202622518
1976-01-29 00:00:00,1.5221753958489637
1976-01-30 00:00:00,1.5221753958489637
1976-02-02 00:00:00,1.5423280236511776
1976-02-03 00:00:00,1.5292867171963664
1976-02-04 00:00:00,1.5281067120133445
1976-02-05 00:00:00,1.527694140293358
1976-02-06 00:00:00,1.5265165905648395
1976-02-09 00:00:00,1.5375980580506943
1976-02-10 00:00:00,1.5383744115969196
1976-02-11 00:00:00,1.551450292807908
1976-02-13 00:00:00,1.5526666395682434
1976-02-17 00:00:00,1.5399893458548168
1976-02-18 00:00:00,1.5447340577741075
1976-02-19 00:00:00,1.549083889686178
1976-02-20 00:00:00,1.5447340577741075
1976-02-23 00:00:00,1.5475102940178116
1976-02-24 00:00:00,1.549508096994988
1976-02-25 00:00:00,1.546302009579773
1976-02-26 00:00:00,1.5447340577741075
1976-02-27 00:00:00,1.5419677648376955
1976-03-01 00:00:00,1.5288735081401121
1976-03-02 00:00:00,1.5312377150572503
1976-03-03 00:00:00,1.5344410171381044
1976-03-04 00:00:00,1.5281067120133445
1976-03-05 00:00:00,1.52970014966925
1976-03-08 00:00:00,1.5368224876958787
1976-03-09 00:00:00,1.5356308291158798
1976-03-10 00:00:00,1.5375980580506943
1976-03-11 00:00:00,1.52970014966925
1976-03-12 00:00:00,1.5312377150572503
1976-03-15 00:00:00,1.5344410171381044
1976-03-16 00:00:00,1.5344410171381044
1976-03-17 00:00:00,1.5582251849162394
1976-03-18 00:00:00,1.5637619319904412
1976-03-19 00:00:00,1.5621583898791516
1976-03-22 00:00:00,1.5589611514695116
1976-03-23 00:00:00,1.5443124600509162
1976-03-24 00:00:00,1.549083889686178
1976-03-25 00:00:00,1.5546167664410822
1976-03-26 00:00:00,1.5534582882451224
1976-03-29 00:00:00,1.5526666395682434
1976-03-30 00:00:00,1.560558133067487
1976-03-31 00:00:00,1.5601893085195528
1976-04-01 00:00:00,1.5677231733776327
1976-04-02 00:00:00,1.5585930813121587
1976-04-05 00:00:00,1.5593907864325152
1976-04-06 00:00:00,1.5617888086189775
1976-04-07 00:00:00,1.5566329721118446
1976-04-08 00:00:00,1.5665450868290576
1976-04-09 00:00:00,1.5617888086189775
1976-04-12 00:00:00,1.5601893085195528
1976-04-13 00:00:00,1.5645649381966302
1976-04-14 00:00:00,1.5708941847936024
1976-04-15 00:00:00,1.5680955689214098
1976-04-16 00:00:00,1.5621583898791516
1976-04-19 00:00:00,1.5672889353983022
1976-04-20 00:00:00,1.5697113294251928
1976-04-21 00:00:00,1.5645649381966302
1976-04-22 00:00:00,1.5665450868290576
1976-04-23 00:00:00,1.5665450868290576
1976-04-26 00:00:00,1.5680955689214098
1976-04-27 00:00:00,1.566111501142141
1976-04-28 00:00:00,1.5700846702099291
1976-04-29 00:00:00,1.5756434869673757
1976-04-30 00:00:00,1.5744534712161982
1976-05-03 00:00:00,1.5827582807347007
1976-05-04 00:00:00,1.5851653249844275
1976-05-05 00:00:00,1.589873799838875
1976-05-06 00:00:00,1.6049485787668012
1976-05-07 00:00:00,1.59860055597473
1976-05-10 00:00:00,1.59505984114795
1976-05-11 00:00:00,1.5966029496688927
1976-05-12 00:00:00,1.586689339237507
1976-05-13 00:00:00,1.5887259225617059
1976-05-14 00:00:00,1.5839608884022192
1976-05-17 00:00:00,1.5704581886279643
1976-05-18 00:00:00,1.572453292126956
1976-05-19 00:00:00,1.5863080610110896
1976-05-20 00:00:00,1.5954453385718959
1976-05-21 00:00:00,1.5878979303794853
1976-05-24 00:00:00,1.6021570251349362
1976-05-25 00:00:00,1.600991349045509
1976-05-26 00:00:00,1.6053388714540548
1976-05-27 00:00:00,1.6065108892876045
1976-05-28 00:00:00,1.6097100697141302
1976-06-01 00:00:00,1.6326680121758403
1976-06-02 00:00:00,1.654422370635558
1976-06-03 00:00:00,1.6465133844107869
1976-06-04 00:00:00,1.612462382974511
1976-06-07 00:00:00,1.6101026819262554
1976-06-08 00:00:00,1.5831378542462082
1976-06-09 00:00:00,1.5819364955422113
1976-06-10 00:00:00,1.5918545926929464
1976-06-11 00:00:00,1.5934556050764728
1976-06-14 00:00:00,1.5894909898224603
1976-06-15 00:00:00,1.5989877669607966
1976-06-16 00:00:00,1.6053388714540548
1976-06-17 00:00:00,1.5926867174146886
1976-06-18 00:00:00,1.5922385421846714
1976-06-21 00:00:00,1.5918545926929464
1976-06-22 00:00:00,1.5914708283263375
1976-06-23 00:00:00,1.5918545926929464
1976-06-24 00:00:00,1.6033243999103746
1976-06-25 00:00:00,1.6017682778787565
1976-06-28 00:00:00,1.6061200265758033
1976-06-29 00:00:00,1.600991349045509
1976-06-30 00:00:00,1.6045584758106497
1976-07-01 00:00:00,1.6037788385385228
1976-07-02 00:00:00,1.604168562447284
1976-07-06 00:00:00,1.6021570251349362
1976-07-07 00:00:00,1.59860055597473
1976-07-08 00:00:00,1.5974400474041497
1976-07-09 00:00:00,1.59860055597473
1976-07-12 00:00:00,1.59505984114795
1976-07-13 00:00:00,1.5962168926971019
1976-07-14 00:00:00,1.6002151735369217
1976-07-15 00:00:00,1.5969891934273803
1976-07-16 00:00:00,1.5958310223765464
1976-07-19 00:00:00,1.5954453385718959
1976-07-20 00:00:00,1.5922385421846714
1976-07-21 00:00:00,1.5894909898224603
1976-07-22 00:00:00,1.5784062315846774
1976-07-23 00:00:00,1.5763960031595114
1976-07-26 00:00:00,1.5791613896573593
1976-07-27 00:00:00,1.5811786816521314
1976-07-28 00:00:00,1.6021570251349362
1976-07-29 00:00:00,1.5934556050764728
1976-07-30 00:00:00,1.5958310223765464
1976-08-02 00:00:00,1.5997627519441775
1976-08-03 00:00:00,1.594225235475383
1976-08-04 00:00:00,1.5989877669607966
1976-08-05 00:00:00,1.5978266963324819
1976-08-06 00:00:00,1.5958310223765464
1976-08-09 00:00:00,1.5878979303794853
1976-08-10 00:00:00,1.5811786816521314
1976-08-11 00:00:00,1.589873799838875
1976-08-12 00:00:00,1.5863080610110896
1976-08-13 00:00:00,1.5914708283263375
1976-08-16 00:00:00,1.5926867174146886
1976-08-17 00:00:00,1.6029350860131883
1976-08-18 00:00:00,1.6028747628803441
1976-08-19 00:00:00,1.6028747628803441
1976-08-20 00:00:00,1.6036242516187
1976-08-23 00:00:00,1.6026905244018521
1976-08-24 00:00:00,1.6022096723987709
1976-08-25 00:00:00,1.6048993120391077
1976-08-26 00:00:00,1.6019333042552502
1976-08-27 00:00:00,1.6019333042552502
1976-08-30 00:00:00,1.6019333042552502
1976-08-31 00:00:00,1.6015454738946995
1976-09-01 00:00:00,1.605886934760169
1976-09-02 00:00:00,1.6003185823535335
1976-09-03 00:00:00,1.5983852077775587
1976-09-07 00:00:00,1.5991579967579503
1976-09-08 00:00:00,1.597904627786282
1976-09-09 00:00:00,1.597904627786282
1976-09-10 00:00:00,1.5962939667228737
1976-09-13 00:00:00,1.5967446244267278
1976-09-14 00:00:00,1.5971311050329062
1976-09-15 00:00:00,1.6026012846695137
1976-09-16 00:00:00,1.6026012846695137
1976-09-17 00:00:00,1.603378617548092
1976-09-20 00:00:00,1.6013720478842115
1976-09-21 00:00:00,1.603378617548092
1976-09-22 00:00:00,1.6049355477480094
1976-09-23 00:00:00,1.603378617548092
1976-09-24 00:00:00,1.6049355477480094
1976-09-27 00:00:00,1.6077326226295872
1976-09-28 00:00:00,1.6085149425465228
1976-09-29 00:00:00,1.613684281105679
1976-09-30 00:00:00,1.6223961962429367
1976-10-01 00:00:00,1.6180285119162916
1976-10-04 00:00:00,1.6121103388661222
1976-10-05 00:00:00,1.6148667561528987
1976-10-06 00:00:00,1.6208052217920976
1976-10-07 00:00:00,1.6192173646068986
1976-10-08 00:00:00,1.618424602127287
1976-10-12 00:00:00,1.6192173646068986
1976-10-13 00:00:00,1.6239902971481126
1976-10-14 00:00:00,1.6223961962429367
1976-10-15 00:00:00,1.6168414036903809
1976-10-18 00:00:00,1.6140782469946207
1976-10-19 00:00:00,1.620407965610286
1976-10-20 00:00:00,1.6243893119631367
1976-10-21 00:00:00,1.6200109041141797
1976-10-22 00:00:00,1.620407965610286
1976-10-25 00:00:00,1.6275885031240689
1976-10-26 00:00:00,1.6243893119631367
1976-10-27 00:00:00,1.6283234267123596
1976-10-28 00:00:00,1.6330830382107784
1976-10-29 00:00:00,1.6303311412658668
1976-11-01 00:00:00,1.6259873339129285
1976-11-03 00:00:00,1.6275885031240689
1976-11-04 00:00:00,1.623192855313029
1976-11-05 00:00:00,1.623192855313029
1976-11-08 00:00:00,1.625587533732473
1976-11-09 00:00:00,1.6239902971481126
1976-11-10 00:00:00,1.62638733079704
1976-11-12 00:00:00,1.6243893119631367
1976-11-15 00:00:00,1.6239902971481126
1976-11-16 00:00:00,1.6235914783128604
1976-11-17 00:00:00,1.620407965610286
1976-11-18 00:00:00,1.6223961962429367
1976-11-19 00:00:00,1.6212026728028361
1976-11-22 00:00:00,1.6338902297610924
1976-11-23 00:00:00,1.629527461616884
1976-11-24 00:00:00,1.6216003187858636
1976-11-26 00:00:00,1.625587533732473
1976-11-29 00:00:00,1.6243893119631367
1976-11-30 00:00:00,1.6223961962429367
1976-12-01 00:00:00,1.6172369128400117
1976-12-02 00:00:00,1.616050965458315
1976-12-03 00:00:00,1.616446087943757
1976-12-06 00:00:00,1.6219981598846827
1976-12-07 00:00:00,1.6152612997043654
1976-12-08 00:00:00,1.616446087943757
1976-12-09 00:00:00,1.618424602127287
1976-12-10 00:00:00,1.6172369128400117
1976-12-13 00:00:00,1.6172369128400117
1976-12-14 00:00:00,1.616446087943757
1976-12-15 00:00:00,1.616446087943757
1976-12-16 00:00:00,1.6192173646068986
1976-12-17 00:00:00,1.618424602127287
1976-12-20 00:00:00,1.6216003187858636
1976-12-21 00:00:00,1.6283234267123596
1976-12-22 00:00:00,1.6227944280044102
1976-12-23 00:00:00,1.6200109041141797
1976-12-24 00:00:00,1.6208052217920976
1976-12-27 00:00:00,1.6208052217920976
1976-12-28 00:00:00,1.618424602127287
1976-12-29 00:00:00,1.6216003187858636
1976-12-30 00:00:00,1.623192855313029
1976-12-31 00:00:00,1.6208052217920976
1977-01-03 00:00:00,1.6243893119631367
1977-01-04 00:00:00,1.6219981598846827
1977-01-05 00:00:00,1.6180285119162916
1977-01-06 00:00:00,1.6152612997043654
1977-01-07 00:00:00,1.6100818686585139
1977-01-10 00:00:00,1.5978243373132923
1977-01-11 00:00:00,1.59982202049364
1977-01-12 00:00:00,1.6026012846695137
1977-01-13 00:00:00,1.5949657465075646
1977-01-14 00:00:00,1.5949657465075646
1977-01-17 00:00:00,1.5948740818094895
1977-01-18 00:00:00,1.604323588077561
1977-01-19 00:00:00,1.604231923379486
1977-01-20 00:00:00,1.6021777861593782
1977-01-21 00:00:00,1.602466333927905
1977-01-24 00:00:00,1.6123217923663067
1977-01-25 00:00:00,1.6150403952428056
1977-01-26 00:00:00,1.6145122358083681
1977-01-27 00:00:00,1.6259372266926193
1977-01-28 00:00:00,1.6166955440370256
1977-01-31 00:00:00,1.6027395149076604
1977-02-01 00:00:00,1.6081976956489603
1977-02-02 00:00:00,1.607728866388311
1977-02-03 00:00:00,1.609207534413271
1977-02-04 00:00:00,1.610683086080376
1977-02-07 00:00:00,1.605817410427596
1977-02-08 00:00:00,1.6097478811635348
1977-02-09 00:00:00,1.607270542897935
1977-02-10 00:00:00,1.6087492109228951
1977-02-11 00:00:00,1.607841362717773
1977-02-14 00:00:00,1.6002390916004967
1977-02-15 00:00:00,1.607281048668209
1977-02-16 00:00:00,1.6071893839701337
1977-02-17 00:00:00,1.6055250118962436
1977-02-18 00:00:00,1.6037944081648021
1977-02-22 00:00:00,1.6120509956430038
1977-02-23 00:00:00,1.6159452510846377
1977-02-24 00:00:00,1.6257920465369389
1977-02-25 00:00:00,1.6241039327311164
1977-02-28 00:00:00,1.6311707010923646
1977-03-01 00:00:00,1.6299210181346486
1977-03-02 00:00:00,1.6301952295806619
1977-03-03 00:00:00,1.6293106158205546
1977-03-04 00:00:00,1.6260390606983808
1977-03-07 00:00:00,1.6283335291822227
1977-03-08 00:00:00,1.6318378202221355
1977-03-09 00:00:00,1.6349017417490492
1977-03-10 00:00:00,1.6324445900624642
1977-03-11 00:00:00,1.6323529253643891
1977-03-14 00:00:00,1.6306802583672426
1977-03-15 00:00:00,1.6321695959682387
1977-03-16 00:00:00,1.6316525930292654
1977-03-17 00:00:00,1.6280277198429403
1977-03-18 00:00:00,1.6259186029274695
1977-03-21 00:00:00,1.6250307490195541
1977-03-22 00:00:00,1.6169941674876416
1977-03-23 00:00:00,1.6209158396145378
1977-03-24 00:00:00,1.6283627182673712
1977-03-25 00:00:00,1.624296344105302
1977-03-28 00:00:00,1.621810099073338
1977-03-29 00:00:00,1.6233156366436499
1977-03-30 00:00:00,1.622425778917625
1977-03-31 00:00:00,1.62233411421955
1977-04-01 00:00:00,1.6226109476507258
1977-04-04 00:00:00,1.6201825220299366
1977-04-05 00:00:00,1.6208295366249528
1977-04-06 00:00:00,1.6183963246330229
1977-04-07 00:00:00,1.6158941911107396
1977-04-08 00:00:00,1.6158025264126645
1977-04-11 00:00:00,1.6161440561303815
1977-04-12 00:00:00,1.6080931191179642
1977-04-13 00:00:00,1.6048076289056639
1977-04-14 00:00:00,1.6086594018142233
1977-04-15 00:00:00,1.6022361590985834
1977-04-18 00:00:00,1.6013258402219137
1977-04-19 00:00:00,1.6056323382662772
1977-04-20 00:00:00,1.6095405133582967
1977-04-21 00:00:00,1.607451466231438
1977-04-22 00:00:00,1.607359801533363
1977-04-25 00:00:00,1.6064552516894972
1977-04-26 00:00:00,1.6134189211534387
1977-04-27 00:00:00,1.6134189211534387
1977-04-28 00:00:00,1.6166872864608277
1977-04-29 00:00:00,1.6170726707960983
1977-05-02 00:00:00,1.6150194081397429
1977-05-03 00:00:00,1.610546024214063
1977-05-04 00:00:00,1.6162379035038636
1977-05-05 00:00:00,1.615468113670879
1977-05-06 00:00:00,1.6146350017430102
1977-05-09 00:00:00,1.6113749207782493
1977-05-10 00:00:00,1.613035276183482
1977-05-11 00:00:00,1.6101637441228656
1977-05-12 00:00:00,1.613035276183482
1977-05-13 00:00:00,1.6109922471378508
1977-05-16 00:00:00,1.6109922471378508
1977-05-17 00:00:00,1.6146350017430102
1977-05-18 00:00:00,1.6150194081397429
1977-05-19 00:00:00,1.615468113670879
1977-05-20 00:00:00,1.615468113670879
1977-05-23 00:00:00,1.6158529169057048
1977-05-24 00:00:00,1.6172654318726027
1977-05-25 00:00:00,1.619131160949073
1977-05-26 00:00:00,1.625208398176721
1977-05-27 00:00:00,1.6231991674551467
1977-05-31 00:00:00,1.625013739127951
1977-06-01 00:00:00,1.6280687649575118
1977-06-02 00:00:00,1.6325746710496087
1977-06-03 00:00:00,1.6357896923051927
1977-06-06 00:00:00,1.6378302331470684
1977-06-07 00:00:00,1.6317238263284877
1977-06-08 00:00:00,1.6327711458575818
1977-06-09 00:00:00,1.6346071937324416
1977-06-10 00:00:00,1.6331642373781317
1977-06-13 00:00:00,1.6333608541248765
1977-06-14 00:00:00,1.6337542296767873
1977-06-15 00:00:00,1.6341477947539969
1977-06-16 00:00:00,1.6357239530578223
1977-06-17 00:00:00,1.635198229236985
1977-06-20 00:00:00,1.6304818781371548
1977-06-21 00:00:00,1.6268323723545224
1977-06-22 00:00:00,1.6307431837789093
1977-06-23 00:00:00,1.6325746710496087
1977-06-24 00:00:00,1.6323127781807818
1977-06-27 00:00:00,1.6370397427477696
1977-06-28 00:00:00,1.6386214873359553
1977-06-29 00:00:00,1.652257819434026
1977-06-30 00:00:00,1.650047396275907
1977-07-01 00:00:00,1.6537347279350645
1977-07-05 00:00:00,1.6718031349682823
1977-07-06 00:00:00,1.6715971548703352
1977-07-07 00:00:00,1.6779370542085912
1977-07-08 00:00:00,1.6793216620843252
1977-07-11 00:00:00,1.6894989466579964
1977-07-12 00:00:00,1.6825845028498467
1977-07-13 00:00:00,1.6878874978824667
1977-07-15 00:00:00,1.686069557743902
1977-07-18 00:00:00,1.6946339880064034
1977-07-19 00:00:00,1.695198630734602
1977-07-20 00:00:00,1.6968240765388671
1977-07-21 00:00:00,1.6930127334111642
1977-07-22 00:00:00,1.6984526424611
1977-07-25 00:00:00,1.7072152646255525
1977-07-26 00:00:00,1.7078599833810755
1977-07-27 00:00:00,1.7049982876984668
1977-07-28 00:00:00,1.6956223597707798
1977-07-29 00:00:00,1.6891483700173386
1977-08-01 00:00:00,1.6889380938602347
1977-08-02 00:00:00,1.695198630734602
1977-08-03 00:00:00,1.6937877288363627
1977-08-04 00:00:00,1.6894989466579964
1977-08-05 00:00:00,1.6968240765388671
1977-08-08 00:00:00,1.6874676253705554
1977-08-09 00:00:00,1.6905515502549342
1977-08-10 00:00:00,1.6836285056437557
1977-08-11 00:00:00,1.6858600473817584
1977-08-12 00:00:00,1.6801535242079588
1977-08-15 00:00:00,1.678144599816022
1977-08-16 00:00:00,1.6655094166436613
1977-08-17 00:00:00,1.6713912255230698
1977-08-18 00:00:00,1.676485671140036
1977-08-19 00:00:00,1.682236789582054
1977-08-22 00:00:00,1.6866984013898223
1977-08-23 00:00:00,1.694845684944318
1977-08-24 00:00:00,1.711882533812996
1977-08-25 00:00:00,1.701505753268584
1977-08-26 00:00:00,1.7141174615261234
1977-08-29 00:00:00,1.6956223597707798
1977-08-30 00:00:00,1.701363504741788
1977-08-31 00:00:00,1.6997293545451349
1977-09-01 00:00:00,1.7000843374937473
1977-09-02 00:00:00,1.6999423265229001
1977-09-06 00:00:00,1.6997293545451349
1977-09-07 00:00:00,1.7082183709211314
1977-09-08 00:00:00,1.7090791150089355
1977-09-09 00:00:00,1.705212582175114
1977-09-12 00:00:00,1.7037849689789357
1977-09-13 00:00:00,1.7037849689789357
1977-09-14 00:00:00,1.702573375886296
1977-09-15 00:00:00,1.7057842975540756
1977-09-16 00:00:00,1.7076450230307447
1977-09-19 00:00:00,1.7098688927885148
1977-09-20 00:00:00,1.7190403819714404
1977-09-21 00:00:00,1.7198393950789235
1977-09-22 00:00:00,1.7236996198677763
1977-09-23 00:00:00,1.725380208729877
1977-09-26 00:00:00,1.7310304565107724
1977-09-27 00:00:00,1.7204936857563429
1977-09-28 00:00:00,1.7306624340478698
1977-09-29 00:00:00,1.7379785270053292
1977-09-30 00:00:00,1.7339064123684844
1977-10-03 00:00:00,1.7420698135566601
1977-10-04 00:00:00,1.7424427040514487
1977-10-05 00:00:00,1.7427411314038874
1977-10-06 00:00:00,1.7534019352921981
1977-10-07 00:00:00,1.7595417224597008
1977-10-11 00:00:00,1.7599221310130064
1977-10-12 00:00:00,1.7656480619442043
1977-10-13 00:00:00,1.772568553433403
1977-10-14 00:00:00,1.785163119470956
1977-10-17 00:00:00,1.7953208558924525
1977-10-18 00:00:00,1.801678505773883
1977-10-19 00:00:00,1.802715879348826
1977-10-20 00:00:00,1.8004033761196885
1977-10-21 00:00:00,1.8035146722765771
1977-10-24 00:00:00,1.8234720274153398
1977-10-25 00:00:00,1.8181773931893952
1977-10-26 00:00:00,1.81980323365545
1977-10-27 00:00:00,1.814853485706416
1977-10-28 00:00:00,1.8175278701410111
1977-10-31 00:00:00,1.822818716643728
1977-11-01 00:00:00,1.837715329778662
1977-11-02 00:00:00,1.829948706228657
1977-11-03 00:00:00,1.8378812934136097
1977-11-04 00:00:00,1.832007882429572
1977-11-07 00:00:00,1.829948706228657
1977-11-09 00:00:00,1.8307718209759714
1977-11-10 00:00:00,1.8405407942451752
1977-11-14 00:00:00,1.8464691341440729
1977-11-15 00:00:00,1.8450461978212962
1977-11-16 00:00:00,1.8527730846657773
1977-11-17 00:00:00,1.8421235177161261
1977-11-18 00:00:00,1.8490695586015717
1977-11-21 00:00:00,1.8510878262660453
1977-11-22 00:00:00,1.855560479778336
1977-11-23 00:00:00,1.8590353121374714
1977-11-25 00:00:00,1.8845133403064076
1977-11-28 00:00:00,1.8970738347209415
1977-11-29 00:00:00,1.887134603298303
1977-11-30 00:00:00,1.8832925746778546
1977-12-01 00:00:00,1.898312537845147
1977-12-02 00:00:00,1.9031945723341346
1977-12-05 00:00:00,1.9154651571338794
1977-12-06 00:00:00,1.914203975165207
1977-12-07 00:00:00,1.918715840472248
1977-12-08 00:00:00,1.9133940919489372
1977-12-09 00:00:00,1.9028386687207948
1977-12-12 00:00:00,1.9166377436399413
1977-12-13 00:00:00,1.9325634644099423
1977-12-14 00:00:00,1.9586025274980896
1977-12-15 00:00:00,1.9667416827222899
1977-12-16 00:00:00,1.9760993894226246
1977-12-19 00:00:00,2.0098621857655323
1977-12-20 00:00:00,2.005801257832535
1977-12-21 00:00:00,2.020036682909216
1977-12-22 00:00:00,1.9903041136399904
1977-12-23 00:00:00,1.9841914456168186
1977-12-27 00:00:00,1.9781162093671174
1977-12-28 00:00:00,2.000871061052886
1977-12-29 00:00:00,2.0228477274458423
1977-12-30 00:00:00,2.042028854301515
1978-01-03 00:00:00,2.113277213080883
1978-01-04 00:00:00,2.111632639374205
1978-01-05 00:00:00,1.9923500476742766
1978-01-06 00:00:00,2.0350859561968897
1978-01-09 00:00:00,2.0147371113720323
1978-01-10 00:00:00,2.0240548572250137
1978-01-11 00:00:00,2.0566811078290956
1978-01-12 00:00:00,2.043258992165552
1978-01-13 00:00:00,2.0575128462206953
1978-01-16 00:00:00,2.0676514667989743
1978-01-17 00:00:00,2.041209584951745
1978-01-18 00:00:00,2.020839040958135
1978-01-19 00:00:00,2.0325452746036357
1978-01-20 00:00:00,2.0310239083801296
1978-01-23 00:00:00,2.0513945428122473
1978-01-24 00:00:00,2.065238437382677
1978-01-25 00:00:00,2.0786333243418516
1978-01-26 00:00:00,2.0586575855514537
1978-01-27 00:00:00,2.047267196013168
1978-01-30 00:00:00,2.0485036551380436
1978-01-31 00:00:00,2.047267196013168
1978-02-01 00:00:00,2.0493287912964
1978-02-02 00:00:00,2.057096892951471
1978-02-03 00:00:00,2.068492103671179
1978-02-06 00:00:00,2.0724944815895814
1978-02-07 00:00:00,2.0766183226498875
1978-02-08 00:00:00,2.07133430656172
1978-02-09 00:00:00,2.0784210347718837
1978-02-10 00:00:00,2.089196136122462
1978-02-14 00:00:00,2.1197707996426125
1978-02-15 00:00:00,2.1197707996426125
1978-02-16 00:00:00,2.1425340382132863
1978-02-17 00:00:00,2.1613062406509025
1978-02-21 00:00:00,2.214216033290055
1978-02-22 00:00:00,2.2283996235388885
1978-02-23 00:00:00,2.2662427129141314
1978-02-24 00:00:00,2.197835688964728
1978-02-27 00:00:00,2.1571824848387635
1978-02-28 00:00:00,2.2357439782443174
1978-03-01 00:00:00,2.216265675139548
1978-03-02 00:00:00,2.216265675139548
1978-03-03 00:00:00,2.1897949708902886
1978-03-06 00:00:00,2.1674060985109858
1978-03-07 00:00:00,2.16613726045438
1978-03-08 00:00:00,2.1514810827750184
1978-03-09 00:00:00,2.0659722412028727
1978-03-10 00:00:00,2.079907973015371
1978-03-13 00:00:00,2.0887672751687263
1978-03-14 00:00:00,2.0941407246314983
1978-03-15 00:00:00,2.1026873546488503
1978-03-16 00:00:00,2.165330591261254
1978-03-17 00:00:00,2.1420830021545076
1978-03-20 00:00:00,2.1193292957010046
1978-03-21 00:00:00,2.103013285312483
1978-03-22 00:00:00,2.125083231031055
1978-03-23 00:00:00,2.130756942934656
1978-03-24 00:00:00,2.140956242382715
1978-03-27 00:00:00,2.1595860945475565
1978-03-28 00:00:00,2.153074435248508
1978-03-29 00:00:00,2.1621099136221935
1978-03-30 00:00:00,2.165330591261254
1978-03-31 00:00:00,2.22231608648309
1978-04-03 00:00:00,2.1999740081043075
1978-04-04 00:00:00,2.1632590552185915
1978-04-05 00:00:00,2.175515480460623
1978-04-06 00:00:00,2.182046808767373
1978-04-07 00:00:00,2.1774940682611703
1978-04-10 00:00:00,2.1929805562466482
1978-04-11 00:00:00,2.1897949708902886
1978-04-12 00:00:00,2.1815789850424934
1978-04-13 00:00:00,2.1674060985109858
1978-04-14 00:00:00,2.1571824848387635
1978-04-17 00:00:00,2.140956242382715
1978-04-18 00:00:00,2.1299764050414884
1978-04-19 00:00:00,2.1091159251703697
1978-04-20 00:00:00,2.056265490751631
1978-04-21 00:00:00,2.0867325877435428
1978-04-24 00:00:00,2.079907973015371
1978-04-25 00:00:00,2.0786333243418516
1978-04-26 00:00:00,2.0737616102276353
1978-04-27 00:00:00,2.1104282445264855
1978-04-28 00:00:00,2.0927950899345262
1978-05-01 00:00:00,2.0927950899345262
1978-05-02 00:00:00,2.114707597571838
1978-05-03 00:00:00,2.110894619045245
1978-05-04 00:00:00,2.0928644590096592
1978-05-05 00:00:00,2.097250584411934
1978-05-08 00:00:00,2.1239749586552343
1978-05-09 00:00:00,2.1234372836842708
1978-05-10 00:00:00,2.1122994839018
1978-05-11 00:00:00,2.1225703163454135
1978-05-12 00:00:00,2.1397443170327946
1978-05-15 00:00:00,2.1394186408117664
1978-05-16 00:00:00,2.1444210325246167
1978-05-17 00:00:00,2.1391780896520034
1978-05-18 00:00:00,2.1189358854886295
1978-05-19 00:00:00,2.127784289901598
1978-05-22 00:00:00,2.1223548034653392
1978-05-23 00:00:00,2.120667773292806
1978-05-24 00:00:00,2.116462767962474
1978-05-25 00:00:00,2.10282179183263
1978-05-26 00:00:00,2.0941608895295776
1978-05-29 00:00:00,2.0827240577330337
1978-05-31 00:00:00,2.029270038339228
1978-06-01 00:00:00,2.031084887965414
1978-06-02 00:00:00,2.021598273578271
1978-06-05 00:00:00,2.081809423811746
1978-06-06 00:00:00,2.0543449089661237
1978-06-07 00:00:00,2.050212243664818
1978-06-08 00:00:00,2.0354759596353422
1978-06-09 00:00:00,2.0326882824297106
1978-06-12 00:00:00,2.0326882824297106
1978-06-13 00:00:00,2.0249712480856585
1978-06-14 00:00:00,2.033441688019936
1978-06-15 00:00:00,2.0165710838030098
1978-06-16 00:00:00,2.028715251978052
1978-06-19 00:00:00,2.0292512401555887
1978-06-20 00:00:00,2.0480816873737147
1978-06-21 00:00:00,2.0599463455422686
1978-06-22 00:00:00,2.040355951543115
1978-06-23 00:00:00,2.0596149157966597
1978-06-26 00:00:00,2.0596149157966597
1978-06-27 00:00:00,2.0553160139119355
1978-06-28 00:00:00,2.064930622644613
1978-06-29 00:00:00,2.0691583900832176
1978-06-30 00:00:00,2.074523537162085
1978-07-03 00:00:00,2.097983049437013
1978-07-05 00:00:00,2.113338087164017
1978-07-06 00:00:00,2.0934085429242035
1978-07-07 00:00:00,2.1095072628368317
1978-07-10 00:00:00,2.1235045463060276
1978-07-11 00:00:00,2.11694943608095
1978-07-12 00:00:00,2.109854945607324
1978-07-13 00:00:00,2.1160162940076326
1978-07-14 00:00:00,2.1156665777845154
1978-07-17 00:00:00,2.0922680315959967
1978-07-18 00:00:00,2.0994740717223115
1978-07-19 00:00:00,2.11694943608095
1978-07-20 00:00:00,2.129509799264973
1978-07-21 00:00:00,2.141742218501172
1978-07-24 00:00:00,2.158717241143593
1978-07-25 00:00:00,2.1601743570674157
1978-07-26 00:00:00,2.15097903662734
1978-07-27 00:00:00,2.1429373204589317
1978-07-28 00:00:00,2.1832620648063967
1978-07-31 00:00:00,2.2120603490550383
1978-08-01 00:00:00,2.215889430497058
1978-08-02 00:00:00,2.2428067347979046
1978-08-03 00:00:00,2.2485847953594775
1978-08-04 00:00:00,2.2235875004310413
1978-08-07 00:00:00,2.2496385519269237
1978-08-08 00:00:00,2.2697151134718982
1978-08-09 00:00:00,2.27765729908929
1978-08-10 00:00:00,2.2861995308932324
1978-08-11 00:00:00,2.330314303394692
1978-08-14 00:00:00,2.4194279417844466
1978-08-15 00:00:00,2.3887279790971276
1978-08-16 00:00:00,2.4098631852374828
1978-08-17 00:00:00,2.3234061177291134
1978-08-18 00:00:00,2.334989950747523
1978-08-21 00:00:00,2.302234861216025
1978-08-22 00:00:00,2.306105789944425
1978-08-23 00:00:00,2.302234861216025
1978-08-24 00:00:00,2.3155610322547187
1978-08-25 00:00:00,2.2844316054931006
1978-08-28 00:00:00,2.270386031329856
1978-08-29 00:00:00,2.334989950747523
1978-08-30 00:00:00,2.331163027798016
1978-08-31 00:00:00,2.340682618391206
1978-09-01 00:00:00,2.392746399996543
1978-09-05 00:00:00,2.374989469384324
1978-09-06 00:00:00,2.3764591410856752
1978-09-07 00:00:00,2.374255314988842
1978-09-08 00:00:00,2.3517195174491436
1978-09-11 00:00:00,2.3683983792750247
1978-09-12 00:00:00,2.3713232306233105
1978-09-13 00:00:00,2.4062393308235914
1978-09-14 00:00:00,2.404732606133032
1978-09-15 00:00:00,2.409258451690371
1978-09-18 00:00:00,2.430606311388893
1978-09-19 00:00:00,2.4445308542294413
1978-09-20 00:00:00,2.49535930603928
1978-09-21 00:00:00,2.533217659626947
1978-09-22 00:00:00,2.521574505577447
1978-09-25 00:00:00,2.5739664691651822
1978-09-26 00:00:00,2.5774214577143972
1978-09-27 00:00:00,2.5653693867698406
1978-09-28 00:00:00,2.526551297364771
1978-09-29 00:00:00,2.477650304512549
1978-10-02 00:00:00,2.412285158287972
1978-10-03 00:00:00,2.4398716467563224
1978-10-04 00:00:00,2.4138013651756456
1978-10-05 00:00:00,2.416839504087131
1978-10-06 00:00:00,2.4138013651756456
1978-10-10 00:00:00,2.442975809156776
1978-10-11 00:00:00,2.486473274195178
1978-10-12 00:00:00,2.487278479271018
1978-10-13 00:00:00,2.515792972154898
1978-10-16 00:00:00,2.526551297364771
1978-10-17 00:00:00,2.5390796509054225
1978-10-18 00:00:00,2.5441258509403455
1978-10-19 00:00:00,2.5100378901924523
1978-10-20 00:00:00,2.5348897504913874
1978-10-23 00:00:00,2.5190934548996076
1978-10-24 00:00:00,2.5100378901924523
1978-10-25 00:00:00,2.533217659626947
1978-10-26 00:00:00,2.544968834986383
1978-10-27 00:00:00,2.5534295026558853
1978-10-30 00:00:00,2.6107124214782127
1978-10-31 00:00:00,2.560238647996301
1978-11-01 00:00:00,2.4153194792417936
1978-11-02 00:00:00,2.396479233693886
1978-11-03 00:00:00,2.3691289154808466
1978-11-06 00:00:00,2.327489679996637
1978-11-08 00:00:00,2.3764591410856752
1978-11-09 00:00:00,2.359666956678619
1978-11-10 00:00:00,2.3662094713459343
1978-11-13 00:00:00,2.3589422432398353
1978-11-14 00:00:00,2.353160522055424
1978-11-15 00:00:00,2.3395418653636626
1978-11-16 00:00:00,2.2737465790375677
1978-11-17 00:00:00,2.227585830623232
1978-11-20 00:00:00,2.205834561742936
1978-11-21 00:00:00,2.2282688772032873
1978-11-22 00:00:00,2.2282688772032873
1978-11-24 00:00:00,2.241389790282974
1978-11-27 00:00:00,2.239833424179299
1978-11-28 00:00:00,2.239735648651605
1978-11-29 00:00:00,2.225901823661761
1978-11-30 00:00:00,2.2385663027352116
1978-12-01 00:00:00,2.2389555649138573
1978-12-04 00:00:00,2.215158987058393
1978-12-05 00:00:00,2.21205204622196
1978-12-06 00:00:00,2.211451715422417
1978-12-07 00:00:00,2.209844507110743
1978-12-08 00:00:00,2.205202469782161
1978-12-11 00:00:00,2.195943698668861
1978-12-12 00:00:00,2.199929473062388
1978-12-13 00:00:00,2.2084456414135167
1978-12-14 00:00:00,2.191547480305843
1978-12-15 00:00:00,2.1873273333933234
1978-12-18 00:00:00,2.1594166004300352
1978-12-19 00:00:00,2.1426350109902814
1978-12-20 00:00:00,2.1436231041296128
1978-12-21 00:00:00,2.154311799097224
1978-12-22 00:00:00,2.160113138023743
1978-12-26 00:00:00,2.160113138023743
1978-12-27 00:00:00,2.19745995362403
1978-12-28 00:00:00,2.190022396857918
1978-12-29 00:00:00,2.196781725243282
1979-01-02 00:00:00,2.192721130557065
1979-01-03 00:00:00,2.163395984738065
1979-01-04 00:00:00,2.1581482079406404
1979-01-05 00:00:00,2.160768910075359
1979-01-08 00:00:00,2.164711919035351
1979-01-09 00:00:00,2.1367675742384367
1979-01-10 00:00:00,2.1419117634030194
1979-01-11 00:00:00,2.1221147256375175
1979-01-12 00:00:00,2.110138677146444
1979-01-15 00:00:00,2.110138677146444
1979-01-16 00:00:00,2.1333419226216486
1979-01-17 00:00:00,2.1333419226216486
1979-01-18 00:00:00,2.1378270658049137
1979-01-19 00:00:00,2.1378270658049137
1979-01-22 00:00:00,2.1365471791350514
1979-01-23 00:00:00,2.1365471791350514
1979-01-24 00:00:00,2.142283967754848
1979-01-25 00:00:00,2.142283967754848
1979-01-26 00:00:00,2.1402565955708046
1979-01-29 00:00:00,2.1382258350372663
1979-01-30 00:00:00,2.143182232099622
1979-01-31 00:00:00,2.155653326120215
1979-02-01 00:00:00,2.1679771193947395
1979-02-02 00:00:00,2.1666158631623036
1979-02-05 00:00:00,2.143955877416939
1979-02-06 00:00:00,2.1368504816424876
1979-02-07 00:00:00,2.103093710238945
1979-02-08 00:00:00,2.1009980034857403
1979-02-09 00:00:00,2.1074363351135745
1979-02-13 00:00:00,2.1144853909858274
1979-02-14 00:00:00,2.1243242443271266
1979-02-15 00:00:00,2.1122877971235945
1979-02-16 00:00:00,2.1218864889183235
1979-02-20 00:00:00,2.1191794114220293
1979-02-21 00:00:00,2.1216402493818003
1979-02-22 00:00:00,2.1182862165602074
1979-02-23 00:00:00,2.112323039800016
1979-02-26 00:00:00,2.10658989467913
1979-02-27 00:00:00,2.1124671178591474
1979-02-28 00:00:00,2.12037923995206
1979-03-01 00:00:00,2.1228354519984234
1979-03-02 00:00:00,2.123999691042828
1979-03-05 00:00:00,2.127088261316288
1979-03-06 00:00:00,2.124267965246623
1979-03-07 00:00:00,2.1126385944619006
1979-03-08 00:00:00,2.1131651466850423
1979-03-09 00:00:00,2.1143402038241534
1979-03-12 00:00:00,2.1182349904825952
1979-03-13 00:00:00,2.1182349904825952
1979-03-14 00:00:00,2.123276743009376
1979-03-15 00:00:00,2.123276743009376
1979-03-16 00:00:00,2.123533466367222
1979-03-19 00:00:00,2.124294665473147
1979-03-20 00:00:00,2.1273210279342836
1979-03-21 00:00:00,2.13284262213425
1979-03-22 00:00:00,2.13034140343803
1979-03-23 00:00:00,2.134473099643378
1979-03-26 00:00:00,2.1228013019730807
1979-03-27 00:00:00,2.130476648716217
1979-03-28 00:00:00,2.1265888635401424
1979-03-29 00:00:00,2.132735671572738
1979-03-30 00:00:00,2.138845495325502
1979-04-02 00:00:00,2.1504632590959636
1979-04-03 00:00:00,2.152673503852622
1979-04-04 00:00:00,2.151447363722211
1979-04-05 00:00:00,2.1562236053812986
1979-04-06 00:00:00,2.1618278336743555
1979-04-09 00:00:00,2.176184591217703
1979-04-10 00:00:00,2.1692103242107743
1979-04-11 00:00:00,2.1627974073598457
1979-04-12 00:00:00,2.1777338181342034
1979-04-13 00:00:00,2.179642923723811
1979-04-16 00:00:00,2.1801175286909475
1979-04-17 00:00:00,2.1752127635061784
1979-04-18 00:00:00,2.161216054239641
1979-04-19 00:00:00,2.16048655636973
1979-04-20 00:00:00,2.172206714373769
1979-04-23 00:00:00,2.168714967412888
1979-04-24 00:00:00,2.164970337373296
1979-04-25 00:00:00,2.1599984467736357
1979-04-26 00:00:00,2.1580518795982555
1979-04-27 00:00:00,2.1621821498365135
1979-04-30 00:00:00,2.1687073699991912
1979-05-01 00:00:00,2.163997244149243
1979-05-02 00:00:00,2.1726713119184646
1979-05-03 00:00:00,2.1689434774766996
1979-05-04 00:00:00,2.1652030573209986
1979-05-07 00:00:00,2.1584144025902967
1979-05-08 00:00:00,2.158900200182424
1979-05-09 00:00:00,2.15817034779225
1979-05-10 00:00:00,2.1643524136976167
1979-05-11 00:00:00,2.1673681495813075
1979-05-14 00:00:00,2.1650748351898215
1979-05-15 00:00:00,2.1757640206925215
1979-05-16 00:00:00,2.1743266659136875
1979-05-17 00:00:00,2.18147768809571
1979-05-18 00:00:00,2.188459717833681
1979-05-21 00:00:00,2.1895169380691475
1979-05-22 00:00:00,2.1864442471773224
1979-05-23 00:00:00,2.18395557009663
1979-05-24 00:00:00,2.180867551100592
1979-05-25 00:00:00,2.1840668603265225
1979-05-28 00:00:00,2.1859561375812286
1979-05-29 00:00:00,2.189373889487814
1979-05-31 00:00:00,2.170230763937994
1979-06-01 00:00:00,2.180851296621324
1979-06-04 00:00:00,2.1742971567120404
1979-06-05 00:00:00,2.1827423859806756
1979-06-06 00:00:00,2.183212668533358
1979-06-07 00:00:00,2.1746477375250186
1979-06-08 00:00:00,2.175719043920904
1979-06-11 00:00:00,2.178931024505053
1979-06-12 00:00:00,2.1782144289126175
1979-06-13 00:00:00,2.1753529617238336
1979-06-14 00:00:00,2.1718861179332167
1979-06-15 00:00:00,2.138821761913214
1979-06-18 00:00:00,2.150610880390646
1979-06-19 00:00:00,2.11762336256795
1979-06-20 00:00:00,2.1105501143212275
1979-06-21 00:00:00,2.087356581407655
1979-06-22 00:00:00,2.079432460849943
1979-06-25 00:00:00,2.065543407196647
1979-06-26 00:00:00,2.065543407196647
1979-06-27 00:00:00,2.0711495262149735
1979-06-28 00:00:00,2.073025001185889
1979-06-29 00:00:00,2.076158352155034
1979-07-02 00:00:00,2.073650914531658
1979-07-03 00:00:00,2.0717743073691857
1979-07-05 00:00:00,2.07804291344292
1979-07-06 00:00:00,2.064301721950361
1979-07-09 00:00:00,2.06207044644474
1979-07-10 00:00:00,2.0661648101470673
1979-07-11 00:00:00,2.073025001185889
1979-07-12 00:00:00,2.073650914531658
1979-07-13 00:00:00,2.0749038758093206
1979-07-16 00:00:00,2.084982340294126
1979-07-17 00:00:00,2.100284962975184
1979-07-18 00:00:00,2.10608151761081
1979-07-19 00:00:00,2.0983598621841892
1979-07-20 00:00:00,2.0913312511963618
1979-07-23 00:00:00,2.1036301852881807
1979-07-24 00:00:00,2.1022135993048217
1979-07-25 00:00:00,2.093881655161235
1979-07-26 00:00:00,2.0877711055839163
1979-07-27 00:00:00,2.0894225217307123
1979-07-30 00:00:00,2.0711495262149735
1979-07-31 00:00:00,2.06990109370972
1979-08-01 00:00:00,2.0721493570265666
1979-08-02 00:00:00,2.0711495262149735
1979-08-03 00:00:00,2.0689034308136076
1979-08-06 00:00:00,2.073650914531658
1979-08-07 00:00:00,2.06990109370972
1979-08-08 00:00:00,2.0711495262149735
1979-08-09 00:00:00,2.0793011895031337
1979-08-10 00:00:00,2.085362187687147
1979-08-13 00:00:00,2.07804291344292
1979-08-14 00:00:00,2.0715243496799336
1979-08-15 00:00:00,2.072399465579014
1979-08-16 00:00:00,2.0749038758093206
1979-08-17 00:00:00,2.0692774416778703
1979-08-20 00:00:00,2.0679067291728446
1979-08-21 00:00:00,2.0692774416778703
1979-08-22 00:00:00,2.0695268573883117
1979-08-23 00:00:00,2.072649634514984
1979-08-24 00:00:00,2.0746531624362166
1979-08-27 00:00:00,2.0684049599231575
1979-08-28 00:00:00,2.069402142017853
1979-08-29 00:00:00,2.0654191714570103
1979-08-30 00:00:00,2.076032836264087
1979-08-31 00:00:00,2.0734005038427883
1979-09-04 00:00:00,2.074277205958578
1979-09-05 00:00:00,2.0770373885347038
1979-09-06 00:00:00,2.0947757667690023
1979-09-07 00:00:00,2.109315672275446
1979-09-10 00:00:00,2.109963695523457
1979-09-11 00:00:00,2.0996428703542804
1979-09-12 00:00:00,2.109315672275446
1979-09-13 00:00:00,2.0996428703542804
1979-09-14 00:00:00,2.1022135993048217
1979-09-17 00:00:00,2.10414578092183
1979-09-18 00:00:00,2.109315672275446
1979-09-19 00:00:00,2.1177711467557363
1979-09-20 00:00:00,2.1699626631686737
1979-09-21 00:00:00,2.185151711399571
1979-09-24 00:00:00,2.1742218022441597
1979-09-25 00:00:00,2.180572716830344
1979-09-26 00:00:00,2.176150769622576
1979-09-27 00:00:00,2.205501550715752
1979-09-28 00:00:00,2.2097592757171336
1979-10-01 00:00:00,2.218324234150146
1979-10-02 00:00:00,2.1956303800923442
1979-10-03 00:00:00,2.1706484920761224
1979-10-04 00:00:00,2.167907774283097
1979-10-05 00:00:00,2.173396148395206
1979-10-09 00:00:00,2.11581387212842
1979-10-10 00:00:00,2.1315741244347772
1979-10-11 00:00:00,2.120386486239225
1979-10-12 00:00:00,2.117118319645145
1979-10-15 00:00:00,2.1067275548861506
1979-10-16 00:00:00,2.0970784210469775
1979-10-17 00:00:00,2.077414346318467
1979-10-18 00:00:00,2.0932434711761205
1979-10-19 00:00:00,2.0881519698780333
1979-10-22 00:00:00,2.062441990669325
1979-10-23 00:00:00,2.0519600826230446
1979-10-24 00:00:00,2.0519600826230446
1979-10-25 00:00:00,2.0487453230909
1979-10-26 00:00:00,2.064629634466957
1979-10-29 00:00:00,2.0796652035959156
1979-10-30 00:00:00,2.070482324831219
1979-10-31 00:00:00,2.053224061398669
1979-11-01 00:00:00,2.039434613372686
1979-11-02 00:00:00,2.028626792599908
1979-11-05 00:00:00,2.035438455899035
1979-11-07 00:00:00,2.019503985853391
1979-11-08 00:00:00,2.0339461181512277
1979-11-09 00:00:00,2.043214735507449
1979-11-13 00:00:00,2.050544937738477
1979-11-14 00:00:00,2.0329635189332196
1979-11-15 00:00:00,2.049071468627665
1979-11-16 00:00:00,2.0364948160143896
1979-11-19 00:00:00,2.025667476140084
1979-11-20 00:00:00,2.0312330305089907
1979-11-21 00:00:00,2.0273295764557213
1979-11-23 00:00:00,2.0416481866090357
1979-11-26 00:00:00,2.0415302578686547
1979-11-27 00:00:00,2.0389160778922
1979-11-28 00:00:00,2.0211535502069475
1979-11-29 00:00:00,2.002439754234825
1979-11-30 00:00:00,1.9708009035923288
1979-12-03 00:00:00,1.9250679665054253
1979-12-04 00:00:00,1.9591731264758208
1979-12-05 00:00:00,1.9850526061880729
1979-12-06 00:00:00,1.9850526061880729
1979-12-07 00:00:00,1.9703166759225257
1979-12-10 00:00:00,1.9739801094693297
1979-12-11 00:00:00,1.9931269753621799
1979-12-12 00:00:00,1.9906355666429771
1979-12-13 00:00:00,1.9931269753621799
1979-12-14 00:00:00,1.9782713705768713
1979-12-17 00:00:00,1.9813479979028077
1979-12-18 00:00:00,1.9813479979028077
1979-12-19 00:00:00,1.991880491950446
1979-12-20 00:00:00,1.983816198460768
1979-12-21 00:00:00,1.982581329989893
1979-12-24 00:00:00,1.9931269753621799
1979-12-26 00:00:00,2.0101084926656756
1979-12-27 00:00:00,2.0183884072425617
1979-12-28 00:00:00,1.996875803529005
1979-12-31 00:00:00,1.996875803529005
1980-01-02 00:00:00,2.0190281500023857
1980-01-03 00:00:00,2.0260921797892895
1980-01-04 00:00:00,2.021591181611402
1980-01-07 00:00:00,2.028673188935518
1980-01-08 00:00:00,2.0196682984329506
1980-01-09 00:00:00,2.0235177297514375
1980-01-10 00:00:00,2.0171101371936433
1980-01-11 00:00:00,2.0120132069670014
1980-01-14 00:00:00,2.0120132069670014
1980-01-15 00:00:00,1.996875803529005
1980-01-16 00:00:00,2.009474389040229
1980-01-17 00:00:00,1.9993828666847224
1980-01-18 00:00:00,1.9993828666847224
1980-01-21 00:00:00,1.9850526061880729
1980-01-22 00:00:00,1.9795008742254587
1980-01-23 00:00:00,1.9831985719979843
1980-01-24 00:00:00,1.9801161993340148
1980-01-25 00:00:00,1.970926303606908
1980-01-28 00:00:00,1.967517239083743
1980-01-29 00:00:00,1.9697074252496989
1980-01-30 00:00:00,1.9636455613866688
1980-01-31 00:00:00,1.9636455613866688
1980-02-01 00:00:00,1.9581232162888393
1980-02-04 00:00:00,1.954992191646712
1980-02-05 00:00:00,1.9488151526455944
1980-02-06 00:00:00,1.924067960591288
1980-02-07 00:00:00,1.9363484969365288
1980-02-08 00:00:00,1.9399238062384736
1980-02-11 00:00:00,1.9373536986267679
1980-02-13 00:00:00,1.9326788634267424
1980-02-14 00:00:00,1.9371279922404017
1980-02-15 00:00:00,1.951668158949939
1980-02-19 00:00:00,1.9630033967564322
1980-02-20 00:00:00,1.9694579127085685
1980-02-21 00:00:00,1.9649318593718372
1980-02-22 00:00:00,1.9904215092653057
1980-02-25 00:00:00,1.9990026797415006
1980-02-26 00:00:00,2.00004313133439
1980-02-27 00:00:00,1.993569958098015
1980-02-28 00:00:00,2.0015447954686705
1980-02-29 00:00:00,2.0358949711035255
1980-03-03 00:00:00,2.0495521757893465
1980-03-04 00:00:00,2.05597789975986
1980-03-05 00:00:00,2.0443924334637567
1980-03-06 00:00:00,2.0492136162097974
1980-03-07 00:00:00,2.049100763016614
1980-03-10 00:00:00,2.0706072975251057
1980-03-11 00:00:00,2.0699600360023123
1980-03-12 00:00:00,2.064486104741051
1980-03-13 00:00:00,2.0798356888966847
1980-03-14 00:00:00,2.0902376335624955
1980-03-17 00:00:00,2.124995331479318
1980-03-18 00:00:00,2.117812084480133
1980-03-19 00:00:00,2.110061873283125
1980-03-20 00:00:00,2.097904900448945
1980-03-21 00:00:00,2.1154431925910786
1980-03-24 00:00:00,2.1254366050301705
1980-03-25 00:00:00,2.134323274586618
1980-03-26 00:00:00,2.130721333644027
1980-03-27 00:00:00,2.163937112396905
1980-03-28 00:00:00,2.1676639658100747
1980-03-31 00:00:00,2.185563152458184
1980-04-01 00:00:00,2.197100070205102
1980-04-02 00:00:00,2.189549440841023
1980-04-03 00:00:00,2.196411373727067
1980-04-04 00:00:00,2.2022980798393954
1980-04-07 00:00:00,2.208599820421938
1980-04-08 00:00:00,2.17497796955809
1980-04-09 00:00:00,2.1210623700893834
1980-04-10 00:00:00,2.0891383122063227
1980-04-11 00:00:00,2.0816861277768353
1980-04-14 00:00:00,2.0762948030158657
1980-04-15 00:00:00,2.1038179328645614
1980-04-16 00:00:00,2.0632763502856633
1980-04-17 00:00:00,2.0695819648176688
1980-04-18 00:00:00,2.072661746001584
1980-04-21 00:00:00,2.05539311272172
1980-04-22 00:00:00,2.076675799487557
1980-04-23 00:00:00,2.027714624045381
1980-04-24 00:00:00,2.0292717007552117
1980-04-25 00:00:00,2.021901125844621
1980-04-28 00:00:00,1.9962295156565557
1980-04-29 00:00:00,1.994388257898529
1980-04-30 00:00:00,1.991387820267429
1980-05-01 00:00:00,1.9918531764281213
1980-05-02 00:00:00,2.0224570555474553
1980-05-05 00:00:00,1.9852480384186209
1980-05-06 00:00:00,1.9769546032939458
1980-05-07 00:00:00,1.9697763624032492
1980-05-08 00:00:00,1.9697763624032492
1980-05-09 00:00:00,1.946362842632876
1980-05-12 00:00:00,1.9709618392320802
1980-05-13 00:00:00,1.9638703125751495
1980-05-14 00:00:00,1.972148744346247
1980-05-15 00:00:00,1.966818902185934
1980-05-16 00:00:00,1.959170920683204
1980-05-19 00:00:00,1.9527458722845605
1980-05-20 00:00:00,1.9492590371742842
1980-05-21 00:00:00,1.9691841587904104
1980-05-22 00:00:00,1.9703689224431793
1980-05-23 00:00:00,1.9840969224955283
1980-05-27 00:00:00,1.9992373619824033
1980-05-28 00:00:00,1.9901254865465328
1980-05-29 00:00:00,1.9804972898770514
1980-05-30 00:00:00,1.9697763624032492
1980-06-02 00:00:00,1.9719112489367026
1980-06-03 00:00:00,1.979300314097026
1980-06-04 00:00:00,1.9877096685297366
1980-06-05 00:00:00,1.9865039583848252
1980-06-06 00:00:00,2.0022932305026897
1980-06-09 00:00:00,2.017713830508759
1980-06-10 00:00:00,2.017713830508759
1980-06-11 00:00:00,2.0096655836547628
1980-06-12 00:00:00,2.015850824522804
1980-06-13 00:00:00,2.0289646085237236
1980-06-16 00:00:00,2.003518196158007
1980-06-17 00:00:00,2.008433089032714
1980-06-18 00:00:00,2.0170924458874424
1980-06-19 00:00:00,1.9986273076441041
1980-06-20 00:00:00,2.0059726310188437
1980-06-23 00:00:00,2.002905525969434
1980-06-24 00:00:00,1.9961908101344346
1980-06-25 00:00:00,1.9983833901788461
1980-06-26 00:00:00,2.0100356271681057
1980-06-27 00:00:00,2.011517165437196
1980-06-30 00:00:00,2.0086794669612105
1980-07-01 00:00:00,2.012753450599029
1980-07-02 00:00:00,2.021450195709365
1980-07-03 00:00:00,2.029593333030484
1980-07-07 00:00:00,2.062183441108939
1980-07-08 00:00:00,2.0576484352510644
1980-07-09 00:00:00,2.051846949268668
1980-07-10 00:00:00,2.052747252328417
1980-07-11 00:00:00,2.0524899422465848
1980-07-14 00:00:00,2.039706200237041
1980-07-15 00:00:00,2.0333738808254815
1980-07-16 00:00:00,2.0403416028080983
1980-07-17 00:00:00,2.049920386088123
1980-07-18 00:00:00,2.032490493371718
1980-07-21 00:00:00,2.0428871781629727
1980-07-22 00:00:00,2.048638019982758
1980-07-23 00:00:00,2.045439115468125
1980-07-24 00:00:00,2.0524899422465848
1980-07-25 00:00:00,2.0476132820942077
1980-07-28 00:00:00,2.036535116488173
1980-07-29 00:00:00,2.016471444009964
1980-07-30 00:00:00,1.9865039583848252
1980-07-31 00:00:00,1.9865039583848252
1980-08-01 00:00:00,1.9685923112831716
1980-08-04 00:00:00,1.9846981342484171
1980-08-05 00:00:00,1.9967993772159895
1980-08-06 00:00:00,2.008433089032714
1980-08-07 00:00:00,1.9907303591937906
1980-08-08 00:00:00,1.9834960750030162
1980-08-11 00:00:00,1.9834960750030162
1980-08-12 00:00:00,1.9949747885254034
1980-08-13 00:00:00,1.9913355997684503
1980-08-14 00:00:00,1.9907303591937906
1980-08-15 00:00:00,1.9913355997684503
1980-08-18 00:00:00,1.9739317857040684
1980-08-19 00:00:00,1.9711991059095266
1980-08-20 00:00:00,1.9733410626002619
1980-08-21 00:00:00,1.9733410626002619
1980-08-22 00:00:00,1.9938569643780593
1980-08-25 00:00:00,1.9884801799818217
1980-08-26 00:00:00,1.979767793274535
1980-08-27 00:00:00,1.9788258533046932
1980-08-28 00:00:00,1.958978617124029
1980-08-29 00:00:00,1.9636854285642142
1980-09-02 00:00:00,1.947820116541806
1980-09-03 00:00:00,1.9391207779893649
1980-09-04 00:00:00,1.9402384436963291
1980-09-05 00:00:00,1.94625782530221
1980-09-08 00:00:00,1.9348309262742673
1980-09-09 00:00:00,1.9414963549933248
1980-09-10 00:00:00,1.9400308360548129
1980-09-11 00:00:00,1.9378242105297405
1980-09-12 00:00:00,1.9401729530450196
1980-09-15 00:00:00,1.94214762842966
1980-09-16 00:00:00,1.9436483943307468
1980-09-17 00:00:00,1.9436483943307468
1980-09-18 00:00:00,1.930034095064817
1980-09-19 00:00:00,1.9268652947871185
1980-09-22 00:00:00,1.9105930075790574
1980-09-23 00:00:00,1.9105930075790574
1980-09-24 00:00:00,1.8913133738757373
1980-09-25 00:00:00,1.8917901237337251
1980-09-26 00:00:00,1.8922665171322453
1980-09-29 00:00:00,1.9024157909463557
1980-09-30 00:00:00,1.9013778556311092
1980-10-01 00:00:00,1.8878262243382553
1980-10-02 00:00:00,1.892413141808626
1980-10-03 00:00:00,1.8917174961530558
1980-10-06 00:00:00,1.8768450611746221
1980-10-07 00:00:00,1.882903877491755
1980-10-08 00:00:00,1.8825575428813006
1980-10-09 00:00:00,1.8800792538124524
1980-10-10 00:00:00,1.8799694496166146
1980-10-14 00:00:00,1.8904724733836704
1980-10-15 00:00:00,1.893290099055864
1980-10-16 00:00:00,1.896681504529517
1980-10-17 00:00:00,1.905269292207149
1980-10-20 00:00:00,1.905159488011311
1980-10-21 00:00:00,1.903894554031755
1980-10-22 00:00:00,1.9118415024019257
1980-10-23 00:00:00,1.9100109627815711
1980-10-24 00:00:00,1.9247118414478226
1980-10-27 00:00:00,1.9513495533176775
1980-10-28 00:00:00,1.959988497422097
1980-10-29 00:00:00,1.947276414042348
1980-10-30 00:00:00,1.96465412850277
1980-10-31 00:00:00,1.9677869079411545
1980-11-03 00:00:00,1.969832531111571
1980-11-05 00:00:00,1.9962479704083145
1980-11-06 00:00:00,1.9995827243320736
1980-11-07 00:00:00,1.9991603168414018
1980-11-10 00:00:00,1.9591100638553938
1980-11-12 00:00:00,1.962259942004547
1980-11-13 00:00:00,1.9550729861212146
1980-11-14 00:00:00,1.965828874377993
1980-11-17 00:00:00,1.990235375225502
1980-11-18 00:00:00,1.979546545616332
1980-11-19 00:00:00,1.9671183897944953
1980-11-20 00:00:00,1.9755952757799013
1980-11-21 00:00:00,1.980280545479221
1980-11-24 00:00:00,1.983883011890636
1980-11-25 00:00:00,1.978465356460399
1980-11-26 00:00:00,1.980482377699878
1980-11-28 00:00:00,1.9909332985948491
1980-12-01 00:00:00,2.005406032856786
1980-12-02 00:00:00,2.0104479748728648
1980-12-03 00:00:00,2.0031174855408156
1980-12-04 00:00:00,2.004042741426287
1980-12-05 00:00:00,2.0243887393453983
1980-12-08 00:00:00,2.027811306442945
1980-12-09 00:00:00,2.0451564415671393
1980-12-10 00:00:00,2.071797633464208
1980-12-11 00:00:00,2.0783685900481026
1980-12-12 00:00:00,2.0682183361254984
1980-12-15 00:00:00,2.0608654214302518
1980-12-16 00:00:00,2.0813603969686785
1980-12-17 00:00:00,2.0548079382866398
1980-12-18 00:00:00,2.0585943581919834
1980-12-19 00:00:00,2.05263372774315
1980-12-22 00:00:00,2.024696474299656
1980-12-23 00:00:00,2.0266034602887286
1980-12-24 00:00:00,2.014324277767831
1980-12-26 00:00:00,2.023862153026921
1980-12-29 00:00:00,2.026274047701215
1980-12-30 00:00:00,2.0180696900297765
1980-12-31 00:00:00,2.0385571281131987
1981-01-02 00:00:00,2.0409269074510474
1981-01-05 00:00:00,2.007518427400152
1981-01-06 00:00:00,2.0007017932323823
1981-01-07 00:00:00,2.017520669050587
1981-01-08 00:00:00,2.025102423965665
1981-01-09 00:00:00,2.0472840164585584
1981-01-12 00:00:00,2.055001341776734
1981-01-13 00:00:00,2.0616835810519762
1981-01-14 00:00:00,2.0567276868627395
1981-01-15 00:00:00,2.064840353399848
1981-01-16 00:00:00,2.0709665555314993
1981-01-19 00:00:00,2.077522881327914
1981-01-20 00:00:00,2.0678743283329837
1981-01-21 00:00:00,2.0610247558769488
1981-01-22 00:00:00,2.081451959511874
1981-01-23 00:00:00,2.0879250835477574
1981-01-26 00:00:00,2.09759631574808
1981-01-27 00:00:00,2.1144524409966796
1981-01-28 00:00:00,2.126065149566974
1981-01-29 00:00:00,2.1441154315158393
1981-01-30 00:00:00,2.1690373018858433
1981-02-02 00:00:00,2.1586612742635407
1981-02-03 00:00:00,2.1730577444705084
1981-02-04 00:00:00,2.1549910145740343
1981-02-05 00:00:00,2.1787375650298646
1981-02-06 00:00:00,2.1769465494351525
1981-02-09 00:00:00,2.175994840303866
1981-02-10 00:00:00,2.1821782592975634
1981-02-11 00:00:00,2.184988742788755
1981-02-13 00:00:00,2.2376609285466182
1981-02-17 00:00:00,2.22020928248466
1981-02-18 00:00:00,2.2140997584987927
1981-02-19 00:00:00,2.161746576087664
1981-02-20 00:00:00,2.126653879081587
1981-02-23 00:00:00,2.142030095931018
1981-02-24 00:00:00,2.1562627013104185
1981-02-25 00:00:00,2.153995679157534
1981-02-26 00:00:00,2.1806621767433296
1981-02-27 00:00:00,2.1921769693001254
1981-03-02 00:00:00,2.2087926793078423
1981-03-03 00:00:00,2.1993431125308014
1981-03-04 00:00:00,2.179804704709132
1981-03-05 00:00:00,2.1776003986401595
1981-03-06 00:00:00,2.1879096044007174
1981-03-09 00:00:00,2.1638474199287603
1981-03-10 00:00:00,2.1586045413819352
1981-03-11 00:00:00,2.1704224437703994
1981-03-12 00:00:00,2.1703126395745613
1981-03-13 00:00:00,2.1617007300478566
1981-03-16 00:00:00,2.1399445299189366
1981-03-17 00:00:00,2.1385178321173197
1981-03-18 00:00:00,2.1066232296530982
1981-03-19 00:00:00,2.111063173827304
1981-03-20 00:00:00,2.1257964262672626
1981-03-23 00:00:00,2.136055336168499
1981-03-24 00:00:00,2.134446910601083
1981-03-25 00:00:00,2.140928531008704
1981-03-26 00:00:00,2.161566671643505
1981-03-27 00:00:00,2.1674114025187863
1981-03-30 00:00:00,2.1475729743545013
1981-03-31 00:00:00,2.1612372590559916
1981-04-01 00:00:00,2.151250574261587
1981-04-02 00:00:00,2.158024139268469
1981-04-03 00:00:00,2.173194617401217
1981-04-06 00:00:00,2.195072368607053
1981-04-07 00:00:00,2.1700260616227216
1981-04-08 00:00:00,2.1732856157381235
1981-04-09 00:00:00,2.182370417916446
1981-04-10 00:00:00,2.188058019556914
1981-04-13 00:00:00,2.2038820383192586
1981-04-14 00:00:00,2.1984959378010642
1981-04-15 00:00:00,2.2101089800154075
1981-04-16 00:00:00,2.214401172965329
1981-04-17 00:00:00,2.2178749811114327
1981-04-20 00:00:00,2.210982525259138
1981-04-21 00:00:00,2.213273204402416
1981-04-22 00:00:00,2.197429804061931
1981-04-23 00:00:00,2.205023739152713
1981-04-24 00:00:00,2.2049139349568754
1981-04-27 00:00:00,2.2112344691711017
1981-04-28 00:00:00,2.2079159681793006
1981-04-29 00:00:00,2.234675228914923
1981-04-30 00:00:00,2.234565424719085
1981-05-01 00:00:00,2.232121240297391
1981-05-04 00:00:00,2.257314023522815
1981-05-05 00:00:00,2.269552616283713
1981-05-06 00:00:00,2.264228251482319
1981-05-07 00:00:00,2.275249435398111
1981-05-08 00:00:00,2.25913472624978
1981-05-11 00:00:00,2.2750298270064353
1981-05-12 00:00:00,2.2749200228105977
1981-05-13 00:00:00,2.2766497599208244
1981-05-14 00:00:00,2.278741571091101
1981-05-15 00:00:00,2.2697869979618917
1981-05-18 00:00:00,2.2579491771927156
1981-05-19 00:00:00,2.2613690738245973
1981-05-20 00:00:00,2.2537298328045026
1981-05-21 00:00:00,2.2745196561405034
1981-05-22 00:00:00,2.2721976110316406
1981-05-26 00:00:00,2.2743000477488273
1981-05-27 00:00:00,2.2815184241421567
1981-05-28 00:00:00,2.2717204880319493
1981-05-29 00:00:00,2.2738233513699178
1981-06-01 00:00:00,2.273860830965476
1981-06-02 00:00:00,2.292659266657081
1981-06-03 00:00:00,2.283881040082223
1981-06-04 00:00:00,2.3220149892833795
1981-06-05 00:00:00,2.3156655719259707
1981-06-08 00:00:00,2.3014998385277092
1981-06-09 00:00:00,2.2992586842717024
1981-06-10 00:00:00,2.2818775951055317
1981-06-11 00:00:00,2.3011704259401955
1981-06-12 00:00:00,2.287459028993968
1981-06-15 00:00:00,2.2492104574671825
1981-06-16 00:00:00,2.2536426014862387
1981-06-17 00:00:00,2.251643553083583
1981-06-18 00:00:00,2.269482298290433
1981-06-19 00:00:00,2.2664099998024687
1981-06-22 00:00:00,2.2558406003746434
1981-06-23 00:00:00,2.2405387446689393
1981-06-24 00:00:00,2.2431090793271977
1981-06-25 00:00:00,2.2441450894162123
1981-06-26 00:00:00,2.23559328566112
1981-06-29 00:00:00,2.239715897767549
1981-06-30 00:00:00,2.2517894149295556
1981-07-01 00:00:00,2.270708435779501
1981-07-02 00:00:00,2.2694922449134594
1981-07-03 00:00:00,2.270488827387825
1981-07-06 00:00:00,2.2820817122309367
1981-07-07 00:00:00,2.282334731961644
1981-07-08 00:00:00,2.2990841462192755
1981-07-09 00:00:00,2.2925620751757503
1981-07-10 00:00:00,2.2721477878914715
1981-07-13 00:00:00,2.26687607623737
1981-07-14 00:00:00,2.283597231589919
1981-07-15 00:00:00,2.2659162025801125
1981-07-16 00:00:00,2.2687631763303093
1981-07-17 00:00:00,2.276360924144192
1981-07-20 00:00:00,2.2849652150691537
1981-07-21 00:00:00,2.298805015471082
1981-07-22 00:00:00,2.2883471078431747
1981-07-23 00:00:00,2.293250709419893
1981-07-24 00:00:00,2.2906383702523145
1981-07-27 00:00:00,2.2958809870078696
1981-07-28 00:00:00,2.2975468874775453
1981-07-29 00:00:00,2.3023867972762933
1981-07-30 00:00:00,2.3092916306431395
1981-07-31 00:00:00,2.3206132206750065
1981-08-03 00:00:00,2.3537678375348574
1981-08-04 00:00:00,2.357588551330448
1981-08-05 00:00:00,2.3422943205307067
1981-08-06 00:00:00,2.347436015743079
1981-08-07 00:00:00,2.3447384451992246
1981-08-10 00:00:00,2.3545313713515936
1981-08-11 00:00:00,2.351135695354566
1981-08-12 00:00:00,2.3275988422058034
1981-08-13 00:00:00,2.3335853477256348
1981-08-14 00:00:00,2.344853834307441
1981-08-17 00:00:00,2.3350501905563408
1981-08-18 00:00:00,2.338297679906421
1981-08-19 00:00:00,2.3338203771781174
1981-08-20 00:00:00,2.32147826743421
1981-08-21 00:00:00,2.311712049077932
1981-08-24 00:00:00,2.317480090139249
1981-08-25 00:00:00,2.3367430916258574
1981-08-26 00:00:00,2.318292919568786
1981-08-27 00:00:00,2.318183115372948
1981-08-28 00:00:00,2.3069857425305442
1981-08-31 00:00:00,2.3138250797483453
1981-09-01 00:00:00,2.3257214096642405
1981-09-02 00:00:00,2.3191182414009033
1981-09-03 00:00:00,2.29599971830174
1981-09-04 00:00:00,2.276160813985399
1981-09-08 00:00:00,2.296487878039548
1981-09-09 00:00:00,2.282454923956986
1981-09-10 00:00:00,2.256322083435337
1981-09-11 00:00:00,2.247966078226034
1981-09-14 00:00:00,2.2328294744705066
1981-09-15 00:00:00,2.2328294744705066
1981-09-16 00:00:00,2.25312792423842
1981-09-17 00:00:00,2.274378429769091
1981-09-18 00:00:00,2.2901402926037333
1981-09-21 00:00:00,2.339377708438423
1981-09-22 00:00:00,2.276119025506159
1981-09-23 00:00:00,2.271483345209812
1981-09-24 00:00:00,2.2588320455656055
1981-09-25 00:00:00,2.2565469347456104
1981-09-28 00:00:00,2.2542664426437957
1981-09-29 00:00:00,2.272640494137581
1981-09-30 00:00:00,2.2588320455656055
1981-10-01 00:00:00,2.265715231077741
1981-10-02 00:00:00,2.305526248057918
1981-10-05 00:00:00,2.3641723847334775
1981-10-06 00:00:00,2.3418337480273346
1981-10-07 00:00:00,2.3755022843408264
1981-10-08 00:00:00,2.3907788263623106
1981-10-09 00:00:00,2.4245615706478647
1981-10-13 00:00:00,2.3984910161247694
1981-10-14 00:00:00,2.395914763690694
1981-10-15 00:00:00,2.3856648609583266
1981-10-16 00:00:00,2.3856648609583266
1981-10-19 00:00:00,2.3927022204301807
1981-10-20 00:00:00,2.378034802767629
1981-10-21 00:00:00,2.3523297073514744
1981-10-22 00:00:00,2.345527492109397
1981-10-23 00:00:00,2.361669290625766
1981-10-26 00:00:00,2.3271743818424997
1981-10-27 00:00:00,2.3375390568467758
1981-10-28 00:00:00,2.3691945246904256
1981-10-29 00:00:00,2.3984910161247694
1981-10-30 00:00:00,2.4311680054452713
1981-11-02 00:00:00,2.4750032122008716
1981-11-04 00:00:00,2.495074546975432
1981-11-05 00:00:00,2.4881167261528567
1981-11-06 00:00:00,2.491590779107552
1981-11-09 00:00:00,2.520448186436199
1981-11-10 00:00:00,2.488810761501853
1981-11-12 00:00:00,2.53620994314501
1981-11-13 00:00:00,2.539096920883365
1981-11-16 00:00:00,2.52615701585055
1981-11-17 00:00:00,2.4763770691046747
1981-11-18 00:00:00,2.493679871432125
1981-11-19 00:00:00,2.4825783472409975
1981-11-20 00:00:00,2.453901699665606
1981-11-23 00:00:00,2.470206694347769
1981-11-24 00:00:00,2.498568070564028
1981-11-25 00:00:00,2.5062883651640853
1981-11-27 00:00:00,2.509813383961784
1981-11-30 00:00:00,2.5168932524637926
1981-12-01 00:00:00,2.497169487820919
1981-12-02 00:00:00,2.5084021872319777
1981-12-03 00:00:00,2.4881167261528567
1981-12-04 00:00:00,2.494377014253325
1981-12-07 00:00:00,2.4688396734875884
1981-12-08 00:00:00,2.441813513952968
1981-12-09 00:00:00,2.437810540979274
1981-12-10 00:00:00,2.416026693740629
1981-12-11 00:00:00,2.416681088836442
1981-12-14 00:00:00,2.4153726529464383
1981-12-15 00:00:00,2.4338206710267714
1981-12-16 00:00:00,2.4411454391201484
1981-12-17 00:00:00,2.447171305535969
1981-12-18 00:00:00,2.437810540979274
1981-12-21 00:00:00,2.449859028002236
1981-12-22 00:00:00,2.4593127287718146
1981-12-23 00:00:00,2.4593127287718146
1981-12-24 00:00:00,2.4579577355328217
1981-12-28 00:00:00,2.466110165833097
1981-12-29 00:00:00,2.471575229912505
1981-12-30 00:00:00,2.472945282700705
1981-12-31 00:00:00,2.495074546975432
1982-01-04 00:00:00,2.4901999944136595
1982-01-05 00:00:00,2.46338668690893
1982-01-06 00:00:00,2.4640669925391174
1982-01-07 00:00:00,2.4398103855576
1982-01-08 00:00:00,2.441813513952968
1982-01-11 00:00:00,2.4049559514782057
1982-01-12 00:00:00,2.4010728148504157
1982-01-13 00:00:00,2.3984910161247694
1982-01-14 00:00:00,2.405604362357548
1982-01-15 00:00:00,2.4036601777974522
1982-01-18 00:00:00,2.4127600270373564
1982-01-19 00:00:00,2.4153726529464383
1982-01-20 00:00:00,2.3978464337501055
1982-01-21 00:00:00,2.4199583889297926
1982-01-22 00:00:00,2.407551694545101
1982-01-25 00:00:00,2.3863029098647086
1982-01-26 00:00:00,2.4094831981549962
1982-01-27 00:00:00,2.4094831981549962
1982-01-28 00:00:00,2.411939051259225
1982-01-29 00:00:00,2.3968064137867255
1982-02-01 00:00:00,2.4341263952781955
1982-02-02 00:00:00,2.4441182413688907
1982-02-03 00:00:00,2.4615022321182787
1982-02-04 00:00:00,2.436251643297103
1982-02-05 00:00:00,2.4462219583249194
1982-02-08 00:00:00,2.458599445897328
1982-02-09 00:00:00,2.4788260108369418
1982-02-10 00:00:00,2.469474454035844
1982-02-11 00:00:00,2.4610440272609564
1982-02-16 00:00:00,2.4777986271522177
1982-02-17 00:00:00,2.481937127443837
1982-02-18 00:00:00,2.457768589622102
1982-02-19 00:00:00,2.4438552459740537
1982-02-22 00:00:00,2.4285050134560806
1982-02-23 00:00:00,2.4372636743781926
1982-02-24 00:00:00,2.434589930746651
1982-02-25 00:00:00,2.438252333259404
1982-02-26 00:00:00,2.4619072102126913
1982-03-01 00:00:00,2.454930290460198
1982-03-02 00:00:00,2.4346703498379307
1982-03-03 00:00:00,2.438330729798648
1982-03-04 00:00:00,2.425482012012834
1982-03-05 00:00:00,2.3988579685812748
1982-03-08 00:00:00,2.3882237421485115
1982-03-09 00:00:00,2.418660363132267
1982-03-10 00:00:00,2.4101422815621323
1982-03-11 00:00:00,2.423511128997067
1982-03-12 00:00:00,2.437361397477551
1982-03-15 00:00:00,2.433424065425092
1982-03-16 00:00:00,2.438979331717469
1982-03-17 00:00:00,2.438840855671598
1982-03-18 00:00:00,2.4431120563209996
1982-03-19 00:00:00,2.4579689709750774
1982-03-22 00:00:00,2.4677224949868473
1982-03-23 00:00:00,2.4558279755576002
1982-03-24 00:00:00,2.459414641387014
1982-03-25 00:00:00,2.4685377297202926
1982-03-26 00:00:00,2.476367200697529
1982-03-29 00:00:00,2.50697158455433
1982-03-30 00:00:00,2.4948739833133593
1982-03-31 00:00:00,2.506694632462588
1982-04-01 00:00:00,2.5095266835855417
1982-04-02 00:00:00,2.507606810194963
1982-04-05 00:00:00,2.5245739423265423
1982-04-06 00:00:00,2.5395571201832405
1982-04-07 00:00:00,2.534787159874566
1982-04-08 00:00:00,2.561024940064029
1982-04-09 00:00:00,2.557480781521943
1982-04-12 00:00:00,2.5522144165924603
1982-04-13 00:00:00,2.52608257741724
1982-04-14 00:00:00,2.5416113881806357
1982-04-15 00:00:00,2.5529405341489
1982-04-16 00:00:00,2.5510893067210647
1982-04-19 00:00:00,2.5272801545092407
1982-04-20 00:00:00,2.517180971199403
1982-04-21 00:00:00,2.5223266084410834
1982-04-22 00:00:00,2.536739303410016
1982-04-23 00:00:00,2.542369617334195
1982-04-26 00:00:00,2.5254204185000586
1982-04-27 00:00:00,2.5246978169585303
1982-04-28 00:00:00,2.518701619066151
1982-04-29 00:00:00,2.5290855241821095
1982-04-30 00:00:00,2.525450341332163
1982-05-03 00:00:00,2.5100347580558644
1982-05-04 00:00:00,2.5257569180046597
1982-05-05 00:00:00,2.503232731315814
1982-05-06 00:00:00,2.4790513332592576
1982-05-07 00:00:00,2.44126667787837
1982-05-10 00:00:00,2.4542248924565797
1982-05-11 00:00:00,2.469490064399959
1982-05-12 00:00:00,2.4899800131270773
1982-05-13 00:00:00,2.5018068499389687
1982-05-14 00:00:00,2.5111520833236285
1982-05-17 00:00:00,2.524510633591821
1982-05-18 00:00:00,2.544036293739895
1982-05-19 00:00:00,2.544471049959097
1982-05-20 00:00:00,2.5420379016225283
1982-05-21 00:00:00,2.531515566114553
1982-05-24 00:00:00,2.5232347245982276
1982-05-25 00:00:00,2.5289181525074946
1982-05-26 00:00:00,2.5414839974390446
1982-05-27 00:00:00,2.5708181132209154
1982-05-28 00:00:00,2.5690001505953926
1982-06-01 00:00:00,2.5992569259075107
1982-06-02 00:00:00,2.593653597063477
1982-06-03 00:00:00,2.597889163277005
1982-06-04 00:00:00,2.6031939877264425
1982-06-07 00:00:00,2.6063086337876107
1982-06-08 00:00:00,2.6201567269051247
1982-06-09 00:00:00,2.632772018574746
1982-06-10 00:00:00,2.6389547870703636
1982-06-11 00:00:00,2.6240091530363854
1982-06-14 00:00:00,2.6475702478988605
1982-06-15 00:00:00,2.6531469018877964
1982-06-16 00:00:00,2.6720118747511803
1982-06-17 00:00:00,2.692043782492682
1982-06-18 00:00:00,2.7023428396518345
1982-06-21 00:00:00,2.7051676061068335
1982-06-22 00:00:00,2.664819437660463
1982-06-23 00:00:00,2.691489878309198
1982-06-24 00:00:00,2.6787898713472433
1982-06-25 00:00:00,2.70165045942248
1982-06-28 00:00:00,2.711846924399416
1982-06-29 00:00:00,2.6824103492224225
1982-06-30 00:00:00,2.6746919341926554
1982-07-01 00:00:00,2.6775919231054655
1982-07-02 00:00:00,2.6789694302299254
1982-07-06 00:00:00,2.694370467132741
1982-07-07 00:00:00,2.7183361922628126
1982-07-08 00:00:00,2.721111446113945
1982-07-09 00:00:00,2.697432557824361
1982-07-12 00:00:00,2.6823091241506276
1982-07-13 00:00:00,2.7040763579941753
1982-07-14 00:00:00,2.704922849237389
1982-07-15 00:00:00,2.696878653640877
1982-07-16 00:00:00,2.6777231458170867
1982-07-19 00:00:00,2.6785941249147216
1982-07-20 00:00:00,2.658082568562504
1982-07-21 00:00:00,2.631921438363199
1982-07-22 00:00:00,2.634413616082657
1982-07-23 00:00:00,2.5897635931989877
1982-07-26 00:00:00,2.5978042036066626
1982-07-27 00:00:00,2.6191838253202775
1982-07-28 00:00:00,2.6458790345029612
1982-07-29 00:00:00,2.667857593375051
1982-07-30 00:00:00,2.6722909509258432
1982-08-02 00:00:00,2.6371165032481083
1982-08-03 00:00:00,2.6432443973271735
1982-08-04 00:00:00,2.6889714881617377
1982-08-05 00:00:00,2.6913239941235796
1982-08-06 00:00:00,2.7025687564575827
1982-08-09 00:00:00,2.7204868684677272
1982-08-10 00:00:00,2.717441441006488
1982-08-11 00:00:00,2.725036845449309
1982-08-12 00:00:00,2.729223490125439
1982-08-13 00:00:00,2.715569487911455
1982-08-16 00:00:00,2.7299052286299474
1982-08-17 00:00:00,2.7177189470118766
1982-08-18 00:00:00,2.6805805751802914
1982-08-19 00:00:00,2.6854512260816117
1982-08-20 00:00:00,2.6456016655960135
1982-08-23 00:00:00,2.6454631895501426
1982-08-24 00:00:00,2.607320666630958
1982-08-25 00:00:00,2.6104003502077417
1982-08-26 00:00:00,2.6388055508149804
1982-08-27 00:00:00,2.6674919252310043
1982-08-30 00:00:00,2.709176421467462
1982-08-31 00:00:00,2.696269237583274
1982-09-01 00:00:00,2.694152478476842
1982-09-02 00:00:00,2.677549968010312
1982-09-03 00:00:00,2.671866069053695
1982-09-07 00:00:00,2.674755959805883
1982-09-08 00:00:00,2.693598574293358
1982-09-09 00:00:00,2.6825126316514734
1982-09-10 00:00:00,2.711966294152748
1982-09-13 00:00:00,2.7157109826561423
1982-09-14 00:00:00,2.7126614909481646
1982-09-15 00:00:00,2.7125230149022936
1982-09-16 00:00:00,2.706538010906722
1982-09-17 00:00:00,2.699536994432086
1982-09-20 00:00:00,2.7072377568252683
1982-09-21 00:00:00,2.7119691107188095
1982-09-22 00:00:00,2.7050064950571864
1982-09-23 00:00:00,2.7179890988508393
1982-09-24 00:00:00,2.731761453354712
1982-09-27 00:00:00,2.7453487979590476
1982-09-28 00:00:00,2.7461502043897505
1982-09-29 00:00:00,2.734675952873948
1982-09-30 00:00:00,2.735961301919489
1982-10-01 00:00:00,2.7386645816563413
1982-10-04 00:00:00,2.7651366809297757
1982-10-05 00:00:00,2.7613050079597388
1982-10-06 00:00:00,2.751407643046468
1982-10-07 00:00:00,2.720941516607482
1982-10-08 00:00:00,2.7188776430726334
1982-10-12 00:00:00,2.6829617809588453
1982-10-13 00:00:00,2.7064854768020554
1982-10-14 00:00:00,2.719425360407465
1982-10-15 00:00:00,2.7159119581627746
1982-10-18 00:00:00,2.71384001826592
1982-10-19 00:00:00,2.721894012919962
1982-10-20 00:00:00,2.733686723622511
1982-10-21 00:00:00,2.737809902915082
1982-10-22 00:00:00,2.739559840672527
1982-10-25 00:00:00,2.7590422246053703
1982-10-26 00:00:00,2.7561237542754995
1982-10-27 00:00:00,2.7531976744722235
1982-10-28 00:00:00,2.771500398690079
1982-10-29 00:00:00,2.7672417867574266
1982-11-01 00:00:00,2.7518513486855145
1982-11-03 00:00:00,2.7600604857402598
1982-11-04 00:00:00,2.780042604087623
1982-11-05 00:00:00,2.7762755267084365
1982-11-08 00:00:00,2.7963793987611045
1982-11-09 00:00:00,2.7691595516332406
1982-11-10 00:00:00,2.7749509023413887
1982-11-12 00:00:00,2.7811596298288825
1982-11-15 00:00:00,2.7773990816508447
1982-11-16 00:00:00,2.752001092309267
1982-11-17 00:00:00,2.762042079756288
1982-11-18 00:00:00,2.7572892026294804
1982-11-19 00:00:00,2.7413035427842662
1982-11-22 00:00:00,2.750982057738288
1982-11-23 00:00:00,2.749912684043321
1982-11-24 00:00:00,2.7257458288730727
1982-11-26 00:00:00,2.7116900760367995
1982-11-29 00:00:00,2.6940117408961437
1982-11-30 00:00:00,2.678530547490974
1982-12-01 00:00:00,2.6718909756541467
1982-12-02 00:00:00,2.658121477361701
1982-12-03 00:00:00,2.6359083423850453
1982-12-06 00:00:00,2.628282992742374
1982-12-07 00:00:00,2.628282992742374
1982-12-08 00:00:00,2.6193778712761615
1982-12-09 00:00:00,2.5849699938173147
1982-12-10 00:00:00,2.5980003274395336
1982-12-13 00:00:00,2.5538625210271584
1982-12-14 00:00:00,2.6017474432964174
1982-12-15 00:00:00,2.586823461786113
1982-12-16 00:00:00,2.6333988720469823
1982-12-17 00:00:00,2.641110142536139
1982-12-20 00:00:00,2.6579738124049848
1982-12-21 00:00:00,2.6777014755351556
1982-12-22 00:00:00,2.680353978235041
1982-12-23 00:00:00,2.692355563212214
1982-12-24 00:00:00,2.7044651084740376
1982-12-27 00:00:00,2.7044651084740376
1982-12-28 00:00:00,2.7071709264915196
1982-12-29 00:00:00,2.7125988381235833
1982-12-30 00:00:00,2.6890110221398995
1982-12-31 00:00:00,2.695708434399277
1983-01-03 00:00:00,2.713959218684327
1983-01-04 00:00:00,2.7207816400485414
1983-01-05 00:00:00,2.764564333106794
1983-01-06 00:00:00,2.761038103090076
1983-01-07 00:00:00,2.7952658481697052
1983-01-10 00:00:00,2.822234514762216
1983-01-11 00:00:00,2.7952658481697052
1983-01-12 00:00:00,2.780901686565544
1983-01-13 00:00:00,2.8244439885472596
1983-01-14 00:00:00,2.7981565057169333
1983-01-17 00:00:00,2.798880104502999
1983-01-18 00:00:00,2.755414807564434
1983-01-19 00:00:00,2.7386815192593867
1983-01-20 00:00:00,2.7359123771772236
1983-01-21 00:00:00,2.7180485595462325
1983-01-24 00:00:00,2.6724121886699006
1983-01-25 00:00:00,2.718731314773448
1983-01-26 00:00:00,2.7228350601542384
1983-01-27 00:00:00,2.7221502424831736
1983-01-28 00:00:00,2.7180485595462325
1983-01-31 00:00:00,2.685674780176947
1983-02-01 00:00:00,2.6850085249598363
1983-02-02 00:00:00,2.6417547874330234
1983-02-03 00:00:00,2.6810179252199897
1983-02-04 00:00:00,2.6579738124049848
1983-02-07 00:00:00,2.680353978235041
1983-02-08 00:00:00,2.6810179252199897
1983-02-09 00:00:00,2.6777014755351556
1983-02-10 00:00:00,2.689679265435661
1983-02-11 00:00:00,2.6977241685227065
1983-02-14 00:00:00,2.697051922280862
1983-02-15 00:00:00,2.7064939645194044
1983-02-16 00:00:00,2.73522096641726
1983-02-17 00:00:00,2.7173661471536774
1983-02-18 00:00:00,2.7098821642746866
1983-02-22 00:00:00,2.680353978235041
1983-02-23 00:00:00,2.6579738124049848
1983-02-24 00:00:00,2.6730722064986656
1983-02-25 00:00:00,2.6632060443191676
1983-02-28 00:00:00,2.6238228761486297
1983-03-01 00:00:00,2.6174774762063113
1983-03-02 00:00:00,2.6340397576327814
1983-03-03 00:00:00,2.6340397576327814
1983-03-04 00:00:00,2.648866706831399
1983-03-07 00:00:00,2.646276128145012
1983-03-08 00:00:00,2.6238228761486297
1983-03-09 00:00:00,2.6244591086598206
1983-03-10 00:00:00,2.6372488703979284
1983-03-11 00:00:00,2.611004315322519
1983-03-14 00:00:00,2.611004315322519
1983-03-15 00:00:00,2.5962214361479803
1983-03-16 00:00:00,2.5935097812220964
1983-03-17 00:00:00,2.607386985062179
1983-03-18 00:00:00,2.614825233503793
1983-03-21 00:00:00,2.630966320573673
1983-03-22 00:00:00,2.628323200273578
1983-03-23 00:00:00,2.6393542952886158
1983-03-24 00:00:00,2.619259446211959
1983-03-25 00:00:00,2.611550409153185
1983-03-28 00:00:00,2.637047298396933
1983-03-29 00:00:00,2.631932627168067
1983-03-30 00:00:00,2.6348876862536956
1983-03-31 00:00:00,2.6365971252391187
1983-04-01 00:00:00,2.638922239500739
1983-04-04 00:00:00,2.6194646158849157
1983-04-05 00:00:00,2.593330639299494
1983-04-06 00:00:00,2.584833001658002
1983-04-07 00:00:00,2.5911088577137535
1983-04-08 00:00:00,2.6011753159672106
1983-04-11 00:00:00,2.5920901653537016
1983-04-12 00:00:00,2.5835884507398896
1983-04-13 00:00:00,2.5981784675000466
1983-04-14 00:00:00,2.5890758952599127
1983-04-15 00:00:00,2.5773251842707507
1983-04-18 00:00:00,2.6034513615686072
1983-04-19 00:00:00,2.6077353253567637
1983-04-20 00:00:00,2.618918285602415
1983-04-21 00:00:00,2.6068026991829196
1983-04-22 00:00:00,2.603485484361122
1983-04-25 00:00:00,2.5963405625706573
1983-04-26 00:00:00,2.598101904707849
1983-04-27 00:00:00,2.59220926612871
1983-04-28 00:00:00,2.6117339963790926
1983-04-29 00:00:00,2.617867881567515
1983-05-02 00:00:00,2.6120636422964902
1983-05-03 00:00:00,2.611031833403159
1983-05-04 00:00:00,2.59720155839222
1983-05-05 00:00:00,2.5925872239365293
1983-05-06 00:00:00,2.591798169818481
1983-05-09 00:00:00,2.5736289777505834
1983-05-10 00:00:00,2.5773609631421683
1983-05-11 00:00:00,2.5537460262636937
1983-05-12 00:00:00,2.551621708831068
1983-05-13 00:00:00,2.5521300629852237
1983-05-16 00:00:00,2.57805221307811
1983-05-17 00:00:00,2.5843406412479974
1983-05-18 00:00:00,2.5516798898274096
1983-05-19 00:00:00,2.611371501739717
1983-05-20 00:00:00,2.622494433784902
1983-05-23 00:00:00,2.62234437606563
1983-05-24 00:00:00,2.627173259750663
1983-05-25 00:00:00,2.6151668426206296
1983-05-26 00:00:00,2.616896060958207
1983-05-27 00:00:00,2.6298252237957405
1983-05-31 00:00:00,2.6432366561480793
1983-06-01 00:00:00,2.658931427446912
1983-06-02 00:00:00,2.652710376450742
1983-06-03 00:00:00,2.6580255083633797
1983-06-06 00:00:00,2.6723358879441634
1983-06-07 00:00:00,2.6835181230436747
1983-06-08 00:00:00,2.685148140654766
1983-06-09 00:00:00,2.6820298972037957
1983-06-10 00:00:00,2.6795002671715515
1983-06-13 00:00:00,2.67935020945228
1983-06-14 00:00:00,2.6886916916942614
1983-06-15 00:00:00,2.69149316986645
1983-06-16 00:00:00,2.675919270552927
1983-06-17 00:00:00,2.6685866719049773
1983-06-20 00:00:00,2.652126189740718
1983-06-21 00:00:00,2.6586463080558036
1983-06-22 00:00:00,2.6229291640117824
1983-06-23 00:00:00,2.6265043526852643
1983-06-24 00:00:00,2.628831841212983
1983-06-27 00:00:00,2.6403855594819228
1983-06-28 00:00:00,2.6408485517984097
1983-06-29 00:00:00,2.652291136350773
1983-06-30 00:00:00,2.647882293434496
1983-07-01 00:00:00,2.65199102091223
1983-07-05 00:00:00,2.6794789159761816
1983-07-06 00:00:00,2.674565234436023
1983-07-07 00:00:00,2.6821469862693377
1983-07-08 00:00:00,2.6790287428183674
1983-07-11 00:00:00,2.6800667955004323
1983-07-12 00:00:00,2.664383751679231
1983-07-13 00:00:00,2.6588123495161904
1983-07-14 00:00:00,2.6616769979139296
1983-07-15 00:00:00,2.6776839803777897
1983-07-18 00:00:00,2.6697802692247348
1983-07-19 00:00:00,2.665435459800278
1983-07-20 00:00:00,2.642269854263544
1983-07-21 00:00:00,2.639672851531975
1983-07-22 00:00:00,2.6511044098560186
1983-07-25 00:00:00,2.66062659387903
1983-07-26 00:00:00,2.6568580323687447
1983-07-27 00:00:00,2.660326478440487
1983-07-28 00:00:00,2.6697757675657705
1983-07-29 00:00:00,2.6832987078335386
1983-08-01 00:00:00,2.707160326978705
1983-08-02 00:00:00,2.6906618353217935
1983-08-03 00:00:00,2.7056995139323736
1983-08-04 00:00:00,2.713074784489476
1983-08-05 00:00:00,2.724414144031247
1983-08-08 00:00:00,2.733379674466203
1983-08-09 00:00:00,2.7320938312079677
1983-08-10 00:00:00,2.752229611948906
1983-08-11 00:00:00,2.7481611781559105
1983-08-12 00:00:00,2.739572319792625
1983-08-15 00:00:00,2.7212243915830396
1983-08-16 00:00:00,2.6897488114984736
1983-08-17 00:00:00,2.689011200409808
1983-08-18 00:00:00,2.693553899951358
1983-08-19 00:00:00,2.7050595189089055
1983-08-22 00:00:00,2.689148580621388
1983-08-23 00:00:00,2.6848798782121674
1983-08-24 00:00:00,2.6947089439337093
1983-08-25 00:00:00,2.693974067237505
1983-08-26 00:00:00,2.72273497068788
1983-08-29 00:00:00,2.7319232383337786
1983-08-30 00:00:00,2.737771627161368
1983-08-31 00:00:00,2.740440934022447
1983-09-01 00:00:00,2.7419794032190836
1983-09-02 00:00:00,2.743515559365151
1983-09-06 00:00:00,2.729242734541811
1983-09-07 00:00:00,2.733063369526902
1983-09-08 00:00:00,2.7249591412798018
1983-09-09 00:00:00,2.7196685833369525
1983-09-12 00:00:00,2.7132066585840677
1983-09-13 00:00:00,2.7307629747792532
1983-09-14 00:00:00,2.73683543901554
1983-09-15 00:00:00,2.728760353646634
1983-09-16 00:00:00,2.7137564252320225
1983-09-19 00:00:00,2.6997358910936797
1983-09-20 00:00:00,2.70654034505743
1983-09-21 00:00:00,2.7086998760553493
1983-09-22 00:00:00,2.7206053609159433
1983-09-23 00:00:00,2.6898024569695727
1983-09-26 00:00:00,2.6896523992503014
1983-09-27 00:00:00,2.6818676961697703
1983-09-28 00:00:00,2.675221210259834
1983-09-29 00:00:00,2.6722258364071845
1983-09-30 00:00:00,2.659431905120214
1983-10-03 00:00:00,2.6508625714379734
1983-10-04 00:00:00,2.6561312954820164
1983-10-05 00:00:00,2.635825723619747
1983-10-06 00:00:00,2.635825723619747
1983-10-07 00:00:00,2.6452980249743936
1983-10-11 00:00:00,2.6245481236613077
1983-10-12 00:00:00,2.600441346265454
1983-10-13 00:00:00,2.6096605899889203
1983-10-14 00:00:00,2.602893436172353
1983-10-17 00:00:00,2.616091066730588
1983-10-18 00:00:00,2.6314284929082747
1983-10-19 00:00:00,2.6295484534991953
1983-10-20 00:00:00,2.6239244192592963
1983-10-21 00:00:00,2.62767109858237
1983-10-24 00:00:00,2.6031388995292155
1983-10-25 00:00:00,2.6108947638314306
1983-10-26 00:00:00,2.600441346265454
1983-10-27 00:00:00,2.598605308600405
1983-10-28 00:00:00,2.592503863874881
1983-10-31 00:00:00,2.5761721783115075
1983-11-01 00:00:00,2.5541230525660694
1983-11-02 00:00:00,2.5671876206098863
1983-11-03 00:00:00,2.5582655134946988
1983-11-04 00:00:00,2.544118423097493
1983-11-07 00:00:00,2.5351472302900615
1983-11-09 00:00:00,2.5351472302900615
1983-11-10 00:00:00,2.5167418750778876
1983-11-14 00:00:00,2.5295816026483244
1983-11-15 00:00:00,2.5299056135936175
1983-11-16 00:00:00,2.5333942798587357
1983-11-17 00:00:00,2.552419097961109
1983-11-18 00:00:00,2.5563026767948602
1983-11-21 00:00:00,2.5521277017277426
1983-11-22 00:00:00,2.536318725080301
1983-11-23 00:00:00,2.547215567776091
1983-11-25 00:00:00,2.5499598164961648
1983-11-28 00:00:00,2.544607435107489
1983-11-29 00:00:00,2.549668420262798
1983-11-30 00:00:00,2.526215966070083
1983-12-01 00:00:00,2.5278332252481244
1983-12-02 00:00:00,2.5405415455668976
1983-12-05 00:00:00,2.5588620936110393
1983-12-06 00:00:00,2.5546999975113436
1983-12-07 00:00:00,2.5591434207734967
1983-12-08 00:00:00,2.5629994772867
1983-12-09 00:00:00,2.582672552664856
1983-12-12 00:00:00,2.5830884973930153
1983-12-13 00:00:00,2.5918946778447527
1983-12-14 00:00:00,2.5833584901546174
1983-12-15 00:00:00,2.5843348091663465
1983-12-16 00:00:00,2.58698972352328
1983-12-19 00:00:00,2.581798363964756
1983-12-20 00:00:00,2.5777140436517256
1983-12-21 00:00:00,2.580382919803056
1983-12-22 00:00:00,2.5813612696147064
1983-12-23 00:00:00,2.5659546264273443
1983-12-27 00:00:00,2.5566766218607895
1983-12-28 00:00:00,2.555384692041456
1983-12-29 00:00:00,2.549492090470549
1983-12-30 00:00:00,2.543573114859008
1984-01-03 00:00:00,2.586092106733649
1984-01-04 00:00:00,2.60426490309797
1984-01-05 00:00:00,2.6024650814599233
1984-01-06 00:00:00,2.6098003207206513
1984-01-09 00:00:00,2.624589311447897
1984-01-10 00:00:00,2.6064340502703347
1984-01-11 00:00:00,2.6253809258326317
1984-01-12 00:00:00,2.6219833078333306
1984-01-13 00:00:00,2.5971690053545653
1984-01-16 00:00:00,2.590917217049248
1984-01-17 00:00:00,2.6068046128886357
1984-01-18 00:00:00,2.602256794400278
1984-01-19 00:00:00,2.591592568280123
1984-01-20 00:00:00,2.6107539205603505
1984-01-23 00:00:00,2.6067709785426985
1984-01-24 00:00:00,2.617557119653073
1984-01-25 00:00:00,2.6141421000991003
1984-01-26 00:00:00,2.6077605470870844
1984-01-27 00:00:00,2.616031221903605
1984-01-30 00:00:00,2.61097388623474
1984-01-31 00:00:00,2.623341152199065
1984-02-01 00:00:00,2.6035529849927426
1984-02-02 00:00:00,2.5840047201710177
1984-02-03 00:00:00,2.560737177981034
1984-02-06 00:00:00,2.5786744932711754
1984-02-07 00:00:00,2.6029701925260094
1984-02-08 00:00:00,2.5967593663107422
1984-02-09 00:00:00,2.594400741137582
1984-02-10 00:00:00,2.6080210052765245
1984-02-14 00:00:00,2.589115700296506
1984-02-15 00:00:00,2.5597172911642505
1984-02-16 00:00:00,2.554438192562622
1984-02-17 00:00:00,2.5565766048968994
1984-02-21 00:00:00,2.5857499151695436
1984-02-22 00:00:00,2.5557145714525333
1984-02-23 00:00:00,2.5544268182883916
1984-02-24 00:00:00,2.532382451032631
1984-02-27 00:00:00,2.536878750056926
1984-02-28 00:00:00,2.523341109807585
1984-02-29 00:00:00,2.524950243832222
1984-03-01 00:00:00,2.5341227904071317
1984-03-02 00:00:00,2.508777392733444
1984-03-05 00:00:00,2.4761104520026844
1984-03-06 00:00:00,2.4761104520026844
1984-03-07 00:00:00,2.4685042525990846
1984-03-08 00:00:00,2.445390916900591
1984-03-09 00:00:00,2.4476827546858777
1984-03-12 00:00:00,2.4260822101716966
1984-03-13 00:00:00,2.4568932260111307
1984-03-14 00:00:00,2.4545841158363078
1984-03-15 00:00:00,2.4374031724216816
1984-03-16 00:00:00,2.4227064000462257
1984-03-19 00:00:00,2.414865926259669
1984-03-20 00:00:00,2.4104083980155346
1984-03-21 00:00:00,2.3996669263103154
1984-03-22 00:00:00,2.4015425280458222
1984-03-23 00:00:00,2.4048595757364932
1984-03-26 00:00:00,2.421583216736052
1984-03-27 00:00:00,2.4269840156582396
1984-03-28 00:00:00,2.420461074374265
1984-03-29 00:00:00,2.4362663239270814
1984-03-30 00:00:00,2.426645760046301
1984-04-02 00:00:00,2.4255189219873055
1984-04-03 00:00:00,2.409852363783005
1984-04-04 00:00:00,2.405413308081816
1984-04-05 00:00:00,2.394935808573894
1984-04-06 00:00:00,2.4015425280458222
1984-04-09 00:00:00,2.4004388779869776
1984-04-10 00:00:00,2.4076307898131657
1984-04-11 00:00:00,2.4120780413297913
1984-04-12 00:00:00,2.405413308081816
1984-04-13 00:00:00,2.3998874332642606
1984-04-16 00:00:00,2.3885837746934624
1984-04-17 00:00:00,2.3818308246692492
1984-04-18 00:00:00,2.3847669262199984
1984-04-19 00:00:00,2.3720958212986663
1984-04-20 00:00:00,2.3720958212986663
1984-04-23 00:00:00,2.3778341242868324
1984-04-24 00:00:00,2.3778341242868324
1984-04-25 00:00:00,2.3760879223940337
1984-04-26 00:00:00,2.3868533968857655
1984-04-27 00:00:00,2.395514634028576
1984-04-30 00:00:00,2.407982883958309
1984-05-01 00:00:00,2.406068725109058
1984-05-02 00:00:00,2.4089626579517254
1984-05-03 00:00:00,2.402861884764365
1984-05-04 00:00:00,2.4116080194516836
1984-05-07 00:00:00,2.4438129309507417
1984-05-08 00:00:00,2.4436762738171622
1984-05-09 00:00:00,2.4415127522946167
1984-05-10 00:00:00,2.4494622919016305
1984-05-11 00:00:00,2.451539435028444
1984-05-14 00:00:00,2.4411027808938774
1984-05-15 00:00:00,2.432312131122665
1984-05-16 00:00:00,2.428593211241482
1984-05-17 00:00:00,2.434080872065928
1984-05-18 00:00:00,2.4415700288469813
1984-05-21 00:00:00,2.4297198482499924
1984-05-22 00:00:00,2.4270210474080036
1984-05-23 00:00:00,2.4376075944958013
1984-05-24 00:00:00,2.4277732684400037
1984-05-25 00:00:00,2.407995489945507
1984-05-29 00:00:00,2.4182374500963704
1984-05-30 00:00:00,2.4242839744919866
1984-05-31 00:00:00,2.4189969460182694
1984-06-01 00:00:00,2.386942771225568
1984-06-04 00:00:00,2.3830875044461686
1984-06-05 00:00:00,2.3919615485555035
1984-06-06 00:00:00,2.3907683686356487
1984-06-07 00:00:00,2.402724897207282
1984-06-08 00:00:00,2.4067655757432895
1984-06-11 00:00:00,2.4252445046714675
1984-06-12 00:00:00,2.437050268428914
1984-06-13 00:00:00,2.4290679126561687
1984-06-14 00:00:00,2.4299531821670617
1984-06-15 00:00:00,2.4384667162115488
1984-06-18 00:00:00,2.4509344268190274
1984-06-19 00:00:00,2.4457725492949782
1984-06-20 00:00:00,2.463624699307645
1984-06-21 00:00:00,2.4704080771275714
1984-06-22 00:00:00,2.470764105800987
1984-06-25 00:00:00,2.492580018111394
1984-06-26 00:00:00,2.4788339864592714
1984-06-27 00:00:00,2.4884349851929164
1984-06-28 00:00:00,2.4834399617242067
1984-06-29 00:00:00,2.487191665051725
1984-07-02 00:00:00,2.498160074099491
1984-07-03 00:00:00,2.518966901806415
1984-07-05 00:00:00,2.5277540226419206
1984-07-06 00:00:00,2.539713744980601
1984-07-09 00:00:00,2.5441945313875323
1984-07-10 00:00:00,2.5361966935772005
1984-07-11 00:00:00,2.554011954951684
1984-07-12 00:00:00,2.5588861022383855
1984-07-13 00:00:00,2.5509957946740136
1984-07-16 00:00:00,2.538893802179123
1984-07-17 00:00:00,2.5575667783956995
1984-07-18 00:00:00,2.5700927084973144
1984-07-19 00:00:00,2.55729346412854
1984-07-20 00:00:00,2.571167421119876
1984-07-23 00:00:00,2.5861925675187516
1984-07-24 00:00:00,2.5862330272558194
1984-07-25 00:00:00,2.5805922123178875
1984-07-26 00:00:00,2.574654877586741
1984-07-27 00:00:00,2.6049562820603898
1984-07-30 00:00:00,2.6061236796836784
1984-07-31 00:00:00,2.613778123406908
1984-08-01 00:00:00,2.6071528330884903
1984-08-02 00:00:00,2.594797814051298
1984-08-03 00:00:00,2.55260154441644
1984-08-06 00:00:00,2.567416552966234
1984-08-07 00:00:00,2.597893022992998
1984-08-08 00:00:00,2.5889719108294416
1984-08-09 00:00:00,2.5857436940052994
1984-08-10 00:00:00,2.5864912437374517
1984-08-13 00:00:00,2.593402261976846
1984-08-14 00:00:00,2.5674962229593
1984-08-15 00:00:00,2.5583298632787783
1984-08-16 00:00:00,2.5250568016060635
1984-08-17 00:00:00,2.5323702938369688
1984-08-20 00:00:00,2.5437748967561684
1984-08-21 00:00:00,2.5555140956081557
1984-08-22 00:00:00,2.547627012024892
1984-08-23 00:00:00,2.5322876394483957
1984-08-24 00:00:00,2.540469362078685
1984-08-27 00:00:00,2.5472170406241528
1984-08-28 00:00:00,2.539735557451441
1984-08-29 00:00:00,2.5382162736783584
1984-08-30 00:00:00,2.54772173174156
1984-08-31 00:00:00,2.5548750430655356
1984-09-04 00:00:00,2.588714925846722
1984-09-05 00:00:00,2.603004926300894
1984-09-06 00:00:00,2.6006948442141864
1984-09-07 00:00:00,2.6225221012993347
1984-09-10 00:00:00,2.626639384213075
1984-09-11 00:00:00,2.632429645229459
1984-09-12 00:00:00,2.6246665440185772
1984-09-13 00:00:00,2.6439111101343715
1984-09-14 00:00:00,2.6370735249937183
1984-09-17 00:00:00,2.6556751083072183
1984-09-18 00:00:00,2.668254124367312
1984-09-19 00:00:00,2.6611636150652807
1984-09-20 00:00:00,2.6793334308870658
1984-09-21 00:00:00,2.642673609505587
1984-09-24 00:00:00,2.6252728128772778
1984-09-25 00:00:00,2.650720000451677
1984-09-26 00:00:00,2.63849812559281
1984-09-27 00:00:00,2.635843610791501
1984-09-28 00:00:00,2.6589750200954323
1984-10-01 00:00:00,2.650587625967067
1984-10-02 00:00:00,2.6392081683989304
1984-10-03 00:00:00,2.626860393037856
1984-10-04 00:00:00,2.637678182791332
1984-10-05 00:00:00,2.648382995305989
1984-10-09 00:00:00,2.666340924497196
1984-10-10 00:00:00,2.6617100356271846
1984-10-11 00:00:00,2.669323951174805
1984-10-12 00:00:00,2.6813080127510402
1984-10-15 00:00:00,2.6891732919974247
1984-10-16 00:00:00,2.6866425950422643
1984-10-17 00:00:00,2.677679748876608
1984-10-18 00:00:00,2.674314718478502
1984-10-19 00:00:00,2.6574726473308594
1984-10-22 00:00:00,2.653632698174719
1984-10-23 00:00:00,2.633100210131502
1984-10-24 00:00:00,2.6164427038339717
1984-10-25 00:00:00,2.607732834220493
1984-10-26 00:00:00,2.6221296988049447
1984-10-29 00:00:00,2.6463331383022934
1984-10-30 00:00:00,2.6340968360850763
1984-10-31 00:00:00,2.623416527548181
1984-11-01 00:00:00,2.59231499358053
1984-11-02 00:00:00,2.5638825032238404
1984-11-05 00:00:00,2.549316145247438
1984-11-07 00:00:00,2.5555159894510737
1984-11-08 00:00:00,2.553572651664115
1984-11-09 00:00:00,2.5626225244522356
1984-11-13 00:00:00,2.5626225244522356
1984-11-14 00:00:00,2.5249676628684474
1984-11-15 00:00:00,2.5337582527248403
1984-11-16 00:00:00,2.521879646974194
1984-11-19 00:00:00,2.5004732312157225
1984-11-20 00:00:00,2.484405933344456
1984-11-21 00:00:00,2.4724903173571935
1984-11-23 00:00:00,2.472984518899739
1984-11-26 00:00:00,2.449968623377306
1984-11-27 00:00:00,2.451141944129583
1984-11-28 00:00:00,2.451141944129583
1984-11-29 00:00:00,2.4431360598888503
1984-11-30 00:00:00,2.4431360598888503
1984-12-03 00:00:00,2.4324039264656085
1984-12-04 00:00:00,2.4324039264656085
1984-12-05 00:00:00,2.4466005020547663
1984-12-06 00:00:00,2.428272552117029
1984-12-07 00:00:00,2.4453704171427995
1984-12-10 00:00:00,2.454230299368856
1984-12-11 00:00:00,2.4517286691324123
1984-12-12 00:00:00,2.455365596299827
1984-12-13 00:00:00,2.461806686841366
1984-12-14 00:00:00,2.4456219487510156
1984-12-17 00:00:00,2.4502234643582756
1984-12-18 00:00:00,2.4439163344394412
1984-12-19 00:00:00,2.457491418743411
1984-12-20 00:00:00,2.469981612796051
1984-12-21 00:00:00,2.4656465840790065
1984-12-24 00:00:00,2.4683052467291677
1984-12-26 00:00:00,2.473742810930172
1984-12-27 00:00:00,2.4947443285927857
1984-12-28 00:00:00,2.4872936071862637
1984-12-31 00:00:00,2.496285446918095
1985-01-02 00:00:00,2.510611109461142
1985-01-03 00:00:00,2.5145079108358215
1985-01-04 00:00:00,2.525508512701822
1985-01-07 00:00:00,2.537282188564139
1985-01-08 00:00:00,2.5274443287368737
1985-01-09 00:00:00,2.5409468047528594
1985-01-10 00:00:00,2.5267219977164395
1985-01-11 00:00:00,2.5345259923638475
1985-01-14 00:00:00,2.5621981943609784
1985-01-15 00:00:00,2.5650600512222814
1985-01-16 00:00:00,2.5614891596850757
1985-01-17 00:00:00,2.563495003428292
1985-01-18 00:00:00,2.5654968463565315
1985-01-22 00:00:00,2.5571975150682036
1985-01-23 00:00:00,2.566927695631518
1985-01-24 00:00:00,2.5434797116790873
1985-01-25 00:00:00,2.54942815795067
1985-01-28 00:00:00,2.548420576103831
1985-01-29 00:00:00,2.5521807063691773
1985-01-30 00:00:00,2.5598014112241008
1985-01-31 00:00:00,2.5588019190930487
1985-02-01 00:00:00,2.583755985191965
1985-02-04 00:00:00,2.6126875934726854
1985-02-05 00:00:00,2.6141866027939265
1985-02-06 00:00:00,2.6107668095666425
1985-02-07 00:00:00,2.6289533471903583
1985-02-08 00:00:00,2.6408660057491438
1985-02-11 00:00:00,2.656594914726815
1985-02-13 00:00:00,2.6697660394510905
1985-02-14 00:00:00,2.6590690313231042
1985-02-15 00:00:00,2.6419039884625115
1985-02-19 00:00:00,2.6685681210336685
1985-02-20 00:00:00,2.677734385368503
1985-02-21 00:00:00,2.681448807046076
1985-02-22 00:00:00,2.7041511039140107
1985-02-25 00:00:00,2.747563458151546
1985-02-26 00:00:00,2.7394378936231663
1985-02-27 00:00:00,2.690084379332907
1985-02-28 00:00:00,2.702838256217962
1985-03-01 00:00:00,2.7057099992425133
1985-03-04 00:00:00,2.7293626963728648
1985-03-05 00:00:00,2.7521350988137843
1985-03-06 00:00:00,2.7327532224650666
1985-03-07 00:00:00,2.73480942421082
1985-03-08 00:00:00,2.73613110607449
1985-03-11 00:00:00,2.695811260999282
1985-03-12 00:00:00,2.688826239370942
1985-03-13 00:00:00,2.6962895865582146
1985-03-14 00:00:00,2.718642417256732
1985-03-15 00:00:00,2.7155307195011646
1985-03-18 00:00:00,2.6905536243174413
1985-03-19 00:00:00,2.6433486688755665
1985-03-20 00:00:00,2.6211322783039916
1985-03-21 00:00:00,2.5922493751627074
1985-03-22 00:00:00,2.6012225173659327
1985-03-25 00:00:00,2.6101225433832678
1985-03-26 00:00:00,2.591829995175386
1985-03-27 00:00:00,2.531926226350016
1985-03-28 00:00:00,2.5317864330209088
1985-03-29 00:00:00,2.486987844815474
1985-04-01 00:00:00,2.5218271075717658
1985-04-02 00:00:00,2.5400973437612904
1985-04-03 00:00:00,2.524195443402984
1985-04-04 00:00:00,2.5640386808646674
1985-04-05 00:00:00,2.5640386808646674
1985-04-08 00:00:00,2.5726646800181716
1985-04-09 00:00:00,2.5852277792585756
1985-04-10 00:00:00,2.5852277792585756
1985-04-11 00:00:00,2.6448437083723135
1985-04-12 00:00:00,2.669469797891776
1985-04-15 00:00:00,2.7115519450671854
1985-04-16 00:00:00,2.7115519450671854
1985-04-17 00:00:00,2.7094162470013297
1985-04-18 00:00:00,2.7649525778150457
1985-04-19 00:00:00,2.768847769768532
1985-04-22 00:00:00,2.739626604859777
1985-04-23 00:00:00,2.681956197994234
1985-04-24 00:00:00,2.6428120955278853
1985-04-25 00:00:00,2.616185877561364
1985-04-26 00:00:00,2.625669001003527
1985-04-29 00:00:00,2.6246675302961884
1985-04-30 00:00:00,2.6377467377340365
1985-05-01 00:00:00,2.5979146059914986
1985-05-02 00:00:00,2.578447774688754
1985-05-03 00:00:00,2.530107417503187
1985-05-06 00:00:00,2.5347661044484506
1985-05-07 00:00:00,2.57555296988369
1985-05-08 00:00:00,2.5535742955260523
1985-05-09 00:00:00,2.6216677120764986
1985-05-10 00:00:00,2.6077590491978295
1985-05-13 00:00:00,2.6540248844523493
1985-05-14 00:00:00,2.671542757576361
1985-05-15 00:00:00,2.6570995053454824
1985-05-16 00:00:00,2.646878457631785
1985-05-17 00:00:00,2.6560738378541506
1985-05-20 00:00:00,2.671542757576361
1985-05-21 00:00:00,2.6560738378541506
1985-05-22 00:00:00,2.6499364782054773
1985-05-23 00:00:00,2.6519791003520203
1985-05-24 00:00:00,2.629682563822971
1985-05-28 00:00:00,2.6201703816069566
1985-05-29 00:00:00,2.6478970106877333
1985-05-30 00:00:00,2.6387582501214957
1985-05-31 00:00:00,2.663270239627313
1985-06-03 00:00:00,2.6777810630387195
1985-06-04 00:00:00,2.667400063348668
1985-06-05 00:00:00,2.6540248844523493
1985-06-06 00:00:00,2.666366403154025
1985-06-07 00:00:00,2.6397705411943964
1985-06-10 00:00:00,2.6246675302961884
1985-06-11 00:00:00,2.6387582501214957
1985-06-12 00:00:00,2.6367360031338802
1985-06-13 00:00:00,2.6276742446497168
1985-06-14 00:00:00,2.6653335464263037
1985-06-17 00:00:00,2.663785765787131
1985-06-18 00:00:00,2.700907101024882
1985-06-19 00:00:00,2.7104836739595415
1985-06-20 00:00:00,2.663270239627313
1985-06-21 00:00:00,2.6736189499466145
1985-06-24 00:00:00,2.6725804492033487
1985-06-25 00:00:00,2.667400063348668
1985-06-26 00:00:00,2.705154960682947
1985-06-27 00:00:00,2.674658260752863
1985-06-28 00:00:00,2.6987881863784455
1985-07-01 00:00:00,2.690345778709079
1985-07-02 00:00:00,2.691398180489292
1985-07-03 00:00:00,2.697729979398252
1985-07-05 00:00:00,2.7212045375755447
1985-07-08 00:00:00,2.7423568593710077
1985-07-09 00:00:00,2.7716367973827616
1985-07-10 00:00:00,2.7975628060963866
1985-07-11 00:00:00,2.814734830501373
1985-07-12 00:00:00,2.858010622559593
1985-07-15 00:00:00,2.864557735653005
1985-07-16 00:00:00,2.864557735653005
1985-07-17 00:00:00,2.9361039044051247
1985-07-18 00:00:00,2.894091474140425
1985-07-19 00:00:00,2.8831716302031984
1985-07-22 00:00:00,2.8819634143194337
1985-07-23 00:00:00,2.9298490371793156
1985-07-24 00:00:00,2.894091474140425
1985-07-25 00:00:00,2.9298490371793156
1985-07-26 00:00:00,2.9361039044051247
1985-07-29 00:00:00,2.993626831818023
1985-07-30 00:00:00,2.9845307911024626
1985-07-31 00:00:00,2.9884222968762764
1985-08-01 00:00:00,2.955030269890116
1985-08-02 00:00:00,2.9626695202630544
1985-08-05 00:00:00,2.9493267125563936
1985-08-06 00:00:00,2.90202977056548
1985-08-07 00:00:00,2.9026422184333542
1985-08-08 00:00:00,2.929225020303765
1985-08-09 00:00:00,2.9286012699881776
1985-08-12 00:00:00,2.9761339685001436
1985-08-13 00:00:00,2.9819420962365424
1985-08-14 00:00:00,2.9780674879999958
1985-08-15 00:00:00,3.0239093276932345
1985-08-16 00:00:00,3.0345869134744357
1985-08-19 00:00:00,3.031242052905402
1985-08-20 00:00:00,3.00803350521864
1985-08-21 00:00:00,3.022579925892103
1985-08-22 00:00:00,3.05481258774414
1985-08-23 00:00:00,3.042644865194137
1985-08-26 00:00:00,3.0199246361271985
1985-08-27 00:00:00,2.9962359234168794
1985-08-28 00:00:00,3.024574468501742
1985-08-29 00:00:00,3.0060607750306376
1985-08-30 00:00:00,2.967784400743638
1985-09-03 00:00:00,2.914945858636189
1985-09-04 00:00:00,2.9223783901346794
1985-09-05 00:00:00,2.909396298198424
1985-09-06 00:00:00,2.835622488971161
1985-09-09 00:00:00,2.8297892317564592
1985-09-10 00:00:00,2.826300818909348
1985-09-11 00:00:00,2.8101349800296114
1985-09-12 00:00:00,2.827462664177878
1985-09-13 00:00:00,2.8651544200852923
1985-09-16 00:00:00,2.877140691077146
1985-09-17 00:00:00,2.8819634143194337
1985-09-18 00:00:00,2.8699368870210127
1985-09-19 00:00:00,2.877140691077146
1985-09-20 00:00:00,2.9273545683539925
1985-09-23 00:00:00,3.058890213641085
1985-09-24 00:00:00,3.0711888594915466
1985-09-25 00:00:00,3.107281984258497
1985-09-26 00:00:00,3.1270713926441935
1985-09-27 00:00:00,3.1199747942147043
1985-09-30 00:00:00,3.122809553897154
1985-10-01 00:00:00,3.161590713860994
1985-10-02 00:00:00,3.1659594408879705
1985-10-03 00:00:00,3.192428188520437
1985-10-04 00:00:00,3.1703402920417565
1985-10-07 00:00:00,3.157234060699593
1985-10-08 00:00:00,3.157234060699593
1985-10-09 00:00:00,3.149999667275941
1985-10-10 00:00:00,3.1356301630465295
1985-10-11 00:00:00,3.147115210320432
1985-10-15 00:00:00,3.1399271911550777
1985-10-16 00:00:00,3.108687179696833
1985-10-17 00:00:00,3.151443885034355
1985-10-18 00:00:00,3.160137157073934
1985-10-21 00:00:00,3.167418374990633
1985-10-22 00:00:00,3.1543363082670357
1985-10-23 00:00:00,3.1659594408879705
1985-10-24 00:00:00,3.155784517413233
1985-10-25 00:00:00,3.151443885034355
1985-10-28 00:00:00,3.1630456121863912
1985-10-29 00:00:00,3.187985952968167
1985-10-30 00:00:00,3.187985952968167
1985-10-31 00:00:00,3.186507961378097
1985-11-01 00:00:00,3.2088231433910988
1985-11-04 00:00:00,3.2043350689161136
1985-11-05 00:00:00,3.185031343386158
1985-11-06 00:00:00,3.200604612429784
1985-11-07 00:00:00,3.173267620050381
1985-11-08 00:00:00,3.176934412144615
1985-11-12 00:00:00,3.183556097078373
1985-11-13 00:00:00,3.1976265125280325
1985-11-14 00:00:00,3.196882855702052
1985-11-15 00:00:00,3.187985952968167
1985-11-18 00:00:00,3.199859566078313
1985-11-19 00:00:00,3.2208532076793115
1985-11-20 00:00:00,3.199859566078313
1985-11-21 00:00:00,3.230694441038818
1985-11-22 00:00:00,3.2520971255353177
1985-11-25 00:00:00,3.261357000147191
1985-11-26 00:00:00,3.277689652013722
1985-11-27 00:00:00,3.2792537015875443
1985-11-29 00:00:00,3.293397790453353
1985-12-02 00:00:00,3.25594899142939
1985-12-03 00:00:00,3.242889826506761
1985-12-04 00:00:00,3.270669901957988
1985-12-05 00:00:00,3.2698917903503464
1985-12-06 00:00:00,3.25594899142939
1985-12-09 00:00:00,3.2383057531066486
1985-12-10 00:00:00,3.2322138319363956
1985-12-11 00:00:00,3.2193445053942233
1985-12-12 00:00:00,3.258264505773604
1985-12-13 00:00:00,3.2536367747557344
1985-12-16 00:00:00,3.243655104259668
1985-12-17 00:00:00,3.2544071476740704
1985-12-18 00:00:00,3.2421249107584695
1985-12-19 00:00:00,3.2405961642487613
1985-12-20 00:00:00,3.2467198404619726
1985-12-23 00:00:00,3.25594899142939
1985-12-24 00:00:00,3.257492300815655
1985-12-26 00:00:00,3.2590370779236384
1985-12-27 00:00:00,3.2870964537670666
1985-12-30 00:00:00,3.293397790453353
1985-12-31 00:00:00,3.326881288852511
1986-01-02 00:00:00,3.343066924199467
1986-01-03 00:00:00,3.311649819976841
1986-01-06 00:00:00,3.312447989086859
1986-01-07 00:00:00,3.3052783248676056
1986-01-08 00:00:00,3.285524895564267
1986-01-09 00:00:00,3.2981397130920356
1986-01-10 00:00:00,3.2886695201831135
1986-01-13 00:00:00,3.2730064663270646
1986-01-14 00:00:00,3.2792537015875443
1986-01-15 00:00:00,3.293397790453353
1986-01-16 00:00:00,3.2870964537670666
1986-01-17 00:00:00,3.2745660365246763
1986-01-21 00:00:00,3.284739681365168
1986-01-22 00:00:00,3.2949769114859144
1986-01-23 00:00:00,3.300515812540891
1986-01-24 00:00:00,3.3512191023937774
1986-01-27 00:00:00,3.3684691034389997
1986-01-28 00:00:00,3.37343042718113
1986-01-29 00:00:00,3.3875674203931236
1986-01-30 00:00:00,3.392585353132233
1986-01-31 00:00:00,3.3659939243667654
1986-02-03 00:00:00,3.3668185787223637
1986-02-04 00:00:00,3.3536725350287173
1986-02-05 00:00:00,3.393423124687174
1986-02-06 00:00:00,3.389238410194147
1986-02-07 00:00:00,3.3618767206855784
1986-02-10 00:00:00,3.4153517377275366
1986-02-11 00:00:00,3.4574606577716964
1986-02-12 00:00:00,3.4802297029700644
1986-02-13 00:00:00,3.5221613328933357
1986-02-14 00:00:00,3.523064503919085
1986-02-18 00:00:00,3.53393888801767
1986-02-19 00:00:00,3.591212734036551
1986-02-20 00:00:00,3.568822817215864
1986-02-21 00:00:00,3.544880779932697
1986-02-24 00:00:00,3.602513638425542
1986-02-25 00:00:00,3.633961978562924
1986-02-26 00:00:00,3.6436007340424146
1986-02-27 00:00:00,3.6523195432699844
1986-02-28 00:00:00,3.629161745597039
1986-03-03 00:00:00,3.644567429439041
1986-03-04 00:00:00,3.6601047857925133
1986-03-05 00:00:00,3.5762549607951737
1986-03-06 00:00:00,3.6081908700143233
1986-03-07 00:00:00,3.6129356166888393
1986-03-10 00:00:00,3.537578653474863
1986-03-11 00:00:00,3.5651183460665514
1986-03-12 00:00:00,3.544880779932697
1986-03-13 00:00:00,3.544880779932697
1986-03-14 00:00:00,3.5968542878811336
1986-03-17 00:00:00,3.634923553081714
1986-03-18 00:00:00,3.637811339790252
1986-03-19 00:00:00,3.6157884738713957
1986-03-20 00:00:00,3.618645851028363
1986-03-21 00:00:00,3.6591298114952995
1986-03-24 00:00:00,3.5716062392443932
1986-03-25 00:00:00,3.4943914721092533
1986-03-26 00:00:00,3.5033014041884525
1986-03-27 00:00:00,3.5194546030858103
1986-03-28 00:00:00,3.50866926188655
1986-03-31 00:00:00,3.5033014041884525
1986-04-01 00:00:00,3.5104622143553823
1986-04-02 00:00:00,3.4592015132058433
1986-04-03 00:00:00,3.424715001756775
1986-04-04 00:00:00,3.4401482350054056
1986-04-07 00:00:00,3.4043520273363264
1986-04-08 00:00:00,3.467057161886419
1986-04-09 00:00:00,3.502408361673384
1986-04-10 00:00:00,3.523064503919085
1986-04-11 00:00:00,3.5614215765204595
1986-04-14 00:00:00,3.5412259429950153
1986-04-15 00:00:00,3.5430524165732313
1986-04-16 00:00:00,3.628203224097735
1986-04-17 00:00:00,3.709526533803694
1986-04-18 00:00:00,3.6895981520531436
1986-04-21 00:00:00,3.7035253978722165
1986-04-22 00:00:00,3.713538133252016
1986-04-23 00:00:00,3.7296718821492414
1986-04-24 00:00:00,3.7215874805426736
1986-04-25 00:00:00,3.7685586098439785
1986-04-28 00:00:00,3.788308380033426
1986-04-29 00:00:00,3.7633955604521665
1986-04-30 00:00:00,3.7789274255282512
1986-05-01 00:00:00,3.7115312469624566
1986-05-02 00:00:00,3.693566639502552
1986-05-05 00:00:00,3.739827029090897
1986-05-06 00:00:00,3.7115312469624566
1986-05-07 00:00:00,3.7388090206362277
1986-05-08 00:00:00,3.7747730438392137
1986-05-09 00:00:00,3.7851762123505748
1986-05-12 00:00:00,3.796686284909695
1986-05-13 00:00:00,3.7520866161216673
1986-05-14 00:00:00,3.769592924167808
1986-05-15 00:00:00,3.745946768270281
1986-05-16 00:00:00,3.7205793997830168
1986-05-19 00:00:00,3.682673829353523
1986-05-20 00:00:00,3.667923369824774
1986-05-21 00:00:00,3.676759397714199
1986-05-22 00:00:00,3.6234182198917977
1986-05-23 00:00:00,3.634923553081714
1986-05-27 00:00:00,3.642634552572102
1986-05-28 00:00:00,3.637811339790252
1986-05-29 00:00:00,3.5897113146353314
1986-05-30 00:00:00,3.5439663618470467
1986-06-02 00:00:00,3.551294976139083
1986-06-03 00:00:00,3.642634552572102
1986-06-04 00:00:00,3.633000913892766
1986-06-05 00:00:00,3.715785981251075
1986-06-06 00:00:00,3.715785981251075
1986-06-09 00:00:00,3.7205028994968883
1986-06-10 00:00:00,3.7205028994968883
1986-06-11 00:00:00,3.7161191622715295
1986-06-12 00:00:00,3.7161191622715295
1986-06-13 00:00:00,3.728356656768582
1986-06-16 00:00:00,3.7406750157667155
1986-06-17 00:00:00,3.665982638225773
1986-06-18 00:00:00,3.671927474936408
1986-06-19 00:00:00,3.691883602517585
1986-06-20 00:00:00,3.676896253657568
1986-06-23 00:00:00,3.6739133740575207
1986-06-24 00:00:00,3.7242685463993173
1986-06-25 00:00:00,3.7365598617339697
1986-06-26 00:00:00,3.733479433158757
1986-06-27 00:00:00,3.757226675128516
1986-06-30 00:00:00,3.7812779452448413
1986-07-01 00:00:00,3.831396406448029
1986-07-02 00:00:00,3.807772325466567
1986-07-03 00:00:00,3.84397115698979
1986-07-07 00:00:00,3.8141863159081173
1986-07-08 00:00:00,3.8270793400745675
1986-07-09 00:00:00,3.8056391196819925
1986-07-10 00:00:00,3.8210517654586313
1986-07-11 00:00:00,3.7950088428113715
1986-07-14 00:00:00,3.8141863159081173
1986-07-15 00:00:00,3.860793309822311
1986-07-16 00:00:00,3.8984595860156994
1986-07-17 00:00:00,3.8935437775161095
1986-07-18 00:00:00,3.940293404079093
1986-07-21 00:00:00,3.9655959303166117
1986-07-22 00:00:00,3.9300351915720895
1986-07-23 00:00:00,3.9334486558380757
1986-07-24 00:00:00,3.9380091760187574
1986-07-25 00:00:00,3.923226005563013
1986-07-28 00:00:00,3.9900533501511637
1986-07-29 00:00:00,4.016001081071449
1986-07-30 00:00:00,4.002985167137511
1986-07-31 00:00:00,4.048310982498425
1986-08-01 00:00:00,4.066486578049899
1986-08-04 00:00:00,4.048310982498425
1986-08-05 00:00:00,4.025520491041396
1986-08-06 00:00:00,4.048310982498425
1986-08-07 00:00:00,4.076247121891603
1986-08-08 00:00:00,4.070141299360309
1986-08-11 00:00:00,4.103331820375933
1986-08-12 00:00:00,4.047105051315076
1986-08-13 00:00:00,4.065756421254702
1986-08-14 00:00:00,4.088513890239155
1986-08-15 00:00:00,4.083598334014041
1986-08-18 00:00:00,4.053141902525272
1986-08-19 00:00:00,4.09220833050142
1986-08-20 00:00:00,4.123256952128896
1986-08-21 00:00:00,4.128268507221122
1986-08-22 00:00:00,4.115762392385553
1986-08-25 00:00:00,4.128268507221122
1986-08-26 00:00:00,4.1120253199953725
1986-08-27 00:00:00,4.128268507221122
1986-08-28 00:00:00,4.1132702565136885
1986-08-29 00:00:00,4.13958917040363
1986-09-02 00:00:00,4.144640529977033
1986-09-03 00:00:00,4.1522407265478956
1986-09-04 00:00:00,4.1345501087232845
1986-09-05 00:00:00,4.081144985660773
1986-09-08 00:00:00,4.020041323607738
1986-09-09 00:00:00,4.055561688735735
1986-09-10 00:00:00,4.056772665650854
1986-09-11 00:00:00,3.99709669234031
1986-09-12 00:00:00,4.065269795710567
1986-09-15 00:00:00,4.097144649356066
1986-09-16 00:00:00,4.098380590426761
1986-09-17 00:00:00,4.1421133101416805
1986-09-18 00:00:00,4.2179856123144095
1986-09-19 00:00:00,4.235078446778276
1986-09-22 00:00:00,4.144640529977033
1986-09-23 00:00:00,4.089744628917734
1986-09-24 00:00:00,4.097144649356066
1986-09-25 00:00:00,4.094675002189485
1986-09-26 00:00:00,4.089744628917734
1986-09-29 00:00:00,4.13958917040363
1986-09-30 00:00:00,4.124508699837496
1986-10-01 00:00:00,4.1408508556125305
1986-10-02 00:00:00,4.17649297794796
1986-10-03 00:00:00,4.191956697705867
1986-10-06 00:00:00,4.194545124194106
1986-10-07 00:00:00,4.168803822419366
1986-10-08 00:00:00,4.1726448578822835
1986-10-09 00:00:00,4.16496985201248
1986-10-10 00:00:00,4.197136749232226
1986-10-14 00:00:00,4.204930875043242
1986-10-15 00:00:00,4.206232711227466
1986-10-16 00:00:00,4.195840536524001
1986-10-17 00:00:00,4.190663682068079
1986-10-20 00:00:00,4.164203904022777
1986-10-21 00:00:00,4.168036463757735
1986-10-22 00:00:00,4.16496985201248
1986-10-23 00:00:00,4.1340468772105385
1986-10-24 00:00:00,4.0591967903390245
1986-10-27 00:00:00,4.012442899369377
1986-10-28 00:00:00,4.051933091936986
1986-10-29 00:00:00,4.053141902525272
1986-10-30 00:00:00,3.9877110822614363
1986-10-31 00:00:00,3.970231343443809
1986-11-03 00:00:00,3.953594359581164
1986-11-04 00:00:00,3.958663070298577
1986-11-05 00:00:00,3.935727594804378
1986-11-06 00:00:00,3.949490473138993
1986-11-07 00:00:00,3.949490473138993
1986-11-10 00:00:00,3.900446951824939
1986-11-12 00:00:00,3.853797232645266
1986-11-13 00:00:00,3.82812407765603
1986-11-14 00:00:00,3.809524348279769
1986-11-17 00:00:00,3.842249847879759
1986-11-18 00:00:00,3.8420228656686595
1986-11-19 00:00:00,3.832087693900784
1986-11-20 00:00:00,3.8294263976915404
1986-11-21 00:00:00,3.8832757053151212
1986-11-24 00:00:00,3.8771113526882477
1986-11-25 00:00:00,3.8030080263794677
1986-11-26 00:00:00,3.8040140189019747
1986-11-28 00:00:00,3.7614448982889717
1986-12-01 00:00:00,3.7474122347502004
1986-12-02 00:00:00,3.7474122347502004
1986-12-03 00:00:00,3.7542609930226654
1986-12-04 00:00:00,3.705724245367832
1986-12-05 00:00:00,3.684675288518209
1986-12-08 00:00:00,3.669317904165945
1986-12-09 00:00:00,3.6443639385255495
1986-12-10 00:00:00,3.6627752868033907
1986-12-11 00:00:00,3.6497166649828365
1986-12-12 00:00:00,3.6497166649828365
1986-12-15 00:00:00,3.6613113461161766
1986-12-16 00:00:00,3.6707031201646694
1986-12-17 00:00:00,3.66196118361227
1986-12-18 00:00:00,3.634393789173406
1986-12-19 00:00:00,3.627007856271438
1986-12-22 00:00:00,3.571506284600695
1986-12-23 00:00:00,3.529296306788883
1986-12-24 00:00:00,3.534817496914919
1986-12-26 00:00:00,3.5231283721183746
1986-12-29 00:00:00,3.486883221805893
1986-12-30 00:00:00,3.491361813185088
1986-12-31 00:00:00,3.462940484761141
1987-01-02 00:00:00,3.462940484761141
1987-01-05 00:00:00,3.422550141476634
1987-01-06 00:00:00,3.456071274774013
1987-01-07 00:00:00,3.440502425464633
1987-01-08 00:00:00,3.460790925180284
1987-01-09 00:00:00,3.4722141000594373
1987-01-12 00:00:00,3.5248999054595926
1987-01-13 00:00:00,3.537648591665887
1987-01-14 00:00:00,3.620346870432103
1987-01-15 00:00:00,3.6039652103848985
1987-01-16 00:00:00,3.608630537518083
1987-01-20 00:00:00,3.6168239899224375
1987-01-21 00:00:00,3.594670651492868
1987-01-22 00:00:00,3.661960052850862
1987-01-23 00:00:00,3.6274132598994395
1987-01-26 00:00:00,3.638064718085114
1987-01-27 00:00:00,3.67887441799105
1987-01-28 00:00:00,3.7094705126183882
1987-01-29 00:00:00,3.7094705126183882
1987-01-30 00:00:00,3.6062963651134785
1987-02-02 00:00:00,3.6547585581549895
1987-02-03 00:00:00,3.6728156656557562
1987-02-04 00:00:00,3.638064718085114
1987-02-05 00:00:00,3.598150487554332
1987-02-06 00:00:00,3.5602389402716716
1987-02-09 00:00:00,3.638064718085114
1987-02-10 00:00:00,3.6728156656557562
1987-02-11 00:00:00,3.6250547337226515
1987-02-12 00:00:00,3.6062963651134785
1987-02-13 00:00:00,3.5993119305780747
1987-02-17 00:00:00,3.635692325050823
1987-02-18 00:00:00,3.6016370674841327
1987-02-19 00:00:00,3.5900413267646094
1987-02-20 00:00:00,3.608163461341858
1987-02-23 00:00:00,3.6028007628209613
1987-02-24 00:00:00,3.5969897938486697
1987-02-25 00:00:00,3.62152268948713
1987-02-26 00:00:00,3.629774857073852
1987-02-27 00:00:00,3.6238766203870254
1987-03-02 00:00:00,3.6163547904685984
1987-03-03 00:00:00,3.608630537518083
1987-03-04 00:00:00,3.6004741236457463
1987-03-05 00:00:00,3.6109677334620707
1987-03-06 00:00:00,3.594670651492868
1987-03-09 00:00:00,3.563196894270747
1987-03-10 00:00:00,3.565931679223177
1987-03-11 00:00:00,3.5516207035707974
1987-03-12 00:00:00,3.5739321669650232
1987-03-13 00:00:00,3.587731132860642
1987-03-16 00:00:00,3.6262336133108533
1987-03-17 00:00:00,3.62152268948713
1987-03-18 00:00:00,3.6250547337226515
1987-03-19 00:00:00,3.633323024089565
1987-03-20 00:00:00,3.6274132598994395
1987-03-23 00:00:00,3.6595564033248684
1987-03-24 00:00:00,3.6595564033248684
1987-03-25 00:00:00,3.6564363722884563
1987-03-26 00:00:00,3.6511684220467826
1987-03-27 00:00:00,3.667983013464104
1987-03-30 00:00:00,3.6996245391276963
1987-03-31 00:00:00,3.703310647934532
1987-04-01 00:00:00,3.6643668619555947
1987-04-02 00:00:00,3.6776610689086
1987-04-03 00:00:00,3.665571453297461
1987-04-06 00:00:00,3.669189983853529
1987-04-07 00:00:00,3.6800885679639848
1987-04-08 00:00:00,3.644009268278064
1987-04-09 00:00:00,3.6813035196206263
1987-04-10 00:00:00,3.7268276607389295
1987-04-13 00:00:00,3.718128829920265
1987-04-14 00:00:00,3.751907254687374
1987-04-15 00:00:00,3.7443480056853176
1987-04-16 00:00:00,3.7343162628703532
1987-04-17 00:00:00,3.72558247942896
1987-04-20 00:00:00,3.733066073294568
1987-04-21 00:00:00,3.730568203723947
1987-04-22 00:00:00,3.723094611329174
1987-04-23 00:00:00,3.7607650458451527
1987-04-24 00:00:00,3.8095894639326526
1987-04-27 00:00:00,3.817414707610707
1987-04-28 00:00:00,3.7979115670745496
1987-04-29 00:00:00,3.7811693322925994
1987-04-30 00:00:00,3.774769248791766
1987-05-01 00:00:00,3.8161082686279517
1987-05-04 00:00:00,3.8384400553978923
1987-05-05 00:00:00,3.834480179137165
1987-05-06 00:00:00,3.8305284647649858
1987-05-07 00:00:00,3.817414707610707
1987-05-08 00:00:00,3.790165996237551
1987-05-11 00:00:00,3.7709395877344862
1987-05-12 00:00:00,3.7953261950071053
1987-05-13 00:00:00,3.7914547300002974
1987-05-14 00:00:00,3.7940348284895804
1987-05-15 00:00:00,3.8145417217196487
1987-05-18 00:00:00,3.820030270959532
1987-05-19 00:00:00,3.8213393971661667
1987-05-20 00:00:00,3.834480179137165
1987-05-21 00:00:00,3.8213393971661667
1987-05-22 00:00:00,3.817414707610707
1987-05-26 00:00:00,3.7468643685923637
1987-05-27 00:00:00,3.6996245391276963
1987-05-28 00:00:00,3.7008524264622884
1987-05-29 00:00:00,3.6861713589854133
1987-06-01 00:00:00,3.6631630620666473
1987-06-02 00:00:00,3.7468643685923637
1987-06-03 00:00:00,3.732316361270209
1987-06-04 00:00:00,3.708236900874917
1987-06-05 00:00:00,3.70700410935202
1987-06-08 00:00:00,3.713176277366259
1987-06-09 00:00:00,3.758736722487317
1987-06-10 00:00:00,3.7493841159821373
1987-06-11 00:00:00,3.756963733467276
1987-06-12 00:00:00,3.7168894536436246
1987-06-15 00:00:00,3.6861713589854133
1987-06-16 00:00:00,3.665571453297461
1987-06-17 00:00:00,3.6718481167448878
1987-06-18 00:00:00,3.6776610689086
1987-06-19 00:00:00,3.6631630620666473
1987-06-22 00:00:00,3.647585332329367
1987-06-23 00:00:00,3.6693588666797448
1987-06-24 00:00:00,3.6693588666797448
1987-06-25 00:00:00,3.6872652924129183
1987-06-26 00:00:00,3.6762055572848724
1987-06-29 00:00:00,3.6940404551959567
1987-06-30 00:00:00,3.6782002157914566
1987-07-01 00:00:00,3.687623223158631
1987-07-02 00:00:00,3.6934078071154945
1987-07-03 00:00:00,3.713908486636499
1987-07-06 00:00:00,3.722670341419649
1987-07-07 00:00:00,3.7224594587261617
1987-07-08 00:00:00,3.7203632736499967
1987-07-09 00:00:00,3.7232150094077188
1987-07-10 00:00:00,3.735904163441774
1987-07-13 00:00:00,3.727494848463585
1987-07-14 00:00:00,3.7354823980547995
1987-07-15 00:00:00,3.693902538271405
1987-07-16 00:00:00,3.7084563966968367
1987-07-17 00:00:00,3.751135359566047
1987-07-20 00:00:00,3.7578590090260664
1987-07-21 00:00:00,3.751871216067962
1987-07-22 00:00:00,3.746561195425547
1987-07-23 00:00:00,3.725807786915686
1987-07-24 00:00:00,3.723247632470975
1987-07-27 00:00:00,3.729607016159453
1987-07-28 00:00:00,3.7289276217780354
1987-07-29 00:00:00,3.7331626884264386
1987-07-30 00:00:00,3.728974368078991
1987-07-31 00:00:00,3.7280606721748604
1987-08-03 00:00:00,3.740691303572392
1987-08-04 00:00:00,3.7954618756906817
1987-08-05 00:00:00,3.771405103606918
1987-08-06 00:00:00,3.7814531438777492
1987-08-07 00:00:00,3.804951409593056
1987-08-10 00:00:00,3.8069820382294535
1987-08-11 00:00:00,3.8150400328470915
1987-08-12 00:00:00,3.804767291820672
1987-08-13 00:00:00,3.7894682763259797
1987-08-14 00:00:00,3.7710717316039015
1987-08-17 00:00:00,3.7699466621250792
1987-08-18 00:00:00,3.698380716966768
1987-08-19 00:00:00,3.696980147869302
1987-08-20 00:00:00,3.667981132238866
1987-08-21 00:00:00,3.643919325092173
1987-08-24 00:00:00,3.624749358710921
1987-08-25 00:00:00,3.6393284976494833
1987-08-26 00:00:00,3.6415711458051963
1987-08-27 00:00:00,3.614190654585372
1987-08-28 00:00:00,3.6119881748004086
1987-08-31 00:00:00,3.6150125539037448
1987-09-01 00:00:00,3.624721091070474
1987-09-02 00:00:00,3.6022669300537054
1987-09-03 00:00:00,3.6022669300537054
1987-09-04 00:00:00,3.5925769046870513
1987-09-08 00:00:00,3.599111943185101
1987-09-09 00:00:00,3.5925769046870513
1987-09-10 00:00:00,3.5709638083353243
1987-09-11 00:00:00,3.584140796557964
1987-09-14 00:00:00,3.542547650709314
1987-09-15 00:00:00,3.5500809790468137
1987-09-16 00:00:00,3.5472522292627127
1987-09-17 00:00:00,3.5448983790774022
1987-09-18 00:00:00,3.5692936842851912
1987-09-21 00:00:00,3.548901785205371
1987-09-22 00:00:00,3.542547650709314
1987-09-23 00:00:00,3.532007839517121
1987-09-24 00:00:00,3.535748135064958
1987-09-25 00:00:00,3.5348123187121314
1987-09-28 00:00:00,3.5285084922520773
1987-09-29 00:00:00,3.494349723488779
1987-09-30 00:00:00,3.4823321115678567
1987-10-01 00:00:00,3.4823321115678567
1987-10-02 00:00:00,3.4848539672035685
1987-10-05 00:00:00,3.4853336658257943
1987-10-06 00:00:00,3.474224231875831
1987-10-07 00:00:00,3.4586816272116203
1987-10-08 00:00:00,3.4462490148013853
1987-10-09 00:00:00,3.423438595138838
1987-10-13 00:00:00,3.4246454662063464
1987-10-14 00:00:00,3.4053558854026127
1987-10-15 00:00:00,3.37769693690796
1987-10-16 00:00:00,3.383656053841131
1987-10-19 00:00:00,3.383656053841131
1987-10-20 00:00:00,3.3302299056225872
1987-10-21 00:00:00,3.3191733654312765
1987-10-22 00:00:00,3.3213787962388723
1987-10-23 00:00:00,3.3797667940091296
1987-10-26 00:00:00,3.4167293836907056
1987-10-27 00:00:00,3.4390609482899914
1987-10-28 00:00:00,3.4616863492655843
1987-10-29 00:00:00,3.483397274104183
1987-10-30 00:00:00,3.498023154891185
1987-11-02 00:00:00,3.5293900221277292
1987-11-03 00:00:00,3.5346309491864676
1987-11-04 00:00:00,3.5426471214312563
1987-11-05 00:00:00,3.654002257558116
1987-11-06 00:00:00,3.624855031428211
1987-11-09 00:00:00,3.6606921188864905
1987-11-10 00:00:00,3.659352187657029
1987-11-12 00:00:00,3.5755901919452815
1987-11-13 00:00:00,3.6000540787464907
1987-11-16 00:00:00,3.5704822059567873
1987-11-17 00:00:00,3.596169128301801
1987-11-18 00:00:00,3.613064754853273
1987-11-19 00:00:00,3.6306472169810444
1987-11-20 00:00:00,3.622228324883698
1987-11-23 00:00:00,3.651333154375093
1987-11-24 00:00:00,3.6052470885968284
1987-11-25 00:00:00,3.644677424965004
1987-11-27 00:00:00,3.6795547208976833
1987-11-30 00:00:00,3.71510597423969
1987-12-01 00:00:00,3.6727958033354176
1987-12-02 00:00:00,3.6972448878250757
1987-12-03 00:00:00,3.678200948005521
1987-12-04 00:00:00,3.663374927328327
1987-12-07 00:00:00,3.6580132369846345
1987-12-08 00:00:00,3.663374927328327
1987-12-09 00:00:00,3.6727958033354176
1987-12-10 00:00:00,3.7457288035515193
1987-12-11 00:00:00,3.7555785787674703
1987-12-14 00:00:00,3.7634957749883324
1987-12-15 00:00:00,3.7640625665207095
1987-12-16 00:00:00,3.7626459076699303
1987-12-17 00:00:00,3.795501206028476
1987-12-18 00:00:00,3.7654802925344657
1987-12-21 00:00:00,3.7598157866412207
1987-12-22 00:00:00,3.776860663649039
1987-12-23 00:00:00,3.756989919834275
1987-12-24 00:00:00,3.782576684328039
1987-12-28 00:00:00,3.8749419289453506
1987-12-29 00:00:00,3.8779480902556265
1987-12-30 00:00:00,3.87644442678519
1987-12-31 00:00:00,3.9313213435623298
1988-01-04 00:00:00,3.890019523999613
1988-01-05 00:00:00,3.7725849723317006
1988-01-06 00:00:00,3.710968885181517
1988-01-07 00:00:00,3.73648907784385
1988-01-08 00:00:00,3.7046432137697347
1988-01-11 00:00:00,3.7367683997454613
1988-01-12 00:00:00,3.745448140521132
1988-01-13 00:00:00,3.757554753318426
1988-01-14 00:00:00,3.740963245277281
1988-01-15 00:00:00,3.6433491897518238
1988-01-19 00:00:00,3.659352187657029
1988-01-20 00:00:00,3.7054670780871035
1988-01-21 00:00:00,3.699981560576982
1988-01-22 00:00:00,3.6844365654452
1988-01-25 00:00:00,3.671177356301045
1988-01-26 00:00:00,3.6741455996615238
1988-01-27 00:00:00,3.67144699841315
1988-01-28 00:00:00,3.6849797923623315
1988-01-29 00:00:00,3.6558729527824925
1988-02-01 00:00:00,3.6156781832473794
1988-02-02 00:00:00,3.6406956215145687
1988-02-03 00:00:00,3.6235412021308466
1988-02-04 00:00:00,3.616986315730465
1988-02-05 00:00:00,3.5910022186347006
1988-02-08 00:00:00,3.6052470885968284
1988-02-09 00:00:00,3.5879091934679175
1988-02-10 00:00:00,3.605767213690761
1988-02-11 00:00:00,3.6026487123167588
1988-02-12 00:00:00,3.551703516076174
1988-02-16 00:00:00,3.551703516076174
1988-02-17 00:00:00,3.5532718286778895
1988-02-18 00:00:00,3.563162059339677
1988-02-19 00:00:00,3.544746559767412
1988-02-22 00:00:00,3.523314866053235
1988-02-23 00:00:00,3.5205360971378172
1988-02-24 00:00:00,3.5318888174933116
1988-02-25 00:00:00,3.5350094684755806
1988-02-26 00:00:00,3.5129536473329006
1988-02-29 00:00:00,3.5256357756967764
1988-03-01 00:00:00,3.5233760772130784
1988-03-02 00:00:00,3.541078532586563
1988-03-03 00:00:00,3.5618756130516087
1988-03-04 00:00:00,3.542196803989595
1988-03-07 00:00:00,3.502133145464654
1988-03-08 00:00:00,3.4854716583126844
1988-03-09 00:00:00,3.489199597131395
1988-03-10 00:00:00,3.490304262575569
1988-03-11 00:00:00,3.470368184425728
1988-03-14 00:00:00,3.4714862364562853
1988-03-15 00:00:00,3.483138463599698
1988-03-16 00:00:00,3.501224301562757
1988-03-17 00:00:00,3.5456922184464115
1988-03-18 00:00:00,3.558372166652336
1988-03-21 00:00:00,3.5422387909859756
1988-03-22 00:00:00,3.5466004937829614
1988-03-23 00:00:00,3.536234131071272
1988-03-24 00:00:00,3.512176512989053
1988-03-25 00:00:00,3.5062828267448616
1988-03-28 00:00:00,3.464680690705444
1988-03-29 00:00:00,3.474519979035418
1988-03-30 00:00:00,3.4703579956968227
1988-03-31 00:00:00,3.44220483001058
1988-04-01 00:00:00,3.4486942445283875
1988-04-04 00:00:00,3.444476947841062
1988-04-05 00:00:00,3.4766594502558017
1988-04-06 00:00:00,3.4955609725021857
1988-04-07 00:00:00,3.514777011845343
1988-04-08 00:00:00,3.494631976060419
1988-04-11 00:00:00,3.5279664996798537
1988-04-12 00:00:00,3.533885931614951
1988-04-13 00:00:00,3.550918268090556
1988-04-14 00:00:00,3.470752201032505
1988-04-15 00:00:00,3.4665873350548013
1988-04-18 00:00:00,3.4624138022388347
1988-04-19 00:00:00,3.4738287393716667
1988-04-20 00:00:00,3.4730980924687898
1988-04-21 00:00:00,3.4728939715770615
1988-04-22 00:00:00,3.4944127497405635
1988-04-25 00:00:00,3.5071693651816007
1988-04-26 00:00:00,3.5020511754075523
1988-04-27 00:00:00,3.505469251732698
1988-04-28 00:00:00,3.4964556595923773
1988-04-29 00:00:00,3.5192206094341194
1988-05-02 00:00:00,3.5305187461028735
1988-05-03 00:00:00,3.5226546988500784
1988-05-04 00:00:00,3.535198883973554
1988-05-05 00:00:00,3.53321548475354
1988-05-06 00:00:00,3.5398645043559203
1988-05-09 00:00:00,3.5371252631814825
1988-05-10 00:00:00,3.5213781960701036
1988-05-11 00:00:00,3.5188693381451466
1988-05-12 00:00:00,3.523782819430512
1988-05-13 00:00:00,3.5342780762085635
1988-05-16 00:00:00,3.5449617859761373
1988-05-17 00:00:00,3.5822220699005998
1988-05-18 00:00:00,3.586953463752859
1988-05-19 00:00:00,3.576120764795194
1988-05-20 00:00:00,3.5845726835928016
1988-05-23 00:00:00,3.576456144211232
1988-05-24 00:00:00,3.5873686896056163
1988-05-25 00:00:00,3.594536673724679
1988-05-26 00:00:00,3.5918786358560433
1988-05-27 00:00:00,3.6221029146518533
1988-05-31 00:00:00,3.6394252822173563
1988-06-01 00:00:00,3.632999207613262
1988-06-02 00:00:00,3.6226966769914224
1988-06-03 00:00:00,3.6285106130072826
1988-06-06 00:00:00,3.6114029990800396
1988-06-07 00:00:00,3.6026850299641606
1988-06-08 00:00:00,3.6109947572965826
1988-06-09 00:00:00,3.618538400095915
1988-06-10 00:00:00,3.622195223852988
1988-06-13 00:00:00,3.634480020988936
1988-06-14 00:00:00,3.6819480793126504
1988-06-15 00:00:00,3.689407145483121
1988-06-16 00:00:00,3.6785115039878535
1988-06-17 00:00:00,3.669189969433857
1988-06-20 00:00:00,3.6829925115218543
1988-06-21 00:00:00,3.680694717244413
1988-06-22 00:00:00,3.704757603570941
1988-06-23 00:00:00,3.7157600895038385
1988-06-24 00:00:00,3.7803888062388746
1988-06-27 00:00:00,3.7768925175252854
1988-06-28 00:00:00,3.7601286606270667
1988-06-29 00:00:00,3.79830896245708
1988-06-30 00:00:00,3.7773782728021903
1988-07-01 00:00:00,3.7935588553482433
1988-07-05 00:00:00,3.799863237820127
1988-07-06 00:00:00,3.793585316405548
1988-07-07 00:00:00,3.7853205525564526
1988-07-08 00:00:00,3.829711623329817
1988-07-11 00:00:00,3.8379862388654233
1988-07-12 00:00:00,3.8132857253024754
1988-07-13 00:00:00,3.829736702692271
1988-07-14 00:00:00,3.831655585558193
1988-07-15 00:00:00,3.880967794579183
1988-07-18 00:00:00,3.894897512621951
1988-07-19 00:00:00,3.864638248753423
1988-07-20 00:00:00,3.840780208348359
1988-07-21 00:00:00,3.8242576388766025
1988-07-22 00:00:00,3.8004542709183116
1988-07-25 00:00:00,3.8350991457110717
1988-07-26 00:00:00,3.859456294065683
1988-07-27 00:00:00,3.843129950528583
1988-07-28 00:00:00,3.8694313052716565
1988-07-29 00:00:00,3.8918363521569135
1988-08-01 00:00:00,3.891632231265185
1988-08-02 00:00:00,3.892448236023554
1988-08-03 00:00:00,3.8922441151318257
1988-08-04 00:00:00,3.904028356859542
1988-08-05 00:00:00,3.929126918143902
1988-08-08 00:00:00,3.947735135584798
1988-08-09 00:00:00,3.9719443736121014
1988-08-10 00:00:00,3.9668880881017263
1988-08-11 00:00:00,3.947122772909612
1988-08-12 00:00:00,3.916509327512435
1988-08-15 00:00:00,3.921914395291423
1988-08-16 00:00:00,3.9052268573238793
1988-08-17 00:00:00,3.9726562790527886
1988-08-18 00:00:00,3.9594304287683055
1988-08-19 00:00:00,3.948847892861795
1988-08-22 00:00:00,3.9868754777830215
1988-08-23 00:00:00,3.9737740130298413
1988-08-24 00:00:00,3.955096932605073
1988-08-25 00:00:00,3.9092444608699233
1988-08-26 00:00:00,3.8958966997286137
1988-08-29 00:00:00,3.9148659358447633
1988-08-30 00:00:00,3.9156645359346784
1988-08-31 00:00:00,3.9334012127201943
1988-09-01 00:00:00,3.92524862120106
1988-09-02 00:00:00,3.8908099189385785
1988-09-06 00:00:00,3.8690866035128693
1988-09-07 00:00:00,3.871356530549626
1988-09-08 00:00:00,3.8881605658171488
1988-09-09 00:00:00,3.886529000042524
1988-09-12 00:00:00,3.868888990185757
1988-09-13 00:00:00,3.8818307383539916
1988-09-14 00:00:00,3.928588154045302
1988-09-15 00:00:00,3.9254024190706427
1988-09-16 00:00:00,3.9301645187535654
1988-09-19 00:00:00,3.9190139544875384
1988-09-20 00:00:00,3.9101984444175795
1988-09-21 00:00:00,3.927766123026046
1988-09-22 00:00:00,3.9352868529119545
1988-09-23 00:00:00,3.9301352784525383
1988-09-26 00:00:00,3.9468852513943586
1988-09-27 00:00:00,3.9411813184705613
1988-09-28 00:00:00,3.9394022648826414
1988-09-29 00:00:00,3.9454883848473057
1988-09-30 00:00:00,3.92613870334456
1988-10-03 00:00:00,3.9165732559803095
1988-10-04 00:00:00,3.9189640097208107
1988-10-05 00:00:00,3.925129118540134
1988-10-06 00:00:00,3.924328976257074
1988-10-07 00:00:00,3.9181521929039818
1988-10-11 00:00:00,3.8998932190338826
1988-10-12 00:00:00,3.8588170189017736
1988-10-13 00:00:00,3.8346305849344904
1988-10-14 00:00:00,3.816043911132228
1988-10-17 00:00:00,3.8141389449122287
1988-10-18 00:00:00,3.802193189749556
1988-10-19 00:00:00,3.813305213844467
1988-10-20 00:00:00,3.797494229844697
1988-10-21 00:00:00,3.76411948524777
1988-10-24 00:00:00,3.76411948524777
1988-10-25 00:00:00,3.760150726647179
1988-10-26 00:00:00,3.7936498422226546
1988-10-27 00:00:00,3.815465548436707
1988-10-28 00:00:00,3.8090979490568055
1988-10-31 00:00:00,3.8002189328585376
1988-11-01 00:00:00,3.802751567935419
1988-11-02 00:00:00,3.818018553152958
1988-11-03 00:00:00,3.842443587668077
1988-11-04 00:00:00,3.7946589929421397
1988-11-07 00:00:00,3.819296337139957
1988-11-08 00:00:00,3.7997128106060427
1988-11-09 00:00:00,3.8515212471731997
1988-11-10 00:00:00,3.8632557398016893
1988-11-14 00:00:00,3.8949001554178118
1988-11-15 00:00:00,3.8988921952081275
1988-11-16 00:00:00,3.944713949317038
1988-11-17 00:00:00,3.92841908962967
1988-11-18 00:00:00,3.91172189462336
1988-11-21 00:00:00,3.929771851024171
1988-11-22 00:00:00,3.9425334952581323
1988-11-23 00:00:00,3.961144552368688
1988-11-25 00:00:00,3.9707924340202467
1988-11-28 00:00:00,3.9330222826627343
1988-11-29 00:00:00,3.9479891563599914
1988-11-30 00:00:00,3.92571635891785
1988-12-01 00:00:00,3.92841908962967
1988-12-02 00:00:00,3.9343782167048857
1988-12-05 00:00:00,3.948808808087955
1988-12-06 00:00:00,3.928960082412102
1988-12-07 00:00:00,3.858031594108922
1988-12-08 00:00:00,3.8922433340293963
1988-12-09 00:00:00,3.9050292415049923
1988-12-12 00:00:00,3.891712404642678
1988-12-13 00:00:00,3.879013411072124
1988-12-14 00:00:00,3.8938369917340623
1988-12-15 00:00:00,3.8750619542866525
1988-12-16 00:00:00,3.830834996768778
1988-12-19 00:00:00,3.834696725596166
1988-12-20 00:00:00,3.806556856362305
1988-12-21 00:00:00,3.819296337139957
1988-12-22 00:00:00,3.8103697680715163
1988-12-23 00:00:00,3.8078269787701675
1988-12-27 00:00:00,3.8052875809850586
1988-12-28 00:00:00,3.770088356582157
1988-12-29 00:00:00,3.7663555958330655
1988-12-30 00:00:00,3.798953879951461
1989-01-03 00:00:00,3.8108787335117174
1989-01-04 00:00:00,3.7569322673736476
1989-01-05 00:00:00,3.725865360945474
1989-01-06 00:00:00,3.725865360945474
1989-01-09 00:00:00,3.745985006397926
1989-01-10 00:00:00,3.7623504358705393
1989-01-11 00:00:00,3.740076600277177
1989-01-12 00:00:00,3.7422471325509483
1989-01-13 00:00:00,3.7574589164460273
1989-01-17 00:00:00,3.789573473808729
1989-01-18 00:00:00,3.8211269598159996
1989-01-19 00:00:00,3.822509544516308
1989-01-20 00:00:00,3.7702591165506547
1989-01-23 00:00:00,3.7440578346595057
1989-01-24 00:00:00,3.7521520712495313
1989-01-25 00:00:00,3.768443401853323
1989-01-26 00:00:00,3.7675249179398644
1989-01-27 00:00:00,3.8109355817555763
1989-01-30 00:00:00,3.793905392534273
1989-01-31 00:00:00,3.8405247775110944
1989-02-01 00:00:00,3.804551718137229
1989-02-02 00:00:00,3.8077846445102677
1989-02-03 00:00:00,3.834913926402772
1989-02-06 00:00:00,3.8324368783757166
1989-02-07 00:00:00,3.809436670403472
1989-02-08 00:00:00,3.8195117218120993
1989-02-09 00:00:00,3.79288648458378
1989-02-10 00:00:00,3.799599215514536
1989-02-13 00:00:00,3.815446077251032
1989-02-14 00:00:00,3.770134391579331
1989-02-15 00:00:00,3.75463776177352
1989-02-16 00:00:00,3.756075541829328
1989-02-17 00:00:00,3.745927712889027
1989-02-21 00:00:00,3.7669349587956797
1989-02-22 00:00:00,3.7655482523011834
1989-02-23 00:00:00,3.731001178551251
1989-02-24 00:00:00,3.737942881454738
1989-02-27 00:00:00,3.7269846308440093
1989-02-28 00:00:00,3.7325084372350372
1989-03-01 00:00:00,3.764477601335394
1989-03-02 00:00:00,3.778750786496482
1989-03-03 00:00:00,3.7785366563033245
1989-03-06 00:00:00,3.7998408538877575
1989-03-07 00:00:00,3.798476253599724
1989-03-08 00:00:00,3.804007219971139
1989-03-09 00:00:00,3.81294766629119
1989-03-10 00:00:00,3.817293573268242
1989-03-13 00:00:00,3.8295606715738275
1989-03-14 00:00:00,3.812761795594434
1989-03-15 00:00:00,3.8549537944696186
1989-03-16 00:00:00,3.8603042422139966
1989-03-17 00:00:00,3.874477538067744
1989-03-20 00:00:00,3.8687434838037844
1989-03-21 00:00:00,3.882845763340002
1989-03-22 00:00:00,3.8848239796957613
1989-03-23 00:00:00,3.890078914563114
1989-03-24 00:00:00,3.896405497364645
1989-03-27 00:00:00,3.9242581915490424
1989-03-28 00:00:00,3.9485044117787407
1989-03-29 00:00:00,3.9302438736982905
1989-03-30 00:00:00,3.959654668318676
1989-03-31 00:00:00,3.9678131591963446
1989-04-03 00:00:00,3.9402395417953118
1989-04-04 00:00:00,3.902940351727447
1989-04-05 00:00:00,3.9238298981932567
1989-04-06 00:00:00,3.918256147869091
1989-04-07 00:00:00,3.938322118203185
1989-04-10 00:00:00,3.9535335777770304
1989-04-11 00:00:00,3.9715267073209537
1989-04-12 00:00:00,3.9765094070408615
1989-04-13 00:00:00,3.9332155447268273
1989-04-14 00:00:00,3.9393726299049825
1989-04-17 00:00:00,3.909873025060318
1989-04-18 00:00:00,3.892765284080963
1989-04-19 00:00:00,3.908797989115291
1989-04-20 00:00:00,3.890595191010841
1989-04-21 00:00:00,3.9018889029682993
1989-04-24 00:00:00,3.923185486803274
1989-04-25 00:00:00,3.925535059031326
1989-04-26 00:00:00,3.9549566196940464
1989-04-27 00:00:00,3.95600141168832
1989-04-28 00:00:00,3.9863488870489974
1989-05-01 00:00:00,4.018794641363925
1989-05-02 00:00:00,3.9951691716918774
1989-05-03 00:00:00,4.00619167425257
1989-05-04 00:00:00,4.0120757258002815
1989-05-05 00:00:00,4.036638958886554
1989-05-08 00:00:00,4.04877871580966
1989-05-09 00:00:00,4.046975586639923
1989-05-10 00:00:00,4.0243577910179855
1989-05-11 00:00:00,4.049128692591621
1989-05-12 00:00:00,4.077442239250889
1989-05-15 00:00:00,4.111979553512024
1989-05-16 00:00:00,4.10793973946957
1989-05-17 00:00:00,4.161422860086024
1989-05-18 00:00:00,4.145376163195296
1989-05-19 00:00:00,4.1494612456143924
1989-05-22 00:00:00,4.211513523122311
1989-05-23 00:00:00,4.204096822978671
1989-05-24 00:00:00,4.199726606267991
1989-05-25 00:00:00,4.1446798038342125
1989-05-26 00:00:00,4.108140641082073
1989-05-30 00:00:00,4.14294114971248
1989-05-31 00:00:00,4.047336785749531
1989-06-01 00:00:00,4.045138502525978
1989-06-02 00:00:00,4.004746745390908
1989-06-05 00:00:00,4.02473994674228
1989-06-06 00:00:00,4.061287593180105
1989-06-07 00:00:00,4.032328014467216
1989-06-08 00:00:00,4.059876211489463
1989-06-09 00:00:00,4.111942099208962
1989-06-12 00:00:00,4.14101397797406
1989-06-13 00:00:00,4.1355478058384385
1989-06-14 00:00:00,4.134957887602485
1989-06-15 00:00:00,4.128530848026161
1989-06-16 00:00:00,4.074252821195952
1989-06-19 00:00:00,4.043561307569519
1989-06-20 00:00:00,4.110443187856857
1989-06-21 00:00:00,4.038165383204204
1989-06-22 00:00:00,4.002155419565028
1989-06-23 00:00:00,3.960391937276749
1989-06-26 00:00:00,4.000303997801482
1989-06-27 00:00:00,4.002122593423392
1989-06-28 00:00:00,4.009004048324483
1989-06-29 00:00:00,3.9843388909371393
1989-06-30 00:00:00,3.9882242033617086
1989-07-03 00:00:00,3.9360544710681276
1989-07-05 00:00:00,3.863706535912515
1989-07-06 00:00:00,3.867882509931409
1989-07-07 00:00:00,3.8621790557601416
1989-07-10 00:00:00,3.807274665781363
1989-07-11 00:00:00,3.807274665781363
1989-07-12 00:00:00,3.813170105028469
1989-07-13 00:00:00,3.801397427952123
1989-07-14 00:00:00,3.739060512947746
1989-07-17 00:00:00,3.7367909769763057
1989-07-18 00:00:00,3.7515924037589663
1989-07-19 00:00:00,3.7383793627449986
1989-07-20 00:00:00,3.750449670769701
1989-07-21 00:00:00,3.7408781275861114
1989-07-24 00:00:00,3.742469990619127
1989-07-25 00:00:00,3.773437410094063
1989-07-26 00:00:00,3.81671614046402
1989-07-27 00:00:00,3.8285840389107357
1989-07-28 00:00:00,3.7903972014336063
1989-07-31 00:00:00,3.8321588139237246
1989-08-01 00:00:00,3.8297748893116417
1989-08-02 00:00:00,3.8665765196385276
1989-08-03 00:00:00,3.8302514369243226
1989-08-04 00:00:00,3.7653597153323934
1989-08-07 00:00:00,3.7584634521174993
1989-08-08 00:00:00,3.784339276228463
1989-08-09 00:00:00,3.7642085812096995
1989-08-10 00:00:00,3.774594196547188
1989-08-11 00:00:00,3.680934609607452
1989-08-14 00:00:00,3.675001871160735
1989-08-15 00:00:00,3.66777666640957
1989-08-16 00:00:00,3.680934609607452
1989-08-17 00:00:00,3.6277920651552527
1989-08-18 00:00:00,3.6536279730376635
1989-08-21 00:00:00,3.660797487404688
1989-08-22 00:00:00,3.680934609607452
1989-08-23 00:00:00,3.648215190855386
1989-08-24 00:00:00,3.6459923759939055
1989-08-25 00:00:00,3.6459923759939055
1989-08-28 00:00:00,3.652910664899326
1989-08-29 00:00:00,3.6123782774735855
1989-08-30 00:00:00,3.627529266422243
1989-08-31 00:00:00,3.627529266422243
1989-09-01 00:00:00,3.6739907548991155
1989-09-05 00:00:00,3.689834332213234
1989-09-06 00:00:00,3.663072743848675
1989-09-07 00:00:00,3.6796365259977732
1989-09-08 00:00:00,3.671061545040818
1989-09-11 00:00:00,3.6844288196922514
1989-09-12 00:00:00,3.685260369798601
1989-09-13 00:00:00,3.6716935801563535
1989-09-14 00:00:00,3.6480780728689113
1989-09-15 00:00:00,3.7071578899130344
1989-09-18 00:00:00,3.618777491714362
1989-09-19 00:00:00,3.623952698614225
1989-09-20 00:00:00,3.6086295346310417
1989-09-21 00:00:00,3.6153462208010447
1989-09-22 00:00:00,3.6265498238925185
1989-09-25 00:00:00,3.556327942112989
1989-09-26 00:00:00,3.5178135403476807
1989-09-27 00:00:00,3.4993026064840715
1989-09-28 00:00:00,3.4997837075204066
1989-09-29 00:00:00,3.477614740512658
1989-10-02 00:00:00,3.4802666433417424
1989-10-03 00:00:00,3.4802666433417424
1989-10-04 00:00:00,3.4759898179735806
1989-10-05 00:00:00,3.4558176107220535
1989-10-06 00:00:00,3.437966228351262
1989-10-10 00:00:00,3.414105871304769
1989-10-11 00:00:00,3.3875289992526962
1989-10-12 00:00:00,3.3814545300370598
1989-10-13 00:00:00,3.404859120524828
1989-10-16 00:00:00,3.460044910551683
1989-10-17 00:00:00,3.4845540060067766
1989-10-18 00:00:00,3.4802666433417424
1989-10-19 00:00:00,3.487776466554871
1989-10-20 00:00:00,3.4791964506469877
1989-10-23 00:00:00,3.481337494616617
1989-10-24 00:00:00,3.509412796992557
1989-10-25 00:00:00,3.509412796992557
1989-10-26 00:00:00,3.5159561396842776
1989-10-27 00:00:00,3.5313192439151075
1989-10-30 00:00:00,3.520331940729311
1989-10-31 00:00:00,3.503978587025086
1989-11-01 00:00:00,3.505064082250311
1989-11-02 00:00:00,3.4845540060067766
1989-11-03 00:00:00,3.487776466554871
1989-11-06 00:00:00,3.4830522280211813
1989-11-07 00:00:00,3.493160499383761
1989-11-08 00:00:00,3.4985611804279544
1989-11-09 00:00:00,3.4884216740161573
1989-11-10 00:00:00,3.4543404950552614
1989-11-13 00:00:00,3.4473939236758087
1989-11-14 00:00:00,3.467467624120136
1989-11-15 00:00:00,3.485627497690697
1989-11-16 00:00:00,3.473855344643538
1989-11-17 00:00:00,3.466405287225492
1989-11-20 00:00:00,3.4653436010732017
1989-11-21 00:00:00,3.4957507438373616
1989-11-22 00:00:00,3.5035445771672764
1989-11-24 00:00:00,3.502893763933128
1989-11-27 00:00:00,3.5236209459682355
1989-11-28 00:00:00,3.5445948801704272
1989-11-29 00:00:00,3.5613304556197685
1989-11-30 00:00:00,3.5546172973622383
1989-12-01 00:00:00,3.5523851985883845
1989-12-04 00:00:00,3.535733392970001
1989-12-05 00:00:00,3.557970709906919
1989-12-06 00:00:00,3.5658199992133643
1989-12-07 00:00:00,3.5523851985883845
1989-12-08 00:00:00,3.5401585912090128
1989-12-11 00:00:00,3.5423753467451484
1989-12-12 00:00:00,3.5850275213891014
1989-12-13 00:00:00,3.5895770487005088
1989-12-14 00:00:00,3.6171185605831218
1989-12-15 00:00:00,3.649789308872259
1989-12-18 00:00:00,3.655213173581444
1989-12-19 00:00:00,3.621749954386685
1989-12-20 00:00:00,3.6205909944012813
1989-12-21 00:00:00,3.6310484138331205
1989-12-22 00:00:00,3.6509670401755416
1989-12-26 00:00:00,3.647436124275952
1989-12-27 00:00:00,3.683055617677084
1989-12-28 00:00:00,3.674682318124067
1989-12-29 00:00:00,3.67110540477093
1990-01-02 00:00:00,3.5877558528361253
1990-01-03 00:00:00,3.583891940926197
1990-01-04 00:00:00,3.668724661966279
1990-01-05 00:00:00,3.680659355076124
1990-01-08 00:00:00,3.712543266013914
1990-01-09 00:00:00,3.7047632146378535
1990-01-10 00:00:00,3.7402799528938853
1990-01-11 00:00:00,3.7316447419208454
1990-01-12 00:00:00,3.7853284902990985
1990-01-16 00:00:00,3.7304143941655146
1990-01-17 00:00:00,3.7546780571792673
1990-01-18 00:00:00,3.7255011055330933
1990-01-19 00:00:00,3.7353406594598892
1990-01-22 00:00:00,3.692671950882508
1990-01-23 00:00:00,3.7514412657506644
1990-01-24 00:00:00,3.780269581524893
1990-01-25 00:00:00,3.8018638634086033
1990-01-26 00:00:00,3.7764842648544743
1990-01-29 00:00:00,3.806980773049799
1990-01-30 00:00:00,3.7942142379289083
1990-01-31 00:00:00,3.7614185031595757
1990-02-01 00:00:00,3.7759801286557213
1990-02-02 00:00:00,3.7790069664342023
1990-02-05 00:00:00,3.8218980061829497
1990-02-06 00:00:00,3.8304376929731205
1990-02-07 00:00:00,3.8185443326034436
1990-02-08 00:00:00,3.7845687909767207
1990-02-09 00:00:00,3.7790069664342023
1990-02-12 00:00:00,3.7820386607514394
1990-02-13 00:00:00,3.7790069664342023
1990-02-14 00:00:00,3.7909089517871757
1990-02-15 00:00:00,3.7827973445349388
1990-02-16 00:00:00,3.7878630256123214
1990-02-20 00:00:00,3.809544396465994
1990-02-21 00:00:00,3.836152050418392
1990-02-22 00:00:00,3.8418834830234316
1990-02-23 00:00:00,3.830178353928234
1990-02-26 00:00:00,3.8044205976812386
1990-02-27 00:00:00,3.8139104892820073
1990-02-28 00:00:00,3.7929422921568907
1990-03-01 00:00:00,3.7564232594634808
1990-03-02 00:00:00,3.7378086744314514
1990-03-05 00:00:00,3.7714489525013346
1990-03-06 00:00:00,3.7727065213417816
1990-03-07 00:00:00,3.7546780571792673
1990-03-08 00:00:00,3.748210050190156
1990-03-09 00:00:00,3.7407746007749796
1990-03-12 00:00:00,3.71229964482709
1990-03-13 00:00:00,3.7023386313822
1990-03-14 00:00:00,3.7047632146378535
1990-03-15 00:00:00,3.716933921650461
1990-03-16 00:00:00,3.7477134340854596
1990-03-19 00:00:00,3.7497006885079887
1990-03-20 00:00:00,3.729922482199514
1990-03-21 00:00:00,3.719377665188693
1990-03-22 00:00:00,3.7341078737636977
1990-03-23 00:00:00,3.7255011055330933
1990-03-26 00:00:00,3.705976697511957
1990-03-27 00:00:00,3.7267282139341247
1990-03-28 00:00:00,3.7316447419208454
1990-03-29 00:00:00,3.7764842648544743
1990-03-30 00:00:00,3.777745194492155
1990-04-02 00:00:00,3.7526855248769495
1990-04-03 00:00:00,3.7646725419258686
1990-04-04 00:00:00,3.755176520910721
1990-04-05 00:00:00,3.76893632828248
1990-04-06 00:00:00,3.7681831937334325
1990-04-09 00:00:00,3.7810275556422956
1990-04-10 00:00:00,3.7807748638321206
1990-04-11 00:00:00,3.8121114749002705
1990-04-12 00:00:00,3.8151965394874576
1990-04-13 00:00:00,3.809544396465994
1990-04-16 00:00:00,3.7959963958612373
1990-04-17 00:00:00,3.7954870370694413
1990-04-18 00:00:00,3.8121114749002705
1990-04-19 00:00:00,3.8151965394874576
1990-04-20 00:00:00,3.79345096811641
1990-04-23 00:00:00,3.7891315664782326
1990-04-24 00:00:00,3.8018638634086033
1990-04-25 00:00:00,3.856287272496252
1990-04-26 00:00:00,3.870799472290114
1990-04-27 00:00:00,3.882754583906659
1990-04-30 00:00:00,3.900154035678733
1990-05-01 00:00:00,3.886756048610101
1990-05-02 00:00:00,3.886756048610101
1990-05-03 00:00:00,3.8896957018371854
1990-05-04 00:00:00,3.9158118839565326
1990-05-07 00:00:00,3.9491612068076805
1990-05-08 00:00:00,3.947783271983253
1990-05-09 00:00:00,4.029325803954418
1990-05-10 00:00:00,4.0538684548563255
1990-05-11 00:00:00,4.054740129552754
1990-05-14 00:00:00,4.053287546573047
1990-05-15 00:00:00,4.046619047748214
1990-05-16 00:00:00,4.040838163394287
1990-05-17 00:00:00,4.029325803954418
1990-05-18 00:00:00,4.027031199282462
1990-05-21 00:00:00,3.972734149404496
1990-05-22 00:00:00,3.9895440259181965
1990-05-23 00:00:00,4.005645704702967
1990-05-24 00:00:00,3.9839249498253535
1990-05-25 00:00:00,3.9685537907765704
1990-05-29 00:00:00,4.0127489209476535
1990-05-30 00:00:00,3.981121343245603
1990-05-31 00:00:00,3.947783271983253
1990-06-01 00:00:00,3.9395358138941514
1990-06-04 00:00:00,3.925866362770299
1990-06-05 00:00:00,3.9431054776273795
1990-06-06 00:00:00,3.960219411096956
1990-06-07 00:00:00,3.932689210116095
1990-06-08 00:00:00,3.9074274269595257
1990-06-11 00:00:00,3.927229037661924
1990-06-12 00:00:00,3.9367943136757146
1990-06-13 00:00:00,3.948334330508098
1990-06-14 00:00:00,3.9409079963441322
1990-06-15 00:00:00,3.9395358138941514
1990-06-18 00:00:00,3.993768746030358
1990-06-19 00:00:00,4.018735120233005
1990-06-20 00:00:00,3.999415644221988
1990-06-21 00:00:00,3.9965902004606164
1990-06-22 00:00:00,4.0150272737771475
1990-06-25 00:00:00,4.01018886280003
1990-06-26 00:00:00,4.023594188301567
1990-06-27 00:00:00,4.017878855647729
1990-06-28 00:00:00,4.0016788772384535
1990-06-29 00:00:00,3.9965902004606164
1990-07-02 00:00:00,4.029325803954418
1990-07-03 00:00:00,4.056775495698818
1990-07-05 00:00:00,4.0417042428749035
1990-07-06 00:00:00,4.036513327686052
1990-07-09 00:00:00,4.0538684548563255
1990-07-10 00:00:00,4.051545820204828
1990-07-11 00:00:00,4.030761260243677
1990-07-12 00:00:00,4.026457956407119
1990-07-13 00:00:00,4.061143882808328
1990-07-16 00:00:00,3.993768746030358
1990-07-17 00:00:00,4.0207344909395895
1990-07-18 00:00:00,4.015597266291881
1990-07-19 00:00:00,4.012179736703548
1990-07-20 00:00:00,4.0193061660760225
1990-07-23 00:00:00,4.074305674290242
1990-07-24 00:00:00,4.114307948183274
1990-07-25 00:00:00,4.117302349892286
1990-07-26 00:00:00,4.1047550636714565
1990-07-27 00:00:00,4.133849783523567
1990-07-30 00:00:00,4.144449398353115
1990-07-31 00:00:00,4.197650388626551
1990-08-01 00:00:00,4.173495705460717
1990-08-02 00:00:00,4.170419040731295
1990-08-03 00:00:00,4.187397060512215
1990-08-06 00:00:00,4.246489587713557
1990-08-07 00:00:00,4.250318128288506
1990-08-08 00:00:00,4.209206420202382
1990-08-09 00:00:00,4.226502374861413
1990-08-10 00:00:00,4.2249241439522045
1990-08-13 00:00:00,4.297131354919865
1990-08-14 00:00:00,4.331679501341502
1990-08-15 00:00:00,4.375230803365818
1990-08-16 00:00:00,4.339987287113158
1990-08-17 00:00:00,4.414493506634415
1990-08-20 00:00:00,4.3792951143768395
1990-08-21 00:00:00,4.396311337233448
1990-08-22 00:00:00,4.44222491460699
1990-08-23 00:00:00,4.4880392136073
1990-08-24 00:00:00,4.45973466988727
1990-08-27 00:00:00,4.436998767648629
1990-08-28 00:00:00,4.414493506634415
1990-08-29 00:00:00,4.402469594359535
1990-08-30 00:00:00,4.365102954283952
1990-08-31 00:00:00,4.323403461025603
1990-09-04 00:00:00,4.293869775143834
1990-09-05 00:00:00,4.3600565924870915
1990-09-06 00:00:00,4.355692507508471
1990-09-07 00:00:00,4.338323181558284
1990-09-10 00:00:00,4.2889866783563315
1990-09-11 00:00:00,4.251915391771516
1990-09-12 00:00:00,4.275372905646918
1990-09-13 00:00:00,4.305634697276811
1990-09-14 00:00:00,4.383706647618754
1990-09-17 00:00:00,4.395628149768456
1990-09-18 00:00:00,4.411051406434311
1990-09-19 00:00:00,4.331679501341502
1990-09-20 00:00:00,4.285737446024244
1990-09-21 00:00:00,4.278606435298746
1990-09-24 00:00:00,4.3600565924870915
1990-09-25 00:00:00,4.344987272466976
1990-09-26 00:00:00,4.314500784588165
1990-09-27 00:00:00,4.325056138189604
1990-09-28 00:00:00,4.353346232206235
1990-10-01 00:00:00,4.387106187477318
1990-10-02 00:00:00,4.378617204916409
1990-10-03 00:00:00,4.402469594359535
1990-10-04 00:00:00,4.430049670126861
1990-10-05 00:00:00,4.382008852635169
1990-10-09 00:00:00,4.4283157955005885
1990-10-10 00:00:00,4.426583277583726
1990-10-11 00:00:00,4.382008852635169
1990-10-12 00:00:00,4.424852114784515
1990-10-15 00:00:00,4.390511004076059
1990-10-16 00:00:00,4.423122305513685
1990-10-17 00:00:00,4.44222491460699
1990-10-18 00:00:00,4.4404814982354806
1990-10-19 00:00:00,4.45446726673386
1990-10-22 00:00:00,4.4127717852979735
1990-10-23 00:00:00,4.413804656902553
1990-10-24 00:00:00,4.45446726673386
1990-10-25 00:00:00,4.430049670126861
1990-10-26 00:00:00,4.416216572015616
1990-10-29 00:00:00,4.395628149768456
1990-10-30 00:00:00,4.387106187477318
1990-10-31 00:00:00,4.395628149768456
1990-11-01 00:00:00,4.432826695464662
1990-11-02 00:00:00,4.452013401079721
1990-11-05 00:00:00,4.5239291713330685
1990-11-06 00:00:00,4.525738743001602
1990-11-07 00:00:00,4.547567064913185
1990-11-08 00:00:00,4.531176154386866
1990-11-09 00:00:00,4.525738743001602
1990-11-13 00:00:00,4.512382092009254
1990-11-14 00:00:00,4.540267599319424
1990-11-15 00:00:00,4.517787437112284
1990-11-16 00:00:00,4.547567064913185
1990-11-19 00:00:00,4.541361024927351
1990-11-20 00:00:00,4.535535499680912
1990-11-21 00:00:00,4.521036864662352
1990-11-23 00:00:00,4.4951715762828774
1990-11-26 00:00:00,4.463253198226431
1990-11-27 00:00:00,4.489820181549208
1990-11-28 00:00:00,4.460437931681781
1990-11-29 00:00:00,4.430049670126861
1990-11-30 00:00:00,4.431784903056798
1990-12-03 00:00:00,4.378617204916409
1990-12-04 00:00:00,4.4052121388817955
1990-12-05 00:00:00,4.407614669849631
1990-12-06 00:00:00,4.445715857565424
1990-12-07 00:00:00,4.479155525536027
1990-12-10 00:00:00,4.4827047771410475
1990-12-11 00:00:00,4.463253198226431
1990-12-12 00:00:00,4.473842173785688
1990-12-13 00:00:00,4.470306936983012
1990-12-14 00:00:00,4.439784514795167
1990-12-17 00:00:00,4.436998767648629
1990-12-18 00:00:00,4.453415278872709
1990-12-19 00:00:00,4.45446726673386
1990-12-20 00:00:00,4.386085772020469
1990-12-21 00:00:00,4.321752046411003
1990-12-24 00:00:00,4.298764003610944
1990-12-26 00:00:00,4.3283652859617465
1990-12-27 00:00:00,4.3306354213485
1990-12-28 00:00:00,4.3306354213485
1990-12-31 00:00:00,4.321908391300448
1991-01-02 00:00:00,4.27078097406015
1991-01-03 00:00:00,4.285436916028269
1991-01-04 00:00:00,4.316058891646577
1991-01-07 00:00:00,4.371621468282557
1991-01-08 00:00:00,4.357721602734649
1991-01-09 00:00:00,4.307464525586828
1991-01-10 00:00:00,4.358893233250423
1991-01-11 00:00:00,4.330087091971336
1991-01-14 00:00:00,4.340297035582971
1991-01-15 00:00:00,4.354137822017302
1991-01-16 00:00:00,4.3595657944636965
1991-01-17 00:00:00,4.30357714025743
1991-01-18 00:00:00,4.267098609117185
1991-01-22 00:00:00,4.253589021265582
1991-01-23 00:00:00,4.235769321392982
1991-01-24 00:00:00,4.252391096281917
1991-01-25 00:00:00,4.259133715007517
1991-01-28 00:00:00,4.269767513077438
1991-01-29 00:00:00,4.269767513077438
1991-01-30 00:00:00,4.2918217639779295
1991-01-31 00:00:00,4.2918217639779295
1991-02-01 00:00:00,4.310668087093202
1991-02-04 00:00:00,4.315146882260418
1991-02-05 00:00:00,4.3227476213644795
1991-02-06 00:00:00,4.37281265010467
1991-02-07 00:00:00,4.362918609360998
1991-02-08 00:00:00,4.338378287733415
1991-02-11 00:00:00,4.369981205248268
1991-02-12 00:00:00,4.336635967135931
1991-02-13 00:00:00,4.321017830399548
1991-02-14 00:00:00,4.295236101101222
1991-02-15 00:00:00,4.25797458918315
1991-02-19 00:00:00,4.213118828782079
1991-02-20 00:00:00,4.218715251667631
1991-02-21 00:00:00,4.2369236279402305
1991-02-22 00:00:00,4.186980829068814
1991-02-25 00:00:00,4.140423143469506
1991-02-26 00:00:00,4.137250405428533
1991-02-27 00:00:00,4.101380978610803
1991-02-28 00:00:00,4.101380978610803
1991-03-01 00:00:00,4.118080398728746
1991-03-04 00:00:00,4.14222943850328
1991-03-05 00:00:00,4.128313251527643
1991-03-06 00:00:00,4.158354326086716
1991-03-07 00:00:00,4.171596830485998
1991-03-08 00:00:00,4.214186186909307
1991-03-11 00:00:00,4.231406125855752
1991-03-12 00:00:00,4.207862049678396
1991-03-13 00:00:00,4.228036049340734
1991-03-14 00:00:00,4.224897448127158
1991-03-15 00:00:00,4.278535836626747
1991-03-18 00:00:00,4.346900934106297
1991-03-19 00:00:00,4.391169972989408
1991-03-20 00:00:00,4.376214020723933
1991-03-21 00:00:00,4.342096281747076
1991-03-22 00:00:00,4.338576275864174
1991-03-25 00:00:00,4.391559711718875
1991-03-26 00:00:00,4.408035021863921
1991-03-27 00:00:00,4.457835264419315
1991-03-28 00:00:00,4.46016942450973
1991-03-29 00:00:00,4.432772659555864
1991-04-01 00:00:00,4.414735343489504
1991-04-02 00:00:00,4.377582206299232
1991-04-03 00:00:00,4.355227987045087
1991-04-04 00:00:00,4.314969869046298
1991-04-05 00:00:00,4.362608179863475
1991-04-08 00:00:00,4.397709106811092
1991-04-09 00:00:00,4.344493454602631
1991-04-10 00:00:00,4.375363212617346
1991-04-11 00:00:00,4.34265812619739
1991-04-12 00:00:00,4.381587483714814
1991-04-15 00:00:00,4.373314116915759
1991-04-16 00:00:00,4.358254373003631
1991-04-17 00:00:00,4.379543088398728
1991-04-18 00:00:00,4.42425434808441
1991-04-19 00:00:00,4.497040957015595
1991-04-22 00:00:00,4.520521475142134
1991-04-23 00:00:00,4.46617088738315
1991-04-24 00:00:00,4.492057526164994
1991-04-25 00:00:00,4.481720813985254
1991-04-26 00:00:00,4.515854209384854
1991-04-29 00:00:00,4.526769169050127
1991-04-30 00:00:00,4.43798048882691
1991-05-01 00:00:00,4.427351293894483
1991-05-02 00:00:00,4.4632434445588425
1991-05-03 00:00:00,4.50595590060939
1991-05-06 00:00:00,4.491178910806496
1991-05-07 00:00:00,4.4625363099073585
1991-05-08 00:00:00,4.477572590819214
1991-05-09 00:00:00,4.49750600079175
1991-05-10 00:00:00,4.461829175255874
1991-05-13 00:00:00,4.422858233516073
1991-05-14 00:00:00,4.391580606498226
1991-05-15 00:00:00,4.389487345491229
1991-05-16 00:00:00,4.41430728195325
1991-05-17 00:00:00,4.491070017853288
1991-05-20 00:00:00,4.459648008408607
1991-05-21 00:00:00,4.43573996764666
1991-05-22 00:00:00,4.462497531819649
1991-05-23 00:00:00,4.452794318694949
1991-05-24 00:00:00,4.448192525467467
1991-05-28 00:00:00,4.4244108171357315
1991-05-29 00:00:00,4.469195883383744
1991-05-30 00:00:00,4.476570095938618
1991-05-31 00:00:00,4.516895659801178
1991-06-03 00:00:00,4.5346491921851975
1991-06-04 00:00:00,4.523345129717419
1991-06-05 00:00:00,4.5505339540047505
1991-06-06 00:00:00,4.565544869803363
1991-06-07 00:00:00,4.604641432342508
1991-06-10 00:00:00,4.58734812775214
1991-06-11 00:00:00,4.5935280196584545
1991-06-12 00:00:00,4.6354852795315775
1991-06-13 00:00:00,4.646334154415493
1991-06-14 00:00:00,4.637328867669261
1991-06-17 00:00:00,4.665778106986046
1991-06-18 00:00:00,4.701812175434019
1991-06-19 00:00:00,4.648611285601762
1991-06-20 00:00:00,4.655255833188611
1991-06-21 00:00:00,4.66665531238603
1991-06-24 00:00:00,4.635914598366291
1991-06-25 00:00:00,4.679097463139171
1991-06-26 00:00:00,4.659569745598388
1991-06-27 00:00:00,4.671841265310317
1991-06-28 00:00:00,4.691209424905072
1991-07-01 00:00:00,4.7061445222642035
1991-07-02 00:00:00,4.740001418587818
1991-07-03 00:00:00,4.745201988834134
1991-07-05 00:00:00,4.728605674211865
1991-07-08 00:00:00,4.7018665181713235
1991-07-09 00:00:00,4.723745083071453
1991-07-10 00:00:00,4.720210166250868
1991-07-11 00:00:00,4.758723618522356
1991-07-12 00:00:00,4.67039030398865
1991-07-15 00:00:00,4.665392057865392
1991-07-16 00:00:00,4.695995404296461
1991-07-17 00:00:00,4.677817558241544
1991-07-18 00:00:00,4.636528478527924
1991-07-19 00:00:00,4.588349373044574
1991-07-22 00:00:00,4.606976837544916
1991-07-23 00:00:00,4.612595295061329
1991-07-24 00:00:00,4.580041069686799
1991-07-25 00:00:00,4.623774835029794
1991-07-26 00:00:00,4.587170815292099
1991-07-29 00:00:00,4.627942509915742
1991-07-30 00:00:00,4.619114923680747
1991-07-31 00:00:00,4.6123495578014655
1991-08-01 00:00:00,4.63463279868707
1991-08-02 00:00:00,4.569322801316319
1991-08-05 00:00:00,4.547426169570952
1991-08-06 00:00:00,4.537966442126286
1991-08-07 00:00:00,4.536026453511158
1991-08-08 00:00:00,4.567183355911387
1991-08-09 00:00:00,4.5848136997871505
1991-08-12 00:00:00,4.5726870043271255
1991-08-13 00:00:00,4.5819703631190025
1991-08-14 00:00:00,4.592383660948885
1991-08-15 00:00:00,4.602734029636007
1991-08-16 00:00:00,4.643078483214352
1991-08-19 00:00:00,4.666751317695277
1991-08-20 00:00:00,4.660852504347129
1991-08-21 00:00:00,4.601791183434028
1991-08-22 00:00:00,4.558831318153773
1991-08-23 00:00:00,4.622305351509047
1991-08-26 00:00:00,4.611607756043312
1991-08-27 00:00:00,4.60014454515916
1991-08-28 00:00:00,4.587192985795984
1991-08-29 00:00:00,4.606231083197967
1991-08-30 00:00:00,4.612995096467022
1991-09-03 00:00:00,4.6080959586856185
1991-09-04 00:00:00,4.601545203532404
1991-09-05 00:00:00,4.609491371699065
1991-09-06 00:00:00,4.598025215503502
1991-09-09 00:00:00,4.519846496618225
1991-09-10 00:00:00,4.496181108558476
1991-09-11 00:00:00,4.509055026297933
1991-09-12 00:00:00,4.509055026297933
1991-09-13 00:00:00,4.513637399292138
1991-09-16 00:00:00,4.552189136559751
1991-09-17 00:00:00,4.567794858659716
1991-09-18 00:00:00,4.538853250684832
1991-09-19 00:00:00,4.508444746129252
1991-09-20 00:00:00,4.524365909239521
1991-09-23 00:00:00,4.566229473170114
1991-09-24 00:00:00,4.570928851701678
1991-09-25 00:00:00,4.549080779348034
1991-09-26 00:00:00,4.545356349427029
1991-09-27 00:00:00,4.564665160229665
1991-09-30 00:00:00,4.597742443999445
1991-10-01 00:00:00,4.588242976139942
1991-10-02 00:00:00,4.58256211401513
1991-10-03 00:00:00,4.570615258888032
1991-10-04 00:00:00,4.536689684273202
1991-10-07 00:00:00,4.524365909239521
1991-10-08 00:00:00,4.48326298879892
1991-10-09 00:00:00,4.49839892056394
1991-10-10 00:00:00,4.495363563667474
1991-10-11 00:00:00,4.495363563667474
1991-10-15 00:00:00,4.4577643368050826
1991-10-16 00:00:00,4.477237097684943
1991-10-17 00:00:00,4.475733155092507
1991-10-18 00:00:00,4.512108907114932
1991-10-21 00:00:00,4.49839892056394
1991-10-22 00:00:00,4.5029596494458906
1991-10-23 00:00:00,4.47423022253539
1991-10-24 00:00:00,4.475733155092507
1991-10-25 00:00:00,4.472728298996439
1991-10-28 00:00:00,4.440531094684527
1991-10-29 00:00:00,4.506005276533782
1991-10-30 00:00:00,4.550634427155188
1991-10-31 00:00:00,4.547528192051328
1991-11-01 00:00:00,4.559978645691441
1991-11-04 00:00:00,4.64324561008865
1991-11-05 00:00:00,4.597742443999445
1991-11-06 00:00:00,4.591405100865055
1991-11-07 00:00:00,4.629693399134952
1991-11-08 00:00:00,4.591405100865055
1991-11-12 00:00:00,4.589823493871992
1991-11-13 00:00:00,4.585085203960905
1991-11-14 00:00:00,4.602506943941414
1991-11-15 00:00:00,4.585085203960905
1991-11-18 00:00:00,4.671899580192984
1991-11-19 00:00:00,4.694946301166452
1991-11-20 00:00:00,4.685041351163991
1991-11-21 00:00:00,4.695608120492808
1991-11-22 00:00:00,4.722569505461966
1991-11-25 00:00:00,4.729945900855658
1991-11-26 00:00:00,4.755266810389148
1991-11-27 00:00:00,4.66699040375145
1991-11-29 00:00:00,4.6393654605537575
1991-12-02 00:00:00,4.68010453203737
1991-12-03 00:00:00,4.66209153348859
1991-12-04 00:00:00,4.66209153348859
1991-12-05 00:00:00,4.731625569144316
1991-12-06 00:00:00,4.793933080056989
1991-12-09 00:00:00,4.7911749740058935
1991-12-10 00:00:00,4.774008456721746
1991-12-11 00:00:00,4.786012069939078
1991-12-12 00:00:00,4.768882463389546
1991-12-13 00:00:00,4.763767466110258
1991-12-16 00:00:00,4.77571957086394
1991-12-17 00:00:00,4.77571957086394
1991-12-18 00:00:00,4.777431912051054
1991-12-19 00:00:00,4.816112774781462
1991-12-20 00:00:00,4.891430837999409
1991-12-23 00:00:00,4.949575632507575
1991-12-24 00:00:00,4.916700222402358
1991-12-26 00:00:00,4.955097658129562
1991-12-27 00:00:00,4.931257439937228
1991-12-30 00:00:00,4.9148866111067475
1991-12-31 00:00:00,4.893227176904294
1992-01-02 00:00:00,4.880680440553257
1992-01-03 00:00:00,4.84095974520796
1992-01-06 00:00:00,4.938568422057225
1992-01-07 00:00:00,4.937836348469609
1992-01-08 00:00:00,4.931257439937228
1992-01-09 00:00:00,4.817157484710915
1992-01-10 00:00:00,4.721565415560025
1992-01-13 00:00:00,4.7647895875806
1992-01-14 00:00:00,4.719892880875094
1992-01-15 00:00:00,4.6146213211575775
1992-01-16 00:00:00,4.636136952926371
1992-01-17 00:00:00,4.683394587947413
1992-01-21 00:00:00,4.746120112100304
1992-01-22 00:00:00,4.73835618873058
1992-01-23 00:00:00,4.701572901450385
1992-01-24 00:00:00,4.726590139308404
1992-01-27 00:00:00,4.63452438355144
1992-01-28 00:00:00,4.688338354226035
1992-01-29 00:00:00,4.696601199404438
1992-01-30 00:00:00,4.6200615820771125
1992-01-31 00:00:00,4.66209153348859
1992-02-03 00:00:00,4.676819095370443
1992-02-04 00:00:00,4.68668927284924
1992-02-05 00:00:00,4.698561781802654
1992-02-06 00:00:00,4.698561781802654
1992-02-07 00:00:00,4.639417756312274
1992-02-10 00:00:00,4.639417756312274
1992-02-11 00:00:00,4.706805037643276
1992-02-12 00:00:00,4.706805037643276
1992-02-13 00:00:00,4.770588843136898
1992-02-14 00:00:00,4.770588843136898
1992-02-18 00:00:00,4.839175134692565
1992-02-19 00:00:00,4.836690316852086
1992-02-20 00:00:00,4.838626791147377
1992-02-21 00:00:00,4.852514451844086
1992-02-24 00:00:00,4.841863296368385
1992-02-25 00:00:00,4.82514395033701
1992-02-26 00:00:00,4.867327582114493
1992-02-27 00:00:00,4.835677111471845
1992-02-28 00:00:00,4.821145693217071
1992-03-02 00:00:00,4.831335268369763
1992-03-03 00:00:00,4.891032120779929
1992-03-04 00:00:00,4.942596009697572
1992-03-05 00:00:00,4.942924815436499
1992-03-06 00:00:00,4.9208432882307385
1992-03-09 00:00:00,4.89301708466833
1992-03-10 00:00:00,4.924855197559992
1992-03-11 00:00:00,4.894008034469186
1992-03-12 00:00:00,4.907541720788143
1992-03-13 00:00:00,4.890380083141795
1992-03-16 00:00:00,4.899332501914291
1992-03-17 00:00:00,4.855684414682488
1992-03-18 00:00:00,4.8438112196260255
1992-03-19 00:00:00,4.912281358127918
1992-03-20 00:00:00,4.943824425924285
1992-03-23 00:00:00,4.919348484726678
1992-03-24 00:00:00,4.9099327317578485
1992-03-25 00:00:00,4.864958767263779
1992-03-26 00:00:00,4.915482794395883
1992-03-27 00:00:00,4.853491040501734
1992-03-30 00:00:00,4.877172436217257
1992-03-31 00:00:00,4.870078879482524
1992-04-01 00:00:00,4.8914337311512055
1992-04-02 00:00:00,4.871702506149147
1992-04-03 00:00:00,4.828548645384399
1992-04-06 00:00:00,4.8273266720667065
1992-04-07 00:00:00,4.837457353851184
1992-04-08 00:00:00,4.838126795993072
1992-04-09 00:00:00,4.8211260575534425
1992-04-10 00:00:00,4.886436962126072
1992-04-13 00:00:00,4.937932506042187
1992-04-14 00:00:00,4.902764908067234
1992-04-15 00:00:00,4.962838590686948
1992-04-16 00:00:00,4.9906816106647165
1992-04-17 00:00:00,4.996282787357348
1992-04-20 00:00:00,5.006253956038891
1992-04-21 00:00:00,5.002764814251746
1992-04-22 00:00:00,4.9851684071720825
1992-04-23 00:00:00,4.986367362249614
1992-04-24 00:00:00,4.959429882772873
1992-04-27 00:00:00,4.950198233771566
1992-04-28 00:00:00,4.911611704540867
1992-04-29 00:00:00,4.925590647840714
1992-04-30 00:00:00,4.910150589099569
1992-05-01 00:00:00,4.860666599944144
1992-05-04 00:00:00,4.871246512809061
1992-05-05 00:00:00,4.882699740465423
1992-05-06 00:00:00,4.862950413395078
1992-05-07 00:00:00,4.892594356971996
1992-05-08 00:00:00,4.94473705088959
1992-05-11 00:00:00,4.941465323815426
1992-05-12 00:00:00,4.869601482173497
1992-05-13 00:00:00,4.83818076154863
1992-05-14 00:00:00,4.779172871561775
1992-05-15 00:00:00,4.818743610714933
1992-05-18 00:00:00,4.742998554007423
1992-05-19 00:00:00,4.72471001510995
1992-05-20 00:00:00,4.760329822035688
1992-05-21 00:00:00,4.79860522211179
1992-05-22 00:00:00,4.818952633343606
1992-05-26 00:00:00,4.7875180974782
1992-05-27 00:00:00,4.80906307749021
1992-05-28 00:00:00,4.80906307749021
1992-05-29 00:00:00,4.8770940480961
1992-06-01 00:00:00,4.858742801421318
1992-06-02 00:00:00,4.861070741161902
1992-06-03 00:00:00,4.830323303296975
1992-06-04 00:00:00,4.8594076995125155
1992-06-05 00:00:00,4.897947829543131
1992-06-08 00:00:00,4.890190974893302
1992-06-09 00:00:00,4.877763978597213
1992-06-10 00:00:00,4.891201344929437
1992-06-11 00:00:00,4.961246491678337
1992-06-12 00:00:00,4.9768916277768325
1992-06-15 00:00:00,5.0190984825707
1992-06-16 00:00:00,5.047636355961294
1992-06-17 00:00:00,5.001425600589818
1992-06-18 00:00:00,5.027981842716843
1992-06-19 00:00:00,5.013783517710936
1992-06-22 00:00:00,5.0190984825707
1992-06-23 00:00:00,5.0120143633292455
1992-06-24 00:00:00,5.056621112735878
1992-06-25 00:00:00,5.1020289891074295
1992-06-26 00:00:00,5.129667282656222
1992-06-29 00:00:00,5.191538269618085
1992-06-30 00:00:00,5.166235798965259
1992-07-01 00:00:00,5.197236994392639
1992-07-02 00:00:00,5.229767564681547
1992-07-03 00:00:00,5.2316938142449665
1992-07-06 00:00:00,5.245992283082835
1992-07-07 00:00:00,5.266610569401217
1992-07-08 00:00:00,5.268564059968502
1992-07-09 00:00:00,5.176402589531736
1992-07-10 00:00:00,5.237481086163378
1992-07-13 00:00:00,5.315886491644865
1992-07-14 00:00:00,5.2681732459294865
1992-07-15 00:00:00,5.315090819366517
1992-07-16 00:00:00,5.347909904245136
1992-07-17 00:00:00,5.433836536218471
1992-07-20 00:00:00,5.409005600028592
1992-07-21 00:00:00,5.3701507393856645
1992-07-22 00:00:00,5.372181810013268
1992-07-23 00:00:00,5.396675040150107
1992-07-24 00:00:00,5.339867934464316
1992-07-27 00:00:00,5.409829641101113
1992-07-28 00:00:00,5.446755389859299
1992-07-29 00:00:00,5.377469790896904
1992-07-30 00:00:00,5.37624856384371
1992-07-31 00:00:00,5.3823602522452
1992-08-03 00:00:00,5.3811368031804365
1992-08-04 00:00:00,5.3803214794223795
1992-08-05 00:00:00,5.366093201992853
1992-08-06 00:00:00,5.335856012650294
1992-08-07 00:00:00,5.409829641101113
1992-08-10 00:00:00,5.391758542998437
1992-08-11 00:00:00,5.359209442225732
1992-08-12 00:00:00,5.374214417584216
1992-08-13 00:00:00,5.40488915741061
1992-08-14 00:00:00,5.363256572147365
1992-08-17 00:00:00,5.400778975541856
1992-08-18 00:00:00,5.416431019552731
1992-08-19 00:00:00,5.4530285264416
1992-08-20 00:00:00,5.499050989421247
1992-08-21 00:00:00,5.552794646471885
1992-08-24 00:00:00,5.715914972102649
1992-08-25 00:00:00,5.690724641696748
1992-08-26 00:00:00,5.636527264156778
1992-08-27 00:00:00,5.614248500266832
1992-08-28 00:00:00,5.641004251658095
1992-08-31 00:00:00,5.697572685790246
1992-09-01 00:00:00,5.725130473871456
1992-09-02 00:00:00,5.729749377037145
1992-09-03 00:00:00,5.6231388383511804
1992-09-04 00:00:00,5.674809710617292
1992-09-08 00:00:00,5.761356658422602
1992-09-09 00:00:00,5.672543412809538
1992-09-10 00:00:00,5.6838930394858265
1992-09-11 00:00:00,5.509716332690101
1992-09-14 00:00:00,5.398726227926675
1992-09-15 00:00:00,5.40283328477561
1992-09-16 00:00:00,5.3782842505396
1992-09-17 00:00:00,5.484188689449839
1992-09-18 00:00:00,5.442164255047924
1992-09-21 00:00:00,5.460995273231481
1992-09-22 00:00:00,5.454703804022689
1992-09-23 00:00:00,5.419324191405984
1992-09-24 00:00:00,5.440079933234423
1992-09-25 00:00:00,5.475731960553231
1992-09-28 00:00:00,5.58554805571179
1992-09-29 00:00:00,5.697572685790246
1992-09-30 00:00:00,5.7404011904603465
1992-10-01 00:00:00,5.704437231194811
1992-10-02 00:00:00,5.749695881507076
1992-10-05 00:00:00,5.792842049622791
1992-10-06 00:00:00,5.686168417003635
1992-10-07 00:00:00,5.6164684482701
1992-10-08 00:00:00,5.4580574491527365
1992-10-09 00:00:00,5.40283328477561
1992-10-13 00:00:00,5.405711944616791
1992-10-14 00:00:00,5.44633769389382
1992-10-15 00:00:00,5.4875786994572255
1992-10-16 00:00:00,5.3864424367368535
1992-10-19 00:00:00,5.368121203958837
1992-10-20 00:00:00,5.218239789006276
1992-10-21 00:00:00,5.268564059968502
1992-10-22 00:00:00,5.256864805949327
1992-10-23 00:00:00,5.21058279738631
1992-10-26 00:00:00,5.189641470834885
1992-10-27 00:00:00,5.1976966316166795
1992-10-28 00:00:00,5.1976966316166795
1992-10-29 00:00:00,5.220062288266625
1992-10-30 00:00:00,5.223521763429443
1992-11-02 00:00:00,5.302724219607128
1992-11-03 00:00:00,5.280486085011914
1992-11-04 00:00:00,5.300305691335351
1992-11-05 00:00:00,5.368304986996514
1992-11-06 00:00:00,5.418908672936407
1992-11-09 00:00:00,5.401174295563175
1992-11-10 00:00:00,5.439073922717619
1992-11-12 00:00:00,5.430145185571375
1992-11-13 00:00:00,5.352585505091652
1992-11-16 00:00:00,5.443341386135073
1992-11-17 00:00:00,5.497458802741775
1992-11-18 00:00:00,5.500521383393407
1992-11-19 00:00:00,5.425191161603624
1992-11-20 00:00:00,5.417957078422227
1992-11-23 00:00:00,5.445284230745317
1992-11-24 00:00:00,5.435696162222859
1992-11-25 00:00:00,5.4135859715638635
1992-11-27 00:00:00,5.451246648723888
1992-11-30 00:00:00,5.435489304350987
1992-12-01 00:00:00,5.35642260401478
1992-12-02 00:00:00,5.271135475337019
1992-12-03 00:00:00,5.343346672398181
1992-12-04 00:00:00,5.4228964522752285
1992-12-07 00:00:00,5.301309172023619
1992-12-08 00:00:00,5.27728525596667
1992-12-09 00:00:00,5.326016797410683
1992-12-10 00:00:00,5.345424675999059
1992-12-11 00:00:00,5.320018067146126
1992-12-14 00:00:00,5.330510432335853
1992-12-15 00:00:00,5.33559003601819
1992-12-16 00:00:00,5.288295487338685
1992-12-17 00:00:00,5.304363219615413
1992-12-18 00:00:00,5.340060772228768
1992-12-21 00:00:00,5.348681568448278
1992-12-22 00:00:00,5.422079794246452
1992-12-23 00:00:00,5.44586972117394
1992-12-24 00:00:00,5.467730560883985
1992-12-28 00:00:00,5.489393411416852
1992-12-29 00:00:00,5.5158564218535515
1992-12-30 00:00:00,5.503885546833085
1992-12-31 00:00:00,5.525219332107053
1993-01-04 00:00:00,5.567615189726194
1993-01-05 00:00:00,5.538498090791048
1993-01-06 00:00:00,5.592920292526534
1993-01-07 00:00:00,5.610268492677717
1993-01-08 00:00:00,5.6179481775160935
1993-01-11 00:00:00,5.59684986712564
1993-01-12 00:00:00,5.625302505082007
1993-01-13 00:00:00,5.609073619888839
1993-01-14 00:00:00,5.5733500382639125
1993-01-15 00:00:00,5.622818122418108
1993-01-19 00:00:00,5.54993431149918
1993-01-20 00:00:00,5.536499032488402
1993-01-21 00:00:00,5.570532441005517
1993-01-22 00:00:00,5.499404773874795
1993-01-25 00:00:00,5.444001376284901
1993-01-26 00:00:00,5.47529426975931
1993-01-27 00:00:00,5.501849229726216
1993-01-28 00:00:00,5.503219101858112
1993-01-29 00:00:00,5.591359035197392
1993-02-01 00:00:00,5.687180282653221
1993-02-02 00:00:00,5.703805229507088
1993-02-03 00:00:00,5.707182726942523
1993-02-04 00:00:00,5.723051671223839
1993-02-05 00:00:00,5.71514067195497
1993-02-08 00:00:00,5.727313057298946
1993-02-09 00:00:00,5.716067683866735
1993-02-10 00:00:00,5.733984856280497
1993-02-11 00:00:00,5.7348954671947885
1993-02-12 00:00:00,5.751161335093517
1993-02-16 00:00:00,5.649975302289182
1993-02-17 00:00:00,5.641830053307
1993-02-18 00:00:00,5.655636377365491
1993-02-19 00:00:00,5.647511924229525
1993-02-22 00:00:00,5.5949049541206985
1993-02-23 00:00:00,5.5736805852822915
1993-02-24 00:00:00,5.616639677362646
1993-02-25 00:00:00,5.672819208765708
1993-02-26 00:00:00,5.704850834137458
1993-03-01 00:00:00,5.706080562142374
1993-03-02 00:00:00,5.690452176482391
1993-03-03 00:00:00,5.707010571002984
1993-03-04 00:00:00,5.680608482314396
1993-03-05 00:00:00,5.765808505504117
1993-03-08 00:00:00,5.740971640449113
1993-03-09 00:00:00,5.755068359995823
1993-03-10 00:00:00,5.733444509860467
1993-03-11 00:00:00,5.697571016224941
1993-03-12 00:00:00,5.690521944785675
1993-03-15 00:00:00,5.68930121187837
1993-03-16 00:00:00,5.6920744634626415
1993-03-17 00:00:00,5.723789536643322
1993-03-18 00:00:00,5.686867558115759
1993-03-19 00:00:00,5.649363295223885
1993-03-22 00:00:00,5.664948969214365
1993-03-23 00:00:00,5.649390797959217
1993-03-24 00:00:00,5.64377481335662
1993-03-25 00:00:00,5.685989088043954
1993-03-26 00:00:00,5.645681112565761
1993-03-29 00:00:00,5.6460079134689725
1993-03-30 00:00:00,5.6047025714633145
1993-03-31 00:00:00,5.590042705275111
1993-04-01 00:00:00,5.560436119312395
1993-04-02 00:00:00,5.587844234720562
1993-04-05 00:00:00,5.542276465342229
1993-04-06 00:00:00,5.582437246564183
1993-04-07 00:00:00,5.578926775292479
1993-04-08 00:00:00,5.550177442376663
1993-04-09 00:00:00,5.539448963379362
1993-04-12 00:00:00,5.493088120861493
1993-04-13 00:00:00,5.493088120861493
1993-04-14 00:00:00,5.447862009403284
1993-04-15 00:00:00,5.4181227422076335
1993-04-16 00:00:00,5.3759369524071
1993-04-19 00:00:00,5.402271655126744
1993-04-20 00:00:00,5.42478573389717
1993-04-21 00:00:00,5.431093624285422
1993-04-22 00:00:00,5.4459937439679615
1993-04-23 00:00:00,5.552628586507194
1993-04-26 00:00:00,5.599618391188496
1993-04-27 00:00:00,5.5674231375019545
1993-04-28 00:00:00,5.541004102376334
1993-04-29 00:00:00,5.556514260815456
1993-04-30 00:00:00,5.533281448575112
1993-05-03 00:00:00,5.54293813522184
1993-05-04 00:00:00,5.603570133172398
1993-05-05 00:00:00,5.601593565224189
1993-05-06 00:00:00,5.58976337818042
1993-05-07 00:00:00,5.556514260815456
1993-05-10 00:00:00,5.459098575940383
1993-05-11 00:00:00,5.444126759482542
1993-05-12 00:00:00,5.434811005273981
1993-05-13 00:00:00,5.444873399647046
1993-05-14 00:00:00,5.472266629018116
1993-05-17 00:00:00,5.405213668281339
1993-05-18 00:00:00,5.369756460881375
1993-05-19 00:00:00,5.385051799732308
1993-05-20 00:00:00,5.423674097476289
1993-05-21 00:00:00,5.390535559202503
1993-05-24 00:00:00,5.395297192841807
1993-05-25 00:00:00,5.44226105463008
1993-05-26 00:00:00,5.4292368401403674
1993-05-27 00:00:00,5.521737745970297
1993-05-28 00:00:00,5.597644609591319
1993-06-01 00:00:00,5.572111493828271
1993-06-02 00:00:00,5.572111493828271
1993-06-03 00:00:00,5.557681023801559
1993-06-04 00:00:00,5.44226105463008
1993-06-07 00:00:00,5.455347907045886
1993-06-08 00:00:00,5.447862009403284
1993-06-09 00:00:00,5.386147658869412
1993-06-10 00:00:00,5.408158887552982
1993-06-11 00:00:00,5.476040606003647
1993-06-14 00:00:00,5.476040606003647
1993-06-15 00:00:00,5.426268624824224
1993-06-16 00:00:00,5.343377441928188
1993-06-17 00:00:00,5.37048283984125
1993-06-18 00:00:00,5.291742005135148
1993-06-21 00:00:00,5.288217701435422
1993-06-22 00:00:00,5.246635971128113
1993-06-23 00:00:00,5.267170068792893
1993-06-24 00:00:00,5.230737074245908
1993-06-25 00:00:00,5.247068942089183
1993-06-28 00:00:00,5.247068942089183
1993-06-29 00:00:00,5.233483667562124
1993-06-30 00:00:00,5.266266090875356
1993-07-01 00:00:00,5.252085295409593
1993-07-02 00:00:00,5.260466887373547
1993-07-06 00:00:00,5.267091161963936
1993-07-07 00:00:00,5.287457525633375
1993-07-08 00:00:00,5.278564238312141
1993-07-09 00:00:00,5.336133310672209
1993-07-12 00:00:00,5.3274020752474645
1993-07-13 00:00:00,5.291392762576339
1993-07-14 00:00:00,5.267010421608391
1993-07-15 00:00:00,5.285648191515413
1993-07-16 00:00:00,5.278475518965156
1993-07-19 00:00:00,5.220787413174524
1993-07-20 00:00:00,5.244985293449518
1993-07-21 00:00:00,5.228259325782553
1993-07-22 00:00:00,5.232860895601739
1993-07-23 00:00:00,5.2889803170857235
1993-07-26 00:00:00,5.2972253254440025
1993-07-27 00:00:00,5.296923769757676
1993-07-28 00:00:00,5.272620707463121
1993-07-29 00:00:00,5.306539522559618
1993-07-30 00:00:00,5.302836151944518
1993-08-02 00:00:00,5.231799486770877
1993-08-03 00:00:00,5.22729749061754
1993-08-04 00:00:00,5.245149514624073
1993-08-05 00:00:00,5.260802747131687
1993-08-06 00:00:00,5.225341664031296
1993-08-09 00:00:00,5.23378695347455
1993-08-10 00:00:00,5.282620801744449
1993-08-11 00:00:00,5.318064527647158
1993-08-12 00:00:00,5.312009003587799
1993-08-13 00:00:00,5.311707447901472
1993-08-16 00:00:00,5.211237682625685
1993-08-17 00:00:00,5.24243551344713
1993-08-18 00:00:00,5.182315552477777
1993-08-19 00:00:00,5.16595046246723
1993-08-20 00:00:00,5.136849828317439
1993-08-23 00:00:00,5.167136994265668
1993-08-24 00:00:00,5.14527988514313
1993-08-25 00:00:00,5.166533882893014
1993-08-26 00:00:00,5.10470077548147
1993-08-27 00:00:00,5.1135371731769785
1993-08-30 00:00:00,5.123433320493888
1993-08-31 00:00:00,5.147376831987808
1993-09-01 00:00:00,5.068484729697248
1993-09-02 00:00:00,5.040969558506173
1993-09-03 00:00:00,4.952694168189692
1993-09-07 00:00:00,4.952694168189692
1993-09-08 00:00:00,4.9314633639550065
1993-09-09 00:00:00,5.009975274439904
1993-09-10 00:00:00,5.0322498149214585
1993-09-13 00:00:00,4.984000260588051
1993-09-14 00:00:00,5.021447131955616
1993-09-15 00:00:00,5.046725902127273
1993-09-16 00:00:00,5.006401060789024
1993-09-17 00:00:00,5.008902474595271
1993-09-20 00:00:00,4.999980311298876
1993-09-21 00:00:00,4.907323333502081
1993-09-22 00:00:00,4.945364599653258
1993-09-23 00:00:00,4.89363484442676
1993-09-24 00:00:00,4.878326289126155
1993-09-27 00:00:00,4.921088616345003
1993-09-28 00:00:00,4.966364024704865
1993-09-29 00:00:00,4.966364024704865
1993-09-30 00:00:00,4.903894036972728
1993-10-01 00:00:00,4.925578975860162
1993-10-04 00:00:00,4.946410352370462
1993-10-05 00:00:00,4.936667159273988
1993-10-06 00:00:00,4.9349313410042015
1993-10-07 00:00:00,4.921088616345003
1993-10-08 00:00:00,4.99286543358803
1993-10-12 00:00:00,5.014271073174688
1993-10-13 00:00:00,4.991799948006811
1993-10-14 00:00:00,4.932503245173243
1993-10-15 00:00:00,4.917640060902574
1993-10-18 00:00:00,4.891929150859514
1993-10-19 00:00:00,4.856382260835968
1993-10-20 00:00:00,4.8223421982600145
1993-10-21 00:00:00,4.77866691651888
1993-10-22 00:00:00,4.755029385355722
1993-10-25 00:00:00,4.767304597084221
1993-10-26 00:00:00,4.731943605467279
1993-10-27 00:00:00,4.735136549870428
1993-10-28 00:00:00,4.703399709723843
1993-10-29 00:00:00,4.731943605467279
1993-11-01 00:00:00,4.673641270001981
1993-11-02 00:00:00,4.672155461751524
1993-11-03 00:00:00,4.672155461751524
1993-11-04 00:00:00,4.676548226213564
1993-11-05 00:00:00,4.641879419398731
1993-11-08 00:00:00,4.618500327242198
1993-11-09 00:00:00,4.652342811600548
1993-11-10 00:00:00,4.645794652938684
1993-11-12 00:00:00,4.657443123201019
1993-11-15 00:00:00,4.637384385732226
1993-11-16 00:00:00,4.665336745702292
1993-11-17 00:00:00,4.655698963453944
1993-11-18 00:00:00,4.672578868135857
1993-11-19 00:00:00,4.684703311406503
1993-11-22 00:00:00,4.642342511265758
1993-11-23 00:00:00,4.628506571916412
1993-11-24 00:00:00,4.639287228409442
1993-11-26 00:00:00,4.65565202600718
1993-11-29 00:00:00,4.633389937723263
1993-11-30 00:00:00,4.661984873053569
1993-12-01 00:00:00,4.650150894413835
1993-12-02 00:00:00,4.653952432338791
1993-12-03 00:00:00,4.6282086009027585
1993-12-06 00:00:00,4.5534164018896375
1993-12-07 00:00:00,4.552168773366714
1993-12-08 00:00:00,4.552879372526218
1993-12-09 00:00:00,4.555871679454932
1993-12-10 00:00:00,4.520149368637973
1993-12-13 00:00:00,4.547174249252457
1993-12-14 00:00:00,4.5491934528656
1993-12-15 00:00:00,4.5515367991176685
1993-12-16 00:00:00,4.529964063794566
1993-12-17 00:00:00,4.51317816102372
1993-12-20 00:00:00,4.539283274897186
1993-12-21 00:00:00,4.501011251793198
1993-12-22 00:00:00,4.454336004562171
1993-12-23 00:00:00,4.4400716162144285
1993-12-24 00:00:00,4.4400716162144285
1993-12-27 00:00:00,4.421635332686894
1993-12-28 00:00:00,4.441614915351104
1993-12-29 00:00:00,4.38521829494342
1993-12-30 00:00:00,4.305433325965339
1993-12-31 00:00:00,4.293859580465432
1994-01-03 00:00:00,4.285220023965501
1994-01-04 00:00:00,4.293970873125262
1994-01-05 00:00:00,4.293970873125262
1994-01-06 00:00:00,4.292682681863324
1994-01-07 00:00:00,4.292682681863324
1994-01-10 00:00:00,4.282652142472485
1994-01-11 00:00:00,4.282652142472485
1994-01-12 00:00:00,4.3149625034726045
1994-01-13 00:00:00,4.3149625034726045
1994-01-14 00:00:00,4.303470601647859
1994-01-18 00:00:00,4.303470601647859
1994-01-19 00:00:00,4.311605368766662
1994-01-20 00:00:00,4.311605368766662
1994-01-21 00:00:00,4.279399045659241
1994-01-24 00:00:00,4.279399045659241
1994-01-25 00:00:00,4.261943984969943
1994-01-26 00:00:00,4.263393132873708
1994-01-27 00:00:00,4.259627396311175
1994-01-28 00:00:00,4.286714257703103
1994-01-31 00:00:00,4.2861281205242285
1994-02-01 00:00:00,4.323668690959164
1994-02-02 00:00:00,4.31622692040674
1994-02-03 00:00:00,4.322178284654111
1994-02-04 00:00:00,4.303486821726241
1994-02-07 00:00:00,4.26281335547072
1994-02-08 00:00:00,4.236026758034316
1994-02-09 00:00:00,4.247506505346062
1994-02-10 00:00:00,4.241758864608111
1994-02-11 00:00:00,4.246068135381503
1994-02-14 00:00:00,4.263393132873708
1994-02-15 00:00:00,4.313257380041821
1994-02-16 00:00:00,4.3102919229225085
1994-02-17 00:00:00,4.30437322477912
1994-02-18 00:00:00,4.32068890550709
1994-02-22 00:00:00,4.325756987435857
1994-02-23 00:00:00,4.311774141603019
1994-02-24 00:00:00,4.355811576384901
1994-02-25 00:00:00,4.388743158481475
1994-02-28 00:00:00,4.399522527642659
1994-03-01 00:00:00,4.353694167979714
1994-03-02 00:00:00,4.391817584511935
1994-03-03 00:00:00,4.376488378283272
1994-03-04 00:00:00,4.352182993329252
1994-03-07 00:00:00,4.358233995057899
1994-03-08 00:00:00,4.355206392421526
1994-03-09 00:00:00,4.367342112079963
1994-03-10 00:00:00,4.413459769018505
1994-03-11 00:00:00,4.425922768719229
1994-03-14 00:00:00,4.36278329985441
1994-03-15 00:00:00,4.358233995057899
1994-03-16 00:00:00,4.373435369299469
1994-03-17 00:00:00,4.373435369299469
1994-03-18 00:00:00,4.370386616863568
1994-03-21 00:00:00,4.36278329985441
1994-03-22 00:00:00,4.385673033851548
1994-03-23 00:00:00,4.388743158481475
1994-03-24 00:00:00,4.4181251598948466
1994-03-25 00:00:00,4.425922768719229
1994-03-28 00:00:00,4.409424392946117
1994-03-29 00:00:00,4.397979376984067
1994-03-30 00:00:00,4.425922768719229
1994-03-31 00:00:00,4.447272186912668
1994-04-01 00:00:00,4.394896320988985
1994-04-04 00:00:00,4.391817584511935
1994-04-05 00:00:00,4.345847498884505
1994-04-06 00:00:00,4.326951205666911
1994-04-07 00:00:00,4.32009344121471
1994-04-08 00:00:00,4.343137929955516
1994-04-11 00:00:00,4.348560450780875
1994-04-12 00:00:00,4.324265141323484
1994-04-13 00:00:00,4.348560450780875
1994-04-14 00:00:00,4.337728915720465
1994-04-15 00:00:00,4.315335629054783
1994-04-18 00:00:00,4.301419966991964
1994-04-19 00:00:00,4.346148770808172
1994-04-20 00:00:00,4.353694167979714
1994-04-21 00:00:00,4.370996027254262
1994-04-22 00:00:00,4.360962438710899
1994-04-25 00:00:00,4.375572028120316
1994-04-26 00:00:00,4.374045630287301
1994-04-27 00:00:00,4.402612079979487
1994-04-28 00:00:00,4.4165689340547996
1994-04-29 00:00:00,4.443174771006937
1994-05-02 00:00:00,4.478085429921991
1994-05-03 00:00:00,4.479685317535398
1994-05-04 00:00:00,4.444749806374184
1994-05-05 00:00:00,4.4256103359387176
1994-05-06 00:00:00,4.43155411174863
1994-05-09 00:00:00,4.438456355320912
1994-05-10 00:00:00,4.383526501112284
1994-05-11 00:00:00,4.390279833256854
1994-05-12 00:00:00,4.3933564133782665
1994-05-13 00:00:00,4.397979376984067
1994-05-16 00:00:00,4.395820783824701
1994-05-17 00:00:00,4.428423819941222
1994-05-18 00:00:00,4.4542235182172565
1994-05-19 00:00:00,4.446956732792445
1994-05-20 00:00:00,4.459927155076323
1994-05-23 00:00:00,4.45580639793233
1994-05-24 00:00:00,4.433747950417814
1994-05-25 00:00:00,4.472654349640285
1994-05-26 00:00:00,4.465963528914936
1994-05-27 00:00:00,4.470103102952433
1994-05-31 00:00:00,4.467554765118497
1994-06-01 00:00:00,4.476486684677464
1994-06-02 00:00:00,4.4621491828404185
1994-06-03 00:00:00,4.424361045794487
1994-06-06 00:00:00,4.430614559640133
1994-06-07 00:00:00,4.43814215056689
1994-06-08 00:00:00,4.436885776285059
1994-06-09 00:00:00,4.429049524472475
1994-06-10 00:00:00,4.458975534772965
1994-06-13 00:00:00,4.515499569209728
1994-06-14 00:00:00,4.531492303498943
1994-06-15 00:00:00,4.564484602759948
1994-06-16 00:00:00,4.569474928491828
1994-06-17 00:00:00,4.612507064369326
1994-06-20 00:00:00,4.643940445845028
1994-06-21 00:00:00,4.662937599026247
1994-06-22 00:00:00,4.6370707114576835
1994-06-23 00:00:00,4.652556290828043
1994-06-24 00:00:00,4.706696397815906
1994-06-27 00:00:00,4.745889176298856
1994-06-28 00:00:00,4.72087319419487
1994-06-29 00:00:00,4.708463839196987
1994-06-30 00:00:00,4.704930282844869
1994-07-01 00:00:00,4.6943613642012645
1994-07-05 00:00:00,4.718031006841351
1994-07-06 00:00:00,4.745889176298856
1994-07-07 00:00:00,4.731561963691161
1994-07-08 00:00:00,4.742299245000595
1994-07-11 00:00:00,4.8374379644219045
1994-07-12 00:00:00,4.880747062585277
1994-07-13 00:00:00,4.839304980232178
1994-07-14 00:00:00,4.794890708903088
1994-07-15 00:00:00,4.776624458583457
1994-07-18 00:00:00,4.802236385975325
1994-07-19 00:00:00,4.742299245000595
1994-07-20 00:00:00,4.74948454688696
1994-07-21 00:00:00,4.708463839196987
1994-07-22 00:00:00,4.643940445845028
1994-07-25 00:00:00,4.643940445845028
1994-07-26 00:00:00,4.647382951735202
1994-07-27 00:00:00,4.693658457655751
1994-07-28 00:00:00,4.675107831387613
1994-07-29 00:00:00,4.662937599026247
1994-08-01 00:00:00,4.708463839196987
1994-08-02 00:00:00,4.699639881477352
1994-08-03 00:00:00,4.696119551978119
1994-08-04 00:00:00,4.6943613642012645
1994-08-05 00:00:00,4.697879057243003
1994-08-08 00:00:00,4.708463839196987
1994-08-09 00:00:00,4.699287611041742
1994-08-10 00:00:00,4.724430747468567
1994-08-11 00:00:00,4.72087319419487
1994-08-12 00:00:00,4.787567469943328
1994-08-15 00:00:00,4.812558226675971
1994-08-16 00:00:00,4.818106057401467
1994-08-17 00:00:00,4.793057799610694
1994-08-18 00:00:00,4.826266052263886
1994-08-19 00:00:00,4.850537409586684
1994-08-22 00:00:00,4.863707992157321
1994-08-23 00:00:00,4.82998428496979
1994-08-24 00:00:00,4.815145623572034
1994-08-25 00:00:00,4.798560736234816
1994-08-26 00:00:00,4.736208810070853
1994-08-29 00:00:00,4.689094691017792
1994-08-30 00:00:00,4.704930282844869
1994-08-31 00:00:00,4.708463839196987
1994-09-01 00:00:00,4.7351356509749145
1994-09-02 00:00:00,4.791226291089636
1994-09-06 00:00:00,4.841173437753505
1994-09-07 00:00:00,4.839304980232178
1994-09-08 00:00:00,4.802236385975325
1994-09-09 00:00:00,4.886453314022439
1994-09-12 00:00:00,4.890264900070818
1994-09-13 00:00:00,4.854293148966928
1994-09-14 00:00:00,4.905570893498268
1994-09-15 00:00:00,4.880747062585277
1994-09-16 00:00:00,4.922905066266814
1994-09-19 00:00:00,4.867484162958686
1994-09-20 00:00:00,4.871266201935345
1994-09-21 00:00:00,4.888358364047399
1994-09-22 00:00:00,4.880747062585277
1994-09-23 00:00:00,4.884549748259281
1994-09-26 00:00:00,4.869374448070515
1994-09-27 00:00:00,4.884549748259281
1994-09-28 00:00:00,4.880747062585277
1994-09-29 00:00:00,4.878847939214621
1994-09-30 00:00:00,4.873159426265673
1994-10-03 00:00:00,4.848661718399681
1994-10-04 00:00:00,4.863707992157321
1994-10-05 00:00:00,4.905570893498268
1994-10-06 00:00:00,4.895993441539077
1994-10-07 00:00:00,4.891409535687593
1994-10-11 00:00:00,4.858054708942881
1994-10-12 00:00:00,4.871266201935345
1994-10-13 00:00:00,4.8826476650239785
1994-10-14 00:00:00,4.963831830475683
1994-10-17 00:00:00,5.019471258519445
1994-10-18 00:00:00,5.019471258519445
1994-10-19 00:00:00,5.031556662833698
1994-10-20 00:00:00,5.027521733673446
1994-10-21 00:00:00,5.022285990459656
1994-10-24 00:00:00,5.027521733673446
1994-10-25 00:00:00,5.035598073807861
1994-10-26 00:00:00,5.013450301392074
1994-10-27 00:00:00,5.009444348294676
1994-10-28 00:00:00,4.971704680325764
1994-10-31 00:00:00,4.995473786367162
1994-11-01 00:00:00,5.023493270745824
1994-11-02 00:00:00,4.999457417775748
1994-11-03 00:00:00,4.920972999914277
1994-11-04 00:00:00,4.928710378844959
1994-11-07 00:00:00,4.9481606960464
1994-11-08 00:00:00,4.979602543201579
1994-11-09 00:00:00,4.8979059389771775
1994-11-10 00:00:00,4.873159426265673
1994-11-14 00:00:00,4.84491468461421
1994-11-15 00:00:00,4.824409081870556
1994-11-16 00:00:00,4.801868567624684
1994-11-17 00:00:00,4.82998428496979
1994-11-18 00:00:00,4.753085369136306
1994-11-21 00:00:00,4.742299245000595
1994-11-22 00:00:00,4.750000456065604
1994-11-23 00:00:00,4.750000456065604
1994-11-25 00:00:00,4.780256771031988
1994-11-28 00:00:00,4.7977595683854055
1994-11-29 00:00:00,4.790392358251514
1994-11-30 00:00:00,4.788342467988128
1994-12-01 00:00:00,4.807541945217226
1994-12-02 00:00:00,4.809031200871689
1994-12-05 00:00:00,4.794623075097628
1994-12-06 00:00:00,4.804959410439302
1994-12-07 00:00:00,4.79868035557531
1994-12-08 00:00:00,4.828983368419555
1994-12-09 00:00:00,4.8339419312417915
1994-12-12 00:00:00,4.8161846678427995
1994-12-13 00:00:00,4.805358036961564
1994-12-14 00:00:00,4.803674299155339
1994-12-15 00:00:00,4.789601907353316
1994-12-16 00:00:00,4.807005842562337
1994-12-19 00:00:00,4.805323588249479
1994-12-20 00:00:00,4.801876652152326
1994-12-21 00:00:00,4.787800103425063
1994-12-22 00:00:00,4.8118938316637045
1994-12-23 00:00:00,4.816534060724313
1994-12-27 00:00:00,4.802901140173943
1994-12-28 00:00:00,4.795919527040087
1994-12-29 00:00:00,4.727853555333828
1994-12-30 00:00:00,4.728671924580199
1995-01-03 00:00:00,4.739285084428101
1995-01-04 00:00:00,4.739012095896142
1995-01-05 00:00:00,4.704094402956218
1995-01-06 00:00:00,4.727579970452369
1995-01-09 00:00:00,4.670258070177724
1995-01-10 00:00:00,4.649412123908784
1995-01-11 00:00:00,4.639729640344311
1995-01-12 00:00:00,4.616723958463984
1995-01-13 00:00:00,4.654669515486286
1995-01-17 00:00:00,4.654669515486286
1995-01-18 00:00:00,4.649250808250562
1995-01-19 00:00:00,4.674646637870347
1995-01-20 00:00:00,4.711411456099763
1995-01-23 00:00:00,4.718833923931349
1995-01-24 00:00:00,4.713264883108458
1995-01-25 00:00:00,4.6966363515725975
1995-01-26 00:00:00,4.704012301869532
1995-01-27 00:00:00,4.700321433056767
1995-01-30 00:00:00,4.724416140718335
1995-01-31 00:00:00,4.663728817774114
1995-02-01 00:00:00,4.647447375043328
1995-02-02 00:00:00,4.664818304337992
1995-02-03 00:00:00,4.640247611487877
1995-02-06 00:00:00,4.626629337682151
1995-02-07 00:00:00,4.602811883542719
1995-02-08 00:00:00,4.619493882195289
1995-02-09 00:00:00,4.633070120982869
1995-02-10 00:00:00,4.66300277608068
1995-02-13 00:00:00,4.66627174515567
1995-02-14 00:00:00,4.686715432976724
1995-02-15 00:00:00,4.684882823516735
1995-02-16 00:00:00,4.758188773972081
1995-02-17 00:00:00,4.758188773972081
1995-02-21 00:00:00,4.800127937845232
1995-02-22 00:00:00,4.796284760953442
1995-02-23 00:00:00,4.792447733144679
1995-02-24 00:00:00,4.798974338244693
1995-02-27 00:00:00,4.847515509330676
1995-02-28 00:00:00,4.857735700965657
1995-03-01 00:00:00,4.829149267578274
1995-03-02 00:00:00,4.84281298822219
1995-03-03 00:00:00,4.926447094104317
1995-03-06 00:00:00,5.12232549502424
1995-03-07 00:00:00,5.234215523312232
1995-03-08 00:00:00,5.146528923050559
1995-03-09 00:00:00,5.158938741328668
1995-03-10 00:00:00,5.083207184073695
1995-03-13 00:00:00,5.102691368339735
1995-03-14 00:00:00,5.089685358055097
1995-03-15 00:00:00,5.215985778346407
1995-03-16 00:00:00,5.145644791643059
1995-03-17 00:00:00,5.206918441052455
1995-03-20 00:00:00,5.146528923050559
1995-03-21 00:00:00,5.0909829747861375
1995-03-22 00:00:00,5.131100356685952
1995-03-23 00:00:00,5.135499071093741
1995-03-24 00:00:00,5.0940133217949395
1995-03-27 00:00:00,5.166502515248684
1995-03-28 00:00:00,5.211448165664071
1995-03-29 00:00:00,5.249351267464817
1995-03-30 00:00:00,5.115764019155294
1995-03-31 00:00:00,5.287343041863061
1995-04-03 00:00:00,5.3287312457132625
1995-04-04 00:00:00,5.268742010933025
1995-04-05 00:00:00,5.291079019988384
1995-04-06 00:00:00,5.31077984612664
1995-04-07 00:00:00,5.278026137824536
1995-04-10 00:00:00,5.162050552719387
1995-04-11 00:00:00,5.19788257390963
1995-04-12 00:00:00,5.181248630367454
1995-04-13 00:00:00,5.211448165664071
1995-04-14 00:00:00,5.199235954201397
1995-04-17 00:00:00,5.305136084334794
1995-04-18 00:00:00,5.320212847629529
1995-04-19 00:00:00,5.362119286099937
1995-04-20 00:00:00,5.241084572555424
1995-04-21 00:00:00,5.273379988055325
1995-04-24 00:00:00,5.266426080378768
1995-04-25 00:00:00,5.292013839603223
1995-04-26 00:00:00,5.25718268225612
1995-04-27 00:00:00,5.278026137824536
1995-04-28 00:00:00,5.229646151401877
1995-05-01 00:00:00,5.227364455873342
1995-05-02 00:00:00,5.278026137824536
1995-05-03 00:00:00,5.287343041863061
1995-05-04 00:00:00,5.3060758781495565
1995-05-05 00:00:00,5.292013839603223
1995-05-08 00:00:00,5.327309618880257
1995-05-09 00:00:00,5.292013839603223
1995-05-10 00:00:00,5.1911262274097485
1995-05-11 00:00:00,5.034083753303235
1995-05-12 00:00:00,4.971418810316057
1995-05-15 00:00:00,4.9570208245187
1995-05-16 00:00:00,4.998381031648603
1995-05-17 00:00:00,4.990053866248105
1995-05-18 00:00:00,4.918357690008907
1995-05-19 00:00:00,4.987976408352081
1995-05-22 00:00:00,4.996296635888948
1995-05-23 00:00:00,4.973482495999044
1995-05-24 00:00:00,4.992133055359042
1995-05-25 00:00:00,5.142111301657382
1995-05-26 00:00:00,5.264112184912873
1995-05-30 00:00:00,5.236503204922071
1995-05-31 00:00:00,5.131100356685952
1995-06-01 00:00:00,5.115764019155294
1995-06-02 00:00:00,5.124516395578143
1995-06-05 00:00:00,5.184387422268151
1995-06-06 00:00:00,5.120136467034915
1995-06-07 00:00:00,5.173194876019732
1995-06-08 00:00:00,5.126709171100426
1995-06-09 00:00:00,5.170962163513896
1995-06-12 00:00:00,5.188878013365828
1995-06-13 00:00:00,5.162940331320217
1995-06-14 00:00:00,5.1821450401650955
1995-06-15 00:00:00,5.117949309210465
1995-06-16 00:00:00,5.154499799028438
1995-06-19 00:00:00,5.144319163959509
1995-06-20 00:00:00,5.177666090260025
1995-06-21 00:00:00,5.200138599332335
1995-06-22 00:00:00,5.173194876019732
1995-06-23 00:00:00,5.220531299721873
1995-06-26 00:00:00,5.20239658396079
1995-06-27 00:00:00,5.231929839677598
1995-06-28 00:00:00,5.153169605531913
1995-06-29 00:00:00,5.209182318635522
1995-06-30 00:00:00,5.20239658396079
1995-07-03 00:00:00,5.227364455873342
1995-07-05 00:00:00,5.223717881436039
1995-07-06 00:00:00,5.214623665068636
1995-07-07 00:00:00,5.173194876019732
1995-07-10 00:00:00,5.1584945030834835
1995-07-11 00:00:00,5.1377012576593915
1995-07-12 00:00:00,5.1377012576593915
1995-07-13 00:00:00,5.162050552719387
1995-07-14 00:00:00,5.148740581375891
1995-07-17 00:00:00,5.136379719138171
1995-07-18 00:00:00,5.170962163513896
1995-07-19 00:00:00,5.175429517434859
1995-07-20 00:00:00,5.207823755916586
1995-07-21 00:00:00,5.179904597000302
1995-07-24 00:00:00,5.207823755916586
1995-07-25 00:00:00,5.164275574509354
1995-07-26 00:00:00,5.19788257390963
1995-07-27 00:00:00,5.223717881436039
1995-07-28 00:00:00,5.227364455873342
1995-07-31 00:00:00,5.206918441052455
1995-08-01 00:00:00,5.227364455873342
1995-08-02 00:00:00,5.169623460848161
1995-08-03 00:00:00,5.212355056495997
1995-08-04 00:00:00,5.211448165664071
1995-08-07 00:00:00,5.139905333703003
1995-08-08 00:00:00,5.124516395578143
1995-08-09 00:00:00,5.146528923050559
1995-08-10 00:00:00,5.0853647423012305
1995-08-11 00:00:00,5.0298569827295125
1995-08-14 00:00:00,5.017219151114614
1995-08-15 00:00:00,4.8928516926346095
1995-08-16 00:00:00,4.8928516926346095
1995-08-17 00:00:00,4.889379070409771
1995-08-18 00:00:00,4.867043623764172
1995-08-21 00:00:00,4.866762425391031
1995-08-22 00:00:00,4.906433277097166
1995-08-23 00:00:00,4.884259137695273
1995-08-24 00:00:00,4.865918830271612
1995-08-25 00:00:00,4.855142676917862
1995-08-28 00:00:00,4.795914859438206
1995-08-29 00:00:00,4.824463365913886
1995-08-30 00:00:00,4.824182167540746
1995-08-31 00:00:00,4.803342473172594
1995-09-01 00:00:00,4.782331600652943
1995-09-05 00:00:00,4.784131133617355
1995-09-06 00:00:00,4.835311185993813
1995-09-07 00:00:00,4.835029987620674
1995-09-08 00:00:00,4.846942187987184
1995-09-11 00:00:00,4.803718800434786
1995-09-12 00:00:00,4.78397274950822
1995-09-13 00:00:00,4.860248463479474
1995-09-14 00:00:00,4.819321976773413
1995-09-15 00:00:00,4.814939284029845
1995-09-18 00:00:00,4.818759580027133
1995-09-19 00:00:00,4.7854754215473285
1995-09-20 00:00:00,4.683496938806473
1995-09-21 00:00:00,4.53550841906876
1995-09-22 00:00:00,4.489975774577307
1995-09-25 00:00:00,4.55410330203441
1995-09-26 00:00:00,4.610018400209894
1995-09-27 00:00:00,4.5648777276126955
1995-09-28 00:00:00,4.5404056096304775
1995-09-29 00:00:00,4.5404056096304775
1995-10-02 00:00:00,4.56131822780293
1995-10-03 00:00:00,4.520851752569191
1995-10-04 00:00:00,4.5573577187920735
1995-10-05 00:00:00,4.577229340483851
1995-10-06 00:00:00,4.5720460668404455
1995-10-10 00:00:00,4.5720460668404455
1995-10-11 00:00:00,4.542370302667964
1995-10-12 00:00:00,4.551429834142241
1995-10-13 00:00:00,4.530607582850955
1995-10-16 00:00:00,4.566079934521819
1995-10-17 00:00:00,4.570055624495282
1995-10-18 00:00:00,4.547092510381037
1995-10-19 00:00:00,4.562111155786902
1995-10-20 00:00:00,4.598080494728718
1995-10-23 00:00:00,4.6613755637058905
1995-10-24 00:00:00,4.641999544293651
1995-10-25 00:00:00,4.624413114302055
1995-10-26 00:00:00,4.6081728575354095
1995-10-27 00:00:00,4.634621531772919
1995-10-30 00:00:00,4.628491080011316
1995-10-31 00:00:00,4.620342328109888
1995-11-01 00:00:00,4.606150842240309
1995-11-02 00:00:00,4.598080494728718
1995-11-03 00:00:00,4.614249568995896
1995-11-06 00:00:00,4.6073638384241855
1995-11-07 00:00:00,4.606150842240309
1995-11-08 00:00:00,4.590038377553854
1995-11-09 00:00:00,4.609386919059306
1995-11-10 00:00:00,4.622376824951855
1995-11-13 00:00:00,4.5920462683576835
1995-11-14 00:00:00,4.6041306006428355
1995-11-15 00:00:00,4.62563574930187
1995-11-16 00:00:00,4.596067324634704
1995-11-17 00:00:00,4.6231911254583204
1995-11-20 00:00:00,4.6081728575354095
1995-11-21 00:00:00,4.608577473643719
1995-11-22 00:00:00,4.626451198530482
1995-11-24 00:00:00,4.590038377553854
1995-11-27 00:00:00,4.528653049812624
1995-11-28 00:00:00,4.546304794051825
1995-11-29 00:00:00,4.513465375124973
1995-11-30 00:00:00,4.465086248177654
1995-12-01 00:00:00,4.470791213571407
1995-12-04 00:00:00,4.491450354897169
1995-12-05 00:00:00,4.493757606791808
1995-12-06 00:00:00,4.489913502765468
1995-12-07 00:00:00,4.491834732334472
1995-12-08 00:00:00,4.491066043238497
1995-12-11 00:00:00,4.4887615536926635
1995-12-12 00:00:00,4.466606148185543
1995-12-13 00:00:00,4.4542481370037255
1995-12-14 00:00:00,4.4542481370037255
1995-12-15 00:00:00,4.458962551377926
1995-12-18 00:00:00,4.394785721997374
1995-12-19 00:00:00,4.414092793444965
1995-12-20 00:00:00,4.4262684038166995
1995-12-21 00:00:00,4.4277732984697336
1995-12-22 00:00:00,4.4277732984697336
1995-12-26 00:00:00,4.413933684851517
1995-12-27 00:00:00,4.413933684851517
1995-12-28 00:00:00,4.425714038694654
1995-12-29 00:00:00,4.425714038694654
1996-01-02 00:00:00,4.438079454294622
1996-01-03 00:00:00,4.449993910900578
1996-01-04 00:00:00,4.499234503815864
1996-01-05 00:00:00,4.44948520813751
1996-01-08 00:00:00,4.459068709224109
1996-01-09 00:00:00,4.468984143869676
1996-01-10 00:00:00,4.460069619735217
1996-01-11 00:00:00,4.453013821855989
1996-01-12 00:00:00,4.448213451229839
1996-01-16 00:00:00,4.5041172299681556
1996-01-17 00:00:00,4.537602947354388
1996-01-18 00:00:00,4.544251471249436
1996-01-19 00:00:00,4.571388968269064
1996-01-22 00:00:00,4.550985111393253
1996-01-23 00:00:00,4.562986967191773
1996-01-24 00:00:00,4.568476082082992
1996-01-25 00:00:00,4.574307315939008
1996-01-26 00:00:00,4.6186239054700895
1996-01-29 00:00:00,4.618719572784504
1996-01-30 00:00:00,4.63693364791767
1996-01-31 00:00:00,4.633207047586336
1996-02-01 00:00:00,4.657825786393973
1996-02-02 00:00:00,4.6524137914649
1996-02-05 00:00:00,4.5785951558000475
1996-02-06 00:00:00,4.596796126444673
1996-02-07 00:00:00,4.619737177857878
1996-02-08 00:00:00,4.607916873245388
1996-02-09 00:00:00,4.618179634938349
1996-02-12 00:00:00,4.59330365540336
1996-02-13 00:00:00,4.612418910712438
1996-02-14 00:00:00,4.580732066413321
1996-02-15 00:00:00,4.585453067733253
1996-02-16 00:00:00,4.543620389153145
1996-02-20 00:00:00,4.531024958907116
1996-02-21 00:00:00,4.5387640863975145
1996-02-22 00:00:00,4.51956808389307
1996-02-23 00:00:00,4.487247293996256
1996-02-26 00:00:00,4.50805546935123
1996-02-27 00:00:00,4.52063358446241
1996-02-28 00:00:00,4.568457234163723
1996-02-29 00:00:00,4.581388327415606
1996-03-01 00:00:00,4.60339860016332
1996-03-04 00:00:00,4.592217801577058
1996-03-05 00:00:00,4.583465487535601
1996-03-06 00:00:00,4.587110252018813
1996-03-07 00:00:00,4.5900407773321374
1996-03-08 00:00:00,4.605288517975663
1996-03-11 00:00:00,4.58882473649708
1996-03-12 00:00:00,4.572236371261694
1996-03-13 00:00:00,4.552286672262553
1996-03-14 00:00:00,4.5466292656254925
1996-03-15 00:00:00,4.543487711491651
1996-03-18 00:00:00,4.550803996891382
1996-03-19 00:00:00,4.550909486323788
1996-03-20 00:00:00,4.549215409126481
1996-03-21 00:00:00,4.564387612059176
1996-03-22 00:00:00,4.56127161360324
1996-03-25 00:00:00,4.554923516967208
1996-03-26 00:00:00,4.552873580506292
1996-03-27 00:00:00,4.577621175558185
1996-03-28 00:00:00,4.545888283053874
1996-03-29 00:00:00,4.542749154427615
1996-04-01 00:00:00,4.560819072045297
1996-04-02 00:00:00,4.554115221281573
1996-04-03 00:00:00,4.559594718040255
1996-04-04 00:00:00,4.55611696842835
1996-04-05 00:00:00,4.567658046394079
1996-04-08 00:00:00,4.549506343970462
1996-04-09 00:00:00,4.598288181496498
1996-04-10 00:00:00,4.639770630744627
1996-04-11 00:00:00,4.617707552202874
1996-04-12 00:00:00,4.667991632711189
1996-04-15 00:00:00,4.682629644273677
1996-04-16 00:00:00,4.68540834827504
1996-04-17 00:00:00,4.666549113126911
1996-04-18 00:00:00,4.6543681285042595
1996-04-19 00:00:00,4.654113777122726
1996-04-22 00:00:00,4.670876652803874
1996-04-23 00:00:00,4.6773904380906215
1996-04-24 00:00:00,4.687583292638413
1996-04-25 00:00:00,4.698392570211449
1996-04-26 00:00:00,4.6984725580730595
1996-04-29 00:00:00,4.68883621157566
1996-04-30 00:00:00,4.716269568465987
1996-05-01 00:00:00,4.743008177428191
1996-05-02 00:00:00,4.725677602527846
1996-05-03 00:00:00,4.717162630663121
1996-05-06 00:00:00,4.728463862635953
1996-05-07 00:00:00,4.71068565957417
1996-05-08 00:00:00,4.687727307069693
1996-05-09 00:00:00,4.694511158202575
1996-05-10 00:00:00,4.734348685961753
1996-05-13 00:00:00,4.739337599472087
1996-05-14 00:00:00,4.745292206622185
1996-05-15 00:00:00,4.7522036567646175
1996-05-16 00:00:00,4.767174096229729
1996-05-17 00:00:00,4.75591747859201
1996-05-20 00:00:00,4.781136096926776
1996-05-21 00:00:00,4.7962038907487035
1996-05-22 00:00:00,4.791811264154034
1996-05-23 00:00:00,4.784214491428282
1996-05-24 00:00:00,4.794486603754881
1996-05-28 00:00:00,4.816380591014655
1996-05-29 00:00:00,4.806663967499186
1996-05-30 00:00:00,4.766820339603263
1996-05-31 00:00:00,4.741913672950178
1996-06-03 00:00:00,4.743290385555059
1996-06-04 00:00:00,4.7647672200182765
1996-06-05 00:00:00,4.761930275407435
1996-06-06 00:00:00,4.773271788106012
1996-06-07 00:00:00,4.791561035000783
1996-06-10 00:00:00,4.789714788318357
1996-06-11 00:00:00,4.794550082409607
1996-06-12 00:00:00,4.783145401218652
1996-06-13 00:00:00,4.765566071488548
1996-06-14 00:00:00,4.74588660471823
1996-06-17 00:00:00,4.73094089153785
1996-06-18 00:00:00,4.732651504406198
1996-06-19 00:00:00,4.746749412844236
1996-06-20 00:00:00,4.748444384889929
1996-06-21 00:00:00,4.7791274637975985
1996-06-24 00:00:00,4.772787444494674
1996-06-25 00:00:00,4.771570522420073
1996-06-26 00:00:00,4.76327690905474
1996-06-27 00:00:00,4.738712060687444
1996-06-28 00:00:00,4.735194277003622
1996-07-01 00:00:00,4.731671269738685
1996-07-02 00:00:00,4.737296737367742
1996-07-03 00:00:00,4.7425800367582855
1996-07-05 00:00:00,4.784180722708008
1996-07-08 00:00:00,4.775944215261809
1996-07-09 00:00:00,4.768318331362327
1996-07-10 00:00:00,4.778632162424518
1996-07-11 00:00:00,4.754278961513028
1996-07-12 00:00:00,4.757254392349896
1996-07-15 00:00:00,4.750211557711799
1996-07-16 00:00:00,4.632692366026366
1996-07-17 00:00:00,4.600666009640084
1996-07-18 00:00:00,4.610824984509099
1996-07-19 00:00:00,4.617484317058263
1996-07-22 00:00:00,4.585938031016484
1996-07-23 00:00:00,4.604861705816871
1996-07-24 00:00:00,4.607382406981321
1996-07-25 00:00:00,4.5869256500927325
1996-07-26 00:00:00,4.597144979541146
1996-07-29 00:00:00,4.5826378845884035
1996-07-30 00:00:00,4.5826378845884035
1996-07-31 00:00:00,4.604445394975909
1996-08-01 00:00:00,4.592941950451485
1996-08-02 00:00:00,4.5807347957659
1996-08-05 00:00:00,4.584542555363377
1996-08-06 00:00:00,4.577313216119299
1996-08-07 00:00:00,4.559904666475522
1996-08-08 00:00:00,4.556890600761913
1996-08-09 00:00:00,4.576933356101364
1996-08-12 00:00:00,4.592177097503867
1996-08-13 00:00:00,4.598686478864457
1996-08-14 00:00:00,4.56556679975343
1996-08-15 00:00:00,4.574276100275478
1996-08-16 00:00:00,4.55350453608169
1996-08-19 00:00:00,4.570864158877958
1996-08-20 00:00:00,4.566700914218882
1996-08-21 00:00:00,4.594472420944805
1996-08-22 00:00:00,4.5689708343154205
1996-08-23 00:00:00,4.596003911751787
1996-08-26 00:00:00,4.621034515376744
1996-08-27 00:00:00,4.620260278212401
1996-08-28 00:00:00,4.62374639009234
1996-08-29 00:00:00,4.601756106885394
1996-08-30 00:00:00,4.592559492132686
1996-09-03 00:00:00,4.56556679975343
1996-09-04 00:00:00,4.573138220648544
1996-09-05 00:00:00,4.568592357606149
1996-09-06 00:00:00,4.533666004194117
1996-09-09 00:00:00,4.5262246155947015
1996-09-10 00:00:00,4.472633763767856
1996-09-11 00:00:00,4.4744480724502225
1996-09-12 00:00:00,4.449539890360746
1996-09-13 00:00:00,4.4430876452929535
1996-09-16 00:00:00,4.449898897936214
1996-09-17 00:00:00,4.429883288435456
1996-09-18 00:00:00,4.439511143928313
1996-09-19 00:00:00,4.43344428786346
1996-09-20 00:00:00,4.448165098995369
1996-09-23 00:00:00,4.448165098995369
1996-09-24 00:00:00,4.461205798304013
1996-09-25 00:00:00,4.454132250134184
1996-09-26 00:00:00,4.514906487049727
1996-09-27 00:00:00,4.514906487049727
1996-09-30 00:00:00,4.511050907326067
1996-10-01 00:00:00,4.507189594477913
1996-10-02 00:00:00,4.506930117093599
1996-10-03 00:00:00,4.5041459363296426
1996-10-04 00:00:00,4.513968395567206
1996-10-07 00:00:00,4.512271393205466
1996-10-08 00:00:00,4.492515339654238
1996-10-09 00:00:00,4.502747124732228
1996-10-10 00:00:00,4.496343491555985
1996-10-11 00:00:00,4.505834601804116
1996-10-15 00:00:00,4.5529997315644515
1996-10-16 00:00:00,4.544964373487393
1996-10-17 00:00:00,4.557767061543333
1996-10-18 00:00:00,4.565238243869984
1996-10-21 00:00:00,4.537803723953441
1996-10-22 00:00:00,4.540383030306876
1996-10-23 00:00:00,4.503657875640908
1996-10-24 00:00:00,4.510235894132089
1996-10-25 00:00:00,4.522517823656247
1996-10-28 00:00:00,4.516891999334936
1996-10-29 00:00:00,4.502259524175962
1996-10-30 00:00:00,4.496586513960619
1996-10-31 00:00:00,4.529683542166468
1996-11-01 00:00:00,4.556672130279101
1996-11-04 00:00:00,4.562734750784293
1996-11-05 00:00:00,4.583420294320503
1996-11-06 00:00:00,4.585244505735213
1996-11-07 00:00:00,4.545057472391579
1996-11-08 00:00:00,4.541261272941746
1996-11-12 00:00:00,4.5321354978585555
1996-11-13 00:00:00,4.549221082330193
1996-11-14 00:00:00,4.570368072867745
1996-11-15 00:00:00,4.586462852548151
1996-11-18 00:00:00,4.544560536311443
1996-11-19 00:00:00,4.5555758142687335
1996-11-20 00:00:00,4.536965899559538
1996-11-21 00:00:00,4.541661745648964
1996-11-22 00:00:00,4.551280126935503
1996-11-25 00:00:00,4.610070347189372
1996-11-26 00:00:00,4.623478821789318
1996-11-27 00:00:00,4.6296819833776
1996-11-29 00:00:00,4.6661335221490585
1996-12-02 00:00:00,4.7013190683563435
1996-12-03 00:00:00,4.74818144079074
1996-12-04 00:00:00,4.730169748813688
1996-12-05 00:00:00,4.699883407343879
1996-12-06 00:00:00,4.705204005316488
1996-12-09 00:00:00,4.741672198197806
1996-12-10 00:00:00,4.743667319761151
1996-12-11 00:00:00,4.68797225942177
1996-12-12 00:00:00,4.699243249281838
1996-12-13 00:00:00,4.707836819836454
1996-12-16 00:00:00,4.741019225121221
1996-12-17 00:00:00,4.721342451229976
1996-12-18 00:00:00,4.757187115816918
1996-12-19 00:00:00,4.772215672905527
1996-12-20 00:00:00,4.757626890039393
1996-12-23 00:00:00,4.7732829112463095
1996-12-24 00:00:00,4.796674811415323
1996-12-26 00:00:00,4.7973559039403995
1996-12-27 00:00:00,4.8127110619226725
1996-12-30 00:00:00,4.816181905330132
1996-12-31 00:00:00,4.776736995991544
1997-01-02 00:00:00,4.789096219732759
1997-01-03 00:00:00,4.837647024359044
1997-01-06 00:00:00,4.835542925848263
1997-01-07 00:00:00,4.822634783310601
1997-01-08 00:00:00,4.856139207220382
1997-01-09 00:00:00,4.865903041029272
1997-01-10 00:00:00,4.89123991093229
1997-01-13 00:00:00,4.897553965978567
1997-01-14 00:00:00,4.889822937352273
1997-01-15 00:00:00,4.881463641438547
1997-01-16 00:00:00,4.891398751219685
1997-01-17 00:00:00,4.942241735727393
1997-01-21 00:00:00,4.999502377601455
1997-01-22 00:00:00,5.035209799982932
1997-01-23 00:00:00,5.022939865334561
1997-01-24 00:00:00,4.980495284119164
1997-01-27 00:00:00,5.021299967539705
1997-01-28 00:00:00,5.039178063665149
1997-01-29 00:00:00,5.0288935971034965
1997-01-30 00:00:00,5.020521535386765
1997-01-31 00:00:00,5.010145132465501
1997-02-03 00:00:00,5.014107272548297
1997-02-04 00:00:00,5.029251074042921
1997-02-05 00:00:00,5.035953876751372
1997-02-06 00:00:00,5.027336732797617
1997-02-07 00:00:00,5.080238312353786
1997-02-10 00:00:00,5.029607572793438
1997-02-11 00:00:00,5.051526428970464
1997-02-12 00:00:00,5.088948718225355
1997-02-13 00:00:00,5.101628173615994
1997-02-14 00:00:00,5.128317123909235
1997-02-18 00:00:00,5.147304750452343
1997-02-19 00:00:00,5.1942092505469715
1997-02-20 00:00:00,5.162983208026949
1997-02-21 00:00:00,5.15176619316818
1997-02-24 00:00:00,5.106776539805687
1997-02-25 00:00:00,5.129408193612415
1997-02-26 00:00:00,5.163505574855957
1997-02-27 00:00:00,5.165064818803444
1997-02-28 00:00:00,5.1530834095701765
1997-03-03 00:00:00,5.161947162977203
1997-03-04 00:00:00,5.188030462397736
1997-03-05 00:00:00,5.172319172754381
1997-03-06 00:00:00,5.184431127505544
1997-03-07 00:00:00,5.182115297971232
1997-03-10 00:00:00,5.150742536970663
1997-03-11 00:00:00,5.148914084683902
1997-03-12 00:00:00,5.130254979406585
1997-03-13 00:00:00,5.126294465000656
1997-03-14 00:00:00,5.110092906795924
1997-03-17 00:00:00,5.110633648634693
1997-03-18 00:00:00,5.059035248590145
1997-03-19 00:00:00,5.078931234551411
1997-03-20 00:00:00,5.08543452514517
1997-03-21 00:00:00,5.11226076061416
1997-03-24 00:00:00,5.10372780407946
1997-03-25 00:00:00,5.132931223942359
1997-03-26 00:00:00,5.126339218598387
1997-03-27 00:00:00,5.083056663525194
1997-03-28 00:00:00,5.086845893555243
1997-03-31 00:00:00,5.053411955613509
1997-04-01 00:00:00,5.065181724517722
1997-04-02 00:00:00,5.069822180562122
1997-04-03 00:00:00,5.039426488964867
1997-04-04 00:00:00,5.06304002909459
1997-04-07 00:00:00,5.123470374470905
1997-04-08 00:00:00,5.134809473233495
1997-04-09 00:00:00,5.1549412736007465
1997-04-10 00:00:00,5.137441719314356
1997-04-11 00:00:00,5.125602617744336
1997-04-14 00:00:00,5.132982959004111
1997-04-15 00:00:00,5.133774882979791
1997-04-16 00:00:00,5.139287895583465
1997-04-17 00:00:00,5.132467430870612
1997-04-18 00:00:00,5.105472638433906
1997-04-21 00:00:00,5.080266036431311
1997-04-22 00:00:00,5.106818559466623
1997-04-23 00:00:00,5.114000732264422
1997-04-24 00:00:00,5.111352405521517
1997-04-25 00:00:00,5.130910566564733
1997-04-28 00:00:00,5.13065108918042
1997-04-29 00:00:00,5.1245994426445725
1997-04-30 00:00:00,5.144536938941247
1997-05-01 00:00:00,5.128557778872364
1997-05-02 00:00:00,5.132240252528595
1997-05-05 00:00:00,5.142714509139017
1997-05-06 00:00:00,5.109276586447011
1997-05-07 00:00:00,5.110610002071386
1997-05-08 00:00:00,5.061715901311283
1997-05-09 00:00:00,5.003479061511071
1997-05-12 00:00:00,5.046176014455726
1997-05-13 00:00:00,5.043447623814448
1997-05-14 00:00:00,5.048396675833303
1997-05-15 00:00:00,5.0371558321618055
1997-05-16 00:00:00,4.995165423493432
1997-05-19 00:00:00,5.018105341425638
1997-05-20 00:00:00,4.956405707890237
1997-05-21 00:00:00,4.956405707890237
1997-05-22 00:00:00,4.9266217216639605
1997-05-23 00:00:00,4.9606395396452685
1997-05-27 00:00:00,4.919665672639374
1997-05-28 00:00:00,4.920707827491649
1997-05-29 00:00:00,4.935344493834046
1997-05-30 00:00:00,4.9266217216639605
1997-06-02 00:00:00,4.8783384146263025
1997-06-03 00:00:00,4.845099370989135
1997-06-04 00:00:00,4.812310217038653
1997-06-05 00:00:00,4.811977921070068
1997-06-06 00:00:00,4.792782960999776
1997-06-09 00:00:00,4.847121392010623
1997-06-10 00:00:00,4.824303513529715
1997-06-11 00:00:00,4.847795774117338
1997-06-12 00:00:00,4.835014518347098
1997-06-13 00:00:00,4.837699705167423
1997-06-16 00:00:00,4.8340083416299064
1997-06-17 00:00:00,4.817633201032613
1997-06-18 00:00:00,4.813307380365846
1997-06-19 00:00:00,4.851846010787213
1997-06-20 00:00:00,4.839715553367368
1997-06-23 00:00:00,4.863697951768337
1997-06-24 00:00:00,4.841733082257814
1997-06-25 00:00:00,4.845099370989135
1997-06-26 00:00:00,4.845436257331159
1997-06-27 00:00:00,4.80733059140016
1997-06-30 00:00:00,4.771125856013743
1997-07-01 00:00:00,4.776358070797582
1997-07-02 00:00:00,4.73449719769935
1997-07-03 00:00:00,4.752064528010465
1997-07-07 00:00:00,4.752064528010465
1997-07-08 00:00:00,4.7728684726667625
1997-07-09 00:00:00,4.755423585189582
1997-07-10 00:00:00,4.7210900170948875
1997-07-11 00:00:00,4.754552176762154
1997-07-14 00:00:00,4.7926669534114295
1997-07-15 00:00:00,4.818803223748839
1997-07-16 00:00:00,4.827687811339266
1997-07-17 00:00:00,4.822050748636893
1997-07-18 00:00:00,4.7947721463503745
1997-07-21 00:00:00,4.802474130595251
1997-07-22 00:00:00,4.847928805908897
1997-07-23 00:00:00,4.828842237547045
1997-07-24 00:00:00,4.8768626600702785
1997-07-25 00:00:00,4.9238948981578154
1997-07-28 00:00:00,4.9386757734275735
1997-07-29 00:00:00,4.929382185040913
1997-07-30 00:00:00,4.923075576687469
1997-07-31 00:00:00,4.921291604341625
1997-08-01 00:00:00,4.955517905777804
1997-08-04 00:00:00,4.953755640274819
1997-08-05 00:00:00,4.984551262520647
1997-08-06 00:00:00,4.971606272530546
1997-08-07 00:00:00,4.964822324094071
1997-08-08 00:00:00,4.8968696757861805
1997-08-11 00:00:00,4.944929646065742
1997-08-12 00:00:00,4.9610373334923406
1997-08-13 00:00:00,4.905494884417326
1997-08-14 00:00:00,4.933624440384389
1997-08-15 00:00:00,4.8909202428168115
1997-08-18 00:00:00,4.910445003772974
1997-08-19 00:00:00,4.923778694353713
1997-08-20 00:00:00,4.954942903777136
1997-08-21 00:00:00,4.923232480040149
1997-08-22 00:00:00,4.865879501375561
1997-08-25 00:00:00,4.871162632575919
1997-08-26 00:00:00,4.833280629390373
1997-08-27 00:00:00,4.861039028495452
1997-08-28 00:00:00,4.819536633380763
1997-08-29 00:00:00,4.836844022136279
1997-09-02 00:00:00,4.889445044406171
1997-09-03 00:00:00,4.866438838378748
1997-09-04 00:00:00,4.861220915912185
1997-09-05 00:00:00,4.792824581765863
1997-09-08 00:00:00,4.8310957721361145
1997-09-09 00:00:00,4.833954016386109
1997-09-10 00:00:00,4.7986852913092415
1997-09-11 00:00:00,4.7779944837124875
1997-09-12 00:00:00,4.762291126267538
1997-09-15 00:00:00,4.707207308741895
1997-09-16 00:00:00,4.702309232458568
1997-09-17 00:00:00,4.73911298301622
1997-09-18 00:00:00,4.760740428187133
1997-09-19 00:00:00,4.760740428187133
1997-09-22 00:00:00,4.716126671627999
1997-09-23 00:00:00,4.7100496009761885
1997-09-24 00:00:00,4.756501703061017
1997-09-25 00:00:00,4.764006130223206
1997-09-26 00:00:00,4.779744072016098
1997-09-29 00:00:00,4.786332278869325
1997-09-30 00:00:00,4.7738301736591895
1997-10-01 00:00:00,4.753897006392902
1997-10-02 00:00:00,4.769895698241339
1997-10-03 00:00:00,4.7926079198394795
1997-10-06 00:00:00,4.782706519275111
1997-10-07 00:00:00,4.806206322933834
1997-10-08 00:00:00,4.804543851013069
1997-10-09 00:00:00,4.769568118013455
1997-10-10 00:00:00,4.765967702881821
1997-10-14 00:00:00,4.751945355209983
1997-10-15 00:00:00,4.763352631439911
1997-10-16 00:00:00,4.7705509937075075
1997-10-17 00:00:00,4.706857429101586
1997-10-20 00:00:00,4.714205903230647
1997-10-21 00:00:00,4.665749503956594
1997-10-22 00:00:00,4.694766535955782
1997-10-23 00:00:00,4.729293930295806
1997-10-24 00:00:00,4.745127177261129
1997-10-27 00:00:00,4.772517960857194
1997-10-28 00:00:00,4.920274981678633
1997-10-29 00:00:00,4.898411720016497
1997-10-30 00:00:00,4.939873487900555
1997-10-31 00:00:00,4.962463834683381
1997-11-03 00:00:00,4.913660773057443
1997-11-04 00:00:00,4.936011468826858
1997-11-05 00:00:00,4.934959238711994
1997-11-06 00:00:00,4.943037819672164
1997-11-07 00:00:00,4.975618381314938
1997-11-10 00:00:00,4.9920702534785715
1997-11-12 00:00:00,4.961400297642085
1997-11-13 00:00:00,4.96956575072586
1997-11-14 00:00:00,4.937766183177668
1997-11-17 00:00:00,4.926907020884925
1997-11-18 00:00:00,4.948320724360093
1997-11-19 00:00:00,4.945501770732315
1997-11-20 00:00:00,4.9314550427035355
1997-11-21 00:00:00,4.8970301344234874
1997-11-24 00:00:00,4.941279357267442
1997-11-25 00:00:00,4.934959238711994
1997-11-26 00:00:00,4.897720829788004
1997-11-28 00:00:00,4.871952393293153
1997-12-01 00:00:00,4.846453689211018
1997-12-02 00:00:00,4.846115509482513
1997-12-03 00:00:00,4.861720781686657
1997-12-04 00:00:00,4.853905602907037
1997-12-05 00:00:00,4.826246099123968
1997-12-08 00:00:00,4.7813894228154155
1997-12-09 00:00:00,4.7666219194505075
1997-12-10 00:00:00,4.802882528796259
1997-12-11 00:00:00,4.84476326239232
1997-12-12 00:00:00,4.845439291592402
1997-12-15 00:00:00,4.854923548856616
1997-12-16 00:00:00,4.8178759185843845
1997-12-17 00:00:00,4.84206103091361
1997-12-18 00:00:00,4.824904916381402
1997-12-19 00:00:00,4.86410431197604
1997-12-22 00:00:00,4.829602320333373
1997-12-23 00:00:00,4.843749572213273
1997-12-24 00:00:00,4.8410484710995325
1997-12-26 00:00:00,4.842398644986327
1997-12-29 00:00:00,4.7982369328723165
1997-12-30 00:00:00,4.7705509937075075
1997-12-31 00:00:00,4.752143397747923
1998-01-02 00:00:00,4.752143397747923
1998-01-05 00:00:00,4.794566703804832
1998-01-06 00:00:00,4.790154118772505
1998-01-07 00:00:00,4.781899993785749
1998-01-08 00:00:00,4.771050468411784
1998-01-09 00:00:00,4.780714121627095
1998-01-12 00:00:00,4.774355691489862
1998-01-13 00:00:00,4.780807547027646
1998-01-14 00:00:00,4.800595047045594
1998-01-15 00:00:00,4.833380143336251
1998-01-16 00:00:00,4.846200510322657
1998-01-20 00:00:00,4.848413071819156
1998-01-21 00:00:00,4.809942659920949
1998-01-22 00:00:00,4.758613790987148
1998-01-23 00:00:00,4.675634963798882
1998-01-26 00:00:00,4.720351680320116
1998-01-27 00:00:00,4.6913955817175355
1998-01-28 00:00:00,4.732226564833674
1998-01-29 00:00:00,4.748198997109052
1998-01-30 00:00:00,4.795052893033046
1998-02-02 00:00:00,4.766038163540903
1998-02-03 00:00:00,4.752554878093821
1998-02-04 00:00:00,4.72007795142004
1998-02-05 00:00:00,4.6811777793236855
1998-02-06 00:00:00,4.708370776326587
1998-02-09 00:00:00,4.73980230190221
1998-02-10 00:00:00,4.7385549260417585
1998-02-11 00:00:00,4.732753438324491
1998-02-12 00:00:00,4.692094964883679
1998-02-13 00:00:00,4.739359142991442
1998-02-17 00:00:00,4.763628327373238
1998-02-18 00:00:00,4.750146837888279
1998-02-19 00:00:00,4.7579363723000645
1998-02-20 00:00:00,4.754441491927009
1998-02-23 00:00:00,4.6891314513153075
1998-02-24 00:00:00,4.699766496654622
1998-02-25 00:00:00,4.736798073317427
1998-02-26 00:00:00,4.7371742494752365
1998-02-27 00:00:00,4.7391722503143265
1998-03-02 00:00:00,4.7382504706437665
1998-03-03 00:00:00,4.748980699701802
1998-03-04 00:00:00,4.773120113655079
1998-03-05 00:00:00,4.795427542783724
1998-03-06 00:00:00,4.8259693503693635
1998-03-09 00:00:00,4.82912983801544
1998-03-10 00:00:00,4.817914057770102
1998-03-11 00:00:00,4.822336943446649
1998-03-12 00:00:00,4.7978570871935
1998-03-13 00:00:00,4.7696099677570905
1998-03-16 00:00:00,4.788446066725136
1998-03-17 00:00:00,4.776407269650743
1998-03-18 00:00:00,4.813139471690849
1998-03-19 00:00:00,4.823511345163632
1998-03-20 00:00:00,4.8400457420910445
1998-03-23 00:00:00,4.81137854113959
1998-03-24 00:00:00,4.810477488480518
1998-03-25 00:00:00,4.822731252732336
1998-03-26 00:00:00,4.808360674915468
1998-03-27 00:00:00,4.83215833694217
1998-03-30 00:00:00,4.904744958281806
1998-03-31 00:00:00,4.914994640207474
1998-04-01 00:00:00,4.941559578133372
1998-04-02 00:00:00,4.935944087826791
1998-04-03 00:00:00,4.931209392896919
1998-04-06 00:00:00,4.925869234218535
1998-04-07 00:00:00,4.929174030678174
1998-04-08 00:00:00,4.8706666381713335
1998-04-09 00:00:00,4.877411354211944
1998-04-10 00:00:00,4.885956448631187
1998-04-13 00:00:00,4.875646172436256
1998-04-14 00:00:00,4.814217979241637
1998-04-15 00:00:00,4.815509151208505
1998-04-16 00:00:00,4.849695312525477
1998-04-17 00:00:00,4.838302081683156
1998-04-20 00:00:00,4.816878053871756
1998-04-21 00:00:00,4.781345162797466
1998-04-22 00:00:00,4.78582520972248
1998-04-23 00:00:00,4.807607051541731
1998-04-24 00:00:00,4.805137767872937
1998-04-27 00:00:00,4.791328492550766
1998-04-28 00:00:00,4.811625502983449
1998-04-29 00:00:00,4.811625502983449
1998-04-30 00:00:00,4.794148608125012
1998-05-01 00:00:00,4.794148608125012
1998-05-04 00:00:00,4.797735437717055
1998-05-05 00:00:00,4.778085650043167
1998-05-06 00:00:00,4.745169062064668
1998-05-07 00:00:00,4.734354622424274
1998-05-08 00:00:00,4.762817352576432
1998-05-11 00:00:00,4.762817352576432
1998-05-12 00:00:00,4.780511034061856
1998-05-13 00:00:00,4.779219789269078
1998-05-14 00:00:00,4.769236243887183
1998-05-15 00:00:00,4.756735389427098
1998-05-18 00:00:00,4.756415716349851
1998-05-19 00:00:00,4.774061778029395
1998-05-20 00:00:00,4.795735591495174
1998-05-21 00:00:00,4.832739218797254
1998-05-22 00:00:00,4.831089819746469
1998-05-26 00:00:00,4.814657541448012
1998-05-27 00:00:00,4.807462699312986
1998-05-28 00:00:00,4.7967106648109645
1998-05-29 00:00:00,4.775672460140741
1998-06-01 00:00:00,4.79346196134682
1998-06-02 00:00:00,4.782126071573364
1998-06-03 00:00:00,4.789245219873176
1998-06-04 00:00:00,4.822859683767344
1998-06-05 00:00:00,4.791839259261055
1998-06-08 00:00:00,4.791190486006348
1998-06-09 00:00:00,4.790866165253218
1998-06-10 00:00:00,4.754817995249297
1998-06-11 00:00:00,4.748437830210385
1998-06-12 00:00:00,4.727820030680412
1998-06-15 00:00:00,4.688669483887764
1998-06-16 00:00:00,4.726241459718583
1998-06-17 00:00:00,4.74366393158752
1998-06-18 00:00:00,4.7293996564841825
1998-06-19 00:00:00,4.7358847999940785
1998-06-22 00:00:00,4.7358847999940785
1998-06-23 00:00:00,4.76547714683546
1998-06-24 00:00:00,4.769886024199164
1998-06-25 00:00:00,4.777084195250601
1998-06-26 00:00:00,4.823273781306687
1998-06-29 00:00:00,4.82908658877813
1998-06-30 00:00:00,4.790519674487694
1998-07-01 00:00:00,4.8315787550570475
1998-07-02 00:00:00,4.852451481206641
1998-07-03 00:00:00,4.835581739309707
1998-07-06 00:00:00,4.821640717582552
1998-07-07 00:00:00,4.829275914475407
1998-07-08 00:00:00,4.828700105006419
1998-07-09 00:00:00,4.87055325012209
1998-07-10 00:00:00,4.859821616768464
1998-07-13 00:00:00,4.798856156620434
1998-07-14 00:00:00,4.80472515760872
1998-07-15 00:00:00,4.788452197671022
1998-07-16 00:00:00,4.7624115199032495
1998-07-17 00:00:00,4.755887570006044
1998-07-20 00:00:00,4.754049852452313
1998-07-21 00:00:00,4.778082214194218
1998-07-22 00:00:00,4.77066941781789
1998-07-23 00:00:00,4.7766077065118155
1998-07-24 00:00:00,4.722382417615606
1998-07-27 00:00:00,4.736976141067921
1998-07-28 00:00:00,4.714529140874599
1998-07-29 00:00:00,4.696687426819904
1998-07-30 00:00:00,4.6949944840925495
1998-07-31 00:00:00,4.6949944840925495
1998-08-03 00:00:00,4.662173284303621
1998-08-04 00:00:00,4.677745005360078
1998-08-05 00:00:00,4.6949944840925495
1998-08-06 00:00:00,4.697199002565091
1998-08-07 00:00:00,4.673998313325349
1998-08-10 00:00:00,4.676807769334159
1998-08-11 00:00:00,4.701298605588478
1998-08-12 00:00:00,4.720312957886105
1998-08-13 00:00:00,4.704457019162941
1998-08-14 00:00:00,4.640546237921828
1998-08-17 00:00:00,4.659381378018523
1998-08-18 00:00:00,4.635937949701448
1998-08-19 00:00:00,4.64670489251761
1998-08-20 00:00:00,4.6544262366394396
1998-08-21 00:00:00,4.65907137260415
1998-08-24 00:00:00,4.6696347512830325
1998-08-25 00:00:00,4.65907137260415
1998-08-26 00:00:00,4.651952616105785
1998-08-27 00:00:00,4.725090602580322
1998-08-28 00:00:00,4.819397297332441
1998-08-31 00:00:00,4.857171584257499
1998-09-01 00:00:00,4.861217822300616
1998-09-02 00:00:00,4.8460790816775345
1998-09-03 00:00:00,4.933829544862987
1998-09-04 00:00:00,4.913404626034268
1998-09-08 00:00:00,4.958283844101138
1998-09-09 00:00:00,4.94358226122417
1998-09-10 00:00:00,5.0360188946595015
1998-09-11 00:00:00,5.052369605356448
1998-09-14 00:00:00,4.9851101822624315
1998-09-15 00:00:00,5.021573519558292
1998-09-16 00:00:00,5.017975115029765
1998-09-17 00:00:00,5.056017525649125
1998-09-18 00:00:00,5.0378304122475095
1998-09-21 00:00:00,5.072498567927589
1998-09-22 00:00:00,5.039643233554543
1998-09-23 00:00:00,5.017975115029765
1998-09-24 00:00:00,5.04508953387899
1998-09-25 00:00:00,5.072498567927589
1998-09-28 00:00:00,5.0378304122475095
1998-09-29 00:00:00,5.039643233554543
1998-09-30 00:00:00,5.071396489733515
1998-10-01 00:00:00,5.133859437700907
1998-10-02 00:00:00,5.1782772114353595
1998-10-05 00:00:00,5.198652021547169
1998-10-06 00:00:00,5.209480935146583
1998-10-07 00:00:00,5.313038143417327
1998-10-08 00:00:00,5.413671645167404
1998-10-09 00:00:00,5.292958634182946
1998-10-13 00:00:00,5.270649008749087
1998-10-14 00:00:00,5.255222718967382
1998-10-15 00:00:00,5.292958634182946
1998-10-16 00:00:00,5.32596917631886
1998-10-19 00:00:00,5.290959027596553
1998-10-20 00:00:00,5.20174140025556
1998-10-21 00:00:00,5.194795454765607
1998-10-22 00:00:00,5.216854855862353
1998-10-23 00:00:00,5.235577026560028
1998-10-26 00:00:00,5.201355027129196
1998-10-27 00:00:00,5.188252406478505
1998-10-28 00:00:00,5.193639600255163
1998-10-29 00:00:00,5.205608290978321
1998-10-30 00:00:00,5.168721784044905
1998-11-02 00:00:00,5.187099461499287
1998-11-03 00:00:00,5.164528558908501
1998-11-04 00:00:00,5.12259273813024
1998-11-05 00:00:00,5.154644293723988
1998-11-06 00:00:00,5.095753364156627
1998-11-09 00:00:00,5.003632921060405
1998-11-10 00:00:00,5.030592150160947
1998-11-12 00:00:00,5.017975115029765
1998-11-13 00:00:00,5.035294652350641
1998-11-16 00:00:00,5.098350398998207
1998-11-17 00:00:00,5.096495104093186
1998-11-18 00:00:00,5.0938999585538935
1998-11-19 00:00:00,5.04872694522281
1998-11-20 00:00:00,5.033484957607847
1998-11-23 00:00:00,4.978376420463555
1998-11-24 00:00:00,4.969896574183134
1998-11-25 00:00:00,4.975193089182264
1998-11-27 00:00:00,4.946714928042589
1998-11-30 00:00:00,4.946714928042589
1998-12-01 00:00:00,4.881828683341333
1998-12-02 00:00:00,4.849699841986287
1998-12-03 00:00:00,4.849699841986287
1998-12-04 00:00:00,4.864631706624651
1998-12-07 00:00:00,4.880519497832376
1998-12-08 00:00:00,4.844568334781786
1998-12-09 00:00:00,4.844568334781786
1998-12-10 00:00:00,4.767976459797126
1998-12-11 00:00:00,4.767976459797126
1998-12-14 00:00:00,4.781643389335973
1998-12-15 00:00:00,4.781643389335973
1998-12-16 00:00:00,4.78918360400521
1998-12-17 00:00:00,4.78918360400521
1998-12-18 00:00:00,4.790959743896919
1998-12-21 00:00:00,4.738937583801781
1998-12-22 00:00:00,4.730261389030997
1998-12-23 00:00:00,4.738937583801781
1998-12-24 00:00:00,4.694165644419933
1998-12-28 00:00:00,4.707851258543606
1998-12-29 00:00:00,4.738937583801781
1998-12-30 00:00:00,4.678864126564163
1998-12-31 00:00:00,4.70270981195619
1999-01-04 00:00:00,4.726453919743763
1999-01-05 00:00:00,4.716789781453065
1999-01-06 00:00:00,4.662988685187574
1999-01-07 00:00:00,4.6578519462978845
1999-01-08 00:00:00,4.6578519462978845
1999-01-11 00:00:00,4.655249156355562
1999-01-12 00:00:00,4.630489479972509
1999-01-13 00:00:00,4.525044967064024
1999-01-14 00:00:00,4.536384356445104
1999-01-15 00:00:00,4.594003319143884
1999-01-19 00:00:00,4.582408405034544
1999-01-20 00:00:00,4.633194762153531
1999-01-21 00:00:00,4.617049057369162
1999-01-22 00:00:00,4.60795141710787
1999-01-25 00:00:00,4.605641327053523
1999-01-26 00:00:00,4.621325121438124
1999-01-27 00:00:00,4.668601223373593
1999-01-28 00:00:00,4.71849344776109
1999-01-29 00:00:00,4.719198453548048
1999-02-01 00:00:00,4.739583971664418
1999-02-02 00:00:00,4.70011107398591
1999-02-03 00:00:00,4.7076729840105225
1999-02-04 00:00:00,4.718775919787668
1999-02-05 00:00:00,4.719480239319222
1999-02-08 00:00:00,4.719860326219104
1999-02-09 00:00:00,4.7221819248221495
1999-02-10 00:00:00,4.689336653382147
1999-02-11 00:00:00,4.712246432698567
1999-02-12 00:00:00,4.712952950807957
1999-02-16 00:00:00,4.7554642225024955
1999-02-17 00:00:00,4.741453107651939
1999-02-18 00:00:00,4.742146949911618
1999-02-19 00:00:00,4.808817564501996
1999-02-22 00:00:00,4.815073879982464
1999-02-23 00:00:00,4.818525704631449
1999-02-24 00:00:00,4.825987260284154
1999-02-25 00:00:00,4.771049077711229
1999-02-26 00:00:00,4.817722626709674
1999-03-01 00:00:00,4.855836837358639
1999-03-02 00:00:00,4.843970661025319
1999-03-03 00:00:00,4.852255069116842
1999-03-04 00:00:00,4.879255612527786
1999-03-05 00:00:00,4.874768145194758
1999-03-08 00:00:00,4.8520616013632045
1999-03-09 00:00:00,4.870911574380515
1999-03-10 00:00:00,4.83746282841214
1999-03-11 00:00:00,4.873395654276445
1999-03-12 00:00:00,4.8497714435395425
1999-03-15 00:00:00,4.865303882318225
1999-03-16 00:00:00,4.866549528079982
1999-03-17 00:00:00,4.810523105092402
1999-03-18 00:00:00,4.826020942466112
1999-03-19 00:00:00,4.852089140390353
1999-03-22 00:00:00,4.857901728494922
1999-03-23 00:00:00,4.841179010341205
1999-03-24 00:00:00,4.837544419398557
1999-03-25 00:00:00,4.86951143541159
1999-03-26 00:00:00,4.918209231497117
1999-03-29 00:00:00,4.927369906298665
1999-03-30 00:00:00,4.930920912220072
1999-03-31 00:00:00,4.896639217089365
1999-04-01 00:00:00,4.906779531610634
1999-04-02 00:00:00,4.906511838970043
1999-04-05 00:00:00,4.936297386659929
1999-04-06 00:00:00,4.880614036042673
1999-04-07 00:00:00,4.9048185741338735
1999-04-08 00:00:00,4.879778526590197
1999-04-09 00:00:00,4.911690409840058
1999-04-12 00:00:00,4.900451138469034
1999-04-13 00:00:00,4.931176911911566
1999-04-14 00:00:00,4.924745521029159
1999-04-15 00:00:00,4.951933202848263
1999-04-16 00:00:00,4.9574626625892195
1999-04-19 00:00:00,4.9870925632165894
1999-04-20 00:00:00,4.9776695770353605
1999-04-21 00:00:00,4.98169826618925
1999-04-22 00:00:00,4.985718416657891
1999-04-23 00:00:00,4.9785860781053115
1999-04-26 00:00:00,4.995723365067902
1999-04-27 00:00:00,4.982057724148236
1999-04-28 00:00:00,4.996608397066273
1999-04-29 00:00:00,5.0113396376256
1999-04-30 00:00:00,5.029883728346756
1999-05-03 00:00:00,5.028217878042158
1999-05-04 00:00:00,5.004888897315367
1999-05-05 00:00:00,4.948765917937784
1999-05-06 00:00:00,4.932480194607356
1999-05-07 00:00:00,4.929287436305155
1999-05-10 00:00:00,4.924624780958499
1999-05-11 00:00:00,4.95435875999228
1999-05-12 00:00:00,4.96188753749945
1999-05-13 00:00:00,4.97741518393978
1999-05-14 00:00:00,4.970843202025956
1999-05-17 00:00:00,4.957622823831584
1999-05-18 00:00:00,4.962257483766094
1999-05-19 00:00:00,4.9677430855722475
1999-05-20 00:00:00,4.9769349716382845
1999-05-21 00:00:00,5.002822204217998
1999-05-24 00:00:00,4.985533064249045
1999-05-25 00:00:00,4.96667231500988
1999-05-26 00:00:00,5.014697140900434
1999-05-27 00:00:00,5.027032715316439
1999-05-28 00:00:00,5.030949615271863
1999-06-01 00:00:00,5.0167012253281005
1999-06-02 00:00:00,5.053972592104341
1999-06-03 00:00:00,5.056459346316713
1999-06-04 00:00:00,5.058942519837693
1999-06-07 00:00:00,5.069642624210827
1999-06-08 00:00:00,5.020966042250844
1999-06-09 00:00:00,5.020698349610252
1999-06-10 00:00:00,5.017630855253308
1999-06-11 00:00:00,5.0047184510112155
1999-06-14 00:00:00,5.033839382197377
1999-06-15 00:00:00,5.037737168210278
1999-06-16 00:00:00,5.0860129506601375
1999-06-17 00:00:00,5.075689673690564
1999-06-18 00:00:00,5.0636751010577985
1999-06-21 00:00:00,5.075971399355648
1999-06-22 00:00:00,5.074886595768789
1999-06-23 00:00:00,5.080875325645537
1999-06-24 00:00:00,5.0579421153172275
1999-06-25 00:00:00,5.028648622136946
1999-06-28 00:00:00,5.063164442675533
1999-06-29 00:00:00,5.0844169298186195
1999-06-30 00:00:00,5.100347623054775
1999-07-01 00:00:00,5.136073332301401
1999-07-02 00:00:00,5.132631326801427
1999-07-06 00:00:00,5.1249379732163
1999-07-07 00:00:00,5.135270254379625
1999-07-08 00:00:00,5.145811590394688
1999-07-09 00:00:00,5.157081327343547
1999-07-12 00:00:00,5.17062582477779
1999-07-13 00:00:00,5.157068841636749
1999-07-14 00:00:00,5.1410562725198705
1999-07-15 00:00:00,5.138943843603907
1999-07-16 00:00:00,5.147883429477131
1999-07-19 00:00:00,5.145777557328952
1999-07-20 00:00:00,5.056135066120753
1999-07-21 00:00:00,5.017686508390219
1999-07-22 00:00:00,5.02243802662739
1999-07-23 00:00:00,5.024675508972766
1999-07-26 00:00:00,4.96088070826176
1999-07-27 00:00:00,4.959466477475115
1999-07-28 00:00:00,4.9462581515201185
1999-07-29 00:00:00,4.911099963867177
1999-07-30 00:00:00,4.918147391761001
1999-08-02 00:00:00,4.938232271891052
1999-08-03 00:00:00,4.930771618637201
1999-08-04 00:00:00,4.930771618637201
1999-08-05 00:00:00,4.94975533915475
1999-08-06 00:00:00,4.930439870563553
1999-08-09 00:00:00,4.894545003752743
1999-08-10 00:00:00,4.919847451909102
1999-08-11 00:00:00,4.8776043527812885
1999-08-12 00:00:00,4.8659447407826075
1999-08-13 00:00:00,4.834804235415061
1999-08-16 00:00:00,4.829705911565681
1999-08-17 00:00:00,4.816373828208088
1999-08-18 00:00:00,4.8116301901632355
1999-08-19 00:00:00,4.8772797202120515
1999-08-20 00:00:00,4.88931997572632
1999-08-23 00:00:00,4.838635047618757
1999-08-24 00:00:00,4.80784200211167
1999-08-25 00:00:00,4.784925092797001
1999-08-26 00:00:00,4.777438411642615
1999-08-27 00:00:00,4.788677239507683
1999-08-30 00:00:00,4.778140374318353
1999-08-31 00:00:00,4.778140374318353
1999-09-01 00:00:00,4.779444275445757
1999-09-02 00:00:00,4.714743679172654
1999-09-03 00:00:00,4.714743679172654
1999-09-07 00:00:00,4.703821252063107
1999-09-08 00:00:00,4.705378499382203
1999-09-09 00:00:00,4.683979137633101
1999-09-10 00:00:00,4.60267690907833
1999-09-13 00:00:00,4.607152769929946
1999-09-14 00:00:00,4.612235947311099
1999-09-15 00:00:00,4.596795313303198
1999-09-16 00:00:00,4.596795313303198
1999-09-17 00:00:00,4.6135000651517295
1999-09-20 00:00:00,4.611455579714078
1999-09-21 00:00:00,4.579208625021181
1999-09-22 00:00:00,4.5605106327435365
1999-09-23 00:00:00,4.598162055593039
1999-09-24 00:00:00,4.569972903868575
1999-09-27 00:00:00,4.5880632537807715
1999-09-28 00:00:00,4.551247557768721
1999-09-29 00:00:00,4.500194791446435
1999-09-30 00:00:00,4.483379951192918
1999-10-01 00:00:00,4.4340357130678365
1999-10-04 00:00:00,4.437288342026845
1999-10-05 00:00:00,4.442130248981317
1999-10-06 00:00:00,4.434422321282002
1999-10-07 00:00:00,4.434422321282002
1999-10-08 00:00:00,4.3930343796167035
1999-10-12 00:00:00,4.442793668706213
1999-10-13 00:00:00,4.455410121315116
1999-10-14 00:00:00,4.472040427163255
1999-10-15 00:00:00,4.515865932994145
1999-10-18 00:00:00,4.507217215749012
1999-10-19 00:00:00,4.488489591598022
1999-10-20 00:00:00,4.455410121315116
1999-10-21 00:00:00,4.473558431381572
1999-10-22 00:00:00,4.400368326828084
1999-10-25 00:00:00,4.395378581526851
1999-10-26 00:00:00,4.353849732028448
1999-10-27 00:00:00,4.3352312956743795
1999-10-28 00:00:00,4.324420245061725
1999-10-29 00:00:00,4.32300175124651
1999-11-01 00:00:00,4.309431410257705
1999-11-02 00:00:00,4.3054894279157505
1999-11-03 00:00:00,4.294546121888071
1999-11-04 00:00:00,4.268950226370209
1999-11-05 00:00:00,4.246430628260784
1999-11-08 00:00:00,4.246430628260784
1999-11-09 00:00:00,4.2269657500044024
1999-11-10 00:00:00,4.208160938029048
1999-11-12 00:00:00,4.25660424589206
1999-11-15 00:00:00,4.252277108629658
1999-11-16 00:00:00,4.247122950017034
1999-11-17 00:00:00,4.210798708464697
1999-11-18 00:00:00,4.252634558827538
1999-11-19 00:00:00,4.246663889097475
1999-11-22 00:00:00,4.237389532880376
1999-11-23 00:00:00,4.258971144124547
1999-11-24 00:00:00,4.293986933686966
1999-11-26 00:00:00,4.313402148059975
1999-11-29 00:00:00,4.334990323175472
1999-11-30 00:00:00,4.338667528486187
1999-12-01 00:00:00,4.345463115209501
1999-12-02 00:00:00,4.353012930968018
1999-12-03 00:00:00,4.346276036195036
1999-12-06 00:00:00,4.261898701580061
1999-12-07 00:00:00,4.271650376357335
1999-12-08 00:00:00,4.259243134466743
1999-12-09 00:00:00,4.296877997890828
1999-12-10 00:00:00,4.297698633102101
1999-12-13 00:00:00,4.321004643973836
1999-12-14 00:00:00,4.3367493256728835
1999-12-15 00:00:00,4.338593062522261
1999-12-16 00:00:00,4.300178928791709
1999-12-17 00:00:00,4.334188646239054
1999-12-20 00:00:00,4.337078246291517
1999-12-21 00:00:00,4.322958112689421
1999-12-22 00:00:00,4.326912842746481
1999-12-23 00:00:00,4.302144235130077
1999-12-24 00:00:00,4.324326417669113
1999-12-27 00:00:00,4.318827270075513
1999-12-28 00:00:00,4.346025376865687
1999-12-29 00:00:00,4.355365476058004
1999-12-30 00:00:00,4.36491850956752
1999-12-31 00:00:00,4.3426952812015704
2000-01-03 00:00:00,4.310491553713361
2000-01-04 00:00:00,4.24509734208426
2000-01-05 00:00:00,4.234207178408919
2000-01-06 00:00:00,4.2377909614542055
2000-01-07 00:00:00,4.260099582221123
2000-01-10 00:00:00,4.281634918412559
2000-01-11 00:00:00,4.254740918976791
2000-01-12 00:00:00,4.269343999147631
2000-01-13 00:00:00,4.2817051051719
2000-01-14 00:00:00,4.344150510516722
2000-01-18 00:00:00,4.343127907923924
2000-01-19 00:00:00,4.34884530323808
2000-01-20 00:00:00,4.33561961046734
2000-01-21 00:00:00,4.350426728887543
2000-01-24 00:00:00,4.380214291273654
2000-01-25 00:00:00,4.378695777735058
2000-01-26 00:00:00,4.382781684421357
2000-01-27 00:00:00,4.436520213982133
2000-01-28 00:00:00,4.477477882596371
2000-01-31 00:00:00,4.479659852864957
2000-02-01 00:00:00,4.4902965838894
2000-02-02 00:00:00,4.480868220532999
2000-02-03 00:00:00,4.419879431349164
2000-02-04 00:00:00,4.47261309318091
2000-02-07 00:00:00,4.461639963801124
2000-02-08 00:00:00,4.4305995666603755
2000-02-09 00:00:00,4.413152760108028
2000-02-10 00:00:00,4.4248912856618645
2000-02-11 00:00:00,4.430860219936166
2000-02-14 00:00:00,4.462618983587437
2000-02-15 00:00:00,4.436566083258234
2000-02-16 00:00:00,4.429383525033943
2000-02-17 00:00:00,4.422177090897936
2000-02-18 00:00:00,4.423924739917351
2000-02-22 00:00:00,4.347885714450603
2000-02-23 00:00:00,4.373049763118885
2000-02-24 00:00:00,4.402684451740443
2000-02-25 00:00:00,4.470412012492513
2000-02-28 00:00:00,4.5039073805194985
2000-02-29 00:00:00,4.515575742767152
2000-03-01 00:00:00,4.492156061140192
2000-03-02 00:00:00,4.526692660937566
2000-03-03 00:00:00,4.525976271311327
2000-03-06 00:00:00,4.534687430995964
2000-03-07 00:00:00,4.548500751344875
2000-03-08 00:00:00,4.538896301483059
2000-03-09 00:00:00,4.497169935351823
2000-03-10 00:00:00,4.512672999225025
2000-03-13 00:00:00,4.52214857860936
2000-03-14 00:00:00,4.524976407596161
2000-03-15 00:00:00,4.501695573754015
2000-03-16 00:00:00,4.495470555906035
2000-03-17 00:00:00,4.501685178578165
2000-03-20 00:00:00,4.497855573675967
2000-03-21 00:00:00,4.500002616723396
2000-03-22 00:00:00,4.531758858148888
2000-03-23 00:00:00,4.4771656663244634
2000-03-24 00:00:00,4.430718795196087
2000-03-27 00:00:00,4.463584980641284
2000-03-28 00:00:00,4.483429468855185
2000-03-29 00:00:00,4.524651615039875
2000-03-30 00:00:00,4.4959031917779155
2000-03-31 00:00:00,4.501631479186113
2000-04-03 00:00:00,4.491103867503886
2000-04-04 00:00:00,4.469889610955886
2000-04-05 00:00:00,4.428024412454261
2000-04-06 00:00:00,4.442568772015832
2000-04-07 00:00:00,4.440604991589886
2000-04-10 00:00:00,4.453101121834439
2000-04-11 00:00:00,4.447966558014894
2000-04-12 00:00:00,4.466000777063358
2000-04-13 00:00:00,4.473021565870594
2000-04-14 00:00:00,4.445519917537502
2000-04-17 00:00:00,4.453101652939683
2000-04-18 00:00:00,4.492252007399238
2000-04-19 00:00:00,4.5280531961399015
2000-04-20 00:00:00,4.5317999021185535
2000-04-21 00:00:00,4.52873969215288
2000-04-24 00:00:00,4.5171905527700975
2000-04-25 00:00:00,4.580392463135915
2000-04-26 00:00:00,4.602881310968613
2000-04-27 00:00:00,4.652825941470828
2000-04-28 00:00:00,4.6393262637011645
2000-05-01 00:00:00,4.613416113518608
2000-05-02 00:00:00,4.6243734488677495
2000-05-03 00:00:00,4.664795148899644
2000-05-04 00:00:00,4.661049183812359
2000-05-05 00:00:00,4.654221605243337
2000-05-08 00:00:00,4.6500164823073415
2000-05-09 00:00:00,4.63073299271507
2000-05-10 00:00:00,4.6150750522733786
2000-05-11 00:00:00,4.637573173883194
2000-05-12 00:00:00,4.601082399418364
2000-05-15 00:00:00,4.587920897261933
2000-05-16 00:00:00,4.614547386055448
2000-05-17 00:00:00,4.668685479599401
2000-05-18 00:00:00,4.663859164152805
2000-05-19 00:00:00,4.6570497742314645
2000-05-22 00:00:00,4.620956780546161
2000-05-23 00:00:00,4.645127797174787
2000-05-24 00:00:00,4.625599462711426
2000-05-25 00:00:00,4.625800921447856
2000-05-26 00:00:00,4.538543645683186
2000-05-30 00:00:00,4.551533154527183
2000-05-31 00:00:00,4.550826284143354
2000-06-01 00:00:00,4.549424699910753
2000-06-02 00:00:00,4.502784340987868
2000-06-05 00:00:00,4.4906493310095765
2000-06-06 00:00:00,4.442117699540003
2000-06-07 00:00:00,4.425926061324455
2000-06-08 00:00:00,4.436736109138809
2000-06-09 00:00:00,4.444559944434751
2000-06-12 00:00:00,4.422975799893049
2000-06-13 00:00:00,4.396397158070357
2000-06-14 00:00:00,4.396397158070357
2000-06-15 00:00:00,4.378152619638232
2000-06-16 00:00:00,4.434442380108301
2000-06-19 00:00:00,4.420234678089469
2000-06-20 00:00:00,4.406659018758728
2000-06-21 00:00:00,4.37708412601538
2000-06-22 00:00:00,4.359793912208574
2000-06-23 00:00:00,4.330842669809361
2000-06-26 00:00:00,4.34527006816427
2000-06-27 00:00:00,4.380023739263208
2000-06-28 00:00:00,4.36908701738076
2000-06-29 00:00:00,4.381093668726234
2000-06-30 00:00:00,4.3966665946799095
2000-07-03 00:00:00,4.3950504702194495
2000-07-05 00:00:00,4.4229598536000045
2000-07-06 00:00:00,4.414794389254898
2000-07-07 00:00:00,4.407200443874682
2000-07-10 00:00:00,4.408012831053277
2000-07-11 00:00:00,4.391821783005331
2000-07-12 00:00:00,4.34527006816427
2000-07-13 00:00:00,4.319629625806363
2000-07-14 00:00:00,4.339487589244621
2000-07-17 00:00:00,4.3282297933871545
2000-07-18 00:00:00,4.319629625806363
2000-07-19 00:00:00,4.275097361622793
2000-07-20 00:00:00,4.300983742529502
2000-07-21 00:00:00,4.311840895864412
2000-07-24 00:00:00,4.295832863795933
2000-07-25 00:00:00,4.340537804053248
2000-07-26 00:00:00,4.349748913199059
2000-07-27 00:00:00,4.320410046696301
2000-07-28 00:00:00,4.282242513304608
2000-07-31 00:00:00,4.298664319335615
2000-08-01 00:00:00,4.280964842188333
2000-08-02 00:00:00,4.248262499283004
2000-08-03 00:00:00,4.198537415894662
2000-08-04 00:00:00,4.205589473826957
2000-08-07 00:00:00,4.205589473826957
2000-08-08 00:00:00,4.240175656019022
2000-08-09 00:00:00,4.2496407375565655
2000-08-10 00:00:00,4.219651091703038
2000-08-11 00:00:00,4.247704200511969
2000-08-14 00:00:00,4.2554422119567965
2000-08-15 00:00:00,4.22628042602338
2000-08-16 00:00:00,4.22554923290085
2000-08-17 00:00:00,4.223348416026993
2000-08-18 00:00:00,4.259537498139362
2000-08-21 00:00:00,4.268903823400074
2000-08-22 00:00:00,4.299583211936048
2000-08-23 00:00:00,4.27009725409169
2000-08-24 00:00:00,4.229965390997722
2000-08-25 00:00:00,4.224346821667598
2000-08-28 00:00:00,4.2326527388197235
2000-08-29 00:00:00,4.25856774297835
2000-08-30 00:00:00,4.2874819622211815
2000-08-31 00:00:00,4.302607448187556
2000-09-01 00:00:00,4.255916352780352
2000-09-05 00:00:00,4.3169093808159555
2000-09-06 00:00:00,4.383828264204945
2000-09-07 00:00:00,4.369967122445974
2000-09-08 00:00:00,4.4033785791890505
2000-09-11 00:00:00,4.368344603543529
2000-09-12 00:00:00,4.366963141979564
2000-09-13 00:00:00,4.349547469396265
2000-09-14 00:00:00,4.372399480718856
2000-09-15 00:00:00,4.387784036568888
2000-09-18 00:00:00,4.402152340178281
2000-09-19 00:00:00,4.37825672375275
2000-09-20 00:00:00,4.396062302368005
2000-09-21 00:00:00,4.366410999187747
2000-09-22 00:00:00,4.268132057646565
2000-09-25 00:00:00,4.2904798754082325
2000-09-26 00:00:00,4.263819665739132
2000-09-27 00:00:00,4.274567251722306
2000-09-28 00:00:00,4.265490944073239
2000-09-29 00:00:00,4.2597383754766955
2000-10-02 00:00:00,4.273127236601474
2000-10-03 00:00:00,4.283109025360898
2000-10-04 00:00:00,4.289970058763848
2000-10-05 00:00:00,4.312293375656366
2000-10-06 00:00:00,4.317654279712471
2000-10-10 00:00:00,4.317412579167998
2000-10-11 00:00:00,4.273106612763244
2000-10-12 00:00:00,4.293483116956289
2000-10-13 00:00:00,4.335252440510557
2000-10-16 00:00:00,4.379563324755452
2000-10-17 00:00:00,4.3754764524366605
2000-10-18 00:00:00,4.398196074140628
2000-10-19 00:00:00,4.397954373596156
2000-10-20 00:00:00,4.399949686105241
2000-10-23 00:00:00,4.421941295726107
2000-10-24 00:00:00,4.426116621033421
2000-10-25 00:00:00,4.460860974964865
2000-10-26 00:00:00,4.478956100592072
2000-10-27 00:00:00,4.438583915183735
2000-10-30 00:00:00,4.438999534448001
2000-10-31 00:00:00,4.418942811634846
2000-11-01 00:00:00,4.371005707418565
2000-11-02 00:00:00,4.378453923220925
2000-11-03 00:00:00,4.348191645869917
2000-11-06 00:00:00,4.361195875274417
2000-11-07 00:00:00,4.361636951569646
2000-11-08 00:00:00,4.372061998624509
2000-11-09 00:00:00,4.363655089731708
2000-11-10 00:00:00,4.344690566906953
2000-11-13 00:00:00,4.339855914676517
2000-11-14 00:00:00,4.359290359031438
2000-11-15 00:00:00,4.379887245918734
2000-11-16 00:00:00,4.394910173296104
2000-11-17 00:00:00,4.4018117301974815
2000-11-20 00:00:00,4.420420974439209
2000-11-21 00:00:00,4.419075324510612
2000-11-22 00:00:00,4.430943428844635
2000-11-24 00:00:00,4.438369617668649
2000-11-27 00:00:00,4.3754894795020505
2000-11-28 00:00:00,4.336519068615681
2000-11-29 00:00:00,4.327518023087427
2000-11-30 00:00:00,4.2734410035819845
2000-12-01 00:00:00,4.2541381429541385
2000-12-04 00:00:00,4.199328494658526
2000-12-05 00:00:00,4.221815114744638
2000-12-06 00:00:00,4.203263442214052
2000-12-07 00:00:00,4.187516622800266
2000-12-08 00:00:00,4.1990987312795
2000-12-11 00:00:00,4.218857311639284
2000-12-12 00:00:00,4.218857311639284
2000-12-13 00:00:00,4.211242489126281
2000-12-14 00:00:00,4.257097689861323
2000-12-15 00:00:00,4.306525141455426
2000-12-18 00:00:00,4.293742341985389
2000-12-19 00:00:00,4.269662913267053
2000-12-20 00:00:00,4.314231419668587
2000-12-21 00:00:00,4.325325305031926
2000-12-22 00:00:00,4.387509235713914
2000-12-26 00:00:00,4.425901955130575
2000-12-27 00:00:00,4.400857301535982
2000-12-28 00:00:00,4.396844361747347
2000-12-29 00:00:00,4.464145769086771
2001-01-02 00:00:00,4.499414603467737
2001-01-03 00:00:00,4.513453338579961
2001-01-04 00:00:00,4.48824633886093
2001-01-05 00:00:00,4.513453338579961
2001-01-08 00:00:00,4.499134719503849
2001-01-09 00:00:00,4.461942612630714
2001-01-10 00:00:00,4.4495902645797525
2001-01-11 00:00:00,4.486019335777701
2001-01-12 00:00:00,4.45589513003597
2001-01-16 00:00:00,4.412940192235745
2001-01-17 00:00:00,4.378213665299266
2001-01-18 00:00:00,4.4660753165016285
2001-01-19 00:00:00,4.428069655365733
2001-01-22 00:00:00,4.418331689110805
2001-01-23 00:00:00,4.4291543019439
2001-01-24 00:00:00,4.3710696652410626
2001-01-25 00:00:00,4.368165826231663
2001-01-26 00:00:00,4.361843550280056
2001-01-29 00:00:00,4.367638269972456
2001-01-30 00:00:00,4.395508340975015
2001-01-31 00:00:00,4.403536666711956
2001-02-01 00:00:00,4.4291543019439
2001-02-02 00:00:00,4.403536666711956
2001-02-05 00:00:00,4.422383965193756
2001-02-06 00:00:00,4.373448406744703
2001-02-07 00:00:00,4.390172367268217
2001-02-08 00:00:00,4.329208699990655
2001-02-09 00:00:00,4.367638269972456
2001-02-12 00:00:00,4.368429652155818
2001-02-13 00:00:00,4.335436657120654
2001-02-14 00:00:00,4.333618319397476
2001-02-15 00:00:00,4.274709796143255
2001-02-16 00:00:00,4.314746152284429
2001-02-20 00:00:00,4.287379356890568
2001-02-21 00:00:00,4.2805284814312525
2001-02-22 00:00:00,4.279009036901371
2001-02-23 00:00:00,4.283570610052939
2001-02-26 00:00:00,4.281035202766728
2001-02-27 00:00:00,4.295782488017098
2001-02-28 00:00:00,4.320441426383462
2001-03-01 00:00:00,4.320441426383462
2001-03-02 00:00:00,4.296052183079344
2001-03-05 00:00:00,4.313685069101808
2001-03-06 00:00:00,4.313685069101808
2001-03-07 00:00:00,4.3274914657393655
2001-03-08 00:00:00,4.3274914657393655
2001-03-09 00:00:00,4.313389686245003
2001-03-12 00:00:00,4.313389686245003
2001-03-13 00:00:00,4.384343870375478
2001-03-14 00:00:00,4.384343870375478
2001-03-15 00:00:00,4.425867199907129
2001-03-16 00:00:00,4.465599249058258
2001-03-19 00:00:00,4.442155467324446
2001-03-20 00:00:00,4.41358709470175
2001-03-21 00:00:00,4.445955774829825
2001-03-22 00:00:00,4.48281735471184
2001-03-23 00:00:00,4.463085347910776
2001-03-26 00:00:00,4.462833374125123
2001-03-27 00:00:00,4.473342248041681
2001-03-28 00:00:00,4.484790747045009
2001-03-29 00:00:00,4.503816463379788
2001-03-30 00:00:00,4.512648457562565
2001-04-02 00:00:00,4.501835782113593
2001-04-03 00:00:00,4.4525227960039615
2001-04-04 00:00:00,4.40927420221445
2001-04-05 00:00:00,4.42668020382779
2001-04-06 00:00:00,4.421324728917015
2001-04-09 00:00:00,4.409545855951975
2001-04-10 00:00:00,4.4625689963462225
2001-04-11 00:00:00,4.461314439670883
2001-04-12 00:00:00,4.436098742481682
2001-04-13 00:00:00,4.452269629714891
2001-04-16 00:00:00,4.465316629063745
2001-04-17 00:00:00,4.497339920610283
2001-04-18 00:00:00,4.513044466491019
2001-04-19 00:00:00,4.462057751553833
2001-04-20 00:00:00,4.3998171687839
2001-04-23 00:00:00,4.440666197634195
2001-04-24 00:00:00,4.44748328933258
2001-04-25 00:00:00,4.437125553411325
2001-04-26 00:00:00,4.433071701278276
2001-04-27 00:00:00,4.476017408235671
2001-04-30 00:00:00,4.50367898938604
2001-05-01 00:00:00,4.481224614819194
2001-05-02 00:00:00,4.493828860649616
2001-05-03 00:00:00,4.505375786909192
2001-05-04 00:00:00,4.492585308397725
2001-05-07 00:00:00,4.492579897998508
2001-05-08 00:00:00,4.5204938987520755
2001-05-09 00:00:00,4.522430536004301
2001-05-10 00:00:00,4.53574596182894
2001-05-11 00:00:00,4.544410584412837
2001-05-14 00:00:00,4.542715235110853
2001-05-15 00:00:00,4.522151675668936
2001-05-16 00:00:00,4.4967250657527
2001-05-17 00:00:00,4.512150659189331
2001-05-18 00:00:00,4.53447560435199
2001-05-21 00:00:00,4.533982145329364
2001-05-22 00:00:00,4.576993647402509
2001-05-23 00:00:00,4.5976913732298526
2001-05-24 00:00:00,4.606320370150267
2001-05-25 00:00:00,4.60536864649825
2001-05-29 00:00:00,4.616748445294992
2001-05-30 00:00:00,4.60136240655783
2001-05-31 00:00:00,4.646184175465816
2001-06-01 00:00:00,4.650956111759956
2001-06-04 00:00:00,4.645222898753027
2001-06-05 00:00:00,4.6073531950710995
2001-06-06 00:00:00,4.64928766625423
2001-06-07 00:00:00,4.634150088196172
2001-06-08 00:00:00,4.634817268585877
2001-06-11 00:00:00,4.661723751437571
2001-06-12 00:00:00,4.64188072092275
2001-06-13 00:00:00,4.628309894777737
2001-06-14 00:00:00,4.593443293772457
2001-06-15 00:00:00,4.58685659212521
2001-06-18 00:00:00,4.596918002620142
2001-06-19 00:00:00,4.617834763059827
2001-06-20 00:00:00,4.632112151129607
2001-06-21 00:00:00,4.602465501072771
2001-06-22 00:00:00,4.586536418826671
2001-06-25 00:00:00,4.568594295579918
2001-06-26 00:00:00,4.568342321794264
2001-06-27 00:00:00,4.566431595780129
2001-06-28 00:00:00,4.644114859631069
2001-06-29 00:00:00,4.640435396825605
2001-07-02 00:00:00,4.64817201281763
2001-07-03 00:00:00,4.64038877839578
2001-07-05 00:00:00,4.688713030979164
2001-07-06 00:00:00,4.634160889605367
2001-07-09 00:00:00,4.638260564117284
2001-07-10 00:00:00,4.598975551629788
2001-07-11 00:00:00,4.554659946918621
2001-07-12 00:00:00,4.582086073806925
2001-07-13 00:00:00,4.584886905653042
2001-07-16 00:00:00,4.57334073248699
2001-07-17 00:00:00,4.57733125874248
2001-07-18 00:00:00,4.481213598328442
2001-07-19 00:00:00,4.485146429046617
2001-07-20 00:00:00,4.467114082822583
2001-07-23 00:00:00,4.49102691107044
2001-07-24 00:00:00,4.45641873658124
2001-07-25 00:00:00,4.438905343624027
2001-07-26 00:00:00,4.461389372622695
2001-07-27 00:00:00,4.463298651018065
2001-07-30 00:00:00,4.463298651018065
2001-07-31 00:00:00,4.458650726475495
2001-08-01 00:00:00,4.49165274549067
2001-08-02 00:00:00,4.500833837944808
2001-08-03 00:00:00,4.5190440839174935
2001-08-06 00:00:00,4.497681809578578
2001-08-07 00:00:00,4.489821019931776
2001-08-08 00:00:00,4.499782671053245
2001-08-09 00:00:00,4.547308107571921
2001-08-10 00:00:00,4.555371663738558
2001-08-13 00:00:00,4.564274670247493
2001-08-14 00:00:00,4.585184305516952
2001-08-15 00:00:00,4.623696772685921
2001-08-16 00:00:00,4.640400879523659
2001-08-17 00:00:00,4.647396599356505
2001-08-20 00:00:00,4.632869119755271
2001-08-21 00:00:00,4.629251430029368
2001-08-22 00:00:00,4.656100640836692
2001-08-23 00:00:00,4.648237503445654
2001-08-24 00:00:00,4.625917035241834
2001-08-27 00:00:00,4.6156661560237735
2001-08-28 00:00:00,4.625917035241834
2001-08-29 00:00:00,4.617602025591907
2001-08-30 00:00:00,4.649639686704611
2001-08-31 00:00:00,4.615389735724574
2001-09-04 00:00:00,4.513486255175925
2001-09-05 00:00:00,4.534465627625849
2001-09-06 00:00:00,4.558065874564049
2001-09-07 00:00:00,4.595300089865179
2001-09-10 00:00:00,4.568333005757494
2001-09-12 00:00:00,4.6445957817832175
2001-09-13 00:00:00,4.66342598373042
2001-09-14 00:00:00,4.743800185099651
2001-09-17 00:00:00,4.774067881256825
2001-09-18 00:00:00,4.805623109504829
2001-09-19 00:00:00,4.859867436443999
2001-09-20 00:00:00,4.840940817030711
2001-09-21 00:00:00,4.853745925628474
2001-09-24 00:00:00,4.804424774461002
2001-09-25 00:00:00,4.842765980088535
2001-09-26 00:00:00,4.819748455730389
2001-09-27 00:00:00,4.775547019898929
2001-09-28 00:00:00,4.760796751119899
2001-10-01 00:00:00,4.758445159738758
2001-10-02 00:00:00,4.749354643934733
2001-10-03 00:00:00,4.7699311634046495
2001-10-04 00:00:00,4.743216260901584
2001-10-05 00:00:00,4.756095890343676
2001-10-09 00:00:00,4.759326734214101
2001-10-10 00:00:00,4.734474616484146
2001-10-11 00:00:00,4.677862082375048
2001-10-12 00:00:00,4.720843969808817
2001-10-15 00:00:00,4.731567890909192
2001-10-16 00:00:00,4.728664732306353
2001-10-17 00:00:00,4.7121845189317595
2001-10-18 00:00:00,4.702982718443213
2001-10-19 00:00:00,4.69153088251835
2001-10-22 00:00:00,4.637329430599251
2001-10-23 00:00:00,4.630920430665121
2001-10-24 00:00:00,4.644875711615774
2001-10-25 00:00:00,4.673606901584531
2001-10-26 00:00:00,4.660887681108493
2001-10-29 00:00:00,4.722290306809371
2001-10-30 00:00:00,4.744092201115969
2001-10-31 00:00:00,4.71449059809928
2001-11-01 00:00:00,4.729535305745868
2001-11-02 00:00:00,4.723737530317433
2001-11-05 00:00:00,4.692673555813732
2001-11-06 00:00:00,4.6992547443371295
2001-11-07 00:00:00,4.719976592793296
2001-11-08 00:00:00,4.683547724529257
2001-11-09 00:00:00,4.6992547443371295
2001-11-13 00:00:00,4.623696772685921
2001-11-14 00:00:00,4.6311987144479865
2001-11-15 00:00:00,4.6303639634179845
2001-11-16 00:00:00,4.656100640836692
2001-11-19 00:00:00,4.632869119755271
2001-11-20 00:00:00,4.673323498097685
2001-11-21 00:00:00,4.649639686704611
2001-11-23 00:00:00,4.620370372130032
2001-11-26 00:00:00,4.632869119755271
2001-11-27 00:00:00,4.641298227701618
2001-11-28 00:00:00,4.641298227701618
2001-11-29 00:00:00,4.658142521833919
2001-11-30 00:00:00,4.618131166468495
2001-12-03 00:00:00,4.658726667603432
2001-12-04 00:00:00,4.657062806481926
2001-12-05 00:00:00,4.6829214253990905
2001-12-06 00:00:00,4.658764310543974
2001-12-07 00:00:00,4.668806343998058
2001-12-10 00:00:00,4.69149825458676
2001-12-11 00:00:00,4.666882471656456
2001-12-12 00:00:00,4.641444575598615
2001-12-13 00:00:00,4.620842275554422
2001-12-14 00:00:00,4.5874349735979685
2001-12-17 00:00:00,4.593776627512733
2001-12-18 00:00:00,4.596377298837044
2001-12-19 00:00:00,4.610110298492864
2001-12-20 00:00:00,4.601282242273636
2001-12-21 00:00:00,4.652197205339408
2001-12-24 00:00:00,4.755821041270695
2001-12-26 00:00:00,4.754752389358174
2001-12-27 00:00:00,4.7175595271329875
2001-12-28 00:00:00,4.720008510752926
2001-12-31 00:00:00,4.667028106109876
2002-01-02 00:00:00,4.617925039505646
2002-01-03 00:00:00,4.637710197714258
2002-01-04 00:00:00,4.6408154691347105
2002-01-07 00:00:00,4.6413909651293945
2002-01-08 00:00:00,4.653162743717438
2002-01-09 00:00:00,4.670144173684405
2002-01-10 00:00:00,4.672093630939563
2002-01-11 00:00:00,4.666004813172784
2002-01-14 00:00:00,4.656559277138318
2002-01-15 00:00:00,4.6654713306178754
2002-01-16 00:00:00,4.675176293784505
2002-01-17 00:00:00,4.687863405181594
2002-01-18 00:00:00,4.67381348432257
2002-01-22 00:00:00,4.671887191529196
2002-01-23 00:00:00,4.6785273593695
2002-01-24 00:00:00,4.706499716133647
2002-01-25 00:00:00,4.7781083013146155
2002-01-28 00:00:00,4.794934335980837
2002-01-29 00:00:00,4.781003807383693
2002-01-30 00:00:00,4.782581278120878
2002-01-31 00:00:00,4.820178280085207
2002-02-01 00:00:00,4.817061522432861
2002-02-04 00:00:00,4.7754517264554215
2002-02-05 00:00:00,4.761675721185947
2002-02-06 00:00:00,4.755556353405071
2002-02-07 00:00:00,4.7552896121276165
2002-02-08 00:00:00,4.74220061306472
2002-02-11 00:00:00,4.724453850475516
2002-02-12 00:00:00,4.72957993689436
2002-02-13 00:00:00,4.760075273521222
2002-02-14 00:00:00,4.76908831890892
2002-02-15 00:00:00,4.762197062247501
2002-02-19 00:00:00,4.739260323577048
2002-02-20 00:00:00,4.766699988417769
2002-02-21 00:00:00,4.763253668199633
2002-02-22 00:00:00,4.73711946464653
2002-02-25 00:00:00,4.7523554580756215
2002-02-26 00:00:00,4.764573662565276
2002-02-27 00:00:00,4.788022557720785
2002-02-28 00:00:00,4.771973251933171
2002-03-01 00:00:00,4.780926497968107
2002-03-04 00:00:00,4.756874378191773
2002-03-05 00:00:00,4.75846665525962
2002-03-06 00:00:00,4.715862493475403
2002-03-07 00:00:00,4.691395364609916
2002-03-08 00:00:00,4.712893427259666
2002-03-11 00:00:00,4.703130127905032
2002-03-12 00:00:00,4.700687178037202
2002-03-13 00:00:00,4.692787325650217
2002-03-14 00:00:00,4.652857712913665
2002-03-15 00:00:00,4.652868781552486
2002-03-18 00:00:00,4.6495442886219385
2002-03-19 00:00:00,4.659546624023177
2002-03-20 00:00:00,4.644277203561704
2002-03-21 00:00:00,4.638991699521356
2002-03-22 00:00:00,4.638991699521356
2002-03-25 00:00:00,4.628689016875361
2002-03-26 00:00:00,4.620369024634123
2002-03-27 00:00:00,4.593944895814578
2002-03-28 00:00:00,4.576496084340861
2002-03-29 00:00:00,4.584658681399733
2002-04-01 00:00:00,4.643461132121606
2002-04-02 00:00:00,4.630078596286011
2002-04-03 00:00:00,4.643461132121606
2002-04-04 00:00:00,4.630356612293954
2002-04-05 00:00:00,4.635087997904881
2002-04-08 00:00:00,4.606568639255885
2002-04-09 00:00:00,4.624247962409661
2002-04-10 00:00:00,4.617049396547929
2002-04-11 00:00:00,4.64430010968101
2002-04-12 00:00:00,4.62369342973639
2002-04-15 00:00:00,4.627022622173497
2002-04-16 00:00:00,4.634809413459761
2002-04-17 00:00:00,4.6594537172896375
2002-04-18 00:00:00,4.677825842956841
2002-04-19 00:00:00,4.6713083972100495
2002-04-22 00:00:00,4.661425317121653
2002-04-23 00:00:00,4.676407460348302
2002-04-24 00:00:00,4.68920395385488
2002-04-25 00:00:00,4.728596947580543
2002-04-26 00:00:00,4.732950286696342
2002-04-29 00:00:00,4.755717485115234
2002-04-30 00:00:00,4.755424211960009
2002-05-01 00:00:00,4.81661205628629
2002-05-02 00:00:00,4.790281961805411
2002-05-03 00:00:00,4.8438416470567525
2002-05-06 00:00:00,4.852681330384715
2002-05-07 00:00:00,4.840800942946862
2002-05-08 00:00:00,4.789091977465128
2002-05-09 00:00:00,4.818116777328554
2002-05-10 00:00:00,4.835943748974257
2002-05-13 00:00:00,4.824748734351719
2002-05-14 00:00:00,4.773380317000528
2002-05-15 00:00:00,4.8034109269430365
2002-05-16 00:00:00,4.821731946548085
2002-05-17 00:00:00,4.877543265094467
2002-05-20 00:00:00,4.885268230671112
2002-05-21 00:00:00,4.88124819731254
2002-05-22 00:00:00,4.916100919363988
2002-05-23 00:00:00,4.894570550374072
2002-05-24 00:00:00,4.872304228289853
2002-05-28 00:00:00,4.898301405141556
2002-05-29 00:00:00,4.893949293719839
2002-05-30 00:00:00,4.936557135979995
2002-05-31 00:00:00,4.913908049521666
2002-06-03 00:00:00,4.931190626751727
2002-06-04 00:00:00,4.945738777651585
2002-06-05 00:00:00,4.920492535805482
2002-06-06 00:00:00,4.946373253440893
2002-06-07 00:00:00,4.959097043160354
2002-06-10 00:00:00,4.9479601553508825
2002-06-11 00:00:00,4.93687317676975
2002-06-12 00:00:00,4.94478736910186
2002-06-13 00:00:00,4.931190626751727
2002-06-14 00:00:00,4.934977538790702
2002-06-17 00:00:00,4.933083356009692
2002-06-18 00:00:00,4.95336324647633
2002-06-19 00:00:00,5.0002567125628
2002-06-20 00:00:00,5.06163170470256
2002-06-21 00:00:00,5.098780681112372
2002-06-24 00:00:00,5.139217528899935
2002-06-25 00:00:00,5.0933922735233494
2002-06-26 00:00:00,5.16157690904575
2002-06-27 00:00:00,5.180648909717401
2002-06-28 00:00:00,5.168495912945275
2002-07-01 00:00:00,5.19460821967959
2002-07-02 00:00:00,5.175433491351914
2002-07-03 00:00:00,5.173003221382137
2002-07-05 00:00:00,5.1197688899975775
2002-07-08 00:00:00,5.177866045870107
2002-07-09 00:00:00,5.203371054058267
2002-07-10 00:00:00,5.179604985299806
2002-07-11 00:00:00,5.212868182325661
2002-07-12 00:00:00,5.199161206927151
2002-07-15 00:00:00,5.2882978343947
2002-07-16 00:00:00,5.300657067716765
2002-07-17 00:00:00,5.3035735227746565
2002-07-18 00:00:00,5.3035735227746565
2002-07-19 00:00:00,5.359974909372593
2002-07-22 00:00:00,5.35216261945749
2002-07-23 00:00:00,5.265548584577911
2002-07-24 00:00:00,5.295924663219801
2002-07-25 00:00:00,5.318937717005347
2002-07-26 00:00:00,5.252278914394736
2002-07-29 00:00:00,5.177866045870107
2002-07-30 00:00:00,5.228419487500407
2002-07-31 00:00:00,5.198810693800547
2002-08-01 00:00:00,5.244777189766953
2002-08-02 00:00:00,5.242994222269751
2002-08-05 00:00:00,5.220985715717231
2002-08-06 00:00:00,5.0967586927391615
2002-08-07 00:00:00,5.1512330675446565
2002-08-08 00:00:00,5.091374555733759
2002-08-09 00:00:00,5.130669262883799
2002-08-12 00:00:00,5.152954161118845
2002-08-13 00:00:00,5.157434391462246
2002-08-14 00:00:00,5.205829948095828
2002-08-15 00:00:00,5.173003221382137
2002-08-16 00:00:00,5.170228563268087
2002-08-19 00:00:00,5.135794806602965
2002-08-20 00:00:00,5.131693553014142
2002-08-21 00:00:00,5.141273352966431
2002-08-22 00:00:00,5.077295168629413
2002-08-23 00:00:00,5.097432510652004
2002-08-26 00:00:00,5.098443571645852
2002-08-27 00:00:00,5.151577194277741
2002-08-28 00:00:00,5.151921366992484
2002-08-29 00:00:00,5.161231445093602
2002-08-30 00:00:00,5.138532619520458
2002-09-03 00:00:00,5.235163545223591
2002-09-04 00:00:00,5.2277105973251645
2002-09-05 00:00:00,5.234097537578464
2002-09-06 00:00:00,5.201616122842733
2002-09-09 00:00:00,5.193558662523135
2002-09-10 00:00:00,5.1546764051566525
2002-09-11 00:00:00,5.118069889237639
2002-09-12 00:00:00,5.126576188082936
2002-09-13 00:00:00,5.1340851545368515
2002-09-16 00:00:00,5.106884703386988
2002-09-17 00:00:00,5.072619327795258
2002-09-18 00:00:00,5.147107129965526
2002-09-19 00:00:00,5.168495912945275
2002-09-20 00:00:00,5.18238971916287
2002-09-23 00:00:00,5.171962375663548
2002-09-24 00:00:00,5.1691888337004634
2002-09-25 00:00:00,5.163996452229526
2002-09-26 00:00:00,5.131010647491085
2002-09-27 00:00:00,5.138190233285149
2002-09-30 00:00:00,5.225230994792215
2002-10-01 00:00:00,5.212868182325661
2002-10-02 00:00:00,5.197759437930945
2002-10-03 00:00:00,5.212515818652394
2002-10-04 00:00:00,5.177866045870107
2002-10-07 00:00:00,5.175433491351914
2002-10-08 00:00:00,5.155020992121366
2002-10-09 00:00:00,5.197409113779302
2002-10-10 00:00:00,5.196008289275891
2002-10-11 00:00:00,5.189364671678566
2002-10-15 00:00:00,5.153973927650159
2002-10-16 00:00:00,5.153973927650159
2002-10-17 00:00:00,5.08595343717887
2002-10-18 00:00:00,5.08595343717887
2002-10-21 00:00:00,5.08595343717887
2002-10-22 00:00:00,5.08595343717887
2002-10-23 00:00:00,5.08595343717887
2002-10-24 00:00:00,5.08595343717887
2002-10-25 00:00:00,5.08595343717887
2002-10-28 00:00:00,5.040549875468262
2002-10-29 00:00:00,5.036116841134157
2002-10-30 00:00:00,5.043755097913349
2002-10-31 00:00:00,5.012986598419851
2002-11-01 00:00:00,4.966294578668416
2002-11-04 00:00:00,4.975560926847609
2002-11-05 00:00:00,4.950671543577329
2002-11-06 00:00:00,4.950671543577329
2002-11-07 00:00:00,5.004253194779704
2002-11-08 00:00:00,5.029215521925618
2002-11-12 00:00:00,5.018437389801201
2002-11-13 00:00:00,4.979879045309349
2002-11-14 00:00:00,4.9669310190540115
2002-11-15 00:00:00,4.991864725861255
2002-11-18 00:00:00,4.987406172688036
2002-11-19 00:00:00,4.997019126004981
2002-11-20 00:00:00,4.955402883710449
2002-11-21 00:00:00,4.9335120866844075
2002-11-22 00:00:00,4.915472429812729
2002-11-25 00:00:00,4.891953422971519
2002-11-26 00:00:00,4.8791300472828585
2002-11-27 00:00:00,4.873561385933157
2002-11-29 00:00:00,4.885040164432999
2002-12-02 00:00:00,4.889976210405819
2002-12-03 00:00:00,4.9158052985355445
2002-12-04 00:00:00,4.928487802530679
2002-12-05 00:00:00,4.927818671066076
2002-12-06 00:00:00,4.971353023111518
2002-12-09 00:00:00,4.973737365089029
2002-12-10 00:00:00,4.9625168747248
2002-12-11 00:00:00,4.964892746287831
2002-12-12 00:00:00,5.009778940198369
2002-12-13 00:00:00,5.033749174361998
2002-12-16 00:00:00,5.0243422510710385
2002-12-17 00:00:00,5.0681908010524594
2002-12-18 00:00:00,5.077762789834525
2002-12-19 00:00:00,5.072795027496462
2002-12-20 00:00:00,5.094154164454342
2002-12-23 00:00:00,5.094154164454342
2002-12-24 00:00:00,5.149442920016625
2002-12-26 00:00:00,5.170717062716317
2002-12-27 00:00:00,5.202214192595267
2002-12-30 00:00:00,5.21417158766516
2002-12-31 00:00:00,5.247718993961858
2003-01-02 00:00:00,5.179571662038843
2003-01-03 00:00:00,5.19439691187652
2003-01-06 00:00:00,5.2119253908295775
2003-01-07 00:00:00,5.191425076412385
2003-01-08 00:00:00,5.198861050166466
2003-01-09 00:00:00,5.206318356413567
2003-01-10 00:00:00,5.237496164752841
2003-01-13 00:00:00,5.234474822863742
2003-01-14 00:00:00,5.2450648008290734
2003-01-15 00:00:00,5.2492368821660556
2003-01-16 00:00:00,5.2496164914285774
2003-01-17 00:00:00,5.307186492431231
2003-01-21 00:00:00,5.303696708078788
2003-01-22 00:00:00,5.326267286189329
2003-01-23 00:00:00,5.345485776397229
2003-01-24 00:00:00,5.366033178849378
2003-01-27 00:00:00,5.355739770065986
2003-01-28 00:00:00,5.353369973707549
2003-01-29 00:00:00,5.372387273791769
2003-01-30 00:00:00,5.326267286189329
2003-01-31 00:00:00,5.305247156579286
2003-02-03 00:00:00,5.325485792933341
2003-02-04 00:00:00,5.379952334060207
2003-02-05 00:00:00,5.361277462590426
2003-02-06 00:00:00,5.360881533378212
2003-02-07 00:00:00,5.34391172287061
2003-02-10 00:00:00,5.3141798567697185
2003-02-11 00:00:00,5.31690447839115
2003-02-12 00:00:00,5.298664003173312
2003-02-13 00:00:00,5.353764794120095
2003-02-14 00:00:00,5.330569602252487
2003-02-18 00:00:00,5.281316612839168
2003-02-19 00:00:00,5.299824548694923
2003-02-20 00:00:00,5.353369973707549
2003-02-21 00:00:00,5.330569602252487
2003-02-24 00:00:00,5.340766395193818
2003-02-25 00:00:00,5.3620694964894655
2003-02-26 00:00:00,5.357320800256411
2003-02-27 00:00:00,5.338409828171375
2003-02-28 00:00:00,5.354554609683143
2003-03-03 00:00:00,5.389938880566853
2003-03-04 00:00:00,5.417290809214505
2003-03-05 00:00:00,5.458432727533977
2003-03-06 00:00:00,5.452283073717468
2003-03-07 00:00:00,5.442472397921305
2003-03-10 00:00:00,5.479859352568458
2003-03-11 00:00:00,5.451464166677258
2003-03-12 00:00:00,5.451873589446067
2003-03-13 00:00:00,5.38114876526867
2003-03-14 00:00:00,5.30253446628739
2003-03-17 00:00:00,5.243170591800243
2003-03-18 00:00:00,5.243928111209591
2003-03-19 00:00:00,5.221297334638162
2003-03-20 00:00:00,5.233720031973639
2003-03-21 00:00:00,5.185121203105313
2003-03-24 00:00:00,5.242413291216463
2003-03-25 00:00:00,5.258362683337514
2003-03-26 00:00:00,5.249996155599506
2003-03-27 00:00:00,5.257600988156324
2003-03-28 00:00:00,5.2893979046542094
2003-03-31 00:00:00,5.3620694964894655
2003-04-01 00:00:00,5.362465601202215
2003-04-02 00:00:00,5.262555955014816
2003-04-03 00:00:00,5.256839513612454
2003-04-04 00:00:00,5.231834006736892
2003-04-07 00:00:00,5.186973693710209
2003-04-08 00:00:00,5.22054633897694
2003-04-09 00:00:00,5.238252045278855
2003-04-10 00:00:00,5.242791914161084
2003-04-11 00:00:00,5.210055037929689
2003-04-14 00:00:00,5.224303479199307
2003-04-15 00:00:00,5.217919554591314
2003-04-16 00:00:00,5.265991791329297
2003-04-17 00:00:00,5.271728165829657
2003-04-18 00:00:00,5.254973657586483
2003-04-21 00:00:00,5.254973657586483
2003-04-22 00:00:00,5.180684930658819
2003-04-23 00:00:00,5.200135590138577
2003-04-24 00:00:00,5.133810320249685
2003-04-25 00:00:00,5.142195871335307
2003-04-28 00:00:00,5.174418366833267
2003-04-29 00:00:00,5.171388556422711
2003-04-30 00:00:00,5.114744370145735
2003-05-01 00:00:00,5.062632178843428
2003-05-02 00:00:00,5.062632178843428
2003-05-05 00:00:00,5.077699536518557
2003-05-06 00:00:00,5.119216995784968
2003-05-07 00:00:00,5.145075525543532
2003-05-08 00:00:00,5.181011370392454
2003-05-09 00:00:00,5.2039257107525865
2003-05-12 00:00:00,5.206704949325506
2003-05-13 00:00:00,5.182585189156243
2003-05-14 00:00:00,5.1869181250140155
2003-05-15 00:00:00,5.1892845997117645
2003-05-16 00:00:00,5.2086919379338585
2003-05-19 00:00:00,5.271864176964806
2003-05-20 00:00:00,5.273901218764251
2003-05-21 00:00:00,5.2890243951646445
2003-05-22 00:00:00,5.273901218764251
2003-05-23 00:00:00,5.277980028678223
2003-05-27 00:00:00,5.3104257856049655
2003-05-28 00:00:00,5.2536013680376765
2003-05-29 00:00:00,5.291074722500342
2003-05-30 00:00:00,5.240691274060007
2003-06-02 00:00:00,5.260485760487891
2003-06-03 00:00:00,5.198772131546386
2003-06-04 00:00:00,5.197980179054719
2003-06-05 00:00:00,5.260485760487891
2003-06-06 00:00:00,5.157128524961038
2003-06-09 00:00:00,5.197188467809719
2003-06-10 00:00:00,5.173156592693255
2003-06-11 00:00:00,5.225442708331501
2003-06-12 00:00:00,5.207896960531853
2003-06-13 00:00:00,5.230649327110402
2003-06-16 00:00:00,5.245928339673258
2003-06-17 00:00:00,5.229046185794914
2003-06-18 00:00:00,5.168063746369513
2003-06-19 00:00:00,5.1520671727924965
2003-06-20 00:00:00,5.135009915034568
2003-06-23 00:00:00,5.143524402382379
2003-06-24 00:00:00,5.127293897130684
2003-06-25 00:00:00,5.147792243404194
2003-06-26 00:00:00,5.063007772891861
2003-06-27 00:00:00,5.052138123394241
2003-06-30 00:00:00,5.04802735193501
2003-07-01 00:00:00,5.086781372202103
2003-07-02 00:00:00,5.086781372202103
2003-07-03 00:00:00,5.083089026042568
2003-07-07 00:00:00,5.163162092483236
2003-07-08 00:00:00,5.193441818541699
2003-07-09 00:00:00,5.1567115392223535
2003-07-10 00:00:00,5.135780046189953
2003-07-11 00:00:00,5.177689459401332
2003-07-14 00:00:00,5.176669216034564
2003-07-15 00:00:00,5.211078372040079
2003-07-16 00:00:00,5.189878437723909
2003-07-17 00:00:00,5.193926250701885
2003-07-18 00:00:00,5.157599781840125
2003-07-21 00:00:00,5.112177546849179
2003-07-22 00:00:00,5.138616991187135
2003-07-23 00:00:00,5.077397702307286
2003-07-24 00:00:00,5.098578179226552
2003-07-25 00:00:00,5.065438318822653
2003-07-28 00:00:00,5.075006975367516
2003-07-29 00:00:00,5.090187479127117
2003-07-30 00:00:00,5.143870094779224
2003-07-31 00:00:00,5.17795959312432
2003-08-01 00:00:00,5.152842591277051
2003-08-04 00:00:00,5.092026242167978
2003-08-05 00:00:00,5.097364562175283
2003-08-06 00:00:00,5.0861749718095055
2003-08-07 00:00:00,5.079850275966485
2003-08-08 00:00:00,5.116282869931571
2003-08-11 00:00:00,5.1223072695097525
2003-08-12 00:00:00,5.147859387944665
2003-08-13 00:00:00,5.147567044187642
2003-08-14 00:00:00,5.1681246319522325
2003-08-15 00:00:00,5.170380865475754
2003-08-18 00:00:00,5.243236161105721
2003-08-19 00:00:00,5.240823013620897
2003-08-20 00:00:00,5.234157276382686
2003-08-21 00:00:00,5.2878653402343945
2003-08-22 00:00:00,5.329860722366864
2003-08-25 00:00:00,5.315896990032557
2003-08-26 00:00:00,5.298061047921847
2003-08-27 00:00:00,5.300873855856676
2003-08-28 00:00:00,5.309529722686033
2003-08-29 00:00:00,5.267660748256217
2003-09-02 00:00:00,5.308945035171988
2003-09-03 00:00:00,5.311399363329738
2003-09-04 00:00:00,5.308360347657941
2003-09-05 00:00:00,5.225972991029229
2003-09-08 00:00:00,5.208569475068274
2003-09-09 00:00:00,5.202188431654056
2003-09-10 00:00:00,5.2197614362075555
2003-09-11 00:00:00,5.2159063309591085
2003-09-12 00:00:00,5.179339903468836
2003-09-15 00:00:00,5.184829395012926
2003-09-16 00:00:00,5.241978098143721
2003-09-17 00:00:00,5.201151463804356
2003-09-18 00:00:00,5.20658841810293
2003-09-19 00:00:00,5.1582648582601935
2003-09-22 00:00:00,5.0981944310458145
2003-09-23 00:00:00,5.091920417690252
2003-09-24 00:00:00,5.097236303134414
2003-09-25 00:00:00,5.065376914715544
2003-09-26 00:00:00,5.056372401047468
2003-09-29 00:00:00,5.007044963848758
2003-09-30 00:00:00,4.966211794805302
2003-10-01 00:00:00,4.940712739864501
2003-10-02 00:00:00,4.940712739864501
2003-10-03 00:00:00,4.861901101012473
2003-10-06 00:00:00,4.912672372441888
2003-10-07 00:00:00,4.940712739864501
2003-10-08 00:00:00,4.945605652610616
2003-10-09 00:00:00,4.9037665535024955
2003-10-10 00:00:00,4.951263377197952
2003-10-14 00:00:00,4.918254954683299
2003-10-15 00:00:00,4.8867870080406135
2003-10-16 00:00:00,4.889363262676573
2003-10-17 00:00:00,4.864086716252307
2003-10-20 00:00:00,4.880174802812864
2003-10-21 00:00:00,4.882744088584503
2003-10-22 00:00:00,4.939960843236915
2003-10-23 00:00:00,4.946736162893901
2003-10-24 00:00:00,4.968314487014582
2003-10-27 00:00:00,4.933578949906493
2003-10-28 00:00:00,4.886051433869161
2003-10-29 00:00:00,4.883846039405668
2003-10-30 00:00:00,4.899695502024117
2003-10-31 00:00:00,4.851364923166906
2003-11-03 00:00:00,4.771144660970055
2003-11-04 00:00:00,4.776058662680758
2003-11-05 00:00:00,4.75506961120776
2003-11-06 00:00:00,4.725992968029376
2003-11-07 00:00:00,4.761346930826516
2003-11-10 00:00:00,4.75193715428338
2003-11-12 00:00:00,4.818597595325432
2003-11-13 00:00:00,4.835826100694193
2003-11-14 00:00:00,4.869194134989841
2003-11-17 00:00:00,4.90154514170023
2003-11-18 00:00:00,4.972881302322446
2003-11-19 00:00:00,4.981657873067798
2003-11-20 00:00:00,4.98624926281256
2003-11-21 00:00:00,4.999689287779711
2003-11-24 00:00:00,4.919000257752655
2003-11-25 00:00:00,4.928709793639504
2003-11-26 00:00:00,4.997764850024598
2003-11-28 00:00:00,5.026009553442715
2003-12-01 00:00:00,4.992768238238833
2003-12-02 00:00:00,5.0424050797529745
2003-12-03 00:00:00,5.037318854889786
2003-12-04 00:00:00,5.030293305580315
2003-12-05 00:00:00,5.089844406257901
2003-12-08 00:00:00,5.126823454301473
2003-12-09 00:00:00,5.126418619853092
2003-12-10 00:00:00,5.129253804362767
2003-12-11 00:00:00,5.088647546780024
2003-12-12 00:00:00,5.141033053675923
2003-12-15 00:00:00,5.138184835917653
2003-12-16 00:00:00,5.154503009275072
2003-12-17 00:00:00,5.171749016316382
2003-12-18 00:00:00,5.170925161435249
2003-12-19 00:00:00,5.166809821075968
2003-12-22 00:00:00,5.177110478613999
2003-12-23 00:00:00,5.159418692030481
2003-12-24 00:00:00,5.207842563919425
2003-12-26 00:00:00,5.184138417457441
2003-12-29 00:00:00,5.196587321045349
2003-12-30 00:00:00,5.2136978318197515
2003-12-31 00:00:00,5.244019822440998
2004-01-02 00:00:00,5.239787360921674
2004-01-05 00:00:00,5.268703570996555
2004-01-06 00:00:00,5.290169931699767
2004-01-07 00:00:00,5.241902737328991
2004-01-08 00:00:00,5.298373084291157
2004-01-09 00:00:00,5.325755980460995
2004-01-12 00:00:00,5.310508417326751
2004-01-13 00:00:00,5.294484211533155
2004-01-14 00:00:00,5.291894799626634
2004-01-15 00:00:00,5.226289277235513
2004-01-16 00:00:00,5.12844343169441
2004-01-20 00:00:00,5.20700717050205
2004-01-21 00:00:00,5.224606905023301
2004-01-22 00:00:00,5.261871081359988
2004-01-23 00:00:00,5.2229256155928825
2004-01-26 00:00:00,5.2003336592293765
2004-01-27 00:00:00,5.240210299606066
2004-01-28 00:00:00,5.2229256155928825
2004-01-29 00:00:00,5.143884430854889
2004-01-30 00:00:00,5.155321639150285
2004-02-02 00:00:00,5.141033053675923
2004-02-03 00:00:00,5.20283422037342
2004-02-04 00:00:00,5.194924013908902
2004-02-05 00:00:00,5.2174688902852635
2004-02-06 00:00:00,5.259739561032128
2004-02-09 00:00:00,5.246986616165808
2004-02-10 00:00:00,5.264858113844744
2004-02-11 00:00:00,5.281132791167293
2004-02-12 00:00:00,5.275982560082857
2004-02-13 00:00:00,5.247410717896827
2004-02-17 00:00:00,5.2914634772042985
2004-02-18 00:00:00,5.278556419369017
2004-02-19 00:00:00,5.224606905023301
2004-02-20 00:00:00,5.163932978191181
2004-02-23 00:00:00,5.170925161435249
2004-02-24 00:00:00,5.235139537280827
2004-02-25 00:00:00,5.157779089681381
2004-02-26 00:00:00,5.12722835269464
2004-02-27 00:00:00,5.119949952824885
2004-03-01 00:00:00,5.110679792318313
2004-03-02 00:00:00,5.0081744504990775
2004-03-03 00:00:00,4.9793653475854835
2004-03-04 00:00:00,5.031852844661257
2004-03-05 00:00:00,5.101443140171267
2004-03-08 00:00:00,5.0767098374897985
2004-03-09 00:00:00,5.109071016118639
2004-03-10 00:00:00,5.032632976885235
2004-03-11 00:00:00,5.07829829488576
2004-03-12 00:00:00,5.046324555135604
2004-03-15 00:00:00,5.076418873531936
2004-03-16 00:00:00,5.076418873531936
2004-03-17 00:00:00,5.0903645107560855
2004-03-18 00:00:00,4.983771783157633
2004-03-19 00:00:00,5.039597311147359
2004-03-22 00:00:00,4.978250246161358
2004-03-23 00:00:00,4.995609619258375
2004-03-24 00:00:00,5.026626565272785
2004-03-25 00:00:00,5.054469111059834
2004-03-26 00:00:00,5.104831950440835
2004-03-29 00:00:00,5.102188273169302
2004-03-30 00:00:00,5.069532338353054
2004-03-31 00:00:00,5.023955125465294
2004-04-01 00:00:00,5.003366895939226
2004-04-02 00:00:00,5.124442361704309
2004-04-05 00:00:00,5.169202227491038
2004-04-06 00:00:00,5.122304223370365
2004-04-07 00:00:00,5.059426602280885
2004-04-08 00:00:00,5.0829344168107635
2004-04-09 00:00:00,5.078691546350898
2004-04-12 00:00:00,5.086690046534726
2004-04-13 00:00:00,5.158276365858022
2004-04-14 00:00:00,5.145313129672726
2004-04-15 00:00:00,5.161902442202486
2004-04-16 00:00:00,5.113742037804647
2004-04-19 00:00:00,5.1118908270895265
2004-04-20 00:00:00,5.177794685424281
2004-04-21 00:00:00,5.1926485145191394
2004-04-22 00:00:00,5.1983891704237974
2004-04-23 00:00:00,5.222826532252519
2004-04-26 00:00:00,5.188373572378983
2004-04-27 00:00:00,5.133431261463634
2004-04-28 00:00:00,5.181734630700916
2004-04-29 00:00:00,5.126270580370897
2004-04-30 00:00:00,5.138730575104161
2004-05-03 00:00:00,5.148440092573732
2004-05-04 00:00:00,5.078077722479823
2004-05-05 00:00:00,5.044009069509064
2004-05-06 00:00:00,5.078678177316956
2004-05-07 00:00:00,5.151109104502908
2004-05-10 00:00:00,5.154647473107239
2004-05-11 00:00:00,5.160089889817991
2004-05-12 00:00:00,5.099901548979704
2004-05-13 00:00:00,5.17131531170355
2004-05-14 00:00:00,5.143894144057977
2004-05-17 00:00:00,5.059612899174888
2004-05-18 00:00:00,5.0727906760342885
2004-05-19 00:00:00,5.0542583388052975
2004-05-20 00:00:00,5.0942372596186924
2004-05-21 00:00:00,5.061224894803181
2004-05-24 00:00:00,5.070438069337168
2004-05-25 00:00:00,5.017827832078369
2004-05-26 00:00:00,5.031218445164843
2004-05-27 00:00:00,4.922726103230863
2004-05-28 00:00:00,4.952809418754711
2004-06-01 00:00:00,4.942985695285254
2004-06-02 00:00:00,4.919909364772915
2004-06-03 00:00:00,4.919909364772915
2004-06-04 00:00:00,4.951548653292354
2004-06-07 00:00:00,4.9791662150963445
2004-06-08 00:00:00,4.9783613712888455
2004-06-09 00:00:00,4.9175527101195025
2004-06-10 00:00:00,4.950752712341817
2004-06-11 00:00:00,4.889836091685075
2004-06-14 00:00:00,4.900339319566976
2004-06-15 00:00:00,4.926204834209605
2004-06-16 00:00:00,4.858594829386093
2004-06-17 00:00:00,4.902289315316903
2004-06-18 00:00:00,4.950354837816996
2004-06-21 00:00:00,4.940032500357438
2004-06-22 00:00:00,4.9238421460397195
2004-06-23 00:00:00,4.913629965456037
2004-06-24 00:00:00,4.957526378024699
2004-06-25 00:00:00,4.926204834209605
2004-06-28 00:00:00,4.934887457695633
2004-06-29 00:00:00,4.882858917713586
2004-06-30 00:00:00,4.919909364772915
2004-07-01 00:00:00,4.9242357700021495
2004-07-02 00:00:00,4.9932932268933925
2004-07-06 00:00:00,4.989652915913884
2004-07-07 00:00:00,5.022608059927991
2004-07-08 00:00:00,5.029579917282347
2004-07-09 00:00:00,5.025066507338627
2004-07-12 00:00:00,5.031223168092534
2004-07-13 00:00:00,4.971129468723822
2004-07-14 00:00:00,5.012798278560944
2004-07-15 00:00:00,4.9916746553449665
2004-07-16 00:00:00,5.0213797380742555
2004-07-19 00:00:00,5.015655504189959
2004-07-20 00:00:00,4.975144596313455
2004-07-21 00:00:00,4.908539743960227
2004-07-22 00:00:00,4.943204016287367
2004-07-23 00:00:00,4.876287622463338
2004-07-26 00:00:00,4.875515691543208
2004-07-27 00:00:00,4.831158058584855
2004-07-28 00:00:00,4.826993593523774
2004-07-29 00:00:00,4.82964287650595
2004-07-30 00:00:00,4.813790656998818
2004-08-02 00:00:00,4.818309233960958
2004-08-03 00:00:00,4.816425463050817
2004-08-04 00:00:00,4.830440033384237
2004-08-05 00:00:00,4.830440033384237
2004-08-06 00:00:00,4.734055384867476
2004-08-09 00:00:00,4.745676525686236
2004-08-10 00:00:00,4.745676525686236
2004-08-11 00:00:00,4.772969935334402
2004-08-12 00:00:00,4.772969935334402
2004-08-13 00:00:00,4.701237090978193
2004-08-16 00:00:00,4.701237090978193
2004-08-17 00:00:00,4.7119966608260455
2004-08-18 00:00:00,4.7119966608260455
2004-08-19 00:00:00,4.6814787834910225
2004-08-20 00:00:00,4.6814787834910225
2004-08-23 00:00:00,4.621896326246592
2004-08-24 00:00:00,4.594655286995629
2004-08-25 00:00:00,4.591407925790747
2004-08-26 00:00:00,4.587085244548829
2004-08-27 00:00:00,4.557052885971893
2004-08-30 00:00:00,4.5713048105566365
2004-08-31 00:00:00,4.625186973104927
2004-09-01 00:00:00,4.633315217642747
2004-09-02 00:00:00,4.633315217642747
2004-09-03 00:00:00,4.668765515928973
2004-09-07 00:00:00,4.664155387791907
2004-09-08 00:00:00,4.635819589215414
2004-09-09 00:00:00,4.641414081413437
2004-09-10 00:00:00,4.611694606420512
2004-09-13 00:00:00,4.623623110384982
2004-09-14 00:00:00,4.618929762043171
2004-09-15 00:00:00,4.663644423639238
2004-09-16 00:00:00,4.666635256058792
2004-09-17 00:00:00,4.66383606074186
2004-09-20 00:00:00,4.671881745077417
2004-09-21 00:00:00,4.622762439639551
2004-09-22 00:00:00,4.627281114633248
2004-09-23 00:00:00,4.618173342673894
2004-09-24 00:00:00,4.637753188805669
2004-09-27 00:00:00,4.619485534691748
2004-09-28 00:00:00,4.628053726570974
2004-09-29 00:00:00,4.630357836269881
2004-09-30 00:00:00,4.574755939350069
2004-10-01 00:00:00,4.583866287645633
2004-10-04 00:00:00,4.645286195571721
2004-10-05 00:00:00,4.62929270633479
2004-10-06 00:00:00,4.635622928935488
2004-10-07 00:00:00,4.637916882202175
2004-10-08 00:00:00,4.579538438008343
2004-10-12 00:00:00,4.607584242047485
2004-10-13 00:00:00,4.620609739131313
2004-10-14 00:00:00,4.565207976545897
2004-10-15 00:00:00,4.517343266330377
2004-10-18 00:00:00,4.503732816031093
2004-10-19 00:00:00,4.503732816031093
2004-10-20 00:00:00,4.546991722481765
2004-10-21 00:00:00,4.551849619621168
2004-10-22 00:00:00,4.5537208066719055
2004-10-25 00:00:00,4.622509278213185
2004-10-26 00:00:00,4.609813247736195
2004-10-27 00:00:00,4.595279695640121
2004-10-28 00:00:00,4.630237934421533
2004-10-29 00:00:00,4.620195710005871
2004-11-01 00:00:00,4.6048309088419
2004-11-02 00:00:00,4.586907343399616
2004-11-03 00:00:00,4.627916625296655
2004-11-04 00:00:00,4.670847206236328
2004-11-05 00:00:00,4.691420139890766
2004-11-08 00:00:00,4.694601302894591
2004-11-09 00:00:00,4.690625522658399
2004-11-10 00:00:00,4.6969900077637705
2004-11-12 00:00:00,4.7226216039862186
2004-11-15 00:00:00,4.698982452833662
2004-11-16 00:00:00,4.716589131529455
2004-11-17 00:00:00,4.754240873094453
2004-11-18 00:00:00,4.73756788739632
2004-11-19 00:00:00,4.780915508981474
2004-11-22 00:00:00,4.764874928729385
2004-11-23 00:00:00,4.782566805245694
2004-11-24 00:00:00,4.818347644328001
2004-11-26 00:00:00,4.863193096105925
2004-11-29 00:00:00,4.85807439448736
2004-11-30 00:00:00,4.8495671282331125
2004-12-01 00:00:00,4.841512777233424
2004-12-02 00:00:00,4.811232294262542
2004-12-03 00:00:00,4.862339230230038
2004-12-06 00:00:00,4.866611560631789
2004-12-07 00:00:00,4.864901727848078
2004-12-08 00:00:00,4.780915508981474
2004-12-09 00:00:00,4.79747996288873
2004-12-10 00:00:00,4.769388286536672
2004-12-13 00:00:00,4.802055329595143
2004-12-14 00:00:00,4.788769338712639
2004-12-15 00:00:00,4.861485664140294
2004-12-16 00:00:00,4.793328097927337
2004-12-17 00:00:00,4.786700040752777
2004-12-20 00:00:00,4.823803010934539
2004-12-21 00:00:00,4.805388354290333
2004-12-22 00:00:00,4.805805307726713
2004-12-23 00:00:00,4.839820532292063
2004-12-24 00:00:00,4.848718040055184
2004-12-27 00:00:00,4.879473717870706
2004-12-28 00:00:00,4.885068457536636
2004-12-29 00:00:00,4.871319804006189
2004-12-30 00:00:00,4.883345633182011
2004-12-31 00:00:00,4.85339170798724
2005-01-03 00:00:00,4.8305342902102195
2005-01-04 00:00:00,4.744466864104024
2005-01-05 00:00:00,4.744873312049205
2005-01-06 00:00:00,4.720609066014691
2005-01-07 00:00:00,4.67045334105324
2005-01-10 00:00:00,4.6969900077637705
2005-01-11 00:00:00,4.710572050650653
2005-01-12 00:00:00,4.754648997471918
2005-01-13 00:00:00,4.723427099739926
2005-01-14 00:00:00,4.685467064677301
2005-01-18 00:00:00,4.678343286726107
2005-01-19 00:00:00,4.680715471271054
2005-01-20 00:00:00,4.65279789747567
2005-01-21 00:00:00,4.672817529026438
2005-01-24 00:00:00,4.671635135926989
2005-01-25 00:00:00,4.631012221701536
2005-01-26 00:00:00,4.682694130161512
2005-01-27 00:00:00,4.67045334105324
2005-01-28 00:00:00,4.663767781370022
2005-01-31 00:00:00,4.663375109164804
2005-02-01 00:00:00,4.63993517395915
2005-02-02 00:00:00,4.633924315049355
2005-02-03 00:00:00,4.633924315049355
2005-02-04 00:00:00,4.64518612837112
2005-02-07 00:00:00,4.7065668881220395
2005-02-08 00:00:00,4.699199510808612
2005-02-09 00:00:00,4.686547075364835
2005-02-10 00:00:00,4.654828816811807
2005-02-11 00:00:00,4.657612809848001
2005-02-14 00:00:00,4.611163899470301
2005-02-15 00:00:00,4.596470679752458
2005-02-16 00:00:00,4.585620055313072
2005-02-17 00:00:00,4.551318598060928
2005-02-18 00:00:00,4.549856070068136
2005-02-22 00:00:00,4.46638514477402
2005-02-23 00:00:00,4.474776983426985
2005-02-24 00:00:00,4.496223890171933
2005-02-25 00:00:00,4.493917569133412
2005-02-28 00:00:00,4.452066135877007
2005-03-01 00:00:00,4.480287460192427
2005-03-02 00:00:00,4.521117392046423
2005-03-03 00:00:00,4.5337247490071935
2005-03-04 00:00:00,4.490135671944113
2005-03-07 00:00:00,4.521125097318082
2005-03-08 00:00:00,4.459588026849857
2005-03-09 00:00:00,4.459735424179445
2005-03-10 00:00:00,4.433683271766538
2005-03-11 00:00:00,4.4145273083127785
2005-03-14 00:00:00,4.462918107750235
2005-03-15 00:00:00,4.462918107750235
2005-03-16 00:00:00,4.512884818034889
2005-03-17 00:00:00,4.496883064377583
2005-03-18 00:00:00,4.4636843397199755
2005-03-21 00:00:00,4.412173005803817
2005-03-22 00:00:00,4.422680860202261
2005-03-23 00:00:00,4.350159698268049
2005-03-24 00:00:00,4.336735519049039
2005-03-25 00:00:00,4.33250500466419
2005-03-28 00:00:00,4.33250500466419
2005-03-29 00:00:00,4.340565825717325
2005-03-30 00:00:00,4.340565825717325
2005-03-31 00:00:00,4.335958370094265
2005-04-01 00:00:00,4.368182184511913
2005-04-04 00:00:00,4.391439642495936
2005-04-05 00:00:00,4.381248924607527
2005-04-06 00:00:00,4.374227324108768
2005-04-07 00:00:00,4.356413997265356
2005-04-08 00:00:00,4.346425118141133
2005-04-11 00:00:00,4.32802333386396
2005-04-12 00:00:00,4.364644648743974
2005-04-13 00:00:00,4.35109294513372
2005-04-14 00:00:00,4.398986747097931
2005-04-15 00:00:00,4.354557311963551
2005-04-18 00:00:00,4.298152717929684
2005-04-19 00:00:00,4.292725830101792
2005-04-20 00:00:00,4.2753782950765755
2005-04-21 00:00:00,4.271767953032004
2005-04-22 00:00:00,4.283816717738886
2005-04-25 00:00:00,4.307223696252836
2005-04-26 00:00:00,4.310280507105922
2005-04-27 00:00:00,4.319554446749204
2005-04-28 00:00:00,4.318573895127293
2005-04-29 00:00:00,4.310999980870754
2005-05-02 00:00:00,4.3406253790833835
2005-05-03 00:00:00,4.337479316704765
2005-05-04 00:00:00,4.320864055206874
2005-05-05 00:00:00,4.33589317609118
2005-05-06 00:00:00,4.367668015759172
2005-05-09 00:00:00,4.367061360617531
2005-05-10 00:00:00,4.349956530855119
2005-05-11 00:00:00,4.370131754255605
2005-05-12 00:00:00,4.399984244594257
2005-05-13 00:00:00,4.425947763488426
2005-05-16 00:00:00,4.424308400998345
2005-05-17 00:00:00,4.4177930980000495
2005-05-18 00:00:00,4.411958464067265
2005-05-19 00:00:00,4.427727015215102
2005-05-20 00:00:00,4.4618871573701195
2005-05-23 00:00:00,4.453430376899292
2005-05-24 00:00:00,4.447004396372783
2005-05-25 00:00:00,4.436765738173841
2005-05-26 00:00:00,4.469064773133902
2005-05-27 00:00:00,4.456882146812019
2005-05-31 00:00:00,4.498272762119336
2005-06-01 00:00:00,4.525329142025738
2005-06-02 00:00:00,4.5204430426596796
2005-06-03 00:00:00,4.530116573313153
2005-06-06 00:00:00,4.511305642125193
2005-06-07 00:00:00,4.502715961492529
2005-06-08 00:00:00,4.499790561672805
2005-06-09 00:00:00,4.531427280977737
2005-06-10 00:00:00,4.575523936136732
2005-06-13 00:00:00,4.60410212608828
2005-06-14 00:00:00,4.603216466384987
2005-06-15 00:00:00,4.581860022048019
2005-06-16 00:00:00,4.591871561656124
2005-06-17 00:00:00,4.555806655345628
2005-06-20 00:00:00,4.584965571825383
2005-06-21 00:00:00,4.578288863216816
2005-06-22 00:00:00,4.580934171213523
2005-06-23 00:00:00,4.601470261742457
2005-06-24 00:00:00,4.592612541651037
2005-06-27 00:00:00,4.574714460865702
2005-06-28 00:00:00,4.605488553074437
2005-06-29 00:00:00,4.603651449696417
2005-06-30 00:00:00,4.616384147576638
2005-07-01 00:00:00,4.659227440947724
2005-07-05 00:00:00,4.680793435708794
2005-07-06 00:00:00,4.682071324173219
2005-07-07 00:00:00,4.662491297452346
2005-07-08 00:00:00,4.675149671147441
2005-07-11 00:00:00,4.633424063167727
2005-07-12 00:00:00,4.591465378209959
2005-07-13 00:00:00,4.637298786716545
2005-07-14 00:00:00,4.636737240962188
2005-07-15 00:00:00,4.656055278571006
2005-07-18 00:00:00,4.641537248163446
2005-07-19 00:00:00,4.677993247786685
2005-07-20 00:00:00,4.658086745052297
2005-07-21 00:00:00,4.631741118658442
2005-07-22 00:00:00,4.651405160615332
2005-07-25 00:00:00,4.655485573856589
2005-07-26 00:00:00,4.6681698040494375
2005-07-27 00:00:00,4.661463959946348
2005-07-28 00:00:00,4.628303784320403
2005-07-29 00:00:00,4.6249215577408975
2005-08-01 00:00:00,4.5962565634547
2005-08-02 00:00:00,4.5874042368060195
2005-08-03 00:00:00,4.542935742204326
2005-08-04 00:00:00,4.532219040603474
2005-08-05 00:00:00,4.557714679411245
2005-08-08 00:00:00,4.539248827293225
2005-08-09 00:00:00,4.542590350926496
2005-08-10 00:00:00,4.539076623464369
2005-08-11 00:00:00,4.498915136372425
2005-08-12 00:00:00,4.499664581884515
2005-08-15 00:00:00,4.520281802992825
2005-08-16 00:00:00,4.526612957449628
2005-08-17 00:00:00,4.534559882574961
2005-08-18 00:00:00,4.569026470791197
2005-08-19 00:00:00,4.5851189580893825
2005-08-22 00:00:00,4.56434095612831
2005-08-23 00:00:00,4.573739970551976
2005-08-24 00:00:00,4.561261406358547
2005-08-25 00:00:00,4.519274568841223
2005-08-26 00:00:00,4.514078240605244
2005-08-29 00:00:00,4.546911119016565
2005-08-30 00:00:00,4.56638727392429
2005-08-31 00:00:00,4.514980138325702
2005-09-01 00:00:00,4.465994820017392
2005-09-02 00:00:00,4.42723002973368
2005-09-06 00:00:00,4.452679084678642
2005-09-07 00:00:00,4.452679084678642
2005-09-08 00:00:00,4.437290465434052
2005-09-09 00:00:00,4.447657131308343
2005-09-12 00:00:00,4.392105646056522
2005-09-13 00:00:00,4.3729717204697405
2005-09-14 00:00:00,4.388963190311668
2005-09-15 00:00:00,4.356408740703107
2005-09-16 00:00:00,4.343726826981155
2005-09-19 00:00:00,4.326366896867837
2005-09-20 00:00:00,4.3277234436725305
2005-09-21 00:00:00,4.343726826981155
2005-09-22 00:00:00,4.31757002979045
2005-09-23 00:00:00,4.284066731662178
2005-09-26 00:00:00,4.268169151212251
2005-09-27 00:00:00,4.257636151070447
2005-09-28 00:00:00,4.258271323111297
2005-09-29 00:00:00,4.258271323111297
2005-09-30 00:00:00,4.23358035143677
2005-10-03 00:00:00,4.276748211034586
2005-10-04 00:00:00,4.275200884862854
2005-10-05 00:00:00,4.243782457037435
2005-10-06 00:00:00,4.1845565171728145
2005-10-07 00:00:00,4.20089567154803
2005-10-11 00:00:00,4.228786890736631
2005-10-12 00:00:00,4.218535837228478
2005-10-13 00:00:00,4.262628028564468
2005-10-14 00:00:00,4.215370131582716
2005-10-17 00:00:00,4.237767798062594
2005-10-18 00:00:00,4.27364972974352
2005-10-19 00:00:00,4.248510326792382
2005-10-20 00:00:00,4.2386890848335375
2005-10-21 00:00:00,4.238775297086363
2005-10-24 00:00:00,4.218916997323438
2005-10-25 00:00:00,4.186710002221939
2005-10-26 00:00:00,4.202673881999862
2005-10-27 00:00:00,4.1756875286886235
2005-10-28 00:00:00,4.187669900797645
2005-10-31 00:00:00,4.2320057227956625
2005-11-01 00:00:00,4.232755971919885
2005-11-02 00:00:00,4.191334128946616
2005-11-03 00:00:00,4.228948123564253
2005-11-04 00:00:00,4.281835437402004
2005-11-07 00:00:00,4.289995518741935
2005-11-08 00:00:00,4.296514938578528
2005-11-09 00:00:00,4.300446684652525
2005-11-10 00:00:00,4.295382211868692
2005-11-14 00:00:00,4.327695767087206
2005-11-15 00:00:00,4.325866775369142
2005-11-16 00:00:00,4.34392602141656
2005-11-17 00:00:00,4.332655008289826
2005-11-18 00:00:00,4.3222778891372124
2005-11-21 00:00:00,4.322667875683729
2005-11-22 00:00:00,4.324009092608665
2005-11-23 00:00:00,4.307531110400976
2005-11-25 00:00:00,4.324153677710418
2005-11-28 00:00:00,4.296149317992972
2005-11-29 00:00:00,4.303279106265623
2005-11-30 00:00:00,4.307829945123063
2005-12-01 00:00:00,4.3272913552880565
2005-12-02 00:00:00,4.323246985252355
2005-12-05 00:00:00,4.28623555061168
2005-12-06 00:00:00,4.2805008358521315
2005-12-07 00:00:00,4.302130782101244
2005-12-08 00:00:00,4.257581049014296
2005-12-09 00:00:00,4.266141711056199
2005-12-12 00:00:00,4.218508304784294
2005-12-13 00:00:00,4.2420896320880646
2005-12-14 00:00:00,4.187184009045428
2005-12-15 00:00:00,4.220766934405047
2005-12-16 00:00:00,4.223178978963929
2005-12-19 00:00:00,4.23451898297832
2005-12-20 00:00:00,4.292233666201605
2005-12-21 00:00:00,4.305755113275257
2005-12-22 00:00:00,4.28949465294764
2005-12-23 00:00:00,4.301113291826314
2005-12-27 00:00:00,4.301507923674067
2005-12-28 00:00:00,4.297103872957452
2005-12-29 00:00:00,4.301338074272851
2005-12-30 00:00:00,4.302690652146895
2006-01-03 00:00:00,4.234296089537491
2006-01-04 00:00:00,4.1883865281740045
2006-01-05 00:00:00,4.177672943332707
2006-01-06 00:00:00,4.151888854909725
2006-01-09 00:00:00,4.185292842558311
2006-01-10 00:00:00,4.188754743226438
2006-01-11 00:00:00,4.164472682400765
2006-01-12 00:00:00,4.20636948650955
2006-01-13 00:00:00,4.18599955075735
2006-01-17 00:00:00,4.195904730765925
2006-01-18 00:00:00,4.195904730765925
2006-01-19 00:00:00,4.196231973374781
2006-01-20 00:00:00,4.194923309107395
2006-01-23 00:00:00,4.268471746339663
2006-01-24 00:00:00,4.271860767178361
2006-01-25 00:00:00,4.257999870418759
2006-01-26 00:00:00,4.241886342053883
2006-01-27 00:00:00,4.204101137881813
2006-01-30 00:00:00,4.182531589133353
2006-01-31 00:00:00,4.208705128489632
2006-02-01 00:00:00,4.190023079402807
2006-02-02 00:00:00,4.188718284360564
2006-02-03 00:00:00,4.156681579311762
2006-02-06 00:00:00,4.13527679368315
2006-02-07 00:00:00,4.144514432492024
2006-02-08 00:00:00,4.12861313402482
2006-02-09 00:00:00,4.135594647395192
2006-02-10 00:00:00,4.123234451882248
2006-02-13 00:00:00,4.11535003538408
2006-02-14 00:00:00,4.108122956601623
2006-02-15 00:00:00,4.103729888274938
2006-02-16 00:00:00,4.103729888274938
2006-02-17 00:00:00,4.102243190586368
2006-02-21 00:00:00,4.089142016849798
2006-02-22 00:00:00,4.098954292474046
2006-02-23 00:00:00,4.088985071604992
2006-02-24 00:00:00,4.112218965818716
2006-02-27 00:00:00,4.125318824739225
2006-02-28 00:00:00,4.0970709784587
2006-03-01 00:00:00,4.113688291435069
2006-03-02 00:00:00,4.074544868447675
2006-03-03 00:00:00,4.058091130697683
2006-03-06 00:00:00,4.0616827047157384
2006-03-07 00:00:00,4.100587088417246
2006-03-08 00:00:00,4.088435470468797
2006-03-09 00:00:00,4.103239666436254
2006-03-10 00:00:00,4.123196205831497
2006-03-13 00:00:00,4.1043283257763905
2006-03-14 00:00:00,4.062178687602515
2006-03-15 00:00:00,4.0590755862469114
2006-03-16 00:00:00,4.037047036216252
2006-03-17 00:00:00,4.024532790312616
2006-03-20 00:00:00,4.030122037175721
2006-03-21 00:00:00,4.0705283819300195
2006-03-22 00:00:00,4.06585116569885
2006-03-23 00:00:00,4.108049004003591
2006-03-24 00:00:00,4.089061723965078
2006-03-27 00:00:00,4.086627014509397
2006-03-28 00:00:00,4.058864911492579
2006-03-29 00:00:00,4.08584100618299
2006-03-30 00:00:00,4.053290775401485
2006-03-31 00:00:00,4.06451779720536
2006-04-03 00:00:00,4.070306288675752
2006-04-04 00:00:00,4.023322344148934
2006-04-05 00:00:00,4.009767667078547
2006-04-06 00:00:00,4.02770226223654
2006-04-07 00:00:00,4.06460830631106
2006-04-10 00:00:00,4.068810423100584
2006-04-11 00:00:00,4.053956794884153
2006-04-12 00:00:00,4.053083045043816
2006-04-13 00:00:00,4.047736894699717
2006-04-14 00:00:00,4.051015734338589
2006-04-17 00:00:00,3.9813168180840313
2006-04-18 00:00:00,3.9754629728513824
2006-04-19 00:00:00,3.956050873342354
2006-04-20 00:00:00,3.956050873342354
2006-04-21 00:00:00,3.9638072274976017
2006-04-24 00:00:00,3.9794115390773888
2006-04-25 00:00:00,3.9838027869332318
2006-04-26 00:00:00,3.987574434542162
2006-04-27 00:00:00,4.007811113934019
2006-04-28 00:00:00,4.07239593568785
2006-05-01 00:00:00,4.080615691734371
2006-05-02 00:00:00,4.094168161832476
2006-05-03 00:00:00,4.092179253325391
2006-05-04 00:00:00,4.110149301278516
2006-05-05 00:00:00,4.1235625322527465
2006-05-08 00:00:00,4.117180348470342
2006-05-09 00:00:00,4.135032803552477
2006-05-10 00:00:00,4.147587884278837
2006-05-11 00:00:00,4.174996361954561
2006-05-12 00:00:00,4.204867384178196
2006-05-15 00:00:00,4.181559192340689
2006-05-16 00:00:00,4.170862019955596
2006-05-17 00:00:00,4.150312527329768
2006-05-18 00:00:00,4.169141793105825
2006-05-19 00:00:00,4.148949758481523
2006-05-22 00:00:00,4.194746946453806
2006-05-23 00:00:00,4.182943470812043
2006-05-24 00:00:00,4.146907282394315
2006-05-25 00:00:00,4.148268709604557
2006-05-26 00:00:00,4.1208728868994635
2006-05-30 00:00:00,4.173617337557548
2006-05-31 00:00:00,4.1567979239922614
2006-06-01 00:00:00,4.143847336051644
2006-06-02 00:00:00,4.182943470812043
2006-06-05 00:00:00,4.202420051369578
2006-06-06 00:00:00,4.15816585420172
2006-06-07 00:00:00,4.140113528655137
2006-06-08 00:00:00,4.09914890168872
2006-06-09 00:00:00,4.101810254651998
2006-06-12 00:00:00,4.094168161832476
2006-06-13 00:00:00,4.09052330510051
2006-06-14 00:00:00,4.118857954349434
2006-06-15 00:00:00,4.10347535583518
2006-06-16 00:00:00,4.100479146342846
2006-06-19 00:00:00,4.071739785533063
2006-06-20 00:00:00,4.075351230271078
2006-06-21 00:00:00,4.099481381930563
2006-06-22 00:00:00,4.069117297948789
2006-06-23 00:00:00,4.053453040165364
2006-06-26 00:00:00,4.058009310142265
2006-06-27 00:00:00,4.068134735819536
2006-06-28 00:00:00,4.05020482072457
2006-06-29 00:00:00,4.046637786855237
2006-06-30 00:00:00,4.126929530319418
2006-07-03 00:00:00,4.12490867198416
2006-07-05 00:00:00,4.097155152222918
2006-07-06 00:00:00,4.109480929979829
2006-07-07 00:00:00,4.135032803552477
2006-07-10 00:00:00,4.111152265968921
2006-07-11 00:00:00,4.1138292330963635
2006-07-12 00:00:00,4.094499834561075
2006-07-13 00:00:00,4.100479146342846
2006-07-14 00:00:00,4.089861301005172
2006-07-17 00:00:00,4.051178739806181
2006-07-18 00:00:00,4.034041500344953
2006-07-19 00:00:00,4.04437112569592
2006-07-20 00:00:00,4.064536064159381
2006-07-21 00:00:00,4.084903092040888
2006-07-24 00:00:00,4.05507910444656
2006-07-25 00:00:00,4.0324322608761705
2006-07-26 00:00:00,4.04609905579997
2006-07-27 00:00:00,4.04609905579997
2006-07-28 00:00:00,4.03897703137133
2006-07-31 00:00:00,4.031501726411798
2006-08-01 00:00:00,4.033247058988092
2006-08-02 00:00:00,4.025091472189645
2006-08-03 00:00:00,4.037718237434047
2006-08-04 00:00:00,3.9966504162622587
2006-08-07 00:00:00,4.001107248997531
2006-08-08 00:00:00,4.013549015084568
2006-08-09 00:00:00,4.0023143518454845
2006-08-10 00:00:00,4.049986908157733
2006-08-11 00:00:00,4.054646066325893
2006-08-14 00:00:00,4.059293392616452
2006-08-15 00:00:00,4.048962770289389
2006-08-16 00:00:00,4.015808035781526
2006-08-17 00:00:00,4.01690268760061
2006-08-18 00:00:00,4.037459833590062
2006-08-21 00:00:00,3.9997853718616825
2006-08-22 00:00:00,4.037651278423561
2006-08-23 00:00:00,4.042663202958845
2006-08-24 00:00:00,4.050271941618793
2006-08-25 00:00:00,4.048081940290221
2006-08-28 00:00:00,4.042292927457349
2006-08-29 00:00:00,4.041405684478075
2006-08-30 00:00:00,4.02044078361976
2006-08-31 00:00:00,4.034381854052885
2006-09-01 00:00:00,4.024931243485995
2006-09-05 00:00:00,4.0375267335125065
2006-09-06 00:00:00,4.047433169952009
2006-09-07 00:00:00,4.055990063769912
2006-09-08 00:00:00,4.079973061489276
2006-09-11 00:00:00,4.070411780654838
2006-09-12 00:00:00,4.080149756615184
2006-09-13 00:00:00,4.082802616893235
2006-09-14 00:00:00,4.085131389358775
2006-09-15 00:00:00,4.110648616828966
2006-09-18 00:00:00,4.098059570096734
2006-09-19 00:00:00,4.088588924114512
2006-09-20 00:00:00,4.083881267603217
2006-09-21 00:00:00,4.090357662901538
2006-09-22 00:00:00,4.0351594492263185
2006-09-25 00:00:00,4.046692642877631
2006-09-26 00:00:00,4.063011616121609
2006-09-27 00:00:00,4.067621367512906
2006-09-28 00:00:00,4.07479105278653
2006-09-29 00:00:00,4.08417266313721
2006-10-02 00:00:00,4.0588467930306145
2006-10-03 00:00:00,4.067335986526411
2006-10-04 00:00:00,4.087626877235233
2006-10-05 00:00:00,4.091219142470044
2006-10-06 00:00:00,4.115670324469441
2006-10-10 00:00:00,4.141680930023556
2006-10-11 00:00:00,4.144859294444295
2006-10-12 00:00:00,4.14648476144492
2006-10-13 00:00:00,4.159824146489416
2006-10-16 00:00:00,4.14818514466643
2006-10-17 00:00:00,4.126190202160779
2006-10-18 00:00:00,4.149574280780764
2006-10-19 00:00:00,4.1182081644776565
2006-10-20 00:00:00,4.107277520864355
2006-10-23 00:00:00,4.136171303354573
2006-10-24 00:00:00,4.129087319697465
2006-10-25 00:00:00,4.125732610860554
2006-10-26 00:00:00,4.100027336903136
2006-10-27 00:00:00,4.0771952507377005
2006-10-30 00:00:00,4.074400179052679
2006-10-31 00:00:00,4.053548542526592
2006-11-01 00:00:00,4.056228396151757
2006-11-02 00:00:00,4.059226907217709
2006-11-03 00:00:00,4.092926864581702
2006-11-06 00:00:00,4.098083065495774
2006-11-07 00:00:00,4.06401017878577
2006-11-08 00:00:00,4.0746946486477595
2006-11-09 00:00:00,4.050949067617594
2006-11-10 00:00:00,4.039996397330755
2006-11-13 00:00:00,4.056953372654509
2006-11-14 00:00:00,4.0593027674777185
2006-11-15 00:00:00,4.066474829163225
2006-11-16 00:00:00,4.0646349240234745
2006-11-17 00:00:00,4.056669028504272
2006-11-20 00:00:00,4.052314957284146
2006-11-21 00:00:00,4.052314957284146
2006-11-22 00:00:00,4.099519342987278
2006-11-24 00:00:00,4.154342038510138
2006-11-27 00:00:00,4.165000368659424
2006-11-28 00:00:00,4.172251654328621
2006-11-29 00:00:00,4.159836291495439
2006-11-30 00:00:00,4.205724507313372
2006-12-01 00:00:00,4.212413112455998
2006-12-04 00:00:00,4.212413112455998
2006-12-05 00:00:00,4.225144778315155
2006-12-06 00:00:00,4.217355187673829
2006-12-07 00:00:00,4.21029862415392
2006-12-08 00:00:00,4.180222564541225
2006-12-11 00:00:00,4.181264494392806
2006-12-12 00:00:00,4.183349913093251
2006-12-13 00:00:00,4.171905782517766
2006-12-14 00:00:00,4.150230863806022
2006-12-15 00:00:00,4.122691853404754
2006-12-18 00:00:00,4.110569260353819
2006-12-19 00:00:00,4.145103323821087
2006-12-20 00:00:00,4.1355657370787915
2006-12-21 00:00:00,4.136925561406643
2006-12-22 00:00:00,4.122691853404754
2006-12-26 00:00:00,4.125057332337034
2006-12-27 00:00:00,4.10721451518092
2006-12-28 00:00:00,4.122691853404754
2006-12-29 00:00:00,4.126748622756196
2007-01-02 00:00:00,4.150573150887573
2007-01-03 00:00:00,4.103865241336688
2007-01-04 00:00:00,4.086868560541807
2007-01-05 00:00:00,4.069682957667138
2007-01-08 00:00:00,4.072647038481169
2007-01-09 00:00:00,4.052967661634195
2007-01-10 00:00:00,4.038089181868205
2007-01-11 00:00:00,4.038089181868205
2007-01-12 00:00:00,4.038827413547866
2007-01-16 00:00:00,4.0369779040098
2007-01-17 00:00:00,4.028964064386046
2007-01-18 00:00:00,4.041684993102681
2007-01-19 00:00:00,4.035958039112531
2007-01-22 00:00:00,4.037343659652414
2007-01-23 00:00:00,4.011071970859544
2007-01-24 00:00:00,4.035909050227211
2007-01-25 00:00:00,4.022041367624936
2007-01-26 00:00:00,4.052521324113477
2007-01-29 00:00:00,4.0503633226764375
2007-01-30 00:00:00,4.050773429307961
2007-01-31 00:00:00,4.031186326931546
2007-02-01 00:00:00,4.0169681799215216
2007-02-02 00:00:00,4.032666059035208
2007-02-05 00:00:00,4.034052457499915
2007-02-06 00:00:00,4.012024535794022
2007-02-07 00:00:00,4.006552637772286
2007-02-08 00:00:00,4.0301179923270265
2007-02-09 00:00:00,4.034094622379647
2007-02-12 00:00:00,4.04932673823909
2007-02-13 00:00:00,4.035246873533053
2007-02-14 00:00:00,4.005720152501397
2007-02-15 00:00:00,3.9933209971320234
2007-02-16 00:00:00,3.986150827314925
2007-02-20 00:00:00,3.995164312214729
2007-02-21 00:00:00,4.002823751317054
2007-02-22 00:00:00,3.9993072642309344
2007-02-23 00:00:00,3.98224182780845
2007-02-26 00:00:00,3.9803519268386176
2007-02-27 00:00:00,3.9392479613811515
2007-02-28 00:00:00,3.9335949522103646
2007-03-01 00:00:00,3.9458772581703956
2007-03-02 00:00:00,3.927695618564821
2007-03-05 00:00:00,3.941502293703439
2007-03-06 00:00:00,3.941502293703439
2007-03-07 00:00:00,3.9521567478066677
2007-03-08 00:00:00,3.9267461200637914
2007-03-09 00:00:00,3.9124172540726403
2007-03-12 00:00:00,3.9386064960999017
2007-03-13 00:00:00,3.948922047571108
2007-03-14 00:00:00,3.9746214331677896
2007-03-15 00:00:00,3.9736393985524465
2007-03-16 00:00:00,3.9943645647175927
2007-03-19 00:00:00,3.9792106867813444
2007-03-20 00:00:00,3.9752763926195764
2007-03-21 00:00:00,3.9706962041991436
2007-03-22 00:00:00,3.9824952189206604
2007-03-23 00:00:00,3.9648228759325987
2007-03-26 00:00:00,3.972984978361644
2007-03-27 00:00:00,3.977570451543594
2007-03-28 00:00:00,3.97200375213829
2007-03-29 00:00:00,3.965800557062617
2007-03-30 00:00:00,3.978882531521013
2007-04-02 00:00:00,3.9746214331677896
2007-04-03 00:00:00,3.957343305218487
2007-04-04 00:00:00,3.9566942412025425
2007-04-05 00:00:00,3.9726578490921205
2007-04-06 00:00:00,3.9498919015328533
2007-04-09 00:00:00,3.9386064960999017
2007-04-10 00:00:00,3.9661265579304397
2007-04-11 00:00:00,3.9566942412025425
2007-04-12 00:00:00,3.968736495617652
2007-04-13 00:00:00,3.9697161080486913
2007-04-16 00:00:00,3.976914736005918
2007-04-17 00:00:00,3.9900702594462287
2007-04-18 00:00:00,4.001984868714648
2007-04-19 00:00:00,4.005972233246745
2007-04-20 00:00:00,3.9937033008214384
2007-04-23 00:00:00,3.991390600365966
2007-04-24 00:00:00,4.01030085422856
2007-04-25 00:00:00,4.010634212570557
2007-04-26 00:00:00,3.9900702594462287
2007-04-27 00:00:00,3.9937033008214384
2007-04-30 00:00:00,3.999331032594811
2007-05-01 00:00:00,3.9706962041991436
2007-05-02 00:00:00,3.9749488859139728
2007-05-03 00:00:00,3.9706962041991436
2007-05-04 00:00:00,3.9824952189206604
2007-05-07 00:00:00,3.988750791767841
2007-05-08 00:00:00,3.9605918221329666
2007-05-09 00:00:00,3.9661265579304397
2007-05-10 00:00:00,3.957343305218487
2007-05-11 00:00:00,3.958642072302576
2007-05-14 00:00:00,3.9566942412025425
2007-05-15 00:00:00,3.9759315679624065
2007-05-16 00:00:00,3.9482757428170046
2007-05-17 00:00:00,3.9328276473120156
2007-05-18 00:00:00,3.933148249549507
2007-05-21 00:00:00,3.9206833721131
2007-05-22 00:00:00,3.922595900587301
2007-05-23 00:00:00,3.933468904061944
2007-05-24 00:00:00,3.924510295853571
2007-05-25 00:00:00,3.9286645694343947
2007-05-29 00:00:00,3.944832890542265
2007-05-30 00:00:00,3.944832890542265
2007-05-31 00:00:00,3.9423523537561396
2007-06-01 00:00:00,3.9572092293922414
2007-06-04 00:00:00,3.9351219791426244
2007-06-05 00:00:00,3.9206202173479174
2007-06-06 00:00:00,3.9168086206062256
2007-06-07 00:00:00,3.938317222610975
2007-06-08 00:00:00,3.9707271061871636
2007-06-11 00:00:00,3.983467565769126
2007-06-12 00:00:00,3.9951827870822303
2007-06-13 00:00:00,4.002148663449996
2007-06-14 00:00:00,4.003482039653407
2007-06-15 00:00:00,3.9957554412155902
2007-06-18 00:00:00,3.989570744125138
2007-06-19 00:00:00,3.9871443816121523
2007-06-20 00:00:00,3.978094188244537
2007-06-21 00:00:00,3.9873196767293755
2007-06-22 00:00:00,3.9592359271906084
2007-06-25 00:00:00,3.955499067774508
2007-06-26 00:00:00,3.948553710869543
2007-06-27 00:00:00,3.9505690947375642
2007-06-28 00:00:00,3.948741142048135
2007-06-29 00:00:00,3.9337216556877346
2007-07-02 00:00:00,3.891741108597387
2007-07-03 00:00:00,3.9046569557428636
2007-07-05 00:00:00,3.9129266083948093
2007-07-06 00:00:00,3.9136779099455943
2007-07-09 00:00:00,3.9086793292564224
2007-07-10 00:00:00,3.9086793292564224
2007-07-11 00:00:00,3.9184153289141515
2007-07-12 00:00:00,3.9219973590494512
2007-07-13 00:00:00,3.926565789287132
2007-07-16 00:00:00,3.926892513017311
2007-07-17 00:00:00,3.922975413253703
2007-07-18 00:00:00,3.9337662933601774
2007-07-19 00:00:00,3.9252594378642645
2007-07-20 00:00:00,3.9334384248576466
2007-07-23 00:00:00,3.9151646110371696
2007-07-24 00:00:00,3.9164642507420777
2007-07-25 00:00:00,3.887429507532294
2007-07-26 00:00:00,3.9106226567320226
2007-07-27 00:00:00,3.9090030830317275
2007-07-30 00:00:00,3.9278730105236828
2007-07-31 00:00:00,3.925912504903257
2007-08-01 00:00:00,3.928526947593611
2007-08-02 00:00:00,3.9132167679471013
2007-08-03 00:00:00,3.9548641767738246
2007-08-06 00:00:00,3.974850014439657
2007-08-07 00:00:00,3.947916531825502
2007-08-08 00:00:00,3.9505603734674404
2007-08-09 00:00:00,3.943627828314702
2007-08-10 00:00:00,3.9429688546613786
2007-08-13 00:00:00,3.9141904471628144
2007-08-14 00:00:00,3.901892866592976
2007-08-15 00:00:00,3.874344817456863
2007-08-16 00:00:00,3.87625414549832
2007-08-17 00:00:00,3.9187406976203647
2007-08-20 00:00:00,3.911270862045587
2007-08-21 00:00:00,3.9219973590494512
2007-08-22 00:00:00,3.9125679175461823
2007-08-23 00:00:00,3.9128923158479436
2007-08-24 00:00:00,3.9278730105236828
2007-08-27 00:00:00,3.922323322925702
2007-08-28 00:00:00,3.9308174430653047
2007-08-29 00:00:00,3.9373764576540995
2007-08-30 00:00:00,3.922323322925702
2007-08-31 00:00:00,3.909650751507087
2007-09-03 00:00:00,3.909650751507087
2007-09-04 00:00:00,3.8973816352664996
2007-09-05 00:00:00,3.924606588061709
2007-09-06 00:00:00,3.9301627432913095
2007-09-07 00:00:00,3.971839271287835
2007-09-10 00:00:00,3.9792069326679633
2007-09-11 00:00:00,3.9778653254755603
2007-09-12 00:00:00,3.984582423289602
2007-09-13 00:00:00,3.9758546100625143
2007-09-14 00:00:00,3.9611712457144574
2007-09-17 00:00:00,3.9745152620382385
2007-09-18 00:00:00,3.968833085648141
2007-09-19 00:00:00,3.9805494451283776
2007-09-20 00:00:00,4.034657965413529
2007-09-21 00:00:00,4.021593031226421
2007-09-24 00:00:00,4.020222695412049
2007-09-25 00:00:00,4.040184420977831
2007-09-26 00:00:00,4.030178840430576
2007-09-27 00:00:00,4.021593031226421
2007-09-28 00:00:00,4.043299710541642
2007-10-01 00:00:00,4.039492786222892
2007-10-02 00:00:00,4.016459082675919
2007-10-03 00:00:00,4.002492937108137
2007-10-04 00:00:00,4.0157755464127
2007-10-05 00:00:00,4.0130437263131
2007-10-08 00:00:00,4.0130437263131
2007-10-09 00:00:00,3.986601978496541
2007-10-10 00:00:00,3.9967305404337776
2007-10-11 00:00:00,3.9991012813695486
2007-10-12 00:00:00,3.9818928637733753
2007-10-15 00:00:00,3.9997791525927666
2007-10-16 00:00:00,3.988960715192464
2007-10-17 00:00:00,3.9940245617334162
2007-10-18 00:00:00,4.034657965413529
2007-10-19 00:00:00,4.0274273955830395
2007-10-22 00:00:00,4.007250931599053
2007-10-23 00:00:00,4.024336507328562
2007-10-24 00:00:00,4.024679705052195
2007-10-25 00:00:00,4.043646150410594
2007-10-26 00:00:00,4.058948501027096
2007-10-29 00:00:00,4.04954472468183
2007-10-30 00:00:00,4.063141990653641
2007-10-31 00:00:00,4.0722576772320345
2007-11-01 00:00:00,4.071555018673284
2007-11-02 00:00:00,4.088486028020623
2007-11-05 00:00:00,4.09096690546481
2007-11-06 00:00:00,4.120614181563088
2007-11-07 00:00:00,4.163510738548041
2007-11-08 00:00:00,4.189382531863475
2007-11-09 00:00:00,4.201691080968843
2007-11-13 00:00:00,4.192732251371894
2007-11-14 00:00:00,4.205435236271792
2007-11-15 00:00:00,4.204685871475593
2007-11-16 00:00:00,4.2250129114988395
2007-11-19 00:00:00,4.227662297002781
2007-11-20 00:00:00,4.252040203751873
2007-11-21 00:00:00,4.2759259057209436
2007-11-22 00:00:00,4.2759259057209436
2007-11-23 00:00:00,4.280191748725017
2007-11-26 00:00:00,4.288359311353207
2007-11-27 00:00:00,4.269349938614262
2007-11-28 00:00:00,4.218969624659579
2007-11-29 00:00:00,4.222366844541653
2007-11-30 00:00:00,4.181216817705506
2007-12-03 00:00:00,4.179735561194053
2007-12-04 00:00:00,4.224256554013789
2007-12-05 00:00:00,4.195341294465468
2007-12-06 00:00:00,4.185295691862544
2007-12-07 00:00:00,4.177885465779219
2007-12-10 00:00:00,4.185295691862544
2007-12-11 00:00:00,4.1653481219278055
2007-12-12 00:00:00,4.156177386300488
2007-12-13 00:00:00,4.128183539314385
2007-12-14 00:00:00,4.09096690546481
2007-12-17 00:00:00,4.09593770364885
2007-12-18 00:00:00,4.093450795510629
2007-12-19 00:00:00,4.081414357990317
2007-12-20 00:00:00,4.081414357990317
2007-12-21 00:00:00,4.080355716880689
2007-12-24 00:00:00,4.080002958540853
2007-12-26 00:00:00,4.10234650742716
2007-12-27 00:00:00,4.13650576049102
2007-12-28 00:00:00,4.185666893254284
2007-12-31 00:00:00,4.165715793224649
2008-01-02 00:00:00,4.223500467284952
2008-01-03 00:00:00,4.238673811877318
2008-01-04 00:00:00,4.265491162458609
2008-01-07 00:00:00,4.22274465116697
2008-01-08 00:00:00,4.237151573122828
2008-01-09 00:00:00,4.2322118394262445
2008-01-10 00:00:00,4.263564388963958
2008-01-11 00:00:00,4.280191748725017
2008-01-14 00:00:00,4.318575605915267
2008-01-15 00:00:00,4.322927014879734
2008-01-16 00:00:00,4.287190608779255
2008-01-17 00:00:00,4.293040500449563
2008-01-18 00:00:00,4.286411827560586
2008-01-22 00:00:00,4.295775916752416
2008-01-23 00:00:00,4.330463775136909
2008-01-24 00:00:00,4.34201805331144
2008-01-25 00:00:00,4.295775916752416
2008-01-28 00:00:00,4.338425650068215
2008-01-29 00:00:00,4.313838594281722
2008-01-30 00:00:00,4.318970826525308
2008-01-31 00:00:00,4.351626945268976
2008-02-01 00:00:00,4.361278460534335
2008-02-04 00:00:00,4.33284926748458
2008-02-05 00:00:00,4.288359311353207
2008-02-06 00:00:00,4.299298006872738
2008-02-07 00:00:00,4.271281946007969
2008-02-08 00:00:00,4.275538523413847
2008-02-11 00:00:00,4.281356638069676
2008-02-12 00:00:00,4.287969673036711
2008-02-13 00:00:00,4.261639355376743
2008-02-14 00:00:00,4.2965581046469445
2008-02-15 00:00:00,4.3245115203374
2008-02-19 00:00:00,4.317785381650691
2008-02-20 00:00:00,4.289138800458242
2008-02-21 00:00:00,4.323323032378349
2008-02-22 00:00:00,4.347217595932392
2008-02-25 00:00:00,4.347217595932392
2008-02-26 00:00:00,4.350022510963411
2008-02-27 00:00:00,4.436720336696629
2008-02-28 00:00:00,4.480527316191213
2008-02-29 00:00:00,4.522606058595309
2008-03-03 00:00:00,4.524340352932801
2008-03-04 00:00:00,4.557986693204756
2008-03-05 00:00:00,4.553588790181594
2008-03-06 00:00:00,4.585890022489753
2008-03-07 00:00:00,4.604233582579712
2008-03-10 00:00:00,4.630435068822806
2008-03-11 00:00:00,4.58544444436864
2008-03-12 00:00:00,4.619104846965063
2008-03-13 00:00:00,4.66522283723231
2008-03-14 00:00:00,4.685603079968431
2008-03-17 00:00:00,4.786348298320695
2008-03-18 00:00:00,4.767491082073143
2008-03-19 00:00:00,4.7165095164343445
2008-03-20 00:00:00,4.6693770873099885
2008-03-21 00:00:00,4.6795631354925185
2008-03-24 00:00:00,4.613235016758754
2008-03-25 00:00:00,4.678171512831289
2008-03-26 00:00:00,4.740672448160929
2008-03-27 00:00:00,4.751650646540682
2008-03-28 00:00:00,4.7283232362931615
2008-03-31 00:00:00,4.756919082899108
2008-04-01 00:00:00,4.6689151386468195
2008-04-02 00:00:00,4.650511846811397
2008-04-03 00:00:00,4.682348866101998
2008-04-04 00:00:00,4.6949258079429015
2008-04-07 00:00:00,4.652345644858246
2008-04-08 00:00:00,4.654180889688565
2008-04-09 00:00:00,4.7103896817488815
2008-04-10 00:00:00,4.6953929182610725
2008-04-11 00:00:00,4.7118005412781585
2008-04-14 00:00:00,4.731167340495443
2008-04-15 00:00:00,4.7103896817488815
2008-04-16 00:00:00,4.729270891015338
2008-04-17 00:00:00,4.707570495904443
2008-04-18 00:00:00,4.602886396317375
2008-04-21 00:00:00,4.662918112977181
2008-04-22 00:00:00,4.717452441167737
2008-04-23 00:00:00,4.651428565093835
2008-04-24 00:00:00,4.5637166832455325
2008-04-25 00:00:00,4.566366155920855
2008-04-28 00:00:00,4.564599499123904
2008-04-29 00:00:00,4.569018706693973
2008-04-30 00:00:00,4.528247382598546
2008-05-01 00:00:00,4.5040460222792555
2008-05-02 00:00:00,4.468225167718429
2008-05-05 00:00:00,4.477976489367307
2008-05-06 00:00:00,4.501039029226709
2008-05-07 00:00:00,4.459358803878111
2008-05-08 00:00:00,4.4903324663598525
2008-05-09 00:00:00,4.523906654662773
2008-05-12 00:00:00,4.519141455658532
2008-05-13 00:00:00,4.498893634074552
2008-05-14 00:00:00,4.469917997863425
2008-05-15 00:00:00,4.480205633922432
2008-05-16 00:00:00,4.480205633922432
2008-05-19 00:00:00,4.521160094556521
2008-05-20 00:00:00,4.448602116712662
2008-05-21 00:00:00,4.413733364269038
2008-05-22 00:00:00,4.425364630437585
2008-05-23 00:00:00,4.38568091513711
2008-05-27 00:00:00,4.407214437881954
2008-05-28 00:00:00,4.449921883453361
2008-05-29 00:00:00,4.4918257864659745
2008-05-30 00:00:00,4.468434562418395
2008-06-02 00:00:00,4.447846219926487
2008-06-03 00:00:00,4.472651439976344
2008-06-04 00:00:00,4.459897521660951
2008-06-05 00:00:00,4.455314760689337
2008-06-06 00:00:00,4.384257079740311
2008-06-09 00:00:00,4.383999596657902
2008-06-10 00:00:00,4.45713847593293
2008-06-11 00:00:00,4.423773359934458
2008-06-12 00:00:00,4.472567256853252
2008-06-13 00:00:00,4.491123432319471
2008-06-16 00:00:00,4.469474499036009
2008-06-17 00:00:00,4.466205843173572
2008-06-18 00:00:00,4.459482214484795
2008-06-19 00:00:00,4.4781394903891005
2008-06-20 00:00:00,4.4294188693023635
2008-06-23 00:00:00,4.484889938042453
2008-06-24 00:00:00,4.445898096066862
2008-06-25 00:00:00,4.4629384587697
2008-06-26 00:00:00,4.397119547336354
2008-06-27 00:00:00,4.366056608947735
2008-06-30 00:00:00,4.364450305737065
2008-07-01 00:00:00,4.3556318393567
2008-07-02 00:00:00,4.340883417598901
2008-07-03 00:00:00,4.395388631272677
2008-07-07 00:00:00,4.419396147533499
2008-07-08 00:00:00,4.417382654882895
2008-07-09 00:00:00,4.407001651344532
2008-07-10 00:00:00,4.398347099181677
2008-07-11 00:00:00,4.3520230730847045
2008-07-14 00:00:00,4.342728528386937
2008-07-15 00:00:00,4.342728528386937
2008-07-16 00:00:00,4.317480106710269
2008-07-17 00:00:00,4.296733168862979
2008-07-18 00:00:00,4.292523574301539
2008-07-21 00:00:00,4.292523574301539
2008-07-22 00:00:00,4.260798222590275
2008-07-23 00:00:00,4.224237188863846
2008-07-24 00:00:00,4.2169189723672575
2008-07-25 00:00:00,4.218543050538783
2008-07-28 00:00:00,4.240591184949265
2008-07-29 00:00:00,4.191102747550775
2008-07-30 00:00:00,4.179109893446758
2008-07-31 00:00:00,4.177117754113434
2008-08-01 00:00:00,4.179402155000243
2008-08-04 00:00:00,4.179402155000243
2008-08-05 00:00:00,4.201350670194611
2008-08-06 00:00:00,4.222284736693656
2008-08-07 00:00:00,4.227888055129437
2008-08-08 00:00:00,4.29800764137959
2008-08-11 00:00:00,4.307890789863039
2008-08-12 00:00:00,4.327005838106223
2008-08-13 00:00:00,4.317483382564557
2008-08-14 00:00:00,4.337976375132089
2008-08-15 00:00:00,4.355703917941916
2008-08-18 00:00:00,4.3550986399600395
2008-08-19 00:00:00,4.343140523790262
2008-08-20 00:00:00,4.372429284702087
2008-08-21 00:00:00,4.318645549207998
2008-08-22 00:00:00,4.3581501040598685
2008-08-25 00:00:00,4.341812450670157
2008-08-26 00:00:00,4.370020486356491
2008-08-27 00:00:00,4.371590146718808
2008-08-28 00:00:00,4.3659154448628374
2008-08-29 00:00:00,4.374724539983904
2008-09-02 00:00:00,4.392818158261369
2008-09-03 00:00:00,4.3872032242803805
2008-09-04 00:00:00,4.400907117649775
2008-09-05 00:00:00,4.406359253919522
2008-09-08 00:00:00,4.474542588338533
2008-09-09 00:00:00,4.454996096490079
2008-09-10 00:00:00,4.492498714853827
2008-09-11 00:00:00,4.5041147824168695
2008-09-12 00:00:00,4.4835047364361404
2008-09-15 00:00:00,4.43453585161793
2008-09-16 00:00:00,4.436044608135768
2008-09-17 00:00:00,4.438948593955508
2008-09-18 00:00:00,4.3603747504459625
2008-09-19 00:00:00,4.4028912356637955
2008-09-22 00:00:00,4.303167899303343
2008-09-23 00:00:00,4.2950670855381325
2008-09-24 00:00:00,4.323131152015802
2008-09-25 00:00:00,4.320670782207354
2008-09-26 00:00:00,4.323020552159007
2008-09-29 00:00:00,4.349957716014538
2008-09-30 00:00:00,4.430143185686786
2008-10-01 00:00:00,4.4368956805045885
2008-10-02 00:00:00,4.481506695815382
2008-10-03 00:00:00,4.466201673933162
2008-10-06 00:00:00,4.5205220711775524
2008-10-07 00:00:00,4.5011416285039925
2008-10-08 00:00:00,4.457559484511013
2008-10-09 00:00:00,4.470732571401995
2008-10-10 00:00:00,4.439397960993193
2008-10-14 00:00:00,4.48255183415769
2008-10-15 00:00:00,4.481971035520747
2008-10-16 00:00:00,4.476956084525623
2008-10-17 00:00:00,4.479104740553887
2008-10-20 00:00:00,4.5366492741702045
2008-10-21 00:00:00,4.559434700533884
2008-10-22 00:00:00,4.583557916883943
2008-10-23 00:00:00,4.5732856263199855
2008-10-24 00:00:00,4.540646098355228
2008-10-27 00:00:00,4.558473918429286
2008-10-28 00:00:00,4.568342091020833
2008-10-29 00:00:00,4.488066185830821
2008-10-30 00:00:00,4.5144329584282925
2008-10-31 00:00:00,4.586067692541399
2008-11-03 00:00:00,4.589687965634208
2008-11-04 00:00:00,4.572012908371083
2008-11-05 00:00:00,4.564948673843808
2008-11-06 00:00:00,4.609423315852525
2008-11-07 00:00:00,4.614262318475406
2008-11-10 00:00:00,4.621299305951571
2008-11-12 00:00:00,4.622952836485612
2008-11-13 00:00:00,4.686276791551639
2008-11-14 00:00:00,4.6475391883631225
2008-11-17 00:00:00,4.673257980966435
2008-11-18 00:00:00,4.679756391780075
2008-11-19 00:00:00,4.717937433376214
2008-11-20 00:00:00,4.7456197340641175
2008-11-21 00:00:00,4.757131340160833
2008-11-24 00:00:00,4.676348073816647
2008-11-25 00:00:00,4.64367797658179
2008-11-26 00:00:00,4.705023872530955
2008-11-28 00:00:00,4.734961671586086
2008-12-01 00:00:00,4.708155410916454
2008-12-02 00:00:00,4.70370059900326
2008-12-03 00:00:00,4.727413015421456
2008-12-04 00:00:00,4.6755849144345785
2008-12-05 00:00:00,4.7552623911878555
2008-12-08 00:00:00,4.694886659734806
2008-12-09 00:00:00,4.702499621372513
2008-12-10 00:00:00,4.6678798905214505
2008-12-11 00:00:00,4.643838009060775
2008-12-12 00:00:00,4.619800530020507
2008-12-15 00:00:00,4.5534877241733
2008-12-16 00:00:00,4.492213299478085
2008-12-17 00:00:00,4.295709822137281
2008-12-18 00:00:00,4.266593688290694
2008-12-19 00:00:00,4.387288084384813
2008-12-22 00:00:00,4.330787332323957
2008-12-23 00:00:00,4.296237896445333
2008-12-24 00:00:00,4.270536986567008
2008-12-26 00:00:00,4.2356134303714965
2008-12-29 00:00:00,4.2356134303714965
2008-12-30 00:00:00,4.186313101831858
2008-12-31 00:00:00,4.152986171639276
2009-01-02 00:00:00,4.149254977268628
2009-01-05 00:00:00,4.031814705331062
2009-01-06 00:00:00,3.9932707581882547
2009-01-07 00:00:00,4.071605938449885
2009-01-08 00:00:00,4.076352391423444
2009-01-09 00:00:00,4.026333290625771
2009-01-12 00:00:00,4.01399703196279
2009-01-13 00:00:00,3.9932707581882547
2009-01-14 00:00:00,4.002606644577436
2009-01-15 00:00:00,3.9876393439419093
2009-01-16 00:00:00,4.003174227672567
2009-01-20 00:00:00,3.932408923604245
2009-01-21 00:00:00,3.9213245205141476
2009-01-22 00:00:00,3.9039131285744917
2009-01-23 00:00:00,3.8788426933753435
2009-01-26 00:00:00,3.8788426933753435
2009-01-27 00:00:00,3.866667041132258
2009-01-28 00:00:00,3.879741976533804
2009-01-29 00:00:00,3.8953482595581908
2009-01-30 00:00:00,3.920284295883131
2009-02-02 00:00:00,3.9267397490307574
2009-02-03 00:00:00,3.8734780358887897
2009-02-04 00:00:00,3.9119644113176184
2009-02-05 00:00:00,3.929554343749657
2009-02-06 00:00:00,3.9387676501122497
2009-02-09 00:00:00,3.9083828107932375
2009-02-10 00:00:00,3.90080146633857
2009-02-11 00:00:00,3.9159178802649133
2009-02-12 00:00:00,3.924040856361287
2009-02-13 00:00:00,3.9113173508224883
2009-02-17 00:00:00,3.949432188728885
2009-02-18 00:00:00,3.9651559357366026
2009-02-19 00:00:00,3.9486480240913253
2009-02-20 00:00:00,3.9342838531855935
2009-02-23 00:00:00,3.922841973252647
2009-02-24 00:00:00,3.9313857619407306
2009-02-25 00:00:00,3.925585565514077
2009-02-26 00:00:00,3.9256605334826844
2009-02-27 00:00:00,3.931373238802956
2009-03-02 00:00:00,3.943116386513897
2009-03-03 00:00:00,3.950372110949653
2009-03-04 00:00:00,3.951828543327681
2009-03-05 00:00:00,3.9435641737263394
2009-03-06 00:00:00,3.8956708948916936
2009-03-09 00:00:00,3.921473110925114
2009-03-10 00:00:00,3.8989518782795134
2009-03-11 00:00:00,3.9095412841716985
2009-03-12 00:00:00,3.980773961251682
2009-03-13 00:00:00,3.977674955845409
2009-03-16 00:00:00,3.96363969466886
2009-03-17 00:00:00,3.9650786683763637
2009-03-18 00:00:00,3.9281143213614675
2009-03-19 00:00:00,3.809735695864549
2009-03-20 00:00:00,3.824560530874105
2009-03-23 00:00:00,3.8362254254964463
2009-03-24 00:00:00,3.8348116044327307
2009-03-25 00:00:00,3.8230680965142705
2009-03-26 00:00:00,3.83122675641525
2009-03-27 00:00:00,3.8714534781869294
2009-03-30 00:00:00,3.8947852262713942
2009-03-31 00:00:00,3.861328520323629
2009-04-01 00:00:00,3.8782801242024276
2009-04-02 00:00:00,3.8496475278830165
2009-04-03 00:00:00,3.8425270476707296
2009-04-06 00:00:00,3.85896380482374
2009-04-07 00:00:00,3.872282662528047
2009-04-08 00:00:00,3.8760191453473665
2009-04-09 00:00:00,3.905695119052627
2009-04-10 00:00:00,3.9036289931047286
2009-04-13 00:00:00,3.850258775484506
2009-04-14 00:00:00,3.857754616072477
2009-04-15 00:00:00,3.8737566382725497
2009-04-16 00:00:00,3.8779718317996013
2009-04-17 00:00:00,3.926225064118128
2009-04-20 00:00:00,3.935173567976944
2009-04-21 00:00:00,3.9212091710820958
2009-04-22 00:00:00,3.9163376200527686
2009-04-23 00:00:00,3.90361411451397
2009-04-24 00:00:00,3.8517831107303695
2009-04-27 00:00:00,3.8770911337596905
2009-04-28 00:00:00,3.8878081063241714
2009-04-29 00:00:00,3.836644928196444
2009-04-30 00:00:00,3.859518534167165
2009-05-01 00:00:00,3.8499918228944385
2009-05-04 00:00:00,3.8311603242271124
2009-05-05 00:00:00,3.833003226614322
2009-05-06 00:00:00,3.8360032883486657
2009-05-07 00:00:00,3.8360032883486657
2009-05-08 00:00:00,3.8620286632740806
2009-05-11 00:00:00,3.9091393409231276
2009-05-12 00:00:00,3.9144449046323064
2009-05-13 00:00:00,3.9112598396163314
2009-05-14 00:00:00,3.911613479746496
2009-05-15 00:00:00,3.886313787818563
2009-05-18 00:00:00,3.8692822722472275
2009-05-19 00:00:00,3.890157817282281
2009-05-20 00:00:00,3.925099354563259
2009-05-21 00:00:00,3.9293773920069253
2009-05-22 00:00:00,3.988424918041509
2009-05-26 00:00:00,3.9935793488411573
2009-05-27 00:00:00,3.9832837755267705
2009-05-28 00:00:00,3.9917369520203216
2009-05-29 00:00:00,4.046244396370768
2009-06-01 00:00:00,4.047758709393362
2009-06-02 00:00:00,4.072142798004165
2009-06-03 00:00:00,4.049274156308147
2009-06-04 00:00:00,4.051170061428621
2009-06-05 00:00:00,3.986587272944734
2009-06-08 00:00:00,3.95849987061911
2009-06-09 00:00:00,3.997638614488657
2009-06-10 00:00:00,3.999856239459713
2009-06-11 00:00:00,4.035299420389539
2009-06-12 00:00:00,4.022168565079607
2009-06-15 00:00:00,3.953796845731698
2009-06-16 00:00:00,3.986219947111053
2009-06-17 00:00:00,3.979985748481716
2009-06-18 00:00:00,3.995792471228988
2009-06-19 00:00:00,4.015821506172491
2009-06-22 00:00:00,3.978155869976667
2009-06-23 00:00:00,4.040575799570025
2009-06-24 00:00:00,3.99026425807012
2009-06-25 00:00:00,3.947303383758781
2009-06-26 00:00:00,3.98511837564446
2009-06-29 00:00:00,3.9876896567422113
2009-06-30 00:00:00,3.981084483849844
2009-07-01 00:00:00,4.035675847574277
2009-07-02 00:00:00,3.9924737067180005
2009-07-03 00:00:00,3.982550408358303
2009-07-06 00:00:00,3.977424389629149
2009-07-07 00:00:00,3.9843843328417985
2009-07-08 00:00:00,3.9606742731846785
2009-07-09 00:00:00,4.015821506172491
2009-07-10 00:00:00,3.98511837564446
2009-07-13 00:00:00,3.99026425807012
2009-07-14 00:00:00,3.9873221277415896
2009-07-15 00:00:00,4.0259115099568445
2009-07-16 00:00:00,4.022542546350187
2009-07-17 00:00:00,4.018432573471693
2009-07-20 00:00:00,4.047758709393362
2009-07-21 00:00:00,4.051928920670249
2009-07-22 00:00:00,4.058771468805352
2009-07-23 00:00:00,4.055727485328232
2009-07-24 00:00:00,4.0428413312771
2009-07-27 00:00:00,4.032290529033112
2009-07-28 00:00:00,4.041708247944343
2009-07-29 00:00:00,3.9755968650979825
2009-07-30 00:00:00,3.971217650633032
2009-07-31 00:00:00,4.055347308398599
2009-08-03 00:00:00,4.089851114198927
2009-08-04 00:00:00,4.0794384805277
2009-08-05 00:00:00,4.069844316650635
2009-08-06 00:00:00,4.059152288046186
2009-08-07 00:00:00,3.996161563457995
2009-08-10 00:00:00,3.985485498479618
2009-08-11 00:00:00,3.9965307238795615
2009-08-12 00:00:00,4.018805860287621
2009-08-13 00:00:00,4.037559037423823
2009-08-14 00:00:00,4.036052344994519
2009-08-17 00:00:00,4.010609537962015
2009-08-18 00:00:00,4.007637340064498
2009-08-19 00:00:00,4.069844316650635
2009-08-20 00:00:00,4.058771468805352
2009-08-21 00:00:00,4.076363430320951
2009-08-24 00:00:00,4.079053845558764
2009-08-25 00:00:00,4.091011355649763
2009-08-26 00:00:00,4.044353097690591
2009-08-27 00:00:00,4.055727485328232
2009-08-28 00:00:00,4.096822451325402
2009-08-31 00:00:00,4.093333814551637
2009-09-01 00:00:00,4.061057456678518
2009-09-02 00:00:00,4.070610188746354
2009-09-03 00:00:00,4.082132957727518
2009-09-04 00:00:00,4.076363430320951
2009-09-08 00:00:00,4.134803123960264
2009-09-09 00:00:00,4.158650878207848
2009-09-10 00:00:00,4.161451047133152
2009-09-11 00:00:00,4.170678211317482
2009-09-14 00:00:00,4.176314807027343
2009-09-15 00:00:00,4.170276179486818
2009-09-16 00:00:00,4.188850221339684
2009-09-17 00:00:00,4.204319250339772
2009-09-18 00:00:00,4.203093858544277
2009-09-21 00:00:00,4.193316379373485
2009-09-22 00:00:00,4.226086264139518
2009-09-23 00:00:00,4.217023597426284
2009-09-24 00:00:00,4.208818473197416
2009-09-25 00:00:00,4.209637548506008
2009-09-28 00:00:00,4.199829636539778
2009-09-29 00:00:00,4.165858939431512
2009-09-30 00:00:00,4.169874225156265
2009-10-01 00:00:00,4.150272936108619
2009-10-02 00:00:00,4.181966658868657
2009-10-05 00:00:00,4.191285127494308
2009-10-06 00:00:00,4.221550066939526
2009-10-07 00:00:00,4.18682329294457
2009-10-08 00:00:00,4.212506824342381
2009-10-09 00:00:00,4.193722866032982
2009-10-13 00:00:00,4.228978014271384
2009-10-14 00:00:00,4.253091337593025
2009-10-15 00:00:00,4.2681970290051545
2009-10-16 00:00:00,4.246411963682396
2009-10-19 00:00:00,4.270725082526777
2009-10-20 00:00:00,4.264830943020136
2009-10-21 00:00:00,4.298732619832696
2009-10-22 00:00:00,4.296597982520236
2009-10-23 00:00:00,4.296171309433591
2009-10-26 00:00:00,4.2681970290051545
2009-10-27 00:00:00,4.233944518104937
2009-10-28 00:00:00,4.228151396207608
2009-10-29 00:00:00,4.243912604080464
2009-10-30 00:00:00,4.22567347978084
2009-11-02 00:00:00,4.251001777144173
2009-11-03 00:00:00,4.1977920712202845
2009-11-04 00:00:00,4.248497013257022
2009-11-05 00:00:00,4.253927737069445
2009-11-06 00:00:00,4.248914268905544
2009-11-09 00:00:00,4.293186968938796
2009-11-10 00:00:00,4.286805894371407
2009-11-12 00:00:00,4.256438910467951
2009-11-13 00:00:00,4.266092602898754
2009-11-16 00:00:00,4.294039214490943
2009-11-17 00:00:00,4.244745396977653
2009-11-18 00:00:00,4.29190923472185
2009-11-19 00:00:00,4.262729834071953
2009-11-20 00:00:00,4.251001777144173
2009-11-23 00:00:00,4.284683082697459
2009-11-24 00:00:00,4.276635536377643
2009-11-25 00:00:00,4.324514702718537
2009-11-27 00:00:00,4.299159801847983
2009-11-30 00:00:00,4.304720904079229
2009-12-01 00:00:00,4.333177592748022
2009-12-02 00:00:00,4.32365031840858
2009-12-03 00:00:00,4.328408712956103
2009-12-04 00:00:00,4.2681970290051545
2009-12-07 00:00:00,4.241832050788926
2009-12-08 00:00:00,4.222786245582846
2009-12-09 00:00:00,4.215790789904137
2009-12-10 00:00:00,4.212506824342381
2009-12-11 00:00:00,4.177524631710723
2009-12-14 00:00:00,4.191691220424014
2009-12-15 00:00:00,4.151467717685083
2009-12-16 00:00:00,4.177928062384958
2009-12-17 00:00:00,4.123767523210014
2009-12-18 00:00:00,4.139154715460798
2009-12-21 00:00:00,4.143515476103462
2009-12-22 00:00:00,4.125733843791365
2009-12-23 00:00:00,4.166714814234714
2009-12-24 00:00:00,4.166714814234714
2009-12-28 00:00:00,4.155193265398372
2009-12-29 00:00:00,4.164627887357847
2009-12-30 00:00:00,4.174818253827027
2009-12-31 00:00:00,4.161331976472422
2010-01-04 00:00:00,4.135159641798228
2010-01-05 00:00:00,4.146305375423314
2010-01-06 00:00:00,4.129782355447076
2010-01-07 00:00:00,4.153517000817933
2010-01-08 00:00:00,4.135017058502172
2010-01-11 00:00:00,4.076094457712006
2010-01-12 00:00:00,4.0783677514853425
2010-01-13 00:00:00,4.092311387274409
2010-01-14 00:00:00,4.095805145314851
2010-01-15 00:00:00,4.095805145314851
2010-01-19 00:00:00,4.065700581384103
2010-01-20 00:00:00,4.021749164021012
2010-01-21 00:00:00,4.030935464432967
2010-01-22 00:00:00,4.030935464432967
2010-01-25 00:00:00,4.031866236003098
2010-01-26 00:00:00,4.055891758300868
2010-01-27 00:00:00,4.057955081503177
2010-01-28 00:00:00,4.074852346817016
2010-01-29 00:00:00,4.089723807588448
2010-02-01 00:00:00,4.10037053830049
2010-02-02 00:00:00,4.089260481672996
2010-02-03 00:00:00,4.101403004797812
2010-02-04 00:00:00,4.125320562893714
2010-02-05 00:00:00,4.170350400030593
2010-02-08 00:00:00,4.139938863883037
2010-02-09 00:00:00,4.119449132371168
2010-02-10 00:00:00,4.134338730926368
2010-02-11 00:00:00,4.157843351365571
2010-02-12 00:00:00,4.164857503019328
2010-02-16 00:00:00,4.13327631198302
2010-02-17 00:00:00,4.164755761286777
2010-02-18 00:00:00,4.17821470744411
2010-02-19 00:00:00,4.184434518358085
2010-02-22 00:00:00,4.165867686410303
2010-02-23 00:00:00,4.181823086611068
2010-02-24 00:00:00,4.167570444537881
2010-02-25 00:00:00,4.195635623359615
2010-02-26 00:00:00,4.142416065952317
2010-03-01 00:00:00,4.184117700715444
2010-03-02 00:00:00,4.170608690101957
2010-03-03 00:00:00,4.12004253763455
2010-03-04 00:00:00,4.166541246374015
2010-03-05 00:00:00,4.1558197266150065
2010-03-08 00:00:00,4.153047545150641
2010-03-09 00:00:00,4.160427525796691
2010-03-10 00:00:00,4.1372713163395325
2010-03-11 00:00:00,4.132275557285593
2010-03-12 00:00:00,4.098741172895866
2010-03-15 00:00:00,4.111898237324567
2010-03-16 00:00:00,4.082166072798667
2010-03-17 00:00:00,4.08005242472598
2010-03-18 00:00:00,4.1093491259264505
2010-03-19 00:00:00,4.103544615191223
2010-03-22 00:00:00,4.090248188429968
2010-03-23 00:00:00,4.082887961110875
2010-03-24 00:00:00,4.131291025709261
2010-03-25 00:00:00,4.13289204951368
2010-03-26 00:00:00,4.119795482407956
2010-03-29 00:00:00,4.1092109227286855
2010-03-30 00:00:00,4.122648334965643
2010-03-31 00:00:00,4.0690556393339214
2010-04-01 00:00:00,4.080514452846136
2010-04-02 00:00:00,4.107542691670347
2010-04-05 00:00:00,4.102483954809291
2010-04-06 00:00:00,4.133601630904674
2010-04-07 00:00:00,4.13775569525615
2010-04-08 00:00:00,4.140077840124466
2010-04-09 00:00:00,4.1211631503160016
2010-04-12 00:00:00,4.093503043271314
2010-04-13 00:00:00,4.083918248697868
2010-04-14 00:00:00,4.060678237868505
2010-04-15 00:00:00,4.091688009162764
2010-04-16 00:00:00,4.102256953092886
2010-04-19 00:00:00,4.1116585851955305
2010-04-20 00:00:00,4.119909559642729
2010-04-21 00:00:00,4.132516339672309
2010-04-22 00:00:00,4.157711416741213
2010-04-23 00:00:00,4.144807803108389
2010-04-26 00:00:00,4.148205115038102
2010-04-27 00:00:00,4.178192428606384
2010-04-28 00:00:00,4.203844576683362
2010-04-29 00:00:00,4.173083033429509
2010-04-30 00:00:00,4.152347703302123
2010-05-03 00:00:00,4.188300010406004
2010-05-04 00:00:00,4.229847284998007
2010-05-05 00:00:00,4.274573384243635
2010-05-06 00:00:00,4.265503273476378
2010-05-07 00:00:00,4.262884944409827
2010-05-10 00:00:00,4.25718670933092
2010-05-11 00:00:00,4.253530406263144
2010-05-12 00:00:00,4.26764076959028
2010-05-13 00:00:00,4.2826556206303
2010-05-14 00:00:00,4.334994817935332
2010-05-17 00:00:00,4.363410853088541
2010-05-18 00:00:00,4.346956623391443
2010-05-19 00:00:00,4.417681827651765
2010-05-20 00:00:00,4.397275179017902
2010-05-21 00:00:00,4.392282478544692
2010-05-24 00:00:00,4.416046126191782
2010-05-25 00:00:00,4.425823630010608
2010-05-26 00:00:00,4.428397097078775
2010-05-27 00:00:00,4.396116864229272
2010-05-28 00:00:00,4.40663103989025
2010-06-01 00:00:00,4.410805742225245
2010-06-02 00:00:00,4.419041968602467
2010-06-03 00:00:00,4.407825802430802
2010-06-04 00:00:00,4.4307405298588165
2010-06-07 00:00:00,4.4301980440522195
2010-06-08 00:00:00,4.397662354475979
2010-06-09 00:00:00,4.379943041353492
2010-06-10 00:00:00,4.3678521679375315
2010-06-11 00:00:00,4.4004448594425245
2010-06-14 00:00:00,4.354481310104242
2010-06-15 00:00:00,4.33209730947681
2010-06-16 00:00:00,4.317719545967427
2010-06-17 00:00:00,4.2740562636201105
2010-06-18 00:00:00,4.2636575392320495
2010-06-21 00:00:00,4.254228447859642
2010-06-22 00:00:00,4.242694428189479
2010-06-23 00:00:00,4.244522759019927
2010-06-24 00:00:00,4.2425745899541605
2010-06-25 00:00:00,4.203832326953433
2010-06-28 00:00:00,4.175214360963117
2010-06-29 00:00:00,4.175214360963117
2010-06-30 00:00:00,4.189165327827297
2010-07-01 00:00:00,4.22801566669895
2010-07-02 00:00:00,4.243917935309008
2010-07-06 00:00:00,4.263159274772012
2010-07-07 00:00:00,4.28013914101577
2010-07-08 00:00:00,4.297663991812158
2010-07-09 00:00:00,4.267189868772931
2010-07-12 00:00:00,4.24951202730546
2010-07-13 00:00:00,4.288679897568538
2010-07-14 00:00:00,4.275678973286405
2010-07-15 00:00:00,4.331068730641137
2010-07-16 00:00:00,4.289495080974272
2010-07-19 00:00:00,4.288679897568538
2010-07-20 00:00:00,4.306274901441779
2010-07-21 00:00:00,4.290310574335673
2010-07-22 00:00:00,4.338562649429135
2010-07-23 00:00:00,4.286643293951115
2010-07-26 00:00:00,4.3066858055354285
2010-07-27 00:00:00,4.249111960272199
2010-07-28 00:00:00,4.266786466440848
2010-07-29 00:00:00,4.334812451211227
2010-07-30 00:00:00,4.335645268204735
2010-08-02 00:00:00,4.34859497466146
2010-08-03 00:00:00,4.3465010826282064
2010-08-04 00:00:00,4.292758915922702
2010-08-05 00:00:00,4.308741502817306
2010-08-06 00:00:00,4.354468619586232
2010-08-09 00:00:00,4.316158290332915
2010-08-10 00:00:00,4.267996902317853
2010-08-11 00:00:00,4.264367653251256
2010-08-12 00:00:00,4.304632068861354
2010-08-13 00:00:00,4.287865023941791
2010-08-16 00:00:00,4.349013995183204
2010-08-17 00:00:00,4.325672536132958
2010-08-18 00:00:00,4.338145640331727
2010-08-19 00:00:00,4.377698083609243
2010-08-20 00:00:00,4.3515298150801485
2010-08-23 00:00:00,4.3435730191522754
2010-08-24 00:00:00,4.378972275347947
2010-08-25 00:00:00,4.393465126254384
2010-08-26 00:00:00,4.40203523281101
2010-08-27 00:00:00,4.395604522985128
2010-08-30 00:00:00,4.4059026983611185
2010-08-31 00:00:00,4.446706132217861
2010-09-01 00:00:00,4.447144274510917
2010-09-02 00:00:00,4.460769642420566
2010-09-03 00:00:00,4.4362165561245614
2010-09-07 00:00:00,4.46253383844288
2010-09-08 00:00:00,4.466066420147565
2010-09-09 00:00:00,4.447144274510917
2010-09-10 00:00:00,4.435780564325434
2010-09-13 00:00:00,4.478030284950024
2010-09-14 00:00:00,4.541564423627621
2010-09-15 00:00:00,4.4990098925449855
2010-09-16 00:00:00,4.44977494252305
2010-09-17 00:00:00,4.4722619145869285
2010-09-20 00:00:00,4.490951964379234
2010-09-21 00:00:00,4.496320705520152
2010-09-22 00:00:00,4.5751715399910085
2010-09-23 00:00:00,4.585397464392085
2010-09-24 00:00:00,4.592395934270583
2010-09-27 00:00:00,4.590994531788352
2010-09-28 00:00:00,4.6262881551877095
2010-09-29 00:00:00,4.628185730312889
2010-09-30 00:00:00,4.601760526306208
2010-10-01 00:00:00,4.623918373323563
2010-10-04 00:00:00,4.6419898428480195
2010-10-05 00:00:00,4.670813126566417
2010-10-06 00:00:00,4.699507209705466
2010-10-07 00:00:00,4.668880442951411
2010-10-08 00:00:00,4.697061842232417
2010-10-12 00:00:00,4.704895991036307
2010-10-13 00:00:00,4.707349524615278
2010-10-14 00:00:00,4.735998661281353
2010-10-15 00:00:00,4.720149261871081
2010-10-18 00:00:00,4.722124632978792
2010-10-19 00:00:00,4.652037439910461
2010-10-20 00:00:00,4.69413075839951
2010-10-21 00:00:00,4.6809860238551435
2010-10-22 00:00:00,4.609279742852461
2010-10-25 00:00:00,4.647726005767819
2010-10-26 00:00:00,4.594265802321996
2010-10-27 00:00:00,4.562222505004679
2010-10-28 00:00:00,4.589593984341193
2010-10-29 00:00:00,4.582138806295562
2010-11-01 00:00:00,4.54293580694628
2010-11-02 00:00:00,4.613991744225239
2010-11-03 00:00:00,4.608809071991351
2010-11-04 00:00:00,4.687305768201401
2010-11-05 00:00:00,4.711280505429154
2010-11-08 00:00:00,4.6809860238551435
2010-11-09 00:00:00,4.679044914162481
2010-11-10 00:00:00,4.63436361454064
2010-11-12 00:00:00,4.625339951015709
2010-11-15 00:00:00,4.588194291146822
2010-11-16 00:00:00,4.5479713061277005
2010-11-17 00:00:00,4.561300378171935
2010-11-18 00:00:00,4.527441793761791
2010-11-19 00:00:00,4.522904824332227
2010-11-22 00:00:00,4.551181530907663
2010-11-23 00:00:00,4.535631317657652
2010-11-24 00:00:00,4.538367746808576
2010-11-26 00:00:00,4.506196809306239
2010-11-29 00:00:00,4.5079971276479505
2010-11-30 00:00:00,4.520187004708192
2010-12-01 00:00:00,4.514761152546893
2010-12-02 00:00:00,4.558536232906907
2010-12-03 00:00:00,4.62249766919411
2010-12-06 00:00:00,4.583069378758254
2010-12-07 00:00:00,4.592395934270583
2010-12-08 00:00:00,4.568687847151665
2010-12-09 00:00:00,4.584000329271917
2010-12-10 00:00:00,4.607397635975019
2010-12-13 00:00:00,4.668397521929178
2010-12-14 00:00:00,4.696573074090666
2010-12-15 00:00:00,4.6921787339652035
2010-12-16 00:00:00,4.672263689649202
2010-12-17 00:00:00,4.649641211704058
2010-12-20 00:00:00,4.6829287447614965
2010-12-21 00:00:00,4.708822873449274
2010-12-22 00:00:00,4.749454618753161
2010-12-23 00:00:00,4.691690981498056
2010-12-27 00:00:00,4.688766594848462
2010-12-28 00:00:00,4.742966292771258
2010-12-29 00:00:00,4.7529556910289905
2010-12-30 00:00:00,4.817383631338594
2011-01-03 00:00:00,4.838039151250006
2011-01-04 00:00:00,4.761982194768019
2011-01-05 00:00:00,4.680015267732403
2011-01-06 00:00:00,4.68681902824624
2011-01-07 00:00:00,4.677105413679928
2011-01-10 00:00:00,4.659721994839076
2011-01-11 00:00:00,4.626762403076504
2011-01-12 00:00:00,4.64485615334067
2011-01-13 00:00:00,4.689740985246394
2011-01-14 00:00:00,4.673715153982736
2011-01-18 00:00:00,4.685359414721404
2011-01-19 00:00:00,4.708822873449274
2011-01-20 00:00:00,4.674199175850382
2011-01-21 00:00:00,4.7063678041721895
2011-01-24 00:00:00,4.756963242201864
2011-01-25 00:00:00,4.775586418581239
2011-01-26 00:00:00,4.783177961213575
2011-01-27 00:00:00,4.769026547127144
2011-01-28 00:00:00,4.786728947079361
2011-01-31 00:00:00,4.800475137418771
2011-02-01 00:00:00,4.807633920111982
2011-02-02 00:00:00,4.798433685095821
2011-02-03 00:00:00,4.783684922311743
2011-02-04 00:00:00,4.722618734122767
2011-02-07 00:00:00,4.716696336295464
2011-02-08 00:00:00,4.7162034735643985
2011-02-09 00:00:00,4.696084407659068
2011-02-10 00:00:00,4.672747410913272
2011-02-11 00:00:00,4.626762403076504
2011-02-14 00:00:00,4.649162262259095
2011-02-15 00:00:00,4.66405572408921
2011-02-16 00:00:00,4.693642600042772
2011-02-17 00:00:00,4.746957009046202
2011-02-18 00:00:00,4.759471395340219
2011-02-22 00:00:00,4.805074762270977
2011-02-23 00:00:00,4.842711077469023
2011-02-24 00:00:00,4.878303852357467
2011-02-25 00:00:00,4.862536871580617
2011-02-28 00:00:00,4.850517704676119
2011-03-01 00:00:00,4.861489362560459
2011-03-02 00:00:00,4.895235058786474
2011-03-03 00:00:00,4.849996479906651
2011-03-04 00:00:00,4.872510767787034
2011-03-07 00:00:00,4.876195683017642
2011-03-08 00:00:00,4.829238951638272
2011-03-09 00:00:00,4.854169417295257
2011-03-10 00:00:00,4.842711077469023
2011-03-11 00:00:00,4.865682108884357
2011-03-14 00:00:00,4.8777766391452815
2011-03-15 00:00:00,4.91281890083937
2011-03-16 00:00:00,4.948910881799484
2011-03-17 00:00:00,5.016011029341108
2011-03-18 00:00:00,5.001004680555268
2011-03-21 00:00:00,4.983335237055459
2011-03-22 00:00:00,4.992154323859229
2011-03-23 00:00:00,4.979486677185712
2011-03-24 00:00:00,4.981135331863071
2011-03-25 00:00:00,4.9364614723844795
2011-03-28 00:00:00,4.922463435708505
2011-03-29 00:00:00,4.903212084955056
2011-03-30 00:00:00,4.898954438512026
2011-03-31 00:00:00,4.928914190456622
2011-04-01 00:00:00,4.883053904794038
2011-04-04 00:00:00,4.893112233522473
2011-04-05 00:00:00,4.883582259468869
2011-04-06 00:00:00,4.920853384432108
2011-04-07 00:00:00,4.91763643953054
2011-04-08 00:00:00,4.957063947502613
2011-04-11 00:00:00,4.97783911348972
2011-04-12 00:00:00,5.026065394433329
2011-04-13 00:00:00,5.049118161093108
2011-04-14 00:00:00,5.057605024878002
2011-04-15 00:00:00,5.051378538557503
2011-04-18 00:00:00,5.022709463833885
2011-04-19 00:00:00,5.020474665407263
2011-04-20 00:00:00,5.063278802110309
2011-04-21 00:00:00,5.116661063599512
2011-04-22 00:00:00,5.091265340328403
2011-04-25 00:00:00,5.125376702476867
2011-04-26 00:00:00,5.127123394525876
2011-04-27 00:00:00,5.124794736233825
2011-04-28 00:00:00,5.1664454260544055
2011-04-29 00:00:00,5.20817761851042
2011-05-02 00:00:00,5.2238503752327885
2011-05-03 00:00:00,5.242660848183446
2011-05-04 00:00:00,5.259154887207096
2011-05-05 00:00:00,5.189016698322751
2011-05-06 00:00:00,5.168812098260569
2011-05-09 00:00:00,5.156411200960962
2011-05-10 00:00:00,5.125958800909857
2011-05-11 00:00:00,5.102200683021851
2011-05-12 00:00:00,5.10450884890424
2011-05-13 00:00:00,5.0672580264972815
2011-05-16 00:00:00,5.118401819234666
2011-05-17 00:00:00,5.1010473826866285
2011-05-18 00:00:00,5.133538130347054
2011-05-19 00:00:00,5.105663715159648
2011-05-20 00:00:00,5.1428973612136835
2011-05-23 00:00:00,5.110867086627935
2011-05-24 00:00:00,5.1288712775012835
2011-05-25 00:00:00,5.175925142432488
2011-05-26 00:00:00,5.20817761851042
2011-05-27 00:00:00,5.297425732630433
2011-05-31 00:00:00,5.29431873806584
2011-06-01 00:00:00,5.3724636640889525
2011-06-02 00:00:00,5.348905812042106
2011-06-03 00:00:00,5.403983146792539
2011-06-06 00:00:00,5.398811871053983
2011-06-07 00:00:00,5.380790086076692
2011-06-08 00:00:00,5.393006003347031
2011-06-09 00:00:00,5.365438331194876
2011-06-10 00:00:00,5.360977223186993
2011-06-13 00:00:00,5.393006003347031
2011-06-14 00:00:00,5.345105073663109
2011-06-15 00:00:00,5.304897419136259
2011-06-16 00:00:00,5.305521011168602
2011-06-17 00:00:00,5.333735197590557
2011-06-20 00:00:00,5.362888217919593
2011-06-21 00:00:00,5.352077225425268
2011-06-22 00:00:00,5.401396271183735
2011-06-23 00:00:00,5.3865696672647445
2011-06-24 00:00:00,5.3904296240309675
2011-06-27 00:00:00,5.394295116769606
2011-06-28 00:00:00,5.439150065318305
2011-06-29 00:00:00,5.40592493017263
2011-06-30 00:00:00,5.364800575539199
2011-07-01 00:00:00,5.323041306995081
2011-07-05 00:00:00,5.34004581661279
2011-07-06 00:00:00,5.37758456356622
2011-07-07 00:00:00,5.347638298816504
2011-07-08 00:00:00,5.388498954394853
2011-07-11 00:00:00,5.404630252905196
2011-07-12 00:00:00,5.415005068027749
2011-07-13 00:00:00,5.495442255206537
2011-07-14 00:00:00,5.526394911474384
2011-07-15 00:00:00,5.5324916942892
2011-07-18 00:00:00,5.519636448821242
2011-07-19 00:00:00,5.527071668137557
2011-07-20 00:00:00,5.501470897368513
2011-07-21 00:00:00,5.523013612580921
2011-07-22 00:00:00,5.527071668137557
2011-07-25 00:00:00,5.5983710297706875
2011-07-26 00:00:00,5.622781517629412
2011-07-27 00:00:00,5.62558484881108
2011-07-28 00:00:00,5.612991822162828
2011-07-29 00:00:00,5.726946737978846
2011-08-01 00:00:00,5.776790892360335
2011-08-02 00:00:00,5.852446478476568
2011-08-03 00:00:00,5.892175880158132
2011-08-04 00:00:00,5.881426536618619
2011-08-05 00:00:00,5.938693058159381
2011-08-08 00:00:00,5.975647721701482
2011-08-09 00:00:00,6.171758135103418
2011-08-10 00:00:00,6.186138602249354
2011-08-11 00:00:00,5.970904516736511
2011-08-12 00:00:00,5.853205452212591
2011-08-15 00:00:00,5.784935560370583
2011-08-16 00:00:00,5.694431900329459
2011-08-17 00:00:00,5.7196891701953225
2011-08-18 00:00:00,5.710281786691712
2011-08-19 00:00:00,5.745171492109381
2011-08-22 00:00:00,5.729854924718966
2011-08-23 00:00:00,5.7196891701953225
2011-08-24 00:00:00,5.677241162517143
2011-08-25 00:00:00,5.670821364745733
2011-08-26 00:00:00,5.603236156674276
2011-08-29 00:00:00,5.5122212068895085
2011-08-30 00:00:00,5.52233784926114
2011-08-31 00:00:00,5.615086743221111
2011-09-01 00:00:00,5.676527133946836
2011-09-02 00:00:00,5.740786980667933
2011-09-06 00:00:00,5.252422581404782
2011-09-07 00:00:00,5.248757674382055
2011-09-08 00:00:00,5.179489011018051
2011-09-09 00:00:00,5.105663715159648
2011-09-12 00:00:00,5.1091314514389055
2011-09-13 00:00:00,5.1305345012984525
2011-09-14 00:00:00,5.1305345012984525
2011-09-15 00:00:00,5.106659344769187
2011-09-16 00:00:00,5.12349706116323
2011-09-19 00:00:00,5.153342575447496
2011-09-20 00:00:00,5.166931400955973
2011-09-21 00:00:00,5.184804193422668
2011-09-22 00:00:00,5.231619625005574
2011-09-23 00:00:00,5.218922434588551
2011-09-26 00:00:00,5.214438029381153
2011-09-27 00:00:00,5.193209422888739
2011-09-28 00:00:00,5.191685855785994
2011-09-29 00:00:00,5.188812063237547
2011-09-30 00:00:00,5.222332738676258
2011-10-03 00:00:00,5.255754609163174
2011-10-04 00:00:00,5.278618571062002
2011-10-05 00:00:00,5.280028329558775
2011-10-06 00:00:00,5.276994054135429
2011-10-07 00:00:00,5.255046793572479
2011-10-11 00:00:00,5.226869062096761
2011-10-12 00:00:00,5.1863838737719306
2011-10-13 00:00:00,5.204996701439548
2011-10-14 00:00:00,5.182649860399022
2011-10-17 00:00:00,5.197624091408986
2011-10-18 00:00:00,5.20846184046747
2011-10-19 00:00:00,5.211606767018373
2011-10-20 00:00:00,5.204778671907063
2011-10-21 00:00:00,5.153760160144408
2011-10-24 00:00:00,5.136948014828269
2011-10-25 00:00:00,5.133282538584955
2011-10-26 00:00:00,5.149433021451872
2011-10-27 00:00:00,5.066929143215708
2011-10-28 00:00:00,5.072572098068272
2011-10-31 00:00:00,5.101530159884578
2011-11-01 00:00:00,5.169318179479894
2011-11-02 00:00:00,5.137102528530363
2011-11-03 00:00:00,5.145950563013266
2011-11-04 00:00:00,5.161611431760175
2011-11-07 00:00:00,5.2059844859000375
2011-11-08 00:00:00,5.190431441786825
2011-11-09 00:00:00,5.2215087266647275
2011-11-10 00:00:00,5.220673543049202
2011-11-14 00:00:00,5.225098102456876
2011-11-15 00:00:00,5.258984982753246
2011-11-16 00:00:00,5.256240145531881
2011-11-17 00:00:00,5.255420520496934
2011-11-18 00:00:00,5.252670075319578
2011-11-21 00:00:00,5.252171118875485
2011-11-22 00:00:00,5.247801723513134
2011-11-23 00:00:00,5.2659191169915385
2011-11-25 00:00:00,5.293232246984108
2011-11-28 00:00:00,5.269705909404291
2011-11-29 00:00:00,5.2628343119295895
2011-11-30 00:00:00,5.234267806561491
2011-12-01 00:00:00,5.243506925398994
2011-12-02 00:00:00,5.270269806023828
2011-12-05 00:00:00,5.257325853523594
2011-12-06 00:00:00,5.285090813110049
2011-12-07 00:00:00,5.279873051361217
2011-12-08 00:00:00,5.287250787440366
2011-12-09 00:00:00,5.2769921952613865
2011-12-12 00:00:00,5.313341489433673
2011-12-13 00:00:00,5.330935109825291
2011-12-14 00:00:00,5.364461612234292
2011-12-15 00:00:00,5.325700873549643
2011-12-16 00:00:00,5.316328390357097
2011-12-19 00:00:00,5.3136893442928175
2011-12-20 00:00:00,5.296470951623539
2011-12-21 00:00:00,5.317641341127936
2011-12-22 00:00:00,5.314390054321905
2011-12-23 00:00:00,5.317594506055538
2011-12-27 00:00:00,5.305083349370303
2011-12-28 00:00:00,5.33281494903295
2011-12-29 00:00:00,5.327160438228035
2011-12-30 00:00:00,5.315350671691734
2012-01-03 00:00:00,5.298168725755971
2012-01-04 00:00:00,5.328153220584053
2012-01-05 00:00:00,5.361389358513432
2012-01-06 00:00:00,5.3692225302656045
2012-01-09 00:00:00,5.358653354528098
2012-01-10 00:00:00,5.348307667432309
2012-01-11 00:00:00,5.368395804605614
2012-01-12 00:00:00,5.335291296442358
2012-01-13 00:00:00,5.362111583815927
2012-01-17 00:00:00,5.349399627628891
2012-01-18 00:00:00,5.329603074836602
2012-01-19 00:00:00,5.301189806968995
2012-01-20 00:00:00,5.29853119643356
2012-01-23 00:00:00,5.279919714885686
2012-01-24 00:00:00,5.286644029833052
2012-01-25 00:00:00,5.292712653482087
2012-01-26 00:00:00,5.249528764247522
2012-01-27 00:00:00,5.239046572263538
2012-01-30 00:00:00,5.250457958524863
2012-01-31 00:00:00,5.263686359654935
2012-02-01 00:00:00,5.238192509285771
2012-02-02 00:00:00,5.238984947168003
2012-02-03 00:00:00,5.2584141757898
2012-02-06 00:00:00,5.2584141757898
2012-02-07 00:00:00,5.292398887847155
2012-02-08 00:00:00,5.294138663944409
2012-02-09 00:00:00,5.307515044178476
2012-02-10 00:00:00,5.265290916211495
2012-02-13 00:00:00,5.280829538436624
2012-02-14 00:00:00,5.260131676337145
2012-02-15 00:00:00,5.238459226624382
2012-02-16 00:00:00,5.24642300436059
2012-02-17 00:00:00,5.26299667180356
2012-02-21 00:00:00,5.301109221763953
2012-02-22 00:00:00,5.3051838637484
2012-02-23 00:00:00,5.333293900778968
2012-02-24 00:00:00,5.398850089077738
2012-02-27 00:00:00,5.3760219703078524
2012-02-28 00:00:00,5.391620293176729
2012-02-29 00:00:00,5.354572697235584
2012-03-01 00:00:00,5.338007893841198
2012-03-02 00:00:00,5.2895018006521415
2012-03-05 00:00:00,5.299946187709158
2012-03-06 00:00:00,5.2595590515084565
2012-03-07 00:00:00,5.269310660612572
2012-03-08 00:00:00,5.313936366823215
2012-03-09 00:00:00,5.251555374690943
2012-03-12 00:00:00,5.264717167609967
2012-03-13 00:00:00,5.252697265400813
2012-03-14 00:00:00,5.187835224649057
2012-03-15 00:00:00,5.2310859080940535
2012-03-16 00:00:00,5.2744879309123
2012-03-19 00:00:00,5.3040190412950565
2012-03-20 00:00:00,5.296460145489659
2012-03-21 00:00:00,5.284295028672939
2012-03-22 00:00:00,5.288343853673016
2012-03-23 00:00:00,5.318030759180702
2012-03-26 00:00:00,5.34391211670796
2012-03-27 00:00:00,5.345685931307442
2012-03-28 00:00:00,5.330351880754267
2012-03-29 00:00:00,5.318616187489726
2012-03-30 00:00:00,5.3527929810720885
2012-04-02 00:00:00,5.346277464552028
2012-04-03 00:00:00,5.353979327034207
2012-04-04 00:00:00,5.269885410902779
2012-04-05 00:00:00,5.251555374690943
2012-04-06 00:00:00,5.265290916211495
2012-04-09 00:00:00,5.26299667180356
2012-04-10 00:00:00,5.254411032860976
2012-04-11 00:00:00,5.271610414310602
2012-04-12 00:00:00,5.294718843524019
2012-04-13 00:00:00,5.257841924818442
2012-04-16 00:00:00,5.252126257979853
2012-04-17 00:00:00,5.27679220698522
2012-04-18 00:00:00,5.273336547386671
2012-04-19 00:00:00,5.27736859062334
2012-04-20 00:00:00,5.3121835565867705
2012-04-23 00:00:00,5.279098497285475
2012-04-24 00:00:00,5.310431902303438
2012-04-25 00:00:00,5.311015658695908
2012-04-26 00:00:00,5.320373246025402
2012-04-27 00:00:00,5.329175981376205
2012-04-30 00:00:00,5.320373246025402
2012-05-01 00:00:00,5.316860289111552
2012-05-02 00:00:00,5.288922763782887
2012-05-03 00:00:00,5.287186413564967
2012-05-04 00:00:00,5.265290916211495
2012-05-07 00:00:00,5.2492730820465745
2012-05-08 00:00:00,5.235620876371551
2012-05-09 00:00:00,5.2107753933516685
2012-05-10 00:00:00,5.21246191036322
2012-05-11 00:00:00,5.204600823780747
2012-05-14 00:00:00,5.167858535368133
2012-05-15 00:00:00,5.137087660516393
2012-05-16 00:00:00,5.119175994258834
2012-05-17 00:00:00,5.119175994258834
2012-05-18 00:00:00,5.11454442293446
2012-05-21 00:00:00,5.094640768027543
2012-05-22 00:00:00,5.107980118892394
2012-05-23 00:00:00,5.174253853446781
2012-05-24 00:00:00,5.175548763219576
2012-05-25 00:00:00,5.193195059654525
2012-05-29 00:00:00,5.206011469963135
2012-05-30 00:00:00,5.239488000884548
2012-05-31 00:00:00,5.255140652224265
2012-06-01 00:00:00,5.23321645327969
2012-06-04 00:00:00,5.201170551375244
2012-06-05 00:00:00,5.224857443426374
2012-06-06 00:00:00,5.184291055627971
2012-06-07 00:00:00,5.172900913567372
2012-06-08 00:00:00,5.205226520551316
2012-06-11 00:00:00,5.196554618432635
2012-06-12 00:00:00,5.206728181165546
2012-06-13 00:00:00,5.158450903107527
2012-06-14 00:00:00,5.153894561833257
2012-06-15 00:00:00,5.143449032634943
2012-06-18 00:00:00,5.165009836300741
2012-06-19 00:00:00,5.118655373947649
2012-06-20 00:00:00,5.114033886853927
2012-06-21 00:00:00,5.161472030148057
2012-06-22 00:00:00,5.177067353546619
2012-06-25 00:00:00,5.2025129407077415
2012-06-26 00:00:00,5.206917977905195
2012-06-27 00:00:00,5.21287578291928
2012-06-28 00:00:00,5.222448830333885
2012-06-29 00:00:00,5.12923977706979
2012-07-02 00:00:00,5.160475001216593
2012-07-03 00:00:00,5.145800588844635
2012-07-05 00:00:00,5.240376229170875
2012-07-06 00:00:00,5.28038815960628
2012-07-09 00:00:00,5.2735061324038535
2012-07-10 00:00:00,5.290404686076853
2012-07-11 00:00:00,5.295144489434158
2012-07-12 00:00:00,5.312388764697854
2012-07-13 00:00:00,5.299077917766193
2012-07-16 00:00:00,5.285697939453307
2012-07-17 00:00:00,5.2989914215883065
2012-07-18 00:00:00,5.287127245960428
2012-07-19 00:00:00,5.288345247458472
2012-07-20 00:00:00,5.320589634028054
2012-07-23 00:00:00,5.340600104377616
2012-07-24 00:00:00,5.366305614608581
2012-07-25 00:00:00,5.337544518560544
2012-07-26 00:00:00,5.277787061768703
2012-07-27 00:00:00,5.241320494793604
2012-07-30 00:00:00,5.289307446480137
2012-07-31 00:00:00,5.263210816316882
2012-08-01 00:00:00,5.27002646169295
2012-08-02 00:00:00,5.32935295149806
2012-08-03 00:00:00,5.233683499891243
2012-08-06 00:00:00,5.2189425181885865
2012-08-07 00:00:00,5.22020018245049
2012-08-08 00:00:00,5.241531507557322
2012-08-09 00:00:00,5.275350726164248
2012-08-10 00:00:00,5.26644519999798
2012-08-13 00:00:00,5.250370555916013
2012-08-14 00:00:00,5.254668114093854
2012-08-15 00:00:00,5.270631694008962
2012-08-16 00:00:00,5.242328292547476
2012-08-17 00:00:00,5.258877516962616
2012-08-20 00:00:00,5.247367052760565
2012-08-21 00:00:00,5.1954439627456495
2012-08-22 00:00:00,5.1941062403069145
2012-08-23 00:00:00,5.1485269874039545
2012-08-24 00:00:00,5.168869765710504
2012-08-27 00:00:00,5.176993494201538
2012-08-28 00:00:00,5.156131199103421
2012-08-29 00:00:00,5.166405655515333
2012-08-30 00:00:00,5.181881943969439
2012-08-31 00:00:00,5.148886128501506
2012-09-04 00:00:00,5.154954377035775
2012-09-05 00:00:00,5.149359237084727
2012-09-06 00:00:00,5.142748935107798
2012-09-07 00:00:00,5.142748935107798
2012-09-10 00:00:00,5.15037750949766
2012-09-11 00:00:00,5.178359745886749
2012-09-12 00:00:00,5.184435039957221
2012-09-13 00:00:00,5.17395028575188
2012-09-14 00:00:00,5.255055452393395
2012-09-17 00:00:00,5.245981322538196
2012-09-18 00:00:00,5.233555440852596
2012-09-19 00:00:00,5.245981322538196
2012-09-20 00:00:00,5.206647700796799
2012-09-21 00:00:00,5.211671806008246
2012-09-24 00:00:00,5.1872012522291016
2012-09-25 00:00:00,5.1999639425159305
2012-09-26 00:00:00,5.170648115587587
2012-09-27 00:00:00,5.1778081523901704
2012-09-28 00:00:00,5.171198184536054
2012-10-01 00:00:00,5.184435039957221
2012-10-02 00:00:00,5.203303675298534
2012-10-03 00:00:00,5.181119477151878
2012-10-04 00:00:00,5.217825561897693
2012-10-05 00:00:00,5.2358103117879065
2012-10-09 00:00:00,5.171198184536054
2012-10-10 00:00:00,5.175602953006699
2012-10-11 00:00:00,5.197184105061361
2012-10-12 00:00:00,5.2077633313305025
2012-10-15 00:00:00,5.209996027292489
2012-10-16 00:00:00,5.242021237424664
2012-10-17 00:00:00,5.27387034117814
2012-10-18 00:00:00,5.269296795082809
2012-10-19 00:00:00,5.234682633495469
2012-10-22 00:00:00,5.2476803340860325
2012-10-23 00:00:00,5.211113093336077
2012-10-24 00:00:00,5.203303675298534
2012-10-25 00:00:00,5.206647700796799
2012-10-26 00:00:00,5.1999639425159305
2012-10-29 00:00:00,5.189970417962728
2012-10-30 00:00:00,5.22174916045106
2012-10-31 00:00:00,5.220627530301677
2012-11-01 00:00:00,5.2122306384987045
2012-11-02 00:00:00,5.173399631187623
2012-11-05 00:00:00,5.1525612608266815
2012-11-06 00:00:00,5.158028749431124
2012-11-07 00:00:00,5.141660983143528
2012-11-08 00:00:00,5.13731377453381
2012-11-09 00:00:00,5.125937249250122
2012-11-13 00:00:00,5.132973910732726
2012-11-14 00:00:00,5.143837347580839
2012-11-15 00:00:00,5.161314815739956
2012-11-16 00:00:00,5.131890090227926
2012-11-19 00:00:00,5.168998610659179
2012-11-20 00:00:00,5.169548328686474
2012-11-21 00:00:00,5.174501057551513
2012-11-23 00:00:00,5.229051520507628
2012-11-26 00:00:00,5.2358103117879065
2012-11-27 00:00:00,5.221188285138444
2012-11-28 00:00:00,5.219506381900453
2012-11-29 00:00:00,5.230739581904543
2012-11-30 00:00:00,5.247113874637188
2012-12-03 00:00:00,5.255055452393395
2012-12-04 00:00:00,5.242586597782454
2012-12-05 00:00:00,5.248246915853909
2012-12-06 00:00:00,5.209996027292489
2012-12-07 00:00:00,5.208321325901523
2012-12-10 00:00:00,5.209996027292489
2012-12-11 00:00:00,5.208321325901523
2012-12-12 00:00:00,5.234682633495469
2012-12-13 00:00:00,5.259035262862589
2012-12-14 00:00:00,5.285913759747599
2012-12-17 00:00:00,5.298589811929248
2012-12-18 00:00:00,5.324125184516859
2012-12-19 00:00:00,5.332886772862196
2012-12-20 00:00:00,5.324125184516859
2012-12-21 00:00:00,5.299745195664949
2012-12-24 00:00:00,5.306108823778945
2012-12-26 00:00:00,5.325291732541511
2012-12-27 00:00:00,5.3194640987786075
2012-12-28 00:00:00,5.324125184516859
2012-12-31 00:00:00,5.309586339119489
2013-01-02 00:00:00,5.303214372096761
2013-01-03 00:00:00,5.271010944983616
2013-01-04 00:00:00,5.248246915853909
2013-01-07 00:00:00,5.268154647733707
2013-01-08 00:00:00,5.255055452393395
2013-01-09 00:00:00,5.258466349484953
2013-01-10 00:00:00,5.305529680707151
2013-01-11 00:00:00,5.329963041078829
2013-01-14 00:00:00,5.298589811929248
2013-01-15 00:00:00,5.240890882440853
2013-01-16 00:00:00,5.219506381900453
2013-01-17 00:00:00,5.209437673844058
2013-01-18 00:00:00,5.201076710318737
2013-01-22 00:00:00,5.239196263703267
2013-01-23 00:00:00,5.229614086566856
2013-01-24 00:00:00,5.233555440852596
2013-01-25 00:00:00,5.2539194698053295
2013-01-28 00:00:00,5.242586597782454
2013-01-29 00:00:00,5.274442592734257
2013-01-30 00:00:00,5.327626362849509
2013-01-31 00:00:00,5.3457893912502925
2013-02-01 00:00:00,5.383085596305528
2013-02-04 00:00:00,5.3493191300361955
2013-02-05 00:00:00,5.351085747978745
2013-02-06 00:00:00,5.341677245564715
2013-02-07 00:00:00,5.297434931848183
2013-02-08 00:00:00,5.293396813093643
2013-02-11 00:00:00,5.291668074748412
2013-02-12 00:00:00,5.299745195664949
2013-02-13 00:00:00,5.293973310241658
2013-02-14 00:00:00,5.265301444393297
2013-02-15 00:00:00,5.268725659509962
2013-02-19 00:00:00,5.272154331305739
2013-02-20 00:00:00,5.260173459002155
2013-02-21 00:00:00,5.217265529101526
2013-02-22 00:00:00,5.218945988258419
2013-02-25 00:00:00,5.218945988258419
2013-02-26 00:00:00,5.2122306384987045
2013-02-27 00:00:00,5.219645460457912
2013-02-28 00:00:00,5.219645460457912
2013-03-01 00:00:00,5.281221040906915
2013-03-04 00:00:00,5.267237070249149
2013-03-05 00:00:00,5.272419390944522
2013-03-06 00:00:00,5.292303249638271
2013-03-07 00:00:00,5.271271724784499
2013-03-08 00:00:00,5.32678207423166
2013-03-11 00:00:00,5.305492451622173
2013-03-12 00:00:00,5.292189857271848
2013-03-13 00:00:00,5.316753951657553
2013-03-14 00:00:00,5.313224470044759
2013-03-15 00:00:00,5.249676753943688
2013-03-18 00:00:00,5.27846711856004
2013-03-19 00:00:00,5.284163911083394
2013-03-20 00:00:00,5.272403419459115
2013-03-21 00:00:00,5.28029471514707
2013-03-22 00:00:00,5.251486565070542
2013-03-25 00:00:00,5.2900331316737566
2013-03-26 00:00:00,5.295699594425377
2013-03-27 00:00:00,5.322346288250214
2013-03-28 00:00:00,5.286416590490516
2013-03-29 00:00:00,5.298048248825754
2013-04-01 00:00:00,5.281464094465916
2013-04-02 00:00:00,5.294741413931678
2013-04-03 00:00:00,5.27595872357094
2013-04-04 00:00:00,5.279474870908559
2013-04-05 00:00:00,5.2051282998043416
2013-04-08 00:00:00,5.217130908380416
2013-04-09 00:00:00,5.200601696565868
2013-04-10 00:00:00,5.20926824825189
2013-04-11 00:00:00,5.187058261388758
2013-04-12 00:00:00,5.184500700162527
2013-04-15 00:00:00,5.19153076257655
2013-04-16 00:00:00,5.164632516089032
2013-04-17 00:00:00,5.192619443176824
2013-04-18 00:00:00,5.19231946355266
2013-04-19 00:00:00,5.202128503562699
2013-04-22 00:00:00,5.2142383580543905
2013-04-23 00:00:00,5.2142383580543905
2013-04-24 00:00:00,5.181335876254997
2013-04-25 00:00:00,5.181335876254997
2013-04-26 00:00:00,5.158472263305958
2013-04-29 00:00:00,5.133737807122021
2013-04-30 00:00:00,5.092953863996239
2013-05-01 00:00:00,5.075601194332755
2013-05-02 00:00:00,5.12053986866798
2013-05-03 00:00:00,5.115753317301469
2013-05-06 00:00:00,5.145051193980575
2013-05-07 00:00:00,5.149745952221038
2013-05-08 00:00:00,5.119909313501783
2013-05-09 00:00:00,5.151366234594284
2013-05-10 00:00:00,5.253128662514762
2013-05-13 00:00:00,5.243232637348674
2013-05-14 00:00:00,5.256787443290814
2013-05-15 00:00:00,5.2976009287247665
2013-05-16 00:00:00,5.264679328817405
2013-05-17 00:00:00,5.3235294709732495
2013-05-20 00:00:00,5.294092141757727
2013-05-21 00:00:00,5.296409817029075
2013-05-22 00:00:00,5.365213410513544
2013-05-23 00:00:00,5.289532628662178
2013-05-24 00:00:00,5.264480913769918
2013-05-28 00:00:00,5.323294388955115
2013-05-29 00:00:00,5.259647815009487
2013-05-30 00:00:00,5.2300249034290704
2013-05-31 00:00:00,5.243098460626996
2013-06-03 00:00:00,5.166459847395546
2013-06-04 00:00:00,5.18968386137473
2013-06-05 00:00:00,5.154850770683568
2013-06-06 00:00:00,5.086344718523656
2013-06-07 00:00:00,5.10972956122873
2013-06-10 00:00:00,5.1178383380556305
2013-06-11 00:00:00,5.0689738685452665
2013-06-12 00:00:00,5.015321754215735
2013-06-13 00:00:00,5.015321754215735
2013-06-14 00:00:00,5.0218478723084035
2013-06-17 00:00:00,5.004482502531673
2013-06-18 00:00:00,5.041528530201187
2013-06-19 00:00:00,5.038237715233693
2013-06-20 00:00:00,4.981871888815415
2013-06-21 00:00:00,4.950981513622845
2013-06-24 00:00:00,4.955749714117507
2013-06-25 00:00:00,4.933050817898179
2013-06-26 00:00:00,4.910038282276092
2013-06-27 00:00:00,4.89343629315597
2013-06-28 00:00:00,4.9006858284050905
2013-07-01 00:00:00,4.899648865682194
2013-07-02 00:00:00,4.879001377836925
2013-07-03 00:00:00,4.887755258937003
2013-07-05 00:00:00,4.810577809794195
2013-07-08 00:00:00,4.810577809794195
2013-07-09 00:00:00,4.855758730776888
2013-07-10 00:00:00,4.828905468532457
2013-07-11 00:00:00,4.7347730927661695
2013-07-12 00:00:00,4.720048430205075
2013-07-15 00:00:00,4.740386185329288
2013-07-16 00:00:00,4.688245481876
2013-07-17 00:00:00,4.698429875946706
2013-07-18 00:00:00,4.718942550248801
2013-07-19 00:00:00,4.683744254099578
2013-07-22 00:00:00,4.66026198973562
2013-07-23 00:00:00,4.665807404698472
2013-07-24 00:00:00,4.658118886534275
2013-07-25 00:00:00,4.648279976134181
2013-07-26 00:00:00,4.621417020058173
2013-07-29 00:00:00,4.621417020058173
2013-07-30 00:00:00,4.626387354560279
2013-07-31 00:00:00,4.633363811148372
2013-08-01 00:00:00,4.5991820402760055
2013-08-02 00:00:00,4.628876533164906
2013-08-05 00:00:00,4.624397938368252
2013-08-06 00:00:00,4.642364517882741
2013-08-07 00:00:00,4.664514164248695
2013-08-08 00:00:00,4.6787197762346615
2013-08-09 00:00:00,4.665020021982591
2013-08-12 00:00:00,4.651400261970315
2013-08-13 00:00:00,4.605583471381314
2013-08-14 00:00:00,4.598690359493422
2013-08-15 00:00:00,4.608543992147148
2013-08-16 00:00:00,4.640861972456735
2013-08-19 00:00:00,4.651903279193411
2013-08-20 00:00:00,4.6868761846482325
2013-08-21 00:00:00,4.670084640397511
2013-08-22 00:00:00,4.657443657719952
2013-08-23 00:00:00,4.672113568230855
2013-08-26 00:00:00,4.660976229569994
2013-08-27 00:00:00,4.682794428772206
2013-08-28 00:00:00,4.665020021982591
2013-08-29 00:00:00,4.617448435240605
2013-08-30 00:00:00,4.6189358555461695
2013-09-03 00:00:00,4.594269958635211
2013-09-04 00:00:00,4.597707313242996
2013-09-05 00:00:00,4.558244105404416
2013-09-06 00:00:00,4.583500226180231
2013-09-09 00:00:00,4.618439942312806
2013-09-10 00:00:00,4.603611903114456
2013-09-11 00:00:00,4.618439942312806
2013-09-12 00:00:00,4.632365886571341
2013-09-13 00:00:00,4.615961972604516
2013-09-16 00:00:00,4.6463760663967895
2013-09-17 00:00:00,4.642364517882741
2013-09-18 00:00:00,4.645372529449403
2013-09-19 00:00:00,4.720824146477335
2013-09-20 00:00:00,4.724972498099898
2013-09-23 00:00:00,4.727049409088074
2013-09-24 00:00:00,4.719788196478108
2013-09-25 00:00:00,4.736418148282479
2013-09-26 00:00:00,4.724453555486159
2013-09-27 00:00:00,4.753165704165909
2013-09-30 00:00:00,4.757897314755168
2013-10-01 00:00:00,4.74582409782673
2013-10-02 00:00:00,4.770561120406064
2013-10-03 00:00:00,4.794488366328742
2013-10-04 00:00:00,4.752115512892341
2013-10-07 00:00:00,4.753165704165909
2013-10-08 00:00:00,4.7584236308298085
2013-10-09 00:00:00,4.724972498099898
2013-10-10 00:00:00,4.724972498099898
2013-10-11 00:00:00,4.7254915547293725
2013-10-15 00:00:00,4.700191173809165
2013-10-16 00:00:00,4.694548687406033
2013-10-17 00:00:00,4.764748518243406
2013-10-18 00:00:00,4.772678311627812
2013-10-21 00:00:00,4.769503229038858
2013-10-22 00:00:00,4.807885282519445
2013-10-23 00:00:00,4.823519805191912
2013-10-24 00:00:00,4.824601797072844
2013-10-25 00:00:00,4.8121881220160505
2013-10-28 00:00:00,4.804126605171039
2013-10-29 00:00:00,4.7891504812626895
2013-10-30 00:00:00,4.798767249297353
2013-10-31 00:00:00,4.750016521941417
2013-11-01 00:00:00,4.714615258954567
2013-11-04 00:00:00,4.72393472685059
2013-11-05 00:00:00,4.713582031854205
2013-11-06 00:00:00,4.722378924437532
2013-11-07 00:00:00,4.683814201078122
2013-11-08 00:00:00,4.665525989447015
2013-11-12 00:00:00,4.687897735691094
2013-11-13 00:00:00,4.698650969164553
2013-11-14 00:00:00,4.700191173809165
2013-11-15 00:00:00,4.700191173809165
2013-11-18 00:00:00,4.716165949205293
2013-11-19 00:00:00,4.719788196478108
2013-11-20 00:00:00,4.697111773607936
2013-11-21 00:00:00,4.703274614334297
2013-11-22 00:00:00,4.741639067758099
2013-11-25 00:00:00,4.714098588789202
2013-11-26 00:00:00,4.737461412191792
2013-11-27 00:00:00,4.73172914120575
2013-11-29 00:00:00,4.754741861689121
2013-12-02 00:00:00,4.739549319380948
2013-12-03 00:00:00,4.763693202956974
2013-12-04 00:00:00,4.752115512892341
2013-12-05 00:00:00,4.792351785060325
2013-12-06 00:00:00,4.8121881220160505
2013-12-09 00:00:00,4.8256842744785144
2013-12-10 00:00:00,4.846344031399445
2013-12-11 00:00:00,4.857288801118052
2013-12-12 00:00:00,4.83218935325786
2013-12-13 00:00:00,4.831103955829007
2013-12-16 00:00:00,4.846344031399445
2013-12-17 00:00:00,4.8496222798987
2013-12-18 00:00:00,4.848529037725594
2013-12-19 00:00:00,4.798767249297353
2013-12-20 00:00:00,4.805199913170405
2013-12-23 00:00:00,4.810573654965497
2013-12-24 00:00:00,4.8003738001006
2013-12-26 00:00:00,4.799302646736749
2013-12-27 00:00:00,4.837079683200436
2013-12-30 00:00:00,4.85181024393204
2013-12-31 00:00:00,4.831103955829007
2014-01-02 00:00:00,4.780634543532059
2014-01-03 00:00:00,4.7563190648719
2014-01-06 00:00:00,4.760530060059923
2014-01-07 00:00:00,4.734332998316253
2014-01-08 00:00:00,4.726010725412159
2014-01-09 00:00:00,4.734854113671049
2014-01-10 00:00:00,4.762638355037808
2014-01-13 00:00:00,4.765804301207786
2014-01-14 00:00:00,4.774797382917247
2014-01-15 00:00:00,4.7353753437584185
2014-01-16 00:00:00,4.74582409782673
2014-01-17 00:00:00,4.727049409088074
2014-01-21 00:00:00,4.72982228834553
2014-01-22 00:00:00,4.72982228834553
2014-01-23 00:00:00,4.669652687775275
2014-01-24 00:00:00,4.641013984041375
2014-01-27 00:00:00,4.644507966758017
2014-01-28 00:00:00,4.659240700608288
2014-01-29 00:00:00,4.639660043379261
2014-01-30 00:00:00,4.68806336056657
2014-01-31 00:00:00,4.68806336056657
2014-02-03 00:00:00,4.668030629252454
2014-02-04 00:00:00,4.6864884666072495
2014-02-05 00:00:00,4.682070310054798
2014-02-06 00:00:00,4.65570408328188
2014-02-07 00:00:00,4.655434654353112
2014-02-10 00:00:00,4.642007689676222
2014-02-11 00:00:00,4.642793562889919
2014-02-12 00:00:00,4.660556260895957
2014-02-13 00:00:00,4.660556260895957
2014-02-14 00:00:00,4.650537994593105
2014-02-18 00:00:00,4.650537994593105
2014-02-19 00:00:00,4.6557821736578235
2014-02-20 00:00:00,4.632795816427018
2014-02-21 00:00:00,4.645305616111339
2014-02-24 00:00:00,4.6468740929654
2014-02-25 00:00:00,4.654732391882478
2014-02-26 00:00:00,4.627603263393587
2014-02-27 00:00:00,4.653683083408204
2014-02-28 00:00:00,4.686433180022427
2014-03-03 00:00:00,4.686433180022427
2014-03-04 00:00:00,4.655257223587505
2014-03-05 00:00:00,4.653683083408204
2014-03-06 00:00:00,4.686433180022427
2014-03-07 00:00:00,4.699769643255274
2014-03-10 00:00:00,4.701910524541349
2014-03-11 00:00:00,4.700839840145461
2014-03-12 00:00:00,4.722346599107582
2014-03-13 00:00:00,4.731546678431994
2014-03-14 00:00:00,4.739150174012578
2014-03-17 00:00:00,4.731546678431994
2014-03-18 00:00:00,4.722346599107582
2014-03-19 00:00:00,4.720187071681442
2014-03-20 00:00:00,4.6742303086151455
2014-03-21 00:00:00,4.672643313263646
2014-03-24 00:00:00,4.670528995022351
2014-03-25 00:00:00,4.6589343619947625
2014-03-26 00:00:00,4.663143925457147
2014-03-27 00:00:00,4.660512057342542
2014-03-28 00:00:00,4.655257223587505
2014-03-31 00:00:00,4.670528995022351
2014-04-01 00:00:00,4.678467571217856
2014-04-02 00:00:00,4.654732391882478
2014-04-03 00:00:00,4.628121994843356
2014-04-04 00:00:00,4.629678887194166
2014-04-07 00:00:00,4.651585885083099
2014-04-08 00:00:00,4.672643313263646
2014-04-09 00:00:00,4.683243683756531
2014-04-10 00:00:00,4.714258542589357
2014-04-11 00:00:00,4.719647498399358
2014-04-14 00:00:00,4.700304680782967
2014-04-15 00:00:00,4.689094414082632
2014-04-16 00:00:00,4.684837889027299
2014-04-17 00:00:00,4.685369532001542
2014-04-18 00:00:00,4.674759546648277
2014-04-21 00:00:00,4.664724473618527
2014-04-22 00:00:00,4.664724473618527
2014-04-23 00:00:00,4.676877697779518
2014-04-24 00:00:00,4.682712523080139
2014-04-25 00:00:00,4.686965185151275
2014-04-28 00:00:00,4.688029557851434
2014-04-29 00:00:00,4.66788878643274
2014-04-30 00:00:00,4.691758672272454
2014-05-01 00:00:00,4.693358680913673
2014-05-02 00:00:00,4.697630710660779
2014-05-05 00:00:00,4.7056617638474565
2014-05-06 00:00:00,4.721806532021682
2014-05-07 00:00:00,4.714258542589357
2014-05-08 00:00:00,4.700304680782967
2014-05-09 00:00:00,4.659986040180314
2014-05-12 00:00:00,4.651585885083099
2014-05-13 00:00:00,4.642171836743601
2014-05-14 00:00:00,4.642171836743601
2014-05-15 00:00:00,4.6400849984263415
2014-05-16 00:00:00,4.6338357257011875
2014-05-19 00:00:00,4.630717397487392
2014-05-20 00:00:00,4.630717397487392
2014-05-21 00:00:00,4.6126104698913615
2014-05-22 00:00:00,4.6141569418861845
2014-05-23 00:00:00,4.60900606340674
2014-05-27 00:00:00,4.597855848515578
2014-05-28 00:00:00,4.597855848515578
2014-05-29 00:00:00,4.591440626202816
2014-05-30 00:00:00,4.577792640839869
2014-06-02 00:00:00,4.596039093401483
2014-06-03 00:00:00,4.587566227893501
2014-06-04 00:00:00,4.583186674246193
2014-06-05 00:00:00,4.576735662483888
2014-06-06 00:00:00,4.573371804625473
2014-06-09 00:00:00,4.591643067779978
2014-06-10 00:00:00,4.602633047601373
2014-06-11 00:00:00,4.6033891854191635
2014-06-12 00:00:00,4.5949491580366315
2014-06-13 00:00:00,4.607955811767063
2014-06-16 00:00:00,4.587756366703362
2014-06-17 00:00:00,4.602332207063182
2014-06-18 00:00:00,4.590818746626828
2014-06-19 00:00:00,4.567889825773946
2014-06-20 00:00:00,4.58207431230318
2014-06-23 00:00:00,4.575628826909471
2014-06-24 00:00:00,4.578972319369346
2014-06-25 00:00:00,4.559574458159201
2014-06-26 00:00:00,4.56708618862969
2014-06-27 00:00:00,4.559565181039411
2014-06-30 00:00:00,4.532671821668422
2014-07-01 00:00:00,4.533982471313386
2014-07-02 00:00:00,4.541576746905992
2014-07-03 00:00:00,4.566282435616664
2014-07-07 00:00:00,4.566018191027669
2014-07-08 00:00:00,4.56057402835026
2014-07-09 00:00:00,4.557196256858244
2014-07-10 00:00:00,4.561082451298684
2014-07-11 00:00:00,4.560818206709688
2014-07-14 00:00:00,4.556403523091259
2014-07-15 00:00:00,4.574242688772365
2014-07-16 00:00:00,4.589895097905707
2014-07-17 00:00:00,4.5839955969794675
2014-07-18 00:00:00,4.591923529566021
2014-07-21 00:00:00,4.5870547773756485
2014-07-22 00:00:00,4.60819963880907
2014-07-23 00:00:00,4.6089499045844
2014-07-24 00:00:00,4.608685659995405
2014-07-25 00:00:00,4.619046686973353
2014-07-28 00:00:00,4.614740542654881
2014-07-29 00:00:00,4.6300989336339065
2014-07-30 00:00:00,4.643853929028417
2014-07-31 00:00:00,4.638592731978397
2014-08-01 00:00:00,4.619239333717339
2014-08-04 00:00:00,4.629041955277925
2014-08-05 00:00:00,4.6457898517970815
2014-08-06 00:00:00,4.642033505313118
2014-08-07 00:00:00,4.637271509033421
2014-08-08 00:00:00,4.618926799636942
2014-08-11 00:00:00,4.625208181165527
2014-08-12 00:00:00,4.634476913139791
2014-08-13 00:00:00,4.632710114363988
2014-08-14 00:00:00,4.620893214670994
2014-08-15 00:00:00,4.605471807341143
2014-08-18 00:00:00,4.625394821488995
2014-08-19 00:00:00,4.636657792598239
2014-08-20 00:00:00,4.649851276003245
2014-08-21 00:00:00,4.647598326414129
2014-08-22 00:00:00,4.662206950000404
2014-08-25 00:00:00,4.662930760054257
2014-08-26 00:00:00,4.673998155998322
2014-08-27 00:00:00,4.664377084069296
2014-08-28 00:00:00,4.665099598597081
2014-08-29 00:00:00,4.676642904564395
2014-09-02 00:00:00,4.687148106505527
2014-09-03 00:00:00,4.681995053726826
2014-09-04 00:00:00,4.74969483503969
2014-09-05 00:00:00,4.7394388148551245
2014-09-08 00:00:00,4.744413974942572
2014-09-09 00:00:00,4.758848984423363
2014-09-10 00:00:00,4.774594808207296
2014-09-11 00:00:00,4.758793041731864
2014-09-12 00:00:00,4.752851558772026
2014-09-15 00:00:00,4.755900808677743
2014-09-16 00:00:00,4.7414008061987225
2014-09-17 00:00:00,4.756318120548242
2014-09-18 00:00:00,4.7551080749107575
2014-09-19 00:00:00,4.783042862433139
2014-09-22 00:00:00,4.785578742775585
2014-09-23 00:00:00,4.774092518704263
2014-09-24 00:00:00,4.801776301568344
2014-09-25 00:00:00,4.8112101730653425
2014-09-26 00:00:00,4.83203980307012
2014-09-29 00:00:00,4.824919571267136
2014-09-30 00:00:00,4.8501411710472215
2014-10-01 00:00:00,4.855299357459783
2014-10-02 00:00:00,4.839636099050483
2014-10-03 00:00:00,4.9012015318636895
2014-10-06 00:00:00,4.88141598676618
2014-10-07 00:00:00,4.872219305257206
2014-10-08 00:00:00,4.853075340952336
2014-10-09 00:00:00,4.844215688235867
2014-10-10 00:00:00,4.854352061477231
2014-10-14 00:00:00,4.839603735010385
2014-10-15 00:00:00,4.797150997802171
2014-10-16 00:00:00,4.788071299578393
2014-10-17 00:00:00,4.807707246201105
2014-10-20 00:00:00,4.793578271044661
2014-10-21 00:00:00,4.813618940456069
2014-10-22 00:00:00,4.8352916732593245
2014-10-23 00:00:00,4.837299828814899
2014-10-24 00:00:00,4.8274754530311865
2014-10-27 00:00:00,4.813480436172861
2014-10-28 00:00:00,4.803552850448994
2014-10-29 00:00:00,4.798209719050686
2014-10-30 00:00:00,4.84368697160321
2014-10-31 00:00:00,4.875322085633873
2014-11-03 00:00:00,4.889281640365261
2014-11-04 00:00:00,4.862718476855807
2014-11-05 00:00:00,4.882097503129371
2014-11-06 00:00:00,4.909210002056757
2014-11-07 00:00:00,4.9010337833852
2014-11-10 00:00:00,4.898125673929187
2014-11-12 00:00:00,4.885479922493529
2014-11-13 00:00:00,4.87810821782197
2014-11-14 00:00:00,4.869819808973268
2014-11-17 00:00:00,4.886017214439447
2014-11-18 00:00:00,4.854502061329624
2014-11-19 00:00:00,4.849285403124326
2014-11-20 00:00:00,4.859811786376861
2014-11-21 00:00:00,4.90393349548833
2014-11-24 00:00:00,4.894865455700705
2014-11-25 00:00:00,4.880883173031757
2014-11-26 00:00:00,4.866812423714072
2014-11-28 00:00:00,4.886118131084547
2014-12-01 00:00:00,4.87386624953315
2014-12-02 00:00:00,4.912864759107683
2014-12-03 00:00:00,4.938234710629807
2014-12-04 00:00:00,4.892133361954358
2014-12-05 00:00:00,4.934681060141049
2014-12-08 00:00:00,4.937010076147969
2014-12-09 00:00:00,4.893986679195999
2014-12-10 00:00:00,4.893722434607004
2014-12-11 00:00:00,4.8969811596653345
2014-12-12 00:00:00,4.866584904412945
2014-12-15 00:00:00,4.87166898866605
2014-12-16 00:00:00,4.85890451971821
2014-12-17 00:00:00,4.8919604309777736
2014-12-18 00:00:00,4.941795947233512
2014-12-19 00:00:00,4.957828791332929
2014-12-22 00:00:00,4.952431723720641
2014-12-23 00:00:00,4.974319589732171
2014-12-24 00:00:00,4.971086932958139
2014-12-29 00:00:00,4.976332105344513
2014-12-30 00:00:00,4.976914176521043
2014-12-31 00:00:00,4.999371644490947
2015-01-02 00:00:00,5.028196387280583
2015-01-05 00:00:00,5.058650538856809
2015-01-06 00:00:00,5.051463593414402
2015-01-07 00:00:00,5.0907885242906135
2015-01-08 00:00:00,5.094121764405809
2015-01-09 00:00:00,5.0866561712610885
2015-01-12 00:00:00,5.085991102843614
2015-01-13 00:00:00,5.103686085398338
2015-01-14 00:00:00,5.094262532956193
2015-01-15 00:00:00,4.529331574773178
2015-01-16 00:00:00,4.286867258429515
2015-01-20 00:00:00,4.286867258429515
2015-01-21 00:00:00,4.286867258429515
2015-01-22 00:00:00,4.286867258429515
2015-01-23 00:00:00,4.268446241923555
2015-01-26 00:00:00,4.218993409797212
2015-01-27 00:00:00,4.207646184320662
2015-01-28 00:00:00,4.2049346576143565
2015-01-29 00:00:00,4.169978982300374
2015-01-30 00:00:00,4.173194644299784
2015-02-02 00:00:00,4.162784363882888
2015-02-03 00:00:00,4.168375330198654
2015-02-04 00:00:00,4.167574545705773
2015-02-05 00:00:00,4.165575615124226
2015-02-06 00:00:00,4.169577808603276
2015-02-09 00:00:00,4.1635810028200195
2015-02-10 00:00:00,4.16258531165143
2015-02-11 00:00:00,4.157622936092211
2015-02-12 00:00:00,4.158613272940321
2015-02-13 00:00:00,4.15308185721635
2015-02-17 00:00:00,4.15308185721635
2015-02-18 00:00:00,4.172657562967463
2015-02-19 00:00:00,4.177600102042506
2015-02-20 00:00:00,4.167170757040585
2015-02-23 00:00:00,4.1816373590940294
2015-02-24 00:00:00,4.185761811992829
2015-02-25 00:00:00,4.181809130482587
2015-02-26 00:00:00,4.190141820229776
2015-02-27 00:00:00,4.184865414169261
2015-03-02 00:00:00,4.192406740223223
2015-03-03 00:00:00,4.199317649898417
2015-03-04 00:00:00,4.208608672159642
2015-03-05 00:00:00,4.226275153559932
2015-03-06 00:00:00,4.246107492886023
2015-03-09 00:00:00,4.250826893933096
2015-03-10 00:00:00,4.272376377790989
2015-03-11 00:00:00,4.285728800804559
2015-03-12 00:00:00,4.278745896854082
2015-03-13 00:00:00,4.280879768044084
2015-03-16 00:00:00,4.285408246606554
2015-03-17 00:00:00,4.279460243354287
2015-03-18 00:00:00,4.264049784014941
2015-03-19 00:00:00,4.258487224641646
2015-03-20 00:00:00,4.230582295340999
2015-03-23 00:00:00,4.212439953648329
2015-03-24 00:00:00,4.196958813796035
2015-03-25 00:00:00,4.1945799764678915
2015-03-26 00:00:00,4.20202435491169
2015-03-27 00:00:00,4.19663825959803
2015-03-30 00:00:00,4.213762786771943
2015-03-31 00:00:00,4.219941435862932
2015-04-01 00:00:00,4.212249524145119
2015-04-02 00:00:00,4.194696829271629
2015-04-03 00:00:00,4.180464417083341
2015-04-06 00:00:00,4.184196930850714
2015-04-07 00:00:00,4.205486474271068
2015-04-08 00:00:00,4.205486474271068
2015-04-09 00:00:00,4.152486220894654
2015-04-10 00:00:00,4.152486220894654
2015-04-13 00:00:00,4.14078365324653
2015-04-14 00:00:00,4.111390493748869
2015-04-15 00:00:00,4.115033950028248
2015-04-16 00:00:00,4.0549117988089955
2015-04-17 00:00:00,4.029699395062994
2015-04-20 00:00:00,4.036178885070853
2015-04-21 00:00:00,4.029222097796224
2015-04-22 00:00:00,4.088259654262918
2015-04-23 00:00:00,4.038590848244461
2015-04-24 00:00:00,4.030747880524812
2015-04-27 00:00:00,4.030957295461276
2015-04-28 00:00:00,4.032509961573691
2015-04-29 00:00:00,3.9501460975747684
2015-04-30 00:00:00,3.972709486648227
2015-05-01 00:00:00,3.972709486648227
2015-05-04 00:00:00,3.9654917821197446
2015-05-05 00:00:00,4.006165688328055
2015-05-06 00:00:00,4.055202907682453
2015-05-07 00:00:00,4.034918073650984
2015-05-08 00:00:00,4.00098195010723
2015-05-11 00:00:00,3.971008840463875
2015-05-12 00:00:00,4.004436283757225
2015-05-13 00:00:00,4.049891574470034
2015-05-14 00:00:00,4.056976449299634
2015-05-15 00:00:00,4.044594136177725
2015-05-18 00:00:00,4.020054886814133
2015-05-19 00:00:00,3.9612583116573554
2015-05-20 00:00:00,3.949452539147892
2015-05-21 00:00:00,3.9701590632671135
2015-05-22 00:00:00,3.935628617447438
2015-05-26 00:00:00,3.904567673923439
2015-05-27 00:00:00,3.9025143674058103
2015-05-28 00:00:00,3.923145126379197
2015-05-29 00:00:00,3.9456727568369256
2015-06-01 00:00:00,3.919415507055503
2015-06-02 00:00:00,3.971433865492288
2015-06-03 00:00:00,3.974411590112944
2015-06-04 00:00:00,3.9718589815129994
2015-06-05 00:00:00,3.9322919251053885
2015-06-08 00:00:00,3.9761151527319383
2015-06-09 00:00:00,3.99194261487837
2015-06-10 00:00:00,3.993231446975295
2015-06-11 00:00:00,3.9625274033847124
2015-06-12 00:00:00,4.007030950895728
2015-06-15 00:00:00,3.9680362105972034
2015-06-16 00:00:00,3.979099904053024
2015-06-17 00:00:00,4.001844974686631
2015-06-18 00:00:00,4.034918073650984
2015-06-19 00:00:00,4.030535151563594
2015-06-22 00:00:00,4.038431280506579
2015-06-23 00:00:00,3.974411590112944
2015-06-24 00:00:00,3.9642207911639367
2015-06-25 00:00:00,3.957878037898074
2015-06-26 00:00:00,3.9680362105972034
2015-06-29 00:00:00,3.998395108329142
2015-06-30 00:00:00,3.9701590632671135
2015-07-01 00:00:00,3.9239748948069426
2015-07-02 00:00:00,3.9322919251053885
2015-07-06 00:00:00,3.9339595637504714
2015-07-07 00:00:00,3.9132152083204432
2015-07-08 00:00:00,3.923145126379197
2015-07-09 00:00:00,3.907857462379615
2015-07-10 00:00:00,3.9427379242688816
2015-07-13 00:00:00,3.909092562715386
2015-07-14 00:00:00,3.922730373749281
2015-07-15 00:00:00,3.897185863385616
2015-07-16 00:00:00,3.880475486853633
2015-07-17 00:00:00,3.860705211018956
2015-07-20 00:00:00,3.860705211018956
2015-07-21 00:00:00,3.8443802856905913
2015-07-22 00:00:00,3.8534340317860534
2015-07-23 00:00:00,3.8402948111687065
2015-07-24 00:00:00,3.855804485499579
2015-07-27 00:00:00,3.846320490268591
2015-07-28 00:00:00,3.8625785029478803
2015-07-29 00:00:00,3.8591520537501554
2015-07-30 00:00:00,3.8852097269381045
2015-07-31 00:00:00,3.861112220564756
2015-08-03 00:00:00,3.879221456334941
2015-08-04 00:00:00,3.8987281534287948
2015-08-05 00:00:00,3.92888128342613
2015-08-06 00:00:00,3.9278865925228077
2015-08-07 00:00:00,3.9338383927087235
2015-08-10 00:00:00,3.9428394189838465
2015-08-11 00:00:00,3.9506507847876398
2015-08-12 00:00:00,3.8812344668018173
2015-08-13 00:00:00,3.908134705647825
2015-08-14 00:00:00,3.9157027685398633
2015-08-17 00:00:00,3.9115899043436366
2015-08-18 00:00:00,3.9090296083518967
2015-08-19 00:00:00,3.884474733153886
2015-08-20 00:00:00,3.8519904690377795
2015-08-21 00:00:00,3.797599731499774
2015-08-24 00:00:00,3.7382672852090617
2015-08-25 00:00:00,3.7971559722801165
2015-08-26 00:00:00,3.7903150291907233
2015-08-27 00:00:00,3.8548934442852567
2015-08-28 00:00:00,3.8510608040084047
2015-08-31 00:00:00,3.8743872139814
2015-09-01 00:00:00,3.850617044788747
2015-09-02 00:00:00,3.8775103589287037
2015-09-03 00:00:00,3.9063670530339523
2015-09-04 00:00:00,3.9022414197416557
2015-09-08 00:00:00,3.9121526947826046
2015-09-09 00:00:00,3.9068709815256124
2015-09-10 00:00:00,3.8941365537097368
2015-09-11 00:00:00,3.893914674099908
2015-09-14 00:00:00,3.874768970035377
2015-09-15 00:00:00,3.901300877612725
2015-09-16 00:00:00,3.874721369790454
2015-09-17 00:00:00,3.8831943432950817
2015-09-18 00:00:00,3.8447392491052153
2015-09-21 00:00:00,3.8795933817376556
2015-09-22 00:00:00,3.8915767507111516
2015-09-23 00:00:00,3.9097120190744894
2015-09-24 00:00:00,3.8899552374044797
2015-09-25 00:00:00,3.901478317352965
2015-09-28 00:00:00,3.8914739983917928
2015-09-29 00:00:00,3.8814193064164524
2015-09-30 00:00:00,3.9058797679007804
2015-10-01 00:00:00,3.8943358204515595
2015-10-02 00:00:00,3.870473687670261
2015-10-05 00:00:00,3.8946750566888846
2015-10-06 00:00:00,3.867649781448095
2015-10-07 00:00:00,3.882452518548627
2015-10-08 00:00:00,3.865617617323724
2015-10-09 00:00:00,3.8418132526020616
2015-10-13 00:00:00,3.8331276153110374
2015-10-14 00:00:00,3.8015523914697793
2015-10-15 00:00:00,3.7898031362554194
2015-10-16 00:00:00,3.80889222703049
2015-10-19 00:00:00,3.8184580335943807
2015-10-20 00:00:00,3.8100831687161567
2015-10-21 00:00:00,3.8209197764718397
2015-10-22 00:00:00,3.8209197764718397
2015-10-23 00:00:00,3.796697006853583
2015-10-26 00:00:00,3.796697006853583
2015-10-27 00:00:00,3.7828355159048406
2015-10-28 00:00:00,3.7828355159048406
2015-10-29 00:00:00,3.7828355159048406
2015-10-30 00:00:00,3.7828355159048406
2015-11-02 00:00:00,3.7828355159048406
2015-11-03 00:00:00,3.7828355159048406
2015-11-04 00:00:00,3.7868072981826812
2015-11-05 00:00:00,3.7983460195158996
2015-11-06 00:00:00,3.829619337419492
2015-11-09 00:00:00,3.817841846833867
2015-11-10 00:00:00,3.8395647575483927
2015-11-12 00:00:00,3.8162845218064803
2015-11-13 00:00:00,3.8435609789071354
2015-11-16 00:00:00,3.840021291205428
2015-11-17 00:00:00,3.872762087822222
2015-11-18 00:00:00,3.8830406255142833
2015-11-19 00:00:00,3.861771301149837
2015-11-20 00:00:00,3.8771843452204835
2015-11-23 00:00:00,3.884912978348319
2015-11-24 00:00:00,3.8687690904860506
2015-11-25 00:00:00,3.8898763083136942
2015-11-27 00:00:00,3.9199515154209257
2015-11-30 00:00:00,3.9115867132906352
2015-12-01 00:00:00,3.916332929601996
2015-12-02 00:00:00,3.9083094763881516
2015-12-03 00:00:00,3.806491613596443
2015-12-04 00:00:00,3.802514113791384
2015-12-07 00:00:00,3.8172920871768166
2015-12-08 00:00:00,3.784685421244553
2015-12-09 00:00:00,3.7561462134386
2015-12-10 00:00:00,3.7643930846358877
2015-12-11 00:00:00,3.7410020365921444
2015-12-14 00:00:00,3.738840716705791
2015-12-15 00:00:00,3.7763668985966756
2015-12-16 00:00:00,3.7496531523964665
2015-12-17 00:00:00,3.800933823127035
2015-12-18 00:00:00,3.782946186524597
2015-12-21 00:00:00,3.7720621570130053
2015-12-22 00:00:00,3.754189574378649
2015-12-23 00:00:00,3.781534065009796
2015-12-24 00:00:00,3.756066945873424
2015-12-28 00:00:00,3.758158912823591
2015-12-29 00:00:00,3.775553916372182
2015-12-30 00:00:00,3.7623344405190267
2015-12-31 00:00:00,3.810232694934059
2016-01-04 00:00:00,3.819343510987452
2016-01-05 00:00:00,3.839117399510969
2016-01-06 00:00:00,3.8344759887595985
2016-01-07 00:00:00,3.8097371002899543
2016-01-08 00:00:00,3.79223701092535
2016-01-11 00:00:00,3.8025584376291444
2016-01-12 00:00:00,3.8135673425579855
2016-01-13 00:00:00,3.8259921783855995
2016-01-14 00:00:00,3.828737014593218
2016-01-15 00:00:00,3.795673869309422
2016-01-19 00:00:00,3.8134437585093344
2016-01-20 00:00:00,3.81322635416934
2016-01-21 00:00:00,3.842608293629192
2016-01-22 00:00:00,3.8555583388014187
2016-01-25 00:00:00,3.8553409344614242
2016-01-26 00:00:00,3.870006462772576
2016-01-27 00:00:00,3.8650830643981493
2016-01-28 00:00:00,3.849579163154305
2016-01-29 00:00:00,3.8826827429290534
2016-02-01 00:00:00,3.873830846127594
2016-02-02 00:00:00,3.866024866999065
2016-02-03 00:00:00,3.8251706392837357
2016-02-04 00:00:00,3.770880861701628
2016-02-05 00:00:00,3.7752293391499543
2016-02-08 00:00:00,3.7547623145145907
2016-02-09 00:00:00,3.690089750861495
2016-02-10 00:00:00,3.713169774676942
2016-02-11 00:00:00,3.684085160604762
2016-02-12 00:00:00,3.7084127221110372
2016-02-16 00:00:00,3.753291137124661
2016-02-17 00:00:00,3.7680067763269003
2016-02-18 00:00:00,3.7680067763269003
2016-02-19 00:00:00,3.7859079507418776
2016-02-22 00:00:00,3.7506496451721802
2016-02-23 00:00:00,3.775603564182399
2016-02-24 00:00:00,3.7985788394208306
2016-02-25 00:00:00,3.7855253038901746
2016-02-26 00:00:00,3.7577994739329177
2016-02-29 00:00:00,3.7604404976595776
2016-03-01 00:00:00,3.7476473240633776
2016-03-02 00:00:00,3.7525285398947394
2016-03-03 00:00:00,3.775603564182399
2016-03-04 00:00:00,3.7733213133880104
2016-03-07 00:00:00,3.7570455769575073
2016-03-08 00:00:00,3.7672554875625734
2016-03-09 00:00:00,3.7672554875625734
2016-03-10 00:00:00,3.7288198907948886
2016-03-11 00:00:00,3.7104100358130476
2016-03-14 00:00:00,3.7104100358130476
2016-03-15 00:00:00,3.7134229550463513
2016-03-16 00:00:00,3.7032739096180434
2016-03-17 00:00:00,3.7794052637517206
2016-03-18 00:00:00,3.778624556198787
2016-03-21 00:00:00,3.7801862939777484
2016-03-22 00:00:00,3.7696695469465884
2016-03-23 00:00:00,3.759597467178774
2016-03-24 00:00:00,3.7461235872533947
2016-03-25 00:00:00,3.740761038150987
2016-03-28 00:00:00,3.759211154245443
2016-03-29 00:00:00,3.754581583858441
2016-03-30 00:00:00,3.7966628220336913
2016-03-31 00:00:00,3.817660748525164
2016-04-01 00:00:00,3.815669894985049
2016-04-04 00:00:00,3.812091586237016
2016-04-05 00:00:00,3.8220479474630853
2016-04-06 00:00:00,3.836074546829889
2016-04-07 00:00:00,3.830050560418409
2016-04-08 00:00:00,3.836476819747971
2016-04-11 00:00:00,3.835672358263435
2016-04-12 00:00:00,3.83245788320937
2016-04-13 00:00:00,3.790761885101715
2016-04-14 00:00:00,3.784487736952172
2016-04-15 00:00:00,3.783313645617027
2016-04-18 00:00:00,3.7966628220336913
2016-04-19 00:00:00,3.811297317753583
2016-04-20 00:00:00,3.7829224437097144
2016-04-21 00:00:00,3.763077859814508
2016-04-22 00:00:00,3.7430573923794395
2016-04-25 00:00:00,3.7553523868935175
2016-04-26 00:00:00,3.7665647022667197
2016-04-27 00:00:00,3.767728419476483
2016-04-28 00:00:00,3.7766741976996645
2016-04-29 00:00:00,3.8116944106185295
2016-05-02 00:00:00,3.8284473580071836
2016-05-03 00:00:00,3.834466298408621
2016-05-04 00:00:00,3.8212495250800758
2016-05-05 00:00:00,3.7770641083126826
2016-05-06 00:00:00,3.772779514604171
2016-05-09 00:00:00,3.772390488050799
2016-05-10 00:00:00,3.753811097180037
2016-05-11 00:00:00,3.772001541717357
2016-05-12 00:00:00,3.7743364235135304
2016-05-13 00:00:00,3.749963402328479
2016-05-16 00:00:00,3.743823470437643
2016-05-17 00:00:00,3.748042511332512
2016-05-18 00:00:00,3.724765114347043
2016-05-19 00:00:00,3.6976594858617995
2016-05-20 00:00:00,3.6879680396286942
2016-05-23 00:00:00,3.688339848081122
2016-05-24 00:00:00,3.684254073828464
2016-05-25 00:00:00,3.692434694501075
2016-05-26 00:00:00,3.695052057138443
2016-05-27 00:00:00,3.695052057138443
2016-05-31 00:00:00,3.7015349803926108
2016-06-01 00:00:00,3.685662392153388
2016-06-02 00:00:00,3.689190708464378
2016-06-03 00:00:00,3.643202514811472
2016-06-06 00:00:00,3.6194809804057795
2016-06-07 00:00:00,3.597032773402379
2016-06-08 00:00:00,3.5695498277051243
2016-06-09 00:00:00,3.5871669164371376
2016-06-10 00:00:00,3.5841920292722516
2016-06-13 00:00:00,3.5957908918107715
2016-06-14 00:00:00,3.5869241578243978
2016-06-15 00:00:00,3.5883612292010825
2016-06-16 00:00:00,3.5883612292010825
2016-06-17 00:00:00,3.6077779600979047
2016-06-20 00:00:00,3.6055268507218026
2016-06-21 00:00:00,3.61304149609638
2016-06-22 00:00:00,3.6175653377025103
2016-06-23 00:00:00,3.6243723809890085
2016-06-24 00:00:00,3.5735669136818036
2016-06-27 00:00:00,3.542530519724212
2016-06-28 00:00:00,3.533504504335595
2016-06-29 00:00:00,3.5399985906208755
2016-06-30 00:00:00,3.5407216295486994
2016-07-01 00:00:00,3.563283267887036
2016-07-05 00:00:00,3.5494211912920615
2016-07-06 00:00:00,3.544714675568738
2016-07-07 00:00:00,3.544714675568738
2016-07-08 00:00:00,3.5668387334233307
2016-07-11 00:00:00,3.5619767202236665
2016-07-12 00:00:00,3.5757110658901747
2016-07-13 00:00:00,3.5630039147397317
2016-07-14 00:00:00,3.552733185953708
2016-07-15 00:00:00,3.5625964762712754
2016-07-18 00:00:00,3.558085352566111
2016-07-19 00:00:00,3.5679159178994055
2016-07-20 00:00:00,3.575556347869595
2016-07-21 00:00:00,3.5742850312505783
2016-07-22 00:00:00,3.580831821262239
2016-07-25 00:00:00,3.573877592782122
2016-07-26 00:00:00,3.5931439352180825
2016-07-27 00:00:00,3.597159584420901
2016-07-28 00:00:00,3.550695993611427
2016-07-29 00:00:00,3.5081663096707527
2016-08-01 00:00:00,3.5009331139459174
2016-08-02 00:00:00,3.490319675300109
2016-08-03 00:00:00,3.5171298835321583
2016-08-04 00:00:00,3.524987925814403
2016-08-05 00:00:00,3.545864370765254
2016-08-08 00:00:00,3.5607704349027527
2016-08-09 00:00:00,3.5562628152902436
2016-08-10 00:00:00,3.5318344596627558
2016-08-11 00:00:00,3.5181098488111067
2016-08-12 00:00:00,3.5237656104090345
2016-08-15 00:00:00,3.5147654315314747
2016-08-16 00:00:00,3.480435434805464
2016-08-17 00:00:00,3.4869598500110626
2016-08-18 00:00:00,3.4616555458255664
2016-08-19 00:00:00,3.4616555458255664
2016-08-22 00:00:00,3.4505063175740758
2016-08-23 00:00:00,3.451582135382507
2016-08-24 00:00:00,3.4333839870412985
2016-08-25 00:00:00,3.4294840258829495
2016-08-26 00:00:00,3.417485419494802
2016-08-29 00:00:00,3.395820379003117
2016-08-30 00:00:00,3.3812994610721328
2016-08-31 00:00:00,3.3785476405544745
2016-09-01 00:00:00,3.3916588344210057
2016-09-02 00:00:00,3.3875074772185316
2016-09-06 00:00:00,3.417485419494802
2016-09-07 00:00:00,3.4231213467996784
2016-09-08 00:00:00,3.414674409484936
2016-09-09 00:00:00,3.3992961419294248
2016-09-12 00:00:00,3.4111671432467627
2016-09-13 00:00:00,3.408727756585789
2016-09-14 00:00:00,3.408727756585789
2016-09-15 00:00:00,3.409614686963018
2016-09-16 00:00:00,3.409614686963018
2016-09-19 00:00:00,3.4082227234247604
2016-09-20 00:00:00,3.4141464312560887
2016-09-21 00:00:00,3.4221937122479815
2016-09-22 00:00:00,3.4504821496296554
2016-09-23 00:00:00,3.4419466341079987
2016-09-26 00:00:00,3.4540511216503726
2016-09-27 00:00:00,3.4362797122983952
2016-09-28 00:00:00,3.434159424528568
2016-09-29 00:00:00,3.45870183781624
2016-09-30 00:00:00,3.4447871099768728
2016-10-03 00:00:00,3.4285180948784197
2016-10-04 00:00:00,3.414495525983211
2016-10-05 00:00:00,3.4179904036966025
2016-10-06 00:00:00,3.4082227234247604
2016-10-07 00:00:00,3.405442203152744
2016-10-11 00:00:00,3.380620190738591
2016-10-12 00:00:00,3.371403518756485
2016-10-13 00:00:00,3.371403518756485
2016-10-14 00:00:00,3.3821050247891735
2016-10-17 00:00:00,3.3744283528502828
2016-10-18 00:00:00,3.3762786914380585
2016-10-19 00:00:00,3.3788065393017037
2016-10-20 00:00:00,3.386074555406603
2016-10-21 00:00:00,3.39768380422912
2016-10-24 00:00:00,3.3870401682801208
2016-10-25 00:00:00,3.393595726474251
2016-10-26 00:00:00,3.3890180051122067
2016-10-27 00:00:00,3.393208208828417
2016-10-28 00:00:00,3.3903179850514475
2016-10-31 00:00:00,3.3758962157505534
2016-11-01 00:00:00,3.3413348806672953
2016-11-02 00:00:00,3.3099580641182516
2016-11-03 00:00:00,3.325602201431629
2016-11-04 00:00:00,3.3028392315945405
2016-11-07 00:00:00,3.329413452124066
2016-11-08 00:00:00,3.328870190412413
2016-11-09 00:00:00,3.347793299236851
2016-11-10 00:00:00,3.3702587764093055
2016-11-14 00:00:00,3.403826022643969
2016-11-15 00:00:00,3.4159529574750453
2016-11-16 00:00:00,3.417085714825772
2016-11-17 00:00:00,3.4264776129717083
2016-11-18 00:00:00,3.441375715035298
2016-11-21 00:00:00,3.4470500903435406
2016-11-22 00:00:00,3.4429465661133674
2016-11-23 00:00:00,3.4609193318137006
2016-11-25 00:00:00,3.4542605720857766
2016-11-28 00:00:00,3.4611769140809714
2016-11-29 00:00:00,3.4525769914870956
2016-11-30 00:00:00,3.470114880228559
2016-12-01 00:00:00,3.450243459508346
2016-12-02 00:00:00,3.4448490367299813
2016-12-05 00:00:00,3.4423748076105563
2016-12-06 00:00:00,3.4389177468247936
2016-12-07 00:00:00,3.429552245205476
2016-12-08 00:00:00,3.458336389545008
2016-12-09 00:00:00,3.4677963261640494
2016-12-12 00:00:00,3.458916807651668
2016-12-13 00:00:00,3.4460951129520128
2016-12-14 00:00:00,3.4397139505798724
2016-12-15 00:00:00,3.5144490165921685
2016-12-16 00:00:00,3.490398559996129
2016-12-19 00:00:00,3.4800537881810474
2016-12-20 00:00:00,3.4975828371512483
2016-12-21 00:00:00,3.491081708820423
2016-12-22 00:00:00,3.4858243253025765
2016-12-23 00:00:00,3.4925889819794285
2016-12-27 00:00:00,3.4974371895092315
2016-12-28 00:00:00,3.506342119263729
2016-12-29 00:00:00,3.4799698260207452
2016-12-30 00:00:00,3.45736530709064
2017-01-03 00:00:00,3.4909888370226048
2017-01-04 00:00:00,3.478752499150606
2017-01-05 00:00:00,3.4396093850120333
2017-01-06 00:00:00,3.4533635008503922
2017-01-09 00:00:00,3.4525236247070663
2017-01-10 00:00:00,3.4555579082163774
2017-01-11 00:00:00,3.469812035421442
2017-01-12 00:00:00,3.425230474317364
2017-01-13 00:00:00,3.4355124763183658
2017-01-17 00:00:00,3.412316154073813
2017-01-18 00:00:00,3.4121223952508957
2017-01-19 00:00:00,3.4336253621186166
2017-01-23 00:00:00,3.3991127760086024
2017-01-24 00:00:00,3.4015842751806384
2017-01-25 00:00:00,3.4007246018076622
2017-01-26 00:00:00,3.4055187165774137
2017-01-27 00:00:00,3.399004455324459
2017-01-30 00:00:00,3.3934694944733397
2017-01-31 00:00:00,3.363590147193515
2017-02-01 00:00:00,3.3766187218681347
2017-02-02 00:00:00,3.3766187218681347
2017-02-03 00:00:00,3.371167067019508
2017-02-06 00:00:00,3.363022511995503
2017-02-07 00:00:00,3.350879201019391
2017-02-08 00:00:00,3.363022511995503
2017-02-09 00:00:00,3.3364891275505166
2017-02-10 00:00:00,3.331498367985972
2017-02-13 00:00:00,3.322882995242025
2017-02-14 00:00:00,3.316944562565858
2017-02-15 00:00:00,3.320241068789836
2017-02-16 00:00:00,3.3435013645079388
2017-02-17 00:00:00,3.3334928790823515
2017-02-21 00:00:00,3.3133259579652217
2017-02-22 00:00:00,3.304804197661819
2017-02-23 00:00:00,3.320241068789836
2017-02-24 00:00:00,3.32255252453141
2017-02-27 00:00:00,3.323874801926507
2017-02-28 00:00:00,3.3334928790823515
2017-03-01 00:00:00,3.316944562565858
2017-03-02 00:00:00,3.3012120191860994
2017-03-03 00:00:00,3.3018645615895754
2017-03-06 00:00:00,3.30215743500469
2017-03-07 00:00:00,3.30215743500469
2017-03-08 00:00:00,3.3071750793544803
2017-03-09 00:00:00,3.302103822531656
2017-03-10 00:00:00,3.2930908594606585
2017-03-13 00:00:00,3.2810632209184902
2017-03-14 00:00:00,3.284170219422199
2017-03-15 00:00:00,3.284639010845531
2017-03-16 00:00:00,3.242104790570206
2017-03-17 00:00:00,3.250335741075793
2017-03-20 00:00:00,3.245118636903155
2017-03-21 00:00:00,3.245118636903155
2017-03-22 00:00:00,3.2569190683100753
2017-03-23 00:00:00,3.249042601397597
2017-03-24 00:00:00,3.2536325707638496
2017-03-27 00:00:00,3.2801117778504323
2017-03-28 00:00:00,3.273451652413172
2017-03-29 00:00:00,3.2353500678576905
2017-03-30 00:00:00,3.2343764446052505
2017-03-31 00:00:00,3.224994876602295
2017-04-03 00:00:00,3.215026301353051
2017-04-04 00:00:00,3.217271879492092
2017-04-05 00:00:00,3.2083083359472386
2017-04-06 00:00:00,3.2095857830250596
2017-04-07 00:00:00,3.2032087002056175
2017-04-10 00:00:00,3.1997120944993296
2017-04-11 00:00:00,3.201300513926702
2017-04-12 00:00:00,3.2070319053381486
2017-04-13 00:00:00,3.209266325895267
2017-04-14 00:00:00,3.212143731447474
2017-04-17 00:00:00,3.217271879492092
2017-04-18 00:00:00,3.2314590876197378
2017-04-19 00:00:00,3.2288702960414324
2017-04-20 00:00:00,3.2372990739226655
2017-04-21 00:00:00,3.228546988712301
2017-04-24 00:00:00,3.2359994757396375
2017-04-25 00:00:00,3.248715241941536
2017-04-26 00:00:00,3.238274457795495
2017-04-27 00:00:00,3.241204139150557
2017-04-28 00:00:00,3.242507921990119
2017-05-01 00:00:00,3.238925040308362
2017-05-02 00:00:00,3.2526479144829765
2017-05-03 00:00:00,3.2526479144829765
2017-05-04 00:00:00,3.260212211958519
2017-05-05 00:00:00,3.264833816957244
2017-05-08 00:00:00,3.2311352616764952
2017-05-09 00:00:00,3.2006649569455767
2017-05-10 00:00:00,3.196223114221823
2017-05-11 00:00:00,3.204800594003553
2017-05-12 00:00:00,3.221772459659247
2017-05-15 00:00:00,3.2359994757396375
2017-05-16 00:00:00,3.2641727856114344
2017-05-17 00:00:00,3.2874692879557244
2017-05-18 00:00:00,3.3026220194888607
2017-05-19 00:00:00,3.305669343476496
2017-05-22 00:00:00,3.311780893207657
2017-05-23 00:00:00,3.3104208189188653
2017-05-24 00:00:00,3.3005935895454748
2017-05-25 00:00:00,3.317232384389891
2017-05-26 00:00:00,3.3060082821972467
2017-05-30 00:00:00,3.3090618612756306
2017-05-31 00:00:00,3.329564103290969
2017-06-01 00:00:00,3.3199648657608885
2017-06-02 00:00:00,3.344067493908914
2017-06-05 00:00:00,3.338873229395231
2017-06-06 00:00:00,3.348930076471723
2017-06-07 00:00:00,3.338873229395231
2017-06-08 00:00:00,3.332661372224263
2017-06-09 00:00:00,3.3240720387906957
2017-06-12 00:00:00,3.3281893864853163
2017-06-13 00:00:00,3.3268158044025737
2017-06-14 00:00:00,3.3371453918722565
2017-06-15 00:00:00,3.3073647324104773
2017-06-16 00:00:00,3.3107607327517967
2017-06-19 00:00:00,3.3087222961795524
2017-06-20 00:00:00,3.3039756917993386
2017-06-21 00:00:00,3.3090618612756306
2017-06-22 00:00:00,3.314504397231676
2017-06-23 00:00:00,3.3268158044025737
2017-06-26 00:00:00,3.3220171828013334
2017-06-27 00:00:00,3.3454553617212857
2017-06-28 00:00:00,3.355901204857384
2017-06-29 00:00:00,3.3695787204796472
2017-06-30 00:00:00,3.3636030436333977
2017-07-03 00:00:00,3.3475393247788356
2017-07-05 00:00:00,3.3406028570523976
2017-07-06 00:00:00,3.3468443820084848
2017-07-07 00:00:00,3.343373991732657
2017-07-10 00:00:00,3.3385275187688697
2017-07-11 00:00:00,3.333695076123836
2017-07-12 00:00:00,3.34198784994504
2017-07-13 00:00:00,3.329220317632395
2017-07-14 00:00:00,3.3399107909954155
2017-07-17 00:00:00,3.3492779449745242
2017-07-18 00:00:00,3.3847888700682076
2017-07-19 00:00:00,3.376989817372198
2017-07-20 00:00:00,3.3915534633711735
2017-07-21 00:00:00,3.4055237406284062
2017-07-24 00:00:00,3.4098454712637207
2017-07-25 00:00:00,3.3954821794723826
2017-07-26 00:00:00,3.365709684370538
2017-07-27 00:00:00,3.3392190116269416
2017-07-28 00:00:00,3.329220317632395
2017-07-31 00:00:00,3.3412952099761397
2017-08-01 00:00:00,3.33956486548625
2017-08-02 00:00:00,3.329564103290969
2017-08-03 00:00:00,3.3275024536914084
2017-08-04 00:00:00,3.3168911404454016
2017-08-07 00:00:00,3.314504397231676
2017-08-08 00:00:00,3.3016074929622925
2017-08-09 00:00:00,3.3416414940687886
2017-08-10 00:00:00,3.342334277627215
2017-08-11 00:00:00,3.35171504950829
2017-08-14 00:00:00,3.3192813234784584
2017-08-15 00:00:00,3.317915082966634
2017-08-16 00:00:00,3.3090618612756306
2017-08-17 00:00:00,3.347191817322718
2017-08-18 00:00:00,3.344067493908914
2017-08-21 00:00:00,3.348582280223258
2017-08-22 00:00:00,3.3350743459112273
2017-08-23 00:00:00,3.3354193417057765
2017-08-24 00:00:00,3.342680777137647
2017-08-25 00:00:00,3.367818965559823
2017-08-28 00:00:00,3.374869036662104
2017-08-29 00:00:00,3.4012129510833065
2017-08-30 00:00:00,3.3646560342554253
2017-08-31 00:00:00,3.3552027862923777
2017-09-01 00:00:00,3.349625885754181
2017-09-05 00:00:00,3.366763994598491
2017-09-06 00:00:00,3.380884845996618
2017-09-07 00:00:00,3.3947671905948353
2017-09-08 00:00:00,3.4098454712637207
2017-09-11 00:00:00,3.3823034486803465
2017-09-12 00:00:00,3.3600978299572475
2017-09-13 00:00:00,3.3451082867797224
2017-09-14 00:00:00,3.337836312243245
2017-09-15 00:00:00,3.360798288124843
2017-09-18 00:00:00,3.348234556206619
2017-09-19 00:00:00,3.348930076471723
2017-09-20 00:00:00,3.3527606089497506
2017-09-21 00:00:00,3.3268158044025737
2017-09-22 00:00:00,3.3261294384433406
2017-09-25 00:00:00,3.330251887654384
2017-09-26 00:00:00,3.3220171828013334
2017-09-27 00:00:00,3.3087222961795524
2017-09-28 00:00:00,3.3196751540350617
2017-09-29 00:00:00,3.3196751540350617
2017-10-02 00:00:00,3.3361901381125967
2017-10-03 00:00:00,3.3349813833993167
2017-10-04 00:00:00,3.34224116345718
2017-10-05 00:00:00,3.354169998068594
2017-10-06 00:00:00,3.3489402167945617
2017-10-10 00:00:00,3.3376090313039866
2017-10-11 00:00:00,3.3333484592335516
2017-10-12 00:00:00,3.342638273481948
2017-10-13 00:00:00,3.3373753699335027
2017-10-16 00:00:00,3.3337944886124227
2017-10-17 00:00:00,3.356854591020626
2017-10-18 00:00:00,3.3610078166980073
2017-10-19 00:00:00,3.3386429458577824
2017-10-20 00:00:00,3.3696117621742414
2017-10-23 00:00:00,3.3753839873766704
2017-10-24 00:00:00,3.3844258533076803
2017-10-25 00:00:00,3.3835773263032545
2017-10-26 00:00:00,3.403653559118683
2017-10-27 00:00:00,3.4164047655916527
2017-10-30 00:00:00,3.4094323834342886
2017-10-31 00:00:00,3.408917951618449
2017-11-01 00:00:00,3.4235479754753517
2017-11-02 00:00:00,3.411446857126362
2017-11-03 00:00:00,3.4193132481990456
2017-11-06 00:00:00,3.4152600500212955
2017-11-07 00:00:00,3.4170016294049317
2017-11-08 00:00:00,3.417132678851604
2017-11-09 00:00:00,3.404342416124966
2017-11-13 00:00:00,3.4096558226839067
2017-11-14 00:00:00,3.389627043684984
2017-11-15 00:00:00,3.385504931131828
2017-11-16 00:00:00,3.393167292928178
2017-11-17 00:00:00,3.3785499307926345
2017-11-20 00:00:00,3.391806155053424
2017-11-21 00:00:00,3.3893274100669273
2017-11-22 00:00:00,3.363421952410568
2017-11-24 00:00:00,3.346531840459303
2017-11-27 00:00:00,3.3517033709540196
2017-11-28 00:00:00,3.36052191479265
2017-11-29 00:00:00,3.362326485828008
2017-11-30 00:00:00,3.362468022768604
2017-12-01 00:00:00,3.336826656556453
2017-12-04 00:00:00,3.368718749678784
2017-12-05 00:00:00,3.371834031609603
2017-12-06 00:00:00,3.383489810810653
2017-12-07 00:00:00,3.3888633507786605
2017-12-08 00:00:00,3.3909582191242507
2017-12-11 00:00:00,3.381605422669724
2017-12-12 00:00:00,3.3899239321455004
2017-12-13 00:00:00,3.379253816148999
2017-12-14 00:00:00,3.3810330648845457
2017-12-15 00:00:00,3.381826401089094
2017-12-18 00:00:00,3.366148871774022
2017-12-19 00:00:00,3.366289128737187
2017-12-20 00:00:00,3.3667602271255
2017-12-21 00:00:00,3.376794416171968
2017-12-22 00:00:00,3.379231936471021
2017-12-26 00:00:00,3.3767416151047795
2017-12-27 00:00:00,3.3696326523484745
2017-12-28 00:00:00,3.3374373356802765
2017-12-29 00:00:00,3.3250821659563705
2018-01-02 00:00:00,3.3180944460899617
2018-01-03 00:00:00,3.3328201520602034
2018-01-04 00:00:00,3.3295892148160426
2018-01-05 00:00:00,3.3290602879120716
2018-01-08 00:00:00,3.332247794275025
2018-01-09 00:00:00,3.355512637412589
2018-01-10 00:00:00,3.336933836392007
2018-01-11 00:00:00,3.336933836392007
2018-01-12 00:00:00,3.348958204174743
2018-01-16 00:00:00,3.382036913822965
2018-01-17 00:00:00,3.382740332482246
2018-01-18 00:00:00,3.393326834670278
2018-01-19 00:00:00,3.384148047976413
2018-01-22 00:00:00,3.3757192857149523
2018-01-23 00:00:00,3.3890842922639384
2018-01-24 00:00:00,3.4414336687631484
2018-01-25 00:00:00,3.4763739486105893
2018-01-26 00:00:00,3.481955795027754
2018-01-29 00:00:00,3.4678497907408614
2018-01-30 00:00:00,3.4771171605718094
2018-01-31 00:00:00,3.489800561865602
2018-02-01 00:00:00,3.502199724068613
2018-02-02 00:00:00,3.4901750039859736
2018-02-05 00:00:00,3.473033422715063
2018-02-06 00:00:00,3.4722919552892053
2018-02-07 00:00:00,3.4465385714292522
2018-02-08 00:00:00,3.465632967946865
2018-02-09 00:00:00,3.4630502541413053
2018-02-12 00:00:00,3.4634189775499657
2018-02-13 00:00:00,3.484566795623919
2018-02-14 00:00:00,3.4905495264673556
2018-02-15 00:00:00,3.5234435698818545
2018-02-16 00:00:00,3.513548394593787
2018-02-20 00:00:00,3.477488885733299
2018-02-21 00:00:00,3.469699310629257
2018-02-22 00:00:00,3.480837992204311
2018-02-23 00:00:00,3.4767455148727318
2018-02-26 00:00:00,3.464894656705292
2018-02-27 00:00:00,3.4612078141252693
2018-02-28 00:00:00,3.4494624641727767
2018-03-01 00:00:00,3.4381599235967952
2018-03-02 00:00:00,3.4685893620334065
2018-03-05 00:00:00,3.461576145275011
2018-03-06 00:00:00,3.4660022415715797
2018-03-07 00:00:00,3.4509262717111477
2018-03-08 00:00:00,3.4244058361037255
2018-03-09 00:00:00,3.426570213541481
2018-03-12 00:00:00,3.4280146524553987
2018-03-13 00:00:00,3.4469037869184356
2018-03-14 00:00:00,3.4381599235967952
2018-03-15 00:00:00,3.4233246724004713
2018-03-16 00:00:00,3.412550465500343
2018-03-19 00:00:00,3.4208046100693323
2018-03-20 00:00:00,3.4064751321760687
2018-03-21 00:00:00,3.4096887879611404
2018-03-22 00:00:00,3.427292280808058
2018-03-23 00:00:00,3.4367069241573467
2018-03-26 00:00:00,3.4450784830702474
2018-03-27 00:00:00,3.4334421614048214
2018-03-28 00:00:00,3.410403757302294
2018-03-29 00:00:00,3.4025555478189626
2018-03-30 00:00:00,3.412550465500343
2018-04-02 00:00:00,3.403267528473455
2018-04-03 00:00:00,3.3919114741552954
2018-04-04 00:00:00,3.3901439330014886
2018-04-05 00:00:00,3.3767705841533555
2018-04-06 00:00:00,3.3866713877879784
2018-04-09 00:00:00,3.3866713877879784
2018-04-10 00:00:00,3.386476751501324
2018-04-11 00:00:00,3.3876964695215337
2018-04-12 00:00:00,3.4040324390087613
2018-04-13 00:00:00,3.4059364797614844
2018-04-16 00:00:00,3.393462563433836
2018-04-17 00:00:00,3.417737562171972
2018-04-18 00:00:00,3.4189304904750517
2018-04-19 00:00:00,3.4339236442407084
2018-04-20 00:00:00,3.4440056767996268
2018-04-23 00:00:00,3.4547033003237626
2018-04-24 00:00:00,3.4639810637868838
2018-04-25 00:00:00,3.471862668556727
2018-04-26 00:00:00,3.489031950541543
2018-04-27 00:00:00,3.4901654326495897
2018-04-30 00:00:00,3.4989075550898705
2018-05-01 00:00:00,3.512845445835164
2018-05-02 00:00:00,3.5195084582835716
2018-05-03 00:00:00,3.520291129724043
2018-05-04 00:00:00,3.5288658888599453
2018-05-07 00:00:00,3.5344912683720393
2018-05-08 00:00:00,3.532035778304405
2018-05-09 00:00:00,3.5402227104818556
2018-05-10 00:00:00,3.5380977206279707
2018-05-11 00:00:00,3.5249748393619047
2018-05-14 00:00:00,3.518277202543305
2018-05-15 00:00:00,3.5252344358954844
2018-05-16 00:00:00,3.526984850266303
2018-05-17 00:00:00,3.530026785525055
2018-05-18 00:00:00,3.515542669633879
2018-05-21 00:00:00,3.5179554942841893
2018-05-22 00:00:00,3.5000789149901403
2018-05-23 00:00:00,3.509076646448621
2018-05-24 00:00:00,3.49705371653083
2018-05-25 00:00:00,3.4955395217043908
2018-05-29 00:00:00,3.4993003698435223
2018-05-30 00:00:00,3.4878735975999637
2018-05-31 00:00:00,3.4723590441560366
2018-06-01 00:00:00,3.479842221829321
2018-06-04 00:00:00,3.4852995254832275
2018-06-05 00:00:00,3.477120015115649
2018-06-06 00:00:00,3.4715804990094186
2018-06-07 00:00:00,3.464008219864496
2018-06-08 00:00:00,3.4765361062556854
2018-06-11 00:00:00,3.4723344383171293
2018-06-12 00:00:00,3.4697978540186343
2018-06-13 00:00:00,3.470607317576146
2018-06-14 00:00:00,3.5028800575220145
2018-06-15 00:00:00,3.5092329313991444
2018-06-18 00:00:00,3.505767829575495
2018-06-19 00:00:00,3.5052457852124714
2018-06-20 00:00:00,3.506687531597588
2018-06-21 00:00:00,3.495003578934805
2018-06-22 00:00:00,3.4885378717448012
2018-06-25 00:00:00,3.479057667597313
2018-06-26 00:00:00,3.4878178760949714
2018-06-27 00:00:00,3.507675841105909
2018-06-28 00:00:00,3.5130259532049735
2018-06-29 00:00:00,3.4941651522761297
2018-07-02 00:00:00,3.501856030693695
2018-07-03 00:00:00,3.4937758797028207
2018-07-05 00:00:00,3.494239826390506
2018-07-06 00:00:00,3.48645542208839
2018-07-09 00:00:00,3.4925331223108667
2018-07-10 00:00:00,3.4943142351077543
2018-07-11 00:00:00,3.496092960773247
2018-07-12 00:00:00,3.521013129274794
2018-07-13 00:00:00,3.5269563259933507
2018-07-16 00:00:00,3.5092561077744375
2018-07-17 00:00:00,3.5149176889823353
2018-07-18 00:00:00,3.5153724413654452
2018-07-19 00:00:00,3.5223039639716807
2018-07-20 00:00:00,3.498670086560918
2018-07-23 00:00:00,3.4928915678426744
2018-07-24 00:00:00,3.498280813987609
2018-07-25 00:00:00,3.4974302414956893
2018-07-26 00:00:00,3.4959229407644457
2018-07-27 00:00:00,3.496384768758883
2018-07-30 00:00:00,3.478040571956198
2018-07-31 00:00:00,3.4811608629795594
2018-08-01 00:00:00,3.490212478641572
2018-08-02 00:00:00,3.4965904248632187
2018-08-03 00:00:00,3.4908107819479737
2018-08-06 00:00:00,3.502747346832706
2018-08-07 00:00:00,3.496334451121064
2018-08-08 00:00:00,3.4958118797166007
2018-08-09 00:00:00,3.4834370988685426
2018-08-10 00:00:00,3.4990262694826955
2018-08-13 00:00:00,3.4922735837715315
2018-08-14 00:00:00,3.4907641675458723
2018-08-15 00:00:00,3.4945106971958717
2018-08-16 00:00:00,3.5008635710730016
2018-08-17 00:00:00,3.496088442000477
2018-08-20 00:00:00,3.494254789423365
2018-08-21 00:00:00,3.4719372170927576
2018-08-22 00:00:00,3.4583911788234363
2018-08-23 00:00:00,3.4611973499947597
2018-08-24 00:00:00,3.4611973499947597
2018-08-27 00:00:00,3.468965799464244
2018-08-28 00:00:00,3.486751719272818
2018-08-29 00:00:00,3.4939172591809005
2018-08-30 00:00:00,3.5021941256925038
2018-08-31 00:00:00,3.506166505088525
2018-09-04 00:00:00,3.4863942137135773
2018-09-05 00:00:00,3.4996709310774516
2018-09-06 00:00:00,3.5119606244937533
2018-09-07 00:00:00,3.5112353125101734
2018-09-10 00:00:00,3.491047511945434
2018-09-11 00:00:00,3.492123114547449
2018-09-12 00:00:00,3.503998636268396
2018-09-13 00:00:00,3.5126862361930287
2018-09-14 00:00:00,3.5181378961560807
2018-09-17 00:00:00,3.534594882156811
2018-09-18 00:00:00,3.534594882156811
2018-09-19 00:00:00,3.5163187969336627
2018-09-20 00:00:00,3.5331258069771945
2018-09-21 00:00:00,3.54454318423314
2018-09-24 00:00:00,3.534594882156811
2018-09-25 00:00:00,3.52506767223186
2018-09-26 00:00:00,3.5123233928673194
2018-09-27 00:00:00,3.4781917723351596
2018-09-28 00:00:00,3.4846077850326416
2018-10-01 00:00:00,3.4555693868240365
2018-10-02 00:00:00,3.4541652546067163
2018-10-03 00:00:00,3.436709396234942
2018-10-04 00:00:00,3.425975089808415
2018-10-05 00:00:00,3.4270109621395406
2018-10-09 00:00:00,3.4249398435081106
2018-10-10 00:00:00,3.431853327245511
2018-10-11 00:00:00,3.427701891769004
2018-10-12 00:00:00,3.428046227962057
2018-10-15 00:00:00,3.428046227962057
2018-10-16 00:00:00,3.436857623142641
2018-10-17 00:00:00,3.4476830964181833
2018-10-18 00:00:00,3.452286103860396
2018-10-19 00:00:00,3.4616486832756848
2018-10-22 00:00:00,3.459748539687714
2018-10-23 00:00:00,3.45272187885966
2018-10-24 00:00:00,3.465817326258835
2018-10-25 00:00:00,3.4747621037779415
2018-10-26 00:00:00,3.4647441604756875
2018-10-29 00:00:00,3.473354757195164
2018-10-30 00:00:00,3.486618891987865
2018-10-31 00:00:00,3.490104921536845
2018-11-01 00:00:00,3.481861763585375
2018-11-02 00:00:00,3.4826726219458135
2018-11-05 00:00:00,3.4888448341579257
2018-11-06 00:00:00,3.484292532083819
2018-11-07 00:00:00,3.469270503061148
2018-11-08 00:00:00,3.4808766928302135
2018-11-09 00:00:00,3.490397271179964
2018-11-13 00:00:00,3.497202239596954
2018-11-14 00:00:00,3.4916730312537188
2018-11-15 00:00:00,3.4884692027114075
2018-11-16 00:00:00,3.472819602530917
2018-11-19 00:00:00,3.447463917312663
2018-11-20 00:00:00,3.449320744794165
2018-11-21 00:00:00,3.4518583338242856
2018-11-23 00:00:00,3.4598388138693394
2018-11-26 00:00:00,3.462358894477904
2018-11-27 00:00:00,3.4669063332487604
2018-11-28 00:00:00,3.4653551174918458
2018-11-29 00:00:00,3.4556482544958174
2018-11-30 00:00:00,3.4625886261480963
2018-12-03 00:00:00,3.4583167856789374
2018-12-04 00:00:00,3.458119771527905
2018-12-06 00:00:00,3.441181629434117
2018-12-07 00:00:00,3.436859521075454
2018-12-10 00:00:00,3.430456107605767
2018-12-11 00:00:00,3.4423064339909906
2018-12-12 00:00:00,3.4383322732345016
2018-12-13 00:00:00,3.444311690896146
2018-12-14 00:00:00,3.4550399331510895
2018-12-17 00:00:00,3.442547056514361
2018-12-18 00:00:00,3.4409783320692435
2018-12-19 00:00:00,3.436659548389645
2018-12-20 00:00:00,3.4364625342386126
2018-12-21 00:00:00,3.434889379565131
2018-12-26 00:00:00,3.4326260712525656
2018-12-27 00:00:00,3.430360258846894
2018-12-28 00:00:00,3.407939049418268
2018-12-31 00:00:00,3.4046152692549674
2019-01-02 00:00:00,3.4046152692549674
2019-01-03 00:00:00,3.40289385391001
2019-01-04 00:00:00,3.413248536496206
2019-01-07 00:00:00,3.4302973823971548
2019-01-08 00:00:00,3.4302973823971548
2019-01-09 00:00:00,3.4453995414473324
2019-01-10 00:00:00,3.427851412989313
2019-01-11 00:00:00,3.4236664280512867
2019-01-15 00:00:00,3.4042708468706215
2019-01-16 00:00:00,3.3994562401571966
2019-01-17 00:00:00,3.384072538346349
2019-01-18 00:00:00,3.3806728271364377
2019-01-22 00:00:00,3.3745705296145303
2019-01-23 00:00:00,3.383392049197275
2019-01-24 00:00:00,3.376941025721635
2019-01-25 00:00:00,3.3888436375947726
2019-01-28 00:00:00,3.3956828780339143
2019-01-29 00:00:00,3.382031891589557
2019-01-30 00:00:00,3.369164729807378
2019-01-31 00:00:00,3.386115649156379
2019-02-01 00:00:00,3.3854343381605725
2019-02-04 00:00:00,3.3738938561576193
2019-02-05 00:00:00,3.3634400121255466
2019-02-06 00:00:00,3.3610744612895496
2019-02-07 00:00:00,3.3610744612895496
2019-02-08 00:00:00,3.357520221629336
2019-02-11 00:00:00,3.3707311820708528
2019-02-12 00:00:00,3.3798575321165734
2019-02-13 00:00:00,3.3813231140112983
2019-02-14 00:00:00,3.3781430173407965
2019-02-15 00:00:00,3.3776176410637397
2019-02-19 00:00:00,3.362406333215137
2019-02-21 00:00:00,3.359529139698152
2019-02-22 00:00:00,3.355301878326446
2019-02-25 00:00:00,3.357799185689953
2019-02-26 00:00:00,3.3562613221967275
2019-02-27 00:00:00,3.3564044323935036
2019-02-28 00:00:00,3.346431903977599
2019-03-01 00:00:00,3.3506296145494967
2019-03-04 00:00:00,3.3527960355989928
2019-03-05 00:00:00,3.369694878947485
2019-03-06 00:00:00,3.3671660349476897
2019-03-07 00:00:00,3.3895253670166237
2019-03-08 00:00:00,3.378757187858654
2019-03-11 00:00:00,3.390456206384147
2019-03-12 00:00:00,3.3796964068142246
2019-03-13 00:00:00,3.3688692904416184
2019-03-14 00:00:00,3.3680092534789026
2019-03-15 00:00:00,3.3618022698427694
2019-03-18 00:00:00,3.3542294929749956
2019-03-19 00:00:00,3.353027501568802
2019-03-20 00:00:00,3.3437275911926534
2019-03-21 00:00:00,3.326539233173215
2019-03-22 00:00:00,3.3318031320609487
2019-03-25 00:00:00,3.3241019644427374
2019-03-26 00:00:00,3.3314168016630994
2019-03-27 00:00:00,3.3332655089755856
2019-03-28 00:00:00,3.3351117542231465
2019-03-29 00:00:00,3.338312147262318
2019-04-01 00:00:00,3.346910431615094
2019-04-02 00:00:00,3.3450343040399293
2019-04-03 00:00:00,3.3450343040399293
2019-04-04 00:00:00,3.3333288243696653
2019-04-05 00:00:00,3.3333288243696653
2019-04-08 00:00:00,3.33013545672743
2019-04-09 00:00:00,3.3316122182492496
2019-04-10 00:00:00,3.3380773245195554
2019-04-11 00:00:00,3.3405409892518905
2019-04-12 00:00:00,3.33702971175449
2019-04-15 00:00:00,3.344132766278852
2019-04-16 00:00:00,3.3528501105569855
2019-04-17 00:00:00,3.363482522106033
2019-04-18 00:00:00,3.3811745777288817
2019-04-19 00:00:00,3.3777458630458574
2019-04-22 00:00:00,3.381114800240035
2019-04-23 00:00:00,3.4011675475876397
2019-04-24 00:00:00,3.3900815835420084
2019-04-25 00:00:00,3.394705316842524
2019-04-26 00:00:00,3.3916262650537314
2019-04-29 00:00:00,3.3949631461587173
2019-04-30 00:00:00,3.3944511216765654
2019-05-01 00:00:00,3.3739434970869606
2019-05-02 00:00:00,3.38764568214852
2019-05-03 00:00:00,3.3868104935023053
2019-05-06 00:00:00,3.3869407635072704
2019-05-07 00:00:00,3.3982934885756406
2019-05-08 00:00:00,3.387201113845875
2019-05-09 00:00:00,3.371495636216176
2019-05-10 00:00:00,3.3634918642267664
2019-05-13 00:00:00,3.3485519884225208
2019-05-14 00:00:00,3.356242554574758
2019-05-15 00:00:00,3.3567061361206294
2019-05-16 00:00:00,3.3601132649230725
2019-05-17 00:00:00,3.362207697649857
2019-05-20 00:00:00,3.3535092560058373
2019-05-21 00:00:00,3.360518656630369
2019-05-22 00:00:00,3.3557482830101786
2019-05-23 00:00:00,3.339099603149044
2019-05-24 00:00:00,3.332611270901932
2019-05-28 00:00:00,3.3538630069816238
2019-05-29 00:00:00,3.347102991894279
2019-05-30 00:00:00,3.3495419287519015
2019-05-31 00:00:00,3.3361558752262916
2019-06-03 00:00:00,3.321664203818601
2019-06-04 00:00:00,3.321664203818601
2019-06-05 00:00:00,3.3286966615542792
2019-06-06 00:00:00,3.339808030139277
2019-06-07 00:00:00,3.3428512894559983
2019-06-10 00:00:00,3.3357589599875634
2019-06-11 00:00:00,3.3266843512299142
2019-06-12 00:00:00,3.3203280557076527
2019-06-13 00:00:00,3.3196603846729236
2019-06-14 00:00:00,3.3050392578535432
2019-06-17 00:00:00,3.307688057098467
2019-06-18 00:00:00,3.3037164484647685
2019-06-19 00:00:00,3.3149941953771984
2019-06-20 00:00:00,3.3619124514771297
2019-06-21 00:00:00,3.372902460512503
2019-06-24 00:00:00,3.39684590390503
2019-06-25 00:00:00,3.3947503789797344
2019-06-26 00:00:00,3.382924404298862
2019-06-27 00:00:00,3.3808460153549964
2019-06-28 00:00:00,3.383617768595706
2019-07-01 00:00:00,3.347256912607147
2019-07-02 00:00:00,3.3486148261619566
2019-07-03 00:00:00,3.347256912607147
2019-07-05 00:00:00,3.3273548509479887
2019-07-08 00:00:00,3.3223326812192493
2019-07-09 00:00:00,3.325679108174546
2019-07-10 00:00:00,3.3377822670801556
2019-07-11 00:00:00,3.339808030139277
2019-07-12 00:00:00,3.3537168294521984
2019-07-15 00:00:00,3.35303566425885
2019-07-16 00:00:00,3.3384572483272894
2019-07-17 00:00:00,3.345222105973343
2019-07-18 00:00:00,3.347935731693054
2019-07-19 00:00:00,3.3612279533703444
2019-07-22 00:00:00,3.3639676195575023
2019-07-23 00:00:00,3.352695185413982
2019-07-24 00:00:00,3.350653763543423
2019-07-25 00:00:00,3.335421980599747
2019-07-26 00:00:00,3.324005052447085
2019-07-29 00:00:00,3.329703729927077
2019-07-30 00:00:00,3.332392227084871
2019-07-31 00:00:00,3.334411450813664
2019-08-01 00:00:00,3.3223326812192493
2019-08-02 00:00:00,3.3622548050872596
2019-08-05 00:00:00,3.3964964701118086
2019-08-06 00:00:00,3.3753161097890914
2019-08-07 00:00:00,3.4010447245526256
2019-08-08 00:00:00,3.3860467835049635
2019-08-09 00:00:00,3.400344200407507
2019-08-12 00:00:00,3.4052539383206364
2019-08-13 00:00:00,3.3884792883781705
2019-08-14 00:00:00,3.391263577029262
2019-08-15 00:00:00,3.3822313241094957
2019-08-16 00:00:00,3.3691165495874387
2019-08-19 00:00:00,3.366368493674235
2019-08-20 00:00:00,3.3718690957880817
2019-08-21 00:00:00,3.363624917069773
2019-08-22 00:00:00,3.3574681905589685
2019-08-23 00:00:00,3.3870888578125666
2019-08-26 00:00:00,3.3753161097890914
2019-08-27 00:00:00,3.3639676195575023
2019-08-28 00:00:00,3.3667117554763837
2019-08-29 00:00:00,3.3509938278653095
2019-08-30 00:00:00,3.335421980599747
2019-09-03 00:00:00,3.3445443867460383
2019-09-04 00:00:00,3.3632822844002126
2019-09-05 00:00:00,3.3459000999145614
2019-09-06 00:00:00,3.346578368736762
2019-09-09 00:00:00,3.331719695858415
2019-09-10 00:00:00,3.332392227084871
2019-09-11 00:00:00,3.324005052447085
2019-09-12 00:00:00,3.3381197235827416
2019-09-13 00:00:00,3.3357589599875634
2019-09-16 00:00:00,3.3286966615542792
2019-09-17 00:00:00,3.3256878519687683
2019-09-18 00:00:00,3.3256878519687683
2019-09-19 00:00:00,3.3177913895073723
2019-09-20 00:00:00,3.3186073254484985
2019-09-23 00:00:00,3.3062910777146604
2019-09-24 00:00:00,3.2986466189295993
2019-09-25 00:00:00,3.3109716534228024
2019-09-26 00:00:00,3.3171714888456623
2019-09-27 00:00:00,3.3139561092668033
2019-09-30 00:00:00,3.3334912574745803
2019-10-01 00:00:00,3.3192817155045113
2019-10-02 00:00:00,3.3321115943844193
2019-10-03 00:00:00,3.3315878628591014
2019-10-04 00:00:00,3.326066045862635
2019-10-07 00:00:00,3.322200120279905
2019-10-08 00:00:00,3.3196662487418056
2019-10-09 00:00:00,3.322820879682588
2019-10-10 00:00:00,3.3239661708819814
2019-10-11 00:00:00,3.3281110049406015
2019-10-15 00:00:00,3.332908876856588
2019-10-16 00:00:00,3.3250617951160217
2019-10-17 00:00:00,3.294909292349353
2019-10-18 00:00:00,3.2899558827643562
2019-10-21 00:00:00,3.2928277674509117
2019-10-22 00:00:00,3.30077742199522
2019-10-23 00:00:00,3.30666599583297
2019-10-24 00:00:00,3.311860530057105
2019-10-25 00:00:00,3.3190463931925978
2019-10-28 00:00:00,3.3238663458817252
2019-10-29 00:00:00,3.31565021727535
2019-10-30 00:00:00,3.3063844977649146
2019-10-31 00:00:00,3.2923184793601865
2019-11-01 00:00:00,3.2877038874340485
2019-11-04 00:00:00,3.2929553603295334
2019-11-05 00:00:00,3.3133532896875164
2019-11-06 00:00:00,3.3091318577075532
2019-11-07 00:00:00,3.32033467265282
2019-11-08 00:00:00,3.3258113753158893
2019-11-12 00:00:00,3.311582101923037
2019-11-13 00:00:00,3.2989252704503778
2019-11-14 00:00:00,3.2939930350854656
2019-11-15 00:00:00,3.3022587564243904
2019-11-18 00:00:00,3.2939498680286334
2019-11-19 00:00:00,3.304910517382757
2019-11-20 00:00:00,3.307747905096425
2019-11-21 00:00:00,3.3072205428501
2019-11-22 00:00:00,3.3227593233397323
2019-11-25 00:00:00,3.321568588643306
2019-11-26 00:00:00,3.3260371295305124
2019-11-27 00:00:00,3.331817826486382
2019-11-29 00:00:00,3.333281721281076
2019-12-02 00:00:00,3.3060737539356277
2019-12-03 00:00:00,3.2862645701489854
2019-12-04 00:00:00,3.296587566457487
2019-12-05 00:00:00,3.2892811761280782
2019-12-06 00:00:00,3.3016062106212813
2019-12-09 00:00:00,3.291274027228199
2019-12-10 00:00:00,3.2819031439139095
2019-12-11 00:00:00,3.2830751492775243
2019-12-12 00:00:00,3.2842460486477507
2019-12-13 00:00:00,3.276550041309133
2019-12-16 00:00:00,3.276700768640845
2019-12-17 00:00:00,3.266911247868355
2019-12-18 00:00:00,3.2684703928647325
2019-12-19 00:00:00,3.2684703928647325
2019-12-20 00:00:00,3.252833370423299
2019-12-23 00:00:00,3.254158353466241
2019-12-24 00:00:00,3.258472012953858
2019-12-26 00:00:00,3.2581397870145277
2019-12-27 00:00:00,3.280549741406271
2019-12-30 00:00:00,3.3022460505361666
2019-12-31 00:00:00,3.3022460505361666
2020-01-02 00:00:00,3.287299149371308
2020-01-03 00:00:00,3.293397406063948
2020-01-06 00:00:00,3.298496596928002
2020-01-07 00:00:00,3.2889908430463652
2020-01-08 00:00:00,3.2859470468934173
2020-01-09 00:00:00,3.2862849682269113
2020-01-10 00:00:00,3.284596056227617
2020-01-13 00:00:00,3.2927187048983497
2020-01-14 00:00:00,3.3022460505361666
2020-01-15 00:00:00,3.316985159958323
2020-01-16 00:00:00,3.311485495444403
2020-01-17 00:00:00,3.3001998379674156
2020-01-21 00:00:00,3.3008816270053183
2020-01-22 00:00:00,3.295775065082352
2020-01-23 00:00:00,3.295095383691327
2020-01-24 00:00:00,3.290345452125051
2020-01-27 00:00:00,3.2961150109374406
2020-01-28 00:00:00,3.281560385195984
2020-01-29 00:00:00,3.278530320205036
2020-01-30 00:00:00,3.297135269401412
2020-01-31 00:00:00,3.3132021805120258
2020-02-03 00:00:00,3.3097705884037785
2020-02-04 00:00:00,3.2967951130752593
2020-02-05 00:00:00,3.284596056227617
2020-02-06 00:00:00,3.2775215416449734
2020-02-07 00:00:00,3.2684703928647325
2020-02-10 00:00:00,3.268136125080639
2020-02-11 00:00:00,3.2738279921154074
2020-02-12 00:00:00,3.2718168353679213
2020-02-13 00:00:00,3.2647972038249375
2020-02-14 00:00:00,3.2548212498511395
2020-02-18 00:00:00,3.256147853172864
2020-02-19 00:00:00,3.247874278995679
2020-02-20 00:00:00,3.250517244536516
2020-02-21 00:00:00,3.2671337318309464
2020-02-24 00:00:00,3.2688047290342146
2020-02-25 00:00:00,3.2724869463429065
2020-02-26 00:00:00,3.2744989272505878
2020-02-27 00:00:00,3.2883139566822894
2020-02-28 00:00:00,3.3042948020926985
2020-03-02 00:00:00,3.33672705764211
2020-03-03 00:00:00,3.341611945104934
2020-03-04 00:00:00,3.3447597897256105
2020-03-05 00:00:00,3.3683814726508365
2020-03-06 00:00:00,3.412262149603683
2020-03-09 00:00:00,3.4375898269189418
2020-03-10 00:00:00,3.4250627042913706
2020-03-11 00:00:00,3.4064422802514107
2020-03-12 00:00:00,3.3496682422472213
2020-03-13 00:00:00,3.349317160783827
2020-03-16 00:00:00,3.3754975209716367
2020-03-17 00:00:00,3.3125152929448007
2020-03-18 00:00:00,3.285271412669733
2020-03-19 00:00:00,3.245235607904792
2020-03-20 00:00:00,3.238985914356222
2020-03-23 00:00:00,3.252833370423299
2020-03-24 00:00:00,3.256479672988738
2020-03-25 00:00:00,3.2671337318309464
2020-03-26 00:00:00,3.3132021805120258
2020-03-27 00:00:00,3.3433600158023107
2020-03-30 00:00:00,3.326653657197427
2020-03-31 00:00:00,3.3193970116379443
2020-04-01 00:00:00,3.3029286853786544
2020-04-02 00:00:00,3.285271412669733
2020-04-03 00:00:00,3.2684703928647325
2020-04-06 00:00:00,3.271481882784448
2020-04-07 00:00:00,3.2920402834076943
2020-04-08 00:00:00,3.2910231751841907
2020-04-09 00:00:00,3.3080574566292427
2020-04-10 00:00:00,3.312171955953409
2020-04-13 00:00:00,3.303270108645698
2020-04-14 00:00:00,3.326653657197427
2020-04-15 00:00:00,3.3125152929448007
2020-04-16 00:00:00,3.2961150109374406
2020-04-17 00:00:00,3.307372700376577
2020-04-20 00:00:00,3.3046365078633393
2020-04-21 00:00:00,3.297475495928025
2020-04-22 00:00:00,3.290684278760013
2020-04-23 00:00:00,3.2839209773957956
2020-04-24 00:00:00,3.2765410005271143
2020-04-27 00:00:00,3.2765410005271143
2020-04-28 00:00:00,3.2719808334676665
2020-04-29 00:00:00,3.2734753911323207
2020-04-30 00:00:00,3.2464943269453497
2020-05-01 00:00:00,3.2221970927356156
2020-05-04 00:00:00,3.238578322493921
2020-05-05 00:00:00,3.2636141281456137
2020-05-06 00:00:00,3.271524344818901
2020-05-07 00:00:00,3.2716726107673257
2020-05-08 00:00:00,3.255590352073015
2020-05-11 00:00:00,3.2631991371151634
2020-05-12 00:00:00,3.248744715350703
2020-05-13 00:00:00,3.256723595311429
2020-05-14 00:00:00,3.264324356992388
2020-05-15 00:00:00,3.263798160910876
2020-05-18 00:00:00,3.254460510348695
2020-05-19 00:00:00,3.263083588386545
2020-05-20 00:00:00,3.2370054588491555
2020-05-21 00:00:00,3.255254260778463
2020-05-22 00:00:00,3.2615043745286836
2020-05-26 00:00:00,3.242951153538892
2020-05-27 00:00:00,3.252310929488734
2020-05-28 00:00:00,3.233658808203769
2020-05-29 00:00:00,3.22519781144345
2020-06-01 00:00:00,3.2232808281502368
2020-06-02 00:00:00,3.225565115173701
2020-06-03 00:00:00,3.225565115173701
2020-06-04 00:00:00,3.241751955270757
2020-06-05 00:00:00,3.2225480619585105
2020-06-08 00:00:00,3.2410742607050054
2020-06-09 00:00:00,3.2684049174833762
2020-06-10 00:00:00,3.281201846789925
2020-06-11 00:00:00,3.304983740371433
2020-06-12 00:00:00,3.2587869103693947
2020-06-15 00:00:00,3.262901973288939
2020-06-16 00:00:00,3.265995097131324
2020-06-17 00:00:00,3.259814702708661
2020-06-18 00:00:00,3.260500257851187
2020-06-19 00:00:00,3.2574175283291096
2020-06-22 00:00:00,3.2725443221282102
2020-06-23 00:00:00,3.2853737499644824
2020-06-24 00:00:00,3.2739264546684392
2020-06-25 00:00:00,3.2690940908977106
2020-06-26 00:00:00,3.270818296641855
2020-06-29 00:00:00,3.262558654478618
2020-06-30 00:00:00,3.275309755166873
2020-07-01 00:00:00,3.279466679234774
2020-07-02 00:00:00,3.279466679234774
2020-07-06 00:00:00,3.2930498568569226
2020-07-07 00:00:00,3.2951495698368536
2020-07-08 00:00:00,3.304983740371433
2020-07-09 00:00:00,3.299708146447248
2020-07-10 00:00:00,3.3004105856481942
2020-07-13 00:00:00,3.2951495698368536
2020-07-14 00:00:00,3.3039272724736053
2020-07-15 00:00:00,3.2850256862130296
2020-07-16 00:00:00,3.2874636823754018
2020-07-17 00:00:00,3.302871479778951
2020-07-20 00:00:00,3.302519698814015
2020-07-21 00:00:00,3.3198455516236383
2020-07-22 00:00:00,3.3384321115595164
2020-07-23 00:00:00,3.3521467515853822
2020-07-24 00:00:00,3.362324599020254
2020-07-27 00:00:00,3.368900201234766
2020-07-28 00:00:00,3.3817600013267297
2020-07-29 00:00:00,3.392118745450693
2020-07-30 00:00:00,3.3999295451935065
2020-07-31 00:00:00,3.4025411447563685
2020-08-03 00:00:00,3.3725644389998677
2020-08-04 00:00:00,3.3873014476911503
2020-08-05 00:00:00,3.4250919531828994
2020-08-06 00:00:00,3.4070275191918236
2020-08-07 00:00:00,3.3924898744162784
2020-08-10 00:00:00,3.3873014476911503
2020-08-11 00:00:00,3.383974402724521
2020-08-12 00:00:00,3.404035289511998
2020-08-13 00:00:00,3.4085256075810477
2020-08-14 00:00:00,3.4107752119860066
2020-08-17 00:00:00,3.423201308474806
2020-08-18 00:00:00,3.43419619583174
2020-08-19 00:00:00,3.4021678134918574
2020-08-20 00:00:00,3.414155191826116
2020-08-21 00:00:00,3.395833693151329
2020-08-24 00:00:00,3.404035289511998
2020-08-25 00:00:00,3.4115257401435564
2020-08-26 00:00:00,3.4126521519001525
2020-08-27 00:00:00,3.4160358545956586
2020-08-28 00:00:00,3.4296380325367535
2020-08-31 00:00:00,3.4406743732983567
2020-09-01 00:00:00,3.4179185904061713
2020-09-02 00:00:00,3.404782854086394
2020-09-03 00:00:00,3.405904816801932
2020-09-04 00:00:00,3.389893675758695
2020-09-08 00:00:00,3.382866839642678
2020-09-09 00:00:00,3.395833693151329
2020-09-10 00:00:00,3.4160358545956586
2020-09-11 00:00:00,3.4104000717295184
2020-09-14 00:00:00,3.418295386634857
2020-09-15 00:00:00,3.413027787800197
2020-09-16 00:00:00,3.414907208388192
2020-09-17 00:00:00,3.408150961987776
2020-09-18 00:00:00,3.4089003355502183
2020-09-21 00:00:00,3.383974402724521
2020-09-22 00:00:00,3.370364940452694
2020-09-23 00:00:00,3.3583187969419246
2020-09-24 00:00:00,3.3470808994132972
2020-09-25 00:00:00,3.3373541547911727
2020-09-28 00:00:00,3.3532342870298244
2020-09-29 00:00:00,3.364878725139966
2020-09-30 00:00:00,3.3747668102051365
2020-10-01 00:00:00,3.378075765569756
2020-10-02 00:00:00,3.368900201234766
2020-10-05 00:00:00,3.387671523234436
2020-10-06 00:00:00,3.387671523234436
2020-10-07 00:00:00,3.382128866946421
2020-10-08 00:00:00,3.379180193130426
2020-10-09 00:00:00,3.4062789687097426
2020-10-13 00:00:00,3.389893675758695
2020-10-14 00:00:00,3.397321951590313
2020-10-15 00:00:00,3.391376731069101
2020-10-16 00:00:00,3.387671523234436
2020-10-19 00:00:00,3.4104000717295184
2020-10-20 00:00:00,3.418295386634857
2020-10-21 00:00:00,3.4292587317147523
2020-10-22 00:00:00,3.4171652470977283
2020-10-23 00:00:00,3.424335444744869
2020-10-26 00:00:00,3.417541877236282
2020-10-27 00:00:00,3.420180614622191
2020-10-28 00:00:00,3.4085256075810477
2020-10-29 00:00:00,3.381022511412582
2020-10-30 00:00:00,3.383235946771935
2020-11-02 00:00:00,3.370364940452694
2020-11-03 00:00:00,3.397694220048739
2020-11-04 00:00:00,3.404782854086394
2020-11-05 00:00:00,3.4213127498802587
2020-11-06 00:00:00,3.4506295851507662
2020-11-09 00:00:00,3.397321951590313
2020-11-10 00:00:00,3.393975202732573
2020-11-12 00:00:00,3.393975202732573
2020-11-13 00:00:00,3.395090052793692
2020-11-16 00:00:00,3.399556786773905
2020-11-17 00:00:00,3.404035289511998
2020-11-18 00:00:00,3.4089003355502183
2020-11-19 00:00:00,3.4003023853673415
2020-11-20 00:00:00,3.400675307322306
2020-11-23 00:00:00,3.395833693151329
2020-11-24 00:00:00,3.399556786773905
2020-11-25 00:00:00,3.4111504347816046
2020-11-30 00:00:00,3.422445634896775
2020-12-01 00:00:00,3.4433489674808206
2020-12-02 00:00:00,3.460256383457738
2020-12-03 00:00:00,3.4816255841191097
2020-12-04 00:00:00,3.4808438989857193
2020-12-07 00:00:00,3.4871072258394946
2020-12-08 00:00:00,3.489461788449785
2020-12-09 00:00:00,3.4835813338012347
2020-12-10 00:00:00,3.4926061559095283
2020-12-11 00:00:00,3.4831900081065816
2020-12-14 00:00:00,3.494968152858971
2020-12-15 00:00:00,3.5000967888209487
2020-12-16 00:00:00,3.4993067884171976
2020-12-17 00:00:00,3.5072228766163094
2020-12-18 00:00:00,3.503656209284157
2020-12-21 00:00:00,3.5000967888209487
2020-12-22 00:00:00,3.4882841098171657
2020-12-23 00:00:00,3.4910332641482538
2020-12-28 00:00:00,3.4847558386339395
2020-12-29 00:00:00,3.5084133799688604
2020-12-30 00:00:00,3.5107968129715568
2020-12-31 00:00:00,3.5072228766163094
2021-01-04 00:00:00,3.5191643913477226
2021-01-05 00:00:00,3.5299814950096526
2021-01-06 00:00:00,3.519563842470464
2021-01-07 00:00:00,3.5072228766163094
2021-01-08 00:00:00,3.5064296564700648
2021-01-11 00:00:00,3.4851475162599512
2021-01-12 00:00:00,3.4871072258394946
2021-01-13 00:00:00,3.4941804656485
2021-01-14 00:00:00,3.495756195283516
2021-01-15 00:00:00,3.486323077598919
2021-01-19 00:00:00,3.4886765810266414
2021-01-21 00:00:00,3.495756195283516
2021-01-22 00:00:00,3.502468931680198
2021-01-25 00:00:00,3.4910332641482538
2021-01-26 00:00:00,3.49181953290144
2021-01-27 00:00:00,3.4878917269026757
2021-01-28 00:00:00,3.489069140560907
2021-01-29 00:00:00,3.4820165583565172
2021-02-01 00:00:00,3.45871248769267
2021-02-02 00:00:00,3.450245627257682
2021-02-03 00:00:00,3.4479436730973854
2021-02-04 00:00:00,3.433435660742419
2021-02-05 00:00:00,3.4467938475060906
2021-02-08 00:00:00,3.4506295851507662
2021-02-09 00:00:00,3.4722684716869865
2021-02-10 00:00:00,3.487499432253378
2021-02-11 00:00:00,3.4812346976720314
2021-02-12 00:00:00,3.4796720291959136
2021-02-16 00:00:00,3.4749924299187254
2021-02-17 00:00:00,3.451013628510272
2021-02-18 00:00:00,3.457555469688313
2021-02-19 00:00:00,3.465283577577647
2021-02-22 00:00:00,3.4614152101099336
2021-02-23 00:00:00,3.4368607240262454
2021-02-24 00:00:00,3.4171652470977283
2021-02-25 00:00:00,3.43267546243383
2021-02-26 00:00:00,3.4094324021949665
2021-03-01 00:00:00,3.4094324021949665
2021-03-02 00:00:00,3.410355405097175
2021-03-03 00:00:00,3.424639223749945
2021-03-04 00:00:00,3.452673288462728
2021-03-05 00:00:00,3.469838867636785
2021-03-08 00:00:00,3.48753839176103
2021-03-09 00:00:00,3.4647626107889025
2021-03-10 00:00:00,3.4735634639917667
2021-03-11 00:00:00,3.446960458775944
2021-03-12 00:00:00,3.460200831726679
2021-03-15 00:00:00,3.460728123460524
2021-03-16 00:00:00,3.452559400836741
2021-03-17 00:00:00,3.457803543792597
2021-03-18 00:00:00,3.459417054162956
2021-03-19 00:00:00,3.466439474406248
2021-03-22 00:00:00,3.4415735004064434
2021-03-23 00:00:00,3.4753851791508446
2021-03-24 00:00:00,3.4851870590698613
2021-03-25 00:00:00,3.4984642515090827
2021-03-26 00:00:00,3.5000329770233676
2021-03-29 00:00:00,3.4938294800232317
2021-03-30 00:00:00,3.509839259200902
2021-03-31 00:00:00,3.506485086267095
2021-04-01 00:00:00,3.5031248714463943
2021-04-02 00:00:00,3.5064444098157908
2021-04-05 00:00:00,3.4850428810941083
2021-04-06 00:00:00,3.472709307463524
2021-04-07 00:00:00,3.4541400497147245
2021-04-08 00:00:00,3.444863571600905
2021-04-09 00:00:00,3.444667627209974
2021-04-12 00:00:00,3.4368060119708965
2021-04-13 00:00:00,3.4311131928474827
2021-04-14 00:00:00,3.436414123189035
2021-04-15 00:00:00,3.435852276504759
2021-04-16 00:00:00,3.4242738900463516
2021-04-19 00:00:00,3.408905353519197
2021-04-20 00:00:00,3.404988139147743
2021-04-21 00:00:00,3.4125974834335033
2021-04-22 00:00:00,3.4183244619412734
2021-04-23 00:00:00,3.40700604883664
2021-04-26 00:00:00,3.40420436158402
2021-04-27 00:00:00,3.3999056090762894
2021-04-28 00:00:00,3.395971254475708
2021-04-29 00:00:00,3.3863933343580617
2021-04-30 00:00:00,3.3967017489146722
2021-05-03 00:00:00,3.3923867877921694
2021-05-04 00:00:00,3.398649757373675
2021-05-05 00:00:00,3.398649757373675
2021-05-06 00:00:00,3.411353593318123
2021-05-07 00:00:00,3.4442970679122715
2021-05-10 00:00:00,3.4531128738951318
2021-05-11 00:00:00,3.4400967056343297
2021-05-12 00:00:00,3.4143565454249174
2021-05-13 00:00:00,3.4218871068396175
2021-05-14 00:00:00,3.4397153624677586
2021-05-17 00:00:00,3.441622924226004
2021-05-18 00:00:00,3.4531128738951318
2021-05-19 00:00:00,3.4465925008132463
2021-05-20 00:00:00,3.4534971936362444
2021-05-21 00:00:00,3.452728639681946
2021-05-24 00:00:00,3.4581157121165336
2021-05-25 00:00:00,3.4588866664610025
2021-05-26 00:00:00,3.4581157121165336
2021-05-27 00:00:00,3.4565748340004068
2021-05-28 00:00:00,3.4496578415588273
2021-06-01 00:00:00,3.4654536838085384
2021-06-02 00:00:00,3.455420076260763
2021-06-03 00:00:00,3.428314250891797
2021-06-04 00:00:00,3.4515764499245436
2021-06-07 00:00:00,3.4596579646361523
2021-06-08 00:00:00,3.4619739244473564
2021-06-09 00:00:00,3.463906260864216
2021-06-10 00:00:00,3.4666151586215674
2021-06-11 00:00:00,3.4504250288915435
2021-06-14 00:00:00,3.451192557537721
2021-06-15 00:00:00,3.4534971936362444
2021-06-16 00:00:00,3.4531128738951318
2021-06-17 00:00:00,3.382718007720664
2021-06-18 00:00:00,3.367300302205279
2021-06-21 00:00:00,3.378666407319431
2021-06-22 00:00:00,3.372790465741484
2021-06-23 00:00:00,3.3841937272136167
2021-06-24 00:00:00,3.3771955033545558
2021-06-25 00:00:00,3.381980630498273
2021-06-28 00:00:00,3.378666407319431
2021-06-29 00:00:00,3.3724238979264918
2021-06-30 00:00:00,3.3534715535309254
2021-07-01 00:00:00,3.3534715535309254
2021-07-02 00:00:00,3.3629951800968176
2021-07-06 00:00:00,3.3629951800968176
2021-07-07 00:00:00,3.3653463236925454
2021-07-08 00:00:00,3.328805989729826
2021-07-09 00:00:00,3.327870325811402
2021-07-12 00:00:00,3.328790511076555
2021-07-13 00:00:00,3.3323035064940862
2021-07-14 00:00:00,3.328403959906429
2021-07-15 00:00:00,3.34004234727552
2021-07-16 00:00:00,3.3420583374109682
2021-07-19 00:00:00,3.3370746690123823
2021-07-20 00:00:00,3.351212036975346
2021-07-21 00:00:00,3.336688117842256
2021-07-22 00:00:00,3.3423887867242565
2021-07-23 00:00:00,3.348068979412256
2021-07-26 00:00:00,3.3279704864960276
2021-07-27 00:00:00,3.3196002094505213
2021-07-28 00:00:00,3.319034316061981
2021-07-29 00:00:00,3.2917964386557426
2021-07-30 00:00:00,3.2912245174204653
2021-08-02 00:00:00,3.287240183518927
2021-08-03 00:00:00,3.2855281379811463
2021-08-04 00:00:00,3.2906446906652764
2021-08-05 00:00:00,3.293856220145283
2021-08-06 00:00:00,3.3196511483423032
2021-08-09 00:00:00,3.3196511483423032
2021-08-10 00:00:00,3.3060617357430884
2021-08-11 00:00:00,3.3060617357430884
2021-08-12 00:00:00,3.3112445302488105
2021-08-13 00:00:00,3.286556944539365
2021-08-16 00:00:00,3.272152069318181
2021-08-17 00:00:00,3.2796312946876913
2021-08-18 00:00:00,3.2921453575620614
2021-08-19 00:00:00,3.2897843991925866
2021-08-20 00:00:00,3.290680227941091
2021-08-23 00:00:00,3.2763187878679814
2021-08-24 00:00:00,3.2735723776839545
2021-08-25 00:00:00,3.2759387807719187
2021-08-26 00:00:00,3.2891964044577717
2021-08-27 00:00:00,3.270075955233792
2021-08-30 00:00:00,3.288092272410118
2021-08-31 00:00:00,3.283913929959951
2021-09-01 00:00:00,3.277905578476472
2021-09-02 00:00:00,3.2828077410772623
2021-09-03 00:00:00,3.2742437948307055
2021-09-07 00:00:00,3.2896753114376556
2021-09-08 00:00:00,3.3038861240136463
2021-09-09 00:00:00,3.2871243495201496
2021-09-10 00:00:00,3.289466850695107
2021-09-13 00:00:00,3.3011639627475664
2021-09-14 00:00:00,3.293779834472717
2021-09-15 00:00:00,3.294670944524754
2021-09-16 00:00:00,3.3141770910469286
2021-09-17 00:00:00,3.3341538460538067
2021-09-20 00:00:00,3.323026695202909
2021-09-21 00:00:00,3.3079014885600833
2021-09-22 00:00:00,3.303419299974323
2021-09-23 00:00:00,3.310376746536903
2021-09-24 00:00:00,3.3112561935464666
2021-09-27 00:00:00,3.31462601839942
2021-09-28 00:00:00,3.323655671264693
2021-09-29 00:00:00,3.342100534048342
2021-09-30 00:00:00,3.3433083516018436
2021-10-01 00:00:00,3.32838123610162
2021-10-04 00:00:00,3.310828753825743
2021-10-05 00:00:00,3.3188113406656763
2021-10-06 00:00:00,3.3214544803408326
2021-10-07 00:00:00,3.321618276238144
2021-10-08 00:00:00,3.3185957402886226
2021-10-12 00:00:00,3.3290026113451763
2021-10-13 00:00:00,3.313957757919478
2021-10-14 00:00:00,3.303789431612777
2021-10-15 00:00:00,3.306813340515113
2021-10-18 00:00:00,3.303409424516715
2021-10-19 00:00:00,3.301431204926763
2021-10-20 00:00:00,3.290471073837788
2021-10-21 00:00:00,3.281614246627244
2021-10-22 00:00:00,3.2781624805891374
2021-10-25 00:00:00,3.288459735127843
2021-10-26 00:00:00,3.292230369249249
2021-10-27 00:00:00,3.2834790958821696
2021-10-28 00:00:00,3.2834790958821696
2021-10-29 00:00:00,3.2684320558355737
2021-11-01 00:00:00,3.2899703230898445
2021-11-02 00:00:00,3.2755800756405726
2021-11-03 00:00:00,3.2841990781419836
2021-11-04 00:00:00,3.2820400779810495
2021-11-05 00:00:00,3.2798839145661924
2021-11-08 00:00:00,3.2802430783763725
2021-11-09 00:00:00,3.285279643752251
2021-11-10 00:00:00,3.2687887158154774
2021-11-12 00:00:00,3.2521094117612677
2021-11-15 00:00:00,3.2499923827420023
2021-11-16 00:00:00,3.2216799087688788
2021-11-17 00:00:00,3.225843182396407
2021-11-18 00:00:00,3.234900625457131
2021-11-19 00:00:00,3.2342020936874363
2021-11-22 00:00:00,3.2200020306511314
2021-11-23 00:00:00,3.2200020306511314
2021-11-24 00:00:00,3.2297998743769205
2021-11-26 00:00:00,3.1878991685844373
2021-11-29 00:00:00,3.19333873331438
2021-11-30 00:00:00,3.181531495502651
2021-12-01 00:00:00,3.173551972294253
2021-12-02 00:00:00,3.176914472339167
2021-12-03 00:00:00,3.1696265748090426
2021-12-06 00:00:00,3.1945176654405856
2021-12-07 00:00:00,3.197133994670543
2021-12-08 00:00:00,3.18042114997484
2021-12-09 00:00:00,3.1953637911367916
2021-12-10 00:00:00,3.1758041268113564
2021-12-13 00:00:00,3.1780977768551777
2021-12-14 00:00:00,3.186382621049288
2021-12-15 00:00:00,3.19392306291568
2021-12-16 00:00:00,3.1786037545641332
2021-12-17 00:00:00,3.1823036778171176
2021-12-20 00:00:00,3.172920966477331
2021-12-21 00:00:00,3.1875679351224444
2021-12-22 00:00:00,3.1729055684036913
2021-12-23 00:00:00,3.1673916451378337
2021-12-27 00:00:00,3.163287678746052
2021-12-28 00:00:00,3.159280597757903
2021-12-29 00:00:00,3.159280597757903
2021-12-30 00:00:00,3.1603168804818558
2022-01-03 00:00:00,3.145870503797024
2022-01-04 00:00:00,3.1575549692906986
2022-01-05 00:00:00,3.1551422539992418
2022-01-06 00:00:00,3.143133774346135
2022-01-07 00:00:00,3.1448436719494124
2022-01-10 00:00:00,3.124109186001627
2022-01-11 00:00:00,3.1291824389831175
2022-01-12 00:00:00,3.1644688185775185
2022-01-13 00:00:00,3.1755941758829986
2022-01-14 00:00:00,3.164815305911207
2022-01-18 00:00:00,3.152733223046145
2022-01-19 00:00:00,3.157210069785588
2022-01-20 00:00:00,3.1565204967660865
2022-01-21 00:00:00,3.169326555799019
2022-01-24 00:00:00,3.1603168804818558
2022-01-25 00:00:00,3.1438175102117745
2022-01-26 00:00:00,3.1373340050892273
2022-01-27 00:00:00,3.1019809174594397
2022-01-28 00:00:00,3.1086532790801304
2022-01-31 00:00:00,3.1069824990741752
2022-02-01 00:00:00,3.1312163567205125
2022-02-02 00:00:00,3.146555430969634
2022-02-03 00:00:00,3.1373340050892273
2022-02-04 00:00:00,3.125460444300071
2022-02-07 00:00:00,3.127151161839993
2022-02-08 00:00:00,3.1258650878335517
2022-02-09 00:00:00,3.1258650878335517
2022-02-10 00:00:00,3.1246694495952636
2022-02-11 00:00:00,3.132936266462357
2022-02-14 00:00:00,3.1361224416170366
2022-02-15 00:00:00,3.1335874818691227
2022-02-16 00:00:00,3.1202199029977624
2022-02-17 00:00:00,3.1142566862891163
2022-02-18 00:00:00,3.1168013781578896
2022-02-22 00:00:00,3.1145789202660517
2022-02-23 00:00:00,3.105858816163339
2022-02-24 00:00:00,3.135201092373666
2022-02-25 00:00:00,3.137708296461493
2022-02-28 00:00:00,3.1053198739068164
2022-03-01 00:00:00,3.1075362401750133
2022-03-02 00:00:00,3.11758399678953
2022-03-03 00:00:00,3.1133213883341644
2022-03-04 00:00:00,3.105970882198449
2022-03-07 00:00:00,3.1333419110491407
2022-03-08 00:00:00,3.1333419110491407
2022-03-09 00:00:00,3.1203091792840483
2022-03-10 00:00:00,3.130284668869285
2022-03-11 00:00:00,3.1408651802068452
2022-03-14 00:00:00,3.151372099146312
2022-03-15 00:00:00,3.170048284438646
2022-03-16 00:00:00,3.1695393635578086
2022-03-17 00:00:00,3.147833544675032
2022-03-18 00:00:00,3.1436467119736617
2022-03-21 00:00:00,3.1320580267939433
2022-03-22 00:00:00,3.139269489857784
2022-03-23 00:00:00,3.1367413450258788
2022-03-24 00:00:00,3.1332007590640543
2022-03-25 00:00:00,3.1330206819427295
2022-03-28 00:00:00,3.1449047740158416
2022-03-29 00:00:00,3.1309775640659954
2022-03-30 00:00:00,3.1070446052068963
2022-03-31 00:00:00,3.099324773919368
2022-04-01 00:00:00,3.1145285989339806
2022-04-04 00:00:00,3.114348521812656
2022-04-05 00:00:00,3.1263682830532873
2022-04-06 00:00:00,3.137288641523213
2022-04-07 00:00:00,3.139453109507674
2022-04-08 00:00:00,3.1396076803040525
2022-04-11 00:00:00,3.131039833608158
2022-04-12 00:00:00,3.1288399830160243
2022-04-13 00:00:00,3.139736529683089
2022-04-14 00:00:00,3.1696992640555828
2022-04-15 00:00:00,3.171158526599069
2022-04-18 00:00:00,3.1742519195933068
2022-04-19 00:00:00,3.187420882369203
2022-04-20 00:00:00,3.1830206987805463
2022-04-21 00:00:00,3.2035053826876108
2022-04-22 00:00:00,3.220546590896684
2022-04-25 00:00:00,3.219732148686951
2022-04-26 00:00:00,3.2274626570268286
2022-04-27 00:00:00,3.253873407094275
2022-04-28 00:00:00,3.2626591363818824
2022-04-29 00:00:00,3.2621707838484184
2022-05-02 00:00:00,3.2764114329357996
2022-05-03 00:00:00,3.2808045536398676
2022-05-04 00:00:00,3.2939586663729163
2022-05-05 00:00:00,3.307292908647865
2022-05-06 00:00:00,3.302321875674473
2022-05-09 00:00:00,3.3226924871281733
2022-05-10 00:00:00,3.329004871029655
2022-05-11 00:00:00,3.316405073489881
2022-05-12 00:00:00,3.3447509394412935
2022-05-13 00:00:00,3.3474802584233787
2022-05-16 00:00:00,3.3513635875710923
2022-05-17 00:00:00,3.322794611427365
2022-05-18 00:00:00,3.3140191318334553
2022-05-19 00:00:00,3.261498406035559
2022-05-20 00:00:00,3.2674642339419377
2022-05-23 00:00:00,3.2409883768576866
2022-05-24 00:00:00,3.2197527536484
2022-05-25 00:00:00,3.232178370526358
2022-05-26 00:00:00,3.21875955577328
2022-05-27 00:00:00,3.2122344971994035
2022-05-31 00:00:00,3.210464030918276
2022-06-01 00:00:00,3.2336533075750116
2022-06-02 00:00:00,3.217089186861456
2022-06-03 00:00:00,3.22732720093157
2022-06-06 00:00:00,3.2474600721669935
2022-06-07 00:00:00,3.2599532079264417
2022-06-08 00:00:00,3.265609941870731
2022-06-09 00:00:00,3.273990135590638
2022-06-10 00:00:00,3.3063740204784198
2022-06-13 00:00:00,3.329860366270931
2022-06-14 00:00:00,3.3442798209566016
2022-06-15 00:00:00,3.345551684100604
2022-06-16 00:00:00,3.2376149503775236
2022-06-17 00:00:00,3.2541971767850413
2022-06-21 00:00:00,3.2363180621609278
2022-06-22 00:00:00,3.2220168299846237
2022-06-23 00:00:00,3.2189966454756016
2022-06-24 00:00:00,3.2070844425811176
2022-06-27 00:00:00,3.2011639777172176
2022-06-28 00:00:00,3.2048132268400074
2022-06-29 00:00:00,3.197605360099619
2022-06-30 00:00:00,3.2003042014416163
2022-07-01 00:00:00,3.2232763701811877
2022-07-05 00:00:00,3.244038606861825
2022-07-06 00:00:00,3.2512899785145284
2022-07-07 00:00:00,3.2572747821051697
2022-07-08 00:00:00,3.2696538441177454
2022-07-11 00:00:00,3.275258200836598
2022-07-12 00:00:00,3.2805374492145494
2022-07-13 00:00:00,3.2718564082161605
2022-07-14 00:00:00,3.2853149645493325
2022-07-15 00:00:00,3.2690584629528847
2022-07-18 00:00:00,3.265214209160246
2022-07-19 00:00:00,3.2400633905139085
2022-07-20 00:00:00,3.251649801077395
2022-07-21 00:00:00,3.2428086250429726
2022-07-22 00:00:00,3.2176045350419997
2022-07-25 00:00:00,3.2293625922591014
2022-07-26 00:00:00,3.2238534124758234
2022-07-27 00:00:00,3.228689481143271
2022-07-28 00:00:00,3.20262432498648
2022-07-29 00:00:00,3.1848322692658146
2022-08-01 00:00:00,3.1759315740020795
2022-08-02 00:00:00,3.193163812672107
2022-08-03 00:00:00,3.193163812672107
2022-08-04 00:00:00,3.2148633053876003
2022-08-05 00:00:00,3.1915067479016495
2022-08-08 00:00:00,3.221599530228642
2022-08-09 00:00:00,3.2283640436779417
2022-08-10 00:00:00,3.2678180144561524
2022-08-11 00:00:00,3.274429508681971
2022-08-12 00:00:00,3.2608873293777725
2022-08-15 00:00:00,3.2543303541149746
2022-08-16 00:00:00,3.2348166964056797
2022-08-17 00:00:00,3.2243019310089545
2022-08-18 00:00:00,3.2212620486101393
2022-08-19 00:00:00,3.2064825355612503
2022-08-22 00:00:00,3.185885569419021
2022-08-23 00:00:00,3.1925007803189778
2022-08-24 00:00:00,3.18192958568216
2022-08-25 00:00:00,3.187206417499212
2022-08-26 00:00:00,3.1915067479016495
2022-08-29 00:00:00,3.1740470185830296
2022-08-30 00:00:00,3.1551577586735475
2022-08-31 00:00:00,3.1545104140369715
2022-09-01 00:00:00,3.1256523191738554
2022-09-02 00:00:00,3.136494098201611
2022-09-06 00:00:00,3.136494098201611
2022-09-07 00:00:00,3.126400369585251
2022-09-08 00:00:00,3.099692718683964
2022-09-09 00:00:00,3.059206539404846
2022-09-12 00:00:00,3.0303336164544596
2022-09-13 00:00:00,3.0592428102002827
2022-09-14 00:00:00,3.0592428102002827
2022-09-15 00:00:00,3.0565570241498685
2022-09-16 00:00:00,3.0565570241498685
2022-09-19 00:00:00,3.0605254414214724
2022-09-20 00:00:00,3.0605254414214724
2022-09-21 00:00:00,3.0670414837927202
2022-09-22 00:00:00,3.0670414837927202
2022-09-23 00:00:00,3.069989749929728
2022-09-26 00:00:00,3.1031571984838724
2022-09-27 00:00:00,3.094406148931128
2022-09-28 00:00:00,3.050617671993067
2022-09-29 00:00:00,3.0636559316343224
2022-09-30 00:00:00,3.078133666711024
2022-10-03 00:00:00,3.1038019868087616
2022-10-04 00:00:00,3.0656313497771834
2022-10-05 00:00:00,3.0754312293437382
2022-10-06 00:00:00,3.094093328647552
2022-10-07 00:00:00,3.0985139354654376
2022-10-11 00:00:00,3.106272717259176
2022-10-12 00:00:00,3.1182234847729777
2022-10-13 00:00:00,3.1201594615481465
2022-10-14 00:00:00,3.1385631786586408
2022-10-17 00:00:00,3.1095196281114434
2022-10-18 00:00:00,3.1120733039054747
2022-10-19 00:00:00,3.135053129485943
2022-10-20 00:00:00,3.124095011957601
2022-10-21 00:00:00,3.1172915479787777
2022-10-24 00:00:00,3.124944292738654
2022-10-25 00:00:00,3.110888886807857
2022-10-26 00:00:00,3.08133052615074
2022-10-27 00:00:00,3.0916255941203623
2022-10-28 00:00:00,3.112480392880847
2022-10-31 00:00:00,3.1237625954897315
2022-11-01 00:00:00,3.1202783635750087
2022-11-02 00:00:00,3.117993234406971
2022-11-03 00:00:00,3.1603196879955426
2022-11-04 00:00:00,3.115528880459357
2022-11-07 00:00:00,3.0925386669738613
2022-11-08 00:00:00,3.072619551003946
2022-11-09 00:00:00,3.070579219867791
2022-11-10 00:00:00,3.0185563175736463
2022-11-14 00:00:00,2.937565822837275
2022-11-15 00:00:00,2.9431324523944515
2022-11-16 00:00:00,2.9432933592700494
2022-11-17 00:00:00,2.974826257628892
2022-11-18 00:00:00,2.9686905228743368
2022-11-21 00:00:00,2.9896017957268866
2022-11-22 00:00:00,2.970400424650891
2022-11-23 00:00:00,2.970400424650891
2022-11-25 00:00:00,2.9619216413264833
2022-11-28 00:00:00,2.9606696402099972
2022-11-29 00:00:00,2.9472771728705243
2022-11-30 00:00:00,2.95349112432081
2022-12-01 00:00:00,2.9878230569806123
2022-12-02 00:00:00,2.9903742987839905
2022-12-05 00:00:00,2.9738686769246576
2022-12-06 00:00:00,2.9786111849146506
2022-12-07 00:00:00,2.9801953840343796
2022-12-08 00:00:00,2.9938893786393677
2022-12-09 00:00:00,3.0060962237454083
2022-12-12 00:00:00,2.9945293720935444
2022-12-13 00:00:00,3.0229625383369876
2022-12-14 00:00:00,3.03277947665157
2022-12-15 00:00:00,3.0164531444129206
2022-12-16 00:00:00,3.0048066071758046
2022-12-19 00:00:00,3.0115894663342146
2022-12-20 00:00:00,3.0259009401995036
2022-12-21 00:00:00,3.0200298378039454
2022-12-22 00:00:00,3.009325113352009
2022-12-23 00:00:00,3.0012658602364444
2022-12-27 00:00:00,3.017427765784298
2022-12-28 00:00:00,3.020681057175979
2022-12-29 00:00:00,3.0344218352980836
2022-12-30 00:00:00,3.03179491454466
2023-01-03 00:00:00,2.9906935103871906
2023-01-04 00:00:00,3.0219843388315395
2023-01-05 00:00:00,2.991971038584708
2023-01-06 00:00:00,3.0148301738197794
2023-01-09 00:00:00,3.051940828464837
2023-01-10 00:00:00,3.0370533122284233
2023-01-11 00:00:00,3.0128849129268955
2023-01-12 00:00:00,3.0164531444129206
2023-01-13 00:00:00,3.0177527795462304
2023-01-17 00:00:00,3.0403490835927514
2023-01-18 00:00:00,3.0652972434690593
2023-01-19 00:00:00,3.0579367829411925
2023-01-20 00:00:00,3.0383707629657524
2023-01-23 00:00:00,3.0350792769263575
2023-01-24 00:00:00,3.0354081045836625
2023-01-25 00:00:00,3.045637222014045
2023-01-26 00:00:00,3.041999653127818
2023-01-27 00:00:00,3.039359601356824
2023-01-30 00:00:00,3.0350792769263575
2023-01-31 00:00:00,3.049947398792424
2023-02-01 00:00:00,3.0629514382100362
2023-02-02 00:00:00,3.0720193865468417
2023-02-03 00:00:00,3.028845060033211
2023-02-06 00:00:00,3.0197043334023714
2023-02-07 00:00:00,3.032451218238684
2023-02-08 00:00:00,3.0459683415206795
2023-02-09 00:00:00,3.0479565715086165
2023-02-10 00:00:00,3.0301553975024014
2023-02-13 00:00:00,3.0429908553608347
2023-02-14 00:00:00,3.037382567791327
2023-02-15 00:00:00,3.03277947665157
2023-02-16 00:00:00,3.0304831590380967
2023-02-17 00:00:00,3.0236150232362617
2023-02-21 00:00:00,3.0232887455818713
2023-02-22 00:00:00,3.0135330542440792
2023-02-23 00:00:00,2.9986960082743446
2023-02-24 00:00:00,2.980512426096511
2023-02-27 00:00:00,2.988460459232768
2023-02-28 00:00:00,2.9881417241155295
2023-03-01 00:00:00,2.9846401198793227
2023-03-02 00:00:00,2.9741843742364336
2023-03-03 00:00:00,2.986549067829357
2023-03-06 00:00:00,3.009971723818995
2023-03-07 00:00:00,2.9763961335713587
2023-03-08 00:00:00,2.9820986487820336
2023-03-09 00:00:00,2.992290591189491
2023-03-10 00:00:00,3.040117976291491
2023-03-13 00:00:00,3.040117976291491
2023-03-14 00:00:00,3.0453530165441256
2023-03-15 00:00:00,3.0453530165441256
2023-03-16 00:00:00,3.0626039719108586
2023-03-17 00:00:00,3.0626039719108586
2023-03-20 00:00:00,3.0558909349563512
2023-03-21 00:00:00,3.0558909349563512
2023-03-22 00:00:00,3.054467710220065
2023-03-23 00:00:00,3.054467710220065
2023-03-24 00:00:00,3.0424907101582064
2023-03-27 00:00:00,3.0484674462471344
2023-03-28 00:00:00,3.036867494016362
2023-03-29 00:00:00,3.037858315384719
2023-03-30 00:00:00,3.0561386444160275
2023-03-31 00:00:00,3.0598211425087625
2023-04-03 00:00:00,3.0594860032817626
2023-04-04 00:00:00,3.079385647664259
2023-04-05 00:00:00,3.08653118342127
2023-04-06 00:00:00,3.0899454878277095
2023-04-07 00:00:00,3.0868722742803065
2023-04-10 00:00:00,3.0655297640432932
2023-04-11 00:00:00,3.0899454878277095
2023-04-12 00:00:00,3.1147532571323024
2023-04-13 00:00:00,3.1477470374084393
2023-04-14 00:00:00,3.119274953652986
2023-04-17 00:00:00,3.105749078270235
2023-04-18 00:00:00,3.1105910033365802
2023-04-19 00:00:00,3.1092060563181763
2023-04-20 00:00:00,3.1231112712390985
2023-04-21 00:00:00,3.1294092773876874
2023-04-24 00:00:00,3.1431424788975457
2023-04-25 00:00:00,3.129759911480391
2023-04-26 00:00:00,3.138198765303055
2023-04-27 00:00:00,3.1185784537191568
2023-04-28 00:00:00,3.1346770519540446
2023-05-01 00:00:00,3.117186386559814
2023-05-02 00:00:00,3.127657284734351
2023-05-03 00:00:00,3.1488115443537925
2023-05-04 00:00:00,3.152365106642872
2023-05-05 00:00:00,3.133973657574609
2023-05-08 00:00:00,3.140668676631717
2023-05-09 00:00:00,3.1329191576898263
2023-05-10 00:00:00,3.1346770519540446
2023-05-11 00:00:00,3.1199717647673957
2023-05-12 00:00:00,3.113711649756158
2023-05-15 00:00:00,3.121366321372499
2023-05-16 00:00:00,3.1157955616243713
2023-05-17 00:00:00,3.106439858759174
2023-05-18 00:00:00,3.087895999332577
2023-05-19 00:00:00,3.107476605847423
2023-05-22 00:00:00,3.10678536424897
2023-05-23 00:00:00,3.0988581329002103
2023-05-24 00:00:00,3.0838051678033223
2023-05-25 00:00:00,3.08312441611065
2023-05-26 00:00:00,3.08312441611065
2023-05-30 00:00:00,3.0872134405352005
2023-05-31 00:00:00,3.0598211425087625
2023-06-01 00:00:00,3.076433798495185
2023-06-02 00:00:00,3.076433798495185
2023-06-05 00:00:00,3.0704831594782895
2023-06-06 00:00:00,3.0754962188935178
2023-06-07 00:00:00,3.0754962188935178
2023-06-08 00:00:00,3.0459411840174617
2023-06-09 00:00:00,3.0527536053988813
2023-06-12 00:00:00,3.0527536053988813
2023-06-13 00:00:00,3.036150717022862
2023-06-14 00:00:00,3.036150717022862
2023-06-15 00:00:00,3.019760487112225
2023-06-16 00:00:00,3.019760487112225
2023-06-20 00:00:00,3.0354705151678307
2023-06-21 00:00:00,3.0354705151678307
2023-06-22 00:00:00,3.040140189027061
2023-06-23 00:00:00,3.040140189027061
2023-06-26 00:00:00,3.0513546565251497
2023-06-27 00:00:00,3.053061039847219
2023-06-28 00:00:00,3.041495126158661
2023-06-29 00:00:00,3.03844821430031
2023-06-30 00:00:00,3.051013608726275
2023-07-03 00:00:00,3.047947605769762
2023-07-05 00:00:00,3.039801643348996
2023-07-06 00:00:00,3.04488775875895
2023-07-07 00:00:00,3.071612327812983
2023-07-10 00:00:00,3.07784629127004
2023-07-11 00:00:00,3.1002179167829627
2023-07-12 00:00:00,3.146313826334023
2023-07-13 00:00:00,3.175964951398951
2023-07-14 00:00:00,3.168224089748605
2023-07-17 00:00:00,3.1733804646912334
2023-07-18 00:00:00,3.1807758980743395
2023-07-19 00:00:00,3.1748567989385883
2023-07-20 00:00:00,3.1481281002507187
2023-07-21 00:00:00,3.1528550193201643
2023-07-24 00:00:00,3.1506716017167573
2023-07-25 00:00:00,3.157961448088152
2023-07-26 00:00:00,3.16491811678539
2023-07-27 00:00:00,3.142691544701126
2023-07-28 00:00:00,3.142329775212845
2023-07-31 00:00:00,3.1419680890048327
2023-08-01 00:00:00,3.1150768865997933
2023-08-02 00:00:00,3.109399562282035
2023-08-03 00:00:00,3.122559912751543
2023-08-04 00:00:00,3.1329529160190503
2023-08-07 00:00:00,3.122559912751543
2023-08-08 00:00:00,3.1172112318458356
2023-08-09 00:00:00,3.112590508241047
2023-08-10 00:00:00,3.1247045280762342
2023-08-11 00:00:00,3.1143660875383903
2023-08-14 00:00:00,3.110816952395896
2023-08-15 00:00:00,3.11294546211358
2023-08-16 00:00:00,3.1069222350641907
2023-08-17 00:00:00,3.104801951464284
2023-08-18 00:00:00,3.095998498046273
2023-08-21 00:00:00,3.102331941956357
2023-08-22 00:00:00,3.10197940423568
2023-08-23 00:00:00,3.106363855185635
2023-08-24 00:00:00,3.106363855185635
2023-08-25 00:00:00,3.1184565175714782
2023-08-28 00:00:00,3.1084688203230115
2023-08-29 00:00:00,3.096295219505896
2023-08-30 00:00:00,3.0868812482872294
2023-08-31 00:00:00,3.109689436928681
2023-09-01 00:00:00,3.1165158682474194
2023-09-05 00:00:00,3.1271327242564233
2023-09-06 00:00:00,3.13939664838049
2023-09-07 00:00:00,3.1402504627713417
2023-09-08 00:00:00,3.1400719361129976
2023-09-11 00:00:00,3.134034285029236
2023-09-12 00:00:00,3.1348913455913903
2023-09-13 00:00:00,3.138848205884145
2023-09-14 00:00:00,3.1469071814931255
2023-09-15 00:00:00,3.150489428574991
2023-09-18 00:00:00,3.151676167593542
2023-09-19 00:00:00,3.1566065535918035
2023-09-20 00:00:00,3.1475616981840706
2023-09-21 00:00:00,3.1745010949827135
2023-09-22 00:00:00,3.1847020776883674
2023-09-25 00:00:00,3.203094766553368
2023-09-26 00:00:00,3.2108056989081275
2023-09-27 00:00:00,3.2282279222985872
2023-09-28 00:00:00,3.2124145435750333
2023-09-29 00:00:00,3.2092862021543036
2023-10-02 00:00:00,3.22054667309421
2023-10-03 00:00:00,3.236559016499599
2023-10-04 00:00:00,3.214971210442745
2023-10-05 00:00:00,3.2085720955209274
2023-10-06 00:00:00,3.188911106611566
2023-10-10 00:00:00,3.174373268682904
2023-10-11 00:00:00,3.1694900903221868
2023-10-12 00:00:00,3.1823812311298956
2023-10-13 00:00:00,3.166775233349603
2023-10-16 00:00:00,3.1628841821795435
2023-10-17 00:00:00,3.158645272959576
2023-10-18 00:00:00,3.155074809208621
2023-10-19 00:00:00,3.145016830224539
2023-10-20 00:00:00,3.131795556206818
2023-10-23 00:00:00,3.131961683614455
2023-10-24 00:00:00,3.13728713002458
2023-10-25 00:00:00,3.142592899623377
2023-10-26 00:00:00,3.1573955863511682
2023-10-27 00:00:00,3.1660009021072457
2023-10-30 00:00:00,3.164474312174954
2023-10-31 00:00:00,3.1920252618881904
2023-11-01 00:00:00,3.19283953657738
2023-11-02 00:00:00,3.178701966582122
2023-11-03 00:00:00,3.1525928802908165
2023-11-06 00:00:00,3.1473111308253237
2023-11-07 00:00:00,3.1593517767242956
2023-11-08 00:00:00,3.1506981078775573
2023-11-09 00:00:00,3.1559490987225653
2023-11-13 00:00:00,3.1618557396454965
2023-11-14 00:00:00,3.1244515827908477
2023-11-15 00:00:00,3.112822527917303
2023-11-16 00:00:00,3.1161228435124904
2023-11-17 00:00:00,3.1117687648622643
2023-11-20 00:00:00,3.101452524418101
2023-11-21 00:00:00,3.097762796182234
2023-11-22 00:00:00,3.1052984424509362
2023-11-24 00:00:00,3.0928292750620816
2023-11-27 00:00:00,3.0901809029290535
2023-11-28 00:00:00,3.07202808640636
2023-11-29 00:00:00,3.07202808640636
2023-11-30 00:00:00,3.0815346489660125
2023-12-01 00:00:00,3.0882597992451712
2023-12-04 00:00:00,3.0797697379414037
2023-12-05 00:00:00,3.0692225813046186
2023-12-06 00:00:00,3.0758940409825493
2023-12-07 00:00:00,3.069923477075641
2023-12-08 00:00:00,3.05180361092264
2023-12-11 00:00:00,3.057008506222679
2023-12-12 00:00:00,3.070274045018666
2023-12-13 00:00:00,3.068872253421808
2023-12-14 00:00:00,3.1122108823044865
2023-12-15 00:00:00,3.0946581275585245
2023-12-18 00:00:00,3.0967967993813015
2023-12-19 00:00:00,3.1230560822660536
2023-12-20 00:00:00,3.1208809996782887
2023-12-21 00:00:00,3.1347079179466544
2023-12-22 00:00:00,3.139466348929058
2023-12-26 00:00:00,3.1438715870239076
2023-12-27 00:00:00,3.1942960451738696
2023-12-28 00:00:00,3.202285589831879
2023-12-29 00:00:00,3.198856610616116
